#include <graveblood/assets.h>

const u16 gb_dialogue_portrait_obj_banks[GB_DIALOGUE_PORTRAIT_BANK_COUNT * GB_DIALOGUE_PORTRAIT_BANK_HALFWORDS] = {
    0x00E0, 0x0000, 0x0000, 0x0000, 0x0000, 0x0000, 0x0000, 0x0000, 0x0000, 0x0000, 0x0000, 0x0000,
    0x0000, 0x0000, 0x0000, 0x0000, 0x0000, 0x0000, 0x0000, 0x0000, 0x0000, 0x0000, 0x0000, 0x0000,
    0x0000, 0x0000, 0x0000, 0x0000, 0x0000, 0x0000, 0x0000, 0x0000, 0x0000, 0x0000, 0x0000, 0x0000,
    0x0000, 0x0000, 0x0000, 0x0000, 0x0000, 0x0000, 0x0000, 0x0000, 0x0000, 0x0000, 0x0000, 0x0000,
    0x0000, 0x0000, 0x0000, 0x0000, 0x0000, 0x0000, 0x0000, 0x0000, 0x0000, 0x0000, 0x0000, 0xE1E1,
    0x0000, 0x0000, 0xE100, 0xE7E8, 0x0000, 0x0000, 0x0000, 0x0000, 0x0000, 0x0000, 0x0000, 0xE100,
    0x0000, 0x0000, 0xE100, 0xE8E1, 0x0000, 0xE100, 0xE8E1, 0xE7E7, 0xE100, 0xE8E1, 0xE7E7, 0xE7E7,
    0xE8E1, 0xE7E7, 0xE7E7, 0xE7E7, 0xE7E8, 0xE7E7, 0xE7E7, 0xE7E7, 0xE7E7, 0xE7E7, 0xE7E7, 0xE7E7,
    0xE100, 0xE1E1, 0xE1E1, 0xE1E1, 0xE8E1, 0xE7E7, 0xE7E7, 0xE7E7, 0xE7E7, 0xE7E7, 0xE7E7, 0xE7E7,
    0xE7E7, 0xE7E7, 0xE7E7, 0xE7E7, 0xE7E7, 0xE7E7, 0xE7E7, 0xE7E7, 0xE7E7, 0xE7E7, 0xE7E7, 0xE7E7,
    0xE7E7, 0xE7E7, 0xE7E7, 0xE7E7, 0xE7E7, 0xE7E7, 0xE7E7, 0xE7E7, 0x00E1, 0x0000, 0x0000, 0x0000,
    0xE1E8, 0xE1E1, 0xE1E1, 0x00E1, 0xE7E7, 0xE7E7, 0xE7E7, 0xE1E8, 0xE7E7, 0xE7E7, 0xE7E7, 0xE7E7,
    0xE7E7, 0xE7E7, 0xE7E7, 0xE7E7, 0xE7E7, 0xE7E7, 0xE7E7, 0xE7E7, 0xE7E7, 0xE7E7, 0xE7E7, 0xE7E7,
    0xE7E7, 0xE7E7, 0xE7E7, 0xE7E7, 0x0000, 0x0000, 0x0000, 0x0000, 0x0000, 0x0000, 0x0000, 0x0000,
    0x00E1, 0x0000, 0x0000, 0x0000, 0xE1E8, 0x00E1, 0x0000, 0x0000, 0xE7E7, 0xE1E8, 0x0000, 0x0000,
    0xE7E7, 0xE8E7, 0x00E1, 0x0000, 0xE7E7, 0xE7E7, 0xE1E8, 0x0000, 0xE7E7, 0xE7E7, 0xE1E7, 0x0000,
    0x0000, 0x0000, 0x0000, 0x0000, 0x0000, 0x0000, 0x0000, 0x0000, 0x0000, 0x0000, 0x0000, 0x0000,
    0x0000, 0x0000, 0x0000, 0x0000, 0x0000, 0x0000, 0x0000, 0x0000, 0x0000, 0x0000, 0x0000, 0x0000,
    0x0000, 0x0000, 0x0000, 0x0000, 0x0000, 0x0000, 0x0000, 0x0000, 0x0000, 0x0000, 0x0000, 0x0000,
    0x0000, 0x0000, 0x0000, 0x0000, 0x0000, 0x0000, 0x0000, 0x0000, 0x0000, 0x0000, 0x0000, 0x0000,
    0x0000, 0x0000, 0x0000, 0x0000, 0x0000, 0x0000, 0x0000, 0x0000, 0x0000, 0x0000, 0x0000, 0x0000,
    0x0000, 0x0000, 0x0000, 0x0000, 0x0000, 0x0000, 0x0000, 0x0000, 0x0000, 0x0000, 0x0000, 0x0000,
    0x0000, 0x0000, 0x0000, 0x0000, 0x0000, 0x0000, 0x0000, 0xE2E3, 0x0000, 0xE300, 0xE3E2, 0xE4E4,
    0xE300, 0xE4E3, 0xE4E4, 0xE4E4, 0xE4E3, 0xE4E4, 0xE4E4, 0xE4E4, 0xE4E2, 0xE4E4, 0xE4E4, 0xE4E4,
    0x0000, 0xE200, 0xE4E3, 0xE4E4, 0xE200, 0xE3E2, 0xE2E4, 0xE6E6, 0xE3E2, 0xE2E4, 0xE4E3, 0xE6E6,
    0xE4E3, 0xE4E4, 0xE4E4, 0xE2E2, 0xE4E4, 0xE4E4, 0xE2E4, 0xE4E4, 0xE4E4, 0xE4E4, 0xE4E4, 0xE4E4,
    0xE4E4, 0xE4E4, 0xE4E4, 0xE2E2, 0xE4E4, 0xE4E4, 0xE4E4, 0xE4E4, 0xE4E4, 0xE4E4, 0xE2E3, 0xE5E5,
    0xE2E2, 0xE4E2, 0xE3E4, 0xE5E2, 0xE4E4, 0xE2E3, 0xE4E3, 0xE2E3, 0xE2E2, 0xE4E4, 0xE2E3, 0xE3E3,
    0xE4E4, 0xE2E2, 0xE3E4, 0xE2E2, 0xE4E4, 0xE4E4, 0xE3E2, 0xE5E2, 0xE3E2, 0xE4E3, 0xE2E3, 0xE5E2,
    0xE2E4, 0xE2E2, 0xE5E2, 0xE5E5, 0xE4E2, 0xE4E4, 0xE4E4, 0xE3E4, 0xE2E5, 0xE4E4, 0xE4E4, 0xE4E4,
    0xE1E5, 0xE4E2, 0xE4E4, 0xE4E4, 0xE5E2, 0xE2E1, 0xE4E3, 0xE4E4, 0xE5E5, 0xE1E1, 0xE2E2, 0xE4E3,
    0xE5E5, 0xE1E1, 0xE1E1, 0xE2E2, 0xE5E5, 0xE1E1, 0xE1E1, 0xE1E1, 0xE5E1, 0xE1E1, 0xE1E1, 0xE1E1,
    0xE6E6, 0xE6E6, 0xE4E3, 0xE4E4, 0xE4E4, 0xE4E4, 0xE4E4, 0xE4E4, 0xE4E4, 0xE4E4, 0xE4E4, 0xE4E4,
    0xE4E4, 0xE4E4, 0xE4E4, 0xE3E4, 0xE4E4, 0xE4E4, 0xE3E4, 0xE2E2, 0xE4E3, 0xE3E4, 0xE2E2, 0xE3E3,
    0xE2E2, 0xE2E2, 0xE3E3, 0xE3E3, 0xE7E7, 0xE6E6, 0xE3E2, 0xE2E3, 0xE4E4, 0xE4E4, 0xE5E2, 0xE5E5,
    0xE4E4, 0xE2E4, 0xE5E5, 0xE5E8, 0xE3E4, 0xE2E2, 0xE5E5, 0xE5E5, 0xE2E2, 0xE2E3, 0xE5E5, 0xE1E5,
    0xE3E3, 0xE2E3, 0xE1E5, 0xE5E1, 0xE3E3, 0xE2E3, 0xE7E1, 0xE5E1, 0xE2E3, 0xE6E6, 0xE7E7, 0xE1E7,
    0xE6E6, 0xE6E6, 0xE7E7, 0xE7E7, 0xE5E5, 0xE5E5, 0xE5E5, 0xE1E5, 0xE5E8, 0xE5E8, 0xE5E8, 0xE1E1,
    0xE5E5, 0xE5E5, 0xE1E5, 0xE1E7, 0xE5E5, 0xE5E5, 0xE7E1, 0xE1E7, 0xE5E5, 0xE1E1, 0xE7E7, 0xE700,
    0xE1E1, 0xE7E7, 0x00E7, 0xE700, 0xE7E7, 0xE7E7, 0x0000, 0x0000, 0x00E7, 0x0000, 0x0000, 0x0000,
    0xE5E5, 0xE7E1, 0x00E7, 0x0000, 0xE5E8, 0xE7E1, 0x00E7, 0x0000, 0xE1E5, 0xE7E7, 0x0000, 0x0000,
    0xE1E5, 0x00E7, 0x0000, 0x0000, 0xE7E1, 0x00E7, 0x0000, 0x0000, 0xE7E7, 0x0000, 0x0000, 0x0000,
    0x00E7, 0x0000, 0x0000, 0x0000, 0x0000, 0x0000, 0x0000, 0x0000, 0x0000, 0x0000, 0x0000, 0x0000,
    0x0000, 0x0000, 0x0000, 0x0000, 0x0000, 0x0000, 0x0000, 0x0000, 0x0000, 0x0000, 0x0000, 0x0000,
    0x0000, 0x0000, 0x0000, 0x0000, 0x0000, 0x0000, 0x0000, 0xE100, 0x0000, 0x0000, 0x0000, 0xE8E1,
    0x0000, 0x0000, 0xE100, 0xE7E8, 0x0000, 0x0000, 0xE8E1, 0xE7E7, 0x0000, 0xE100, 0xE7E8, 0xE7E7,
    0x0000, 0xE8E1, 0xE7E7, 0xE9E7, 0xE100, 0xE7E8, 0xE7E7, 0xE9E9, 0xE8E1, 0xE7E7, 0xE7E9, 0xE9E9,
    0xE7E8, 0xE9E7, 0xE9E9, 0xE9E9, 0xE7E7, 0xE9E7, 0xE7E9, 0xE7E7, 0xE7E7, 0xE9E7, 0xE7E7, 0xE7E7,
    0xE7E7, 0xE7E7, 0xE7E7, 0xE7E7, 0xE9E7, 0xE7E7, 0xE7E7, 0xE7E7, 0xE7E9, 0xE7E7, 0xE7E7, 0xE7E7,
    0xE7E9, 0xE7E7, 0xE7E7, 0xE7E7, 0xE7E7, 0xE7E7, 0xE7E9, 0xE7E7, 0xE7E7, 0xE9E9, 0xE7E7, 0xE7E7,
    0xE7E7, 0xE9E9, 0xE7E7, 0xE7E7, 0xE7E7, 0xE7E7, 0xE7E7, 0xE7E7, 0xE7E7, 0xE7E7, 0xE7E7, 0xE7E7,
    0xE7E7, 0xE7E7, 0xE7E7, 0xE7E7, 0xE7E7, 0xE7E7, 0xE7E7, 0xE7E7, 0xE7E7, 0xE7E7, 0xE7E7, 0xE7E7,
    0xE7E7, 0xE7E7, 0xE7E7, 0xE7E7, 0xE7E7, 0xE7E7, 0xE7E7, 0xE7E7, 0xE9E9, 0xE7E7, 0xE7E7, 0xE7E7,
    0xE9E9, 0xE9E7, 0xE7E7, 0xE7E7, 0xE7E7, 0xE7E7, 0xE7E7, 0xE7E7, 0xE7E7, 0xE7E7, 0xE7E7, 0xE7E7,
    0xE7E7, 0xE7E7, 0xE7E7, 0xE7E7, 0xE7E7, 0xE7E7, 0xE7E7, 0xE7E7, 0xE7E7, 0xE7E7, 0xE7E7, 0xE7E7,
    0xE7E7, 0xE7E7, 0xE7E7, 0xE7E7, 0xE7E7, 0xE7E7, 0xE7E7, 0xE7E7, 0xE7E7, 0xE7E9, 0xE7E7, 0xE7E7,
    0xE7E7, 0xE7E7, 0xE1E7, 0x0000, 0xE7E7, 0xE7E7, 0xE8E7, 0x00E1, 0xE7E7, 0xE7E7, 0xE7E7, 0x00E1,
    0xE7E7, 0xE7E7, 0xE7E7, 0xE1E8, 0xE7E7, 0xE7E7, 0xE7E7, 0xE7E7, 0xE7E7, 0xE7E7, 0xE7E7, 0xE7E9,
    0xE7E7, 0xE8E7, 0xE9E7, 0xE9E9, 0xE7E7, 0xE7E8, 0xE9E7, 0xE9E9, 0x0000, 0x0000, 0x0000, 0x0000,
    0x0000, 0x0000, 0x0000, 0x0000, 0x0000, 0x0000, 0x0000, 0x0000, 0x00E1, 0x0000, 0x0000, 0x0000,
    0xE1E8, 0x0000, 0x0000, 0x0000, 0xE8E7, 0x00E1, 0x0000, 0x0000, 0xE7E7, 0xE1E8, 0x0000, 0x0000,
    0xE7E9, 0xE8E7, 0x00E1, 0x0000, 0x0000, 0x0000, 0x0000, 0x0000, 0x0000, 0x0000, 0x0000, 0x0000,
    0x0000, 0x0000, 0x0000, 0x0000, 0x0000, 0x0000, 0x0000, 0x0000, 0x0000, 0x0000, 0x0000, 0x0000,
    0x0000, 0x0000, 0x0000, 0x0000, 0x0000, 0x0000, 0x0000, 0x0000, 0x0000, 0x0000, 0x0000, 0x0000,
    0xE4E2, 0xE4E4, 0xE4E4, 0xE4E4, 0xE4E2, 0xE4E4, 0xE4E4, 0xE4E4, 0xE4E3, 0xE4E4, 0xE4E2, 0xE4E4,
    0xE300, 0xE4E4, 0xE3E4, 0xE2E2, 0xE200, 0xE4E4, 0xE3E4, 0xE2E3, 0xE200, 0xE4E4, 0xE4E4, 0xE3E3,
    0xE200, 0xE4E4, 0xE4E4, 0xE3E4, 0xE300, 0xE4E4, 0xE4E4, 0xE3E4, 0xE4E4, 0xE4E4, 0xE4E4, 0xE3E4,
    0xE4E4, 0xE4E4, 0xE3E4, 0xE4E2, 0xE4E4, 0xE2E3, 0xE2E2, 0xE2E2, 0xE3E2, 0xE7E7, 0xE7E7, 0xE7E7,
    0xE7E7, 0xE7E7, 0xE7E7, 0xE7E7, 0xE7E7, 0x0000, 0x0000, 0x0000, 0xE7E3, 0x0000, 0x0000, 0xE600,
    0xE7E2, 0x0000, 0x0000, 0xE600, 0xE2E4, 0xE5E5, 0xE5E1, 0xE5E5, 0xE2E4, 0xE5E5, 0xE5E1, 0xE5E5,
    0xE5E2, 0xE1E5, 0xE1EA, 0xE5E5, 0xE5E1, 0xE1E5, 0xE1EA, 0xE5E5, 0xE1E7, 0xE1E5, 0xEAEA, 0xE5E1,
    0xE1E6, 0xE1E5, 0xEAEA, 0xE1EA, 0xE1EA, 0xE1E5, 0xEBEB, 0xEBEB, 0xEBEB, 0xEAE1, 0xEBEB, 0xEBEB,
    0xE1E1, 0xE1E1, 0xE1E1, 0xE1E1, 0xE7E1, 0xE1E1, 0xE7E7, 0xE2E1, 0xE6E1, 0xE6E6, 0xE2E6, 0xE3E2,
    0xEAE1, 0xEAE6, 0xE3E6, 0xE3E3, 0xEAE1, 0xEAE6, 0xE6E6, 0xE3E2, 0xEBEA, 0xEAEA, 0xE3E6, 0xE6E3,
    0xEBEB, 0xEAEA, 0xE3E6, 0xE4E4, 0xEBEB, 0xE6EA, 0xE6EA, 0xE4E3, 0xE2E7, 0xE6E6, 0xE6E6, 0xE6E6,
    0xE3E2, 0xE2E2, 0xE6E6, 0xE6E6, 0xE3E3, 0xE3E2, 0xE3E3, 0xE4E3, 0xE3E3, 0xE4E3, 0xE4E4, 0xE4E4,
    0xE4E4, 0xE4E4, 0xE4E4, 0xE4E4, 0xE2E2, 0xE4E3, 0xE4E4, 0xE4E4, 0xE4E4, 0xE2E3, 0xE4E4, 0xE4E4,
    0xE4E4, 0xE4E4, 0xE4E4, 0xE4E4, 0xE6E6, 0xE3E2, 0xE7E2, 0x0000, 0xE4E2, 0xE4E4, 0xE2E3, 0x00E7,
    0xE4E4, 0xE4E4, 0xE3E4, 0xE6E6, 0xE4E4, 0xE4E4, 0xE4E4, 0xE3E4, 0xE4E4, 0xE4E4, 0xE4E4, 0xE2E3,
    0xE4E4, 0xE2E4, 0xE3E2, 0xE4E4, 0xE2E4, 0xE4E3, 0xE4E4, 0xE3E4, 0xE4E4, 0xE4E4, 0xE4E4, 0xE6E3,
    0x0000, 0x0000, 0x0000, 0x0000, 0x0000, 0x0000, 0x0000, 0x0000, 0xE6E6, 0x00E7, 0x0000, 0x0000,
    0xEBE6, 0xE6E6, 0xE6E6, 0xE6E6, 0xEBE6, 0xEBE6, 0xEBEB, 0xEBEB, 0xEBE6, 0xEBE6, 0xEBEB, 0xEBEB,
    0xEBE6, 0xEBE6, 0xEBEB, 0xEBEB, 0xE6EB, 0xEBEB, 0xEBEB, 0xEBEB, 0x0000, 0x0000, 0x0000, 0x0000,
    0x0000, 0x0000, 0x0000, 0x0000, 0x0000, 0x0000, 0x0000, 0x0000, 0xE6E6, 0x00E7, 0x0000, 0x0000,
    0xEBEB, 0xE6EB, 0xE7E6, 0x0000, 0xEBEB, 0xEBEB, 0xE6EB, 0xE7E6, 0xEAEB, 0xEBEB, 0xEBEB, 0xE6EB,
    0xE6EB, 0xEBEB, 0xEBEB, 0xEBEB, 0x0000, 0x0000, 0xE8E1, 0xE7E7, 0x0000, 0x0000, 0xE7E1, 0xE7E7,
    0x0000, 0xE100, 0xE7E8, 0xE7E7, 0x0000, 0xE100, 0xE7E7, 0xE7E7, 0x0000, 0xE8E1, 0xE7E7, 0xE7E7,
    0x0000, 0xE7E1, 0xE7E7, 0xE7E7, 0x0000, 0xE7E1, 0xE7E7, 0xE7E7, 0x0000, 0xE7E1, 0xE7E7, 0xE7E7,
    0xE7E7, 0xE7E7, 0xE7E7, 0xE7E7, 0xE7E7, 0xE7E7, 0xE7E7, 0xE7E7, 0xE7E7, 0xE7E7, 0xE7E7, 0xE7E7,
    0xE7E7, 0xE7E7, 0xE7E7, 0xE7E7, 0xE7E7, 0xE7E7, 0xE7E7, 0xE7E7, 0xE7E7, 0xE7E7, 0xE7E7, 0xE7E7,
    0xE7E7, 0xE7E7, 0xE7E7, 0xE8E7, 0xE7E7, 0xE7E7, 0xE7E7, 0xE6E8, 0xE7E7, 0xE7E7, 0xE8E7, 0xE7E7,
    0xE7E7, 0xE7E7, 0xE7E8, 0xE7E7, 0xE7E7, 0xE8E7, 0xE7E7, 0xE7E7, 0xE7E7, 0xE7E8, 0xE7E7, 0xE7E7,
    0xE8E7, 0xE7E1, 0xE7E7, 0xE7E7, 0xE1E8, 0xE7E1, 0xE7E7, 0xE8E7, 0xE1E1, 0xE7E1, 0xE7E7, 0xE5E7,
    0xE6E6, 0xE6E6, 0xE7E7, 0xE3E8, 0xE7E7, 0xE7E7, 0xE7E7, 0xE7E7, 0xE7E7, 0xE7E7, 0xE7E7, 0xE8E7,
    0xE7E7, 0xE7E7, 0xE7E7, 0xE7E8, 0xE7E7, 0xE8E7, 0xE1E1, 0xE7E7, 0xE1E8, 0xE3E1, 0xE8E3, 0xE7E7,
    0xE3E5, 0xE4E4, 0xE7E2, 0xE5E7, 0xE4E3, 0xE4E4, 0xE8E1, 0xE4E1, 0xE4E4, 0xE4E4, 0xE1E3, 0xE4E4,
    0xE7E7, 0xE7E7, 0xE7E7, 0xE7E7, 0xE7E7, 0xE7E7, 0xE7E7, 0xE5E8, 0xE7E7, 0xE8E7, 0xE3E5, 0xE4E4,
    0xE8E7, 0xE4E5, 0xE4E4, 0xE4E4, 0xE4E5, 0xE4E4, 0xE4E4, 0xE8E4, 0xE4E4, 0xE4E4, 0xE4E4, 0xE7E4,
    0xE4E4, 0xE4E4, 0xE4E4, 0xE3E4, 0xE4E4, 0xE4E4, 0xE4E4, 0xE4E4, 0xE8E1, 0xE8E7, 0xE7E7, 0xE7E7,
    0xE7E8, 0xE7E8, 0xE7E7, 0xE7E7, 0xE8E7, 0xE8E7, 0xE7E7, 0xE7E7, 0xE7E8, 0xE7E8, 0xE7E7, 0xE7E7,
    0xE8E7, 0xE8E7, 0xE7E7, 0xE7E7, 0xE7E8, 0xE7E8, 0xE7E7, 0xE7E7, 0xE8E7, 0xE8E7, 0xE7E7, 0xE7E7,
    0xE7E5, 0xE7E8, 0xE7E7, 0xE7E7, 0xE7E9, 0xE7E7, 0x00E1, 0x0000, 0xE7E7, 0xE7E7, 0xE1E8, 0x0000,
    0xE7E7, 0xE7E7, 0xE1E7, 0x0000, 0xE7E7, 0xE7E7, 0xE8E7, 0x00E1, 0xE7E7, 0xE7E7, 0xE7E7, 0x00E1,
    0xE7E7, 0xE7E7, 0xE7E7, 0x00E1, 0xE7E7, 0xE7E7, 0xE7E7, 0x00E1, 0xE7E7, 0xE7E7, 0xE7E7, 0x00E1,
    0x0000, 0x0000, 0x0000, 0x0000, 0x0000, 0x0000, 0x0000, 0x0000, 0x0000, 0x0000, 0x0000, 0x0000,
    0x0000, 0x0000, 0x0000, 0x0000, 0x0000, 0x0000, 0x0000, 0x0000, 0x0000, 0x0000, 0x0000, 0x0000,
    0x00E7, 0x0000, 0x0000, 0x0000, 0xE7E6, 0x0000, 0x0000, 0x0000, 0x0000, 0xE4E3, 0xE4E4, 0xE4E4,
    0x0000, 0xE4E2, 0xE4E4, 0xE4E4, 0x0000, 0xE4E2, 0xE4E4, 0xE4E4, 0x0000, 0xE4E2, 0xE4E4, 0xE4E4,
    0x0000, 0xE4E3, 0xE4E4, 0xE4E4, 0x0000, 0xE300, 0xE4E4, 0xE4E4, 0x0000, 0xE200, 0xE4E4, 0xE4E4,
    0x0000, 0xE200, 0xE4E4, 0xE4E4, 0xE7E2, 0x0000, 0x0000, 0xEBE6, 0xE7E2, 0x0000, 0xE600, 0xEBEA,
    0xE2E3, 0x00E7, 0xEBE6, 0xEBEB, 0xE2E4, 0x00E7, 0xEBE6, 0xEBEB, 0xE2E4, 0xE6E7, 0xEBEA, 0xEBEB,
    0xE3E4, 0xE6E7, 0xEBEB, 0xEBEB, 0xE4E4, 0xEAE3, 0xEBEB, 0xEBEB, 0xE4E4, 0xEBE2, 0xEBEB, 0xEBEB,
    0xEBEB, 0xEBEB, 0xEBEB, 0xEBEB, 0xE6EB, 0xEBEB, 0xEBEB, 0xEBEB, 0xEAEB, 0xEBEB, 0xEBEB, 0xEBEB,
    0xE6EB, 0xEBEB, 0xEBEB, 0xEAEB, 0xE6EB, 0xEBEB, 0xEBEB, 0xECEA, 0xE6EB, 0xEBEB, 0xEAEB, 0xECEC,
    0xEAEB, 0xEAEB, 0xECE6, 0xECEC, 0xEAEB, 0xE6EA, 0xECE7, 0xECEC, 0xEBEB, 0xE7E6, 0xEAE6, 0xE3E6,
    0xEAEB, 0xECE7, 0xEAE7, 0xE6EA, 0xECEA, 0xECEC, 0xE7EC, 0xEBEA, 0xECEC, 0xECEC, 0xECEC, 0xEAE7,
    0xECEC, 0xECEC, 0xECEC, 0xECEC, 0xECEC, 0xECEC, 0xECEC, 0xECEC, 0xECEC, 0xECEC, 0xECEC, 0xECEC,
    0xECEC, 0xECEC, 0xECEC, 0xECEC, 0xE4E4, 0xE4E4, 0xE4E4, 0xE4E4, 0xE3E6, 0xE4E4, 0xE4E4, 0xE4E4,
    0xEAEB, 0xE6E6, 0xE4E3, 0xE4E4, 0xEBE6, 0xEBEB, 0xE6EA, 0xE6E6, 0xEAE7, 0xEAE6, 0xEBEB, 0xEBEB,
    0xECEC, 0xE7EC, 0xE6EA, 0xE6E6, 0xECEC, 0xECEC, 0xECEC, 0xECEC, 0xECEC, 0xECEC, 0xECEC, 0xECEC,
    0xE4E4, 0xE4E4, 0xE3E4, 0xEBE6, 0xE4E4, 0xE3E4, 0xE6E6, 0xE6EB, 0xE6E3, 0xEAE6, 0xEBEB, 0xE7EA,
    0xEBEA, 0xEBEB, 0xEAE6, 0xECE7, 0xEAEB, 0xEAE6, 0xECE7, 0xECEC, 0xE7EA, 0xECEC, 0xECEC, 0xECEC,
    0xECEC, 0xECEC, 0xECEC, 0xECEC, 0xECEC, 0xECEC, 0xECEC, 0xECEC, 0xEBE6, 0xEBEB, 0xEBEB, 0xEBEB,
    0xEBEB, 0xEBEB, 0xEBEB, 0xEBEB, 0xEBEA, 0xEBEB, 0xEBEB, 0xEBEB, 0xE6E7, 0xEBEB, 0xEBEB, 0xEBEB,
    0xECEC, 0xEBEA, 0xEBEB, 0xEAEB, 0xECEC, 0xEAEC, 0xEBEB, 0xE6EB, 0xECEC, 0xECEC, 0xEBEA, 0xEAEB,
    0xECEC, 0xECEC, 0xE6E7, 0xEBEA, 0xEAEB, 0xEBEB, 0xEBEB, 0xEBEB, 0xEBEA, 0xEBEB, 0xEBEB, 0xEBEB,
    0xEBE6, 0xEBEB, 0xEBEB, 0xEBEB, 0xEBEA, 0xEBEB, 0xEBEB, 0xEAEB, 0xEBEB, 0xEBEB, 0xEBEB, 0xEAE6,
    0xEBEB, 0xEAEB, 0xEAEB, 0xEAEA, 0xEBEB, 0xEBEB, 0xEBEB, 0xEBEB, 0xEBEB, 0xEBEB, 0xEBEB, 0xEBEB,
    0x0000, 0xE7E1, 0xE7E7, 0xE7E7, 0x0000, 0xE7E1, 0xE7E7, 0xE7E7, 0x0000, 0xE7E1, 0xE7E7, 0xE7E7,
    0x0000, 0xE7E1, 0xE7E7, 0xE7E7, 0x0000, 0xE7E1, 0xE7E7, 0xE7E7, 0x0000, 0xE7E1, 0xE7E7, 0xE7E7,
    0x0000, 0xE8E1, 0xE8E7, 0xE8E7, 0x0000, 0xE5E1, 0xE7E7, 0xE7E7, 0xE7E7, 0xE7E7, 0xE6E8, 0xE6E6,
    0xE7E7, 0xE8E7, 0xE3E6, 0xE3E3, 0xE7E7, 0xE6E7, 0xE3E3, 0xE4E3, 0xE7E7, 0xE8E7, 0xE3E1, 0xE3E3,
    0xE7E7, 0xE7E7, 0xE3E1, 0xE4E3, 0xE7E7, 0xE7E7, 0xE6E6, 0xE6E6, 0xE8E7, 0xE8E7, 0xE6E6, 0xE7E6,
    0xE7E7, 0xE7E7, 0xE6E6, 0xE9E7, 0xE6E6, 0xE6E6, 0xE7E6, 0xE4E5, 0xE6E6, 0xE6E6, 0xE8E6, 0xE4E3,
    0xE3E3, 0xE6E8, 0xE8E6, 0xE4E4, 0xE3E3, 0xE8E3, 0xE8E8, 0xE4E4, 0xE4E4, 0xE3E4, 0xE8E8, 0xE4E4,
    0xE6E6, 0xE3E3, 0xE4E4, 0xE4E4, 0xE1E7, 0xE6E6, 0xE4E3, 0xE4E4, 0xE5E9, 0xE1E5, 0xE3E6, 0xE4E4,
    0xE4E4, 0xE4E4, 0xE4E4, 0xE4E4, 0xE4E4, 0xE6E3, 0xE6E6, 0xE6E6, 0xE3E4, 0xE6E6, 0xE6E6, 0xE6E6,
    0xE6E4, 0xE6E6, 0xE6E6, 0xE4E3, 0xE4E4, 0xE4E4, 0xE4E4, 0xE4E4, 0xE4E4, 0xE4E4, 0xE4E4, 0xE3E3,
    0xE4E4, 0xE4E4, 0xE3E4, 0xE4E4, 0xE4E4, 0xE4E4, 0xE4E4, 0xE2E4, 0xE4E4, 0xE4E4, 0xE4E4, 0xE4E4,
    0xE6E6, 0xE6E6, 0xE3E6, 0xE4E4, 0xE6E6, 0xE6E6, 0xE6E6, 0xE4E6, 0xE4E4, 0xE4E4, 0xE3E4, 0xE6E2,
    0xE4E4, 0xE4E4, 0xE4E4, 0xE4E4, 0xE3E3, 0xE3E3, 0xE4E3, 0xE4E4, 0xE6E4, 0xE6E6, 0xE3E6, 0xE4E4,
    0xE1E6, 0xE1E1, 0xE1E1, 0xE6E6, 0xE5E4, 0xE8E7, 0xE7E7, 0xE7E7, 0xE4E4, 0xE7E5, 0xE7E7, 0xE7E7,
    0xE4E4, 0xE8E3, 0xE7E7, 0xE7E7, 0xE4E4, 0xE5E4, 0xE7E7, 0xE7E7, 0xE4E6, 0xE5E4, 0xE8E7, 0xE8E7,
    0xE4E4, 0xE5E4, 0xE7E7, 0xE7E7, 0xE4E4, 0xE1E4, 0xE7E8, 0xE7E8, 0xE4E6, 0xE8E4, 0xE7E7, 0xE7E7,
    0xE7E7, 0xE7E7, 0xE7E7, 0x00E1, 0xE7E7, 0xE7E7, 0xE7E7, 0x00E1, 0xE7E7, 0xE7E7, 0xE7E7, 0x00E1,
    0xE7E7, 0xE7E7, 0xE8E7, 0x00E1, 0xE8E7, 0xE8E7, 0xE5E7, 0x00E1, 0xE7E7, 0xE7E7, 0xE1E7, 0x0000,
    0xE7E8, 0xE7E8, 0xE1E8, 0x0000, 0xE7E7, 0xE7E7, 0xE1E5, 0x0000, 0xE7E6, 0x0000, 0x0000, 0x0000,
    0xE7E6, 0x0000, 0x0000, 0x0000, 0xE6EB, 0x00E7, 0x0000, 0x0000, 0xE6EB, 0x00E7, 0x0000, 0x0000,
    0xEBEA, 0xE7E6, 0x0000, 0x0000, 0xEBEA, 0xE7E6, 0x0000, 0x0000, 0xEBEB, 0xE6EB, 0x00E7, 0x0000,
    0xEBEB, 0xEBEB, 0xE7E6, 0x0000, 0x0000, 0xE200, 0xE4E4, 0xE4E4, 0x0000, 0xE200, 0xE4E4, 0xE4E4,
    0x0000, 0xE200, 0xE4E4, 0xE4E4, 0x0000, 0xE200, 0xE4E4, 0xE4E4, 0x0000, 0xE200, 0xE4E4, 0xE4E4,
    0x0000, 0xE200, 0xE4E4, 0xE4E4, 0x0000, 0x0000, 0x0000, 0x0000, 0x0000, 0x0000, 0x0000, 0x0000,
    0xE4E4, 0xEBE2, 0xEBEB, 0xEBEB, 0xE4E4, 0xEAE3, 0xEBEB, 0xEBEB, 0xE4E4, 0xE2E3, 0xEBEB, 0xEBEB,
    0xE4E4, 0xE2E4, 0xEBEB, 0xEBEB, 0xE4E4, 0xE2E4, 0xEBEB, 0xEBEB, 0xE4E4, 0xE2E4, 0xEBEB, 0xEBEB,
    0x0000, 0x0000, 0x0000, 0x0000, 0x0000, 0x0000, 0x0000, 0x0000, 0xEAEB, 0xE7EA, 0xECEC, 0xECEC,
    0xEAEA, 0xE7EA, 0xECE7, 0xECEC, 0xEAEA, 0xE7E6, 0xE7EC, 0xECEC, 0xEAEA, 0xE7E6, 0xECE7, 0xECEC,
    0xEAEA, 0xE7E6, 0xE7EC, 0xECEC, 0xEAEA, 0xE7E6, 0xECE7, 0xECEC, 0x0000, 0x0000, 0x0000, 0x0000,
    0x0000, 0x0000, 0x0000, 0x0000, 0xECEC, 0xECEC, 0xECEC, 0xECEC, 0xECEC, 0xECEC, 0xECEC, 0xECEC,
    0xECEC, 0xECEC, 0xECEC, 0xECEC, 0xECEC, 0xECEC, 0xECEC, 0xECEC, 0xECEC, 0xECEC, 0xECEC, 0xECEC,
    0xECEC, 0xECEC, 0xECEC, 0xECEC, 0x0000, 0x0000, 0x0000, 0x0000, 0x0000, 0x0000, 0x0000, 0x0000,
    0xECEC, 0xECEC, 0xECEC, 0xECEC, 0xECEC, 0xECEC, 0xECEC, 0xECEC, 0xECEC, 0xECEC, 0xECEC, 0xECEC,
    0xECEC, 0xECEC, 0xECEC, 0xECEC, 0xECEC, 0xECEC, 0xECEC, 0xECEC, 0xECEC, 0xECEC, 0xECEC, 0xECEC,
    0x0000, 0x0000, 0x0000, 0x0000, 0x0000, 0x0000, 0x0000, 0x0000, 0xECEC, 0xECEC, 0xECEC, 0xECEC,
    0xECEC, 0xECEC, 0xECEC, 0xECEC, 0xECEC, 0xECEC, 0xECEC, 0xECEC, 0xECEC, 0xECEC, 0xECEC, 0xECEC,
    0xECEC, 0xECEC, 0xECEC, 0xECEC, 0xECEC, 0xECEC, 0xECEC, 0xECEC, 0x0000, 0x0000, 0x0000, 0x0000,
    0x0000, 0x0000, 0x0000, 0x0000, 0xECEC, 0xECEC, 0xE7EC, 0xEBE6, 0xECEC, 0xECEC, 0xE7E7, 0xEBE6,
    0xECEC, 0xECEC, 0xE7EC, 0xEBE6, 0xECEC, 0xECEC, 0xE7E7, 0xEBE6, 0xECEC, 0xECEC, 0xE7EC, 0xEBE6,
    0xECEC, 0xECEC, 0xE7EC, 0xEBE6, 0x0000, 0x0000, 0x0000, 0x0000, 0x0000, 0x0000, 0x0000, 0x0000,
    0xEBEB, 0xEBEB, 0xEBEB, 0xEBEB, 0xEBEB, 0xEBEB, 0xEBEB, 0xEBEB, 0xEBEB, 0xEBEB, 0xEBEB, 0xEBEB,
    0xEBEB, 0xEBEB, 0xE6EB, 0xE6E6, 0xEBEB, 0xE6EB, 0xE3E6, 0xE3E3, 0xEBEB, 0xE3E6, 0xE3E3, 0xE4E4,
    0x0000, 0x0000, 0x0000, 0x0000, 0x0000, 0x0000, 0x0000, 0x0000, 0x0000, 0xE100, 0xE7E8, 0xE7E8,
    0x0000, 0xE100, 0xE8E5, 0xE7E7, 0x0000, 0x0000, 0xE5E1, 0xE7E8, 0x0000, 0x0000, 0xE100, 0xE8E7,
    0x0000, 0x0000, 0xE100, 0xE8E8, 0x0000, 0x0000, 0xE100, 0xE8E5, 0x0000, 0x0000, 0x0000, 0xE8E1,
    0x0000, 0x0000, 0x0000, 0xE7E1, 0xE7E8, 0xE7E8, 0xE6E1, 0xE9E9, 0xE7E7, 0xE7E7, 0xE6E1, 0xE9E9,
    0xE7E8, 0xE7E8, 0xE3E1, 0xE7E6, 0xE8E7, 0xE8E7, 0xE3E1, 0xE3E3, 0xE8E8, 0xE8E8, 0xE3E8, 0xE4E4,
    0xE8E7, 0xE8E7, 0xE1E7, 0xE4E4, 0xE8E8, 0xE8E8, 0xE8E8, 0xE4E3, 0xE7E8, 0xE7E8, 0xE7E8, 0xE3E1,
    0xE9E9, 0xE1E9, 0xE6E1, 0xE4E4, 0xE1E9, 0xE1E5, 0xE6E1, 0xE4E3, 0xE9E9, 0xE7E1, 0xE2E7, 0xE4E3,
    0xE9E9, 0xE1E9, 0xE4E2, 0xE4E4, 0xE4E3, 0xE4E4, 0xE4E4, 0xE4E4, 0xE4E4, 0xE4E4, 0xE4E4, 0xE4E4,
    0xE4E4, 0xE4E4, 0xE4E4, 0xE3E4, 0xE4E4, 0xE4E4, 0xE4E4, 0xE6E3, 0xE4E4, 0xE4E4, 0xE3E4, 0xE7E6,
    0xE4E4, 0xE4E4, 0xE6E3, 0xE9E7, 0xE4E4, 0xE4E4, 0xE7E3, 0xE9E9, 0xE4E4, 0xE4E4, 0xE2E4, 0xE9E9,
    0xE4E4, 0xE4E4, 0xE4E4, 0xE9E4, 0xE4E4, 0xE4E4, 0xE4E4, 0xE4E4, 0xE4E3, 0xE4E4, 0xE4E4, 0xE4E4,
    0xE3E6, 0xE3E4, 0xE4E4, 0xE4E4, 0xE9E1, 0xE1E9, 0xE1E1, 0xE6E5, 0xE5E1, 0xE1E1, 0xE1E1, 0xE6E5,
    0xE5E7, 0xE1E8, 0xE1E1, 0xE6E5, 0xE1E9, 0xE7E8, 0xE9E7, 0xE3E6, 0xE7E9, 0xE1E1, 0xE6E1, 0xE4E3,
    0xE3E4, 0xE3E3, 0xE4E3, 0xE4E4, 0xE4E4, 0xE4E4, 0xE4E4, 0xE4E4, 0xE4E4, 0xE4E4, 0xE4E4, 0xE4E4,
    0xE4E6, 0xE7E3, 0xE7E8, 0xE7E8, 0xE4E6, 0xE8E1, 0xE8E7, 0xE8E7, 0xE4E3, 0xE7E1, 0xE2E8, 0xE2E2,
    0xE4E4, 0xE8E1, 0xE4E1, 0xE3E4, 0xE4E4, 0xE1E4, 0xE2E3, 0xE2E2, 0xE4E4, 0xE3E4, 0xE3E2, 0xE3E3,
    0xE4E4, 0xE2E4, 0xE3E3, 0xE3E3, 0xE4E4, 0xE4E4, 0xE3E3, 0xE4E3, 0xE7E8, 0xE7E8, 0x00E1, 0x0000,
    0xE8E7, 0xE8E7, 0x00E1, 0x0000, 0xE7E8, 0xE7E8, 0x00E1, 0x0000, 0xE8E2, 0xE8E8, 0x00E1, 0x0000,
    0xE2E3, 0xE7E8, 0x00E1, 0x0000, 0xE2E4, 0xE8E8, 0x00E1, 0x0000, 0xE2E4, 0xE8E7, 0xE1E7, 0x0000,
    0xE5E3, 0xE8E8, 0xE1E8, 0x0000, 0xEBEB, 0xEBEB, 0xE7E6, 0x0000, 0xEBEB, 0xEBEB, 0xE6EB, 0x00E7,
    0xE6E6, 0xE6E6, 0xE6E6, 0xE7E6, 0xE3E3, 0xE3E3, 0xE6E3, 0xE7E6, 0xE3E3, 0xE3E3, 0xE6E3, 0xE7E6,
    0xE4E4, 0xE4E4, 0xE2E4, 0x0000, 0x0000, 0x0000, 0x0000, 0x0000, 0x0000, 0x0000, 0x0000, 0x0000,
    0x0000, 0x0000, 0x0000, 0xE8E1, 0x0000, 0x0000, 0x0000, 0xE8E1, 0x0000, 0x0000, 0x0000, 0xE8E1,
    0x0000, 0x0000, 0x0000, 0xE8E1, 0x0000, 0x0000, 0x0000, 0xE8E1, 0x0000, 0x0000, 0x0000, 0xE5E1,
    0x0000, 0x0000, 0x0000, 0xE8E1, 0x0000, 0x0000, 0xE2E2, 0xE2E2, 0xE8E8, 0xE8E8, 0xE8E1, 0xE1E8,
    0xE8E8, 0xE8E8, 0xE1E1, 0xE8E8, 0xE8E8, 0xE8E8, 0xE3E1, 0xE8E1, 0xE8E5, 0xE8E5, 0xE3E1, 0xE1E3,
    0xE8E8, 0xE8E8, 0xE2E8, 0xE4E3, 0xE5E8, 0xE5E8, 0xE2E8, 0xE4E3, 0xE8E5, 0xE8E5, 0xE5E5, 0xE4E2,
    0xE2E2, 0xE2E2, 0xE5E2, 0xE2E5, 0xE4E3, 0xE4E4, 0xE4E4, 0xE6E3, 0xE4E1, 0xE4E4, 0xE4E4, 0xE3E4,
    0xE4E1, 0xE4E4, 0xE4E4, 0xE4E4, 0xE4E3, 0xE4E4, 0xE4E4, 0xE4E4, 0xE4E4, 0xE4E4, 0xE6E4, 0xE6E6,
    0xE4E4, 0xE4E4, 0xE4E4, 0xE6E3, 0xE4E4, 0xE4E4, 0xE4E4, 0xE6E3, 0xE4E4, 0xE4E4, 0xE4E4, 0xE6E4,
    0xE6E6, 0xE4E6, 0xE4E4, 0xE4E4, 0xE6E6, 0xE4E4, 0xE4E4, 0xE4E4, 0xE4E4, 0xE4E4, 0xE4E4, 0xE4E4,
    0xE4E4, 0xE4E4, 0xE4E4, 0xE4E4, 0xE6E6, 0xE6E6, 0xE3E6, 0xE4E3, 0xE9E2, 0xE9E9, 0xE2E9, 0xE4E6,
    0xE6E6, 0xE6E6, 0xE6E6, 0xE4E3, 0xE6E6, 0xE6E6, 0xE6E6, 0xE4E4, 0xE4E4, 0xE4E4, 0xE4E4, 0xE4E4,
    0xE4E4, 0xE4E4, 0xE4E4, 0xE4E4, 0xE4E4, 0xE4E4, 0xE4E4, 0xE4E4, 0xE4E4, 0xE4E4, 0xE4E4, 0xE3E4,
    0xE4E4, 0xE4E4, 0xE4E4, 0xE2E4, 0xE4E4, 0xE4E4, 0xE4E4, 0xE2E3, 0xE4E4, 0xE4E4, 0xE4E4, 0xE5E2,
    0xE4E4, 0xE4E4, 0xE2E4, 0xE8E5, 0xE4E4, 0xE4E4, 0xE3E2, 0xE4E4, 0xE2E3, 0xE6E3, 0xE4E6, 0xE2E4,
    0xE5E2, 0xE6E2, 0xE3E6, 0xE5E2, 0xE8E2, 0xE6E2, 0xE2E6, 0xE8E5, 0xE8E5, 0xE8E5, 0xE8E5, 0xE8E5,
    0xE8E8, 0xE8E8, 0xE8E8, 0xE8E8, 0xE5E8, 0xE5E8, 0xE5E8, 0xE5E8, 0xE8E5, 0xE8E5, 0xE8E5, 0xE1E5,
    0xE8E2, 0xE8E8, 0xE5E8, 0x00E1, 0xE8E5, 0xE8E8, 0xE8E8, 0x00E1, 0xE8E8, 0xE8E8, 0xE8E5, 0xE1E5,
    0xE8E8, 0xE8E8, 0xE1E1, 0xE7E1, 0xE8E5, 0xE8E5, 0xE7E1, 0xE7E7, 0xE8E8, 0xE8E8, 0xE7E1, 0x00E7,
    0xE5E8, 0xE5E8, 0x00E1, 0x0000, 0xE8E5, 0xE1E5, 0x00E7, 0x0000, 0x0000, 0x0000, 0x0000, 0x0000,
    0x0000, 0x0000, 0x0000, 0x0000, 0x00E7, 0x0000, 0x0000, 0x0000, 0x00E7, 0x0000, 0x0000, 0x0000,
    0x0000, 0x0000, 0x0000, 0x0000, 0x0000, 0x0000, 0x0000, 0x0000, 0x0000, 0x0000, 0x0000, 0x0000,
    0x0000, 0x0000, 0x0000, 0x0000, 0x0000, 0x0000, 0x0000, 0x0000, 0x0000, 0x0000, 0x0000, 0x0000,
    0x0000, 0x0000, 0x0000, 0x0000, 0x0000, 0x0000, 0x0000, 0x0000, 0x0000, 0x0000, 0x0000, 0x0000,
    0x0000, 0x0000, 0x0000, 0x0000, 0x0000, 0x0000, 0x0000, 0x0000, 0x0000, 0x0000, 0x0000, 0x0000,
    0x0000, 0x0000, 0x0000, 0x0000, 0x0000, 0x0000, 0x0000, 0x0000, 0x0000, 0x0000, 0x0000, 0x0000,
    0x0000, 0x0000, 0x0000, 0x0000, 0x0000, 0x0000, 0x0000, 0x0000, 0x0000, 0x0000, 0x0000, 0x0000,
    0x0000, 0x0000, 0x0000, 0xE1E1, 0x0000, 0x0000, 0xE100, 0xE7E8, 0x0000, 0x0000, 0x0000, 0x0000,
    0x0000, 0x0000, 0x0000, 0xE100, 0x0000, 0x0000, 0xE100, 0xE8E1, 0x0000, 0xE100, 0xE8E1, 0xE7E7,
    0xE100, 0xE8E1, 0xE7E7, 0xE7E7, 0xE8E1, 0xE7E7, 0xE7E7, 0xE7E7, 0xE7E8, 0xE7E7, 0xE7E7, 0xE7E7,
    0xE7E7, 0xE7E7, 0xE7E7, 0xE7E7, 0xE100, 0xE1E1, 0xE1E1, 0xE1E1, 0xE8E1, 0xE7E7, 0xE7E7, 0xE7E7,
    0xE7E7, 0xE7E7, 0xE7E7, 0xE7E7, 0xE7E7, 0xE7E7, 0xE7E7, 0xE7E7, 0xE7E7, 0xE7E7, 0xE7E7, 0xE7E7,
    0xE7E7, 0xE7E7, 0xE7E7, 0xE7E7, 0xE7E7, 0xE7E7, 0xE7E7, 0xE7E7, 0xE7E7, 0xE7E7, 0xE7E7, 0xE7E7,
    0x00E1, 0x0000, 0x0000, 0x0000, 0xE1E8, 0xE1E1, 0xE1E1, 0x00E1, 0xE7E7, 0xE7E7, 0xE7E7, 0xE1E8,
    0xE7E7, 0xE7E7, 0xE7E7, 0xE7E7, 0xE7E7, 0xE7E7, 0xE7E7, 0xE7E7, 0xE7E7, 0xE7E7, 0xE7E7, 0xE7E7,
    0xE7E7, 0xE7E7, 0xE7E7, 0xE7E7, 0xE7E7, 0xE7E7, 0xE7E7, 0xE7E7, 0x0000, 0x0000, 0x0000, 0x0000,
    0x0000, 0x0000, 0x0000, 0x0000, 0x00E1, 0x0000, 0x0000, 0x0000, 0xE1E8, 0x00E1, 0x0000, 0x0000,
    0xE7E7, 0xE1E8, 0x0000, 0x0000, 0xE7E7, 0xE8E7, 0x00E1, 0x0000, 0xE7E7, 0xE7E7, 0xE1E8, 0x0000,
    0xE7E7, 0xE7E7, 0xE1E7, 0x0000, 0x0000, 0x0000, 0x0000, 0x0000, 0x0000, 0x0000, 0x0000, 0x0000,
    0x0000, 0x0000, 0x0000, 0x0000, 0x0000, 0x0000, 0x0000, 0x0000, 0x0000, 0x0000, 0x0000, 0x0000,
    0x0000, 0x0000, 0x0000, 0x0000, 0x0000, 0x0000, 0x0000, 0x0000, 0x0000, 0x0000, 0x0000, 0x0000,
    0x0000, 0x0000, 0x0000, 0x0000, 0x0000, 0x0000, 0x0000, 0x0000, 0x0000, 0x0000, 0x0000, 0x0000,
    0x0000, 0x0000, 0x0000, 0x0000, 0x0000, 0x0000, 0x0000, 0x0000, 0x0000, 0x0000, 0x0000, 0x0000,
    0x0000, 0x0000, 0x0000, 0x0000, 0x0000, 0x0000, 0x0000, 0x0000, 0x0000, 0x0000, 0x0000, 0x0000,
    0x0000, 0x0000, 0x0000, 0x0000, 0x0000, 0x0000, 0x0000, 0x0000, 0x0000, 0x0000, 0x0000, 0x0000,
    0x0000, 0x0000, 0x0000, 0x0000, 0x0000, 0x0000, 0x0000, 0x0000, 0x0000, 0x0000, 0x0000, 0x0000,
    0x0000, 0x0000, 0x0000, 0x0000, 0x0000, 0x0000, 0x0000, 0xE5E1, 0x0000, 0x0000, 0x0000, 0xE5E1,
    0x0000, 0x0000, 0x0000, 0xE5E1, 0x0000, 0x0000, 0x0000, 0xE8E1, 0x0000, 0x0000, 0x0000, 0xE5E1,
    0x0000, 0x0000, 0x0000, 0xE5E1, 0x0000, 0x0000, 0x0000, 0xE100, 0x0000, 0x0000, 0x0000, 0xE100,
    0xE5E5, 0xE5E5, 0xE5E5, 0xE5E5, 0xE5E8, 0xE5E8, 0xE5E8, 0xE5E8, 0xE5E5, 0xE5E5, 0xE5E5, 0xE5E5,
    0xE5E5, 0xE8E5, 0xE5E5, 0xE8E5, 0xE5E5, 0xE5E5, 0xE5E5, 0xE5E5, 0xE5E5, 0xE5E5, 0xE5E5, 0xE5E5,
    0xE5E5, 0xE5E5, 0xE5E5, 0xE5E5, 0xE5E5, 0xE5E5, 0xE5E5, 0xE5E5, 0xEDE1, 0xE4E4, 0xE4E4, 0xE4E4,
    0xE1E5, 0xE4ED, 0xE4E4, 0xE4E4, 0xE1E5, 0xEDE1, 0xE4E4, 0xE4E4, 0xE5E5, 0xE1E1, 0xE3ED, 0xE4E4,
    0xE5E5, 0xE1E1, 0xEDE1, 0xE3ED, 0xE5E5, 0xE1E1, 0xE1E1, 0xEDE1, 0xE5E5, 0xE1E1, 0xE1E1, 0xE1E1,
    0xE5E1, 0xE1E1, 0xE1E1, 0xE1E1, 0xE4E4, 0xE4E4, 0xE4E4, 0xE4E4, 0xE4E4, 0xE4E4, 0xE4E4, 0xE4E4,
    0xE4E4, 0xE4E4, 0xE4E4, 0xE4E4, 0xE4E4, 0xE4E4, 0xE4E4, 0xE4E4, 0xE4E4, 0xE4E4, 0xE4E4, 0xEDE3,
    0xE3ED, 0xE4E4, 0xEDE3, 0xE3ED, 0xEDE7, 0xEDED, 0xE3ED, 0xE3E3, 0xE7E7, 0xE6E6, 0xE3ED, 0xE3E3,
    0xE4E4, 0xE4E4, 0xEDE4, 0xE5E5, 0xE4E4, 0xE4E4, 0xE5ED, 0xE5E8, 0xE4E4, 0xEDE3, 0xE5E5, 0xE5E5,
    0xEDE3, 0xEDED, 0xE5E5, 0xE5E5, 0xE3ED, 0xEDE3, 0xE5E5, 0xE1E1, 0xE3E3, 0xEDE3, 0xE1E5, 0xE1E7,
    0xE3E3, 0xE6ED, 0xE7E1, 0xE7E7, 0xE6ED, 0xE6E6, 0xE7E7, 0xE7E7, 0xE5E5, 0xE5E5, 0xE5E5, 0xE5E5,
    0xE5E8, 0xE5E8, 0xE5E8, 0xE1E5, 0xE5E5, 0xE5E5, 0xE5E5, 0xE7E1, 0xE5E1, 0xE5E5, 0xE1E5, 0xE7E7,
    0xE5E5, 0xE1E5, 0xE7E1, 0x00E7, 0xE1E5, 0xE7E1, 0xE7E7, 0x0000, 0xE7E1, 0xE7E7, 0x00E7, 0x0000,
    0xE7E7, 0x0000, 0x0000, 0x0000, 0xE5E1, 0xE1E5, 0xE7E7, 0x0000, 0xE8E1, 0xE1E5, 0xE7E7, 0x0000,
    0xE5E1, 0xE7E1, 0x00E7, 0x0000, 0xE5E1, 0xE7E1, 0x0000, 0x0000, 0xE1E7, 0xE7E7, 0x0000, 0x0000,
    0xE7E7, 0x00E7, 0x0000, 0x0000, 0xE700, 0x0000, 0x0000, 0x0000, 0x0000, 0x0000, 0x0000, 0x0000,
    0x0000, 0x0000, 0x0000, 0x0000, 0x0000, 0x0000, 0x0000, 0x0000, 0x0000, 0x0000, 0x0000, 0x0000,
    0x0000, 0x0000, 0x0000, 0x0000, 0x0000, 0x0000, 0x0000, 0x0000, 0x0000, 0x0000, 0x0000, 0xE100,
    0x0000, 0x0000, 0x0000, 0xE8E1, 0x0000, 0x0000, 0xE100, 0xE7E8, 0x0000, 0x0000, 0xE8E1, 0xE7E7,
    0x0000, 0xE100, 0xE7E8, 0xE7E7, 0x0000, 0xE8E1, 0xE7E7, 0xE9E7, 0xE100, 0xE7E8, 0xE7E7, 0xE9E9,
    0xE8E1, 0xE7E7, 0xE7E9, 0xE9E9, 0xE7E8, 0xE9E7, 0xE9E9, 0xE9E9, 0xE7E7, 0xE9E7, 0xE7E9, 0xE7E7,
    0xE7E7, 0xE9E7, 0xE7E7, 0xE7E7, 0xE7E7, 0xE7E7, 0xE7E7, 0xE7E7, 0xE9E7, 0xE7E7, 0xE7E7, 0xE7E7,
    0xE7E9, 0xE7E7, 0xE7E7, 0xE7E7, 0xE7E9, 0xE7E7, 0xE7E7, 0xE7E7, 0xE7E7, 0xE7E7, 0xE7E9, 0xE7E7,
    0xE7E7, 0xE9E9, 0xE7E7, 0xE7E7, 0xE7E7, 0xE9E9, 0xE7E7, 0xE7E7, 0xE7E7, 0xE7E7, 0xE7E7, 0xE7E7,
    0xE7E7, 0xE7E7, 0xE7E7, 0xE7E7, 0xE7E7, 0xE7E7, 0xE7E7, 0xE7E7, 0xE7E7, 0xE7E7, 0xE7E7, 0xE7E7,
    0xE7E7, 0xE7E7, 0xE7E7, 0xE7E7, 0xE7E7, 0xE7E7, 0xE7E7, 0xE7E7, 0xE7E7, 0xE7E7, 0xE7E7, 0xE7E7,
    0xE9E9, 0xE7E7, 0xE7E7, 0xE7E7, 0xE9E9, 0xE9E7, 0xE7E7, 0xE7E7, 0xE7E7, 0xE7E7, 0xE7E7, 0xE7E7,
    0xE7E7, 0xE7E7, 0xE7E7, 0xE7E7, 0xE7E7, 0xE7E7, 0xE7E7, 0xE7E7, 0xE7E7, 0xE7E7, 0xE7E7, 0xE7E7,
    0xE7E7, 0xE7E7, 0xE7E7, 0xE7E7, 0xE7E7, 0xE7E7, 0xE7E7, 0xE7E7, 0xE7E7, 0xE7E7, 0xE7E7, 0xE7E7,
    0xE7E7, 0xE7E9, 0xE7E7, 0xE7E7, 0xE7E7, 0xE7E7, 0xE1E7, 0x0000, 0xE7E7, 0xE7E7, 0xE8E7, 0x00E1,
    0xE7E7, 0xE7E7, 0xE7E7, 0xE1E1, 0xE7E7, 0xE7E7, 0xE7E7, 0xE7E8, 0xE7E7, 0xE7E7, 0xE7E7, 0xE7E7,
    0xE7E7, 0xE7E7, 0xE7E7, 0xE9E9, 0xE7E7, 0xE7E7, 0xE9E8, 0xE9E9, 0xE7E7, 0xE8E7, 0xE9E7, 0xE7E9,
    0x0000, 0x0000, 0x0000, 0x0000, 0x0000, 0x0000, 0x0000, 0x0000, 0x00E1, 0x0000, 0x0000, 0x0000,
    0xE1E8, 0x0000, 0x0000, 0x0000, 0xE8E7, 0x00E1, 0x0000, 0x0000, 0xE7E7, 0xE1E8, 0x0000, 0x0000,
    0xE7E9, 0xE8E7, 0x00E1, 0x0000, 0xE7E9, 0xE7E7, 0x00E1, 0x0000, 0x0000, 0x0000, 0x0000, 0x0000,
    0x0000, 0x0000, 0x0000, 0x0000, 0x0000, 0x0000, 0x0000, 0x0000, 0x0000, 0x0000, 0x0000, 0x0000,
    0x0000, 0x0000, 0x0000, 0x0000, 0x0000, 0x0000, 0x0000, 0x0000, 0x0000, 0x0000, 0x0000, 0x0000,
    0x0000, 0x0000, 0x0000, 0x0000, 0x0000, 0x0000, 0x0000, 0x0000, 0x0000, 0x0000, 0x0000, 0x0000,
    0x0000, 0x0000, 0x0000, 0x0000, 0x0000, 0x0000, 0x0000, 0x0000, 0x0000, 0x0000, 0x0000, 0x0000,
    0x0000, 0x0000, 0x0000, 0x0000, 0x0000, 0x0000, 0x0000, 0x0000, 0x0000, 0x0000, 0x0000, 0x0000,
    0x0000, 0x0000, 0x0000, 0xE100, 0x0000, 0x0000, 0x0000, 0x0000, 0x0000, 0x0000, 0x0000, 0x0000,
    0x0000, 0x0000, 0x0000, 0x0000, 0x0000, 0x0000, 0x0000, 0x0000, 0x0000, 0x0000, 0x0000, 0x0000,
    0x0000, 0x0000, 0x0000, 0xE600, 0x0000, 0x0000, 0x0000, 0xEAE6, 0xE5E5, 0xE5E5, 0xE5E1, 0xE5E5,
    0xE5E1, 0xE5E5, 0xE1E1, 0xE5E5, 0xE1E1, 0xE5E5, 0xEAE1, 0xE5E1, 0xE100, 0xE5E5, 0xEBE1, 0xE1EA,
    0xE600, 0xE5E1, 0xE1E5, 0xEAEB, 0xEBE6, 0xE1EB, 0xE1E5, 0xEBEB, 0xEBEA, 0xEBEB, 0xEBE1, 0xEBEB,
    0xEBEB, 0xEBEB, 0xEBEB, 0xEBEB, 0xE1E1, 0xE1E1, 0xE1E1, 0xE1E1, 0xE1E1, 0xE1E1, 0xE7E7, 0xEDE1,
    0xE1E5, 0xE6E6, 0xEDE6, 0xE3ED, 0xE1E5, 0xEAE6, 0xE3E6, 0xE3E3, 0xEAE1, 0xEAE6, 0xE6E6, 0xE3ED,
    0xEBEB, 0xEAE6, 0xE3E6, 0xE6E3, 0xEBEB, 0xEAE6, 0xE3E6, 0xE4E4, 0xEBEB, 0xE6EA, 0xE6EA, 0xE4E3,
    0xEDE7, 0xE6E6, 0xE6E6, 0xE6E6, 0xE3ED, 0xEDED, 0xE6E6, 0xE6E6, 0xE3E3, 0xE3ED, 0xE3E3, 0xE4E3,
    0xE3E3, 0xE4E3, 0xE4E4, 0xE4E4, 0xE4E4, 0xE4E4, 0xE4E4, 0xE4E4, 0xEDED, 0xE4E3, 0xE4E4, 0xE4E4,
    0xE4E4, 0xEDE3, 0xE4E4, 0xE4E4, 0xE4E4, 0xE4E4, 0xE4E4, 0xE4E4, 0xE6E6, 0xE3E6, 0xE7ED, 0x0000,
    0xEDE6, 0xE4E4, 0xEDE3, 0x00E7, 0xE4E4, 0xE4E4, 0xE3E4, 0xE6E6, 0xE4E4, 0xE4E4, 0xE4E4, 0xE3E4,
    0xE4E4, 0xE4E4, 0xE4E4, 0xEDE3, 0xE4E4, 0xEDE4, 0xE3ED, 0xE4E4, 0xEDE4, 0xE4E3, 0xE4E4, 0xE3E4,
    0xE4E4, 0xE4E4, 0xE4E4, 0xE6E3, 0x0000, 0x0000, 0x0000, 0x0000, 0x0000, 0x0000, 0x0000, 0x0000,
    0xE6E6, 0x00E7, 0x0000, 0x0000, 0xEBE6, 0xE6E6, 0xE6E6, 0xE6E6, 0xEBE6, 0xEBE6, 0xEBEB, 0xEBEB,
    0xEBE6, 0xEBE6, 0xEBEB, 0xEBEB, 0xEBE6, 0xEBE6, 0xEBEB, 0xEBEB, 0xE6EB, 0xEBEB, 0xEBEB, 0xEBEB,
    0x0000, 0x0000, 0x0000, 0x0000, 0x0000, 0x0000, 0x0000, 0x0000, 0x0000, 0x0000, 0x0000, 0x0000,
    0xE6E6, 0x00E7, 0x0000, 0x0000, 0xEBEB, 0xE6EB, 0xE7E6, 0x0000, 0xEBEB, 0xEBEB, 0xE6EB, 0xE7E6,
    0xEAEB, 0xEBEB, 0xEBEB, 0xE6EB, 0xE6EB, 0xEBEB, 0xEBEB, 0xEBEB, 0x0000, 0x0000, 0xE100, 0xE7E7,
    0x0000, 0x0000, 0xE8E1, 0xE7E7, 0x0000, 0x0000, 0xE7E1, 0xE7E7, 0x0000, 0xE100, 0xE7E8, 0xE7E7,
    0x0000, 0xE100, 0xE7E7, 0xE7E7, 0x0000, 0xE100, 0xE7E7, 0xE7E7, 0x0000, 0xE8E1, 0xE7E7, 0xE7E7,
    0x0000, 0xE7E1, 0xE7E7, 0xE7E7, 0xE7E7, 0xE7E7, 0xE7E7, 0xE7E7, 0xE7E7, 0xE7E7, 0xE7E7, 0xE7E7,
    0xE7E7, 0xE7E7, 0xE7E7, 0xE7E7, 0xE7E7, 0xE7E7, 0xE7E7, 0xE7E7, 0xE7E7, 0xE7E7, 0xE7E7, 0xE7E7,
    0xE7E7, 0xE7E7, 0xE7E7, 0xE7E7, 0xE7E7, 0xE7E7, 0xE7E7, 0xE7E7, 0xE7E7, 0xE7E7, 0xE7E7, 0xE8E7,
    0xE7E7, 0xE7E7, 0xE7E7, 0xE7E8, 0xE7E7, 0xE7E7, 0xE8E7, 0xE7E7, 0xE7E7, 0xE7E7, 0xE7E8, 0xE7E7,
    0xE7E7, 0xE8E7, 0xE7E7, 0xE7E7, 0xE7E7, 0xE1E8, 0xE7E7, 0xE7E7, 0xE8E7, 0xE1E1, 0xE7E7, 0xE7E7,
    0xE1E8, 0xE1E3, 0xE7E7, 0xE7E7, 0xE3E1, 0xE1E3, 0xE7E7, 0xE8E7, 0xE7E7, 0xE7E7, 0xE7E7, 0xE7E7,
    0xE7E7, 0xE7E7, 0xE7E7, 0xE7E7, 0xE7E7, 0xE7E7, 0xE7E7, 0xE8E7, 0xE7E7, 0xE7E7, 0xE1E8, 0xE7E1,
    0xE7E7, 0xE1E8, 0xE3E3, 0xE7E8, 0xE8E7, 0xE3E5, 0xEDE4, 0xE7E7, 0xE5E7, 0xE4E3, 0xE1E4, 0xE1E8,
    0xE4E3, 0xE4E4, 0xE3E4, 0xE4E1, 0xE7E7, 0xE7E7, 0xE7E7, 0xE7E7, 0xE7E8, 0xE7E7, 0xE7E7, 0xE5E8,
    0xE7E7, 0xE7E7, 0xE5E8, 0xE4E4, 0xE7E7, 0xE5E8, 0xE4E4, 0xE4E4, 0xE5E7, 0xE4E4, 0xE4E4, 0xE4E4,
    0xE4E5, 0xE4E4, 0xE4E4, 0xE4E4, 0xE4E4, 0xE4E4, 0xE4E4, 0xE4E4, 0xE4E4, 0xE4E4, 0xE4E4, 0xE4E4,
    0xE8E7, 0xE7E8, 0xE7E8, 0xE7E7, 0xE5E8, 0xE8E7, 0xE7E7, 0xE7E7, 0xE7E3, 0xE7E8, 0xE7E8, 0xE7E7,
    0xE8E3, 0xE8E7, 0xE7E7, 0xE7E7, 0xE7E8, 0xE7E8, 0xE7E8, 0xE7E7, 0xE8E7, 0xE8E7, 0xE7E7, 0xE7E7,
    0xE7E3, 0xE7E8, 0xE7E8, 0xE7E7, 0xE5E4, 0xE8E7, 0xE7E7, 0xE7E7, 0xE7E7, 0xE7E7, 0xE1E8, 0x0000,
    0xE7E7, 0xE7E7, 0xE1E7, 0x0000, 0xE7E7, 0xE7E7, 0xE8E7, 0x00E1, 0xE7E7, 0xE7E7, 0xE7E7, 0x00E1,
    0xE7E7, 0xE7E7, 0xE7E7, 0x00E1, 0xE7E7, 0xE7E7, 0xE7E7, 0x00E1, 0xE7E7, 0xE7E7, 0xE7E7, 0x00E1,
    0xE7E7, 0xE7E7, 0xE7E7, 0x00E1, 0x0000, 0x0000, 0x0000, 0x0000, 0x0000, 0x0000, 0x0000, 0x0000,
    0x0000, 0x0000, 0x0000, 0x0000, 0x0000, 0x0000, 0x0000, 0x0000, 0x0000, 0x0000, 0x0000, 0x0000,
    0x0000, 0x0000, 0x0000, 0x0000, 0x00E7, 0x0000, 0x0000, 0x0000, 0xE7E6, 0x0000, 0x0000, 0x0000,
    0x0000, 0x0000, 0x0000, 0x0000, 0x0000, 0x0000, 0x0000, 0x0000, 0x0000, 0x0000, 0x0000, 0x0000,
    0x0000, 0x0000, 0x0000, 0x0000, 0x0000, 0x0000, 0x0000, 0x0000, 0x0000, 0x0000, 0x0000, 0x0000,
    0x0000, 0x0000, 0x0000, 0x0000, 0x0000, 0x0000, 0x0000, 0x0000, 0x0000, 0x0000, 0xE600, 0xEBEA,
    0x0000, 0x0000, 0xEAE6, 0xEBEB, 0x0000, 0xE600, 0xEBEA, 0xEBEB, 0x0000, 0xEAEA, 0xEBEB, 0xEBEB,
    0xE600, 0xEBEA, 0xEBEB, 0xEBEB, 0xE600, 0xEBEB, 0xEBEB, 0xEBEB, 0xE600, 0xEBEB, 0xEBEB, 0xEBEB,
    0xEAE6, 0xEBEB, 0xEAEB, 0xEBEB, 0xEBEB, 0xEBEB, 0xEBEB, 0xEBEB, 0xE6EB, 0xEBEB, 0xEBEB, 0xEBEB,
    0xEAEB, 0xEBEB, 0xEBEB, 0xEBEB, 0xE6EB, 0xEBEB, 0xEBEB, 0xEAEB, 0xE6EB, 0xEBEB, 0xEBEB, 0xECEA,
    0xE6EB, 0xEBEB, 0xEAEB, 0xECEC, 0xEAEB, 0xEAEB, 0xE7E6, 0xECEC, 0xEAEB, 0xE6EA, 0xECE7, 0xECEC,
    0xEBEB, 0xE7E6, 0xEAE6, 0xE3E6, 0xEAEB, 0xECE7, 0xEAE7, 0xE6EA, 0xECEA, 0xECEC, 0xE7EC, 0xEBEA,
    0xECEC, 0xECEC, 0xECEC, 0xEAE7, 0xECEC, 0xECEC, 0xECEC, 0xECEC, 0xECEC, 0xECEC, 0xECEC, 0xECEC,
    0xECEC, 0xECEC, 0xECEC, 0xECEC, 0xECEC, 0xECEC, 0xECEC, 0xECEC, 0xE4E4, 0xE4E4, 0xE4E4, 0xE4E4,
    0xE3E6, 0xE4E4, 0xE4E4, 0xE4E4, 0xEAEB, 0xE6E6, 0xE4E3, 0xE4E4, 0xEBE6, 0xEBEB, 0xE6EA, 0xE6E6,
    0xEAE7, 0xEAE6, 0xEBEB, 0xEBEB, 0xECEC, 0xE7EC, 0xE6EA, 0xE6E6, 0xECEC, 0xECEC, 0xECEC, 0xECEC,
    0xECEC, 0xECEC, 0xECEC, 0xECEC, 0xE4E4, 0xE4E4, 0xE3E4, 0xEBE6, 0xE4E4, 0xE3E4, 0xE6E6, 0xE6EB,
    0xE6E3, 0xEAE6, 0xEBEB, 0xE7EA, 0xEBEA, 0xEBEB, 0xEAE6, 0xECE7, 0xEAEB, 0xEAE6, 0xECE7, 0xECEC,
    0xE7EA, 0xECEC, 0xECEC, 0xECEC, 0xECEC, 0xECEC, 0xECEC, 0xECEC, 0xECEC, 0xECEC, 0xECEC, 0xECEC,
    0xEBE6, 0xEBEB, 0xEBEB, 0xEBEB, 0xEBEB, 0xEBEB, 0xEBEB, 0xEBEB, 0xEBEA, 0xEBEB, 0xEBEB, 0xEBEB,
    0xE6E7, 0xEBEB, 0xEBEB, 0xEBEB, 0xECEC, 0xEBEA, 0xEBEB, 0xEAEB, 0xECEC, 0xEAEC, 0xEBEB, 0xE6EB,
    0xECEC, 0xECEC, 0xEBEA, 0xEAEB, 0xECEC, 0xECEC, 0xE6E7, 0xEBEA, 0xEAEB, 0xEBEB, 0xEBEB, 0xEBEB,
    0xEBEA, 0xEBEB, 0xEBEB, 0xEBEB, 0xEBE6, 0xEBEB, 0xEBEB, 0xEBEB, 0xEBEA, 0xEBEB, 0xEBEB, 0xEAEB,
    0xEBEB, 0xEBEB, 0xEBEB, 0xEAE6, 0xEBEB, 0xEAEB, 0xEAEB, 0xEAEA, 0xEBEB, 0xEBEB, 0xEBEB, 0xEBEB,
    0xEBEB, 0xEBEB, 0xEBEB, 0xEBEB, 0x0000, 0xE7E1, 0xE7E7, 0xE7E7, 0x0000, 0xE7E1, 0xE7E7, 0xE7E7,
    0x0000, 0xE7E1, 0xE7E7, 0xE7E7, 0x0000, 0xE7E1, 0xE7E7, 0xE7E7, 0x0000, 0xE7E1, 0xE7E7, 0xE7E7,
    0x0000, 0xE7E1, 0xE7E7, 0xE7E7, 0x0000, 0xE8E1, 0xE8E7, 0xE8E7, 0x0000, 0xE7E1, 0xE7E7, 0xE7E7,
    0xE7E7, 0xE7E7, 0xE7E7, 0xE1E8, 0xE7E7, 0xE7E7, 0xE8E7, 0xE3E1, 0xE7E7, 0xE7E7, 0xE8E8, 0xE6E6,
    0xE7E7, 0xE8E7, 0xE6E6, 0xE6E6, 0xE7E7, 0xE6E7, 0xE3E1, 0xE4E3, 0xE7E7, 0xE7E7, 0xE6E6, 0xE6E6,
    0xE8E7, 0xE8E7, 0xE6E6, 0xE7E6, 0xE7E7, 0xE7E7, 0xE6E6, 0xE9E7, 0xE3E3, 0xE1E3, 0xE7E7, 0xE5E7,
    0xE3E3, 0xE8E3, 0xE7E7, 0xE3E7, 0xE6E6, 0xE6E6, 0xE7E7, 0xE4E5, 0xE6E6, 0xE6E6, 0xE7E6, 0xE4E8,
    0xE4E4, 0xE6E4, 0xE5E6, 0xE4E4, 0xE6E6, 0xE3E6, 0xE4E3, 0xE4E4, 0xE1E7, 0xE6E1, 0xE3E6, 0xE4E4,
    0xE5E9, 0xE1E5, 0xE6E1, 0xE4E3, 0xE4E4, 0xE4E4, 0xE4E4, 0xE4E4, 0xE4E4, 0xE4E4, 0xE4E4, 0xE4E4,
    0xE4E4, 0xE4E4, 0xE6E3, 0xE6E6, 0xE4E4, 0xE3E4, 0xE6E6, 0xE6E6, 0xE4E4, 0xE6E4, 0xE6E6, 0xE6E6,
    0xE4E4, 0xE4E4, 0xE4E4, 0xE3E4, 0xE4E4, 0xE4E4, 0xE4E4, 0xE4E3, 0xE4E4, 0xE4E4, 0xE4E4, 0xE4E4,
    0xE4E4, 0xE4E4, 0xE4E4, 0xE4E4, 0xE4E4, 0xE4E4, 0xE4E4, 0xE4E4, 0xE6E6, 0xE6E6, 0xE6E6, 0xE4E3,
    0xE6E6, 0xE6E6, 0xE6E6, 0xE6E6, 0xE4E3, 0xE4E4, 0xE4E4, 0xEDE3, 0xE3E3, 0xE3E3, 0xE3E3, 0xE4E4,
    0xE4E4, 0xE6E6, 0xE6E6, 0xEDE6, 0xE6ED, 0xE1E1, 0xE8E5, 0xE6E7, 0xE4E4, 0xE7E5, 0xE7E8, 0xE7E7,
    0xE4E4, 0xE5E4, 0xE7E7, 0xE7E7, 0xE4E4, 0xE3E4, 0xE7E8, 0xE7E7, 0xE4E4, 0xE5E4, 0xE7E7, 0xE7E7,
    0xE4E6, 0xE5E4, 0xE8E7, 0xE8E7, 0xE4E4, 0xE5E4, 0xE7E7, 0xE7E7, 0xE4E4, 0xE1E4, 0xE7E8, 0xE7E8,
    0xE6E6, 0xE8E4, 0xE7E7, 0xE7E7, 0xE7E7, 0xE7E7, 0xE7E7, 0x00E1, 0xE7E7, 0xE7E7, 0xE7E7, 0x00E1,
    0xE7E7, 0xE7E7, 0xE8E7, 0x00E1, 0xE7E7, 0xE7E7, 0xE5E7, 0x00E1, 0xE8E7, 0xE8E7, 0xE1E7, 0x0000,
    0xE7E7, 0xE7E7, 0xE1E8, 0x0000, 0xE7E8, 0xE7E8, 0xE1E5, 0x0000, 0xE7E7, 0xE7E7, 0x00E1, 0x0000,
    0xE7E6, 0x0000, 0x0000, 0x0000, 0xE7E6, 0x0000, 0x0000, 0x0000, 0xE6EB, 0x00E7, 0x0000, 0x0000,
    0xE6EB, 0x00E7, 0x0000, 0x0000, 0xEBEA, 0xE7E6, 0x0000, 0x0000, 0xEBEA, 0xE7E6, 0x0000, 0x0000,
    0xEBEB, 0xE6EB, 0x00E7, 0x0000, 0xEBEB, 0xEBEB, 0xE7E6, 0x0000, 0x0000, 0x0000, 0x0000, 0x0000,
    0x0000, 0x0000, 0x0000, 0x0000, 0x0000, 0x0000, 0x0000, 0xE600, 0x0000, 0x0000, 0x0000, 0xE600,
    0x0000, 0x0000, 0x0000, 0x0000, 0x0000, 0x0000, 0x0000, 0x0000, 0x0000, 0x0000, 0x0000, 0x0000,
    0x0000, 0x0000, 0x0000, 0x0000, 0xEBE6, 0xEBEB, 0xEBEB, 0xEBEA, 0xEBE6, 0xEBEB, 0xEBEB, 0xEAEB,
    0xEBEA, 0xEBEB, 0xEBEB, 0xEBEB, 0xEBEB, 0xEBEB, 0xEBEB, 0xEBEB, 0xE6E6, 0xEBEA, 0xEBEB, 0xEBEB,
    0xE3E3, 0xE6E6, 0xEBEA, 0xEBEB, 0x0000, 0x0000, 0x0000, 0x0000, 0x0000, 0x0000, 0x0000, 0x0000,
    0xEAEB, 0xE6EA, 0xECE7, 0xECEC, 0xEAEA, 0xE6EA, 0xECE7, 0xECE7, 0xEAEA, 0xE6EA, 0xE7E7, 0xECEC,
    0xEAEB, 0xEAEA, 0xECE7, 0xECE7, 0xEAEB, 0xEAEA, 0xE7E7, 0xECEC, 0xEAEB, 0xEAEA, 0xECE7, 0xECE7,
    0x0000, 0x0000, 0x0000, 0x0000, 0x0000, 0x0000, 0x0000, 0x0000, 0xECEC, 0xECEC, 0xECEC, 0xECEC,
    0xECEC, 0xECEC, 0xECEC, 0xECEC, 0xECEC, 0xECEC, 0xECEC, 0xECEC, 0xECEC, 0xECEC, 0xECEC, 0xECEC,
    0xECEC, 0xECEC, 0xECEC, 0xECEC, 0xECEC, 0xECEC, 0xECEC, 0xECEC, 0x0000, 0x0000, 0x0000, 0x0000,
    0x0000, 0x0000, 0x0000, 0x0000, 0xECEC, 0xECEC, 0xECEC, 0xECEC, 0xECEC, 0xECEC, 0xECEC, 0xECEC,
    0xECEC, 0xECEC, 0xECEC, 0xECEC, 0xECEC, 0xECEC, 0xECEC, 0xECEC, 0xECEC, 0xECEC, 0xECEC, 0xECEC,
    0xECEC, 0xECEC, 0xECEC, 0xECEC, 0x0000, 0x0000, 0x0000, 0x0000, 0x0000, 0x0000, 0x0000, 0x0000,
    0xECEC, 0xECEC, 0xECEC, 0xECEC, 0xECEC, 0xECEC, 0xECEC, 0xECEC, 0xECEC, 0xECEC, 0xECEC, 0xECEC,
    0xECEC, 0xECEC, 0xECEC, 0xECEC, 0xECEC, 0xECEC, 0xECEC, 0xECEC, 0xECEC, 0xECEC, 0xECEC, 0xECEC,
    0x0000, 0x0000, 0x0000, 0x0000, 0x0000, 0x0000, 0x0000, 0x0000, 0xECEC, 0xECEC, 0xE7EC, 0xEBE6,
    0xECEC, 0xECEC, 0xECE7, 0xEBE6, 0xECEC, 0xECEC, 0xE7EC, 0xE6E7, 0xECEC, 0xECEC, 0xECE7, 0xE6E7,
    0xECEC, 0xECEC, 0xE7EC, 0xE6E7, 0xECEC, 0xECEC, 0xECEC, 0xE6E7, 0x0000, 0x0000, 0x0000, 0x0000,
    0x0000, 0x0000, 0x0000, 0x0000, 0xEBEB, 0xEBEB, 0xEBEB, 0xEBEB, 0xEBEB, 0xEBEB, 0xEBEB, 0xEBEB,
    0xEBEB, 0xEBEB, 0xEBEB, 0xEBEB, 0xEBEB, 0xEBEB, 0xEAEB, 0xE6E6, 0xEBEB, 0xEBEB, 0xE6E6, 0xE3E3,
    0xEBEB, 0xE6EB, 0xE3E3, 0xE4E4, 0x0000, 0x0000, 0x0000, 0x0000, 0x0000, 0x0000, 0x0000, 0x0000,
    0x0000, 0xE7E1, 0xE7E8, 0xE7E8, 0x0000, 0xE5E1, 0xE7E7, 0xE7E7, 0x0000, 0xE100, 0xE7E8, 0xE7E8,
    0x0000, 0xE100, 0xE8E5, 0xE8E7, 0x0000, 0x0000, 0xE5E1, 0xE8E8, 0x0000, 0x0000, 0xE100, 0xE8E7,
    0x0000, 0x0000, 0xE100, 0xE8E8, 0x0000, 0x0000, 0xE100, 0xE7E5, 0xE7E8, 0xE7E8, 0xE6E1, 0xE9E9,
    0xE7E7, 0xE7E7, 0xE6E1, 0xE9E9, 0xE7E8, 0xE7E8, 0xE3E1, 0xE7E6, 0xE8E7, 0xE8E7, 0xE3E1, 0xE3E3,
    0xE8E8, 0xE8E8, 0xE3E8, 0xE4E4, 0xE8E7, 0xE8E7, 0xE1E7, 0xE4E4, 0xE8E8, 0xE8E8, 0xE8E8, 0xE4E4,
    0xE7E8, 0xE7E8, 0xE7E8, 0xE4E1, 0xE9E9, 0xE1E9, 0xE1E1, 0xE4E6, 0xE1E9, 0xE1E5, 0xE1E1, 0xE3E6,
    0xE9E9, 0xE7E1, 0xE7E7, 0xE3ED, 0xE9E9, 0xE1E9, 0xEDE1, 0xE4E4, 0xE4E4, 0xE4E4, 0xE4E4, 0xE4E4,
    0xE4E4, 0xE4E4, 0xE4E4, 0xE4E4, 0xE4E4, 0xE4E4, 0xE4E4, 0xE4E4, 0xE4E4, 0xE4E4, 0xE4E4, 0xE3E4,
    0xE4E4, 0xE4E4, 0xE4E4, 0xE6E3, 0xE4E4, 0xE4E4, 0xE3E4, 0xE9E6, 0xE4E4, 0xE4E4, 0xE3E4, 0xE5E7,
    0xE4E4, 0xE4E4, 0xE4E4, 0xE1ED, 0xE4E4, 0xE4E4, 0xE4E4, 0xE4E4, 0xE4E4, 0xE4E4, 0xE4E4, 0xE4E4,
    0xE3E3, 0xE4E4, 0xE4E4, 0xE4E4, 0xE6E6, 0xE4E3, 0xE4E3, 0xE4E4, 0xE1E1, 0xE1E1, 0xE8E1, 0xE7E9,
    0xE1E9, 0xE1E1, 0xE8E1, 0xE9E9, 0xE1E1, 0xE5E1, 0xE8E5, 0xE9E9, 0xE7E7, 0xE5E5, 0xE9E8, 0xE5E9,
    0xE1E1, 0xE8E1, 0xE1E9, 0xE3E6, 0xE4E4, 0xE3E3, 0xE3E3, 0xE4E4, 0xE4E4, 0xE4E4, 0xE4E4, 0xE4E4,
    0xE4E4, 0xE4E4, 0xE4E4, 0xE4E4, 0xE6E6, 0xE7E3, 0xE7E8, 0xE7E8, 0xE6E6, 0xE8E3, 0xE8E8, 0xE8ED,
    0xE3E6, 0xE1E3, 0xE5E8, 0xEDE3, 0xE4E3, 0xE1E3, 0xEDE5, 0xE3ED, 0xE4E4, 0xE3E4, 0xE3ED, 0xE4E3,
    0xE4E4, 0xEDE4, 0xE3E3, 0xE4E3, 0xE4E4, 0xE4E4, 0xE3E3, 0xE3E4, 0xE4E4, 0xE4E4, 0xE3ED, 0xEDE4,
    0xE7E8, 0xE7E8, 0x00E1, 0x0000, 0xE7E7, 0xE8E7, 0x00E1, 0x0000, 0xE7E8, 0xE7E8, 0x00E1, 0x0000,
    0xE8ED, 0xE8E8, 0x00E1, 0x0000, 0xE8ED, 0xE7E8, 0x00E1, 0x0000, 0xE8ED, 0xE8E8, 0xE1E7, 0x0000,
    0xE8E5, 0xE8E7, 0xE1E8, 0x0000, 0xE8E8, 0xE8E8, 0xE5E8, 0x00E1, 0xEBEB, 0xEBEB, 0xE7E6, 0x0000,
    0xEBEB, 0xEBEB, 0xE6EB, 0x00E7, 0xEAEB, 0xE6E6, 0xE6E6, 0xE7E6, 0xE6E6, 0xE3E3, 0xE6E3, 0xE7E6,
    0xE3E3, 0xE3E3, 0xE6E3, 0xE7E6, 0xE4E4, 0xE4E4, 0xEDE4, 0x0000, 0x0000, 0x0000, 0x0000, 0x0000,
    0x0000, 0x0000, 0x0000, 0x0000, 0x0000, 0x0000, 0x0000, 0xE8E1, 0x0000, 0x0000, 0x0000, 0xE8E1,
    0x0000, 0x0000, 0x0000, 0xE8E1, 0x0000, 0x0000, 0x0000, 0xE8E1, 0x0000, 0x0000, 0x0000, 0xE8E1,
    0x0000, 0x0000, 0x0000, 0xE5E1, 0x0000, 0x0000, 0x0000, 0xE8E1, 0x0000, 0x0000, 0x0000, 0xE5E1,
    0xE8E8, 0xE8E8, 0xE8E8, 0xE1E8, 0xE8E8, 0xE8E8, 0xE8E8, 0xE8E8, 0xE8E8, 0xE8E8, 0xE5E8, 0xE8E8,
    0xE8E5, 0xE8E5, 0xE5E5, 0xE1E1, 0xE8E8, 0xE8E8, 0xE5E8, 0xE4E1, 0xE5E8, 0xE5E8, 0xE5E8, 0xE4E1,
    0xE8E5, 0xE8E5, 0xE5E5, 0xEDE1, 0xE5E8, 0xE5E8, 0xE5E8, 0xE1E5, 0xE4E4, 0xE4E4, 0xE4E4, 0xE3E4,
    0xE4E4, 0xE4E4, 0xE4E4, 0xE4E4, 0xE4E1, 0xE4E4, 0xE4E4, 0xE4E4, 0xE4E3, 0xE4E4, 0xE4E4, 0xE4E4,
    0xE4E4, 0xE4E4, 0xE4E4, 0xE3E4, 0xE4E4, 0xE4E4, 0xE4E4, 0xE3E4, 0xE4E4, 0xE4E4, 0xE4E4, 0xE3E4,
    0xE4ED, 0xE4E4, 0xE4E4, 0xE4E4, 0xE6E6, 0xE6E6, 0xE4E4, 0xE4E4, 0xE6E3, 0xE4E6, 0xE4E4, 0xE4E4,
    0xE4E4, 0xE4E4, 0xE4E4, 0xE4E4, 0xE4E4, 0xE4E4, 0xE4E4, 0xE4E4, 0xE6E6, 0xE6E6, 0xE6E6, 0xE4E3,
    0xEDE6, 0xE9E9, 0xE9E9, 0xE4ED, 0xE6E6, 0xE6E6, 0xE6E6, 0xE4E6, 0xE6E3, 0xE6E6, 0xE6E6, 0xE4E3,
    0xE4E4, 0xE4E4, 0xE4E4, 0xE4E4, 0xE4E4, 0xE4E4, 0xE4E4, 0xE4E4, 0xE4E4, 0xE4E4, 0xE4E4, 0xE4E4,
    0xE4E4, 0xE4E4, 0xE4E4, 0xE4E4, 0xE4E4, 0xE4E4, 0xE4E4, 0xE4E4, 0xE4E4, 0xE4E4, 0xE4E4, 0xE3E4,
    0xE4E4, 0xE4E4, 0xE4E4, 0xEDE4, 0xE4E4, 0xE4E4, 0xE4E4, 0xE8ED, 0xEDE4, 0xE6E3, 0xE4E6, 0xE5ED,
    0xE3E4, 0xE6ED, 0xE3E6, 0xE8E5, 0xEDE4, 0xE6ED, 0xEDE6, 0xE8E8, 0xEDE3, 0xEDE8, 0xE8ED, 0xE8E8,
    0xE8ED, 0xE8E5, 0xE8E5, 0xE8E5, 0xE8ED, 0xE8E8, 0xE8E8, 0xE8E8, 0xE5E8, 0xE5E8, 0xE5E8, 0xE5E8,
    0xE8E5, 0xE8E5, 0xE8E5, 0xE5E5, 0xE8E8, 0xE8E8, 0xE8E8, 0xE1E8, 0xE8E8, 0xE8E8, 0xE8E8, 0xE1E8,
    0xE8E8, 0xE8E8, 0xE8E5, 0xE7E1, 0xE8E8, 0xE8E8, 0xE1E1, 0xE7E7, 0xE8E5, 0xE8E5, 0xE7E1, 0x00E7,
    0xE8E8, 0xE8E8, 0xE7E1, 0x0000, 0xE5E8, 0xE5E8, 0xE7E1, 0x0000, 0xE5E1, 0xE5E8, 0xE7E1, 0x0000,
    0x0000, 0x0000, 0x0000, 0x0000, 0x0000, 0x0000, 0x0000, 0x0000, 0x00E7, 0x0000, 0x0000, 0x0000,
    0x0000, 0x0000, 0x0000, 0x0000, 0x0000, 0x0000, 0x0000, 0x0000, 0x0000, 0x0000, 0x0000, 0x0000,
    0x0000, 0x0000, 0x0000, 0x0000, 0x0000, 0x0000, 0x0000, 0x0000, 0x0000, 0x0000, 0x0000, 0x0000,
    0x0000, 0x0000, 0x0000, 0x0000, 0x0000, 0x0000, 0x0000, 0x0000, 0x0000, 0x0000, 0x0000, 0x0000,
    0x0000, 0x0000, 0x0000, 0x0000, 0x0000, 0x0000, 0x0000, 0x0000, 0x0000, 0x0000, 0x0000, 0x0000,
    0x0000, 0x0000, 0x0000, 0x0000, 0x0000, 0x0000, 0x0000, 0x0000, 0x0000, 0x0000, 0x0000, 0x0000,
    0x0000, 0x0000, 0x0000, 0x0000, 0x0000, 0x0000, 0x0000, 0x0000, 0x0000, 0x0000, 0x0000, 0xE100,
    0x0000, 0x0000, 0x0000, 0xE8E1, 0x0000, 0x0000, 0xE100, 0xE7E8, 0x0000, 0x0000, 0xE8E1, 0xE7E7,
    0x0000, 0x0000, 0x0000, 0xE100, 0x0000, 0x0000, 0xE100, 0xE8E1, 0x0000, 0xE100, 0xE8E1, 0xE7E7,
    0xE100, 0xE8E1, 0xE7E7, 0xE7E7, 0xE8E1, 0xE7E7, 0xE7E7, 0xE7E7, 0xE7E7, 0xE7E7, 0xE7E7, 0xE7E7,
    0xE7E7, 0xE7E7, 0xE7E7, 0xE7E7, 0xE7E7, 0xE7E7, 0xE7E7, 0xE7E7, 0xE1E1, 0xE1E1, 0xE1E1, 0x00E1,
    0xE7E7, 0xE7E7, 0xE7E7, 0xE1E8, 0xE7E7, 0xE7E7, 0xE7E7, 0xE7E7, 0xE7E7, 0xE7E7, 0xE7E7, 0xE7E7,
    0xE7E7, 0xE7E7, 0xE7E7, 0xE7E7, 0xE7E7, 0xE7E7, 0xE7E7, 0xE7E7, 0xE7E7, 0xE7E7, 0xE7E7, 0xE7E7,
    0xE7E7, 0xE7E7, 0xE7E7, 0xE7E7, 0x0000, 0x0000, 0x0000, 0x0000, 0xE1E1, 0xE1E1, 0x00E1, 0x0000,
    0xE7E7, 0xE7E7, 0xE1E8, 0x00E1, 0xE7E7, 0xE7E7, 0xE7E7, 0xE1E8, 0xE7E7, 0xE7E7, 0xE7E7, 0xE7E7,
    0xE7E7, 0xE7E7, 0xE7E7, 0xE7E7, 0xE7E7, 0xE7E7, 0xE7E7, 0xE7E7, 0xE7E7, 0xE7E7, 0xE7E7, 0xE7E7,
    0x0000, 0x0000, 0x0000, 0x0000, 0x0000, 0x0000, 0x0000, 0x0000, 0x0000, 0x0000, 0x0000, 0x0000,
    0xE1E1, 0x0000, 0x0000, 0x0000, 0xE8E7, 0x00E1, 0x0000, 0x0000, 0xE7E7, 0xE1E8, 0x0000, 0x0000,
    0xE7E7, 0xE8E7, 0x00E1, 0x0000, 0xE7E7, 0xE7E7, 0x00E1, 0x0000, 0x0000, 0x0000, 0x0000, 0x0000,
    0x0000, 0x0000, 0x0000, 0x0000, 0x0000, 0x0000, 0x0000, 0x0000, 0x0000, 0x0000, 0x0000, 0x0000,
    0x0000, 0x0000, 0x0000, 0x0000, 0x0000, 0x0000, 0x0000, 0x0000, 0x0000, 0x0000, 0x0000, 0x0000,
    0x0000, 0x0000, 0x0000, 0x0000, 0x0000, 0x0000, 0x0000, 0x0000, 0x0000, 0x0000, 0x0000, 0x0000,
    0x0000, 0x0000, 0x0000, 0x0000, 0x0000, 0x0000, 0x0000, 0x0000, 0x0000, 0x0000, 0x0000, 0x0000,
    0x0000, 0x0000, 0x0000, 0x0000, 0x0000, 0x0000, 0x0000, 0x0000, 0x0000, 0x0000, 0x0000, 0x0000,
    0x0000, 0x0000, 0x0000, 0x0000, 0x0000, 0x0000, 0x0000, 0x0000, 0x0000, 0x0000, 0x0000, 0x0000,
    0x0000, 0x0000, 0x0000, 0x0000, 0x0000, 0x0000, 0x0000, 0x0000, 0x0000, 0x0000, 0x0000, 0x0000,
    0x0000, 0x0000, 0x0000, 0x0000, 0x0000, 0x0000, 0x0000, 0x0000, 0x0000, 0x0000, 0xE100, 0xE8E5,
    0x0000, 0x0000, 0xE100, 0xE5E5, 0x0000, 0x0000, 0xE100, 0xE8E5, 0x0000, 0x0000, 0xE100, 0xE5E5,
    0x0000, 0x0000, 0x0000, 0xE5E1, 0x0000, 0x0000, 0x0000, 0xE5E1, 0x0000, 0x0000, 0x0000, 0xE5E1,
    0x0000, 0x0000, 0x0000, 0xE5E1, 0xE8E5, 0xE8E5, 0xE8E5, 0xEDE5, 0xE5E5, 0xE5E5, 0xE5E5, 0xE5E5,
    0xE5E5, 0xE8E5, 0xE5E5, 0xE8E5, 0xE5E5, 0xE5E5, 0xE5E5, 0xE5E5, 0xE5E5, 0xE5E5, 0xE5E5, 0xE5E5,
    0xE5E5, 0xE5E5, 0xE5E5, 0xE5E5, 0xE5E5, 0xE5E5, 0xE5E5, 0xE5E5, 0xE5E5, 0xE5E5, 0xE5E5, 0xE1E5,
    0xE4E4, 0xE4E4, 0xE4E4, 0xE6E3, 0xE4ED, 0xE4E4, 0xE4E4, 0xE3E4, 0xEDE1, 0xE4E4, 0xE4E4, 0xE4E4,
    0xE1E5, 0xE3ED, 0xE4E4, 0xE4E4, 0xE1E5, 0xEDE1, 0xE3ED, 0xE4E4, 0xE1E5, 0xE1E1, 0xEDE1, 0xE3ED,
    0xE1E5, 0xE1E1, 0xE1E1, 0xEDE1, 0xE1E5, 0xE1E1, 0xE1E1, 0xE7E1, 0xEDED, 0xE6ED, 0xE4E4, 0xE4E4,
    0xE6E6, 0xE6E6, 0xE4E4, 0xE4E4, 0xE4E4, 0xE4E4, 0xE4E4, 0xE4E4, 0xE4E4, 0xE4E4, 0xE4E4, 0xEDE3,
    0xE4E4, 0xE4E4, 0xEDE3, 0xE3ED, 0xE4E4, 0xEDE3, 0xE3ED, 0xE3E3, 0xEDED, 0xE3ED, 0xE3E3, 0xE3E3,
    0xE6E7, 0xEDE6, 0xE3E3, 0xE6ED, 0xE4E4, 0xEDE4, 0xE5E5, 0xE5E5, 0xE4E4, 0xE5ED, 0xE5E5, 0xE5E1,
    0xEDE3, 0xE5ED, 0xE1E1, 0xE5E5, 0xE3ED, 0xE1ED, 0xE1E7, 0xE1E5, 0xE3E3, 0xE7ED, 0xE7E7, 0xE7E1,
    0xE3E3, 0xE7ED, 0xE7E7, 0xE7E7, 0xE6ED, 0xE7E6, 0x0000, 0x0000, 0xE6E6, 0xE7E6, 0x0000, 0x0000,
    0xE5E5, 0xE5E5, 0xE7E1, 0xE5E1, 0xE5E5, 0xE1E5, 0xE7E7, 0xE5E1, 0xE1E5, 0xE7E1, 0x00E7, 0xE1E7,
    0xE7E1, 0xE7E7, 0x0000, 0xE7E7, 0xE7E7, 0x00E7, 0x0000, 0xE700, 0x0000, 0x0000, 0x0000, 0x0000,
    0x0000, 0x0000, 0x0000, 0x0000, 0x0000, 0x0000, 0x0000, 0x0000, 0xE7E1, 0x00E7, 0x0000, 0x0000,
    0xE7E1, 0x0000, 0x0000, 0x0000, 0xE7E7, 0x0000, 0x0000, 0x0000, 0x00E7, 0x0000, 0x0000, 0x0000,
    0x0000, 0x0000, 0x0000, 0x0000, 0x0000, 0x0000, 0x0000, 0x0000, 0x0000, 0x0000, 0x0000, 0x0000,
    0x0000, 0x0000, 0x0000, 0x0000, 0x0000, 0x0000, 0x0000, 0x0000, 0x0000, 0x0000, 0x0000, 0x0000,
    0x0000, 0x0000, 0x0000, 0x0000, 0x0000, 0x0000, 0x0000, 0x0000, 0x0000, 0x0000, 0x0000, 0xE100,
    0x0000, 0x0000, 0x0000, 0xE800, 0x0000, 0x0000, 0x0000, 0xE7E1, 0x0000, 0x0000, 0x0000, 0xE7E8,
    0x0000, 0xE100, 0xE7E8, 0xE7E7, 0x0000, 0xE8E1, 0xE7E7, 0xE7E7, 0xE100, 0xE7E8, 0xE7E7, 0xE9E9,
    0xE8E1, 0xE7E7, 0xE9E7, 0xE9E9, 0xE7E8, 0xE7E7, 0xE9E7, 0xE9E9, 0xE7E7, 0xE7E7, 0xE9E7, 0xE7E9,
    0xE7E7, 0xE7E7, 0xE9E7, 0xE7E9, 0xE7E7, 0xE7E7, 0xE7E7, 0xE7E7, 0xE7E7, 0xE7E7, 0xE7E7, 0xE7E7,
    0xE7E9, 0xE7E7, 0xE7E7, 0xE7E7, 0xE7E7, 0xE7E7, 0xE7E9, 0xE7E7, 0xE7E7, 0xE9E9, 0xE7E7, 0xE7E7,
    0xE7E7, 0xE9E9, 0xE7E7, 0xE7E7, 0xE7E7, 0xE9E9, 0xE7E7, 0xE7E7, 0xE9E7, 0xE7E9, 0xE7E7, 0xE7E7,
    0xE9E7, 0xE7E9, 0xE7E7, 0xE9E7, 0xE7E7, 0xE7E7, 0xE7E7, 0xE7E7, 0xE7E7, 0xE7E7, 0xE7E7, 0xE7E7,
    0xE7E7, 0xE7E7, 0xE7E7, 0xE7E7, 0xE9E7, 0xE7E7, 0xE7E7, 0xE7E7, 0xE7E7, 0xE7E7, 0xE7E7, 0xE7E7,
    0xE7E7, 0xE7E7, 0xE7E7, 0xE7E7, 0xE7E9, 0xE7E7, 0xE7E7, 0xE7E7, 0xE7E9, 0xE7E7, 0xE7E7, 0xE7E7,
    0xE7E7, 0xE7E7, 0xE7E7, 0xE7E7, 0xE7E7, 0xE7E7, 0xE7E7, 0xE7E7, 0xE7E7, 0xE7E7, 0xE7E7, 0xE7E7,
    0xE7E7, 0xE7E7, 0xE7E7, 0xE7E7, 0xE7E7, 0xE7E7, 0xE7E7, 0xE7E7, 0xE7E7, 0xE7E7, 0xE7E7, 0xE7E7,
    0xE7E7, 0xE7E7, 0xE7E7, 0xE7E7, 0xE7E7, 0xE7E7, 0xE7E7, 0xE7E7, 0xE7E7, 0xE7E7, 0xE1E1, 0x0000,
    0xE7E7, 0xE7E7, 0xE8E8, 0xE1E1, 0xE7E7, 0xE7E7, 0xE8E7, 0xE8E7, 0xE7E7, 0xE7E7, 0xE7E7, 0xE7E7,
    0xE7E7, 0xE7E7, 0xE7E7, 0xE7E9, 0xE7E7, 0xE7E7, 0xE9E7, 0xE9E9, 0xE7E7, 0xE7E7, 0xE9E9, 0xE7E7,
    0xE7E7, 0xE7E8, 0xE7E7, 0xE7E9, 0x0000, 0x0000, 0x0000, 0x0000, 0x0000, 0x0000, 0x0000, 0x0000,
    0x00E1, 0x0000, 0x0000, 0x0000, 0xE1E8, 0x0000, 0x0000, 0x0000, 0xE8E7, 0x00E1, 0x0000, 0x0000,
    0xE7E7, 0xE1E8, 0x0000, 0x0000, 0xE7E7, 0xE1E7, 0x0000, 0x0000, 0xE7E7, 0xE8E7, 0x00E1, 0x0000,
    0x0000, 0x0000, 0x0000, 0x0000, 0x0000, 0x0000, 0x0000, 0x0000, 0x0000, 0x0000, 0x0000, 0x0000,
    0x0000, 0x0000, 0x0000, 0x0000, 0x0000, 0x0000, 0x0000, 0x0000, 0x0000, 0x0000, 0x0000, 0x0000,
    0x0000, 0x0000, 0x0000, 0x0000, 0x0000, 0x0000, 0x0000, 0x0000, 0x0000, 0x0000, 0x0000, 0x0000,
    0x0000, 0x0000, 0x0000, 0x0000, 0x0000, 0x0000, 0x0000, 0x0000, 0x0000, 0x0000, 0x0000, 0x0000,
    0x0000, 0x0000, 0x0000, 0x0000, 0x0000, 0x0000, 0x0000, 0x0000, 0x0000, 0x0000, 0x0000, 0x0000,
    0x0000, 0x0000, 0x0000, 0x0000, 0x0000, 0x0000, 0x0000, 0xE5E1, 0x0000, 0x0000, 0x0000, 0xE100,
    0x0000, 0x0000, 0x0000, 0xE100, 0x0000, 0x0000, 0x0000, 0xE100, 0x0000, 0x0000, 0x0000, 0x0000,
    0x0000, 0x0000, 0x0000, 0xE600, 0x0000, 0x0000, 0x0000, 0xEAE6, 0x0000, 0x0000, 0xE600, 0xEBEA,
    0xE5E5, 0xE1E5, 0xE5E5, 0xE1E5, 0xE5E5, 0xE1E5, 0xE5E5, 0xE1E5, 0xE5E5, 0xEAE1, 0xE5E1, 0xE1E5,
    0xE5E5, 0xEAE1, 0xE5E1, 0xE1E5, 0xE5E1, 0xEAE1, 0xE1EA, 0xE1E5, 0xE5E1, 0xEAE1, 0xEAEA, 0xEAE1,
    0xE5E1, 0xEBE1, 0xEBEB, 0xEBEB, 0xEBEB, 0xEBEA, 0xEBEB, 0xEBEB, 0xE1E1, 0xE1E1, 0xE1E1, 0xE7E1,
    0xE1E7, 0xE7E1, 0xE1E7, 0xEDED, 0xE6E6, 0xE6E6, 0xEDED, 0xE3E3, 0xE6EA, 0xE6EA, 0xE3E3, 0xE3E3,
    0xE6EA, 0xE6EA, 0xEDE6, 0xE4E3, 0xEAEB, 0xE6EA, 0xE3E3, 0xEDE6, 0xEAEB, 0xEAEA, 0xE4E6, 0xE4E4,
    0xEBEB, 0xEAE6, 0xE6EA, 0xE4E3, 0xE6ED, 0xE6E6, 0xE6E6, 0xE6E6, 0xEDE3, 0xE6ED, 0xE6E6, 0xEDE6,
    0xEDE3, 0xE3E3, 0xE3E3, 0xE4E4, 0xE3E3, 0xE4E4, 0xE4E4, 0xE4E4, 0xE4E4, 0xE4E4, 0xE4E4, 0xE4E4,
    0xE3ED, 0xE4E4, 0xE4E4, 0xE4E4, 0xE3E4, 0xE4ED, 0xE4E4, 0xE4E4, 0xE4E4, 0xE4E4, 0xE4E4, 0xE4E4,
    0xEDE6, 0xEDE3, 0x00E7, 0x0000, 0xE4E4, 0xE3E4, 0xE7ED, 0x0000, 0xE4E4, 0xE4E4, 0xE6E3, 0xE6E6,
    0xE4E4, 0xE4E4, 0xE4E4, 0xE6E3, 0xE4E4, 0xE4E4, 0xE3E4, 0xE6ED, 0xE4E4, 0xEDED, 0xE4E3, 0xE6E4,
    0xE3ED, 0xE4E4, 0xE4E4, 0xE6E3, 0xE4E4, 0xE4E4, 0xE3E4, 0xEBE6, 0x0000, 0x0000, 0x0000, 0x0000,
    0x0000, 0x0000, 0x0000, 0x0000, 0xE7E6, 0x0000, 0x0000, 0x0000, 0xE6EB, 0xE6E6, 0xE6E6, 0xE6E6,
    0xE6EB, 0xEBEB, 0xEBEB, 0xEBEB, 0xE6EB, 0xEBEB, 0xEBEB, 0xEBEB, 0xE6EB, 0xEBEB, 0xEBEB, 0xEBEB,
    0xEBE6, 0xEBEB, 0xEBEB, 0xEBEB, 0x0000, 0x0000, 0x0000, 0x0000, 0x0000, 0x0000, 0x0000, 0x0000,
    0x0000, 0x0000, 0x0000, 0x0000, 0xE7E6, 0x0000, 0x0000, 0x0000, 0xEBEB, 0xE6E6, 0x00E7, 0x0000,
    0xEBEB, 0xEBEB, 0xE6E6, 0x00E7, 0xEBEB, 0xEBEB, 0xEBEB, 0xE7E6, 0xEAEB, 0xEBEB, 0xEBEB, 0xE6EB,
    0x0000, 0x0000, 0xE100, 0xE7E7, 0x0000, 0x0000, 0xE800, 0xE7E7, 0x0000, 0x0000, 0xE7E1, 0xE7E7,
    0x0000, 0xE100, 0xE7E7, 0xE7E7, 0x0000, 0xE100, 0xE7E7, 0xE7E7, 0x0000, 0xE8E1, 0xE7E7, 0xE7E7,
    0x0000, 0xE7E1, 0xE7E7, 0xE7E7, 0xE100, 0xE7E8, 0xE7E7, 0xE7E7, 0xE7E7, 0xE7E7, 0xE9E9, 0xE7E7,
    0xE7E7, 0xE7E7, 0xE9E9, 0xE7E7, 0xE7E7, 0xE7E7, 0xE7E7, 0xE7E7, 0xE7E7, 0xE7E7, 0xE7E7, 0xE7E7,
    0xE7E7, 0xE7E7, 0xE7E7, 0xE7E7, 0xE7E7, 0xE7E7, 0xE7E7, 0xE7E7, 0xE7E7, 0xE7E7, 0xE7E7, 0xE8E7,
    0xE7E7, 0xE7E7, 0xE7E7, 0xE1E8, 0xE7E7, 0xE7E7, 0xE7E7, 0xE9E7, 0xE7E7, 0xE7E7, 0xE7E8, 0xE7E7,
    0xE7E7, 0xE8E7, 0xE7E7, 0xE7E7, 0xE7E7, 0xE7E8, 0xE7E7, 0xE7E7, 0xE8E7, 0xE7E7, 0xE7E7, 0xE7E7,
    0xE1E8, 0xE7E7, 0xE7E7, 0xE8E7, 0xE8E1, 0xE7E7, 0xE7E7, 0xE8E7, 0xE7E1, 0xE7E7, 0xE7E7, 0xE5E8,
    0xE7E9, 0xE7E9, 0xE7E7, 0xE7E7, 0xE7E7, 0xE7E7, 0xE7E7, 0xE7E7, 0xE7E7, 0xE7E7, 0xE7E7, 0xE7E8,
    0xE7E7, 0xE7E7, 0xE8E7, 0xE7E7, 0xE7E7, 0xE1E8, 0xE7E1, 0xE7E7, 0xE1E1, 0xE3E3, 0xE7E8, 0xE5E7,
    0xE4E3, 0xE4E4, 0xE7ED, 0xE5E7, 0xE4E4, 0xE4E4, 0xE8E1, 0xE4E1, 0xE7E7, 0xE7E7, 0xE7E7, 0xE7E7,
    0xE7E7, 0xE7E7, 0xE7E7, 0xE1E7, 0xE7E7, 0xE7E7, 0xE8E7, 0xE8E5, 0xE7E7, 0xE5E8, 0xE4E3, 0xE7E4,
    0xE5E8, 0xE4E4, 0xE4E4, 0xE8E4, 0xE4E4, 0xE4E4, 0xE4E4, 0xE7E8, 0xE4E4, 0xE4E4, 0xE4E4, 0xE8E7,
    0xE4E4, 0xE4E4, 0xE4E4, 0xE7E3, 0xE8E7, 0xE7E7, 0xE7E7, 0xE7E7, 0xE7E8, 0xE7E8, 0xE9E7, 0xE7E7,
    0xE8E7, 0xE7E7, 0xE7E7, 0xE7E7, 0xE7E8, 0xE7E8, 0xE7E7, 0xE7E7, 0xE8E7, 0xE7E7, 0xE7E7, 0xE7E7,
    0xE7E8, 0xE7E8, 0xE7E7, 0xE7E7, 0xE8E7, 0xE7E7, 0xE7E7, 0xE7E7, 0xE7E8, 0xE7E8, 0xE7E7, 0xE7E7,
    0xE7E7, 0xE7E7, 0x00E1, 0x0000, 0xE7E7, 0xE7E7, 0xE1E8, 0x0000, 0xE7E7, 0xE7E7, 0xE1E7, 0x0000,
    0xE7E7, 0xE7E7, 0xE1E7, 0x0000, 0xE7E7, 0xE7E7, 0xE1E7, 0x0000, 0xE7E7, 0xE7E7, 0xE1E7, 0x0000,
    0xE7E7, 0xE7E7, 0xE1E7, 0x0000, 0xE7E7, 0xE7E7, 0xE1E7, 0x0000, 0x0000, 0x0000, 0x0000, 0x0000,
    0x0000, 0x0000, 0x0000, 0x0000, 0x0000, 0x0000, 0x0000, 0x0000, 0x0000, 0x0000, 0x0000, 0x0000,
    0x0000, 0x0000, 0x0000, 0x0000, 0x0000, 0x0000, 0x0000, 0x0000, 0x0000, 0x0000, 0x0000, 0x0000,
    0x00E7, 0x0000, 0x0000, 0x0000, 0x0000, 0x0000, 0x0000, 0x0000, 0x0000, 0x0000, 0x0000, 0x0000,
    0x0000, 0x0000, 0x0000, 0x0000, 0x0000, 0x0000, 0x0000, 0x0000, 0x0000, 0x0000, 0x0000, 0x0000,
    0x0000, 0x0000, 0x0000, 0x0000, 0x0000, 0x0000, 0x0000, 0x0000, 0x0000, 0x0000, 0x0000, 0x0000,
    0x0000, 0x0000, 0xEAE6, 0xEBEB, 0x0000, 0x0000, 0xEBE6, 0xEBEB, 0x0000, 0xE600, 0xEBEA, 0xEBEB,
    0x0000, 0xEAE6, 0xEBEB, 0xEBEB, 0x0000, 0xEBE6, 0xEBEB, 0xEBEB, 0xE600, 0xEBEA, 0xEBEB, 0xEBEB,
    0xE600, 0xEBEB, 0xEAEB, 0xEBEB, 0xE600, 0xEBEB, 0xEBEB, 0xEBEA, 0xE6EB, 0xEBEB, 0xEBEB, 0xEBEB,
    0xEAEB, 0xEBEB, 0xEBEB, 0xEBEB, 0xE6EB, 0xEBEB, 0xEBEB, 0xEAEB, 0xE6EB, 0xEBEB, 0xEBEB, 0xECEA,
    0xE6EB, 0xEBEB, 0xEAEB, 0xECEC, 0xEAEB, 0xEAEB, 0xECE6, 0xECEC, 0xEAEB, 0xE6EA, 0xECE7, 0xECEC,
    0xEAEB, 0xE7EA, 0xECEC, 0xECEC, 0xEAEB, 0xE6E7, 0xEAEA, 0xE6E6, 0xECEA, 0xECEC, 0xEAE7, 0xEBEB,
    0xECEC, 0xECEC, 0xE7EC, 0xE6EA, 0xECEC, 0xECEC, 0xECEC, 0xE7EC, 0xECEC, 0xECEC, 0xECEC, 0xECEC,
    0xECEC, 0xECEC, 0xECEC, 0xECEC, 0xECEC, 0xECEC, 0xECEC, 0xECEC, 0xECEC, 0xECEC, 0xECEC, 0xECEC,
    0xE4E3, 0xE4E4, 0xE4E4, 0xE4E4, 0xE6EA, 0xE3E6, 0xE4E4, 0xE4E4, 0xEBEB, 0xEAEB, 0xE6E6, 0xE6E6,
    0xE6EA, 0xEBEA, 0xEBEB, 0xEBEB, 0xECEC, 0xEAE7, 0xE6E6, 0xE6E6, 0xECEC, 0xECEC, 0xECEC, 0xECEC,
    0xECEC, 0xECEC, 0xECEC, 0xECEC, 0xECEC, 0xECEC, 0xECEC, 0xECEC, 0xE4E4, 0xE3E4, 0xE6E6, 0xE6EB,
    0xE6E3, 0xEAE6, 0xEBEB, 0xE7EA, 0xEBEA, 0xEBEB, 0xEAE6, 0xECE7, 0xEAEB, 0xEAE6, 0xECE7, 0xECEC,
    0xE7EA, 0xECEC, 0xECEC, 0xECEC, 0xECEC, 0xECEC, 0xECEC, 0xECEC, 0xECEC, 0xECEC, 0xECEC, 0xECEC,
    0xECEC, 0xECEC, 0xECEC, 0xECEC, 0xEBEB, 0xEBEB, 0xEBEB, 0xEBEB, 0xEBEA, 0xEBEB, 0xEBEB, 0xEBEB,
    0xE6E7, 0xEBEB, 0xEBEB, 0xEBEB, 0xECEC, 0xEBEA, 0xEBEB, 0xEAEB, 0xECEC, 0xEAEC, 0xEBEB, 0xE6EB,
    0xECEC, 0xECEC, 0xEBEA, 0xEAEB, 0xECEC, 0xECEC, 0xE6E7, 0xEBEA, 0xECEC, 0xECEC, 0xE7EC, 0xEBE6,
    0xEBEA, 0xEBEB, 0xEBEB, 0xEBEB, 0xEBE6, 0xEBEB, 0xEBEB, 0xEBEB, 0xEBEA, 0xEBEB, 0xEBEB, 0xEAEB,
    0xEBEB, 0xEBEB, 0xEBEB, 0xEAE6, 0xEBEB, 0xEBEB, 0xE6EB, 0xEAEA, 0xEBEB, 0xEBEB, 0xEAE6, 0xEBEA,
    0xEBEB, 0xEBEB, 0xEBEA, 0xEBEB, 0xEBEB, 0xEAEB, 0xEBEB, 0xEBEB, 0xE100, 0xE7E7, 0xE7E7, 0xE7E7,
    0xE100, 0xE7E7, 0xE7E7, 0xE7E7, 0xE100, 0xE7E7, 0xE7E7, 0xE7E7, 0xE100, 0xE7E7, 0xE7E7, 0xE7E7,
    0xE100, 0xE7E7, 0xE7E7, 0xE7E7, 0xE100, 0xE7E7, 0xE7E7, 0xE7E7, 0xE100, 0xE7E7, 0xE7E8, 0xE7E8,
    0xE100, 0xE7E7, 0xE7E7, 0xE7E7, 0xE7E7, 0xE7E7, 0xE8E7, 0xE1E1, 0xE7E7, 0xE8E7, 0xE6E6, 0xE6E6,
    0xE7E7, 0xE6E8, 0xE6E6, 0xE6E6, 0xE7E7, 0xE3E6, 0xE3E3, 0xE6E3, 0xE7E7, 0xE1E8, 0xE3E3, 0xE3E4,
    0xE7E7, 0xE1E7, 0xE3E3, 0xE3E3, 0xE7E8, 0xE1E8, 0xE3E3, 0xE4E4, 0xE7E7, 0xE6E7, 0xE6E6, 0xE6E6,
    0xE7E1, 0xE7E7, 0xE7E7, 0xE4E8, 0xE8E6, 0xE7E7, 0xE7E7, 0xE4E5, 0xE6E6, 0xE7E7, 0xE8E7, 0xE4E3,
    0xE6E6, 0xE8E6, 0xE5E8, 0xE4E4, 0xE6E3, 0xE6E6, 0xE3E8, 0xE4E4, 0xE3E3, 0xE6E6, 0xE4E5, 0xE4E4,
    0xE4E4, 0xE4E3, 0xE4E4, 0xE4E4, 0xE6E6, 0xE3E6, 0xE4E4, 0xE4E4, 0xE4E4, 0xE4E4, 0xE1E3, 0xE4E4,
    0xE4E4, 0xE4E4, 0xE4E4, 0xE4E4, 0xE3E4, 0xE6E6, 0xE6E6, 0xE6E6, 0xE6E3, 0xE6E6, 0xE6E6, 0xE6E6,
    0xE6E6, 0xE6E6, 0xE3E6, 0xE4E4, 0xE4E4, 0xE4E4, 0xE4E4, 0xE4E4, 0xE4E4, 0xE4E4, 0xE4E4, 0xE3E3,
    0xE4E4, 0xE4E4, 0xE3E4, 0xE4E4, 0xE4E4, 0xE4E4, 0xE4E4, 0xE5E4, 0xE4E4, 0xE4E4, 0xE4E4, 0xE4E4,
    0xE6E6, 0xE6E6, 0xE4E3, 0xE4E4, 0xE6E6, 0xE6E6, 0xE6E6, 0xE4E4, 0xE4E4, 0xE4E4, 0xEDE3, 0xE4E6,
    0xE4E4, 0xE4E4, 0xE4E4, 0xE6E4, 0xE3E3, 0xE3E3, 0xE4E4, 0xE4E4, 0xE4E4, 0xE4E4, 0xE4E3, 0xE4E4,
    0xE8E7, 0xE7E7, 0xE7E7, 0xE7E7, 0xE7E5, 0xE7E8, 0xE7E7, 0xE7E7, 0xE5E4, 0xE7E7, 0xE7E7, 0xE7E7,
    0xE3E4, 0xE7E8, 0xE7E7, 0xE7E7, 0xE4E4, 0xE7E5, 0xE7E8, 0xE7E8, 0xE4E4, 0xE7E5, 0xE7E7, 0xE7E7,
    0xE4E4, 0xE8E1, 0xE8E7, 0xE8E7, 0xE4E4, 0xE7E8, 0xE7E7, 0xE7E7, 0xE7E7, 0xE7E7, 0xE1E7, 0x0000,
    0xE7E7, 0xE7E7, 0xE1E8, 0x0000, 0xE7E7, 0xE7E7, 0xE1E5, 0x0000, 0xE7E7, 0xE7E7, 0x00E1, 0x0000,
    0xE7E8, 0xE8E8, 0x00E1, 0x0000, 0xE7E7, 0xE5E7, 0x00E1, 0x0000, 0xE8E7, 0xE1E7, 0x0000, 0x0000,
    0xE7E7, 0xE1E7, 0x0000, 0x0000, 0xE7E6, 0x0000, 0x0000, 0x0000, 0xE6EB, 0x00E7, 0x0000, 0x0000,
    0xE6EB, 0x00E7, 0x0000, 0x0000, 0xEBEA, 0xE7E6, 0x0000, 0x0000, 0xEBEA, 0xE7E6, 0x0000, 0x0000,
    0xEBEB, 0xE6EB, 0x00E7, 0x0000, 0xEBEB, 0xEBEB, 0xE7E6, 0x0000, 0xEBEB, 0xEBEB, 0xE7E6, 0x0000,
    0x0000, 0x0000, 0x0000, 0x0000, 0x0000, 0x0000, 0x0000, 0x0000, 0x0000, 0x0000, 0x0000, 0xE600,
    0x0000, 0x0000, 0x0000, 0x0000, 0x0000, 0x0000, 0x0000, 0x0000, 0x0000, 0x0000, 0x0000, 0xED00,
    0x0000, 0x0000, 0x0000, 0x0000, 0x0000, 0x0000, 0x0000, 0x0000, 0xEAE6, 0xEBEB, 0xEBEB, 0xEAEB,
    0xEBE6, 0xEBEB, 0xEBEB, 0xEBEB, 0xEBEA, 0xEBEB, 0xEBEB, 0xEBEB, 0xE6E6, 0xEBEA, 0xEBEB, 0xEBEB,
    0xE3E3, 0xE6E6, 0xEBEA, 0xEBEB, 0xE4E3, 0xE4E4, 0xE6E6, 0xEAE6, 0x0000, 0x0000, 0x0000, 0x0000,
    0x0000, 0x0000, 0x0000, 0x0000, 0xEAEA, 0xE7EA, 0xECE7, 0xECEC, 0xEAEA, 0xE7E6, 0xE7EC, 0xECEC,
    0xEAEA, 0xE7E6, 0xECE7, 0xECEC, 0xEAEA, 0xE7E6, 0xE7EC, 0xECEC, 0xEAEA, 0xE7E6, 0xECE7, 0xECEC,
    0xEAEA, 0xE7E6, 0xE7EC, 0xECEC, 0x0000, 0x0000, 0x0000, 0x0000, 0x0000, 0x0000, 0x0000, 0x0000,
    0xECEC, 0xECEC, 0xECEC, 0xECEC, 0xECEC, 0xECEC, 0xECEC, 0xECEC, 0xECEC, 0xECEC, 0xECEC, 0xECEC,
    0xECEC, 0xECEC, 0xECEC, 0xECEC, 0xECEC, 0xECEC, 0xECEC, 0xECEC, 0xECEC, 0xECEC, 0xECEC, 0xECEC,
    0x0000, 0x0000, 0x0000, 0x0000, 0x0000, 0x0000, 0x0000, 0x0000, 0xECEC, 0xECEC, 0xECEC, 0xECEC,
    0xECEC, 0xECEC, 0xECEC, 0xECEC, 0xECEC, 0xECEC, 0xECEC, 0xECEC, 0xECEC, 0xECEC, 0xECEC, 0xECEC,
    0xECEC, 0xECEC, 0xECEC, 0xECEC, 0xECEC, 0xECEC, 0xECEC, 0xECEC, 0x0000, 0x0000, 0x0000, 0x0000,
    0x0000, 0x0000, 0x0000, 0x0000, 0xECEC, 0xECEC, 0xECEC, 0xECEC, 0xECEC, 0xECEC, 0xECEC, 0xECEC,
    0xECEC, 0xECEC, 0xECEC, 0xECEC, 0xECEC, 0xECEC, 0xECEC, 0xECEC, 0xECEC, 0xECEC, 0xECEC, 0xECEC,
    0xECEC, 0xECEC, 0xECEC, 0xECEC, 0x0000, 0x0000, 0x0000, 0x0000, 0x0000, 0x0000, 0x0000, 0x0000,
    0xECEC, 0xECEC, 0xE7E7, 0xEBE6, 0xECEC, 0xECEC, 0xE7EC, 0xEBE6, 0xECEC, 0xECEC, 0xE7E7, 0xEBE6,
    0xECEC, 0xECEC, 0xE7EC, 0xEBE6, 0xECEC, 0xECE7, 0xE7EC, 0xEBE6, 0xECEC, 0xECEC, 0xE7EC, 0xEAE6,
    0x0000, 0x0000, 0x0000, 0x0000, 0x0000, 0x0000, 0x0000, 0x0000, 0xEBEB, 0xEBEB, 0xEBEB, 0xEBEB,
    0xEBEB, 0xEBEB, 0xEBEB, 0xEBEB, 0xEBEB, 0xEBEB, 0xE6EB, 0xE6E6, 0xEBEB, 0xE6EB, 0xE3E6, 0xE3E3,
    0xEBEB, 0xE3E6, 0xE3E3, 0xE4E4, 0xE6EA, 0xE3E3, 0xE4E3, 0xE4E4, 0x0000, 0x0000, 0x0000, 0x0000,
    0x0000, 0x0000, 0x0000, 0x0000, 0xE100, 0xE7E8, 0xE8E7, 0xE8E7, 0xE100, 0xE7E5, 0xE7E8, 0xE7E7,
    0x0000, 0xE8E1, 0xE8E8, 0xE8E7, 0x0000, 0xE5E1, 0xE7E8, 0xE7E8, 0x0000, 0xE100, 0xE8E8, 0xE8E8,
    0x0000, 0xE100, 0xE8E8, 0xE7E8, 0x0000, 0xE100, 0xE8E5, 0xE8E8, 0x0000, 0x0000, 0xE8E1, 0xE8E7,
    0xE8E7, 0xE6E7, 0xE6E6, 0xE9E7, 0xE7E7, 0xE1E7, 0xE7E6, 0xE9E9, 0xE8E7, 0xE1E7, 0xE9E6, 0xE9E9,
    0xE7E8, 0xE1E8, 0xE6E3, 0xE9E7, 0xE8E8, 0xE1E8, 0xE3E3, 0xE9E3, 0xE7E8, 0xE8E8, 0xE4E3, 0xE3E4,
    0xE8E8, 0xE8E8, 0xE4E5, 0xE4E4, 0xE8E7, 0xE8E7, 0xE4E5, 0xE4E4, 0xE5E5, 0xE6E1, 0xE4E3, 0xE4E4,
    0xE9E9, 0xE1E1, 0xE4E6, 0xE4E4, 0xE5E1, 0xE1E1, 0xE3E6, 0xE4E4, 0xE1E9, 0xE7E7, 0xE3ED, 0xE4E4,
    0xE9E9, 0xEDE1, 0xE4E4, 0xE4E4, 0xE4E4, 0xE4E4, 0xE4E4, 0xE4E4, 0xE4E4, 0xE4E4, 0xE4E4, 0xE4E4,
    0xE4E4, 0xE4E4, 0xE4E4, 0xE3E3, 0xE4E4, 0xE4E4, 0xEDED, 0xE6ED, 0xE4E4, 0xE4E4, 0xE6E3, 0xE1E1,
    0xE4E4, 0xE3E4, 0xE9E6, 0xE1E9, 0xE4E4, 0xE3E4, 0xE5E7, 0xE1E1, 0xE4E4, 0xE4E4, 0xE1ED, 0xE7E7,
    0xE4E4, 0xE4E4, 0xE4E4, 0xE1E1, 0xE4E4, 0xE4E4, 0xE4E4, 0xE4E4, 0xE4E4, 0xE4E4, 0xE4E4, 0xE4E4,
    0xE6E6, 0xE6E6, 0xE6E6, 0xE6E6, 0xE1E1, 0xE9E1, 0xE9E9, 0xE6E6, 0xE1E1, 0xE9E1, 0xE9E9, 0xE6E6,
    0xE5E1, 0xE9E5, 0xE9E9, 0xE3E6, 0xE5E5, 0xE9E8, 0xE6E9, 0xE4E3, 0xE8E1, 0xE9E9, 0xE3E6, 0xE4E4,
    0xE4E4, 0xE4E4, 0xE4E4, 0xE4E4, 0xE4E4, 0xE4E4, 0xE4E4, 0xE4E4, 0xE3E4, 0xE8E7, 0xE8E7, 0xE8E7,
    0xE1E4, 0xE7E8, 0xE7E8, 0xE7E8, 0xE1E4, 0xE8E7, 0xEDED, 0xE8ED, 0xE1E4, 0xE1E8, 0xE4E4, 0xEDE3,
    0xE4E4, 0xE3E1, 0xEDED, 0xE3ED, 0xE4E4, 0xEDE3, 0xE3E3, 0xE4E3, 0xE4E4, 0xE3ED, 0xE3E3, 0xE4E3,
    0xE4E4, 0xE3E4, 0xE3E3, 0xE3E4, 0xE8E7, 0xE1E7, 0x0000, 0x0000, 0xE7E8, 0xE1E8, 0x0000, 0x0000,
    0xE8E7, 0xE1E7, 0x0000, 0x0000, 0xE8E8, 0xE1E8, 0x0000, 0x0000, 0xE8ED, 0xE7E7, 0x00E1, 0x0000,
    0xE8ED, 0xE8E8, 0x00E1, 0x0000, 0xE7ED, 0xE8E8, 0xE1E5, 0x0000, 0xE8E5, 0xE8E8, 0xE1E8, 0x0000,
    0xEBEB, 0xEBEB, 0xE6EB, 0x00E7, 0xE6E6, 0xE6E6, 0xE6E6, 0xE7E6, 0xE3E3, 0xE3E3, 0xE6ED, 0xE7E6,
    0xE3E3, 0xE3E3, 0xE6ED, 0xE7E6, 0xE4E4, 0xE4E4, 0xE7ED, 0x0000, 0xE4E4, 0xE4E4, 0xEDE4, 0x0000,
    0x0000, 0x0000, 0x0000, 0x0000, 0x0000, 0x0000, 0x0000, 0x0000, 0x0000, 0x0000, 0xE8E1, 0xE8E8,
    0x0000, 0x0000, 0xE5E1, 0xE8E8, 0x0000, 0x0000, 0xE100, 0xE8E8, 0x0000, 0x0000, 0xE100, 0xE5E8,
    0x0000, 0x0000, 0xE100, 0xE8E8, 0x0000, 0x0000, 0xE100, 0xE8E5, 0x0000, 0x0000, 0xE100, 0xE5E8,
    0x0000, 0x0000, 0xE100, 0xE5E5, 0xE8E8, 0xE8E8, 0xE1E8, 0xE4E4, 0xE8E8, 0xE8E1, 0xE5E8, 0xE4E4,
    0xE8E8, 0xE1E8, 0xE8E8, 0xE4E1, 0xE5E8, 0xE5E8, 0xE1E1, 0xE4ED, 0xE8E8, 0xE8E8, 0xE3ED, 0xE4E4,
    0xE8E5, 0xE8E5, 0xE3ED, 0xE4E4, 0xE5E8, 0xE5E8, 0xEDE5, 0xE4E4, 0xE5E5, 0xE5E5, 0xE5E5, 0xE4ED,
    0xE4E4, 0xE4E4, 0xE3E4, 0xE6E6, 0xE4E4, 0xE4E4, 0xE3E4, 0xE6E6, 0xE4E4, 0xE4E4, 0xE4E4, 0xE6E3,
    0xE4E4, 0xE4E4, 0xE4E4, 0xE4E4, 0xE4E4, 0xE4E4, 0xE4E4, 0xE4E4, 0xE4E4, 0xE4E4, 0xE4E4, 0xE6E3,
    0xE4E4, 0xE4E4, 0xE4E4, 0xE6E6, 0xE4E4, 0xE4E4, 0xE4E4, 0xE6E6, 0xE4E3, 0xE4E3, 0xE4E4, 0xE4E4,
    0xE6E6, 0xE4E4, 0xE4E4, 0xE4E4, 0xE4E6, 0xE4E4, 0xE4E4, 0xE4E4, 0xE4E4, 0xE4E4, 0xE4E4, 0xE4E4,
    0xE4E4, 0xE4E4, 0xE4E4, 0xE4E4, 0xE6E6, 0xE4E4, 0xE4E4, 0xE4E4, 0xE9E9, 0xE3E6, 0xE4E4, 0xE4E4,
    0xEDE6, 0xE6ED, 0xE4E4, 0xE4E4, 0xE4E4, 0xE4E4, 0xE4E4, 0xE4E4, 0xE4E4, 0xE4E4, 0xE4E4, 0xE3E4,
    0xE4E4, 0xE4E4, 0xE4E4, 0xEDE4, 0xE4E4, 0xE4E4, 0xE4E4, 0xEDE3, 0xE4E4, 0xE4E4, 0xE4E4, 0xE8ED,
    0xE4E4, 0xE4E4, 0xE3E4, 0xE5E8, 0xE4E4, 0xE4E4, 0xEDE4, 0xE5E5, 0xE4E4, 0xE4E4, 0xE5ED, 0xE8E5,
    0xE4E4, 0xEDE4, 0xE4E3, 0xE8E4, 0xE3ED, 0xE6E6, 0xE4E4, 0xE8ED, 0xEDE5, 0xE6E6, 0xEDE3, 0xE5E5,
    0xEDE8, 0xE6E6, 0xE5ED, 0xE8E8, 0xE8E8, 0xE8E8, 0xE8E8, 0xE8E8, 0xE5E8, 0xE5E8, 0xE5E8, 0xE5E1,
    0xE5E5, 0xE5E5, 0xE5E5, 0xE5E1, 0xE8E5, 0xE8E5, 0xE1E5, 0xE8E1, 0xE8E8, 0xE5E8, 0xE5E8, 0x00E1,
    0xE8E8, 0xE1E8, 0xE1E1, 0x0000, 0xE5E8, 0xE1E8, 0xE7E7, 0x0000, 0xE8E8, 0xE1E8, 0xE7E7, 0x0000,
    0xE8E5, 0xE1E5, 0x0000, 0x0000, 0xE5E8, 0xE7E1, 0x0000, 0x0000, 0xE1E5, 0xE7E7, 0x0000, 0x0000,
    0xE1E5, 0xE7E7, 0x0000, 0x0000, 0x0000, 0x0000, 0x0000, 0x0000, 0x0000, 0x0000, 0x0000, 0x0000,
    0x0000, 0x0000, 0x0000, 0x0000, 0x0000, 0x0000, 0x0000, 0x0000, 0x0000, 0x0000, 0x0000, 0x0000,
    0x0000, 0x0000, 0x0000, 0x0000, 0x0000, 0x0000, 0x0000, 0x0000, 0x0000, 0x0000, 0x0000, 0x0000,
    0x0000, 0x0000, 0x0000, 0x0000, 0x0000, 0x0000, 0x0000, 0x0000, 0x0000, 0x0000, 0x0000, 0x0000,
    0x0000, 0x0000, 0x0000, 0x0000, 0x0000, 0x0000, 0x0000, 0x0000, 0x0000, 0x0000, 0x0000, 0x0000,
    0x0000, 0x0000, 0x0000, 0x0000, 0x0000, 0x0000, 0x0000, 0x0000, 0x0000, 0x0000, 0x0000, 0x0000,
    0x0000, 0x0000, 0x0000, 0x0000, 0x0000, 0x0000, 0x0000, 0x0000, 0x0000, 0x0000, 0x0000, 0x0000,
    0x0000, 0x0000, 0x0000, 0x0000, 0x0000, 0x0000, 0x0000, 0x0000, 0x0000, 0x0000, 0x0000, 0x0000,
    0x0000, 0x0000, 0x0000, 0x0000, 0x0000, 0x0000, 0x0000, 0x0000, 0x0000, 0x0000, 0x0000, 0x0000,
    0x0000, 0x0000, 0x0000, 0x0000, 0x0000, 0x0000, 0x0000, 0x0000, 0x0000, 0x0000, 0x0000, 0x0000,
    0x0000, 0x0000, 0x0000, 0x0000, 0x0000, 0x0000, 0x0000, 0x0000, 0x0000, 0x0000, 0x0000, 0xEE00,
    0x0000, 0x0000, 0x0000, 0x0000, 0x0000, 0x0000, 0x0000, 0x0000, 0x0000, 0x0000, 0x0000, 0x0000,
    0x0000, 0x0000, 0x0000, 0x0000, 0x0000, 0x0000, 0x0000, 0x0000, 0x0000, 0xEE00, 0xEEEE, 0xEEEE,
    0xEE00, 0xE8EE, 0xE8E8, 0xE8E8, 0xE8EE, 0xE8E8, 0xE8E8, 0xE8E8, 0x0000, 0x0000, 0x0000, 0x0000,
    0x0000, 0x0000, 0x0000, 0x0000, 0x0000, 0x0000, 0x0000, 0x0000, 0x0000, 0x0000, 0x0000, 0x0000,
    0x0000, 0x0000, 0x0000, 0x0000, 0xEEEE, 0xEEEE, 0xEEEE, 0xEEEE, 0xE8E8, 0xE8E8, 0xE8E8, 0xE8E8,
    0xE8E8, 0xE8E8, 0xE8E8, 0xE8E8, 0x0000, 0x0000, 0x0000, 0x0000, 0x0000, 0x0000, 0x0000, 0x0000,
    0x0000, 0x0000, 0x0000, 0x0000, 0x0000, 0x0000, 0x0000, 0x0000, 0x0000, 0x0000, 0x0000, 0x0000,
    0x0000, 0x0000, 0x0000, 0x0000, 0xEEEE, 0x0000, 0x0000, 0x0000, 0xE8E8, 0xEEEE, 0x0000, 0x0000,
    0x0000, 0x0000, 0x0000, 0x0000, 0x0000, 0x0000, 0x0000, 0x0000, 0x0000, 0x0000, 0x0000, 0x0000,
    0x0000, 0x0000, 0x0000, 0x0000, 0x0000, 0x0000, 0x0000, 0x0000, 0x0000, 0x0000, 0x0000, 0x0000,
    0x0000, 0x0000, 0x0000, 0x0000, 0x0000, 0x0000, 0x0000, 0x0000, 0x0000, 0x0000, 0x0000, 0x0000,
    0x0000, 0x0000, 0x0000, 0x0000, 0x0000, 0x0000, 0x0000, 0x0000, 0x0000, 0x0000, 0x0000, 0x0000,
    0x0000, 0x0000, 0x0000, 0x0000, 0x0000, 0x0000, 0x0000, 0x0000, 0x0000, 0x0000, 0x0000, 0x0000,
    0x0000, 0x0000, 0x0000, 0x0000, 0x0000, 0x0000, 0x0000, 0x0000, 0x0000, 0x0000, 0x0000, 0x0000,
    0x0000, 0x0000, 0x0000, 0x0000, 0x0000, 0x0000, 0x0000, 0x0000, 0x0000, 0x0000, 0x0000, 0x0000,
    0x0000, 0x0000, 0x0000, 0x0000, 0x0000, 0x0000, 0x0000, 0x0000, 0x0000, 0x0000, 0x0000, 0x0000,
    0x0000, 0x0000, 0x0000, 0x0000, 0x0000, 0x0000, 0x0000, 0x0000, 0x0000, 0x0000, 0x0000, 0x0000,
    0x0000, 0x0000, 0x0000, 0x0000, 0x0000, 0x0000, 0x0000, 0x0000, 0x0000, 0x0000, 0x0000, 0x0000,
    0x0000, 0x0000, 0x0000, 0x0000, 0x0000, 0x0000, 0x0000, 0x0000, 0xEEEE, 0xE8EE, 0xE2E2, 0xE2E2,
    0xEEEE, 0xE8EE, 0xE2E2, 0xE2E2, 0xEEEE, 0xE8EE, 0xE2E2, 0xE2E2, 0xEE00, 0xE8EE, 0xE2E8, 0xE2E2,
    0xEE00, 0xEEEE, 0xE2E8, 0xE2E2, 0x0000, 0xEEEE, 0xE8E8, 0xE2E2, 0x0000, 0xEEEE, 0xE8E8, 0xE2E8,
    0x0000, 0xEEEE, 0xE8EE, 0xE8E8, 0xE2E2, 0xE2E2, 0xE2E2, 0xE8E8, 0xE2E2, 0xE2E2, 0xE2E2, 0xE8E8,
    0xE2E2, 0xE2E2, 0xE2E2, 0xE8E8, 0xE2E2, 0xE2E2, 0xE2E2, 0xE8E8, 0xE2E2, 0xE2E2, 0xE2E2, 0xE8E8,
    0xE2E2, 0xE2E2, 0xE2E2, 0xE8E8, 0xE2E2, 0xE2E2, 0xE2E2, 0xE8E8, 0xE2E2, 0xE2E2, 0xE2E2, 0xE8E8,
    0xE8E8, 0xE8E8, 0xE8E8, 0xE8E8, 0xE8E8, 0xE8E8, 0xE8E8, 0xE8E8, 0xE8E8, 0xE8E8, 0xE8E8, 0xE8E8,
    0xE8E8, 0xE8E8, 0xE8E8, 0xE8E8, 0xE8E8, 0xE8E8, 0xE8E8, 0xE8E8, 0xE8E8, 0xE8E8, 0xE8E8, 0xE8E8,
    0xE8E8, 0xE8E8, 0xE8E8, 0xE8E8, 0xE8E8, 0xE8E8, 0xE8E8, 0xE8E8, 0xE2E8, 0xE2E2, 0xE2E2, 0xE2E2,
    0xE2E8, 0xE2E2, 0xE2E2, 0xE2E2, 0xE2E8, 0xE2E2, 0xE2E2, 0xE2E2, 0xE2E8, 0xE2E2, 0xE2E2, 0xE2E2,
    0xE2E8, 0xE2E2, 0xE2E2, 0xE2E2, 0xE2E8, 0xE2E2, 0xE2E2, 0xE2E2, 0xE2E8, 0xE2E2, 0xE2E2, 0xE2E2,
    0xE2E8, 0xE2E2, 0xE2E2, 0xE2E2, 0xE2E2, 0xE2E2, 0xE8E2, 0xE8E8, 0xE2E2, 0xE2E2, 0xE8E2, 0xE8E8,
    0xE2E2, 0xE2E2, 0xE8E2, 0xE8E8, 0xE2E2, 0xE2E2, 0xE8E2, 0xE8E8, 0xE2E2, 0xE2E2, 0xE8E2, 0xE8E8,
    0xE2E2, 0xE2E2, 0xE8E8, 0xE8E8, 0xE2E2, 0xE8E8, 0xE8E8, 0xE8E8, 0xE8E2, 0xE8E8, 0xE8E8, 0xE8E8,
    0xE8E8, 0xE8E8, 0x00EE, 0x0000, 0xE8E8, 0xE8E8, 0x00EE, 0x0000, 0xE8E8, 0xE8E8, 0x00EE, 0x0000,
    0xE8E8, 0xE8E8, 0x00EE, 0x0000, 0xE8E8, 0xEEE8, 0x0000, 0x0000, 0xE8E8, 0x00EE, 0x0000, 0x0000,
    0xEEE8, 0x0000, 0x0000, 0x0000, 0x00EE, 0x0000, 0x0000, 0x0000, 0x0000, 0x0000, 0x0000, 0x0000,
    0x0000, 0x0000, 0x0000, 0x0000, 0x0000, 0x0000, 0x0000, 0x0000, 0x0000, 0x0000, 0x0000, 0x0000,
    0x0000, 0x0000, 0x0000, 0x0000, 0x0000, 0x0000, 0x0000, 0x0000, 0x0000, 0x0000, 0x0000, 0x0000,
    0x0000, 0x0000, 0x0000, 0x0000, 0x0000, 0x0000, 0x0000, 0x0000, 0x0000, 0x0000, 0x0000, 0x0000,
    0x0000, 0x0000, 0x0000, 0x0000, 0x0000, 0x0000, 0x0000, 0x0000, 0x0000, 0x0000, 0x0000, 0x0000,
    0x0000, 0x0000, 0x0000, 0x0000, 0x0000, 0x0000, 0x0000, 0xEE00, 0x0000, 0x0000, 0x0000, 0xE8EE,
    0x0000, 0x0000, 0x0000, 0xE8EE, 0x0000, 0x0000, 0xEE00, 0xE8E8, 0x0000, 0xEE00, 0xE8EE, 0xE8E8,
    0x0000, 0xE8EE, 0xE8E8, 0xE8E8, 0xEE00, 0xE8E8, 0xE8E8, 0xE8E8, 0xE8EE, 0xE8E8, 0xE8E8, 0xE8E8,
    0xE8E8, 0xE8E8, 0xE8E8, 0xE8E8, 0xE8E8, 0xE8E8, 0xE8E8, 0xE8E8, 0xE8E8, 0xE8E8, 0xE8E8, 0xE8E8,
    0xE8E8, 0xE8E8, 0xE8E8, 0xE8E8, 0xE8E8, 0xE8E8, 0xE8E8, 0xE8E8, 0xE8E8, 0xE8E8, 0xE8E8, 0xE8E8,
    0xE8E8, 0xE8E8, 0xE8E8, 0xE8E8, 0xE8E8, 0xE8E8, 0xE8E8, 0xE8E8, 0xE8E8, 0xE8E8, 0xE8E8, 0xE8E8,
    0xE8E8, 0xE8E8, 0xE8E8, 0xE8E8, 0xE8E8, 0xE8E8, 0xE8E8, 0xE8E8, 0xE8E8, 0xE8E8, 0xE8E8, 0xE8E8,
    0xE8E8, 0xE8E8, 0xE8E8, 0xE8E8, 0xE8E8, 0xE8E8, 0xEFE7, 0xE7EF, 0xE8E8, 0xE8E8, 0xEFEF, 0xEFEF,
    0xE8E8, 0xE8E8, 0xEFE7, 0xEFEF, 0xE8E8, 0xE8E8, 0xE7E7, 0xEFEF, 0xE8E8, 0xE8E8, 0xEFEF, 0xEFEF,
    0xE8E8, 0xE8E8, 0xEEEE, 0x0000, 0xE8E8, 0xE8E8, 0xE8E8, 0x00EE, 0xE8E8, 0xE8E8, 0xE8E8, 0xEEE8,
    0xE8E8, 0xE8E8, 0xE8E8, 0xE8E8, 0xE7EF, 0xE8E8, 0xE8E8, 0xE8E8, 0xEFEF, 0xE8E7, 0xE8E8, 0xE8E8,
    0xEFEF, 0xEFEF, 0xEFEF, 0xE8E7, 0xEFEF, 0xEFEF, 0xEFEF, 0xE8EF, 0x0000, 0x0000, 0x0000, 0x0000,
    0x0000, 0x0000, 0x0000, 0x0000, 0x0000, 0x0000, 0x0000, 0x0000, 0x00EE, 0x0000, 0x0000, 0x0000,
    0xEEE8, 0x0000, 0x0000, 0x0000, 0xEEE8, 0x0000, 0x0000, 0x0000, 0xE8E8, 0x00EE, 0x0000, 0x0000,
    0xE8E8, 0x00EE, 0x0000, 0x0000, 0x0000, 0x0000, 0x0000, 0x0000, 0x0000, 0x0000, 0x0000, 0x0000,
    0x0000, 0x0000, 0x0000, 0x0000, 0x0000, 0x0000, 0x0000, 0x0000, 0x0000, 0x0000, 0x0000, 0x0000,
    0x0000, 0x0000, 0x0000, 0x0000, 0x0000, 0x0000, 0x0000, 0x0000, 0x0000, 0x0000, 0x0000, 0x0000,
    0x0000, 0x0000, 0x0000, 0x0000, 0x0000, 0x0000, 0x0000, 0x0000, 0x0000, 0x0000, 0x0000, 0x0000,
    0x0000, 0x0000, 0x0000, 0x0000, 0x0000, 0x0000, 0x0000, 0x0000, 0x0000, 0x0000, 0x0000, 0x0000,
    0x0000, 0x0000, 0x0000, 0x0000, 0x0000, 0x0000, 0x0000, 0x0000, 0x0000, 0x0000, 0x0000, 0x0000,
    0x0000, 0x0000, 0x0000, 0x0000, 0x0000, 0x0000, 0x0000, 0x0000, 0x0000, 0x0000, 0x0000, 0x0000,
    0x0000, 0x0000, 0x0000, 0x0000, 0x0000, 0x0000, 0x0000, 0x0000, 0x0000, 0x0000, 0x0000, 0x0000,
    0x0000, 0x0000, 0x0000, 0x0000, 0x0000, 0xEEEE, 0xEEEE, 0xE8E8, 0x0000, 0xEE00, 0xEEEE, 0xE8EE,
    0x0000, 0x0000, 0xEEEE, 0xEEEE, 0x0000, 0x0000, 0xEE00, 0xEEEE, 0x0000, 0x0000, 0x0000, 0xEEEE,
    0x0000, 0x0000, 0x0000, 0xEE00, 0x0000, 0x0000, 0x0000, 0x0000, 0x0000, 0x0000, 0x0000, 0x0000,
    0xE2E8, 0xE2E2, 0xE8E2, 0xE8E8, 0xE8E8, 0xE2E2, 0xE8E2, 0xE8E8, 0xE8E8, 0xE2E8, 0xE8E2, 0xE8E8,
    0xE8EE, 0xE8E8, 0xE8E2, 0xE8E8, 0xEEEE, 0xE8EE, 0xE8E8, 0xE8E8, 0xEEEE, 0xEEEE, 0xE8EE, 0xE8E8,
    0xEE00, 0xEEEE, 0xEEEE, 0xE8EE, 0x0000, 0xEEEE, 0xEEEE, 0xEEEE, 0xE8E8, 0xE8E8, 0xE8E8, 0xE8E8,
    0xE8E8, 0xE8E8, 0xE8E8, 0xE8E8, 0xE8E8, 0xE8E8, 0xE8E8, 0xE8E8, 0xE8E8, 0xE8E8, 0xE8E8, 0xE8E8,
    0xE8E8, 0xE8E8, 0xE8E8, 0xE8E8, 0xE8E8, 0xE8E8, 0xE8E8, 0xE8E8, 0xE8E8, 0xE8E8, 0xE8E8, 0xE8E8,
    0xE8EE, 0xE8E8, 0xE8E8, 0xE8E8, 0xE2E8, 0xE2E2, 0xE2E2, 0xE2E2, 0xE2E8, 0xE2E2, 0xE2E2, 0xE8E8,
    0xE2E8, 0xE2E2, 0xE8E2, 0xE8E8, 0xE2E8, 0xE2E2, 0xE8E8, 0xE8E8, 0xE2E8, 0xE8E8, 0xE8E8, 0xE8E8,
    0xE8E8, 0xE8E8, 0xE8E8, 0xE8E8, 0xE8E8, 0xE8E8, 0xE8E8, 0xEEEE, 0xE8E8, 0xE8E8, 0xEEEE, 0xE8E8,
    0xE8E8, 0xE8E8, 0xE8E8, 0xEEE8, 0xE8E8, 0xE8E8, 0xE8E8, 0x00EE, 0xE8E8, 0xE8E8, 0xEEE8, 0x0000,
    0xE8E8, 0xE8E8, 0x00EE, 0x0000, 0xE8E8, 0xEEEE, 0x0000, 0x0000, 0xEEEE, 0x0000, 0x0000, 0x0000,
    0x00EE, 0x0000, 0x0000, 0x0000, 0xEEE8, 0x0000, 0x0000, 0x0000, 0x0000, 0x0000, 0x0000, 0x0000,
    0x0000, 0x0000, 0x0000, 0x0000, 0x0000, 0x0000, 0x0000, 0x0000, 0x0000, 0x0000, 0x0000, 0x0000,
    0x0000, 0x0000, 0x0000, 0x0000, 0x0000, 0x0000, 0x0000, 0x0000, 0x0000, 0x0000, 0x0000, 0x0000,
    0x0000, 0x0000, 0x0000, 0x0000, 0x0000, 0x0000, 0x0000, 0x0000, 0x0000, 0x0000, 0x0000, 0x0000,
    0x0000, 0x0000, 0x0000, 0x0000, 0x0000, 0x0000, 0x0000, 0x0000, 0x0000, 0x0000, 0x0000, 0x0000,
    0x0000, 0x0000, 0x0000, 0x0000, 0x0000, 0x0000, 0x0000, 0x0000, 0x0000, 0x0000, 0x0000, 0x0000,
    0x0000, 0x0000, 0xEE00, 0xE8E8, 0x0000, 0x0000, 0xE8EE, 0xE8E8, 0x0000, 0xEE00, 0xE8E8, 0xE8E8,
    0x0000, 0xEE00, 0xE8E8, 0xE8E8, 0x0000, 0xEE00, 0xE8E8, 0xE8E8, 0x0000, 0xE8EE, 0xE8E8, 0xEFEF,
    0x0000, 0xE8EE, 0xE8E8, 0xEFE7, 0x0000, 0xE8EE, 0xE8E8, 0xE7E8, 0xE8E8, 0xE8E8, 0xE8E8, 0xE8E8,
    0xE8E8, 0xE8E8, 0xE8E8, 0xE8E8, 0xE8E8, 0xE8E8, 0xE8E8, 0xE8E8, 0xE8E8, 0xE8E8, 0xE8E8, 0xE8E8,
    0xE8E8, 0xE8E8, 0xE8E8, 0xE8E8, 0xE8E7, 0xE8E8, 0xE8E8, 0xE8E8, 0xEFEF, 0xE8E7, 0xE8E8, 0xE8E8,
    0xEFEF, 0xEFEF, 0xE8E7, 0xE8E8, 0xE8E8, 0xE8E8, 0xE8E8, 0xE8E8, 0xE8E8, 0xE8E8, 0xE8E8, 0xE8E8,
    0xE8E8, 0xE8E8, 0xE8E8, 0xE8E8, 0xE8E8, 0xE8E8, 0xE8E8, 0xE8E8, 0xE8E8, 0xE8E8, 0xE8E8, 0xE8E8,
    0xE8E8, 0xE8E8, 0xE8E8, 0xE8E8, 0xE8E8, 0xE8E8, 0xE8E8, 0xE8E8, 0xE8E8, 0xE8E8, 0xE8E8, 0xE8E8,
    0xE8E8, 0xE8E8, 0xEFEF, 0xEFEF, 0xE8E8, 0xE8E8, 0xEFE7, 0xEFEF, 0xE8E8, 0xE8E8, 0xE8E8, 0xE7E8,
    0xE8E8, 0xE8E8, 0xE8E8, 0xE8E8, 0xE8E8, 0xE8E8, 0xE8E8, 0xE8E8, 0xE8E8, 0xE8E8, 0xE8E8, 0xE8E8,
    0xE8E8, 0xE8E8, 0xE8E8, 0xE8E8, 0xE8E8, 0xE8E8, 0xE8E8, 0xE8E8, 0xEFEF, 0xEFEF, 0xEFEF, 0xE8EF,
    0xEFEF, 0xEFEF, 0xE7EF, 0xE8E8, 0xEFE7, 0xEFEF, 0xEFEF, 0xE8E8, 0xE7E8, 0xEFEF, 0xEFEF, 0xE8E8,
    0xE8E8, 0xE8E8, 0xE8E8, 0xE8E8, 0xE8E8, 0xE8E8, 0xE8E8, 0xE8E8, 0xE8E8, 0xE8E8, 0xE8E8, 0xE8E8,
    0xE8E8, 0xEFE7, 0xEFEF, 0xE8EF, 0xE8E8, 0x00EE, 0x0000, 0x0000, 0xE8E8, 0xEEE8, 0x0000, 0x0000,
    0xE8E8, 0xEEE8, 0x0000, 0x0000, 0xE8E8, 0xE8E8, 0x00EE, 0x0000, 0xE8E8, 0xE8E8, 0x00EE, 0x0000,
    0xE8E8, 0xE8E8, 0x00EE, 0x0000, 0xE8E8, 0xE8E8, 0x00EE, 0x0000, 0xE8E8, 0xE8E8, 0x00EE, 0x0000,
    0x0000, 0x0000, 0x0000, 0x0000, 0x0000, 0x0000, 0x0000, 0x0000, 0x0000, 0x0000, 0x0000, 0x0000,
    0x0000, 0x0000, 0x0000, 0x0000, 0x0000, 0x0000, 0x0000, 0x0000, 0x0000, 0x0000, 0x0000, 0x0000,
    0x0000, 0x0000, 0x0000, 0x0000, 0x0000, 0x0000, 0x0000, 0x0000, 0x0000, 0x0000, 0x0000, 0x0000,
    0x0000, 0x0000, 0x0000, 0x0000, 0x0000, 0x0000, 0x0000, 0x0000, 0x0000, 0x0000, 0x0000, 0x0000,
    0x0000, 0x0000, 0x0000, 0x0000, 0x0000, 0x0000, 0x0000, 0x0000, 0x0000, 0x0000, 0x0000, 0x0000,
    0x0000, 0x0000, 0x0000, 0x0000, 0x0000, 0x0000, 0x0000, 0x0000, 0x0000, 0x0000, 0x0000, 0x0000,
    0x0000, 0x0000, 0x0000, 0x0000, 0x0000, 0x0000, 0x0000, 0x0000, 0x0000, 0x0000, 0x0000, 0x0000,
    0x0000, 0x0000, 0x0000, 0x0000, 0x0000, 0x0000, 0x0000, 0x0000, 0x0000, 0x0000, 0x0000, 0x0000,
    0x0000, 0x0000, 0x0000, 0x0000, 0x0000, 0x0000, 0x0000, 0x0000, 0x0000, 0x0000, 0x0000, 0x0000,
    0x0000, 0x0000, 0x0000, 0x0000, 0x0000, 0x0000, 0x0000, 0x0000, 0x0000, 0x0000, 0x0000, 0xEE00,
    0x0000, 0x0000, 0x0000, 0xEE00, 0x0000, 0x0000, 0x0000, 0xEE00, 0xEE00, 0xEEEE, 0xEEEE, 0xEEEE,
    0xEE00, 0xEEEE, 0xE3EE, 0xE3E3, 0xEEEE, 0xEEEE, 0xEEEE, 0xE3E3, 0xEEEE, 0xEEEE, 0xEEEE, 0xE3E3,
    0xEEEE, 0xE8E8, 0xEEE8, 0xE3E3, 0xE8EE, 0xE8E8, 0xEEE8, 0xE3EE, 0xE8E8, 0xE8E8, 0xE8E8, 0xE3EE,
    0xEEE8, 0xE8E8, 0xE8E8, 0xE3EE, 0xEEEE, 0xEEEE, 0xEEEE, 0xEEEE, 0xE3E3, 0xE3E3, 0xE3E3, 0xE3E3,
    0xE3E3, 0xE3E3, 0xE3E3, 0xE3E3, 0xE3E3, 0xE3E3, 0xE4E4, 0xE4E4, 0xE3E3, 0xE4E3, 0xE4E4, 0xE4E4,
    0xE3E3, 0xE4E4, 0xE4E4, 0xE3E4, 0xE4E3, 0xE4E4, 0xE4E4, 0xEEE3, 0xE4E4, 0xE4E4, 0xE3E4, 0xE8EE,
    0xEEEE, 0xEEEE, 0xE8EE, 0xE8E8, 0xE3E3, 0xEEE3, 0xE8E8, 0xE8E8, 0xE3E3, 0xE8EE, 0xE8E8, 0xE8E8,
    0xE3E3, 0xE8E8, 0xE8E8, 0xE8E8, 0xEEE3, 0xE8E8, 0xE8E8, 0xE8E8, 0xE8EE, 0xE8E8, 0xE8E8, 0xE8E8,
    0xE8E8, 0xE8E8, 0xE8E8, 0xE8E8, 0xE8E8, 0xE8E8, 0xE8E8, 0xE8E8, 0xE8E8, 0x00EE, 0x0000, 0x0000,
    0xE8E8, 0xEEE8, 0x0000, 0x0000, 0xE8E8, 0xEEE8, 0x0000, 0x0000, 0xE8E8, 0xE8E8, 0x00EE, 0x0000,
    0xE8E8, 0xE8E8, 0xEEE8, 0x00EE, 0xE8E8, 0xE8E8, 0xEEEE, 0xEEEE, 0xE8E8, 0xEEE8, 0xE8EE, 0xE8E8,
    0xEEE8, 0xEEEE, 0xE8E8, 0xE8E8, 0x0000, 0x0000, 0x0000, 0x0000, 0x0000, 0x0000, 0x0000, 0x0000,
    0x0000, 0x0000, 0x0000, 0x0000, 0x0000, 0x0000, 0x0000, 0x0000, 0x0000, 0x0000, 0x0000, 0x0000,
    0x00EE, 0x0000, 0x0000, 0x0000, 0xEEE8, 0x00EE, 0x0000, 0x0000, 0xE8E8, 0xEEE8, 0x00EE, 0x0000,
    0x0000, 0x0000, 0x0000, 0x0000, 0x0000, 0x0000, 0x0000, 0x0000, 0x0000, 0x0000, 0x0000, 0x0000,
    0x0000, 0x0000, 0x0000, 0x0000, 0x0000, 0x0000, 0x0000, 0x0000, 0x0000, 0x0000, 0x0000, 0x0000,
    0x0000, 0x0000, 0x0000, 0x0000, 0x0000, 0x0000, 0x0000, 0x0000, 0x0000, 0xE8EE, 0xE8E8, 0xE8E8,
    0xEE00, 0xE8E8, 0xE8E8, 0xE8E8, 0xEE00, 0xE8E8, 0xE8E8, 0xE8E8, 0xEE00, 0xE6E8, 0xE6E6, 0xE6E6,
    0xEE00, 0xE6E8, 0xE6E6, 0xE6E6, 0xE8EE, 0xE6E8, 0xE6E6, 0xE6E6, 0xE8EE, 0xE6E8, 0xE6E6, 0xE6E6,
    0xE8EE, 0xE8E8, 0xE6EE, 0xE6E6, 0xEFE7, 0xEFEF, 0xEFEF, 0xE7EF, 0xE7E8, 0xEFEF, 0xEFEF, 0xEFEF,
    0xE8E8, 0xEFE7, 0xEFEF, 0xEFEF, 0xE6E6, 0xE7E6, 0xEFEF, 0xEFEF, 0xE6E6, 0xE6E6, 0xEFE7, 0xEFEF,
    0xE6E6, 0xE6E6, 0xE7E6, 0xEFEF, 0xE6E6, 0xE6E6, 0xE6E6, 0xEFE7, 0xE6E6, 0xE6E6, 0xE6E6, 0xE7E6,
    0xE8E8, 0xE8E8, 0xE8E8, 0xE8E8, 0xE7EF, 0xE8E8, 0xE7E8, 0xEFEF, 0xEFEF, 0xEFEF, 0xEFEF, 0xEFEF,
    0xEFEF, 0xEFEF, 0xEFEF, 0xEFEF, 0xEFEF, 0xEFEF, 0xEFEF, 0xEFEF, 0xEFEF, 0xEFEF, 0xEFEF, 0xEFEF,
    0xEFEF, 0xEFEF, 0xEFEF, 0xE7EF, 0xEFEF, 0xEFEF, 0xE7EF, 0xE6E7, 0xE8E8, 0xE8E8, 0xEFE7, 0xEFEF,
    0xEFEF, 0xEFEF, 0xEFEF, 0xEFEF, 0xEFEF, 0xEFEF, 0xEFEF, 0xEFEF, 0xEFEF, 0xEFEF, 0xEFEF, 0xE7E7,
    0xEFEF, 0xEFEF, 0xE7E7, 0xE8E8, 0xE7EF, 0xE7E7, 0xE8E8, 0xE6E6, 0xE8E7, 0xE6E6, 0xE6E6, 0xE6E6,
    0xE6E6, 0xE6E6, 0xE6E6, 0xE6E6, 0xEFEF, 0xEFEF, 0xE7EF, 0xE8E7, 0xEFEF, 0xE7EF, 0xE8E7, 0xE8E8,
    0xE7EF, 0xE8E7, 0xE8E8, 0xE8E8, 0xE8E7, 0xE8E8, 0xE8E8, 0xE8E8, 0xE8E8, 0xE8E8, 0xE8E8, 0xE8E8,
    0xE6E6, 0xE6E6, 0xE8E8, 0xE8E8, 0xE6E6, 0xE6E6, 0xE8E6, 0xE8E8, 0xE6E6, 0xE6E6, 0xE8E6, 0xE8E8,
    0xE8E8, 0xE8E8, 0x00EE, 0x0000, 0xE8E8, 0xE8E8, 0x00EE, 0x0000, 0xE8E8, 0xE8E8, 0x00EE, 0x0000,
    0xE8E8, 0xE8E8, 0xEEE8, 0x0000, 0xE8E8, 0xE8E8, 0xEEE8, 0x0000, 0xE8E8, 0xE8E8, 0xEEE8, 0x0000,
    0xE8E8, 0xE8E8, 0xEEE8, 0x0000, 0xE8E8, 0xE8E8, 0xEEE8, 0x0000, 0x0000, 0x0000, 0x0000, 0x0000,
    0x0000, 0x0000, 0x0000, 0x0000, 0x0000, 0x0000, 0x0000, 0x0000, 0x0000, 0x0000, 0x0000, 0x0000,
    0x0000, 0x0000, 0x0000, 0x0000, 0x0000, 0x0000, 0x0000, 0x0000, 0x0000, 0x0000, 0x0000, 0x0000,
    0x0000, 0x0000, 0x0000, 0x0000, 0x0000, 0x0000, 0x0000, 0x0000, 0x0000, 0x0000, 0x0000, 0x0000,
    0x0000, 0x0000, 0x0000, 0x0000, 0x0000, 0x0000, 0x0000, 0x0000, 0x0000, 0x0000, 0x0000, 0x0000,
    0x0000, 0x0000, 0x0000, 0x0000, 0x0000, 0x0000, 0xEE00, 0xEEEE, 0x0000, 0xEE00, 0xEEEE, 0xEEEE,
    0x0000, 0x0000, 0x0000, 0x0000, 0x0000, 0x0000, 0x0000, 0x0000, 0x0000, 0x0000, 0x0000, 0x0000,
    0x0000, 0x0000, 0xEE00, 0xEEEE, 0x0000, 0xEEEE, 0xEEEE, 0xEEEE, 0xEEEE, 0xEEEE, 0xEEEE, 0xEEEE,
    0xEEEE, 0xEEEE, 0xEEEE, 0xEEEE, 0xEEEE, 0xEEEE, 0xEEEE, 0xEEEE, 0x0000, 0x0000, 0xEE00, 0xE8EE,
    0x0000, 0xEEEE, 0xEEEE, 0xE8EE, 0xEEEE, 0xEEEE, 0xEEEE, 0xEEEE, 0xEEEE, 0xEEEE, 0xEEEE, 0xEEEE,
    0xEEEE, 0xEEEE, 0xEEEE, 0xE8E8, 0xEEEE, 0xEEEE, 0xE8E8, 0xE8E8, 0xEEEE, 0xE8E8, 0xE8E8, 0xE8E8,
    0xE8EE, 0xE8E8, 0xE8E8, 0xE8E8, 0xEEEE, 0xE8EE, 0xE8E8, 0xEEEE, 0xEEEE, 0xE8EE, 0xE8E8, 0xE6EE,
    0xEEEE, 0xEEEE, 0xEEE8, 0xE6E6, 0xEEEE, 0xEEEE, 0xEEEE, 0xE6EE, 0xE8E8, 0xEEEE, 0xEEEE, 0xE6EE,
    0xE8E8, 0xEEEE, 0xEEEE, 0xE6EE, 0xE8E8, 0xEEEE, 0xEEEE, 0xE6EE, 0xE8E8, 0xEEEE, 0xEEEE, 0xE6E6,
    0xEEEE, 0xEEEE, 0xEEEE, 0xE8E8, 0xE6E6, 0xE6E6, 0xE6E6, 0xE8EE, 0xE6E6, 0xE6E6, 0xE6E6, 0xE8EE,
    0xE6E6, 0xE6E6, 0xE6E6, 0xEEE6, 0xE6E6, 0xE6E6, 0xE6E6, 0xE6E6, 0xE6E6, 0xE6E6, 0xE6E6, 0xE6E6,
    0xE6E6, 0xE6E6, 0xE6E6, 0xE6E6, 0xE6E6, 0xE6E6, 0xE6E6, 0xE6E6, 0xE8E8, 0xE8E8, 0xE8E8, 0xE8E8,
    0xE8E8, 0xE8E8, 0xE8E8, 0xEEE8, 0xE8E8, 0xE8E8, 0xE8E8, 0xEEEE, 0xE8E8, 0xE8E8, 0xEEE8, 0xEEEE,
    0xE8EE, 0xEEE8, 0xEEEE, 0xE8EE, 0xE8EE, 0xEEEE, 0xEEEE, 0xE8E8, 0xEEE6, 0xEEEE, 0xE8EE, 0xE8E8,
    0xEEE6, 0xEEEE, 0xE8E8, 0xE8E8, 0xEEEE, 0xE8EE, 0xE8E8, 0xE8E8, 0xEEEE, 0xE8E8, 0xE8E8, 0xE8E8,
    0xE8EE, 0xE8E8, 0xE8E8, 0xE8E8, 0xE8E8, 0xE8E8, 0xE8E8, 0xE8E8, 0xE8E8, 0xE8E8, 0xE8E8, 0xE8E8,
    0xE8E8, 0xE8E8, 0xE8E8, 0xE8E8, 0xE8E8, 0xE8E8, 0xE8E8, 0xE8E8, 0xE8E8, 0xE8E8, 0xE8E8, 0xE8E8,
    0xE8E8, 0xE8E8, 0xEEE8, 0x00EE, 0xE8E8, 0xE8E8, 0xE8E8, 0xEEE8, 0xE8E8, 0xE8E8, 0xE8E8, 0xE8E8,
    0xE8E8, 0xE8E8, 0xE8E8, 0xE8E8, 0xE8E8, 0xE8E8, 0xE8E8, 0xE8E8, 0xE8E8, 0xE8E8, 0xE8E8, 0xE8E8,
    0xE8E8, 0xE8E8, 0xE8E8, 0xE8E8, 0xE8E8, 0xE8E8, 0xE8E8, 0xE8E8, 0x0000, 0x0000, 0x0000, 0x0000,
    0x0000, 0x0000, 0x0000, 0x0000, 0x0000, 0x0000, 0x0000, 0x0000, 0x0000, 0x0000, 0x0000, 0x0000,
    0x0000, 0x0000, 0x0000, 0x0000, 0x0000, 0x0000, 0x0000, 0x0000, 0x0000, 0x0000, 0x0000, 0x0000,
    0x0000, 0x0000, 0x0000, 0x0000, 0xE8EE, 0xE8E8, 0xE6EE, 0xE6E6, 0xE8EE, 0xE8E8, 0xEEE8, 0xE6E6,
    0xE8EE, 0xE2E8, 0xE8E8, 0xEEE8, 0xE8EE, 0xE2E8, 0xE8E2, 0xE8E8, 0xE8EE, 0xE2E8, 0xE2E2, 0xE8E2,
    0xE8EE, 0xE2E8, 0xE2E2, 0xE2E2, 0xE8EE, 0xE2E8, 0xE2E2, 0xE2E2, 0xEEEE, 0xE2E8, 0xE2E2, 0xE2E2,
    0xE6E6, 0xE6E6, 0xE6E6, 0xE8E6, 0xE6E6, 0xE6E6, 0xE6E6, 0xE8E6, 0xE6E6, 0xE6E6, 0xE6E6, 0xE8E6,
    0xE6EE, 0xE6E6, 0xE6E6, 0xE8E6, 0xE8E8, 0xEEE8, 0xE6E6, 0xE8EE, 0xE8E2, 0xE8E8, 0xE8E8, 0xE8E8,
    0xE2E2, 0xE2E2, 0xE2E2, 0xE7E8, 0xE2E2, 0xE2E2, 0xE2E2, 0xE7E8, 0xEFE7, 0xE7EF, 0xE8E7, 0xE6E6,
    0xE8E8, 0xE8E8, 0xE8E8, 0xE6E6, 0xE8E8, 0xE8E8, 0xE8E8, 0xE6EE, 0xE8E8, 0xE8E8, 0xE8E8, 0xE6E8,
    0xE8E8, 0xE8E8, 0xE8E8, 0xE6E8, 0xE8E8, 0xE8E8, 0xE8E8, 0xEEE8, 0xE7E7, 0xE8E7, 0xE8E8, 0xE8E8,
    0xE7E7, 0xE7E7, 0xE7E7, 0xE8E8, 0xE6E6, 0xE6E6, 0xE6E6, 0xE6E6, 0xE6E6, 0xE6E6, 0xE6E6, 0xE6E6,
    0xE6E6, 0xE6E6, 0xE6E6, 0xE6E6, 0xE6E6, 0xE6E6, 0xE6E6, 0xE6E6, 0xE6E6, 0xE6E6, 0xE6E6, 0xE6E6,
    0xE6E6, 0xE6E6, 0xE8EE, 0xE8E8, 0xE8E8, 0xE8E8, 0xE8E8, 0xE2E2, 0xE2E8, 0xE2E2, 0xE2E2, 0xE2E2,
    0xE6E6, 0xE6E6, 0xE8E6, 0xE8E8, 0xE6E6, 0xE6E6, 0xE8EE, 0xE8E8, 0xE6E6, 0xEEE6, 0xE8E8, 0xE8E8,
    0xE6E6, 0xE8EE, 0xE2E2, 0xE8E8, 0xEEEE, 0xE2E8, 0xE2E2, 0xE8E8, 0xE8E8, 0xE2E2, 0xE2E2, 0xE8E8,
    0xE2E2, 0xE2E2, 0xE2E2, 0xE8E8, 0xE2E2, 0xE2E2, 0xE2E2, 0xE8E8, 0xE8E8, 0xE8E8, 0xEEE8, 0x0000,
    0xE8E8, 0xE8E8, 0xEEE8, 0x0000, 0xE8E8, 0xE8E8, 0xEEE8, 0x0000, 0xE8E8, 0xE8E8, 0xEEE8, 0x0000,
    0xE8E8, 0xE8E8, 0xEEE8, 0x0000, 0xE8E8, 0xE8E8, 0xEEE8, 0x0000, 0xE8E8, 0xE8E8, 0xEEE8, 0x0000,
    0xE8E8, 0xE8E8, 0xEEE8, 0x0000, 0x0000, 0x0000, 0x0000, 0x0000, 0x00EE, 0x0000, 0x0000, 0x0000,
    0xEEE8, 0x00EE, 0x0000, 0x0000, 0xE8E8, 0xEEE8, 0x00EE, 0x0000, 0xE8E8, 0xE8E8, 0xEEE8, 0x00EE,
    0xE8E8, 0xE8E8, 0xE8E8, 0xEEE8, 0xE8E8, 0xE8E8, 0xE8E8, 0xE8E8, 0xE8E8, 0xE8E8, 0xE8E8, 0xE8E8,
    0x0000, 0x0000, 0x0000, 0x0000, 0x0000, 0x0000, 0x0000, 0x0000, 0x0000, 0x0000, 0x0000, 0x0000,
    0x0000, 0x0000, 0x0000, 0x0000, 0x0000, 0x0000, 0x0000, 0x0000, 0x0000, 0x0000, 0x0000, 0x0000,
    0x0000, 0x0000, 0x0000, 0x0000, 0x0000, 0x0000, 0x0000, 0x0000, 0xEEEE, 0xE2E8, 0xE2E2, 0xF0E2,
    0xEEEE, 0xE2E8, 0xE2E2, 0xF0E2, 0xEEEE, 0xE2E8, 0xE2E2, 0xE2E2, 0xEEEE, 0xE8E8, 0xE2E2, 0xE2E2,
    0xEEEE, 0xE8E8, 0xE2E2, 0xE2E2, 0xEEEE, 0xE8EE, 0xE2E2, 0xE2E2, 0xEEEE, 0xE8EE, 0xE2E2, 0xE2E2,
    0xEEEE, 0xE8EE, 0xE2E2, 0xE2E2, 0xF0F0, 0xE2E2, 0xE2E2, 0xE7E8, 0xF0F0, 0xE2E2, 0xE2E2, 0xE7E8,
    0xE2E2, 0xE2E2, 0xE2E2, 0xE8E8, 0xE2E2, 0xE2E2, 0xE2E2, 0xE8E8, 0xE2E2, 0xE2E2, 0xE2E2, 0xE8E8,
    0xE2E2, 0xE2E2, 0xE2E2, 0xE8E8, 0xE2E2, 0xE2E2, 0xE2E2, 0xE8E8, 0xE2E2, 0xE2E2, 0xE2E2, 0xE8E8,
    0xE7E7, 0xE7E7, 0xE7E7, 0xE8E8, 0xE7E7, 0xE7E7, 0xE8E7, 0xE8E8, 0xE7E7, 0xE7E7, 0xE8E8, 0xE8E8,
    0xE7E8, 0xE8E7, 0xE8E8, 0xE8E8, 0xE8E8, 0xE8E8, 0xE8E8, 0xE8E8, 0xE8E8, 0xE8E8, 0xE8E8, 0xE8E8,
    0xE8E8, 0xE8E8, 0xE8E8, 0xE8E8, 0xE8E8, 0xE8E8, 0xE8E8, 0xE8E8, 0xE2E8, 0xE2E2, 0xE2E2, 0xE2E2,
    0xE2E8, 0xE2E2, 0xF0E2, 0xF0F0, 0xE2E8, 0xE2E2, 0xF0E2, 0xF0F0, 0xE2E8, 0xE2E2, 0xE2E2, 0xE2E2,
    0xE2E8, 0xE2E2, 0xE2E2, 0xE2E2, 0xE2E8, 0xE2E2, 0xE2E2, 0xE2E2, 0xE2E8, 0xE2E2, 0xE2E2, 0xE2E2,
    0xE2E8, 0xE2E2, 0xE2E2, 0xE2E2, 0xE2E2, 0xE2E2, 0xE2E2, 0xE8E8, 0xE2E2, 0xE2E2, 0xE2E2, 0xE8E8,
    0xE2E2, 0xE2E2, 0xE2E2, 0xE8E8, 0xE2E2, 0xE2E2, 0xE2E2, 0xE8E8, 0xE2E2, 0xE2E2, 0xE8E2, 0xE8E8,
    0xE2E2, 0xE2E2, 0xE8E2, 0xE8E8, 0xE2E2, 0xE2E2, 0xE8E2, 0xE8E8, 0xE2E2, 0xE2E2, 0xE8E2, 0xE8E8,
    0xE8E8, 0xE8E8, 0xEEE8, 0x0000, 0xE8E8, 0xE8E8, 0xEEE8, 0x0000, 0xE8E8, 0xE8E8, 0xEEE8, 0x0000,
    0xE8E8, 0xE8E8, 0xEEE8, 0x0000, 0xE8E8, 0xE8E8, 0xEEE8, 0x0000, 0xE8E8, 0xE8E8, 0xEEE8, 0x0000,
    0xE8E8, 0xE8E8, 0xEEE8, 0x0000, 0xE8E8, 0xE8E8, 0xEEE8, 0x0000, 0x0000, 0x0000, 0x0000, 0x0000,
    0x0000, 0x0000, 0x0000, 0x0000, 0x0000, 0x0000, 0x0000, 0x0000, 0x0000, 0x0000, 0x0000, 0x0000,
    0x0000, 0x0000, 0x0000, 0x0000, 0x0000, 0x0000, 0x0000, 0x0000, 0x0000, 0x0000, 0x0000, 0x0000,
    0x0000, 0x0000, 0x0000, 0x0000, 0x0000, 0x0000, 0x0000, 0x0000, 0x0000, 0x0000, 0x0000, 0x0000,
    0x0000, 0x0000, 0x0000, 0x0000, 0x0000, 0x0000, 0x0000, 0x0000, 0x0000, 0x0000, 0x0000, 0x0000,
    0x0000, 0x0000, 0x0000, 0x0000, 0x0000, 0x0000, 0x0000, 0x0000, 0x0000, 0x0000, 0x0000, 0x0000,
    0x0000, 0x0000, 0x0000, 0x0000, 0x0000, 0x0000, 0x0000, 0x0000, 0x0000, 0x0000, 0x0000, 0x0000,
    0x0000, 0x0000, 0x0000, 0xF100, 0x0000, 0x0000, 0xF100, 0xF2F1, 0x0000, 0x0000, 0xF2F1, 0xF3F3,
    0x0000, 0xF1F1, 0xF3F2, 0xF3F3, 0xF100, 0xF3F2, 0xF3F3, 0xF3F3, 0x0000, 0x0000, 0x0000, 0x0000,
    0x0000, 0x0000, 0x0000, 0x0000, 0x0000, 0x0000, 0xF1F1, 0xF1F1, 0xF1F1, 0xF1F1, 0xF3F2, 0xF3F3,
    0xF3F2, 0xF3F3, 0xF3F3, 0xF3F3, 0xF3F3, 0xF3F3, 0xF3F3, 0xF3F3, 0xF3F3, 0xF3F3, 0xF3F3, 0xF3F3,
    0xF3F3, 0xF3F3, 0xF3F3, 0xF3F3, 0x0000, 0x0000, 0x0000, 0x0000, 0xF1F1, 0xF1F1, 0xF1F1, 0xF1F1,
    0xF3F2, 0xF3F3, 0xF3F3, 0xF3F3, 0xF3F3, 0xF3F3, 0xF3F3, 0xF3F3, 0xF3F3, 0xF3F3, 0xF3F3, 0xF3F3,
    0xF3F3, 0xF3F3, 0xF3F3, 0xF3F3, 0xF3F3, 0xF3F3, 0xF3F3, 0xF3F3, 0xF2F3, 0xF3F3, 0xF3F3, 0xF3F3,
    0x0000, 0x0000, 0x0000, 0x0000, 0xF1F1, 0x00F1, 0x0000, 0x0000, 0xF3F3, 0xF1F2, 0x00F1, 0x0000,
    0xF3F3, 0xF3F3, 0xF1F2, 0x0000, 0xF3F3, 0xF3F3, 0xF3F3, 0x00F1, 0xF3F3, 0xF3F3, 0xF3F3, 0xF1F3,
    0xF3F3, 0xF3F3, 0xF3F3, 0xF3F3, 0xF3F3, 0xF3F3, 0xF3F3, 0xF3F3, 0x0000, 0x0000, 0x0000, 0x0000,
    0x0000, 0x0000, 0x0000, 0x0000, 0x0000, 0x0000, 0x0000, 0x0000, 0x0000, 0x0000, 0x0000, 0x0000,
    0x0000, 0x0000, 0x0000, 0x0000, 0x00F1, 0x0000, 0x0000, 0x0000, 0xF1F2, 0xF1F1, 0x0000, 0x0000,
    0xF3F3, 0xF2F3, 0xF1F1, 0x0000, 0x0000, 0x0000, 0x0000, 0x0000, 0x0000, 0x0000, 0x0000, 0x0000,
    0x0000, 0x0000, 0x0000, 0x0000, 0x0000, 0x0000, 0x0000, 0x0000, 0x0000, 0x0000, 0x0000, 0x0000,
    0x0000, 0x0000, 0x0000, 0x0000, 0x0000, 0x0000, 0x0000, 0x0000, 0x0000, 0x0000, 0x0000, 0x0000,
    0x0000, 0x0000, 0x0000, 0x0000, 0x0000, 0x0000, 0x0000, 0x0000, 0x0000, 0x0000, 0x0000, 0x0000,
    0x0000, 0x0000, 0x0000, 0x0000, 0x0000, 0x0000, 0x0000, 0x0000, 0x0000, 0x0000, 0x0000, 0x0000,
    0x0000, 0x0000, 0x0000, 0x0000, 0x0000, 0x0000, 0x0000, 0x0000, 0x0000, 0x0000, 0x0000, 0x0000,
    0x0000, 0x0000, 0x0000, 0x0000, 0x0000, 0x0000, 0x0000, 0x0000, 0x0000, 0x0000, 0x0000, 0x0000,
    0x0000, 0x0000, 0x0000, 0x0000, 0x0000, 0x0000, 0x0000, 0x0000, 0x0000, 0x0000, 0x0000, 0x0000,
    0x0000, 0x0000, 0x0000, 0x0000, 0x0000, 0x0000, 0xF2F1, 0xF3F2, 0x0000, 0x0000, 0xF3F1, 0xF2F2,
    0x0000, 0x0000, 0xF2F1, 0xF2F2, 0x0000, 0xF100, 0xF3F2, 0xF2F2, 0x0000, 0xF100, 0xF2F3, 0xF2F2,
    0x0000, 0xF100, 0xF3F2, 0xF2F2, 0x0000, 0xF100, 0xF2F3, 0xF1F2, 0x0000, 0xF100, 0xF2F3, 0xF1F1,
    0xF2F2, 0xF4F2, 0xE4E3, 0xE4E4, 0xF2F2, 0xF2F2, 0xE3F4, 0xE4E4, 0xF2F2, 0xF2F2, 0xF4F2, 0xE4E3,
    0xF2F2, 0xF2F2, 0xF2F2, 0xE3F4, 0xF2F2, 0xF2F3, 0xF2F2, 0xF4F2, 0xF3F2, 0xF2F2, 0xF2F2, 0xF2F2,
    0xF2F3, 0xF2F2, 0xF2F2, 0xF2F2, 0xF3F2, 0xF2F2, 0xF2F2, 0xF2F2, 0xE4E4, 0xE4E4, 0xE6E6, 0xE6E6,
    0xE4E4, 0xE4E4, 0xE6E3, 0xE6E6, 0xE4E4, 0xE4E4, 0xE3E4, 0xE3E3, 0xE4E4, 0xE4E4, 0xE4E4, 0xE4E4,
    0xE4E3, 0xE4E4, 0xE4E4, 0xE4E4, 0xF4F4, 0xE4E3, 0xE4E4, 0xE4E4, 0xF2F2, 0xE3F4, 0xE4E4, 0xE4E4,
    0xF2F2, 0xF4F2, 0xE3F4, 0xE3E3, 0xE6E6, 0xE4E4, 0xE4E4, 0xE4E4, 0xE3E6, 0xE4E4, 0xE4E4, 0xE4E4,
    0xE4E4, 0xE4E4, 0xE4E4, 0xE4E4, 0xE4E4, 0xE4E4, 0xE4E4, 0xE4E4, 0xE4E4, 0xE4E4, 0xE4E4, 0xE3E3,
    0xE4E4, 0xE4E4, 0xF4E3, 0xF4F4, 0xE3E4, 0xF4E3, 0xE3F4, 0xE3E3, 0xF4F4, 0xE3F4, 0xE3E3, 0xE3E3,
    0xE4E4, 0xE4E4, 0xF4E3, 0xF2F2, 0xE4E4, 0xE3E4, 0xF2F4, 0xF2F2, 0xE4E4, 0xF4E3, 0xF2F2, 0xF2F2,
    0xE3E4, 0xF4F4, 0xF2F2, 0xF2F2, 0xE3F4, 0xF4E3, 0xF2F2, 0xF2F2, 0xE3E3, 0xF4E3, 0xF2F2, 0xF2F2,
    0xE3E3, 0xF4E3, 0xF2F2, 0xF2F2, 0xE3E3, 0xF4E3, 0xF2F2, 0xF2F2, 0xF2F2, 0xF2F2, 0xF2F2, 0xF2F2,
    0xF2F2, 0xF2F2, 0xF2F2, 0xF2F2, 0xF2F2, 0xF2F2, 0xF2F2, 0xF2F2, 0xF2F2, 0xF2F2, 0xF2F2, 0xF2F2,
    0xF2F2, 0xF2F2, 0xF2F2, 0xF2F2, 0xF2F2, 0xF2F2, 0xF2F2, 0xF2F2, 0xF2F2, 0xF2F2, 0xF2F2, 0xF2F2,
    0xF2F2, 0xF2F2, 0xF2F2, 0xF2F2, 0xF2F2, 0xF1F2, 0x0000, 0x0000, 0xF2F3, 0xF1F2, 0x0000, 0x0000,
    0xF2F2, 0xF1F2, 0x0000, 0x0000, 0xF2F3, 0xF1F2, 0x0000, 0x0000, 0xF3F2, 0xF1F2, 0x0000, 0x0000,
    0xF2F3, 0xF1F2, 0x0000, 0x0000, 0xF3F2, 0xF1F2, 0x0000, 0x0000, 0xF3F3, 0xF1F3, 0x0000, 0x0000,
    0x0000, 0x0000, 0x0000, 0x0000, 0x0000, 0x0000, 0x0000, 0xF100, 0x0000, 0x0000, 0x0000, 0xF3F1,
    0x0000, 0x0000, 0xF100, 0xF3F3, 0x0000, 0x0000, 0xF100, 0xF3F3, 0x0000, 0x0000, 0xF2F1, 0xF3F3,
    0x0000, 0x0000, 0xF3F1, 0xF3F3, 0x0000, 0xF100, 0xF3F2, 0xF3F3, 0xF3F1, 0xF3F3, 0xF3F3, 0xF3F3,
    0xF3F3, 0xF3F3, 0xF3F3, 0xF3F3, 0xF3F3, 0xF3F3, 0xF3F3, 0xF3F3, 0xF3F3, 0xF3F3, 0xF3F3, 0xF3F3,
    0xF3F3, 0xF3F3, 0xF3F3, 0xF1F2, 0xF3F3, 0xF3F3, 0xF1F3, 0xF2F1, 0xF3F3, 0xF3F3, 0xE4F1, 0xE4E4,
    0xF3F3, 0xF2F3, 0xE4E4, 0xE4E4, 0xF3F3, 0xF3F3, 0xF3F3, 0xF3F3, 0xF3F3, 0xF2F3, 0xF2F3, 0xF2F2,
    0xF3F3, 0xF3F2, 0xF2F2, 0xF2F2, 0xF2F2, 0xF1F2, 0xF1F1, 0xF1F1, 0xF1F1, 0xF2F1, 0xE4E4, 0xE4E4,
    0xE4E4, 0xE4E4, 0xE4E4, 0xE4E4, 0xE4E4, 0xE4E4, 0xE4E4, 0xE4E4, 0xE4E4, 0xE4E4, 0xE4E4, 0xE4E4,
    0xF3F3, 0xF3F3, 0xF3F3, 0xF3F3, 0xF2F2, 0xF3F3, 0xF3F3, 0xF3F3, 0xF1F2, 0xF3F3, 0xF3F3, 0xF3F3,
    0xF1F1, 0xF3F3, 0xF3F3, 0xF3F3, 0xF1E4, 0xF3F3, 0xF3F3, 0xF3F3, 0xF1E4, 0xF3F2, 0xF3F3, 0xF3F3,
    0xF2E4, 0xF3F1, 0xF3F3, 0xF3F3, 0xE4E4, 0xF3F1, 0xF3F3, 0xF3F3, 0xF3F3, 0xF3F3, 0xF3F3, 0xF3F3,
    0xF3F3, 0xF3F3, 0xF3F3, 0xF3F3, 0xF3F3, 0xF3F3, 0xF3F3, 0xF3F3, 0xF3F3, 0xF3F3, 0xF3F3, 0xF3F3,
    0xF3F3, 0xF3F3, 0xF3F3, 0xF3F3, 0xF3F3, 0xF3F3, 0xF3F3, 0xF3F3, 0xF3F2, 0xF3F3, 0xF3F3, 0xF3F3,
    0xF3F2, 0xF3F3, 0xF3F3, 0xF3F3, 0xF3F3, 0xF3F3, 0xF2F3, 0x00F1, 0xF3F3, 0xF3F3, 0xF3F3, 0xF1F3,
    0xF3F3, 0xF3F3, 0xF3F3, 0xF3F3, 0xF3F3, 0xF3F3, 0xF3F3, 0xF3F3, 0xF3F3, 0xF3F3, 0xF3F3, 0xF3F3,
    0xF3F3, 0xF3F3, 0xF3F3, 0xF3F3, 0xF3F3, 0xF3F3, 0xF3F3, 0xF3F3, 0xF3F3, 0xF3F3, 0xF3F3, 0xF3F3,
    0x0000, 0x0000, 0x0000, 0x0000, 0x0000, 0x0000, 0x0000, 0x0000, 0x00F1, 0x0000, 0x0000, 0x0000,
    0xF1F3, 0x0000, 0x0000, 0x0000, 0xF3F3, 0x00F1, 0x0000, 0x0000, 0xF3F3, 0xF1F2, 0x0000, 0x0000,
    0xF3F3, 0xF1F3, 0x0000, 0x0000, 0xF3F3, 0xF2F3, 0x00F1, 0x0000, 0x0000, 0x0000, 0x0000, 0x0000,
    0x0000, 0x0000, 0x0000, 0x0000, 0x0000, 0x0000, 0x0000, 0x0000, 0x0000, 0x0000, 0x0000, 0x0000,
    0x0000, 0x0000, 0x0000, 0x0000, 0x0000, 0x0000, 0x0000, 0x0000, 0x0000, 0x0000, 0x0000, 0x0000,
    0x0000, 0x0000, 0x0000, 0x0000, 0x0000, 0x0000, 0x0000, 0x0000, 0x0000, 0x0000, 0x0000, 0x0000,
    0x0000, 0x0000, 0x0000, 0x0000, 0x0000, 0x0000, 0x0000, 0x0000, 0x0000, 0x0000, 0x0000, 0x0000,
    0x0000, 0x0000, 0x0000, 0x0000, 0x0000, 0x0000, 0x0000, 0x0000, 0x0000, 0x0000, 0x0000, 0x0000,
    0x0000, 0xF100, 0xF1F3, 0xF100, 0x0000, 0xF100, 0xF1F3, 0xF100, 0x0000, 0x0000, 0x00F1, 0xF100,
    0x0000, 0x0000, 0x00F1, 0xF100, 0x0000, 0x0000, 0x00F1, 0xF100, 0x0000, 0x0000, 0xF100, 0xF100,
    0x0000, 0x0000, 0x0000, 0xF100, 0x0000, 0x0000, 0x0000, 0x0000, 0xF2F3, 0xF2F2, 0xF2F2, 0xF2F2,
    0xF3F3, 0xF2F2, 0xF2F2, 0xF2F2, 0xF2F3, 0xF2F3, 0xF2F2, 0xF2F2, 0xF3F3, 0xF2F3, 0xF2F2, 0xF2F2,
    0xF3F3, 0xF2F3, 0xF2F2, 0xF2F2, 0xF3F3, 0xF1F3, 0xF2F2, 0xF2F2, 0xF3F3, 0xF1F1, 0xF2F2, 0xF2F2,
    0xF3F1, 0x0000, 0xF2F1, 0xF1F2, 0xF2F2, 0xF2F2, 0xF4F2, 0xF4F4, 0xF2F2, 0xF2F2, 0xF2F2, 0xE3F4,
    0xF2F2, 0xF2F2, 0xF5F2, 0xE3F4, 0xF2F2, 0xF2F2, 0xF5F5, 0xE3F4, 0xF2F2, 0xF5F2, 0xF5F5, 0xE4F5,
    0xF2F2, 0xE9F5, 0xF5E9, 0xE4F5, 0xF2F2, 0xE9F5, 0xF5E9, 0xE4F5, 0xF2F2, 0xE9F5, 0xE9E9, 0xF5F5,
    0xE3E3, 0xE3E3, 0xE3E3, 0xE3E3, 0xE3E3, 0xE3E3, 0xE3E3, 0xE4E3, 0xE3E3, 0xE3E3, 0xE4E3, 0xE4E4,
    0xE3E3, 0xE4E3, 0xE4E4, 0xE4E4, 0xE4E4, 0xE4E4, 0xE4E4, 0xE4E4, 0xE4E4, 0xE4E4, 0xE4E4, 0xF5E4,
    0xE4E4, 0xE4E4, 0xF5E4, 0xE9F5, 0xE4E4, 0xF5E4, 0xE9F5, 0xE9E9, 0xE4E3, 0xF4E4, 0xF2F2, 0xF2F2,
    0xE4E4, 0xF4E4, 0xF2F2, 0xF2F2, 0xE4E4, 0xF5E4, 0xF2F5, 0xF2F2, 0xE4E4, 0xF5F5, 0xF5F5, 0xF2F2,
    0xF5F5, 0xF5F5, 0xF5F5, 0xF2F5, 0xE9E9, 0xE9E9, 0xF5F5, 0xF2F5, 0xE9E9, 0xE9E9, 0xF5E9, 0xF5F5,
    0xE9E9, 0xE9E9, 0xE9E9, 0xF5F5, 0xF2F2, 0xF2F2, 0xF2F2, 0xF2F2, 0xF2F2, 0xF2F2, 0xF2F2, 0xF1F2,
    0xF2F2, 0xF2F2, 0xF2F2, 0xF1F2, 0xF2F2, 0xF2F2, 0xF2F2, 0xF1F2, 0xF2F2, 0xF2F2, 0xF2F2, 0xF1F2,
    0xF2F2, 0xF2F2, 0xF2F2, 0xF1F2, 0xF2F2, 0xF2F2, 0xF2F2, 0xF1F2, 0xF2F5, 0xF2F2, 0xF2F2, 0xF1F2,
    0xF3F3, 0xF1F3, 0x0000, 0x0000, 0xF3F3, 0xF1F3, 0x0000, 0x0000, 0xF3F3, 0xF1F3, 0x0000, 0x0000,
    0xF3F1, 0xF1F3, 0x0000, 0x0000, 0xF3F1, 0x00F1, 0x0000, 0x0000, 0xF100, 0x00F1, 0x0000, 0x0000,
    0x0000, 0x00F1, 0x0000, 0x0000, 0x0000, 0x0000, 0x0000, 0x0000, 0x0000, 0xF100, 0xF3F3, 0xF3F3,
    0x0000, 0xF100, 0xF3F3, 0xF3F3, 0x0000, 0xF100, 0xF3F3, 0xF3F3, 0x0000, 0xF100, 0xF3F3, 0xF3F3,
    0x0000, 0xF100, 0xF3F3, 0xF3F3, 0x0000, 0xF100, 0xF3F3, 0xF3F2, 0x0000, 0xF100, 0xF3F3, 0xF3F3,
    0x0000, 0xF100, 0xF3F3, 0xF3F2, 0xF3F3, 0xE4F1, 0xE4E4, 0xE4E4, 0xF1F3, 0xE4E3, 0xE4E4, 0xE4E4,
    0xF4F3, 0xE4E4, 0xE4E4, 0xE4E4, 0xF4F2, 0xE4E4, 0xE4E4, 0xE4E4, 0xE3F1, 0xE4E4, 0xE4E4, 0xE4E4,
    0xE3F4, 0xE4E4, 0xE4E4, 0xE4E4, 0xE3F4, 0xE4E4, 0xE4E4, 0xE4E4, 0xE3F4, 0xE4E4, 0xE4E4, 0xE4E4,
    0xE4E4, 0xE4E4, 0xE4E4, 0xE4E4, 0xE4E4, 0xE4E4, 0xE4E4, 0xE4E4, 0xE4E4, 0xE4E4, 0xE4E4, 0xE4E4,
    0xE4E4, 0xE4E4, 0xE4E4, 0xE4E4, 0xE4E4, 0xE4E4, 0xE4E4, 0xE4E4, 0xE4E4, 0xE4E4, 0xE4E4, 0xE4E4,
    0xE4E4, 0xE4E4, 0xE4E4, 0xE4E4, 0xE4E4, 0xE4E4, 0xE4E4, 0xE4E4, 0xE4E4, 0xF3F1, 0xF3F3, 0xF3F3,
    0xE4E4, 0xF2F1, 0xF3F3, 0xF3F3, 0xE4E4, 0xF1F2, 0xF3F3, 0xF3F3, 0xE4E4, 0xF1E4, 0xF3F3, 0xF3F3,
    0xE4E4, 0xF1E4, 0xF3F3, 0xF3F3, 0xE4E4, 0xF1E4, 0xF3F2, 0xF3F3, 0xE4E4, 0xF2E4, 0xF3F1, 0xF3F3,
    0xE4E4, 0xE4E4, 0xF3F1, 0xF2F3, 0xF3F1, 0xF3F3, 0xF3F3, 0xF3F3, 0xF3F2, 0xF3F3, 0xF3F3, 0xF3F3,
    0xF3F1, 0xF3F3, 0xF3F3, 0xF3F3, 0xF3F1, 0xF3F3, 0xF2F3, 0xF3F3, 0xF3F2, 0xF3F3, 0xF3F3, 0xF3F3,
    0xF1F3, 0xF3F3, 0xF2F3, 0xF3F3, 0xF1F3, 0xF3F3, 0xF2F3, 0xF3F3, 0xF1F3, 0xF3F3, 0xF1F3, 0xF3F3,
    0xF3F3, 0xF3F3, 0xF3F3, 0xF3F3, 0xF3F3, 0xF3F3, 0xF3F3, 0xF3F3, 0xF3F3, 0xF3F3, 0xF3F3, 0xF3F3,
    0xF3F3, 0xF3F3, 0xF3F3, 0xF3F3, 0xF3F3, 0xF3F3, 0xF3F3, 0xF3F3, 0xF3F3, 0xF3F3, 0xF3F3, 0xF3F3,
    0xF3F3, 0xF3F3, 0xF3F3, 0xF3F3, 0xF3F3, 0xF3F3, 0xF3F3, 0xF3F3, 0xF3F3, 0xF3F3, 0x00F1, 0x0000,
    0xF3F3, 0xF3F3, 0x00F1, 0x0000, 0xF3F3, 0xF3F3, 0x00F1, 0x0000, 0xF3F3, 0xF3F3, 0xF1F2, 0x0000,
    0xF3F3, 0xF3F3, 0xF1F3, 0x0000, 0xF3F3, 0xF3F3, 0xF1F3, 0x0000, 0xF3F3, 0xF3F3, 0xF1F3, 0x0000,
    0xF3F3, 0xF3F3, 0xF1F3, 0x0000, 0x0000, 0x0000, 0x0000, 0x0000, 0x0000, 0x0000, 0x0000, 0x0000,
    0x0000, 0x0000, 0x0000, 0x0000, 0x0000, 0x0000, 0x0000, 0x0000, 0x0000, 0x0000, 0x0000, 0x0000,
    0x0000, 0x0000, 0x0000, 0x0000, 0x0000, 0x0000, 0x0000, 0x0000, 0x0000, 0x0000, 0x0000, 0x0000,
    0x0000, 0x0000, 0x0000, 0x0000, 0x0000, 0x0000, 0x0000, 0x0000, 0x0000, 0x0000, 0x0000, 0x0000,
    0x0000, 0x0000, 0x0000, 0x0000, 0x0000, 0x0000, 0x0000, 0x0000, 0x0000, 0x0000, 0x0000, 0x0000,
    0x0000, 0x0000, 0x0000, 0x0000, 0x0000, 0x0000, 0x0000, 0x0000, 0x0000, 0x0000, 0x0000, 0x0000,
    0x0000, 0x0000, 0x0000, 0x0000, 0x0000, 0x0000, 0x0000, 0x0000, 0x0000, 0x0000, 0x0000, 0x0000,
    0x0000, 0x0000, 0x0000, 0x0000, 0x0000, 0x0000, 0x0000, 0x0000, 0x0000, 0x0000, 0x0000, 0xF500,
    0x0000, 0x0000, 0x0000, 0xF500, 0xF3F1, 0x0000, 0xF2F1, 0x00F1, 0xF1F1, 0x0000, 0xF100, 0x0000,
    0xF100, 0xF500, 0xF5F5, 0xF5F5, 0xF500, 0xE9F5, 0xE9E9, 0xE9E9, 0xE9F5, 0xF5E9, 0xE9E9, 0xE9E9,
    0xE9F5, 0xF5E9, 0xE9E9, 0xE9E9, 0xE9E9, 0xF5E9, 0xE9E9, 0xE9E9, 0xE9E9, 0xF5E9, 0xE9E9, 0xE9E9,
    0xF2F1, 0xE9F5, 0xE9E9, 0xF5E9, 0xF5F5, 0xE9E9, 0xE9E9, 0xF5F5, 0xE9E9, 0xE9F5, 0xF5E9, 0xE9E9,
    0xE9E9, 0xF5E9, 0xF5E9, 0xE9E9, 0xE9E9, 0xF5E9, 0xE9F5, 0xE9E9, 0xE9E9, 0xE9E9, 0xE9F5, 0xE9E9,
    0xE9E9, 0xE9E9, 0xE9E9, 0xE9E9, 0xE9E9, 0xE9E9, 0xE9E9, 0xE9E9, 0xF5F5, 0xE9F5, 0xE9E9, 0xE9E9,
    0xF5F5, 0xE9E9, 0xE9E9, 0xE9E9, 0xE9F5, 0xF5F5, 0xE9F5, 0xE9E9, 0xE9E9, 0xE9E9, 0xF5E9, 0xE9E9,
    0xE9F5, 0xE9E9, 0xE9E9, 0xE9F5, 0xE9F5, 0xE9E9, 0xE9E9, 0xE9F5, 0xE9F5, 0xE9E9, 0xE9E9, 0xF5E9,
    0xE9F5, 0xE9E9, 0xE9E9, 0xE9E9, 0xE9E9, 0xE9E9, 0xF5E9, 0xF5F5, 0xE9E9, 0xE9E9, 0xF5F5, 0xF5F5,
    0xE9E9, 0xF5E9, 0xE9F5, 0xE9E9, 0xE9E9, 0xF5F5, 0xE9E9, 0xE9E9, 0xF5E9, 0xE9E9, 0xE9E9, 0xE9E9,
    0xE9F5, 0xE9E9, 0xE9E9, 0xE9E9, 0xE9E9, 0xE9E9, 0xE9E9, 0xE9E9, 0xE9E9, 0xE9E9, 0xE9E9, 0xE9E9,
    0xF5F5, 0xF2F5, 0xF2F2, 0x00F1, 0xF5F5, 0xF5F5, 0xF2F5, 0x00F1, 0xE9E9, 0xF5E9, 0xF5F5, 0xF5F5,
    0xE9E9, 0xE9E9, 0xF5E9, 0xF5F5, 0xE9E9, 0xE9E9, 0xE9E9, 0xF5E9, 0xE9E9, 0xE9E9, 0xE9E9, 0xF5E9,
    0xE9E9, 0xE9E9, 0xF5E9, 0xE9F5, 0xE9E9, 0xE9E9, 0xE9F5, 0xE9E9, 0x0000, 0x0000, 0x0000, 0x0000,
    0x0000, 0x0000, 0x0000, 0x0000, 0x0000, 0x0000, 0x0000, 0x0000, 0x00F5, 0x0000, 0x0000, 0x0000,
    0xF5F5, 0x0000, 0x0000, 0x0000, 0xE9E9, 0xF5F5, 0x0000, 0x0000, 0xE9E9, 0xE9E9, 0x00F5, 0x0000,
    0xE9E9, 0xE9E9, 0xF5E9, 0x0000, 0x0000, 0xF100, 0xF3F2, 0xF2F3, 0x0000, 0xF100, 0xF2F3, 0xF2F2,
    0x0000, 0xF100, 0xF3F2, 0xF2F3, 0x0000, 0x0000, 0xF2F1, 0xF2F2, 0x0000, 0x0000, 0xF2F1, 0xF2F3,
    0x0000, 0x0000, 0xF100, 0xF2F2, 0x0000, 0x0000, 0xF100, 0xF2F2, 0x0000, 0x0000, 0xF100, 0xF2F2,
    0xE3F4, 0xE4E4, 0xE4E4, 0xE4E4, 0xE3F4, 0xE6E6, 0xE3E6, 0xE3E3, 0xE3F4, 0xE3E3, 0xE6E3, 0xE6E6,
    0xE3F4, 0xE3E3, 0xE3E3, 0xE6E6, 0xE3F4, 0xE3E3, 0xE3E3, 0xE4E4, 0xE3F4, 0xE4E3, 0xE4E4, 0xE4E4,
    0xE3F4, 0xE6E3, 0xE6E6, 0xE6E6, 0xE3F4, 0xE9E6, 0xE1E9, 0xE1E1, 0xE4E4, 0xE4E4, 0xE4E4, 0xE4E4,
    0xE4E4, 0xE4E4, 0xE4E4, 0xE4E4, 0xE6E6, 0xE4E6, 0xE4E4, 0xE3E4, 0xE6E6, 0xE4E6, 0xE4E4, 0xE6E4,
    0xE4E4, 0xE4E4, 0xE4E4, 0xE4E4, 0xE4E4, 0xE4E4, 0xE4E4, 0xE4E4, 0xE4E3, 0xE4E4, 0xE4E4, 0xE4E4,
    0xE3E6, 0xE4E4, 0xE4E4, 0xE4E4, 0xE4E4, 0xE4E4, 0xF3F1, 0xF3F2, 0xE4E4, 0xE4E4, 0xF2F1, 0xF2F3,
    0xE6E6, 0xE6E6, 0xE6E6, 0xF1E3, 0xE6E6, 0xE3E6, 0xE6E6, 0xE6E6, 0xE4E4, 0xE3E3, 0xE3E3, 0xE3E3,
    0xE3E4, 0xE4E4, 0xE4E4, 0xE3E3, 0xE4E4, 0xE4E4, 0xE4E4, 0xE4E4, 0xE4E4, 0xE6E3, 0xE6E6, 0xE6E6,
    0xF1F2, 0xF3F2, 0xF1F3, 0xF3F3, 0xF2F3, 0xF3F1, 0xF1F3, 0xF3F3, 0xF3F2, 0xF2F2, 0xF3F1, 0xF3F2,
    0xE6E6, 0xF2F2, 0xF2F1, 0xF3F1, 0xF2F1, 0xE6E6, 0xF2F1, 0xF3F1, 0xF1E3, 0xF3F2, 0xF1F2, 0xF3F1,
    0xE3E4, 0xF2F1, 0xF1F2, 0xF2F2, 0xE3E6, 0xF1E3, 0xF2F2, 0xF1F2, 0xF3F3, 0xF3F3, 0xF2F3, 0xF3F3,
    0xF3F3, 0xF3F3, 0xF3F3, 0xF3F3, 0xF3F3, 0xF3F3, 0xF2F3, 0xF3F3, 0xF3F3, 0xF3F3, 0xF2F3, 0xF3F3,
    0xF3F3, 0xF3F3, 0xF2F3, 0xF3F3, 0xF3F2, 0xF3F2, 0xF3F2, 0xF3F2, 0xF2F3, 0xF2F3, 0xF2F2, 0xF2F3,
    0xF3F2, 0xF3F2, 0xF3F2, 0xF3F2, 0xF3F3, 0xF3F3, 0xF1F3, 0x0000, 0xF3F3, 0xF3F3, 0xF1F3, 0x0000,
    0xF3F3, 0xF3F3, 0xF1F3, 0x0000, 0xF3F3, 0xF3F3, 0xF1F3, 0x0000, 0xF3F3, 0xF3F3, 0xF1F3, 0x0000,
    0xF3F3, 0xF3F3, 0xF1F2, 0x0000, 0xF3F3, 0xF3F3, 0x00F1, 0x0000, 0xF3F3, 0xF3F3, 0x00F1, 0x0000,
    0x0000, 0x0000, 0x0000, 0x0000, 0x0000, 0x0000, 0x0000, 0x0000, 0x0000, 0x0000, 0x0000, 0x0000,
    0x0000, 0x0000, 0x0000, 0x0000, 0x0000, 0x0000, 0x0000, 0x0000, 0x0000, 0x0000, 0x0000, 0x0000,
    0x0000, 0x0000, 0x0000, 0x0000, 0x0000, 0x0000, 0x0000, 0x0000, 0x0000, 0x0000, 0x0000, 0x0000,
    0x0000, 0x0000, 0x0000, 0x0000, 0x0000, 0x0000, 0x0000, 0x0000, 0x0000, 0x0000, 0x0000, 0x0000,
    0x0000, 0x0000, 0x0000, 0x0000, 0x0000, 0x0000, 0x0000, 0x0000, 0x0000, 0x0000, 0x0000, 0x0000,
    0x0000, 0x0000, 0x0000, 0x0000, 0x0000, 0x0000, 0x0000, 0xE9F5, 0x0000, 0x0000, 0x0000, 0xE9F5,
    0x0000, 0x0000, 0xF500, 0xE9E9, 0x0000, 0x0000, 0xF500, 0xE9E9, 0x0000, 0x0000, 0xF500, 0xE9E9,
    0x0000, 0x0000, 0xE9F5, 0xE9E9, 0x0000, 0x0000, 0xE9F5, 0xE9E9, 0x0000, 0x0000, 0xE9F5, 0xE9E9,
    0xE9E9, 0xF5E9, 0xE9E9, 0xE9E9, 0xE9E9, 0xE9E9, 0xE9E9, 0xE9E9, 0xE9E9, 0xF5E9, 0xE9E9, 0xE9E9,
    0xE9E9, 0xE9E9, 0xE9E9, 0xE9E9, 0xE9E9, 0xE9E9, 0xE9F5, 0xE9E9, 0xE9E9, 0xE9E9, 0xE9F5, 0xE9E9,
    0xE9E9, 0xE9E9, 0xE9F5, 0xE9E9, 0xE9E9, 0xE9E9, 0xE9F5, 0xE9E9, 0xE9E9, 0xE9E9, 0xE9E9, 0xE9E9,
    0xE9E9, 0xE9E9, 0xE9E9, 0xE9E9, 0xE9E9, 0xE9E9, 0xE9E9, 0xE9E9, 0xE9E9, 0xE9E9, 0xE9E9, 0xE9E9,
    0xE9E9, 0xE9E9, 0xE9E9, 0xE9E9, 0xE9E9, 0xE9E9, 0xE9E9, 0xE9E9, 0xE9E9, 0xE9E9, 0xE9E9, 0xE9E9,
    0xE9E9, 0xE9E9, 0xE9E9, 0xE9E9, 0xE9F5, 0xE9E9, 0xE9E9, 0xE9E9, 0xE9F5, 0xE9E9, 0xE9E9, 0xE9E9,
    0xE9F5, 0xE9E9, 0xE9E9, 0xE9E9, 0xE9F5, 0xE9E9, 0xE9E9, 0xE9E9, 0xE9E9, 0xE9E9, 0xE9E9, 0xE9E9,
    0xE9E9, 0xE9E9, 0xE9E9, 0xE9E9, 0xE9F5, 0xE9E9, 0xE9E9, 0xE9E9, 0xE9E9, 0xE9E9, 0xE9E9, 0xE9E9,
    0xE9E9, 0xE9E9, 0xE9E9, 0xE9E9, 0xE9E9, 0xE9E9, 0xE9E9, 0xE9E9, 0xE9E9, 0xE9E9, 0xE9E9, 0xE9E9,
    0xE9E9, 0xE9E9, 0xE9E9, 0xE9E9, 0xE9E9, 0xE9E9, 0xE9E9, 0xE9E9, 0xE9E9, 0xE9E9, 0xE9E9, 0xE9E9,
    0xE9E9, 0xE9E9, 0xE9E9, 0xE9E9, 0xE9E9, 0xE9E9, 0xE9E9, 0xE9E9, 0xE9E9, 0xF5E9, 0xE9E9, 0xE9E9,
    0xE9E9, 0xE9E9, 0xE9E9, 0xE9E9, 0xE9E9, 0xE9F5, 0xE9E9, 0xE9E9, 0xE9E9, 0xE9F5, 0xE9E9, 0xE9E9,
    0xE9E9, 0xE9F5, 0xE9E9, 0xE9E9, 0xE9E9, 0xE9F5, 0xE9E9, 0xE9E9, 0xF5E9, 0xE9F5, 0xE9E9, 0xE9E9,
    0xF5E9, 0xE9F5, 0xE9E9, 0xE9E9, 0xE9E9, 0xE9E9, 0xF5E9, 0x0000, 0xE9E9, 0xE9E9, 0xE9E9, 0x00F5,
    0xE9E9, 0xE9E9, 0xE9E9, 0x00F5, 0xE9E9, 0xE9E9, 0xE9E9, 0x00F5, 0xE9E9, 0xE9E9, 0xE9E9, 0x00F5,
    0xE9E9, 0xE9E9, 0xE9E9, 0x00F5, 0xE9E9, 0xE9E9, 0xE9E9, 0xF5E9, 0xE9E9, 0xE9E9, 0xE9E9, 0xF5E9,
    0x0000, 0x0000, 0xF100, 0xF2F2, 0x0000, 0x0000, 0x0000, 0xF2F1, 0x0000, 0x0000, 0x0000, 0xF2F1,
    0x0000, 0x0000, 0x0000, 0xF2F1, 0x0000, 0x0000, 0x0000, 0xF2F1, 0x0000, 0x0000, 0x0000, 0xF2F1,
    0x0000, 0x0000, 0x0000, 0xF2F1, 0x0000, 0x0000, 0xF100, 0xF2F2, 0xE6F4, 0xE9E9, 0xE7E9, 0xE1E5,
    0xE6F4, 0xE9E9, 0xE9E9, 0xE1E5, 0xE6F4, 0xE9E9, 0xE1E9, 0xE1E8, 0xE6F4, 0xE9E9, 0xE1E9, 0xE8E7,
    0xE3F4, 0xE9E6, 0xE9E9, 0xE1E1, 0xE3F4, 0xE3E3, 0xE9E9, 0xE9E9, 0xE3F4, 0xE3E3, 0xE3E3, 0xE4E4,
    0xE3F4, 0xE4E3, 0xE4E4, 0xE4E4, 0xE6E1, 0xE4E4, 0xE4E4, 0xE4E4, 0xE1E1, 0xE4E4, 0xE4E4, 0xE4E4,
    0xE1E1, 0xE4E4, 0xE4E4, 0xE4E4, 0xE1E1, 0xE4E4, 0xE4E4, 0xE4E4, 0xE3E1, 0xE4E4, 0xE4E4, 0xE4E4,
    0xE4E4, 0xE4E4, 0xE4E4, 0xE4E4, 0xE4E4, 0xE4E4, 0xE4E4, 0xE4E4, 0xE4E4, 0xE4E4, 0xE4E4, 0xE4E4,
    0xE6E4, 0xE9E6, 0xE1E7, 0xE1E1, 0xE9E3, 0xE9E9, 0xE9E9, 0xE1E1, 0xE9E9, 0xE9E9, 0xE9E9, 0xE1E1,
    0xE9E9, 0xE9E9, 0xE8E1, 0xE5E5, 0xE9E4, 0xE9E9, 0xE7E5, 0xE5E8, 0xE3E4, 0xE9E9, 0xE5E9, 0xE8E7,
    0xE4E4, 0xE9E3, 0xE9E9, 0xE6E1, 0xE4E4, 0xE4E4, 0xE3E3, 0xE3E3, 0xE6E6, 0xE3E6, 0xF2F1, 0xF2F2,
    0xE1E1, 0xE6E6, 0xF1E3, 0xF2F1, 0xE1E1, 0xE6E1, 0xE3E6, 0xF1E3, 0xE1E5, 0xE6E1, 0xE3E6, 0xE3E3,
    0xE5E5, 0xE6E8, 0xE3E6, 0xE3E3, 0xE8E8, 0xE6E6, 0xE3E3, 0xF4E3, 0xE6E6, 0xE4E3, 0xE3E4, 0xF4E3,
    0xE4E3, 0xE4E4, 0xE4E4, 0xE3E3, 0xF2F3, 0xF2F3, 0xF2F2, 0xF3F3, 0xF3F2, 0xF2F2, 0xF3F2, 0xF3F2,
    0xF1F1, 0xF4F4, 0xF4F4, 0xF2F2, 0xF4E3, 0xE4E4, 0xE4E4, 0xF2F4, 0xE4F4, 0xF4E4, 0xE4F4, 0xF4E4,
    0xE4E4, 0xE3F4, 0xE3E3, 0xF4E4, 0xF4E4, 0xE3E3, 0xE3E4, 0xF4E4, 0xE3E3, 0xE3E3, 0xE3E4, 0xF4E4,
    0xF2F3, 0xF2F3, 0x00F1, 0x0000, 0xF3F2, 0xF3F2, 0x00F1, 0x0000, 0xF2F3, 0xF1F2, 0x0000, 0x0000,
    0xF3F2, 0xF1F2, 0x0000, 0x0000, 0xF2F3, 0xF1F2, 0x0000, 0x0000, 0xF2F2, 0xF1F2, 0x0000, 0x0000,
    0xF2F2, 0xF1F2, 0x0000, 0x0000, 0xF2F2, 0xF1F2, 0x0000, 0x0000, 0x0000, 0x0000, 0x0000, 0x0000,
    0x0000, 0x0000, 0x0000, 0x0000, 0x0000, 0x0000, 0x0000, 0x0000, 0x0000, 0x0000, 0x0000, 0x0000,
    0x0000, 0x0000, 0x0000, 0x0000, 0x0000, 0x0000, 0x0000, 0x0000, 0x0000, 0x0000, 0x0000, 0x0000,
    0x0000, 0x0000, 0x0000, 0x0000, 0x0000, 0x0000, 0xF100, 0xF2F2, 0x0000, 0x0000, 0xF100, 0xF2F2,
    0x0000, 0x0000, 0xF2F1, 0xF2F2, 0x0000, 0x0000, 0xF3F1, 0xF2F2, 0x0000, 0x0000, 0xF2F1, 0xF2F2,
    0x0000, 0x0000, 0xF3F1, 0xF2F2, 0x0000, 0x0000, 0xF2F1, 0xF2F2, 0x0000, 0x0000, 0xF3F1, 0xF2F2,
    0xE3F4, 0xE4E4, 0xE4E4, 0xE4E4, 0xE3F4, 0xE4E4, 0xE4E4, 0xE4E4, 0xE3F4, 0xE4E4, 0xE4E4, 0xE4E4,
    0xF4F2, 0xE4E4, 0xE4E4, 0xE4E4, 0xF4F2, 0xE4E4, 0xE4E4, 0xE4E4, 0xF4F2, 0xE4E3, 0xE4E4, 0xE4E4,
    0xF2F2, 0xE4F4, 0xE4E4, 0xE4E4, 0xF2F2, 0xE3F4, 0xE4E4, 0xE4E4, 0xE6E4, 0xE4E6, 0xE4E4, 0xE4E4,
    0xE6E4, 0xE6E6, 0xE6E3, 0xE4E4, 0xE3E4, 0xE6E6, 0xE4E6, 0xE4E4, 0xE4E4, 0xE4E4, 0xE4E4, 0xE4E4,
    0xE4E4, 0xE4E4, 0xE4E4, 0xE4E4, 0xE4E4, 0xE3E4, 0xE6E6, 0xE6E6, 0xE4E4, 0xE3E4, 0xE6E6, 0xE9E9,
    0xE4E4, 0xE3E4, 0xE6E6, 0xE6E6, 0xE4E4, 0xE4E4, 0xE4E4, 0xE4E4, 0xE4E4, 0xE4E4, 0xE4E4, 0xE4E4,
    0xE4E4, 0xE4E4, 0xE4E4, 0xE4E4, 0xE4E4, 0xE4E4, 0xE4E4, 0xE4E4, 0xE4E4, 0xE4E4, 0xE4E4, 0xE4E4,
    0xE6E6, 0xE4E3, 0xE4E4, 0xE4E4, 0xE6E3, 0xE3E6, 0xE4E4, 0xE4E4, 0xE6E6, 0xE4E6, 0xE4E4, 0xE4E4,
    0xE4E4, 0xE4E4, 0xE4E4, 0xE3E3, 0xE4E4, 0xE4E4, 0xE4E4, 0xE3E4, 0xE4E4, 0xE4E4, 0xE4E4, 0xE3E4,
    0xE4E4, 0xE4E4, 0xE4E4, 0xE3E4, 0xE4E4, 0xE4E4, 0xE4E4, 0xF4E4, 0xE4E4, 0xE4E4, 0xE4E4, 0xF4E3,
    0xE4E4, 0xE4E4, 0xE4E4, 0xF2F4, 0xE4E4, 0xE4E4, 0xE3E4, 0xF2F4, 0xE3E3, 0xE3E3, 0xE4E3, 0xF4E4,
    0xE4E4, 0xE3E3, 0xE4E3, 0xF4E4, 0xE4E4, 0xE3E3, 0xE4E4, 0xF2F4, 0xE3E4, 0xE4E3, 0xF4E4, 0xF2F2,
    0xE4E4, 0xE3E4, 0xF2F4, 0xF2F2, 0xE3E3, 0xF4E3, 0xF2F2, 0xF2F2, 0xF4F4, 0xF2F4, 0xF2F2, 0xF2F2,
    0xF2F2, 0xF2F2, 0xF2F2, 0xF2F2, 0xF2F2, 0xF1F2, 0x0000, 0x0000, 0xF2F2, 0xF1F2, 0x0000, 0x0000,
    0xF2F2, 0xF1F2, 0x0000, 0x0000, 0xF2F2, 0xF1F2, 0x0000, 0x0000, 0xF2F2, 0xF1F2, 0x0000, 0x0000,
    0xF2F3, 0xF1F2, 0x0000, 0x0000, 0xF2F2, 0xF1F2, 0x0000, 0x0000, 0xF2F3, 0xF1F2, 0x0000, 0x0000,
    0x0000, 0x0000, 0x0000, 0x0000, 0x0000, 0x0000, 0x0000, 0x0000, 0x0000, 0x0000, 0x0000, 0x0000,
    0x0000, 0x0000, 0x0000, 0x0000, 0x0000, 0x0000, 0x0000, 0x0000, 0x0000, 0x0000, 0x0000, 0x0000,
    0x0000, 0x0000, 0x0000, 0x0000, 0x0000, 0x0000, 0x0000, 0x0000
};
