#include <graveblood/assets.h>

const u16 gb_level10_bg_palette[256] = {
    0x7C1F, 0x7FFF, 0x0000, 0x7F7B, 0x3004, 0x16FF, 0x14BF, 0x6B13, 0x6D8A, 0x7E50,
    0x1865, 0x3313, 0x2988, 0x1DDF, 0x2BBF, 0x3108, 0x3D4B, 0x2D6C, 0x3A09, 0x2E8A,
    0x56F2, 0x2B4F, 0x26CD, 0x2227, 0x4B97, 0x3772, 0x25B1, 0x29B0, 0x29C7, 0x2B30,
    0x2A67, 0x2806, 0x5C05, 0x4802, 0x2527, 0x22CF, 0x25CA, 0x2A2B, 0x1F52, 0x2587,
    0x1D27, 0x25A8, 0x2E2A, 0x18E7, 0x1908, 0x1D2B, 0x29CA, 0x5630, 0x5A51, 0x5E93,
    0x5E72, 0x773A, 0x6AB5, 0x6674, 0x1D44, 0x4E11, 0x1DA5, 0x26CC, 0x16D0, 0x5610,
    0x5A72, 0x49CD, 0x66D8, 0x5A74, 0x4B72, 0x775A, 0x396A, 0x2084, 0x4E2F, 0x2D09,
    0x24C5, 0x5ADA, 0x4E56, 0x7339, 0x5270, 0x0422, 0x5EB5, 0x398D, 0x0842, 0x0421,
    0x454B, 0x49D2, 0x49A7, 0x2A27, 0x1CA7, 0x2A6F, 0x45F0, 0x4B1B, 0x2A14, 0x6F7D,
    0x6AF9, 0x7B7A, 0x3EBA, 0x1D2C, 0x0C62, 0x148F, 0x1CF4, 0x3218, 0x2156, 0x14B2,
    0x10A4, 0x1D68, 0x7B5A, 0x418C, 0x084A, 0x14B1, 0x5B7E, 0x4F1B, 0x1907, 0x0C42,
    0x4298, 0x146B, 0x0846, 0x416B, 0x1462, 0x24C4, 0x1CA3, 0x0824, 0x73FF, 0x10E8,
    0x3E56, 0x2E14, 0x56B7, 0x4A55, 0x41F3, 0x2D4F, 0x0CA8, 0x216E, 0x3E97, 0x0C41,
    0x1D6C, 0x218D, 0x2172, 0x1D8F, 0x41A5, 0x18D1, 0x471B, 0x42FA, 0x0CA5, 0x14C6,
    0x0425, 0x1068, 0x252C, 0x18AB, 0x14C4, 0x10A5, 0x0C83, 0x1906, 0x14A9, 0x0C45,
    0x67BF, 0x148A, 0x0822, 0x18ED, 0x148D, 0x1CF3, 0x2DD6, 0x1063, 0x31CD, 0x298B,
    0x2569, 0x18E5, 0x2128, 0x4271, 0x4AB4, 0x35EE, 0x3A30, 0x4272, 0x3E51, 0x2969,
    0x1D07, 0x3E30, 0x31ED, 0x2D6B, 0x2108, 0x1CE8, 0x1043, 0x1062, 0x18E8, 0x216C,
    0x29F0, 0x5B38, 0x0801, 0x1064, 0x18A6, 0x0400, 0x1CC7, 0x1464, 0x18C6, 0x14A5,
    0x4AB3, 0x29B9, 0x3A5B, 0x4F1D, 0x0820, 0x1D06, 0x0C43, 0x3A76, 0x1484, 0x294A,
    0x3A0F, 0x18A5, 0x2638, 0x1532, 0x168B, 0x1CE7, 0x3639, 0x56F7, 0x4251, 0x2093,
    0x2CE6, 0x1C85, 0x458B, 0x6671, 0x1843, 0x51CF, 0x1EDD, 0x6EF8, 0x3F34, 0x2606,
    0x6F18, 0x2D03, 0x514B, 0x512A, 0x14A3, 0x69D3, 0x20C2, 0x556E, 0x5A93, 0x0000,
    0x00E5, 0x0000, 0x0000, 0x0000, 0x0000, 0x0000, 0x0000, 0x0000, 0x0000, 0x0000,
    0x0000, 0x0000, 0x0000, 0x0000, 0x0000, 0x0000, 0x0000, 0x0000, 0x0000, 0x0000,
    0x0000, 0x0000, 0x0000, 0x0000, 0x0000, 0x0000
};

const u16 gb_level10_bg_tiles[27648] = {
    0x0000, 0x0000, 0x0000, 0x0000, 0x0000, 0x0000, 0x0000, 0x0000, 0x0000, 0x0000, 0x0000, 0x0000,
    0x0000, 0x0000, 0x0000, 0x0000, 0x0000, 0x0000, 0x0000, 0x0000, 0x0000, 0x0000, 0x0000, 0x0000,
    0x0000, 0x0000, 0x0000, 0x0000, 0x0000, 0x0000, 0x0000, 0x0000, 0x0201, 0x0403, 0x0605, 0x0807,
    0x0B0B, 0x0B0B, 0x0B0B, 0x0B0B, 0x0B0B, 0x0B0B, 0x0B0B, 0x0B0B, 0x0B0B, 0x0B0B, 0x0B0B, 0x0B0B,
    0x0B0B, 0x0B0B, 0x0B0B, 0x0B0B, 0x0B0B, 0x0B0B, 0x0B0B, 0x0B0B, 0x0B0B, 0x0B0B, 0x0B0B, 0x0B0B,
    0x0B0B, 0x0B0B, 0x0B0B, 0x0B0B, 0x0909, 0x0909, 0x0909, 0x0909, 0x0909, 0x0909, 0x0909, 0x0909,
    0x0909, 0x0909, 0x0909, 0x0909, 0x0909, 0x0909, 0x0909, 0x0909, 0x0909, 0x0909, 0x0909, 0x0909,
    0x0909, 0x0909, 0x0909, 0x0909, 0x0909, 0x0909, 0x0909, 0x0909, 0x0909, 0x0909, 0x0909, 0x0909,
    0x0A00, 0x0109, 0x0101, 0x0101, 0x0A00, 0x0109, 0x0101, 0x0101, 0x0A00, 0x0109, 0x0101, 0x0101,
    0x0A00, 0x0109, 0x0101, 0x0101, 0x0A00, 0x0109, 0x0101, 0x0101, 0x0A00, 0x0109, 0x0101, 0x0101,
    0x0A00, 0x0109, 0x0101, 0x0101, 0x0A00, 0x0109, 0x0101, 0x0101, 0x0A00, 0x0109, 0x0101, 0x0101,
    0x0A00, 0x0109, 0x0101, 0x0101, 0x0000, 0x090A, 0x0101, 0x0101, 0x0000, 0x090A, 0x0101, 0x0101,
    0x0000, 0x0A00, 0x0109, 0x0101, 0x0000, 0x0000, 0x090A, 0x0109, 0x0000, 0x0000, 0x0A00, 0x090A,
    0x0000, 0x0000, 0x0000, 0x0A00, 0x0101, 0x0101, 0x0101, 0x0101, 0x0A01, 0x0101, 0x0101, 0x0101,
    0x0A01, 0x0101, 0x0101, 0x0101, 0x0A01, 0x0101, 0x0101, 0x0101, 0x0A01, 0x0101, 0x0101, 0x0101,
    0x0A01, 0x0101, 0x0101, 0x0101, 0x0A09, 0x0909, 0x0909, 0x0909, 0x0A0A, 0x0A0A, 0x0A0A, 0x0A0A,
    0x0A00, 0x0109, 0x0101, 0x0101, 0x0A00, 0x0109, 0x0101, 0x0101, 0x0109, 0x0101, 0x0101, 0x0101,
    0x090A, 0x0101, 0x0101, 0x0101, 0x0A00, 0x0109, 0x0101, 0x0101, 0x0A00, 0x0109, 0x0101, 0x0101,
    0x0A00, 0x0109, 0x0101, 0x0101, 0x0A00, 0x0109, 0x0101, 0x0101, 0x0303, 0x0303, 0x0303, 0x0403,
    0x0303, 0x0303, 0x0303, 0x0404, 0x0303, 0x0303, 0x0303, 0x0404, 0x0303, 0x0303, 0x0403, 0x0404,
    0x0303, 0x0303, 0x0403, 0x0404, 0x0303, 0x0303, 0x0403, 0x0404, 0x0303, 0x0303, 0x0404, 0x0404,
    0x0303, 0x0303, 0x0404, 0x0404, 0x0303, 0x0303, 0x0303, 0x0303, 0x0303, 0x0303, 0x0303, 0x0303,
    0x0303, 0x0303, 0x0303, 0x0303, 0x0303, 0x0303, 0x0303, 0x0303, 0x0404, 0x0303, 0x0303, 0x0303,
    0x0404, 0x0404, 0x0304, 0x0303, 0x0404, 0x0404, 0x0404, 0x0304, 0x0404, 0x0404, 0x0404, 0x0404,
    0x0B0B, 0x0B0B, 0x0B0B, 0x0B0B, 0x180B, 0x0B0B, 0x0B0B, 0x0B0B, 0x0B0B, 0x0B0B, 0x0B0B, 0x0B0B,
    0x0B0B, 0x0B0B, 0x1818, 0x0B0B, 0x0B0B, 0x0B0B, 0x1818, 0x0B0B, 0x0B0B, 0x0B0B, 0x0B0B, 0x0B0B,
    0x0B0B, 0x0B0B, 0x0B0B, 0x0B0B, 0x0B0B, 0x180B, 0x0B0B, 0x0B0B, 0x0B0B, 0x0B0B, 0x0B0B, 0x0B0B,
    0x0B0B, 0x190B, 0x0B0B, 0x0B0B, 0x0B0B, 0x0B0B, 0x0B0B, 0x0B0B, 0x0B0B, 0x0B0B, 0x0B0B, 0x0B0B,
    0x0B0B, 0x0B0B, 0x190B, 0x0B19, 0x0B0B, 0x0B0B, 0x190B, 0x0B19, 0x1D1D, 0x0B0B, 0x0B0B, 0x0B0B,
    0x1D1D, 0x0B0B, 0x0B0B, 0x0B0B, 0x0C0B, 0x0C0C, 0x0C0C, 0x0C0C, 0x180B, 0x0C0C, 0x0C0C, 0x0C0C,
    0x0C0B, 0x0C0C, 0x0C0C, 0x0C0C, 0x0C0B, 0x0C0C, 0x0C0C, 0x0C0C, 0x0C0B, 0x0C0C, 0x0C0C, 0x0C0C,
    0x0C0B, 0x0C0C, 0x0C0C, 0x0C0C, 0x1D1D, 0x0C0C, 0x0C0C, 0x0C0C, 0x1E1D, 0x0C0C, 0x0C0C, 0x0C0C,
    0x0A00, 0x0409, 0x0404, 0x0404, 0x0A00, 0x0409, 0x0404, 0x0404, 0x0A00, 0x0409, 0x0404, 0x0404,
    0x0A00, 0x0409, 0x0404, 0x0404, 0x0A00, 0x0409, 0x0404, 0x0404, 0x0A00, 0x0409, 0x0404, 0x0404,
    0x0A00, 0x0409, 0x0404, 0x0404, 0x0A00, 0x0409, 0x0404, 0x0404, 0x0404, 0x0404, 0x0404, 0x0404,
    0x0404, 0x0404, 0x0404, 0x0404, 0x0404, 0x0404, 0x0404, 0x0404, 0x0404, 0x0404, 0x0404, 0x0404,
    0x0404, 0x0404, 0x0404, 0x0404, 0x0404, 0x0404, 0x0404, 0x0404, 0x0404, 0x0404, 0x0404, 0x0404,
    0x0404, 0x0404, 0x0404, 0x0404, 0x0A00, 0x0309, 0x0303, 0x0303, 0x0A00, 0x0309, 0x0303, 0x0303,
    0x0A00, 0x0309, 0x0303, 0x0303, 0x0A00, 0x0309, 0x0303, 0x0303, 0x0A00, 0x0309, 0x0303, 0x0303,
    0x0A00, 0x0309, 0x0303, 0x0303, 0x0A00, 0x0309, 0x0303, 0x0303, 0x0A00, 0x0309, 0x0303, 0x0303,
    0x0303, 0x0303, 0x0303, 0x0303, 0x0303, 0x0303, 0x0303, 0x0303, 0x0303, 0x0303, 0x0303, 0x0303,
    0x0303, 0x0303, 0x0303, 0x0303, 0x0303, 0x0303, 0x0303, 0x0303, 0x0303, 0x0303, 0x0303, 0x0303,
    0x0303, 0x0303, 0x0303, 0x0303, 0x0303, 0x0303, 0x0303, 0x0303, 0x0A00, 0x0109, 0x0101, 0x0101,
    0x0A00, 0x0109, 0x0101, 0x0101, 0x0A00, 0x0109, 0x0105, 0x0101, 0x0A00, 0x0109, 0x0101, 0x0101,
    0x0A00, 0x0109, 0x0105, 0x0105, 0x0A00, 0x0109, 0x0101, 0x0101, 0x0A00, 0x0109, 0x0101, 0x0101,
    0x0A00, 0x0109, 0x0101, 0x0101, 0x0101, 0x0101, 0x0101, 0x0101, 0x0101, 0x0101, 0x0101, 0x0101,
    0x0101, 0x0101, 0x0101, 0x0101, 0x0101, 0x0101, 0x0101, 0x0101, 0x0101, 0x0101, 0x0101, 0x0101,
    0x0101, 0x0101, 0x0101, 0x0101, 0x0101, 0x0101, 0x0101, 0x0101, 0x0101, 0x0101, 0x0101, 0x0101,
    0x0303, 0x0303, 0x0303, 0x0303, 0x0A0A, 0x0A0A, 0x0A0A, 0x0A0A, 0x050A, 0x0E0E, 0x0E0E, 0x0A05,
    0x0E0A, 0x0E05, 0x050E, 0x0A0E, 0x0E0A, 0x0505, 0x0505, 0x0A0E, 0x050A, 0x0E0E, 0x0E0E, 0x0A05,
    0x0A0A, 0x0A0A, 0x0A0A, 0x0A0A, 0x0303, 0x0303, 0x0303, 0x0303, 0x0505, 0x0505, 0x0505, 0x0505,
    0x0505, 0x0505, 0x0505, 0x0505, 0x0A05, 0x0505, 0x0505, 0x0505, 0x0A05, 0x0505, 0x0505, 0x0505,
    0x0A05, 0x0505, 0x0505, 0x0505, 0x0A05, 0x050A, 0x0505, 0x0505, 0x0505, 0x0505, 0x0505, 0x0505,
    0x0505, 0x0505, 0x0505, 0x0505, 0x0A03, 0x0E0D, 0x050E, 0x0505, 0x0A03, 0x0E0D, 0x050E, 0x0505,
    0x0A03, 0x0E0D, 0x050E, 0x0505, 0x0A03, 0x0E0D, 0x050E, 0x0505, 0x0A03, 0x0E0D, 0x050E, 0x0505,
    0x0A03, 0x0E0D, 0x050E, 0x0505, 0x0A03, 0x0E0D, 0x050E, 0x0505, 0x0A03, 0x0E0D, 0x050E, 0x0505,
    0x0505, 0x0505, 0x0D05, 0x030A, 0x0505, 0x0505, 0x0D05, 0x030A, 0x0505, 0x0505, 0x0D05, 0x030A,
    0x0505, 0x0505, 0x0D05, 0x030A, 0x0505, 0x0505, 0x0D05, 0x030A, 0x0505, 0x0505, 0x0D05, 0x030A,
    0x0505, 0x0505, 0x0D05, 0x030A, 0x0505, 0x0505, 0x0D05, 0x030A, 0x0A03, 0x0109, 0x0101, 0x0101,
    0x0A03, 0x0109, 0x0101, 0x0101, 0x0A03, 0x0109, 0x0101, 0x0101, 0x0A03, 0x0109, 0x0101, 0x0101,
    0x0A03, 0x0109, 0x0101, 0x0101, 0x0A03, 0x0109, 0x0101, 0x0101, 0x0A03, 0x0109, 0x0101, 0x0101,
    0x0A03, 0x0109, 0x0101, 0x0101, 0x0A0A, 0x0A0A, 0x0A0A, 0x0A0A, 0x0909, 0x0909, 0x0A09, 0x090A,
    0x0303, 0x0303, 0x090A, 0x0109, 0x0303, 0x0A03, 0x0109, 0x0101, 0x0303, 0x090A, 0x0101, 0x0101,
    0x0303, 0x090A, 0x0101, 0x0101, 0x0A03, 0x0109, 0x0101, 0x0101, 0x0A03, 0x0109, 0x0101, 0x0101,
    0x0B0C, 0x0C0C, 0x0C0C, 0x0C0B, 0x0C0C, 0x170C, 0x0C0C, 0x0B0B, 0x0C0B, 0x0C0C, 0x0C0C, 0x0B0C,
    0x0B0B, 0x0C0C, 0x0C0C, 0x0B0C, 0x0B0B, 0x0C0B, 0x100C, 0x0C10, 0x0B0B, 0x0C0B, 0x120C, 0x0C12,
    0x1D1D, 0x0B0B, 0x120C, 0x1112, 0x1D1D, 0x0B0B, 0x0C0C, 0x110C, 0x100F, 0x1110, 0x0B0F, 0x1111,
    0x1011, 0x0F1A, 0x110F, 0x0F11, 0x1B11, 0x0F0F, 0x0F0F, 0x0B0F, 0x1111, 0x0F10, 0x0F0F, 0x0B0B,
    0x1A0F, 0x0F10, 0x0B0F, 0x0B0B, 0x1B11, 0x0F11, 0x0B0B, 0x0B0B, 0x1010, 0x0F11, 0x0B0B, 0x0B0B,
    0x1010, 0x0F0F, 0x0B18, 0x0B0B, 0x0B0B, 0x0C0C, 0x0C0B, 0x0B0C, 0x0C0B, 0x170C, 0x0C0C, 0x0C0C,
    0x0B0B, 0x0C0C, 0x0C0C, 0x0C0C, 0x0C0B, 0x0C0C, 0x0C0C, 0x0C0C, 0x0C0B, 0x0C0C, 0x120C, 0x0C12,
    0x0C0B, 0x0C0C, 0x120C, 0x0C12, 0x1D1D, 0x0C0C, 0x0C0C, 0x0C0C, 0x1E1D, 0x0C0C, 0x0C0C, 0x0C0C,
    0x1312, 0x1413, 0x1313, 0x1314, 0x1513, 0x1315, 0x1515, 0x1513, 0x1312, 0x1C15, 0x1313, 0x1515,
    0x1C13, 0x1313, 0x1315, 0x1515, 0x1513, 0x161C, 0x1C15, 0x1315, 0x1513, 0x151C, 0x1C15, 0x1C13,
    0x1312, 0x1313, 0x1C13, 0x1C1C, 0x1513, 0x151C, 0x1C13, 0x1C13, 0x1312, 0x1513, 0x1315, 0x1313,
    0x1513, 0x1315, 0x1515, 0x1513, 0x1312, 0x1C15, 0x1313, 0x1515, 0x1C13, 0x1313, 0x1315, 0x1516,
    0x1513, 0x151C, 0x1C15, 0x1315, 0x1513, 0x151C, 0x1C15, 0x1C13, 0x1312, 0x1313, 0x1C13, 0x1C1C,
    0x1513, 0x151C, 0x1C13, 0x1C13, 0x1313, 0x1513, 0x1315, 0x1313, 0x1513, 0x1315, 0x1513, 0x1315,
    0x1513, 0x1C13, 0x1513, 0x131C, 0x131C, 0x1513, 0x1C15, 0x1315, 0x1513, 0x1513, 0x1316, 0x1315,
    0x1515, 0x151C, 0x1C13, 0x1413, 0x1515, 0x131C, 0x1513, 0x1315, 0x1315, 0x1513, 0x151C, 0x1C15,
    0x0B0B, 0x0B0B, 0x1616, 0x1717, 0x180B, 0x0B0B, 0x1616, 0x1717, 0x0B0B, 0x0B0B, 0x1616, 0x1717,
    0x0B0B, 0x070B, 0x1607, 0x1717, 0x0B0B, 0x070B, 0x1607, 0x1717, 0x0B0B, 0x0B0B, 0x1616, 0x1717,
    0x0B0B, 0x0B0B, 0x1616, 0x1717, 0x0B0B, 0x0B19, 0x1616, 0x1717, 0x0C0C, 0x0C0C, 0x0C0C, 0x0C0C,
    0x0C0C, 0x120C, 0x0C0C, 0x0C0C, 0x0C0C, 0x0C17, 0x0C0C, 0x0C0C, 0x0C0C, 0x0C0C, 0x0C0C, 0x0C0C,
    0x0C0C, 0x0C0C, 0x120C, 0x0C12, 0x0C0C, 0x0C0C, 0x120C, 0x0C12, 0x0C0C, 0x0C12, 0x0C0C, 0x0C0C,
    0x0C0C, 0x0C0C, 0x0C0C, 0x0C0C, 0x0000, 0x0000, 0x0000, 0x0A00, 0x0000, 0x0000, 0x0A00, 0x090A,
    0x0000, 0x0000, 0x090A, 0x2009, 0x0000, 0x0A00, 0x2009, 0x2020, 0x0000, 0x090A, 0x2020, 0x2020,
    0x0000, 0x090A, 0x2020, 0x2020, 0x0A00, 0x2109, 0x2121, 0x2121, 0x0A00, 0x2109, 0x2121, 0x2121,
    0x0A0A, 0x0A0A, 0x0A0A, 0x0A0A, 0x0A09, 0x0909, 0x0909, 0x0909, 0x0A20, 0x200A, 0x2020, 0x2020,
    0x2020, 0x200A, 0x2020, 0x2020, 0x0A20, 0x200A, 0x2020, 0x2020, 0x2020, 0x2020, 0x2020, 0x2020,
    0x2121, 0x2121, 0x2121, 0x2121, 0x2121, 0x2121, 0x2121, 0x2121, 0x0000, 0x0000, 0x0000, 0x0A00,
    0x0000, 0x0000, 0x0A00, 0x090A, 0x0000, 0x0000, 0x090A, 0x0309, 0x0000, 0x0A00, 0x0309, 0x0303,
    0x0000, 0x090A, 0x0303, 0x0303, 0x0000, 0x090A, 0x0303, 0x0303, 0x0A00, 0x0309, 0x0303, 0x0303,
    0x0A00, 0x0309, 0x0303, 0x0303, 0x0A0A, 0x0A0A, 0x0A0A, 0x0A0A, 0x0A09, 0x0909, 0x0909, 0x0909,
    0x0A03, 0x0303, 0x0303, 0x0303, 0x0A03, 0x0303, 0x0303, 0x0303, 0x0A03, 0x0303, 0x0303, 0x0303,
    0x0A03, 0x0303, 0x0303, 0x0303, 0x0303, 0x0303, 0x0303, 0x0303, 0x0303, 0x0303, 0x0303, 0x0303,
    0x0000, 0x0000, 0x0000, 0x0A00, 0x0000, 0x0000, 0x0A00, 0x090A, 0x0000, 0x0000, 0x090A, 0x0109,
    0x0000, 0x0A00, 0x0109, 0x0101, 0x0000, 0x090A, 0x0101, 0x0101, 0x0000, 0x090A, 0x0101, 0x0101,
    0x0A00, 0x0109, 0x0101, 0x010E, 0x0A00, 0x0109, 0x0101, 0x0101, 0x0A0A, 0x0A0A, 0x0A0A, 0x0A0A,
    0x0909, 0x0909, 0x0909, 0x0909, 0x0101, 0x0101, 0x0101, 0x0101, 0x0101, 0x0101, 0x0101, 0x0101,
    0x0501, 0x0101, 0x0101, 0x0101, 0x0101, 0x0101, 0x0101, 0x0101, 0x0501, 0x0101, 0x0101, 0x0101,
    0x0101, 0x0101, 0x0101, 0x0101, 0x0503, 0x0505, 0x0505, 0x0505, 0x0A0A, 0x0A0A, 0x0A0A, 0x0A0A,
    0x050A, 0x0E0E, 0x0E0E, 0x0A05, 0x0E0A, 0x0E05, 0x050E, 0x0A0E, 0x0E0A, 0x0505, 0x0505, 0x0A0E,
    0x050A, 0x0E0E, 0x0E0E, 0x0A05, 0x0A0A, 0x0A0A, 0x0A0A, 0x0A0A, 0x0503, 0x0505, 0x0505, 0x0505,
    0x030A, 0x0303, 0x0303, 0x0303, 0x0A0D, 0x030A, 0x0303, 0x0303, 0x0D05, 0x0A0D, 0x0303, 0x0303,
    0x0505, 0x0D05, 0x030A, 0x0303, 0x0505, 0x0505, 0x0A0D, 0x0303, 0x0505, 0x0505, 0x0A0D, 0x0303,
    0x0505, 0x0505, 0x0D05, 0x030A, 0x0505, 0x0505, 0x0D05, 0x030A, 0x0303, 0x0303, 0x0303, 0x0A03,
    0x0303, 0x0303, 0x0A03, 0x0D0A, 0x0303, 0x0303, 0x0D0A, 0x0E0D, 0x0303, 0x0A03, 0x010D, 0x0E01,
    0x0303, 0x0D0A, 0x0101, 0x0501, 0x0303, 0x0D0A, 0x0101, 0x0505, 0x0A03, 0x0E0D, 0x050E, 0x0505,
    0x0A03, 0x0E0D, 0x050E, 0x0505, 0x0A0A, 0x0A0A, 0x0A0A, 0x0A0A, 0x0D0A, 0x0D0D, 0x0D0D, 0x0D0D,
    0x0E0A, 0x0E0E, 0x0E0E, 0x0E0E, 0x0E0A, 0x0E0E, 0x0E0E, 0x0E0E, 0x050A, 0x0505, 0x0505, 0x0505,
    0x050A, 0x0505, 0x0505, 0x0505, 0x0505, 0x0505, 0x0505, 0x0505, 0x0505, 0x0505, 0x0505, 0x0505,
    0x0303, 0x0303, 0x0303, 0x0A03, 0x0303, 0x0303, 0x0A03, 0x090A, 0x0303, 0x0303, 0x090A, 0x0109,
    0x0303, 0x0A03, 0x0109, 0x0101, 0x0303, 0x090A, 0x0101, 0x0101, 0x0303, 0x090A, 0x0101, 0x0101,
    0x0A03, 0x0109, 0x0101, 0x0101, 0x0A03, 0x0109, 0x0101, 0x0101, 0x0A0A, 0x0A0A, 0x0A0A, 0x0A0A,
    0x0909, 0x0909, 0x0909, 0x0909, 0x0501, 0x0101, 0x0101, 0x0101, 0x0101, 0x0101, 0x0101, 0x0101,
    0x0501, 0x0101, 0x0101, 0x0101, 0x0101, 0x0101, 0x0101, 0x0101, 0x0101, 0x0101, 0x0101, 0x0101,
    0x0101, 0x0101, 0x0101, 0x0101, 0x0A00, 0x1F09, 0x1F1F, 0x1F1F, 0x0A00, 0x0409, 0x0404, 0x0404,
    0x0000, 0x090A, 0x2121, 0x2121, 0x0000, 0x090A, 0x2121, 0x2121, 0x0000, 0x0A00, 0x2109, 0x2121,
    0x0000, 0x0000, 0x090A, 0x2109, 0x0000, 0x0000, 0x0A00, 0x090A, 0x0000, 0x0000, 0x0000, 0x0A00,
    0x1F1F, 0x1F1F, 0x1F1F, 0x1F1F, 0x0404, 0x0404, 0x0404, 0x0404, 0x2121, 0x2121, 0x2121, 0x2121,
    0x0A0A, 0x0A0A, 0x2121, 0x2121, 0x210A, 0x0A0A, 0x2121, 0x2121, 0x210A, 0x0A21, 0x2121, 0x2121,
    0x0909, 0x0909, 0x0909, 0x0909, 0x0A0A, 0x0A0A, 0x0A0A, 0x0A0A, 0x0000, 0x2020, 0x2020, 0x2020,
    0x0000, 0x2000, 0x2020, 0x2020, 0x0000, 0x0000, 0x2020, 0x2020, 0x0000, 0x0000, 0x0000, 0x0000,
    0x0000, 0x0000, 0x0000, 0x0000, 0x0000, 0x0000, 0x0000, 0x0000, 0x0000, 0x0000, 0x0000, 0x0000,
    0x0000, 0x0000, 0x0000, 0x0000, 0x2020, 0x2020, 0x2020, 0x2020, 0x2020, 0x2020, 0x2020, 0x2020,
    0x2020, 0x2020, 0x2020, 0x2020, 0x0000, 0x0000, 0x0000, 0x0000, 0x0000, 0x0000, 0x0000, 0x0000,
    0x0000, 0x0000, 0x0000, 0x0000, 0x0000, 0x0000, 0x0000, 0x0000, 0x0000, 0x0000, 0x0000, 0x0000,
    0x0000, 0x0000, 0x0000, 0x0000, 0x0000, 0x0000, 0x0000, 0x0000, 0x0000, 0x0000, 0x0000, 0x0A00,
    0x0000, 0x0000, 0x0A00, 0x090A, 0x0000, 0x0000, 0x090A, 0x0109, 0x0000, 0x0A00, 0x0109, 0x0101,
    0x0000, 0x090A, 0x0101, 0x0101, 0x0000, 0x090A, 0x0101, 0x0101, 0x0000, 0x0000, 0x0000, 0x0000,
    0x0000, 0x0000, 0x0000, 0x0000, 0x0A0A, 0x0A0A, 0x0A0A, 0x0A0A, 0x0909, 0x0909, 0x0909, 0x0909,
    0x0101, 0x0101, 0x0101, 0x0101, 0x0101, 0x0101, 0x0101, 0x0101, 0x0101, 0x0101, 0x0101, 0x0101,
    0x0101, 0x0101, 0x0101, 0x0101, 0x0505, 0x0505, 0x0505, 0x0A05, 0x0505, 0x0505, 0x0505, 0x0E0A,
    0x0505, 0x0505, 0x0A0A, 0x0E05, 0x0505, 0x0505, 0x0E05, 0x0E0E, 0x0505, 0x0505, 0x050A, 0x0505,
    0x0505, 0x0505, 0x0A05, 0x0505, 0x0505, 0x0505, 0x0A05, 0x0A05, 0x0505, 0x0505, 0x0A05, 0x050A,
    0x0A0A, 0x050D, 0x0505, 0x0505, 0x060A, 0x0A0A, 0x050D, 0x0505, 0x0D0A, 0x060D, 0x0A0A, 0x050D,
    0x0D0A, 0x0D0D, 0x060D, 0x050A, 0x0D0A, 0x060D, 0x0A0A, 0x050D, 0x060A, 0x0A0A, 0x050D, 0x0505,
    0x0A0A, 0x050D, 0x0505, 0x0505, 0x0505, 0x0505, 0x0505, 0x0505, 0x0A03, 0x050D, 0x0505, 0x0505,
    0x0A03, 0x050D, 0x0505, 0x0505, 0x0303, 0x0D0A, 0x0505, 0x0505, 0x0303, 0x0D0A, 0x0505, 0x0505,
    0x0503, 0x0A03, 0x050D, 0x0505, 0x0303, 0x0303, 0x0D0A, 0x050D, 0x0303, 0x0305, 0x0A03, 0x0D0A,
    0x0303, 0x0303, 0x0303, 0x0A03, 0x0505, 0x0505, 0x0505, 0x0505, 0x0505, 0x0505, 0x0505, 0x0505,
    0x0505, 0x0505, 0x0505, 0x0505, 0x0505, 0x0505, 0x0505, 0x0505, 0x0505, 0x0505, 0x0505, 0x0505,
    0x0505, 0x0505, 0x0505, 0x0505, 0x0D0D, 0x0D0D, 0x0D0D, 0x0D0D, 0x0A0A, 0x0A0A, 0x0A0A, 0x0A0A,
    0x0A0A, 0x0A0A, 0x0A0A, 0x0A0A, 0x0909, 0x0909, 0x0A09, 0x0D0A, 0x0303, 0x0303, 0x0D0A, 0x0E0D,
    0x0303, 0x0A03, 0x010D, 0x0E01, 0x0303, 0x0D0A, 0x0101, 0x0501, 0x0303, 0x0D0A, 0x0101, 0x0505,
    0x0A03, 0x0E0D, 0x050E, 0x0505, 0x0A03, 0x0E0D, 0x050E, 0x0505, 0x0A0A, 0x0A0A, 0x0A0A, 0x0A0A,
    0x0A0D, 0x090A, 0x0909, 0x0909, 0x0D05, 0x0A0D, 0x0303, 0x0303, 0x0505, 0x0D05, 0x030A, 0x0303,
    0x0505, 0x0505, 0x0A0D, 0x0303, 0x0505, 0x0505, 0x0A0D, 0x0303, 0x0505, 0x0505, 0x0D05, 0x030A,
    0x0505, 0x0505, 0x0D05, 0x030A, 0x0B0B, 0x0B0B, 0x0C0C, 0x0F0C, 0x180B, 0x0B0B, 0x0C0C, 0x0F0C,
    0x0B0B, 0x0B0B, 0x0C0B, 0x110F, 0x0B0B, 0x0B0B, 0x1212, 0x110F, 0x0B0B, 0x0B0B, 0x1218, 0x110F,
    0x0B0B, 0x0B0B, 0x0C0B, 0x110F, 0x0B0B, 0x0B0B, 0x0B0B, 0x0F0F, 0x0B0B, 0x180B, 0x0B0B, 0x0F0B,
    0x1010, 0x110F, 0x0B0B, 0x0B0B, 0x1110, 0x110F, 0x0B0B, 0x0B0B, 0x1110, 0x0B0F, 0x0B0B, 0x0B0B,
    0x1111, 0x0B0F, 0x0B0B, 0x0B0B, 0x0F0F, 0x0B0F, 0x190B, 0x0B19, 0x0F11, 0x0B0F, 0x190B, 0x0B19,
    0x0F0F, 0x0B0F, 0x0B0B, 0x0B0B, 0x0F0F, 0x0B0B, 0x0B0B, 0x0B0B, 0x0C0B, 0x0C0C, 0x0C0C, 0x0C0C,
    0x170B, 0x0C0C, 0x0C0C, 0x0C0C, 0x0C0B, 0x0C0C, 0x0C0C, 0x0C0C, 0x0C0B, 0x0C0C, 0x1212, 0x0C0C,
    0x0C0B, 0x0C0C, 0x1212, 0x0C0C, 0x0B0B, 0x0C0B, 0x0C0C, 0x0C0C, 0x0B0B, 0x0B0B, 0x0C0B, 0x0C0C,
    0x0B0B, 0x180B, 0x0B0B, 0x0C0B, 0x1513, 0x151C, 0x1C15, 0x1315, 0x1312, 0x131C, 0x1315, 0x1515,
    0x221C, 0x131C, 0x1C13, 0x1515, 0x1C15, 0x1515, 0x1313, 0x151C, 0x1315, 0x1515, 0x1513, 0x1313,
    0x1C13, 0x1513, 0x151C, 0x1C16, 0x1515, 0x1313, 0x151C, 0x1C15, 0x1515, 0x151C, 0x1313, 0x1C15,
    0x1513, 0x151C, 0x1C15, 0x1315, 0x1312, 0x131C, 0x1315, 0x1515, 0x221C, 0x131C, 0x1C13, 0x1615,
    0x1C22, 0x1C13, 0x2213, 0x1C15, 0x1322, 0x2213, 0x1C1C, 0x2213, 0x131C, 0x2213, 0x1C13, 0x2222,
    0x1C1C, 0x2213, 0x1C13, 0x1C22, 0x1C22, 0x221C, 0x2222, 0x221C, 0x1C13, 0x1515, 0x131C, 0x1513,
    0x131C, 0x1315, 0x1513, 0x1513, 0x221C, 0x1C13, 0x1516, 0x1513, 0x151C, 0x1322, 0x131C, 0x1513,
    0x1515, 0x1322, 0x1C13, 0x131C, 0x1313, 0x131C, 0x1C13, 0x1C22, 0x1C13, 0x1C22, 0x1313, 0x1C22,
    0x1C1C, 0x1C22, 0x1C1C, 0x141C, 0x0B0B, 0x0B0B, 0x1616, 0x1717, 0x180B, 0x0B0B, 0x1616, 0x1717,
    0x0B0B, 0x0B0B, 0x160B, 0x1717, 0x0B0B, 0x0B0B, 0x1818, 0x170B, 0x0B0B, 0x0B0B, 0x1818, 0x0B0B,
    0x0B0B, 0x0B0B, 0x0B0B, 0x0B0B, 0x0B0B, 0x0B0B, 0x0B0B, 0x0B0B, 0x0B0B, 0x180B, 0x0B0B, 0x0B0B,
    0x0C0C, 0x0C0C, 0x0C0C, 0x0C0C, 0x0C0C, 0x120C, 0x0C0C, 0x0C0C, 0x0C0C, 0x0C17, 0x0C0C, 0x0C0C,
    0x0C0C, 0x0C0C, 0x0C0C, 0x0C0C, 0x0C0B, 0x0C0C, 0x120C, 0x0C12, 0x0B0B, 0x0C0B, 0x120C, 0x0C12,
    0x1D1D, 0x0B0B, 0x0C0B, 0x0C0C, 0x1D1D, 0x0B0B, 0x0B0B, 0x0C0B, 0x0101, 0x0101, 0x0101, 0x0101,
    0x0101, 0x0101, 0x0101, 0x0101, 0x0101, 0x0101, 0x0101, 0x0101, 0x0102, 0x0101, 0x0101, 0x0201,
    0x0101, 0x0101, 0x0101, 0x0101, 0x0101, 0x0101, 0x0101, 0x0101, 0x0101, 0x0101, 0x0101, 0x0101,
    0x0101, 0x0101, 0x0101, 0x0101, 0x0101, 0x0201, 0x0101, 0x0101, 0x0101, 0x0201, 0x0101, 0x0101,
    0x0101, 0x0201, 0x0101, 0x0101, 0x0101, 0x0201, 0x0101, 0x0101, 0x0101, 0x0201, 0x0101, 0x0101,
    0x0101, 0x0101, 0x0101, 0x0101, 0x0101, 0x0201, 0x0101, 0x0101, 0x0101, 0x0101, 0x0101, 0x0101,
    0x0101, 0x0102, 0x0201, 0x0101, 0x0101, 0x0102, 0x0201, 0x0101, 0x0101, 0x0102, 0x0201, 0x0101,
    0x0101, 0x0101, 0x0101, 0x0101, 0x0101, 0x0101, 0x0101, 0x0101, 0x0101, 0x0101, 0x0101, 0x0101,
    0x0101, 0x0101, 0x0101, 0x0101, 0x0101, 0x0101, 0x0101, 0x0101, 0x0101, 0x0102, 0x0201, 0x0101,
    0x0101, 0x0102, 0x0201, 0x0101, 0x0201, 0x0202, 0x0202, 0x0102, 0x0101, 0x0102, 0x0201, 0x0101,
    0x0201, 0x0202, 0x0202, 0x0102, 0x0101, 0x0102, 0x0201, 0x0101, 0x0101, 0x0102, 0x0201, 0x0101,
    0x0101, 0x0101, 0x0101, 0x0101, 0x0101, 0x0201, 0x0102, 0x0101, 0x0101, 0x0202, 0x0202, 0x0102,
    0x0201, 0x0101, 0x0101, 0x0101, 0x0101, 0x0202, 0x0202, 0x0101, 0x0101, 0x0101, 0x0101, 0x0102,
    0x0201, 0x0202, 0x0202, 0x0101, 0x0101, 0x0201, 0x0102, 0x0101, 0x0101, 0x0101, 0x0101, 0x0101,
    0x0101, 0x0101, 0x0101, 0x0101, 0x0201, 0x0102, 0x0101, 0x0102, 0x0201, 0x0102, 0x0201, 0x0101,
    0x0101, 0x0101, 0x0102, 0x0101, 0x0101, 0x0201, 0x0101, 0x0101, 0x0101, 0x0102, 0x0201, 0x0102,
    0x0201, 0x0101, 0x0201, 0x0102, 0x0101, 0x0101, 0x0101, 0x0101, 0x0101, 0x0202, 0x0101, 0x0101,
    0x0201, 0x0101, 0x0102, 0x0101, 0x0101, 0x0202, 0x0101, 0x0101, 0x0201, 0x0201, 0x0201, 0x0102,
    0x0102, 0x0101, 0x0102, 0x0101, 0x0102, 0x0101, 0x0102, 0x0101, 0x0201, 0x0202, 0x0201, 0x0102,
    0x0101, 0x0101, 0x0101, 0x0101, 0x0101, 0x0201, 0x0101, 0x0101, 0x0101, 0x0201, 0x0101, 0x0101,
    0x0101, 0x0102, 0x0101, 0x0101, 0x0101, 0x0101, 0x0101, 0x0101, 0x0101, 0x0101, 0x0101, 0x0101,
    0x0101, 0x0101, 0x0101, 0x0101, 0x0101, 0x0101, 0x0101, 0x0101, 0x0101, 0x0101, 0x0101, 0x0101,
    0x0101, 0x0201, 0x0101, 0x0101, 0x0101, 0x0102, 0x0101, 0x0101, 0x0201, 0x0101, 0x0101, 0x0101,
    0x0201, 0x0101, 0x0101, 0x0101, 0x0201, 0x0101, 0x0101, 0x0101, 0x0101, 0x0102, 0x0101, 0x0101,
    0x0101, 0x0201, 0x0101, 0x0101, 0x0101, 0x0101, 0x0101, 0x0101, 0x0101, 0x0102, 0x0101, 0x0101,
    0x0101, 0x0201, 0x0101, 0x0101, 0x0101, 0x0101, 0x0102, 0x0101, 0x0101, 0x0101, 0x0102, 0x0101,
    0x0101, 0x0101, 0x0102, 0x0101, 0x0101, 0x0201, 0x0101, 0x0101, 0x0101, 0x0102, 0x0101, 0x0101,
    0x0101, 0x0101, 0x0101, 0x0101, 0x0101, 0x0101, 0x0101, 0x0101, 0x0201, 0x0101, 0x0201, 0x0101,
    0x0101, 0x0202, 0x0102, 0x0101, 0x0202, 0x0202, 0x0202, 0x0102, 0x0101, 0x0202, 0x0102, 0x0101,
    0x0201, 0x0101, 0x0201, 0x0101, 0x0101, 0x0101, 0x0101, 0x0101, 0x0101, 0x0101, 0x0101, 0x0101,
    0x0101, 0x0101, 0x0101, 0x0101, 0x0101, 0x0201, 0x0101, 0x0101, 0x0101, 0x0201, 0x0101, 0x0101,
    0x0201, 0x0202, 0x0202, 0x0101, 0x0101, 0x0201, 0x0101, 0x0101, 0x0101, 0x0201, 0x0101, 0x0101,
    0x0101, 0x0101, 0x0101, 0x0101, 0x0101, 0x0101, 0x0101, 0x0101, 0x0101, 0x0101, 0x0101, 0x0101,
    0x0101, 0x0101, 0x0101, 0x0101, 0x0101, 0x0101, 0x0101, 0x0101, 0x0101, 0x0101, 0x0101, 0x0101,
    0x0101, 0x0101, 0x0101, 0x0101, 0x0101, 0x0201, 0x0101, 0x0101, 0x0101, 0x0201, 0x0101, 0x0101,
    0x0101, 0x0102, 0x0101, 0x0101, 0x0101, 0x0101, 0x0101, 0x0101, 0x0101, 0x0101, 0x0101, 0x0101,
    0x0101, 0x0101, 0x0101, 0x0101, 0x0201, 0x0202, 0x0202, 0x0102, 0x0101, 0x0101, 0x0101, 0x0101,
    0x0101, 0x0101, 0x0101, 0x0101, 0x0101, 0x0101, 0x0101, 0x0101, 0x0101, 0x0101, 0x0101, 0x0101,
    0x0101, 0x0101, 0x0101, 0x0101, 0x0101, 0x0101, 0x0101, 0x0101, 0x0101, 0x0101, 0x0101, 0x0101,
    0x0101, 0x0101, 0x0101, 0x0101, 0x0101, 0x0101, 0x0101, 0x0101, 0x0101, 0x0201, 0x0101, 0x0101,
    0x0101, 0x0201, 0x0101, 0x0101, 0x0101, 0x0101, 0x0101, 0x0101, 0x0102, 0x0101, 0x0101, 0x0201,
    0x0101, 0x0101, 0x0101, 0x0101, 0x0101, 0x0101, 0x0101, 0x0101, 0x0101, 0x0101, 0x0101, 0x0101,
    0x0101, 0x0101, 0x0101, 0x0101, 0x0101, 0x0101, 0x0101, 0x0101, 0x0101, 0x0101, 0x0101, 0x0101,
    0x0101, 0x0101, 0x0101, 0x0101, 0x0101, 0x0202, 0x0202, 0x0101, 0x0201, 0x0101, 0x0101, 0x0102,
    0x0201, 0x0101, 0x0101, 0x0102, 0x0201, 0x0201, 0x0102, 0x0102, 0x0201, 0x0101, 0x0101, 0x0102,
    0x0201, 0x0101, 0x0101, 0x0102, 0x0101, 0x0202, 0x0202, 0x0101, 0x0101, 0x0101, 0x0101, 0x0101,
    0x0101, 0x0201, 0x0101, 0x0101, 0x0101, 0x0202, 0x0101, 0x0101, 0x0201, 0x0201, 0x0101, 0x0101,
    0x0101, 0x0201, 0x0101, 0x0101, 0x0101, 0x0201, 0x0101, 0x0101, 0x0101, 0x0201, 0x0101, 0x0101,
    0x0201, 0x0202, 0x0202, 0x0101, 0x0101, 0x0101, 0x0101, 0x0101, 0x0101, 0x0202, 0x0202, 0x0101,
    0x0201, 0x0101, 0x0101, 0x0102, 0x0101, 0x0101, 0x0101, 0x0102, 0x0101, 0x0101, 0x0202, 0x0101,
    0x0101, 0x0202, 0x0101, 0x0101, 0x0201, 0x0101, 0x0101, 0x0102, 0x0201, 0x0202, 0x0202, 0x0102,
    0x0101, 0x0101, 0x0101, 0x0101, 0x0101, 0x0202, 0x0202, 0x0101, 0x0201, 0x0101, 0x0101, 0x0102,
    0x0101, 0x0101, 0x0101, 0x0102, 0x0101, 0x0201, 0x0202, 0x0101, 0x0101, 0x0101, 0x0101, 0x0102,
    0x0201, 0x0101, 0x0101, 0x0102, 0x0101, 0x0202, 0x0202, 0x0101, 0x0101, 0x0101, 0x0101, 0x0101,
    0x0101, 0x0101, 0x0102, 0x0101, 0x0101, 0x0201, 0x0102, 0x0101, 0x0101, 0x0102, 0x0102, 0x0101,
    0x0201, 0x0101, 0x0102, 0x0101, 0x0202, 0x0202, 0x0202, 0x0102, 0x0101, 0x0101, 0x0102, 0x0101,
    0x0101, 0x0201, 0x0202, 0x0101, 0x0101, 0x0101, 0x0101, 0x0101, 0x0201, 0x0202, 0x0202, 0x0102,
    0x0201, 0x0101, 0x0101, 0x0101, 0x0201, 0x0202, 0x0202, 0x0101, 0x0101, 0x0101, 0x0101, 0x0102,
    0x0101, 0x0101, 0x0101, 0x0102, 0x0201, 0x0101, 0x0101, 0x0102, 0x0101, 0x0202, 0x0202, 0x0101,
    0x0101, 0x0101, 0x0101, 0x0101, 0x0101, 0x0201, 0x0202, 0x0101, 0x0101, 0x0102, 0x0101, 0x0101,
    0x0201, 0x0101, 0x0101, 0x0101, 0x0201, 0x0202, 0x0202, 0x0101, 0x0201, 0x0101, 0x0101, 0x0102,
    0x0201, 0x0101, 0x0101, 0x0102, 0x0101, 0x0202, 0x0202, 0x0101, 0x0101, 0x0101, 0x0101, 0x0101,
    0x0201, 0x0202, 0x0202, 0x0102, 0x0201, 0x0101, 0x0101, 0x0102, 0x0101, 0x0101, 0x0201, 0x0101,
    0x0101, 0x0101, 0x0102, 0x0101, 0x0101, 0x0201, 0x0101, 0x0101, 0x0101, 0x0201, 0x0101, 0x0101,
    0x0101, 0x0201, 0x0101, 0x0101, 0x0101, 0x0101, 0x0101, 0x0101, 0x0101, 0x0202, 0x0202, 0x0101,
    0x0201, 0x0101, 0x0101, 0x0102, 0x0201, 0x0101, 0x0101, 0x0102, 0x0101, 0x0202, 0x0202, 0x0101,
    0x0201, 0x0101, 0x0101, 0x0102, 0x0201, 0x0101, 0x0101, 0x0102, 0x0101, 0x0202, 0x0202, 0x0101,
    0x0101, 0x0101, 0x0101, 0x0101, 0x0101, 0x0202, 0x0202, 0x0101, 0x0201, 0x0101, 0x0101, 0x0102,
    0x0201, 0x0101, 0x0101, 0x0102, 0x0101, 0x0202, 0x0202, 0x0102, 0x0101, 0x0101, 0x0101, 0x0102,
    0x0101, 0x0101, 0x0201, 0x0101, 0x0101, 0x0202, 0x0102, 0x0101, 0x0101, 0x0101, 0x0101, 0x0101,
    0x0101, 0x0101, 0x0101, 0x0101, 0x0101, 0x0201, 0x0101, 0x0101, 0x0101, 0x0201, 0x0101, 0x0101,
    0x0101, 0x0101, 0x0101, 0x0101, 0x0101, 0x0101, 0x0101, 0x0101, 0x0101, 0x0201, 0x0101, 0x0101,
    0x0101, 0x0201, 0x0101, 0x0101, 0x0101, 0x0101, 0x0101, 0x0101, 0x0101, 0x0101, 0x0101, 0x0101,
    0x0101, 0x0101, 0x0101, 0x0101, 0x0102, 0x0101, 0x0101, 0x0201, 0x0101, 0x0101, 0x0101, 0x0101,
    0x0101, 0x0101, 0x0101, 0x0101, 0x0101, 0x0101, 0x0101, 0x0101, 0x0101, 0x0101, 0x0101, 0x0101,
    0x0101, 0x0101, 0x0101, 0x0101, 0x0202, 0x0101, 0x0101, 0x0201, 0x0101, 0x0101, 0x0101, 0x0101,
    0x0101, 0x0101, 0x0101, 0x0101, 0x0101, 0x0101, 0x0101, 0x0101, 0x0101, 0x0101, 0x0101, 0x0101,
    0x0101, 0x0101, 0x0101, 0x0101, 0x0101, 0x0101, 0x0101, 0x0101, 0x0101, 0x0101, 0x0101, 0x0101,
    0x0101, 0x0101, 0x0101, 0x0101, 0x0202, 0x0101, 0x0101, 0x0201, 0x0101, 0x0101, 0x0101, 0x0101,
    0x0101, 0x0101, 0x0101, 0x0101, 0x0101, 0x0101, 0x0101, 0x0101, 0x0101, 0x0101, 0x0101, 0x0101,
    0x0101, 0x0101, 0x0101, 0x0101, 0x0101, 0x0101, 0x0101, 0x0101, 0x0101, 0x0101, 0x0101, 0x0101,
    0x0101, 0x0101, 0x0101, 0x0101, 0x0202, 0x0101, 0x0101, 0x0201, 0x0101, 0x0101, 0x0101, 0x0101,
    0x0101, 0x0101, 0x0101, 0x0101, 0x0101, 0x0101, 0x0101, 0x0101, 0x0101, 0x0101, 0x0101, 0x0101,
    0x0101, 0x0101, 0x0101, 0x0101, 0x0101, 0x0202, 0x0202, 0x0101, 0x0201, 0x0101, 0x0101, 0x0102,
    0x0101, 0x0101, 0x0101, 0x0102, 0x0101, 0x0101, 0x0201, 0x0101, 0x0101, 0x0101, 0x0102, 0x0101,
    0x0101, 0x0101, 0x0101, 0x0101, 0x0101, 0x0101, 0x0102, 0x0101, 0x0101, 0x0101, 0x0101, 0x0101,
    0x0101, 0x0202, 0x0202, 0x0101, 0x0201, 0x0101, 0x0101, 0x0102, 0x0201, 0x0201, 0x0202, 0x0102,
    0x0201, 0x0201, 0x0101, 0x0102, 0x0201, 0x0201, 0x0202, 0x0102, 0x0201, 0x0101, 0x0101, 0x0101,
    0x0101, 0x0202, 0x0202, 0x0101, 0x0101, 0x0101, 0x0101, 0x0101, 0x0101, 0x0201, 0x0102, 0x0101,
    0x0101, 0x0102, 0x0201, 0x0101, 0x0201, 0x0101, 0x0101, 0x0102, 0x0201, 0x0101, 0x0101, 0x0102,
    0x0201, 0x0202, 0x0202, 0x0102, 0x0201, 0x0101, 0x0101, 0x0102, 0x0201, 0x0101, 0x0101, 0x0102,
    0x0101, 0x0101, 0x0101, 0x0101, 0x0201, 0x0202, 0x0202, 0x0101, 0x0101, 0x0102, 0x0101, 0x0102,
    0x0101, 0x0102, 0x0101, 0x0102, 0x0101, 0x0202, 0x0202, 0x0101, 0x0101, 0x0102, 0x0101, 0x0102,
    0x0101, 0x0102, 0x0101, 0x0102, 0x0201, 0x0202, 0x0202, 0x0101, 0x0101, 0x0101, 0x0101, 0x0101,
    0x0101, 0x0201, 0x0202, 0x0101, 0x0101, 0x0102, 0x0101, 0x0102, 0x0201, 0x0101, 0x0101, 0x0101,
    0x0201, 0x0101, 0x0101, 0x0101, 0x0201, 0x0101, 0x0101, 0x0101, 0x0101, 0x0102, 0x0101, 0x0102,
    0x0101, 0x0201, 0x0202, 0x0101, 0x0101, 0x0101, 0x0101, 0x0101, 0x0201, 0x0202, 0x0102, 0x0101,
    0x0101, 0x0102, 0x0201, 0x0101, 0x0101, 0x0102, 0x0101, 0x0102, 0x0101, 0x0102, 0x0101, 0x0102,
    0x0101, 0x0102, 0x0101, 0x0102, 0x0101, 0x0102, 0x0201, 0x0101, 0x0201, 0x0202, 0x0102, 0x0101,
    0x0101, 0x0101, 0x0101, 0x0101, 0x0201, 0x0202, 0x0202, 0x0102, 0x0101, 0x0102, 0x0101, 0x0102,
    0x0101, 0x0102, 0x0102, 0x0101, 0x0101, 0x0202, 0x0102, 0x0101, 0x0101, 0x0102, 0x0102, 0x0101,
    0x0101, 0x0102, 0x0101, 0x0102, 0x0201, 0x0202, 0x0202, 0x0102, 0x0101, 0x0101, 0x0101, 0x0101,
    0x0201, 0x0202, 0x0202, 0x0102, 0x0101, 0x0102, 0x0101, 0x0102, 0x0101, 0x0102, 0x0102, 0x0101,
    0x0101, 0x0202, 0x0102, 0x0101, 0x0101, 0x0102, 0x0102, 0x0101, 0x0101, 0x0102, 0x0101, 0x0101,
    0x0201, 0x0202, 0x0101, 0x0101, 0x0101, 0x0101, 0x0101, 0x0101, 0x0101, 0x0201, 0x0202, 0x0101,
    0x0101, 0x0102, 0x0101, 0x0102, 0x0201, 0x0101, 0x0101, 0x0101, 0x0201, 0x0101, 0x0101, 0x0101,
    0x0201, 0x0101, 0x0202, 0x0102, 0x0101, 0x0102, 0x0101, 0x0102, 0x0101, 0x0201, 0x0202, 0x0102,
    0x0101, 0x0101, 0x0101, 0x0101, 0x0201, 0x0101, 0x0101, 0x0102, 0x0201, 0x0101, 0x0101, 0x0102,
    0x0201, 0x0101, 0x0101, 0x0102, 0x0201, 0x0202, 0x0202, 0x0102, 0x0201, 0x0101, 0x0101, 0x0102,
    0x0201, 0x0101, 0x0101, 0x0102, 0x0201, 0x0101, 0x0101, 0x0102, 0x0101, 0x0101, 0x0101, 0x0101,
    0x0101, 0x0202, 0x0102, 0x0101, 0x0101, 0x0201, 0x0101, 0x0101, 0x0101, 0x0201, 0x0101, 0x0101,
    0x0101, 0x0201, 0x0101, 0x0101, 0x0101, 0x0201, 0x0101, 0x0101, 0x0101, 0x0201, 0x0101, 0x0101,
    0x0101, 0x0202, 0x0102, 0x0101, 0x0101, 0x0101, 0x0101, 0x0101, 0x0101, 0x0101, 0x0202, 0x0102,
    0x0101, 0x0101, 0x0201, 0x0101, 0x0101, 0x0101, 0x0201, 0x0101, 0x0101, 0x0101, 0x0201, 0x0101,
    0x0201, 0x0101, 0x0201, 0x0101, 0x0201, 0x0101, 0x0201, 0x0101, 0x0101, 0x0202, 0x0102, 0x0101,
    0x0101, 0x0101, 0x0101, 0x0101, 0x0201, 0x0102, 0x0101, 0x0102, 0x0101, 0x0102, 0x0201, 0x0101,
    0x0101, 0x0102, 0x0102, 0x0101, 0x0101, 0x0202, 0x0101, 0x0101, 0x0101, 0x0102, 0x0102, 0x0101,
    0x0101, 0x0102, 0x0201, 0x0101, 0x0201, 0x0102, 0x0101, 0x0202, 0x0101, 0x0101, 0x0101, 0x0101,
    0x0201, 0x0202, 0x0101, 0x0101, 0x0101, 0x0102, 0x0101, 0x0101, 0x0101, 0x0102, 0x0101, 0x0101,
    0x0101, 0x0102, 0x0101, 0x0101, 0x0101, 0x0102, 0x0101, 0x0101, 0x0101, 0x0102, 0x0101, 0x0102,
    0x0201, 0x0202, 0x0202, 0x0102, 0x0101, 0x0101, 0x0101, 0x0101, 0x0201, 0x0102, 0x0101, 0x0202,
    0x0201, 0x0201, 0x0201, 0x0201, 0x0201, 0x0101, 0x0102, 0x0201, 0x0201, 0x0101, 0x0101, 0x0201,
    0x0201, 0x0101, 0x0101, 0x0201, 0x0201, 0x0101, 0x0101, 0x0201, 0x0201, 0x0101, 0x0101, 0x0201,
    0x0101, 0x0101, 0x0101, 0x0101, 0x0201, 0x0102, 0x0101, 0x0102, 0x0201, 0x0201, 0x0101, 0x0102,
    0x0201, 0x0101, 0x0102, 0x0102, 0x0201, 0x0101, 0x0201, 0x0102, 0x0201, 0x0101, 0x0101, 0x0102,
    0x0201, 0x0101, 0x0101, 0x0102, 0x0201, 0x0101, 0x0101, 0x0102, 0x0101, 0x0101, 0x0101, 0x0101,
    0x0101, 0x0202, 0x0202, 0x0101, 0x0201, 0x0101, 0x0101, 0x0102, 0x0201, 0x0101, 0x0101, 0x0102,
    0x0201, 0x0101, 0x0101, 0x0102, 0x0201, 0x0101, 0x0101, 0x0102, 0x0201, 0x0101, 0x0101, 0x0102,
    0x0101, 0x0202, 0x0202, 0x0101, 0x0101, 0x0101, 0x0101, 0x0101, 0x0201, 0x0202, 0x0202, 0x0101,
    0x0101, 0x0102, 0x0101, 0x0102, 0x0101, 0x0102, 0x0101, 0x0102, 0x0101, 0x0202, 0x0202, 0x0101,
    0x0101, 0x0102, 0x0101, 0x0101, 0x0101, 0x0102, 0x0101, 0x0101, 0x0201, 0x0202, 0x0101, 0x0101,
    0x0101, 0x0101, 0x0101, 0x0101, 0x0101, 0x0202, 0x0202, 0x0101, 0x0201, 0x0101, 0x0101, 0x0102,
    0x0201, 0x0101, 0x0101, 0x0102, 0x0201, 0x0101, 0x0101, 0x0102, 0x0201, 0x0101, 0x0102, 0x0102,
    0x0101, 0x0202, 0x0202, 0x0101, 0x0101, 0x0101, 0x0101, 0x0202, 0x0101, 0x0101, 0x0101, 0x0101,
    0x0201, 0x0202, 0x0202, 0x0101, 0x0101, 0x0102, 0x0101, 0x0102, 0x0101, 0x0102, 0x0101, 0x0102,
    0x0101, 0x0202, 0x0202, 0x0101, 0x0101, 0x0102, 0x0102, 0x0101, 0x0101, 0x0102, 0x0201, 0x0101,
    0x0201, 0x0202, 0x0101, 0x0102, 0x0101, 0x0101, 0x0101, 0x0101, 0x0101, 0x0202, 0x0202, 0x0101,
    0x0201, 0x0101, 0x0101, 0x0102, 0x0201, 0x0101, 0x0101, 0x0101, 0x0101, 0x0202, 0x0202, 0x0101,
    0x0101, 0x0101, 0x0101, 0x0102, 0x0201, 0x0101, 0x0101, 0x0102, 0x0101, 0x0202, 0x0202, 0x0101,
    0x0101, 0x0101, 0x0101, 0x0101, 0x0201, 0x0202, 0x0202, 0x0202, 0x0201, 0x0101, 0x0102, 0x0201,
    0x0101, 0x0101, 0x0102, 0x0101, 0x0101, 0x0101, 0x0102, 0x0101, 0x0101, 0x0101, 0x0102, 0x0101,
    0x0101, 0x0101, 0x0102, 0x0101, 0x0101, 0x0201, 0x0202, 0x0101, 0x0101, 0x0101, 0x0101, 0x0101,
    0x0201, 0x0101, 0x0101, 0x0102, 0x0201, 0x0101, 0x0101, 0x0102, 0x0201, 0x0101, 0x0101, 0x0102,
    0x0201, 0x0101, 0x0101, 0x0102, 0x0201, 0x0101, 0x0101, 0x0102, 0x0201, 0x0101, 0x0101, 0x0102,
    0x0101, 0x0202, 0x0202, 0x0101, 0x0101, 0x0101, 0x0101, 0x0101, 0x0201, 0x0101, 0x0101, 0x0201,
    0x0201, 0x0101, 0x0101, 0x0201, 0x0201, 0x0101, 0x0101, 0x0201, 0x0201, 0x0101, 0x0101, 0x0201,
    0x0101, 0x0102, 0x0101, 0x0102, 0x0101, 0x0201, 0x0201, 0x0101, 0x0101, 0x0101, 0x0102, 0x0101,
    0x0101, 0x0101, 0x0101, 0x0101, 0x0201, 0x0101, 0x0101, 0x0201, 0x0201, 0x0101, 0x0101, 0x0201,
    0x0201, 0x0101, 0x0101, 0x0201, 0x0201, 0x0101, 0x0102, 0x0201, 0x0201, 0x0101, 0x0102, 0x0201,
    0x0201, 0x0101, 0x0102, 0x0201, 0x0101, 0x0202, 0x0201, 0x0102, 0x0101, 0x0101, 0x0101, 0x0101,
    0x0201, 0x0101, 0x0101, 0x0201, 0x0101, 0x0102, 0x0101, 0x0102, 0x0101, 0x0201, 0x0201, 0x0101,
    0x0101, 0x0101, 0x0102, 0x0101, 0x0101, 0x0201, 0x0201, 0x0101, 0x0101, 0x0102, 0x0101, 0x0102,
    0x0201, 0x0101, 0x0101, 0x0201, 0x0101, 0x0101, 0x0101, 0x0101, 0x0201, 0x0101, 0x0101, 0x0201,
    0x0101, 0x0102, 0x0101, 0x0102, 0x0101, 0x0201, 0x0201, 0x0101, 0x0101, 0x0101, 0x0102, 0x0101,
    0x0101, 0x0101, 0x0102, 0x0101, 0x0101, 0x0101, 0x0102, 0x0101, 0x0101, 0x0201, 0x0202, 0x0101,
    0x0101, 0x0101, 0x0101, 0x0101, 0x0201, 0x0202, 0x0202, 0x0202, 0x0201, 0x0101, 0x0101, 0x0102,
    0x0101, 0x0101, 0x0201, 0x0101, 0x0101, 0x0101, 0x0102, 0x0101, 0x0101, 0x0201, 0x0101, 0x0101,
    0x0101, 0x0102, 0x0101, 0x0201, 0x0201, 0x0202, 0x0202, 0x0202, 0x0101, 0x0101, 0x0101, 0x0101,
    0x0101, 0x0101, 0x0101, 0x0101, 0x0101, 0x0101, 0x0101, 0x0101, 0x0101, 0x0101, 0x0101, 0x0101,
    0x0202, 0x0101, 0x0101, 0x0201, 0x0101, 0x0101, 0x0101, 0x0101, 0x0101, 0x0101, 0x0101, 0x0101,
    0x0101, 0x0101, 0x0101, 0x0101, 0x0101, 0x0101, 0x0101, 0x0101, 0x0202, 0x0102, 0x0101, 0x0201,
    0x0101, 0x0101, 0x0101, 0x0101, 0x0101, 0x0101, 0x0101, 0x0101, 0x0101, 0x0101, 0x0101, 0x0101,
    0x0101, 0x0101, 0x0101, 0x0101, 0x0101, 0x0101, 0x0101, 0x0101, 0x0101, 0x0101, 0x0101, 0x0101,
    0x0101, 0x0101, 0x0101, 0x0101, 0x0101, 0x0101, 0x0101, 0x0101, 0x0202, 0x0102, 0x0101, 0x0201,
    0x0101, 0x0101, 0x0101, 0x0101, 0x0101, 0x0101, 0x0101, 0x0101, 0x0101, 0x0101, 0x0101, 0x0101,
    0x0101, 0x0101, 0x0101, 0x0101, 0x0101, 0x0101, 0x0101, 0x0101, 0x0101, 0x0101, 0x0101, 0x0101,
    0x0101, 0x0101, 0x0101, 0x0101, 0x0101, 0x0101, 0x0101, 0x0101, 0x0202, 0x0102, 0x0101, 0x0201,
    0x0101, 0x0101, 0x0101, 0x0101, 0x0101, 0x0101, 0x0101, 0x0101, 0x0101, 0x0101, 0x0101, 0x0101,
    0x0101, 0x0101, 0x0101, 0x0101, 0x0101, 0x0101, 0x0101, 0x0101, 0x0101, 0x0101, 0x0101, 0x0101,
    0x0101, 0x0101, 0x0101, 0x0101, 0x0101, 0x0101, 0x0101, 0x0101, 0x0101, 0x0101, 0x0101, 0x0101,
    0x0101, 0x0101, 0x0101, 0x0101, 0x0101, 0x0101, 0x0101, 0x0101, 0x0101, 0x0101, 0x0101, 0x0101,
    0x0201, 0x0202, 0x0202, 0x0102, 0x0101, 0x0101, 0x0101, 0x0101, 0x0102, 0x0101, 0x0101, 0x0201,
    0x0101, 0x0101, 0x0101, 0x0101, 0x0101, 0x0101, 0x0101, 0x0101, 0x0101, 0x0101, 0x0101, 0x0101,
    0x0101, 0x0101, 0x0101, 0x0101, 0x0101, 0x0101, 0x0101, 0x0101, 0x0101, 0x0101, 0x0101, 0x0101,
    0x0101, 0x0101, 0x0101, 0x0101, 0x0101, 0x0101, 0x0101, 0x0101, 0x0101, 0x0201, 0x0202, 0x0101,
    0x0101, 0x0101, 0x0101, 0x0102, 0x0101, 0x0201, 0x0202, 0x0102, 0x0101, 0x0102, 0x0101, 0x0102,
    0x0101, 0x0201, 0x0202, 0x0102, 0x0101, 0x0101, 0x0101, 0x0101, 0x0101, 0x0101, 0x0101, 0x0101,
    0x0101, 0x0102, 0x0101, 0x0101, 0x0101, 0x0102, 0x0101, 0x0101, 0x0101, 0x0202, 0x0202, 0x0101,
    0x0101, 0x0102, 0x0101, 0x0102, 0x0101, 0x0102, 0x0101, 0x0102, 0x0101, 0x0202, 0x0202, 0x0101,
    0x0101, 0x0101, 0x0101, 0x0101, 0x0101, 0x0101, 0x0101, 0x0101, 0x0101, 0x0101, 0x0101, 0x0101,
    0x0101, 0x0201, 0x0202, 0x0101, 0x0101, 0x0102, 0x0101, 0x0102, 0x0101, 0x0102, 0x0101, 0x0101,
    0x0101, 0x0102, 0x0101, 0x0102, 0x0101, 0x0201, 0x0202, 0x0101, 0x0101, 0x0101, 0x0101, 0x0101,
    0x0101, 0x0101, 0x0101, 0x0101, 0x0101, 0x0101, 0x0101, 0x0102, 0x0101, 0x0101, 0x0101, 0x0102,
    0x0101, 0x0201, 0x0202, 0x0102, 0x0101, 0x0102, 0x0101, 0x0102, 0x0101, 0x0102, 0x0101, 0x0102,
    0x0101, 0x0201, 0x0202, 0x0102, 0x0101, 0x0101, 0x0101, 0x0101, 0x0101, 0x0101, 0x0101, 0x0101,
    0x0101, 0x0101, 0x0101, 0x0101, 0x0101, 0x0201, 0x0202, 0x0101, 0x0101, 0x0102, 0x0101, 0x0102,
    0x0101, 0x0202, 0x0202, 0x0101, 0x0101, 0x0102, 0x0101, 0x0101, 0x0101, 0x0201, 0x0202, 0x0102,
    0x0101, 0x0101, 0x0101, 0x0101, 0x0101, 0x0101, 0x0101, 0x0101, 0x0101, 0x0101, 0x0202, 0x0101,
    0x0101, 0x0201, 0x0101, 0x0101, 0x0101, 0x0202, 0x0202, 0x0101, 0x0101, 0x0201, 0x0101, 0x0101,
    0x0101, 0x0201, 0x0101, 0x0101, 0x0101, 0x0201, 0x0101, 0x0101, 0x0101, 0x0101, 0x0101, 0x0101,
    0x0101, 0x0101, 0x0101, 0x0101, 0x0101, 0x0101, 0x0101, 0x0101, 0x0101, 0x0201, 0x0202, 0x0102,
    0x0101, 0x0102, 0x0101, 0x0102, 0x0101, 0x0102, 0x0101, 0x0102, 0x0101, 0x0201, 0x0202, 0x0102,
    0x0101, 0x0101, 0x0101, 0x0102, 0x0101, 0x0201, 0x0202, 0x0101, 0x0101, 0x0101, 0x0101, 0x0101,
    0x0101, 0x0102, 0x0101, 0x0101, 0x0101, 0x0102, 0x0101, 0x0101, 0x0101, 0x0202, 0x0202, 0x0101,
    0x0101, 0x0102, 0x0101, 0x0102, 0x0101, 0x0102, 0x0101, 0x0102, 0x0101, 0x0102, 0x0101, 0x0102,
    0x0101, 0x0101, 0x0101, 0x0101, 0x0101, 0x0101, 0x0101, 0x0101, 0x0101, 0x0101, 0x0101, 0x0101,
    0x0101, 0x0201, 0x0101, 0x0101, 0x0101, 0x0101, 0x0101, 0x0101, 0x0101, 0x0201, 0x0101, 0x0101,
    0x0101, 0x0201, 0x0101, 0x0101, 0x0101, 0x0201, 0x0101, 0x0101, 0x0101, 0x0101, 0x0101, 0x0101,
    0x0101, 0x0101, 0x0101, 0x0101, 0x0101, 0x0101, 0x0101, 0x0101, 0x0101, 0x0101, 0x0101, 0x0102,
    0x0101, 0x0101, 0x0101, 0x0101, 0x0101, 0x0101, 0x0101, 0x0102, 0x0101, 0x0101, 0x0101, 0x0102,
    0x0101, 0x0101, 0x0101, 0x0102, 0x0101, 0x0201, 0x0202, 0x0101, 0x0101, 0x0101, 0x0101, 0x0101,
    0x0101, 0x0102, 0x0101, 0x0101, 0x0101, 0x0102, 0x0201, 0x0101, 0x0101, 0x0102, 0x0102, 0x0101,
    0x0101, 0x0202, 0x0201, 0x0101, 0x0101, 0x0102, 0x0101, 0x0102, 0x0101, 0x0102, 0x0101, 0x0102,
    0x0101, 0x0101, 0x0101, 0x0101, 0x0101, 0x0101, 0x0101, 0x0101, 0x0101, 0x0102, 0x0101, 0x0101,
    0x0101, 0x0102, 0x0101, 0x0101, 0x0101, 0x0102, 0x0101, 0x0101, 0x0101, 0x0102, 0x0101, 0x0101,
    0x0101, 0x0102, 0x0101, 0x0101, 0x0101, 0x0201, 0x0101, 0x0101, 0x0101, 0x0101, 0x0101, 0x0101,
    0x0101, 0x0101, 0x0101, 0x0101, 0x0101, 0x0101, 0x0101, 0x0101, 0x0101, 0x0202, 0x0201, 0x0101,
    0x0101, 0x0102, 0x0102, 0x0102, 0x0101, 0x0102, 0x0102, 0x0102, 0x0101, 0x0102, 0x0102, 0x0102,
    0x0101, 0x0102, 0x0102, 0x0102, 0x0101, 0x0101, 0x0101, 0x0101, 0x0101, 0x0101, 0x0101, 0x0101,
    0x0101, 0x0101, 0x0101, 0x0101, 0x0101, 0x0202, 0x0202, 0x0101, 0x0101, 0x0102, 0x0101, 0x0102,
    0x0101, 0x0102, 0x0101, 0x0102, 0x0101, 0x0102, 0x0101, 0x0102, 0x0101, 0x0102, 0x0101, 0x0102,
    0x0101, 0x0101, 0x0101, 0x0101, 0x0101, 0x0101, 0x0101, 0x0101, 0x0101, 0x0101, 0x0101, 0x0101,
    0x0101, 0x0201, 0x0202, 0x0101, 0x0101, 0x0102, 0x0101, 0x0102, 0x0101, 0x0102, 0x0101, 0x0102,
    0x0101, 0x0102, 0x0101, 0x0102, 0x0101, 0x0201, 0x0202, 0x0101, 0x0101, 0x0101, 0x0101, 0x0101,
    0x0101, 0x0101, 0x0101, 0x0101, 0x0101, 0x0101, 0x0101, 0x0101, 0x0101, 0x0202, 0x0202, 0x0101,
    0x0101, 0x0102, 0x0101, 0x0102, 0x0101, 0x0102, 0x0101, 0x0102, 0x0101, 0x0202, 0x0202, 0x0101,
    0x0101, 0x0102, 0x0101, 0x0101, 0x0101, 0x0102, 0x0101, 0x0101, 0x0101, 0x0101, 0x0101, 0x0101,
    0x0101, 0x0101, 0x0101, 0x0101, 0x0101, 0x0201, 0x0202, 0x0102, 0x0101, 0x0102, 0x0101, 0x0102,
    0x0101, 0x0102, 0x0101, 0x0102, 0x0101, 0x0201, 0x0202, 0x0102, 0x0101, 0x0101, 0x0101, 0x0102,
    0x0101, 0x0101, 0x0101, 0x0102, 0x0101, 0x0101, 0x0101, 0x0101, 0x0101, 0x0101, 0x0101, 0x0101,
    0x0101, 0x0102, 0x0202, 0x0101, 0x0101, 0x0202, 0x0101, 0x0102, 0x0101, 0x0102, 0x0101, 0x0101,
    0x0101, 0x0102, 0x0101, 0x0101, 0x0101, 0x0102, 0x0101, 0x0101, 0x0101, 0x0101, 0x0101, 0x0101,
    0x0101, 0x0101, 0x0101, 0x0101, 0x0101, 0x0101, 0x0101, 0x0101, 0x0101, 0x0201, 0x0202, 0x0102,
    0x0101, 0x0102, 0x0101, 0x0101, 0x0101, 0x0201, 0x0202, 0x0101, 0x0101, 0x0101, 0x0101, 0x0102,
    0x0101, 0x0202, 0x0202, 0x0101, 0x0101, 0x0101, 0x0101, 0x0101, 0x0101, 0x0101, 0x0101, 0x0101,
    0x0101, 0x0201, 0x0101, 0x0101, 0x0101, 0x0201, 0x0101, 0x0101, 0x0101, 0x0202, 0x0102, 0x0101,
    0x0101, 0x0201, 0x0101, 0x0101, 0x0101, 0x0201, 0x0101, 0x0101, 0x0101, 0x0101, 0x0202, 0x0101,
    0x0101, 0x0101, 0x0101, 0x0101, 0x0101, 0x0101, 0x0101, 0x0101, 0x0101, 0x0101, 0x0101, 0x0101,
    0x0101, 0x0102, 0x0101, 0x0102, 0x0101, 0x0102, 0x0101, 0x0102, 0x0101, 0x0102, 0x0101, 0x0102,
    0x0101, 0x0102, 0x0101, 0x0102, 0x0101, 0x0201, 0x0202, 0x0101, 0x0101, 0x0101, 0x0101, 0x0101,
    0x0101, 0x0101, 0x0101, 0x0101, 0x0101, 0x0101, 0x0101, 0x0101, 0x0101, 0x0102, 0x0101, 0x0102,
    0x0101, 0x0102, 0x0101, 0x0102, 0x0101, 0x0201, 0x0201, 0x0101, 0x0101, 0x0201, 0x0201, 0x0101,
    0x0101, 0x0101, 0x0102, 0x0101, 0x0101, 0x0101, 0x0101, 0x0101, 0x0101, 0x0101, 0x0101, 0x0101,
    0x0101, 0x0101, 0x0101, 0x0101, 0x0101, 0x0102, 0x0101, 0x0102, 0x0101, 0x0102, 0x0101, 0x0102,
    0x0101, 0x0102, 0x0102, 0x0102, 0x0101, 0x0102, 0x0102, 0x0102, 0x0101, 0x0201, 0x0201, 0x0101,
    0x0101, 0x0101, 0x0101, 0x0101, 0x0101, 0x0101, 0x0101, 0x0101, 0x0101, 0x0101, 0x0101, 0x0101,
    0x0101, 0x0102, 0x0101, 0x0102, 0x0101, 0x0201, 0x0201, 0x0101, 0x0101, 0x0101, 0x0102, 0x0101,
    0x0101, 0x0201, 0x0201, 0x0101, 0x0101, 0x0102, 0x0101, 0x0102, 0x0101, 0x0101, 0x0101, 0x0101,
    0x0101, 0x0101, 0x0101, 0x0101, 0x0101, 0x0101, 0x0101, 0x0101, 0x0101, 0x0102, 0x0101, 0x0102,
    0x0101, 0x0102, 0x0101, 0x0102, 0x0101, 0x0102, 0x0101, 0x0102, 0x0101, 0x0201, 0x0202, 0x0102,
    0x0101, 0x0101, 0x0101, 0x0102, 0x0101, 0x0201, 0x0202, 0x0101, 0x0101, 0x0101, 0x0101, 0x0101,
    0x0101, 0x0101, 0x0101, 0x0101, 0x0101, 0x0201, 0x0202, 0x0202, 0x0101, 0x0101, 0x0101, 0x0102,
    0x0101, 0x0101, 0x0201, 0x0101, 0x0101, 0x0101, 0x0102, 0x0101, 0x0101, 0x0201, 0x0202, 0x0202,
    0x0101, 0x0101, 0x0101, 0x0101, 0x0101, 0x0101, 0x0101, 0x0101, 0x0101, 0x0101, 0x0101, 0x0101,
    0x0101, 0x0101, 0x0101, 0x0101, 0x0202, 0x0102, 0x0101, 0x0201, 0x0101, 0x0101, 0x0101, 0x0101,
    0x0101, 0x0101, 0x0101, 0x0101, 0x0101, 0x0101, 0x0101, 0x0101, 0x0101, 0x0101, 0x0101, 0x0101,
    0x0202, 0x0202, 0x0101, 0x0201, 0x0101, 0x0101, 0x0101, 0x0101, 0x0101, 0x0101, 0x0101, 0x0101,
    0x0101, 0x0101, 0x0101, 0x0101, 0x0101, 0x0101, 0x0101, 0x0101, 0x0101, 0x0101, 0x0101, 0x0101,
    0x0101, 0x0101, 0x0101, 0x0101, 0x0101, 0x0101, 0x0101, 0x0101, 0x0101, 0x0101, 0x0101, 0x0101,
    0x0202, 0x0202, 0x0101, 0x0201, 0x0101, 0x0101, 0x0101, 0x0101, 0x0101, 0x0101, 0x0101, 0x0101,
    0x0101, 0x0101, 0x0101, 0x0101, 0x0101, 0x0101, 0x0101, 0x0101, 0x0101, 0x0101, 0x0101, 0x0101,
    0x0101, 0x0101, 0x0101, 0x0101, 0x0101, 0x0101, 0x0101, 0x0101, 0x0101, 0x0101, 0x0101, 0x0101,
    0x0202, 0x0202, 0x0101, 0x0201, 0x0101, 0x0101, 0x0101, 0x0101, 0x0101, 0x0101, 0x0101, 0x0101,
    0x0101, 0x0101, 0x0101, 0x0101, 0x0101, 0x0101, 0x0101, 0x0101, 0x0101, 0x0101, 0x0101, 0x0101,
    0x0101, 0x0101, 0x0101, 0x0101, 0x0101, 0x0101, 0x0101, 0x0101, 0x0101, 0x0101, 0x0101, 0x0101,
    0x0202, 0x0202, 0x0101, 0x0201, 0x0101, 0x0101, 0x0101, 0x0101, 0x0101, 0x0101, 0x0101, 0x0101,
    0x0101, 0x0101, 0x0101, 0x0101, 0x0101, 0x0101, 0x0101, 0x0101, 0x0202, 0x0202, 0x0102, 0x0201,
    0x0101, 0x0101, 0x0101, 0x0101, 0x0101, 0x0101, 0x0101, 0x0101, 0x0101, 0x0101, 0x0101, 0x0101,
    0x0101, 0x0101, 0x0101, 0x0101, 0x0101, 0x0101, 0x0101, 0x0101, 0x0101, 0x0101, 0x0101, 0x0101,
    0x0101, 0x0101, 0x0101, 0x0101, 0x0101, 0x0101, 0x0101, 0x0101, 0x0202, 0x0202, 0x0102, 0x0201,
    0x0101, 0x0101, 0x0101, 0x0101, 0x0101, 0x0101, 0x0101, 0x0101, 0x0101, 0x0101, 0x0101, 0x0101,
    0x0101, 0x0101, 0x0101, 0x0101, 0x0101, 0x0101, 0x0101, 0x0101, 0x0101, 0x0101, 0x0101, 0x0101,
    0x0101, 0x0101, 0x0101, 0x0101, 0x0101, 0x0101, 0x0101, 0x0101, 0x0202, 0x0202, 0x0102, 0x0201,
    0x0101, 0x0101, 0x0101, 0x0101, 0x0101, 0x0101, 0x0101, 0x0101, 0x0101, 0x0101, 0x0101, 0x0101,
    0x0101, 0x0101, 0x0101, 0x0101, 0x0101, 0x0101, 0x0101, 0x0101, 0x0101, 0x0101, 0x0101, 0x0101,
    0x0101, 0x0101, 0x0101, 0x0101, 0x0101, 0x0101, 0x0101, 0x0101, 0x0202, 0x0202, 0x0102, 0x0201,
    0x0101, 0x0101, 0x0101, 0x0101, 0x0101, 0x0101, 0x0101, 0x0101, 0x0101, 0x0101, 0x0101, 0x0101,
    0x0101, 0x0101, 0x0101, 0x0101, 0x0202, 0x0202, 0x0202, 0x0201, 0x0101, 0x0101, 0x0101, 0x0101,
    0x0101, 0x0101, 0x0101, 0x0101, 0x0101, 0x0101, 0x0101, 0x0101, 0x0101, 0x0101, 0x0101, 0x0101,
    0x0101, 0x0101, 0x0101, 0x0101, 0x0101, 0x0101, 0x0101, 0x0101, 0x0101, 0x0101, 0x0101, 0x0101,
    0x0101, 0x0101, 0x0101, 0x0101, 0x0202, 0x0202, 0x0202, 0x0201, 0x0101, 0x0101, 0x0101, 0x0101,
    0x0101, 0x0101, 0x0101, 0x0101, 0x0101, 0x0101, 0x0101, 0x0101, 0x0101, 0x0101, 0x0101, 0x0101,
    0x0101, 0x0101, 0x0101, 0x0101, 0x0101, 0x0101, 0x0101, 0x0101, 0x0101, 0x0101, 0x0101, 0x0101,
    0x0101, 0x0101, 0x0101, 0x0101, 0x0202, 0x0202, 0x0202, 0x0201, 0x0101, 0x0101, 0x0101, 0x0101,
    0x0101, 0x0101, 0x0101, 0x0101, 0x0101, 0x0101, 0x0101, 0x0101, 0x0101, 0x0101, 0x0101, 0x0101,
    0x0101, 0x0101, 0x0101, 0x0101, 0x0101, 0x0101, 0x0101, 0x0101, 0x0101, 0x0101, 0x0101, 0x0101,
    0x0101, 0x0101, 0x0101, 0x0101, 0x0202, 0x0202, 0x0202, 0x0201, 0x0101, 0x0101, 0x0101, 0x0101,
    0x0101, 0x0101, 0x0101, 0x0101, 0x0101, 0x0101, 0x0101, 0x0101, 0x0101, 0x0101, 0x0101, 0x0101,
    0x0102, 0x0101, 0x0101, 0x0201, 0x0201, 0x0101, 0x0101, 0x0101, 0x0101, 0x0101, 0x0101, 0x0101,
    0x0101, 0x0101, 0x0101, 0x0101, 0x0101, 0x0101, 0x0101, 0x0101, 0x0101, 0x0101, 0x0101, 0x0101,
    0x0101, 0x0101, 0x0101, 0x0101, 0x0101, 0x0101, 0x0101, 0x0101, 0x0101, 0x0101, 0x0101, 0x0101,
    0x0102, 0x0101, 0x0101, 0x0201, 0x0201, 0x0101, 0x0101, 0x0101, 0x0101, 0x0101, 0x0101, 0x0101,
    0x0101, 0x0101, 0x0101, 0x0101, 0x0101, 0x0101, 0x0101, 0x0101, 0x0101, 0x0101, 0x0101, 0x0101,
    0x0101, 0x0101, 0x0101, 0x0101, 0x0101, 0x0101, 0x0101, 0x0101, 0x0101, 0x0101, 0x0101, 0x0101,
    0x0102, 0x0101, 0x0101, 0x0201, 0x0201, 0x0101, 0x0101, 0x0101, 0x0101, 0x0101, 0x0101, 0x0101,
    0x0101, 0x0101, 0x0101, 0x0101, 0x0101, 0x0101, 0x0101, 0x0101, 0x0101, 0x0101, 0x0101, 0x0101,
    0x0101, 0x0101, 0x0101, 0x0101, 0x0101, 0x0101, 0x0101, 0x0101, 0x0101, 0x0101, 0x0101, 0x0101,
    0x0102, 0x0101, 0x0101, 0x0201, 0x0201, 0x0101, 0x0101, 0x0101, 0x0101, 0x0101, 0x0101, 0x0101,
    0x0101, 0x0101, 0x0101, 0x0101, 0x0101, 0x0101, 0x0101, 0x0101, 0x0101, 0x0101, 0x0101, 0x0101,
    0x0101, 0x0101, 0x0101, 0x0101, 0x0101, 0x0101, 0x0101, 0x0101, 0x0101, 0x0101, 0x0101, 0x0101,
    0x0102, 0x0101, 0x0101, 0x0201, 0x0201, 0x0101, 0x0101, 0x0101, 0x0101, 0x0101, 0x0101, 0x0101,
    0x0101, 0x0101, 0x0101, 0x0101, 0x0101, 0x0101, 0x0101, 0x0101, 0x0101, 0x0101, 0x0101, 0x0101,
    0x0101, 0x0101, 0x0101, 0x0101, 0x0101, 0x0101, 0x0101, 0x0101, 0x0101, 0x0101, 0x0101, 0x0101,
    0x0102, 0x0101, 0x0101, 0x0201, 0x0201, 0x0101, 0x0101, 0x0101, 0x0101, 0x0101, 0x0101, 0x0101,
    0x0101, 0x0101, 0x0101, 0x0101, 0x0101, 0x0101, 0x0101, 0x0101, 0x0101, 0x0101, 0x0101, 0x0101,
    0x0101, 0x0101, 0x0101, 0x0101, 0x0101, 0x0101, 0x0101, 0x0101, 0x0101, 0x0101, 0x0101, 0x0101,
    0x0102, 0x0101, 0x0101, 0x0201, 0x0201, 0x0101, 0x0101, 0x0101, 0x0102, 0x0101, 0x0101, 0x0201,
    0x0201, 0x0102, 0x0101, 0x0101, 0x0101, 0x0101, 0x0101, 0x0101, 0x0101, 0x0101, 0x0101, 0x0101,
    0x0101, 0x0101, 0x0101, 0x0101, 0x0101, 0x0101, 0x0101, 0x0101, 0x0101, 0x0101, 0x0101, 0x0101,
    0x0101, 0x0101, 0x0101, 0x0101, 0x0101, 0x0101, 0x0101, 0x0101, 0x0102, 0x0101, 0x0101, 0x0201,
    0x0201, 0x0102, 0x0101, 0x0101, 0x0101, 0x0101, 0x0101, 0x0101, 0x0101, 0x0101, 0x0101, 0x0101,
    0x0101, 0x0101, 0x0101, 0x0101, 0x0101, 0x0101, 0x0101, 0x0101, 0x0101, 0x0101, 0x0101, 0x0101,
    0x0101, 0x0101, 0x0101, 0x0101, 0x0101, 0x0101, 0x0101, 0x0101, 0x0102, 0x0101, 0x0101, 0x0201,
    0x0201, 0x0102, 0x0101, 0x0101, 0x0101, 0x0101, 0x0101, 0x0101, 0x0101, 0x0101, 0x0101, 0x0101,
    0x0101, 0x0101, 0x0101, 0x0101, 0x0101, 0x0101, 0x0101, 0x0101, 0x0101, 0x0101, 0x0101, 0x0101,
    0x0101, 0x0101, 0x0101, 0x0101, 0x0101, 0x0101, 0x0101, 0x0101, 0x0102, 0x0101, 0x0101, 0x0201,
    0x0201, 0x0102, 0x0101, 0x0101, 0x0101, 0x0101, 0x0101, 0x0101, 0x0101, 0x0101, 0x0101, 0x0101,
    0x0101, 0x0101, 0x0101, 0x0101, 0x0101, 0x0101, 0x0101, 0x0101, 0x0101, 0x0101, 0x0101, 0x0101,
    0x0101, 0x0101, 0x0101, 0x0101, 0x0101, 0x0101, 0x0101, 0x0101, 0x0102, 0x0101, 0x0101, 0x0201,
    0x0201, 0x0102, 0x0101, 0x0101, 0x0101, 0x0101, 0x0101, 0x0101, 0x0101, 0x0101, 0x0101, 0x0101,
    0x0101, 0x0101, 0x0101, 0x0101, 0x0101, 0x0101, 0x0101, 0x0101, 0x0101, 0x0101, 0x0101, 0x0101,
    0x0101, 0x0101, 0x0101, 0x0101, 0x0101, 0x0101, 0x0101, 0x0101, 0x0102, 0x0101, 0x0101, 0x0101,
    0x0201, 0x0102, 0x0101, 0x0201, 0x0101, 0x0101, 0x0101, 0x0101, 0x0102, 0x0101, 0x0101, 0x0201,
    0x0201, 0x0202, 0x0101, 0x0101, 0x0101, 0x0101, 0x0101, 0x0101, 0x0101, 0x0101, 0x0101, 0x0101,
    0x0101, 0x0101, 0x0101, 0x0101, 0x0101, 0x0101, 0x0101, 0x0101, 0x0101, 0x0101, 0x0101, 0x0101,
    0x0101, 0x0101, 0x0101, 0x0101, 0x0101, 0x0101, 0x0101, 0x0101, 0x0102, 0x0101, 0x0101, 0x0201,
    0x0201, 0x0202, 0x0101, 0x0101, 0x0101, 0x0101, 0x0101, 0x0101, 0x0101, 0x0101, 0x0101, 0x0101,
    0x0101, 0x0101, 0x0101, 0x0101, 0x0101, 0x0101, 0x0101, 0x0101, 0x0101, 0x0101, 0x0101, 0x0101,
    0x0101, 0x0101, 0x0101, 0x0101, 0x0101, 0x0101, 0x0101, 0x0101, 0x0102, 0x0101, 0x0101, 0x0201,
    0x0201, 0x0202, 0x0101, 0x0101, 0x0101, 0x0101, 0x0101, 0x0101, 0x0101, 0x0101, 0x0101, 0x0101,
    0x0101, 0x0101, 0x0101, 0x0101, 0x0101, 0x0101, 0x0101, 0x0101, 0x0101, 0x0101, 0x0101, 0x0101,
    0x0101, 0x0101, 0x0101, 0x0101, 0x0101, 0x0101, 0x0101, 0x0101, 0x0102, 0x0101, 0x0101, 0x0201,
    0x0201, 0x0202, 0x0101, 0x0101, 0x0101, 0x0101, 0x0101, 0x0101, 0x0101, 0x0101, 0x0101, 0x0101,
    0x0101, 0x0101, 0x0101, 0x0101, 0x0101, 0x0101, 0x0101, 0x0101, 0x0101, 0x0101, 0x0101, 0x0101,
    0x0101, 0x0101, 0x0101, 0x0101, 0x0101, 0x0101, 0x0101, 0x0101, 0x0102, 0x0101, 0x0101, 0x0201,
    0x0201, 0x0202, 0x0101, 0x0101, 0x0101, 0x0101, 0x0101, 0x0101, 0x0101, 0x0101, 0x0101, 0x0101,
    0x0101, 0x0101, 0x0101, 0x0101, 0x0101, 0x0101, 0x0101, 0x0101, 0x0101, 0x0101, 0x0101, 0x0101,
    0x0101, 0x0101, 0x0101, 0x0101, 0x0101, 0x0101, 0x0101, 0x0101, 0x0102, 0x0101, 0x0101, 0x0201,
    0x0201, 0x0202, 0x0101, 0x0101, 0x0101, 0x0101, 0x0101, 0x0101, 0x0101, 0x0101, 0x0101, 0x0101,
    0x0101, 0x0101, 0x0101, 0x0101, 0x0101, 0x0101, 0x0101, 0x0101, 0x0101, 0x0101, 0x0101, 0x0101,
    0x0101, 0x0101, 0x0101, 0x0101, 0x0101, 0x0101, 0x0101, 0x0101, 0x0102, 0x0101, 0x0101, 0x0201,
    0x0201, 0x0202, 0x0101, 0x0101, 0x0102, 0x0101, 0x0101, 0x0201, 0x0201, 0x0202, 0x0102, 0x0101,
    0x0101, 0x0101, 0x0101, 0x0101, 0x0101, 0x0101, 0x0101, 0x0101, 0x0101, 0x0101, 0x0101, 0x0101,
    0x0101, 0x0101, 0x0101, 0x0101, 0x0101, 0x0101, 0x0101, 0x0101, 0x0101, 0x0101, 0x0101, 0x0101,
    0x0101, 0x0101, 0x0101, 0x0101, 0x0102, 0x0101, 0x0101, 0x0201, 0x0201, 0x0202, 0x0102, 0x0101,
    0x0101, 0x0101, 0x0101, 0x0101, 0x0101, 0x0101, 0x0101, 0x0101, 0x0101, 0x0101, 0x0101, 0x0101,
    0x0101, 0x0101, 0x0101, 0x0101, 0x0101, 0x0101, 0x0101, 0x0101, 0x0101, 0x0101, 0x0101, 0x0101,
    0x0101, 0x0101, 0x0101, 0x0101, 0x0102, 0x0101, 0x0101, 0x0201, 0x0201, 0x0202, 0x0102, 0x0101,
    0x0101, 0x0101, 0x0101, 0x0101, 0x0101, 0x0101, 0x0101, 0x0101, 0x0101, 0x0101, 0x0101, 0x0101,
    0x0101, 0x0101, 0x0101, 0x0101, 0x0101, 0x0101, 0x0101, 0x0101, 0x0101, 0x0101, 0x0101, 0x0101,
    0x0101, 0x0101, 0x0101, 0x0101, 0x0102, 0x0101, 0x0101, 0x0201, 0x0201, 0x0202, 0x0102, 0x0101,
    0x0101, 0x0101, 0x0101, 0x0101, 0x0101, 0x0101, 0x0101, 0x0101, 0x0101, 0x0101, 0x0101, 0x0101,
    0x2323, 0x2423, 0x2424, 0x0024, 0x2424, 0x240F, 0x2424, 0x2424, 0x0F24, 0x240F, 0x2424, 0x2424,
    0x1124, 0x0000, 0x2400, 0x2424, 0x1124, 0x0000, 0x0000, 0x2424, 0x0F11, 0x2424, 0x0000, 0x2400,
    0x0F11, 0x2424, 0x0024, 0x0000, 0x240F, 0x2424, 0x0024, 0x0000, 0x0000, 0x0000, 0x0000, 0x0000,
    0x0000, 0x0000, 0x0000, 0x0000, 0x2424, 0x0000, 0x0000, 0x0000, 0x2424, 0x0024, 0x0000, 0x0000,
    0x2425, 0x2424, 0x0000, 0x0000, 0x2425, 0x2424, 0x0000, 0x2400, 0x2425, 0x0024, 0x0000, 0x2400,
    0x0025, 0x0000, 0x0000, 0x2400, 0x0000, 0x0000, 0x0000, 0x0000, 0x0000, 0x0000, 0x0000, 0x0000,
    0x0000, 0x0000, 0x0000, 0x0000, 0x2400, 0x0024, 0x0000, 0x0000, 0x2424, 0x2424, 0x0000, 0x0000,
    0x2424, 0x2424, 0x0000, 0x0000, 0x2424, 0x0024, 0x0000, 0x0000, 0x2424, 0x0024, 0x0000, 0x0000,
    0x0000, 0x0000, 0x0000, 0x0000, 0x0000, 0x0000, 0x0000, 0x0000, 0x0000, 0x0000, 0x0000, 0x0000,
    0x0000, 0x0000, 0x0000, 0x0000, 0x0000, 0x0000, 0x0000, 0x0000, 0x0000, 0x0024, 0x0000, 0x0000,
    0x2400, 0x2424, 0x0000, 0x0000, 0x2424, 0x2424, 0x0000, 0x0000, 0x0000, 0x0000, 0x0000, 0x0000,
    0x0000, 0x0000, 0x0000, 0x0000, 0x0000, 0x0000, 0x0000, 0x0000, 0x2424, 0x0000, 0x0000, 0x0000,
    0x2424, 0x0024, 0x0000, 0x0000, 0x2424, 0x2424, 0x2400, 0x2524, 0x2424, 0x2424, 0x2424, 0x2524,
    0x2424, 0x0024, 0x2424, 0x2524, 0x0000, 0x0000, 0x0000, 0x2400, 0x0000, 0x0000, 0x0000, 0x2400,
    0x0000, 0x0000, 0x0000, 0x2400, 0x0000, 0x0000, 0x0000, 0x2400, 0x2400, 0x2424, 0x0000, 0x0000,
    0x2424, 0x2424, 0x0024, 0x0000, 0x2323, 0x2424, 0x0024, 0x0000, 0x2323, 0x2423, 0x0000, 0x2424,
    0x2424, 0x2424, 0x0024, 0x0000, 0x2424, 0x2424, 0x0000, 0x0000, 0x2524, 0x2525, 0x0000, 0x0000,
    0x2525, 0x2525, 0x0025, 0x0000, 0x2525, 0x2525, 0x2425, 0x0000, 0x2525, 0x2525, 0x2424, 0x0000,
    0x2524, 0x2425, 0x0024, 0x0000, 0x2524, 0x2525, 0x0024, 0x0000, 0x0000, 0x0000, 0x0000, 0x0000,
    0x0000, 0x0000, 0x0000, 0x2525, 0x2300, 0x2626, 0x2500, 0x2525, 0x2323, 0x2626, 0x2523, 0x2525,
    0x2324, 0x2323, 0x2323, 0x2525, 0x2424, 0x2323, 0x2323, 0x2424, 0x2424, 0x2324, 0x2423, 0x2424,
    0x2400, 0x2424, 0x2400, 0x2424, 0x0000, 0x0000, 0x0000, 0x0000, 0x2425, 0x2424, 0x0000, 0x0000,
    0x2525, 0x2424, 0x0024, 0x0000, 0x2525, 0x2424, 0x0024, 0x0000, 0x2425, 0x2424, 0x0000, 0x0000,
    0x2424, 0x2424, 0x0024, 0x0000, 0x2424, 0x2424, 0x0024, 0x0000, 0x2424, 0x2424, 0x0024, 0x0000,
    0x0000, 0x0000, 0x2525, 0x0025, 0x0000, 0x2500, 0x2525, 0x2525, 0x0000, 0x2525, 0x2525, 0x2525,
    0x0000, 0x2500, 0x2525, 0x2525, 0x0000, 0x2300, 0x2523, 0x2425, 0x0000, 0x2323, 0x2323, 0x2424,
    0x0000, 0x2323, 0x0023, 0x2400, 0x0000, 0x0000, 0x0000, 0x0000, 0x2325, 0x2623, 0x2626, 0x2325,
    0x2325, 0x2626, 0x2626, 0x2526, 0x2325, 0x2626, 0x2626, 0x2526, 0x2525, 0x2623, 0x2626, 0x2325,
    0x2424, 0x2525, 0x2525, 0x2623, 0x2424, 0x2524, 0x2525, 0x2623, 0x2424, 0x2424, 0x2525, 0x2323,
    0x2424, 0x2424, 0x2323, 0x2323, 0x2626, 0x2626, 0x2526, 0x2425, 0x2625, 0x2626, 0x2525, 0x2425,
    0x2525, 0x2525, 0x2525, 0x2323, 0x2626, 0x2425, 0x2325, 0x2323, 0x2626, 0x2426, 0x2325, 0x2323,
    0x2626, 0x2426, 0x2524, 0x2323, 0x2626, 0x2523, 0x0024, 0x2400, 0x2323, 0x2525, 0x0000, 0x2400,
    0x2325, 0x2523, 0x2524, 0x2525, 0x2623, 0x2326, 0x2524, 0x2525, 0x2626, 0x2626, 0x2524, 0x2525,
    0x2626, 0x2626, 0x2525, 0x2525, 0x2626, 0x2626, 0x2525, 0x2525, 0x2623, 0x2326, 0x2525, 0x0F25,
    0x2323, 0x2323, 0x2523, 0x0F0F, 0x2323, 0x2323, 0x2626, 0x0F26, 0x2623, 0x2626, 0x2525, 0x0025,
    0x2626, 0x2626, 0x2526, 0x0025, 0x2626, 0x2626, 0x2526, 0x0000, 0x2624, 0x2626, 0x0000, 0x0000,
    0x2424, 0x0000, 0x2424, 0x0024, 0x2424, 0x2525, 0x2424, 0x2424, 0x2524, 0x2323, 0x2626, 0x2426,
    0x2325, 0x2623, 0x2626, 0x2626, 0x0000, 0x2400, 0x0024, 0x0000, 0x0000, 0x2424, 0x2424, 0x0000,
    0x0000, 0x2424, 0x2424, 0x0000, 0x0000, 0x2424, 0x2424, 0x0000, 0x0000, 0x2400, 0x0024, 0x0000,
    0x2424, 0x0024, 0x0000, 0x0000, 0x2424, 0x2525, 0x2525, 0x2424, 0x2525, 0x2525, 0x2525, 0x2425,
    0x0000, 0x2525, 0x2525, 0x0000, 0x0000, 0x2500, 0x2425, 0x0000, 0x0000, 0x2424, 0x2323, 0x0024,
    0x2400, 0x2324, 0x2323, 0x0023, 0x2424, 0x2324, 0x2323, 0x0023, 0x2424, 0x2424, 0x2323, 0x0000,
    0x2400, 0x0024, 0x0000, 0x0000, 0x0000, 0x0000, 0x0000, 0x0000, 0x2524, 0x2525, 0x2624, 0x2326,
    0x2424, 0x0025, 0x2424, 0x2325, 0x2400, 0x0024, 0x2424, 0x2525, 0x0000, 0x2324, 0x2423, 0x2524,
    0x2500, 0x2323, 0x2323, 0x2424, 0x2500, 0x2323, 0x2323, 0x2425, 0x2524, 0x2325, 0x2523, 0x2425,
    0x0F24, 0x2525, 0x2525, 0x2424, 0x2623, 0x2526, 0x2525, 0x0F24, 0x2626, 0x2626, 0x2525, 0x0F0F,
    0x2626, 0x2626, 0x2525, 0x250F, 0x2626, 0x2326, 0x0F25, 0x250F, 0x2623, 0x2423, 0x0F24, 0x0F0F,
    0x2323, 0x2425, 0x0F24, 0x0F0F, 0x2523, 0x2424, 0x2424, 0x0F0F, 0x2525, 0x2424, 0x2424, 0x250F,
    0x240F, 0x2524, 0x2325, 0x2523, 0x2525, 0x2525, 0x2323, 0x2323, 0x2525, 0x2525, 0x2323, 0x2323,
    0x2525, 0x2525, 0x2323, 0x2323, 0x2525, 0x2525, 0x2325, 0x2323, 0x2524, 0x2525, 0x2525, 0x2323,
    0x2525, 0x2323, 0x2523, 0x2325, 0x2325, 0x2323, 0x2323, 0x2525, 0x2525, 0x2323, 0x2323, 0x2325,
    0x2525, 0x2323, 0x2323, 0x2525, 0x2523, 0x2325, 0x2523, 0x2525, 0x2323, 0x2626, 0x2326, 0x2523,
    0x2623, 0x2626, 0x2626, 0x2323, 0x2623, 0x2626, 0x2626, 0x2323, 0x2323, 0x2626, 0x2326, 0x2323,
    0x2323, 0x2323, 0x2525, 0x2325, 0x2423, 0x2424, 0x2424, 0x0024, 0x2525, 0x2425, 0x2424, 0x2424,
    0x2525, 0x2525, 0x2424, 0x2424, 0x2525, 0x2525, 0x2424, 0x0024, 0x2523, 0x2425, 0x2424, 0x0000,
    0x2323, 0x2525, 0x2525, 0x2400, 0x2323, 0x2525, 0x2525, 0x2323, 0x2523, 0x2525, 0x2325, 0x2323,
    0x0000, 0x2424, 0x2424, 0x2424, 0x0000, 0x2400, 0x2424, 0x0024, 0x0000, 0x0000, 0x0000, 0x0000,
    0x0000, 0x0000, 0x0000, 0x0000, 0x0000, 0x0000, 0x0000, 0x2500, 0x0000, 0x0000, 0x0000, 0x2525,
    0x0000, 0x0000, 0x0000, 0x2525, 0x0000, 0x0000, 0x0000, 0x2500, 0x0000, 0x2323, 0x0F23, 0x000F,
    0x2300, 0x2323, 0x2323, 0x000F, 0x2300, 0x2323, 0x2323, 0x000F, 0x0000, 0x2323, 0x2323, 0x0F0F,
    0x0025, 0x2300, 0x0F23, 0x0F0F, 0x2525, 0x0F00, 0x110F, 0x0F1B, 0x2525, 0x0F00, 0x110F, 0x0F11,
    0x0025, 0x0F00, 0x110F, 0x1B1B, 0x0000, 0x2300, 0x2323, 0x2323, 0x2400, 0x2424, 0x2323, 0x0023,
    0x2424, 0x2424, 0x0024, 0x0000, 0x2424, 0x2424, 0x0024, 0x0F00, 0x2424, 0x2424, 0x0000, 0x0F0F,
    0x2424, 0x0024, 0x0F00, 0x000F, 0x0024, 0x0000, 0x0F11, 0x0000, 0x0011, 0x0000, 0x0F11, 0x0000,
    0x0000, 0x0000, 0x0000, 0x2400, 0x0000, 0x0000, 0x0000, 0x2424, 0x0000, 0x2300, 0x2323, 0x2400,
    0x0000, 0x2323, 0x2323, 0x0023, 0x0000, 0x2300, 0x2323, 0x0000, 0x0000, 0x0000, 0x0000, 0x0000,
    0x0000, 0x0000, 0x0000, 0x0000, 0x0000, 0x0000, 0x0000, 0x0000, 0x2525, 0x2424, 0x2424, 0x2424,
    0x2424, 0x2324, 0x2423, 0x2324, 0x2400, 0x2323, 0x2323, 0x2624, 0x0000, 0x2323, 0x2323, 0x2324,
    0x0000, 0x2325, 0x2523, 0x2324, 0x2400, 0x2525, 0x2525, 0x2400, 0x2400, 0x2524, 0x2425, 0x0024,
    0x0000, 0x2424, 0x2424, 0x2424, 0x0000, 0x2424, 0x0024, 0x0000, 0x2400, 0x2424, 0x2424, 0x0000,
    0x2424, 0x2424, 0x2424, 0x0024, 0x2424, 0x2424, 0x2424, 0x0000, 0x2424, 0x2524, 0x0025, 0x0000,
    0x2324, 0x2523, 0x2525, 0x0000, 0x2323, 0x2323, 0x2525, 0x0000, 0x2323, 0x2323, 0x2525, 0x0000,
    0x2525, 0x2425, 0x2424, 0x2424, 0x2523, 0x0025, 0x2424, 0x2400, 0x2523, 0x0024, 0x0000, 0x2400,
    0x2425, 0x0000, 0x0000, 0x2400, 0x0024, 0x0000, 0x0000, 0x2500, 0x0024, 0x0000, 0x0000, 0x2525,
    0x0000, 0x0000, 0x0000, 0x2525, 0x0000, 0x0000, 0x0000, 0x2500, 0x2524, 0x2626, 0x2525, 0x2625,
    0x2525, 0x2525, 0x2524, 0x2525, 0x2525, 0x2425, 0x2424, 0x2525, 0x2524, 0x2425, 0x2323, 0x2524,
    0x2425, 0x2325, 0x2323, 0x2523, 0x2525, 0x2325, 0x2323, 0x2323, 0x2525, 0x2325, 0x2323, 0x2323,
    0x2525, 0x2525, 0x2323, 0x0023, 0x2626, 0x2323, 0x2523, 0x0F25, 0x2526, 0x2325, 0x2323, 0x250F,
    0x2525, 0x2323, 0x2323, 0x2523, 0x2525, 0x2323, 0x2323, 0x0F23, 0x240F, 0x2325, 0x2323, 0x0F23,
    0x0F0F, 0x0F24, 0x2323, 0x0F0F, 0x0F0F, 0x0F0F, 0x0F0F, 0x0F0F, 0x0F0F, 0x0F0F, 0x0F0F, 0x0F0F,
    0x2424, 0x2525, 0x0F25, 0x2424, 0x2424, 0x2524, 0x240F, 0x2424, 0x2424, 0x0F0F, 0x2424, 0x2424,
    0x0F24, 0x240F, 0x2424, 0x2424, 0x0F0F, 0x2424, 0x2424, 0x2424, 0x240F, 0x2424, 0x2424, 0x2424,
    0x2424, 0x2424, 0x2524, 0x2425, 0x2424, 0x2424, 0x2525, 0x2525, 0x2524, 0x2325, 0x2323, 0x2323,
    0x2524, 0x2525, 0x2323, 0x2423, 0x2424, 0x2525, 0x2525, 0x2525, 0x2424, 0x2524, 0x2323, 0x2525,
    0x2524, 0x2325, 0x2323, 0x2523, 0x2525, 0x2525, 0x2323, 0x2525, 0x2525, 0x2525, 0x2525, 0x2525,
    0x2525, 0x2525, 0x2424, 0x2424, 0x0000, 0x2300, 0x2323, 0x2523, 0x0000, 0x0000, 0x2323, 0x2424,
    0x0000, 0x2400, 0x2424, 0x2424, 0x0000, 0x2424, 0x2424, 0x0024, 0x0000, 0x2424, 0x2424, 0x2525,
    0x0000, 0x2525, 0x2524, 0x2525, 0x2500, 0x2525, 0x2525, 0x2626, 0x2300, 0x2323, 0x2625, 0x2626,
    0x2524, 0x2525, 0x0000, 0x2400, 0x2525, 0x2525, 0x0025, 0x0000, 0x2525, 0x2525, 0x2425, 0x0000,
    0x2524, 0x2525, 0x2425, 0x0024, 0x2400, 0x2525, 0x2424, 0x0024, 0x0025, 0x2400, 0x2424, 0x0024,
    0x2523, 0x2424, 0x2424, 0x0000, 0x2326, 0x2425, 0x0024, 0x2424, 0x2424, 0x0024, 0x2424, 0x0000,
    0x2424, 0x2400, 0x2424, 0x0024, 0x0000, 0x2400, 0x2424, 0x0024, 0x2500, 0x2425, 0x2424, 0x0000,
    0x2525, 0x2525, 0x2424, 0x0000, 0x2525, 0x2525, 0x2425, 0x0024, 0x2524, 0x2525, 0x2425, 0x0024,
    0x2400, 0x2525, 0x2424, 0x0024, 0x2424, 0x2424, 0x0000, 0x0000, 0x2424, 0x0024, 0x0000, 0x0000,
    0x0000, 0x0000, 0x0000, 0x0000, 0x0000, 0x0000, 0x0000, 0x0000, 0x0000, 0x0000, 0x0000, 0x0000,
    0x0000, 0x0000, 0x0000, 0x0000, 0x0000, 0x0000, 0x0000, 0x0000, 0x0000, 0x0000, 0x0000, 0x0000,
    0x2424, 0x2424, 0x2525, 0x2424, 0x2424, 0x2524, 0x2525, 0x2425, 0x2424, 0x2524, 0x2525, 0x2425,
    0x2400, 0x2524, 0x2525, 0x2525, 0x0000, 0x2500, 0x2525, 0x2525, 0x0000, 0x2424, 0x2525, 0x2525,
    0x0000, 0x2424, 0x2524, 0x2425, 0x0000, 0x2400, 0x2424, 0x2424, 0x2323, 0x0023, 0x2400, 0x2525,
    0x2323, 0x0025, 0x2524, 0x2325, 0x2525, 0x2424, 0x2524, 0x2325, 0x2424, 0x2424, 0x2500, 0x2525,
    0x2524, 0x0025, 0x0000, 0x2525, 0x2323, 0x2523, 0x2424, 0x0000, 0x2323, 0x2323, 0x2424, 0x0024,
    0x2323, 0x2323, 0x2525, 0x0024, 0x2323, 0x2523, 0x0025, 0x0000, 0x2323, 0x2323, 0x2525, 0x0000,
    0x2323, 0x2323, 0x2525, 0x0024, 0x2323, 0x2523, 0x2425, 0x0024, 0x2524, 0x2525, 0x2425, 0x0000,
    0x2424, 0x2525, 0x0000, 0x0000, 0x2400, 0x0024, 0x0000, 0x0000, 0x0000, 0x0000, 0x0000, 0x0000,
    0x0000, 0x0000, 0x0000, 0x2424, 0x0000, 0x2424, 0x0024, 0x0000, 0x2400, 0x2424, 0x2424, 0x0000,
    0x0000, 0x2424, 0x0024, 0x0000, 0x0000, 0x0000, 0x0000, 0x0000, 0x0000, 0x0000, 0x0000, 0x0000,
    0x0000, 0x0000, 0x0000, 0x0000, 0x0000, 0x0000, 0x0000, 0x0000, 0x2524, 0x2525, 0x0024, 0x0000,
    0x2525, 0x2525, 0x0025, 0x0000, 0x2525, 0x2525, 0x0025, 0x0000, 0x2500, 0x2525, 0x0000, 0x0000,
    0x0000, 0x0000, 0x0000, 0x0000, 0x0000, 0x0000, 0x0000, 0x0000, 0x0000, 0x0000, 0x0000, 0x0000,
    0x0000, 0x0000, 0x0000, 0x0000, 0x0000, 0x0000, 0x0000, 0x2400, 0x0000, 0x0000, 0x0000, 0x2424,
    0x0000, 0x0000, 0x2323, 0x2400, 0x0000, 0x2300, 0x2323, 0x0023, 0x0000, 0x0000, 0x2323, 0x0000,
    0x0000, 0x0000, 0x0000, 0x0000, 0x0000, 0x0000, 0x0000, 0x0000, 0x0000, 0x0000, 0x0000, 0x0000,
    0x2525, 0x2324, 0x2323, 0x2323, 0x2525, 0x2424, 0x2323, 0x2423, 0x0F25, 0x2424, 0x2424, 0x2524,
    0x0F25, 0x2411, 0x2424, 0x2525, 0x2525, 0x110F, 0x2424, 0x2525, 0x2523, 0x0F0F, 0x2424, 0x2525,
    0x2523, 0x250F, 0x2425, 0x2524, 0x2525, 0x2525, 0x2525, 0x2425, 0x0F24, 0x2525, 0x0025, 0x2500,
    0x0F24, 0x250F, 0x2425, 0x2524, 0x2525, 0x2525, 0x2424, 0x2524, 0x2525, 0x2525, 0x2425, 0x2424,
    0x2525, 0x2525, 0x2425, 0x2424, 0x2525, 0x2525, 0x240F, 0x2424, 0x2425, 0x0F0F, 0x240F, 0x2424,
    0x2424, 0x2524, 0x0F25, 0x2424, 0x2325, 0x2623, 0x2626, 0x2626, 0x2525, 0x2623, 0x2626, 0x2626,
    0x2525, 0x2525, 0x2626, 0x2426, 0x2525, 0x2525, 0x2525, 0x2425, 0x2424, 0x2524, 0x2525, 0x2325,
    0x2424, 0x250F, 0x2525, 0x2325, 0x0F24, 0x2424, 0x2525, 0x2424, 0x240F, 0x2424, 0x2424, 0x2424,
    0x2325, 0x2623, 0x2626, 0x2626, 0x2525, 0x2323, 0x2626, 0x2326, 0x2525, 0x2525, 0x2323, 0x2523,
    0x2323, 0x2525, 0x2525, 0x2525, 0x2323, 0x2523, 0x2525, 0x2325, 0x2323, 0x2523, 0x2525, 0x2323,
    0x2323, 0x2525, 0x2525, 0x2323, 0x2525, 0x2325, 0x2523, 0x2323, 0x2325, 0x2323, 0x2525, 0x2425,
    0x2323, 0x2323, 0x2523, 0x2525, 0x2323, 0x2626, 0x2323, 0x2525, 0x2625, 0x2626, 0x2326, 0x2525,
    0x2623, 0x2626, 0x2526, 0x2525, 0x2323, 0x2626, 0x2525, 0x2425, 0x2323, 0x2525, 0x2525, 0x2425,
    0x2323, 0x2525, 0x2525, 0x2424, 0x0000, 0x0000, 0x2525, 0x0025, 0x0000, 0x2500, 0x2525, 0x2525,
    0x0000, 0x2525, 0x2525, 0x2525, 0x0000, 0x2500, 0x2525, 0x2525, 0x0000, 0x2323, 0x2523, 0x2425,
    0x2300, 0x2323, 0x2323, 0x2424, 0x0000, 0x2323, 0x0023, 0x2400, 0x0000, 0x0000, 0x0000, 0x0000,
    0x0F25, 0x240F, 0x2424, 0x2524, 0x2424, 0x240F, 0x2424, 0x2526, 0x2424, 0x0F0F, 0x2624, 0x2626,
    0x2424, 0x0F24, 0x2623, 0x2626, 0x2424, 0x2324, 0x2623, 0x2626, 0x2424, 0x2324, 0x2323, 0x2526,
    0x2424, 0x2325, 0x2323, 0x250F, 0x2524, 0x2525, 0x2323, 0x0F0F, 0x2323, 0x2425, 0x2424, 0x2524,
    0x2323, 0x2525, 0x2425, 0x2324, 0x2523, 0x2525, 0x2525, 0x2323, 0x2523, 0x2525, 0x2525, 0x2323,
    0x2323, 0x2525, 0x2525, 0x2323, 0x2323, 0x2525, 0x2525, 0x2325, 0x2423, 0x2525, 0x2525, 0x2525,
    0x2424, 0x2424, 0x2325, 0x2623, 0x2325, 0x2323, 0x2323, 0x2325, 0x2523, 0x2323, 0x2523, 0x2325,
    0x2323, 0x2525, 0x2525, 0x2325, 0x2323, 0x2525, 0x2525, 0x2525, 0x2323, 0x2525, 0x2325, 0x2323,
    0x2523, 0x2525, 0x2323, 0x2323, 0x2525, 0x2325, 0x2323, 0x2323, 0x2626, 0x2323, 0x2323, 0x2323,
    0x2323, 0x2523, 0x2525, 0x2525, 0x2323, 0x2523, 0x2525, 0x2625, 0x2323, 0x2523, 0x2525, 0x2626,
    0x2623, 0x2626, 0x2525, 0x2626, 0x2626, 0x2626, 0x2326, 0x2625, 0x2623, 0x2626, 0x2323, 0x2423,
    0x2323, 0x2323, 0x2323, 0x2423, 0x2323, 0x2323, 0x2323, 0x2424, 0x2525, 0x2525, 0x2325, 0x2323,
    0x2626, 0x2523, 0x240F, 0x2323, 0x2626, 0x2326, 0x2424, 0x2424, 0x2626, 0x2326, 0x2624, 0x2426,
    0x2626, 0x2523, 0x2626, 0x2626, 0x2525, 0x2525, 0x2626, 0x2626, 0x240F, 0x2525, 0x2626, 0x2626,
    0x250F, 0x2425, 0x2624, 0x2326, 0x2524, 0x2425, 0x0024, 0x2424, 0x2424, 0x2424, 0x0024, 0x2424,
    0x2424, 0x2424, 0x2424, 0x2424, 0x2424, 0x2424, 0x2424, 0x2424, 0x2424, 0x2424, 0x2323, 0x2423,
    0x2424, 0x2300, 0x2323, 0x2323, 0x0024, 0x2300, 0x2323, 0x2323, 0x0024, 0x2525, 0x2323, 0x0023,
    0x0000, 0x0000, 0x110F, 0x1B1B, 0x0000, 0x0000, 0x110F, 0x1B10, 0x2400, 0x0024, 0x0F00, 0x1110,
    0x2424, 0x2424, 0x0F00, 0x0F0F, 0x2400, 0x2424, 0x0000, 0x0F0F, 0x0000, 0x0024, 0x0000, 0x0F0F,
    0x0000, 0x0000, 0x0000, 0x0F00, 0x0000, 0x0000, 0x0000, 0x0F00, 0x111B, 0x1100, 0x000F, 0x0000,
    0x0F1B, 0x0F0F, 0x000F, 0x0000, 0x1111, 0x0F0F, 0x000F, 0x0000, 0x1110, 0x0F0F, 0x0000, 0x0000,
    0x1111, 0x0F0F, 0x0000, 0x0000, 0x1111, 0x0F11, 0x0000, 0x0000, 0x0F0F, 0x0F11, 0x0000, 0x0000,
    0x0F0F, 0x0F11, 0x0000, 0x0000, 0x0000, 0x0000, 0x0000, 0x0000, 0x0000, 0x0000, 0x0000, 0x2424,
    0x0000, 0x0000, 0x2400, 0x2424, 0x0000, 0x2500, 0x2425, 0x2424, 0x0000, 0x2325, 0x2323, 0x2423,
    0x2500, 0x2323, 0x2323, 0x2323, 0x2500, 0x2323, 0x2323, 0x2323, 0x2400, 0x2325, 0x2323, 0x2423,
    0x0000, 0x2424, 0x2324, 0x2423, 0x0024, 0x2500, 0x2323, 0x2323, 0x2424, 0x2525, 0x2325, 0x2523,
    0x2524, 0x2323, 0x2525, 0x2525, 0x2324, 0x2323, 0x2523, 0x2425, 0x2324, 0x2323, 0x0023, 0x2424,
    0x2424, 0x2323, 0x0000, 0x2424, 0x2424, 0x2424, 0x0000, 0x2524, 0x240F, 0x2424, 0x0000, 0x0000,
    0x240F, 0x0000, 0x0000, 0x2424, 0x2324, 0x2323, 0x2400, 0x2424, 0x2323, 0x2323, 0x2423, 0x2424,
    0x2323, 0x2323, 0x2423, 0x2424, 0x2325, 0x2323, 0x2425, 0x2424, 0x2525, 0x2525, 0x2424, 0x2424,
    0x2525, 0x0024, 0x2400, 0x0024, 0x0000, 0x0000, 0x2424, 0x0024, 0x0000, 0x2400, 0x2424, 0x0024,
    0x0000, 0x2400, 0x2424, 0x0024, 0x0000, 0x0000, 0x2424, 0x0000, 0x0000, 0x0000, 0x0000, 0x0000,
    0x0000, 0x0000, 0x0000, 0x0000, 0x0000, 0x0000, 0x0000, 0x0000, 0x0000, 0x0000, 0x0000, 0x0000,
    0x2525, 0x2424, 0x2424, 0x2424, 0x2424, 0x2324, 0x2423, 0x2324, 0x2400, 0x2323, 0x2323, 0x2324,
    0x0000, 0x2323, 0x2323, 0x2524, 0x0000, 0x2325, 0x2523, 0x2424, 0x2400, 0x2525, 0x2525, 0x2400,
    0x2400, 0x2524, 0x2425, 0x0024, 0x0000, 0x2424, 0x2424, 0x2424, 0x2323, 0x0F0F, 0x0F0F, 0x240F,
    0x2323, 0x0F23, 0x0F0F, 0x240F, 0x2323, 0x2523, 0x0F0F, 0x240F, 0x2323, 0x2525, 0x0F25, 0x240F,
    0x2525, 0x2525, 0x0F25, 0x240F, 0x2524, 0x2525, 0x0F0F, 0x240F, 0x0000, 0x0F00, 0x0F0F, 0x000F,
    0x0000, 0x0F24, 0x0F0F, 0x000F, 0x2424, 0x2324, 0x2323, 0x2323, 0x2424, 0x2324, 0x2323, 0x2323,
    0x2424, 0x2324, 0x2323, 0x2523, 0x2400, 0x2424, 0x2323, 0x2525, 0x0024, 0x2424, 0x2524, 0x2425,
    0x0024, 0x2424, 0x2424, 0x2424, 0x0000, 0x2424, 0x2323, 0x2423, 0x0000, 0x2300, 0x2323, 0x2323,
    0x2727, 0x2727, 0x2727, 0x2727, 0x2727, 0x2727, 0x2727, 0x2727, 0x2727, 0x1227, 0x2712, 0x2727,
    0x2727, 0x1227, 0x2712, 0x2727, 0x1227, 0x2727, 0x2727, 0x2727, 0x2727, 0x2727, 0x2727, 0x2727,
    0x2727, 0x2727, 0x2727, 0x2727, 0x2727, 0x2727, 0x0C27, 0x270C, 0x0000, 0x0000, 0x0000, 0x0000,
    0x0000, 0x0000, 0x0000, 0x2900, 0x0000, 0x0000, 0x0000, 0x2929, 0x0000, 0x0000, 0x2900, 0x2929,
    0x0000, 0x0000, 0x2929, 0x2929, 0x0000, 0x2900, 0x2929, 0x2829, 0x0000, 0x2929, 0x2929, 0x0029,
    0x2800, 0x2928, 0x2929, 0x2900, 0x0000, 0x0000, 0x2828, 0x0028, 0x0000, 0x2900, 0x2828, 0x0000,
    0x0000, 0x2929, 0x2829, 0x2800, 0x2900, 0x2929, 0x0028, 0x2800, 0x2828, 0x2829, 0x0000, 0x2828,
    0x2828, 0x0028, 0x0000, 0x2828, 0x2828, 0x0000, 0x2800, 0x2828, 0x0028, 0x0000, 0x2800, 0x2828,
    0x2828, 0x2828, 0x2828, 0x2828, 0x2828, 0x2828, 0x2828, 0x2828, 0x2828, 0x2828, 0x2828, 0x2800,
    0x2828, 0x2828, 0x0028, 0x2800, 0x2828, 0x2828, 0x0000, 0x2828, 0x2828, 0x0028, 0x2800, 0x2828,
    0x2828, 0x0000, 0x2828, 0x2928, 0x0028, 0x0000, 0x2800, 0x2929, 0x2828, 0x2829, 0x2928, 0x2929,
    0x2928, 0x2A29, 0x2929, 0x2929, 0x2928, 0x2A2A, 0x292A, 0x2829, 0x2A28, 0x2A2A, 0x292A, 0x2829,
    0x2828, 0x0B2A, 0x290B, 0x2828, 0x2828, 0x0B0B, 0x2929, 0x2828, 0x2828, 0x2929, 0x2829, 0x2828,
    0x2829, 0x2928, 0x2B28, 0x2B2B, 0x0000, 0x0028, 0x2829, 0x2828, 0x0000, 0x2800, 0x2828, 0x2A28,
    0x2800, 0x2828, 0x2828, 0x2A28, 0x2828, 0x2A28, 0x2828, 0x2829, 0x2828, 0x2A2A, 0x292A, 0x2929,
    0x2900, 0x2A2A, 0x292A, 0x2929, 0x2828, 0x2A29, 0x2800, 0x2829, 0x2828, 0x0028, 0x0000, 0x2A28,
    0x2A2A, 0x2A0B, 0x2929, 0x2929, 0x0B2A, 0x292A, 0x2A2A, 0x2929, 0x2A0B, 0x2A29, 0x2A2A, 0x292A,
    0x292A, 0x2929, 0x2A2A, 0x2928, 0x2828, 0x2929, 0x2829, 0x2828, 0x2A28, 0x2929, 0x2828, 0x2828,
    0x2A2A, 0x292A, 0x2829, 0x2828, 0x2A2A, 0x292A, 0x2828, 0x2828, 0x0000, 0x0000, 0x0000, 0x0000,
    0x0000, 0x0000, 0x2900, 0x0000, 0x0000, 0x0000, 0x2A29, 0x0029, 0x0000, 0x0000, 0x2A2A, 0x002A,
    0x0000, 0x0000, 0x2A2A, 0x002A, 0x0000, 0x0000, 0x2A29, 0x0029, 0x0000, 0x0000, 0x2929, 0x0029,
    0x0000, 0x0000, 0x2928, 0x0029, 0x2828, 0x2828, 0x2B28, 0x282B, 0x2828, 0x2828, 0x2B2B, 0x2B2B,
    0x2828, 0x2B28, 0x2B2B, 0x282B, 0x2828, 0x2B28, 0x282B, 0x2828, 0x2828, 0x2B2B, 0x2828, 0x2828,
    0x2B28, 0x2828, 0x2828, 0x2828, 0x282B, 0x2828, 0x2828, 0x2828, 0x282B, 0x2828, 0x2828, 0x2828,
    0x0000, 0x0000, 0x0000, 0x0000, 0x0000, 0x0000, 0x0000, 0x0000, 0x0000, 0x0000, 0x2828, 0x2928,
    0x0000, 0x2800, 0x2928, 0x2929, 0x0000, 0x0000, 0x2929, 0x2929, 0x0000, 0x0000, 0x2900, 0x2929,
    0x0000, 0x0000, 0x0000, 0x0000, 0x0000, 0x0000, 0x0000, 0x2800, 0x0000, 0x2828, 0x2828, 0x2828,
    0x2828, 0x2929, 0x2829, 0x2828, 0x2929, 0x2929, 0x2929, 0x2828, 0x2929, 0x2929, 0x2829, 0x2828,
    0x2929, 0x2828, 0x2828, 0x2828, 0x2928, 0x2829, 0x2828, 0x2828, 0x2929, 0x2929, 0x2828, 0x2828,
    0x2929, 0x2829, 0x2B28, 0x2B2B, 0x2A2A, 0x292A, 0x2829, 0x2828, 0x2A29, 0x2929, 0x2828, 0x2829,
    0x2929, 0x2829, 0x2928, 0x2929, 0x2928, 0x2828, 0x2929, 0x2929, 0x2828, 0x2828, 0x2928, 0x2829,
    0x2828, 0x2828, 0x282B, 0x2828, 0x2B2B, 0x282B, 0x2828, 0x2828, 0x2B2B, 0x2828, 0x2828, 0x2828,
    0x2829, 0x2828, 0x2828, 0x2828, 0x2929, 0x2828, 0x2828, 0x2828, 0x2929, 0x2828, 0x2829, 0x2828,
    0x2829, 0x2928, 0x2929, 0x2828, 0x2828, 0x2929, 0x2929, 0x2928, 0x2828, 0x2929, 0x2929, 0x2929,
    0x2828, 0x2929, 0x2829, 0x2929, 0x2828, 0x2928, 0x2829, 0x2928, 0x2B2B, 0x282B, 0x2929, 0x2829,
    0x2B2B, 0x2828, 0x2928, 0x2929, 0x282B, 0x2828, 0x2928, 0x2929, 0x282B, 0x2828, 0x2928, 0x2929,
    0x2828, 0x2828, 0x2828, 0x2829, 0x2828, 0x2828, 0x2828, 0x2828, 0x2828, 0x2828, 0x2828, 0x2828,
    0x2828, 0x2829, 0x2828, 0x2828, 0x0000, 0x0000, 0x0000, 0x2800, 0x0000, 0x0000, 0x0000, 0x0000,
    0x0000, 0x0000, 0x0000, 0x2900, 0x0000, 0x0000, 0x0000, 0x2900, 0x0000, 0x0000, 0x0000, 0x2828,
    0x0000, 0x0000, 0x2800, 0x2928, 0x0000, 0x2800, 0x2928, 0x2929, 0x0000, 0x2828, 0x2929, 0x2929,
    0x2828, 0x2828, 0x2928, 0x2929, 0x2829, 0x2828, 0x2828, 0x2929, 0x2929, 0x2828, 0x2828, 0x2828,
    0x2929, 0x2828, 0x2928, 0x2929, 0x2829, 0x2828, 0x2929, 0x2929, 0x2929, 0x2928, 0x2929, 0x2929,
    0x2929, 0x2929, 0x2929, 0x2929, 0x2929, 0x2929, 0x2929, 0x2929, 0x2829, 0x2928, 0x2929, 0x2929,
    0x2828, 0x2929, 0x2929, 0x292A, 0x2929, 0x2929, 0x2A29, 0x2A2A, 0x2929, 0x2929, 0x2A2A, 0x282A,
    0x2829, 0x2A29, 0x2A2A, 0x280B, 0x2928, 0x2A28, 0x0B2A, 0x2829, 0x2929, 0x2A2A, 0x0B2A, 0x2B28,
    0x2929, 0x2A29, 0x280B, 0x2B2B, 0x0000, 0x0000, 0x0000, 0x0000, 0x0000, 0x0000, 0x0000, 0x0000,
    0x0000, 0x0000, 0x0000, 0x0000, 0x0000, 0x0000, 0x0000, 0x0000, 0x0000, 0x0000, 0x0000, 0x0000,
    0x0000, 0x0000, 0x0000, 0x0000, 0x0000, 0x0000, 0x0000, 0x2800, 0x0000, 0x0000, 0x2800, 0x2928,
    0x2800, 0x2929, 0x2829, 0x2828, 0x2828, 0x2928, 0x2828, 0x2828, 0x2800, 0x0028, 0x0000, 0x2829,
    0x0000, 0x0000, 0x2900, 0x2929, 0x0000, 0x2800, 0x2929, 0x2829, 0x2800, 0x2928, 0x2929, 0x2929,
    0x2929, 0x2929, 0x2929, 0x2929, 0x2A2A, 0x292A, 0x2929, 0x2929, 0x0000, 0x0000, 0x0000, 0x2C00,
    0x0000, 0x0000, 0x0000, 0x2C2C, 0x0000, 0x0000, 0x0000, 0x0000, 0x0000, 0x0000, 0x0000, 0x0000,
    0x0000, 0x0000, 0x0000, 0x0000, 0x0000, 0x0000, 0x0000, 0x0000, 0x0000, 0x0000, 0x0000, 0x0000,
    0x0000, 0x0000, 0x0000, 0x2C2C, 0x112C, 0x2C11, 0x2D2C, 0x1111, 0x2D2D, 0x2C2C, 0x2D2D, 0x1A2D,
    0x2C00, 0x2C2C, 0x112D, 0x2C2C, 0x0000, 0x2C2C, 0x2D2E, 0x2C2C, 0x0000, 0x2C2C, 0x2D2C, 0x2C2C,
    0x2C00, 0x2C2C, 0x2C2C, 0x2C2D, 0x2C00, 0x2C2C, 0x2C2C, 0x2D2D, 0x2C2C, 0x2C2D, 0x2D2C, 0x2D11,
    0x0B0B, 0x270B, 0x2727, 0x2C27, 0x180B, 0x2727, 0x2727, 0x2727, 0x0B0B, 0x270B, 0x2727, 0x2727,
    0x0B0B, 0x2727, 0x1717, 0x2727, 0x0B0B, 0x0B0B, 0x1717, 0x2727, 0x0B0B, 0x0B0B, 0x2727, 0x2727,
    0x0B0B, 0x0B0B, 0x270B, 0x2C27, 0x0B0B, 0x180B, 0x2724, 0x2C27, 0x2C2C, 0x2D2C, 0x2D2D, 0x2D11,
    0x2C2C, 0x2D2C, 0x2D2B, 0x1A2D, 0x2C2C, 0x2C2D, 0x2D11, 0x111B, 0x2C2C, 0x2E2C, 0x2D2D, 0x2E11,
    0x2C2C, 0x2D2D, 0x112D, 0x1B11, 0x2C2C, 0x2D2D, 0x2E2D, 0x1A11, 0x2C2D, 0x2B2D, 0x112D, 0x1B11,
    0x2C2D, 0x2C2C, 0x2D2B, 0x2D11, 0x0000, 0x0000, 0x0000, 0x2929, 0x0000, 0x0000, 0x0000, 0x2900,
    0x0000, 0x0000, 0x0000, 0x2A28, 0x0000, 0x0000, 0x2900, 0x2A2A, 0x0000, 0x0000, 0x2A29, 0x2A2A,
    0x0000, 0x2900, 0x2A2A, 0x0B2A, 0x0000, 0x2900, 0x2A2A, 0x002A, 0x0000, 0x0000, 0x2929, 0x2800,
    0x2929, 0x2829, 0x2928, 0x2828, 0x2929, 0x2829, 0x2929, 0x2829, 0x2929, 0x2828, 0x2929, 0x2929,
    0x282A, 0x2828, 0x2929, 0x2929, 0x2828, 0x2828, 0x2928, 0x2929, 0x2800, 0x2828, 0x2828, 0x2929,
    0x2828, 0x2828, 0x2828, 0x2928, 0x2829, 0x2828, 0x2828, 0x2828, 0x0000, 0x0000, 0x0000, 0x2A2A,
    0x0000, 0x0000, 0x2A28, 0x2A2A, 0x0000, 0x2800, 0x2A29, 0x0B2A, 0x0000, 0x2800, 0x0B29, 0x280B,
    0x0000, 0x2800, 0x2929, 0x2828, 0x0000, 0x0000, 0x2828, 0x2828, 0x0000, 0x0000, 0x2828, 0x2828,
    0x2800, 0x2828, 0x2828, 0x2828, 0x1716, 0x0C0C, 0x0C0C, 0x0C0C, 0x0B0B, 0x1216, 0x0C0C, 0x0C0C,
    0x0B0B, 0x0B0B, 0x1716, 0x0C0C, 0x0B0B, 0x0B0B, 0x0B0B, 0x1716, 0x0B0B, 0x0B0B, 0x180B, 0x0B18,
    0x0B0B, 0x0B0B, 0x180B, 0x0B18, 0x1919, 0x0B0B, 0x0B0B, 0x0B0B, 0x1919, 0x0B0B, 0x0B0B, 0x0B0B,
    0x0C0C, 0x0C0C, 0x0C0C, 0x0C0C, 0x2A0C, 0x0C0C, 0x0C0C, 0x0C0C, 0x0C0C, 0x0C0C, 0x0C0C, 0x0C0C,
    0x0C0C, 0x0C0C, 0x1212, 0x0C0C, 0x1716, 0x0C0C, 0x1212, 0x0C0C, 0x0B0B, 0x1716, 0x0C0C, 0x0C0C,
    0x0B0B, 0x0B0B, 0x1716, 0x0C0C, 0x0B0B, 0x180B, 0x0B0B, 0x1716, 0x0C0C, 0x0C0C, 0x0C0C, 0x0C0C,
    0x0C0C, 0x0C0C, 0x0C0C, 0x0C2A, 0x0C0C, 0x0C0C, 0x0C0C, 0x0C0C, 0x0C0C, 0x1212, 0x0C0C, 0x0C0C,
    0x0C0C, 0x1212, 0x0C0C, 0x0C0C, 0x0C0C, 0x0C0C, 0x0C0C, 0x0C0C, 0x0C0C, 0x0C0C, 0x0C0C, 0x0C0C,
    0x0C0C, 0x0C0C, 0x0C2A, 0x0C0C, 0x0C0C, 0x0C0C, 0x0C0C, 0x0C0C, 0x0C0C, 0x120C, 0x0C0C, 0x0C0C,
    0x0C0C, 0x0C0C, 0x0C0C, 0x0C0C, 0x0C0C, 0x0C0C, 0x0C0C, 0x0C0C, 0x0C0C, 0x0C0C, 0x120C, 0x0C12,
    0x0C0C, 0x0C0C, 0x120C, 0x0C12, 0x1717, 0x0C0C, 0x0C0C, 0x0C0C, 0x1717, 0x0C0C, 0x0C0C, 0x0C0C,
    0x0B0B, 0x0B0B, 0x0B0B, 0x160B, 0x0B0B, 0x190B, 0x0B0B, 0x1716, 0x0B0B, 0x0B0B, 0x160B, 0x0C17,
    0x0B0B, 0x0B0B, 0x1716, 0x0C0C, 0x0B0B, 0x160B, 0x1217, 0x0C12, 0x0B0B, 0x1716, 0x120C, 0x0C12,
    0x161D, 0x0C17, 0x0C0C, 0x0C0C, 0x1716, 0x0C0C, 0x0C0C, 0x0C0C, 0x0B0B, 0x0B0B, 0x0C0C, 0x0F0C,
    0x180B, 0x0B0B, 0x0C0C, 0x0F0C, 0x0B0B, 0x0B0B, 0x0C0C, 0x110F, 0x0B0B, 0x0B0B, 0x1212, 0x110F,
    0x0B0B, 0x0B0B, 0x1218, 0x110F, 0x0B0B, 0x0B0B, 0x0C0B, 0x110F, 0x0B0B, 0x0B0B, 0x0B0B, 0x0F0F,
    0x0B0B, 0x180B, 0x0B0B, 0x0F0B, 0x1010, 0x0F11, 0x0B0B, 0x0B0B, 0x1110, 0x0F11, 0x0B0B, 0x0B0B,
    0x1110, 0x120F, 0x0B0B, 0x0B0B, 0x1111, 0x0B0F, 0x0B0B, 0x0B0B, 0x0F0F, 0x0B0F, 0x190B, 0x0B19,
    0x0F11, 0x0B0F, 0x190B, 0x0B19, 0x0F0F, 0x0B0F, 0x0B0B, 0x0B0B, 0x0F0F, 0x0B0B, 0x0B0B, 0x0B0B,
    0x0000, 0x0000, 0x0000, 0x0000, 0x0000, 0x0000, 0x0000, 0x0000, 0x0000, 0x0000, 0x0000, 0x0000,
    0x0000, 0x0000, 0x0000, 0x2800, 0x0000, 0x0000, 0x0000, 0x2828, 0x0000, 0x0000, 0x0000, 0x2A2A,
    0x0000, 0x0000, 0x2A00, 0x2A2A, 0x0000, 0x2828, 0x2A2A, 0x2A2A, 0x0000, 0x2800, 0x2828, 0x2828,
    0x2800, 0x2828, 0x2828, 0x2828, 0x2828, 0x2828, 0x2828, 0x0028, 0x2828, 0x2928, 0x2828, 0x2828,
    0x2829, 0x2929, 0x2829, 0x2828, 0x2929, 0x2929, 0x2829, 0x2828, 0x292A, 0x2928, 0x2828, 0x2828,
    0x2829, 0x2828, 0x2828, 0x2929, 0x0028, 0x0000, 0x2828, 0x2929, 0x0000, 0x2828, 0x2928, 0x2929,
    0x2828, 0x2829, 0x2928, 0x2929, 0x2928, 0x2929, 0x2929, 0x2A29, 0x2929, 0x2929, 0x2929, 0x2A29,
    0x2928, 0x2929, 0x2929, 0x2A2A, 0x2828, 0x2929, 0x2A29, 0x2A2A, 0x2A28, 0x292A, 0x2A2A, 0x0B2A,
    0x2829, 0x2828, 0x2B2B, 0x2B2B, 0x2829, 0x2B28, 0x2B2B, 0x2828, 0x2828, 0x282B, 0x2928, 0x2828,
    0x2829, 0x2828, 0x2929, 0x2829, 0x292A, 0x2828, 0x2928, 0x2828, 0x282A, 0x2829, 0x2828, 0x2828,
    0x290B, 0x2929, 0x2828, 0x2828, 0x2929, 0x2929, 0x2828, 0x2828, 0x2800, 0x0000, 0x0000, 0x2A2A,
    0x0000, 0x0000, 0x2A00, 0x2A2A, 0x0000, 0x0000, 0x2A2A, 0x2A2A, 0x0000, 0x0000, 0x2A2A, 0x0B2A,
    0x0000, 0x2800, 0x2A29, 0x280B, 0x0000, 0x2929, 0x0B29, 0x2828, 0x2A00, 0x2929, 0x2829, 0x2928,
    0x2A2A, 0x292A, 0x2828, 0x2828, 0x2928, 0x2A2A, 0x2929, 0x2829, 0x2A28, 0x2A2A, 0x282A, 0x2828,
    0x2A2A, 0x2A2A, 0x280B, 0x2828, 0x2A2A, 0x0B2A, 0x2828, 0x0000, 0x2A00, 0x000B, 0x0000, 0x2A00,
    0x0000, 0x0000, 0x0000, 0x2A2A, 0x0000, 0x0000, 0x0000, 0x2A28, 0x0000, 0x0000, 0x0000, 0x2800,
    0x0000, 0x0000, 0x2828, 0x0028, 0x0000, 0x0000, 0x2828, 0x0028, 0x2800, 0x2829, 0x2828, 0x0028,
    0x2928, 0x2929, 0x2828, 0x2929, 0x2928, 0x2929, 0x2829, 0x2929, 0x2800, 0x2929, 0x2829, 0x0028,
    0x0028, 0x2828, 0x2828, 0x0028, 0x2929, 0x2828, 0x2828, 0x0028, 0x0000, 0x0000, 0x0000, 0x0000,
    0x0000, 0x0000, 0x0000, 0x0000, 0x0000, 0x0000, 0x0000, 0x0000, 0x0000, 0x0000, 0x0000, 0x0000,
    0x0000, 0x0000, 0x0000, 0x2929, 0x0000, 0x0000, 0x2900, 0x2929, 0x0000, 0x0000, 0x2929, 0x2929,
    0x0000, 0x0000, 0x2929, 0x2929, 0x0000, 0x0000, 0x2800, 0x2828, 0x0000, 0x0000, 0x2929, 0x2828,
    0x0000, 0x2900, 0x2929, 0x2929, 0x2929, 0x2929, 0x2929, 0x2929, 0x2929, 0x2929, 0x2829, 0x2900,
    0x2929, 0x2829, 0x0000, 0x2828, 0x2829, 0x0000, 0x2800, 0x2828, 0x0028, 0x0000, 0x2828, 0x2828,
    0x2928, 0x2828, 0x2B2B, 0x2B2B, 0x2828, 0x2B28, 0x282B, 0x2B28, 0x2829, 0x282B, 0x2B28, 0x2B2B,
    0x2929, 0x2828, 0x2B2B, 0x2B2B, 0x2829, 0x2B2B, 0x2B2B, 0x2B2B, 0x2B28, 0x2B2B, 0x2B2B, 0x2828,
    0x2B2B, 0x2B2B, 0x2828, 0x2828, 0x2828, 0x2828, 0x2828, 0x2828, 0x2B2B, 0x2828, 0x2828, 0x282B,
    0x2B2B, 0x2B2B, 0x2B2B, 0x2B28, 0x2B2B, 0x2B2B, 0x2B2B, 0x2828, 0x2B2B, 0x2B2B, 0x2828, 0x2828,
    0x2B2B, 0x2828, 0x2828, 0x2828, 0x2828, 0x2828, 0x2828, 0x2828, 0x2828, 0x2828, 0x2828, 0x2828,
    0x2828, 0x2828, 0x2828, 0x2829, 0x2928, 0x2928, 0x2828, 0x2828, 0x2929, 0x2828, 0x2929, 0x2828,
    0x2929, 0x2928, 0x2929, 0x2829, 0x292A, 0x2928, 0x2929, 0x2828, 0x292A, 0x2828, 0x2829, 0x2828,
    0x2829, 0x2828, 0x2828, 0x2828, 0x2828, 0x2828, 0x2828, 0x2828, 0x2828, 0x2828, 0x2828, 0x2828,
    0x2928, 0x2929, 0x2828, 0x2828, 0x2828, 0x2829, 0x2828, 0x2828, 0x2828, 0x2828, 0x2828, 0x2B28,
    0x2828, 0x2828, 0x2828, 0x282B, 0x2828, 0x2828, 0x2B28, 0x2828, 0x2828, 0x2828, 0x282B, 0x2828,
    0x2828, 0x2828, 0x2828, 0x2828, 0x2828, 0x282B, 0x2828, 0x2828, 0x2829, 0x2828, 0x2929, 0x2929,
    0x2929, 0x2828, 0x2928, 0x2829, 0x2929, 0x2828, 0x2828, 0x2928, 0x2829, 0x2828, 0x2829, 0x2928,
    0x2828, 0x2A28, 0x292A, 0x2828, 0x2828, 0x2A2A, 0x2A2A, 0x2828, 0x2A28, 0x2A2A, 0x282A, 0x0028,
    0x2A2A, 0x0B2A, 0x2828, 0x0000, 0x2928, 0x2929, 0x2929, 0x2929, 0x2929, 0x2929, 0x2929, 0x2A29,
    0x2929, 0x2929, 0x2929, 0x2929, 0x2929, 0x2828, 0x2928, 0x2929, 0x2829, 0x2828, 0x2828, 0x2A28,
    0x2828, 0x292A, 0x2829, 0x2A2A, 0x2A00, 0x2A2A, 0x2929, 0x2A29, 0x2A2A, 0x292A, 0x2929, 0x2929,
    0x2A2A, 0x2928, 0x2B28, 0x2828, 0x282A, 0x2828, 0x2B2B, 0x2828, 0x2929, 0x2A2A, 0x282B, 0x2828,
    0x2A29, 0x2A2A, 0x282A, 0x2828, 0x2A2A, 0x0B2A, 0x2828, 0x2828, 0x2A2A, 0x280B, 0x2828, 0x2828,
    0x0B2A, 0x2828, 0x0028, 0x2828, 0x280B, 0x2828, 0x2828, 0x2828, 0x0000, 0x2900, 0x2929, 0x2A29,
    0x0000, 0x2929, 0x2929, 0x2929, 0x2800, 0x2929, 0x2929, 0x2929, 0x0000, 0x2928, 0x2929, 0x2800,
    0x0000, 0x0000, 0x0000, 0x2A00, 0x0000, 0x0000, 0x2A00, 0x2A2A, 0x0000, 0x2800, 0x2A2A, 0x2A2A,
    0x2800, 0x2A29, 0x2A2A, 0x0B0B, 0x2A2A, 0x2829, 0x2929, 0x2829, 0x292A, 0x2828, 0x2929, 0x2929,
    0x2828, 0x2900, 0x2929, 0x2929, 0x0028, 0x2929, 0x2929, 0x2929, 0x2900, 0x2929, 0x2929, 0x2A29,
    0x2929, 0x2929, 0x2929, 0x2A29, 0x2929, 0x2929, 0x2929, 0x2928, 0x2928, 0x2828, 0x2828, 0x2828,
    0x282A, 0x2828, 0x2928, 0x2A29, 0x2828, 0x2828, 0x2929, 0x2A2A, 0x2828, 0x2828, 0x2A29, 0x292A,
    0x0028, 0x2828, 0x2A2A, 0x292A, 0x0000, 0x282B, 0x2A2A, 0x2929, 0x2B00, 0x2A28, 0x0B2A, 0x2829,
    0x2B00, 0x2A28, 0x290B, 0x2829, 0x282B, 0x2929, 0x2929, 0x2828, 0x2D2D, 0x2C2C, 0x2D11, 0x2D11,
    0x2C00, 0x2D2C, 0x2D11, 0x2D2E, 0x2C00, 0x112C, 0x112D, 0x1A11, 0x2C00, 0x2D2C, 0x2D2D, 0x1B1A,
    0x2C00, 0x2D2D, 0x2B2D, 0x111B, 0x2D00, 0x2D2D, 0x112B, 0x1A2E, 0x2D2D, 0x2C2B, 0x112C, 0x1111,
    0x2C2D, 0x2C2C, 0x2D2D, 0x1111, 0x0B0B, 0x0B24, 0x2828, 0x2D2C, 0x2427, 0x2824, 0x2C28, 0x2C2C,
    0x2827, 0x2C2C, 0x3A2C, 0x3A28, 0x2427, 0x2428, 0x2424, 0x3A24, 0x242E, 0x2424, 0x2828, 0x2424,
    0x0B0B, 0x240B, 0x2424, 0x2828, 0x1D1D, 0x0B0B, 0x0B0B, 0x0B0B, 0x1D1D, 0x0B0B, 0x0B0B, 0x0B0B,
    0x2C2C, 0x2C2C, 0x2D2D, 0x2D2C, 0x242C, 0x2C2C, 0x2C2C, 0x2D2C, 0x2828, 0x2828, 0x2C3A, 0x2D2C,
    0x2424, 0x3A28, 0x243A, 0x2C2C, 0x2824, 0x3A24, 0x2824, 0x2828, 0x2428, 0x2424, 0x2424, 0x2828,
    0x2828, 0x2428, 0x2824, 0x2424, 0x0B0B, 0x180B, 0x0B0B, 0x0B0B, 0x0000, 0x0000, 0x0000, 0x0000,
    0x0000, 0x0000, 0x0000, 0x0000, 0x0000, 0x0000, 0x0000, 0x0000, 0x0000, 0x0000, 0x0000, 0x2800,
    0x0000, 0x0000, 0x0000, 0x2828, 0x0000, 0x0000, 0x0000, 0x2800, 0x0000, 0x0000, 0x0000, 0x0000,
    0x0000, 0x0000, 0x0000, 0x0000, 0x0000, 0x0000, 0x0000, 0x2828, 0x0000, 0x2A00, 0x2829, 0x2A28,
    0x2928, 0x2A2A, 0x292A, 0x2A28, 0x2A29, 0x2A2A, 0x2829, 0x2929, 0x2929, 0x292A, 0x2928, 0x2929,
    0x2928, 0x2800, 0x2828, 0x2929, 0x0000, 0x2828, 0x2828, 0x0000, 0x0000, 0x2800, 0x0000, 0x0000,
    0x2A2A, 0x2828, 0x2928, 0x2929, 0x2A2A, 0x282A, 0x2928, 0x2929, 0x2A2A, 0x2829, 0x2929, 0x2929,
    0x292A, 0x2928, 0x2929, 0x0029, 0x0029, 0x2929, 0x2929, 0x0000, 0x2800, 0x2928, 0x0029, 0x0000,
    0x0000, 0x2828, 0x0000, 0x0000, 0x0000, 0x0000, 0x0000, 0x0000, 0x302F, 0x2F30, 0x2F2F, 0x3030,
    0x2F2F, 0x2F2F, 0x2F2F, 0x2F2F, 0x3333, 0x3333, 0x343B, 0x3333, 0x3434, 0x3334, 0x343B, 0x3434,
    0x3535, 0x3435, 0x3B3D, 0x3536, 0x363B, 0x363B, 0x3B3D, 0x3817, 0x173D, 0x173D, 0x3D38, 0x3917,
    0x3938, 0x3938, 0x3839, 0x3939, 0x302F, 0x2F30, 0x2F2F, 0x3030, 0x2F2F, 0x2F2F, 0x2F2F, 0x2F2F,
    0x3333, 0x3333, 0x3333, 0x3333, 0x3434, 0x3434, 0x3434, 0x3434, 0x3535, 0x3535, 0x3535, 0x3536,
    0x363B, 0x363B, 0x3B3B, 0x3817, 0x173D, 0x173D, 0x3D38, 0x3917, 0x3938, 0x3938, 0x3839, 0x3939,
    0x2F2F, 0x2F2F, 0x3130, 0x3131, 0x2F2F, 0x2F2F, 0x3230, 0x3132, 0x2F33, 0x2F2F, 0x2F2F, 0x3230,
    0x3334, 0x2F2F, 0x302F, 0x3030, 0x3435, 0x2F33, 0x2F2F, 0x3030, 0x3638, 0x3334, 0x2F2F, 0x2F2F,
    0x1739, 0x3435, 0x2F33, 0x2F2F, 0x1739, 0x353B, 0x3334, 0x2F2F, 0x3130, 0x3231, 0x3231, 0x3131,
    0x3131, 0x3231, 0x3232, 0x3232, 0x3131, 0x3132, 0x3232, 0x3131, 0x3C32, 0x3132, 0x3132, 0x3131,
    0x3232, 0x3231, 0x3232, 0x3231, 0x3131, 0x3131, 0x3131, 0x3132, 0x3132, 0x3231, 0x3132, 0x3132,
    0x3231, 0x3231, 0x3132, 0x3132, 0x3131, 0x3231, 0x3131, 0x3132, 0x3131, 0x3231, 0x3231, 0x3232,
    0x313C, 0x3132, 0x323C, 0x3132, 0x3230, 0x3032, 0x3130, 0x3232, 0x3230, 0x3032, 0x3130, 0x3130,
    0x3230, 0x3032, 0x3130, 0x3232, 0x3030, 0x3030, 0x3C30, 0x3030, 0x3030, 0x2F2F, 0x3030, 0x3030,
    0x3232, 0x3131, 0x3231, 0x3132, 0x3131, 0x3232, 0x3131, 0x3231, 0x3131, 0x3231, 0x3132, 0x3131,
    0x3231, 0x3131, 0x3232, 0x3232, 0x3232, 0x3132, 0x3232, 0x3230, 0x3231, 0x3131, 0x3232, 0x3232,
    0x3030, 0x3232, 0x3232, 0x3230, 0x3030, 0x302F, 0x2F2F, 0x3030, 0x3030, 0x3433, 0x3635, 0x1717,
    0x332F, 0x3534, 0x3837, 0x0B39, 0x3433, 0x3B35, 0x383D, 0x0B0B, 0x363E, 0x1717, 0x0B17, 0x0B0B,
    0x383F, 0x3939, 0x190B, 0x0B19, 0x3D3B, 0x0B38, 0x1940, 0x0B0B, 0x1736, 0x0B0B, 0x0B0B, 0x0B0B,
    0x0B39, 0x0B0B, 0x0B0B, 0x1D0B, 0x3131, 0x3132, 0x2F30, 0x2F32, 0x3132, 0x3231, 0x3232, 0x322F,
    0x3232, 0x3231, 0x322F, 0x3333, 0x3232, 0x3231, 0x3333, 0x3434, 0x3131, 0x3330, 0x3434, 0x3535,
    0x3131, 0x3534, 0x3535, 0x3B3D, 0x3131, 0x3235, 0x3D35, 0x3838, 0x3231, 0x353B, 0x3835, 0x3939,
    0x322F, 0x322F, 0x3231, 0x3132, 0x2F32, 0x3232, 0x3132, 0x3231, 0x3333, 0x2F32, 0x3132, 0x3230,
    0x3434, 0x3333, 0x3132, 0x3232, 0x3535, 0x3434, 0x3233, 0x3131, 0x3D3B, 0x3535, 0x3435, 0x3231,
    0x3838, 0x353D, 0x353C, 0x3131, 0x3939, 0x3538, 0x3B35, 0x3232, 0x3232, 0x353B, 0x3835, 0x3939,
    0x3131, 0x3235, 0x3D35, 0x3838, 0x3132, 0x3534, 0x3535, 0x3B3D, 0x3131, 0x3332, 0x3434, 0x3535,
    0x3230, 0x5031, 0x3333, 0x3434, 0x3231, 0x3231, 0x3B50, 0x3333, 0x3132, 0x3231, 0x5032, 0x3B3B,
    0x3131, 0x3132, 0x2F32, 0x5050, 0x3939, 0x3538, 0x3B35, 0x3131, 0x3838, 0x353D, 0x3532, 0x3132,
    0x3D3B, 0x3535, 0x3435, 0x3231, 0x3535, 0x3434, 0x3233, 0x3131, 0x3434, 0x3333, 0x3150, 0x3231,
    0x3333, 0x503B, 0x3132, 0x3132, 0x3B3B, 0x3250, 0x3132, 0x3132, 0x5050, 0x302F, 0x3231, 0x3231,
    0x4131, 0x4141, 0x4141, 0x3141, 0x4132, 0x4141, 0x4141, 0x3241, 0x4131, 0x4141, 0x4141, 0x3241,
    0x4132, 0x4141, 0x4141, 0x3241, 0x4130, 0x4141, 0x4141, 0x3141, 0x4132, 0x4141, 0x4141, 0x3241,
    0x4131, 0x4141, 0x4141, 0x3241, 0x4131, 0x4141, 0x4141, 0x3233, 0x3231, 0x3232, 0x3231, 0x3132,
    0x4141, 0x4141, 0x4141, 0x4941, 0x4141, 0x4141, 0x4141, 0x4141, 0x4141, 0x4141, 0x4141, 0x4141,
    0x4141, 0x4141, 0x4141, 0x4141, 0x4141, 0x4141, 0x4141, 0x4141, 0x4141, 0x4141, 0x4141, 0x4141,
    0x3231, 0x3231, 0x3232, 0x3131, 0x3131, 0x3131, 0x3132, 0x3131, 0x3131, 0x3032, 0x3131, 0x3230,
    0x3131, 0x3132, 0x3231, 0x3032, 0x3031, 0x3131, 0x3232, 0x3230, 0x3230, 0x3231, 0x322F, 0x2F30,
    0x4A32, 0x434D, 0x3D45, 0x423D, 0x434D, 0x4446, 0x422F, 0x4245, 0x4445, 0x302F, 0x5132, 0x4D44,
    0x3232, 0x3132, 0x3230, 0x3030, 0x3232, 0x3030, 0x3230, 0x302F, 0x3230, 0x3232, 0x2F2F, 0x2F2F,
    0x3032, 0x442F, 0x2F2F, 0x2F2F, 0x2F44, 0x322F, 0x2F3B, 0x443D, 0x4245, 0x4642, 0x4E4E, 0x4E4E,
    0x4242, 0x4E46, 0x454E, 0x4E46, 0x424D, 0x3D42, 0x423D, 0x4E4E, 0x3030, 0x3030, 0x3232, 0x3132,
    0x3030, 0x2F2F, 0x3132, 0x3030, 0x302F, 0x2F2F, 0x2F44, 0x2F30, 0x2F30, 0x2F2F, 0x322F, 0x3230,
    0x4542, 0x4246, 0x3D42, 0x2F3D, 0x434E, 0x4242, 0x462B, 0x4242, 0x4243, 0x4242, 0x4442, 0x442F,
    0x3D2B, 0x3D3D, 0x422F, 0x4246, 0x3030, 0x3030, 0x3030, 0x312F, 0x3032, 0x2F2F, 0x3030, 0x302F,
    0x3C30, 0x3230, 0x3032, 0x2F30, 0x2F2F, 0x302F, 0x3231, 0x422F, 0x2F2F, 0x3230, 0x302F, 0x2B2F,
    0x4242, 0x423D, 0x4442, 0x4F42, 0x4242, 0x4542, 0x3D3D, 0x4E4E, 0x2F3D, 0x4242, 0x463D, 0x2F2B,
    0x4342, 0x2F30, 0x2F42, 0x3030, 0x4646, 0x2F30, 0x322F, 0x302F, 0x4D43, 0x3D32, 0x323C, 0x3030,
    0x3D4E, 0x4230, 0x3130, 0x3232, 0x444E, 0x422F, 0x3230, 0x3230, 0x2F2B, 0x453D, 0x3230, 0x322F,
    0x322F, 0x4544, 0x323D, 0x3230, 0x3032, 0x3D32, 0x4442, 0x3032, 0x302F, 0x3232, 0x2B44, 0x4445,
    0x3032, 0x3232, 0x3032, 0x2F2F, 0x3231, 0x3232, 0x3230, 0x422F, 0x3231, 0x3032, 0x3232, 0x3230,
    0x3231, 0x3231, 0x3132, 0x3131, 0x3131, 0x3232, 0x3131, 0x3031, 0x3131, 0x3131, 0x3131, 0x3132,
    0x3C32, 0x3131, 0x3234, 0x3132, 0x2F3D, 0x3D2F, 0x2F2F, 0x4542, 0x4442, 0x4244, 0x4A3D, 0x442F,
    0x4442, 0x3D3D, 0x3D3D, 0x2F44, 0x2F2F, 0x2F30, 0x2F2F, 0x442F, 0x3230, 0x3232, 0x2F30, 0x4430,
    0x3231, 0x3031, 0x3031, 0x3030, 0x3132, 0x3132, 0x3132, 0x322F, 0x3131, 0x3231, 0x323F, 0x3032,
    0x4246, 0x4246, 0x423D, 0x322F, 0x3D3D, 0x3042, 0x2F30, 0x2F2F, 0x4430, 0x3045, 0x3D2F, 0x443D,
    0x3D2F, 0x2F45, 0x4244, 0x322F, 0x422F, 0x2F42, 0x4442, 0x3030, 0x422F, 0x2F3D, 0x3030, 0x3031,
    0x4230, 0x3044, 0x322F, 0x3232, 0x3D2F, 0x2F2F, 0x3030, 0x3132, 0x2F2F, 0x2F30, 0x4542, 0x3D42,
    0x302F, 0x2F44, 0x3030, 0x442F, 0x2F2F, 0x322F, 0x2F30, 0x3230, 0x2F2F, 0x3032, 0x3032, 0x302F,
    0x2F2F, 0x302F, 0x3030, 0x3130, 0x3232, 0x3032, 0x3032, 0x3032, 0x3230, 0x3130, 0x3132, 0x3130,
    0x323F, 0x3231, 0x313F, 0x3232, 0x3230, 0x3232, 0x3232, 0x3130, 0x2F44, 0x3131, 0x3131, 0x3132,
    0x2F2F, 0x3130, 0x3232, 0x3230, 0x3232, 0x3032, 0x3231, 0x3130, 0x3232, 0x3231, 0x3132, 0x3131,
    0x3130, 0x3030, 0x3232, 0x3031, 0x3131, 0x3131, 0x3131, 0x3132, 0x3232, 0x3231, 0x3231, 0x3132,
    0x3030, 0x3030, 0x303B, 0x2F30, 0x3244, 0x3032, 0x422F, 0x2B46, 0x3132, 0x4230, 0x4E2B, 0x4E02,
    0x2F32, 0x4E45, 0x434F, 0x4445, 0x423B, 0x024F, 0x3D2B, 0x3230, 0x432F, 0x4602, 0x302F, 0x2F32,
    0x4F42, 0x2F43, 0x3030, 0x322F, 0x4E52, 0x4442, 0x2F52, 0x3032, 0x422F, 0x4243, 0x3032, 0x3230,
    0x4343, 0x3242, 0x3232, 0x3232, 0x2F45, 0x3232, 0x3232, 0x3230, 0x3232, 0x2F32, 0x3232, 0x3132,
    0x3032, 0x3032, 0x3130, 0x3132, 0x3232, 0x3030, 0x3132, 0x3031, 0x3232, 0x3232, 0x3131, 0x3132,
    0x3032, 0x3032, 0x3231, 0x3132, 0x3232, 0x3132, 0x3232, 0x3130, 0x3131, 0x3232, 0x3132, 0x3132,
    0x3132, 0x3131, 0x3131, 0x3131, 0x3132, 0x3232, 0x3131, 0x3232, 0x2F2F, 0x3230, 0x3232, 0x3130,
    0x2F32, 0x2F32, 0x4542, 0x4242, 0x302F, 0x4530, 0x422B, 0x3030, 0x302F, 0x2B45, 0x2F52, 0x3232,
    0x4747, 0x4747, 0x4747, 0x4747, 0x4747, 0x484B, 0x484B, 0x484B, 0x4747, 0x484B, 0x484B, 0x484B,
    0x4747, 0x484B, 0x484B, 0x484B, 0x4747, 0x484B, 0x484B, 0x484B, 0x4747, 0x484B, 0x484B, 0x484B,
    0x4747, 0x4747, 0x4747, 0x4747, 0x4848, 0x4848, 0x4848, 0x4848, 0x4747, 0x4747, 0x4747, 0x4847,
    0x484B, 0x484B, 0x484B, 0x4847, 0x484B, 0x484B, 0x484B, 0x4847, 0x484B, 0x484B, 0x484B, 0x4847,
    0x484B, 0x484B, 0x484B, 0x4847, 0x484B, 0x484B, 0x484B, 0x4847, 0x4747, 0x4747, 0x4747, 0x4847,
    0x4848, 0x4848, 0x4848, 0x4848, 0x0B0B, 0x0B0B, 0x0B0B, 0x390B, 0x0B0B, 0x190B, 0x0B0B, 0x1739,
    0x0B0B, 0x0B0B, 0x380B, 0x3B3D, 0x0B0B, 0x0B0B, 0x3839, 0x353B, 0x0B0B, 0x390B, 0x3617, 0x3435,
    0x0B0B, 0x3D38, 0x353B, 0x3334, 0x391D, 0x3617, 0x3435, 0x3B33, 0x3D38, 0x353B, 0x3334, 0x5050,
    0x0B39, 0x0B0B, 0x0B0B, 0x0B0B, 0x3917, 0x0B0B, 0x400B, 0x0B0B, 0x3D3B, 0x0B38, 0x0B0B, 0x0B0B,
    0x3B35, 0x3938, 0x0B0B, 0x0B0B, 0x3534, 0x1736, 0x0B39, 0x0B0B, 0x3433, 0x3B35, 0x383D, 0x0B0B,
    0x333B, 0x3534, 0x1736, 0x1D39, 0x5050, 0x3433, 0x3B35, 0x383D, 0x3939, 0x3538, 0x3334, 0x2F2F,
    0x390B, 0x1717, 0x3436, 0x2F33, 0x0B0B, 0x3D38, 0x353B, 0x3334, 0x0B0B, 0x390B, 0x3B38, 0x3435,
    0x0B0B, 0x0B0B, 0x1739, 0x3536, 0x0B0B, 0x0B0B, 0x380B, 0x3B3D, 0x0B0B, 0x0B0B, 0x0B0B, 0x1739,
    0x0B0B, 0x400B, 0x0B0B, 0x380B, 0x2F2F, 0x3433, 0x3835, 0x3939, 0x332F, 0x3634, 0x1717, 0x0B39,
    0x3433, 0x3B35, 0x383D, 0x0B0B, 0x3534, 0x383B, 0x0B39, 0x0B0B, 0x3635, 0x3917, 0x0B0B, 0x0B19,
    0x3D3B, 0x0B38, 0x190B, 0x0B19, 0x3917, 0x0B0B, 0x0B0B, 0x0B0B, 0x0B38, 0x0B0B, 0x0B0B, 0x0B0B,
    0x1717, 0x3536, 0x3334, 0x302F, 0x390B, 0x3B38, 0x3435, 0x2F33, 0x0B0B, 0x3D38, 0x353B, 0x3334,
    0x0B0B, 0x170B, 0x1717, 0x3436, 0x190B, 0x0B19, 0x3939, 0x350C, 0x0B0B, 0x1940, 0x380B, 0x3B3D,
    0x0B0B, 0x0B0B, 0x0B0B, 0x3617, 0x0B1D, 0x0B0B, 0x0B0B, 0x390B, 0x3232, 0x3132, 0x3232, 0x3130,
    0x312F, 0x3232, 0x3132, 0x3132, 0x302F, 0x3131, 0x3131, 0x3131, 0x2F41, 0x322F, 0x3131, 0x3232,
    0x3334, 0x302F, 0x3131, 0x3132, 0x3434, 0x2F33, 0x312F, 0x3232, 0x353B, 0x3334, 0x2F2F, 0x3131,
    0x3B53, 0x3435, 0x2F41, 0x3130, 0x3031, 0x332F, 0x3534, 0x383B, 0x3131, 0x2F2F, 0x3433, 0x3B4C,
    0x3232, 0x2F31, 0x332F, 0x3534, 0x3231, 0x3131, 0x2F30, 0x3433, 0x3230, 0x3131, 0x2F32, 0x332F,
    0x3131, 0x3131, 0x3131, 0x2F30, 0x3231, 0x3231, 0x323C, 0x2F31, 0x3231, 0x3231, 0x3231, 0x3232,
    0x0B39, 0x0B0B, 0x0B0B, 0x1D0B, 0x1736, 0x0B0B, 0x0B0B, 0x0B0B, 0x3D3B, 0x0B38, 0x1919, 0x0B0B,
    0x3835, 0x3939, 0x190B, 0x0B40, 0x3634, 0x1717, 0x0B17, 0x0B0B, 0x3433, 0x3B4C, 0x383D, 0x0B0B,
    0x332F, 0x3535, 0x383B, 0x0B39, 0x3030, 0x3433, 0x364C, 0x1717, 0x0B1D, 0x0B0B, 0x0B0B, 0x390B,
    0x0B0B, 0x0B0B, 0x0B0B, 0x3617, 0x0B0B, 0x1919, 0x380B, 0x373D, 0x190B, 0x0B40, 0x3939, 0x3538,
    0x0B0B, 0x170B, 0x1717, 0x3436, 0x0B0B, 0x3D38, 0x353B, 0x3334, 0x390B, 0x3B38, 0x3435, 0x2F49,
    0x1717, 0x3536, 0x333E, 0x3030, 0x3B38, 0x3435, 0x2F49, 0x3130, 0x353B, 0x3334, 0x2F2F, 0x3131,
    0x3435, 0x3049, 0x312F, 0x3230, 0x3334, 0x2F2F, 0x3131, 0x3132, 0x2F49, 0x322F, 0x3131, 0x3232,
    0x302F, 0x3131, 0x3131, 0x3131, 0x312F, 0x3232, 0x3132, 0x3130, 0x3231, 0x3132, 0x3232, 0x3132,
    0x3231, 0x3232, 0x3231, 0x3132, 0x3231, 0x3231, 0x3232, 0x2F31, 0x3131, 0x3131, 0x3131, 0x2F30,
    0x3232, 0x3131, 0x2F32, 0x332F, 0x3231, 0x3131, 0x2F2F, 0x3433, 0x3232, 0x2F31, 0x3330, 0x3534,
    0x3131, 0x2F2F, 0x3433, 0x3B35, 0x3031, 0x332F, 0x353E, 0x383B, 0x0000, 0x5454, 0x5454, 0x0000,
    0x5400, 0x5A56, 0x5A5A, 0x0054, 0x5654, 0x5A5A, 0x5A5A, 0x545A, 0x5A56, 0x5A5A, 0x5A5A, 0x5A5A,
    0x5A56, 0x5A5A, 0x5A5A, 0x5A5A, 0x5654, 0x5A5A, 0x5A5A, 0x0B5A, 0x5454, 0x5A0B, 0x5A0B, 0x0B0B,
    0x5454, 0x560B, 0x0B0B, 0x0B0B, 0x0000, 0x0000, 0x0000, 0x0000, 0x0000, 0x5454, 0x0000, 0x0000,
    0x5400, 0x5656, 0x0054, 0x0000, 0x5654, 0x5A5A, 0x5456, 0x0054, 0x565A, 0x5A5A, 0x5A5A, 0x5456,
    0x5A54, 0x5A0B, 0x5A5A, 0x565A, 0x0B56, 0x5A0B, 0x0B5A, 0x5A5A, 0x0B5A, 0x0B0B, 0x0B18, 0x565A,
    0x0000, 0x0000, 0x0000, 0x0000, 0x0000, 0x0000, 0x5454, 0x0000, 0x0000, 0x5400, 0x5656, 0x0054,
    0x5400, 0x5654, 0x5A5A, 0x5456, 0x5654, 0x5A5A, 0x5A5A, 0x5A56, 0x5A56, 0x5A5A, 0x185A, 0x545A,
    0x5A5A, 0x5A0B, 0x0B5A, 0x560B, 0x5A56, 0x0B0B, 0x0B0B, 0x5A0B, 0x5500, 0x5500, 0x0B55, 0x0055,
    0x0B55, 0x0B55, 0x0B55, 0x550B, 0x0B55, 0x0B0B, 0x0B55, 0x550B, 0x0B55, 0x0B0B, 0x0B0B, 0x550B,
    0x0B55, 0x0B0B, 0x180B, 0x5518, 0x0B0B, 0x0B0B, 0x180B, 0x0B18, 0x1D1D, 0x0B0B, 0x0B0B, 0x0B0B,
    0x1D1D, 0x0B0B, 0x0B0B, 0x0B0B, 0x0000, 0x0000, 0x0000, 0x0000, 0x0000, 0x0000, 0x0000, 0x0000,
    0x0000, 0x0000, 0x0000, 0x0000, 0x0000, 0x0000, 0x0000, 0x0000, 0x0000, 0x0000, 0x0000, 0x5454,
    0x0000, 0x0000, 0x5400, 0x5A5A, 0x0000, 0x0000, 0x5A54, 0x5A5A, 0x5400, 0x5454, 0x5A54, 0x5A5A,
    0x0000, 0x0000, 0x0000, 0x0000, 0x0000, 0x0000, 0x0000, 0x0000, 0x0000, 0x0000, 0x0000, 0x5454,
    0x0000, 0x0000, 0x5400, 0x5656, 0x5454, 0x5454, 0x5654, 0x5A5A, 0x5A5A, 0x5456, 0x5A56, 0x5A5A,
    0x5A5A, 0x0A56, 0x5A56, 0x5A5A, 0x5A5A, 0x0A54, 0x5A56, 0x5A5A, 0x0000, 0x0000, 0x0000, 0x0000,
    0x0000, 0x0000, 0x0000, 0x0000, 0x5454, 0x5454, 0x5454, 0x0054, 0x5656, 0x5654, 0x5656, 0x5456,
    0x5A5A, 0x5A54, 0x5A5A, 0x565A, 0x5A5A, 0x5A54, 0x5A5A, 0x5A5A, 0x5A5A, 0x5A56, 0x5A5A, 0x5A5A,
    0x565A, 0x5A5A, 0x5A5A, 0x5A5A, 0x0000, 0x0000, 0x5400, 0x5454, 0x0000, 0x0000, 0x5654, 0x5A5A,
    0x5454, 0x5454, 0x5A56, 0x5A5A, 0x5656, 0x5456, 0x5A5A, 0x5A5A, 0x5654, 0x5456, 0x5A56, 0x5A5A,
    0x5456, 0x5E54, 0x560A, 0x5A5A, 0x5456, 0x5454, 0x0A0A, 0x5454, 0x5456, 0x5454, 0x0A0A, 0x5454,
    0x5454, 0x5454, 0x0000, 0x0000, 0x5A5A, 0x5A56, 0x0054, 0x0000, 0x5A5A, 0x5A5A, 0x5456, 0x0000,
    0x5A5A, 0x5A5A, 0x565A, 0x0054, 0x5A5A, 0x5A5A, 0x565A, 0x5454, 0x5A5A, 0x5A5A, 0x5456, 0x5A56,
    0x5A56, 0x565A, 0x5654, 0x5A5A, 0x5454, 0x5454, 0x5454, 0x5A5A, 0x5400, 0x5654, 0x5656, 0x5454,
    0x5654, 0x5A56, 0x5A5A, 0x545A, 0x5654, 0x5A5A, 0x5A5A, 0x545A, 0x5454, 0x5A5A, 0x5A5A, 0x0B54,
    0x0B54, 0x5454, 0x5454, 0x0B0B, 0x0B0B, 0x0B0B, 0x0B0B, 0x0B0B, 0x0B0B, 0x0B0B, 0x0B0B, 0x0B0B,
    0x0B0B, 0x0B0B, 0x0B18, 0x0B0B, 0x540A, 0x5454, 0x5656, 0x5456, 0x0A0B, 0x5A54, 0x5A5A, 0x565A,
    0x0B0B, 0x5454, 0x5A5A, 0x545A, 0x0B0B, 0x5454, 0x5454, 0x5454, 0x540B, 0x5A5A, 0x5A5A, 0x5A5A,
    0x5A54, 0x5A5A, 0x5A5A, 0x5A5A, 0x5A54, 0x5A5A, 0x5A5A, 0x5A5A, 0x5A54, 0x5A5A, 0x5A5A, 0x5A5A,
    0x0B0B, 0x0B0B, 0x0B0B, 0x0B0B, 0x0B54, 0x180B, 0x0B0B, 0x0B0B, 0x0B0B, 0x0B0B, 0x0B0B, 0x0B0B,
    0x0B54, 0x0B0B, 0x0B0B, 0x0B0B, 0x545A, 0x0B54, 0x180B, 0x0B18, 0x5A5A, 0x545A, 0x180B, 0x0B18,
    0x5A5A, 0x565A, 0x0B54, 0x0B0B, 0x5A5A, 0x565A, 0x5456, 0x0B0B, 0x0B0B, 0x0B0B, 0x0B0B, 0x0B0B,
    0x180B, 0x0B0B, 0x0B0B, 0x540B, 0x0B0B, 0x0B0B, 0x0B0B, 0x0B0B, 0x0B0B, 0x0B0B, 0x1818, 0x540B,
    0x0B0B, 0x0B0B, 0x5418, 0x5A54, 0x0B0B, 0x0B0B, 0x5A54, 0x5A5A, 0x0B0B, 0x540B, 0x5A56, 0x5A5A,
    0x0B0B, 0x5654, 0x5A56, 0x5A5A, 0x5654, 0x5656, 0x5454, 0x5454, 0x5A56, 0x5A5A, 0x545A, 0x5A5A,
    0x5A54, 0x5A5A, 0x5454, 0x5A0B, 0x5454, 0x5454, 0x5454, 0x540B, 0x5A5A, 0x5A5A, 0x5A5A, 0x5454,
    0x5A5A, 0x5A5A, 0x5A5A, 0x545A, 0x5A5A, 0x5A5A, 0x5A5A, 0x545A, 0x5A5A, 0x5A5A, 0x5A5A, 0x545A,
    0x0B0B, 0x540A, 0x5454, 0x5454, 0x180B, 0x0A0B, 0x5654, 0x5A5A, 0x0B0B, 0x540B, 0x5A56, 0x5A5A,
    0x0B0B, 0x540B, 0x5A5A, 0x5A5A, 0x0B0B, 0x540B, 0x5A56, 0x5A5A, 0x0B0B, 0x5E0B, 0x560A, 0x5A5A,
    0x540B, 0x5E54, 0x0A0A, 0x5454, 0x5A54, 0x545A, 0x0A0A, 0x5454, 0x5454, 0x5454, 0x0B0B, 0x0B0B,
    0x5A5A, 0x5A56, 0x0B54, 0x0B0B, 0x5A5A, 0x5A5A, 0x5456, 0x0B0B, 0x5A5A, 0x5A5A, 0x565A, 0x0B54,
    0x5A5A, 0x5A5A, 0x565A, 0x5454, 0x5A5A, 0x5A5A, 0x5456, 0x5A56, 0x5A56, 0x565A, 0x5654, 0x5A5A,
    0x5454, 0x5454, 0x5454, 0x0B5A, 0x0B0B, 0x0B0B, 0x0B0B, 0x0B0B, 0x180B, 0x0B0B, 0x0B0B, 0x0B0B,
    0x0B0B, 0x0B0B, 0x0B0B, 0x5454, 0x0B0B, 0x0B0B, 0x5418, 0x5656, 0x5454, 0x5454, 0x5654, 0x5A5A,
    0x5A5A, 0x5456, 0x5A56, 0x5A5A, 0x5A5A, 0x0A56, 0x5A56, 0x5A5A, 0x5A5A, 0x0A54, 0x5A56, 0x5A5A,
    0x0B0B, 0x5454, 0x5454, 0x0B0A, 0x0B0B, 0x540B, 0x0A54, 0x0B0B, 0x5454, 0x5454, 0x0B54, 0x0B0B,
    0x5656, 0x5654, 0x5456, 0x0B0B, 0x5A5A, 0x5A54, 0x5A5A, 0x0B54, 0x5A5A, 0x5A54, 0x5A5A, 0x545A,
    0x5A5A, 0x5A56, 0x5A5A, 0x545A, 0x565A, 0x5A5A, 0x5A5A, 0x545A, 0x0055, 0x5454, 0x5454, 0x5454,
    0x5455, 0x5A56, 0x5A5A, 0x5A5A, 0x5654, 0x5A5A, 0x5A5A, 0x5A5A, 0x5A56, 0x5A5A, 0x5A5A, 0x5A5A,
    0x5A56, 0x5A5A, 0x5A5A, 0x5A5A, 0x5654, 0x5A5A, 0x5A5A, 0x0B5A, 0x541D, 0x5A0B, 0x5A0B, 0x0B0B,
    0x1D1D, 0x560B, 0x0B0B, 0x0B0B, 0x5454, 0x0000, 0x0000, 0x0000, 0x565A, 0x5454, 0x5500, 0x0B00,
    0x545A, 0x5656, 0x5554, 0x0B00, 0x565A, 0x5A5A, 0x5456, 0x0B54, 0x565A, 0x5A5A, 0x5A5A, 0x5456,
    0x5A54, 0x5A0B, 0x5A5A, 0x565A, 0x0B56, 0x5A0B, 0x0B5A, 0x5A5A, 0x0B5A, 0x180B, 0x0B0B, 0x565A,
    0x0000, 0x0000, 0x5454, 0x0054, 0x0054, 0x5400, 0x5A56, 0x5456, 0x5455, 0x5654, 0x5A5A, 0x565A,
    0x0B55, 0x5654, 0x5A5A, 0x5A5A, 0x0B0B, 0x5654, 0x185A, 0x0B5A, 0x0B54, 0x540B, 0x1856, 0x0B56,
    0x1D54, 0x0B0B, 0x0B0B, 0x0B54, 0x1D54, 0x0B0B, 0x0B0B, 0x0B0B, 0x0101, 0x0101, 0x0101, 0x0101,
    0x5B01, 0x5B5B, 0x5B5B, 0x5B5B, 0x5B01, 0x5B5B, 0x5B5B, 0x5B5B, 0x5B01, 0x5B5B, 0x5B5B, 0x5B5B,
    0x5B01, 0x5B5B, 0x1010, 0x1010, 0x5B01, 0x5B5B, 0x5F5F, 0x5F5F, 0x5B01, 0x5B5B, 0x6160, 0x6262,
    0x5B01, 0x5B5B, 0x6160, 0x6363, 0x0101, 0x0101, 0x0101, 0x0101, 0x5B5B, 0x5B5B, 0x5B5B, 0x5B5B,
    0x5B5B, 0x5B5B, 0x5B5B, 0x5B5B, 0x5B5B, 0x5B5B, 0x5B5B, 0x5B5B, 0x1010, 0x1010, 0x1010, 0x1010,
    0x5F5F, 0x5F5F, 0x5F5F, 0x5F5F, 0x6060, 0x6060, 0x6160, 0x6262, 0x5F5F, 0x5F5F, 0x6160, 0x6363,
    0x0101, 0x0101, 0x0101, 0x0101, 0x5B5B, 0x5B5B, 0x5B5B, 0x015B, 0x5B5B, 0x5B5B, 0x5B5B, 0x015B,
    0x5B5B, 0x5B5B, 0x5B5B, 0x015B, 0x1010, 0x1010, 0x5B5B, 0x015B, 0x5F5F, 0x5F5F, 0x5B5B, 0x015B,
    0x6262, 0x6262, 0x5B5B, 0x015B, 0x6363, 0x6263, 0x5B5B, 0x015B, 0x5757, 0x5757, 0x5757, 0x5857,
    0x5757, 0x5757, 0x5757, 0x585C, 0x5C57, 0x5C5C, 0x5C5C, 0x585C, 0x5858, 0x5858, 0x5858, 0x5D58,
    0x5757, 0x5757, 0x5757, 0x5857, 0x5757, 0x5757, 0x5757, 0x585C, 0x5C57, 0x5C5C, 0x5C5C, 0x585C,
    0x5858, 0x5D58, 0x5858, 0x5D58, 0x5757, 0x5857, 0x5757, 0x5857, 0x5757, 0x585C, 0x5757, 0x585C,
    0x5757, 0x585C, 0x5757, 0x585C, 0x5757, 0x585C, 0x5757, 0x585C, 0x5757, 0x585C, 0x5757, 0x585C,
    0x5757, 0x585C, 0x5757, 0x585C, 0x5C57, 0x585C, 0x5C57, 0x585C, 0x5858, 0x5D58, 0x5858, 0x5D58,
    0x5759, 0x5757, 0x5757, 0x5857, 0x5959, 0x5759, 0x5757, 0x585C, 0x5759, 0x5757, 0x5C57, 0x585C,
    0x5C5C, 0x5C5C, 0x5C5C, 0x5D5C, 0x5959, 0x5959, 0x5959, 0x5C59, 0x5959, 0x5959, 0x5959, 0x5C57,
    0x5759, 0x5757, 0x5757, 0x5C57, 0x5C5C, 0x585C, 0x5C5C, 0x585C, 0x5757, 0x5857, 0x5757, 0x5857,
    0x5757, 0x585C, 0x5757, 0x585C, 0x5757, 0x585C, 0x5757, 0x585C, 0x5757, 0x585C, 0x5757, 0x585C,
    0x5759, 0x585C, 0x5757, 0x585C, 0x5959, 0x5857, 0x5757, 0x585C, 0x5759, 0x5C57, 0x5C59, 0x585C,
    0x5C5C, 0x585C, 0x5C5C, 0x5D5C, 0x0000, 0x0000, 0x0000, 0x0000, 0x0000, 0x0000, 0x0000, 0x0000,
    0x0000, 0x0000, 0x0000, 0x0000, 0x0000, 0x0000, 0x0000, 0x0000, 0x0000, 0x0000, 0x0000, 0x6400,
    0x0000, 0x0000, 0x6400, 0x6464, 0x0000, 0x6400, 0x6D64, 0x6464, 0x6D00, 0x6464, 0x6D64, 0x6D64,
    0x0000, 0x0000, 0x0000, 0x6400, 0x0000, 0x0000, 0x6400, 0x6464, 0x0000, 0x6400, 0x646D, 0x6464,
    0x6400, 0x6464, 0x656C, 0x6464, 0x646D, 0x6D64, 0x6C6C, 0x6464, 0x6D64, 0x6464, 0x6464, 0x6464,
    0x646D, 0x6464, 0x6D64, 0x6464, 0x6D64, 0x6464, 0x6D64, 0x6D64, 0x0065, 0x0000, 0x0000, 0x0000,
    0x2465, 0x006C, 0x0000, 0x0000, 0x2424, 0x6424, 0x0024, 0x0000, 0x6565, 0x2424, 0x246C, 0x0024,
    0x6565, 0x2424, 0x6564, 0x6C65, 0x656C, 0x6C24, 0x2464, 0x6564, 0x2424, 0x6564, 0x2424, 0x6465,
    0x656C, 0x6564, 0x2465, 0x6564, 0x0000, 0x0000, 0x0000, 0x0000, 0x0000, 0x0000, 0x0000, 0x0000,
    0x0000, 0x0000, 0x0000, 0x0000, 0x0000, 0x0000, 0x0000, 0x0000, 0x0065, 0x0000, 0x0000, 0x0000,
    0x2465, 0x0064, 0x0000, 0x0000, 0x6524, 0x6424, 0x0024, 0x0000, 0x656C, 0x6424, 0x6564, 0x006C,
    0x0000, 0x0000, 0x0000, 0x0000, 0x0000, 0x0000, 0x0000, 0x5400, 0x0000, 0x0000, 0x0000, 0x0000,
    0x0000, 0x0000, 0x0000, 0x5400, 0x0000, 0x0000, 0x5400, 0x5A54, 0x0000, 0x0000, 0x5A54, 0x5A5A,
    0x0000, 0x5400, 0x5A56, 0x5A5A, 0x0000, 0x5654, 0x5A56, 0x5A5A, 0x5454, 0x0A0A, 0x5A56, 0x5A5A,
    0x0A56, 0x0A0A, 0x560A, 0x5A5A, 0x0A56, 0x0A0A, 0x540A, 0x5A56, 0x5654, 0x5656, 0x540A, 0x5654,
    0x5654, 0x5A5A, 0x0A5A, 0x5454, 0x540A, 0x5A5A, 0x565A, 0x540A, 0x0A0A, 0x5656, 0x5456, 0x0A54,
    0x0A5E, 0x5454, 0x5454, 0x0A54, 0x565A, 0x5A5A, 0x5A5A, 0x5A5A, 0x565A, 0x5A5A, 0x5A5A, 0x5A5A,
    0x5A5A, 0x5A56, 0x5A5A, 0x5454, 0x5656, 0x5654, 0x5456, 0x5454, 0x5454, 0x5454, 0x5454, 0x5454,
    0x5454, 0x5454, 0x540A, 0x5454, 0x5454, 0x5454, 0x540A, 0x0A54, 0x5454, 0x5454, 0x0A5E, 0x0A0A,
    0x5456, 0x5454, 0x0A0A, 0x5454, 0x5454, 0x5454, 0x0A0A, 0x5454, 0x5454, 0x5454, 0x0B0A, 0x5454,
    0x5454, 0x5454, 0x0A5E, 0x5A56, 0x5454, 0x5454, 0x540A, 0x5A5A, 0x5454, 0x0A54, 0x540A, 0x5A56,
    0x0A0A, 0x0A0A, 0x0A5E, 0x5454, 0x0A0A, 0x0A0A, 0x0A5E, 0x540A, 0x0A0A, 0x0A0A, 0x540A, 0x5A56,
    0x5454, 0x5454, 0x0A54, 0x5654, 0x5A56, 0x5A5A, 0x5456, 0x540A, 0x5A5A, 0x5A5A, 0x545A, 0x0A56,
    0x5A5A, 0x5A5A, 0x5456, 0x5456, 0x5A5A, 0x565A, 0x5454, 0x5656, 0x5454, 0x5454, 0x5454, 0x5656,
    0x5454, 0x5454, 0x5454, 0x5656, 0x5A5A, 0x5456, 0x5656, 0x5456, 0x5656, 0x5A54, 0x5A5A, 0x565A,
    0x5454, 0x5454, 0x5A5A, 0x545A, 0x5454, 0x5454, 0x5454, 0x5454, 0x5454, 0x5A5A, 0x5A5A, 0x5A5A,
    0x5A54, 0x5A5A, 0x5A5A, 0x5A5A, 0x5A54, 0x5A5A, 0x5A5A, 0x5A5A, 0x5A54, 0x5A5A, 0x5A5A, 0x5A5A,
    0x5654, 0x5A5A, 0x5A5A, 0x5A5A, 0x5454, 0x5A56, 0x5A5A, 0x5A5A, 0x5454, 0x5654, 0x5A5A, 0x5A5A,
    0x5454, 0x5454, 0x5656, 0x5A56, 0x540A, 0x5454, 0x5454, 0x5554, 0x0A56, 0x5454, 0x5454, 0x550A,
    0x561D, 0x0B0A, 0x0A54, 0x0B0A, 0x1D1D, 0x0B56, 0x0A0B, 0x0B0A, 0x5A5A, 0x565A, 0x5456, 0x0B0B,
    0x5A5A, 0x565A, 0x5456, 0x0B18, 0x5A5A, 0x565A, 0x0B54, 0x0B0B, 0x5A5A, 0x5556, 0x0B54, 0x0B0B,
    0x5656, 0x550A, 0x0B0B, 0x0B0B, 0x0A55, 0x0B0B, 0x0B0B, 0x0B0B, 0x0B0B, 0x0B0B, 0x0B0B, 0x0B0B,
    0x0B0B, 0x0B0B, 0x0B18, 0x0B0B, 0x0B0B, 0x5654, 0x5A56, 0x5A5A, 0x0B0B, 0x5654, 0x5A56, 0x5A5A,
    0x0B0B, 0x540B, 0x5A56, 0x5A5A, 0x0B0B, 0x540B, 0x5655, 0x5A5A, 0x0B0B, 0x0B0B, 0x0A55, 0x5656,
    0x0B0B, 0x0B0B, 0x180B, 0x550A, 0x1D1D, 0x0B0B, 0x0B0B, 0x0B0B, 0x1D1D, 0x0B0B, 0x0B0B, 0x0B0B,
    0x5A5A, 0x5A5A, 0x5A5A, 0x5456, 0x5A5A, 0x5A5A, 0x565A, 0x5454, 0x5A5A, 0x5A5A, 0x5456, 0x5454,
    0x565A, 0x5656, 0x5454, 0x5454, 0x5455, 0x5454, 0x5454, 0x5454, 0x0A55, 0x5454, 0x5454, 0x0A54,
    0x0A0B, 0x540A, 0x540B, 0x560A, 0x0A0B, 0x0B0A, 0x0A18, 0x0B56, 0x5A54, 0x5A5A, 0x0A0A, 0x5454,
    0x5454, 0x5A5A, 0x0A0A, 0x5454, 0x5454, 0x5454, 0x0B0A, 0x5454, 0x5454, 0x5454, 0x0A5E, 0x5A56,
    0x545E, 0x5454, 0x540A, 0x5A5A, 0x5E0B, 0x5E0A, 0x540A, 0x5A56, 0x1D1D, 0x0B0B, 0x0A5E, 0x5454,
    0x1D1D, 0x0B0B, 0x0A0B, 0x5454, 0x0A0A, 0x0A0A, 0x0B0A, 0x0B0B, 0x5454, 0x5454, 0x0A54, 0x0B18,
    0x5A56, 0x5A5A, 0x5456, 0x0B0A, 0x5A5A, 0x5A5A, 0x545A, 0x0A56, 0x5A5A, 0x5A5A, 0x5456, 0x5456,
    0x5A5A, 0x565A, 0x5454, 0x5656, 0x5454, 0x5454, 0x5454, 0x5656, 0x5454, 0x5454, 0x5454, 0x5656,
    0x565A, 0x5A5A, 0x5A5A, 0x545A, 0x565A, 0x5A5A, 0x5A5A, 0x5454, 0x5A5A, 0x5A56, 0x5A5A, 0x5454,
    0x5656, 0x5654, 0x5456, 0x5454, 0x5454, 0x5454, 0x5454, 0x5454, 0x5454, 0x5454, 0x540A, 0x5454,
    0x5454, 0x5454, 0x540A, 0x0A54, 0x5454, 0x5454, 0x0A5E, 0x0B0A, 0x0B0B, 0x0B0B, 0x0B0B, 0x0B0B,
    0x0B0B, 0x180B, 0x0B0B, 0x0B0B, 0x0B0B, 0x0B0B, 0x0B0B, 0x540B, 0x0B0B, 0x0B0B, 0x0B0B, 0x5654,
    0x0B0B, 0x0B0B, 0x180B, 0x5654, 0x0B0B, 0x0B0B, 0x180B, 0x5654, 0x1D1D, 0x0B0B, 0x0B0B, 0x5654,
    0x1D1D, 0x0B0B, 0x0B0B, 0x540B, 0x540B, 0x5454, 0x0B54, 0x0B0B, 0x5654, 0x5A5A, 0x565A, 0x0B18,
    0x5A56, 0x5A5A, 0x5A5A, 0x0B54, 0x5A5A, 0x5A5A, 0x5A5A, 0x0B54, 0x5A5A, 0x5A5A, 0x565A, 0x0B54,
    0x5A5A, 0x5A5A, 0x5456, 0x0B54, 0x5A56, 0x565A, 0x5454, 0x0B54, 0x5454, 0x5454, 0x5454, 0x0B54,
    0x0B0B, 0x540B, 0x5454, 0x0B54, 0x0B0B, 0x5A54, 0x5A5A, 0x5456, 0x540B, 0x5A5A, 0x5A5A, 0x565A,
    0x540B, 0x5A5A, 0x5A5A, 0x5A5A, 0x540B, 0x5A56, 0x5A5A, 0x5A5A, 0x540B, 0x5654, 0x5A5A, 0x5A5A,
    0x541D, 0x5454, 0x5A56, 0x565A, 0x541D, 0x5454, 0x5454, 0x5454, 0x0B0B, 0x0B0B, 0x0B0B, 0x0B0B,
    0x0B0B, 0x0B0B, 0x0B0B, 0x0B18, 0x0B54, 0x0B0B, 0x0B0B, 0x0B0B, 0x5456, 0x1818, 0x0B0B, 0x0B0B,
    0x5456, 0x1818, 0x0B0B, 0x0B0B, 0x5456, 0x0B0B, 0x0B0B, 0x0B0B, 0x5456, 0x0B0B, 0x0B0B, 0x0B0B,
    0x0B54, 0x0B0B, 0x0B18, 0x0B0B, 0x6601, 0x6666, 0x6767, 0x0F67, 0x6601, 0x6666, 0x6767, 0x670F,
    0x6601, 0x6666, 0x6767, 0x6767, 0x6601, 0x6666, 0x6767, 0x6767, 0x6601, 0x6666, 0x6767, 0x6767,
    0x6601, 0x6666, 0x0F67, 0x6767, 0x6601, 0x6666, 0x0F67, 0x0F67, 0x6601, 0x6666, 0x6767, 0x6767,
    0x6767, 0x6767, 0x6767, 0x0F67, 0x6767, 0x6767, 0x6767, 0x670F, 0x6767, 0x6767, 0x6767, 0x6767,
    0x670F, 0x6767, 0x6767, 0x6767, 0x0F67, 0x6767, 0x6767, 0x6767, 0x6767, 0x6767, 0x0F67, 0x6767,
    0x0F67, 0x6767, 0x0F67, 0x0F67, 0x6767, 0x6767, 0x6767, 0x6767, 0x0F0F, 0x0F0F, 0x6666, 0x0166,
    0x0F0F, 0x0F0F, 0x6666, 0x0166, 0x0F0F, 0x0F0F, 0x6666, 0x0166, 0x0F0F, 0x0F0F, 0x6666, 0x0166,
    0x0F0F, 0x0F0F, 0x6666, 0x0166, 0x0F0F, 0x0F0F, 0x6666, 0x0166, 0x0F0F, 0x0F0F, 0x6666, 0x0166,
    0x0F0F, 0x0F0F, 0x6666, 0x0166, 0x6868, 0x6868, 0x6169, 0x6363, 0x6161, 0x6161, 0x6161, 0x6161,
    0x6162, 0x6969, 0x6969, 0x6969, 0x6162, 0x6F6F, 0x6F6F, 0x6F6F, 0x6162, 0x6F6F, 0x6F6F, 0x6F6F,
    0x6161, 0x6161, 0x6161, 0x6161, 0x6060, 0x6060, 0x6160, 0x6F6F, 0x5F5F, 0x5F5F, 0x6160, 0x7070,
    0x6A6A, 0x006B, 0x0000, 0x0000, 0x6B6A, 0x6A6A, 0x006B, 0x0000, 0x6A6E, 0x6A6A, 0x0064, 0x0000,
    0x6E6E, 0x6A6A, 0x6A6D, 0x006B, 0x6E6B, 0x6B6B, 0x6A6A, 0x6B6A, 0x6B6B, 0x6E6E, 0x6B6E, 0x6A6A,
    0x6E6E, 0x6B6E, 0x6E6E, 0x6A6B, 0x6E6E, 0x6B6B, 0x6B6B, 0x6B6B, 0x0000, 0x0000, 0x0000, 0x0000,
    0x0000, 0x0000, 0x0000, 0x0000, 0x6B00, 0x6B6A, 0x0000, 0x0000, 0x6A6B, 0x646A, 0x006B, 0x6B00,
    0x6A6A, 0x6A6A, 0x6B6A, 0x6A6B, 0x6B6A, 0x6E6E, 0x6A6B, 0x6A6B, 0x6E6E, 0x6B6E, 0x6A6E, 0x6A6E,
    0x6E6E, 0x6B6B, 0x6B6B, 0x6B6B, 0x0000, 0x0000, 0x0000, 0x6A00, 0x0000, 0x0000, 0x6B00, 0x6A6A,
    0x0000, 0x6B00, 0x6A64, 0x6E6A, 0x6B00, 0x6A6A, 0x6A6A, 0x6B6B, 0x6B6A, 0x6B6A, 0x6B6B, 0x6B6B,
    0x6A6A, 0x6A6B, 0x6E6E, 0x6E6E, 0x6A6A, 0x6B6A, 0x6E6A, 0x6E6E, 0x6E6A, 0x6B6B, 0x6B6B, 0x6B6B,
    0x646D, 0x6464, 0x646D, 0x6464, 0x6C6D, 0x6464, 0x646C, 0x6464, 0x646D, 0x6D64, 0x646C, 0x6464,
    0x6D6D, 0x6D64, 0x646D, 0x6D6D, 0x6D64, 0x646C, 0x6D64, 0x646D, 0x646D, 0x6464, 0x6D6D, 0x6464,
    0x6C6D, 0x6464, 0x646D, 0x6464, 0x6464, 0x6D64, 0x646D, 0x646D, 0x646D, 0x6464, 0x6464, 0x6464,
    0x6C6D, 0x6464, 0x646C, 0x6464, 0x646D, 0x6D64, 0x646C, 0x6464, 0x6D6D, 0x6D64, 0x646D, 0x6D6D,
    0x6D64, 0x646C, 0x6D64, 0x646D, 0x646D, 0x6464, 0x6D6D, 0x6464, 0x6C6D, 0x6464, 0x646D, 0x6464,
    0x6464, 0x6D64, 0x646D, 0x646D, 0x6524, 0x6424, 0x2424, 0x6424, 0x2465, 0x2424, 0x2465, 0x6424,
    0x2465, 0x2424, 0x656C, 0x6424, 0x6564, 0x6424, 0x6564, 0x6564, 0x6565, 0x6564, 0x2424, 0x6564,
    0x2465, 0x6C64, 0x2424, 0x6465, 0x6524, 0x6424, 0x6524, 0x6C24, 0x656C, 0x6424, 0x6564, 0x6C6C,
    0x6565, 0x6565, 0x2465, 0x6564, 0x2465, 0x6C6C, 0x2424, 0x6465, 0x2424, 0x6424, 0x6524, 0x6424,
    0x6565, 0x2424, 0x246C, 0x6C24, 0x6565, 0x2424, 0x6564, 0x6C65, 0x656C, 0x6C24, 0x2464, 0x6564,
    0x2424, 0x6564, 0x2424, 0x6465, 0x656C, 0x6564, 0x2465, 0x6564, 0x5A5A, 0x5A5A, 0x5A5A, 0x5456,
    0x5A5A, 0x5A5A, 0x565A, 0x5454, 0x5A5A, 0x5A5A, 0x5456, 0x5454, 0x565A, 0x5656, 0x5454, 0x5454,
    0x5455, 0x5454, 0x5454, 0x5454, 0x0A55, 0x5454, 0x5454, 0x0A54, 0x0A0B, 0x540A, 0x540B, 0x0B0A,
    0x0A0B, 0x0B0A, 0x0A18, 0x0B0B, 0x0A5E, 0x5454, 0x5454, 0x0A54, 0x0A5E, 0x5454, 0x5454, 0x0A54,
    0x0A5E, 0x5454, 0x5454, 0x0A54, 0x0A54, 0x5454, 0x5454, 0x0A54, 0x0A0A, 0x0A0A, 0x0A0A, 0x0A0A,
    0x0B0B, 0x0B0B, 0x180B, 0x0B18, 0x1D1D, 0x0B0B, 0x0B0B, 0x0B0B, 0x1D1D, 0x0B0B, 0x0B0B, 0x0B0B,
    0x5454, 0x5454, 0x0A5E, 0x5E5E, 0x5454, 0x5454, 0x0B5E, 0x0B18, 0x5454, 0x0A54, 0x0B0B, 0x0B0B,
    0x0A0A, 0x180A, 0x0B0B, 0x0B0B, 0x0A0A, 0x1818, 0x0B0B, 0x0B0B, 0x0B0B, 0x0B0B, 0x0B0B, 0x0B0B,
    0x0B0B, 0x0B0B, 0x0B0B, 0x0B0B, 0x0B0B, 0x0B0B, 0x0B18, 0x0B0B, 0x5E5E, 0x5E5E, 0x0A5E, 0x540A,
    0x5E5E, 0x5E5E, 0x0A5E, 0x540A, 0x0B0B, 0x0B0B, 0x0B0B, 0x540A, 0x0B0B, 0x0B0B, 0x0B0B, 0x0A0B,
    0x0B0B, 0x0B0B, 0x180B, 0x0B18, 0x0B0B, 0x0B0B, 0x180B, 0x0B18, 0x1D1D, 0x0B0B, 0x0B0B, 0x0B0B,
    0x1D1D, 0x0B0B, 0x0B0B, 0x0B0B, 0x5454, 0x5454, 0x5454, 0x5656, 0x5454, 0x5454, 0x5454, 0x5456,
    0x5454, 0x5454, 0x5454, 0x5454, 0x5454, 0x5454, 0x5454, 0x0A54, 0x540A, 0x5454, 0x5454, 0x0B0A,
    0x0B0B, 0x0B0B, 0x0B0B, 0x0B0B, 0x0B0B, 0x0B0B, 0x0B0B, 0x0B0B, 0x0B0B, 0x0B0B, 0x0B18, 0x0B0B,
    0x5654, 0x5A5A, 0x5A5A, 0x5A5A, 0x5454, 0x5A56, 0x5A5A, 0x5A5A, 0x5454, 0x5654, 0x5A5A, 0x5A5A,
    0x5454, 0x5454, 0x5656, 0x5A56, 0x540A, 0x5454, 0x5454, 0x5554, 0x0A0B, 0x5454, 0x5454, 0x550A,
    0x1D1D, 0x0B0A, 0x0A54, 0x0B0A, 0x1D1D, 0x0B0B, 0x0A0B, 0x0B0A, 0x0B0B, 0x0B0B, 0x0B0B, 0x0B0B,
    0x0B0B, 0x180B, 0x0B0B, 0x0B0B, 0x0B54, 0x0B0B, 0x0B0B, 0x0B0B, 0x5456, 0x0B0B, 0x0B0B, 0x0B0B,
    0x5456, 0x0B0B, 0x180B, 0x0B18, 0x5456, 0x0B0B, 0x180B, 0x0B18, 0x5456, 0x0B0B, 0x0B0B, 0x0B0B,
    0x1D54, 0x0B0B, 0x0B0B, 0x0B0B, 0x540B, 0x5454, 0x0B54, 0x0B0B, 0x5654, 0x5A5A, 0x565A, 0x0B0B,
    0x5A56, 0x5A5A, 0x5A5A, 0x0B54, 0x5A5A, 0x5A5A, 0x5A5A, 0x0B54, 0x5A5A, 0x5A5A, 0x565A, 0x0B54,
    0x5A5A, 0x5A5A, 0x5456, 0x0B54, 0x5A56, 0x565A, 0x5454, 0x0B54, 0x5454, 0x5454, 0x5454, 0x0B54,
    0x0B0B, 0x0B0B, 0x0A0B, 0x5454, 0x180B, 0x0B0B, 0x0A0B, 0x5454, 0x0B0B, 0x0B0B, 0x0B0B, 0x540A,
    0x0B0B, 0x0B0B, 0x1818, 0x0A0B, 0x0B0B, 0x0B0B, 0x1818, 0x0B0B, 0x0B0B, 0x0B0B, 0x0B0B, 0x0B0B,
    0x0B0B, 0x0B0B, 0x0B0B, 0x0B0B, 0x0B0B, 0x180B, 0x0B0B, 0x0B0B, 0x5454, 0x5454, 0x5454, 0x5656,
    0x5454, 0x5454, 0x5454, 0x5456, 0x5454, 0x5454, 0x5454, 0x5454, 0x5454, 0x5454, 0x5454, 0x0A54,
    0x540A, 0x5454, 0x5454, 0x0B0A, 0x0B0B, 0x0B0B, 0x180B, 0x0B18, 0x1D1D, 0x0B0B, 0x0B0B, 0x0B0B,
    0x1D1D, 0x0B0B, 0x0B0B, 0x0B0B, 0x0A5E, 0x5454, 0x5454, 0x0A54, 0x0A5E, 0x5454, 0x5454, 0x0A54,
    0x0A5E, 0x5454, 0x5454, 0x0A54, 0x0A54, 0x5454, 0x5454, 0x0A54, 0x0A0A, 0x0A0A, 0x0A0A, 0x0A0A,
    0x0B0B, 0x0B0B, 0x0B0B, 0x0B0B, 0x0B0B, 0x0B0B, 0x0B0B, 0x0B0B, 0x0B0B, 0x180B, 0x0B0B, 0x0B0B,
    0x5454, 0x5454, 0x0B5E, 0x0B0B, 0x5454, 0x5454, 0x0B5E, 0x0B0B, 0x5454, 0x0A54, 0x0B0B, 0x0B0B,
    0x0A0A, 0x0B0A, 0x0B0B, 0x0B0B, 0x0A0A, 0x0B0B, 0x180B, 0x0B18, 0x0B0B, 0x0B0B, 0x180B, 0x0B18,
    0x1D1D, 0x0B0B, 0x0B0B, 0x0B0B, 0x1D1D, 0x0B0B, 0x0B0B, 0x0B0B, 0x0B0B, 0x0B0B, 0x540B, 0x5654,
    0x180B, 0x0B0B, 0x5654, 0x5A56, 0x0B0B, 0x0B0B, 0x5A54, 0x5A5A, 0x0B0B, 0x540B, 0x5A56, 0x5A5A,
    0x0B0B, 0x540B, 0x5A56, 0x5A5A, 0x0B0B, 0x0B0B, 0x5654, 0x5A5A, 0x0B0B, 0x0B0B, 0x540B, 0x5656,
    0x0B0B, 0x180B, 0x0B0B, 0x5454, 0x5656, 0x5656, 0x5454, 0x0B0A, 0x5A5A, 0x5A5A, 0x545A, 0x0B0B,
    0x5A5A, 0x5A5A, 0x5A5A, 0x0B54, 0x5A5A, 0x5A5A, 0x5A5A, 0x0B54, 0x5A5A, 0x5A5A, 0x565A, 0x0B54,
    0x565A, 0x5656, 0x5456, 0x0B54, 0x5656, 0x5454, 0x0A54, 0x0B54, 0x5454, 0x0A0A, 0x0A0A, 0x0B0B,
    0x0A0B, 0x5454, 0x5656, 0x5656, 0x180B, 0x5A54, 0x5A5A, 0x5A5A, 0x540B, 0x5A5A, 0x5A5A, 0x5A5A,
    0x540B, 0x5A5A, 0x5A5A, 0x5A5A, 0x540B, 0x5A56, 0x5A5A, 0x5A5A, 0x540B, 0x5654, 0x5656, 0x5A56,
    0x540B, 0x540A, 0x5454, 0x5656, 0x0B0B, 0x0A0A, 0x0A0A, 0x5454, 0x5456, 0x0B54, 0x0B0B, 0x0B0B,
    0x565A, 0x5456, 0x0B0B, 0x0B0B, 0x5A5A, 0x545A, 0x0B0B, 0x0B0B, 0x5A5A, 0x565A, 0x0B54, 0x0B0B,
    0x5A5A, 0x565A, 0x1854, 0x0B18, 0x5A5A, 0x5456, 0x180B, 0x0B18, 0x5656, 0x0B54, 0x0B0B, 0x0B0B,
    0x5454, 0x0B0B, 0x0B0B, 0x0B0B, 0x6601, 0x6666, 0x7171, 0x7171, 0x6601, 0x6666, 0x7171, 0x0F71,
    0x6601, 0x6666, 0x7171, 0x7171, 0x6601, 0x6666, 0x7171, 0x0F0F, 0x6601, 0x6666, 0x6666, 0x6666,
    0x6601, 0x6666, 0x6666, 0x6666, 0x6601, 0x6666, 0x6666, 0x6666, 0x0101, 0x0101, 0x0101, 0x0101,
    0x7171, 0x7171, 0x7171, 0x7171, 0x7171, 0x0F71, 0x7171, 0x0F71, 0x7171, 0x7171, 0x7171, 0x7171,
    0x7171, 0x7171, 0x7171, 0x0F0F, 0x6666, 0x6666, 0x6666, 0x6666, 0x6666, 0x6666, 0x6666, 0x6666,
    0x6666, 0x6666, 0x6666, 0x6666, 0x0101, 0x0101, 0x0101, 0x0101, 0x0F0F, 0x0F0F, 0x6666, 0x0166,
    0x0F0F, 0x0F0F, 0x6666, 0x0166, 0x0F0F, 0x0F0F, 0x6666, 0x0166, 0x0F0F, 0x0F0F, 0x6666, 0x0166,
    0x6666, 0x6666, 0x6666, 0x0166, 0x6666, 0x6666, 0x6666, 0x0166, 0x6666, 0x6666, 0x6666, 0x0166,
    0x0101, 0x0101, 0x0101, 0x0101, 0x5F5F, 0x5F5F, 0x6160, 0x7070, 0x6161, 0x6161, 0x6161, 0x6161,
    0x6169, 0x7070, 0x7070, 0x7070, 0x6169, 0x7575, 0x7575, 0x7575, 0x6169, 0x7575, 0x7575, 0x7575,
    0x6161, 0x6161, 0x6161, 0x6161, 0x6969, 0x6969, 0x6169, 0x6262, 0x6868, 0x6868, 0x6169, 0x6363,
    0x726D, 0x7372, 0x7273, 0x7474, 0x726D, 0x7372, 0x7273, 0x7474, 0x726D, 0x7372, 0x7273, 0x7474,
    0x726D, 0x7372, 0x7273, 0x7474, 0x726D, 0x7372, 0x7273, 0x7474, 0x726D, 0x7372, 0x7273, 0x7272,
    0x726D, 0x7372, 0x7373, 0x7373, 0x726D, 0x7372, 0x7373, 0x7373, 0x7474, 0x7474, 0x7474, 0x7474,
    0x7474, 0x7474, 0x7474, 0x7474, 0x7474, 0x7474, 0x7474, 0x7474, 0x7474, 0x7474, 0x7474, 0x7474,
    0x7474, 0x7474, 0x7474, 0x7474, 0x7272, 0x7272, 0x7272, 0x7272, 0x7373, 0x7373, 0x7373, 0x7373,
    0x7373, 0x7373, 0x7373, 0x7373, 0x7474, 0x7274, 0x736D, 0x7373, 0x7474, 0x7274, 0x736D, 0x7373,
    0x7474, 0x7274, 0x736D, 0x7373, 0x7474, 0x7274, 0x736D, 0x7373, 0x7474, 0x7274, 0x736D, 0x7373,
    0x7272, 0x7272, 0x736D, 0x7373, 0x7373, 0x7373, 0x7373, 0x7373, 0x7373, 0x7373, 0x7373, 0x7373,
    0x4F4F, 0x4F4F, 0x4F4F, 0x4F4F, 0x814F, 0x7281, 0x7272, 0x7272, 0x814F, 0x7281, 0x7272, 0x7272,
    0x814F, 0x7281, 0x8172, 0x8181, 0x814F, 0x7281, 0x8172, 0x8181, 0x814F, 0x7281, 0x8172, 0x7272,
    0x814F, 0x7281, 0x8172, 0x7272, 0x814F, 0x7281, 0x8172, 0x7272, 0x4F4F, 0x4F4F, 0x4F4F, 0x4F4F,
    0x7272, 0x7272, 0x7272, 0x7272, 0x7272, 0x7272, 0x7272, 0x7272, 0x8181, 0x8181, 0x8181, 0x8181,
    0x8181, 0x8181, 0x8181, 0x8181, 0x7272, 0x7272, 0x7272, 0x7272, 0x7272, 0x7272, 0x7272, 0x7272,
    0x7272, 0x7272, 0x7272, 0x7272, 0x4F4F, 0x4F4F, 0x4F4F, 0x4F4F, 0x7272, 0x7272, 0x7272, 0x7272,
    0x7272, 0x7272, 0x7272, 0x7272, 0x8181, 0x8181, 0x724F, 0x7272, 0x8181, 0x8181, 0x724F, 0x7272,
    0x7272, 0x8172, 0x724F, 0x7272, 0x7272, 0x8172, 0x724F, 0x7272, 0x7272, 0x8172, 0x724F, 0x7272,
    0x7657, 0x7676, 0x7676, 0x7676, 0x7657, 0x7676, 0x7676, 0x7676, 0x7657, 0x7676, 0x5757, 0x5757,
    0x7657, 0x7676, 0x7474, 0x7474, 0x7657, 0x7676, 0x8686, 0x8686, 0x7657, 0x7676, 0x8686, 0x8686,
    0x7657, 0x7676, 0x8686, 0x8686, 0x7657, 0x7676, 0x8686, 0x8686, 0x7676, 0x7676, 0x7676, 0x7676,
    0x7676, 0x7676, 0x7676, 0x7676, 0x5757, 0x7657, 0x5776, 0x5757, 0x7474, 0x7674, 0x7476, 0x7474,
    0x8686, 0x7686, 0x8676, 0x8686, 0x8686, 0x7686, 0x8676, 0x8686, 0x8686, 0x7686, 0x8676, 0x8686,
    0x8686, 0x7686, 0x8676, 0x8686, 0x7657, 0x7676, 0x7676, 0x7676, 0x7657, 0x7676, 0x5757, 0x5757,
    0x7657, 0x7676, 0x7474, 0x7474, 0x7657, 0x7676, 0x8686, 0x8686, 0x7657, 0x7676, 0x8686, 0x8686,
    0x7657, 0x7676, 0x8686, 0x8686, 0x7657, 0x7676, 0x8686, 0x8686, 0x7657, 0x7676, 0x8686, 0x8686,
    0x7676, 0x7676, 0x7676, 0x7676, 0x5757, 0x7657, 0x5776, 0x5757, 0x7474, 0x7674, 0x7476, 0x7474,
    0x8686, 0x7686, 0x8676, 0x8686, 0x8686, 0x7686, 0x8676, 0x8686, 0x8686, 0x7686, 0x8676, 0x8686,
    0x8686, 0x7686, 0x8676, 0x8686, 0x8686, 0x7686, 0x8676, 0x8686, 0x2D77, 0x2D2D, 0x2D2D, 0x2D2D,
    0x822D, 0x8383, 0x8383, 0x2D82, 0x8382, 0x8383, 0x8383, 0x8383, 0x8383, 0x8383, 0x8383, 0x8383,
    0x2D2D, 0x2D2D, 0x822D, 0x8383, 0x8383, 0x8383, 0x2D83, 0x8383, 0x8383, 0x8383, 0x2D83, 0x8282,
    0x8383, 0x8383, 0x2D83, 0x7782, 0x2D2D, 0x772D, 0x7777, 0x7777, 0x2D2D, 0x2D2D, 0x2D2D, 0x772D,
    0x8282, 0x8382, 0x8383, 0x2D82, 0x8283, 0x8383, 0x8383, 0x2D83, 0x8283, 0x8383, 0x8383, 0x2D82,
    0x8283, 0x8383, 0x8283, 0x832D, 0x8282, 0x8382, 0x2D82, 0x8282, 0x7777, 0x7777, 0x2D77, 0x822D,
    0x6E78, 0x786E, 0x7978, 0x7979, 0x7879, 0x7979, 0x7F84, 0x5D7F, 0x6E6E, 0x6E78, 0x7978, 0x7979,
    0x6E6E, 0x6E78, 0x7978, 0x7979, 0x6E6E, 0x6E78, 0x7978, 0x7979, 0x7879, 0x7979, 0x7F84, 0x5D7F,
    0x6E78, 0x6E6E, 0x7978, 0x7979, 0x6E78, 0x786E, 0x7978, 0x7979, 0x7979, 0x7979, 0x7979, 0x7979,
    0x5D5D, 0x5D5D, 0x5D5D, 0x5D5D, 0x7979, 0x7979, 0x5D79, 0x7979, 0x7979, 0x7979, 0x5D79, 0x7979,
    0x7979, 0x7979, 0x5D79, 0x7979, 0x5D5D, 0x5D5D, 0x5D5D, 0x5D5D, 0x7979, 0x7979, 0x7979, 0x7979,
    0x7979, 0x7979, 0x7979, 0x7979, 0x7979, 0x7879, 0x6E78, 0x786E, 0x7F5D, 0x847F, 0x7979, 0x7978,
    0x7979, 0x7879, 0x7878, 0x6E6E, 0x7979, 0x7879, 0x7878, 0x6E78, 0x7979, 0x7879, 0x7878, 0x6E6E,
    0x7F5D, 0x847F, 0x7979, 0x7978, 0x7979, 0x7879, 0x6E6E, 0x786E, 0x7979, 0x7879, 0x6E78, 0x786E,
    0x7A7A, 0x7B7B, 0x7C7B, 0x7D7C, 0x7B7A, 0x7B7A, 0x7C7B, 0x7D7C, 0x7A7A, 0x7B7B, 0x7C7B, 0x7D7C,
    0x7B7A, 0x7B7A, 0x7C7B, 0x7D7C, 0x7A7A, 0x7B7B, 0x7C7B, 0x7D7C, 0x7A7A, 0x7B7A, 0x7C7B, 0x7D7C,
    0x7A7A, 0x7A7A, 0x7C7A, 0x7D7C, 0x7A7A, 0x7A7A, 0x7A7A, 0x7D7B, 0x7979, 0x7979, 0x7979, 0x7979,
    0x5D5D, 0x5D5D, 0x5D5D, 0x795D, 0x5757, 0x5757, 0x5757, 0x5757, 0x5757, 0x5757, 0x5757, 0x5757,
    0x5757, 0x5757, 0x5757, 0x5757, 0x5D5D, 0x5D5D, 0x5D5D, 0x5D5D, 0x5D79, 0x795D, 0x5D5D, 0x7979,
    0x5D79, 0x795D, 0x795D, 0x575C, 0x7979, 0x7979, 0x7979, 0x7979, 0x7979, 0x7979, 0x7979, 0x5C79,
    0x5757, 0x5757, 0x5757, 0x5779, 0x5757, 0x5757, 0x5757, 0x5757, 0x5757, 0x5757, 0x5757, 0x5757,
    0x5D5D, 0x5D5D, 0x5D5D, 0x8080, 0x576A, 0x766A, 0x796A, 0x8888, 0x576A, 0x766A, 0x576A, 0x8989,
    0x5D5D, 0x795C, 0x575C, 0x575C, 0x5D5D, 0x795C, 0x575C, 0x575C, 0x5D5D, 0x795C, 0x575C, 0x575C,
    0x5D5D, 0x795C, 0x575C, 0x575C, 0x5D5D, 0x795C, 0x575C, 0x575C, 0x6A5D, 0x795C, 0x575C, 0x575C,
    0x6A5D, 0x795C, 0x575C, 0x575C, 0x6A5D, 0x795C, 0x575C, 0x575C, 0x576A, 0x766A, 0x576A, 0x6B6B,
    0x576A, 0x766A, 0x576A, 0x6B6B, 0x576A, 0x766A, 0x576A, 0x6B6B, 0x576A, 0x766A, 0x576A, 0x6B6B,
    0x576A, 0x766A, 0x576A, 0x6B6B, 0x576A, 0x766A, 0x576A, 0x6B76, 0x576A, 0x766A, 0x576A, 0x6B76,
    0x576A, 0x766A, 0x576A, 0x6B76, 0x6B6B, 0x6B6B, 0x6B6B, 0x6B6B, 0x5D5D, 0x5D5D, 0x5D5D, 0x5D5D,
    0x5D5D, 0x5D5D, 0x5D5D, 0x5D5D, 0x5D5D, 0x5D5D, 0x5D5D, 0x5D5D, 0x6E6E, 0x6E6E, 0x6E6E, 0x6E6E,
    0x6E6E, 0x6E6E, 0x6E6E, 0x6E6E, 0x6E6E, 0x6E6E, 0x6E6E, 0x6E6E, 0x6E6E, 0x6E6E, 0x6E6E, 0x6E6E,
    0x5D5D, 0x5D5D, 0x5D5D, 0x5D5D, 0x6464, 0x6464, 0x6464, 0x6464, 0x6464, 0x6464, 0x6464, 0x6464,
    0x6464, 0x6464, 0x6464, 0x6464, 0x5D5D, 0x5D5D, 0x5D5D, 0x5D5D, 0x5D5D, 0x5D5D, 0x5D5D, 0x5D5D,
    0x5D5D, 0x5D5D, 0x5D5D, 0x5D5D, 0x5D5D, 0x5D5D, 0x5D5D, 0x5D5D, 0x646D, 0x6464, 0x656C, 0x6464,
    0x646D, 0x6D64, 0x6C6C, 0x6464, 0x6D64, 0x6464, 0x6464, 0x6464, 0x646D, 0x6464, 0x6D64, 0x6464,
    0x6D64, 0x6464, 0x6D64, 0x1A64, 0x646D, 0x6464, 0x1A6D, 0x6E6E, 0x6C6D, 0x1A64, 0x6E6E, 0x6E6E,
    0x1A6D, 0x6E6E, 0x6E6E, 0x6E6E, 0x6D6D, 0x6D64, 0x646D, 0x1A6D, 0x6D64, 0x646C, 0x1A64, 0x6E6E,
    0x646D, 0x1A64, 0x6E6E, 0x6E6E, 0x1A6D, 0x6E6E, 0x6E6E, 0x6E6E, 0x6E6E, 0x6E6E, 0x6E6E, 0x6E6E,
    0x6E6E, 0x6E6E, 0x6E6E, 0x5D1A, 0x6E6E, 0x6E6E, 0x5D1A, 0x5D5D, 0x6E6E, 0x5D1A, 0x5D5D, 0x5D5D,
    0x651A, 0x2424, 0x246C, 0x6C24, 0x6E6E, 0x241A, 0x6564, 0x6C65, 0x6E6E, 0x6E6E, 0x241A, 0x6564,
    0x6E6E, 0x6E6E, 0x6E6E, 0x641A, 0x6E6E, 0x6E6E, 0x6E6E, 0x6E6E, 0x1A5D, 0x6E6E, 0x6E6E, 0x6E6E,
    0x5D5D, 0x1A5D, 0x6E6E, 0x6E6E, 0x5D5D, 0x5D5D, 0x1A5D, 0x6E6E, 0x6564, 0x6424, 0x6564, 0x6564,
    0x6565, 0x6564, 0x2424, 0x6564, 0x2465, 0x6C64, 0x2424, 0x6465, 0x6524, 0x6424, 0x6524, 0x6C24,
    0x651A, 0x6424, 0x6564, 0x6C6C, 0x6E6E, 0x651A, 0x2465, 0x6564, 0x6E6E, 0x6E6E, 0x241A, 0x6465,
    0x6E6E, 0x6E6E, 0x6E6E, 0x641A, 0x7E7E, 0x7E7E, 0x7E7E, 0x7E7E, 0x7E7E, 0x7E7E, 0x7E7E, 0x7E7E,
    0x7E7E, 0x7E7E, 0x7E7E, 0x7E7E, 0x7E7E, 0x7E7E, 0x7E7E, 0x7E7E, 0x7E7E, 0x7E7E, 0x7E7E, 0x7E7E,
    0x7E7E, 0x7E7E, 0x7E7E, 0x7E7E, 0x7E7E, 0x7E7E, 0x7E7E, 0x7E7E, 0x7E7E, 0x7E7E, 0x7E7E, 0x7E7E,
    0x7F7F, 0x7F7F, 0x7F7F, 0x7F7F, 0x7F7F, 0x7F7F, 0x7F7F, 0x7F7F, 0x7F7F, 0x7F7F, 0x7F7F, 0x7F7F,
    0x7F7F, 0x7F7F, 0x7F7F, 0x7F7F, 0x7F7F, 0x7F7F, 0x7F7F, 0x7F7F, 0x7F7F, 0x7F7F, 0x7F7F, 0x7F7F,
    0x7F7F, 0x7F7F, 0x7F7F, 0x7F7F, 0x7F7F, 0x7F7F, 0x7F7F, 0x7F7F, 0x7E1A, 0x7E7E, 0x7E7E, 0x7E7E,
    0x1A1A, 0x7E85, 0x7E7E, 0x7E7E, 0x1A1A, 0x1A1A, 0x7E1A, 0x7E7E, 0x851A, 0x1A1A, 0x1A1A, 0x7E1A,
    0x1A85, 0x1A1A, 0x1A85, 0x851A, 0x8585, 0x851A, 0x1A1A, 0x1A85, 0x851A, 0x1A85, 0x1A85, 0x1A85,
    0x1A85, 0x8585, 0x1A85, 0x851A, 0x7E7E, 0x7E7E, 0x7E7E, 0x7E7E, 0x7E7E, 0x7E7E, 0x7E7E, 0x7E7E,
    0x7E7E, 0x7E7E, 0x7E7E, 0x7E7E, 0x7E7E, 0x7E7E, 0x7E7E, 0x7E7E, 0x7E85, 0x7E7E, 0x7E7E, 0x7E7E,
    0x8585, 0x7E1A, 0x7E7E, 0x7E7E, 0x851A, 0x1A85, 0x7E85, 0x7E7E, 0x1A85, 0x8585, 0x1A85, 0x7E1A,
    0x5D5D, 0x5D5D, 0x5D5D, 0x5D5D, 0x5D5D, 0x5D5D, 0x5D5D, 0x5D5D, 0x5D5D, 0x5D5D, 0x5D5D, 0x5D5D,
    0x5D5D, 0x5D5D, 0x5D5D, 0x5D5D, 0x0000, 0x0000, 0x0000, 0x0000, 0x0000, 0x0000, 0x0000, 0x0000,
    0x0000, 0x0000, 0x0000, 0x0000, 0x0000, 0x0000, 0x0000, 0x0000, 0x806B, 0x8080, 0x8080, 0x8080,
    0x6B6B, 0x806B, 0x8080, 0x8080, 0x6B6B, 0x6B6B, 0x806B, 0x8080, 0x6B6B, 0x6B6B, 0x6B6B, 0x806B,
    0x6B6B, 0x6B6B, 0x6B6B, 0x6B6B, 0x6B6B, 0x6B6B, 0x6B6B, 0x6B6B, 0x6B6B, 0x6B6B, 0x6B6B, 0x6B6B,
    0x6B6B, 0x6B6B, 0x6B6B, 0x6B6B, 0x8080, 0x8080, 0x8080, 0x8080, 0x8080, 0x8080, 0x8080, 0x8080,
    0x8080, 0x8080, 0x8080, 0x8080, 0x8080, 0x8080, 0x8080, 0x8080, 0x806B, 0x8080, 0x8080, 0x8080,
    0x6B6B, 0x806B, 0x8080, 0x8080, 0x6B6B, 0x6B6B, 0x806B, 0x8080, 0x6B6B, 0x6B6B, 0x6B6B, 0x806B,
    0x6B6B, 0x6B6B, 0x6B6B, 0x6B6B, 0x6B6B, 0x6B6B, 0x6B6B, 0x6B6B, 0x6B6B, 0x6E6E, 0x6E6E, 0x6E6E,
    0x6B6B, 0x6B6B, 0x6E6E, 0x6E6E, 0x6B6B, 0x6B6B, 0x6E6E, 0x6B6B, 0x6B6E, 0x6E6E, 0x6B6E, 0x6B6B,
    0x6B6B, 0x6B6B, 0x6E6B, 0x6E6E, 0x6B6B, 0x6B6B, 0x6B6B, 0x6E6B, 0x6363, 0x6363, 0x6162, 0x6868,
    0x6161, 0x6161, 0x6161, 0x6161, 0x6169, 0x6060, 0x6060, 0x6060, 0x6169, 0x8787, 0x8787, 0x8787,
    0x6169, 0x8787, 0x8787, 0x8787, 0x6161, 0x6161, 0x6161, 0x6161, 0x6F6F, 0x6F6F, 0x616F, 0x6060,
    0x7070, 0x7070, 0x616F, 0x5F5F, 0x814F, 0x7481, 0x8174, 0x7272, 0x814F, 0x7472, 0x7274, 0x7272,
    0x8181, 0x7472, 0x7274, 0x7272, 0x8181, 0x7472, 0x7274, 0x7272, 0x7281, 0x7472, 0x7274, 0x7272,
    0x7281, 0x7372, 0x7273, 0x7474, 0x7281, 0x7372, 0x7273, 0x7474, 0x7281, 0x7372, 0x7273, 0x7474,
    0x7272, 0x7272, 0x7272, 0x7272, 0x7272, 0x7272, 0x7272, 0x7272, 0x7272, 0x7272, 0x7272, 0x7272,
    0x7272, 0x7272, 0x7272, 0x7272, 0x7272, 0x7272, 0x7272, 0x7272, 0x7474, 0x7474, 0x7474, 0x7474,
    0x7474, 0x7474, 0x7474, 0x7474, 0x7474, 0x7474, 0x7474, 0x7474, 0x7272, 0x8172, 0x744F, 0x7474,
    0x7272, 0x7272, 0x744F, 0x7474, 0x7272, 0x7272, 0x7481, 0x7474, 0x7272, 0x7272, 0x7481, 0x7474,
    0x7272, 0x7272, 0x7481, 0x7474, 0x7474, 0x7274, 0x7381, 0x7373, 0x7474, 0x7274, 0x7381, 0x7373,
    0x7474, 0x7274, 0x7381, 0x7373, 0x7657, 0x7676, 0x8686, 0x8686, 0x7657, 0x7676, 0x8686, 0x8686,
    0x7657, 0x7676, 0x8686, 0x8686, 0x7657, 0x7676, 0x8686, 0x8686, 0x7657, 0x7676, 0x7676, 0x7676,
    0x7657, 0x7676, 0x5757, 0x5757, 0x7657, 0x7676, 0x7474, 0x7474, 0x7657, 0x7676, 0x8686, 0x8686,
    0x8686, 0x7686, 0x8676, 0x8686, 0x8686, 0x7686, 0x8676, 0x8686, 0x8686, 0x7686, 0x8676, 0x8686,
    0x8686, 0x7686, 0x8676, 0x8686, 0x7676, 0x7676, 0x7676, 0x7676, 0x5757, 0x7657, 0x5776, 0x5757,
    0x7474, 0x7674, 0x7476, 0x7474, 0x8686, 0x7686, 0x8676, 0x8686, 0x7657, 0x7676, 0x8686, 0x8686,
    0x7657, 0x7676, 0x8686, 0x8686, 0x7657, 0x7676, 0x7676, 0x7676, 0x7657, 0x7676, 0x7676, 0x7676,
    0x7657, 0x7676, 0x7676, 0x7676, 0x5757, 0x5757, 0x5757, 0x5757, 0x7979, 0x7979, 0x7979, 0x5D79,
    0x8989, 0x8989, 0x8989, 0x8088, 0x8686, 0x7686, 0x8676, 0x8686, 0x8686, 0x7686, 0x8676, 0x8686,
    0x7676, 0x7676, 0x7676, 0x7676, 0x7676, 0x7676, 0x7676, 0x7676, 0x7676, 0x7676, 0x7676, 0x7676,
    0x5757, 0x5757, 0x5757, 0x5757, 0x7979, 0x7979, 0x7979, 0x7979, 0x8989, 0x8989, 0x8989, 0x8989,
    0x8282, 0x8383, 0x2D83, 0x2D2D, 0x2D2D, 0x2D2D, 0x772D, 0x2D2D, 0x8282, 0x8282, 0x8282, 0x2D2D,
    0x8383, 0x8282, 0x8383, 0x2D82, 0x8383, 0x8382, 0x8383, 0x8283, 0x8383, 0x8382, 0x8383, 0x8383,
    0x8383, 0x8382, 0x8383, 0x8383, 0x8283, 0x8282, 0x8382, 0x8383, 0x2D2D, 0x2D2D, 0x772D, 0x832D,
    0x2D2D, 0x2D2D, 0x2D2D, 0x2D77, 0x2D2D, 0x2D2D, 0x2D2D, 0x822D, 0x2D2D, 0x772D, 0x822D, 0x8383,
    0x8283, 0x2D77, 0x8382, 0x8383, 0x8383, 0x2D2D, 0x8383, 0x8383, 0x8383, 0x2D2D, 0x8382, 0x8383,
    0x8383, 0x2D82, 0x822D, 0x8383, 0x8989, 0x8989, 0x8989, 0x8088, 0x6180, 0x8080, 0x8080, 0x6180,
    0x8088, 0x8888, 0x8888, 0x8888, 0x8088, 0x8888, 0x8888, 0x8888, 0x8088, 0x8888, 0x8888, 0x8888,
    0x6180, 0x8080, 0x8080, 0x6180, 0x8888, 0x8888, 0x8888, 0x8088, 0x8989, 0x8989, 0x8989, 0x8088,
    0x8989, 0x8989, 0x8989, 0x8989, 0x8080, 0x8080, 0x6180, 0x8080, 0x8888, 0x8888, 0x8088, 0x8888,
    0x8888, 0x8888, 0x8088, 0x8989, 0x8888, 0x8888, 0x8088, 0x8989, 0x8080, 0x8080, 0x6180, 0x8080,
    0x8888, 0x8888, 0x8888, 0x8888, 0x8989, 0x8989, 0x8989, 0x8989, 0x7C59, 0x7C7C, 0x7C7C, 0x7C7C,
    0x7A59, 0x7C7A, 0x7C7C, 0x7C7C, 0x7A59, 0x7A7A, 0x7C7A, 0x7C7C, 0x7A59, 0x7A7A, 0x7A7A, 0x7C7A,
    0x7A59, 0x7A7A, 0x7A7A, 0x7A7A, 0x7A7A, 0x7A7A, 0x7A7A, 0x7A7A, 0x7B7A, 0x7B7B, 0x7B7B, 0x7B7B,
    0x7C7C, 0x7C7C, 0x7C7C, 0x7C7C, 0x7C7C, 0x7C7C, 0x7C7C, 0x7D7C, 0x7C7C, 0x7C7C, 0x7C7C, 0x7D7C,
    0x7C7C, 0x7C7C, 0x7C7C, 0x7D7C, 0x7C7C, 0x7C7C, 0x7C7C, 0x7D7C, 0x7C7A, 0x7C7C, 0x7C7C, 0x7D7C,
    0x7A7A, 0x7C7B, 0x7C7C, 0x7D7C, 0x7B7B, 0x7B7B, 0x7C7B, 0x7D7C, 0x7C7C, 0x7C7C, 0x7C7C, 0x7D7C,
    0x5D79, 0x795D, 0x5779, 0x575C, 0x5D5D, 0x795D, 0x575C, 0x575C, 0x5D79, 0x7979, 0x575C, 0x575C,
    0x5D79, 0x7979, 0x575C, 0x575C, 0x5D79, 0x7979, 0x575C, 0x575C, 0x5D5D, 0x7979, 0x575C, 0x575C,
    0x5D79, 0x7979, 0x575C, 0x575C, 0x5D79, 0x795C, 0x575C, 0x575C, 0x576A, 0x766A, 0x576A, 0x8989,
    0x576A, 0x766A, 0x576A, 0x8080, 0x576A, 0x766A, 0x576A, 0x8888, 0x576A, 0x766A, 0x576A, 0x8989,
    0x576A, 0x766A, 0x576A, 0x8989, 0x576A, 0x766A, 0x576A, 0x8080, 0x576A, 0x766A, 0x576A, 0x8888,
    0x576A, 0x766A, 0x576A, 0x8989, 0x6A5D, 0x795C, 0x575C, 0x575C, 0x6A5D, 0x795C, 0x575C, 0x575C,
    0x6A5D, 0x795C, 0x575C, 0x575C, 0x6A5D, 0x795C, 0x575C, 0x575C, 0x6A5D, 0x795C, 0x575C, 0x575C,
    0x6A5D, 0x7957, 0x575C, 0x575C, 0x6A5D, 0x796A, 0x575C, 0x575C, 0x6A5D, 0x576A, 0x575C, 0x575C,
    0x576A, 0x766A, 0x576A, 0x6B76, 0x576A, 0x766A, 0x576A, 0x6B76, 0x576A, 0x766A, 0x576A, 0x6B76,
    0x576A, 0x766A, 0x576A, 0x6B76, 0x576A, 0x766A, 0x576A, 0x6B76, 0x576A, 0x766A, 0x6A6A, 0x6B76,
    0x576A, 0x766A, 0x766A, 0x6B76, 0x576A, 0x766A, 0x7676, 0x6B76, 0x6E6E, 0x6E6E, 0x6E6E, 0x6E6E,
    0x6E6E, 0x6E6E, 0x6E6E, 0x6E6E, 0x6E6E, 0x6E6E, 0x6E6E, 0x6E6E, 0x6E6E, 0x6E6E, 0x6E6E, 0x6E6E,
    0x6E6E, 0x6E6E, 0x6E6E, 0x6E6E, 0x5D5D, 0x5D5D, 0x5D5D, 0x5D5D, 0x5D5D, 0x5D5D, 0x5D5D, 0x5D5D,
    0x5D5D, 0x5D5D, 0x5D5D, 0x5D5D, 0x5D5D, 0x5D5D, 0x5D5D, 0x5D5D, 0x5D5D, 0x5D5D, 0x5D5D, 0x5D5D,
    0x5D5D, 0x5D5D, 0x5D5D, 0x5D5D, 0x5D5D, 0x5D5D, 0x5D5D, 0x5D5D, 0x5D5D, 0x5D5D, 0x5D5D, 0x5D5D,
    0x6464, 0x6464, 0x6464, 0x6464, 0x6464, 0x6464, 0x6464, 0x6464, 0x6464, 0x6464, 0x6464, 0x6464,
    0x6E6E, 0x6E6E, 0x6E6E, 0x6E6E, 0x6E6E, 0x6E6E, 0x6E6E, 0x5D1A, 0x6E6E, 0x6E6E, 0x5D1A, 0x5D5D,
    0x6E6E, 0x5D1A, 0x5D5D, 0x5D5D, 0x5D1A, 0x5D5D, 0x5D5D, 0x775D, 0x5D5D, 0x5D5D, 0x775D, 0x832D,
    0x5D5D, 0x775D, 0x2D2D, 0x8282, 0x775D, 0x7777, 0x2D77, 0x822D, 0x5D1A, 0x5D5D, 0x5D5D, 0x2D5D,
    0x5D5D, 0x5D5D, 0x2D5D, 0x2D82, 0x5D5D, 0x825D, 0x8383, 0x8383, 0x2D5D, 0x8382, 0x8383, 0x8383,
    0x2D2D, 0x2D2D, 0x822D, 0x8383, 0x8383, 0x8383, 0x2D83, 0x8383, 0x8383, 0x8383, 0x2D83, 0x8282,
    0x8383, 0x8383, 0x2D83, 0x7782, 0x5D2D, 0x5D5D, 0x5D5D, 0x1A5D, 0x2D2D, 0x5D2D, 0x5D5D, 0x5D5D,
    0x8282, 0x8382, 0x5D82, 0x5D5D, 0x8283, 0x8383, 0x8383, 0x5D82, 0x8283, 0x8383, 0x8383, 0x2D82,
    0x8283, 0x8383, 0x8283, 0x832D, 0x8282, 0x8382, 0x2D82, 0x8282, 0x7777, 0x7777, 0x2D77, 0x822D,
    0x6E6E, 0x6E6E, 0x6E6E, 0x6E6E, 0x1A5D, 0x6E6E, 0x6E6E, 0x6E6E, 0x5D5D, 0x1A5D, 0x6E6E, 0x6E6E,
    0x5D5D, 0x5D5D, 0x1A5D, 0x6E6E, 0x5D2D, 0x5D5D, 0x5D5D, 0x1A5D, 0x8383, 0x5D82, 0x5D5D, 0x5D5D,
    0x8383, 0x8383, 0x5D82, 0x5D5D, 0x8383, 0x8383, 0x2D83, 0x5D82, 0x7F6B, 0x7F7F, 0x7F7F, 0x7F7F,
    0x6B6B, 0x7F6B, 0x7F7F, 0x7F7F, 0x6B6B, 0x6B6B, 0x7F6B, 0x7F7F, 0x6B6B, 0x6B6B, 0x6B6B, 0x7F6B,
    0x6B6B, 0x6B6B, 0x6B6B, 0x6B6B, 0x6B6B, 0x6B6B, 0x6B6B, 0x6B6B, 0x6B6B, 0x6B6B, 0x6B6B, 0x6B6B,
    0x6B6B, 0x6B6B, 0x6B6B, 0x6B6B, 0x7F7F, 0x7F7F, 0x7F7F, 0x7F7F, 0x7F7F, 0x7F7F, 0x7F7F, 0x7F7F,
    0x7F7F, 0x7F7F, 0x7F7F, 0x7F7F, 0x7F7F, 0x7F7F, 0x7F7F, 0x7F7F, 0x7F6B, 0x7F7F, 0x7F7F, 0x7F7F,
    0x6B6B, 0x7F6B, 0x7F7F, 0x7F7F, 0x6B6B, 0x6B6B, 0x7F6B, 0x7F7F, 0x6B6B, 0x6B6B, 0x6B6B, 0x7F6B,
    0x7070, 0x7070, 0x7070, 0x7070, 0x7070, 0x7070, 0x7070, 0x7070, 0x7070, 0x7070, 0x7070, 0x7070,
    0x7070, 0x7070, 0x7070, 0x7070, 0x7E7E, 0x7E7E, 0x7E7E, 0x7E7E, 0x7E7E, 0x7E7E, 0x7E7E, 0x7E7E,
    0x7E7E, 0x7E7E, 0x7E7E, 0x7E7E, 0x7E7E, 0x7E7E, 0x7E7E, 0x7E7E, 0x5D5D, 0x5D5D, 0x5D5D, 0x5D5D,
    0x5D5D, 0x5D5D, 0x5D5D, 0x5D5D, 0x5D5D, 0x5D5D, 0x5D5D, 0x5D5D, 0x5D5D, 0x5D5D, 0x5D5D, 0x5D5D,
    0x5D5D, 0x5D5D, 0x5D5D, 0x5D5D, 0x5D5D, 0x5D5D, 0x5D5D, 0x5D5D, 0x5D5D, 0x5D5D, 0x5D5D, 0x5D5D,
    0x5D5D, 0x5D5D, 0x5D5D, 0x5D5D, 0x8080, 0x8080, 0x8080, 0x8080, 0x8080, 0x8080, 0x8080, 0x8080,
    0x8080, 0x8080, 0x8080, 0x8080, 0x8080, 0x8080, 0x8080, 0x8080, 0x8080, 0x8080, 0x8080, 0x8080,
    0x8080, 0x8080, 0x8080, 0x8080, 0x8080, 0x8080, 0x8080, 0x8080, 0x8080, 0x8080, 0x8080, 0x8080,
    0x8B8A, 0x8B8B, 0x8B77, 0x7F77, 0x8B8A, 0x8B8B, 0x7777, 0x5D8B, 0x8B8A, 0x8B8B, 0x7777, 0x5D77,
    0x8B8A, 0x8A8B, 0x5D77, 0x7F5D, 0x8B8B, 0x8B8A, 0x5D77, 0x7F5D, 0x778B, 0x8B8B, 0x5D5D, 0x7F5D,
    0x778B, 0x8B8B, 0x5D77, 0x7F5D, 0x778B, 0x8B8B, 0x5D77, 0x7F5D, 0x6B6B, 0x6B6B, 0x6B6B, 0x6B6B,
    0x6B6E, 0x6B6B, 0x6B6B, 0x6B6B, 0x6E6E, 0x6E6E, 0x6E6B, 0x6E6B, 0x6E6E, 0x6B6E, 0x6B6B, 0x6B6B,
    0x6E6B, 0x6B6B, 0x6B6B, 0x6B6B, 0x6B6B, 0x6E6E, 0x6E6E, 0x6E6E, 0x6E6E, 0x6B6E, 0x6E6E, 0x6E6E,
    0x6E6E, 0x6B6B, 0x6B6B, 0x6B6B, 0x7070, 0x7070, 0x616F, 0x5F5F, 0x6161, 0x6161, 0x6161, 0x6161,
    0x6170, 0x6969, 0x6969, 0x6969, 0x6170, 0x6868, 0x6868, 0x6868, 0x6170, 0x6868, 0x6868, 0x6868,
    0x6161, 0x6161, 0x6161, 0x6161, 0x6262, 0x6262, 0x6162, 0x6969, 0x6363, 0x6363, 0x6162, 0x6868,
    0x7281, 0x7372, 0x7273, 0x7474, 0x7281, 0x7372, 0x7273, 0x7474, 0x7281, 0x7372, 0x7273, 0x7474,
    0x7281, 0x7372, 0x7273, 0x7272, 0x7281, 0x7372, 0x7373, 0x7373, 0x7281, 0x7372, 0x7373, 0x7373,
    0x7281, 0x7372, 0x7373, 0x7373, 0x7281, 0x7372, 0x8173, 0x8181, 0x7474, 0x7474, 0x7474, 0x7474,
    0x7474, 0x7474, 0x7474, 0x7474, 0x7474, 0x7474, 0x7474, 0x7474, 0x7272, 0x7272, 0x7272, 0x7272,
    0x7373, 0x7373, 0x7373, 0x7373, 0x7373, 0x7373, 0x7373, 0x7373, 0x7373, 0x7373, 0x7373, 0x7373,
    0x8181, 0x8181, 0x8181, 0x8181, 0x7474, 0x7274, 0x7381, 0x7373, 0x7474, 0x7274, 0x7381, 0x7381,
    0x7474, 0x7274, 0x7381, 0x7381, 0x7272, 0x7272, 0x7381, 0x7381, 0x7373, 0x7373, 0x7373, 0x7381,
    0x7373, 0x7373, 0x7373, 0x7381, 0x7373, 0x7373, 0x7373, 0x7381, 0x8181, 0x8181, 0x7381, 0x7381,
    0x7657, 0x7676, 0x8686, 0x8686, 0x7657, 0x7676, 0x8686, 0x8686, 0x7657, 0x7676, 0x8686, 0x8686,
    0x7657, 0x7676, 0x8686, 0x8686, 0x7657, 0x7676, 0x8686, 0x8686, 0x7657, 0x7676, 0x8686, 0x8686,
    0x7657, 0x7676, 0x7676, 0x7676, 0x7657, 0x7676, 0x5757, 0x5757, 0x8686, 0x7686, 0x8676, 0x8686,
    0x8686, 0x7686, 0x8676, 0x8686, 0x8686, 0x7686, 0x8676, 0x8686, 0x8686, 0x7686, 0x8676, 0x8686,
    0x8686, 0x7686, 0x8676, 0x8686, 0x8686, 0x7686, 0x8676, 0x8686, 0x7676, 0x7676, 0x7676, 0x7676,
    0x5757, 0x7657, 0x5776, 0x5757, 0x7657, 0x7676, 0x8686, 0x8686, 0x7657, 0x7676, 0x8686, 0x8686,
    0x7657, 0x7676, 0x7676, 0x7676, 0x7657, 0x7676, 0x7676, 0x7676, 0x7657, 0x7676, 0x7676, 0x7676,
    0x5757, 0x5757, 0x5757, 0x5757, 0x7575, 0x6F75, 0x755F, 0x7575, 0x5F5F, 0x5F5F, 0x6160, 0x7070,
    0x8686, 0x7686, 0x8676, 0x8686, 0x8686, 0x7686, 0x8676, 0x8686, 0x7676, 0x7676, 0x7676, 0x7676,
    0x7676, 0x7676, 0x7676, 0x7676, 0x7676, 0x7676, 0x7676, 0x7676, 0x5757, 0x5757, 0x5757, 0x5757,
    0x7575, 0x7575, 0x5F6F, 0x7575, 0x7070, 0x7070, 0x616F, 0x5F5F, 0x8C8C, 0x8C8C, 0x8E8D, 0x8D8D,
    0x8E8E, 0x8E8E, 0x8E8E, 0x8E8E, 0x8E8F, 0x8D8D, 0x8D8D, 0x8D8D, 0x8E8F, 0x9595, 0x9595, 0x9595,
    0x8E8F, 0x9595, 0x9595, 0x9595, 0x8E8E, 0x8E8E, 0x8E8E, 0x8E8E, 0x9797, 0x9797, 0x8E97, 0x9595,
    0x8D8D, 0x8D8D, 0x8E97, 0x9898, 0x8D8D, 0x8D8D, 0x8E8F, 0x8C8C, 0x8E8E, 0x8E8E, 0x8E8E, 0x8E8E,
    0x8E8D, 0x9494, 0x9494, 0x9494, 0x8E8D, 0x8D8D, 0x8D8D, 0x8D8D, 0x8E8D, 0x8D8D, 0x8D8D, 0x8D8D,
    0x8E8E, 0x8E8E, 0x8E8E, 0x8E8E, 0x9595, 0x9595, 0x8E95, 0x9797, 0x9898, 0x9898, 0x8E95, 0x8D8D,
    0x7A7A, 0x7A7A, 0x7A7A, 0x7A7A, 0x7A7A, 0x7A7A, 0x7A7A, 0x7A7A, 0x7A59, 0x7A7A, 0x7A7A, 0x7A7A,
    0x7A59, 0x7A7A, 0x7A7A, 0x7A7A, 0x7A59, 0x7A7A, 0x7A7A, 0x7A7A, 0x7A59, 0x7A7A, 0x7A7A, 0x7A7A,
    0x7A59, 0x7A7A, 0x7A7A, 0x7A7A, 0x7A59, 0x7A7A, 0x7A7A, 0x7A7A, 0x7A7A, 0x7A7A, 0x7A7A, 0x7C7A,
    0x7A7A, 0x7A7A, 0x7A7A, 0x7C7B, 0x7A7A, 0x7A7A, 0x7A7A, 0x7C7B, 0x7A7A, 0x7A7A, 0x7A7A, 0x7C7B,
    0x7A7A, 0x7A7A, 0x7A7A, 0x7C7B, 0x7A7A, 0x7A7A, 0x7A7A, 0x7C7B, 0x7A7A, 0x7A7A, 0x7A7A, 0x7C7B,
    0x7A7A, 0x7A7A, 0x7A7A, 0x7C7B, 0x7C7C, 0x7C7C, 0x7C7C, 0x7C7C, 0x7C7C, 0x7C7C, 0x7C7C, 0x7C7C,
    0x7C7B, 0x7C7C, 0x7C7C, 0x7C7C, 0x7C7B, 0x7C7C, 0x7C7C, 0x7C7C, 0x7C7B, 0x7C7C, 0x7C7C, 0x7C7C,
    0x7C7B, 0x7C7C, 0x7C7C, 0x7C7C, 0x7C7B, 0x7C7C, 0x7C7C, 0x7C7C, 0x7C7B, 0x7C7C, 0x7C7C, 0x7C7C,
    0x7C7C, 0x7C7C, 0x7C7C, 0x7D7C, 0x7C7C, 0x7C7C, 0x7C7C, 0x7D7C, 0x7C7C, 0x7C7C, 0x7C7C, 0x7D7C,
    0x7C7C, 0x7C7C, 0x7C7C, 0x7D7C, 0x7C7C, 0x7C7C, 0x7C7C, 0x7D7C, 0x7C7C, 0x7C7C, 0x7C7C, 0x7D7C,
    0x7C7C, 0x7C7C, 0x7C7C, 0x7D7C, 0x7C7C, 0x7C7C, 0x7C7C, 0x7D7C, 0x5D79, 0x795C, 0x575C, 0x575C,
    0x5D5D, 0x795C, 0x575C, 0x575C, 0x5D79, 0x795C, 0x575C, 0x575C, 0x5D79, 0x795C, 0x575C, 0x575C,
    0x5D79, 0x795C, 0x575C, 0x575C, 0x5D5D, 0x795C, 0x575C, 0x575C, 0x5D79, 0x795C, 0x575C, 0x575C,
    0x5D79, 0x795C, 0x575C, 0x575C, 0x0000, 0x0000, 0x0000, 0x0000, 0x0000, 0x0000, 0x0000, 0x0000,
    0x0000, 0x0000, 0x0000, 0x0000, 0x0000, 0x0000, 0x0000, 0x6B00, 0x0000, 0x0000, 0x6B00, 0x6B6B,
    0x0000, 0x6B6B, 0x6B6A, 0x6B6B, 0x6A00, 0x6A6A, 0x6A6A, 0x6B6A, 0x6B6B, 0x6B6B, 0x6A6A, 0x6A6A,
    0x765D, 0x6A76, 0x576A, 0x575C, 0x765D, 0x7676, 0x6A76, 0x576A, 0x765D, 0x7676, 0x7676, 0x7676,
    0x575D, 0x5757, 0x5757, 0x5757, 0x965D, 0x5D5C, 0x5D5D, 0x5D5D, 0x575D, 0x5757, 0x5757, 0x5757,
    0x575D, 0x5757, 0x5757, 0x5757, 0x575D, 0x5757, 0x5757, 0x5757, 0x576A, 0x766A, 0x7676, 0x6B76,
    0x6A6A, 0x7676, 0x7676, 0x6B76, 0x7676, 0x7676, 0x7676, 0x6B76, 0x5757, 0x5757, 0x5757, 0x6B57,
    0x5C5C, 0x575C, 0x5757, 0x6B96, 0x5757, 0x5757, 0x5757, 0x6B57, 0x5757, 0x5757, 0x5757, 0x6B57,
    0x5757, 0x5757, 0x5757, 0x6B57, 0x6B6B, 0x6B6B, 0x6B6B, 0x6B6B, 0x6B6B, 0x6B6B, 0x6B6B, 0x6B6B,
    0x6B6B, 0x6B6B, 0x6B6B, 0x6B6B, 0x6B6B, 0x6B6B, 0x6B6B, 0x6B6B, 0x6B6B, 0x6B6B, 0x6B6B, 0x6B6B,
    0x6B6B, 0x6B6B, 0x6B6B, 0x6B6B, 0x6B6B, 0x6B6B, 0x6B6B, 0x6B6B, 0x6B6B, 0x6B6B, 0x6B6B, 0x6B6B,
    0x6B6B, 0x6B6B, 0x6B6B, 0x6B6B, 0x5D5D, 0x5D5D, 0x5D5D, 0x645D, 0x5D5D, 0x5D5D, 0x5D5D, 0x6464,
    0x5D5D, 0x5D5D, 0x645D, 0x6464, 0x6E6E, 0x6E6E, 0x5D5D, 0x5D5D, 0x6E6E, 0x5D6E, 0x5D5D, 0x5D5D,
    0x6E6E, 0x5D5D, 0x5D5D, 0x5D5D, 0x5D6E, 0x5D5D, 0x5D5D, 0x5D5D, 0x9190, 0x9191, 0x9291, 0x2B91,
    0x9065, 0x9193, 0x9191, 0x9192, 0x656C, 0x6493, 0x915E, 0x8B91, 0x2424, 0x9064, 0x9393, 0x2B90,
    0x656C, 0x6564, 0x9390, 0x905E, 0x6524, 0x6424, 0x9324, 0x5E93, 0x2465, 0x2424, 0x2465, 0x5E93,
    0x2465, 0x2424, 0x656C, 0x5E24, 0x8B8B, 0x2B2B, 0x912B, 0x9191, 0x9191, 0x9191, 0x9291, 0x9191,
    0x8B8B, 0x8B8B, 0x8B8B, 0x9191, 0x2B2B, 0x8B8B, 0x2B2B, 0x918B, 0x2B64, 0x2B8B, 0x2B2B, 0x8B2B,
    0x9090, 0x2B93, 0x2B2B, 0x2B2B, 0x9390, 0x9393, 0x2B90, 0x2B2B, 0x9393, 0x9393, 0x9064, 0x2B93,
    0x9191, 0x9191, 0x9291, 0x2B91, 0x9191, 0x9191, 0x9191, 0x9192, 0x9191, 0x9191, 0x9191, 0x8B91,
    0x9191, 0x9291, 0x8B91, 0x2B2B, 0x8B2B, 0x9192, 0x2B8B, 0x2B2B, 0x2B2B, 0x9191, 0x2B2B, 0x2B2B,
    0x2B2B, 0x9191, 0x2B8B, 0x2B2B, 0x2B2B, 0x918B, 0x8B91, 0x2B2B, 0x8B8B, 0x2B2B, 0x912B, 0x9191,
    0x9191, 0x9191, 0x9291, 0x9191, 0x8B8B, 0x8B8B, 0x8B8B, 0x9191, 0x2B2B, 0x8B8B, 0x2B2B, 0x918B,
    0x2B2B, 0x2B8B, 0x2B2B, 0x8B2B, 0x2B2B, 0x2B8B, 0x2B2B, 0x2B2B, 0x2B2B, 0x2B8B, 0x2B2B, 0x2B2B,
    0x8B2B, 0x8B8B, 0x2B8B, 0x2B2B, 0x7575, 0x7575, 0x4F4F, 0x4F4F, 0x7F7F, 0x4F7F, 0x8B8B, 0x8B8B,
    0x845F, 0x8B4F, 0x8A8B, 0x8A8A, 0x845F, 0x774F, 0x8A8A, 0x8A8A, 0x845F, 0x8A75, 0x8A8A, 0x8A8A,
    0x7979, 0x8B75, 0x8B8B, 0x7878, 0x5F5F, 0x8B75, 0x7878, 0x7878, 0x5F5F, 0x8B75, 0x7878, 0x7878,
    0x4F4F, 0x4F4F, 0x4F4F, 0x4F4F, 0x8B8B, 0x8B8B, 0x8B8B, 0x8B8B, 0x8A8A, 0x8A8A, 0x8A8A, 0x8A8A,
    0x8A8A, 0x8A8A, 0x8A8A, 0x8A8A, 0x8A8A, 0x8A8A, 0x798A, 0x7979, 0x8B8B, 0x8B8B, 0x788B, 0x7878,
    0x788B, 0x8B8B, 0x788B, 0x7878, 0x788B, 0x7878, 0x8B8B, 0x8B8B, 0x4F4F, 0x4F4F, 0x4F4F, 0x4F4F,
    0x8B8B, 0x8B8B, 0x8B8B, 0x8B8B, 0x8A8A, 0x8A8A, 0x8A8A, 0x8A8A, 0x8A8A, 0x8A8A, 0x8A8A, 0x8A8A,
    0x7979, 0x8A8A, 0x8A8A, 0x8A8A, 0x7878, 0x8B8B, 0x8B8B, 0x8B8B, 0x7878, 0x8B8B, 0x8B8B, 0x8B8B,
    0x8B8B, 0x788B, 0x7878, 0x8B8B, 0x4F4F, 0x4F4F, 0x7F5F, 0x7575, 0x8B8B, 0x8B8B, 0x7F4F, 0x7F7F,
    0x8A8A, 0x8B8A, 0x4F8B, 0x5F5F, 0x8A8A, 0x8A8A, 0x4F77, 0x5F5F, 0x8A8A, 0x8A8A, 0x758A, 0x5F5F,
    0x7878, 0x8B8B, 0x758B, 0x7979, 0x7878, 0x7878, 0x758B, 0x5F5F, 0x7878, 0x7878, 0x758B, 0x5F5F,
    0x6B6B, 0x6B6B, 0x6B6B, 0x6B6B, 0x6B6B, 0x6B6B, 0x6B6B, 0x6B6B, 0x6B6B, 0x6B6B, 0x6B6B, 0x6B6B,
    0x7676, 0x7676, 0x7676, 0x7676, 0x5D5D, 0x5D5D, 0x5D5D, 0x5D5D, 0x5D5D, 0x5D5D, 0x5D5D, 0x5D5D,
    0x5D5D, 0x5D5D, 0x5D5D, 0x5D5D, 0x5D5D, 0x5D5D, 0x5D5D, 0x5D5D, 0x0000, 0x0000, 0x0000, 0x0000,
    0x0000, 0x0000, 0x0064, 0x0000, 0x0000, 0x6400, 0x646D, 0x0000, 0x0000, 0x6400, 0x646D, 0x0000,
    0x0000, 0x6D00, 0x6D6D, 0x0000, 0x0000, 0x0000, 0x006D, 0x0000, 0x0000, 0x0000, 0x0064, 0x0000,
    0x0000, 0x0000, 0x6D6D, 0x6D6D, 0x0000, 0x0000, 0x0000, 0x0000, 0x0000, 0x0000, 0x0064, 0x0000,
    0x0000, 0x6400, 0x646D, 0x0000, 0x0000, 0x6400, 0x646D, 0x0000, 0x0000, 0x6D00, 0x6D6D, 0x0000,
    0x0000, 0x0000, 0x006D, 0x0000, 0x0000, 0x0000, 0x0064, 0x0000, 0x6D6D, 0x6D6D, 0x006D, 0x0000,
    0x0000, 0x0000, 0x0000, 0x0000, 0x0000, 0x0000, 0x0064, 0x0000, 0x0000, 0x6400, 0x646D, 0x0000,
    0x0000, 0x6400, 0x646D, 0x0000, 0x0000, 0x6D00, 0x6D6D, 0x0000, 0x0000, 0x0000, 0x006D, 0x0000,
    0x0000, 0x0000, 0x0064, 0x0000, 0x6D6D, 0x6D6D, 0x6D6D, 0x6D6D, 0x6B6B, 0x6B6B, 0x6A6A, 0x6A6A,
    0x6B6A, 0x6B6A, 0x6B6B, 0x6B6B, 0x6B6B, 0x6B6B, 0x6B6B, 0x6B6B, 0x6A6B, 0x6A6A, 0x6A6A, 0x6A6B,
    0x6A6A, 0x6A6A, 0x6A6A, 0x6B6B, 0x6B6B, 0x6B6B, 0x6B6B, 0x6B6B, 0x6B6B, 0x6B6B, 0x6A6A, 0x6B6A,
    0x6B6B, 0x6A6B, 0x6A6A, 0x6A6A, 0x726D, 0x7372, 0x7273, 0x7474, 0x726D, 0x7372, 0x7273, 0x7474,
    0x726D, 0x7372, 0x7273, 0x7474, 0x726D, 0x7372, 0x7273, 0x7474, 0x726D, 0x7372, 0x7273, 0x7474,
    0x726D, 0x7372, 0x7273, 0x7474, 0x726D, 0x7372, 0x7273, 0x7474, 0x726D, 0x7372, 0x7273, 0x7474,
    0x7474, 0x7474, 0x7474, 0x7474, 0x7474, 0x7474, 0x7474, 0x7474, 0x7474, 0x7474, 0x7474, 0x7474,
    0x7474, 0x7474, 0x7474, 0x7474, 0x7474, 0x7474, 0x7474, 0x7474, 0x7474, 0x7474, 0x7474, 0x7474,
    0x7474, 0x7474, 0x7474, 0x7474, 0x7474, 0x7474, 0x7474, 0x7474, 0x7474, 0x7274, 0x736D, 0x7373,
    0x7474, 0x7274, 0x736D, 0x7373, 0x7474, 0x7274, 0x736D, 0x7373, 0x7474, 0x7274, 0x736D, 0x7373,
    0x7474, 0x7274, 0x736D, 0x7373, 0x7474, 0x7274, 0x736D, 0x7373, 0x7474, 0x7274, 0x736D, 0x7373,
    0x7474, 0x7274, 0x736D, 0x7373, 0x7657, 0x7676, 0x7474, 0x7474, 0x7657, 0x7676, 0x8686, 0x8686,
    0x7657, 0x7676, 0x8686, 0x8686, 0x7657, 0x7676, 0x8686, 0x8686, 0x7657, 0x7676, 0x8686, 0x8686,
    0x7657, 0x7676, 0x8686, 0x8686, 0x7657, 0x7676, 0x8686, 0x8686, 0x7657, 0x7676, 0x8686, 0x8686,
    0x7474, 0x7674, 0x7476, 0x7474, 0x8686, 0x7686, 0x8676, 0x8686, 0x8686, 0x7686, 0x8676, 0x8686,
    0x8686, 0x7686, 0x8676, 0x8686, 0x8686, 0x7686, 0x8676, 0x8686, 0x8686, 0x7686, 0x8676, 0x8686,
    0x8686, 0x7686, 0x8676, 0x8686, 0x8686, 0x7686, 0x8676, 0x8686, 0x7575, 0x5F79, 0x6868, 0x6868,
    0x7961, 0x8479, 0x7F84, 0x5D7F, 0x7575, 0x7575, 0x7575, 0x687F, 0x7575, 0x7575, 0x4F4F, 0x687F,
    0x7575, 0x7575, 0x4F4F, 0x687F, 0x7961, 0x8479, 0x7F84, 0x5D7F, 0x8484, 0x5F79, 0x6868, 0x6868,
    0x5F5F, 0x5F79, 0x7575, 0x7575, 0x6868, 0x6868, 0x795F, 0x7575, 0x7F5D, 0x617F, 0x6161, 0x6161,
    0x7F68, 0x7575, 0x7575, 0x7575, 0x7F68, 0x4F4F, 0x7575, 0x7575, 0x7F68, 0x4F4F, 0x7575, 0x7575,
    0x7F5D, 0x847F, 0x7984, 0x6179, 0x6868, 0x6868, 0x795F, 0x8484, 0x7575, 0x7575, 0x795F, 0x5F5F,
    0x8D8D, 0x8D8D, 0x8E97, 0x9898, 0x8E8E, 0x8E8E, 0x8E8E, 0x8E8E, 0x8E8D, 0x9898, 0x9898, 0x9898,
    0x8E8D, 0x4F4F, 0x4F4F, 0x4F4F, 0x8E8D, 0x4F4F, 0x4F4F, 0x4F4F, 0x8E8E, 0x8E8E, 0x8E8E, 0x8E8E,
    0x8D8D, 0x8D8D, 0x8E8D, 0x8F8F, 0x8C8C, 0x8C8C, 0x8E8D, 0x8D8D, 0x9898, 0x9898, 0x8E95, 0x8D8D,
    0x8E8E, 0x8E8E, 0x8E8E, 0x8E8E, 0x8E98, 0x8D8D, 0x8D8D, 0x8D8D, 0x8E98, 0x8C8C, 0x8C8C, 0x8C8C,
    0x8E98, 0x8C8C, 0x8C8C, 0x8C8C, 0x8E8E, 0x8E8E, 0x8E8E, 0x8E8E, 0x8F8F, 0x8F8F, 0x8E8F, 0x8D8D,
    0x8D8D, 0x8D8D, 0x8E8F, 0x8C8C, 0x7A59, 0x7A7A, 0x7A7A, 0x7A7A, 0x7A59, 0x7A7A, 0x7A7A, 0x7A7A,
    0x7A59, 0x7A7A, 0x7A7A, 0x7A7A, 0x7A59, 0x7A7A, 0x7A7A, 0x7A7A, 0x7A59, 0x7A7A, 0x7A7A, 0x7A7A,
    0x7A7A, 0x7A7A, 0x7A7A, 0x7A7A, 0x7B7A, 0x7B7B, 0x7B7B, 0x7B7B, 0x7C7C, 0x7C7C, 0x7C7C, 0x7C7C,
    0x7A7A, 0x7A7A, 0x7A7A, 0x7C7B, 0x7A7A, 0x7A7A, 0x7A7A, 0x7C7B, 0x7A7A, 0x7A7A, 0x7A7A, 0x7C7B,
    0x7A7A, 0x7A7A, 0x7A7A, 0x7C7B, 0x7A7A, 0x7A7A, 0x7A7A, 0x7C7B, 0x7A7A, 0x7A7B, 0x7B7A, 0x7C7B,
    0x7B7B, 0x7B7B, 0x7B7B, 0x7C7B, 0x7C7C, 0x7C7C, 0x7C7C, 0x7C7C, 0x7C7B, 0x7C7C, 0x7C7C, 0x7C7C,
    0x7C7B, 0x7C7C, 0x7C7C, 0x7C7C, 0x7C7B, 0x7C7C, 0x7C7C, 0x7C7C, 0x7C7B, 0x7C7C, 0x7C7C, 0x7C7C,
    0x7C7B, 0x7C7C, 0x7C7C, 0x7C7C, 0x7C7C, 0x7C7C, 0x7C7C, 0x7C7C, 0x7C7C, 0x7C7C, 0x7C7C, 0x7C7C,
    0x7D7D, 0x7D7D, 0x7D7D, 0x7D7D, 0x7C7C, 0x7C7C, 0x7C7C, 0x7D7C, 0x7C7C, 0x7C7C, 0x7C7C, 0x7D7C,
    0x7C7C, 0x7C7C, 0x7C7C, 0x7D7C, 0x7C7C, 0x7C7C, 0x7C7C, 0x7D7C, 0x7C7C, 0x7C7C, 0x7C7C, 0x7D7C,
    0x7C7C, 0x7C7C, 0x7C7C, 0x7D7C, 0x7C7C, 0x7C7C, 0x7C7C, 0x7D7C, 0x7D7D, 0x7D7D, 0x7D7D, 0x7D7D,
    0x5D5D, 0x795C, 0x575C, 0x575C, 0x5D5D, 0x795C, 0x575C, 0x575C, 0x5D5D, 0x795C, 0x575C, 0x575C,
    0x5D5D, 0x795C, 0x575C, 0x575C, 0x5D5D, 0x795C, 0x575C, 0x575C, 0x5D5D, 0x795C, 0x575C, 0x575C,
    0x5D5D, 0x795C, 0x575C, 0x575C, 0x5D5D, 0x795C, 0x575C, 0x575C, 0x576A, 0x766A, 0x576A, 0x6B6B,
    0x576A, 0x766A, 0x576A, 0x6B6B, 0x576A, 0x766A, 0x576A, 0x6B6B, 0x576A, 0x766A, 0x576A, 0x6B6B,
    0x576A, 0x766A, 0x576A, 0x6B6B, 0x576A, 0x766A, 0x576A, 0x6B6B, 0x576A, 0x766A, 0x576A, 0x6B6B,
    0x576A, 0x766A, 0x576A, 0x6B6B, 0x8C8C, 0x8C8C, 0x8E8D, 0x8D8D, 0x7F7F, 0x7F7F, 0x7F7F, 0x7F7F,
    0x1B99, 0x6F6F, 0x6F6F, 0x6F6F, 0x1A87, 0x8D8D, 0x8D8D, 0x8D8D, 0x9C9B, 0x8D8D, 0x8D8D, 0x8D8D,
    0x9C9C, 0x9C9C, 0x9C9C, 0x9C9C, 0x9B9B, 0x9B9B, 0x9C9B, 0x8D8D, 0x9A9A, 0x9A9A, 0x9C9B, 0x7070,
    0x8D8D, 0x8D8D, 0x8E8F, 0x8C8C, 0x7F7F, 0x7F7F, 0x7F7F, 0x7F7F, 0x1B6F, 0x9999, 0x9999, 0x9999,
    0x1A9A, 0x9A9A, 0x9A9A, 0x9A9A, 0x9C9A, 0x9A9A, 0x9A9A, 0x9A9A, 0x9C9C, 0x9C9C, 0x9C9C, 0x9C9C,
    0x8D8D, 0x8D8D, 0x9C8D, 0x9B9B, 0x7070, 0x7070, 0x9C8D, 0x9A9A, 0x6E6E, 0x6E6E, 0x6E6E, 0x6E6E,
    0x6E6E, 0x6E6E, 0x6E6E, 0x5D6E, 0x6E6E, 0x6E6E, 0x6E6E, 0x5D5D, 0x6E6E, 0x6E6E, 0x5D6E, 0x5D5D,
    0x6E6E, 0x6E6E, 0x5D5D, 0x5D5D, 0x5D5D, 0x645D, 0x6464, 0x6464, 0x5D5D, 0x6464, 0x6464, 0x6464,
    0x645D, 0x6464, 0x6464, 0x6464, 0x9191, 0x9291, 0x9292, 0x9292, 0x9191, 0x9191, 0x9191, 0x9291,
    0x8B8B, 0x2B8B, 0x2B2B, 0x918B, 0x8B2B, 0x2B2B, 0x2B2B, 0x912B, 0x8283, 0x8383, 0x8383, 0x2D82,
    0x8283, 0x8383, 0x8283, 0x832D, 0x8282, 0x8382, 0x2D82, 0x8282, 0x7777, 0x7777, 0x2D77, 0x822D,
    0x9090, 0x9393, 0x905E, 0x905E, 0x9065, 0x9393, 0x935E, 0x905E, 0x656C, 0x6493, 0x935E, 0x5E90,
    0x2424, 0x9064, 0x9393, 0x6490, 0x656C, 0x6564, 0x9390, 0x905E, 0x6524, 0x6424, 0x9324, 0x5E93,
    0x2465, 0x2424, 0x2465, 0x5E93, 0x2465, 0x2424, 0x656C, 0x5E24, 0x9191, 0x9291, 0x9292, 0x9292,
    0x9191, 0x9191, 0x9191, 0x9291, 0x8B8B, 0x2B8B, 0x2B2B, 0x918B, 0x8B2B, 0x2B2B, 0x2B2B, 0x912B,
    0x8B2B, 0x2B2B, 0x2B2B, 0x918B, 0x8B2B, 0x2B2B, 0x8B2B, 0x2B91, 0x8B8B, 0x2B8B, 0x918B, 0x8B8B,
    0x9292, 0x9292, 0x9192, 0x8B91, 0x9192, 0x9191, 0x9191, 0x9191, 0x8B91, 0x2B2B, 0x2B2B, 0x918B,
    0x2B8B, 0x2B2B, 0x2B2B, 0x2B2B, 0x2B2B, 0x2B2B, 0x2B2B, 0x2B2B, 0x9191, 0x9191, 0x8B91, 0x2B2B,
    0x2B2B, 0x2B2B, 0x912B, 0x2B2B, 0x2B2B, 0x2B2B, 0x912B, 0x8B8B, 0x2B2B, 0x2B2B, 0x912B, 0x928B,
    0x5F5F, 0x7775, 0x6E6E, 0x6E6E, 0x6161, 0x7775, 0x6E6E, 0x7777, 0x615F, 0x7775, 0x7777, 0x7777,
    0x615F, 0x7775, 0x7777, 0x7777, 0x615F, 0x7775, 0x7777, 0x7777, 0x6161, 0x7775, 0x7777, 0x7777,
    0x5F5F, 0x755F, 0x7777, 0x7777, 0x6868, 0x6868, 0x7575, 0x7575, 0x6E77, 0x6E6E, 0x7777, 0x7777,
    0x6E77, 0x6E6E, 0x7777, 0x7777, 0x7777, 0x6E6E, 0x6E77, 0x6E6E, 0x7777, 0x7777, 0x6E77, 0x6E6E,
    0x7777, 0x7777, 0x6E77, 0x6E6E, 0x7777, 0x7777, 0x7777, 0x6E6E, 0x7777, 0x7777, 0x7777, 0x7777,
    0x7575, 0x7575, 0x7575, 0x7575, 0x7777, 0x6E78, 0x6E6E, 0x7777, 0x7777, 0x6E6E, 0x6E6E, 0x7777,
    0x7777, 0x6E6E, 0x776E, 0x7777, 0x7777, 0x7777, 0x7777, 0x7878, 0x7777, 0x7777, 0x7777, 0x7878,
    0x7777, 0x7777, 0x7777, 0x7878, 0x7777, 0x7777, 0x7777, 0x7777, 0x7575, 0x7575, 0x7575, 0x7575,
    0x6E6E, 0x6E6E, 0x7577, 0x5F5F, 0x7777, 0x7777, 0x7577, 0x6161, 0x7878, 0x7777, 0x7577, 0x5F5F,
    0x7878, 0x7777, 0x7577, 0x6868, 0x7878, 0x7777, 0x7577, 0x6868, 0x7878, 0x7777, 0x7577, 0x6161,
    0x7777, 0x7777, 0x6175, 0x5F5F, 0x7575, 0x7575, 0x6184, 0x6868, 0x806B, 0x8080, 0x8080, 0x8080,
    0x6B6B, 0x806B, 0x8080, 0x8080, 0x6B6B, 0x6B6B, 0x806B, 0x8080, 0x7676, 0x7676, 0x7676, 0x7676,
    0x5D5D, 0x5D5D, 0x5D5D, 0x5D5D, 0x5D5D, 0x5D5D, 0x5D5D, 0x5D5D, 0x5D5D, 0x5D5D, 0x5D5D, 0x5D5D,
    0x5D5D, 0x5D5D, 0x5D5D, 0x5D5D, 0x0000, 0x0000, 0x006D, 0x0000, 0x0000, 0x0000, 0x0064, 0x0000,
    0x0000, 0x6400, 0x646D, 0x0000, 0x0000, 0x6400, 0x646D, 0x0000, 0x0000, 0x6D00, 0x6D6D, 0x0000,
    0x0000, 0x0000, 0x006D, 0x0000, 0x0000, 0x0000, 0x0064, 0x0000, 0x0000, 0x0000, 0x6D6D, 0x6D6D,
    0x0000, 0x0000, 0x006D, 0x0000, 0x0000, 0x0000, 0x0064, 0x0000, 0x0000, 0x6400, 0x646D, 0x0000,
    0x0000, 0x6400, 0x646D, 0x0000, 0x0000, 0x6D00, 0x6D6D, 0x0000, 0x0000, 0x0000, 0x006D, 0x0000,
    0x0000, 0x0000, 0x0064, 0x0000, 0x6D6D, 0x6D6D, 0x006D, 0x0000, 0x0000, 0x0000, 0x006D, 0x0000,
    0x0000, 0x0000, 0x0064, 0x0000, 0x0000, 0x0000, 0x006D, 0x0000, 0x6B6B, 0x6B6B, 0x6B6D, 0x6B6A,
    0x6B6B, 0x6B6B, 0x6B6D, 0x6B6B, 0x6B6B, 0x6B6B, 0x6B6B, 0x6B6B, 0x6A6B, 0x6A6A, 0x6A6A, 0x6B6A,
    0x6B6B, 0x6B6B, 0x6A6A, 0x6A6A, 0x0000, 0x0000, 0x006D, 0x0000, 0x0000, 0x0000, 0x006D, 0x0000,
    0x0000, 0x0000, 0x006D, 0x0000, 0x6A6B, 0x6A6A, 0x6A6D, 0x6B6B, 0x6A6A, 0x6A6A, 0x6A6D, 0x6B6A,
    0x6A6A, 0x6A6A, 0x6B6A, 0x6B6B, 0x6B6B, 0x6B6B, 0x6B6B, 0x6B6B, 0x6A6B, 0x6A6A, 0x6A6A, 0x6B6A,
    0x0000, 0x0000, 0x0000, 0x0000, 0x0000, 0x0000, 0x0000, 0x0000, 0x0000, 0x0000, 0x0000, 0x0000,
    0x0000, 0x0000, 0x0000, 0x0000, 0x0000, 0x0000, 0x0000, 0xC200, 0x0000, 0x0000, 0xC200, 0x9DC2,
    0x0000, 0xC200, 0xC2C2, 0x9D9D, 0xB800, 0x9D9D, 0x9DC2, 0x9D9D, 0x0000, 0x0000, 0x0000, 0x9D00,
    0x0000, 0x0000, 0xC200, 0x9DC2, 0x0000, 0x9D00, 0x9DC2, 0x9D9D, 0xB800, 0x9D9D, 0x9DC2, 0x9D9D,
    0x9DC2, 0x9D9D, 0xAFB8, 0x9D9D, 0x9DC2, 0xC29D, 0xB8B8, 0x9D9D, 0xC29D, 0x9D9D, 0x9D9D, 0x9D9D,
    0x9DC2, 0x9D9D, 0xC29D, 0x9D9D, 0x9E9E, 0x9E9E, 0x9E9F, 0x64A0, 0x9E9E, 0x9E9E, 0x9F9F, 0xA09E,
    0x9E9E, 0x9E9E, 0x9F9F, 0xA1A0, 0x9E9E, 0xC89E, 0xA29F, 0x64A1, 0xA0A2, 0x9EA8, 0xA1A2, 0x64A1,
    0xA2A2, 0x9E9E, 0xA1A1, 0x64A1, 0xA2A2, 0x9E9E, 0xA1A2, 0x64A1, 0xA2A2, 0x9EA0, 0xA29F, 0x64A1,
    0xA1A1, 0x6464, 0xA264, 0xA2A2, 0xA2A2, 0xA2A2, 0xA0A2, 0xA2A2, 0xA1A1, 0xA1A1, 0xA1A1, 0xA2A2,
    0x6464, 0xA1A1, 0x6464, 0xA2A1, 0x6464, 0x64A1, 0x6464, 0xA164, 0x6464, 0x64A1, 0x6464, 0x6464,
    0x6464, 0x64A1, 0x6464, 0x6464, 0xA164, 0xA1A1, 0x64A1, 0x6464, 0xA3A3, 0xA3A3, 0xA4A3, 0xA5A3,
    0xA3A3, 0xA3A3, 0xA3A0, 0xA7A4, 0xA3A3, 0xA3A3, 0xA3C3, 0xA0A7, 0xA3A7, 0xBEA3, 0xC3C3, 0xC3C3,
    0xA6A5, 0xA3A4, 0xA5C3, 0xC3A5, 0xA5A5, 0xA3A3, 0xA5C3, 0xC3A5, 0xA5A5, 0xA3A7, 0xA5C3, 0xA0C3,
    0xA5A5, 0xA3A6, 0xA6C3, 0xA5C3, 0xA6A6, 0xA5A5, 0xA7A0, 0xA3A3, 0xA7A7, 0xA7A7, 0xA4C3, 0xA3A3,
    0xC3C3, 0xC3C3, 0xC3C3, 0xA3A3, 0xA5A5, 0xA6A6, 0xC3A5, 0xA7A6, 0xA5A5, 0xA5A6, 0xC3A5, 0xA6A5,
    0xA5A5, 0xA5A6, 0xC3A5, 0xA5A5, 0xA5C3, 0xA5A6, 0xC3A5, 0xA5A5, 0xC3A0, 0xA6A0, 0xC3A6, 0xA5A5,
    0x9E9E, 0x9EA0, 0xA89E, 0xA9A9, 0x9E9E, 0x9E9E, 0xA9A9, 0xA99E, 0x9E9E, 0xAAB1, 0xA89E, 0x9EA8,
    0x9E9E, 0xB1B1, 0xA8A9, 0x9EA8, 0xA9AA, 0xB1A8, 0x9EA8, 0xB1A9, 0xAAAA, 0xB19E, 0xA9A8, 0xA9B1,
    0xAAAA, 0xB1B1, 0xA8A8, 0xA99E, 0xAAAA, 0xAAA0, 0xA8A8, 0xA9A9, 0x9EA9, 0x9EA9, 0x9EA8, 0xA0AA,
    0xA8A9, 0xA8A8, 0x9EA9, 0xA0AA, 0xA89E, 0xA8A8, 0xA99E, 0xA0AA, 0xA8A9, 0xA8A8, 0x9EA8, 0xA0AA,
    0xA89E, 0xA8A8, 0xA8A8, 0xACAA, 0xA8A9, 0xA8A8, 0xA8A8, 0xAAAA, 0xA8A9, 0xA8A8, 0x9EA8, 0xA9AA,
    0x9EA9, 0xA8A8, 0xA09E, 0xA9AA, 0xA7A7, 0xA4A7, 0xA4A4, 0xABAB, 0xA7A7, 0xA7A7, 0xABAB, 0xABA7,
    0xA6A6, 0xA9AA, 0xB5A7, 0xA7B5, 0xABA5, 0xAAAA, 0xB5AB, 0xA7B5, 0xABA5, 0xAAA5, 0xA7B5, 0xAAAB,
    0xA6A5, 0xAAA5, 0xABB5, 0xABAA, 0xA6A6, 0xAAAA, 0xB5B5, 0xABA7, 0xA4A4, 0xA9A5, 0xB5B5, 0xABAB,
    0xABAB, 0xA4A7, 0xA4A4, 0xA4A4, 0xA7AB, 0xABAB, 0xA7A7, 0xA4A7, 0xB5A7, 0xA7B5, 0xA5A9, 0xA7A6,
    0xB5A7, 0xABB5, 0xA5A9, 0xA7A5, 0xABAB, 0xB5A7, 0xA5A9, 0xA7A6, 0xABAB, 0xB5AB, 0xA6A9, 0xA5A7,
    0xA7AB, 0xB5B5, 0xA9A9, 0xA6A6, 0xABAB, 0xB5B5, 0xA5A9, 0xA6A7, 0x9EA8, 0xACAC, 0xACAC, 0x9EAC,
    0xA99E, 0xAAAA, 0xAAAA, 0xACA9, 0xAAA9, 0xAAAA, 0xAAAA, 0xAAAA, 0xAAAA, 0xAAAA, 0xAAAA, 0xAAAA,
    0xAC9E, 0x9EAC, 0xA99E, 0xAAAA, 0xAAAA, 0xAAAA, 0x9EAA, 0xAAAA, 0xAAAA, 0xA9AA, 0xA9A9, 0xA9A9,
    0xA9A9, 0xA8A9, 0xA8A8, 0xA8A8, 0x9E9E, 0xA89E, 0xA8A8, 0xA8A8, 0xACAC, 0xACAC, 0x9EAC, 0xA89E,
    0xA9A9, 0xAAA9, 0xAAAA, 0xACA9, 0xA9AA, 0xAAAA, 0xAAAA, 0x9EAA, 0xA9AA, 0xAAAA, 0xAAAA, 0xACA9,
    0xA9A9, 0xA9A9, 0xA9A9, 0xA9A9, 0xA9A9, 0xA8A8, 0xA8A8, 0xA8A9, 0xA9A9, 0xA8A8, 0xA8A8, 0xA8A9,
    0x9EA8, 0xACAC, 0xACAC, 0x9EAC, 0xA99E, 0xAAAA, 0xAAAA, 0xACA9, 0xAAA9, 0xAAAA, 0xAAAA, 0xAAAA,
    0xAAAA, 0xAAAA, 0xAAAA, 0xAAAA, 0xAC9E, 0x9EAC, 0xA99E, 0xAAAA, 0xAAAA, 0xAAAA, 0x9EAA, 0xAAAA,
    0xA9A9, 0xA9A9, 0x9EA9, 0xA9A9, 0xA8A8, 0xA8A8, 0xA9A8, 0xA9A9, 0xAEAD, 0x9DAD, 0xADAD, 0x9DAD,
    0xADAE, 0xADAD, 0xADAE, 0x9DAD, 0xADAE, 0xADAD, 0xAEBC, 0x9DAD, 0xAE9D, 0x9DAD, 0xAE9D, 0xAE9D,
    0xAEAE, 0xAE9D, 0xADAD, 0xAE9D, 0xADAE, 0xB8B7, 0xADAD, 0x9DAE, 0xAEAD, 0x9DAD, 0xAEAD, 0xB8AD,
    0xAFB8, 0xB0AD, 0xAF9D, 0xC9B8, 0xAEAE, 0xAEAE, 0xADAF, 0xAFB0, 0xADAE, 0xB8B8, 0xADAD, 0xC4AE,
    0xADAD, 0xB7AD, 0xAEAD, 0xB0AD, 0xAEAE, 0xADAD, 0xADBC, 0xC9AD, 0xAEAE, 0xADAD, 0xAE9D, 0xC9AE,
    0xAEB8, 0xB8AD, 0xADB0, 0xAF9D, 0xADAD, 0xAEB7, 0xADAD, 0xB0AE, 0xAFC9, 0xAFB0, 0xADCD, 0xCDC4,
    0xB1B1, 0xB2B2, 0xB3B3, 0xB3B3, 0xB2B1, 0xB4B3, 0xC5C5, 0xC5C5, 0xB4B2, 0xB4C5, 0xB4B4, 0xB4B4,
    0xB4B3, 0xC5C5, 0xB1B1, 0xB1B1, 0xB4B3, 0xC5C5, 0xB1B1, 0xB1B1, 0xB4B3, 0xC5C5, 0xB1B1, 0xB1B1,
    0xB4B3, 0xC5C5, 0xB1B1, 0xB1B1, 0xB4B3, 0xC5C5, 0xB1B1, 0xB1B1, 0xB4B3, 0xB4B4, 0xB4B4, 0xB2B4,
    0xC5C5, 0xC5C5, 0xC5C5, 0xC5C5, 0xB4B4, 0xC5B4, 0xB4C5, 0xB4B4, 0xB1B1, 0xC5B1, 0xB1C5, 0xB1B1,
    0xB1B1, 0xC5B1, 0xB1C5, 0xB1B1, 0xB1B1, 0xC5B1, 0xB1C5, 0xB1B1, 0xB1B1, 0xC5B1, 0xB1C5, 0xB1B1,
    0xB1B1, 0xC5B1, 0xB1C5, 0xB1B1, 0xB2B2, 0xB1B1, 0xB1B1, 0xB1B1, 0xC5C5, 0xB4B4, 0xB1B2, 0xB1B1,
    0xB4B4, 0xB4B4, 0xB2B4, 0xB1B1, 0xB1B1, 0xB1B1, 0xB4C5, 0xB1B1, 0xB1B1, 0xB1B1, 0xB4C5, 0xB1B1,
    0xB1B1, 0xB1B1, 0xB4C5, 0xB1B1, 0xB1B1, 0xB1B1, 0xB4C5, 0xB1B1, 0xB1B1, 0xB1B1, 0xB4C5, 0xB1B1,
    0xB5A7, 0xB5B5, 0xB5B5, 0xB5B5, 0xB5A7, 0xB5B5, 0xB5B5, 0xB5B5, 0xA7A7, 0xB5B5, 0xB5B5, 0xB5B5,
    0xA7A7, 0xA7A7, 0xA7A7, 0xA7A7, 0xA7A7, 0xA7A7, 0xB1B1, 0xB1B1, 0xA7A7, 0xA7A7, 0xB1B1, 0xB1B1,
    0xA7A7, 0xB1A7, 0xB1B1, 0xB1B1, 0xB5A7, 0xA7A7, 0xB1B1, 0xB1B1, 0xB5B5, 0xB5B5, 0xB5B5, 0xB5B5,
    0xB5B5, 0xB5B5, 0xB5B5, 0xB5B5, 0xB5B5, 0xB5B5, 0xB5B5, 0xB5B5, 0xA7A7, 0xA7A7, 0xA7A7, 0xA7A7,
    0xB1B1, 0xB1B1, 0xB1B1, 0xB1B1, 0xB1B1, 0xB1B1, 0xB1B1, 0xB1B1, 0xB1B1, 0xB1B1, 0xB1B1, 0xB1B1,
    0xB1B1, 0xB1B1, 0xB1B1, 0xB1B1, 0xB5B5, 0xB5B5, 0xB5B5, 0xB5B5, 0xB5B5, 0xB5B5, 0xB5B5, 0xA7B5,
    0xB5B5, 0xB5B5, 0xB5B5, 0xA7A7, 0xA7A7, 0xA7A7, 0xA7A7, 0xA7A7, 0xB1B1, 0xB1B1, 0xA7A7, 0xA7A7,
    0xB1B1, 0xB1B1, 0xB5B1, 0xA7B5, 0xB1B1, 0xB1B1, 0xB5B5, 0xA7B5, 0xB1B1, 0xB1B1, 0xB5B5, 0xA7B5,
    0xB7B6, 0xB7B7, 0xAEB8, 0xB79D, 0xC6B6, 0xB6BB, 0xBABA, 0xBBBB, 0xB6C6, 0xBBC6, 0xBBBB, 0xBBBB,
    0xC6B6, 0xBBC6, 0xB6C6, 0xBBBB, 0xB6C6, 0xBBC6, 0xB6BB, 0x1AB7, 0xC6B6, 0xBBBB, 0x1AB6, 0x6E6E,
    0xBCB6, 0x1AB0, 0x6E6E, 0x6E6E, 0x1AB6, 0x6E6E, 0x6E6E, 0x6E6E, 0xB6B6, 0xB6B7, 0xB0B6, 0x1AB9,
    0xB6C6, 0x9DBA, 0x1AB0, 0x6E6E, 0xBBB6, 0x1AB0, 0x6E6E, 0x6E6E, 0x1AB6, 0x6E6E, 0x6E6E, 0x6E6E,
    0x6E6E, 0x6E6E, 0x6E6E, 0x6E6E, 0x6E6E, 0x6E6E, 0x6E6E, 0x5D1A, 0x6E6E, 0x6E6E, 0x5D1A, 0x5D5D,
    0x6E6E, 0x5D1A, 0x5D5D, 0x5D5D, 0xBABA, 0xAEAE, 0xBBAE, 0xAEBA, 0xBBAE, 0xAEAE, 0xAEAE, 0xAEBA,
    0xBBAE, 0xADAD, 0xAEAD, 0xAEBB, 0xBBBA, 0xADBA, 0xBAAD, 0xBBBA, 0xAEAE, 0xBBBA, 0xAEBA, 0xAEAE,
    0xAEAE, 0xBAAE, 0xADAE, 0xAEAD, 0xAEAE, 0xBBBA, 0xADBA, 0xAEAD, 0xBBBB, 0xBABB, 0xBBBB, 0xBABA,
    0xBCBC, 0xBCAF, 0x4EBD, 0x4E4E, 0xB7AE, 0xBCAF, 0xBDBD, 0x4E4E, 0xB7AE, 0xC7C7, 0xBDAE, 0x4E4E,
    0xB7BC, 0xC7BC, 0xB7AE, 0x4E4E, 0xAEAE, 0xB7BC, 0xBDBD, 0x4EB7, 0xAEAE, 0xBDAF, 0xBCBD, 0x4EBD,
    0xAEAE, 0xB7BC, 0xBCBD, 0x4EBD, 0xB7B7, 0xBDB7, 0x4E4E, 0x4E4E, 0xA3A3, 0xA3A3, 0xBEA3, 0xA5A3,
    0xA3A3, 0xA3A3, 0xA3A3, 0xA3BE, 0xA3A3, 0xA3A3, 0xA3A3, 0xA6A3, 0xA3A3, 0xBEA3, 0xA6A3, 0xA5A5,
    0xCCCC, 0xA3BE, 0xA5A6, 0xA5A5, 0xCC55, 0xCCCC, 0xCCCC, 0xCCCC, 0xCCCC, 0xCC26, 0x26CC, 0xCC26,
    0xCC55, 0x55CC, 0x26CC, 0xCC26, 0xA6A6, 0xA5A5, 0xA3A5, 0xA3A3, 0xA3A3, 0xA3A3, 0xBEA3, 0xA3A3,
    0xA6A6, 0xA6A6, 0xA6A6, 0xA3A3, 0xA5A5, 0xA6A6, 0xA5A5, 0xA3A6, 0xA5A5, 0xA5A6, 0xA5A5, 0xA6A5,
    0xA5A5, 0xA5A6, 0xA5A5, 0xA5A5, 0xCCCC, 0xA5CC, 0xA5A5, 0xA5A5, 0x26CC, 0xA6CC, 0x26CC, 0xA5A5,
    0xBFBF, 0xBFBF, 0xC1C0, 0x6060, 0xC1C1, 0xC1C1, 0xC1C1, 0xC1C1, 0xC15C, 0xC0C0, 0xC0C0, 0xC0C0,
    0xC15C, 0xBFBF, 0xBFBF, 0xBFBF, 0xC15C, 0xBFBF, 0xBFBF, 0xBFBF, 0xC1C1, 0xC1C1, 0xC1C1, 0xC1C1,
    0xC0C0, 0xC0C0, 0xC1C0, 0xC0C0, 0xBFBF, 0xBFBF, 0xC1C0, 0xBFBF, 0x6060, 0x6060, 0xC161, 0xBFBF,
    0xC1C1, 0xC1C1, 0xC1C1, 0xC1C1, 0xC1C0, 0x5C5C, 0x5C5C, 0x5C5C, 0xC1C0, 0xCACA, 0xCACA, 0xCACA,
    0xC1C0, 0xCACA, 0xCACA, 0xCACA, 0xC1C1, 0xC1C1, 0xC1C1, 0xC1C1, 0xC0C0, 0xC0C0, 0xC1C0, 0xC0C0,
    0xBFBF, 0xBFBF, 0xC1C0, 0xBFBF, 0x6363, 0x6363, 0x6162, 0x5F5F, 0x6161, 0x6161, 0x6161, 0x6161,
    0x6162, 0x6262, 0x6262, 0x6262, 0x6162, 0x6363, 0x6363, 0x6363, 0x6162, 0x6363, 0x6363, 0x6363,
    0x6161, 0x6161, 0x6161, 0x6161, 0x6262, 0x6262, 0x6162, 0x6262, 0x6363, 0x6363, 0x6162, 0x6363,
    0x5F5F, 0x5F5F, 0x6160, 0x6363, 0x6161, 0x6161, 0x6161, 0x6161, 0x6162, 0x6262, 0x6262, 0x6262,
    0x6162, 0xCBCB, 0xCBCB, 0xCBCB, 0x6162, 0xCBCB, 0xCBCB, 0xCBCB, 0x6161, 0x6161, 0x6161, 0x6161,
    0x6262, 0x6262, 0x6162, 0x6262, 0x6363, 0x6363, 0x6162, 0x6363, 0xA8A8, 0xA8A8, 0xC8C8, 0xA09E,
    0xA8A8, 0xA8A8, 0xC8C8, 0x9EC8, 0xA8A8, 0xA8A8, 0xC8C8, 0x9F9E, 0xA8A8, 0xA8A8, 0x9EC8, 0xA09F,
    0xC8C8, 0xA8A8, 0x9F9E, 0xA09F, 0xC8C8, 0xA8A8, 0x9F9E, 0xA09F, 0xC8C8, 0xA8A8, 0x9F9E, 0xA09F,
    0xC8C8, 0xA8C8, 0x9EC8, 0xA09F, 0xA0A0, 0xA2A2, 0x9FA2, 0x9F9F, 0x9F9F, 0x9F9F, 0x9F9F, 0x9F9F,
    0xA0A0, 0xA0A0, 0xA0A0, 0x9F9F, 0xA2A2, 0xA0A0, 0xA2A2, 0x9FA0, 0xA2A2, 0xA2A0, 0xA2A2, 0xA0A2,
    0xA2A2, 0xA2A0, 0xA2A2, 0xA2A2, 0xA2A2, 0xA2A0, 0xA2A2, 0xA2A2, 0xA0A2, 0xA0A0, 0xA2A0, 0xA2A2,
    0x9E9E, 0xC89E, 0x9EC8, 0x9F9E, 0x9E9E, 0x9E9E, 0x9F9F, 0x9FA0, 0xA0A0, 0xA1A0, 0xA1A1, 0xA0A2,
    0xA0A2, 0xA1A2, 0xA1A1, 0xA2A1, 0xA0A2, 0xA1A2, 0xA1A1, 0xA0A2, 0xA0A2, 0xA1A2, 0xA2A1, 0x64A0,
    0xA0A0, 0xA1A0, 0x9FA2, 0xA1A2, 0xA8A8, 0xC8A8, 0x9FC8, 0xA1A0, 0xA2A0, 0xA2A2, 0xA2A2, 0xA2A2,
    0xA1A2, 0x6464, 0x6464, 0xA2A1, 0x64A1, 0x6464, 0x6464, 0x6464, 0x6464, 0x6464, 0x6464, 0x6464,
    0xA2A2, 0xA2A2, 0xA1A2, 0x6464, 0x6464, 0x6464, 0xA264, 0x6464, 0x6464, 0x6464, 0xA264, 0xA1A1,
    0x6464, 0x6464, 0xA264, 0xA0A1, 0xA3A3, 0xBEA3, 0xBEC3, 0xBEC3, 0xA3A3, 0xA3C3, 0xA0C3, 0xBEC3,
    0xC3A6, 0xA5A0, 0xC3A0, 0xA3A0, 0xC3A0, 0xA5A5, 0xA5A5, 0xC3A5, 0xC3A0, 0xA5A5, 0xC3A5, 0xA0C3,
    0xA0A5, 0xC3C3, 0xC3C3, 0xC3C3, 0xA6A6, 0xA5A6, 0xA3A6, 0xA6A6, 0xBEBE, 0xC3C3, 0xA3A0, 0xA6A3,
    0xA3BE, 0xA0A7, 0xA0C3, 0xA3A7, 0xA6A3, 0xA5A5, 0xA5A5, 0xA3A6, 0xA5A6, 0xA5A5, 0xA5A5, 0xA5A5,
    0xC3C3, 0xA5A0, 0xA5A5, 0xA5A5, 0xA7A3, 0xA7A7, 0xA6A3, 0xA5A5, 0xA5A0, 0xA5A5, 0xA3A5, 0xA5A5,
    0xC3C3, 0xA5A5, 0xA3A5, 0xA6A6, 0xA5A5, 0xA5A5, 0xA0A5, 0xBEC3, 0xAAA0, 0xA89E, 0xA99E, 0xA99E,
    0xAAA0, 0xA99E, 0xA8A8, 0xA9A8, 0xAAA0, 0x9EA9, 0xA8A8, 0x9EA8, 0xAAA0, 0xA89E, 0xA8A8, 0xA9A8,
    0xB1AA, 0xA8A8, 0xA8A8, 0x9EA8, 0xB1AA, 0xA8A8, 0xA8A8, 0xA9A8, 0xB1A9, 0xA89E, 0xA8A8, 0xA9A8,
    0xAAA8, 0x9EA0, 0xA8A8, 0xB19E, 0xA9A9, 0xA9A9, 0xA0AA, 0xAA9E, 0x9EA9, 0xA8A8, 0xA0AA, 0xACA8,
    0xA89E, 0x9EA8, 0xAAAA, 0xA9AC, 0xA89E, 0xA9A8, 0xA9AA, 0xAAAA, 0xA9A9, 0xA89E, 0xAAAA, 0xAAAA,
    0xA9A9, 0xA8A9, 0xAAAA, 0xAAAA, 0x9EA9, 0xA8A8, 0xAAAA, 0xAAAA, 0xA9A9, 0xA8A8, 0xA0AA, 0xC3C3,
    0xA9A5, 0xB5A7, 0xABA7, 0xABA7, 0xA9A5, 0xABA7, 0xB5B5, 0xABB5, 0xA9A5, 0xA7AB, 0xB5B5, 0xA7B5,
    0xA9A5, 0xB5A7, 0xB5B5, 0xABB5, 0xAAA5, 0xB5B5, 0xB5B5, 0xA7B5, 0xAAA5, 0xB5B5, 0xB5B5, 0xABB5,
    0xAAA5, 0xB5A7, 0xB5B5, 0xABB5, 0xA9A5, 0xA7A5, 0xB5B5, 0xAAA7, 0xA7AB, 0xA7AB, 0xA7B5, 0xA5A9,
    0xB5AB, 0xB5B5, 0xA7AB, 0xA5A9, 0xB5A7, 0xB5B5, 0xABA7, 0xA5A9, 0xB5AB, 0xB5B5, 0xA7B5, 0xA5A9,
    0xB5A7, 0xB5B5, 0xB5B5, 0xA5A9, 0xB5AB, 0xB5B5, 0xB5B5, 0xA5A9, 0xB5AB, 0xB5B5, 0xA7B5, 0xA5A9,
    0xA7AB, 0xB5B5, 0xA5A7, 0xA5A9, 0xA8A8, 0xA89E, 0xA8A8, 0xA9A8, 0xA8A8, 0xA8A9, 0xA8A8, 0xA89E,
    0xA8A8, 0xA89E, 0xA8A8, 0xA8A8, 0xA8A8, 0xA89E, 0xA8A8, 0xA8A8, 0xA8A8, 0xA89E, 0xA89E, 0xA8A8,
    0xA8A8, 0x9EA9, 0xA8A8, 0xA8A8, 0xA8A8, 0xA9A9, 0x9EA9, 0xA9A9, 0xA8A8, 0xB1B1, 0xB1B1, 0xB1B1,
    0x9EA9, 0xA8A8, 0xA8A8, 0xA89E, 0x9EA9, 0xA8A8, 0xA8A8, 0xA89E, 0xA99E, 0xA89E, 0x9EA8, 0xA8A9,
    0xA99E, 0xA89E, 0x9EA8, 0xA8A8, 0xA99E, 0xA8A9, 0xA9A8, 0xA8A8, 0xA99E, 0x9EA9, 0xA99E, 0xA8A8,
    0xB1B2, 0xB1B1, 0xB1B1, 0xA9B1, 0xB2B2, 0xB3B2, 0xB1B2, 0xB1B1, 0xB4B3, 0xC5C5, 0xB1B1, 0xB1B1,
    0xB4B3, 0xC5C5, 0xB1B1, 0xB1B1, 0xB4B3, 0xC5C5, 0xB1B1, 0xB1B1, 0xB4B3, 0xC5C5, 0xB1B1, 0xB1B1,
    0xB4B3, 0xC5C5, 0xB1B1, 0xB1B1, 0xB4B3, 0xC5C5, 0xB1B1, 0xB1B1, 0xB4B3, 0xC5C5, 0xC5C5, 0xC5C5,
    0xB4B3, 0xC5C5, 0xB4B4, 0xB4B4, 0xB1B1, 0xC5B1, 0xB1C5, 0xB1B1, 0xB1B1, 0xC5B1, 0xB1C5, 0xB1B1,
    0xB1B1, 0xC5B1, 0xB1C5, 0xB1B1, 0xB1B1, 0xC5B1, 0xB1C5, 0xB1B1, 0xB1B1, 0xC5B1, 0xB1C5, 0xB1B1,
    0xB1B1, 0xC5B1, 0xB1C5, 0xB1B1, 0xC5C5, 0xC5C5, 0xC5C5, 0xC5C5, 0xB4B4, 0xC5B4, 0xB4C5, 0xB4B4,
    0xB1B1, 0xB1B1, 0xB4C5, 0xB1B1, 0xB1B1, 0xB1B1, 0xB4C5, 0xB1B1, 0xB1B1, 0xB1B1, 0xB4C5, 0xB1B1,
    0xB1B1, 0xB1B1, 0xB4C5, 0xB1B1, 0xB1B1, 0xB1B1, 0xB4C5, 0xB1B1, 0xB1B1, 0xB1B1, 0xB4C5, 0xB1B1,
    0xC5C5, 0xC5C5, 0xB4C5, 0xB1B1, 0xB4B4, 0xB4B4, 0xB4C5, 0xB1B1, 0xB4B3, 0xC5C5, 0xB1B1, 0xB1B1,
    0xB4B3, 0xC5C5, 0xB1B1, 0xB1B1, 0xB4B3, 0xC5C5, 0xB1B1, 0xB1B1, 0xB4B3, 0xC5C5, 0xB1B1, 0xB1B1,
    0xB4B3, 0xC5C5, 0xC5C5, 0xC5C5, 0xB4B3, 0xC5C5, 0xB4B4, 0xB4B4, 0xB4B3, 0xC5C5, 0xB1B1, 0xB1B1,
    0xB4B3, 0xC5C5, 0xB1B1, 0xB1B1, 0xB1B1, 0xC5B1, 0xB1C5, 0xB1B1, 0xB1B1, 0xC5B1, 0xB1C5, 0xB1B1,
    0xB1B1, 0xC5B1, 0xB1C5, 0xB1B1, 0xB1B1, 0xC5B1, 0xB1C5, 0xB1B1, 0xC5C5, 0xC5C5, 0xC5C5, 0xC5C5,
    0xB4B4, 0xC5B4, 0xB4C5, 0xB4B4, 0xB1B1, 0xC5B1, 0xB1C5, 0xB1B1, 0xB1B1, 0xC5B1, 0xB1C5, 0xB1B1,
    0xB1B1, 0xB1B1, 0xB4C5, 0xB1B1, 0xB1B1, 0xB1B1, 0xB4C5, 0xB1B1, 0xB1B1, 0xB1B1, 0xB4C5, 0xB1B1,
    0xB1B1, 0xB1B1, 0xB4C5, 0xB1B1, 0xC5C5, 0xC5C5, 0xB4C5, 0xB1B1, 0xB4B4, 0xB4B4, 0xB4C5, 0xB1B1,
    0xB1B1, 0xB1B1, 0xB4C5, 0xB1B1, 0xB1B1, 0xB1B1, 0xB4C5, 0xB1B1, 0xB5A7, 0xA7B5, 0xB1B1, 0xB1B1,
    0xB5A7, 0xA7B5, 0xB1B1, 0xB1B1, 0xB5A7, 0xA7B5, 0xB1B1, 0xB1B1, 0xB5A7, 0xB5B5, 0xB1B1, 0xB1B1,
    0xB5A7, 0xB5B5, 0xB1B1, 0xB1B1, 0xB5A7, 0xA7B5, 0xB1B1, 0xB1B1, 0xB5A7, 0xB1A7, 0xB1B1, 0xB1B1,
    0xA7A7, 0xB1A7, 0xB1B1, 0xB1B1, 0xB1B1, 0xB1B1, 0xB1B1, 0xB1B1, 0xB1B1, 0xB1B1, 0xB1B1, 0xB1B1,
    0xB1B1, 0xB1B1, 0xB1B1, 0xB1B1, 0xB1B1, 0xB1B1, 0xB1B1, 0xB1B1, 0xB1B1, 0xB1B1, 0xB1B1, 0xB1B1,
    0xB1B1, 0xB1B1, 0xB1B1, 0xB1B1, 0xB1B1, 0xB1B1, 0xB1B1, 0xB1B1, 0xB1B1, 0xB1B1, 0xB1B1, 0xB1B1,
    0xB1B1, 0xB1B1, 0xB5B5, 0xA7B5, 0xB1B1, 0xB1B1, 0xB5B5, 0xA7B5, 0xB1B1, 0xB1B1, 0xB5B5, 0xA7B5,
    0xB1B1, 0xB1B1, 0xB5A7, 0xA7B5, 0xB1B1, 0xB1B1, 0xA7B1, 0xA7A7, 0xB1B1, 0xB1B1, 0xA7B1, 0xA7A7,
    0xB1B1, 0xB1B1, 0xB5B1, 0xA7B5, 0xB1B1, 0xB1B1, 0xB5A7, 0xA7B5, 0x6E6E, 0x6E6E, 0x6E6E, 0x6E6E,
    0x6E6E, 0x6E6E, 0x6E6E, 0x5D1A, 0x6E6E, 0x6E6E, 0x5D1A, 0x5D5D, 0x6E6E, 0x5D1A, 0x5D5D, 0x5D5D,
    0x5D1A, 0x5D5D, 0x5D5D, 0xB15D, 0x5D5D, 0x5D5D, 0xB15D, 0xAAB1, 0x5D5D, 0xAA5D, 0xC3AA, 0xAAAA,
    0xB15D, 0xAAAA, 0xA0A9, 0xC3C3, 0x5D1A, 0x5D5D, 0x5D5D, 0xAA5D, 0x5D5D, 0x5D5D, 0xAA5D, 0x9EAA,
    0x5D5D, 0xB15D, 0xA0B1, 0x9E9E, 0xB15D, 0xAAAA, 0xAAAA, 0x9EA0, 0xAAB1, 0xAAAA, 0xAAAA, 0xA0AA,
    0xAAAA, 0xAAA9, 0xAAAA, 0xAAAA, 0xAAAA, 0xC3A0, 0xAAAA, 0xAAAA, 0xA0C3, 0xA0A0, 0xC3A0, 0xC3C3,
    0xB4B4, 0xC5C5, 0xB3B3, 0xC5B4, 0xB3B4, 0xC5C5, 0xB4B2, 0xC5B2, 0x5555, 0xB4B4, 0xC5C5, 0xB255,
    0x550B, 0xB4B3, 0xC5B3, 0xB20B, 0x0B0B, 0xB3B2, 0xB3B4, 0xB4B3, 0x0B0B, 0x550B, 0xB4B4, 0xC5C5,
    0x0B0B, 0x0B0B, 0xB255, 0xC5C5, 0x0B0B, 0x180B, 0x0B0B, 0x5555, 0x55C5, 0xC5C5, 0xB4B4, 0xC5C5,
    0xB4C5, 0xB2B4, 0xB4B3, 0xC5C5, 0xB4B2, 0xC5B4, 0xB2C5, 0xC5C5, 0xC5B3, 0xC5C5, 0x55C5, 0xB4B4,
    0xC5B3, 0xB3C5, 0xB3B2, 0xB4B3, 0xB4B4, 0xB2B4, 0xC5B3, 0xB2C5, 0xB4B4, 0xC5C5, 0xC5B2, 0xB3C5,
    0x5555, 0xC5C5, 0x5555, 0x55B3, 0xCCCC, 0xCC26, 0xCCCC, 0xCCCC, 0x5555, 0xCCCC, 0xCCCC, 0x55CC,
    0x5555, 0xCCCC, 0x5555, 0x0B55, 0xCCCC, 0x5555, 0x0B0B, 0x0B0B, 0x5555, 0x0B0B, 0x190B, 0x0B19,
    0x0B0B, 0x0B0B, 0x190B, 0x0B19, 0x1D1D, 0x0B0B, 0x0B0B, 0x0B0B, 0x1D1D, 0x0B0B, 0x0B0B, 0x0B0B,
    0xCCCC, 0xCCCC, 0xCC26, 0x0B0B, 0xCCCC, 0x55CC, 0xCCCC, 0x0B0B, 0x5555, 0x0B55, 0x5555, 0x0B0B,
    0x0B0B, 0x0B0B, 0x1818, 0x0B0B, 0x0B0B, 0x0B0B, 0x1818, 0x0B0B, 0x0B0B, 0x0B0B, 0x0B0B, 0x0B0B,
    0x0B0B, 0x0B0B, 0x0B0B, 0x0B0B, 0x0B0B, 0x180B, 0x0B0B, 0x0B0B, 0xBFBF, 0xBFBF, 0xC1C0, 0xBFBF,
    0xC1C1, 0xC1C1, 0xC1C1, 0xC1C1, 0xC1C0, 0xCECE, 0xCECE, 0xCECE, 0xC1C0, 0x9C9C, 0x9C9C, 0x9C9C,
    0xC1C0, 0x9C9C, 0x9C9C, 0x9C9C, 0xC1C1, 0xC1C1, 0xC1C1, 0xC1C1, 0xC0C0, 0xC0C0, 0xC1C0, 0x6161,
    0xBFBF, 0xBFBF, 0xC1C0, 0x6060, 0xBFBF, 0xBFBF, 0xC1C0, 0xBFBF, 0xC1C1, 0xC1C1, 0xC1C1, 0xC1C1,
    0xC1CE, 0xC0C0, 0xC0C0, 0xC0C0, 0xC1CE, 0xBFBF, 0xBFBF, 0xBFBF, 0xC1CE, 0xBFBF, 0xBFBF, 0xBFBF,
    0xC1C1, 0xC1C1, 0xC1C1, 0xC1C1, 0x6161, 0x6161, 0xC161, 0xC0C0, 0x6060, 0x6060, 0xC161, 0xBFBF,
    0x6363, 0x6363, 0x6162, 0x6363, 0x6161, 0x6161, 0x6161, 0x6161, 0x6162, 0x6060, 0x6060, 0x6060,
    0x6162, 0x8787, 0x8787, 0x8787, 0x6162, 0x8787, 0x8787, 0x8787, 0x6161, 0x6161, 0x6161, 0x6161,
    0x6262, 0x6262, 0x6162, 0x6060, 0x6363, 0x6363, 0x6162, 0x5F5F, 0x6363, 0x6363, 0x6162, 0x6363,
    0x6161, 0x6161, 0x6161, 0x6161, 0x6162, 0x6262, 0x6262, 0x6262, 0x6162, 0x6363, 0x6363, 0x6363,
    0x6162, 0x6363, 0x6363, 0x6363, 0x6161, 0x6161, 0x6161, 0x6161, 0x6060, 0x6060, 0x6160, 0x6262,
    0x5F5F, 0x5F5F, 0x6160, 0x6363, 0xC8C8, 0xA8A8, 0xC8A8, 0x9EC8, 0xA8C8, 0xC8C8, 0x9EC8, 0x9E9E,
    0xCFA8, 0xA8CF, 0x9FA2, 0x9E9F, 0xCFA8, 0xC8CF, 0x9FA2, 0x9E9F, 0xC8C8, 0xCFA8, 0x9FA2, 0x9E9F,
    0xC8C8, 0xCFC8, 0x9EA2, 0xA09E, 0xA8C8, 0xCFCF, 0xA2A2, 0x9F9F, 0xC8C8, 0xCFCF, 0x9FA2, 0x9F9E,
    0x9F9F, 0x9F9F, 0x9F9F, 0x9F9F, 0xA09F, 0xA2A2, 0xA2A2, 0x9FA0, 0xA2A0, 0xA2A2, 0xA2A2, 0xA2A2,
    0xA2A2, 0xA2A2, 0xA2A2, 0xA2A2, 0x9F9F, 0x9F9F, 0xA09F, 0xA2A2, 0xA2A2, 0xA2A2, 0x9FA2, 0xA2A2,
    0xA2A2, 0xA2A2, 0x9FA2, 0xA0A0, 0xA2A2, 0xA2A2, 0x9FA2, 0x9FA0, 0xA0A0, 0x9E9E, 0xA29F, 0x64A0,
    0x9EA0, 0xA0A0, 0x9F9F, 0xA09E, 0xA89E, 0x9EA8, 0xA1A1, 0xA1A0, 0xA89E, 0xA0A8, 0xA2A1, 0x64A1,
    0xA0A0, 0xC89E, 0xA1A1, 0x64A1, 0xA0A0, 0xC8A0, 0xA1A1, 0x64A1, 0x9EA0, 0xC8A8, 0xA1A1, 0x64A1,
    0xA0A0, 0xC8A8, 0xA2A1, 0x64A1, 0xC3A3, 0xA3A0, 0xBEA3, 0xC3A3, 0xA0A3, 0xC3C3, 0xC3C3, 0xC3C3,
    0xA3A3, 0xA3A3, 0xA3A3, 0xA6A3, 0xA3A3, 0xBEA3, 0xC3A3, 0xA0C3, 0xA6A5, 0xA3BE, 0xC3A0, 0xA5A5,
    0xA5A5, 0xA3A3, 0xC3C3, 0xA5A5, 0xA5A5, 0xA3A3, 0xC3A0, 0xA5A0, 0xA5A5, 0xA3A6, 0xA0A3, 0xC3C3,
    0xC3C3, 0xA5A5, 0xA3A0, 0xA3C3, 0xA3A0, 0xA0A3, 0xBEA3, 0xA3C3, 0xC3C3, 0xC3A6, 0xA6A6, 0xA3C3,
    0xA5A5, 0xC3A6, 0xA5A5, 0xA3C3, 0xA5A0, 0xC3A6, 0xA5A5, 0xA6A0, 0xA5C3, 0xC3A6, 0xC3A5, 0xA5A5,
    0xA5C3, 0xA0A6, 0xA0C3, 0xA5A5, 0xA6C3, 0xA6A6, 0xA5A0, 0xA5A5, 0x00AF, 0x0000, 0x0000, 0x0000,
    0xAFAF, 0x009D, 0x0000, 0x0000, 0xAFAF, 0x9DAF, 0x00AF, 0x0000, 0xAFAD, 0x9DAF, 0xAFAD, 0x00AD,
    0xAFAD, 0xADAD, 0xAFAF, 0x9DAF, 0xAFAF, 0xADAD, 0xAF9D, 0x9DAF, 0xAFB8, 0xAFAF, 0xAFB8, 0xB89D,
    0xAFAD, 0xAF9D, 0xAFAD, 0x9DAF, 0xABAB, 0xA5A5, 0xA7A5, 0xA7A7, 0xA7A7, 0xA7A7, 0xA4A7, 0xA7A7,
    0xABAB, 0xABAB, 0xABAB, 0xA7A7, 0xA5A5, 0xABAB, 0xA5A5, 0xA7AB, 0xA5A5, 0xA5AB, 0xA5A5, 0xABA5,
    0xA5A5, 0xA5AB, 0xA5A5, 0xA5A5, 0xA5A5, 0xABAB, 0xABAB, 0xABAB, 0xABAB, 0xB5AB, 0xB5B5, 0xB5B5,
    0xA7A7, 0xA7A7, 0xA4A7, 0xA5A7, 0xA7A7, 0xA7A7, 0xA7A7, 0xA7A4, 0xA7A7, 0xA7A7, 0xA7A7, 0xABA7,
    0xA7A7, 0xA4A7, 0xABA7, 0xA5A5, 0xABA5, 0xA7A4, 0xA5AB, 0xA5A5, 0xABAB, 0xABAB, 0xABAB, 0xABAB,
    0xABAB, 0xB5B5, 0xB5B5, 0xB5AB, 0xABAB, 0xB5B5, 0xB5B5, 0xB5AB, 0xABAB, 0xA5A5, 0xA7A5, 0xA7A7,
    0xA7A7, 0xA7A7, 0xA4A7, 0xA7A7, 0xABAB, 0xABAB, 0xABAB, 0xA7A7, 0xA5A5, 0xABAB, 0xA5A5, 0xA7AB,
    0xA5A5, 0xA5AB, 0xA5A5, 0xABA5, 0xA5A5, 0xA5AB, 0xA5A5, 0xA5A5, 0xABAB, 0xABAB, 0xA5AB, 0xA5A5,
    0xB5B5, 0xB5B5, 0xABB5, 0xABAB, 0xB4B3, 0xC5C5, 0xB1B1, 0xB1B1, 0xB4B3, 0xC5C5, 0xB1B1, 0xB1B1,
    0xB4B3, 0xC5C5, 0xB1B1, 0xB1B1, 0xB4B3, 0xC5C5, 0xB1B1, 0xB1B1, 0xB4B3, 0xC5C5, 0xB1B1, 0xB1B1,
    0xB4B3, 0xC5C5, 0xB1B1, 0xB1B1, 0xB4B3, 0xC5C5, 0xB1B1, 0xB1B1, 0xB4B3, 0xC5C5, 0xB1B1, 0xB1B1,
    0xB1B1, 0xC5B1, 0xB1C5, 0xB1B1, 0xB1B1, 0xC5B1, 0xB1C5, 0xB1B1, 0xB1B1, 0xC5B1, 0xB1C5, 0xB1B1,
    0xB1B1, 0xC5B1, 0xB1C5, 0xB1B1, 0xB1B1, 0xC5B1, 0xB1C5, 0xB1B1, 0xB1B1, 0xC5B1, 0xB1C5, 0xB1B1,
    0xB1B1, 0xC5B1, 0xB1C5, 0xB1B1, 0xB1B1, 0xC5B1, 0xB1C5, 0xB1B1, 0xB1B1, 0xB1B1, 0xB4C5, 0xB1B1,
    0xB1B1, 0xB1B1, 0xB4C5, 0xB1B1, 0xB1B1, 0xB1B1, 0xB4C5, 0xB1B1, 0xB1B1, 0xB1B1, 0xB4C5, 0xB1B1,
    0xB1B1, 0xB1B1, 0xB4C5, 0xB1B1, 0xB1B1, 0xB1B1, 0xB4C5, 0xB1B1, 0xB1B1, 0xB1B1, 0xB4C5, 0xB1B1,
    0xB1B1, 0xB1B1, 0xB4C5, 0xB1B1, 0xA7A7, 0xA7A7, 0xB1B1, 0xB1B1, 0xB5A7, 0xA7B5, 0xB1B1, 0xB1B1,
    0xB5A7, 0xB5B5, 0xB1B1, 0xB1B1, 0xB5A7, 0xB5A7, 0xB1B1, 0xB1B1, 0xB5A7, 0xB5B5, 0xB1B1, 0xB1B1,
    0xA7A7, 0xB5B5, 0xB1B1, 0xB1B1, 0xB5A7, 0xB5B5, 0xB1B1, 0xB1B1, 0xB5A7, 0xB5B5, 0xB1B1, 0xB1B1,
    0xB6BA, 0xBABA, 0xBABA, 0xBABB, 0xB6BB, 0xAEBB, 0xAEAE, 0xB6BB, 0xBABA, 0xBBBA, 0xBABA, 0xBABA,
    0xB6B6, 0xBBB6, 0xB6B6, 0xBBBB, 0xB6BA, 0xBABA, 0xBABA, 0xBABB, 0xB6BB, 0xAEBB, 0xAEAE, 0xB6BB,
    0xBABA, 0xBBBA, 0xBABA, 0xBABA, 0xB6B6, 0xBBB6, 0xB6B6, 0xBBBB, 0xB1B1, 0xB1B1, 0xB5B5, 0xA7B5,
    0xB1B1, 0xB1B1, 0xA7B5, 0xA7B5, 0xB1B1, 0xB1B1, 0xB5B5, 0xA7A7, 0xB1B1, 0xB1B1, 0xB5B5, 0xA7B5,
    0xB1B1, 0xB1B1, 0xB5B5, 0xB5B5, 0xB1B1, 0xB1B1, 0xB5B5, 0xB5B5, 0xB1B1, 0xB1B1, 0xB5A7, 0xA7B5,
    0xB1B1, 0xB1B1, 0xA7A7, 0xA7A7, 0xBC1A, 0xC7C7, 0xC7C9, 0xC9C7, 0x6E6E, 0xC71A, 0xAFC4, 0xC9CD,
    0x6E6E, 0x6E6E, 0xC71A, 0xAFB0, 0x6E6E, 0x6E6E, 0x6E6E, 0xB01A, 0x6E6E, 0x6E6E, 0x6E6E, 0x6E6E,
    0x1A5D, 0x6E6E, 0x6E6E, 0x6E6E, 0x5D5D, 0x1A5D, 0x6E6E, 0x6E6E, 0x5D5D, 0x5D5D, 0x1A5D, 0x6E6E,
    0xCDC4, 0xC4C7, 0xCDC4, 0xCDC4, 0xAFAF, 0xAFB0, 0xADAD, 0xAEB0, 0xADCD, 0xB89D, 0xADAD, 0xB0AF,
    0xCDAD, 0xB0AD, 0xAFAD, 0xB8AD, 0xCD1A, 0xB0AD, 0xAFB0, 0xB8B8, 0x6E6E, 0xAF1A, 0xADAE, 0xAEB0,
    0x6E6E, 0x6E6E, 0xAD1A, 0xB0AF, 0x6E6E, 0x6E6E, 0x6E6E, 0xB01A, 0x550B, 0xC5C5, 0xB4B4, 0x5555,
    0xB255, 0xC5C5, 0xB4B4, 0xC5C5, 0xB355, 0xB2B3, 0xB3B2, 0xC5C5, 0xC5C5, 0xB4B4, 0xB2C5, 0xB2B2,
    0xC5C5, 0xB4B2, 0xB3B2, 0xB355, 0xB3B3, 0xC5C5, 0xC555, 0xC5C5, 0xB4B4, 0xC5C5, 0xC5B2, 0xB4C5,
    0xB4B4, 0xB255, 0x55B2, 0xB4B3, 0xB3B4, 0xB2B2, 0xC5C5, 0x0B55, 0xB2B3, 0xB3B4, 0xC5C5, 0x0B55,
    0xC5B2, 0xC5C5, 0xB2B3, 0x5555, 0xB4B4, 0xC5C5, 0xC5B2, 0xB2C5, 0xB2B2, 0xB4B4, 0xC5B2, 0xB4C5,
    0xC5C5, 0xB4B4, 0xB4B3, 0xB2B4, 0xB3B4, 0xC5B2, 0xB4C5, 0xB2B4, 0xB2B4, 0xC5B3, 0xB2C5, 0xB2B2,
    0xA3A3, 0xA3A3, 0xBEA3, 0xA5A3, 0xA3A3, 0xA3A3, 0xA3A3, 0xA3BE, 0xA3A3, 0xA3A3, 0xA3A3, 0xA6A3,
    0xA3A3, 0xBEA3, 0xA6A3, 0xA5A5, 0xA6A5, 0xA3BE, 0xA5A6, 0xA5A5, 0xA5A5, 0xA3A3, 0xA5A5, 0xA5A5,
    0xA5A5, 0xA3A3, 0xA5A6, 0xA5A5, 0xA5A5, 0xCCA6, 0xCCCC, 0xCCCC, 0xA6A6, 0xA5A5, 0xA3A5, 0xA3A3,
    0xA3A3, 0xA3A3, 0xBEA3, 0xA3A3, 0xA6A6, 0xA6A6, 0xA6A6, 0xA3A3, 0xA5A5, 0xA6A6, 0xA5A5, 0xA3A6,
    0xA5A5, 0xCCCC, 0xCC26, 0xCCCC, 0xA5A5, 0xCCCC, 0xCCCC, 0xCCCC, 0xCCCC, 0xCCCC, 0xCC26, 0xCC26,
    0xCC26, 0xCCCC, 0xCC55, 0xCC55, 0x9EA8, 0xACAC, 0xACAC, 0xACAC, 0xA99E, 0xAAAA, 0xAAAA, 0x9EA0,
    0xAAA9, 0xAAAA, 0xAAAA, 0xAAAA, 0xAAC3, 0xAAAA, 0xAAAA, 0xAAAA, 0xAC9E, 0x9EAC, 0xA99E, 0xAAAA,
    0xAAAA, 0xAAAA, 0x9EAA, 0xAAAA, 0xAAAA, 0xAAAA, 0x9EAA, 0xA9A9, 0xAAAA, 0xAAAA, 0xACAA, 0xA8A9,
    0x9E9E, 0xA89E, 0xA8A8, 0xA8A8, 0x9E9E, 0x9E9E, 0x9E9E, 0xA89E, 0xA9A9, 0xAAA9, 0xAAAA, 0x9EA0,
    0xA9AA, 0xAAAA, 0xAAAA, 0x9EAA, 0xA9AA, 0xAAAA, 0xAAAA, 0xACA9, 0xA9AA, 0xAAAA, 0xA0AA, 0xAA9E,
    0xA0A0, 0xAAA0, 0x9EA0, 0xA9A0, 0xD0A8, 0xA8D0, 0x9EA8, 0xA99E, 0xA7A4, 0xA7A7, 0xA7A7, 0xA7A7,
    0xA6A7, 0xA5A5, 0xA5A5, 0xA7A6, 0xA5A6, 0xA5A5, 0xA5A5, 0xA5A5, 0xA5A5, 0xA5A5, 0xA5A5, 0xA5A5,
    0xA7A7, 0xA7A7, 0xABA7, 0xA5A5, 0xA5A5, 0xA5A5, 0xA7A5, 0xA5A5, 0xA5A5, 0xA5A5, 0xA7A5, 0xA6A6,
    0xA5A5, 0xA5A5, 0xA7A5, 0xA4A6, 0xA7A7, 0xA4A7, 0xA4A4, 0xA4A4, 0xA7A7, 0xA7A7, 0xA7A7, 0xA4A7,
    0xABAB, 0xA5AB, 0xA5A5, 0xA7A6, 0xABA5, 0xA5A5, 0xA5A5, 0xA7A5, 0xABA5, 0xA5A5, 0xA5A5, 0xA7AB,
    0xABA5, 0xA5A5, 0xA6A5, 0xA5A7, 0xA6A6, 0xA5A6, 0xA7A6, 0xA6A6, 0xA4A4, 0xA4A4, 0xA3A4, 0xA6A7,
    0xA8C8, 0xA8C8, 0xC8CF, 0xA0A2, 0xCFC8, 0xCFCF, 0xC89E, 0xA0A2, 0xCFA8, 0xCFCF, 0x9EC8, 0xA0A2,
    0xCFC8, 0xCFCF, 0xC8CF, 0xA0A2, 0xCFA8, 0xCFCF, 0xA8CF, 0xA0A2, 0xCFC8, 0xCFCF, 0xA8CF, 0xA0A2,
    0xCFC8, 0xCFCF, 0xC8CF, 0xA0A2, 0xA8C8, 0xCFCF, 0x9FC8, 0xA0A2, 0x9EA0, 0x9EA0, 0x9FC8, 0xA1A1,
    0xA8A0, 0xC8A8, 0x9FA2, 0xA1A1, 0xA89E, 0xC8A8, 0xA29F, 0xA1A1, 0xA8A0, 0xC8A8, 0x9FC8, 0xA1A1,
    0xA89E, 0xC8A8, 0x9EC8, 0xA0A1, 0xA8A0, 0xC8A8, 0x9EC8, 0x64A1, 0xA8A0, 0xC8A8, 0x9FC8, 0xA1A1,
    0x9EA0, 0xC8A8, 0xA29F, 0xA1A1, 0xA3A3, 0xBEA3, 0xBEBE, 0xBEBE, 0xA3A3, 0xA3A3, 0xC3C3, 0xC3C3,
    0xA6A6, 0xA5A6, 0xA5A5, 0xC3A0, 0xA6A5, 0xA5A5, 0xC3A0, 0xA3C3, 0xA6A5, 0xA5A5, 0xC3C3, 0xA3A6,
    0xA6A5, 0xA5A5, 0xC3A0, 0xC3C3, 0xA6A6, 0xA5A6, 0xA3A6, 0xA6A6, 0xBEBE, 0xBEBE, 0xC3A0, 0xA0C3,
    0xA3BE, 0xA7A7, 0xA7A7, 0xA3A7, 0xA6C3, 0xA5A5, 0xA5A5, 0xA3A6, 0xA5A0, 0xA5A5, 0xA5A5, 0xA5A5,
    0xA5A5, 0xA5A5, 0xA5A5, 0xA5A5, 0xA7A3, 0xA7A7, 0xA6A3, 0xA5A5, 0xA5A0, 0xA5A5, 0xA3A5, 0xA5A5,
    0xA5A5, 0xA5A5, 0xA3A5, 0xA6A6, 0xA0A5, 0xA5C3, 0xA3A5, 0xBEA6, 0x0000, 0x0000, 0x0000, 0x0000,
    0x0000, 0x0000, 0x0000, 0x0000, 0x0000, 0x0000, 0x0000, 0x0000, 0x0000, 0x0000, 0x0000, 0x0000,
    0x009D, 0x0000, 0x0000, 0x0000, 0x9DAF, 0x009D, 0x0000, 0x0000, 0xAFAF, 0x9D9D, 0x00AF, 0x0000,
    0xADAD, 0x9DAF, 0xAFAD, 0x00AD, 0xB5B5, 0xB5A7, 0xB5B5, 0xABB5, 0xB5B5, 0xB5AB, 0xB5B5, 0xB5A7,
    0xB5B5, 0xB5A7, 0xB5B5, 0xB5B5, 0xB5B5, 0xB5A7, 0xB5B5, 0xB5B5, 0xB5B5, 0xB5A7, 0xB5A7, 0xB5B5,
    0xB5B5, 0xA7AB, 0xB5B5, 0xB5B5, 0xB5B5, 0xABAB, 0xA7AB, 0xABAB, 0xB5B5, 0xB1B1, 0xB1B1, 0xB1B1,
    0xA7AB, 0xB5B5, 0xB5B5, 0xB5A7, 0xA7AB, 0xB5B5, 0xB5B5, 0xB5A7, 0xABA7, 0xB5A7, 0xA7B5, 0xB5AB,
    0xABA7, 0xB5A7, 0xA7B5, 0xB5B5, 0xABA7, 0xB5AB, 0xABB5, 0xB5B5, 0xABA7, 0xA7AB, 0xABA7, 0xB5B5,
    0xB1B2, 0xB1B1, 0xB1B1, 0xABB1, 0xB2B2, 0xB3B2, 0xB1B2, 0xB1B1, 0xB4B3, 0xC5C5, 0xB1B1, 0xB1B1,
    0xB4B3, 0xC5C5, 0xB1B1, 0xB1B1, 0xB4B3, 0xC5C5, 0xC5C5, 0xC5C5, 0xB4B3, 0xC5C5, 0xC5C5, 0xC5C5,
    0xB4B3, 0xC5C5, 0xC5C5, 0xC5C5, 0xB4B3, 0xB4B4, 0xB4B4, 0xB4B4, 0xA9A9, 0xA9A9, 0xA9A9, 0xA9A9,
    0xAAAA, 0xAAAA, 0xAAAA, 0xAAAA, 0xB1B1, 0xC5B1, 0xB1C5, 0xB1B1, 0xB1B1, 0xC5B1, 0xB1C5, 0xB1B1,
    0xC5C5, 0xC5C5, 0xC5C5, 0xC5C5, 0xC5C5, 0xC5C5, 0xC5C5, 0xC5C5, 0xC5C5, 0xC5C5, 0xC5C5, 0xC5C5,
    0xB4B4, 0xB4B4, 0xB4B4, 0xB4B4, 0xA9A9, 0xA9A9, 0xA9A9, 0xA9A9, 0xAAAA, 0xAAAA, 0xAAAA, 0xAAAA,
    0xB1B1, 0xB1B1, 0xB4C5, 0xB1B1, 0xB1B1, 0xB1B1, 0xB4C5, 0xB1B1, 0xC5C5, 0xC5C5, 0xB4C5, 0xB1B1,
    0xC5C5, 0xC5C5, 0xB4C5, 0xB1B1, 0xC5C5, 0xC5C5, 0xB4C5, 0xB1B1, 0xB4B4, 0xB4B4, 0xB4B4, 0xB1B1,
    0xA9A9, 0xA9A9, 0xA9A9, 0xA9A9, 0xAAAA, 0xAAAA, 0xAAAA, 0x9EAA, 0xB4B3, 0xC5C5, 0xB1B1, 0xB1B1,
    0xB4B3, 0xC5C5, 0xB1B1, 0xB1B1, 0xB4B3, 0xC5C5, 0xC5C5, 0xC5C5, 0xB4B3, 0xC5C5, 0xC5C5, 0xC5C5,
    0xB4B3, 0xC5C5, 0xC5C5, 0xC5C5, 0xB4B3, 0xB4B4, 0xB4B4, 0xB4B4, 0xB5B5, 0xB5B5, 0xB5B5, 0xB5B5,
    0xAAAA, 0xAAAA, 0xAAAA, 0xAAAA, 0xB1B1, 0xC5B1, 0xB1C5, 0xB1B1, 0xB1B1, 0xC5B1, 0xB1C5, 0xB1B1,
    0xC5C5, 0xC5C5, 0xC5C5, 0xC5C5, 0xC5C5, 0xC5C5, 0xC5C5, 0xC5C5, 0xC5C5, 0xC5C5, 0xC5C5, 0xC5C5,
    0xB4B4, 0xB4B4, 0xB4B4, 0xB4B4, 0xB5B5, 0xB5B5, 0xB5B5, 0xB5B5, 0xAAAA, 0xAAAA, 0xAAAA, 0xAAAA,
    0xB1B1, 0xB1B1, 0xB4C5, 0xB1B1, 0xB1B1, 0xB1B1, 0xB4C5, 0xB1B1, 0xC5C5, 0xC5C5, 0xB4C5, 0xB1B1,
    0xC5C5, 0xC5C5, 0xB4C5, 0xB1B1, 0xC5C5, 0xC5C5, 0xB4C5, 0xB1B1, 0xB4B4, 0xB4B4, 0xB4B4, 0xB1B1,
    0xB5B5, 0xB5B5, 0xB5B5, 0xB5B5, 0xAAAA, 0xAAAA, 0xAAAA, 0xAAAA, 0xBBB6, 0xBBBB, 0xBBB6, 0xBBBB,
    0xBAB6, 0xBBBB, 0xBBBA, 0xBBBB, 0xBBB6, 0xB6BB, 0xBBBA, 0xBBBB, 0xB6B6, 0xB6BB, 0xBBB6, 0xB6B6,
    0xB6B7, 0xBBBA, 0xB6BB, 0xBBB6, 0xBBB6, 0xBBBB, 0xB6B6, 0xBBBB, 0xBAB6, 0xBBBB, 0xBBB6, 0xBBBB,
    0x9DB0, 0xB69D, 0x9DB6, 0x9DB6, 0xBBB6, 0xBBBB, 0xBBBB, 0xB7B7, 0xBAB6, 0xBBBB, 0xB7BA, 0xB7B7,
    0xBBB6, 0xB6BB, 0xBBBA, 0xB7BB, 0xB6B6, 0xB6BB, 0xBBB6, 0xB6B6, 0xB6BB, 0xBBBA, 0xB6BB, 0xB7B6,
    0xBBB6, 0xBBBB, 0xB6B6, 0xB7B7, 0xBAB6, 0xBBBB, 0xBBB6, 0xB7BB, 0x9D9D, 0xB69D, 0x9DB6, 0x9DB6,
    0x5DC3, 0x5D5D, 0x5D5D, 0x1A5D, 0xACAC, 0x5DC3, 0x5D5D, 0x5D5D, 0xA0A0, 0xC3A0, 0x5DC3, 0x5D5D,
    0xC3AA, 0xA0A9, 0xAAAA, 0x5DB1, 0xAAAA, 0xAAA9, 0xAAAA, 0xC3AA, 0xAAAA, 0xAAA9, 0xAAAA, 0xC3AA,
    0xAAAA, 0xAAA9, 0xAAAA, 0xAAAA, 0xA0C3, 0xA0A0, 0xC3A0, 0xC3C3, 0x6E6E, 0x6E6E, 0x6E6E, 0x6E6E,
    0x1A5D, 0x6E6E, 0x6E6E, 0x6E6E, 0x5D5D, 0x1A5D, 0x6E6E, 0x6E6E, 0x5D5D, 0x5D5D, 0x1A5D, 0x6E6E,
    0x5DB1, 0x5D5D, 0x5D5D, 0x1A5D, 0xB1AA, 0x5DB1, 0x5D5D, 0x5D5D, 0xC3AA, 0xAAA9, 0x5DAA, 0x5D5D,
    0xC3C3, 0xA9A9, 0xAAAA, 0x5DAA, 0xB455, 0xC5B4, 0xB4C5, 0xB3B4, 0x550B, 0xC5B4, 0xB4C5, 0xC5B4,
    0xC50B, 0xB4C5, 0xB4B3, 0xC5B4, 0xC50B, 0xB2C5, 0xB2B2, 0xB2B3, 0x550B, 0xC555, 0xB4C5, 0xC5B4,
    0x0B0B, 0xC50B, 0xB3C5, 0xC5B4, 0x1D1D, 0x550B, 0xB255, 0x55B3, 0x1D1D, 0x0B0B, 0x550B, 0x0B55,
    0xB2B2, 0xB4B3, 0xC5B4, 0xB2C5, 0xB4C5, 0xB4B4, 0xB4B4, 0xB2C5, 0xB4C5, 0xB2B4, 0xB4B3, 0xB3B4,
    0xB3B2, 0xC5B3, 0xB3C5, 0x55B2, 0xB2C5, 0xC5B2, 0xB2C5, 0x0B55, 0xB3C5, 0xB4B4, 0xC5B2, 0x55C5,
    0xB3B2, 0xB4B4, 0xC555, 0x55C5, 0x5555, 0x5555, 0x550B, 0x0B55, 0x0B0B, 0xCC0B, 0xCCCC, 0xCC26,
    0x0B0B, 0x550B, 0x5555, 0xCCCC, 0x0B0B, 0x0B0B, 0x0B0B, 0x5555, 0x0B0B, 0x0B0B, 0x0B0B, 0x0B0B,
    0x0B0B, 0x0B0B, 0x190B, 0x0B19, 0x0B0B, 0x0B0B, 0x190B, 0x0B19, 0x1D1D, 0x0B0B, 0x0B0B, 0x0B0B,
    0x1D1D, 0x0B0B, 0x0B0B, 0x0B0B, 0xCCCC, 0xCC26, 0xCCCC, 0xCCCC, 0xCCCC, 0xCCCC, 0xCCCC, 0xCC55,
    0x5555, 0xCC55, 0xCCCC, 0xCCCC, 0x0B0B, 0x550B, 0x5555, 0xCCCC, 0x0B0B, 0x0B0B, 0x1818, 0x5555,
    0x0B0B, 0x0B0B, 0x0B0B, 0x0B0B, 0x0B0B, 0x0B0B, 0x0B0B, 0x0B0B, 0x0B0B, 0x180B, 0x0B0B, 0x0B0B,
    0xA0A9, 0xAAAA, 0x9EC3, 0x9E9E, 0xACAC, 0xACAC, 0xA8AC, 0x9E9E, 0xA9A9, 0xA9A9, 0xA0A9, 0x9EAC,
    0xAAAA, 0xA0A9, 0xAAAA, 0xACA9, 0xAAAA, 0xAAA9, 0xAAAA, 0xA0AA, 0xAAAA, 0xAAA9, 0xAAAA, 0xAAAA,
    0xAAAA, 0xAAA9, 0xAAAA, 0xAAAA, 0xA0C3, 0xA0A0, 0xC3A0, 0xC3AA, 0x9E9E, 0x9E9E, 0xA89E, 0xAA9E,
    0x9E9E, 0x9E9E, 0x9E9E, 0x9EA8, 0x9E9E, 0x9E9E, 0x9E9E, 0xA0AC, 0x9E9E, 0xA89E, 0xA09E, 0xAAAA,
    0xA0AA, 0x9EA8, 0xAAA0, 0xAAAA, 0xC3AA, 0x9E9E, 0xAAAA, 0xAAAA, 0xAAAA, 0x9EAC, 0xAAA0, 0xAAAA,
    0xC3AA, 0x9EA9, 0xA09E, 0xC3C3, 0xA6A6, 0xA5A5, 0xA7A5, 0xA3A3, 0xA7A7, 0xA7A7, 0xA4A7, 0xA3A3,
    0xA6A6, 0xA6A6, 0xA6A6, 0xA3A7, 0xA5A5, 0xA6A6, 0xA5A5, 0xA7A6, 0xA5A5, 0xA5A6, 0xA5A5, 0xA6A5,
    0xA5A5, 0xA5A6, 0xA5A5, 0xA5A5, 0xA5A5, 0xA5A6, 0xA5A5, 0xA5A5, 0xA6A5, 0xA6A6, 0xA5A6, 0xA5A5,
    0xA3A3, 0xA3A3, 0xA4A3, 0xA5A3, 0xA3A3, 0xA3A3, 0xA3A3, 0xA7A4, 0xA3A3, 0xA3A3, 0xA3A3, 0xA6A7,
    0xA3A7, 0xBEA3, 0xA6A3, 0xA5A5, 0xA6A5, 0xA3A4, 0xA5A6, 0xA5A5, 0xA5A5, 0xA3A3, 0xA5A5, 0xA5A5,
    0xA5A5, 0xA3A7, 0xA5A6, 0xA5A5, 0xA5A5, 0xA3A6, 0xA6A3, 0xA5A5, 0xD169, 0xD16F, 0x6FD1, 0x69D1,
    0x6969, 0x696F, 0x69D1, 0xD1D1, 0x986F, 0x696F, 0x6F69, 0xD1D1, 0x6FD1, 0xD1D1, 0x6969, 0xD16F,
    0x69D1, 0xD1D1, 0xD169, 0x6969, 0x6F69, 0xD169, 0xD16F, 0x6FD1, 0xD1D1, 0x6969, 0xD16F, 0x6FD1,
    0xD1D1, 0xD16F, 0x6969, 0x6FD1, 0x6F69, 0xD1D1, 0xD16F, 0x6069, 0x696F, 0x69D1, 0x6969, 0x69D1,
    0x696F, 0x6F69, 0xD169, 0x69D1, 0x69D1, 0x69D1, 0x6F69, 0x6969, 0x6FD1, 0xD1D1, 0xD16F, 0x6969,
    0x6F69, 0xD1D1, 0xD16F, 0x6069, 0x6F6F, 0x6969, 0x6969, 0x6969, 0x6F69, 0xD169, 0xD16F, 0x6F69,
    0xD200, 0x5050, 0x5050, 0x0000, 0x5043, 0x5050, 0x5050, 0x0050, 0xD243, 0x5050, 0x5050, 0x00D2,
    0xD843, 0xD2D2, 0xD8D2, 0x00D7, 0x0E43, 0xD8D2, 0x0E50, 0x00D7, 0xD843, 0x0ED2, 0xD850, 0x00D7,
    0xD243, 0xD8D2, 0xD750, 0x00D7, 0x4300, 0x4343, 0x4343, 0x0000, 0x0000, 0xD200, 0xD2D2, 0x0000,
    0x0000, 0xD200, 0xD2D2, 0x0000, 0x0000, 0x5000, 0x50D7, 0x00D2, 0x0000, 0x5000, 0xD7D9, 0xD250,
    0x0000, 0x0000, 0xD950, 0x50D7, 0x0000, 0x0000, 0x5000, 0xD750, 0x0000, 0x0000, 0x0000, 0x5000,
    0x0000, 0x0000, 0x0000, 0x0000, 0x0000, 0x0000, 0xD200, 0xD2D2, 0x0000, 0xD200, 0x50D2, 0x5050,
    0x0000, 0x50D2, 0xD750, 0xD7D7, 0xD2D2, 0xD750, 0xD7D7, 0xD7D7, 0x5050, 0xD9D7, 0x50D9, 0xD7D9,
    0xD7D7, 0x0050, 0x0000, 0x5000, 0x5050, 0x0000, 0x0000, 0x0000, 0x0000, 0x0000, 0x0000, 0x0000,
    0x0B0B, 0x0B0B, 0x0B0B, 0x0B0B, 0x180B, 0x0B0B, 0x0B0B, 0x0B0B, 0x0B0B, 0x0B0B, 0x0B0B, 0x0B0B,
    0x0B0B, 0x0B0B, 0x2A18, 0x2727, 0x0B0B, 0x0B0B, 0x2A2A, 0x2727, 0x0B0B, 0x270B, 0x2727, 0x2727,
    0x0B0B, 0x270B, 0x2727, 0x2727, 0x0B0B, 0x2A0B, 0x2727, 0x2727, 0x0B0B, 0x540B, 0x5454, 0x0B54,
    0x180B, 0x5A56, 0x5A5A, 0x5456, 0x540B, 0x5A5A, 0x5A5A, 0x565A, 0x5427, 0x5A5A, 0x5A5A, 0x5A5A,
    0x5427, 0x5A56, 0x5A5A, 0x5A5A, 0x5427, 0x5654, 0x5A5A, 0x5A5A, 0x5427, 0x5454, 0x5A56, 0x565A,
    0x5427, 0x5454, 0x5454, 0x5454, 0x0B0B, 0x0B0B, 0x2727, 0x2727, 0x0B0B, 0x190B, 0x170B, 0x2727,
    0x0B0B, 0x0B0B, 0x170B, 0x2727, 0x0B0B, 0x170B, 0x2727, 0x2727, 0x0B0B, 0x2717, 0x1227, 0x2712,
    0x0B0B, 0x2727, 0x1227, 0x2712, 0x171D, 0x2727, 0x2727, 0x2727, 0x171D, 0x2727, 0x2727, 0x2727,
    0x5427, 0x5454, 0x5656, 0x5456, 0x0A27, 0x5A54, 0x5A5A, 0x565A, 0x2727, 0x5454, 0x5A5A, 0x545A,
    0x2727, 0x5454, 0x5454, 0x5454, 0x5427, 0x5A5A, 0x5A5A, 0x5A5A, 0x5A54, 0x5A5A, 0x5A5A, 0x5A5A,
    0x5A54, 0x5A5A, 0x5A5A, 0x5A5A, 0x5A54, 0x5A5A, 0x5A5A, 0x5A5A, 0x0B0B, 0x0B0B, 0x2727, 0x2727,
    0x0B0B, 0x120B, 0x2727, 0x2727, 0x0B0B, 0x2717, 0x2727, 0x2727, 0x0B0B, 0x2727, 0x2727, 0x2727,
    0x0B0B, 0x2727, 0x1227, 0x2712, 0x0B0B, 0x2727, 0x1227, 0x2712, 0x1D1D, 0x2727, 0x2727, 0x2727,
    0x1D1D, 0x2717, 0x2727, 0x2727, 0x2727, 0x5427, 0x5454, 0x0B54, 0x2A27, 0x5A56, 0x5A5A, 0x5456,
    0x5427, 0x5A5A, 0x5A5A, 0x565A, 0x5427, 0x5A5A, 0x5A5A, 0x5A5A, 0x5427, 0x5A56, 0x5A5A, 0x5A5A,
    0x5427, 0x5654, 0x5A5A, 0x5A5A, 0x5427, 0x5454, 0x5A56, 0x565A, 0x5427, 0x5454, 0x5454, 0x5454,
    0x0B0B, 0x2717, 0x2727, 0x2727, 0x0B0B, 0x1227, 0x2727, 0x2727, 0x0B0B, 0x2727, 0x2727, 0x2727,
    0x0B0B, 0x2717, 0x2727, 0x2727, 0x0B0B, 0x170B, 0x1227, 0x2712, 0x0B0B, 0x0B0B, 0x1217, 0x2712,
    0x1D1D, 0x0B0B, 0x270B, 0x2727, 0x1D1D, 0x0B0B, 0x270B, 0x2727, 0x5A54, 0x5A5A, 0x0A0A, 0x5454,
    0x5454, 0x5A5A, 0x0A0A, 0x5454, 0x5454, 0x5454, 0x270A, 0x5454, 0x5454, 0x5454, 0x0A5E, 0x5A56,
    0x545E, 0x5454, 0x540A, 0x5A5A, 0x5E27, 0x5E0A, 0x540A, 0x5A56, 0x1717, 0x2727, 0x0A5E, 0x5454,
    0x1717, 0x2727, 0x0A27, 0x5454, 0x0C0C, 0xD4D3, 0xD5D4, 0xD5D5, 0x0C0C, 0xD4D3, 0xD5D4, 0xD5D5,
    0x0C0C, 0xD30C, 0xD5D4, 0xD5D5, 0x0C0C, 0xD30C, 0xD417, 0xD5D5, 0x0C0C, 0x0C0C, 0xD617, 0xD4D4,
    0x0C0C, 0x0C0C, 0x120C, 0x17D6, 0x1717, 0x0C0C, 0x0C0C, 0x0C0C, 0x1717, 0x0C0C, 0x0C0C, 0x0C0C,
    0xD5D5, 0xD5D5, 0xD5D5, 0xD3D4, 0xD5D5, 0xD5D5, 0xD4D5, 0xD3D3, 0xD5D5, 0xD5D5, 0xD3D4, 0xD3D3,
    0xD4D5, 0xD4D4, 0xD3D3, 0xD3D3, 0xD317, 0xD3D3, 0xD3D3, 0xD3D3, 0xD617, 0xD3D3, 0xD3D3, 0xD6D3,
    0xD60C, 0xD3D6, 0xD30C, 0xD4D6, 0xD60C, 0x0CD6, 0xD612, 0x0CD4, 0x0B0B, 0x0B0B, 0x0B0B, 0x0B0B,
    0x180B, 0x0B0B, 0x0B0B, 0x0B0B, 0x0B0B, 0x0B0B, 0x0B0B, 0x0B0B, 0x0B0B, 0x180B, 0x18DA, 0x0B0B,
    0x0B0B, 0xDA0B, 0x0B18, 0x0B0B, 0x0B0B, 0x0B0B, 0x0B18, 0x0B0B, 0x0B0B, 0x0B0B, 0x0B18, 0x180B,
    0x0B0B, 0x0B18, 0x0B0B, 0xDA0B, 0x0B0B, 0x0B0B, 0x0B0B, 0x0B0B, 0x0B0B, 0x0B0B, 0x0B0B, 0x0B0B,
    0x0B0B, 0x0B0B, 0x0B0B, 0x0B0B, 0x0B0B, 0xDA0B, 0x0B18, 0x180B, 0xDA0B, 0x18DA, 0x0BDA, 0x180B,
    0x0B0B, 0x1818, 0x0B0B, 0x180B, 0x0BDA, 0x1818, 0xDA0B, 0x180B, 0x0B18, 0x1818, 0xDA0B, 0xDA0B,
    0x0B0B, 0x0B0B, 0x0B0B, 0x0B0B, 0x180B, 0x0B0B, 0x0B0B, 0x0B0B, 0x0B0B, 0x0B0B, 0x0B0B, 0x0B0B,
    0x0B0B, 0x180B, 0x0BDA, 0x0B0B, 0x0B0B, 0xDA0B, 0x0B18, 0x0B0B, 0x0B18, 0x0B0B, 0x0B18, 0x0B0B,
    0x0B18, 0x0B0B, 0x0B18, 0x180B, 0x0BDA, 0x0B18, 0x0B0B, 0xDA0B, 0x0B0B, 0x0B0B, 0x0B0B, 0x0B0B,
    0x0B0B, 0x0B0B, 0x0B0B, 0x0B0B, 0x0B0B, 0x0B0B, 0x0B0B, 0x0B0B, 0x0B0B, 0xDA0B, 0x0B18, 0x0B0B,
    0xDA0B, 0x18DA, 0x0BDA, 0x0B19, 0x0B0B, 0x1818, 0x0B0B, 0x0B19, 0x0BDA, 0x1818, 0xDA0B, 0x0B0B,
    0x0B18, 0x1818, 0xDA0B, 0x0B0B, 0xD4D3, 0xD5D5, 0xD5D5, 0xD5D5, 0xD3D3, 0xD5D4, 0xD5D5, 0xD5D5,
    0xD3D3, 0xD4D3, 0xD5D5, 0xD5D5, 0xD3D3, 0xD3D3, 0xD4D4, 0xD5D4, 0xD3D6, 0xD3D3, 0xD3D3, 0x17D3,
    0xD6D4, 0xD3D3, 0xD3D3, 0x17D6, 0xD417, 0x0CD6, 0xD6D3, 0x0CD6, 0x1717, 0x0CD4, 0xD60C, 0x0CD6,
    0x0C0C, 0xD3D6, 0xD3D3, 0xD3D3, 0x120C, 0xD60C, 0xD4D3, 0xD5D5, 0x0C0C, 0xD30C, 0xD5D4, 0xD5D5,
    0x0C0C, 0xD30C, 0xD5D5, 0xD5D5, 0x0C0C, 0xD30C, 0xD5D4, 0xD5D5, 0x0C0C, 0x810C, 0xD4D6, 0xD5D5,
    0xD30C, 0x81D3, 0xD6D6, 0xD3D3, 0xD5D3, 0xD3D5, 0xD6D6, 0xD3D3, 0xD3D3, 0xD3D3, 0x0C0C, 0x0C0C,
    0xD5D5, 0xD5D4, 0x0CD3, 0x0C0C, 0xD5D5, 0xD5D5, 0xD3D4, 0x0C0C, 0xD5D5, 0xD5D5, 0xD4D5, 0x0CD3,
    0xD5D5, 0xD5D5, 0xD4D5, 0xD3D3, 0xD5D5, 0xD5D5, 0xD3D4, 0xD5D4, 0xD5D4, 0xD4D5, 0xD4D3, 0xD5D5,
    0xD3D3, 0xD3D3, 0xD3D3, 0x0CD5, 0x0C0C, 0x0C0C, 0x0C0C, 0x0C0C, 0x120C, 0x0C0C, 0x0C0C, 0x0C0C,
    0x0C0C, 0x0C0C, 0x0C0C, 0xD3D3, 0x0C0C, 0x0C0C, 0xD312, 0xD4D4, 0xD3D3, 0xD3D3, 0xD4D3, 0xD5D5,
    0xD5D5, 0xD3D4, 0xD5D4, 0xD5D5, 0xD5D5, 0xD6D4, 0xD5D4, 0xD5D5, 0xD5D5, 0xD6D3, 0xD5D4, 0xD5D5,
    0x0C0C, 0xD3D3, 0xD3D3, 0x0CD6, 0x0C0C, 0xD30C, 0xD6D3, 0x0C0C, 0xD3D3, 0xD3D3, 0x0CD3, 0x0C0C,
    0xD4D4, 0xD4D3, 0xD3D4, 0x0C0C, 0xD5D5, 0xD5D3, 0xD5D5, 0x0CD3, 0xD5D5, 0xD5D3, 0xD5D5, 0xD3D5,
    0xD5D5, 0xD5D4, 0xD5D5, 0xD3D5, 0xD4D5, 0xD5D5, 0xD5D5, 0xD3D5, 0xD169, 0xD16F, 0x6FD1, 0x69D1,
    0x6969, 0x696F, 0x69D1, 0xD1D1, 0x986F, 0x696F, 0x6F69, 0xD1D1, 0x6F98, 0x6F69, 0x9869, 0x6FD1,
    0x6998, 0x9869, 0x6F6F, 0x9869, 0x696F, 0x9869, 0x6F69, 0x9898, 0x6F6F, 0x9869, 0x6F69, 0x6F98,
    0x6F98, 0x986F, 0x9898, 0x986F, 0x6F69, 0xD1D1, 0x696F, 0xD169, 0x696F, 0x69D1, 0xD169, 0xD169,
    0x986F, 0x6F69, 0xD1D1, 0xD169, 0xD16F, 0x6998, 0x696F, 0xD169, 0xD1D1, 0x6998, 0x6F69, 0x696F,
    0x6969, 0x696F, 0x6F69, 0x6F98, 0x6F69, 0x6F98, 0x6969, 0x6F98, 0x6F6F, 0x6F98, 0x6F6F, 0xDD6F,
    0x6969, 0xDB69, 0x69DB, 0x6969, 0xD169, 0x69D1, 0xD1D1, 0xD169, 0x6969, 0x6FD1, 0x6969, 0xD1D1,
    0x6F69, 0x6969, 0x69D1, 0xD1D1, 0xD169, 0xD16F, 0x6FD1, 0x69D1, 0xD169, 0xD16F, 0x6FD1, 0x6F69,
    0x6969, 0x6969, 0x6F69, 0x6F6F, 0xD169, 0xD16F, 0x6F69, 0x6F69, 0x6969, 0xDB69, 0x69DB, 0x6969,
    0xD169, 0x69D1, 0xD169, 0x69D1, 0xD169, 0x6F69, 0xD169, 0x696F, 0x696F, 0xD169, 0x6FD1, 0x69D1,
    0xD169, 0xD169, 0x69D1, 0x69D1, 0xD1D1, 0xD16F, 0x6F69, 0x6969, 0xD1D1, 0x696F, 0xD169, 0x69D1,
    0x69D1, 0xD169, 0xD16F, 0x6FD1, 0x0000, 0x0000, 0x0000, 0x0000, 0x0000, 0x0000, 0x0000, 0x0000,
    0x0000, 0x0000, 0x0000, 0x0000, 0x0000, 0x0000, 0x0000, 0x0000, 0x0000, 0x50D2, 0x5050, 0x0000,
    0x4300, 0x5050, 0x5050, 0x0050, 0x4300, 0x50D2, 0x5050, 0x00D2, 0x4300, 0xD243, 0xD2D2, 0x00D7,
    0x4300, 0xD2D2, 0xD750, 0xD2D7, 0x50D2, 0xD2D2, 0xD750, 0x50D9, 0xD2D2, 0xD243, 0xD950, 0xD750,
    0xD2D2, 0xD243, 0xD950, 0xD750, 0xD2D2, 0xD243, 0xD950, 0xD750, 0xD243, 0xD243, 0xD950, 0x5050,
    0x4300, 0xD2D2, 0xD950, 0x50D7, 0x4300, 0xD2D2, 0xD950, 0x00D7, 0x4300, 0xD2D2, 0xD950, 0x00D7,
    0x4300, 0xD2D2, 0xD950, 0x00D7, 0x4300, 0xD2D2, 0xD950, 0x00D7, 0x4300, 0xD2D2, 0xD950, 0x00D7,
    0x4300, 0xD2D2, 0xD950, 0x00D7, 0x4300, 0xD2D2, 0xD950, 0x00D7, 0x4300, 0xD2D2, 0xD950, 0x00D7,
    0x4300, 0xD2D2, 0xD950, 0x00D7, 0x4343, 0xD243, 0xD243, 0xD2D2, 0x4343, 0x4343, 0x5043, 0x50D2,
    0x4343, 0x4343, 0xD2D2, 0x50D2, 0x4343, 0x4343, 0xD2D2, 0x50D2, 0x4343, 0xD243, 0xD243, 0x50D2,
    0x4343, 0x4343, 0xD2D2, 0x4350, 0x43DC, 0x4343, 0xD243, 0xDC43, 0xDCDC, 0x4343, 0x4343, 0xDCDC,
    0xD943, 0xD2D2, 0xD750, 0x50D9, 0x4343, 0xD9D7, 0xD9D9, 0x5050, 0x4343, 0xD243, 0xD2D2, 0x5050,
    0x4343, 0x4343, 0xD2D2, 0x50D2, 0x4343, 0xD243, 0xD2D2, 0x5050, 0x4343, 0x4343, 0xD2D2, 0x50D2,
    0x4343, 0xD243, 0xD2D2, 0x50D2, 0x4343, 0x4343, 0xD2D2, 0x50D2, 0x0B0B, 0x0B0B, 0x0B0B, 0x0B0B,
    0x180B, 0x0B0B, 0x0B0B, 0x0B0B, 0x0B0B, 0x0B0B, 0x0B0B, 0x0B0B, 0x0B0B, 0x0B0B, 0x1919, 0x0B0B,
    0x0B0B, 0x0B0B, 0x1919, 0x0B0B, 0x0B0B, 0x0B0B, 0x0B0B, 0x0B0B, 0x0B0B, 0x0B0B, 0x0B0B, 0x0B0B,
    0x0B0B, 0x180B, 0x0B0B, 0x0B0B, 0x0B0B, 0x0B0B, 0x0B0B, 0x0B0B, 0x0B0B, 0x190B, 0x0B0B, 0x0B0B,
    0x0B0B, 0x0B0B, 0x0B0B, 0x0B0B, 0x0B0B, 0x0B0B, 0x0B0B, 0x0B0B, 0x0B0B, 0x0B0B, 0x190B, 0x0B19,
    0x0B0B, 0x0B0B, 0x190B, 0x0B19, 0x1818, 0x0B0B, 0x0B0B, 0x0B0B, 0x1818, 0x0B0B, 0x0B0B, 0x0B0B,
    0x270B, 0x2727, 0x2727, 0x2727, 0x2A0B, 0x2727, 0x2727, 0x2727, 0x270B, 0x2727, 0x2727, 0x2727,
    0x270B, 0x2727, 0x2A2A, 0x2727, 0x170B, 0x2727, 0x2A2A, 0x2727, 0x0B0B, 0x2727, 0x2727, 0x2727,
    0x0B0B, 0x2717, 0x2727, 0x2727, 0x0B0B, 0x180B, 0x2717, 0x2727, 0x5654, 0x5A5A, 0x5A5A, 0x5A5A,
    0x5454, 0x5A56, 0x5A5A, 0x5A5A, 0x5454, 0x5654, 0x5A5A, 0x5A5A, 0x5454, 0x5454, 0x5656, 0x5A56,
    0x540A, 0x5454, 0x5454, 0x5554, 0x0A27, 0x5454, 0x5454, 0x550A, 0x2717, 0x0B0A, 0x0A54, 0x0B0A,
    0x1717, 0x0B27, 0x0A0B, 0x0B0A, 0x0B0B, 0x170B, 0x2727, 0x2727, 0x180B, 0x0B0B, 0x0B0B, 0x2717,
    0x0B0B, 0x0B0B, 0x0B0B, 0x2727, 0x0B0B, 0x0B0B, 0x1818, 0x2727, 0x0B0B, 0x0B0B, 0x1818, 0x2727,
    0x0B0B, 0x0B0B, 0x0B0B, 0x2727, 0x0B0B, 0x0B0B, 0x0B0B, 0x2727, 0x0B0B, 0x180B, 0x170B, 0x2727,
    0x2727, 0x540A, 0x5454, 0x5454, 0x2A27, 0x0A27, 0x5654, 0x5A5A, 0x2727, 0x5427, 0x5A56, 0x5A5A,
    0x2727, 0x5427, 0x5A5A, 0x5A5A, 0x2727, 0x5427, 0x5A56, 0x5A5A, 0x2727, 0x5E27, 0x560A, 0x5A5A,
    0x5427, 0x5E54, 0x0A0A, 0x5454, 0x5A54, 0x545A, 0x0A0A, 0x5454, 0x0B0B, 0x0B0B, 0x270B, 0x2727,
    0x180B, 0x0B0B, 0x270B, 0x2727, 0x0B0B, 0x0B0B, 0x170B, 0x2727, 0x0B0B, 0x0B0B, 0x1818, 0x2717,
    0x0B0B, 0x0B0B, 0x1818, 0x0B0B, 0x0B0B, 0x0B0B, 0x0B0B, 0x0B0B, 0x0B0B, 0x0B0B, 0x0B0B, 0x0B0B,
    0x0B0B, 0x180B, 0x0B0B, 0x0B0B, 0x2727, 0x2727, 0x0A27, 0x5454, 0x2A27, 0x2727, 0x0A27, 0x5454,
    0x2727, 0x2727, 0x2727, 0x540A, 0x2727, 0x2727, 0x2A2A, 0x0A27, 0x2717, 0x2727, 0x2A2A, 0x2727,
    0x0B0B, 0x0B0B, 0x0B0B, 0x0B0B, 0x0B0B, 0x0B0B, 0x0B0B, 0x0B0B, 0x0B0B, 0x180B, 0x0B0B, 0x0B0B,
    0x170C, 0x0B0B, 0x0B0B, 0x0B0B, 0x0C0C, 0x170C, 0x0B0B, 0x0B0B, 0x0C0C, 0x0C0C, 0x170C, 0x170C,
    0x0C0C, 0x1212, 0x0C0C, 0x0C0C, 0x0C0C, 0x1212, 0x0C0C, 0x0C0C, 0x0C0C, 0x0C0C, 0x0C0C, 0x0C0C,
    0x0C0C, 0x0C0C, 0x0C0C, 0x0C0C, 0x0C0C, 0x0C0C, 0x0C2A, 0x0C0C, 0x0B0B, 0x0B0B, 0x0B0B, 0x0B0B,
    0x0B0B, 0x190B, 0x0B0B, 0x0B0B, 0x0B0B, 0x0B0B, 0x170B, 0x170C, 0x0C17, 0x0C0C, 0x0C0C, 0x0C0C,
    0x0C0C, 0x0C0C, 0x120C, 0x0C12, 0x0C0C, 0x0C0C, 0x120C, 0x0C12, 0x1717, 0x0C0C, 0x0C0C, 0x0C0C,
    0x1717, 0x0C0C, 0x0C0C, 0x0C0C, 0x0B0B, 0x0B0B, 0x170B, 0x0B17, 0x180B, 0x170B, 0x0C0C, 0x0C2A,
    0x170B, 0x0C0C, 0x0C0C, 0x0C0C, 0x0C17, 0x1212, 0x0C0C, 0x0C0C, 0x0C0C, 0x1212, 0x0C0C, 0x0C0C,
    0x0C0C, 0x0C0C, 0x0C0C, 0x0C0C, 0x0C0C, 0x0C0C, 0x0C0C, 0x0C0C, 0x0C0C, 0x0C0C, 0x0C2A, 0x0C0C,
    0x0C0C, 0x0C0C, 0x0C0C, 0x0C0C, 0x120C, 0x0C0C, 0x0C0C, 0x0C0C, 0x0C0C, 0x0C0C, 0x0C0C, 0xD30C,
    0x0C0C, 0x0C0C, 0x1212, 0xD4D3, 0x0C0C, 0x0C0C, 0x1212, 0xD4D3, 0x0C0C, 0x0C0C, 0x0C0C, 0xD4D3,
    0x0C0C, 0x0C0C, 0x0C0C, 0xD4D3, 0x0C0C, 0x120C, 0x0C0C, 0xD30C, 0xD30C, 0xD3D3, 0x0CD3, 0x0C0C,
    0xD4D3, 0xD5D5, 0xD4D5, 0x0C0C, 0xD5D4, 0xD5D5, 0xD5D5, 0x0CD3, 0xD5D5, 0xD5D5, 0xD5D5, 0x0CD3,
    0xD5D5, 0xD5D5, 0xD4D5, 0x0CD3, 0xD5D5, 0xD5D5, 0xD3D4, 0x0CD3, 0xD5D4, 0xD4D5, 0xD3D3, 0x0CD3,
    0xD3D3, 0xD3D3, 0xD3D3, 0x0CD3, 0x0B0B, 0xDA18, 0x180B, 0x0BDA, 0x0B0B, 0x1818, 0xDA0B, 0x0B18,
    0x0B0B, 0x1818, 0x0B0B, 0x0B0B, 0x0B0B, 0x18DA, 0x180B, 0x0BDA, 0x0B0B, 0x0B0B, 0xDA0B, 0xDA18,
    0x0B0B, 0x0B0B, 0x0B0B, 0x1818, 0x1D1D, 0x180B, 0x0BDA, 0x1818, 0x1D1D, 0xDA0B, 0x0B18, 0x0B0B,
    0xDA18, 0x0B0B, 0x0B0B, 0x0B0B, 0x1818, 0x0B0B, 0x18DA, 0x0B0B, 0x1818, 0xDA0B, 0xDA18, 0x0B0B,
    0x1818, 0x180B, 0x0B18, 0x18DA, 0x0B0B, 0x180B, 0x0B18, 0xDA18, 0xDA0B, 0x0B0B, 0x0B0B, 0x0B18,
    0x180B, 0x0B0B, 0x0BDA, 0x0B18, 0x180B, 0x0BDA, 0x0BDA, 0x0B0B, 0x0B0B, 0xDA18, 0x180B, 0x0BDA,
    0x0BDA, 0x1818, 0xDA0B, 0x0B18, 0x0BDA, 0x1818, 0x0B0B, 0x0B0B, 0x0B0B, 0x18DA, 0x180B, 0x0BDA,
    0x0B0B, 0x0B0B, 0xDA0B, 0xDA18, 0x180B, 0x0B0B, 0x0B0B, 0x1818, 0x180B, 0x180B, 0x0BDA, 0x1818,
    0xDA0B, 0xDA0B, 0x0B18, 0x0B0B, 0xDA18, 0x0B0B, 0x0B0B, 0x0B0B, 0x1818, 0x0B0B, 0x18DA, 0x0B0B,
    0x1818, 0xDA0B, 0xDA18, 0x0B0B, 0x1818, 0x180B, 0x0B18, 0x0B0B, 0x0B0B, 0x180B, 0x0B18, 0x0B0B,
    0xDA0B, 0x0B0B, 0x0B0B, 0x0B0B, 0x180B, 0x0B0B, 0x0BDA, 0x0B0B, 0x180B, 0x0BDA, 0x0BDA, 0x0B0B,
    0x0C0C, 0xD30C, 0xD3D3, 0x0CD3, 0x120C, 0xD5D4, 0xD5D5, 0xD3D4, 0xD30C, 0xD5D5, 0xD5D5, 0xD4D5,
    0xD30C, 0xD5D5, 0xD5D5, 0xD5D5, 0xD30C, 0xD5D4, 0xD5D5, 0xD5D5, 0xD30C, 0xD4D3, 0xD5D5, 0xD5D5,
    0xD30C, 0xD3D3, 0xD5D4, 0xD4D5, 0xD30C, 0xD3D3, 0xD3D3, 0xD3D3, 0xD5D3, 0xD5D5, 0xD6D6, 0xD3D3,
    0xD3D3, 0xD5D5, 0xD6D6, 0xD3D3, 0xD3D3, 0xD3D3, 0x0CD6, 0xD3D3, 0xD3D3, 0xD3D3, 0xD681, 0xD5D4,
    0xD381, 0xD3D3, 0xD3D6, 0xD5D5, 0x810C, 0x81D6, 0xD3D6, 0xD5D4, 0x1717, 0x0C0C, 0xD681, 0xD3D3,
    0x1717, 0x0C0C, 0xD60C, 0xD3D3, 0xD6D6, 0xD6D6, 0x0CD6, 0x0C0C, 0xD3D3, 0xD3D3, 0xD6D3, 0x0C12,
    0xD5D4, 0xD5D5, 0xD3D4, 0x0CD6, 0xD5D5, 0xD5D5, 0xD3D5, 0xD6D4, 0xD5D5, 0xD5D5, 0xD3D4, 0xD3D4,
    0xD5D5, 0xD4D5, 0xD3D3, 0xD4D4, 0xD3D3, 0xD3D3, 0xD3D3, 0xD4D4, 0xD3D3, 0xD3D3, 0xD3D3, 0xD4D4,
    0xD3D3, 0xD6D6, 0xD5D4, 0xD5D5, 0xD6D4, 0xD6D6, 0xD4D6, 0xD5D5, 0xD6D4, 0xD6D6, 0xD3D6, 0xD5D4,
    0xD4D3, 0xD4D4, 0xD3D6, 0xD4D3, 0xD4D3, 0xD5D5, 0xD6D5, 0xD3D3, 0xD3D6, 0xD5D5, 0xD4D5, 0xD3D6,
    0xD6D6, 0xD4D4, 0xD3D4, 0xD6D3, 0xD681, 0xD3D3, 0xD3D3, 0xD6D3, 0xD4D5, 0xD5D5, 0xD5D5, 0xD3D5,
    0xD4D5, 0xD5D5, 0xD5D5, 0xD3D3, 0xD5D5, 0xD5D4, 0xD5D5, 0xD3D3, 0xD4D4, 0xD4D3, 0xD3D4, 0xD3D3,
    0xD3D3, 0xD3D3, 0xD3D3, 0xD3D3, 0xD3D3, 0xD3D3, 0xD3D6, 0xD3D3, 0xD3D3, 0xD3D3, 0xD3D6, 0xD6D3,
    0xD3D3, 0xD3D3, 0xD681, 0x0CD6, 0x2727, 0x2727, 0x2727, 0x0B27, 0x0B0B, 0x2727, 0x2727, 0x190B,
    0x0B0B, 0x270B, 0x2727, 0x190B, 0x0B0B, 0x1919, 0x0B27, 0x0B0B, 0x0B0B, 0x1919, 0x0B0B, 0x0B0B,
    0x0B0B, 0x0B0B, 0x0B0B, 0x0B0B, 0x0B0B, 0x180B, 0x0B0B, 0x0B0B, 0x0B0B, 0x0B0B, 0x0B0B, 0x0B0B,
    0x0B0B, 0x180B, 0x2727, 0x2727, 0x0B0B, 0x180B, 0x270B, 0x2727, 0x0B0B, 0x0B0B, 0x2727, 0x2727,
    0x0B0B, 0x0B0B, 0x2727, 0x2727, 0x0B0B, 0x0B18, 0x2727, 0x2727, 0x0B0B, 0x0B0B, 0x0B0B, 0x2727,
    0x0B0B, 0x0B19, 0x190B, 0x2727, 0x0B0B, 0x0B0B, 0x190B, 0x2719, 0x0B27, 0x0B0B, 0x2727, 0x0B27,
    0x0B27, 0x0B18, 0x0B0B, 0x0B27, 0x0B0B, 0x0B0B, 0x0B0B, 0x0B0B, 0x0B0B, 0x0B0B, 0x180B, 0x0B18,
    0x0B0B, 0x0B0B, 0x180B, 0x0B18, 0x0B0B, 0x0B0B, 0x0B0B, 0x0B0B, 0x0B0B, 0x0B0B, 0x0B0B, 0x0B0B,
    0x0B0B, 0x0B0B, 0x0B18, 0x0B0B, 0x0B0B, 0x0B0B, 0x270B, 0x4242, 0x0B19, 0x0B0B, 0x2727, 0x4242,
    0x0B19, 0x0B0B, 0x0B0B, 0x270B, 0x0B0B, 0x270B, 0x2727, 0x2727, 0x270B, 0x2727, 0x4227, 0x2727,
    0x270B, 0x2727, 0x2727, 0x2727, 0x0B0B, 0x2727, 0x2727, 0x2727, 0x0B0B, 0x0B0B, 0x270B, 0x2727,
    0x2727, 0x2727, 0x2727, 0x2727, 0x2727, 0x2727, 0x2727, 0x2727, 0x2727, 0x2727, 0x2727, 0x2727,
    0x2727, 0x2727, 0x2727, 0x2727, 0x2727, 0x2727, 0x2727, 0x2727, 0x2727, 0x2727, 0x2727, 0x2727,
    0x2727, 0x2727, 0x2742, 0x2727, 0x2727, 0x2727, 0x2727, 0x2727, 0x0B0B, 0x270B, 0x2727, 0x4242,
    0x0B19, 0x270B, 0x2727, 0x4242, 0x0B19, 0x2727, 0x2727, 0x2727, 0x2727, 0x2727, 0x2727, 0x2727,
    0x2727, 0x2727, 0x4227, 0x2727, 0x270B, 0x2727, 0x2727, 0x2727, 0x0B0B, 0x2727, 0x2727, 0x2727,
    0x2727, 0x2727, 0x2727, 0x2727, 0x2727, 0x2727, 0x2727, 0x2727, 0x2727, 0x2727, 0x2727, 0x2727,
    0x2727, 0x2727, 0x2727, 0x2727, 0x2727, 0x2727, 0x2727, 0x2727, 0x2727, 0x2727, 0x2727, 0x2727,
    0x2727, 0x2727, 0x2727, 0x2727, 0x2727, 0x2727, 0x2742, 0x2727, 0x2727, 0x0B27, 0x2727, 0x2727,
    0x0B18, 0x0B0B, 0x0B0B, 0x2727, 0x0B18, 0x0B0B, 0x270B, 0x2727, 0x0B0B, 0x0B0B, 0x2727, 0x2727,
    0x0B0B, 0x190B, 0x2727, 0x2727, 0x0B0B, 0x270B, 0x2727, 0x2727, 0x0B0B, 0x0B0B, 0x2727, 0x2727,
    0x0B0B, 0x180B, 0x270B, 0x2727, 0x0B0B, 0x0B0B, 0x0B0B, 0x2727, 0x0B18, 0x0B0B, 0x0B0B, 0x0B0B,
    0x0B18, 0x0B0B, 0x0B0B, 0x0B0B, 0x0B0B, 0x0B0B, 0x0B0B, 0x0B0B, 0x0B0B, 0x190B, 0x0B19, 0x0B0B,
    0x0B0B, 0x190B, 0x0B19, 0x0B0B, 0x2727, 0x0B27, 0x0B0B, 0x0B0B, 0x2727, 0x2727, 0x0B18, 0x0B0B,
    0x2727, 0x2727, 0x0B0B, 0x0B0B, 0x0B18, 0x0B0B, 0x0B0B, 0x270B, 0x0B18, 0x0B0B, 0x0B0B, 0x0B0B,
    0x0B0B, 0x270B, 0x0B27, 0x0B0B, 0x0B0B, 0x2727, 0x2727, 0x2727, 0x0B0B, 0x2727, 0x2727, 0x2727,
    0x270B, 0x2727, 0x2727, 0x2727, 0x0B0B, 0x2727, 0x2742, 0x2727, 0x0B0B, 0x270B, 0x2727, 0x0B0B,
    0x2727, 0x0B0B, 0x0B0B, 0x180B, 0x2727, 0x0B27, 0x0B0B, 0x180B, 0x2727, 0x0B27, 0x0B0B, 0x0B0B,
    0x2727, 0x2727, 0x2727, 0x0B0B, 0x2727, 0x2727, 0x2727, 0x2742, 0x2727, 0x2727, 0x2727, 0x2727,
    0x270B, 0x2727, 0x2727, 0x2727, 0x2727, 0x2727, 0x2727, 0x2727, 0x0B18, 0x0B0B, 0x0B0B, 0x0B0B,
    0x0B18, 0x0B0B, 0x0B0B, 0x0B0B, 0x0B0B, 0x0B0B, 0x0B0B, 0x0B0B, 0x0B0B, 0x190B, 0x0B19, 0x0B0B,
    0x2727, 0x1927, 0x0B19, 0x0B0B, 0x2727, 0x2727, 0x0B0B, 0x0B0B, 0x2727, 0x2727, 0x2742, 0x0B0B,
    0x2727, 0x2727, 0x2727, 0x0B0B, 0x3131, 0x3131, 0xDE31, 0x3131, 0x3131, 0x3232, 0xDEDE, 0x31DF,
    0x3131, 0x3131, 0xDF31, 0xDFDE, 0x3231, 0x3131, 0xDE31, 0xDEDF, 0x3130, 0x3131, 0x3132, 0xDFDF,
    0xDF32, 0x32DE, 0x3131, 0xDEDF, 0xDFDE, 0xDFDF, 0xDEDF, 0xDEDF, 0xDEDF, 0xDFDF, 0xDEDF, 0xDFDE,
    0x3131, 0x3131, 0x3131, 0x3131, 0x3131, 0x3232, 0x3131, 0x3132, 0x3131, 0x3131, 0x3231, 0x3231,
    0x3231, 0x3131, 0x3131, 0x3131, 0x31DF, 0x3131, 0x3132, 0x3231, 0x32DF, 0x3231, 0x3131, 0x3132,
    0xDFDE, 0xDFDF, 0x3132, 0x3132, 0xDEDF, 0xDFDF, 0xDEDF, 0xDFDE, 0x3131, 0x3131, 0x3131, 0x3131,
    0x3131, 0x3232, 0x3131, 0x3132, 0x3131, 0x3131, 0x3231, 0x3231, 0x3231, 0x3131, 0x3131, 0x3131,
    0x3130, 0x3131, 0x3132, 0x3231, 0x3232, 0x3231, 0x3131, 0x3132, 0x3231, 0x3132, 0x3132, 0x3132,
    0x31DF, 0x3032, 0x3132, 0x3231, 0xDEDE, 0xDFDE, 0xDEDE, 0xDEDE, 0xDEDE, 0xDFDF, 0xDEDE, 0xDFDF,
    0xDEDE, 0xDEDF, 0xDFDE, 0xDFDE, 0xDFDE, 0xDEDE, 0xDEDE, 0xDEDF, 0xDEDF, 0xDFDE, 0xDEDF, 0xDFDF,
    0xDFDF, 0xDFDE, 0xDEDF, 0xDEDF, 0xDFDE, 0xDFDF, 0xDEDF, 0xDEDF, 0xDEDF, 0xDFDF, 0xDEDF, 0xDFDE,
    0x31DE, 0x3131, 0x3131, 0x3131, 0xDEDE, 0x3232, 0x3131, 0x3132, 0xDEDE, 0x3131, 0x3231, 0x3231,
    0x32DE, 0x3131, 0x3131, 0x3131, 0xDEDF, 0xDFDE, 0x31DF, 0x3231, 0xDFDF, 0xDFDE, 0xDEDF, 0xDEDF,
    0xDFDE, 0xDFDF, 0xDEDF, 0xDEDF, 0xDEDF, 0xDFDF, 0xDEDF, 0xDFDE, 0x3131, 0x3131, 0x3131, 0x3131,
    0x3131, 0x3232, 0x3131, 0x3132, 0x3131, 0x3131, 0x3231, 0x3231, 0x3231, 0x3131, 0x3131, 0x3131,
    0x3130, 0x3131, 0x3132, 0x3231, 0x32DF, 0x3231, 0x3131, 0x3132, 0xDFDE, 0x31DF, 0x3132, 0x3132,
    0xDEDF, 0x3032, 0x3132, 0x3231, 0x3131, 0x3131, 0xDFDE, 0xDFDE, 0x3231, 0xDE31, 0xDEDE, 0xDEDF,
    0x3130, 0xDF31, 0xDEDF, 0xDFDF, 0x3232, 0x3231, 0xDE31, 0x31DF, 0x3231, 0x3132, 0x3132, 0x3132,
    0x3132, 0x3032, 0xDEDF, 0xDFDE, 0xDE31, 0xDFDE, 0xDEDF, 0xDEDE, 0xDE31, 0xDFDF, 0xDEDE, 0xDFDF,
    0x3131, 0x3231, 0xDE31, 0xDEDE, 0x3231, 0x3130, 0xDFDE, 0xDEDF, 0x3132, 0x3232, 0x3231, 0xDE31,
    0x3132, 0xDF31, 0xDFDF, 0xDEDF, 0xDF31, 0xDEDF, 0xDFDF, 0xDEDF, 0xDE31, 0xDEDE, 0xDFDE, 0xDEDF,
    0x3132, 0xDEDE, 0xDFDF, 0xDEDE, 0x3231, 0x3131, 0xDE31, 0xDFDE, 0xDEDF, 0xDFDE, 0xDEDE, 0xDEDE,
    0xDFDF, 0xDEDF, 0xDFDE, 0xDEDF, 0xDEDF, 0xDFDF, 0xDFDE, 0xDEDF, 0xDEDF, 0xDFDE, 0xDFDF, 0xDEDE,
    0xDFDE, 0xDEDF, 0xDEDF, 0xDEDE, 0xDEDE, 0xDEDE, 0xDEDE, 0xDEDE, 0xDFDF, 0xDEDE, 0xDEDE, 0xDEDE,
    0xDFDE, 0xDEDE, 0xDEDE, 0xDFDE, 0x3131, 0x3231, 0x3131, 0xDEDE, 0x3231, 0x3130, 0xDF31, 0xDEDF,
    0x3132, 0x3232, 0xDFDE, 0xDEDF, 0x3132, 0x3231, 0xDFDF, 0xDEDF, 0x3231, 0xDE32, 0xDFDF, 0xDEDF,
    0x3131, 0x3131, 0xDFDE, 0xDEDF, 0x3132, 0x3131, 0xDF32, 0xDEDE, 0x3231, 0x3131, 0x3131, 0xDFDE,
    0x0B0B, 0x0B0B, 0xDA18, 0x0B0B, 0x180B, 0x0B0B, 0x1818, 0x0B0B, 0x0B0B, 0x0B0B, 0x18DA, 0x0B0B,
    0x0B0B, 0x180B, 0x0BDA, 0x0B0B, 0x0B0B, 0xDA0B, 0x0B18, 0x0B0B, 0x0B0B, 0x0B0B, 0x0B18, 0x0B0B,
    0x0B0B, 0x0B0B, 0x0B18, 0x180B, 0x0B0B, 0x0B18, 0x0B0B, 0xDA0B, 0x1818, 0x0B0B, 0xDA0B, 0x0B18,
    0x1818, 0x0B0B, 0x180B, 0x0BDA, 0x0B0B, 0x0B0B, 0x0B0B, 0x0B0B, 0x18DA, 0xDA0B, 0x0B18, 0x180B,
    0xDA18, 0x18DA, 0x0BDA, 0x180B, 0x0B0B, 0x1818, 0x0B0B, 0x180B, 0x0BDA, 0x1818, 0xDA0B, 0x180B,
    0x0B18, 0x1818, 0xDA0B, 0xDA0B, 0x0B0B, 0x0B0B, 0xDA18, 0x0B0B, 0x180B, 0x0B0B, 0x1818, 0x0B0B,
    0x180B, 0x0B0B, 0x18DA, 0x0B0B, 0xDA0B, 0x180B, 0x0BDA, 0x0B0B, 0x0B0B, 0xDA0B, 0x0B18, 0x0B0B,
    0x0B18, 0x0B0B, 0x0B18, 0x0B0B, 0x0B18, 0x0B0B, 0x0B18, 0x180B, 0x0BDA, 0x0B18, 0x0B0B, 0xDA0B,
    0x1818, 0x0B0B, 0x0B0B, 0x0B0B, 0x1818, 0x0B0B, 0x0B0B, 0x0B0B, 0x0B0B, 0x0B0B, 0x0B0B, 0x0B0B,
    0x18DA, 0xDA0B, 0x0B18, 0x0B0B, 0xDA18, 0x18DA, 0x0BDA, 0x0B0B, 0x0B0B, 0x1818, 0x0B0B, 0x0B0B,
    0x0BDA, 0x1818, 0xDA0B, 0x0B0B, 0x0B18, 0x1818, 0xDA0B, 0x0B0B, 0xD5D5, 0xD4D5, 0xD3D4, 0x0C0C,
    0xD5D5, 0xD4D5, 0xD3D4, 0x0C12, 0xD5D5, 0xD4D5, 0x0CD3, 0x0C0C, 0xD5D5, 0x17D4, 0x0CD3, 0x0C0C,
    0xD4D4, 0x17D6, 0x0C0C, 0x0C0C, 0xD617, 0x0C0C, 0x0C0C, 0x0C0C, 0x0C0C, 0x0C0C, 0x0C0C, 0x0C0C,
    0x0C0C, 0x0C0C, 0x0C12, 0x0C0C, 0x0C0C, 0x0C0C, 0xD60C, 0xD3D3, 0x120C, 0x0C0C, 0xD60C, 0xD3D3,
    0x0C0C, 0x0C0C, 0x0C0C, 0xD3D6, 0x0C0C, 0x0C0C, 0x1212, 0xD60C, 0x0C0C, 0x0C0C, 0x1212, 0x0C0C,
    0x0C0C, 0x0C0C, 0x0C0C, 0x0C0C, 0x0C0C, 0x0C0C, 0x0C0C, 0x0C0C, 0x0C0C, 0x120C, 0x0C0C, 0x0C0C,
    0xD3D3, 0xD3D3, 0xD3D3, 0xD4D4, 0xD3D3, 0xD3D3, 0xD3D3, 0xD3D4, 0xD3D3, 0xD3D3, 0xD3D3, 0xD3D3,
    0xD3D3, 0xD3D3, 0xD3D3, 0xD6D3, 0xD3D6, 0xD3D3, 0xD3D3, 0x0CD6, 0x0C0C, 0x0C0C, 0x120C, 0x0C12,
    0x1717, 0x0C0C, 0x0C0C, 0x0C0C, 0x1717, 0x0C0C, 0x0C0C, 0x0C0C, 0xD681, 0xD3D3, 0xD3D3, 0xD6D3,
    0xD681, 0xD3D3, 0xD3D3, 0xD6D3, 0xD681, 0xD3D3, 0xD3D3, 0xD6D3, 0xD6D3, 0xD3D3, 0xD3D3, 0xD6D3,
    0xD6D6, 0xD6D6, 0xD6D6, 0xD6D6, 0x0C0C, 0x0C0C, 0x0C0C, 0x0C0C, 0x0C0C, 0x0C0C, 0x0C0C, 0x0C0C,
    0x0C0C, 0x120C, 0x0C0C, 0x0C0C, 0xD3D3, 0xD3D3, 0x0C81, 0x0C0C, 0xD3D3, 0xD3D3, 0x0C81, 0x0C0C,
    0xD3D3, 0xD6D3, 0x0C0C, 0x0C0C, 0xD6D6, 0x0CD6, 0x0C0C, 0x0C0C, 0xD6D6, 0x0C0C, 0x120C, 0x0C12,
    0x0C0C, 0x0C0C, 0x120C, 0x0C12, 0x1717, 0x0C0C, 0x0C0C, 0x0C0C, 0x1717, 0x0C0C, 0x0C0C, 0x0C0C,
    0x2727, 0x2727, 0x2727, 0x2727, 0x270B, 0x2727, 0x2727, 0x2727, 0x2727, 0x2727, 0x2727, 0x2727,
    0x2727, 0x2727, 0x2727, 0x2727, 0x2727, 0x2727, 0x2727, 0x2727, 0x0B0B, 0x2727, 0x2727, 0x2727,
    0x190B, 0x2727, 0x2727, 0x2727, 0x190B, 0x2719, 0x2727, 0x2727, 0x2727, 0x2727, 0x2727, 0x2727,
    0x2727, 0x2742, 0x2727, 0x2727, 0x270B, 0x2727, 0x2727, 0x2727, 0x270B, 0x2727, 0x4227, 0x2742,
    0x0B0B, 0x270B, 0x4227, 0x2742, 0x0B0B, 0x270B, 0x2727, 0x2727, 0x0B0B, 0x0B0B, 0x270B, 0x2727,
    0x0B0B, 0x0B0B, 0x2718, 0x2727, 0x0B0B, 0x0B0B, 0x0B0B, 0x0B0B, 0x0B27, 0x0B0B, 0x0B19, 0x0B0B,
    0x2727, 0x2727, 0x2727, 0x0B0B, 0x2727, 0x2727, 0x0B27, 0x0B0B, 0x2727, 0x2727, 0x0B0B, 0x1919,
    0x2727, 0x2727, 0x0B27, 0x1919, 0x1927, 0x2727, 0x2727, 0x0B27, 0x1927, 0x2719, 0x2727, 0x0B27,
    0x0B18, 0x0B0B, 0x2727, 0x2727, 0x0B18, 0x270B, 0x2727, 0x2727, 0x0B0B, 0x2727, 0x2727, 0x2727,
    0x270B, 0x2727, 0x2727, 0x2727, 0x2727, 0x2727, 0x0B27, 0x2727, 0x2727, 0x2727, 0x0B0B, 0x2727,
    0x270B, 0x2727, 0x0B18, 0x270B, 0x270B, 0x0B27, 0x0B0B, 0x0B0B, 0x2727, 0x2727, 0x2727, 0x4227,
    0x2727, 0x2727, 0x2727, 0x4227, 0x2727, 0x2727, 0x270B, 0x2727, 0x2727, 0x0B27, 0x0B0B, 0x0B0B,
    0x2727, 0x0B27, 0x0B0B, 0x0B18, 0x2727, 0x0B0B, 0x0B0B, 0x0B0B, 0x2727, 0x0B0B, 0x0B0B, 0x0B19,
    0x0B27, 0x0B0B, 0x0B0B, 0x0B0B, 0x2742, 0x0B27, 0x0B0B, 0x270B, 0x0B42, 0x0B27, 0x0B0B, 0x270B,
    0x0B0B, 0x0B0B, 0x0B0B, 0x270B, 0x0B0B, 0x190B, 0x0B19, 0x2727, 0x0B0B, 0x190B, 0x0B19, 0x2727,
    0x0B0B, 0x0B0B, 0x0B0B, 0x2727, 0x0B0B, 0x0B0B, 0x0B18, 0x0B0B, 0x0B0B, 0x0B0B, 0x0B0B, 0x0B0B,
    0x2727, 0x0B27, 0x2727, 0x4227, 0x2727, 0x2727, 0x2727, 0x4227, 0x2727, 0x2727, 0x2727, 0x2727,
    0x2727, 0x0B27, 0x2727, 0x2727, 0x2727, 0x0B0B, 0x2727, 0x2742, 0x0B27, 0x0B0B, 0x2727, 0x0B27,
    0x0B27, 0x0B0B, 0x0B0B, 0x0B27, 0x0B0B, 0x0B0B, 0x0B0B, 0x0B0B, 0x0B0B, 0x0B0B, 0x270B, 0x4242,
    0x0B19, 0x270B, 0x2727, 0x4242, 0x0B19, 0x270B, 0x2727, 0x2727, 0x0B0B, 0x270B, 0x2727, 0x0B27,
    0x0B0B, 0x0B0B, 0x420B, 0x0B27, 0x0B0B, 0x0B0B, 0x0B0B, 0x0B0B, 0x0B0B, 0x0B0B, 0x190B, 0x0B0B,
    0x0B0B, 0x0B0B, 0x0B0B, 0x0B0B, 0x2727, 0x0B27, 0x0B0B, 0x180B, 0x2727, 0x2727, 0x2727, 0x1827,
    0x2727, 0x2727, 0x2727, 0x2727, 0x2727, 0x2727, 0x2727, 0x2727, 0x2727, 0x2727, 0x2727, 0x2742,
    0x2727, 0x2727, 0x2727, 0x2727, 0x2727, 0x2727, 0x0B27, 0x2719, 0x2727, 0x2727, 0x0B27, 0x0B0B,
    0x0B18, 0x0B0B, 0x0B0B, 0x0B0B, 0x0B18, 0x0B0B, 0x0B0B, 0x0B0B, 0x2727, 0x0B27, 0x0B0B, 0x0B0B,
    0x2727, 0x2727, 0x0B27, 0x0B0B, 0x2727, 0x2727, 0x0B19, 0x0B0B, 0x0B27, 0x0B0B, 0x0B0B, 0x0B0B,
    0x2727, 0x0B27, 0x0B18, 0x0B0B, 0x2727, 0x0B0B, 0x0B0B, 0x0B0B, 0x0B0B, 0x0B0B, 0x0B0B, 0x180B,
    0x1919, 0x0B0B, 0x0B0B, 0x420B, 0x1919, 0x0B0B, 0x0B0B, 0x270B, 0x0B0B, 0x0B0B, 0x270B, 0x2727,
    0x270B, 0x2727, 0x2727, 0x2742, 0x0B0B, 0x2727, 0x2727, 0x2727, 0x0B0B, 0x0B0B, 0x270B, 0x2727,
    0x0B0B, 0x0B0B, 0x270B, 0x2727, 0x2727, 0x0B0B, 0x0B0B, 0x180B, 0x2727, 0x0B27, 0x0B0B, 0x180B,
    0x2727, 0x2727, 0x0B27, 0x0B0B, 0x0B27, 0x2727, 0x0B0B, 0x0B0B, 0x2727, 0x0B0B, 0x0B0B, 0x0B18,
    0x2727, 0x2727, 0x2727, 0x0B0B, 0x2727, 0x2727, 0x2727, 0x2727, 0x2727, 0x2727, 0x2727, 0x2727,
    0xDEDE, 0xDFDE, 0xDEDF, 0xDEDE, 0xDEDE, 0xDFDF, 0xDEDE, 0xDF32, 0xDE31, 0xDEDF, 0x3231, 0xDFDE,
    0x3231, 0x3131, 0x3131, 0xDEDF, 0x3130, 0x3131, 0xDE32, 0xDFDF, 0x3232, 0x3231, 0xDE31, 0xDEDF,
    0x3231, 0xDF32, 0xDEDF, 0xDEDF, 0xDEDF, 0xDFDF, 0xDEDF, 0xDFDE, 0x3131, 0x3131, 0xDFDE, 0xDFDE,
    0x3231, 0xDE31, 0xDEDE, 0xDEDF, 0xDE30, 0xDFDE, 0xDEDF, 0x3231, 0xDF32, 0xDFDE, 0xDEDF, 0x3132,
    0xDF31, 0xDFDF, 0x31DF, 0x3132, 0x3132, 0xDF32, 0x31DF, 0x3231, 0x3131, 0x3131, 0x3131, 0x3131,
    0x3131, 0x3232, 0x3131, 0x3132, 0xDEDE, 0x3131, 0x3131, 0x3131, 0xDEDE, 0xDFDF, 0x3131, 0x3132,
    0xDEDE, 0xDEDF, 0x3231, 0x3231, 0x3231, 0x3131, 0x3131, 0x3131, 0x31DF, 0x3131, 0x3132, 0x3231,
    0xDFDF, 0x32DE, 0x3131, 0x3132, 0xDFDE, 0x3132, 0x3132, 0x3132, 0x3132, 0x3032, 0x3132, 0x3231,
    0xDEDE, 0xDEDF, 0xDFDE, 0x3231, 0xDFDE, 0xDEDE, 0x31DE, 0x3131, 0xDEDF, 0xDFDE, 0x3132, 0x3231,
    0xDF32, 0xDFDE, 0x3131, 0x3132, 0x3231, 0x31DF, 0x3132, 0xDEDF, 0x3132, 0x3032, 0x3132, 0xDFDE,
    0x3131, 0x3131, 0x3131, 0xDE31, 0x3131, 0x3232, 0x3131, 0x3132, 0xDEDE, 0xDEDF, 0xDFDE, 0xDFDE,
    0xDEDE, 0xDEDE, 0xDEDE, 0xDEDF, 0x31DE, 0xDF31, 0xDEDF, 0xDFDF, 0x3232, 0xDF31, 0xDEDF, 0xDEDF,
    0x3231, 0x3132, 0xDE32, 0xDEDF, 0x3132, 0x3032, 0xDE32, 0xDFDE, 0x3131, 0x3131, 0x3131, 0xDEDE,
    0x3131, 0x3232, 0x3131, 0x3132, 0xDEDE, 0xDEDF, 0xDFDE, 0xDE31, 0xDFDE, 0xDEDE, 0x31DE, 0x3131,
    0xDEDF, 0xDFDE, 0x3132, 0x3231, 0xDFDF, 0xDFDE, 0x31DF, 0x3132, 0x32DE, 0xDFDF, 0xDEDF, 0x31DF,
    0x31DF, 0xDF32, 0xDEDF, 0x32DE, 0x31DE, 0x3131, 0xDEDF, 0x31DE, 0x31DE, 0x3232, 0x3131, 0x31DF,
    0xDE31, 0xDEDF, 0xDFDE, 0xDFDE, 0x3231, 0x3131, 0xDEDE, 0xDEDF, 0x3130, 0xDF31, 0xDEDF, 0xDFDF,
    0x3232, 0xDFDE, 0xDEDF, 0xDEDF, 0x3231, 0xDFDF, 0xDEDF, 0xDEDF, 0xDE32, 0xDFDF, 0xDEDF, 0xDFDE,
    0x3131, 0xDFDE, 0xDEDF, 0xDEDE, 0x3131, 0xDF32, 0xDEDE, 0xDFDF, 0x3131, 0x3231, 0xDEDE, 0xDEDE,
    0x3231, 0xDE30, 0xDFDE, 0xDEDF, 0x3132, 0xDFDF, 0xDFDE, 0xDEDF, 0xDE32, 0xDFDE, 0xDFDF, 0xDEDF,
    0xDFDE, 0xDEDF, 0x30DF, 0xDEDF, 0xDEDE, 0xDEDE, 0x3131, 0xDEDF, 0xDF32, 0xDEDE, 0x3232, 0xDE31,
    0xDF31, 0x31DE, 0x3131, 0x3231, 0xDEDF, 0xDEDE, 0xDEDE, 0xDEDE, 0xDEDE, 0xDEDE, 0xDFDE, 0xDEDF,
    0xDEDE, 0xDEDE, 0xDF31, 0xDEDF, 0xDEDF, 0x32DE, 0x3132, 0x3132, 0xDFDE, 0x31DF, 0x3032, 0x3132,
    0xDEDE, 0x3131, 0x3131, 0x3131, 0xDFDF, 0x3131, 0x3232, 0x3131, 0x32DE, 0x3131, 0x3131, 0x3231,
    0x3131, 0xDF31, 0xDEDE, 0xDEDE, 0x3231, 0xDE30, 0xDFDE, 0xDEDF, 0x3132, 0xDFDF, 0xDFDE, 0xDEDF,
    0xDEDF, 0xDFDE, 0xDFDF, 0xDEDF, 0xDFDE, 0xDEDF, 0xDFDF, 0xDEDF, 0xDE31, 0xDEDE, 0xDFDE, 0xDEDF,
    0x3132, 0xDEDE, 0xDFDF, 0xDEDE, 0xDFDE, 0xDEDE, 0xDEDF, 0xDEDE, 0x0B0B, 0xDA18, 0x180B, 0x0BDA,
    0x0B0B, 0x1818, 0xDA0B, 0x0B18, 0x0B0B, 0x1818, 0x0B0B, 0x0B0B, 0x0B0B, 0x18DA, 0x180B, 0x0BDA,
    0x0B0B, 0x0B0B, 0xDA0B, 0xDA18, 0x0B0B, 0x0B0B, 0x0B0B, 0x1818, 0x1D0B, 0x0B0B, 0x0B0B, 0x1818,
    0x1D0B, 0x0B0B, 0x0B0B, 0x0B0B, 0xDA18, 0x0B0B, 0x0B0B, 0x0B0B, 0x1818, 0x0B0B, 0x18DA, 0x0B0B,
    0x1818, 0xDA0B, 0xDA18, 0x0B0B, 0x1818, 0x180B, 0x0B18, 0x0BDA, 0x0B0B, 0x180B, 0x0B18, 0x0B0B,
    0x0B0B, 0x0B0B, 0x0B0B, 0x0B0B, 0x0B0B, 0x0B0B, 0x0B0B, 0x0B0B, 0x0B0B, 0x180B, 0x0B0B, 0x0B0B,
    0x0B0B, 0xDA18, 0x180B, 0x0BDA, 0x0BDA, 0x1818, 0xDA0B, 0x0B18, 0x0BDA, 0x1818, 0x0B0B, 0x0B0B,
    0x0B0B, 0x18DA, 0x180B, 0x0BDA, 0x0B0B, 0x0B0B, 0xDA0B, 0xDA18, 0x0B0B, 0x0B0B, 0x0B0B, 0x1818,
    0x1D0B, 0x0B0B, 0x0B0B, 0x1818, 0x1D0B, 0x0B0B, 0x0B0B, 0x0B0B, 0xDA18, 0x0B0B, 0x0B0B, 0x0B0B,
    0x1818, 0x0B0B, 0x18DA, 0x0B0B, 0x1818, 0xDA0B, 0xDA18, 0x0B0B, 0x1818, 0x180B, 0x0B18, 0x0BDA,
    0x0B0B, 0x180B, 0x0B18, 0x0B0B, 0x0B0B, 0x0B0B, 0x0B0B, 0x0B0B, 0x0B0B, 0x0B0B, 0x0B0B, 0x0B0B,
    0x0B0B, 0x0B0B, 0x0B0B, 0x0B0B, 0x0C0C, 0x0C0C, 0x0C0C, 0x0C0C, 0x0C0C, 0x120C, 0x0C0C, 0x0C0C,
    0x0CD3, 0x0C0C, 0x0C0C, 0x0C0C, 0xD3D4, 0x0C0C, 0x0C0C, 0x0C0C, 0xD3D4, 0x0C0C, 0x120C, 0x0C12,
    0xD3D4, 0x0C0C, 0x120C, 0x0C12, 0xD3D4, 0x0C0C, 0x0C0C, 0x0C0C, 0x17D3, 0x0C0C, 0x0C0C, 0x0C0C,
    0xD3D6, 0xD3D3, 0xD4D4, 0xD3D4, 0xD60C, 0xD5D3, 0xD5D5, 0xD4D5, 0x0C0C, 0xD3D3, 0xD5D5, 0xD3D5,
    0x0C0C, 0xD3D3, 0xD3D3, 0xD3D3, 0xD30C, 0xD5D5, 0xD5D5, 0xD5D5, 0xD5D3, 0xD5D5, 0xD5D5, 0xD5D5,
    0xD5D3, 0xD5D5, 0xD5D5, 0xD5D5, 0xD5D3, 0xD5D5, 0xD5D5, 0xD5D5, 0x0C0C, 0x0C0C, 0x0C0C, 0x0C0C,
    0x0CD3, 0x120C, 0x0C0C, 0x0C0C, 0x0C0C, 0x0C0C, 0x0C0C, 0x0C0C, 0x0CD3, 0x0C0C, 0x0C0C, 0x0C0C,
    0xD3D5, 0x0CD3, 0x120C, 0x0C12, 0xD5D5, 0xD3D5, 0x120C, 0x0C12, 0xD5D5, 0xD4D5, 0x0CD3, 0x0C0C,
    0xD5D5, 0xD4D5, 0xD3D4, 0x0C0C, 0x0C0C, 0x0C0C, 0x0C0C, 0x0C0C, 0x120C, 0x0C0C, 0x0C0C, 0xD30C,
    0x0C0C, 0x0C0C, 0x0C0C, 0x0C0C, 0x0C0C, 0x0C0C, 0x1212, 0xD30C, 0x0C0C, 0x0C0C, 0xD312, 0xD5D3,
    0x0C0C, 0x0C0C, 0xD5D3, 0xD5D5, 0x0C0C, 0xD30C, 0xD5D4, 0xD5D5, 0x0C0C, 0xD4D3, 0xD5D4, 0xD5D5,
    0xD4D3, 0xD4D4, 0xD3D3, 0xD3D3, 0xD5D4, 0xD5D5, 0xD3D5, 0xD5D5, 0xD5D3, 0xD5D5, 0xD3D3, 0xD50C,
    0xD3D3, 0xD3D3, 0xD3D3, 0xD30C, 0xD5D5, 0xD5D5, 0xD5D5, 0xD3D3, 0xD5D5, 0xD5D5, 0xD5D5, 0xD3D5,
    0xD5D5, 0xD5D5, 0xD5D5, 0xD3D5, 0xD5D5, 0xD5D5, 0xD5D5, 0xD3D5, 0x0000, 0x0000, 0x0000, 0x0000,
    0x0000, 0x0000, 0x0000, 0x0000, 0x0000, 0x0000, 0x0000, 0x0000, 0x0000, 0x0000, 0x0000, 0x4B00,
    0x0000, 0x0000, 0x0000, 0xE04B, 0x0000, 0x0000, 0x4B00, 0xE0E0, 0x0000, 0x0000, 0xE04B, 0xE0E0,
    0x0000, 0x4B00, 0xE0E0, 0x00E0, 0x0000, 0x4B00, 0xE0E0, 0x0000, 0x4B00, 0xE04B, 0xE0E0, 0x00E0,
    0xE04B, 0xE0E0, 0xE0E0, 0x00E0, 0xE0E0, 0x00E0, 0xE0E0, 0x00E0, 0xE0E0, 0xE000, 0xE000, 0x00E0,
    0x00E0, 0x00E0, 0xE000, 0x00E0, 0xE000, 0xE000, 0xE000, 0x00E0, 0x00E0, 0x0000, 0xE0E0, 0x00E0,
    0x0000, 0xE04B, 0xE0E0, 0xE000, 0x4B00, 0xE0E0, 0x00E0, 0x00E0, 0x4B00, 0xE0E0, 0xE000, 0xE000,
    0x4B00, 0x00E0, 0x00E0, 0x0000, 0x4B00, 0xE0E0, 0xE000, 0xE000, 0x4B00, 0x00E0, 0x0000, 0x00E0,
    0x4B4B, 0xE0E0, 0xE000, 0xE000, 0x4B4B, 0x00E0, 0x00E0, 0x0000, 0xE000, 0xE000, 0xE000, 0x00E0,
    0x0000, 0x00E0, 0xE000, 0x00E0, 0xE000, 0xE000, 0xE000, 0x00E0, 0x00E0, 0x0000, 0xE0E0, 0x00E0,
    0xE000, 0xE000, 0xE000, 0x00E0, 0x0000, 0x00E0, 0xE000, 0x00E0, 0xE000, 0xE000, 0xE000, 0x00E0,
    0x00E0, 0x0000, 0xE0E0, 0x00E0, 0x4B0B, 0xE0E0, 0xE00B, 0xE00B, 0x4B0C, 0x0CE0, 0x0C0B, 0x0BE0,
    0x4B0C, 0xE0E0, 0xE00C, 0xE00C, 0x4B0C, 0x0CE0, 0x0CE0, 0x0C0B, 0x4B0C, 0xE0E0, 0xE00C, 0xE00C,
    0x4B0C, 0xE0E0, 0xE0E0, 0xE0E0, 0x4B0C, 0x4BE0, 0x4B4B, 0x4B4B, 0x4B0C, 0x0CE0, 0x0CE0, 0x0C0C,
    0xE00C, 0xE00C, 0xE00C, 0x0CE0, 0x0C0C, 0x12E0, 0xE00C, 0x0CE0, 0xE00C, 0xE00C, 0x4B0C, 0x0CE0,
    0x0CE0, 0x0C0C, 0xE0E0, 0xE04B, 0xE00C, 0xE00C, 0xE00C, 0x4B4B, 0xE0E0, 0xE0E0, 0xE0E0, 0x4B4B,
    0x4B4B, 0x4B4B, 0xE04B, 0x4B4B, 0x17E0, 0x0C0C, 0xE0E0, 0x4BE0, 0xE00C, 0x0CE0, 0x0CE0, 0x0CE0,
    0xE00C, 0x0CE0, 0xE00C, 0x0C2A, 0xE00C, 0x0C4B, 0x0CE0, 0x0CE0, 0x4BE0, 0xE0E0, 0x0C0C, 0xE00C,
    0xE04B, 0x12E0, 0x0CE0, 0x0CE0, 0x4BE0, 0xE0E0, 0xE0E0, 0xE0E0, 0x4B4B, 0x4BE0, 0x4B4B, 0x4B4B,
    0xE04B, 0xE0E0, 0x0C2A, 0xE00C, 0x0CE0, 0x0CE0, 0xE0E0, 0x0C4B, 0xE00C, 0x120C, 0xE00C, 0x0C4B,
    0x0CE0, 0x0CE0, 0xE0E0, 0x0C4B, 0x0C0C, 0xE00C, 0xE00C, 0x0C4B, 0x0CE0, 0x0CE0, 0xE0E0, 0x0C4B,
    0xE0E0, 0xE0E0, 0xE0E0, 0x0C4B, 0x4B4B, 0x4B4B, 0xE04B, 0x0C4B, 0x1717, 0xE00C, 0xE00C, 0x0C4B,
    0x4B0C, 0xE0E0, 0xE00C, 0xE00B, 0x4B0C, 0x0CE0, 0x0C0B, 0x0BE0, 0x4B4B, 0xE0E0, 0xE00C, 0xE00C,
    0x4B4B, 0x0CE0, 0x0CE0, 0x0C0B, 0x4B0C, 0xE0E0, 0xE00C, 0xE00C, 0x4B0C, 0xE0E0, 0xE0E0, 0xE0E0,
    0x0C18, 0x4B4B, 0x4B4B, 0x4B4B, 0x1818, 0x0B0B, 0x0B0B, 0x0B0B, 0xE00C, 0xE00C, 0xE00C, 0x0CE0,
    0x0C0C, 0x12E0, 0xE00C, 0x0CE0, 0xE00C, 0xE00C, 0xE00C, 0x0CE0, 0x0CE0, 0x0C0C, 0xE0E0, 0x0CE0,
    0xE00C, 0xE00C, 0xE00C, 0x0CE0, 0xE0E0, 0xE0E0, 0xE0E0, 0x0CE0, 0x4B4B, 0x4B4B, 0x4B4B, 0x0C0C,
    0x1717, 0x0C0C, 0x0C0C, 0x0C0C, 0xE00C, 0x0CE0, 0x0CE0, 0x0CE0, 0xE00C, 0x0CE0, 0xE00C, 0x0C2A,
    0xE00C, 0x0CE0, 0x0CE0, 0x0CE0, 0xE00C, 0xE0E0, 0x0C0C, 0xE00C, 0xE00C, 0x12E0, 0x0CE0, 0x0CE0,
    0xE00C, 0xE0E0, 0xE0E0, 0xE0E0, 0x0C0C, 0x4B4B, 0x4B4B, 0x4B4B, 0x0C0C, 0x0C0C, 0x0C2A, 0x0C0C,
    0x0CE0, 0x0CE0, 0xE0E0, 0x0C4B, 0xE00C, 0x120C, 0xE00C, 0x0C4B, 0x0CE0, 0x0CE0, 0xE0E0, 0x4B4B,
    0x0C0C, 0xE00C, 0xE00C, 0x4B4B, 0x0CE0, 0x0CE0, 0xE0E0, 0x0C4B, 0xE0E0, 0xE0E0, 0xE0E0, 0x0C4B,
    0x4B4B, 0x4B4B, 0x4B4B, 0x0C0C, 0x1717, 0x0C0C, 0x0C0C, 0x0C0C, 0x0B0B, 0x0B0B, 0x0B0B, 0x0B0B,
    0x0B0B, 0x270B, 0x2727, 0x2742, 0x0B0B, 0x0B0B, 0x2727, 0x2727, 0x0B0B, 0x1818, 0x2727, 0x2727,
    0x0B0B, 0x1818, 0x0B0B, 0x270B, 0x0B0B, 0x0B0B, 0x0B0B, 0x0B0B, 0x0B0B, 0x0B0B, 0x0B0B, 0x270B,
    0x0B0B, 0x0B0B, 0x0B18, 0x2727, 0x0B0B, 0x0B0B, 0x270B, 0x0B27, 0x0B0B, 0x190B, 0x2727, 0x2727,
    0x2727, 0x0B0B, 0x0B0B, 0x2727, 0x2727, 0x0B0B, 0x270B, 0x2727, 0x2727, 0x2727, 0x4227, 0x2742,
    0x2727, 0x2727, 0x4227, 0x2742, 0x1927, 0x2727, 0x2727, 0x2727, 0x2727, 0x2727, 0x2727, 0x2727,
    0x2727, 0x0B27, 0x0B0B, 0x0B0B, 0x2727, 0x4227, 0x0B0B, 0x0B0B, 0x2727, 0x2727, 0x0B0B, 0x0B0B,
    0x2727, 0x0B27, 0x0B0B, 0x0B0B, 0x0B0B, 0x0B0B, 0x190B, 0x0B19, 0x0B0B, 0x0B0B, 0x190B, 0x0B19,
    0x1927, 0x270B, 0x0B27, 0x0B0B, 0x1927, 0x270B, 0x0B27, 0x0B0B, 0x0B0B, 0x0B0B, 0x2727, 0x0B27,
    0x0B0B, 0x420B, 0x2727, 0x2727, 0x0B0B, 0x270B, 0x2727, 0x2727, 0x0B0B, 0x0B0B, 0x2727, 0x2727,
    0x0B0B, 0x0B0B, 0x190B, 0x2742, 0x0B0B, 0x0B0B, 0x190B, 0x2719, 0x1919, 0x0B0B, 0x0B0B, 0x0B0B,
    0x1919, 0x0B0B, 0x0B0B, 0x0B0B, 0x0B0B, 0x0B0B, 0x2727, 0x2727, 0x0B0B, 0x270B, 0x2727, 0x2742,
    0x0B27, 0x270B, 0x2727, 0x2727, 0x2727, 0x1717, 0x2727, 0x0B27, 0x2727, 0x1717, 0x2727, 0x2727,
    0x2727, 0x2727, 0x2727, 0x0B27, 0x270B, 0x2727, 0x2727, 0x2727, 0x270B, 0x2727, 0x2752, 0x2727,
    0x2727, 0x2727, 0x2727, 0x0B0B, 0x2727, 0x4227, 0x2727, 0x0B27, 0x2727, 0x2727, 0x2727, 0x2727,
    0x2727, 0x2727, 0x0B27, 0x0B0B, 0x0B0B, 0x270B, 0x4227, 0x0B42, 0x0B0B, 0x2727, 0x4227, 0x2742,
    0x2719, 0x2727, 0x2727, 0x2727, 0x2727, 0x2727, 0x2727, 0x2727, 0x0B0B, 0x2727, 0x0B0B, 0x0B0B,
    0x2727, 0x4227, 0x0B27, 0x0B0B, 0x2727, 0x2727, 0x2727, 0x0B27, 0x0B27, 0x2727, 0x2727, 0x0B27,
    0x2727, 0x0B27, 0x4227, 0x2742, 0x2727, 0x0B27, 0x420B, 0x0B42, 0x2727, 0x2727, 0x2727, 0x0B0B,
    0x2727, 0x2727, 0x2727, 0x0B0B, 0x0B0B, 0x0B0B, 0x0B0B, 0x2727, 0x0B0B, 0x0B0B, 0x270B, 0x2742,
    0x0B0B, 0x0B0B, 0x0B0B, 0x2727, 0x0B27, 0x1818, 0x0B0B, 0x2727, 0x2727, 0x1817, 0x0B0B, 0x2727,
    0x2727, 0x0B27, 0x270B, 0x2727, 0x2727, 0x0B27, 0x2727, 0x2727, 0x2727, 0x2727, 0x2752, 0x2727,
    0x0B0B, 0x0B0B, 0x2727, 0x2727, 0x0B0B, 0x190B, 0x2727, 0x2727, 0x0B0B, 0x0B0B, 0x270B, 0x2727,
    0x0B0B, 0x0B0B, 0x270B, 0x2727, 0x0B0B, 0x0B0B, 0x190B, 0x2719, 0x0B0B, 0x0B0B, 0x190B, 0x0B19,
    0x1919, 0x0B0B, 0x0B0B, 0x0B0B, 0x1919, 0x0B0B, 0x0B0B, 0x0B0B, 0x2727, 0x2727, 0x2727, 0x2727,
    0x2727, 0x2727, 0x2727, 0x2742, 0x2727, 0x2727, 0x2727, 0x2727, 0x2727, 0x1717, 0x2727, 0x2727,
    0x2727, 0x1718, 0x2727, 0x2727, 0x0B0B, 0x0B0B, 0x2727, 0x2727, 0x0B0B, 0x0B0B, 0x0B0B, 0x2727,
    0x0B0B, 0x0B0B, 0x0B18, 0x0B0B, 0x2727, 0x2727, 0x2727, 0x2727, 0x2727, 0x4227, 0x2727, 0x2727,
    0x2727, 0x2727, 0x2727, 0x2727, 0x2727, 0x2727, 0x0B27, 0x270B, 0x0B0B, 0x2727, 0x4227, 0x0B42,
    0x0B0B, 0x2727, 0x4227, 0x0B19, 0x1919, 0x0B0B, 0x2727, 0x0B0B, 0x1919, 0x0B0B, 0x0B0B, 0x0B0B,
    0x2727, 0x2727, 0x2727, 0x270B, 0x2727, 0x2727, 0x2727, 0x2742, 0x270B, 0x2727, 0x2727, 0x270B,
    0x270B, 0x1717, 0x0B27, 0x0B0B, 0x2727, 0x1817, 0x0B0B, 0x0B0B, 0x2727, 0x2727, 0x0B0B, 0x0B0B,
    0x2727, 0x2727, 0x2727, 0x0B27, 0x2727, 0x2727, 0x2752, 0x2727, 0x2727, 0x0B27, 0x0B0B, 0x0B0B,
    0x2727, 0x190B, 0x0B0B, 0x0B0B, 0x2727, 0x0B0B, 0x0B0B, 0x0B0B, 0x0B0B, 0x0B0B, 0x0B0B, 0x0B0B,
    0x270B, 0x2727, 0x4227, 0x0B42, 0x2727, 0x2727, 0x4227, 0x0B42, 0x2727, 0x2727, 0x2727, 0x2727,
    0x2727, 0x2727, 0x2727, 0x0B27, 0x0B0B, 0x0B0B, 0x0B0B, 0x0B0B, 0x0B0B, 0x0B0B, 0x0B0B, 0x0B18,
    0x0B0B, 0x0B0B, 0x0B0B, 0x0B0B, 0x0B0B, 0x1818, 0x0B0B, 0x0B0B, 0x0B0B, 0x1818, 0x0B0B, 0x0B0B,
    0x2727, 0x0B0B, 0x0B0B, 0x0B0B, 0x2727, 0x2727, 0x0B0B, 0x0B0B, 0x2727, 0x2727, 0x0B52, 0x0B0B,
    0x0B0B, 0x0B0B, 0x270B, 0x2727, 0x0B0B, 0x190B, 0x270B, 0x2727, 0x0B0B, 0x0B0B, 0x0B0B, 0x270B,
    0x0B0B, 0x0B0B, 0x0B0B, 0x0B0B, 0x0B0B, 0x0B0B, 0x190B, 0x0B19, 0x0B0B, 0x0B0B, 0x190B, 0x0B19,
    0x1919, 0x0B0B, 0x0B0B, 0x0B0B, 0x1919, 0x0B0B, 0x0B0B, 0x0B0B, 0x2727, 0x0B0B, 0x270B, 0x0B27,
    0x0B27, 0x0B0B, 0x2727, 0x2742, 0x0B27, 0x0B0B, 0x270B, 0x2727, 0x0B0B, 0x1818, 0x0B0B, 0x0B0B,
    0x0B0B, 0x1818, 0x0B0B, 0x0B0B, 0x0B0B, 0x0B0B, 0x0B0B, 0x0B0B, 0x0B0B, 0x0B0B, 0x0B0B, 0x0B0B,
    0x0B0B, 0x0B0B, 0x0B18, 0x0B0B, 0x2727, 0x2727, 0x2727, 0x2727, 0x2727, 0x4227, 0x2727, 0x2727,
    0x0B27, 0x2727, 0x2727, 0x2727, 0x0B0B, 0x0B0B, 0x0B0B, 0x0B0B, 0x0B0B, 0x0B0B, 0x190B, 0x0B19,
    0x0B0B, 0x0B0B, 0x190B, 0x0B19, 0x1919, 0x0B0B, 0x0B0B, 0x0B0B, 0x1919, 0x0B0B, 0x0B0B, 0x0B0B,
    0x0B0B, 0x0B0B, 0x0B0B, 0x0B0B, 0x0B0B, 0x190B, 0x0B0B, 0x0B0B, 0x0B0B, 0x0B0B, 0x0B0B, 0x0B0B,
    0x0B0B, 0x0B0B, 0x0B0B, 0x0B0B, 0x0B0B, 0x0B0B, 0x4227, 0x0B42, 0x2727, 0x270B, 0x4227, 0x2742,
    0x2727, 0x2727, 0x2727, 0x2727, 0x2727, 0x2727, 0x2727, 0x2727, 0x2727, 0x2727, 0x2727, 0x270B,
    0x420B, 0x2727, 0x0B27, 0x270B, 0x0B0B, 0x0B0B, 0x0B0B, 0x2727, 0x0B0B, 0x0B0B, 0x1818, 0x2727,
    0x0B0B, 0x0B0B, 0x1718, 0x2727, 0x0B27, 0x0B0B, 0x2727, 0x2727, 0x2727, 0x0B0B, 0x0B0B, 0x2727,
    0x2727, 0x180B, 0x0B0B, 0x2727, 0x0B27, 0x0B0B, 0x0B0B, 0x0B0B, 0x0B0B, 0x190B, 0x0B0B, 0x0B0B,
    0x0B0B, 0x0B0B, 0x270B, 0x2727, 0x2727, 0x2727, 0x2727, 0x2727, 0x2727, 0x2727, 0x4227, 0x2742,
    0x2727, 0x2727, 0x4227, 0x2742, 0x2727, 0x2727, 0x2727, 0x2727, 0x2719, 0x2727, 0x0B27, 0x270B,
    0x0B0B, 0x0B0B, 0x0B0B, 0x0B0B, 0x1827, 0x0B0B, 0x0B0B, 0x0B0B, 0x2727, 0x2727, 0x0B27, 0x0B0B,
    0x2727, 0x2727, 0x1717, 0x0B27, 0x0B0B, 0x2727, 0x1717, 0x2727, 0x270B, 0x2727, 0x2727, 0x2727,
    0x270B, 0x2727, 0x0B27, 0x270B, 0x0B0B, 0x180B, 0x2727, 0x2727, 0x0B0B, 0x2727, 0x2727, 0x2727,
    0x0B0B, 0x190B, 0x2727, 0x2727, 0x0B0B, 0x0B0B, 0x0B0B, 0x2727, 0x0B0B, 0x0B0B, 0x0B0B, 0x0B0B,
    0x0B27, 0x0B0B, 0x190B, 0x0B19, 0x2727, 0x0B0B, 0x190B, 0x0B19, 0x2727, 0x270B, 0x2727, 0x0B27,
    0x2727, 0x2727, 0x2727, 0x2727, 0x2727, 0x2727, 0x2727, 0x2727, 0x4227, 0x2727, 0x2727, 0x2727,
    0x2727, 0x2727, 0x2727, 0x2727, 0x2727, 0x2727, 0x1717, 0x2727, 0x0B0B, 0x2727, 0x1717, 0x2727,
    0x0B0B, 0x2727, 0x2727, 0x2727, 0x0B0B, 0x0B0B, 0x2727, 0x2727, 0x0B27, 0x4227, 0x2727, 0x2727,
    0x2727, 0x2727, 0x2727, 0x0B27, 0x4227, 0x2727, 0x2727, 0x0B27, 0x2727, 0x2727, 0x2727, 0x0B27,
    0x2727, 0x2727, 0x1717, 0x0B0B, 0x2727, 0x2727, 0x1818, 0x0B0B, 0x2727, 0x2727, 0x0B0B, 0x0B0B,
    0x2727, 0x2727, 0x0B27, 0x270B, 0x2727, 0x4227, 0x270B, 0x2727, 0x0B0B, 0x0B0B, 0x0B0B, 0x0B0B,
    0x0B0B, 0x190B, 0x0B0B, 0x0B0B, 0x0B0B, 0x0B0B, 0x0B0B, 0x0B0B, 0x0B0B, 0x0B0B, 0x0B0B, 0x0B0B,
    0x0B0B, 0x0B0B, 0x4227, 0x0B19, 0x0B0B, 0x270B, 0x4227, 0x0B42, 0x2727, 0x0B0B, 0x2727, 0x2727,
    0x2727, 0x2727, 0x270B, 0x2727, 0x0B0B, 0x0B0B, 0x0B0B, 0x0B0B, 0x0B0B, 0x190B, 0x0B0B, 0x2727,
    0x0B0B, 0x0B0B, 0x0B0B, 0x2727, 0x0B0B, 0x0B0B, 0x0B0B, 0x270B, 0x0B0B, 0x0B0B, 0x190B, 0x0B19,
    0x0B0B, 0x2727, 0x190B, 0x2719, 0x1919, 0x2727, 0x2727, 0x2727, 0x1919, 0x2727, 0x2727, 0x270B,
    0x0B0B, 0x270B, 0x2727, 0x2727, 0x1827, 0x0B0B, 0x2727, 0x2727, 0x2727, 0x2727, 0x0B0B, 0x270B,
    0x2727, 0x2727, 0x1717, 0x2727, 0x270B, 0x2727, 0x1717, 0x2727, 0x2727, 0x2727, 0x2727, 0x2727,
    0x2727, 0x2727, 0x2727, 0x2727, 0x2727, 0x4227, 0x2727, 0x2727, 0x0B0B, 0x2727, 0x0B0B, 0x270B,
    0x420B, 0x2727, 0x0B27, 0x2727, 0x2727, 0x270B, 0x2727, 0x2727, 0x2727, 0x0B27, 0x1717, 0x270B,
    0x2727, 0x2727, 0x1818, 0x270B, 0x2727, 0x2727, 0x270B, 0x2727, 0x2727, 0x2727, 0x270B, 0x2727,
    0x270B, 0x1827, 0x2727, 0x2727, 0x2727, 0x2727, 0x2727, 0x2727, 0x2727, 0x4227, 0x2727, 0x2727,
    0x2727, 0x2727, 0x2727, 0x2727, 0x2727, 0x2727, 0x2727, 0x2727, 0x2727, 0x2727, 0x4227, 0x2742,
    0x2727, 0x2727, 0x2727, 0x2727, 0x2727, 0x2727, 0x2727, 0x2727, 0x2727, 0x2727, 0x2727, 0x2727,
    0x2727, 0x2727, 0x2727, 0x2727, 0x2727, 0x2727, 0x2727, 0x2717, 0x2727, 0x2727, 0x2727, 0x2727,
    0x2727, 0x17D7, 0x2727, 0x0B27, 0x2727, 0x1717, 0x2727, 0x2727, 0x2727, 0x2727, 0x2727, 0x0B27,
    0x0B0B, 0x0B0B, 0x0B0B, 0x0B0B, 0x0B27, 0x0B0B, 0x0B18, 0x0B0B, 0x2727, 0x2727, 0x2727, 0x0B27,
    0x2727, 0x4227, 0x2727, 0x2727, 0x2727, 0x2727, 0x2727, 0x2727, 0x2727, 0x2727, 0x2727, 0x2727,
    0x0B0B, 0x0B0B, 0x420B, 0x2742, 0x0B0B, 0x0B0B, 0x190B, 0x2742, 0x1919, 0x0B0B, 0x0B0B, 0x0B0B,
    0x1919, 0x0B0B, 0x0B0B, 0x0B0B, 0x0B0B, 0x0B0B, 0x270B, 0x0B27, 0x0B0B, 0x270B, 0x2727, 0x2742,
    0x2727, 0x2727, 0x2727, 0x2727, 0x2727, 0x1717, 0x2727, 0x2727, 0x2727, 0x1717, 0x0B27, 0x2727,
    0x2727, 0x2727, 0x0B27, 0x270B, 0x0B0B, 0x2727, 0x0B0B, 0x0B0B, 0x0B0B, 0x0B0B, 0x0B18, 0x0B0B,
    0x4236, 0x3546, 0x4934, 0x3044, 0x460C, 0x3617, 0x4934, 0x302F, 0x5046, 0x3B51, 0x3434, 0x302F,
    0x3839, 0x423D, 0x3B3B, 0x2F2F, 0x3639, 0xDE46, 0xE1DE, 0x2F50, 0x46E2, 0xDE50, 0xDEDE, 0x3050,
    0x3636, 0xDE46, 0xE1DE, 0x5050, 0x4636, 0xDEDE, 0x09E1, 0x2F50, 0x3230, 0x3132, 0x3132, 0x3130,
    0x3030, 0x3132, 0x3132, 0x3231, 0x322F, 0x3132, 0x3132, 0x3231, 0x3230, 0x3132, 0x3231, 0x3131,
    0x324A, 0x3231, 0x3231, 0x3132, 0x4250, 0x3131, 0x3131, 0x3132, 0xDE50, 0xDE50, 0x3131, 0x3231,
    0xDEDE, 0xDEDE, 0x32DE, 0x323F, 0x3646, 0xDE46, 0xE1DE, 0x5050, 0x460C, 0xDE50, 0xDEDE, 0x5050,
    0x5046, 0x3550, 0x4134, 0x302F, 0x3642, 0x3617, 0x495A, 0x2F2F, 0x4236, 0x3546, 0x4931, 0x3044,
    0x46E2, 0xDE3B, 0xDEDE, 0x2F30, 0xE246, 0xDE50, 0xE1DE, 0x5050, 0x460C, 0xDE50, 0x09E1, 0x5050,
    0x5030, 0xDE50, 0xDE50, 0x3132, 0x3232, 0xDEDE, 0x42DE, 0x3231, 0x3C30, 0x3131, 0x3231, 0x3132,
    0x3030, 0x313C, 0x323C, 0x3131, 0x302F, 0x3032, 0x3131, 0x3230, 0x3230, 0x3232, 0x3232, 0x3131,
    0x3030, 0x3132, 0x3132, 0x3132, 0x3030, 0x3232, 0x3231, 0x3131, 0x4236, 0xDE46, 0xE1DE, 0x3050,
    0x460C, 0x4636, 0xDEDE, 0x5050, 0x5046, 0xDE50, 0xE1DE, 0x5050, 0x460C, 0xDE50, 0x09E1, 0x5050,
    0x1739, 0x3536, 0xE131, 0x5050, 0x4D38, 0x353B, 0x4934, 0x5050, 0x1739, 0x3536, 0x4134, 0x3044,
    0x3D2E, 0x353B, 0x495A, 0x2F2F, 0x3230, 0x3132, 0xDE32, 0x3150, 0x3030, 0xDE32, 0xDEDE, 0xDEDE,
    0xDE50, 0xDE50, 0xDEDE, 0xDE50, 0xDE42, 0xDEDE, 0xDEDE, 0xDEDE, 0xDE50, 0xDE50, 0x3150, 0xDE50,
    0x4250, 0xDEDE, 0x31DE, 0xDE32, 0x3C30, 0xDE50, 0x3131, 0x3231, 0x303C, 0x3131, 0x3131, 0x323F,
    0x5050, 0x5050, 0x5050, 0x5050, 0x5050, 0x5050, 0x5050, 0x5050, 0xE3E3, 0xE3E3, 0xE3E3, 0xE3E3,
    0xDEDE, 0xDEDE, 0xDEDE, 0xDEDE, 0xDEDE, 0xDEDE, 0xDEE2, 0xDEDE, 0x5050, 0xE250, 0x5036, 0xE250,
    0xE2E2, 0x0C50, 0x5036, 0x36E2, 0x360C, 0x0CE2, 0xE236, 0x360C, 0x3131, 0x3131, 0x3131, 0x3131,
    0x3131, 0x3232, 0x3131, 0x3132, 0x3131, 0x3131, 0x3231, 0x3231, 0x3231, 0x3131, 0x3131, 0x3131,
    0x3130, 0x3131, 0x3132, 0x3231, 0x3232, 0x3231, 0x3131, 0x3132, 0x3231, 0x3132, 0x3132, 0x3132,
    0x3132, 0x3032, 0x3132, 0x3231, 0x2F2F, 0x3433, 0x3835, 0x3939, 0x2F2F, 0x333B, 0x3634, 0x1717,
    0x2F2F, 0x3B50, 0x3433, 0x3B35, 0x2F2F, 0x502F, 0x333B, 0x3534, 0x3030, 0x2F2F, 0x3B50, 0x3433,
    0x3231, 0x302F, 0x502F, 0x333B, 0x3231, 0x3030, 0x2F30, 0x3B50, 0x3131, 0x3031, 0x2F30, 0x502F,
    0x1739, 0x3938, 0x3817, 0x1739, 0x3638, 0x393D, 0x3D17, 0x1738, 0x3B3B, 0x383B, 0x3B17, 0x363B,
    0x3535, 0x3535, 0x3536, 0x3535, 0x3434, 0x3434, 0x3434, 0x3434, 0x3333, 0x3333, 0x3333, 0x3333,
    0x3B3B, 0x3B3B, 0x3B3B, 0x3B3B, 0x5050, 0x5050, 0x5050, 0x5050, 0x3938, 0x3938, 0x3839, 0x3939,
    0x173D, 0x173D, 0x3D38, 0x3917, 0x363B, 0x363B, 0x3B3B, 0x3817, 0x3535, 0x3535, 0x3535, 0x3536,
    0x3434, 0x3434, 0x3434, 0x3434, 0x3333, 0x3333, 0x3333, 0x3333, 0x3B3B, 0x3B3B, 0x3B3B, 0x3B3B,
    0x5050, 0x5050, 0x5050, 0x5050, 0x3938, 0x3938, 0x3839, 0x3939, 0x173D, 0x173D, 0x3D38, 0x3917,
    0x363B, 0x363B, 0x3B3D, 0x3817, 0x3535, 0x3435, 0x3B3D, 0x3536, 0x3434, 0x3334, 0x343B, 0x3434,
    0x3333, 0x3333, 0x343B, 0x3333, 0x3B3B, 0x3B3B, 0x3B3B, 0x3B3B, 0x5050, 0x5050, 0x5050, 0x5050,
    0x3939, 0x3538, 0x3334, 0x2F2F, 0x1717, 0x3436, 0x3B33, 0x2F2F, 0x353B, 0x3334, 0x503B, 0x2F2F,
    0x3435, 0x3B33, 0x2F50, 0x2F2F, 0x3334, 0x503B, 0x2F2F, 0x3230, 0x3B33, 0x2F50, 0x2F30, 0x3132,
    0x503B, 0x302F, 0x3030, 0x3130, 0x2F50, 0x302F, 0x3230, 0x3131, 0x2F2F, 0x2F2F, 0x2F2F, 0x2F2F,
    0x2F30, 0x2F2F, 0x302F, 0x302F, 0x3030, 0x2F2F, 0x3030, 0x3030, 0x3030, 0x3032, 0x3030, 0x3032,
    0x3230, 0x3032, 0x3130, 0x3130, 0x3132, 0x3131, 0x3232, 0x3132, 0x3131, 0x3232, 0x3231, 0x3232,
    0x3131, 0x323F, 0x3131, 0x3232, 0x2F2F, 0x2F2F, 0x2F2F, 0x2F2F, 0x302F, 0x2F30, 0x2F2F, 0x3030,
    0x3030, 0x302F, 0x2F2F, 0x3030, 0x3030, 0x3232, 0x3232, 0x3032, 0x3232, 0x3132, 0x3232, 0x3230,
    0x3131, 0x3231, 0x3131, 0x3131, 0x3131, 0x3230, 0x3131, 0x3231, 0x3231, 0x3131, 0x3234, 0x3132,
    0x3132, 0x3231, 0x3231, 0x3131, 0x3231, 0x3132, 0x3131, 0x3132, 0x3132, 0x3131, 0x343C, 0x3B35,
    0x3231, 0x2F32, 0x3533, 0x3532, 0x3230, 0x332F, 0x3534, 0x3535, 0x3131, 0x332F, 0x3534, 0x383D,
    0x2F2F, 0x3433, 0x3D35, 0x3938, 0x2F2F, 0x3433, 0x3B35, 0x3938, 0x3131, 0x3132, 0x3130, 0x32E4,
    0x3031, 0x3231, 0x3231, 0x3132, 0x353B, 0x3234, 0x3131, 0x3231, 0x3235, 0x3335, 0x322F, 0x3132,
    0x3535, 0x3435, 0x2F33, 0x3232, 0x3D38, 0x3435, 0x2F33, 0x3131, 0x3839, 0x353D, 0x3334, 0x2F2F,
    0x3839, 0x353B, 0x3334, 0x2F2F, 0x3231, 0x3231, 0x3231, 0x3030, 0x3132, 0x3132, 0x3031, 0x3032,
    0x3132, 0x3132, 0x3231, 0x2F32, 0x3134, 0x3131, 0x323F, 0x2F32, 0x3232, 0x3232, 0x3130, 0x3030,
    0x3231, 0x3231, 0x3131, 0x2F32, 0x3132, 0x3132, 0x3231, 0x3030, 0x3131, 0x3131, 0x3231, 0x3030,
    0x2F2F, 0x3433, 0x3835, 0x3939, 0x2F30, 0x3433, 0x1736, 0x3917, 0x2F2F, 0x3433, 0x3B35, 0x383D,
    0x2F2F, 0x3433, 0x3B35, 0x3938, 0x2F2F, 0x3433, 0x3635, 0x3917, 0x2F30, 0x3433, 0x3B35, 0x383D,
    0x2F30, 0x3433, 0x3635, 0x3917, 0x2F2F, 0x3433, 0x3B35, 0x383D, 0x3232, 0x3232, 0x3231, 0x3030,
    0x3232, 0x3232, 0x3232, 0x3032, 0x3231, 0x3231, 0x3132, 0x3030, 0x3131, 0x313F, 0x3032, 0x3030,
    0x3232, 0x3232, 0x3032, 0x2F30, 0x3131, 0x3131, 0x3231, 0x2F32, 0x3131, 0x3131, 0x3132, 0x3030,
    0x3131, 0x3131, 0x3032, 0x3030, 0x2F30, 0x3433, 0x3635, 0x1717, 0x2F2F, 0x3433, 0x3B35, 0x3938,
    0x2F30, 0x3433, 0x3B35, 0x383D, 0x2F2F, 0x3433, 0x1736, 0x1717, 0x2F2F, 0x3433, 0x3835, 0x3939,
    0x2F2F, 0x3433, 0x3B35, 0x383D, 0x2F2F, 0x3433, 0x3B35, 0x1736, 0x2F30, 0x3433, 0x3B35, 0x3938,
    0x2F30, 0x3433, 0x3835, 0x3939, 0x2F30, 0x3433, 0x1736, 0x3917, 0x2F2F, 0x3434, 0x3B3B, 0x383D,
    0x2F2F, 0x3B3B, 0x3D3D, 0x3938, 0x2F2F, 0x3333, 0x3634, 0x3917, 0x2F30, 0x3433, 0x3B35, 0x383D,
    0x2F30, 0x3433, 0x3635, 0x3917, 0x2F2F, 0x3433, 0x3B35, 0x383D, 0x3939, 0x3538, 0x3334, 0x302F,
    0x1739, 0x3617, 0x3334, 0x302F, 0x3D38, 0x3B3D, 0x3434, 0x2F2F, 0x3839, 0x3D3D, 0x3B3B, 0x2F2F,
    0x1739, 0x3436, 0x3333, 0x2F2F, 0x3D38, 0x353B, 0x3334, 0x302F, 0x1739, 0x3536, 0x3334, 0x302F,
    0x3D38, 0x353B, 0x3334, 0x2F2F, 0x1717, 0x3536, 0x3334, 0x302F, 0x3839, 0x353D, 0x3334, 0x2F2F,
    0x3D38, 0x353B, 0x3334, 0x302F, 0x1717, 0x3617, 0x3334, 0x2F2F, 0x3939, 0x3538, 0x3334, 0x2F2F,
    0x3D38, 0x353B, 0x3334, 0x2F2F, 0x3617, 0x353B, 0x3334, 0x2F2F, 0x3839, 0x353B, 0x3334, 0x302F,
    0x3030, 0x3132, 0x3232, 0x3132, 0x3230, 0x3232, 0x3232, 0x3232, 0x3C30, 0x3231, 0x3132, 0x3132,
    0x3030, 0x3230, 0x3131, 0x3131, 0x302F, 0x3130, 0x3230, 0x3230, 0x322F, 0x3232, 0x3131, 0x3131,
    0x3030, 0x3132, 0x3132, 0x3132, 0x3030, 0x3230, 0x3131, 0x3131, 0x3939, 0x3538, 0x3334, 0x2F2F,
    0x1739, 0x3617, 0x3334, 0x302F, 0x3D38, 0x353D, 0x3334, 0x2F2F, 0x3839, 0x353B, 0x3334, 0x2F2F,
    0x1739, 0x3536, 0x3334, 0x2F2F, 0x3D38, 0x353B, 0x3334, 0x302F, 0x1739, 0x3536, 0x3334, 0x302F,
    0x3D38, 0x353B, 0x3334, 0x2F2F, 0x3230, 0x3132, 0x3130, 0x3130, 0x3030, 0x3132, 0x3231, 0x3231,
    0x322F, 0x3132, 0x3231, 0x3231, 0x322F, 0x3132, 0x3131, 0x3131, 0x3230, 0x3231, 0x3132, 0x3132,
    0x322F, 0x3131, 0x3132, 0x3132, 0x3030, 0x3130, 0x3231, 0x3231, 0x3030, 0x3131, 0x3231, 0x323F,
    0x3839, 0x353B, 0x3334, 0x3232, 0x3839, 0x353D, 0x3334, 0x3032, 0x3D38, 0x3435, 0x3B33, 0x3232,
    0x3535, 0x3435, 0x5033, 0x3132, 0x3235, 0x3335, 0x3250, 0x3132, 0x353B, 0x3234, 0x3131, 0x3231,
    0x3132, 0x3131, 0x3232, 0x3131, 0x3131, 0x3131, 0x3232, 0x3132, 0x3230, 0x3433, 0x3B35, 0x3938,
    0x3232, 0x3433, 0x3D35, 0x3938, 0x3230, 0x333B, 0x3534, 0x383D, 0x3234, 0x3350, 0x3534, 0x3535,
    0x3231, 0x5032, 0x3533, 0x3530, 0x3132, 0x3131, 0x3432, 0x3B35, 0x3132, 0x3230, 0x3131, 0x3231,
    0x3231, 0x3231, 0x3231, 0x3231, 0x3131, 0x3230, 0x3231, 0x3132, 0x3131, 0x3231, 0x3132, 0x3132,
    0x3232, 0x3131, 0x3132, 0x3130, 0x3231, 0x3131, 0x323F, 0x3132, 0x3230, 0x3131, 0x3131, 0x3232,
    0x3131, 0x3132, 0x3231, 0x2F32, 0x3231, 0x3131, 0x3C30, 0x3030, 0x3231, 0x3231, 0x3032, 0x2F30
};

const u16 gb_level10_bg_patch_source[46432] = {
    0x5050, 0x5050, 0x5050, 0x5050, 0x5050, 0x5050, 0x5050, 0x5050, 0xE3E3, 0xE3E3, 0xE3E3, 0xE3E3,
    0xDEDE, 0xDEDE, 0xDEDE, 0xDEDE, 0xDEDE, 0xDEDE, 0xDEE2, 0xDEDE, 0x5050, 0xE250, 0x5036, 0xE250,
    0xE2E2, 0x0C50, 0x5036, 0x36E2, 0x360C, 0x0CE2, 0xE236, 0x360C, 0x3131, 0x3131, 0x3131, 0x3131,
    0x3131, 0x3232, 0x3131, 0x3132, 0x3131, 0x3131, 0x3231, 0x3231, 0x3231, 0x3131, 0x3131, 0x3131,
    0x3130, 0x3131, 0x3132, 0x3231, 0x3232, 0x3231, 0x3131, 0x3132, 0x3231, 0x3132, 0x3132, 0x3132,
    0x3132, 0x3032, 0x3132, 0x3231, 0x2F2F, 0x3433, 0x3835, 0x3939, 0x2F2F, 0x333B, 0x3634, 0x1717,
    0x2F2F, 0x3B50, 0x3433, 0x3B35, 0x2F2F, 0x502F, 0x333B, 0x3534, 0x3030, 0x2F2F, 0x3B50, 0x3433,
    0x3231, 0x302F, 0x502F, 0x333B, 0x3231, 0x3030, 0x2F30, 0x3B50, 0x3131, 0x3031, 0x2F30, 0x502F,
    0x1739, 0x3938, 0x3817, 0x1739, 0x3638, 0x393D, 0x3D17, 0x1738, 0x3B3B, 0x383B, 0x3B17, 0x363B,
    0x3535, 0x3535, 0x3536, 0x3535, 0x3434, 0x3434, 0x3434, 0x3434, 0x3333, 0x3333, 0x3333, 0x3333,
    0x3B3B, 0x3B3B, 0x3B3B, 0x3B3B, 0x5050, 0x5050, 0x5050, 0x5050, 0x3938, 0x3938, 0x3839, 0x3939,
    0x173D, 0x173D, 0x3D38, 0x3917, 0x363B, 0x363B, 0x3B3B, 0x3817, 0x3535, 0x3535, 0x3535, 0x3536,
    0x3434, 0x3434, 0x3434, 0x3434, 0x3333, 0x3333, 0x3333, 0x3333, 0x3B3B, 0x3B3B, 0x3B3B, 0x3B3B,
    0x5050, 0x5050, 0x5050, 0x5050, 0x3938, 0x3938, 0x3839, 0x3939, 0x173D, 0x173D, 0x3D38, 0x3917,
    0x363B, 0x363B, 0x3B3D, 0x3817, 0x3535, 0x3435, 0x3B3D, 0x3536, 0x3434, 0x3334, 0x343B, 0x3434,
    0x3333, 0x3333, 0x343B, 0x3333, 0x3B3B, 0x3B3B, 0x3B3B, 0x3B3B, 0x5050, 0x5050, 0x5050, 0x5050,
    0x3939, 0x3538, 0x3334, 0x2F2F, 0x1717, 0x3436, 0x3B33, 0x2F2F, 0x353B, 0x3334, 0x503B, 0x2F2F,
    0x3435, 0x3B33, 0x2F50, 0x2F2F, 0x3334, 0x503B, 0x2F2F, 0x3230, 0x3B33, 0x2F50, 0x2F30, 0x3132,
    0x503B, 0x302F, 0x3030, 0x3130, 0x2F50, 0x302F, 0x3230, 0x3131, 0x2F2F, 0x2F2F, 0x2F2F, 0x2F2F,
    0x2F30, 0x2F2F, 0x302F, 0x302F, 0x3030, 0x2F2F, 0x3030, 0x3030, 0x3030, 0x3032, 0x3030, 0x3032,
    0x3230, 0x3032, 0x3130, 0x3130, 0x3132, 0x3131, 0x3232, 0x3132, 0x3131, 0x3232, 0x3231, 0x3232,
    0x3131, 0x323F, 0x3131, 0x3232, 0x2F2F, 0x2F2F, 0x2F2F, 0x2F2F, 0x302F, 0x2F30, 0x2F2F, 0x3030,
    0x3030, 0x302F, 0x2F2F, 0x3030, 0x3030, 0x3232, 0x3232, 0x3032, 0x3232, 0x3132, 0x3232, 0x3230,
    0x3131, 0x3231, 0x3131, 0x3131, 0x3131, 0x3230, 0x3131, 0x3231, 0x3231, 0x3131, 0x3234, 0x3132,
    0x3132, 0x3231, 0x3231, 0x3131, 0x3231, 0x3132, 0x3131, 0x3132, 0x3132, 0x3131, 0x343C, 0x3B35,
    0x3231, 0x2F32, 0x3533, 0x3532, 0x3230, 0x332F, 0x3534, 0x3535, 0x3131, 0x332F, 0x3534, 0x383D,
    0x2F2F, 0x3433, 0x3D35, 0x3938, 0x2F2F, 0x3433, 0x3B35, 0x3938, 0x3131, 0x3132, 0x3130, 0x32E4,
    0x3031, 0x3231, 0x3231, 0x3132, 0x353B, 0x3234, 0x3131, 0x3231, 0x3235, 0x3335, 0x322F, 0x3132,
    0x3535, 0x3435, 0x2F33, 0x3232, 0x3D38, 0x3435, 0x2F33, 0x3131, 0x3839, 0x353D, 0x3334, 0x2F2F,
    0x3839, 0x353B, 0x3334, 0x2F2F, 0x3231, 0x3231, 0x3231, 0x3030, 0x3132, 0x3132, 0x3031, 0x3032,
    0x3132, 0x3132, 0x3231, 0x2F32, 0x3134, 0x3131, 0x323F, 0x2F32, 0x3232, 0x3232, 0x3130, 0x3030,
    0x3231, 0x3231, 0x3131, 0x2F32, 0x3132, 0x3132, 0x3231, 0x3030, 0x3131, 0x3131, 0x3231, 0x3030,
    0x2F2F, 0x3433, 0x3835, 0x3939, 0x2F30, 0x3433, 0x1736, 0x3917, 0x2F2F, 0x3433, 0x3B35, 0x383D,
    0x2F2F, 0x3433, 0x3B35, 0x3938, 0x2F2F, 0x3433, 0x3635, 0x3917, 0x2F30, 0x3433, 0x3B35, 0x383D,
    0x2F30, 0x3433, 0x3635, 0x3917, 0x2F2F, 0x3433, 0x3B35, 0x383D, 0x3232, 0x3232, 0x3231, 0x3030,
    0x3232, 0x3232, 0x3232, 0x3032, 0x3231, 0x3231, 0x3132, 0x3030, 0x3131, 0x313F, 0x3032, 0x3030,
    0x3232, 0x3232, 0x3032, 0x2F30, 0x3131, 0x3131, 0x3231, 0x2F32, 0x3131, 0x3131, 0x3132, 0x3030,
    0x3131, 0x3131, 0x3032, 0x3030, 0x2F30, 0x3433, 0x3635, 0x1717, 0x2F2F, 0x3433, 0x3B35, 0x3938,
    0x2F30, 0x3433, 0x3B35, 0x383D, 0x2F2F, 0x3433, 0x1736, 0x1717, 0x2F2F, 0x3433, 0x3835, 0x3939,
    0x2F2F, 0x3433, 0x3B35, 0x383D, 0x2F2F, 0x3433, 0x3B35, 0x1736, 0x2F30, 0x3433, 0x3B35, 0x3938,
    0x2F30, 0x3433, 0x3835, 0x3939, 0x2F30, 0x3433, 0x1736, 0x3917, 0x2F2F, 0x3434, 0x3B3B, 0x383D,
    0x2F2F, 0x3B3B, 0x3D3D, 0x3938, 0x2F2F, 0x3333, 0x3634, 0x3917, 0x2F30, 0x3433, 0x3B35, 0x383D,
    0x2F30, 0x3433, 0x3635, 0x3917, 0x2F2F, 0x3433, 0x3B35, 0x383D, 0x3939, 0x3538, 0x3334, 0x302F,
    0x1739, 0x3617, 0x3334, 0x302F, 0x3D38, 0x3B3D, 0x3434, 0x2F2F, 0x3839, 0x3D3D, 0x3B3B, 0x2F2F,
    0x1739, 0x3436, 0x3333, 0x2F2F, 0x3D38, 0x353B, 0x3334, 0x302F, 0x1739, 0x3536, 0x3334, 0x302F,
    0x3D38, 0x353B, 0x3334, 0x2F2F, 0x1717, 0x3536, 0x3334, 0x302F, 0x3839, 0x353D, 0x3334, 0x2F2F,
    0x3D38, 0x353B, 0x3334, 0x302F, 0x1717, 0x3617, 0x3334, 0x2F2F, 0x3939, 0x3538, 0x3334, 0x2F2F,
    0x3D38, 0x353B, 0x3334, 0x2F2F, 0x3617, 0x353B, 0x3334, 0x2F2F, 0x3839, 0x353B, 0x3334, 0x302F,
    0x3030, 0x3132, 0x3232, 0x3132, 0x3230, 0x3232, 0x3232, 0x3232, 0x3C30, 0x3231, 0x3132, 0x3132,
    0x3030, 0x3230, 0x3131, 0x3131, 0x302F, 0x3130, 0x3230, 0x3230, 0x322F, 0x3232, 0x3131, 0x3131,
    0x3030, 0x3132, 0x3132, 0x3132, 0x3030, 0x3230, 0x3131, 0x3131, 0x3939, 0x3538, 0x3334, 0x2F2F,
    0x1739, 0x3617, 0x3334, 0x302F, 0x3D38, 0x353D, 0x3334, 0x2F2F, 0x3839, 0x353B, 0x3334, 0x2F2F,
    0x1739, 0x3536, 0x3334, 0x2F2F, 0x3D38, 0x353B, 0x3334, 0x302F, 0x1739, 0x3536, 0x3334, 0x302F,
    0x3D38, 0x353B, 0x3334, 0x2F2F, 0x3230, 0x3132, 0x3130, 0x3130, 0x3030, 0x3132, 0x3231, 0x3231,
    0x322F, 0x3132, 0x3231, 0x3231, 0x322F, 0x3132, 0x3131, 0x3131, 0x3230, 0x3231, 0x3132, 0x3132,
    0x322F, 0x3131, 0x3132, 0x3132, 0x3030, 0x3130, 0x3231, 0x3231, 0x3030, 0x3131, 0x3231, 0x323F,
    0x3839, 0x353B, 0x3334, 0x3232, 0x3839, 0x353D, 0x3334, 0x3032, 0x3D38, 0x3435, 0x3B33, 0x3232,
    0x3535, 0x3435, 0x5033, 0x3132, 0x3235, 0x3335, 0x3250, 0x3132, 0x353B, 0x3234, 0x3131, 0x3231,
    0x3132, 0x3131, 0x3232, 0x3131, 0x3131, 0x3131, 0x3232, 0x3132, 0x3230, 0x3433, 0x3B35, 0x3938,
    0x3232, 0x3433, 0x3D35, 0x3938, 0x3230, 0x333B, 0x3534, 0x383D, 0x3234, 0x3350, 0x3534, 0x3535,
    0x3231, 0x5032, 0x3533, 0x3530, 0x3132, 0x3131, 0x3432, 0x3B35, 0x3132, 0x3230, 0x3131, 0x3231,
    0x3231, 0x3231, 0x3231, 0x3231, 0x3131, 0x3230, 0x3231, 0x3132, 0x3131, 0x3231, 0x3132, 0x3132,
    0x3232, 0x3131, 0x3132, 0x3130, 0x3231, 0x3131, 0x323F, 0x3132, 0x3230, 0x3131, 0x3131, 0x3232,
    0x3131, 0x3132, 0x3231, 0x2F32, 0x3231, 0x3131, 0x3C30, 0x3030, 0x3231, 0x3231, 0x3032, 0x2F30,
    0x3131, 0x3032, 0x2F30, 0x2F2F, 0x3231, 0x3030, 0x2F30, 0x2F2F, 0x3232, 0x302F, 0x2F2F, 0x332F,
    0x3032, 0x2F2F, 0x2F2F, 0x3433, 0x2F2F, 0x2F2F, 0x332F, 0x3534, 0x2F2F, 0x2F2F, 0x3433, 0x3B38,
    0x2F2F, 0x332F, 0x3434, 0x1717, 0x2F2F, 0x3433, 0x3836, 0x3939, 0x2F30, 0x2F2F, 0x302F, 0x302F,
    0x2F2F, 0x2F2F, 0x2F2F, 0x2F2F, 0x3333, 0x3333, 0x3333, 0x3333, 0x3434, 0x3434, 0x3434, 0x3434,
    0x3535, 0x3535, 0x3536, 0x3535, 0x3B3B, 0x383B, 0x3B17, 0x363B, 0x3638, 0x393D, 0x3D17, 0x1738,
    0x1739, 0x3938, 0x3817, 0x1739, 0x0362, 0x0000, 0x0000, 0x0001, 0x0002, 0x0003, 0x0004, 0x0005,
    0x0006, 0x0007, 0x0008, 0x0009, 0x000A, 0x000B, 0x000C, 0x000D, 0x000E, 0x000F, 0x0010, 0x0011,
    0x0012, 0x0013, 0x0014, 0x0015, 0x0016, 0x0017, 0x0018, 0x0019, 0x001A, 0x001B, 0x001C, 0x001D,
    0x001E, 0x001F, 0x0020, 0x0021, 0x0022, 0x0023, 0x0024, 0x0025, 0x0026, 0x0027, 0x0028, 0x0029,
    0x002A, 0x002B, 0x002C, 0x002D, 0x002E, 0x002F, 0x0030, 0x0031, 0x0032, 0x0033, 0x0034, 0x0035,
    0x0036, 0x0037, 0x0038, 0x0039, 0x003A, 0x003B, 0x003C, 0x003D, 0x003E, 0x003F, 0x0040, 0x0041,
    0x0042, 0x0043, 0x0044, 0x0045, 0x0046, 0x0047, 0x0048, 0x0049, 0x004A, 0x004B, 0x004C, 0x004D,
    0x004E, 0x004F, 0x0050, 0x0051, 0x0052, 0x0053, 0x0054, 0x0055, 0x0056, 0x0057, 0x0058, 0x0059,
    0x005A, 0x005B, 0x005C, 0x005D, 0x005E, 0x005F, 0x0060, 0x0061, 0x0062, 0x0063, 0x0064, 0x0065,
    0x0066, 0x0067, 0x0068, 0x0069, 0x006A, 0x006B, 0x006C, 0x006D, 0x006E, 0x006F, 0x0070, 0x0071,
    0x0072, 0x0073, 0x0074, 0x0075, 0x0076, 0x0077, 0x0078, 0x0079, 0x007A, 0x007B, 0x007C, 0x007D,
    0x007E, 0x007F, 0x0080, 0x0081, 0x0082, 0x0083, 0x0084, 0x0085, 0x0086, 0x0087, 0x0088, 0x0089,
    0x008A, 0x008B, 0x008C, 0x008D, 0x008E, 0x008F, 0x0090, 0x0091, 0x0092, 0x0093, 0x0094, 0x0095,
    0x0096, 0x0097, 0x0098, 0x0099, 0x009A, 0x009B, 0x009C, 0x009D, 0x009E, 0x009F, 0x00A0, 0x00A1,
    0x00A2, 0x00A3, 0x00A4, 0x00A5, 0x00A6, 0x00A7, 0x00A8, 0x00A9, 0x00AA, 0x00AB, 0x00AC, 0x00AD,
    0x00AE, 0x00AF, 0x00B0, 0x00B1, 0x00B2, 0x00B3, 0x00B4, 0x00B5, 0x00B6, 0x00B7, 0x00B8, 0x00B9,
    0x00BA, 0x00BB, 0x00BC, 0x00BD, 0x00BE, 0x00BF, 0x00C0, 0x00C1, 0x00C2, 0x00C3, 0x00C4, 0x00C5,
    0x00C6, 0x00C7, 0x00C8, 0x00C9, 0x00CA, 0x00CB, 0x00CC, 0x00CD, 0x00CE, 0x00CF, 0x00D0, 0x00D1,
    0x00D2, 0x00D3, 0x00D4, 0x00D5, 0x00D6, 0x00D7, 0x00D8, 0x00D9, 0x00DA, 0x00DB, 0x00DC, 0x00DD,
    0x00DE, 0x00DF, 0x00E0, 0x00E1, 0x00E2, 0x00E3, 0x00E4, 0x00E5, 0x00E6, 0x00E7, 0x00E8, 0x00E9,
    0x00EA, 0x00EB, 0x00EC, 0x00ED, 0x00EE, 0x00EF, 0x00F0, 0x00F1, 0x00F2, 0x00F3, 0x00F4, 0x00F5,
    0x00F6, 0x00F7, 0x00F8, 0x00F9, 0x00FA, 0x00FB, 0x00FC, 0x00FD, 0x00FE, 0x00FF, 0x0100, 0x0101,
    0x0102, 0x0103, 0x0104, 0x0105, 0x0106, 0x0107, 0x0108, 0x0109, 0x010A, 0x010B, 0x010C, 0x010D,
    0x010E, 0x010F, 0x0110, 0x0111, 0x0112, 0x0113, 0x0114, 0x0115, 0x0116, 0x0117, 0x0118, 0x0119,
    0x011A, 0x011B, 0x011C, 0x011D, 0x011E, 0x011F, 0x0120, 0x0121, 0x0122, 0x0123, 0x0124, 0x0125,
    0x0126, 0x0127, 0x0128, 0x0129, 0x012A, 0x012B, 0x012C, 0x012D, 0x012E, 0x012F, 0x0130, 0x0131,
    0x0132, 0x0133, 0x0134, 0x0135, 0x0136, 0x0137, 0x0138, 0x0139, 0x013A, 0x013B, 0x013C, 0x013D,
    0x013E, 0x013F, 0x0140, 0x0141, 0x0142, 0x0143, 0x0144, 0x0145, 0x0146, 0x0147, 0x0148, 0x0149,
    0x014A, 0x014B, 0x014C, 0x014D, 0x014E, 0x014F, 0x0150, 0x0151, 0x0152, 0x0153, 0x0154, 0x0155,
    0x0156, 0x0157, 0x0158, 0x0159, 0x015A, 0x015B, 0x015C, 0x015D, 0x015E, 0x015F, 0x0160, 0x0161,
    0x0162, 0x0560, 0x0002, 0x0163, 0x0164, 0x0165, 0x0166, 0x0167, 0x0168, 0x0564, 0x0169, 0x016A,
    0x016B, 0x016C, 0x016D, 0x016E, 0x016F, 0x0170, 0x0171, 0x0569, 0x0172, 0x0173, 0x0174, 0x0175,
    0x0176, 0x0177, 0x0178, 0x0179, 0x017A, 0x017B, 0x0002, 0x017C, 0x017D, 0x017E, 0x017F, 0x0180,
    0x016D, 0x0181, 0x0182, 0x0183, 0x0184, 0x0185, 0x0580, 0x0186, 0x0187, 0x0188, 0x0189, 0x018A,
    0x018B, 0x0181, 0x018C, 0x018D, 0x018E, 0x018F, 0x0190, 0x0191, 0x0192, 0x0193, 0x0194, 0x0195,
    0x0196, 0x0197, 0x0002, 0x0198, 0x0199, 0x019A, 0x019B, 0x0188, 0x019C, 0x019D, 0x019E, 0x019F,
    0x01A0, 0x01A1, 0x0187, 0x058E, 0x01A2, 0x0590, 0x01A3, 0x01A4, 0x01A5, 0x01A6, 0x01A7, 0x01A8,
    0x01A9, 0x01AA, 0x01AB, 0x01AC, 0x01AD, 0x01AE, 0x01AF, 0x01B0, 0x01B1, 0x01B2, 0x01B3, 0x01B4,
    0x01B5, 0x01B6, 0x01B7, 0x01B8, 0x01B9, 0x01BA, 0x01BB, 0x01BC, 0x01BD, 0x01BE, 0x01BF, 0x01C0,
    0x01C1, 0x01C2, 0x01C3, 0x01C4, 0x01C5, 0x01C6, 0x01C7, 0x01C8, 0x01C9, 0x01CA, 0x01CB, 0x01CC,
    0x01CD, 0x01CE, 0x01CF, 0x01D0, 0x01D1, 0x01D2, 0x01D3, 0x01D4, 0x01D5, 0x01D6, 0x01D7, 0x01D8,
    0x01D9, 0x01DA, 0x01DB, 0x01DC, 0x01DD, 0x01DE, 0x01DF, 0x01E0, 0x01E1, 0x01E2, 0x01E3, 0x01E4,
    0x01E5, 0x01E6, 0x01E7, 0x01E8, 0x01E9, 0x01EA, 0x01EB, 0x0002, 0x01EC, 0x01ED, 0x01EE, 0x01EF,
    0x01F0, 0x01F1, 0x01F2, 0x01F3, 0x01F4, 0x01F5, 0x01F6, 0x01F7, 0x01F8, 0x01F9, 0x01FA, 0x01FB,
    0x01FC, 0x01FD, 0x01FE, 0x01FF, 0x0200, 0x0201, 0x0202, 0x0203, 0x0204, 0x0205, 0x0206, 0x0207,
    0x0208, 0x0209, 0x020A, 0x020B, 0x020C, 0x020D, 0x020E, 0x020F, 0x0210, 0x0211, 0x0212, 0x0213,
    0x0214, 0x0215, 0x0216, 0x0217, 0x0218, 0x0219, 0x021A, 0x021B, 0x021C, 0x021D, 0x021E, 0x021F,
    0x0220, 0x0221, 0x0222, 0x0223, 0x0600, 0x0224, 0x0225, 0x0226, 0x0227, 0x0228, 0x0229, 0x022A,
    0x022B, 0x022C, 0x022D, 0x022E, 0x022F, 0x0230, 0x0231, 0x0232, 0x0233, 0x0234, 0x0235, 0x0236,
    0x0237, 0x0238, 0x0239, 0x023A, 0x023B, 0x023C, 0x023D, 0x0002, 0x023E, 0x023F, 0x0240, 0x0241,
    0x0242, 0x0243, 0x0244, 0x0245, 0x0246, 0x0247, 0x0248, 0x0249, 0x024A, 0x024B, 0x024C, 0x024D,
    0x024E, 0x024F, 0x0250, 0x0251, 0x0252, 0x0253, 0x0254, 0x0255, 0x0256, 0x0257, 0x0258, 0x0259,
    0x025A, 0x025B, 0x065A, 0x025C, 0x025D, 0x025E, 0x025F, 0x0260, 0x0261, 0x0262, 0x0263, 0x0264,
    0x0265, 0x0266, 0x0267, 0x0268, 0x0269, 0x026A, 0x026B, 0x026C, 0x026D, 0x026E, 0x026F, 0x0270,
    0x0271, 0x0234, 0x0272, 0x0273, 0x0274, 0x0275, 0x0276, 0x0277, 0x0240, 0x0241, 0x0242, 0x0278,
    0x0279, 0x027A, 0x0278, 0x0279, 0x027A, 0x027B, 0x027C, 0x027D, 0x027E, 0x027F, 0x0280, 0x0281,
    0x0282, 0x0283, 0x0284, 0x0285, 0x0286, 0x0287, 0x0288, 0x0251, 0x0289, 0x0253, 0x028A, 0x028B,
    0x028C, 0x028D, 0x028E, 0x068D, 0x025F, 0x0260, 0x0261, 0x028F, 0x0290, 0x0291, 0x0292, 0x0293,
    0x0294, 0x0002, 0x0295, 0x0296, 0x0297, 0x0298, 0x0299, 0x029A, 0x029B, 0x029C, 0x029D, 0x029E,
    0x029F, 0x02A0, 0x02A1, 0x02A2, 0x0002, 0x02A3, 0x06A3, 0x02A4, 0x02A5, 0x06A5, 0x06A4, 0x02A6,
    0x02A7, 0x02A8, 0x02A9, 0x02AA, 0x02AB, 0x02AC, 0x02AD, 0x0002, 0x0002, 0x0002, 0x0002, 0x02AE,
    0x02AF, 0x02B0, 0x02B1, 0x02B2, 0x02B3, 0x02B4, 0x02B5, 0x02B6, 0x02B7, 0x02B8, 0x02B9, 0x02BA,
    0x02BB, 0x02BC, 0x02BD, 0x02BE, 0x02BF, 0x02C0, 0x02C1, 0x02C2, 0x02C3, 0x02C4, 0x02C5, 0x02C6,
    0x02C7, 0x02C8, 0x02C9, 0x02CA, 0x02CB, 0x02CC, 0x0002, 0x02CD, 0x02CE, 0x02CF, 0x02D0, 0x02D1,
    0x02D2, 0x02D3, 0x02D4, 0x02D5, 0x02D6, 0x02D7, 0x02D8, 0x02D9, 0x02DA, 0x02DB, 0x02DC, 0x02DD,
    0x02DE, 0x02DF, 0x02E0, 0x0002, 0x02E1, 0x02E2, 0x02E3, 0x02E4, 0x02E5, 0x02E6, 0x02E7, 0x02E8,
    0x02E9, 0x02EA, 0x02EB, 0x02EC, 0x02ED, 0x02EE, 0x02EF, 0x02F0, 0x02F1, 0x02F2, 0x02F3, 0x02F4,
    0x02F5, 0x02F6, 0x02F7, 0x02F8, 0x02F9, 0x02FA, 0x02FB, 0x02FC, 0x02FD, 0x02FE, 0x02FF, 0x0300,
    0x0301, 0x0002, 0x0302, 0x0303, 0x0304, 0x0305, 0x0306, 0x0307, 0x0308, 0x0309, 0x030A, 0x030B,
    0x030C, 0x030D, 0x030E, 0x030F, 0x0310, 0x0311, 0x0312, 0x0313, 0x0314, 0x0315, 0x0316, 0x0317,
    0x0717, 0x0716, 0x0002, 0x0002, 0x0002, 0x0002, 0x0002, 0x0002, 0x0002, 0x0002, 0x0002, 0x0002,
    0x0002, 0x0002, 0x0002, 0x0002, 0x0002, 0x0002, 0x0002, 0x0002, 0x0002, 0x0002, 0x0002, 0x0002,
    0x0002, 0x0002, 0x0002, 0x0002, 0x0002, 0x0002, 0x0318, 0x0319, 0x0719, 0x0718, 0x0002, 0x0002,
    0x0002, 0x0002, 0x0002, 0x0002, 0x0002, 0x0002, 0x0002, 0x0002, 0x0002, 0x0002, 0x0002, 0x0002,
    0x0002, 0x0002, 0x0002, 0x0002, 0x0002, 0x0002, 0x0002, 0x0002, 0x0002, 0x0002, 0x0002, 0x0002,
    0x0002, 0x0002, 0x031A, 0x031B, 0x031C, 0x031D, 0x0002, 0x0002, 0x0002, 0x0002, 0x0002, 0x0002,
    0x0002, 0x0002, 0x0002, 0x0002, 0x0002, 0x0002, 0x0002, 0x0002, 0x0002, 0x0002, 0x0002, 0x0002,
    0x0002, 0x0002, 0x0002, 0x0002, 0x0002, 0x0002, 0x0002, 0x0002, 0x0002, 0x0002, 0x031E, 0x031F,
    0x0320, 0x0321, 0x0002, 0x0002, 0x0002, 0x0002, 0x0002, 0x0002, 0x0002, 0x0002, 0x0002, 0x0002,
    0x0002, 0x0002, 0x0002, 0x0002, 0x0002, 0x0002, 0x0002, 0x0002, 0x0002, 0x0002, 0x0002, 0x0002,
    0x0002, 0x0002, 0x0002, 0x0002, 0x0002, 0x0002, 0x0322, 0x0323, 0x0324, 0x0325, 0x0326, 0x0327,
    0x0328, 0x0329, 0x032A, 0x032B, 0x032C, 0x032D, 0x032E, 0x032F, 0x0330, 0x0331, 0x0332, 0x0333,
    0x0334, 0x0335, 0x0336, 0x0337, 0x0338, 0x0339, 0x033A, 0x033B, 0x033C, 0x033D, 0x033E, 0x033F,
    0x0340, 0x0341, 0x0002, 0x0002, 0x0002, 0x0002, 0x0002, 0x0002, 0x0002, 0x0002, 0x0002, 0x0002,
    0x0002, 0x0002, 0x0002, 0x0002, 0x0002, 0x0002, 0x0002, 0x0002, 0x0002, 0x0002, 0x0002, 0x0342,
    0x0343, 0x0344, 0x0345, 0x0346, 0x0347, 0x0348, 0x0F48, 0x0002, 0x0002, 0x0002, 0x0002, 0x0002,
    0x0002, 0x0002, 0x0002, 0x0002, 0x0002, 0x0002, 0x0002, 0x0002, 0x0002, 0x0002, 0x0002, 0x0002,
    0x0002, 0x0002, 0x0002, 0x0002, 0x0002, 0x0002, 0x0002, 0x0002, 0x0002, 0x0002, 0x0002, 0x0002,
    0x0002, 0x0002, 0x0002, 0x0002, 0x0002, 0x0002, 0x0349, 0x034A, 0x034B, 0x034C, 0x034D, 0x034E,
    0x034F, 0x0350, 0x0351, 0x0352, 0x0353, 0x0354, 0x0355, 0x0356, 0x0357, 0x0358, 0x0359, 0x035A,
    0x035B, 0x035C, 0x035D, 0x035E, 0x035F, 0x0360, 0x0361, 0x0002, 0x0002, 0x0002, 0x0002, 0x0002,
    0x0002, 0x0002, 0x0002, 0x0002, 0x0002, 0x0002, 0x0002, 0x0002, 0x0002, 0x0002, 0x0002, 0x0002,
    0x0002, 0x0002, 0x0002, 0x0002, 0x0002, 0x0002, 0x0002, 0x0002, 0x0002, 0x0002, 0x0002, 0x0002,
    0x0002, 0x0002, 0x0002, 0x0002, 0x0002, 0x0002, 0x0002, 0x0002, 0x0002, 0x0002, 0x0002, 0x0002,
    0x0002, 0x0002, 0x0002, 0x0002, 0x0002, 0x0002, 0x0002, 0x0002, 0x0002, 0x0002, 0x0002, 0x0002,
    0x0002, 0x0002, 0x0002, 0x0002, 0x0002, 0x0002, 0x0002, 0x0002, 0x0002, 0x0002, 0x0002, 0x0002,
    0x0002, 0x0002, 0x0002, 0x0002, 0x0002, 0x0002, 0x04DF, 0x04DE, 0x04DD, 0x04DC, 0x04DB, 0x04DA,
    0x04D9, 0x04D8, 0x04D7, 0x04D6, 0x04D5, 0x04D4, 0x04D3, 0x04D2, 0x04D1, 0x04D0, 0x04CF, 0x04CE,
    0x04CD, 0x04CC, 0x04CB, 0x04CA, 0x04C9, 0x04C8, 0x04C7, 0x04C6, 0x04C5, 0x04C4, 0x04C3, 0x04C2,
    0x04C1, 0x04C0, 0x04FF, 0x04FE, 0x04FD, 0x04FC, 0x04FB, 0x04FA, 0x04F9, 0x04F8, 0x04F7, 0x04F6,
    0x04F5, 0x04F4, 0x04F3, 0x04F2, 0x04F1, 0x04F0, 0x04EF, 0x04EE, 0x04ED, 0x04EC, 0x04EB, 0x04EA,
    0x04E9, 0x04E8, 0x04E7, 0x04E6, 0x04E5, 0x04E4, 0x04E3, 0x04E2, 0x04E1, 0x04E0, 0x0002, 0x0002,
    0x0002, 0x0002, 0x0002, 0x0002, 0x0002, 0x0518, 0x0517, 0x0516, 0x0515, 0x0514, 0x0513, 0x0512,
    0x0511, 0x0510, 0x050F, 0x050E, 0x050D, 0x050C, 0x050B, 0x050A, 0x0509, 0x0508, 0x0507, 0x0506,
    0x0505, 0x0504, 0x0503, 0x0502, 0x0501, 0x0500, 0x0002, 0x0002, 0x0002, 0x0002, 0x0002, 0x0002,
    0x0002, 0x0538, 0x0537, 0x0536, 0x0535, 0x0534, 0x0533, 0x0532, 0x0531, 0x0530, 0x052F, 0x052E,
    0x052D, 0x052C, 0x052B, 0x052A, 0x0529, 0x0528, 0x0527, 0x0526, 0x0525, 0x0524, 0x0523, 0x0522,
    0x0521, 0x0520, 0x0500, 0x0000, 0x7C1F, 0x7FFF, 0x0000, 0x7F7B, 0x3004, 0x16FF, 0x14BF, 0x6B13,
    0x6D8A, 0x7E50, 0x1865, 0x3313, 0x2988, 0x1DDF, 0x2BBF, 0x3108, 0x3D4B, 0x2D6C, 0x3A09, 0x2E8A,
    0x56F2, 0x2B4F, 0x26CD, 0x2227, 0x4B97, 0x3772, 0x25B1, 0x29B0, 0x29C7, 0x2B30, 0x2A67, 0x2806,
    0x5C05, 0x4802, 0x2527, 0x22CF, 0x25CA, 0x2A2B, 0x1F52, 0x2587, 0x1D27, 0x25A8, 0x2E2A, 0x18E7,
    0x1908, 0x1D2B, 0x29CA, 0x5630, 0x5A51, 0x5E93, 0x5E72, 0x773A, 0x6AB5, 0x6674, 0x1D44, 0x4E11,
    0x1DA5, 0x26CC, 0x16D0, 0x5610, 0x5A72, 0x49CD, 0x66D8, 0x5A74, 0x4B72, 0x775A, 0x396A, 0x2084,
    0x4E2F, 0x2D09, 0x24C5, 0x5ADA, 0x4E56, 0x7339, 0x5270, 0x0422, 0x5EB5, 0x398D, 0x0842, 0x0421,
    0x454B, 0x49D2, 0x49A7, 0x2A27, 0x1CA7, 0x2A6F, 0x45F0, 0x4B1B, 0x2A14, 0x6F7D, 0x6AF9, 0x7B7A,
    0x3EBA, 0x1D2C, 0x0C62, 0x148F, 0x1CF4, 0x3218, 0x2156, 0x14B2, 0x10A4, 0x1D68, 0x7B5A, 0x418C,
    0x084A, 0x14B1, 0x5B7E, 0x4F1B, 0x1907, 0x0C42, 0x4298, 0x146B, 0x0846, 0x416B, 0x1462, 0x24C4,
    0x1CA3, 0x0824, 0x73FF, 0x10E8, 0x3E56, 0x2E14, 0x56B7, 0x4A55, 0x41F3, 0x2D4F, 0x0CA8, 0x216E,
    0x3E97, 0x0C41, 0x1D6C, 0x218D, 0x2172, 0x1D8F, 0x41A5, 0x18D1, 0x471B, 0x42FA, 0x0CA5, 0x14C6,
    0x0425, 0x1068, 0x252C, 0x18AB, 0x14C4, 0x10A5, 0x0C83, 0x1906, 0x14A9, 0x0C45, 0x67BF, 0x148A,
    0x0822, 0x18ED, 0x148D, 0x1CF3, 0x2DD6, 0x1063, 0x31CD, 0x298B, 0x2569, 0x18E5, 0x2128, 0x4271,
    0x4AB4, 0x35EE, 0x3A30, 0x4272, 0x3E51, 0x2969, 0x1D07, 0x3E30, 0x31ED, 0x2D6B, 0x2108, 0x1CE8,
    0x1043, 0x1062, 0x18E8, 0x216C, 0x29F0, 0x5B38, 0x0801, 0x1064, 0x18A6, 0x0400, 0x1CC7, 0x1464,
    0x18C6, 0x14A5, 0x4AB3, 0x29B9, 0x3A5B, 0x4F1D, 0x0820, 0x1D06, 0x0C43, 0x3A76, 0x1484, 0x294A,
    0x3A0F, 0x18A5, 0x2638, 0x1532, 0x168B, 0x1CE7, 0x3639, 0x56F7, 0x4251, 0x2093, 0x2CE6, 0x1C85,
    0x458B, 0x6671, 0x1843, 0x51CF, 0x1EDD, 0x6EF8, 0x3F34, 0x2606, 0x6F18, 0x2D03, 0x514B, 0x512A,
    0x14A3, 0x69D3, 0x20C2, 0x556E, 0x5A93, 0x0000, 0x00E5, 0x0000, 0x0000, 0x0000, 0x0000, 0x0000,
    0x0000, 0x0000, 0x0000, 0x0000, 0x0000, 0x0000, 0x0000, 0x0000, 0x0000, 0x0000, 0x0000, 0x0000,
    0x0000, 0x0000, 0x0000, 0x0000, 0x0000, 0x0000, 0x0000, 0x0000, 0x0000, 0x0000, 0x0000, 0x0000,
    0x0000, 0x0000, 0x0000, 0x0000, 0x0201, 0x0403, 0x0605, 0x0807, 0x0B0B, 0x0B0B, 0x0B0B, 0x0B0B,
    0x0B0B, 0x0B0B, 0x0B0B, 0x0B0B, 0x0B0B, 0x0B0B, 0x0B0B, 0x0B0B, 0x0B0B, 0x0B0B, 0x0B0B, 0x0B0B,
    0x0B0B, 0x0B0B, 0x0B0B, 0x0B0B, 0x0B0B, 0x0B0B, 0x0B0B, 0x0B0B, 0x0B0B, 0x0B0B, 0x0B0B, 0x0B0B,
    0x0909, 0x0909, 0x0909, 0x0909, 0x0909, 0x0909, 0x0909, 0x0909, 0x0909, 0x0909, 0x0909, 0x0909,
    0x0909, 0x0909, 0x0909, 0x0909, 0x0909, 0x0909, 0x0909, 0x0909, 0x0909, 0x0909, 0x0909, 0x0909,
    0x0909, 0x0909, 0x0909, 0x0909, 0x0909, 0x0909, 0x0909, 0x0909, 0x0A00, 0x0109, 0x0101, 0x0101,
    0x0A00, 0x0109, 0x0101, 0x0101, 0x0A00, 0x0109, 0x0101, 0x0101, 0x0A00, 0x0109, 0x0101, 0x0101,
    0x0A00, 0x0109, 0x0101, 0x0101, 0x0A00, 0x0109, 0x0101, 0x0101, 0x0A00, 0x0109, 0x0101, 0x0101,
    0x0A00, 0x0109, 0x0101, 0x0101, 0x0A00, 0x0109, 0x0101, 0x0101, 0x0A00, 0x0109, 0x0101, 0x0101,
    0x0000, 0x090A, 0x0101, 0x0101, 0x0000, 0x090A, 0x0101, 0x0101, 0x0000, 0x0A00, 0x0109, 0x0101,
    0x0000, 0x0000, 0x090A, 0x0109, 0x0000, 0x0000, 0x0A00, 0x090A, 0x0000, 0x0000, 0x0000, 0x0A00,
    0x0101, 0x0101, 0x0101, 0x0101, 0x0A01, 0x0101, 0x0101, 0x0101, 0x0A01, 0x0101, 0x0101, 0x0101,
    0x0A01, 0x0101, 0x0101, 0x0101, 0x0A01, 0x0101, 0x0101, 0x0101, 0x0A01, 0x0101, 0x0101, 0x0101,
    0x0A09, 0x0909, 0x0909, 0x0909, 0x0A0A, 0x0A0A, 0x0A0A, 0x0A0A, 0x0A00, 0x0109, 0x0101, 0x0101,
    0x0A00, 0x0109, 0x0101, 0x0101, 0x0109, 0x0101, 0x0101, 0x0101, 0x090A, 0x0101, 0x0101, 0x0101,
    0x0A00, 0x0109, 0x0101, 0x0101, 0x0A00, 0x0109, 0x0101, 0x0101, 0x0A00, 0x0109, 0x0101, 0x0101,
    0x0A00, 0x0109, 0x0101, 0x0101, 0x0303, 0x0303, 0x0303, 0x0403, 0x0303, 0x0303, 0x0303, 0x0404,
    0x0303, 0x0303, 0x0303, 0x0404, 0x0303, 0x0303, 0x0403, 0x0404, 0x0303, 0x0303, 0x0403, 0x0404,
    0x0303, 0x0303, 0x0403, 0x0404, 0x0303, 0x0303, 0x0404, 0x0404, 0x0303, 0x0303, 0x0404, 0x0404,
    0x0303, 0x0303, 0x0303, 0x0303, 0x0303, 0x0303, 0x0303, 0x0303, 0x0303, 0x0303, 0x0303, 0x0303,
    0x0303, 0x0303, 0x0303, 0x0303, 0x0404, 0x0303, 0x0303, 0x0303, 0x0404, 0x0404, 0x0304, 0x0303,
    0x0404, 0x0404, 0x0404, 0x0304, 0x0404, 0x0404, 0x0404, 0x0404, 0x0B0B, 0x0B0B, 0x0B0B, 0x0B0B,
    0x180B, 0x0B0B, 0x0B0B, 0x0B0B, 0x0B0B, 0x0B0B, 0x0B0B, 0x0B0B, 0x0B0B, 0x0B0B, 0x1818, 0x0B0B,
    0x0B0B, 0x0B0B, 0x1818, 0x0B0B, 0x0B0B, 0x0B0B, 0x0B0B, 0x0B0B, 0x0B0B, 0x0B0B, 0x0B0B, 0x0B0B,
    0x0B0B, 0x180B, 0x0B0B, 0x0B0B, 0x0B0B, 0x0B0B, 0x0B0B, 0x0B0B, 0x0B0B, 0x190B, 0x0B0B, 0x0B0B,
    0x0B0B, 0x0B0B, 0x0B0B, 0x0B0B, 0x0B0B, 0x0B0B, 0x0B0B, 0x0B0B, 0x0B0B, 0x0B0B, 0x190B, 0x0B19,
    0x0B0B, 0x0B0B, 0x190B, 0x0B19, 0x1E1E, 0x0B0B, 0x0B0B, 0x0B0B, 0x1E1E, 0x0B0B, 0x0B0B, 0x0B0B,
    0x0C0B, 0x0C0C, 0x0C0C, 0x0C0C, 0x180B, 0x0C0C, 0x0C0C, 0x0C0C, 0x0C0B, 0x0C0C, 0x0C0C, 0x0C0C,
    0x0C0B, 0x0C0C, 0x0C0C, 0x0C0C, 0x0C0B, 0x0C0C, 0x0C0C, 0x0C0C, 0x0C0B, 0x0C0C, 0x0C0C, 0x0C0C,
    0x1E1E, 0x0C0C, 0x0C0C, 0x0C0C, 0x1F1E, 0x0C0C, 0x0C0C, 0x0C0C, 0x0A00, 0x0409, 0x0404, 0x0404,
    0x0A00, 0x0409, 0x0404, 0x0404, 0x0A00, 0x0409, 0x0404, 0x0404, 0x0A00, 0x0409, 0x0404, 0x0404,
    0x0A00, 0x0409, 0x0404, 0x0404, 0x0A00, 0x0409, 0x0404, 0x0404, 0x0A00, 0x0409, 0x0404, 0x0404,
    0x0A00, 0x0409, 0x0404, 0x0404, 0x0404, 0x0404, 0x0404, 0x0404, 0x0404, 0x0404, 0x0404, 0x0404,
    0x0404, 0x0404, 0x0404, 0x0404, 0x0404, 0x0404, 0x0404, 0x0404, 0x0404, 0x0404, 0x0404, 0x0404,
    0x0404, 0x0404, 0x0404, 0x0404, 0x0404, 0x0404, 0x0404, 0x0404, 0x0404, 0x0404, 0x0404, 0x0404,
    0x0A00, 0x0309, 0x0303, 0x0303, 0x0A00, 0x0309, 0x0303, 0x0303, 0x0A00, 0x0309, 0x0303, 0x0303,
    0x0A00, 0x0309, 0x0303, 0x0303, 0x0A00, 0x0309, 0x0303, 0x0303, 0x0A00, 0x0309, 0x0303, 0x0303,
    0x0A00, 0x0309, 0x0303, 0x0303, 0x0A00, 0x0309, 0x0303, 0x0303, 0x0303, 0x0303, 0x0303, 0x0303,
    0x0303, 0x0303, 0x0303, 0x0303, 0x0303, 0x0303, 0x0303, 0x0303, 0x0303, 0x0303, 0x0303, 0x0303,
    0x0303, 0x0303, 0x0303, 0x0303, 0x0303, 0x0303, 0x0303, 0x0303, 0x0303, 0x0303, 0x0303, 0x0303,
    0x0303, 0x0303, 0x0303, 0x0303, 0x0A00, 0x0109, 0x0101, 0x0101, 0x0A00, 0x0109, 0x0101, 0x0101,
    0x0A00, 0x0109, 0x0105, 0x0101, 0x0A00, 0x0109, 0x0101, 0x0101, 0x0A00, 0x0109, 0x0105, 0x0105,
    0x0A00, 0x0109, 0x0101, 0x0101, 0x0A00, 0x0109, 0x0101, 0x0101, 0x0A00, 0x0109, 0x0101, 0x0101,
    0x0101, 0x0101, 0x0101, 0x0101, 0x0101, 0x0101, 0x0101, 0x0101, 0x0101, 0x0101, 0x0101, 0x0101,
    0x0101, 0x0101, 0x0101, 0x0101, 0x0101, 0x0101, 0x0101, 0x0101, 0x0101, 0x0101, 0x0101, 0x0101,
    0x0101, 0x0101, 0x0101, 0x0101, 0x0101, 0x0101, 0x0101, 0x0101, 0x0303, 0x0303, 0x0303, 0x0303,
    0x0A0A, 0x0A0A, 0x0A0A, 0x0A0A, 0x050A, 0x0E0E, 0x0E0E, 0x0A05, 0x0E0A, 0x0E05, 0x050E, 0x0A0E,
    0x0E0A, 0x0505, 0x0505, 0x0A0E, 0x050A, 0x0E0E, 0x0E0E, 0x0A05, 0x0A0A, 0x0A0A, 0x0A0A, 0x0A0A,
    0x0303, 0x0303, 0x0303, 0x0303, 0x0505, 0x0505, 0x0505, 0x0505, 0x0505, 0x0505, 0x0505, 0x0505,
    0x0A05, 0x0505, 0x0505, 0x0505, 0x0A05, 0x0505, 0x0505, 0x0505, 0x0A05, 0x0505, 0x0505, 0x0505,
    0x0A05, 0x050A, 0x0505, 0x0505, 0x0505, 0x0505, 0x0505, 0x0505, 0x0505, 0x0505, 0x0505, 0x0505,
    0x0A03, 0x0E0D, 0x050E, 0x0505, 0x0A03, 0x0E0D, 0x050E, 0x0505, 0x0A03, 0x0E0D, 0x050E, 0x0505,
    0x0A03, 0x0E0D, 0x050E, 0x0505, 0x0A03, 0x0E0D, 0x050E, 0x0505, 0x0A03, 0x0E0D, 0x050E, 0x0505,
    0x0A03, 0x0E0D, 0x050E, 0x0505, 0x0A03, 0x0E0D, 0x050E, 0x0505, 0x0505, 0x0505, 0x0D05, 0x030A,
    0x0505, 0x0505, 0x0D05, 0x030A, 0x0505, 0x0505, 0x0D05, 0x030A, 0x0505, 0x0505, 0x0D05, 0x030A,
    0x0505, 0x0505, 0x0D05, 0x030A, 0x0505, 0x0505, 0x0D05, 0x030A, 0x0505, 0x0505, 0x0D05, 0x030A,
    0x0505, 0x0505, 0x0D05, 0x030A, 0x0A03, 0x0109, 0x0101, 0x0101, 0x0A03, 0x0109, 0x0101, 0x0101,
    0x0A03, 0x0109, 0x0101, 0x0101, 0x0A03, 0x0109, 0x0101, 0x0101, 0x0A03, 0x0109, 0x0101, 0x0101,
    0x0A03, 0x0109, 0x0101, 0x0101, 0x0A03, 0x0109, 0x0101, 0x0101, 0x0A03, 0x0109, 0x0101, 0x0101,
    0x0A0A, 0x0A0A, 0x0A0A, 0x0A0A, 0x0909, 0x0909, 0x0A09, 0x090A, 0x0303, 0x0303, 0x090A, 0x0109,
    0x0303, 0x0A03, 0x0109, 0x0101, 0x0303, 0x090A, 0x0101, 0x0101, 0x0303, 0x090A, 0x0101, 0x0101,
    0x0A03, 0x0109, 0x0101, 0x0101, 0x0A03, 0x0109, 0x0101, 0x0101, 0x0B0C, 0x0C0C, 0x0C0C, 0x0C0B,
    0x0C0C, 0x170C, 0x0C0C, 0x0B0B, 0x0C0B, 0x0C0C, 0x0C0C, 0x0B0C, 0x0B0B, 0x0C0C, 0x0C0C, 0x0B0C,
    0x0B0B, 0x0C0B, 0x100C, 0x0C10, 0x0B0B, 0x0C0B, 0x120C, 0x0C12, 0x1E1E, 0x0B0B, 0x120C, 0x1112,
    0x1E1E, 0x0B0B, 0x0C0C, 0x110C, 0x100F, 0x1110, 0x0B0F, 0x1111, 0x1011, 0x0F1A, 0x110F, 0x0F11,
    0x1B11, 0x0F0F, 0x0F0F, 0x0B0F, 0x1111, 0x0F10, 0x0F0F, 0x0B0B, 0x1A0F, 0x0F10, 0x0B0F, 0x0B0B,
    0x1B11, 0x0F11, 0x0B0B, 0x0B0B, 0x1010, 0x0F11, 0x0B0B, 0x0B0B, 0x1010, 0x0F0F, 0x0B18, 0x0B0B,
    0x0B0B, 0x0C0C, 0x0C0B, 0x0B0C, 0x0C0B, 0x170C, 0x0C0C, 0x0C0C, 0x0B0B, 0x0C0C, 0x0C0C, 0x0C0C,
    0x0C0B, 0x0C0C, 0x0C0C, 0x0C0C, 0x0C0B, 0x0C0C, 0x120C, 0x0C12, 0x0C0B, 0x0C0C, 0x120C, 0x0C12,
    0x1E1E, 0x0C0C, 0x0C0C, 0x0C0C, 0x1F1E, 0x0C0C, 0x0C0C, 0x0C0C, 0x1312, 0x1413, 0x1313, 0x1314,
    0x1513, 0x1315, 0x1515, 0x1513, 0x1312, 0x1C15, 0x1313, 0x1515, 0x1C13, 0x1313, 0x1315, 0x1515,
    0x1513, 0x161C, 0x1C15, 0x1315, 0x1513, 0x151C, 0x1C15, 0x1C13, 0x1312, 0x1313, 0x1C13, 0x1C1C,
    0x1513, 0x151C, 0x1C13, 0x1C13, 0x1312, 0x1513, 0x1315, 0x1313, 0x1513, 0x1315, 0x1515, 0x1513,
    0x1312, 0x1C15, 0x1313, 0x1515, 0x1C13, 0x1313, 0x1315, 0x1516, 0x1513, 0x151C, 0x1C15, 0x1315,
    0x1513, 0x151C, 0x1C15, 0x1C13, 0x1312, 0x1313, 0x1C13, 0x1C1C, 0x1513, 0x151C, 0x1C13, 0x1C13,
    0x1313, 0x1513, 0x1315, 0x1313, 0x1513, 0x1315, 0x1513, 0x1315, 0x1513, 0x1C13, 0x1513, 0x131C,
    0x131C, 0x1513, 0x1C15, 0x1315, 0x1513, 0x1513, 0x1316, 0x1315, 0x1515, 0x151C, 0x1C13, 0x1413,
    0x1515, 0x131C, 0x1513, 0x1315, 0x1315, 0x1513, 0x151C, 0x1C15, 0x0B0B, 0x0B0B, 0x1616, 0x1717,
    0x180B, 0x0B0B, 0x1616, 0x1717, 0x0B0B, 0x0B0B, 0x1616, 0x1717, 0x0B0B, 0x1D0B, 0x161D, 0x1717,
    0x0B0B, 0x1D0B, 0x161D, 0x1717, 0x0B0B, 0x0B0B, 0x1616, 0x1717, 0x0B0B, 0x0B0B, 0x1616, 0x1717,
    0x0B0B, 0x0B19, 0x1616, 0x1717, 0x0C0C, 0x0C0C, 0x0C0C, 0x0C0C, 0x0C0C, 0x120C, 0x0C0C, 0x0C0C,
    0x0C0C, 0x0C17, 0x0C0C, 0x0C0C, 0x0C0C, 0x0C0C, 0x0C0C, 0x0C0C, 0x0C0C, 0x0C0C, 0x120C, 0x0C12,
    0x0C0C, 0x0C0C, 0x120C, 0x0C12, 0x0C0C, 0x0C12, 0x0C0C, 0x0C0C, 0x0C0C, 0x0C0C, 0x0C0C, 0x0C0C,
    0x0000, 0x0000, 0x0000, 0x0A00, 0x0000, 0x0000, 0x0A00, 0x090A, 0x0000, 0x0000, 0x090A, 0x2109,
    0x0000, 0x0A00, 0x2409, 0x2424, 0x0000, 0x090A, 0x2424, 0x2424, 0x0000, 0x090A, 0x2424, 0x2424,
    0x0A00, 0x2509, 0x2525, 0x2525, 0x0A00, 0x2509, 0x2525, 0x2525, 0x0A0A, 0x0A0A, 0x0A0A, 0x0A0A,
    0x0A09, 0x0909, 0x0909, 0x0909, 0x0A21, 0x210A, 0x2121, 0x2121, 0x2424, 0x240A, 0x2424, 0x2424,
    0x0A24, 0x240A, 0x2424, 0x2424, 0x2424, 0x2424, 0x2424, 0x2424, 0x2525, 0x2525, 0x2525, 0x2525,
    0x2525, 0x2525, 0x2525, 0x2525, 0x0000, 0x0000, 0x0000, 0x0A00, 0x0000, 0x0000, 0x0A00, 0x090A,
    0x0000, 0x0000, 0x090A, 0x0309, 0x0000, 0x0A00, 0x0309, 0x0303, 0x0000, 0x090A, 0x0303, 0x0303,
    0x0000, 0x090A, 0x0303, 0x0303, 0x0A00, 0x0309, 0x0303, 0x0303, 0x0A00, 0x0309, 0x0303, 0x0303,
    0x0A0A, 0x0A0A, 0x0A0A, 0x0A0A, 0x0A09, 0x0909, 0x0909, 0x0909, 0x0A03, 0x0303, 0x0303, 0x0303,
    0x0A03, 0x0303, 0x0303, 0x0303, 0x0A03, 0x0303, 0x0303, 0x0303, 0x0A03, 0x0303, 0x0303, 0x0303,
    0x0303, 0x0303, 0x0303, 0x0303, 0x0303, 0x0303, 0x0303, 0x0303, 0x0000, 0x0000, 0x0000, 0x0A00,
    0x0000, 0x0000, 0x0A00, 0x090A, 0x0000, 0x0000, 0x090A, 0x0109, 0x0000, 0x0A00, 0x0109, 0x0101,
    0x0000, 0x090A, 0x0101, 0x0101, 0x0000, 0x090A, 0x0101, 0x0101, 0x0A00, 0x0109, 0x0101, 0x010E,
    0x0A00, 0x0109, 0x0101, 0x0101, 0x0A0A, 0x0A0A, 0x0A0A, 0x0A0A, 0x0909, 0x0909, 0x0909, 0x0909,
    0x0101, 0x0101, 0x0101, 0x0101, 0x0101, 0x0101, 0x0101, 0x0101, 0x0501, 0x0101, 0x0101, 0x0101,
    0x0101, 0x0101, 0x0101, 0x0101, 0x0501, 0x0101, 0x0101, 0x0101, 0x0101, 0x0101, 0x0101, 0x0101,
    0x0503, 0x0505, 0x0505, 0x0505, 0x0A0A, 0x0A0A, 0x0A0A, 0x0A0A, 0x050A, 0x0E0E, 0x0E0E, 0x0A05,
    0x0E0A, 0x0E05, 0x050E, 0x0A0E, 0x0E0A, 0x0505, 0x0505, 0x0A0E, 0x050A, 0x0E0E, 0x0E0E, 0x0A05,
    0x0A0A, 0x0A0A, 0x0A0A, 0x0A0A, 0x0503, 0x0505, 0x0505, 0x0505, 0x030A, 0x0303, 0x0303, 0x0303,
    0x0A0D, 0x030A, 0x0303, 0x0303, 0x0D05, 0x0A0D, 0x0303, 0x0303, 0x0505, 0x0D05, 0x030A, 0x0303,
    0x0505, 0x0505, 0x0A0D, 0x0303, 0x0505, 0x0505, 0x0A0D, 0x0303, 0x0505, 0x0505, 0x0D05, 0x030A,
    0x0505, 0x0505, 0x0D05, 0x030A, 0x0303, 0x0303, 0x0303, 0x0A03, 0x0303, 0x0303, 0x0A03, 0x0D0A,
    0x0303, 0x0303, 0x0D0A, 0x0E0D, 0x0303, 0x0A03, 0x010D, 0x0E01, 0x0303, 0x0D0A, 0x0101, 0x0501,
    0x0303, 0x0D0A, 0x0101, 0x0505, 0x0A03, 0x0E0D, 0x050E, 0x0505, 0x0A03, 0x0E0D, 0x050E, 0x0505,
    0x0A0A, 0x0A0A, 0x0A0A, 0x0A0A, 0x0D0A, 0x0D0D, 0x0D0D, 0x0D0D, 0x0E0A, 0x0E0E, 0x0E0E, 0x0E0E,
    0x0E0A, 0x0E0E, 0x0E0E, 0x0E0E, 0x050A, 0x0505, 0x0505, 0x0505, 0x050A, 0x0505, 0x0505, 0x0505,
    0x0505, 0x0505, 0x0505, 0x0505, 0x0505, 0x0505, 0x0505, 0x0505, 0x0303, 0x0303, 0x0303, 0x0A03,
    0x0303, 0x0303, 0x0A03, 0x090A, 0x0303, 0x0303, 0x090A, 0x0109, 0x0303, 0x0A03, 0x0109, 0x0101,
    0x0303, 0x090A, 0x0101, 0x0101, 0x0303, 0x090A, 0x0101, 0x0101, 0x0A03, 0x0109, 0x0101, 0x0101,
    0x0A03, 0x0109, 0x0101, 0x0101, 0x0A0A, 0x0A0A, 0x0A0A, 0x0A0A, 0x0909, 0x0909, 0x0909, 0x0909,
    0x0501, 0x0101, 0x0101, 0x0101, 0x0101, 0x0101, 0x0101, 0x0101, 0x0501, 0x0101, 0x0101, 0x0101,
    0x0101, 0x0101, 0x0101, 0x0101, 0x0101, 0x0101, 0x0101, 0x0101, 0x0101, 0x0101, 0x0101, 0x0101,
    0x0A00, 0x2009, 0x2020, 0x2020, 0x0A00, 0x0409, 0x0404, 0x0404, 0x0000, 0x090A, 0x2222, 0x2222,
    0x0000, 0x090A, 0x2222, 0x2222, 0x0000, 0x0A00, 0x2209, 0x2222, 0x0000, 0x0000, 0x090A, 0x2209,
    0x0000, 0x0000, 0x0A00, 0x090A, 0x0000, 0x0000, 0x0000, 0x0A00, 0x2020, 0x2020, 0x2020, 0x2020,
    0x0404, 0x0404, 0x0404, 0x0404, 0x2222, 0x2222, 0x2222, 0x2222, 0x0A0A, 0x0A0A, 0x2222, 0x2222,
    0x220A, 0x0A0A, 0x2222, 0x2222, 0x220A, 0x0A22, 0x2222, 0x2222, 0x0909, 0x0909, 0x0909, 0x0909,
    0x0A0A, 0x0A0A, 0x0A0A, 0x0A0A, 0x0000, 0x2121, 0x2121, 0x2121, 0x0000, 0x2100, 0x2121, 0x2121,
    0x0000, 0x0000, 0x2121, 0x2121, 0x0000, 0x0000, 0x0000, 0x0000, 0x0000, 0x0000, 0x0000, 0x0000,
    0x0000, 0x0000, 0x0000, 0x0000, 0x0000, 0x0000, 0x0000, 0x0000, 0x0000, 0x0000, 0x0000, 0x0000,
    0x2121, 0x2121, 0x2121, 0x2121, 0x2121, 0x2121, 0x2121, 0x2121, 0x2121, 0x2121, 0x2121, 0x2121,
    0x0000, 0x0000, 0x0000, 0x0000, 0x0000, 0x0000, 0x0000, 0x0000, 0x0000, 0x0000, 0x0000, 0x0000,
    0x0000, 0x0000, 0x0000, 0x0000, 0x0000, 0x0000, 0x0000, 0x0000, 0x0000, 0x0000, 0x0000, 0x0000,
    0x0000, 0x0000, 0x0000, 0x0000, 0x0000, 0x0000, 0x0000, 0x0A00, 0x0000, 0x0000, 0x0A00, 0x090A,
    0x0000, 0x0000, 0x090A, 0x0109, 0x0000, 0x0A00, 0x0109, 0x0101, 0x0000, 0x090A, 0x0101, 0x0101,
    0x0000, 0x090A, 0x0101, 0x0101, 0x0000, 0x0000, 0x0000, 0x0000, 0x0000, 0x0000, 0x0000, 0x0000,
    0x0A0A, 0x0A0A, 0x0A0A, 0x0A0A, 0x0909, 0x0909, 0x0909, 0x0909, 0x0101, 0x0101, 0x0101, 0x0101,
    0x0101, 0x0101, 0x0101, 0x0101, 0x0101, 0x0101, 0x0101, 0x0101, 0x0101, 0x0101, 0x0101, 0x0101,
    0x0505, 0x0505, 0x0505, 0x0A05, 0x0505, 0x0505, 0x0505, 0x0E0A, 0x0505, 0x0505, 0x0A0A, 0x0E05,
    0x0505, 0x0505, 0x0E05, 0x0E0E, 0x0505, 0x0505, 0x050A, 0x0505, 0x0505, 0x0505, 0x0A05, 0x0505,
    0x0505, 0x0505, 0x0A05, 0x0A05, 0x0505, 0x0505, 0x0A05, 0x050A, 0x0A0A, 0x050D, 0x0505, 0x0505,
    0x060A, 0x0A0A, 0x050D, 0x0505, 0x0D0A, 0x060D, 0x0A0A, 0x050D, 0x0D0A, 0x0D0D, 0x060D, 0x050A,
    0x0D0A, 0x060D, 0x0A0A, 0x050D, 0x060A, 0x0A0A, 0x050D, 0x0505, 0x0A0A, 0x050D, 0x0505, 0x0505,
    0x0505, 0x0505, 0x0505, 0x0505, 0x0A03, 0x050D, 0x0505, 0x0505, 0x0A03, 0x050D, 0x0505, 0x0505,
    0x0303, 0x0D0A, 0x0505, 0x0505, 0x0303, 0x0D0A, 0x0505, 0x0505, 0x0503, 0x0A03, 0x050D, 0x0505,
    0x0303, 0x0303, 0x0D0A, 0x050D, 0x0303, 0x0305, 0x0A03, 0x0D0A, 0x0303, 0x0303, 0x0303, 0x0A03,
    0x0505, 0x0505, 0x0505, 0x0505, 0x0505, 0x0505, 0x0505, 0x0505, 0x0505, 0x0505, 0x0505, 0x0505,
    0x0505, 0x0505, 0x0505, 0x0505, 0x0505, 0x0505, 0x0505, 0x0505, 0x0505, 0x0505, 0x0505, 0x0505,
    0x0D0D, 0x0D0D, 0x0D0D, 0x0D0D, 0x0A0A, 0x0A0A, 0x0A0A, 0x0A0A, 0x0A0A, 0x0A0A, 0x0A0A, 0x0A0A,
    0x0909, 0x0909, 0x0A09, 0x0D0A, 0x0303, 0x0303, 0x0D0A, 0x0E0D, 0x0303, 0x0A03, 0x010D, 0x0E01,
    0x0303, 0x0D0A, 0x0101, 0x0501, 0x0303, 0x0D0A, 0x0101, 0x0505, 0x0A03, 0x0E0D, 0x050E, 0x0505,
    0x0A03, 0x0E0D, 0x050E, 0x0505, 0x0A0A, 0x0A0A, 0x0A0A, 0x0A0A, 0x0A0D, 0x090A, 0x0909, 0x0909,
    0x0D05, 0x0A0D, 0x0303, 0x0303, 0x0505, 0x0D05, 0x030A, 0x0303, 0x0505, 0x0505, 0x0A0D, 0x0303,
    0x0505, 0x0505, 0x0A0D, 0x0303, 0x0505, 0x0505, 0x0D05, 0x030A, 0x0505, 0x0505, 0x0D05, 0x030A,
    0x0B0B, 0x0B0B, 0x0C0C, 0x0F0C, 0x180B, 0x0B0B, 0x0C0C, 0x0F0C, 0x0B0B, 0x0B0B, 0x0C0B, 0x110F,
    0x0B0B, 0x0B0B, 0x1212, 0x110F, 0x0B0B, 0x0B0B, 0x1218, 0x110F, 0x0B0B, 0x0B0B, 0x0C0B, 0x110F,
    0x0B0B, 0x0B0B, 0x0B0B, 0x0F0F, 0x0B0B, 0x180B, 0x0B0B, 0x0F0B, 0x1010, 0x110F, 0x0B0B, 0x0B0B,
    0x1110, 0x110F, 0x0B0B, 0x0B0B, 0x1110, 0x0B0F, 0x0B0B, 0x0B0B, 0x1111, 0x0B0F, 0x0B0B, 0x0B0B,
    0x0F0F, 0x0B0F, 0x190B, 0x0B19, 0x0F11, 0x0B0F, 0x190B, 0x0B19, 0x0F0F, 0x0B0F, 0x0B0B, 0x0B0B,
    0x0F0F, 0x0B0B, 0x0B0B, 0x0B0B, 0x0C0B, 0x0C0C, 0x0C0C, 0x0C0C, 0x170B, 0x0C0C, 0x0C0C, 0x0C0C,
    0x0C0B, 0x0C0C, 0x0C0C, 0x0C0C, 0x0C0B, 0x0C0C, 0x1212, 0x0C0C, 0x0C0B, 0x0C0C, 0x1212, 0x0C0C,
    0x0B0B, 0x0C0B, 0x0C0C, 0x0C0C, 0x0B0B, 0x0B0B, 0x0C0B, 0x0C0C, 0x0B0B, 0x180B, 0x0B0B, 0x0C0B,
    0x1513, 0x151C, 0x1C15, 0x1315, 0x1312, 0x131C, 0x1315, 0x1515, 0x231C, 0x131C, 0x1C13, 0x1515,
    0x1C15, 0x1515, 0x1313, 0x151C, 0x1315, 0x1515, 0x1513, 0x1313, 0x1C13, 0x1513, 0x151C, 0x1C16,
    0x1515, 0x1313, 0x151C, 0x1C15, 0x1515, 0x151C, 0x1313, 0x1C15, 0x1513, 0x151C, 0x1C15, 0x1315,
    0x1312, 0x131C, 0x1315, 0x1515, 0x231C, 0x131C, 0x1C13, 0x1615, 0x1C23, 0x1C13, 0x2313, 0x1C15,
    0x1323, 0x2313, 0x1C1C, 0x2313, 0x131C, 0x2313, 0x1C13, 0x2323, 0x1C1C, 0x2313, 0x1C13, 0x1C23,
    0x1C23, 0x231C, 0x2323, 0x231C, 0x1C13, 0x1515, 0x131C, 0x1513, 0x131C, 0x1315, 0x1513, 0x1513,
    0x231C, 0x1C13, 0x1516, 0x1513, 0x151C, 0x1323, 0x131C, 0x1513, 0x1515, 0x1323, 0x1C13, 0x131C,
    0x1313, 0x131C, 0x1C13, 0x1C23, 0x1C13, 0x1C23, 0x1313, 0x1C23, 0x1C1C, 0x1C23, 0x1C1C, 0x141C,
    0x0B0B, 0x0B0B, 0x1616, 0x1717, 0x180B, 0x0B0B, 0x1616, 0x1717, 0x0B0B, 0x0B0B, 0x160B, 0x1717,
    0x0B0B, 0x0B0B, 0x1818, 0x170B, 0x0B0B, 0x0B0B, 0x1818, 0x0B0B, 0x0B0B, 0x0B0B, 0x0B0B, 0x0B0B,
    0x0B0B, 0x0B0B, 0x0B0B, 0x0B0B, 0x0B0B, 0x180B, 0x0B0B, 0x0B0B, 0x0C0C, 0x0C0C, 0x0C0C, 0x0C0C,
    0x0C0C, 0x120C, 0x0C0C, 0x0C0C, 0x0C0C, 0x0C17, 0x0C0C, 0x0C0C, 0x0C0C, 0x0C0C, 0x0C0C, 0x0C0C,
    0x0C0B, 0x0C0C, 0x120C, 0x0C12, 0x0B0B, 0x0C0B, 0x120C, 0x0C12, 0x1E1E, 0x0B0B, 0x0C0B, 0x0C0C,
    0x1E1E, 0x0B0B, 0x0B0B, 0x0C0B, 0x0101, 0x0101, 0x0101, 0x0101, 0x0101, 0x0101, 0x0101, 0x0101,
    0x0101, 0x0101, 0x0101, 0x0101, 0x0102, 0x0101, 0x0101, 0x0201, 0x0101, 0x0101, 0x0101, 0x0101,
    0x0101, 0x0101, 0x0101, 0x0101, 0x0101, 0x0101, 0x0101, 0x0101, 0x0101, 0x0101, 0x0101, 0x0101,
    0x0101, 0x0201, 0x0101, 0x0101, 0x0101, 0x0201, 0x0101, 0x0101, 0x0101, 0x0201, 0x0101, 0x0101,
    0x0101, 0x0201, 0x0101, 0x0101, 0x0101, 0x0201, 0x0101, 0x0101, 0x0101, 0x0101, 0x0101, 0x0101,
    0x0101, 0x0201, 0x0101, 0x0101, 0x0101, 0x0101, 0x0101, 0x0101, 0x0101, 0x0102, 0x0201, 0x0101,
    0x0101, 0x0102, 0x0201, 0x0101, 0x0101, 0x0102, 0x0201, 0x0101, 0x0101, 0x0101, 0x0101, 0x0101,
    0x0101, 0x0101, 0x0101, 0x0101, 0x0101, 0x0101, 0x0101, 0x0101, 0x0101, 0x0101, 0x0101, 0x0101,
    0x0101, 0x0101, 0x0101, 0x0101, 0x0101, 0x0102, 0x0201, 0x0101, 0x0101, 0x0102, 0x0201, 0x0101,
    0x0201, 0x0202, 0x0202, 0x0102, 0x0101, 0x0102, 0x0201, 0x0101, 0x0201, 0x0202, 0x0202, 0x0102,
    0x0101, 0x0102, 0x0201, 0x0101, 0x0101, 0x0102, 0x0201, 0x0101, 0x0101, 0x0101, 0x0101, 0x0101,
    0x0101, 0x0201, 0x0102, 0x0101, 0x0101, 0x0202, 0x0202, 0x0102, 0x0201, 0x0101, 0x0101, 0x0101,
    0x0101, 0x0202, 0x0202, 0x0101, 0x0101, 0x0101, 0x0101, 0x0102, 0x0201, 0x0202, 0x0202, 0x0101,
    0x0101, 0x0201, 0x0102, 0x0101, 0x0101, 0x0101, 0x0101, 0x0101, 0x0101, 0x0101, 0x0101, 0x0101,
    0x0201, 0x0102, 0x0101, 0x0102, 0x0201, 0x0102, 0x0201, 0x0101, 0x0101, 0x0101, 0x0102, 0x0101,
    0x0101, 0x0201, 0x0101, 0x0101, 0x0101, 0x0102, 0x0201, 0x0102, 0x0201, 0x0101, 0x0201, 0x0102,
    0x0101, 0x0101, 0x0101, 0x0101, 0x0101, 0x0202, 0x0101, 0x0101, 0x0201, 0x0101, 0x0102, 0x0101,
    0x0101, 0x0202, 0x0101, 0x0101, 0x0201, 0x0201, 0x0201, 0x0102, 0x0102, 0x0101, 0x0102, 0x0101,
    0x0102, 0x0101, 0x0102, 0x0101, 0x0201, 0x0202, 0x0201, 0x0102, 0x0101, 0x0101, 0x0101, 0x0101,
    0x0101, 0x0201, 0x0101, 0x0101, 0x0101, 0x0201, 0x0101, 0x0101, 0x0101, 0x0102, 0x0101, 0x0101,
    0x0101, 0x0101, 0x0101, 0x0101, 0x0101, 0x0101, 0x0101, 0x0101, 0x0101, 0x0101, 0x0101, 0x0101,
    0x0101, 0x0101, 0x0101, 0x0101, 0x0101, 0x0101, 0x0101, 0x0101, 0x0101, 0x0201, 0x0101, 0x0101,
    0x0101, 0x0102, 0x0101, 0x0101, 0x0201, 0x0101, 0x0101, 0x0101, 0x0201, 0x0101, 0x0101, 0x0101,
    0x0201, 0x0101, 0x0101, 0x0101, 0x0101, 0x0102, 0x0101, 0x0101, 0x0101, 0x0201, 0x0101, 0x0101,
    0x0101, 0x0101, 0x0101, 0x0101, 0x0101, 0x0102, 0x0101, 0x0101, 0x0101, 0x0201, 0x0101, 0x0101,
    0x0101, 0x0101, 0x0102, 0x0101, 0x0101, 0x0101, 0x0102, 0x0101, 0x0101, 0x0101, 0x0102, 0x0101,
    0x0101, 0x0201, 0x0101, 0x0101, 0x0101, 0x0102, 0x0101, 0x0101, 0x0101, 0x0101, 0x0101, 0x0101,
    0x0101, 0x0101, 0x0101, 0x0101, 0x0201, 0x0101, 0x0201, 0x0101, 0x0101, 0x0202, 0x0102, 0x0101,
    0x0202, 0x0202, 0x0202, 0x0102, 0x0101, 0x0202, 0x0102, 0x0101, 0x0201, 0x0101, 0x0201, 0x0101,
    0x0101, 0x0101, 0x0101, 0x0101, 0x0101, 0x0101, 0x0101, 0x0101, 0x0101, 0x0101, 0x0101, 0x0101,
    0x0101, 0x0201, 0x0101, 0x0101, 0x0101, 0x0201, 0x0101, 0x0101, 0x0201, 0x0202, 0x0202, 0x0101,
    0x0101, 0x0201, 0x0101, 0x0101, 0x0101, 0x0201, 0x0101, 0x0101, 0x0101, 0x0101, 0x0101, 0x0101,
    0x0101, 0x0101, 0x0101, 0x0101, 0x0101, 0x0101, 0x0101, 0x0101, 0x0101, 0x0101, 0x0101, 0x0101,
    0x0101, 0x0101, 0x0101, 0x0101, 0x0101, 0x0101, 0x0101, 0x0101, 0x0101, 0x0101, 0x0101, 0x0101,
    0x0101, 0x0201, 0x0101, 0x0101, 0x0101, 0x0201, 0x0101, 0x0101, 0x0101, 0x0102, 0x0101, 0x0101,
    0x0101, 0x0101, 0x0101, 0x0101, 0x0101, 0x0101, 0x0101, 0x0101, 0x0101, 0x0101, 0x0101, 0x0101,
    0x0201, 0x0202, 0x0202, 0x0102, 0x0101, 0x0101, 0x0101, 0x0101, 0x0101, 0x0101, 0x0101, 0x0101,
    0x0101, 0x0101, 0x0101, 0x0101, 0x0101, 0x0101, 0x0101, 0x0101, 0x0101, 0x0101, 0x0101, 0x0101,
    0x0101, 0x0101, 0x0101, 0x0101, 0x0101, 0x0101, 0x0101, 0x0101, 0x0101, 0x0101, 0x0101, 0x0101,
    0x0101, 0x0101, 0x0101, 0x0101, 0x0101, 0x0201, 0x0101, 0x0101, 0x0101, 0x0201, 0x0101, 0x0101,
    0x0101, 0x0101, 0x0101, 0x0101, 0x0102, 0x0101, 0x0101, 0x0201, 0x0101, 0x0101, 0x0101, 0x0101,
    0x0101, 0x0101, 0x0101, 0x0101, 0x0101, 0x0101, 0x0101, 0x0101, 0x0101, 0x0101, 0x0101, 0x0101,
    0x0101, 0x0101, 0x0101, 0x0101, 0x0101, 0x0101, 0x0101, 0x0101, 0x0101, 0x0101, 0x0101, 0x0101,
    0x0101, 0x0202, 0x0202, 0x0101, 0x0201, 0x0101, 0x0101, 0x0102, 0x0201, 0x0101, 0x0101, 0x0102,
    0x0201, 0x0201, 0x0102, 0x0102, 0x0201, 0x0101, 0x0101, 0x0102, 0x0201, 0x0101, 0x0101, 0x0102,
    0x0101, 0x0202, 0x0202, 0x0101, 0x0101, 0x0101, 0x0101, 0x0101, 0x0101, 0x0201, 0x0101, 0x0101,
    0x0101, 0x0202, 0x0101, 0x0101, 0x0201, 0x0201, 0x0101, 0x0101, 0x0101, 0x0201, 0x0101, 0x0101,
    0x0101, 0x0201, 0x0101, 0x0101, 0x0101, 0x0201, 0x0101, 0x0101, 0x0201, 0x0202, 0x0202, 0x0101,
    0x0101, 0x0101, 0x0101, 0x0101, 0x0101, 0x0202, 0x0202, 0x0101, 0x0201, 0x0101, 0x0101, 0x0102,
    0x0101, 0x0101, 0x0101, 0x0102, 0x0101, 0x0101, 0x0202, 0x0101, 0x0101, 0x0202, 0x0101, 0x0101,
    0x0201, 0x0101, 0x0101, 0x0102, 0x0201, 0x0202, 0x0202, 0x0102, 0x0101, 0x0101, 0x0101, 0x0101,
    0x0101, 0x0202, 0x0202, 0x0101, 0x0201, 0x0101, 0x0101, 0x0102, 0x0101, 0x0101, 0x0101, 0x0102,
    0x0101, 0x0201, 0x0202, 0x0101, 0x0101, 0x0101, 0x0101, 0x0102, 0x0201, 0x0101, 0x0101, 0x0102,
    0x0101, 0x0202, 0x0202, 0x0101, 0x0101, 0x0101, 0x0101, 0x0101, 0x0101, 0x0101, 0x0102, 0x0101,
    0x0101, 0x0201, 0x0102, 0x0101, 0x0101, 0x0102, 0x0102, 0x0101, 0x0201, 0x0101, 0x0102, 0x0101,
    0x0202, 0x0202, 0x0202, 0x0102, 0x0101, 0x0101, 0x0102, 0x0101, 0x0101, 0x0201, 0x0202, 0x0101,
    0x0101, 0x0101, 0x0101, 0x0101, 0x0201, 0x0202, 0x0202, 0x0102, 0x0201, 0x0101, 0x0101, 0x0101,
    0x0201, 0x0202, 0x0202, 0x0101, 0x0101, 0x0101, 0x0101, 0x0102, 0x0101, 0x0101, 0x0101, 0x0102,
    0x0201, 0x0101, 0x0101, 0x0102, 0x0101, 0x0202, 0x0202, 0x0101, 0x0101, 0x0101, 0x0101, 0x0101,
    0x0101, 0x0201, 0x0202, 0x0101, 0x0101, 0x0102, 0x0101, 0x0101, 0x0201, 0x0101, 0x0101, 0x0101,
    0x0201, 0x0202, 0x0202, 0x0101, 0x0201, 0x0101, 0x0101, 0x0102, 0x0201, 0x0101, 0x0101, 0x0102,
    0x0101, 0x0202, 0x0202, 0x0101, 0x0101, 0x0101, 0x0101, 0x0101, 0x0201, 0x0202, 0x0202, 0x0102,
    0x0201, 0x0101, 0x0101, 0x0102, 0x0101, 0x0101, 0x0201, 0x0101, 0x0101, 0x0101, 0x0102, 0x0101,
    0x0101, 0x0201, 0x0101, 0x0101, 0x0101, 0x0201, 0x0101, 0x0101, 0x0101, 0x0201, 0x0101, 0x0101,
    0x0101, 0x0101, 0x0101, 0x0101, 0x0101, 0x0202, 0x0202, 0x0101, 0x0201, 0x0101, 0x0101, 0x0102,
    0x0201, 0x0101, 0x0101, 0x0102, 0x0101, 0x0202, 0x0202, 0x0101, 0x0201, 0x0101, 0x0101, 0x0102,
    0x0201, 0x0101, 0x0101, 0x0102, 0x0101, 0x0202, 0x0202, 0x0101, 0x0101, 0x0101, 0x0101, 0x0101,
    0x0101, 0x0202, 0x0202, 0x0101, 0x0201, 0x0101, 0x0101, 0x0102, 0x0201, 0x0101, 0x0101, 0x0102,
    0x0101, 0x0202, 0x0202, 0x0102, 0x0101, 0x0101, 0x0101, 0x0102, 0x0101, 0x0101, 0x0201, 0x0101,
    0x0101, 0x0202, 0x0102, 0x0101, 0x0101, 0x0101, 0x0101, 0x0101, 0x0101, 0x0101, 0x0101, 0x0101,
    0x0101, 0x0201, 0x0101, 0x0101, 0x0101, 0x0201, 0x0101, 0x0101, 0x0101, 0x0101, 0x0101, 0x0101,
    0x0101, 0x0101, 0x0101, 0x0101, 0x0101, 0x0201, 0x0101, 0x0101, 0x0101, 0x0201, 0x0101, 0x0101,
    0x0101, 0x0101, 0x0101, 0x0101, 0x0101, 0x0101, 0x0101, 0x0101, 0x0101, 0x0101, 0x0101, 0x0101,
    0x0102, 0x0101, 0x0101, 0x0201, 0x0101, 0x0101, 0x0101, 0x0101, 0x0101, 0x0101, 0x0101, 0x0101,
    0x0101, 0x0101, 0x0101, 0x0101, 0x0101, 0x0101, 0x0101, 0x0101, 0x0101, 0x0101, 0x0101, 0x0101,
    0x0202, 0x0101, 0x0101, 0x0201, 0x0101, 0x0101, 0x0101, 0x0101, 0x0101, 0x0101, 0x0101, 0x0101,
    0x0101, 0x0101, 0x0101, 0x0101, 0x0101, 0x0101, 0x0101, 0x0101, 0x0101, 0x0101, 0x0101, 0x0101,
    0x0101, 0x0101, 0x0101, 0x0101, 0x0101, 0x0101, 0x0101, 0x0101, 0x0101, 0x0101, 0x0101, 0x0101,
    0x0202, 0x0101, 0x0101, 0x0201, 0x0101, 0x0101, 0x0101, 0x0101, 0x0101, 0x0101, 0x0101, 0x0101,
    0x0101, 0x0101, 0x0101, 0x0101, 0x0101, 0x0101, 0x0101, 0x0101, 0x0101, 0x0101, 0x0101, 0x0101,
    0x0101, 0x0101, 0x0101, 0x0101, 0x0101, 0x0101, 0x0101, 0x0101, 0x0101, 0x0101, 0x0101, 0x0101,
    0x0202, 0x0101, 0x0101, 0x0201, 0x0101, 0x0101, 0x0101, 0x0101, 0x0101, 0x0101, 0x0101, 0x0101,
    0x0101, 0x0101, 0x0101, 0x0101, 0x0101, 0x0101, 0x0101, 0x0101, 0x0101, 0x0101, 0x0101, 0x0101,
    0x0101, 0x0202, 0x0202, 0x0101, 0x0201, 0x0101, 0x0101, 0x0102, 0x0101, 0x0101, 0x0101, 0x0102,
    0x0101, 0x0101, 0x0201, 0x0101, 0x0101, 0x0101, 0x0102, 0x0101, 0x0101, 0x0101, 0x0101, 0x0101,
    0x0101, 0x0101, 0x0102, 0x0101, 0x0101, 0x0101, 0x0101, 0x0101, 0x0101, 0x0202, 0x0202, 0x0101,
    0x0201, 0x0101, 0x0101, 0x0102, 0x0201, 0x0201, 0x0202, 0x0102, 0x0201, 0x0201, 0x0101, 0x0102,
    0x0201, 0x0201, 0x0202, 0x0102, 0x0201, 0x0101, 0x0101, 0x0101, 0x0101, 0x0202, 0x0202, 0x0101,
    0x0101, 0x0101, 0x0101, 0x0101, 0x0101, 0x0201, 0x0102, 0x0101, 0x0101, 0x0102, 0x0201, 0x0101,
    0x0201, 0x0101, 0x0101, 0x0102, 0x0201, 0x0101, 0x0101, 0x0102, 0x0201, 0x0202, 0x0202, 0x0102,
    0x0201, 0x0101, 0x0101, 0x0102, 0x0201, 0x0101, 0x0101, 0x0102, 0x0101, 0x0101, 0x0101, 0x0101,
    0x0201, 0x0202, 0x0202, 0x0101, 0x0101, 0x0102, 0x0101, 0x0102, 0x0101, 0x0102, 0x0101, 0x0102,
    0x0101, 0x0202, 0x0202, 0x0101, 0x0101, 0x0102, 0x0101, 0x0102, 0x0101, 0x0102, 0x0101, 0x0102,
    0x0201, 0x0202, 0x0202, 0x0101, 0x0101, 0x0101, 0x0101, 0x0101, 0x0101, 0x0201, 0x0202, 0x0101,
    0x0101, 0x0102, 0x0101, 0x0102, 0x0201, 0x0101, 0x0101, 0x0101, 0x0201, 0x0101, 0x0101, 0x0101,
    0x0201, 0x0101, 0x0101, 0x0101, 0x0101, 0x0102, 0x0101, 0x0102, 0x0101, 0x0201, 0x0202, 0x0101,
    0x0101, 0x0101, 0x0101, 0x0101, 0x0201, 0x0202, 0x0102, 0x0101, 0x0101, 0x0102, 0x0201, 0x0101,
    0x0101, 0x0102, 0x0101, 0x0102, 0x0101, 0x0102, 0x0101, 0x0102, 0x0101, 0x0102, 0x0101, 0x0102,
    0x0101, 0x0102, 0x0201, 0x0101, 0x0201, 0x0202, 0x0102, 0x0101, 0x0101, 0x0101, 0x0101, 0x0101,
    0x0201, 0x0202, 0x0202, 0x0102, 0x0101, 0x0102, 0x0101, 0x0102, 0x0101, 0x0102, 0x0102, 0x0101,
    0x0101, 0x0202, 0x0102, 0x0101, 0x0101, 0x0102, 0x0102, 0x0101, 0x0101, 0x0102, 0x0101, 0x0102,
    0x0201, 0x0202, 0x0202, 0x0102, 0x0101, 0x0101, 0x0101, 0x0101, 0x0201, 0x0202, 0x0202, 0x0102,
    0x0101, 0x0102, 0x0101, 0x0102, 0x0101, 0x0102, 0x0102, 0x0101, 0x0101, 0x0202, 0x0102, 0x0101,
    0x0101, 0x0102, 0x0102, 0x0101, 0x0101, 0x0102, 0x0101, 0x0101, 0x0201, 0x0202, 0x0101, 0x0101,
    0x0101, 0x0101, 0x0101, 0x0101, 0x0101, 0x0201, 0x0202, 0x0101, 0x0101, 0x0102, 0x0101, 0x0102,
    0x0201, 0x0101, 0x0101, 0x0101, 0x0201, 0x0101, 0x0101, 0x0101, 0x0201, 0x0101, 0x0202, 0x0102,
    0x0101, 0x0102, 0x0101, 0x0102, 0x0101, 0x0201, 0x0202, 0x0102, 0x0101, 0x0101, 0x0101, 0x0101,
    0x0201, 0x0101, 0x0101, 0x0102, 0x0201, 0x0101, 0x0101, 0x0102, 0x0201, 0x0101, 0x0101, 0x0102,
    0x0201, 0x0202, 0x0202, 0x0102, 0x0201, 0x0101, 0x0101, 0x0102, 0x0201, 0x0101, 0x0101, 0x0102,
    0x0201, 0x0101, 0x0101, 0x0102, 0x0101, 0x0101, 0x0101, 0x0101, 0x0101, 0x0202, 0x0102, 0x0101,
    0x0101, 0x0201, 0x0101, 0x0101, 0x0101, 0x0201, 0x0101, 0x0101, 0x0101, 0x0201, 0x0101, 0x0101,
    0x0101, 0x0201, 0x0101, 0x0101, 0x0101, 0x0201, 0x0101, 0x0101, 0x0101, 0x0202, 0x0102, 0x0101,
    0x0101, 0x0101, 0x0101, 0x0101, 0x0101, 0x0101, 0x0202, 0x0102, 0x0101, 0x0101, 0x0201, 0x0101,
    0x0101, 0x0101, 0x0201, 0x0101, 0x0101, 0x0101, 0x0201, 0x0101, 0x0201, 0x0101, 0x0201, 0x0101,
    0x0201, 0x0101, 0x0201, 0x0101, 0x0101, 0x0202, 0x0102, 0x0101, 0x0101, 0x0101, 0x0101, 0x0101,
    0x0201, 0x0102, 0x0101, 0x0102, 0x0101, 0x0102, 0x0201, 0x0101, 0x0101, 0x0102, 0x0102, 0x0101,
    0x0101, 0x0202, 0x0101, 0x0101, 0x0101, 0x0102, 0x0102, 0x0101, 0x0101, 0x0102, 0x0201, 0x0101,
    0x0201, 0x0102, 0x0101, 0x0202, 0x0101, 0x0101, 0x0101, 0x0101, 0x0201, 0x0202, 0x0101, 0x0101,
    0x0101, 0x0102, 0x0101, 0x0101, 0x0101, 0x0102, 0x0101, 0x0101, 0x0101, 0x0102, 0x0101, 0x0101,
    0x0101, 0x0102, 0x0101, 0x0101, 0x0101, 0x0102, 0x0101, 0x0102, 0x0201, 0x0202, 0x0202, 0x0102,
    0x0101, 0x0101, 0x0101, 0x0101, 0x0201, 0x0102, 0x0101, 0x0202, 0x0201, 0x0201, 0x0201, 0x0201,
    0x0201, 0x0101, 0x0102, 0x0201, 0x0201, 0x0101, 0x0101, 0x0201, 0x0201, 0x0101, 0x0101, 0x0201,
    0x0201, 0x0101, 0x0101, 0x0201, 0x0201, 0x0101, 0x0101, 0x0201, 0x0101, 0x0101, 0x0101, 0x0101,
    0x0201, 0x0102, 0x0101, 0x0102, 0x0201, 0x0201, 0x0101, 0x0102, 0x0201, 0x0101, 0x0102, 0x0102,
    0x0201, 0x0101, 0x0201, 0x0102, 0x0201, 0x0101, 0x0101, 0x0102, 0x0201, 0x0101, 0x0101, 0x0102,
    0x0201, 0x0101, 0x0101, 0x0102, 0x0101, 0x0101, 0x0101, 0x0101, 0x0101, 0x0202, 0x0202, 0x0101,
    0x0201, 0x0101, 0x0101, 0x0102, 0x0201, 0x0101, 0x0101, 0x0102, 0x0201, 0x0101, 0x0101, 0x0102,
    0x0201, 0x0101, 0x0101, 0x0102, 0x0201, 0x0101, 0x0101, 0x0102, 0x0101, 0x0202, 0x0202, 0x0101,
    0x0101, 0x0101, 0x0101, 0x0101, 0x0201, 0x0202, 0x0202, 0x0101, 0x0101, 0x0102, 0x0101, 0x0102,
    0x0101, 0x0102, 0x0101, 0x0102, 0x0101, 0x0202, 0x0202, 0x0101, 0x0101, 0x0102, 0x0101, 0x0101,
    0x0101, 0x0102, 0x0101, 0x0101, 0x0201, 0x0202, 0x0101, 0x0101, 0x0101, 0x0101, 0x0101, 0x0101,
    0x0101, 0x0202, 0x0202, 0x0101, 0x0201, 0x0101, 0x0101, 0x0102, 0x0201, 0x0101, 0x0101, 0x0102,
    0x0201, 0x0101, 0x0101, 0x0102, 0x0201, 0x0101, 0x0102, 0x0102, 0x0101, 0x0202, 0x0202, 0x0101,
    0x0101, 0x0101, 0x0101, 0x0202, 0x0101, 0x0101, 0x0101, 0x0101, 0x0201, 0x0202, 0x0202, 0x0101,
    0x0101, 0x0102, 0x0101, 0x0102, 0x0101, 0x0102, 0x0101, 0x0102, 0x0101, 0x0202, 0x0202, 0x0101,
    0x0101, 0x0102, 0x0102, 0x0101, 0x0101, 0x0102, 0x0201, 0x0101, 0x0201, 0x0202, 0x0101, 0x0102,
    0x0101, 0x0101, 0x0101, 0x0101, 0x0101, 0x0202, 0x0202, 0x0101, 0x0201, 0x0101, 0x0101, 0x0102,
    0x0201, 0x0101, 0x0101, 0x0101, 0x0101, 0x0202, 0x0202, 0x0101, 0x0101, 0x0101, 0x0101, 0x0102,
    0x0201, 0x0101, 0x0101, 0x0102, 0x0101, 0x0202, 0x0202, 0x0101, 0x0101, 0x0101, 0x0101, 0x0101,
    0x0201, 0x0202, 0x0202, 0x0202, 0x0201, 0x0101, 0x0102, 0x0201, 0x0101, 0x0101, 0x0102, 0x0101,
    0x0101, 0x0101, 0x0102, 0x0101, 0x0101, 0x0101, 0x0102, 0x0101, 0x0101, 0x0101, 0x0102, 0x0101,
    0x0101, 0x0201, 0x0202, 0x0101, 0x0101, 0x0101, 0x0101, 0x0101, 0x0201, 0x0101, 0x0101, 0x0102,
    0x0201, 0x0101, 0x0101, 0x0102, 0x0201, 0x0101, 0x0101, 0x0102, 0x0201, 0x0101, 0x0101, 0x0102,
    0x0201, 0x0101, 0x0101, 0x0102, 0x0201, 0x0101, 0x0101, 0x0102, 0x0101, 0x0202, 0x0202, 0x0101,
    0x0101, 0x0101, 0x0101, 0x0101, 0x0201, 0x0101, 0x0101, 0x0201, 0x0201, 0x0101, 0x0101, 0x0201,
    0x0201, 0x0101, 0x0101, 0x0201, 0x0201, 0x0101, 0x0101, 0x0201, 0x0101, 0x0102, 0x0101, 0x0102,
    0x0101, 0x0201, 0x0201, 0x0101, 0x0101, 0x0101, 0x0102, 0x0101, 0x0101, 0x0101, 0x0101, 0x0101,
    0x0201, 0x0101, 0x0101, 0x0201, 0x0201, 0x0101, 0x0101, 0x0201, 0x0201, 0x0101, 0x0101, 0x0201,
    0x0201, 0x0101, 0x0102, 0x0201, 0x0201, 0x0101, 0x0102, 0x0201, 0x0201, 0x0101, 0x0102, 0x0201,
    0x0101, 0x0202, 0x0201, 0x0102, 0x0101, 0x0101, 0x0101, 0x0101, 0x0201, 0x0101, 0x0101, 0x0201,
    0x0101, 0x0102, 0x0101, 0x0102, 0x0101, 0x0201, 0x0201, 0x0101, 0x0101, 0x0101, 0x0102, 0x0101,
    0x0101, 0x0201, 0x0201, 0x0101, 0x0101, 0x0102, 0x0101, 0x0102, 0x0201, 0x0101, 0x0101, 0x0201,
    0x0101, 0x0101, 0x0101, 0x0101, 0x0201, 0x0101, 0x0101, 0x0201, 0x0101, 0x0102, 0x0101, 0x0102,
    0x0101, 0x0201, 0x0201, 0x0101, 0x0101, 0x0101, 0x0102, 0x0101, 0x0101, 0x0101, 0x0102, 0x0101,
    0x0101, 0x0101, 0x0102, 0x0101, 0x0101, 0x0201, 0x0202, 0x0101, 0x0101, 0x0101, 0x0101, 0x0101,
    0x0201, 0x0202, 0x0202, 0x0202, 0x0201, 0x0101, 0x0101, 0x0102, 0x0101, 0x0101, 0x0201, 0x0101,
    0x0101, 0x0101, 0x0102, 0x0101, 0x0101, 0x0201, 0x0101, 0x0101, 0x0101, 0x0102, 0x0101, 0x0201,
    0x0201, 0x0202, 0x0202, 0x0202, 0x0101, 0x0101, 0x0101, 0x0101, 0x0101, 0x0101, 0x0101, 0x0101,
    0x0101, 0x0101, 0x0101, 0x0101, 0x0101, 0x0101, 0x0101, 0x0101, 0x0202, 0x0101, 0x0101, 0x0201,
    0x0101, 0x0101, 0x0101, 0x0101, 0x0101, 0x0101, 0x0101, 0x0101, 0x0101, 0x0101, 0x0101, 0x0101,
    0x0101, 0x0101, 0x0101, 0x0101, 0x0202, 0x0102, 0x0101, 0x0201, 0x0101, 0x0101, 0x0101, 0x0101,
    0x0101, 0x0101, 0x0101, 0x0101, 0x0101, 0x0101, 0x0101, 0x0101, 0x0101, 0x0101, 0x0101, 0x0101,
    0x0101, 0x0101, 0x0101, 0x0101, 0x0101, 0x0101, 0x0101, 0x0101, 0x0101, 0x0101, 0x0101, 0x0101,
    0x0101, 0x0101, 0x0101, 0x0101, 0x0202, 0x0102, 0x0101, 0x0201, 0x0101, 0x0101, 0x0101, 0x0101,
    0x0101, 0x0101, 0x0101, 0x0101, 0x0101, 0x0101, 0x0101, 0x0101, 0x0101, 0x0101, 0x0101, 0x0101,
    0x0101, 0x0101, 0x0101, 0x0101, 0x0101, 0x0101, 0x0101, 0x0101, 0x0101, 0x0101, 0x0101, 0x0101,
    0x0101, 0x0101, 0x0101, 0x0101, 0x0202, 0x0102, 0x0101, 0x0201, 0x0101, 0x0101, 0x0101, 0x0101,
    0x0101, 0x0101, 0x0101, 0x0101, 0x0101, 0x0101, 0x0101, 0x0101, 0x0101, 0x0101, 0x0101, 0x0101,
    0x0101, 0x0101, 0x0101, 0x0101, 0x0101, 0x0101, 0x0101, 0x0101, 0x0101, 0x0101, 0x0101, 0x0101,
    0x0101, 0x0101, 0x0101, 0x0101, 0x0101, 0x0101, 0x0101, 0x0101, 0x0101, 0x0101, 0x0101, 0x0101,
    0x0101, 0x0101, 0x0101, 0x0101, 0x0101, 0x0101, 0x0101, 0x0101, 0x0201, 0x0202, 0x0202, 0x0102,
    0x0101, 0x0101, 0x0101, 0x0101, 0x0102, 0x0101, 0x0101, 0x0201, 0x0101, 0x0101, 0x0101, 0x0101,
    0x0101, 0x0101, 0x0101, 0x0101, 0x0101, 0x0101, 0x0101, 0x0101, 0x0101, 0x0101, 0x0101, 0x0101,
    0x0101, 0x0101, 0x0101, 0x0101, 0x0101, 0x0101, 0x0101, 0x0101, 0x0101, 0x0101, 0x0101, 0x0101,
    0x0101, 0x0101, 0x0101, 0x0101, 0x0101, 0x0201, 0x0202, 0x0101, 0x0101, 0x0101, 0x0101, 0x0102,
    0x0101, 0x0201, 0x0202, 0x0102, 0x0101, 0x0102, 0x0101, 0x0102, 0x0101, 0x0201, 0x0202, 0x0102,
    0x0101, 0x0101, 0x0101, 0x0101, 0x0101, 0x0101, 0x0101, 0x0101, 0x0101, 0x0102, 0x0101, 0x0101,
    0x0101, 0x0102, 0x0101, 0x0101, 0x0101, 0x0202, 0x0202, 0x0101, 0x0101, 0x0102, 0x0101, 0x0102,
    0x0101, 0x0102, 0x0101, 0x0102, 0x0101, 0x0202, 0x0202, 0x0101, 0x0101, 0x0101, 0x0101, 0x0101,
    0x0101, 0x0101, 0x0101, 0x0101, 0x0101, 0x0101, 0x0101, 0x0101, 0x0101, 0x0201, 0x0202, 0x0101,
    0x0101, 0x0102, 0x0101, 0x0102, 0x0101, 0x0102, 0x0101, 0x0101, 0x0101, 0x0102, 0x0101, 0x0102,
    0x0101, 0x0201, 0x0202, 0x0101, 0x0101, 0x0101, 0x0101, 0x0101, 0x0101, 0x0101, 0x0101, 0x0101,
    0x0101, 0x0101, 0x0101, 0x0102, 0x0101, 0x0101, 0x0101, 0x0102, 0x0101, 0x0201, 0x0202, 0x0102,
    0x0101, 0x0102, 0x0101, 0x0102, 0x0101, 0x0102, 0x0101, 0x0102, 0x0101, 0x0201, 0x0202, 0x0102,
    0x0101, 0x0101, 0x0101, 0x0101, 0x0101, 0x0101, 0x0101, 0x0101, 0x0101, 0x0101, 0x0101, 0x0101,
    0x0101, 0x0201, 0x0202, 0x0101, 0x0101, 0x0102, 0x0101, 0x0102, 0x0101, 0x0202, 0x0202, 0x0101,
    0x0101, 0x0102, 0x0101, 0x0101, 0x0101, 0x0201, 0x0202, 0x0102, 0x0101, 0x0101, 0x0101, 0x0101,
    0x0101, 0x0101, 0x0101, 0x0101, 0x0101, 0x0101, 0x0202, 0x0101, 0x0101, 0x0201, 0x0101, 0x0101,
    0x0101, 0x0202, 0x0202, 0x0101, 0x0101, 0x0201, 0x0101, 0x0101, 0x0101, 0x0201, 0x0101, 0x0101,
    0x0101, 0x0201, 0x0101, 0x0101, 0x0101, 0x0101, 0x0101, 0x0101, 0x0101, 0x0101, 0x0101, 0x0101,
    0x0101, 0x0101, 0x0101, 0x0101, 0x0101, 0x0201, 0x0202, 0x0102, 0x0101, 0x0102, 0x0101, 0x0102,
    0x0101, 0x0102, 0x0101, 0x0102, 0x0101, 0x0201, 0x0202, 0x0102, 0x0101, 0x0101, 0x0101, 0x0102,
    0x0101, 0x0201, 0x0202, 0x0101, 0x0101, 0x0101, 0x0101, 0x0101, 0x0101, 0x0102, 0x0101, 0x0101,
    0x0101, 0x0102, 0x0101, 0x0101, 0x0101, 0x0202, 0x0202, 0x0101, 0x0101, 0x0102, 0x0101, 0x0102,
    0x0101, 0x0102, 0x0101, 0x0102, 0x0101, 0x0102, 0x0101, 0x0102, 0x0101, 0x0101, 0x0101, 0x0101,
    0x0101, 0x0101, 0x0101, 0x0101, 0x0101, 0x0101, 0x0101, 0x0101, 0x0101, 0x0201, 0x0101, 0x0101,
    0x0101, 0x0101, 0x0101, 0x0101, 0x0101, 0x0201, 0x0101, 0x0101, 0x0101, 0x0201, 0x0101, 0x0101,
    0x0101, 0x0201, 0x0101, 0x0101, 0x0101, 0x0101, 0x0101, 0x0101, 0x0101, 0x0101, 0x0101, 0x0101,
    0x0101, 0x0101, 0x0101, 0x0101, 0x0101, 0x0101, 0x0101, 0x0102, 0x0101, 0x0101, 0x0101, 0x0101,
    0x0101, 0x0101, 0x0101, 0x0102, 0x0101, 0x0101, 0x0101, 0x0102, 0x0101, 0x0101, 0x0101, 0x0102,
    0x0101, 0x0201, 0x0202, 0x0101, 0x0101, 0x0101, 0x0101, 0x0101, 0x0101, 0x0102, 0x0101, 0x0101,
    0x0101, 0x0102, 0x0201, 0x0101, 0x0101, 0x0102, 0x0102, 0x0101, 0x0101, 0x0202, 0x0201, 0x0101,
    0x0101, 0x0102, 0x0101, 0x0102, 0x0101, 0x0102, 0x0101, 0x0102, 0x0101, 0x0101, 0x0101, 0x0101,
    0x0101, 0x0101, 0x0101, 0x0101, 0x0101, 0x0102, 0x0101, 0x0101, 0x0101, 0x0102, 0x0101, 0x0101,
    0x0101, 0x0102, 0x0101, 0x0101, 0x0101, 0x0102, 0x0101, 0x0101, 0x0101, 0x0102, 0x0101, 0x0101,
    0x0101, 0x0201, 0x0101, 0x0101, 0x0101, 0x0101, 0x0101, 0x0101, 0x0101, 0x0101, 0x0101, 0x0101,
    0x0101, 0x0101, 0x0101, 0x0101, 0x0101, 0x0202, 0x0201, 0x0101, 0x0101, 0x0102, 0x0102, 0x0102,
    0x0101, 0x0102, 0x0102, 0x0102, 0x0101, 0x0102, 0x0102, 0x0102, 0x0101, 0x0102, 0x0102, 0x0102,
    0x0101, 0x0101, 0x0101, 0x0101, 0x0101, 0x0101, 0x0101, 0x0101, 0x0101, 0x0101, 0x0101, 0x0101,
    0x0101, 0x0202, 0x0202, 0x0101, 0x0101, 0x0102, 0x0101, 0x0102, 0x0101, 0x0102, 0x0101, 0x0102,
    0x0101, 0x0102, 0x0101, 0x0102, 0x0101, 0x0102, 0x0101, 0x0102, 0x0101, 0x0101, 0x0101, 0x0101,
    0x0101, 0x0101, 0x0101, 0x0101, 0x0101, 0x0101, 0x0101, 0x0101, 0x0101, 0x0201, 0x0202, 0x0101,
    0x0101, 0x0102, 0x0101, 0x0102, 0x0101, 0x0102, 0x0101, 0x0102, 0x0101, 0x0102, 0x0101, 0x0102,
    0x0101, 0x0201, 0x0202, 0x0101, 0x0101, 0x0101, 0x0101, 0x0101, 0x0101, 0x0101, 0x0101, 0x0101,
    0x0101, 0x0101, 0x0101, 0x0101, 0x0101, 0x0202, 0x0202, 0x0101, 0x0101, 0x0102, 0x0101, 0x0102,
    0x0101, 0x0102, 0x0101, 0x0102, 0x0101, 0x0202, 0x0202, 0x0101, 0x0101, 0x0102, 0x0101, 0x0101,
    0x0101, 0x0102, 0x0101, 0x0101, 0x0101, 0x0101, 0x0101, 0x0101, 0x0101, 0x0101, 0x0101, 0x0101,
    0x0101, 0x0201, 0x0202, 0x0102, 0x0101, 0x0102, 0x0101, 0x0102, 0x0101, 0x0102, 0x0101, 0x0102,
    0x0101, 0x0201, 0x0202, 0x0102, 0x0101, 0x0101, 0x0101, 0x0102, 0x0101, 0x0101, 0x0101, 0x0102,
    0x0101, 0x0101, 0x0101, 0x0101, 0x0101, 0x0101, 0x0101, 0x0101, 0x0101, 0x0102, 0x0202, 0x0101,
    0x0101, 0x0202, 0x0101, 0x0102, 0x0101, 0x0102, 0x0101, 0x0101, 0x0101, 0x0102, 0x0101, 0x0101,
    0x0101, 0x0102, 0x0101, 0x0101, 0x0101, 0x0101, 0x0101, 0x0101, 0x0101, 0x0101, 0x0101, 0x0101,
    0x0101, 0x0101, 0x0101, 0x0101, 0x0101, 0x0201, 0x0202, 0x0102, 0x0101, 0x0102, 0x0101, 0x0101,
    0x0101, 0x0201, 0x0202, 0x0101, 0x0101, 0x0101, 0x0101, 0x0102, 0x0101, 0x0202, 0x0202, 0x0101,
    0x0101, 0x0101, 0x0101, 0x0101, 0x0101, 0x0101, 0x0101, 0x0101, 0x0101, 0x0201, 0x0101, 0x0101,
    0x0101, 0x0201, 0x0101, 0x0101, 0x0101, 0x0202, 0x0102, 0x0101, 0x0101, 0x0201, 0x0101, 0x0101,
    0x0101, 0x0201, 0x0101, 0x0101, 0x0101, 0x0101, 0x0202, 0x0101, 0x0101, 0x0101, 0x0101, 0x0101,
    0x0101, 0x0101, 0x0101, 0x0101, 0x0101, 0x0101, 0x0101, 0x0101, 0x0101, 0x0102, 0x0101, 0x0102,
    0x0101, 0x0102, 0x0101, 0x0102, 0x0101, 0x0102, 0x0101, 0x0102, 0x0101, 0x0102, 0x0101, 0x0102,
    0x0101, 0x0201, 0x0202, 0x0101, 0x0101, 0x0101, 0x0101, 0x0101, 0x0101, 0x0101, 0x0101, 0x0101,
    0x0101, 0x0101, 0x0101, 0x0101, 0x0101, 0x0102, 0x0101, 0x0102, 0x0101, 0x0102, 0x0101, 0x0102,
    0x0101, 0x0201, 0x0201, 0x0101, 0x0101, 0x0201, 0x0201, 0x0101, 0x0101, 0x0101, 0x0102, 0x0101,
    0x0101, 0x0101, 0x0101, 0x0101, 0x0101, 0x0101, 0x0101, 0x0101, 0x0101, 0x0101, 0x0101, 0x0101,
    0x0101, 0x0102, 0x0101, 0x0102, 0x0101, 0x0102, 0x0101, 0x0102, 0x0101, 0x0102, 0x0102, 0x0102,
    0x0101, 0x0102, 0x0102, 0x0102, 0x0101, 0x0201, 0x0201, 0x0101, 0x0101, 0x0101, 0x0101, 0x0101,
    0x0101, 0x0101, 0x0101, 0x0101, 0x0101, 0x0101, 0x0101, 0x0101, 0x0101, 0x0102, 0x0101, 0x0102,
    0x0101, 0x0201, 0x0201, 0x0101, 0x0101, 0x0101, 0x0102, 0x0101, 0x0101, 0x0201, 0x0201, 0x0101,
    0x0101, 0x0102, 0x0101, 0x0102, 0x0101, 0x0101, 0x0101, 0x0101, 0x0101, 0x0101, 0x0101, 0x0101,
    0x0101, 0x0101, 0x0101, 0x0101, 0x0101, 0x0102, 0x0101, 0x0102, 0x0101, 0x0102, 0x0101, 0x0102,
    0x0101, 0x0102, 0x0101, 0x0102, 0x0101, 0x0201, 0x0202, 0x0102, 0x0101, 0x0101, 0x0101, 0x0102,
    0x0101, 0x0201, 0x0202, 0x0101, 0x0101, 0x0101, 0x0101, 0x0101, 0x0101, 0x0101, 0x0101, 0x0101,
    0x0101, 0x0201, 0x0202, 0x0202, 0x0101, 0x0101, 0x0101, 0x0102, 0x0101, 0x0101, 0x0201, 0x0101,
    0x0101, 0x0101, 0x0102, 0x0101, 0x0101, 0x0201, 0x0202, 0x0202, 0x0101, 0x0101, 0x0101, 0x0101,
    0x0101, 0x0101, 0x0101, 0x0101, 0x0101, 0x0101, 0x0101, 0x0101, 0x0101, 0x0101, 0x0101, 0x0101,
    0x0202, 0x0102, 0x0101, 0x0201, 0x0101, 0x0101, 0x0101, 0x0101, 0x0101, 0x0101, 0x0101, 0x0101,
    0x0101, 0x0101, 0x0101, 0x0101, 0x0101, 0x0101, 0x0101, 0x0101, 0x0202, 0x0202, 0x0101, 0x0201,
    0x0101, 0x0101, 0x0101, 0x0101, 0x0101, 0x0101, 0x0101, 0x0101, 0x0101, 0x0101, 0x0101, 0x0101,
    0x0101, 0x0101, 0x0101, 0x0101, 0x0101, 0x0101, 0x0101, 0x0101, 0x0101, 0x0101, 0x0101, 0x0101,
    0x0101, 0x0101, 0x0101, 0x0101, 0x0101, 0x0101, 0x0101, 0x0101, 0x0202, 0x0202, 0x0101, 0x0201,
    0x0101, 0x0101, 0x0101, 0x0101, 0x0101, 0x0101, 0x0101, 0x0101, 0x0101, 0x0101, 0x0101, 0x0101,
    0x0101, 0x0101, 0x0101, 0x0101, 0x0101, 0x0101, 0x0101, 0x0101, 0x0101, 0x0101, 0x0101, 0x0101,
    0x0101, 0x0101, 0x0101, 0x0101, 0x0101, 0x0101, 0x0101, 0x0101, 0x0202, 0x0202, 0x0101, 0x0201,
    0x0101, 0x0101, 0x0101, 0x0101, 0x0101, 0x0101, 0x0101, 0x0101, 0x0101, 0x0101, 0x0101, 0x0101,
    0x0101, 0x0101, 0x0101, 0x0101, 0x0101, 0x0101, 0x0101, 0x0101, 0x0101, 0x0101, 0x0101, 0x0101,
    0x0101, 0x0101, 0x0101, 0x0101, 0x0101, 0x0101, 0x0101, 0x0101, 0x0202, 0x0202, 0x0101, 0x0201,
    0x0101, 0x0101, 0x0101, 0x0101, 0x0101, 0x0101, 0x0101, 0x0101, 0x0101, 0x0101, 0x0101, 0x0101,
    0x0101, 0x0101, 0x0101, 0x0101, 0x0202, 0x0202, 0x0102, 0x0201, 0x0101, 0x0101, 0x0101, 0x0101,
    0x0101, 0x0101, 0x0101, 0x0101, 0x0101, 0x0101, 0x0101, 0x0101, 0x0101, 0x0101, 0x0101, 0x0101,
    0x0101, 0x0101, 0x0101, 0x0101, 0x0101, 0x0101, 0x0101, 0x0101, 0x0101, 0x0101, 0x0101, 0x0101,
    0x0101, 0x0101, 0x0101, 0x0101, 0x0202, 0x0202, 0x0102, 0x0201, 0x0101, 0x0101, 0x0101, 0x0101,
    0x0101, 0x0101, 0x0101, 0x0101, 0x0101, 0x0101, 0x0101, 0x0101, 0x0101, 0x0101, 0x0101, 0x0101,
    0x0101, 0x0101, 0x0101, 0x0101, 0x0101, 0x0101, 0x0101, 0x0101, 0x0101, 0x0101, 0x0101, 0x0101,
    0x0101, 0x0101, 0x0101, 0x0101, 0x0202, 0x0202, 0x0102, 0x0201, 0x0101, 0x0101, 0x0101, 0x0101,
    0x0101, 0x0101, 0x0101, 0x0101, 0x0101, 0x0101, 0x0101, 0x0101, 0x0101, 0x0101, 0x0101, 0x0101,
    0x0101, 0x0101, 0x0101, 0x0101, 0x0101, 0x0101, 0x0101, 0x0101, 0x0101, 0x0101, 0x0101, 0x0101,
    0x0101, 0x0101, 0x0101, 0x0101, 0x0202, 0x0202, 0x0102, 0x0201, 0x0101, 0x0101, 0x0101, 0x0101,
    0x0101, 0x0101, 0x0101, 0x0101, 0x0101, 0x0101, 0x0101, 0x0101, 0x0101, 0x0101, 0x0101, 0x0101,
    0x0202, 0x0202, 0x0202, 0x0201, 0x0101, 0x0101, 0x0101, 0x0101, 0x0101, 0x0101, 0x0101, 0x0101,
    0x0101, 0x0101, 0x0101, 0x0101, 0x0101, 0x0101, 0x0101, 0x0101, 0x0101, 0x0101, 0x0101, 0x0101,
    0x0101, 0x0101, 0x0101, 0x0101, 0x0101, 0x0101, 0x0101, 0x0101, 0x0101, 0x0101, 0x0101, 0x0101,
    0x0202, 0x0202, 0x0202, 0x0201, 0x0101, 0x0101, 0x0101, 0x0101, 0x0101, 0x0101, 0x0101, 0x0101,
    0x0101, 0x0101, 0x0101, 0x0101, 0x0101, 0x0101, 0x0101, 0x0101, 0x0101, 0x0101, 0x0101, 0x0101,
    0x0101, 0x0101, 0x0101, 0x0101, 0x0101, 0x0101, 0x0101, 0x0101, 0x0101, 0x0101, 0x0101, 0x0101,
    0x0202, 0x0202, 0x0202, 0x0201, 0x0101, 0x0101, 0x0101, 0x0101, 0x0101, 0x0101, 0x0101, 0x0101,
    0x0101, 0x0101, 0x0101, 0x0101, 0x0101, 0x0101, 0x0101, 0x0101, 0x0101, 0x0101, 0x0101, 0x0101,
    0x0101, 0x0101, 0x0101, 0x0101, 0x0101, 0x0101, 0x0101, 0x0101, 0x0101, 0x0101, 0x0101, 0x0101,
    0x0202, 0x0202, 0x0202, 0x0201, 0x0101, 0x0101, 0x0101, 0x0101, 0x0101, 0x0101, 0x0101, 0x0101,
    0x0101, 0x0101, 0x0101, 0x0101, 0x0101, 0x0101, 0x0101, 0x0101, 0x0102, 0x0101, 0x0101, 0x0201,
    0x0201, 0x0101, 0x0101, 0x0101, 0x0101, 0x0101, 0x0101, 0x0101, 0x0101, 0x0101, 0x0101, 0x0101,
    0x0101, 0x0101, 0x0101, 0x0101, 0x0101, 0x0101, 0x0101, 0x0101, 0x0101, 0x0101, 0x0101, 0x0101,
    0x0101, 0x0101, 0x0101, 0x0101, 0x0101, 0x0101, 0x0101, 0x0101, 0x0102, 0x0101, 0x0101, 0x0201,
    0x0201, 0x0101, 0x0101, 0x0101, 0x0101, 0x0101, 0x0101, 0x0101, 0x0101, 0x0101, 0x0101, 0x0101,
    0x0101, 0x0101, 0x0101, 0x0101, 0x0101, 0x0101, 0x0101, 0x0101, 0x0101, 0x0101, 0x0101, 0x0101,
    0x0101, 0x0101, 0x0101, 0x0101, 0x0101, 0x0101, 0x0101, 0x0101, 0x0102, 0x0101, 0x0101, 0x0201,
    0x0201, 0x0101, 0x0101, 0x0101, 0x0101, 0x0101, 0x0101, 0x0101, 0x0101, 0x0101, 0x0101, 0x0101,
    0x0101, 0x0101, 0x0101, 0x0101, 0x0101, 0x0101, 0x0101, 0x0101, 0x0101, 0x0101, 0x0101, 0x0101,
    0x0101, 0x0101, 0x0101, 0x0101, 0x0101, 0x0101, 0x0101, 0x0101, 0x0102, 0x0101, 0x0101, 0x0201,
    0x0201, 0x0101, 0x0101, 0x0101, 0x0101, 0x0101, 0x0101, 0x0101, 0x0101, 0x0101, 0x0101, 0x0101,
    0x0101, 0x0101, 0x0101, 0x0101, 0x0101, 0x0101, 0x0101, 0x0101, 0x0101, 0x0101, 0x0101, 0x0101,
    0x0101, 0x0101, 0x0101, 0x0101, 0x0101, 0x0101, 0x0101, 0x0101, 0x0102, 0x0101, 0x0101, 0x0201,
    0x0201, 0x0101, 0x0101, 0x0101, 0x0101, 0x0101, 0x0101, 0x0101, 0x0101, 0x0101, 0x0101, 0x0101,
    0x0101, 0x0101, 0x0101, 0x0101, 0x0101, 0x0101, 0x0101, 0x0101, 0x0101, 0x0101, 0x0101, 0x0101,
    0x0101, 0x0101, 0x0101, 0x0101, 0x0101, 0x0101, 0x0101, 0x0101, 0x0102, 0x0101, 0x0101, 0x0201,
    0x0201, 0x0101, 0x0101, 0x0101, 0x0101, 0x0101, 0x0101, 0x0101, 0x0101, 0x0101, 0x0101, 0x0101,
    0x0101, 0x0101, 0x0101, 0x0101, 0x0101, 0x0101, 0x0101, 0x0101, 0x0101, 0x0101, 0x0101, 0x0101,
    0x0101, 0x0101, 0x0101, 0x0101, 0x0101, 0x0101, 0x0101, 0x0101, 0x0102, 0x0101, 0x0101, 0x0201,
    0x0201, 0x0101, 0x0101, 0x0101, 0x0102, 0x0101, 0x0101, 0x0201, 0x0201, 0x0102, 0x0101, 0x0101,
    0x0101, 0x0101, 0x0101, 0x0101, 0x0101, 0x0101, 0x0101, 0x0101, 0x0101, 0x0101, 0x0101, 0x0101,
    0x0101, 0x0101, 0x0101, 0x0101, 0x0101, 0x0101, 0x0101, 0x0101, 0x0101, 0x0101, 0x0101, 0x0101,
    0x0101, 0x0101, 0x0101, 0x0101, 0x0102, 0x0101, 0x0101, 0x0201, 0x0201, 0x0102, 0x0101, 0x0101,
    0x0101, 0x0101, 0x0101, 0x0101, 0x0101, 0x0101, 0x0101, 0x0101, 0x0101, 0x0101, 0x0101, 0x0101,
    0x0101, 0x0101, 0x0101, 0x0101, 0x0101, 0x0101, 0x0101, 0x0101, 0x0101, 0x0101, 0x0101, 0x0101,
    0x0101, 0x0101, 0x0101, 0x0101, 0x0102, 0x0101, 0x0101, 0x0201, 0x0201, 0x0102, 0x0101, 0x0101,
    0x0101, 0x0101, 0x0101, 0x0101, 0x0101, 0x0101, 0x0101, 0x0101, 0x0101, 0x0101, 0x0101, 0x0101,
    0x0101, 0x0101, 0x0101, 0x0101, 0x0101, 0x0101, 0x0101, 0x0101, 0x0101, 0x0101, 0x0101, 0x0101,
    0x0101, 0x0101, 0x0101, 0x0101, 0x0102, 0x0101, 0x0101, 0x0201, 0x0201, 0x0102, 0x0101, 0x0101,
    0x0101, 0x0101, 0x0101, 0x0101, 0x0101, 0x0101, 0x0101, 0x0101, 0x0101, 0x0101, 0x0101, 0x0101,
    0x0101, 0x0101, 0x0101, 0x0101, 0x0101, 0x0101, 0x0101, 0x0101, 0x0101, 0x0101, 0x0101, 0x0101,
    0x0101, 0x0101, 0x0101, 0x0101, 0x0102, 0x0101, 0x0101, 0x0201, 0x0201, 0x0102, 0x0101, 0x0101,
    0x0101, 0x0101, 0x0101, 0x0101, 0x0101, 0x0101, 0x0101, 0x0101, 0x0101, 0x0101, 0x0101, 0x0101,
    0x0101, 0x0101, 0x0101, 0x0101, 0x0101, 0x0101, 0x0101, 0x0101, 0x0101, 0x0101, 0x0101, 0x0101,
    0x0101, 0x0101, 0x0101, 0x0101, 0x0102, 0x0101, 0x0101, 0x0101, 0x0201, 0x0102, 0x0101, 0x0201,
    0x0101, 0x0101, 0x0101, 0x0101, 0x0102, 0x0101, 0x0101, 0x0201, 0x0201, 0x0202, 0x0101, 0x0101,
    0x0101, 0x0101, 0x0101, 0x0101, 0x0101, 0x0101, 0x0101, 0x0101, 0x0101, 0x0101, 0x0101, 0x0101,
    0x0101, 0x0101, 0x0101, 0x0101, 0x0101, 0x0101, 0x0101, 0x0101, 0x0101, 0x0101, 0x0101, 0x0101,
    0x0101, 0x0101, 0x0101, 0x0101, 0x0102, 0x0101, 0x0101, 0x0201, 0x0201, 0x0202, 0x0101, 0x0101,
    0x0101, 0x0101, 0x0101, 0x0101, 0x0101, 0x0101, 0x0101, 0x0101, 0x0101, 0x0101, 0x0101, 0x0101,
    0x0101, 0x0101, 0x0101, 0x0101, 0x0101, 0x0101, 0x0101, 0x0101, 0x0101, 0x0101, 0x0101, 0x0101,
    0x0101, 0x0101, 0x0101, 0x0101, 0x0102, 0x0101, 0x0101, 0x0201, 0x0201, 0x0202, 0x0101, 0x0101,
    0x0101, 0x0101, 0x0101, 0x0101, 0x0101, 0x0101, 0x0101, 0x0101, 0x0101, 0x0101, 0x0101, 0x0101,
    0x0101, 0x0101, 0x0101, 0x0101, 0x0101, 0x0101, 0x0101, 0x0101, 0x0101, 0x0101, 0x0101, 0x0101,
    0x0101, 0x0101, 0x0101, 0x0101, 0x0102, 0x0101, 0x0101, 0x0201, 0x0201, 0x0202, 0x0101, 0x0101,
    0x0101, 0x0101, 0x0101, 0x0101, 0x0101, 0x0101, 0x0101, 0x0101, 0x0101, 0x0101, 0x0101, 0x0101,
    0x0101, 0x0101, 0x0101, 0x0101, 0x0101, 0x0101, 0x0101, 0x0101, 0x0101, 0x0101, 0x0101, 0x0101,
    0x0101, 0x0101, 0x0101, 0x0101, 0x0102, 0x0101, 0x0101, 0x0201, 0x0201, 0x0202, 0x0101, 0x0101,
    0x0101, 0x0101, 0x0101, 0x0101, 0x0101, 0x0101, 0x0101, 0x0101, 0x0101, 0x0101, 0x0101, 0x0101,
    0x0101, 0x0101, 0x0101, 0x0101, 0x0101, 0x0101, 0x0101, 0x0101, 0x0101, 0x0101, 0x0101, 0x0101,
    0x0101, 0x0101, 0x0101, 0x0101, 0x0102, 0x0101, 0x0101, 0x0201, 0x0201, 0x0202, 0x0101, 0x0101,
    0x0101, 0x0101, 0x0101, 0x0101, 0x0101, 0x0101, 0x0101, 0x0101, 0x0101, 0x0101, 0x0101, 0x0101,
    0x0101, 0x0101, 0x0101, 0x0101, 0x0101, 0x0101, 0x0101, 0x0101, 0x0101, 0x0101, 0x0101, 0x0101,
    0x0101, 0x0101, 0x0101, 0x0101, 0x0102, 0x0101, 0x0101, 0x0201, 0x0201, 0x0202, 0x0101, 0x0101,
    0x0102, 0x0101, 0x0101, 0x0201, 0x0201, 0x0202, 0x0102, 0x0101, 0x0101, 0x0101, 0x0101, 0x0101,
    0x0101, 0x0101, 0x0101, 0x0101, 0x0101, 0x0101, 0x0101, 0x0101, 0x0101, 0x0101, 0x0101, 0x0101,
    0x0101, 0x0101, 0x0101, 0x0101, 0x0101, 0x0101, 0x0101, 0x0101, 0x0101, 0x0101, 0x0101, 0x0101,
    0x0102, 0x0101, 0x0101, 0x0201, 0x0201, 0x0202, 0x0102, 0x0101, 0x0101, 0x0101, 0x0101, 0x0101,
    0x0101, 0x0101, 0x0101, 0x0101, 0x0101, 0x0101, 0x0101, 0x0101, 0x0101, 0x0101, 0x0101, 0x0101,
    0x0101, 0x0101, 0x0101, 0x0101, 0x0101, 0x0101, 0x0101, 0x0101, 0x0101, 0x0101, 0x0101, 0x0101,
    0x0102, 0x0101, 0x0101, 0x0201, 0x0201, 0x0202, 0x0102, 0x0101, 0x0101, 0x0101, 0x0101, 0x0101,
    0x0101, 0x0101, 0x0101, 0x0101, 0x0101, 0x0101, 0x0101, 0x0101, 0x0101, 0x0101, 0x0101, 0x0101,
    0x0101, 0x0101, 0x0101, 0x0101, 0x0101, 0x0101, 0x0101, 0x0101, 0x0101, 0x0101, 0x0101, 0x0101,
    0x0102, 0x0101, 0x0101, 0x0201, 0x0201, 0x0202, 0x0102, 0x0101, 0x0101, 0x0101, 0x0101, 0x0101,
    0x0101, 0x0101, 0x0101, 0x0101, 0x0101, 0x0101, 0x0101, 0x0101, 0x2626, 0x2726, 0x2727, 0x0027,
    0x2727, 0x270F, 0x2727, 0x2727, 0x0F27, 0x270F, 0x2727, 0x2727, 0x1127, 0x0000, 0x2700, 0x2727,
    0x1127, 0x0000, 0x0000, 0x2727, 0x0F11, 0x2727, 0x0000, 0x2700, 0x0F11, 0x2727, 0x0027, 0x0000,
    0x270F, 0x2727, 0x0027, 0x0000, 0x0000, 0x0000, 0x0000, 0x0000, 0x0000, 0x0000, 0x0000, 0x0000,
    0x2727, 0x0000, 0x0000, 0x0000, 0x2727, 0x0027, 0x0000, 0x0000, 0x2728, 0x2727, 0x0000, 0x0000,
    0x2728, 0x2727, 0x0000, 0x2700, 0x2728, 0x0027, 0x0000, 0x2700, 0x0028, 0x0000, 0x0000, 0x2700,
    0x0000, 0x0000, 0x0000, 0x0000, 0x0000, 0x0000, 0x0000, 0x0000, 0x0000, 0x0000, 0x0000, 0x0000,
    0x2700, 0x0027, 0x0000, 0x0000, 0x2727, 0x2727, 0x0000, 0x0000, 0x2727, 0x2727, 0x0000, 0x0000,
    0x2727, 0x0027, 0x0000, 0x0000, 0x2727, 0x0027, 0x0000, 0x0000, 0x0000, 0x0000, 0x0000, 0x0000,
    0x0000, 0x0000, 0x0000, 0x0000, 0x0000, 0x0000, 0x0000, 0x0000, 0x0000, 0x0000, 0x0000, 0x0000,
    0x0000, 0x0000, 0x0000, 0x0000, 0x0000, 0x0027, 0x0000, 0x0000, 0x2700, 0x2727, 0x0000, 0x0000,
    0x2727, 0x2727, 0x0000, 0x0000, 0x0000, 0x0000, 0x0000, 0x0000, 0x0000, 0x0000, 0x0000, 0x0000,
    0x0000, 0x0000, 0x0000, 0x0000, 0x2727, 0x0000, 0x0000, 0x0000, 0x2727, 0x0027, 0x0000, 0x0000,
    0x2727, 0x2727, 0x2700, 0x2827, 0x2727, 0x2727, 0x2727, 0x2827, 0x2727, 0x0027, 0x2727, 0x2827,
    0x0000, 0x0000, 0x0000, 0x2700, 0x0000, 0x0000, 0x0000, 0x2700, 0x0000, 0x0000, 0x0000, 0x2700,
    0x0000, 0x0000, 0x0000, 0x2700, 0x2700, 0x2727, 0x0000, 0x0000, 0x2727, 0x2727, 0x0027, 0x0000,
    0x2626, 0x2727, 0x0027, 0x0000, 0x2626, 0x2726, 0x0000, 0x2727, 0x2727, 0x2727, 0x0027, 0x0000,
    0x2727, 0x2727, 0x0000, 0x0000, 0x2827, 0x2828, 0x0000, 0x0000, 0x2828, 0x2828, 0x0028, 0x0000,
    0x2828, 0x2828, 0x2728, 0x0000, 0x2828, 0x2828, 0x2727, 0x0000, 0x2827, 0x2728, 0x0027, 0x0000,
    0x2827, 0x2828, 0x0027, 0x0000, 0x0000, 0x0000, 0x0000, 0x0000, 0x0000, 0x0000, 0x0000, 0x2828,
    0x2600, 0x2929, 0x2800, 0x2828, 0x2626, 0x2929, 0x2826, 0x2828, 0x2627, 0x2626, 0x2626, 0x2828,
    0x2727, 0x2626, 0x2626, 0x2727, 0x2727, 0x2627, 0x2726, 0x2727, 0x2700, 0x2727, 0x2700, 0x2727,
    0x0000, 0x0000, 0x0000, 0x0000, 0x2728, 0x2727, 0x0000, 0x0000, 0x2828, 0x2727, 0x0027, 0x0000,
    0x2828, 0x2727, 0x0027, 0x0000, 0x2728, 0x2727, 0x0000, 0x0000, 0x2727, 0x2727, 0x0027, 0x0000,
    0x2727, 0x2727, 0x0027, 0x0000, 0x2727, 0x2727, 0x0027, 0x0000, 0x0000, 0x0000, 0x2828, 0x0028,
    0x0000, 0x2800, 0x2828, 0x2828, 0x0000, 0x2828, 0x2828, 0x2828, 0x0000, 0x2800, 0x2828, 0x2828,
    0x0000, 0x2600, 0x2826, 0x2728, 0x0000, 0x2626, 0x2626, 0x2727, 0x0000, 0x2626, 0x0026, 0x2700,
    0x0000, 0x0000, 0x0000, 0x0000, 0x2628, 0x2926, 0x2929, 0x2628, 0x2628, 0x2929, 0x2929, 0x2829,
    0x2628, 0x2929, 0x2929, 0x2829, 0x2828, 0x2926, 0x2929, 0x2628, 0x2727, 0x2828, 0x2828, 0x2926,
    0x2727, 0x2827, 0x2828, 0x2926, 0x2727, 0x2727, 0x2828, 0x2626, 0x2727, 0x2727, 0x2626, 0x2626,
    0x2929, 0x2929, 0x2829, 0x2728, 0x2928, 0x2929, 0x2828, 0x2728, 0x2828, 0x2828, 0x2828, 0x2626,
    0x2929, 0x2728, 0x2628, 0x2626, 0x2929, 0x2729, 0x2628, 0x2626, 0x2929, 0x2729, 0x2827, 0x2626,
    0x2929, 0x2826, 0x0027, 0x2700, 0x2626, 0x2828, 0x0000, 0x2700, 0x2628, 0x2826, 0x2827, 0x2828,
    0x2926, 0x2629, 0x2827, 0x2828, 0x2929, 0x2929, 0x2827, 0x2828, 0x2929, 0x2929, 0x2828, 0x2828,
    0x2929, 0x2929, 0x2828, 0x2828, 0x2926, 0x2629, 0x2828, 0x0F28, 0x2626, 0x2626, 0x2826, 0x0F0F,
    0x2626, 0x2626, 0x2929, 0x0F29, 0x2926, 0x2929, 0x2828, 0x0028, 0x2929, 0x2929, 0x2829, 0x0028,
    0x2929, 0x2929, 0x2829, 0x0000, 0x2927, 0x2929, 0x0000, 0x0000, 0x2727, 0x0000, 0x2727, 0x0027,
    0x2727, 0x2828, 0x2727, 0x2727, 0x2827, 0x2626, 0x2929, 0x2729, 0x2628, 0x2926, 0x2929, 0x2929,
    0x0000, 0x2700, 0x0027, 0x0000, 0x0000, 0x2727, 0x2727, 0x0000, 0x0000, 0x2727, 0x2727, 0x0000,
    0x0000, 0x2727, 0x2727, 0x0000, 0x0000, 0x2700, 0x0027, 0x0000, 0x2727, 0x0027, 0x0000, 0x0000,
    0x2727, 0x2828, 0x2828, 0x2727, 0x2828, 0x2828, 0x2828, 0x2728, 0x0000, 0x2828, 0x2828, 0x0000,
    0x0000, 0x2800, 0x2728, 0x0000, 0x0000, 0x2727, 0x2626, 0x0027, 0x2700, 0x2627, 0x2626, 0x0026,
    0x2727, 0x2627, 0x2626, 0x0026, 0x2727, 0x2727, 0x2626, 0x0000, 0x2700, 0x0027, 0x0000, 0x0000,
    0x0000, 0x0000, 0x0000, 0x0000, 0x2827, 0x2828, 0x2927, 0x2629, 0x2727, 0x0028, 0x2727, 0x2628,
    0x2700, 0x0027, 0x2727, 0x2828, 0x0000, 0x2627, 0x2726, 0x2827, 0x2800, 0x2626, 0x2626, 0x2727,
    0x2800, 0x2626, 0x2626, 0x2728, 0x2827, 0x2628, 0x2826, 0x2728, 0x0F27, 0x2828, 0x2828, 0x2727,
    0x2926, 0x2829, 0x2828, 0x0F27, 0x2929, 0x2929, 0x2828, 0x0F0F, 0x2929, 0x2929, 0x2828, 0x280F,
    0x2929, 0x2629, 0x0F28, 0x280F, 0x2926, 0x2726, 0x0F27, 0x0F0F, 0x2626, 0x2728, 0x0F27, 0x0F0F,
    0x2826, 0x2727, 0x2727, 0x0F0F, 0x2828, 0x2727, 0x2727, 0x280F, 0x270F, 0x2827, 0x2628, 0x2826,
    0x2828, 0x2828, 0x2626, 0x2626, 0x2828, 0x2828, 0x2626, 0x2626, 0x2828, 0x2828, 0x2626, 0x2626,
    0x2828, 0x2828, 0x2628, 0x2626, 0x2827, 0x2828, 0x2828, 0x2626, 0x2828, 0x2626, 0x2826, 0x2628,
    0x2628, 0x2626, 0x2626, 0x2828, 0x2828, 0x2626, 0x2626, 0x2628, 0x2828, 0x2626, 0x2626, 0x2828,
    0x2826, 0x2628, 0x2826, 0x2828, 0x2626, 0x2929, 0x2629, 0x2826, 0x2926, 0x2929, 0x2929, 0x2626,
    0x2926, 0x2929, 0x2929, 0x2626, 0x2626, 0x2929, 0x2629, 0x2626, 0x2626, 0x2626, 0x2828, 0x2628,
    0x2726, 0x2727, 0x2727, 0x0027, 0x2828, 0x2728, 0x2727, 0x2727, 0x2828, 0x2828, 0x2727, 0x2727,
    0x2828, 0x2828, 0x2727, 0x0027, 0x2826, 0x2728, 0x2727, 0x0000, 0x2626, 0x2828, 0x2828, 0x2700,
    0x2626, 0x2828, 0x2828, 0x2626, 0x2826, 0x2828, 0x2628, 0x2626, 0x0000, 0x2727, 0x2727, 0x2727,
    0x0000, 0x2700, 0x2727, 0x0027, 0x0000, 0x0000, 0x0000, 0x0000, 0x0000, 0x0000, 0x0000, 0x0000,
    0x0000, 0x0000, 0x0000, 0x2800, 0x0000, 0x0000, 0x0000, 0x2828, 0x0000, 0x0000, 0x0000, 0x2828,
    0x0000, 0x0000, 0x0000, 0x2800, 0x0000, 0x2626, 0x0F26, 0x000F, 0x2600, 0x2626, 0x2626, 0x000F,
    0x2600, 0x2626, 0x2626, 0x000F, 0x0000, 0x2626, 0x2626, 0x0F0F, 0x0028, 0x2600, 0x0F26, 0x0F0F,
    0x2828, 0x0F00, 0x110F, 0x0F1B, 0x2828, 0x0F00, 0x110F, 0x0F11, 0x0028, 0x0F00, 0x110F, 0x1B1B,
    0x0000, 0x2600, 0x2626, 0x2626, 0x2700, 0x2727, 0x2626, 0x0026, 0x2727, 0x2727, 0x0027, 0x0000,
    0x2727, 0x2727, 0x0027, 0x0F00, 0x2727, 0x2727, 0x0000, 0x0F0F, 0x2727, 0x0027, 0x0F00, 0x000F,
    0x0027, 0x0000, 0x0F11, 0x0000, 0x0011, 0x0000, 0x0F11, 0x0000, 0x0000, 0x0000, 0x0000, 0x2700,
    0x0000, 0x0000, 0x0000, 0x2727, 0x0000, 0x2600, 0x2626, 0x2700, 0x0000, 0x2626, 0x2626, 0x0026,
    0x0000, 0x2600, 0x2626, 0x0000, 0x0000, 0x0000, 0x0000, 0x0000, 0x0000, 0x0000, 0x0000, 0x0000,
    0x0000, 0x0000, 0x0000, 0x0000, 0x2828, 0x2727, 0x2727, 0x2727, 0x2727, 0x2627, 0x2726, 0x2627,
    0x2700, 0x2626, 0x2626, 0x2927, 0x0000, 0x2626, 0x2626, 0x2627, 0x0000, 0x2628, 0x2826, 0x2627,
    0x2700, 0x2828, 0x2828, 0x2700, 0x2700, 0x2827, 0x2728, 0x0027, 0x0000, 0x2727, 0x2727, 0x2727,
    0x0000, 0x2727, 0x0027, 0x0000, 0x2700, 0x2727, 0x2727, 0x0000, 0x2727, 0x2727, 0x2727, 0x0027,
    0x2727, 0x2727, 0x2727, 0x0000, 0x2727, 0x2827, 0x0028, 0x0000, 0x2627, 0x2826, 0x2828, 0x0000,
    0x2626, 0x2626, 0x2828, 0x0000, 0x2626, 0x2626, 0x2828, 0x0000, 0x2828, 0x2728, 0x2727, 0x2727,
    0x2826, 0x0028, 0x2727, 0x2700, 0x2826, 0x0027, 0x0000, 0x2700, 0x2728, 0x0000, 0x0000, 0x2700,
    0x0027, 0x0000, 0x0000, 0x2800, 0x0027, 0x0000, 0x0000, 0x2828, 0x0000, 0x0000, 0x0000, 0x2828,
    0x0000, 0x0000, 0x0000, 0x2800, 0x2827, 0x2929, 0x2828, 0x2928, 0x2828, 0x2828, 0x2827, 0x2828,
    0x2828, 0x2728, 0x2727, 0x2828, 0x2827, 0x2728, 0x2626, 0x2827, 0x2728, 0x2628, 0x2626, 0x2826,
    0x2828, 0x2628, 0x2626, 0x2626, 0x2828, 0x2628, 0x2626, 0x2626, 0x2828, 0x2828, 0x2626, 0x0026,
    0x2929, 0x2626, 0x2826, 0x0F28, 0x2829, 0x2628, 0x2626, 0x280F, 0x2828, 0x2626, 0x2626, 0x2826,
    0x2828, 0x2626, 0x2626, 0x0F26, 0x270F, 0x2628, 0x2626, 0x0F26, 0x0F0F, 0x0F27, 0x2626, 0x0F0F,
    0x0F0F, 0x0F0F, 0x0F0F, 0x0F0F, 0x0F0F, 0x0F0F, 0x0F0F, 0x0F0F, 0x2727, 0x2828, 0x0F28, 0x2727,
    0x2727, 0x2827, 0x270F, 0x2727, 0x2727, 0x0F0F, 0x2727, 0x2727, 0x0F27, 0x270F, 0x2727, 0x2727,
    0x0F0F, 0x2727, 0x2727, 0x2727, 0x270F, 0x2727, 0x2727, 0x2727, 0x2727, 0x2727, 0x2827, 0x2728,
    0x2727, 0x2727, 0x2828, 0x2828, 0x2827, 0x2628, 0x2626, 0x2626, 0x2827, 0x2828, 0x2626, 0x2726,
    0x2727, 0x2828, 0x2828, 0x2828, 0x2727, 0x2827, 0x2626, 0x2828, 0x2827, 0x2628, 0x2626, 0x2826,
    0x2828, 0x2828, 0x2626, 0x2828, 0x2828, 0x2828, 0x2828, 0x2828, 0x2828, 0x2828, 0x2727, 0x2727,
    0x0000, 0x2600, 0x2626, 0x2826, 0x0000, 0x0000, 0x2626, 0x2727, 0x0000, 0x2700, 0x2727, 0x2727,
    0x0000, 0x2727, 0x2727, 0x0027, 0x0000, 0x2727, 0x2727, 0x2828, 0x0000, 0x2828, 0x2827, 0x2828,
    0x2800, 0x2828, 0x2828, 0x2929, 0x2600, 0x2626, 0x2928, 0x2929, 0x2827, 0x2828, 0x0000, 0x2700,
    0x2828, 0x2828, 0x0028, 0x0000, 0x2828, 0x2828, 0x2728, 0x0000, 0x2827, 0x2828, 0x2728, 0x0027,
    0x2700, 0x2828, 0x2727, 0x0027, 0x0028, 0x2700, 0x2727, 0x0027, 0x2826, 0x2727, 0x2727, 0x0000,
    0x2629, 0x2728, 0x0027, 0x2727, 0x2727, 0x0027, 0x2727, 0x0000, 0x2727, 0x2700, 0x2727, 0x0027,
    0x0000, 0x2700, 0x2727, 0x0027, 0x2800, 0x2728, 0x2727, 0x0000, 0x2828, 0x2828, 0x2727, 0x0000,
    0x2828, 0x2828, 0x2728, 0x0027, 0x2827, 0x2828, 0x2728, 0x0027, 0x2700, 0x2828, 0x2727, 0x0027,
    0x2727, 0x2727, 0x0000, 0x0000, 0x2727, 0x0027, 0x0000, 0x0000, 0x0000, 0x0000, 0x0000, 0x0000,
    0x0000, 0x0000, 0x0000, 0x0000, 0x0000, 0x0000, 0x0000, 0x0000, 0x0000, 0x0000, 0x0000, 0x0000,
    0x0000, 0x0000, 0x0000, 0x0000, 0x0000, 0x0000, 0x0000, 0x0000, 0x2727, 0x2727, 0x2828, 0x2727,
    0x2727, 0x2827, 0x2828, 0x2728, 0x2727, 0x2827, 0x2828, 0x2728, 0x2700, 0x2827, 0x2828, 0x2828,
    0x0000, 0x2800, 0x2828, 0x2828, 0x0000, 0x2727, 0x2828, 0x2828, 0x0000, 0x2727, 0x2827, 0x2728,
    0x0000, 0x2700, 0x2727, 0x2727, 0x2626, 0x0026, 0x2700, 0x2828, 0x2626, 0x0028, 0x2827, 0x2628,
    0x2828, 0x2727, 0x2827, 0x2628, 0x2727, 0x2727, 0x2800, 0x2828, 0x2827, 0x0028, 0x0000, 0x2828,
    0x2626, 0x2826, 0x2727, 0x0000, 0x2626, 0x2626, 0x2727, 0x0027, 0x2626, 0x2626, 0x2828, 0x0027,
    0x2626, 0x2826, 0x0028, 0x0000, 0x2626, 0x2626, 0x2828, 0x0000, 0x2626, 0x2626, 0x2828, 0x0027,
    0x2626, 0x2826, 0x2728, 0x0027, 0x2827, 0x2828, 0x2728, 0x0000, 0x2727, 0x2828, 0x0000, 0x0000,
    0x2700, 0x0027, 0x0000, 0x0000, 0x0000, 0x0000, 0x0000, 0x0000, 0x0000, 0x0000, 0x0000, 0x2727,
    0x0000, 0x2727, 0x0027, 0x0000, 0x2700, 0x2727, 0x2727, 0x0000, 0x0000, 0x2727, 0x0027, 0x0000,
    0x0000, 0x0000, 0x0000, 0x0000, 0x0000, 0x0000, 0x0000, 0x0000, 0x0000, 0x0000, 0x0000, 0x0000,
    0x0000, 0x0000, 0x0000, 0x0000, 0x2827, 0x2828, 0x0027, 0x0000, 0x2828, 0x2828, 0x0028, 0x0000,
    0x2828, 0x2828, 0x0028, 0x0000, 0x2800, 0x2828, 0x0000, 0x0000, 0x0000, 0x0000, 0x0000, 0x0000,
    0x0000, 0x0000, 0x0000, 0x0000, 0x0000, 0x0000, 0x0000, 0x0000, 0x0000, 0x0000, 0x0000, 0x0000,
    0x0000, 0x0000, 0x0000, 0x2700, 0x0000, 0x0000, 0x0000, 0x2727, 0x0000, 0x0000, 0x2626, 0x2700,
    0x0000, 0x2600, 0x2626, 0x0026, 0x0000, 0x0000, 0x2626, 0x0000, 0x0000, 0x0000, 0x0000, 0x0000,
    0x0000, 0x0000, 0x0000, 0x0000, 0x0000, 0x0000, 0x0000, 0x0000, 0x2828, 0x2627, 0x2626, 0x2626,
    0x2828, 0x2727, 0x2626, 0x2726, 0x0F28, 0x2727, 0x2727, 0x2827, 0x0F28, 0x2711, 0x2727, 0x2828,
    0x2828, 0x110F, 0x2727, 0x2828, 0x2826, 0x0F0F, 0x2727, 0x2828, 0x2826, 0x280F, 0x2728, 0x2827,
    0x2828, 0x2828, 0x2828, 0x2728, 0x0F27, 0x2828, 0x0028, 0x2800, 0x0F27, 0x280F, 0x2728, 0x2827,
    0x2828, 0x2828, 0x2727, 0x2827, 0x2828, 0x2828, 0x2728, 0x2727, 0x2828, 0x2828, 0x2728, 0x2727,
    0x2828, 0x2828, 0x270F, 0x2727, 0x2728, 0x0F0F, 0x270F, 0x2727, 0x2727, 0x2827, 0x0F28, 0x2727,
    0x2628, 0x2926, 0x2929, 0x2929, 0x2828, 0x2926, 0x2929, 0x2929, 0x2828, 0x2828, 0x2929, 0x2729,
    0x2828, 0x2828, 0x2828, 0x2728, 0x2727, 0x2827, 0x2828, 0x2628, 0x2727, 0x280F, 0x2828, 0x2628,
    0x0F27, 0x2727, 0x2828, 0x2727, 0x270F, 0x2727, 0x2727, 0x2727, 0x2628, 0x2926, 0x2929, 0x2929,
    0x2828, 0x2626, 0x2929, 0x2629, 0x2828, 0x2828, 0x2626, 0x2826, 0x2626, 0x2828, 0x2828, 0x2828,
    0x2626, 0x2826, 0x2828, 0x2628, 0x2626, 0x2826, 0x2828, 0x2626, 0x2626, 0x2828, 0x2828, 0x2626,
    0x2828, 0x2628, 0x2826, 0x2626, 0x2628, 0x2626, 0x2828, 0x2728, 0x2626, 0x2626, 0x2826, 0x2828,
    0x2626, 0x2929, 0x2626, 0x2828, 0x2928, 0x2929, 0x2629, 0x2828, 0x2926, 0x2929, 0x2829, 0x2828,
    0x2626, 0x2929, 0x2828, 0x2728, 0x2626, 0x2828, 0x2828, 0x2728, 0x2626, 0x2828, 0x2828, 0x2727,
    0x0000, 0x0000, 0x2828, 0x0028, 0x0000, 0x2800, 0x2828, 0x2828, 0x0000, 0x2828, 0x2828, 0x2828,
    0x0000, 0x2800, 0x2828, 0x2828, 0x0000, 0x2626, 0x2826, 0x2728, 0x2600, 0x2626, 0x2626, 0x2727,
    0x0000, 0x2626, 0x0026, 0x2700, 0x0000, 0x0000, 0x0000, 0x0000, 0x0F28, 0x270F, 0x2727, 0x2827,
    0x2727, 0x270F, 0x2727, 0x2829, 0x2727, 0x0F0F, 0x2927, 0x2929, 0x2727, 0x0F27, 0x2926, 0x2929,
    0x2727, 0x2627, 0x2926, 0x2929, 0x2727, 0x2627, 0x2626, 0x2829, 0x2727, 0x2628, 0x2626, 0x280F,
    0x2827, 0x2828, 0x2626, 0x0F0F, 0x2626, 0x2728, 0x2727, 0x2827, 0x2626, 0x2828, 0x2728, 0x2627,
    0x2826, 0x2828, 0x2828, 0x2626, 0x2826, 0x2828, 0x2828, 0x2626, 0x2626, 0x2828, 0x2828, 0x2626,
    0x2626, 0x2828, 0x2828, 0x2628, 0x2726, 0x2828, 0x2828, 0x2828, 0x2727, 0x2727, 0x2628, 0x2926,
    0x2628, 0x2626, 0x2626, 0x2628, 0x2826, 0x2626, 0x2826, 0x2628, 0x2626, 0x2828, 0x2828, 0x2628,
    0x2626, 0x2828, 0x2828, 0x2828, 0x2626, 0x2828, 0x2628, 0x2626, 0x2826, 0x2828, 0x2626, 0x2626,
    0x2828, 0x2628, 0x2626, 0x2626, 0x2929, 0x2626, 0x2626, 0x2626, 0x2626, 0x2826, 0x2828, 0x2828,
    0x2626, 0x2826, 0x2828, 0x2928, 0x2626, 0x2826, 0x2828, 0x2929, 0x2926, 0x2929, 0x2828, 0x2929,
    0x2929, 0x2929, 0x2629, 0x2928, 0x2926, 0x2929, 0x2626, 0x2726, 0x2626, 0x2626, 0x2626, 0x2726,
    0x2626, 0x2626, 0x2626, 0x2727, 0x2828, 0x2828, 0x2628, 0x2626, 0x2929, 0x2826, 0x270F, 0x2626,
    0x2929, 0x2629, 0x2727, 0x2727, 0x2929, 0x2629, 0x2927, 0x2729, 0x2929, 0x2826, 0x2929, 0x2929,
    0x2828, 0x2828, 0x2929, 0x2929, 0x270F, 0x2828, 0x2929, 0x2929, 0x280F, 0x2728, 0x2927, 0x2629,
    0x2827, 0x2728, 0x0027, 0x2727, 0x2727, 0x2727, 0x0027, 0x2727, 0x2727, 0x2727, 0x2727, 0x2727,
    0x2727, 0x2727, 0x2727, 0x2727, 0x2727, 0x2727, 0x2626, 0x2726, 0x2727, 0x2600, 0x2626, 0x2626,
    0x0027, 0x2600, 0x2626, 0x2626, 0x0027, 0x2828, 0x2626, 0x0026, 0x0000, 0x0000, 0x110F, 0x1B1B,
    0x0000, 0x0000, 0x110F, 0x1B10, 0x2700, 0x0027, 0x0F00, 0x1110, 0x2727, 0x2727, 0x0F00, 0x0F0F,
    0x2700, 0x2727, 0x0000, 0x0F0F, 0x0000, 0x0027, 0x0000, 0x0F0F, 0x0000, 0x0000, 0x0000, 0x0F00,
    0x0000, 0x0000, 0x0000, 0x0F00, 0x111B, 0x1100, 0x000F, 0x0000, 0x0F1B, 0x0F0F, 0x000F, 0x0000,
    0x1111, 0x0F0F, 0x000F, 0x0000, 0x1110, 0x0F0F, 0x0000, 0x0000, 0x1111, 0x0F0F, 0x0000, 0x0000,
    0x1111, 0x0F11, 0x0000, 0x0000, 0x0F0F, 0x0F11, 0x0000, 0x0000, 0x0F0F, 0x0F11, 0x0000, 0x0000,
    0x0000, 0x0000, 0x0000, 0x0000, 0x0000, 0x0000, 0x0000, 0x2727, 0x0000, 0x0000, 0x2700, 0x2727,
    0x0000, 0x2800, 0x2728, 0x2727, 0x0000, 0x2628, 0x2626, 0x2726, 0x2800, 0x2626, 0x2626, 0x2626,
    0x2800, 0x2626, 0x2626, 0x2626, 0x2700, 0x2628, 0x2626, 0x2726, 0x0000, 0x2727, 0x2627, 0x2726,
    0x0027, 0x2800, 0x2626, 0x2626, 0x2727, 0x2828, 0x2628, 0x2826, 0x2827, 0x2626, 0x2828, 0x2828,
    0x2627, 0x2626, 0x2826, 0x2728, 0x2627, 0x2626, 0x0026, 0x2727, 0x2727, 0x2626, 0x0000, 0x2727,
    0x2727, 0x2727, 0x0000, 0x2827, 0x270F, 0x2727, 0x0000, 0x0000, 0x270F, 0x0000, 0x0000, 0x2727,
    0x2627, 0x2626, 0x2700, 0x2727, 0x2626, 0x2626, 0x2726, 0x2727, 0x2626, 0x2626, 0x2726, 0x2727,
    0x2628, 0x2626, 0x2728, 0x2727, 0x2828, 0x2828, 0x2727, 0x2727, 0x2828, 0x0027, 0x2700, 0x0027,
    0x0000, 0x0000, 0x2727, 0x0027, 0x0000, 0x2700, 0x2727, 0x0027, 0x0000, 0x2700, 0x2727, 0x0027,
    0x0000, 0x0000, 0x2727, 0x0000, 0x0000, 0x0000, 0x0000, 0x0000, 0x0000, 0x0000, 0x0000, 0x0000,
    0x0000, 0x0000, 0x0000, 0x0000, 0x0000, 0x0000, 0x0000, 0x0000, 0x2828, 0x2727, 0x2727, 0x2727,
    0x2727, 0x2627, 0x2726, 0x2627, 0x2700, 0x2626, 0x2626, 0x2627, 0x0000, 0x2626, 0x2626, 0x2827,
    0x0000, 0x2628, 0x2826, 0x2727, 0x2700, 0x2828, 0x2828, 0x2700, 0x2700, 0x2827, 0x2728, 0x0027,
    0x0000, 0x2727, 0x2727, 0x2727, 0x2626, 0x0F0F, 0x0F0F, 0x270F, 0x2626, 0x0F26, 0x0F0F, 0x270F,
    0x2626, 0x2826, 0x0F0F, 0x270F, 0x2626, 0x2828, 0x0F28, 0x270F, 0x2828, 0x2828, 0x0F28, 0x270F,
    0x2827, 0x2828, 0x0F0F, 0x270F, 0x0000, 0x0F00, 0x0F0F, 0x000F, 0x0000, 0x0F27, 0x0F0F, 0x000F,
    0x2727, 0x2627, 0x2626, 0x2626, 0x2727, 0x2627, 0x2626, 0x2626, 0x2727, 0x2627, 0x2626, 0x2826,
    0x2700, 0x2727, 0x2626, 0x2828, 0x0027, 0x2727, 0x2827, 0x2728, 0x0027, 0x2727, 0x2727, 0x2727,
    0x0000, 0x2727, 0x2626, 0x2726, 0x0000, 0x2600, 0x2626, 0x2626, 0x2A2A, 0x2A2A, 0x2A2A, 0x2A2A,
    0x2A2A, 0x2A2A, 0x2A2A, 0x2A2A, 0x2A2A, 0x122A, 0x2A12, 0x2A2A, 0x2A2A, 0x122A, 0x2A12, 0x2A2A,
    0x122A, 0x2A2A, 0x2A2A, 0x2A2A, 0x2A2A, 0x2A2A, 0x2A2A, 0x2A2A, 0x2A2A, 0x2A2A, 0x2A2A, 0x2A2A,
    0x2A2A, 0x2A2A, 0x0C2A, 0x2A0C, 0x0000, 0x0000, 0x0000, 0x0000, 0x0000, 0x0000, 0x0000, 0x2C00,
    0x0000, 0x0000, 0x0000, 0x2C2C, 0x0000, 0x0000, 0x2C00, 0x2C2C, 0x0000, 0x0000, 0x2C2C, 0x2C2C,
    0x0000, 0x2C00, 0x2C2C, 0x2B2C, 0x0000, 0x2C2C, 0x2C2C, 0x002C, 0x2B00, 0x2C2B, 0x2C2C, 0x2C00,
    0x0000, 0x0000, 0x2B2B, 0x002B, 0x0000, 0x2C00, 0x2B2B, 0x0000, 0x0000, 0x2C2C, 0x2B2C, 0x2B00,
    0x2C00, 0x2C2C, 0x002B, 0x2B00, 0x2B2B, 0x2B2C, 0x0000, 0x2B2B, 0x2B2B, 0x002B, 0x0000, 0x2B2B,
    0x2B2B, 0x0000, 0x2B00, 0x2B2B, 0x002B, 0x0000, 0x2B00, 0x2B2B, 0x2B2B, 0x2B2B, 0x2B2B, 0x2B2B,
    0x2B2B, 0x2B2B, 0x2B2B, 0x2B2B, 0x2B2B, 0x2B2B, 0x2B2B, 0x2B00, 0x2B2B, 0x2B2B, 0x002B, 0x2B00,
    0x2B2B, 0x2B2B, 0x0000, 0x2B2B, 0x2B2B, 0x002B, 0x2B00, 0x2B2B, 0x2B2B, 0x0000, 0x2B2B, 0x2C2B,
    0x002B, 0x0000, 0x2B00, 0x2C2C, 0x2B2B, 0x2B2C, 0x2C2B, 0x2C2C, 0x2C2B, 0x2D2C, 0x2C2C, 0x2C2C,
    0x2C2B, 0x2D2D, 0x2C2D, 0x2B2C, 0x2D2B, 0x2D2D, 0x2C2D, 0x2B2C, 0x2B2B, 0x0B2D, 0x2C0B, 0x2B2B,
    0x2B2B, 0x0B0B, 0x2C2C, 0x2B2B, 0x2B2B, 0x2C2C, 0x2B2C, 0x2B2B, 0x2B2C, 0x2C2B, 0x2E2B, 0x2E2E,
    0x0000, 0x002B, 0x2B2C, 0x2B2B, 0x0000, 0x2B00, 0x2B2B, 0x2D2B, 0x2B00, 0x2B2B, 0x2B2B, 0x2D2B,
    0x2B2B, 0x2D2B, 0x2B2B, 0x2B2C, 0x2B2B, 0x2D2D, 0x2C2D, 0x2C2C, 0x2C00, 0x2D2D, 0x2C2D, 0x2C2C,
    0x2B2B, 0x2D2C, 0x2B00, 0x2B2C, 0x2B2B, 0x002B, 0x0000, 0x2D2B, 0x2D2D, 0x2D0B, 0x2C2C, 0x2C2C,
    0x0B2D, 0x2C2D, 0x2D2D, 0x2C2C, 0x2D0B, 0x2D2C, 0x2D2D, 0x2C2D, 0x2C2D, 0x2C2C, 0x2D2D, 0x2C2B,
    0x2B2B, 0x2C2C, 0x2B2C, 0x2B2B, 0x2D2B, 0x2C2C, 0x2B2B, 0x2B2B, 0x2D2D, 0x2C2D, 0x2B2C, 0x2B2B,
    0x2D2D, 0x2C2D, 0x2B2B, 0x2B2B, 0x0000, 0x0000, 0x0000, 0x0000, 0x0000, 0x0000, 0x2C00, 0x0000,
    0x0000, 0x0000, 0x2D2C, 0x002C, 0x0000, 0x0000, 0x2D2D, 0x002D, 0x0000, 0x0000, 0x2D2D, 0x002D,
    0x0000, 0x0000, 0x2D2C, 0x002C, 0x0000, 0x0000, 0x2C2C, 0x002C, 0x0000, 0x0000, 0x2C2B, 0x002C,
    0x2B2B, 0x2B2B, 0x2E2B, 0x2B2E, 0x2B2B, 0x2B2B, 0x2E2E, 0x2E2E, 0x2B2B, 0x2E2B, 0x2E2E, 0x2B2E,
    0x2B2B, 0x2E2B, 0x2B2E, 0x2B2B, 0x2B2B, 0x2E2E, 0x2B2B, 0x2B2B, 0x2E2B, 0x2B2B, 0x2B2B, 0x2B2B,
    0x2B2E, 0x2B2B, 0x2B2B, 0x2B2B, 0x2B2E, 0x2B2B, 0x2B2B, 0x2B2B, 0x0000, 0x0000, 0x0000, 0x0000,
    0x0000, 0x0000, 0x0000, 0x0000, 0x0000, 0x0000, 0x2B2B, 0x2C2B, 0x0000, 0x2B00, 0x2C2B, 0x2C2C,
    0x0000, 0x0000, 0x2C2C, 0x2C2C, 0x0000, 0x0000, 0x2C00, 0x2C2C, 0x0000, 0x0000, 0x0000, 0x0000,
    0x0000, 0x0000, 0x0000, 0x2B00, 0x0000, 0x2B2B, 0x2B2B, 0x2B2B, 0x2B2B, 0x2C2C, 0x2B2C, 0x2B2B,
    0x2C2C, 0x2C2C, 0x2C2C, 0x2B2B, 0x2C2C, 0x2C2C, 0x2B2C, 0x2B2B, 0x2C2C, 0x2B2B, 0x2B2B, 0x2B2B,
    0x2C2B, 0x2B2C, 0x2B2B, 0x2B2B, 0x2C2C, 0x2C2C, 0x2B2B, 0x2B2B, 0x2C2C, 0x2B2C, 0x2E2B, 0x2E2E,
    0x2D2D, 0x2C2D, 0x2B2C, 0x2B2B, 0x2D2C, 0x2C2C, 0x2B2B, 0x2B2C, 0x2C2C, 0x2B2C, 0x2C2B, 0x2C2C,
    0x2C2B, 0x2B2B, 0x2C2C, 0x2C2C, 0x2B2B, 0x2B2B, 0x2C2B, 0x2B2C, 0x2B2B, 0x2B2B, 0x2B2E, 0x2B2B,
    0x2E2E, 0x2B2E, 0x2B2B, 0x2B2B, 0x2E2E, 0x2B2B, 0x2B2B, 0x2B2B, 0x2B2C, 0x2B2B, 0x2B2B, 0x2B2B,
    0x2C2C, 0x2B2B, 0x2B2B, 0x2B2B, 0x2C2C, 0x2B2B, 0x2B2C, 0x2B2B, 0x2B2C, 0x2C2B, 0x2C2C, 0x2B2B,
    0x2B2B, 0x2C2C, 0x2C2C, 0x2C2B, 0x2B2B, 0x2C2C, 0x2C2C, 0x2C2C, 0x2B2B, 0x2C2C, 0x2B2C, 0x2C2C,
    0x2B2B, 0x2C2B, 0x2B2C, 0x2C2B, 0x2E2E, 0x2B2E, 0x2C2C, 0x2B2C, 0x2E2E, 0x2B2B, 0x2C2B, 0x2C2C,
    0x2B2E, 0x2B2B, 0x2C2B, 0x2C2C, 0x2B2E, 0x2B2B, 0x2C2B, 0x2C2C, 0x2B2B, 0x2B2B, 0x2B2B, 0x2B2C,
    0x2B2B, 0x2B2B, 0x2B2B, 0x2B2B, 0x2B2B, 0x2B2B, 0x2B2B, 0x2B2B, 0x2B2B, 0x2B2C, 0x2B2B, 0x2B2B,
    0x0000, 0x0000, 0x0000, 0x2B00, 0x0000, 0x0000, 0x0000, 0x0000, 0x0000, 0x0000, 0x0000, 0x2C00,
    0x0000, 0x0000, 0x0000, 0x2C00, 0x0000, 0x0000, 0x0000, 0x2B2B, 0x0000, 0x0000, 0x2B00, 0x2C2B,
    0x0000, 0x2B00, 0x2C2B, 0x2C2C, 0x0000, 0x2B2B, 0x2C2C, 0x2C2C, 0x2B2B, 0x2B2B, 0x2C2B, 0x2C2C,
    0x2B2C, 0x2B2B, 0x2B2B, 0x2C2C, 0x2C2C, 0x2B2B, 0x2B2B, 0x2B2B, 0x2C2C, 0x2B2B, 0x2C2B, 0x2C2C,
    0x2B2C, 0x2B2B, 0x2C2C, 0x2C2C, 0x2C2C, 0x2C2B, 0x2C2C, 0x2C2C, 0x2C2C, 0x2C2C, 0x2C2C, 0x2C2C,
    0x2C2C, 0x2C2C, 0x2C2C, 0x2C2C, 0x2B2C, 0x2C2B, 0x2C2C, 0x2C2C, 0x2B2B, 0x2C2C, 0x2C2C, 0x2C2D,
    0x2C2C, 0x2C2C, 0x2D2C, 0x2D2D, 0x2C2C, 0x2C2C, 0x2D2D, 0x2B2D, 0x2B2C, 0x2D2C, 0x2D2D, 0x2B0B,
    0x2C2B, 0x2D2B, 0x0B2D, 0x2B2C, 0x2C2C, 0x2D2D, 0x0B2D, 0x2E2B, 0x2C2C, 0x2D2C, 0x2B0B, 0x2E2E,
    0x0000, 0x0000, 0x0000, 0x0000, 0x0000, 0x0000, 0x0000, 0x0000, 0x0000, 0x0000, 0x0000, 0x0000,
    0x0000, 0x0000, 0x0000, 0x0000, 0x0000, 0x0000, 0x0000, 0x0000, 0x0000, 0x0000, 0x0000, 0x0000,
    0x0000, 0x0000, 0x0000, 0x2B00, 0x0000, 0x0000, 0x2B00, 0x2C2B, 0x2B00, 0x2C2C, 0x2B2C, 0x2B2B,
    0x2B2B, 0x2C2B, 0x2B2B, 0x2B2B, 0x2B00, 0x002B, 0x0000, 0x2B2C, 0x0000, 0x0000, 0x2C00, 0x2C2C,
    0x0000, 0x2B00, 0x2C2C, 0x2B2C, 0x2B00, 0x2C2B, 0x2C2C, 0x2C2C, 0x2C2C, 0x2C2C, 0x2C2C, 0x2C2C,
    0x2D2D, 0x2C2D, 0x2C2C, 0x2C2C, 0x0000, 0x0000, 0x0000, 0x2F00, 0x0000, 0x0000, 0x0000, 0x2F2F,
    0x0000, 0x0000, 0x0000, 0x0000, 0x0000, 0x0000, 0x0000, 0x0000, 0x0000, 0x0000, 0x0000, 0x0000,
    0x0000, 0x0000, 0x0000, 0x0000, 0x0000, 0x0000, 0x0000, 0x0000, 0x0000, 0x0000, 0x0000, 0x2F2F,
    0x112F, 0x2F11, 0x302F, 0x1111, 0x3030, 0x2F2F, 0x3030, 0x1A30, 0x2F00, 0x2F2F, 0x1130, 0x2F2F,
    0x0000, 0x2F2F, 0x303A, 0x2F2F, 0x0000, 0x2F2F, 0x302F, 0x2F2F, 0x2F00, 0x2F2F, 0x2F2F, 0x2F30,
    0x2F00, 0x2F2F, 0x2F2F, 0x3030, 0x2F2F, 0x2F30, 0x302F, 0x3011, 0x0B0B, 0x2A0B, 0x2A2A, 0x2F2A,
    0x180B, 0x2A2A, 0x2A2A, 0x2A2A, 0x0B0B, 0x2A0B, 0x2A2A, 0x2A2A, 0x0B0B, 0x2A2A, 0x1717, 0x2A2A,
    0x0B0B, 0x0B0B, 0x1717, 0x2A2A, 0x0B0B, 0x0B0B, 0x2A2A, 0x2A2A, 0x0B0B, 0x0B0B, 0x2A0B, 0x2F2A,
    0x0B0B, 0x180B, 0x2A27, 0x2F2A, 0x2F2F, 0x302F, 0x3030, 0x3011, 0x2F2F, 0x302F, 0x302E, 0x1A30,
    0x2F2F, 0x2F30, 0x3011, 0x111B, 0x2F2F, 0x3A2F, 0x3030, 0x3A11, 0x2F2F, 0x3030, 0x1130, 0x1B11,
    0x2F2F, 0x3030, 0x3A30, 0x1A11, 0x2F30, 0x2E30, 0x1130, 0x1B11, 0x2F30, 0x2F2F, 0x302E, 0x3011,
    0x0000, 0x0000, 0x0000, 0x2C2C, 0x0000, 0x0000, 0x0000, 0x2C00, 0x0000, 0x0000, 0x0000, 0x2D2B,
    0x0000, 0x0000, 0x2C00, 0x2D2D, 0x0000, 0x0000, 0x2D2C, 0x2D2D, 0x0000, 0x2C00, 0x2D2D, 0x0B2D,
    0x0000, 0x2C00, 0x2D2D, 0x002D, 0x0000, 0x0000, 0x2C2C, 0x2B00, 0x2C2C, 0x2B2C, 0x2C2B, 0x2B2B,
    0x2C2C, 0x2B2C, 0x2C2C, 0x2B2C, 0x2C2C, 0x2B2B, 0x2C2C, 0x2C2C, 0x2B2D, 0x2B2B, 0x2C2C, 0x2C2C,
    0x2B2B, 0x2B2B, 0x2C2B, 0x2C2C, 0x2B00, 0x2B2B, 0x2B2B, 0x2C2C, 0x2B2B, 0x2B2B, 0x2B2B, 0x2C2B,
    0x2B2C, 0x2B2B, 0x2B2B, 0x2B2B, 0x0000, 0x0000, 0x0000, 0x2D2D, 0x0000, 0x0000, 0x2D2B, 0x2D2D,
    0x0000, 0x2B00, 0x2D2C, 0x0B2D, 0x0000, 0x2B00, 0x0B2C, 0x2B0B, 0x0000, 0x2B00, 0x2C2C, 0x2B2B,
    0x0000, 0x0000, 0x2B2B, 0x2B2B, 0x0000, 0x0000, 0x2B2B, 0x2B2B, 0x2B00, 0x2B2B, 0x2B2B, 0x2B2B,
    0x170B, 0x3117, 0x3332, 0x3333, 0x350B, 0x3436, 0x3337, 0x3333, 0x3635, 0x3438, 0x3332, 0x3333,
    0x170B, 0x1717, 0x3331, 0x3333, 0x350B, 0x3635, 0x3332, 0x3333, 0x3635, 0x3438, 0x3337, 0x3333,
    0x170B, 0x3431, 0x3332, 0x3333, 0x350B, 0x3436, 0x3337, 0x3333, 0x3333, 0x3333, 0x3333, 0x3333,
    0x3333, 0x3333, 0x3333, 0x3333, 0x3333, 0x3333, 0x3333, 0x3333, 0x3333, 0x3333, 0x3333, 0x3333,
    0x3333, 0x3333, 0x3333, 0x3333, 0x3333, 0x3333, 0x3333, 0x3333, 0x3333, 0x3333, 0x3333, 0x3333,
    0x3333, 0x3333, 0x3333, 0x3333, 0x3333, 0x3432, 0x1731, 0x0B17, 0x3333, 0x3437, 0x3638, 0x0B35,
    0x3333, 0x3432, 0x3938, 0x3536, 0x3333, 0x3137, 0x1717, 0x0B17, 0x3333, 0x3432, 0x3536, 0x0B35,
    0x3333, 0x3437, 0x3938, 0x3536, 0x3333, 0x3432, 0x3138, 0x0B17, 0x3333, 0x3437, 0x3638, 0x0B35,
    0x3333, 0x3333, 0x3333, 0x3333, 0x3333, 0x3333, 0x3333, 0x3333, 0x3333, 0x3333, 0x3333, 0x3333,
    0x3333, 0x3333, 0x3333, 0x3333, 0x3333, 0x3333, 0x3333, 0x3333, 0x3333, 0x3333, 0x3333, 0x3533,
    0x3333, 0x3333, 0x3333, 0x0B33, 0x3333, 0x3333, 0x3633, 0x0B35, 0x350B, 0x3436, 0x3332, 0x3333,
    0x170B, 0x3731, 0x3333, 0x3333, 0x3635, 0x3332, 0x3333, 0x3333, 0x3734, 0x3333, 0x3333, 0x3333,
    0x3332, 0x3333, 0x3333, 0x3333, 0x3337, 0x3333, 0x3333, 0x3333, 0x3333, 0x3333, 0x3333, 0x3333,
    0x3333, 0x3333, 0x3333, 0x3333, 0x3333, 0x3333, 0x3333, 0x3333, 0x3333, 0x3333, 0x3333, 0x3333,
    0x3333, 0x3333, 0x3333, 0x3333, 0x3333, 0x3333, 0x3333, 0x3333, 0x3333, 0x3333, 0x3333, 0x3333,
    0x3335, 0x3333, 0x3333, 0x3333, 0x170B, 0x3333, 0x3333, 0x3333, 0x350B, 0x3333, 0x3333, 0x3333,
    0x3333, 0x3733, 0x3634, 0x0B35, 0x3333, 0x3333, 0x3137, 0x0B17, 0x3333, 0x3333, 0x3733, 0x3536,
    0x3333, 0x3333, 0x3333, 0x3437, 0x3333, 0x3333, 0x3333, 0x3733, 0x3333, 0x3333, 0x3333, 0x3733,
    0x3333, 0x3333, 0x3333, 0x3333, 0x3333, 0x3333, 0x3333, 0x3333, 0x0000, 0x0000, 0x0000, 0x0000,
    0x0000, 0x0000, 0x0000, 0x0000, 0x0000, 0x0000, 0x0000, 0x0000, 0x0000, 0x0000, 0x0000, 0x2B00,
    0x0000, 0x0000, 0x0000, 0x2B2B, 0x0000, 0x0000, 0x0000, 0x2D2D, 0x0000, 0x0000, 0x2D00, 0x2D2D,
    0x0000, 0x2B2B, 0x2D2D, 0x2D2D, 0x0000, 0x2B00, 0x2B2B, 0x2B2B, 0x2B00, 0x2B2B, 0x2B2B, 0x2B2B,
    0x2B2B, 0x2B2B, 0x2B2B, 0x002B, 0x2B2B, 0x2C2B, 0x2B2B, 0x2B2B, 0x2B2C, 0x2C2C, 0x2B2C, 0x2B2B,
    0x2C2C, 0x2C2C, 0x2B2C, 0x2B2B, 0x2C2D, 0x2C2B, 0x2B2B, 0x2B2B, 0x2B2C, 0x2B2B, 0x2B2B, 0x2C2C,
    0x002B, 0x0000, 0x2B2B, 0x2C2C, 0x0000, 0x2B2B, 0x2C2B, 0x2C2C, 0x2B2B, 0x2B2C, 0x2C2B, 0x2C2C,
    0x2C2B, 0x2C2C, 0x2C2C, 0x2D2C, 0x2C2C, 0x2C2C, 0x2C2C, 0x2D2C, 0x2C2B, 0x2C2C, 0x2C2C, 0x2D2D,
    0x2B2B, 0x2C2C, 0x2D2C, 0x2D2D, 0x2D2B, 0x2C2D, 0x2D2D, 0x0B2D, 0x2B2C, 0x2B2B, 0x2E2E, 0x2E2E,
    0x2B2C, 0x2E2B, 0x2E2E, 0x2B2B, 0x2B2B, 0x2B2E, 0x2C2B, 0x2B2B, 0x2B2C, 0x2B2B, 0x2C2C, 0x2B2C,
    0x2C2D, 0x2B2B, 0x2C2B, 0x2B2B, 0x2B2D, 0x2B2C, 0x2B2B, 0x2B2B, 0x2C0B, 0x2C2C, 0x2B2B, 0x2B2B,
    0x2C2C, 0x2C2C, 0x2B2B, 0x2B2B, 0x2B00, 0x0000, 0x0000, 0x2D2D, 0x0000, 0x0000, 0x2D00, 0x2D2D,
    0x0000, 0x0000, 0x2D2D, 0x2D2D, 0x0000, 0x0000, 0x2D2D, 0x0B2D, 0x0000, 0x2B00, 0x2D2C, 0x2B0B,
    0x0000, 0x2C2C, 0x0B2C, 0x2B2B, 0x2D00, 0x2C2C, 0x2B2C, 0x2C2B, 0x2D2D, 0x2C2D, 0x2B2B, 0x2B2B,
    0x2C2B, 0x2D2D, 0x2C2C, 0x2B2C, 0x2D2B, 0x2D2D, 0x2B2D, 0x2B2B, 0x2D2D, 0x2D2D, 0x2B0B, 0x2B2B,
    0x2D2D, 0x0B2D, 0x2B2B, 0x0000, 0x2D00, 0x000B, 0x0000, 0x2D00, 0x0000, 0x0000, 0x0000, 0x2D2D,
    0x0000, 0x0000, 0x0000, 0x2D2B, 0x0000, 0x0000, 0x0000, 0x2B00, 0x0000, 0x0000, 0x2B2B, 0x002B,
    0x0000, 0x0000, 0x2B2B, 0x002B, 0x2B00, 0x2B2C, 0x2B2B, 0x002B, 0x2C2B, 0x2C2C, 0x2B2B, 0x2C2C,
    0x2C2B, 0x2C2C, 0x2B2C, 0x2C2C, 0x2B00, 0x2C2C, 0x2B2C, 0x002B, 0x002B, 0x2B2B, 0x2B2B, 0x002B,
    0x2C2C, 0x2B2B, 0x2B2B, 0x002B, 0x0000, 0x0000, 0x0000, 0x0000, 0x0000, 0x0000, 0x0000, 0x0000,
    0x0000, 0x0000, 0x0000, 0x0000, 0x0000, 0x0000, 0x0000, 0x0000, 0x0000, 0x0000, 0x0000, 0x2C2C,
    0x0000, 0x0000, 0x2C00, 0x2C2C, 0x0000, 0x0000, 0x2C2C, 0x2C2C, 0x0000, 0x0000, 0x2C2C, 0x2C2C,
    0x0000, 0x0000, 0x2B00, 0x2B2B, 0x0000, 0x0000, 0x2C2C, 0x2B2B, 0x0000, 0x2C00, 0x2C2C, 0x2C2C,
    0x2C2C, 0x2C2C, 0x2C2C, 0x2C2C, 0x2C2C, 0x2C2C, 0x2B2C, 0x2C00, 0x2C2C, 0x2B2C, 0x0000, 0x2B2B,
    0x2B2C, 0x0000, 0x2B00, 0x2B2B, 0x002B, 0x0000, 0x2B2B, 0x2B2B, 0x2C2B, 0x2B2B, 0x2E2E, 0x2E2E,
    0x2B2B, 0x2E2B, 0x2B2E, 0x2E2B, 0x2B2C, 0x2B2E, 0x2E2B, 0x2E2E, 0x2C2C, 0x2B2B, 0x2E2E, 0x2E2E,
    0x2B2C, 0x2E2E, 0x2E2E, 0x2E2E, 0x2E2B, 0x2E2E, 0x2E2E, 0x2B2B, 0x2E2E, 0x2E2E, 0x2B2B, 0x2B2B,
    0x2B2B, 0x2B2B, 0x2B2B, 0x2B2B, 0x2E2E, 0x2B2B, 0x2B2B, 0x2B2E, 0x2E2E, 0x2E2E, 0x2E2E, 0x2E2B,
    0x2E2E, 0x2E2E, 0x2E2E, 0x2B2B, 0x2E2E, 0x2E2E, 0x2B2B, 0x2B2B, 0x2E2E, 0x2B2B, 0x2B2B, 0x2B2B,
    0x2B2B, 0x2B2B, 0x2B2B, 0x2B2B, 0x2B2B, 0x2B2B, 0x2B2B, 0x2B2B, 0x2B2B, 0x2B2B, 0x2B2B, 0x2B2C,
    0x2C2B, 0x2C2B, 0x2B2B, 0x2B2B, 0x2C2C, 0x2B2B, 0x2C2C, 0x2B2B, 0x2C2C, 0x2C2B, 0x2C2C, 0x2B2C,
    0x2C2D, 0x2C2B, 0x2C2C, 0x2B2B, 0x2C2D, 0x2B2B, 0x2B2C, 0x2B2B, 0x2B2C, 0x2B2B, 0x2B2B, 0x2B2B,
    0x2B2B, 0x2B2B, 0x2B2B, 0x2B2B, 0x2B2B, 0x2B2B, 0x2B2B, 0x2B2B, 0x2C2B, 0x2C2C, 0x2B2B, 0x2B2B,
    0x2B2B, 0x2B2C, 0x2B2B, 0x2B2B, 0x2B2B, 0x2B2B, 0x2B2B, 0x2E2B, 0x2B2B, 0x2B2B, 0x2B2B, 0x2B2E,
    0x2B2B, 0x2B2B, 0x2E2B, 0x2B2B, 0x2B2B, 0x2B2B, 0x2B2E, 0x2B2B, 0x2B2B, 0x2B2B, 0x2B2B, 0x2B2B,
    0x2B2B, 0x2B2E, 0x2B2B, 0x2B2B, 0x2B2C, 0x2B2B, 0x2C2C, 0x2C2C, 0x2C2C, 0x2B2B, 0x2C2B, 0x2B2C,
    0x2C2C, 0x2B2B, 0x2B2B, 0x2C2B, 0x2B2C, 0x2B2B, 0x2B2C, 0x2C2B, 0x2B2B, 0x2D2B, 0x2C2D, 0x2B2B,
    0x2B2B, 0x2D2D, 0x2D2D, 0x2B2B, 0x2D2B, 0x2D2D, 0x2B2D, 0x002B, 0x2D2D, 0x0B2D, 0x2B2B, 0x0000,
    0x2C2B, 0x2C2C, 0x2C2C, 0x2C2C, 0x2C2C, 0x2C2C, 0x2C2C, 0x2D2C, 0x2C2C, 0x2C2C, 0x2C2C, 0x2C2C,
    0x2C2C, 0x2B2B, 0x2C2B, 0x2C2C, 0x2B2C, 0x2B2B, 0x2B2B, 0x2D2B, 0x2B2B, 0x2C2D, 0x2B2C, 0x2D2D,
    0x2D00, 0x2D2D, 0x2C2C, 0x2D2C, 0x2D2D, 0x2C2D, 0x2C2C, 0x2C2C, 0x2D2D, 0x2C2B, 0x2E2B, 0x2B2B,
    0x2B2D, 0x2B2B, 0x2E2E, 0x2B2B, 0x2C2C, 0x2D2D, 0x2B2E, 0x2B2B, 0x2D2C, 0x2D2D, 0x2B2D, 0x2B2B,
    0x2D2D, 0x0B2D, 0x2B2B, 0x2B2B, 0x2D2D, 0x2B0B, 0x2B2B, 0x2B2B, 0x0B2D, 0x2B2B, 0x002B, 0x2B2B,
    0x2B0B, 0x2B2B, 0x2B2B, 0x2B2B, 0x0000, 0x2C00, 0x2C2C, 0x2D2C, 0x0000, 0x2C2C, 0x2C2C, 0x2C2C,
    0x2B00, 0x2C2C, 0x2C2C, 0x2C2C, 0x0000, 0x2C2B, 0x2C2C, 0x2B00, 0x0000, 0x0000, 0x0000, 0x2D00,
    0x0000, 0x0000, 0x2D00, 0x2D2D, 0x0000, 0x2B00, 0x2D2D, 0x2D2D, 0x2B00, 0x2D2C, 0x2D2D, 0x0B0B,
    0x2D2D, 0x2B2C, 0x2C2C, 0x2B2C, 0x2C2D, 0x2B2B, 0x2C2C, 0x2C2C, 0x2B2B, 0x2C00, 0x2C2C, 0x2C2C,
    0x002B, 0x2C2C, 0x2C2C, 0x2C2C, 0x2C00, 0x2C2C, 0x2C2C, 0x2D2C, 0x2C2C, 0x2C2C, 0x2C2C, 0x2D2C,
    0x2C2C, 0x2C2C, 0x2C2C, 0x2C2B, 0x2C2B, 0x2B2B, 0x2B2B, 0x2B2B, 0x2B2D, 0x2B2B, 0x2C2B, 0x2D2C,
    0x2B2B, 0x2B2B, 0x2C2C, 0x2D2D, 0x2B2B, 0x2B2B, 0x2D2C, 0x2C2D, 0x002B, 0x2B2B, 0x2D2D, 0x2C2D,
    0x0000, 0x2B2E, 0x2D2D, 0x2C2C, 0x2E00, 0x2D2B, 0x0B2D, 0x2B2C, 0x2E00, 0x2D2B, 0x2C0B, 0x2B2C,
    0x2B2E, 0x2C2C, 0x2C2C, 0x2B2B, 0x3030, 0x2F2F, 0x3011, 0x3011, 0x2F00, 0x302F, 0x3011, 0x303A,
    0x2F00, 0x112F, 0x1130, 0x1A11, 0x2F00, 0x302F, 0x3030, 0x1B1A, 0x2F00, 0x3030, 0x2E30, 0x111B,
    0x3000, 0x3030, 0x112E, 0x1A3A, 0x3030, 0x2F2E, 0x112F, 0x1111, 0x2F30, 0x2F2F, 0x3030, 0x1111,
    0x0B0B, 0x0B27, 0x2B2B, 0x302F, 0x272A, 0x2B27, 0x2F2B, 0x2F2F, 0x2B2A, 0x2F2F, 0x412F, 0x412B,
    0x272A, 0x272B, 0x2727, 0x4127, 0x273A, 0x2727, 0x2B2B, 0x2727, 0x0B0B, 0x270B, 0x2727, 0x2B2B,
    0x1E1E, 0x0B0B, 0x0B0B, 0x0B0B, 0x1E1E, 0x0B0B, 0x0B0B, 0x0B0B, 0x2F2F, 0x2F2F, 0x3030, 0x302F,
    0x272F, 0x2F2F, 0x2F2F, 0x302F, 0x2B2B, 0x2B2B, 0x2F41, 0x302F, 0x2727, 0x412B, 0x2741, 0x2F2F,
    0x2B27, 0x4127, 0x2B27, 0x2B2B, 0x272B, 0x2727, 0x2727, 0x2B2B, 0x2B2B, 0x272B, 0x2B27, 0x2727,
    0x0B0B, 0x180B, 0x0B0B, 0x0B0B, 0x0000, 0x0000, 0x0000, 0x0000, 0x0000, 0x0000, 0x0000, 0x0000,
    0x0000, 0x0000, 0x0000, 0x0000, 0x0000, 0x0000, 0x0000, 0x2B00, 0x0000, 0x0000, 0x0000, 0x2B2B,
    0x0000, 0x0000, 0x0000, 0x2B00, 0x0000, 0x0000, 0x0000, 0x0000, 0x0000, 0x0000, 0x0000, 0x0000,
    0x0000, 0x0000, 0x0000, 0x2B2B, 0x0000, 0x2D00, 0x2B2C, 0x2D2B, 0x2C2B, 0x2D2D, 0x2C2D, 0x2D2B,
    0x2D2C, 0x2D2D, 0x2B2C, 0x2C2C, 0x2C2C, 0x2C2D, 0x2C2B, 0x2C2C, 0x2C2B, 0x2B00, 0x2B2B, 0x2C2C,
    0x0000, 0x2B2B, 0x2B2B, 0x0000, 0x0000, 0x2B00, 0x0000, 0x0000, 0x2D2D, 0x2B2B, 0x2C2B, 0x2C2C,
    0x2D2D, 0x2B2D, 0x2C2B, 0x2C2C, 0x2D2D, 0x2B2C, 0x2C2C, 0x2C2C, 0x2C2D, 0x2C2B, 0x2C2C, 0x002C,
    0x002C, 0x2C2C, 0x2C2C, 0x0000, 0x2B00, 0x2C2B, 0x002C, 0x0000, 0x0000, 0x2B2B, 0x0000, 0x0000,
    0x0000, 0x0000, 0x0000, 0x0000, 0x383B, 0x3B38, 0x3B3B, 0x3838, 0x3B3B, 0x3B3B, 0x3B3B, 0x3B3B,
    0x3E3E, 0x3E3E, 0x3442, 0x3E3E, 0x3434, 0x3E34, 0x3442, 0x3434, 0x3F3F, 0x343F, 0x4244, 0x3F31,
    0x3142, 0x3142, 0x4244, 0x3617, 0x1744, 0x1744, 0x4436, 0x3517, 0x3536, 0x3536, 0x3635, 0x3535,
    0x383B, 0x3B38, 0x3B3B, 0x3838, 0x3B3B, 0x3B3B, 0x3B3B, 0x3B3B, 0x3E3E, 0x3E3E, 0x3E3E, 0x3E3E,
    0x3434, 0x3434, 0x3434, 0x3434, 0x3F3F, 0x3F3F, 0x3F3F, 0x3F31, 0x3142, 0x3142, 0x4242, 0x3617,
    0x1744, 0x1744, 0x4436, 0x3517, 0x3536, 0x3536, 0x3635, 0x3535, 0x3B3B, 0x3B3B, 0x3C38, 0x3C3C,
    0x3B3B, 0x3B3B, 0x3D38, 0x3C3D, 0x3B3E, 0x3B3B, 0x3B3B, 0x3D38, 0x3E34, 0x3B3B, 0x383B, 0x3838,
    0x343F, 0x3B3E, 0x3B3B, 0x3838, 0x3136, 0x3E34, 0x3B3B, 0x3B3B, 0x1735, 0x343F, 0x3B3E, 0x3B3B,
    0x1735, 0x3F42, 0x3E34, 0x3B3B, 0x3C38, 0x3D3C, 0x3D3C, 0x3C3C, 0x3C3C, 0x3D3C, 0x3D3D, 0x3D3D,
    0x3C3C, 0x3C3D, 0x3D3D, 0x3C3C, 0x433D, 0x3C3D, 0x3C3D, 0x3C3C, 0x3D3D, 0x3D3C, 0x3D3D, 0x3D3C,
    0x3C3C, 0x3C3C, 0x3C3C, 0x3C3D, 0x3C3D, 0x3D3C, 0x3C3D, 0x3C3D, 0x3D3C, 0x3D3C, 0x3C3D, 0x3C3D,
    0x3C3C, 0x3D3C, 0x3C3C, 0x3C3D, 0x3C3C, 0x3D3C, 0x3D3C, 0x3D3D, 0x3C43, 0x3C3D, 0x3D43, 0x3C3D,
    0x3D38, 0x383D, 0x3C38, 0x3D3D, 0x3D38, 0x383D, 0x3C38, 0x3C38, 0x3D38, 0x383D, 0x3C38, 0x3D3D,
    0x3838, 0x3838, 0x4338, 0x3838, 0x3838, 0x3B3B, 0x3838, 0x3838, 0x3D3D, 0x3C3C, 0x3D3C, 0x3C3D,
    0x3C3C, 0x3D3D, 0x3C3C, 0x3D3C, 0x3C3C, 0x3D3C, 0x3C3D, 0x3C3C, 0x3D3C, 0x3C3C, 0x3D3D, 0x3D3D,
    0x3D3D, 0x3C3D, 0x3D3D, 0x3D38, 0x3D3C, 0x3C3C, 0x3D3D, 0x3D3D, 0x3838, 0x3D3D, 0x3D3D, 0x3D38,
    0x3838, 0x383B, 0x3B3B, 0x3838, 0x3838, 0x343E, 0x313F, 0x1717, 0x3E3B, 0x3F34, 0x3640, 0x0B35,
    0x343E, 0x423F, 0x3644, 0x0B0B, 0x3145, 0x1717, 0x0B17, 0x0B0B, 0x3646, 0x3535, 0x190B, 0x0B19,
    0x4442, 0x0B36, 0x1947, 0x0B0B, 0x1731, 0x0B0B, 0x0B0B, 0x0B0B, 0x0B35, 0x0B0B, 0x0B0B, 0x1E0B,
    0x3C3C, 0x3C3D, 0x3B38, 0x3B3D, 0x3C3D, 0x3D3C, 0x3D3D, 0x3D3B, 0x3D3D, 0x3D3C, 0x3D3B, 0x3E3E,
    0x3D3D, 0x3D3C, 0x3E3E, 0x3434, 0x3C3C, 0x3E38, 0x3434, 0x3F3F, 0x3C3C, 0x3F34, 0x3F3F, 0x4244,
    0x3C3C, 0x3D3F, 0x443F, 0x3636, 0x3D3C, 0x3F42, 0x363F, 0x3535, 0x3D3B, 0x3D3B, 0x3D3C, 0x3C3D,
    0x3B3D, 0x3D3D, 0x3C3D, 0x3D3C, 0x3E3E, 0x3B3D, 0x3C3D, 0x3D38, 0x3434, 0x3E3E, 0x3C3D, 0x3D3D,
    0x3F3F, 0x3434, 0x3D3E, 0x3C3C, 0x4442, 0x3F3F, 0x343F, 0x3D3C, 0x3636, 0x3F44, 0x3F43, 0x3C3C,
    0x3535, 0x3F36, 0x423F, 0x3D3D, 0x3D3D, 0x3F42, 0x363F, 0x3535, 0x3C3C, 0x3D3F, 0x443F, 0x3636,
    0x3C3D, 0x3F34, 0x3F3F, 0x4244, 0x3C3C, 0x3E3D, 0x3434, 0x3F3F, 0x3D38, 0x553C, 0x3E3E, 0x3434,
    0x3D3C, 0x3D3C, 0x4255, 0x3E3E, 0x3C3D, 0x3D3C, 0x553D, 0x4242, 0x3C3C, 0x3C3D, 0x3B3D, 0x5555,
    0x3535, 0x3F36, 0x423F, 0x3C3C, 0x3636, 0x3F44, 0x3F3D, 0x3C3D, 0x4442, 0x3F3F, 0x343F, 0x3D3C,
    0x3F3F, 0x3434, 0x3D3E, 0x3C3C, 0x3434, 0x3E3E, 0x3C55, 0x3D3C, 0x3E3E, 0x5542, 0x3C3D, 0x3C3D,
    0x4242, 0x3D55, 0x3C3D, 0x3C3D, 0x5555, 0x383B, 0x3D3C, 0x3D3C, 0x483C, 0x4848, 0x4848, 0x3C48,
    0x483D, 0x4848, 0x4848, 0x3D48, 0x483C, 0x4848, 0x4848, 0x3D48, 0x483D, 0x4848, 0x4848, 0x3D48,
    0x4838, 0x4848, 0x4848, 0x3C48, 0x483D, 0x4848, 0x4848, 0x3D48, 0x483C, 0x4848, 0x4848, 0x3D48,
    0x483C, 0x4848, 0x4848, 0x3D3E, 0x3D3C, 0x3D3D, 0x3D3C, 0x3C3D, 0x4848, 0x4848, 0x4848, 0x3748,
    0x4848, 0x4848, 0x4848, 0x4848, 0x4848, 0x4848, 0x4848, 0x4848, 0x4848, 0x4848, 0x4848, 0x4848,
    0x4848, 0x4848, 0x4848, 0x4848, 0x4848, 0x4848, 0x4848, 0x4848, 0x3D3C, 0x3D3C, 0x3D3D, 0x3C3C,
    0x3C3C, 0x3C3C, 0x3C3D, 0x3C3C, 0x3C3C, 0x383D, 0x3C3C, 0x3D38, 0x3C3C, 0x3C3D, 0x3D3C, 0x383D,
    0x383C, 0x3C3C, 0x3D3D, 0x3D38, 0x3D38, 0x3D3C, 0x3D3B, 0x3B38, 0x4F3D, 0x4A52, 0x444B, 0x4944,
    0x4A52, 0x394C, 0x493B, 0x494B, 0x394B, 0x383B, 0x563D, 0x5239, 0x3D3D, 0x3C3D, 0x3D38, 0x3838,
    0x3D3D, 0x3838, 0x3D38, 0x383B, 0x3D38, 0x3D3D, 0x3B3B, 0x3B3B, 0x383D, 0x393B, 0x3B3B, 0x3B3B,
    0x3B39, 0x3D3B, 0x3B42, 0x3944, 0x494B, 0x4C49, 0x5353, 0x5353, 0x4949, 0x534C, 0x4B53, 0x534C,
    0x4952, 0x4449, 0x4944, 0x5353, 0x3838, 0x3838, 0x3D3D, 0x3C3D, 0x3838, 0x3B3B, 0x3C3D, 0x3838,
    0x383B, 0x3B3B, 0x3B39, 0x3B38, 0x3B38, 0x3B3B, 0x3D3B, 0x3D38, 0x4B49, 0x494C, 0x4449, 0x3B44,
    0x4A53, 0x4949, 0x4C2E, 0x4949, 0x494A, 0x4949, 0x3949, 0x393B, 0x442E, 0x4444, 0x493B, 0x494C,
    0x3838, 0x3838, 0x3838, 0x3C3B, 0x383D, 0x3B3B, 0x3838, 0x383B, 0x4338, 0x3D38, 0x383D, 0x3B38,
    0x3B3B, 0x383B, 0x3D3C, 0x493B, 0x3B3B, 0x3D38, 0x383B, 0x2E3B, 0x4949, 0x4944, 0x3949, 0x5449,
    0x4949, 0x4B49, 0x4444, 0x5353, 0x3B44, 0x4949, 0x4C44, 0x3B2E, 0x4A49, 0x3B38, 0x3B49, 0x3838,
    0x4C4C, 0x3B38, 0x3D3B, 0x383B, 0x524A, 0x443D, 0x3D43, 0x3838, 0x4453, 0x4938, 0x3C38, 0x3D3D,
    0x3953, 0x493B, 0x3D38, 0x3D38, 0x3B2E, 0x4B44, 0x3D38, 0x3D3B, 0x3D3B, 0x4B39, 0x3D44, 0x3D38,
    0x383D, 0x443D, 0x3949, 0x383D, 0x383B, 0x3D3D, 0x2E39, 0x394B, 0x383D, 0x3D3D, 0x383D, 0x3B3B,
    0x3D3C, 0x3D3D, 0x3D38, 0x493B, 0x3D3C, 0x383D, 0x3D3D, 0x3D38, 0x3D3C, 0x3D3C, 0x3C3D, 0x3C3C,
    0x3C3C, 0x3D3D, 0x3C3C, 0x383C, 0x3C3C, 0x3C3C, 0x3C3C, 0x3C3D, 0x433D, 0x3C3C, 0x3D34, 0x3C3D,
    0x3B44, 0x443B, 0x3B3B, 0x4B49, 0x3949, 0x4939, 0x4F44, 0x393B, 0x3949, 0x4444, 0x4444, 0x3B39,
    0x3B3B, 0x3B38, 0x3B3B, 0x393B, 0x3D38, 0x3D3D, 0x3B38, 0x3938, 0x3D3C, 0x383C, 0x383C, 0x3838,
    0x3C3D, 0x3C3D, 0x3C3D, 0x3D3B, 0x3C3C, 0x3D3C, 0x3D46, 0x383D, 0x494C, 0x494C, 0x4944, 0x3D3B,
    0x4444, 0x3849, 0x3B38, 0x3B3B, 0x3938, 0x384B, 0x443B, 0x3944, 0x443B, 0x3B4B, 0x4939, 0x3D3B,
    0x493B, 0x3B49, 0x3949, 0x3838, 0x493B, 0x3B44, 0x3838, 0x383C, 0x4938, 0x3839, 0x3D3B, 0x3D3D,
    0x443B, 0x3B3B, 0x3838, 0x3C3D, 0x3B3B, 0x3B38, 0x4B49, 0x4449, 0x383B, 0x3B39, 0x3838, 0x393B,
    0x3B3B, 0x3D3B, 0x3B38, 0x3D38, 0x3B3B, 0x383D, 0x383D, 0x383B, 0x3B3B, 0x383B, 0x3838, 0x3C38,
    0x3D3D, 0x383D, 0x383D, 0x383D, 0x3D38, 0x3C38, 0x3C3D, 0x3C38, 0x3D46, 0x3D3C, 0x3C46, 0x3D3D,
    0x3D38, 0x3D3D, 0x3D3D, 0x3C38, 0x3B39, 0x3C3C, 0x3C3C, 0x3C3D, 0x3B3B, 0x3C38, 0x3D3D, 0x3D38,
    0x3D3D, 0x383D, 0x3D3C, 0x3C38, 0x3D3D, 0x3D3C, 0x3C3D, 0x3C3C, 0x3C38, 0x3838, 0x3D3D, 0x383C,
    0x3C3C, 0x3C3C, 0x3C3C, 0x3C3D, 0x3D3D, 0x3D3C, 0x3D3C, 0x3C3D, 0x3838, 0x3838, 0x3842, 0x3B38,
    0x3D39, 0x383D, 0x493B, 0x2E4C, 0x3C3D, 0x4938, 0x532E, 0x5302, 0x3B3D, 0x534B, 0x4A54, 0x394B,
    0x4942, 0x0254, 0x442E, 0x3D38, 0x4A3B, 0x4C02, 0x383B, 0x3B3D, 0x5449, 0x3B4A, 0x3838, 0x3D3B,
    0x5357, 0x3949, 0x3B57, 0x383D, 0x493B, 0x494A, 0x383D, 0x3D38, 0x4A4A, 0x3D49, 0x3D3D, 0x3D3D,
    0x3B4B, 0x3D3D, 0x3D3D, 0x3D38, 0x3D3D, 0x3B3D, 0x3D3D, 0x3C3D, 0x383D, 0x383D, 0x3C38, 0x3C3D,
    0x3D3D, 0x3838, 0x3C3D, 0x383C, 0x3D3D, 0x3D3D, 0x3C3C, 0x3C3D, 0x383D, 0x383D, 0x3D3C, 0x3C3D,
    0x3D3D, 0x3C3D, 0x3D3D, 0x3C38, 0x3C3C, 0x3D3D, 0x3C3D, 0x3C3D, 0x3C3D, 0x3C3C, 0x3C3C, 0x3C3C,
    0x3C3D, 0x3D3D, 0x3C3C, 0x3D3D, 0x3B3B, 0x3D38, 0x3D3D, 0x3C38, 0x3B3D, 0x3B3D, 0x4B49, 0x4949,
    0x383B, 0x4B38, 0x492E, 0x3838, 0x383B, 0x2E4B, 0x3B57, 0x3D3D, 0x4D4D, 0x4D4D, 0x4D4D, 0x4D4D,
    0x4D4D, 0x4E50, 0x4E50, 0x4E50, 0x4D4D, 0x4E50, 0x4E50, 0x4E50, 0x4D4D, 0x4E50, 0x4E50, 0x4E50,
    0x4D4D, 0x4E50, 0x4E50, 0x4E50, 0x4D4D, 0x4E50, 0x4E50, 0x4E50, 0x4D4D, 0x4D4D, 0x4D4D, 0x4D4D,
    0x4E4E, 0x4E4E, 0x4E4E, 0x4E4E, 0x4D4D, 0x4D4D, 0x4D4D, 0x4E4D, 0x4E50, 0x4E50, 0x4E50, 0x4E4D,
    0x4E50, 0x4E50, 0x4E50, 0x4E4D, 0x4E50, 0x4E50, 0x4E50, 0x4E4D, 0x4E50, 0x4E50, 0x4E50, 0x4E4D,
    0x4E50, 0x4E50, 0x4E50, 0x4E4D, 0x4D4D, 0x4D4D, 0x4D4D, 0x4E4D, 0x4E4E, 0x4E4E, 0x4E4E, 0x4E4E,
    0x0B0B, 0x0B0B, 0x0B0B, 0x350B, 0x0B0B, 0x190B, 0x0B0B, 0x1735, 0x0B0B, 0x0B0B, 0x360B, 0x4244,
    0x0B0B, 0x0B0B, 0x3635, 0x3F42, 0x0B0B, 0x350B, 0x3117, 0x343F, 0x0B0B, 0x4436, 0x3F42, 0x3E34,
    0x351E, 0x3117, 0x343F, 0x423E, 0x4436, 0x3F42, 0x3E34, 0x5555, 0x0B35, 0x0B0B, 0x0B0B, 0x0B0B,
    0x3517, 0x0B0B, 0x470B, 0x0B0B, 0x4442, 0x0B36, 0x0B0B, 0x0B0B, 0x423F, 0x3536, 0x0B0B, 0x0B0B,
    0x3F34, 0x1731, 0x0B35, 0x0B0B, 0x343E, 0x423F, 0x3644, 0x0B0B, 0x3E42, 0x3F34, 0x1731, 0x1E35,
    0x5555, 0x343E, 0x423F, 0x3644, 0x3535, 0x3F36, 0x3E34, 0x3B3B, 0x350B, 0x1717, 0x3431, 0x3B3E,
    0x0B0B, 0x4436, 0x3F42, 0x3E34, 0x0B0B, 0x350B, 0x4236, 0x343F, 0x0B0B, 0x0B0B, 0x1735, 0x3F31,
    0x0B0B, 0x0B0B, 0x360B, 0x4244, 0x0B0B, 0x0B0B, 0x0B0B, 0x1735, 0x0B0B, 0x470B, 0x0B0B, 0x360B,
    0x3B3B, 0x343E, 0x363F, 0x3535, 0x3E3B, 0x3134, 0x1717, 0x0B35, 0x343E, 0x423F, 0x3644, 0x0B0B,
    0x3F34, 0x3642, 0x0B35, 0x0B0B, 0x313F, 0x3517, 0x0B0B, 0x0B19, 0x4442, 0x0B36, 0x190B, 0x0B19,
    0x3517, 0x0B0B, 0x0B0B, 0x0B0B, 0x0B36, 0x0B0B, 0x0B0B, 0x0B0B, 0x1717, 0x3F31, 0x3E34, 0x383B,
    0x350B, 0x4236, 0x343F, 0x3B3E, 0x0B0B, 0x4436, 0x3F42, 0x3E34, 0x0B0B, 0x170B, 0x1717, 0x3431,
    0x190B, 0x0B19, 0x3535, 0x3F0C, 0x0B0B, 0x1947, 0x360B, 0x4244, 0x0B0B, 0x0B0B, 0x0B0B, 0x3117,
    0x0B1E, 0x0B0B, 0x0B0B, 0x350B, 0x3D3D, 0x3C3D, 0x3D3D, 0x3C38, 0x3C3B, 0x3D3D, 0x3C3D, 0x3C3D,
    0x383B, 0x3C3C, 0x3C3C, 0x3C3C, 0x3B48, 0x3D3B, 0x3C3C, 0x3D3D, 0x3E34, 0x383B, 0x3C3C, 0x3C3D,
    0x3434, 0x3B3E, 0x3C3B, 0x3D3D, 0x3F42, 0x3E34, 0x3B3B, 0x3C3C, 0x4258, 0x343F, 0x3B48, 0x3C38,
    0x383C, 0x3E3B, 0x3F34, 0x3642, 0x3C3C, 0x3B3B, 0x343E, 0x4251, 0x3D3D, 0x3B3C, 0x3E3B, 0x3F34,
    0x3D3C, 0x3C3C, 0x3B38, 0x343E, 0x3D38, 0x3C3C, 0x3B3D, 0x3E3B, 0x3C3C, 0x3C3C, 0x3C3C, 0x3B38,
    0x3D3C, 0x3D3C, 0x3D43, 0x3B3C, 0x3D3C, 0x3D3C, 0x3D3C, 0x3D3D, 0x0B35, 0x0B0B, 0x0B0B, 0x1E0B,
    0x1731, 0x0B0B, 0x0B0B, 0x0B0B, 0x4442, 0x0B36, 0x1919, 0x0B0B, 0x363F, 0x3535, 0x190B, 0x0B47,
    0x3134, 0x1717, 0x0B17, 0x0B0B, 0x343E, 0x4251, 0x3644, 0x0B0B, 0x3E3B, 0x3F3F, 0x3642, 0x0B35,
    0x3838, 0x343E, 0x3151, 0x1717, 0x0B1E, 0x0B0B, 0x0B0B, 0x350B, 0x0B0B, 0x0B0B, 0x0B0B, 0x3117,
    0x0B0B, 0x1919, 0x360B, 0x4044, 0x190B, 0x0B47, 0x3535, 0x3F36, 0x0B0B, 0x170B, 0x1717, 0x3431,
    0x0B0B, 0x4436, 0x3F42, 0x3E34, 0x350B, 0x4236, 0x343F, 0x3B37, 0x1717, 0x3F31, 0x3E45, 0x3838,
    0x4236, 0x343F, 0x3B37, 0x3C38, 0x3F42, 0x3E34, 0x3B3B, 0x3C3C, 0x343F, 0x3837, 0x3C3B, 0x3D38,
    0x3E34, 0x3B3B, 0x3C3C, 0x3C3D, 0x3B37, 0x3D3B, 0x3C3C, 0x3D3D, 0x383B, 0x3C3C, 0x3C3C, 0x3C3C,
    0x3C3B, 0x3D3D, 0x3C3D, 0x3C38, 0x3D3C, 0x3C3D, 0x3D3D, 0x3C3D, 0x3D3C, 0x3D3D, 0x3D3C, 0x3C3D,
    0x3D3C, 0x3D3C, 0x3D3D, 0x3B3C, 0x3C3C, 0x3C3C, 0x3C3C, 0x3B38, 0x3D3D, 0x3C3C, 0x3B3D, 0x3E3B,
    0x3D3C, 0x3C3C, 0x3B3B, 0x343E, 0x3D3D, 0x3B3C, 0x3E38, 0x3F34, 0x3C3C, 0x3B3B, 0x343E, 0x423F,
    0x383C, 0x3E3B, 0x3F45, 0x3642, 0x5A59, 0x5A5A, 0x5A5A, 0x5A5A, 0x5A59, 0x5A5A, 0x5A5A, 0x5A5A,
    0x5A59, 0x5A5A, 0x5A5A, 0x5A5A, 0x5A2F, 0x5A5A, 0x5A5A, 0x5A5A, 0x5A59, 0x5A5A, 0x5A5A, 0x5A5A,
    0x5A2F, 0x5A5A, 0x5A5A, 0x5A5A, 0x5A2F, 0x5A5A, 0x5A5A, 0x5A5A, 0x5A2F, 0x5A5A, 0x5A5A, 0x5A5A,
    0x5A5A, 0x092F, 0x095B, 0x0957, 0x5A5A, 0x092F, 0x0957, 0x0962, 0x5A5A, 0x092F, 0x0957, 0x0957,
    0x5A5A, 0x092F, 0x0962, 0x0962, 0x5A5A, 0x092F, 0x095B, 0x0957, 0x5A5A, 0x092F, 0x0957, 0x0962,
    0x5A5A, 0x092F, 0x0957, 0x5757, 0x5A5A, 0x572F, 0x5C62, 0x5C5C, 0x095B, 0x5A2F, 0x5A5A, 0x5A5A,
    0x0957, 0x5A2F, 0x5A5A, 0x5A5A, 0x0957, 0x5A2F, 0x5A5A, 0x5A5A, 0x0962, 0x5A2F, 0x5A5A, 0x5A5A,
    0x095B, 0x5A2F, 0x5A5A, 0x5A5A, 0x0957, 0x2F62, 0x0101, 0x0101, 0x5C5C, 0x595C, 0x5959, 0x5959,
    0x5959, 0x5C59, 0x5C5C, 0x5C5C, 0x5A5A, 0x5A5A, 0x5A5A, 0x5A5A, 0x5A5A, 0x5A5A, 0x5A5A, 0x5A5A,
    0x5A5A, 0x5A5A, 0x5A5A, 0x5A5A, 0x5A5A, 0x5A5A, 0x5A5A, 0x5A5A, 0x5A5A, 0x5A5A, 0x5A5A, 0x5A5A,
    0x0101, 0x0101, 0x0101, 0x0101, 0x5959, 0x5959, 0x5959, 0x5959, 0x5C5C, 0x5C5C, 0x5C5C, 0x5C5C,
    0x5A5A, 0x595A, 0x0909, 0x0909, 0x5A5A, 0x575D, 0x0909, 0x0909, 0x5A5A, 0x0959, 0x0909, 0x0909,
    0x5A5A, 0x0959, 0x0909, 0x0909, 0x5A5A, 0x092F, 0x0909, 0x0909, 0x0101, 0x575C, 0x0909, 0x0909,
    0x5959, 0x5C2F, 0x0957, 0x0909, 0x5C5C, 0x5959, 0x5C2F, 0x0962, 0x0909, 0x0909, 0x0909, 0x5C09,
    0x0909, 0x0909, 0x0909, 0x5C09, 0x0909, 0x0909, 0x0909, 0x5C09, 0x0909, 0x0909, 0x0909, 0x5C09,
    0x0909, 0x0909, 0x0909, 0x5C09, 0x0909, 0x0909, 0x0909, 0x5C09, 0x0909, 0x0909, 0x0909, 0x5C09,
    0x0909, 0x0909, 0x0909, 0x5C09, 0x5D5C, 0x5D5D, 0x5D5D, 0x5D5D, 0x5D5C, 0x5D5D, 0x5D5D, 0x5D5D,
    0x5D5C, 0x5D5D, 0x5D5D, 0x5D5D, 0x5D5C, 0x5D5D, 0x5D5D, 0x5D5D, 0x5D5C, 0x5D5D, 0x5D5D, 0x5D5D,
    0x5D5C, 0x5D5D, 0x5D5D, 0x2F5D, 0x5D5C, 0x5D5D, 0x5D5D, 0x5C2F, 0x5D5C, 0x5D5D, 0x2F5D, 0x5C5C,
    0x5D5D, 0x2F2F, 0x2F2F, 0x2F5D, 0x5D5D, 0x5C5C, 0x5C5C, 0x5C5C, 0x5D5D, 0x5C5C, 0x5C5C, 0x5C5C,
    0x2F5D, 0x5C5C, 0x5C5C, 0x5C5C, 0x612F, 0x6161, 0x6161, 0x5C61, 0x6161, 0x5959, 0x5959, 0x6161,
    0x6159, 0x5959, 0x5959, 0x5961, 0x592F, 0x6161, 0x6161, 0x2F59, 0x0101, 0x315D, 0x5E31, 0x3631,
    0x0101, 0x5D01, 0x5E31, 0x3F31, 0x015C, 0x5901, 0x345E, 0x3463, 0x5D5C, 0x5901, 0x345E, 0x3E3E,
    0x5A5C, 0x595D, 0x5E5E, 0x5E5E, 0x5A5C, 0x2F5A, 0x5757, 0x5762, 0x5A5C, 0x2F5A, 0x3B3B, 0x3B3B,
    0x5A5C, 0x2F5A, 0x3B3B, 0x3838, 0x5F2F, 0x595F, 0x5959, 0x5959, 0x592F, 0x5959, 0x5959, 0x5959,
    0x592F, 0x5959, 0x5959, 0x5959, 0x5959, 0x5959, 0x5959, 0x5959, 0x5959, 0x5959, 0x5959, 0x5959,
    0x5959, 0x5959, 0x5959, 0x5959, 0x5959, 0x5959, 0x5959, 0x5959, 0x5959, 0x5959, 0x5959, 0x5959,
    0x6060, 0x6060, 0x6060, 0x6060, 0x6060, 0x6060, 0x6060, 0x6060, 0x6060, 0x6060, 0x6060, 0x6060,
    0x6060, 0x6060, 0x6060, 0x6060, 0x6060, 0x6060, 0x6060, 0x6060, 0x6060, 0x6060, 0x6060, 0x6060,
    0x6060, 0x6060, 0x6060, 0x6060, 0x6060, 0x6060, 0x6060, 0x6060, 0x5A2F, 0x5A5A, 0x5A5A, 0x5A5A,
    0x5A2F, 0x5A5A, 0x5A5A, 0x5A5A, 0x5A2F, 0x5A5A, 0x5A5A, 0x0101, 0x5A2F, 0x5A5A, 0x0101, 0x5959,
    0x592F, 0x0101, 0x5959, 0x5959, 0x652F, 0x6666, 0x5959, 0x5959, 0x012F, 0x5F01, 0x595F, 0x5959,
    0x5F2F, 0x5F5F, 0x5959, 0x5959, 0x5A5A, 0x5C5C, 0x595C, 0x5959, 0x0101, 0x5959, 0x5959, 0x5C5C,
    0x5959, 0x5959, 0x5C5C, 0x5757, 0x5959, 0x5C5C, 0x572F, 0x5709, 0x5959, 0x5959, 0x5C5C, 0x5C5C,
    0x5959, 0x5959, 0x5959, 0x6159, 0x5959, 0x5959, 0x5959, 0x6159, 0x5959, 0x5959, 0x5959, 0x6159,
    0x5C5C, 0x5C5C, 0x5C5C, 0x0957, 0x5757, 0x5C5C, 0x5C5C, 0x0909, 0x5C57, 0x5C5C, 0x575C, 0x0909,
    0x5C5C, 0x5C5C, 0x095C, 0x0909, 0x5C5C, 0x5C5C, 0x095B, 0x0909, 0x5C5C, 0x5C5C, 0x5C5C, 0x5C5C,
    0x5959, 0x5959, 0x5959, 0x5959, 0x5959, 0x5C5C, 0x595C, 0x5959, 0x0909, 0x0909, 0x0909, 0x5C09,
    0x0909, 0x0909, 0x0909, 0x5C09, 0x0909, 0x0909, 0x0909, 0x5C09, 0x0909, 0x0909, 0x0909, 0x5C09,
    0x0909, 0x0909, 0x0909, 0x5C09, 0x5C5C, 0x0962, 0x0909, 0x5C09, 0x5959, 0x5C5C, 0x5C5C, 0x5C5C,
    0x5959, 0x5959, 0x5959, 0x5959, 0x5C5C, 0x095C, 0x0909, 0x0909, 0x5C5C, 0x095C, 0x0909, 0x0909,
    0x5C5C, 0x095C, 0x0909, 0x0909, 0x5C5C, 0x095C, 0x0909, 0x0909, 0x5C5C, 0x095C, 0x0909, 0x0909,
    0x5C5C, 0x095C, 0x0909, 0x0909, 0x5C5C, 0x5C5C, 0x5C5C, 0x5C5C, 0x5959, 0x5961, 0x5959, 0x5959,
    0x5709, 0x5C5C, 0x5959, 0x5C2F, 0x0909, 0x5709, 0x5C5C, 0x5959, 0x0909, 0x0909, 0x5709, 0x5C5C,
    0x0909, 0x0909, 0x0909, 0x5C62, 0x0909, 0x0909, 0x0909, 0x5C5C, 0x0909, 0x0909, 0x0909, 0x5C5C,
    0x5C5C, 0x5C5C, 0x5C5C, 0x5C5C, 0x5959, 0x5959, 0x5959, 0x5C59, 0x095B, 0x0909, 0x0909, 0x5C57,
    0x5C2F, 0x0962, 0x5709, 0x5C5C, 0x5959, 0x5C2F, 0x5C57, 0x5D5C, 0x5C5C, 0x5959, 0x5C5C, 0x5D5D,
    0x5959, 0x5959, 0x5959, 0x0101, 0x5959, 0x5959, 0x595C, 0x5959, 0x2F2F, 0x2F2F, 0x595C, 0x5959,
    0x2F2F, 0x5C2F, 0x6159, 0x5959, 0x5D5C, 0x5D5D, 0x5C2F, 0x5C5C, 0x5D5D, 0x2F5D, 0x5C5C, 0x5C5C,
    0x5D5D, 0x5C2F, 0x645C, 0x6457, 0x2F5D, 0x5C5C, 0x645C, 0x6462, 0x5C2F, 0x5C5C, 0x645C, 0x6464,
    0x0101, 0x5C2F, 0x645C, 0x6464, 0x5959, 0x0101, 0x0101, 0x2F01, 0x5959, 0x5959, 0x5959, 0x0159,
    0x2F2F, 0x5959, 0x5959, 0x2F2F, 0x2F5C, 0x2F2F, 0x2F2F, 0x5C2F, 0x6457, 0x6457, 0x2F2F, 0x5C5C,
    0x6462, 0x6462, 0x5C5C, 0x5C5C, 0x6464, 0x6464, 0x5C5C, 0x5C5C, 0x6464, 0x6464, 0x5C5C, 0x5C5C,
    0x5C5C, 0x5C5C, 0x5C5C, 0x5D5C, 0x0101, 0x0101, 0x2F01, 0x015D, 0x5A5C, 0x2F5A, 0x3B3B, 0x3838,
    0x5A5C, 0x2F5A, 0x3D3D, 0x383D, 0x5A5C, 0x2F5A, 0x3D3D, 0x3D38, 0x5A5C, 0x2F5A, 0x3C3C, 0x3C3C,
    0x5A5C, 0x2F5A, 0x3C3C, 0x3D3C, 0x5A5C, 0x2F5A, 0x3D34, 0x3C3D, 0x5A5D, 0x2F5A, 0x3C3C, 0x3C3C,
    0x5D01, 0x2F5A, 0x3C3C, 0x3C3D, 0x5961, 0x5959, 0x5959, 0x5959, 0x5961, 0x5959, 0x5959, 0x5959,
    0x6159, 0x5959, 0x5959, 0x5959, 0x5959, 0x5961, 0x5959, 0x5959, 0x5A5A, 0x615D, 0x5959, 0x5959,
    0x5A5A, 0x5D5A, 0x5961, 0x5959, 0x5D5D, 0x5A5D, 0x2F5D, 0x2F2F, 0x6767, 0x5D61, 0x5D5D, 0x2F2F,
    0x5961, 0x5959, 0x5959, 0x5959, 0x5959, 0x5959, 0x5959, 0x5959, 0x5959, 0x5959, 0x5959, 0x5959,
    0x5959, 0x5959, 0x5959, 0x5959, 0x5959, 0x5959, 0x5959, 0x5959, 0x5959, 0x5959, 0x5959, 0x5959,
    0x2F2F, 0x2F2F, 0x2F2F, 0x2F2F, 0x2F2F, 0x2F2F, 0x2F2F, 0x2F2F, 0x5959, 0x5961, 0x5C59, 0x5C5C,
    0x5959, 0x5961, 0x5959, 0x5959, 0x5959, 0x6159, 0x5959, 0x5959, 0x5959, 0x6159, 0x5959, 0x5959,
    0x5959, 0x6159, 0x5959, 0x5959, 0x5959, 0x6159, 0x5959, 0x5959, 0x2F2F, 0x5C2F, 0x2F2F, 0x2F2F,
    0x2F2F, 0x5C2F, 0x2F2F, 0x2F2F, 0x5C5C, 0x595C, 0x5959, 0x5961, 0x5959, 0x5959, 0x5959, 0x5961,
    0x5959, 0x5959, 0x5959, 0x5961, 0x5959, 0x5959, 0x5959, 0x5961, 0x5959, 0x5959, 0x5959, 0x5961,
    0x5959, 0x5959, 0x5959, 0x5961, 0x2F2F, 0x2F2F, 0x2F2F, 0x595C, 0x2F2F, 0x2F2F, 0x2F2F, 0x595C,
    0x5959, 0x5959, 0x5D59, 0x015D, 0x5959, 0x5959, 0x5959, 0x015D, 0x5959, 0x5959, 0x5959, 0x5D59,
    0x5959, 0x5959, 0x5959, 0x5959, 0x5A5A, 0x595D, 0x5959, 0x5959, 0x5A5A, 0x5D5A, 0x5959, 0x5959,
    0x5D5D, 0x5A5D, 0x595D, 0x5959, 0x6767, 0x5D61, 0x5D5D, 0x5959, 0x0101, 0x2F5D, 0x3D3C, 0x3D3C,
    0x0101, 0x5901, 0x3C3C, 0x3C3C, 0x0101, 0x5901, 0x3C3D, 0x3D3C, 0x015D, 0x5901, 0x3C3C, 0x3C3D,
    0x5D59, 0x5901, 0x3C3D, 0x3C3D, 0x5959, 0x2F59, 0x3C3D, 0x3D3C, 0x5959, 0x2F59, 0x3C3C, 0x3C3C,
    0x5C5C, 0x5C5C, 0x3C3C, 0x3C3D, 0x0000, 0x0000, 0x0000, 0x0000, 0x0000, 0x0000, 0x0000, 0x0000,
    0x5D5D, 0x5D5D, 0x5D5D, 0x5D5D, 0x5A5A, 0x5A5A, 0x5A5A, 0x5A5A, 0x5A5A, 0x5A5A, 0x5A5A, 0x5A5A,
    0x5A5A, 0x5A5A, 0x5A5A, 0x5A5A, 0x5A5A, 0x5A5A, 0x5A5A, 0x5A5A, 0x5A5A, 0x5A5A, 0x5A5A, 0x5A5A,
    0x0000, 0x0000, 0x0000, 0x0000, 0x0000, 0x0000, 0x0000, 0x0000, 0x0000, 0x0000, 0x0000, 0x0000,
    0x0000, 0x0000, 0x0000, 0x0000, 0x0000, 0x0000, 0x0000, 0x0000, 0x0000, 0x0000, 0x0000, 0x0000,
    0x0000, 0x0000, 0x0000, 0x0000, 0x0000, 0x0000, 0x0000, 0x5D5D, 0x0000, 0x0000, 0x0000, 0x0000,
    0x0000, 0x0000, 0x0000, 0x0000, 0x0000, 0x0000, 0x0000, 0x0000, 0x0000, 0x0000, 0x0000, 0x0000,
    0x0000, 0x0000, 0x2F00, 0x2F5C, 0x0000, 0x5900, 0x572F, 0x0962, 0x5D5D, 0x5759, 0x0957, 0x0957,
    0x5A5A, 0x092F, 0x0962, 0x0962, 0x0000, 0x0000, 0x0000, 0x0000, 0x0000, 0x0000, 0x0000, 0x0000,
    0x0000, 0x5D00, 0x5D5D, 0x5D5D, 0x5C2F, 0x5A59, 0x5A5A, 0x5A5A, 0x095B, 0x5A2F, 0x5A5A, 0x5A5A,
    0x0957, 0x5A2F, 0x5A5A, 0x5A5A, 0x0957, 0x5A2F, 0x5A5A, 0x5A5A, 0x0962, 0x5A2F, 0x5A5A, 0x5A5A,
    0x0000, 0x0000, 0x0000, 0x0000, 0x0000, 0x0000, 0x0000, 0x0000, 0x5D5D, 0x0000, 0x0000, 0x0000,
    0x5A5A, 0x5959, 0x0000, 0x0000, 0x5A5A, 0x5759, 0x5C5C, 0x0000, 0x5A5A, 0x0959, 0x5709, 0x5C5C,
    0x5A5A, 0x0959, 0x0909, 0x5709, 0x5A5A, 0x575D, 0x0909, 0x0909, 0x0000, 0x0000, 0x0000, 0x0000,
    0x0000, 0x0000, 0x0000, 0x0000, 0x0000, 0x0000, 0x0000, 0x0000, 0x0000, 0x0000, 0x0000, 0x0000,
    0x0000, 0x0000, 0x0000, 0x0000, 0x0000, 0x0000, 0x0000, 0x0000, 0x5C5C, 0x0000, 0x0000, 0x0000,
    0x5709, 0x5C5C, 0x0000, 0x0000, 0x0000, 0x0000, 0x0000, 0x0000, 0x0000, 0x0000, 0x0000, 0x0000,
    0x0000, 0x0000, 0x0000, 0x0000, 0x0000, 0x0000, 0x0000, 0x5A00, 0x0000, 0x0000, 0x0000, 0x5D5A,
    0x0000, 0x0000, 0x5A00, 0x5D5D, 0x0000, 0x0000, 0x5D5A, 0x5D5D, 0x0000, 0x5A00, 0x5D5D, 0x5D5D,
    0x0000, 0x0000, 0x0000, 0x0000, 0x5A00, 0x0000, 0x0000, 0x0000, 0x5D5A, 0x005A, 0x0000, 0x0000,
    0x5D5D, 0x005A, 0x0000, 0x0000, 0x5D5D, 0x005A, 0x0000, 0x0000, 0x5D5D, 0x005A, 0x0000, 0x0000,
    0x5D5D, 0x2F5D, 0x0000, 0x0000, 0x5D5D, 0x2F5D, 0x0000, 0x0000, 0x315E, 0x315E, 0x5E5E, 0x2F31,
    0x6868, 0x6868, 0x6868, 0x2F31, 0x6868, 0x6868, 0x6868, 0x2F68, 0x5E5E, 0x5E5E, 0x5E5E, 0x2F5E,
    0x6868, 0x6868, 0x6868, 0x2F68, 0x7373, 0x7373, 0x7373, 0x2F73, 0x7776, 0x7777, 0x7777, 0x2F77,
    0x6876, 0x7768, 0x7777, 0x5C68, 0x5B68, 0x5B5B, 0x685B, 0x5C5B, 0x6868, 0x5B5B, 0x5B5B, 0x5C5B,
    0x5B5B, 0x5B5B, 0x5B68, 0x5C5B, 0x685B, 0x685B, 0x5B5B, 0x2F68, 0x6868, 0x5B68, 0x5B68, 0x2F68,
    0x5B5B, 0x6868, 0x5B68, 0x2F5B, 0x5B68, 0x5B5B, 0x5B5B, 0x2F5B, 0x5B68, 0x6868, 0x5B5B, 0x2F68,
    0x5959, 0x5959, 0x5959, 0x5959, 0x5959, 0x5959, 0x5959, 0x5959, 0x5959, 0x5959, 0x5959, 0x5959,
    0x5959, 0x5959, 0x5959, 0x5959, 0x5959, 0x5D59, 0x5A5A, 0x5A5A, 0x5959, 0x5A5D, 0x5A5A, 0x5A5A,
    0x5D59, 0x5D5A, 0x5D5D, 0x5D5D, 0x5D5D, 0x615D, 0x6767, 0x6767, 0x5D5D, 0x6761, 0x5764, 0x6467,
    0x5D5D, 0x6467, 0x6467, 0x6767, 0x5D5D, 0x5767, 0x6764, 0x666E, 0x5D5D, 0x3B67, 0x6767, 0x3B66,
    0x6161, 0x5767, 0x6472, 0x6767, 0x5B68, 0x6467, 0x6757, 0x6764, 0x3838, 0x6738, 0x5764, 0x666E,
    0x3C3C, 0x3D3D, 0x6767, 0x6767, 0x6467, 0x6167, 0x5D5D, 0x5961, 0x5764, 0x6764, 0x5D5D, 0x6161,
    0x6767, 0x6757, 0x5D5D, 0x5959, 0x6467, 0x6766, 0x5D5D, 0x5959, 0x6764, 0x6757, 0x6161, 0x2F2F,
    0x5766, 0x6764, 0x5B68, 0x685B, 0x6457, 0x3867, 0x3838, 0x3838, 0x6767, 0x3D3D, 0x3C3C, 0x3C3D,
    0x5B68, 0x5B5B, 0x685B, 0x2F5B, 0x6868, 0x5B5B, 0x5B5B, 0x2F5B, 0x3838, 0x5B5B, 0x5B68, 0x685B,
    0x383D, 0x384F, 0x5B5B, 0x5B68, 0x3D3C, 0x3C3D, 0x3C3D, 0x3838, 0x3C3D, 0x383D, 0x3C3D, 0x3D3C,
    0x3C3C, 0x3C3C, 0x3C3C, 0x3C3C, 0x3C3C, 0x3D3D, 0x3C3C, 0x3C3D, 0x5959, 0x5959, 0x5959, 0x5959,
    0x5959, 0x5959, 0x5959, 0x5959, 0x2F2F, 0x592F, 0x5959, 0x5959, 0x6868, 0x2F5B, 0x2F2F, 0x2F2F,
    0x3838, 0x5B68, 0x5B68, 0x5B68, 0x3C3D, 0x3838, 0x3D38, 0x6838, 0x3C3C, 0x3C3C, 0x3C3C, 0x3843,
    0x3C3C, 0x3D3D, 0x3C3C, 0x3C3D, 0x5959, 0x5959, 0x5959, 0x5959, 0x6161, 0x6161, 0x6161, 0x6161,
    0x5959, 0x5959, 0x5959, 0x5959, 0x5959, 0x5959, 0x5959, 0x5959, 0x2F2F, 0x2F2F, 0x2F2F, 0x2F2F,
    0x5B68, 0x6868, 0x5B68, 0x685B, 0x3838, 0x3838, 0x3838, 0x3838, 0x3C3C, 0x3D3D, 0x3C3C, 0x3C3D,
    0x5959, 0x6159, 0x5959, 0x5959, 0x6161, 0x6161, 0x6161, 0x6161, 0x5959, 0x5959, 0x5959, 0x5959,
    0x5959, 0x5959, 0x5959, 0x5959, 0x2F2F, 0x2F2F, 0x2F2F, 0x2F2F, 0x5B68, 0x6868, 0x5B68, 0x685B,
    0x3838, 0x3838, 0x3838, 0x3838, 0x3C3C, 0x3D3D, 0x3C3C, 0x3C3D, 0x5959, 0x5959, 0x5959, 0x5961,
    0x6161, 0x6161, 0x6161, 0x5961, 0x5959, 0x5959, 0x5959, 0x5959, 0x5959, 0x5959, 0x5959, 0x5959,
    0x2F2F, 0x2F2F, 0x2F2F, 0x2F2F, 0x5B68, 0x6868, 0x5B68, 0x685B, 0x3838, 0x3838, 0x3838, 0x3838,
    0x3C3C, 0x3D3D, 0x3C3C, 0x3C3D, 0x5C5C, 0x5C5C, 0x3D3C, 0x3D3C, 0x5C5C, 0x2F5C, 0x3C3C, 0x3C3C,
    0x5959, 0x3C2F, 0x3C3D, 0x3D3C, 0x2F2F, 0x3D3C, 0x3C3C, 0x3C3D, 0x3D3C, 0x3C3D, 0x3C3D, 0x3C3D,
    0x3C3D, 0x383D, 0x3C3D, 0x3D3C, 0x3C3C, 0x383C, 0x3C3C, 0x3C3C, 0x3C3C, 0x3D3D, 0x3C3C, 0x3C3D,
    0x6969, 0x6969, 0x6969, 0x6A69, 0x6969, 0x6969, 0x6A69, 0x6A6A, 0x6969, 0x6A69, 0x6A6F, 0x6A6A,
    0x6A69, 0x6A6F, 0x6A6F, 0x6A6A, 0x6A6F, 0x6A6F, 0x6A6F, 0x6A6A, 0x6A6F, 0x6A6F, 0x6A6F, 0x6A6A,
    0x6A6F, 0x6A6F, 0x6A6F, 0x6A6A, 0x6A6F, 0x6A6F, 0x6F6F, 0x6F6F, 0x696A, 0x6969, 0x6969, 0x6969,
    0x6A6A, 0x696B, 0x6969, 0x6969, 0x6A6A, 0x6A6B, 0x696F, 0x6969, 0x6A6A, 0x6A6B, 0x6A6F, 0x696F,
    0x6A6A, 0x6A6B, 0x6A6F, 0x6B6F, 0x6A6A, 0x6A6B, 0x6A6F, 0x6B6F, 0x6A6A, 0x6A6B, 0x6A6F, 0x6B6F,
    0x6F6F, 0x6A6F, 0x6A6F, 0x6B6F, 0x1010, 0x1010, 0x1010, 0x1010, 0x6D6C, 0x106D, 0x1010, 0x6D6D,
    0x7070, 0x6D71, 0x6D10, 0x7171, 0x6C6C, 0x0F70, 0x0F10, 0x7171, 0x6C6C, 0x7070, 0x1010, 0x0F0F,
    0x6C74, 0x7470, 0x6D75, 0x106D, 0x7070, 0x6C75, 0x7070, 0x6D71, 0x6C74, 0x6C75, 0x706C, 0x7175,
    0x0000, 0x0000, 0x5D5D, 0x5A5A, 0x5D00, 0x5D5D, 0x5A5A, 0x5A5A, 0x5A5D, 0x5A5A, 0x5A5A, 0x5A5A,
    0x5A5D, 0x5A5A, 0x5A5A, 0x5A5A, 0x5A5D, 0x5A5A, 0x5A5A, 0x5A5A, 0x5A5D, 0x5A5A, 0x5A5A, 0x5A5A,
    0x5A5D, 0x5A5A, 0x5A5A, 0x5A5A, 0x5A5D, 0x5A5A, 0x5A5A, 0x5A5A, 0x5A5A, 0x092F, 0x095B, 0x0957,
    0x5A5A, 0x092F, 0x0957, 0x0962, 0x5A5A, 0x092F, 0x0957, 0x0957, 0x5A5A, 0x092F, 0x0962, 0x0962,
    0x5A5A, 0x092F, 0x095B, 0x0957, 0x5A5A, 0x092F, 0x0957, 0x0962, 0x5A5A, 0x092F, 0x0957, 0x0957,
    0x5A5A, 0x092F, 0x0962, 0x0962, 0x095B, 0x5A2F, 0x5A5A, 0x5A5A, 0x0957, 0x5A2F, 0x5A5A, 0x5A5A,
    0x0957, 0x5A2F, 0x5A5A, 0x5A5A, 0x0962, 0x5A2F, 0x5A5A, 0x5A5A, 0x095B, 0x5A2F, 0x5A5A, 0x5A5A,
    0x0957, 0x5A2F, 0x5A5A, 0x5A5A, 0x0957, 0x5A2F, 0x5A5A, 0x5A5A, 0x0962, 0x5A2F, 0x5A5A, 0x5A5A,
    0x5A5A, 0x5A5A, 0x5A5A, 0x5A5A, 0x5A5A, 0x5A5A, 0x5A5A, 0x5A5A, 0x5A5A, 0x5A5A, 0x5A5A, 0x5A5A,
    0x5A5A, 0x5A5A, 0x5A5A, 0x5A5A, 0x5A5A, 0x5A5A, 0x5A5A, 0x5A5A, 0x5A5A, 0x5A5A, 0x5A5A, 0x5A5A,
    0x5A5A, 0x5A5A, 0x5A5A, 0x5A5A, 0x5A5A, 0x5A5A, 0x5A5A, 0x5A5A, 0x5A5A, 0x595A, 0x0909, 0x0909,
    0x5A5A, 0x595A, 0x0909, 0x0909, 0x5A5A, 0x595A, 0x0909, 0x0909, 0x5A5A, 0x595A, 0x0909, 0x0909,
    0x5A5A, 0x595A, 0x0909, 0x0909, 0x5A5A, 0x595A, 0x0909, 0x0909, 0x5A5A, 0x595A, 0x0909, 0x0909,
    0x5A5A, 0x595A, 0x0909, 0x0909, 0x0909, 0x5709, 0x005C, 0x0000, 0x0909, 0x0909, 0x5C57, 0x5D5D,
    0x0909, 0x0909, 0x5709, 0x5D5C, 0x0909, 0x0909, 0x0909, 0x5C5C, 0x0909, 0x0909, 0x0909, 0x5C57,
    0x0909, 0x0909, 0x0909, 0x5C09, 0x0909, 0x0909, 0x0909, 0x5C09, 0x0909, 0x0909, 0x0909, 0x5C09,
    0x0000, 0x5D5A, 0x5D5D, 0x5D5D, 0x5A00, 0x5D5D, 0x5D5D, 0x5D5D, 0x5D5A, 0x5D5D, 0x5D5D, 0x5D5D,
    0x5D5D, 0x5D5D, 0x5D5D, 0x5D5D, 0x5D5C, 0x5D5D, 0x5D5D, 0x5D5D, 0x5D5C, 0x5D5D, 0x5D5D, 0x5D5D,
    0x5D5C, 0x5D5D, 0x5D5D, 0x5D5D, 0x5D5C, 0x5D5D, 0x5D5D, 0x5D5D, 0x5D5D, 0x005D, 0x002F, 0x0000,
    0x5D5D, 0x005D, 0x002F, 0x0000, 0x5D5D, 0x005D, 0x2F00, 0x0000, 0x5D5D, 0x005D, 0x5C00, 0x0000,
    0x5D5D, 0x5D5D, 0x2F5D, 0x0000, 0x5D5D, 0x5A5D, 0x5D5A, 0x5D2F, 0x5D5D, 0x2F5D, 0x2F2F, 0x015C,
    0x5D5D, 0x2F2F, 0x2F2F, 0x012F, 0x0000, 0x0000, 0x0000, 0x0000, 0x0000, 0x0000, 0x0000, 0x0000,
    0x0000, 0x0000, 0x0000, 0x0000, 0x0000, 0x0000, 0x0000, 0x0000, 0x0000, 0x0000, 0x0000, 0x0000,
    0x0000, 0x0000, 0x0000, 0x0000, 0x005D, 0x0000, 0x0000, 0x0000, 0x5D01, 0x0000, 0x0000, 0x0000,
    0x0101, 0x0101, 0x0101, 0x0101, 0x0101, 0x0101, 0x0101, 0x0101, 0x0101, 0x0101, 0x0101, 0x0101,
    0x7979, 0x7979, 0x7979, 0x7979, 0x0101, 0x0101, 0x0101, 0x0101, 0x0101, 0x0101, 0x0101, 0x0101,
    0x0101, 0x0101, 0x0101, 0x0101, 0x7979, 0x7979, 0x7979, 0x7979, 0x6A6F, 0x6A6F, 0x6A6A, 0x6A6A,
    0x6A6F, 0x6A6F, 0x6B6F, 0x6B6B, 0x6A6F, 0x6A6F, 0x6A6F, 0x6A6A, 0x6A6F, 0x6A6F, 0x6A6F, 0x6A6A,
    0x6A6F, 0x6A6F, 0x6A6F, 0x6A6A, 0x6A6F, 0x6A6F, 0x6A6F, 0x6A6A, 0x6A6F, 0x6A6F, 0x6A6F, 0x6A6A,
    0x6A6F, 0x6A6F, 0x6A6F, 0x6A6A, 0x6A6A, 0x6A6A, 0x6A6F, 0x6B6F, 0x6B6B, 0x6A6B, 0x6A6F, 0x6B6F,
    0x6A6A, 0x6A6B, 0x6A6F, 0x6B6F, 0x6A6A, 0x6A6B, 0x6A6F, 0x6B6F, 0x6A6A, 0x6A6B, 0x6A6F, 0x6B6F,
    0x6A6A, 0x6A6B, 0x6A6F, 0x6B6F, 0x6A6A, 0x6A6B, 0x6A6F, 0x6B6F, 0x6A6A, 0x6A6B, 0x6A6F, 0x6B6F,
    0x6A6A, 0x786A, 0x7878, 0x7878, 0x6A6A, 0x786A, 0x7878, 0x7878, 0x6A6A, 0x786A, 0x7878, 0x7878,
    0x6A6A, 0x6E6A, 0x6E6E, 0x6E6E, 0x6A6A, 0x786A, 0x7878, 0x7878, 0x6A6A, 0x786A, 0x7878, 0x7878,
    0x6A6A, 0x786A, 0x7878, 0x7878, 0x6A6A, 0x6E6A, 0x6E6E, 0x6E6E, 0x7878, 0x7878, 0x7878, 0x7878,
    0x7878, 0x7878, 0x7878, 0x7878, 0x7878, 0x7878, 0x7878, 0x7878, 0x6E6E, 0x6E6E, 0x6E6E, 0x6E6E,
    0x7878, 0x7878, 0x7878, 0x7878, 0x7878, 0x7878, 0x7878, 0x7878, 0x7878, 0x7878, 0x7878, 0x7878,
    0x6E6E, 0x6E6E, 0x6E6E, 0x6E6E, 0x6A6F, 0x6A6F, 0x6A6F, 0x6A6A, 0x6A6F, 0x6A6F, 0x6F6F, 0x6F6F,
    0x6A6F, 0x6A6F, 0x6A6A, 0x6A6A, 0x6A6F, 0x6A6F, 0x6B6F, 0x6B6B, 0x6A6F, 0x6A6F, 0x6A6F, 0x6A6A,
    0x6A6F, 0x6A6F, 0x6A6F, 0x6A6A, 0x6A6F, 0x6A6F, 0x6A6F, 0x6A6A, 0x6A6F, 0x6A6F, 0x6A6F, 0x6A6A,
    0x6A6A, 0x6A6B, 0x6A6F, 0x6B6F, 0x6F6F, 0x6A6F, 0x6A6F, 0x6B6F, 0x6A6A, 0x6A6A, 0x6A6A, 0x6B6F,
    0x6B6B, 0x6A6B, 0x6A6F, 0x6B6F, 0x6A6A, 0x6A6B, 0x6A6F, 0x6B6F, 0x6A6A, 0x6A6B, 0x6A6F, 0x6B6F,
    0x6A6A, 0x7A6B, 0x6A6F, 0x6B6F, 0x7A6A, 0x7A6B, 0x6A6F, 0x6B6F, 0x6A6A, 0x786A, 0x7878, 0x0178,
    0x6A6A, 0x786A, 0x0178, 0x0101, 0x6A6A, 0x016A, 0x0101, 0x0101, 0x6A6A, 0x796A, 0x7979, 0x7979,
    0x6A6A, 0x016A, 0x0101, 0x0101, 0x6A6A, 0x016A, 0x0101, 0x0101, 0x6A6A, 0x016A, 0x0101, 0x0101,
    0x6A6A, 0x796A, 0x7979, 0x7979, 0x0B0B, 0x0B35, 0x350B, 0x0B0B, 0x1735, 0x3536, 0x3617, 0x1735,
    0x3136, 0x3587, 0x8717, 0x1736, 0x8484, 0x3684, 0x8417, 0x3184, 0x827B, 0x8282, 0x8231, 0x8982,
    0x857C, 0x8586, 0x8586, 0x8286, 0x7C7D, 0x7C7C, 0x7C7C, 0x857C, 0x7C7C, 0x827C, 0x7C7C, 0x827C,
    0x0B35, 0x0B35, 0x3535, 0x0B0B, 0x3536, 0x3536, 0x3635, 0x3535, 0x1787, 0x1787, 0x8736, 0x3517,
    0x3188, 0x3184, 0x8488, 0x3617, 0x8989, 0x8989, 0x8989, 0x8931, 0x857C, 0x8286, 0x857C, 0x8286,
    0x7C7D, 0x857C, 0x7C7D, 0x857C, 0x7C7C, 0x827C, 0x7C7C, 0x827C, 0x0B0B, 0x3535, 0x7C7B, 0x7C7D,
    0x3535, 0x8436, 0x8582, 0x7C7C, 0x1735, 0x8487, 0x8682, 0x7C7C, 0x1736, 0x3684, 0x8582, 0x827C,
    0x3188, 0x8289, 0x8589, 0x7C7C, 0x8582, 0x7C86, 0x8582, 0x7C7C, 0x7C85, 0x7D7C, 0x8685, 0x7D7C,
    0x7C82, 0x827C, 0x7C7C, 0x7C7C, 0x7F7E, 0x7B7C, 0x3535, 0x0B0B, 0x837F, 0x8286, 0x3684, 0x3535,
    0x837F, 0x8285, 0x8784, 0x3517, 0x837F, 0x8286, 0x8436, 0x3617, 0x837F, 0x8285, 0x8989, 0x8931,
    0x837F, 0x8286, 0x857C, 0x8286, 0x7D83, 0x827D, 0x7C7D, 0x857C, 0x7C7C, 0x827C, 0x7C7C, 0x827C,
    0x0101, 0x0101, 0x7A01, 0x7A7A, 0x0101, 0x0101, 0x7A01, 0x7A7A, 0x0101, 0x0101, 0x7A01, 0x7A7A,
    0x7979, 0x7979, 0x7A79, 0x7A7A, 0x0101, 0x0101, 0x7A01, 0x7A7A, 0x0101, 0x0101, 0x7A01, 0x7A7A,
    0x0101, 0x0101, 0x7A01, 0x7A7A, 0x7979, 0x7979, 0x7A79, 0x7A7A, 0x7A80, 0x7A80, 0x7A80, 0x7A7A,
    0x7A80, 0x7A80, 0x7A80, 0x7A7A, 0x7A80, 0x7A80, 0x7A80, 0x7A7A, 0x7A80, 0x7A7A, 0x8080, 0x8080,
    0x7A80, 0x7A80, 0x7A7A, 0x7A7A, 0x8080, 0x8080, 0x8080, 0x8080, 0x7A7A, 0x7A7A, 0x7A7A, 0x7A7A,
    0x7A7A, 0x7A7A, 0x7A7A, 0x7A7A, 0x7D81, 0x7C7D, 0x7D7D, 0x827D, 0x7D7D, 0x827D, 0x7C7C, 0x7C7C,
    0x7C7C, 0x817C, 0x8181, 0x7C7D, 0x817F, 0x7D81, 0x7D7D, 0x7C7D, 0x7D81, 0x7D7D, 0x7D7D, 0x827D,
    0x7D7D, 0x7C7D, 0x7C7C, 0x7C7C, 0x7C7C, 0x817C, 0x8181, 0x7C81, 0x817F, 0x7D81, 0x7D7D, 0x7C7D,
    0x7C7C, 0x7C7C, 0x817F, 0x7C7D, 0x817F, 0x7C7D, 0x7D81, 0x7C7D, 0x7D81, 0x7C7D, 0x7D81, 0x7C7D,
    0x7D81, 0x7C7D, 0x7D81, 0x7C7D, 0x7D81, 0x7C7D, 0x7D81, 0x7C7D, 0x7D81, 0x7C7D, 0x7D81, 0x7C7D,
    0x7D81, 0x7C7D, 0x7D7D, 0x7C7D, 0x7D7D, 0x827D, 0x7C7C, 0x827C, 0x7F7E, 0x7F7F, 0x6060, 0x7C60,
    0x817F, 0x8181, 0x7F7F, 0x6081, 0x8381, 0x8383, 0x8181, 0x6083, 0x6060, 0x6060, 0x8383, 0x6083,
    0x7F7E, 0x7F7F, 0x6060, 0x7C60, 0x817F, 0x8181, 0x7F7F, 0x607F, 0x8381, 0x8383, 0x8181, 0x6083,
    0x6060, 0x7C60, 0x8383, 0x6083, 0x8381, 0x8383, 0x8181, 0x6083, 0x6060, 0x6060, 0x8383, 0x6083,
    0x7F7E, 0x6081, 0x6060, 0x7C60, 0x817F, 0x6083, 0x7F7E, 0x6081, 0x817F, 0x6083, 0x817F, 0x6083,
    0x817F, 0x6083, 0x817F, 0x6083, 0x817F, 0x6083, 0x817F, 0x6083, 0x817F, 0x6083, 0x817F, 0x6083,
    0x7F7E, 0x7C83, 0x7F7F, 0x7C83, 0x837F, 0x7C7D, 0x837F, 0x7C7D, 0x837F, 0x7C7D, 0x837F, 0x7C7D,
    0x837F, 0x7C7D, 0x837F, 0x827D, 0x837F, 0x7C7D, 0x837F, 0x7C7D, 0x0B81, 0x7C7C, 0x7D81, 0x7C7C,
    0x0B0B, 0x8285, 0x860B, 0x820B, 0x0B0B, 0x0B89, 0x890B, 0x890B, 0x7F7E, 0x7F7F, 0x7F7F, 0x7C83,
    0x837F, 0x8383, 0x8383, 0x7C7D, 0x7D83, 0x7D7D, 0x7D7D, 0x7C7D, 0x7C7C, 0x7C7C, 0x7C7C, 0x827C,
    0x7F7E, 0x7F7F, 0x7F7F, 0x7C83, 0x7D81, 0x0B60, 0x7D7D, 0x7C7C, 0x860B, 0x0B85, 0x860B, 0x8285,
    0x0B0B, 0x0B89, 0x890B, 0x0B0B, 0x7F7E, 0x7C83, 0x7F7F, 0x7C83, 0x837F, 0x7C7D, 0x837F, 0x7C7D,
    0x837F, 0x7C7D, 0x837F, 0x7C7D, 0x837F, 0x7C7D, 0x837F, 0x827D, 0x837F, 0x7C7D, 0x837F, 0x7C7D,
    0x0B81, 0x7C86, 0x837F, 0x7C7D, 0x0B0B, 0x8235, 0x7D83, 0x7C7D, 0x350B, 0x8236, 0x7C7C, 0x827C,
    0x7F7E, 0x7F7F, 0x7F7F, 0x7C83, 0x837F, 0x8383, 0x8383, 0x7C7D, 0x7D83, 0x7D7D, 0x7D7D, 0x7C7D,
    0x7C7C, 0x7C7C, 0x7C7C, 0x827C, 0x7F7E, 0x7F7F, 0x7C7C, 0x8282, 0x837F, 0x8383, 0x857D, 0x3635,
    0x7D83, 0x7D7D, 0x0B82, 0x350B, 0x7C7C, 0x827C, 0x8484, 0x0B0B, 0x170B, 0x7F85, 0x7F7F, 0x7C83,
    0x0B0B, 0x8535, 0x8383, 0x7C7D, 0x0B0B, 0x350B, 0x7D82, 0x7C7D, 0x0B0B, 0x0B0B, 0x8935, 0x827C,
    0x0B0B, 0x0B19, 0x170B, 0x7C85, 0x0B0B, 0x0B0B, 0x0B0B, 0x8935, 0x0B0B, 0x0B0B, 0x0B0B, 0x170B,
    0x0B0B, 0x0B0B, 0x0B0B, 0x0B0B, 0x7F7E, 0x7C83, 0x857E, 0x0B17, 0x837F, 0x7C7D, 0x3586, 0x0B0B,
    0x837F, 0x827D, 0x0B35, 0x0B0B, 0x837F, 0x3589, 0x0B0B, 0x0B0B, 0x857F, 0x0B17, 0x190B, 0x0B0B,
    0x3589, 0x0B0B, 0x0B0B, 0x0B0B, 0x0B17, 0x0B0B, 0x0B0B, 0x0B0B, 0x0B0B, 0x0B0B, 0x0B0B, 0x0B0B,
    0x0B0B, 0x5858, 0x5858, 0x5858, 0x0B0B, 0x1F58, 0x5858, 0x5858, 0x0B0B, 0x5858, 0x5858, 0x5858,
    0x0B0B, 0x5858, 0x5858, 0x5858, 0x0B0B, 0x0B0B, 0x190B, 0x0B19, 0x0B0B, 0x0B0B, 0x190B, 0x0B19,
    0x191E, 0x0B0B, 0x0B0B, 0x0B0B, 0x1E1E, 0x0B0B, 0x0B0B, 0x0B0B, 0x5858, 0x5858, 0x5858, 0x8A8A,
    0x1758, 0x5858, 0x5858, 0x8A8A, 0x5858, 0x5858, 0x5858, 0x8A8A, 0x5858, 0x5858, 0x8E8E, 0x8A8A,
    0x0B0B, 0x0B0B, 0x4747, 0x0B0B, 0x0B0B, 0x0B0B, 0x0B0B, 0x0B0B, 0x0B0B, 0x0B0B, 0x0B0B, 0x0B0B,
    0x0B0B, 0x470B, 0x0B0B, 0x0B0B, 0x7A7A, 0x7A6B, 0x6A6F, 0x6B6F, 0x7A7A, 0x7A6B, 0x6A6F, 0x6B6F,
    0x7A7A, 0x7A6B, 0x6A6F, 0x6B6F, 0x8080, 0x7A80, 0x6A6F, 0x6B6F, 0x7A7A, 0x7A7A, 0x6A6F, 0x6B6F,
    0x8080, 0x8080, 0x6F6F, 0x6B6F, 0x7A7A, 0x7A7A, 0x6A6A, 0x6A6A, 0x7A7A, 0x7A7A, 0x6A6A, 0x6A6A,
    0x6A6A, 0x016A, 0x0101, 0x0101, 0x6A6A, 0x016A, 0x0101, 0x0101, 0x6A6A, 0x016A, 0x0101, 0x0101,
    0x6A6A, 0x796A, 0x7979, 0x7979, 0x6A6A, 0x016A, 0x0101, 0x0101, 0x6A6A, 0x016A, 0x0101, 0x0101,
    0x6A6A, 0x016A, 0x0101, 0x0101, 0x6A6A, 0x796A, 0x7979, 0x7979, 0x8B7C, 0x7E7F, 0x7E7E, 0x7E7F,
    0x607C, 0x8B83, 0x8B83, 0x7F83, 0x7D7C, 0x8B8B, 0x838B, 0x7F8B, 0x7C7C, 0x7C7C, 0x7C7C, 0x827C,
    0x7D7C, 0x8F8B, 0x7D81, 0x8C7C, 0x607C, 0x8B83, 0x8583, 0x8482, 0x7D7C, 0x8B7D, 0x3182, 0x1717,
    0x7C86, 0x827C, 0x3689, 0x3535, 0x8B7C, 0x8C7C, 0x8784, 0x350C, 0x857C, 0x3182, 0x3517, 0x0B0B,
    0x8982, 0x8784, 0x3536, 0x0B0B, 0x3189, 0x3517, 0x0B0B, 0x0B0B, 0x3684, 0x3535, 0x0B0B, 0x0B0B,
    0x3687, 0x0B35, 0x0B0B, 0x0B0B, 0x0B35, 0x0B0B, 0x0B0B, 0x1E1E, 0x0B0B, 0x0B0B, 0x0B0B, 0x1E1E,
    0x0B0B, 0x0B0B, 0x0B0B, 0x0B0B, 0x0B0B, 0x0B0B, 0x470B, 0x350B, 0x0B0B, 0x0B0B, 0x0B0B, 0x3535,
    0x0B47, 0x0B0B, 0x0B0B, 0x1735, 0x0B0B, 0x0B0B, 0x3635, 0x8487, 0x0B0B, 0x0B0B, 0x1735, 0x8936,
    0x0B0B, 0x3635, 0x8D87, 0x7C8C, 0x0B0B, 0x1717, 0x8836, 0x8582, 0x350B, 0x1717, 0x8531, 0x7C7C,
    0x8736, 0x8988, 0x7C85, 0x7D7C, 0x8D36, 0x7C8C, 0x7D7D, 0x7D8B, 0x8836, 0x8582, 0x7C82, 0x7C7C,
    0x8588, 0x7F7C, 0x7F90, 0x7D81, 0x7C85, 0x8B8B, 0x8B8B, 0x7D8B, 0x7D7D, 0x8B8B, 0x8B8B, 0x8B8B,
    0x7C7C, 0x7C7C, 0x7C82, 0x7C7C, 0x7D81, 0x7D7D, 0x7D7D, 0x827D, 0x7D7D, 0x827D, 0x7C7C, 0x7C7C,
    0x7C7C, 0x7C7C, 0x8181, 0x7C7D, 0x817F, 0x7C7D, 0x7D81, 0x7C7D, 0x7D81, 0x7C7D, 0x7D81, 0x827D,
    0x7D81, 0x7C7D, 0x7D81, 0x7C7D, 0x7D81, 0x7C7D, 0x7D81, 0x7C7D, 0x7D81, 0x7C7D, 0x7D81, 0x7C7D,
    0x7C7C, 0x817C, 0x8181, 0x7C7D, 0x817F, 0x7D81, 0x7D7D, 0x7C7D, 0x7D81, 0x7D7D, 0x7D7D, 0x7C7D,
    0x7D7D, 0x7C7D, 0x7C7C, 0x827C, 0x7C7C, 0x817C, 0x8181, 0x7C7D, 0x817F, 0x7D81, 0x7D7D, 0x7C7D,
    0x7D81, 0x7D7D, 0x7D7D, 0x7C7D, 0x7D7D, 0x7C7D, 0x7C7C, 0x827C, 0x7F7E, 0x6081, 0x6060, 0x7C60,
    0x817F, 0x6083, 0x7F7F, 0x6081, 0x817F, 0x6083, 0x817F, 0x6083, 0x817F, 0x6083, 0x817F, 0x6083,
    0x817F, 0x6083, 0x817F, 0x7C83, 0x817F, 0x6083, 0x817F, 0x6083, 0x8381, 0x6083, 0x817F, 0x6083,
    0x6060, 0x7C60, 0x8381, 0x6083, 0x8381, 0x6083, 0x817F, 0x6083, 0x6060, 0x7C60, 0x8381, 0x6083,
    0x7F7E, 0x7F7F, 0x6060, 0x7C60, 0x817F, 0x8181, 0x7F7F, 0x6081, 0x8381, 0x8383, 0x8181, 0x6083,
    0x6060, 0x6060, 0x8383, 0x6083, 0x7F7E, 0x7F7F, 0x6060, 0x7C60, 0x817F, 0x8181, 0x7F7F, 0x6081,
    0x0000, 0x0000, 0x0000, 0x0000, 0x0000, 0x0000, 0x0000, 0x0000, 0x0000, 0x0000, 0x0000, 0x0000,
    0x0000, 0x0000, 0x0000, 0x0000, 0x0000, 0x0000, 0x0000, 0x8585, 0x0000, 0x0000, 0x8585, 0x8B83,
    0x0000, 0x8592, 0x8181, 0x7C8B, 0x8596, 0x897D, 0x8B96, 0x8985, 0x0000, 0x0000, 0x0000, 0x8585,
    0x0000, 0x0000, 0x8585, 0x9483, 0x0000, 0x8592, 0x8181, 0x7D60, 0x8596, 0x8994, 0x8B85, 0x8985,
    0x9292, 0x7D8B, 0x8992, 0x9C7D, 0x6092, 0x8383, 0x6092, 0x9483, 0x8189, 0x6060, 0x8181, 0x9481,
    0x8392, 0x927D, 0x8381, 0x9660, 0x8189, 0x8191, 0x8B89, 0x8391, 0x8192, 0x6081, 0x8181, 0x8383,
    0x838C, 0x927D, 0x8181, 0x7D60, 0x927C, 0x8994, 0x8B85, 0x9285, 0x9292, 0x7D8B, 0x6085, 0x6083,
    0x6092, 0x8383, 0x8181, 0x9292, 0x8189, 0x8183, 0x9260, 0x8592, 0x8181, 0x9292, 0x8596, 0x8585,
    0x9292, 0x7D60, 0x6092, 0x8183, 0x6092, 0x8B83, 0x6081, 0x9292, 0x8160, 0x8183, 0x9260, 0x8592,
    0x8181, 0x9292, 0x8596, 0x8585, 0x9289, 0x8585, 0x8592, 0x8585, 0x8585, 0x8596, 0x8585, 0x7F7F,
    0x8585, 0x8592, 0x7C86, 0x8686, 0x8596, 0x7F7F, 0x817C, 0x9181, 0x9289, 0x8585, 0x8592, 0x8585,
    0x8585, 0x8596, 0x8585, 0x7C7C, 0x8585, 0x8592, 0x7F90, 0x9791, 0x8596, 0x867C, 0x7D60, 0x9791,
    0x7C96, 0x7C95, 0x7F7F, 0x7F7F, 0x7F7F, 0x977F, 0x7F7F, 0x7F7F, 0x7C86, 0x9199, 0x8191, 0x9191,
    0x7F81, 0x7F7F, 0x7F7E, 0x7F7F, 0x9493, 0x0000, 0x0000, 0x0000, 0x8181, 0x9494, 0x0000, 0x0000,
    0x8198, 0x7F7F, 0x947D, 0x0000, 0x9493, 0x9681, 0x8F96, 0x7D94, 0x8F93, 0x9485, 0x8199, 0x9496,
    0x8181, 0x9681, 0x817F, 0x9681, 0x8199, 0x7F81, 0x8181, 0x9681, 0x8181, 0x7F7F, 0x8F94, 0x967F,
    0x0000, 0x0000, 0x0000, 0x0000, 0x0000, 0x0000, 0x0000, 0x0000, 0x0000, 0x0000, 0x0000, 0x0000,
    0x0000, 0x0000, 0x0000, 0x0000, 0x9493, 0x0000, 0x0000, 0x0000, 0x817F, 0x9494, 0x0000, 0x0000,
    0x8191, 0x7F81, 0x947D, 0x0000, 0x9496, 0x9681, 0x8396, 0x7D94, 0x828C, 0x867B, 0x8286, 0x8289,
    0x8686, 0x8686, 0x8C82, 0x8C82, 0x857C, 0x8C8C, 0x9C86, 0x8C8C, 0x827C, 0x8C85, 0x827C, 0x8C86,
    0x9289, 0x828C, 0x928C, 0x928C, 0x8C92, 0x9296, 0x8C92, 0x9292, 0x928C, 0x8289, 0x928C, 0x9289,
    0x9296, 0x9292, 0x929C, 0x9285, 0x7C86, 0x9586, 0x8C8C, 0x8289, 0x907F, 0x8C86, 0x8C86, 0x8986,
    0x9090, 0x828C, 0x8C8C, 0x8C8C, 0x8286, 0x8686, 0x827C, 0x8982, 0x7C96, 0x9795, 0x957C, 0x9595,
    0x9599, 0x827C, 0x8C86, 0x8982, 0x9090, 0xA1A1, 0xA2A2, 0x8695, 0x8686, 0x8C86, 0x8C92, 0x828C,
    0x8389, 0x7C60, 0x838B, 0x8183, 0x7C92, 0x8960, 0x8181, 0x9292, 0x8985, 0x8183, 0x924E, 0x8592,
    0x8181, 0x9292, 0x8596, 0x8585, 0x9289, 0x8585, 0x8592, 0x8585, 0x8585, 0x8596, 0x8585, 0x9B84,
    0x8585, 0x8592, 0x9B9B, 0x8D9B, 0x8596, 0x9A89, 0x8D8D, 0x8D8D, 0x9289, 0x8585, 0x8592, 0x8585,
    0x8585, 0x8596, 0x8585, 0x9A8D, 0x8585, 0x8592, 0x9B9B, 0x8D9B, 0x8596, 0x9B9B, 0x848D, 0x9A9B,
    0x8DA0, 0x8D9B, 0x9B9A, 0x8D9B, 0x9B8D, 0x9A8D, 0x9B9B, 0x9A8D, 0x849B, 0x8D9B, 0x8D84, 0x9B9B,
    0x9B8D, 0x9B9B, 0x9B8D, 0x9B84, 0x3232, 0x3251, 0x0B34, 0x0B0B, 0x3232, 0x3245, 0x0B51, 0x0B0B,
    0x3E3E, 0x3E32, 0x0B32, 0x0B0B, 0x3E3E, 0x3E32, 0x0B32, 0x0B0B, 0x3E3E, 0x3E32, 0x0B32, 0x0B0B,
    0x3333, 0x333E, 0x0B3E, 0x0B0B, 0x3333, 0x3337, 0x0B37, 0x0B0B, 0x3333, 0x333E, 0x0B3E, 0x0B0B,
    0x7C86, 0x967C, 0x867C, 0x8F91, 0x7F81, 0x867C, 0x9791, 0x7F7F, 0x977C, 0x8190, 0x7C7C, 0x7F7F,
    0x8181, 0x817F, 0x8F81, 0x9781, 0x7F90, 0x8181, 0x8191, 0x7F81, 0x7C7C, 0x8683, 0x7F7F, 0x9091,
    0x7F7F, 0x817F, 0x7F7F, 0x7F7F, 0x9760, 0x8686, 0x7C97, 0x7C91, 0x977C, 0x9197, 0x7C86, 0x9786,
    0x7F7F, 0x8686, 0x7C97, 0x7C83, 0x7F7F, 0x7C86, 0x7C7C, 0x7C7C, 0x867C, 0x9197, 0x7D83, 0x7C7C,
    0x9191, 0x7F90, 0x7F7F, 0x7F7F, 0x977F, 0x7C91, 0x9697, 0x8697, 0x7F7F, 0x7F7F, 0x7F7F, 0x7F7F,
    0x7D7C, 0x867C, 0x867C, 0x9186, 0x7C86, 0x9586, 0x8C8C, 0x828C, 0x907F, 0x8C86, 0x8C8C, 0x898C,
    0x9090, 0x828C, 0x8C8C, 0x8C8C, 0x8286, 0x8686, 0x827C, 0x8982, 0x7C96, 0x9795, 0x957C, 0x9595,
    0x9599, 0x827C, 0x8C86, 0x8982, 0x9090, 0xA1A1, 0xA2A2, 0x8695, 0x8686, 0x8C86, 0x8C92, 0x828C,
    0x9088, 0x9090, 0x9090, 0x9090, 0x9085, 0x9090, 0x9090, 0x9090, 0x9092, 0x9290, 0x9292, 0x9292,
    0x9085, 0x9290, 0x9090, 0x9090, 0x908C, 0x9290, 0x9C90, 0x9090, 0x9085, 0x9290, 0x9C90, 0x9290,
    0x9092, 0x9290, 0x9C90, 0x8990, 0x9086, 0x9290, 0x9090, 0x8990, 0x9090, 0x9090, 0x9090, 0x9090,
    0x9090, 0x9090, 0x9090, 0x9090, 0x9292, 0x9292, 0x9292, 0x9292, 0x9090, 0x9090, 0x9090, 0x9090,
    0x9090, 0x9090, 0x9090, 0x9090, 0x929C, 0x929C, 0x929C, 0x9085, 0x0909, 0x0909, 0x0909, 0x9092,
    0x0909, 0x0909, 0x0909, 0x9085, 0x9090, 0x9090, 0x9090, 0x9090, 0x9090, 0x9090, 0x9090, 0x9090,
    0x9292, 0x9292, 0x9292, 0x9292, 0x9090, 0x9090, 0x9090, 0x9090, 0x9092, 0x9090, 0x9090, 0x9090,
    0x909C, 0x929C, 0x929C, 0x929C, 0x909C, 0x0989, 0x0909, 0x0909, 0x9090, 0x0989, 0x0909, 0x0909,
    0x9090, 0x9090, 0x9090, 0x9090, 0x9090, 0x9090, 0x9090, 0x9090, 0x9292, 0x9292, 0x9292, 0x9292,
    0x9090, 0x9090, 0x9090, 0x9090, 0x9090, 0x9090, 0x9090, 0x9090, 0x929C, 0x929C, 0x929C, 0x929C,
    0x0909, 0x0909, 0x0909, 0x0909, 0x0909, 0x0909, 0x0909, 0x0909, 0x9090, 0x9090, 0x9090, 0x9090,
    0x9090, 0x9090, 0x9090, 0x9090, 0x9292, 0x9292, 0x849E, 0x9090, 0x9090, 0x9090, 0x8489, 0x9090,
    0x9090, 0x909C, 0x8489, 0x9090, 0x909C, 0x909C, 0x8489, 0x9090, 0x9030, 0x909C, 0x9E89, 0x9090,
    0x909B, 0x9090, 0x8485, 0x9090, 0x9088, 0x9290, 0x9090, 0x9890, 0x9085, 0x9290, 0x9290, 0x8990,
    0x9089, 0x9290, 0x9C90, 0x8990, 0x9085, 0x9290, 0x9290, 0x8990, 0x908C, 0x9290, 0x9290, 0x8990,
    0x908C, 0x9290, 0x9290, 0x8990, 0x9092, 0x9290, 0x9C90, 0x8990, 0x9086, 0x9290, 0x9290, 0x8990,
    0x9899, 0x9999, 0x9998, 0x9092, 0x599B, 0x599B, 0x599B, 0x9085, 0x0909, 0x0909, 0x0909, 0x9092,
    0x0909, 0x0909, 0x0909, 0x9085, 0x0909, 0x0909, 0x0909, 0x9092, 0x0909, 0x0909, 0x0909, 0x9085,
    0x0909, 0x0909, 0x0909, 0x9092, 0x0909, 0x0909, 0x0909, 0x9085, 0x9090, 0x9998, 0x9899, 0x9999,
    0x909C, 0x9B89, 0x5959, 0x599B, 0x9092, 0x0989, 0x0909, 0x0909, 0x909C, 0x0989, 0x0909, 0x0909,
    0x9092, 0x0989, 0x0909, 0x0909, 0x909C, 0x0989, 0x0909, 0x0909, 0x9092, 0x0989, 0x0909, 0x0909,
    0x9096, 0x0989, 0x0909, 0x0909, 0x9998, 0x9899, 0x9998, 0x9998, 0x599B, 0x599B, 0x599B, 0x9B9D,
    0x0909, 0x0909, 0x0909, 0x0909, 0x0909, 0x0909, 0x0909, 0x0909, 0x0909, 0x0909, 0x0909, 0x0909,
    0x0909, 0x0909, 0x0909, 0x0909, 0x0909, 0x0909, 0x0909, 0x0909, 0x0909, 0x0909, 0x0909, 0x0909,
    0x9099, 0x9090, 0x8489, 0x9090, 0x989B, 0x909C, 0x8489, 0x9090, 0x9859, 0x909C, 0x8489, 0x9090,
    0x909B, 0x909C, 0x8489, 0x9090, 0x9830, 0x909C, 0x8489, 0x9090, 0x909B, 0x9C9C, 0x8489, 0x9090,
    0x9059, 0x909C, 0x8489, 0x9090, 0x909B, 0x909C, 0x8489, 0x9090, 0x0B0B, 0x3C0B, 0x3D3D, 0x0B3D,
    0x0B0B, 0x3D3D, 0x3C3C, 0x423C, 0x8E0B, 0x4242, 0x429F, 0x5542, 0x8E0B, 0x5555, 0x5555, 0x0B55,
    0x0B0B, 0x3C0B, 0x3C3D, 0x3C3C, 0x0B0B, 0x3D3C, 0x3C3C, 0x3C3C, 0x8E1E, 0x3D3C, 0x3C3C, 0x3C3C,
    0x8E1E, 0x3D3C, 0x3D3C, 0x3C3D, 0x0B0B, 0x0B0B, 0x3C3C, 0x3C3C, 0x0B78, 0x3C0B, 0x3D3C, 0x3C3C,
    0x0B55, 0x3D3D, 0x3C3D, 0x3D3C, 0x8E0B, 0x423D, 0x423D, 0x423D, 0x3D3C, 0x5555, 0x5549, 0x5555,
    0x3C3C, 0x3C34, 0x0B0B, 0x0B0B, 0x3C3C, 0x3C3C, 0x0B0B, 0x3D0B, 0x3C3C, 0x3C3C, 0x3C34, 0x428E,
    0x3C3C, 0x0B0B, 0x0B0B, 0x0B0B, 0x3C3C, 0x3C3D, 0x0B0B, 0x0B0B, 0x3C3C, 0x423C, 0x0B0B, 0x0B0B,
    0x423D, 0x553D, 0x0B0B, 0x0B0B, 0x5549, 0x0B55, 0x470B, 0x0B19, 0x3D3D, 0x3C3C, 0x190B, 0x0B47,
    0x3C3C, 0x3C3D, 0x0B9F, 0x0B0B, 0x3C46, 0x3D3C, 0x0B55, 0x0B0B, 0x9292, 0x7D60, 0x7C92, 0x927D,
    0x6092, 0x8B83, 0x6092, 0x6060, 0x817C, 0x6060, 0x8B81, 0x8B7C, 0x8B92, 0x7C60, 0x8B81, 0x968B,
    0x927B, 0x7C96, 0x8B89, 0x9285, 0x897C, 0x6081, 0x7C7C, 0x9696, 0x607C, 0x8391, 0x928C, 0x7D60,
    0x8196, 0x8B83, 0x8B92, 0x8B83, 0x9289, 0x8996, 0x8B89, 0x9685, 0x8985, 0x9681, 0x8585, 0x967C,
    0x6089, 0x8391, 0x857C, 0x608B, 0x8192, 0x6060, 0x8B92, 0x8B83, 0x8389, 0x8560, 0x818B, 0x8B83,
    0x7C92, 0x8994, 0x8381, 0x7C60, 0x8985, 0x8594, 0x8B7B, 0x8592, 0x9685, 0x6081, 0x897C, 0x7D83,
    0x8592, 0x8585, 0x8592, 0x9289, 0x7F81, 0x8596, 0x8585, 0x8596, 0x977C, 0x8190, 0x8585, 0x8592,
    0x8181, 0x817F, 0x8F81, 0x8585, 0x7F90, 0x8181, 0x8191, 0x7F81, 0x7C7C, 0x8683, 0x7F7F, 0x9091,
    0x7F7F, 0x817F, 0x7F7F, 0x7F7F, 0x9760, 0x8686, 0x7C97, 0x7C91, 0x7F81, 0x7F81, 0x8194, 0x9681,
    0x8C92, 0x7F7F, 0x8B96, 0x7C83, 0x8585, 0x9289, 0x7F81, 0x9492, 0x8596, 0x8585, 0x929C, 0x7F7F,
    0x8592, 0x8585, 0x8592, 0x9289, 0x977F, 0x8596, 0x8585, 0x8596, 0x7F7F, 0x7F7F, 0x8585, 0x8592,
    0x7D7C, 0x867C, 0x867C, 0x8585, 0x9494, 0x9681, 0x8392, 0x9496, 0x9491, 0x9494, 0x7F83, 0x9496,
    0x8183, 0x9493, 0x8181, 0x968F, 0x817F, 0x9681, 0x8F81, 0x967F, 0x7F81, 0x7F7F, 0x8193, 0x7D81,
    0x8C92, 0x7F7F, 0x9985, 0x7C83, 0x8585, 0x9289, 0x7F81, 0x9492, 0x8596, 0x8585, 0x929C, 0x7F7F,
    0x9494, 0x9681, 0x8392, 0x9496, 0x9491, 0x9494, 0x7F83, 0x9496, 0x8183, 0x9493, 0x8181, 0x968F,
    0x817F, 0x9681, 0x8F81, 0x967F, 0x8183, 0x7F7F, 0x8193, 0x7D81, 0x8183, 0x7F7F, 0x9985, 0x7C83,
    0x9193, 0x938F, 0x8196, 0x9492, 0x8181, 0x9496, 0x7F81, 0x968B, 0x8F96, 0x8B96, 0x818B, 0x9496,
    0x8381, 0x9681, 0x817F, 0x9681, 0x8181, 0x7F8F, 0x8181, 0x9681, 0x8183, 0x7F81, 0x8394, 0x967F,
    0x9496, 0x9681, 0x8F96, 0x9796, 0x7D91, 0x9493, 0x8181, 0x9996, 0x8183, 0x7D96, 0x8181, 0x9683,
    0x817F, 0x9681, 0x817F, 0x7C7F, 0x7C86, 0x9786, 0x7D91, 0x9786, 0x7C86, 0x7C7C, 0x867C, 0x7C86,
    0x867C, 0x8686, 0x90A1, 0x7C7D, 0x867C, 0x8286, 0x867C, 0x8697, 0x9289, 0x928C, 0x9289, 0x928C,
    0x8C92, 0x9296, 0x8C92, 0x9292, 0x928C, 0x9289, 0x928C, 0x9289, 0x9286, 0x9285, 0x9292, 0x9286,
    0x9B9B, 0x8D9B, 0x8D9B, 0x8D9B, 0x8D8D, 0x9A84, 0x8D9B, 0x9B8D, 0x9B9B, 0x8D9B, 0x8D9B, 0x8D9B,
    0x9B8D, 0x9A84, 0x8D8D, 0xA39B, 0x849B, 0x9B9B, 0x8D9B, 0x9B9B, 0x9B8D, 0x9B8D, 0x9B8D, 0xA384,
    0x8D9B, 0x849B, 0x849B, 0x8D9B, 0x8D8D, 0x9A9B, 0x9B8D, 0x9A8D, 0x8592, 0x9C85, 0x8592, 0x898C,
    0x9B8D, 0x8596, 0x8585, 0x8596, 0x8D9B, 0x9B9B, 0x8585, 0x8592, 0x9B8D, 0x9A9B, 0x9B8D, 0x9685,
    0x9B9A, 0x9B84, 0x8D9A, 0xA09B, 0x9B8D, 0x9B8D, 0x9B8D, 0x9A84, 0x9B8D, 0x8D9B, 0x849B, 0x8D9B,
    0x9B8D, 0x9B84, 0x9B8D, 0x9A9B, 0x8B91, 0x6060, 0x607C, 0x8983, 0x8C92, 0x8181, 0x7D89, 0x927C,
    0x8585, 0x4E89, 0x8381, 0x8589, 0x8596, 0x9685, 0x9292, 0x8181, 0x8592, 0x9C85, 0x8592, 0x898C,
    0x9B9B, 0x8596, 0x8585, 0x8596, 0x8D9B, 0x8D9B, 0x8585, 0x8592, 0x8D8D, 0x9A9B, 0x898D, 0x9685,
    0x8190, 0x8F90, 0x8F90, 0x8390, 0x9797, 0x7C97, 0x9797, 0x7C7C, 0x7F90, 0x7F7F, 0x867B, 0x7C86,
    0x7F7F, 0x7F90, 0x8686, 0x8686, 0x9289, 0x928C, 0x928C, 0x928C, 0x8C92, 0x9296, 0x8892, 0x8188,
    0x928C, 0x8889, 0x889B, 0x8189, 0x929C, 0x8888, 0x8989, 0x8192, 0x7C86, 0x9786, 0x7D91, 0x9786,
    0x7C86, 0x7C7C, 0x867C, 0x7C86, 0x867C, 0x8686, 0x90A1, 0x7C7D, 0x867C, 0x8286, 0x867C, 0x8697,
    0x9289, 0x928C, 0x9289, 0x928C, 0x8C81, 0x929C, 0x8C92, 0x9292, 0x9290, 0x9289, 0x928C, 0x8689,
    0x9281, 0x9292, 0x929C, 0x9285, 0x8190, 0x8F90, 0x8F90, 0x8390, 0x9797, 0x7C97, 0x9797, 0x7C7C,
    0x7F90, 0x7F7F, 0x867B, 0x7C86, 0x7F7F, 0x7F90, 0x8686, 0x8686, 0x8689, 0x828C, 0x9289, 0x828C,
    0x8C92, 0x9292, 0x8C92, 0x9296, 0x858C, 0x9289, 0x928C, 0x9289, 0x929C, 0x9286, 0x9296, 0x9292,
    0x8199, 0x8181, 0x8190, 0x8F83, 0x8391, 0x9797, 0x9191, 0x7C7C, 0x7F81, 0x7F7F, 0x7C86, 0x977C,
    0x7F7E, 0x7F7F, 0x7C7C, 0x7C7C, 0x9791, 0x9686, 0x8B7C, 0x9497, 0x7F7F, 0x9181, 0x7F81, 0x7F7F,
    0x8391, 0x9799, 0x7C86, 0x8686, 0x7F7F, 0x7F7F, 0x817C, 0x9181, 0x7C95, 0x9186, 0x7D91, 0x9786,
    0x9786, 0x977D, 0x7C7C, 0x7C7C, 0x7C97, 0x7C7C, 0x7F90, 0x9791, 0x7C7C, 0x867C, 0x7D60, 0x9791,
    0x7C96, 0x7C95, 0x7F7F, 0x7F7F, 0x7F7F, 0x977F, 0x7F7F, 0x7F7F, 0x7C86, 0x9199, 0x8191, 0x9191,
    0x7F81, 0x7F7F, 0x7F7E, 0x7F7F, 0x828C, 0x867B, 0x827B, 0x8289, 0x8686, 0x8686, 0x8C82, 0x8C82,
    0x857C, 0x8C8C, 0x7C86, 0x8C8C, 0x827C, 0x8C85, 0x827C, 0x8C86, 0x858C, 0x827B, 0xA27C, 0x9595,
    0x9790, 0x8690, 0xA2A1, 0x95A2, 0x867B, 0x8686, 0x8692, 0x827B, 0x9094, 0xA199, 0xA2A1, 0x95A2,
    0x0B0B, 0x0B0B, 0x0B0B, 0x8A8A, 0x0B0B, 0x0B0B, 0x0B0B, 0x8A8A, 0x1D1D, 0x1D1D, 0x1D1D, 0x8A8A,
    0x37A4, 0x37A4, 0x1D1D, 0x8A8A, 0x371D, 0x471D, 0x371D, 0x8A8A, 0x37A4, 0x37A4, 0x37A4, 0x8A8A,
    0x8E8E, 0x8E8E, 0x8E8E, 0x8A8A, 0x8E8E, 0x8E8E, 0x8E8E, 0x8A8A, 0x9089, 0x9290, 0x9C90, 0x8990,
    0x9085, 0x9290, 0x9C90, 0x8990, 0x907B, 0x9290, 0x9C90, 0x8990, 0x9095, 0x9290, 0x9C90, 0x8990,
    0x908C, 0x9290, 0x9C90, 0x8990, 0x9085, 0x9290, 0x9C90, 0x8990, 0x908C, 0x9290, 0x9C90, 0x8990,
    0x9095, 0x9290, 0x9C90, 0x9290, 0x0909, 0x0909, 0x0909, 0x9092, 0x0909, 0x0909, 0x0909, 0x9085,
    0x0909, 0x0909, 0x0909, 0x9092, 0x0909, 0x0909, 0x0909, 0x9085, 0x0909, 0x0909, 0x0909, 0x9092,
    0x0909, 0x0909, 0x0909, 0x9085, 0x0909, 0x0909, 0x0909, 0x9092, 0x929C, 0x929C, 0x929C, 0x9085,
    0x909C, 0x0989, 0x0909, 0x0909, 0x909C, 0x094E, 0x0909, 0x0909, 0x909C, 0x0989, 0x0909, 0x0909,
    0x909C, 0x094E, 0x0909, 0x0909, 0x909C, 0x0989, 0x0909, 0x0909, 0x909C, 0x099C, 0x0909, 0x0909,
    0x9092, 0x0989, 0x0909, 0x0909, 0x909C, 0x929C, 0x929C, 0x929C, 0x0909, 0x0909, 0x0909, 0x0909,
    0x0909, 0x0909, 0x0909, 0x0909, 0x0909, 0x0909, 0x0909, 0x0909, 0x0909, 0x0909, 0x0909, 0x0909,
    0x0909, 0x0909, 0x0909, 0x0909, 0x0909, 0x0909, 0x0909, 0x0909, 0x0909, 0x0909, 0x0909, 0x0909,
    0x929C, 0x929C, 0x929C, 0x929C, 0x908C, 0x9290, 0x9290, 0x8990, 0x9082, 0x9290, 0x9290, 0x8990,
    0x907B, 0x9290, 0x9C90, 0x8990, 0x9086, 0x9290, 0x9090, 0x9A90, 0x909B, 0x9290, 0x9290, 0x9090,
    0x9088, 0x8990, 0x8989, 0x8989, 0x909B, 0x9090, 0x9090, 0x9090, 0x9088, 0x9090, 0x9090, 0x9090,
    0x0909, 0x0909, 0x0909, 0x9092, 0x0909, 0x0909, 0x0909, 0x9085, 0x0909, 0x0909, 0x0909, 0x9092,
    0x0909, 0x0909, 0x0909, 0x9085, 0x9090, 0x9090, 0x9090, 0x9090, 0x8989, 0x8989, 0x8989, 0x8989,
    0x9090, 0x9090, 0x9090, 0x9090, 0x9090, 0x9090, 0x9090, 0x9090, 0x9089, 0x0989, 0x0909, 0x0909,
    0x909C, 0x0989, 0x0909, 0x0909, 0x908C, 0x099B, 0x0909, 0x0909, 0x9090, 0x0989, 0x0909, 0x0909,
    0x9090, 0x9090, 0x9090, 0x9090, 0x8989, 0x8989, 0x8989, 0x8989, 0x9090, 0x9090, 0x9090, 0x9090,
    0x9090, 0x9090, 0x9090, 0x9090, 0x0909, 0x0909, 0x0909, 0x0909, 0x0909, 0x0909, 0x0909, 0x0909,
    0x0909, 0x0909, 0x0909, 0x0909, 0x0909, 0x0909, 0x0909, 0x0909, 0x9090, 0x9090, 0x9090, 0x9090,
    0x8989, 0x8989, 0x8989, 0x8989, 0x9090, 0x9090, 0x9090, 0x9090, 0x9090, 0x9090, 0x9090, 0x9090,
    0x9059, 0x909C, 0x8489, 0x9090, 0x909B, 0x909C, 0x8489, 0x9090, 0x9030, 0x909C, 0x8489, 0x9090,
    0x9059, 0x9090, 0x8489, 0x9090, 0x9090, 0x909C, 0x8484, 0x9090, 0x8989, 0x8989, 0x3089, 0x9090,
    0x9090, 0x9090, 0x9090, 0x9090, 0x9090, 0x9090, 0x9090, 0x9090, 0x8E0B, 0x3D3C, 0x3C3C, 0x3C3C,
    0x8E0B, 0x3C3D, 0x3C3C, 0x3C34, 0x8E0B, 0x4255, 0x429F, 0x4242, 0x0B0B, 0x550B, 0x5555, 0x5555,
    0x0B0B, 0x3C3C, 0x3C3D, 0x3C3C, 0x8E0B, 0x3D3D, 0x3C3C, 0x3D3C, 0x8E0B, 0x4255, 0x429F, 0x4242,
    0x0B0B, 0x558E, 0x5555, 0x5555, 0x3C3C, 0x3C3C, 0x3C3C, 0x558E, 0x3C3C, 0x3C3C, 0x4278, 0x4F0B,
    0x429F, 0x4242, 0x5555, 0x3D8E, 0x5555, 0x5555, 0x3D3D, 0x3C3C, 0x0B3C, 0x3D0B, 0x3D3D, 0x3C3C,
    0x0B3D, 0x428E, 0x3C3C, 0x3D3C, 0x0B9F, 0x558E, 0x429F, 0x4242, 0x0B55, 0x8E0B, 0x5555, 0x5555,
    0x4242, 0x429F, 0x0B0B, 0x0B0B, 0x5555, 0x5555, 0x0B0B, 0x0B0B, 0x3C3D, 0x3C3C, 0x0B0B, 0x0B0B,
    0x3C3C, 0x3C3D, 0x473D, 0x0B0B, 0x3C3C, 0x3C3C, 0x4742, 0x0B0B, 0x4278, 0x423D, 0x0B55, 0x0B0B,
    0x5555, 0x5555, 0x0B0B, 0x0B0B, 0x0B0B, 0x0B0B, 0x0B0B, 0x0B0B, 0x0179, 0x0179, 0x0179, 0x0101,
    0x0179, 0x0179, 0x0179, 0x0101, 0x0179, 0x0179, 0x0179, 0x0101, 0x0179, 0x0101, 0x7979, 0x7979,
    0x0179, 0x0179, 0x0101, 0x0101, 0x7979, 0x7979, 0x7979, 0x7979, 0x0101, 0x0101, 0x0101, 0x0101,
    0x0101, 0x0101, 0x0101, 0x0101, 0x0179, 0x0179, 0x0179, 0x0101, 0x0179, 0x0179, 0x7979, 0x7979,
    0x0179, 0x0179, 0x0101, 0x0101, 0x0179, 0x0179, 0x3D79, 0x3D3D, 0x0179, 0x0179, 0x0179, 0x0101,
    0x0179, 0x0179, 0x0179, 0x0101, 0x0179, 0x0179, 0x0179, 0x0101, 0x0179, 0x0179, 0x0179, 0x0101,
    0x0101, 0x013D, 0x0179, 0x3D79, 0x7979, 0x0179, 0x0179, 0x3D79, 0x0101, 0x0101, 0x0101, 0x3D79,
    0x3D3D, 0x013D, 0x0179, 0x3D79, 0x0101, 0x013D, 0x0179, 0x3D79, 0x0101, 0x013D, 0x0179, 0x3D79,
    0x0101, 0x013D, 0x0179, 0x3D79, 0x0101, 0x013D, 0x0179, 0x3D79, 0x3434, 0x3434, 0x5534, 0x0101,
    0x8A8A, 0x8A8A, 0x348A, 0x0101, 0x8A8A, 0x8A8A, 0x348A, 0x0101, 0x8A8A, 0x8A8A, 0x348A, 0x0101,
    0x3434, 0x3434, 0x5534, 0x0101, 0x8A8A, 0x8A8A, 0x348A, 0x0101, 0x8A8A, 0x8A8A, 0x348A, 0x0101,
    0x8A8A, 0x8A8A, 0x348A, 0x0101, 0x3C3C, 0x3C3C, 0x3C3C, 0x3C3C, 0x3C3C, 0x3C3C, 0x3C3C, 0x3C3C,
    0x3E3E, 0x3E3E, 0x3E3E, 0x3E3E, 0x5252, 0x5252, 0x5252, 0x5252, 0x5252, 0x5252, 0x5252, 0x5252,
    0x5252, 0x5252, 0x5252, 0x5252, 0x3C3C, 0x3C3C, 0x3C3C, 0x3C3C, 0x3C3C, 0x3C3C, 0x3C3C, 0x3C3C,
    0x746C, 0x6C75, 0x6C6C, 0x7474, 0x7475, 0x6C6C, 0x6C6C, 0x6C75, 0x7575, 0x6C6C, 0x6C6C, 0x6C75,
    0x7575, 0x7074, 0x7470, 0x7475, 0x7575, 0x7575, 0x7475, 0x6C6C, 0x7575, 0x7569, 0x6C75, 0x6C6C,
    0x7569, 0x7569, 0x7575, 0x6C6C, 0x7575, 0x6975, 0x7575, 0x7575, 0x6974, 0x7474, 0x7474, 0x7475,
    0x6975, 0x6C75, 0x756C, 0x6975, 0x7474, 0x7574, 0x7474, 0x7474, 0x6969, 0x7569, 0x6969, 0x7575,
    0x6974, 0x7474, 0x7474, 0x7475, 0x6975, 0x6C75, 0x756C, 0x6975, 0x7474, 0x7574, 0x7474, 0x7474,
    0x6969, 0x7569, 0x6969, 0x7575, 0x0000, 0x0000, 0x0000, 0x7500, 0x0000, 0x0000, 0x0000, 0x7575,
    0x0000, 0x0000, 0x7500, 0x7575, 0x0000, 0x0000, 0x6C74, 0x7575, 0x0000, 0x6900, 0x7474, 0x7575,
    0x0000, 0x7575, 0x7575, 0x7575, 0x7500, 0x7575, 0x6975, 0x7575, 0x6975, 0x7575, 0x6975, 0x6975,
    0x006C, 0x0000, 0x0000, 0x0000, 0x706C, 0x0000, 0x0000, 0x0000, 0x7070, 0x0070, 0x0000, 0x0000,
    0x6C6C, 0x7070, 0x0000, 0x0000, 0x6C6C, 0x7070, 0x0075, 0x0000, 0x6C74, 0x7470, 0x7075, 0x0000,
    0x7070, 0x6C75, 0x7070, 0x006C, 0x6C74, 0x6C75, 0x706C, 0x6C75, 0x0000, 0x0000, 0x0000, 0x7500,
    0x0000, 0x0000, 0x7500, 0x7575, 0x0000, 0x7500, 0x7569, 0x7575, 0x7500, 0x7575, 0x6C74, 0x7575,
    0x7569, 0x6975, 0x7474, 0x7575, 0x6975, 0x7575, 0x7575, 0x7575, 0x7569, 0x7575, 0x6975, 0x7575,
    0x6975, 0x7575, 0x6975, 0x6975, 0x6975, 0x7574, 0x6975, 0x7575, 0x7569, 0x7575, 0x7569, 0x7575,
    0x7469, 0x7575, 0x7569, 0x7575, 0x7569, 0x7575, 0x6C74, 0x7575, 0x7569, 0x6975, 0x7474, 0x6975,
    0x6975, 0x7575, 0x6975, 0x6969, 0x7569, 0x6975, 0x6969, 0x6969, 0x6975, 0x6969, 0x6969, 0x6969,
    0x0101, 0x013D, 0x0179, 0x3D79, 0x0101, 0x013D, 0x0179, 0x3D79, 0x0101, 0x013D, 0x0179, 0x3D79,
    0x7979, 0x0179, 0x0179, 0x3D79, 0x0101, 0x0101, 0x0179, 0x3D79, 0x7979, 0x7979, 0x7979, 0x3D79,
    0x0101, 0x0101, 0x0101, 0x0101, 0x0101, 0x0101, 0x0101, 0x0101, 0x0101, 0x8A8A, 0x8A8A, 0x8A8A,
    0x0101, 0x3434, 0x3434, 0x3434, 0x0101, 0x5555, 0x5555, 0x5555, 0x0101, 0x5555, 0x5555, 0x5555,
    0x0101, 0x5555, 0x5555, 0x5555, 0x0101, 0x5555, 0x5555, 0x5555, 0x0101, 0x5555, 0x5555, 0x5555,
    0x0101, 0x5555, 0x5555, 0x5555, 0x3E3E, 0x3E3E, 0x3E3E, 0x3E3E, 0x5252, 0x5252, 0x5252, 0x5252,
    0x5252, 0x5252, 0x5252, 0x5252, 0x0B0B, 0x0B0B, 0x0B0B, 0x0B0B, 0x0B0B, 0x0B0B, 0x190B, 0x0B19,
    0x0B0B, 0x0B0B, 0x190B, 0x0B19, 0x1E1E, 0x0B0B, 0x0B0B, 0x0B0B, 0x1E1E, 0x0B0B, 0x0B0B, 0x0B0B,
    0x7575, 0x6975, 0x7575, 0x6975, 0x756C, 0x7475, 0x7575, 0x6974, 0x7070, 0x7475, 0x7569, 0x6975,
    0x6C6C, 0x6970, 0x7569, 0x6969, 0x6C6C, 0x7070, 0x7475, 0x7569, 0x6C74, 0x7470, 0x7575, 0x6975,
    0x7070, 0x6C75, 0x7070, 0x6974, 0x6C74, 0x6C75, 0x706C, 0x7575, 0x7474, 0x6C6C, 0x756C, 0x6C74,
    0x756C, 0x6C6C, 0x6C6C, 0x6C74, 0x756C, 0x6C6C, 0x6C6C, 0x6C75, 0x7574, 0x7074, 0x7470, 0x7574,
    0x6C6C, 0x7574, 0x6C74, 0x6C6C, 0x6C6C, 0x746C, 0x6C6C, 0x6C6C, 0x6C6C, 0x7574, 0x7074, 0x6C6C,
    0x7575, 0x7475, 0x7575, 0x7474, 0x6C70, 0x6C6C, 0x706C, 0x6C75, 0x706C, 0x7474, 0x7070, 0x756C,
    0x706C, 0x7570, 0x6C70, 0x7570, 0x6C75, 0x7570, 0x7074, 0x7470, 0x6C6C, 0x6C75, 0x6C70, 0x746C,
    0x706C, 0x7475, 0x7070, 0x6C75, 0x6C70, 0x7570, 0x6C70, 0x7570, 0x6C74, 0x6C75, 0x706C, 0x6C75,
    0x6C70, 0x7570, 0x7070, 0x7570, 0x706C, 0x7070, 0x706C, 0x7570, 0x706C, 0x7070, 0x6C74, 0x7570,
    0x6C75, 0x7570, 0x6C75, 0x6C75, 0x6C6C, 0x6C75, 0x7070, 0x6C75, 0x706C, 0x7475, 0x7070, 0x756C,
    0x6C70, 0x7570, 0x6C70, 0x7470, 0x6C74, 0x7570, 0x6C75, 0x7474, 0x7569, 0x7575, 0x7569, 0x6975,
    0x7469, 0x7575, 0x6974, 0x6969, 0x7569, 0x6975, 0x6969, 0x6969, 0x6969, 0x6969, 0x6969, 0x6969,
    0x6969, 0x6969, 0x6969, 0x0069, 0x6969, 0x6969, 0x0069, 0x0000, 0x6969, 0x0069, 0x0000, 0x0000,
    0x0069, 0x0000, 0x0000, 0x0000, 0x6969, 0x6969, 0x6969, 0x0069, 0x6975, 0x6969, 0x0069, 0x0000,
    0x6969, 0x0069, 0x0000, 0x0000, 0x0069, 0x0000, 0x0000, 0x0000, 0x0000, 0x0000, 0x0000, 0x0000,
    0x0000, 0x0000, 0x0000, 0x0000, 0x0000, 0x0000, 0x0000, 0x0000, 0x0000, 0x0000, 0x0000, 0x0000,
    0x8199, 0x8181, 0x8190, 0x8F83, 0x9085, 0x9090, 0x9090, 0x9090, 0x907B, 0x9090, 0x9090, 0x9090,
    0x9095, 0x9290, 0x9285, 0x9285, 0x908C, 0x9290, 0x9090, 0x9090, 0x9085, 0x9290, 0x9690, 0x9090,
    0x908C, 0x9290, 0x9C90, 0x9C90, 0x9095, 0x9290, 0x9C90, 0x8990, 0x7C95, 0x9186, 0x7D91, 0x9786,
    0x9090, 0x9090, 0x9090, 0x9090, 0x9090, 0x9090, 0x9090, 0x9090, 0x9285, 0x9285, 0x9285, 0x9285,
    0x9090, 0x9090, 0x9090, 0x9090, 0x9090, 0x9090, 0x9090, 0x9C90, 0x9C92, 0x9C92, 0x9C92, 0x9C90,
    0x0909, 0x0909, 0x5909, 0x9C90, 0x8199, 0x8181, 0x8190, 0x8F83, 0x9090, 0x9090, 0x9190, 0x7C7C,
    0x9090, 0x9090, 0x7C90, 0x977C, 0x9E85, 0x9084, 0x7C90, 0x7C7C, 0x8990, 0x9084, 0x8B90, 0x9497,
    0x8990, 0x909E, 0x7F90, 0x7F7F, 0x8990, 0x9084, 0x7C90, 0x8686, 0x8990, 0x909E, 0x8190, 0x9181,
    0x8A8A, 0x8A8A, 0x8A8A, 0x8A8A, 0x8A8A, 0x8A8A, 0x8A8A, 0x8A8A, 0x3434, 0x3434, 0x3434, 0x3434,
    0x8A8A, 0x8A8A, 0x8A8A, 0x8A8A, 0x8A8A, 0x8A8A, 0x8A8A, 0x8A8A, 0x8A8A, 0x8A8A, 0x8A8A, 0x8A8A,
    0x3434, 0x3434, 0x3434, 0x3434, 0x8A8A, 0x8A8A, 0x8A8A, 0x8A8A, 0xA58A, 0x34A5, 0x5EA6, 0x555E,
    0xA58A, 0x34A5, 0x5EA6, 0x555E, 0xA634, 0x55A6, 0x5555, 0x5555, 0xA58A, 0x34A5, 0x5EA6, 0x555E,
    0xA58A, 0x34A5, 0x5EA6, 0x555E, 0xA58A, 0x34A5, 0x5EA6, 0x555E, 0xA634, 0x55A6, 0x5555, 0x5555,
    0xA58A, 0x34A5, 0x5EA6, 0x555E, 0x9089, 0x9290, 0x9C90, 0x9090, 0x9085, 0x9290, 0x9090, 0x8990,
    0x907B, 0x9290, 0x9C90, 0x8990, 0x9095, 0x9290, 0x9C90, 0x8990, 0x908C, 0x9290, 0x9C90, 0x8990,
    0x9085, 0x9290, 0x9C90, 0x8990, 0x908C, 0x9290, 0x9C90, 0x8990, 0x9095, 0x9290, 0x9C90, 0x8990,
    0x9990, 0x9999, 0x9099, 0x9C90, 0xA7A7, 0x4949, 0x3049, 0x9090, 0x0909, 0x0909, 0x5909, 0x9C90,
    0x0909, 0x0909, 0x5909, 0x9C90, 0x0909, 0x0909, 0x5909, 0x9C90, 0x0909, 0x0909, 0x5909, 0x9C90,
    0x0909, 0x0909, 0x5909, 0x9C90, 0x0909, 0x0909, 0x5909, 0x9C90, 0x8990, 0x9084, 0x8190, 0x8F83,
    0x8990, 0x909E, 0x9190, 0x7C7C, 0x8990, 0x9084, 0x7C90, 0x977C, 0x9E90, 0x9084, 0x7C90, 0x7C7C,
    0x5A92, 0x90A8, 0x8B90, 0x9497, 0x5A9C, 0x9084, 0x7F90, 0x7F7F, 0x9C90, 0x9087, 0x7C90, 0x8686,
    0x8990, 0x9084, 0x8190, 0x9181, 0x6975, 0x7574, 0x6975, 0x7575, 0x7569, 0x7575, 0x7569, 0x7575,
    0x7469, 0x7575, 0x7569, 0x7575, 0x7569, 0x7575, 0x6C74, 0x7575, 0x7569, 0x6975, 0x7474, 0x7575,
    0x6975, 0x7575, 0x7575, 0x7575, 0x7569, 0x7575, 0x6975, 0x7575, 0x6975, 0x7575, 0x6975, 0x6975,
    0x6975, 0x7574, 0x6975, 0x7575, 0x7569, 0x7575, 0x7569, 0x7575, 0x7469, 0x7575, 0x7569, 0x7575,
    0x7569, 0x7575, 0x7569, 0x6969, 0x7569, 0x7575, 0x6975, 0x7569, 0x6975, 0x7575, 0x6969, 0x7575,
    0x7469, 0x7575, 0x7569, 0x7575, 0x6975, 0x7575, 0x6975, 0x6975, 0x7569, 0x7575, 0x7569, 0x6975,
    0x7469, 0x7575, 0x7574, 0x6969, 0x7569, 0x6975, 0x6974, 0x6969, 0x6969, 0x6975, 0x6969, 0x6969,
    0x6975, 0x6974, 0x6969, 0x6969, 0x7569, 0x6969, 0x6969, 0x7869, 0x6969, 0x6969, 0x6969, 0x7878,
    0x6969, 0x6969, 0x6E69, 0x6E79, 0x6C69, 0x7570, 0x7070, 0x7570, 0x6969, 0x7070, 0x706C, 0x7570,
    0x6969, 0x7069, 0x6C74, 0x7570, 0x6969, 0x6969, 0x6C75, 0x6C75, 0x6969, 0x6969, 0x7069, 0x6C75,
    0x6978, 0x6969, 0x6969, 0x756C, 0x7878, 0x6969, 0x6969, 0x7469, 0x6E6E, 0x696E, 0x6969, 0x6969,
    0x6C6C, 0x6C6C, 0x706C, 0x6C75, 0x706C, 0x7474, 0x7070, 0x756C, 0x7070, 0x7570, 0x6C70, 0x7570,
    0x6C6C, 0x7070, 0x7074, 0x7470, 0x6C69, 0x7070, 0x6C75, 0x746C, 0x6969, 0x7469, 0x7075, 0x6C75,
    0x6969, 0x6969, 0x7069, 0x756C, 0x6969, 0x6969, 0x6969, 0x6C69, 0x0070, 0x0000, 0x0000, 0x0000,
    0x706C, 0x0070, 0x0000, 0x0000, 0x706C, 0x7070, 0x0074, 0x0000, 0x6C75, 0x7570, 0x6C75, 0x0075,
    0x6C6C, 0x6C75, 0x7070, 0x6C75, 0x706C, 0x7475, 0x7070, 0x756C, 0x6C70, 0x7570, 0x6C70, 0x7470,
    0x6C74, 0x7570, 0x6C75, 0x7474, 0x9088, 0x9290, 0x9C90, 0x8990, 0x9085, 0x9290, 0x9C90, 0x8990,
    0x9089, 0x9290, 0x9C90, 0x8990, 0x9085, 0x9290, 0x9C90, 0x8990, 0x908C, 0x9290, 0x9C90, 0x8990,
    0x908C, 0x9290, 0x9C90, 0x8990, 0x9092, 0x9290, 0x9C90, 0x8990, 0x9086, 0x9290, 0x9C90, 0x9290,
    0x0909, 0x0909, 0x5909, 0x9C90, 0x0909, 0x0909, 0x5909, 0x9C90, 0x0909, 0x0909, 0x5909, 0x9C90,
    0x0909, 0x0909, 0x5909, 0x9C90, 0x0909, 0x0909, 0x5909, 0x9C90, 0x0909, 0x0909, 0x5909, 0x9C90,
    0x0909, 0x0909, 0x5909, 0x9C90, 0x9C9C, 0x9C93, 0x9393, 0x9C90, 0x8990, 0x9084, 0x8690, 0x8F91,
    0x8990, 0x909E, 0x9790, 0x7F7F, 0x8990, 0x9084, 0x7C90, 0x7F7F, 0x8990, 0x909E, 0x8F90, 0x9781,
    0x8990, 0x9084, 0x8190, 0x7F81, 0x8990, 0x909E, 0x7F90, 0x9091, 0x8990, 0x9084, 0x7F90, 0x7F7F,
    0x8990, 0x909E, 0x7C90, 0x7C91, 0x8A8A, 0x8A8A, 0x8A8A, 0x8A8A, 0x3434, 0x3434, 0x3434, 0x3434,
    0x5555, 0x5555, 0x5555, 0x5555, 0x5555, 0x5555, 0x5555, 0x5555, 0x5555, 0x5555, 0x5555, 0x5555,
    0x5555, 0x5555, 0x5555, 0x5555, 0x5555, 0x5555, 0x5555, 0x5555, 0x5555, 0x5555, 0x5555, 0x5555,
    0xA58A, 0x34A5, 0x5EA6, 0x555E, 0xA634, 0x55A6, 0x5555, 0x5555, 0x5555, 0xA955, 0xA9A9, 0xA9A9,
    0x5555, 0xA955, 0xA9A9, 0xA9A9, 0x5555, 0xA955, 0xA9A9, 0xA9A9, 0x5555, 0xA955, 0xA9A9, 0xA9A9,
    0x5555, 0xA955, 0xA9A9, 0xA9A9, 0x5555, 0xA955, 0xA9A9, 0xA9A9, 0x9088, 0x9290, 0x9C90, 0x8990,
    0x9085, 0x9290, 0x9290, 0x9290, 0x9089, 0x9290, 0x9090, 0x9890, 0x9085, 0x9290, 0x9C90, 0x8990,
    0x908C, 0x9290, 0x9290, 0x8990, 0x908C, 0x9290, 0x9290, 0x8990, 0x9092, 0x9290, 0x9C90, 0x8990,
    0x9086, 0x9290, 0x9290, 0x8990, 0x0909, 0x0909, 0x5909, 0x9C90, 0x929C, 0x929C, 0x929C, 0x9C90,
    0x9998, 0x9999, 0x9999, 0x9090, 0x9B59, 0x9B59, 0x5989, 0x9C98, 0x0909, 0x0909, 0x5909, 0x9C98,
    0x0909, 0x0909, 0x5909, 0x9C90, 0x0909, 0x0909, 0x9B09, 0x9C90, 0x0909, 0x0909, 0x5909, 0x9C90,
    0x8990, 0x9084, 0x8690, 0x8F91, 0x8990, 0x9041, 0x9790, 0x7F7F, 0x8990, 0x9084, 0x7C90, 0x7F7F,
    0x8990, 0x9084, 0x8F90, 0x9781, 0x8990, 0x9084, 0x8190, 0x7F81, 0x899C, 0x9041, 0x7F90, 0x9091,
    0x8990, 0x9084, 0x7F90, 0x7F7F, 0x8990, 0x9084, 0x7C90, 0x7C91, 0x908C, 0x9290, 0x9290, 0x8990,
    0x9082, 0x9290, 0x9290, 0x8990, 0x907B, 0x9290, 0x9090, 0x8990, 0x9086, 0x9290, 0x9090, 0x9A90,
    0x909B, 0x9290, 0x9290, 0x9090, 0x9088, 0x8990, 0x8989, 0x8989, 0x909B, 0x9090, 0x9090, 0x9090,
    0x9088, 0x9090, 0x9090, 0x9090, 0x0909, 0x0909, 0x5909, 0x9C90, 0x0909, 0x0909, 0x5909, 0x9C90,
    0x0909, 0x0909, 0x9B09, 0x9C90, 0x0909, 0x0909, 0x5909, 0x9090, 0x9090, 0x9C9C, 0x9090, 0x9C90,
    0x8989, 0x8989, 0x8989, 0x8989, 0x9090, 0x9090, 0x9090, 0x9090, 0x9090, 0x9090, 0x9090, 0x9090,
    0x8990, 0x9030, 0x8F90, 0x8390, 0x8990, 0x9084, 0x9790, 0x7C7C, 0x8990, 0x9084, 0x8690, 0x7C86,
    0x8990, 0x9084, 0x8690, 0x8686, 0x8990, 0x9030, 0x9290, 0x928C, 0x8489, 0x9084, 0x8C90, 0x9296,
    0x9090, 0x9090, 0x9290, 0x9289, 0x9090, 0x9090, 0x9290, 0x9292, 0x6C70, 0x7570, 0x7070, 0x7570,
    0x706C, 0x7070, 0x706C, 0x7570, 0x706C, 0x7070, 0x6C74, 0x7570, 0x6C75, 0x7570, 0x6C75, 0x6C75,
    0x6C6C, 0x6C75, 0x7070, 0x7475, 0x706C, 0x7475, 0x7570, 0x7569, 0x6C70, 0x7470, 0x7475, 0x7474,
    0x7574, 0x6969, 0x6975, 0x6969, 0x6C6C, 0x6C6C, 0x706C, 0x7475, 0x706C, 0x7474, 0x7570, 0x7569,
    0x7070, 0x7470, 0x7475, 0x7474, 0x756C, 0x6969, 0x6975, 0x6969, 0x7574, 0x7474, 0x7474, 0x7469,
    0x7569, 0x6C75, 0x756C, 0x7569, 0x7474, 0x7474, 0x7475, 0x7474, 0x7575, 0x6969, 0x6975, 0x6969,
    0x6969, 0x6969, 0x0143, 0x0101, 0x6969, 0x4369, 0x0101, 0x0101, 0x6969, 0x0143, 0x0101, 0x0101,
    0x6E69, 0x7979, 0x7979, 0x7979, 0x0143, 0x0101, 0x0101, 0x0101, 0x0101, 0x0101, 0x0101, 0x0101,
    0x0101, 0x0101, 0x0101, 0x0101, 0x7979, 0x7979, 0x7979, 0x7979, 0x7878, 0x7878, 0x6969, 0x6969,
    0x7801, 0x7878, 0x6978, 0x6969, 0x0101, 0x7878, 0x7878, 0x6969, 0x7979, 0x6E79, 0x6E6E, 0x696E,
    0x0101, 0x0101, 0x7878, 0x7878, 0x0101, 0x0101, 0x7801, 0x7878, 0x0101, 0x0101, 0x0101, 0x7878,
    0x7979, 0x7979, 0x7979, 0x6E79, 0x6900, 0x6969, 0x6969, 0x6969, 0x0000, 0x6900, 0x6969, 0x6969,
    0x0000, 0x0000, 0x6900, 0x6969, 0x0000, 0x0000, 0x0000, 0x7500, 0x0000, 0x0000, 0x0000, 0x0000,
    0x0000, 0x0000, 0x0000, 0x0000, 0x0000, 0x0000, 0x0000, 0x0000, 0x0000, 0x0000, 0x0000, 0x0000,
    0x6C69, 0x6C6C, 0x706C, 0x6C75, 0x6969, 0x7469, 0x7070, 0x756C, 0x6969, 0x6969, 0x6C69, 0x7570,
    0x6969, 0x6969, 0x6969, 0x7469, 0x6900, 0x6969, 0x6969, 0x6969, 0x0000, 0x6900, 0x6969, 0x6969,
    0x0000, 0x0000, 0x6900, 0x6969, 0x0000, 0x0000, 0x0000, 0x6900, 0x2A2A, 0x2A2A, 0x2A2A, 0x0B2A,
    0x0B0B, 0x2A2A, 0x2A2A, 0x190B, 0x0B0B, 0x2A0B, 0x2A2A, 0x190B, 0x0B0B, 0x1E1E, 0x0B2A, 0x0B0B,
    0x0B0B, 0x1E1E, 0x0B0B, 0x0B0B, 0x0B0B, 0x0B0B, 0x0B0B, 0x0B0B, 0x0B0B, 0x470B, 0x0B0B, 0x0B0B,
    0x0B0B, 0x0B0B, 0x0B0B, 0x0B0B, 0x0B0B, 0x470B, 0x2A2A, 0x2A2A, 0x0B0B, 0x470B, 0x2A0B, 0x2A2A,
    0x0B0B, 0x0B0B, 0x2A2A, 0x2A2A, 0x0B0B, 0x0B0B, 0x2A2A, 0x2A2A, 0x0B0B, 0x0B47, 0x2A2A, 0x2A2A,
    0x0B0B, 0x0B0B, 0x0B0B, 0x2A2A, 0x0B0B, 0x0B19, 0x1E0B, 0x2A0C, 0x0B0B, 0x0B0B, 0x1E0B, 0x2A1E,
    0x0B2A, 0x0B0B, 0x2A2A, 0x0B2A, 0x0B2A, 0x0B47, 0x0B0B, 0x0B2A, 0x0B0B, 0x0B0B, 0x0B0B, 0x0B0B,
    0x0B0B, 0x0B0B, 0x470B, 0x0B47, 0x0B0B, 0x0B0B, 0x470B, 0x0B47, 0x0B0B, 0x0B0B, 0x0B0B, 0x0B0B,
    0x0B0B, 0x0B0B, 0x0B0B, 0x0B0B, 0x0B0B, 0x0B0B, 0x0B47, 0x0B0B, 0x0B0B, 0x0B0B, 0x2A0B, 0x4949,
    0x0B19, 0x0B0B, 0x2A2A, 0x4949, 0x0B19, 0x0B0B, 0x0B0B, 0x2A0B, 0x0B0B, 0x2A0B, 0x2A2A, 0x2A2A,
    0x2A0B, 0x2A2A, 0x492A, 0x2A2A, 0x2A0B, 0x2A2A, 0x2A2A, 0x2A2A, 0x0B0B, 0x2A2A, 0x2A2A, 0x2A0C,
    0x0B0B, 0x0B0B, 0x2A0B, 0x2A2A, 0x2A2A, 0x2A2A, 0x2A2A, 0x2A2A, 0x2A2A, 0x2A2A, 0x2A2A, 0x0C2A,
    0x2A2A, 0x2A2A, 0x2A2A, 0x0C2A, 0x2A2A, 0x0C0C, 0x2A2A, 0x2A2A, 0x2A2A, 0x0C0C, 0x2A2A, 0x2A2A,
    0x2A2A, 0x2A2A, 0x2A2A, 0x2A2A, 0x2A2A, 0x2A2A, 0x2A49, 0x2A2A, 0x2A2A, 0x2A2A, 0x2A2A, 0x2A2A,
    0x0B0B, 0x2A0B, 0x2A2A, 0x4949, 0x0B19, 0x2A0B, 0x2A2A, 0x4949, 0x0B19, 0x2A2A, 0x2A2A, 0x2A2A,
    0x2A2A, 0x2A2A, 0x2A2A, 0x2A2A, 0x2A2A, 0x2A2A, 0x492A, 0x2A2A, 0x2A0B, 0x2A2A, 0x2A2A, 0x2A2A,
    0x0B0B, 0x2A2A, 0x0C2A, 0x2A2A, 0x2A2A, 0x2A2A, 0x2A2A, 0x2A2A, 0x2A2A, 0x2A2A, 0x2A2A, 0x2A2A,
    0x2A2A, 0x2A2A, 0x2A2A, 0x0C2A, 0x2A2A, 0x2A2A, 0x2A2A, 0x0C2A, 0x2A2A, 0x0C0C, 0x2A2A, 0x2A2A,
    0x2A2A, 0x0C0C, 0x2A2A, 0x2A2A, 0x2A2A, 0x2A2A, 0x2A2A, 0x2A2A, 0x2A2A, 0x2A2A, 0x2A49, 0x2A2A,
    0x2A2A, 0x0B2A, 0x2A2A, 0x2A2A, 0x0B47, 0x0B0B, 0x0B0B, 0x2A2A, 0x0B47, 0x0B0B, 0x2A0B, 0x2A2A,
    0x0B0B, 0x0B0B, 0x2A2A, 0x2A2A, 0x0B0B, 0x1E0B, 0x2A0C, 0x2A2A, 0x0B0B, 0x0C0B, 0x2A0C, 0x2A2A,
    0x0B0B, 0x0B0B, 0x2A2A, 0x2A2A, 0x0B0B, 0x470B, 0x2A0B, 0x2A2A, 0x0B0B, 0x0B0B, 0x0B0B, 0x2A2A,
    0x0B47, 0x0B0B, 0x0B0B, 0x0B0B, 0x0B47, 0x0B0B, 0x0B0B, 0x0B0B, 0x0B0B, 0x0B0B, 0x0B0B, 0x0B0B,
    0x0B0B, 0x1E0B, 0x0B1E, 0x0B0B, 0x0B0B, 0x1E0B, 0x0B1E, 0x0B0B, 0x2A2A, 0x0B2A, 0x0B0B, 0x0B0B,
    0x2A2A, 0x2A2A, 0x0B47, 0x0B0B, 0x2A2A, 0x2A2A, 0x0B0B, 0x0B0B, 0x0B47, 0x0B0B, 0x0B0B, 0x2A0B,
    0x0B47, 0x0B0B, 0x0B0B, 0x0B0B, 0x0B0B, 0x2A0B, 0x0B2A, 0x0B0B, 0x0B0B, 0x0C2A, 0x2A0C, 0x2A2A,
    0x0B0B, 0x0C2A, 0x2A0C, 0x2A2A, 0x2A0B, 0x2A2A, 0x2A2A, 0x2A2A, 0x0B0B, 0x2A2A, 0x2A49, 0x2A2A,
    0x0B0B, 0x2A0B, 0x2A2A, 0x0B0B, 0x2A2A, 0x0B0B, 0x0B0B, 0x470B, 0x0C0C, 0x0B2A, 0x0B0B, 0x470B,
    0x0C0C, 0x0B2A, 0x0B0B, 0x0B0B, 0x2A2A, 0x2A2A, 0x2A2A, 0x0B0B, 0x2A2A, 0x2A2A, 0x2A2A, 0x2A49,
    0x2A2A, 0x2A2A, 0x2A2A, 0x2A2A, 0x2A0B, 0x2A2A, 0x2A2A, 0x2A0C, 0x2A2A, 0x2A2A, 0x2A2A, 0x2A2A,
    0x0B47, 0x0B0B, 0x0B0B, 0x0B0B, 0x0B47, 0x0B0B, 0x0B0B, 0x0B0B, 0x0B0B, 0x0B0B, 0x0B0B, 0x0B0B,
    0x0B0B, 0x1E0B, 0x0B1E, 0x0B0B, 0x2A2A, 0x1E2A, 0x0B1E, 0x0B0B, 0x2A2A, 0x2A2A, 0x0B0B, 0x0B0B,
    0x2A2A, 0x2A2A, 0x2A49, 0x0B0B, 0x2A2A, 0x2A2A, 0x2A2A, 0x0B0B, 0x3C3C, 0x3C3C, 0x683C, 0x3C3C,
    0x3C3C, 0x3D3D, 0x6868, 0x3C5B, 0x3C3C, 0x3C3C, 0x5B3C, 0x5B68, 0x3D3C, 0x3C3C, 0x683C, 0x685B,
    0x3C38, 0x3C3C, 0x3C3D, 0x5B5B, 0x5B3D, 0x3D68, 0x3C3C, 0x685B, 0x5B68, 0x5B5B, 0x685B, 0x685B,
    0x685B, 0x5B5B, 0x685B, 0x5B68, 0x3C3C, 0x3C3C, 0x3C3C, 0x3C3C, 0x3C3C, 0x3D3D, 0x3C3C, 0x3C3D,
    0x3C3C, 0x3C3C, 0x3D3C, 0x3D3C, 0x3D3C, 0x3C3C, 0x3C3C, 0x3C3C, 0x3C5B, 0x3C3C, 0x3C3D, 0x3D3C,
    0x3D5B, 0x3D3C, 0x3C3C, 0x3C3D, 0x5B68, 0x5B5B, 0x3C3D, 0x3C3D, 0x685B, 0x5B5B, 0x685B, 0x5B68,
    0x3C3C, 0x3C3C, 0x3C3C, 0x3C3C, 0x3C3C, 0x3D3D, 0x3C3C, 0x3C3D, 0x3C3C, 0x3C3C, 0x3D3C, 0x3D3C,
    0x3D3C, 0x3C3C, 0x3C3C, 0x3C3C, 0x3C38, 0x3C3C, 0x3C3D, 0x3D3C, 0x3D3D, 0x3D3C, 0x3C3C, 0x3C3D,
    0x3D3C, 0x3C3D, 0x3C3D, 0x3C3D, 0x3C5B, 0x383D, 0x3C3D, 0x3D3C, 0x6868, 0x5B68, 0x6868, 0x6868,
    0x6868, 0x5B5B, 0x6868, 0x5B5B, 0x6868, 0x685B, 0x5B68, 0x5B68, 0x5B68, 0x6868, 0x6868, 0x685B,
    0x685B, 0x5B68, 0x685B, 0x5B5B, 0x5B5B, 0x5B68, 0x685B, 0x685B, 0x5B68, 0x5B5B, 0x685B, 0x685B,
    0x685B, 0x5B5B, 0x685B, 0x5B68, 0x3C68, 0x3C3C, 0x3C3C, 0x3C3C, 0x6868, 0x3D3D, 0x3C3C, 0x3C3D,
    0x6868, 0x3C3C, 0x3D3C, 0x3D3C, 0x3D68, 0x3C3C, 0x3C3C, 0x3C3C, 0x685B, 0x5B68, 0x3C5B, 0x3D3C,
    0x5B5B, 0x5B68, 0x685B, 0x685B, 0x5B68, 0x5B5B, 0x685B, 0x685B, 0x685B, 0x5B5B, 0x685B, 0x5B68,
    0x3C3C, 0x3C3C, 0x3C3C, 0x3C3C, 0x3C3C, 0x3D3D, 0x3C3C, 0x3C3D, 0x3C3C, 0x3C3C, 0x3D3C, 0x3D3C,
    0x3D3C, 0x3C3C, 0x3C3C, 0x3C3C, 0x3C38, 0x3C3C, 0x3C3D, 0x3D3C, 0x3D5B, 0x3D3C, 0x3C3C, 0x3C3D,
    0x5B68, 0x3C5B, 0x3C3D, 0x3C3D, 0x685B, 0x383D, 0x3C3D, 0x3D3C, 0x3C3C, 0x3C3C, 0x5B68, 0x5B68,
    0x3D3C, 0x683C, 0x6868, 0x685B, 0x3C38, 0x5B3C, 0x685B, 0x5B5B, 0x3D3D, 0x3D3C, 0x683C, 0x3C5B,
    0x3D3C, 0x3C3D, 0x3C3D, 0x3C3D, 0x3C3D, 0x383D, 0x685B, 0x5B68, 0x683C, 0x5B68, 0x685B, 0x6868,
    0x683C, 0x5B5B, 0x6868, 0x5B5B, 0x3C3C, 0x3D3C, 0x683C, 0x6868, 0x3D3C, 0x3C38, 0x5B68, 0x685B,
    0x3C3D, 0x3D3D, 0x3D3C, 0x683C, 0x3C3D, 0x5B3C, 0x5B5B, 0x685B, 0x5B3C, 0x685B, 0x5B5B, 0x685B,
    0x683C, 0x6868, 0x5B68, 0x685B, 0x3C3D, 0x6868, 0x5B5B, 0x6868, 0x3D3C, 0x3C3C, 0x683C, 0x5B68,
    0x685B, 0x5B68, 0x6868, 0x6868, 0x5B5B, 0x685B, 0x5B68, 0x685B, 0x685B, 0x5B5B, 0x5B68, 0x685B,
    0x685B, 0x5B68, 0x5B5B, 0x6868, 0x5B68, 0x685B, 0x685B, 0x6868, 0x6868, 0x6868, 0x6868, 0x6868,
    0x5B5B, 0x6868, 0x6868, 0x6868, 0x5B68, 0x6868, 0x6868, 0x5B68, 0x3C3C, 0x3D3C, 0x3C3C, 0x6868,
    0x3D3C, 0x3C38, 0x5B3C, 0x685B, 0x3C3D, 0x3D3D, 0x5B68, 0x685B, 0x3C3D, 0x3D3C, 0x5B5B, 0x685B,
    0x3D3C, 0x683D, 0x5B5B, 0x685B, 0x3C3C, 0x3C3C, 0x5B68, 0x685B, 0x3C3D, 0x3C3C, 0x5B3D, 0x6868,
    0x3D3C, 0x3C3C, 0x3C3C, 0x5B68, 0x3E52, 0x5656, 0x34AA, 0xAA3E, 0x5252, 0x3E34, 0x3E3E, 0xAAAA,
    0x5252, 0x5652, 0x5656, 0xAAAA, 0x5252, 0x5252, 0x5656, 0xAA56, 0x5252, 0x5652, 0x5656, 0xAAAA,
    0x5252, 0x5252, 0x5656, 0xAA56, 0x5252, 0x5652, 0x5656, 0xAA56, 0x5252, 0x5252, 0x5656, 0xAA40,
    0x5200, 0x5640, 0x3EAA, 0x0034, 0x5200, 0x5640, 0x3EAA, 0x0034, 0x5200, 0x5640, 0x3EAA, 0x0034,
    0x5200, 0x5640, 0x3EAA, 0x0034, 0x5200, 0x5640, 0x3EAA, 0x0034, 0x5200, 0x5640, 0x3EAA, 0x0034,
    0x5200, 0x5640, 0x3EAA, 0x0034, 0x5200, 0x5640, 0x3EAA, 0x0034, 0x0000, 0xAA56, 0xAAAA, 0x0000,
    0x5200, 0xAAAA, 0xAAAA, 0x00AA, 0x5200, 0xAA56, 0xAAAA, 0x0056, 0x5200, 0x5652, 0x5656, 0x0034,
    0x5200, 0x5640, 0xAAAA, 0x0034, 0x5200, 0x5640, 0x34AA, 0x0034, 0x5200, 0x5640, 0x34AA, 0x0034,
    0x5200, 0x5640, 0x34AA, 0x0034, 0x0000, 0x5600, 0x5656, 0x5656, 0x5252, 0x5252, 0x5252, 0x5252,
    0x2E2E, 0x5652, 0x5656, 0x5656, 0x0000, 0x5252, 0x5252, 0x5252, 0x0000, 0x5252, 0x5656, 0x5256,
    0x0000, 0x2E2E, 0x5252, 0x5652, 0x0000, 0x522E, 0x5252, 0x5252, 0x0000, 0x522E, 0x5252, 0x5252,
    0x5656, 0x5656, 0x5656, 0x5656, 0x5252, 0x5252, 0x5252, 0x5252, 0x5656, 0x5656, 0x5656, 0x5656,
    0x5252, 0x5252, 0x5252, 0x5252, 0x5252, 0x5652, 0x5656, 0x5252, 0x2E2E, 0x522E, 0x5252, 0x2E56,
    0x2E56, 0x5252, 0x5252, 0x5652, 0x2E56, 0x5252, 0x5252, 0x5652, 0x5656, 0x5656, 0x5656, 0x0056,
    0x5252, 0x5252, 0x5252, 0x5652, 0x5656, 0x5656, 0x5656, 0x5256, 0x5252, 0x5252, 0x5252, 0x5252,
    0x5252, 0x5656, 0x5256, 0x5252, 0x2E2E, 0x5252, 0x5652, 0x5252, 0x522E, 0x5252, 0x5252, 0x5256,
    0x522E, 0x5252, 0x5252, 0x5256, 0x0000, 0x0000, 0x0000, 0x0000, 0x5656, 0x5656, 0x5656, 0x5252,
    0x5252, 0x5252, 0x5252, 0x2E2E, 0x0000, 0x0000, 0x0000, 0x0000, 0x0000, 0x0000, 0x0000, 0x0000,
    0x0000, 0x0000, 0x0000, 0x0000, 0x0000, 0x0000, 0x0000, 0x0000, 0x0000, 0x0000, 0x0000, 0x0000,
    0xABAB, 0xABAB, 0xABAB, 0xABAB, 0xACAC, 0xACAC, 0xACAC, 0xACAC, 0xACAC, 0xACAC, 0xACAC, 0xACAC,
    0x8EAC, 0x8EAC, 0xAC8E, 0xAC8E, 0x8EAC, 0x8EAC, 0xAC8E, 0xACAC, 0xAC8E, 0xACAC, 0xAC8E, 0xACAC,
    0xACAC, 0xACAC, 0xACAC, 0xACAC, 0xACAC, 0xACAC, 0xACAC, 0xACAC, 0x0000, 0x0000, 0x0000, 0x0000,
    0x5252, 0x5656, 0x5656, 0x5656, 0x2E2E, 0x522E, 0x5252, 0x5252, 0x2F52, 0x522E, 0x5252, 0x5252,
    0x0000, 0x0000, 0x5256, 0x5252, 0x0000, 0x0000, 0x0000, 0x5256, 0x0000, 0x0000, 0x0000, 0x5600,
    0x0000, 0x0000, 0x0000, 0x0000, 0x2A2A, 0x2A2A, 0x2A2A, 0x2A2A, 0x2A0B, 0x2A2A, 0x2A0C, 0x2A2A,
    0x2A2A, 0x2A2A, 0x2A2A, 0x2A2A, 0x2A2A, 0x2A2A, 0x2A2A, 0x2A2A, 0x2A2A, 0x2A2A, 0x2A2A, 0x0C0C,
    0x0B0B, 0x2A2A, 0x2A2A, 0x0C0C, 0x1E0B, 0x2A0C, 0x2A2A, 0x2A2A, 0x1E0B, 0x2A1E, 0x2A2A, 0x2A2A,
    0x2A2A, 0x2A2A, 0x2A2A, 0x2A2A, 0x2A2A, 0x2A49, 0x2A2A, 0x2A2A, 0x2A0B, 0x2A2A, 0x2A2A, 0x2A2A,
    0x2A0B, 0x2A2A, 0x492A, 0x2A49, 0x0B0B, 0x2A0B, 0x492A, 0x2A49, 0x0B0B, 0x2A0B, 0x2A2A, 0x2A2A,
    0x0B0B, 0x0B0B, 0x2A0B, 0x2A2A, 0x0B0B, 0x0B0B, 0x2A47, 0x2A2A, 0x0B0B, 0x0B0B, 0x0B0B, 0x0B0B,
    0x0B2A, 0x0B0B, 0x0B19, 0x0B0B, 0x2A2A, 0x2A2A, 0x2A2A, 0x0B0B, 0x2A2A, 0x2A2A, 0x0B2A, 0x0B0B,
    0x2A2A, 0x2A2A, 0x0B0B, 0x1919, 0x2A2A, 0x2A2A, 0x0B2A, 0x1919, 0x1E2A, 0x2A0C, 0x2A2A, 0x0B2A,
    0x1E2A, 0x2A1E, 0x2A2A, 0x0B2A, 0x0B47, 0x0B0B, 0x2A2A, 0x2A2A, 0x0B47, 0x2A0B, 0x2A2A, 0x2A2A,
    0x0B0B, 0x2A2A, 0x2A2A, 0x2A2A, 0x2A0B, 0x0C2A, 0x2A0C, 0x2A2A, 0x2A2A, 0x0C2A, 0x0B0C, 0x2A2A,
    0x2A2A, 0x2A2A, 0x0B0B, 0x2A2A, 0x2A0B, 0x2A2A, 0x0B47, 0x2A0B, 0x2A0B, 0x0B2A, 0x0B0B, 0x0B0B,
    0x2A2A, 0x2A2A, 0x2A2A, 0x492A, 0x0C0C, 0x2A2A, 0x2A2A, 0x492A, 0x0C0C, 0x2A2A, 0x2A0B, 0x2A2A,
    0x2A2A, 0x0B2A, 0x0B0B, 0x0B0B, 0x2A2A, 0x0B2A, 0x0B0B, 0x0B47, 0x2A2A, 0x0B0B, 0x0B0B, 0x0B0B,
    0x2A2A, 0x0B0B, 0x0B0B, 0x0B19, 0x0B2A, 0x0B0B, 0x0B0B, 0x0B0B, 0x2A49, 0x0B2A, 0x0B0B, 0x2A0B,
    0x0B49, 0x0B2A, 0x0B0B, 0x2A0B, 0x0B0B, 0x0B0B, 0x0B0B, 0x2A0B, 0x0B0B, 0x1E0B, 0x0B1E, 0x2A2A,
    0x0B0B, 0x1E0B, 0x0B1E, 0x2A2A, 0x0B0B, 0x0B0B, 0x0B0B, 0x2A2A, 0x0B0B, 0x0B0B, 0x0B47, 0x0B0B,
    0x0B0B, 0x0B0B, 0x0B0B, 0x0B0B, 0x2A2A, 0x0B2A, 0x2A2A, 0x492A, 0x0C0C, 0x2A2A, 0x2A2A, 0x492A,
    0x0C0C, 0x2A2A, 0x2A2A, 0x2A2A, 0x2A2A, 0x0B2A, 0x2A2A, 0x2A2A, 0x2A2A, 0x0B0B, 0x2A2A, 0x2A49,
    0x0B2A, 0x0B0B, 0x2A2A, 0x0B2A, 0x0B2A, 0x0B0B, 0x0B0B, 0x0B0C, 0x0B0B, 0x0B0B, 0x0B0B, 0x0B0B,
    0x0B0B, 0x0B0B, 0x2A0B, 0x4949, 0x0B19, 0x2A0B, 0x2A2A, 0x4949, 0x0B19, 0x2A0B, 0x2A2A, 0x2A2A,
    0x0B0B, 0x2A0B, 0x2A2A, 0x0B2A, 0x0B0B, 0x0B0B, 0x490B, 0x0B2A, 0x0B0B, 0x0B0B, 0x0B0B, 0x0B0B,
    0x0B0B, 0x0B0B, 0x190B, 0x0B0B, 0x0B0B, 0x0B0B, 0x0B0B, 0x0B0B, 0x2A2A, 0x0B2A, 0x0B0B, 0x470B,
    0x0C0C, 0x2A2A, 0x2A2A, 0x472A, 0x0C0C, 0x2A2A, 0x2A2A, 0x2A2A, 0x2A2A, 0x2A2A, 0x2A2A, 0x2A2A,
    0x2A2A, 0x2A2A, 0x2A2A, 0x2A49, 0x2A2A, 0x2A2A, 0x2A2A, 0x2A2A, 0x2A2A, 0x2A2A, 0x0B2A, 0x2A19,
    0x2A2A, 0x2A2A, 0x0B2A, 0x0B0B, 0x0B47, 0x0B0B, 0x0B0B, 0x0B0B, 0x0B47, 0x0B0B, 0x0B0B, 0x0B0B,
    0x2A2A, 0x0B2A, 0x0B0B, 0x0B0B, 0x2A2A, 0x0C2A, 0x0B0C, 0x0B0B, 0x2A2A, 0x0C2A, 0x0B1E, 0x0B0B,
    0x0B2A, 0x0B0B, 0x0B0B, 0x0B0B, 0x2A2A, 0x0B2A, 0x0B47, 0x0B0B, 0x2A2A, 0x0B0B, 0x0B0B, 0x0B0B,
    0x0B0B, 0x0B0B, 0x0B0B, 0x470B, 0x1919, 0x0B0B, 0x0B0B, 0x490B, 0x1919, 0x0B0B, 0x0B0B, 0x2A0B,
    0x0B0B, 0x0B0B, 0x2A0B, 0x2A2A, 0x2A0B, 0x2A2A, 0x2A2A, 0x2A49, 0x0B0B, 0x2A2A, 0x2A2A, 0x2A2A,
    0x0B0B, 0x0B0B, 0x2A0B, 0x2A0C, 0x0B0B, 0x0B0B, 0x2A0B, 0x2A2A, 0x2A2A, 0x0B0B, 0x0B0B, 0x470B,
    0x0C0C, 0x0B2A, 0x0B0B, 0x470B, 0x0C0C, 0x2A2A, 0x0B2A, 0x0B0B, 0x0B2A, 0x2A2A, 0x0B0B, 0x0B0B,
    0x2A2A, 0x0B0B, 0x0B0B, 0x0B47, 0x2A2A, 0x2A2A, 0x2A2A, 0x0B0B, 0x2A2A, 0x2A2A, 0x2A2A, 0x2A0C,
    0x2A2A, 0x2A2A, 0x2A2A, 0x2A2A, 0x6868, 0x5B68, 0x685B, 0x6868, 0x6868, 0x5B5B, 0x6868, 0x5B3D,
    0x683C, 0x685B, 0x3D3C, 0x5B68, 0x3D3C, 0x3C3C, 0x3C3C, 0x685B, 0x3C38, 0x3C3C, 0x683D, 0x5B5B,
    0x3D3D, 0x3D3C, 0x683C, 0x685B, 0x3D3C, 0x5B3D, 0x685B, 0x685B, 0x685B, 0x5B5B, 0x685B, 0x5B68,
    0x3C3C, 0x3C3C, 0x5B68, 0x5B68, 0x3D3C, 0x683C, 0x6868, 0x685B, 0x6838, 0x5B68, 0x685B, 0x3D3C,
    0x5B3D, 0x5B68, 0x685B, 0x3C3D, 0x5B3C, 0x5B5B, 0x3C5B, 0x3C3D, 0x3C3D, 0x5B3D, 0x3C5B, 0x3D3C,
    0x3C3C, 0x3C3C, 0x3C3C, 0x3C3C, 0x3C3C, 0x3D3D, 0x3C3C, 0x3C3D, 0x6868, 0x3C3C, 0x3C3C, 0x3C3C,
    0x6868, 0x5B5B, 0x3C3C, 0x3C3D, 0x6868, 0x685B, 0x3D3C, 0x3D3C, 0x3D3C, 0x3C3C, 0x3C3C, 0x3C3C,
    0x3C5B, 0x3C3C, 0x3C3D, 0x3D3C, 0x5B5B, 0x3D68, 0x3C3C, 0x3C3D, 0x5B68, 0x3C3D, 0x3C3D, 0x3C3D,
    0x3C3D, 0x383D, 0x3C3D, 0x3D3C, 0x6868, 0x685B, 0x5B68, 0x3D3C, 0x5B68, 0x6868, 0x3C68, 0x3C3C,
    0x685B, 0x5B68, 0x3C3D, 0x3D3C, 0x5B3D, 0x5B68, 0x3C3C, 0x3C3D, 0x3D3C, 0x3C5B, 0x3C3D, 0x685B,
    0x3C3D, 0x383D, 0x3C3D, 0x5B68, 0x3C3C, 0x3C3C, 0x3C3C, 0x683C, 0x3C3C, 0x3D3D, 0x3C3C, 0x3C3D,
    0x6868, 0x685B, 0x5B68, 0x5B68, 0x6868, 0x6868, 0x6868, 0x685B, 0x3C68, 0x5B3C, 0x685B, 0x5B5B,
    0x3D3D, 0x5B3C, 0x685B, 0x685B, 0x3D3C, 0x3C3D, 0x683D, 0x685B, 0x3C3D, 0x383D, 0x683D, 0x5B68,
    0x3C3C, 0x3C3C, 0x3C3C, 0x6868, 0x3C3C, 0x3D3D, 0x3C3C, 0x3C3D, 0x6868, 0x685B, 0x5B68, 0x683C,
    0x5B68, 0x6868, 0x3C68, 0x3C3C, 0x685B, 0x5B68, 0x3C3D, 0x3D3C, 0x5B5B, 0x5B68, 0x3C5B, 0x3C3D,
    0x3D68, 0x5B5B, 0x685B, 0x3C5B, 0x3C5B, 0x5B3D, 0x685B, 0x3D68, 0x3C68, 0x3C3C, 0x685B, 0x3C68,
    0x3C68, 0x3D3D, 0x3C3C, 0x3C5B, 0x683C, 0x685B, 0x5B68, 0x5B68, 0x3D3C, 0x3C3C, 0x6868, 0x685B,
    0x3C38, 0x5B3C, 0x685B, 0x5B5B, 0x3D3D, 0x5B68, 0x685B, 0x685B, 0x3D3C, 0x5B5B, 0x685B, 0x685B,
    0x683D, 0x5B5B, 0x685B, 0x5B68, 0x3C3C, 0x5B68, 0x685B, 0x6868, 0x3C3C, 0x5B3D, 0x6868, 0x5B5B,
    0x3C3C, 0x3D3C, 0x6868, 0x6868, 0x3D3C, 0x6838, 0x5B68, 0x685B, 0x3C3D, 0x5B5B, 0x5B68, 0x685B,
    0x683D, 0x5B68, 0x5B5B, 0x685B, 0x5B68, 0x685B, 0x385B, 0x685B, 0x6868, 0x6868, 0x3C3C, 0x685B,
    0x5B3D, 0x6868, 0x3D3D, 0x683C, 0x5B3C, 0x3C68, 0x3C3C, 0x3D3C, 0x685B, 0x6868, 0x6868, 0x6868,
    0x6868, 0x6868, 0x5B68, 0x685B, 0x6868, 0x6868, 0x5B3C, 0x685B, 0x685B, 0x3D68, 0x3C3D, 0x3C3D,
    0x5B68, 0x3C5B, 0x383D, 0x3C3D, 0x6868, 0x3C3C, 0x3C3C, 0x3C3C, 0x5B5B, 0x3C3C, 0x3D3D, 0x3C3C,
    0x3D68, 0x3C3C, 0x3C3C, 0x3D3C, 0x3C3C, 0x5B3C, 0x6868, 0x6868, 0x3D3C, 0x6838, 0x5B68, 0x685B,
    0x3C3D, 0x5B5B, 0x5B68, 0x685B, 0x685B, 0x5B68, 0x5B5B, 0x685B, 0x5B68, 0x685B, 0x5B5B, 0x685B,
    0x683C, 0x6868, 0x5B68, 0x685B, 0x3C3D, 0x6868, 0x5B5B, 0x6868, 0x5B68, 0x6868, 0x685B, 0x6868,
    0x5252, 0x5652, 0x5652, 0x4040, 0x5252, 0x5252, 0xAA52, 0xAA56, 0x5252, 0x5252, 0x5656, 0xAA56,
    0x5252, 0x5252, 0x5656, 0xAA56, 0x5252, 0x5652, 0x5652, 0xAA56, 0x5252, 0x5252, 0x5656, 0x52AA,
    0x521E, 0x5252, 0x5652, 0x0B52, 0x1E1E, 0x5252, 0x5252, 0x0B0B, 0x5200, 0x5640, 0x34AA, 0x0034,
    0x5200, 0x5640, 0x3EAA, 0x0034, 0x5200, 0x5640, 0x34AA, 0x0034, 0x5200, 0x5640, 0x3EAA, 0x0034,
    0x5200, 0x5640, 0x34AA, 0x0034, 0x5200, 0x5640, 0x34AA, 0x0034, 0x5200, 0x5640, 0x34AA, 0x0034,
    0x5200, 0x5640, 0x34AA, 0x0034, 0x5200, 0x5640, 0x34AA, 0x0034, 0x5256, 0x5656, 0x34AA, 0x0034,
    0x5252, 0x5652, 0x34AA, 0x0034, 0x5252, 0x562E, 0x34AA, 0x0034, 0x5252, 0x562E, 0x34AA, 0x0034,
    0x5252, 0x562E, 0x34AA, 0x0034, 0x5252, 0x562E, 0x34AA, 0x0034, 0x5256, 0x5656, 0x34AA, 0x0034,
    0x0000, 0x522E, 0x2E2E, 0x2E2E, 0x0000, 0x2E00, 0x5252, 0x5252, 0x0000, 0x5200, 0x8787, 0x879E,
    0x0000, 0x5200, 0x8787, 0x8787, 0x0000, 0x0000, 0x5252, 0x5252, 0x0000, 0x0000, 0x0000, 0x0000,
    0x0000, 0x0000, 0x0000, 0x0000, 0x0000, 0x0000, 0x0000, 0x0000, 0x2E56, 0x2E52, 0x2E2E, 0x562E,
    0x2E56, 0x522E, 0x5252, 0x5652, 0x0056, 0x9E52, 0xAD9E, 0x569E, 0x0052, 0x9E52, 0x9E9E, 0x529E,
    0x0000, 0x5200, 0x5252, 0x0052, 0x0000, 0x0000, 0x0000, 0x0000, 0x0000, 0x0000, 0x0000, 0x0000,
    0x0000, 0x0000, 0x0000, 0x0000, 0x522E, 0x2E2E, 0x2E2E, 0x5256, 0x2E2E, 0x5252, 0x5252, 0x0056,
    0x5200, 0xACAC, 0xAC19, 0x0056, 0x5200, 0xACAC, 0xACAC, 0x0052, 0x0000, 0x5252, 0x5252, 0x0000,
    0x0000, 0x0000, 0x0000, 0x0000, 0x0000, 0x0000, 0x0000, 0x0000, 0x0000, 0x0000, 0x0000, 0x0000,
    0x7F7E, 0x6081, 0x6060, 0x7C60, 0x817F, 0x6083, 0x7F7F, 0x6081, 0x817F, 0x6083, 0x817F, 0x6083,
    0x817F, 0x6083, 0x817F, 0x6083, 0x817F, 0x6083, 0x817F, 0x7C83, 0x0B7F, 0x7D60, 0x817F, 0x6083,
    0x0B0B, 0x7C7C, 0x837F, 0x7D60, 0x0B0B, 0x0B86, 0x7C0B, 0x7C0B, 0x8381, 0x6083, 0x817F, 0x6083,
    0x6060, 0x7C60, 0x8381, 0x6083, 0x7F7E, 0x7F7F, 0x6060, 0x7C60, 0x817F, 0x8181, 0x7F7F, 0x6081,
    0x8381, 0x8383, 0x8181, 0x6083, 0x6060, 0x6060, 0x8383, 0x6083, 0x0B7E, 0x7F7F, 0x0B60, 0x0B36,
    0x0B7F, 0x0B83, 0x0B0B, 0x0B0B, 0x7D81, 0x7D7D, 0x7D7D, 0x827D, 0x7D7D, 0x827D, 0x7C7C, 0x7C7C,
    0x7C7C, 0x7C7C, 0x8181, 0x7C7D, 0x817F, 0x7C7D, 0x7D81, 0x7C7D, 0x7D81, 0x7C7D, 0x7D81, 0x827D,
    0x0B81, 0x7C7D, 0x7D81, 0x7C7D, 0x0B0B, 0x7C7D, 0x7D0B, 0x7C0B, 0x0B0B, 0x0B7D, 0x7C0B, 0x850B,
    0x7C7C, 0x817C, 0x8181, 0x7C7D, 0x817F, 0x7D81, 0x7D7D, 0x7C7D, 0x7D81, 0x7D7D, 0x7D7D, 0x7C7D,
    0x7D7D, 0x7C7D, 0x7C7C, 0x827C, 0x7C7C, 0x817C, 0x8181, 0x7C7D, 0x817F, 0x0B81, 0x7C7C, 0x7C7C,
    0x7C0B, 0x0B7C, 0x860B, 0x8585, 0x0B0B, 0x0B86, 0x820B, 0x0B0B, 0x7C7C, 0x3182, 0x1717, 0x0B35,
    0x7C7D, 0x857C, 0x848C, 0x3687, 0x8B7D, 0x7D7D, 0x8C7C, 0x3684, 0x7C7C, 0x827C, 0x827C, 0x3188,
    0x7F7D, 0x7F81, 0x7C90, 0x8982, 0x8B7D, 0x8B8B, 0x8B8B, 0x857C, 0x8B8B, 0x8B8B, 0x8B8B, 0x7D7D,
    0x7C7C, 0x827C, 0x7C7C, 0x857C, 0x0B0B, 0x0B0B, 0x0B0B, 0x0B0B, 0x0B35, 0x0B47, 0x0B0B, 0x0B0B,
    0x3535, 0x0B0B, 0x0B0B, 0x0B0B, 0x3517, 0x0B0B, 0x0B0B, 0x470B, 0x8784, 0x350C, 0x0B0B, 0x0B0B,
    0x318C, 0x3517, 0x0B0B, 0x0B0B, 0x8C7C, 0x8784, 0x3536, 0x0B0B, 0x827C, 0x3188, 0x1717, 0x0B0B,
    0x3635, 0x8D87, 0x7C8C, 0x7C8B, 0x0B0B, 0x1735, 0x8931, 0x7C85, 0x0B0B, 0x3635, 0x8487, 0x8589,
    0x0B0B, 0x0B0B, 0x1735, 0x8831, 0x0B0B, 0x0B0B, 0x3535, 0x8D0C, 0x0B0B, 0x0B0B, 0x350B, 0x8736,
    0x1E1E, 0x0B0B, 0x0B0B, 0x350B, 0x1E1E, 0x0B0B, 0x0B0B, 0x0B0B, 0x7F7E, 0x7E7E, 0x7F7E, 0x7C8B,
    0x8B7F, 0x8B83, 0x8B83, 0x7C60, 0x837F, 0x8B8B, 0x838B, 0x7C7D, 0x7C85, 0x7C7C, 0x7C7C, 0x7C7C,
    0x7C8C, 0x7F7D, 0x8B91, 0x7C7D, 0x898D, 0x8B85, 0x8B83, 0x7C60, 0x1717, 0x8531, 0x7D8B, 0x7C7D,
    0x3535, 0x8836, 0x7C85, 0x827C, 0x0B0B, 0x0B0B, 0x0B0B, 0x0B0B, 0x0B0B, 0x0B0B, 0x0B0B, 0x170B,
    0x0B0B, 0x0B0B, 0x350B, 0x1735, 0x0B0B, 0x0B19, 0x360B, 0x3136, 0x0B0B, 0x0B0B, 0x8717, 0x8984,
    0x0B0B, 0x3535, 0x8431, 0x8282, 0x0B0B, 0x3635, 0x8284, 0x8585, 0x170B, 0x8436, 0x8582, 0x827C,
    0x0B0B, 0x0B0B, 0x0B0B, 0x0B0B, 0x0B17, 0x0B0B, 0x0B0B, 0x0B0B, 0x3517, 0x0B35, 0x0B0B, 0x0B0B,
    0x3631, 0x0B36, 0x190B, 0x0B0B, 0x8488, 0x1787, 0x0B0B, 0x0B0B, 0x8282, 0x3184, 0x3535, 0x0B0B,
    0x8685, 0x848C, 0x3536, 0x0B0B, 0x7C82, 0x8286, 0x3684, 0x0B17, 0x7F7E, 0x7F7F, 0x7F7F, 0x7C83,
    0x837F, 0x8383, 0x8383, 0x7C7D, 0x7D83, 0x7D7D, 0x7D7D, 0x7C7D, 0x7C7C, 0x7C7C, 0x7C7C, 0x827C,
    0x7F7E, 0x7F7F, 0x7F7F, 0x7C7F, 0x837F, 0x8383, 0x8383, 0x7C7D, 0x7D83, 0x7D7D, 0x7D7D, 0x7C7D,
    0x7C7C, 0x827C, 0x7C7C, 0x827C, 0x7F7E, 0x7C83, 0x7F7E, 0x7C83, 0x837F, 0x7C7D, 0x837F, 0x7C7D,
    0x837F, 0x7C7D, 0x837F, 0x7C7D, 0x837F, 0x7C7D, 0x837F, 0x7C7D, 0x837F, 0x7C7D, 0x837F, 0x7C7D,
    0x837F, 0x7C7D, 0x837F, 0x7C7D, 0x7D83, 0x7C7D, 0x7D83, 0x7C7D, 0x7C7C, 0x827C, 0x7C7C, 0x827C,
    0x350B, 0x8436, 0x7C7B, 0x7C7D, 0x170B, 0x8431, 0x8582, 0x7C7C, 0x3635, 0x8487, 0x8682, 0x7C7C,
    0x350B, 0x3635, 0x8582, 0x827C, 0x170B, 0x1717, 0x8531, 0x7C7C, 0x3635, 0x8487, 0x8582, 0x7C7C,
    0x350B, 0x8436, 0x8682, 0x7C7C, 0x170B, 0x3117, 0x8289, 0x8286, 0x7C7C, 0x8285, 0x3684, 0x0B35,
    0x7C7C, 0x8286, 0x8784, 0x3536, 0x7C7C, 0x3185, 0x1717, 0x0B17, 0x7C7C, 0x8286, 0x3536, 0x0B35,
    0x7C7C, 0x8285, 0x8784, 0x3536, 0x7C7C, 0x8286, 0x3184, 0x0B17, 0x7D7D, 0x7B7C, 0x3684, 0x0B35,
    0x8586, 0x8982, 0x3536, 0x0B35, 0x3635, 0x8D87, 0x7C89, 0x7C7D, 0x350B, 0x3117, 0x8589, 0x7C7C,
    0x3635, 0x8487, 0x8689, 0x7C7C, 0x350B, 0x3117, 0x8289, 0x8286, 0x3535, 0x8D36, 0x7C89, 0x7C7D,
    0x3635, 0x8487, 0x8589, 0x7C7C, 0x350B, 0x1717, 0x8631, 0x7C7C, 0x350B, 0x3635, 0x8289, 0x8286,
    0x7C7C, 0x3185, 0x1717, 0x0B35, 0x7C7C, 0x8986, 0x8784, 0x3536, 0x7D7D, 0x827C, 0x368D, 0x3535,
    0x8586, 0x8982, 0x1731, 0x0B35, 0x7C7C, 0x8985, 0x8784, 0x3536, 0x7C7C, 0x8986, 0x1731, 0x0B35,
    0x7D7D, 0x827C, 0x878D, 0x3536, 0x8586, 0x8982, 0x1731, 0x0B17, 0x0B0B, 0x0B0B, 0x0C0C, 0x0F0C,
    0x180B, 0x0B0B, 0x0C0B, 0x0F0C, 0x0B0B, 0x0B0B, 0x0C12, 0x110F, 0x0B0B, 0x0B0B, 0x1212, 0x110F,
    0x0B0B, 0x0B0B, 0x1218, 0x110F, 0x0B0B, 0x0B0B, 0x0C0B, 0x110F, 0x0B0B, 0x0B0B, 0x0B0B, 0x0F0F,
    0x0B0B, 0x180B, 0x0B0B, 0x0F0B, 0x1010, 0x110F, 0x0B0B, 0x0B0B, 0x1110, 0x110F, 0x0B0B, 0x0B0B,
    0x1110, 0x110F, 0x0B0B, 0x0B0B, 0x1111, 0x0B0F, 0x0B0B, 0x0B0B, 0x0F0F, 0x0B0F, 0x190B, 0x0B19,
    0x0F11, 0x0B0F, 0x190B, 0x0B19, 0x0F0F, 0x0B0F, 0x0B0B, 0x0B0B, 0x0F0F, 0x0B0B, 0x0B0B, 0x0B0B,
    0x588A, 0x8A8A, 0x8A58, 0x588A, 0x408A, 0x8A8A, 0x8A40, 0x408A, 0x8A8A, 0x8A8A, 0x8A8A, 0x8A8A,
    0x5858, 0x5858, 0x5858, 0x5858, 0x0B0B, 0x0B0B, 0x190B, 0x0B19, 0x0B0B, 0x0B0B, 0x190B, 0x0B19,
    0x1E1E, 0x0B0B, 0x0B0B, 0x0B0B, 0x1E1E, 0x0B0B, 0x0B0B, 0x0B0B, 0x7F90, 0x0B0B, 0x0B0B, 0x0B0B,
    0x907F, 0x8181, 0x8181, 0x8181, 0x7F90, 0x8191, 0x8190, 0x8191, 0x9791, 0x8686, 0x8686, 0x8686,
    0x977C, 0x8190, 0x8191, 0x8190, 0x9797, 0x8686, 0x8686, 0x8686, 0x9797, 0xAEAE, 0xAEAE, 0xAEAE,
    0x0B0B, 0x0B0B, 0x0B47, 0x0B0B, 0x0B0B, 0x0B0B, 0x0B0B, 0x7F90, 0x8181, 0x8181, 0x8181, 0x7F7F,
    0x8190, 0x8191, 0x8190, 0x7F90, 0x8686, 0x8686, 0x8686, 0x9797, 0x8191, 0x8190, 0x8191, 0x977C,
    0x8686, 0x8686, 0x8686, 0x9791, 0xAEAE, 0xAEAE, 0xAEAE, 0x977C, 0x1E1E, 0x0B0B, 0x0B0B, 0x0B0B,
    0x7F90, 0x0B0B, 0x0B0B, 0x0B0B, 0x907F, 0x0B0B, 0x0B0B, 0x0B47, 0x7F90, 0x0B0B, 0x0B0B, 0x0B0B,
    0x9791, 0x4747, 0x0B0B, 0x0B0B, 0x977C, 0x4747, 0x0B0B, 0x0B0B, 0x9797, 0x0B0B, 0x0B0B, 0x0B0B,
    0x9797, 0x0B0B, 0x0B0B, 0x0B0B, 0x0B0B, 0x0B0B, 0x0B47, 0x0B0B, 0x0B0B, 0x0B0B, 0x0B0B, 0x7F90,
    0x8181, 0x8181, 0x8181, 0x7F7F, 0x8190, 0x8191, 0x8190, 0x7F90, 0x8686, 0x8686, 0x8686, 0x9797,
    0x8191, 0x8190, 0x8191, 0x977C, 0x8686, 0x8686, 0x8686, 0x8186, 0xAEAE, 0xAEAE, 0xAEAE, 0x8186,
    0x1E1E, 0x0B8E, 0x0B17, 0x810B, 0x7F90, 0x0B0B, 0x0B0B, 0x0B0B, 0x907F, 0x8181, 0x8181, 0x8181,
    0x7F90, 0x8191, 0x8190, 0x8191, 0x9791, 0x8686, 0x8686, 0x8686, 0x977C, 0x8190, 0x8191, 0x8190,
    0x9781, 0x8686, 0x8686, 0x8686, 0x9790, 0xAEAE, 0xAEAE, 0xAEAE, 0x0B81, 0x0B0B, 0x0B47, 0x0B0B,
    0x7F90, 0x0B0B, 0x0B0B, 0x0B0B, 0x907F, 0x0B0B, 0x0B0B, 0x0B47, 0x7F90, 0x0B0B, 0x0B0B, 0x0B0B,
    0x9791, 0x4747, 0x0B0B, 0x0B0B, 0x977C, 0x4747, 0x0B0B, 0x0B0B, 0x9781, 0x0B0B, 0x0B0B, 0x0B0B,
    0x9790, 0x0B0B, 0x0B0B, 0x0B0B, 0x0B81, 0x0B0B, 0x0B47, 0x0B0B, 0x0B0B, 0x0B0B, 0x0B0B, 0x7F90,
    0x0B0B, 0x190B, 0x0B0B, 0x7F7F, 0x0B0B, 0x0B0B, 0x0B0B, 0x7F90, 0x0B0B, 0x0B0B, 0x0B0B, 0x9797,
    0x8E8E, 0xAEAE, 0x173A, 0x977C, 0x8E35, 0xAE8E, 0x8E17, 0x8186, 0x8E8E, 0xAEAE, 0xAEAE, 0x8186,
    0x1E1E, 0x0B8E, 0x0B17, 0x810B, 0x0B0B, 0x0BAE, 0x0B3A, 0x7F90, 0x190B, 0x0B8E, 0x0B17, 0x7F7F,
    0x0B0B, 0x0BAE, 0x0BAE, 0x7F90, 0x0B0B, 0x0B8E, 0x474F, 0x9797, 0x8E8E, 0xAEAE, 0x8E8E, 0x977C,
    0x8E35, 0xAE8E, 0xAE17, 0x9791, 0x8E8E, 0xAEAE, 0xAEAE, 0x977C, 0x0B0B, 0x190B, 0x0B0B, 0x0B0B,
    0x7F90, 0x0B0B, 0x0B0B, 0x0B0B, 0x907F, 0x190B, 0x0B0B, 0x0B0B, 0x7F90, 0x0B0B, 0x0B0B, 0x0B0B,
    0x9791, 0x0B0B, 0x0B0B, 0x0B0B, 0x977C, 0x0B0B, 0x470B, 0x0B19, 0x9797, 0x0B0B, 0x190B, 0x0B47,
    0x9797, 0x0B0B, 0x0B0B, 0x0B0B, 0x1E1E, 0x0B0B, 0x0B0B, 0x0B0B, 0x0B0B, 0x0BAE, 0x0B3A, 0x7F90,
    0x0B0B, 0x198E, 0x0B17, 0x7F7F, 0x0B0B, 0x0BAE, 0x0BAE, 0x7F90, 0x0B0B, 0x0B8E, 0x0B17, 0x9797,
    0x8E8E, 0xAEAE, 0x173A, 0x977C, 0x8E35, 0xAEAE, 0x8E17, 0x8186, 0x8E8E, 0xAEAE, 0xAEAE, 0x8186,
    0x1E1E, 0x0B8E, 0x0B17, 0x810B, 0x7F90, 0x0B0B, 0x0B0B, 0x0B0B, 0x907F, 0x0B0B, 0x0B0B, 0x0B47,
    0x7F90, 0x0B0B, 0x0B0B, 0x0B0B, 0x9791, 0x4747, 0x0B0B, 0x0B0B, 0x977C, 0x4747, 0x0B0B, 0x0B0B,
    0x9781, 0x0B0B, 0x0B0B, 0x0B0B, 0x977C, 0x0B0B, 0x0B0B, 0x0B0B, 0x0B81, 0x0B0B, 0x0B47, 0x0B0B,
    0x8A8A, 0x8A58, 0x588A, 0x8A8A, 0x8A8A, 0x8A40, 0x408A, 0x8A8A, 0x8A8A, 0x8A8A, 0x8A8A, 0x8A8A,
    0x8A8A, 0x5858, 0x5858, 0x5858, 0x0B0B, 0x0B0B, 0x190B, 0x0B19, 0x0B0B, 0x0B0B, 0x190B, 0x0B19,
    0x1E1E, 0x0B0B, 0x0B0B, 0x0B0B, 0x1E1E, 0x0B0B, 0x0B0B, 0x0B0B, 0x8A58, 0x588A, 0x8A8A, 0x8A58,
    0x8A40, 0x408A, 0x8A8A, 0x8A40, 0x8A8A, 0x8A8A, 0x8A8A, 0x8A8A, 0x5858, 0x5858, 0x8E8E, 0x5858,
    0x0B0B, 0x0B0B, 0x4747, 0x0B0B, 0x0B0B, 0x0B0B, 0x0B0B, 0x0B0B, 0x0B0B, 0x0B0B, 0x0B0B, 0x0B0B,
    0x0B0B, 0x470B, 0x0B0B, 0x0B0B, 0x8A8A, 0x8A58, 0x588A, 0x8A8A, 0x8A8A, 0x8A40, 0x408A, 0x8A8A,
    0x8A8A, 0x8A8A, 0x458A, 0x8A8A, 0x5858, 0x5858, 0x8E8E, 0x8A8A, 0x0B0B, 0x0B0B, 0x4747, 0x0B0B,
    0x0B0B, 0x0B0B, 0x0B0B, 0x0B0B, 0x0B0B, 0x0B0B, 0x0B0B, 0x0B0B, 0x0B0B, 0x470B, 0x0B0B, 0x0B0B,
    0x0B0B, 0x5858, 0x5858, 0x5858, 0x0B0B, 0x1F58, 0x5858, 0x5858, 0x0B0B, 0x5858, 0x5858, 0x5858,
    0x0B0B, 0x5858, 0x5858, 0x5858, 0x0B0B, 0x0B0B, 0x1F0B, 0x0B17, 0x0B0B, 0x0B0B, 0x1F58, 0x5835,
    0x1E1E, 0x0B0B, 0x5858, 0x5858, 0x1E1E, 0x0B0B, 0x580B, 0x0B58, 0x5858, 0x5858, 0x5858, 0xAF45,
    0x1758, 0x5858, 0x5858, 0x4545, 0x5858, 0x5858, 0x5858, 0xAF45, 0x5858, 0x5858, 0x8E8E, 0xAF45,
    0x0B0B, 0x580B, 0x478E, 0x450B, 0x5858, 0x5858, 0x0B58, 0xAF0B, 0x5858, 0x5858, 0x0B58, 0xAF0B,
    0x0B0B, 0x170B, 0x0B58, 0x450B, 0x0B0B, 0x0B0B, 0x580B, 0x0B58, 0x0B0B, 0x1F58, 0x5858, 0x5858,
    0x0B0B, 0x5858, 0x5858, 0x5858, 0x0B0B, 0x0B0B, 0x580B, 0x0B58, 0x0B0B, 0x5858, 0x1F58, 0x5817,
    0x0B0B, 0x5858, 0x1F58, 0x5835, 0x1E1E, 0x0B0B, 0x580B, 0x0B58, 0x1E1E, 0x580B, 0x5858, 0x5858,
    0x0B0B, 0x580B, 0x0B58, 0x450B, 0x1758, 0x5858, 0x0B58, 0xAF0B, 0x5858, 0x5858, 0x0B58, 0xAF0B,
    0x0B0B, 0x580B, 0x478E, 0x450B, 0x5858, 0x5858, 0x478E, 0xAF0B, 0x5858, 0x5858, 0x0B58, 0xAF0B,
    0x0B0B, 0x580B, 0x0B58, 0x450B, 0x5858, 0x1758, 0x0B58, 0xAF0B, 0xAFAF, 0x0B0B, 0x0B0B, 0x0B0B,
    0xAFAF, 0x0B0B, 0x0B0B, 0xAFAF, 0x8A8A, 0xAF0B, 0x0BAF, 0x8A8A, 0x8A8A, 0x8A40, 0x408A, 0x8A8A,
    0x8A8A, 0x8A8A, 0x8A8A, 0x8A8A, 0x8A8A, 0x8A0B, 0x0B8A, 0x8A8A, 0x8A8A, 0x8A0B, 0x0B8A, 0x8A8A,
    0x8A8A, 0x8A0B, 0x0B8A, 0x8A8A, 0x0B0B, 0x0B0B, 0xAFAF, 0xAF0B, 0xAF0B, 0x19AF, 0x8A8A, 0x8A0B,
    0x8A0B, 0x0B8A, 0x8A8A, 0x8A0B, 0x8AB0, 0x408A, 0x8A8A, 0x8A40, 0x8A8A, 0x8A8A, 0x8A8A, 0x8A8A,
    0x8A0B, 0x0B8A, 0x8A8A, 0x8A19, 0x8A1E, 0x0B8A, 0x8A8A, 0x8A0B, 0x8A1E, 0x0B8A, 0x8A8A, 0x8A0B,
    0x8AAF, 0x8A58, 0x588A, 0x8A8A, 0x8A45, 0x8A40, 0x408A, 0x8A8A, 0x8AAF, 0x8A8A, 0x8A8A, 0x8A8A,
    0x8AAF, 0x5858, 0x5858, 0x5858, 0x0B45, 0x0B0B, 0x190B, 0x0B19, 0x0BAF, 0x0B0B, 0x190B, 0x0B19,
    0x1EAF, 0x0B0B, 0x0B0B, 0x0B0B, 0x1E45, 0x0B0B, 0x0B0B, 0x0B0B, 0x5858, 0x5858, 0x0B58, 0xAFAF,
    0x0B0B, 0x1F0B, 0x0B58, 0xAFAF, 0x5858, 0x5858, 0x0B58, 0x8A8A, 0x5858, 0x5858, 0x0B58, 0x8A8A,
    0x0B0B, 0x580B, 0x1958, 0xAF45, 0x5858, 0x5858, 0x1958, 0xAF45, 0x1F1F, 0x5858, 0x0B58, 0x4545,
    0x1E1E, 0x580B, 0x0B58, 0xAF45, 0x0B0B, 0x580B, 0x5858, 0x5858, 0x0B0B, 0x580B, 0x5858, 0x5817,
    0x0B0B, 0x0B0B, 0x580B, 0x0B58, 0x0B0B, 0x8E47, 0x5858, 0x5858, 0x0B0B, 0x8E47, 0x5858, 0x5858,
    0x0B0B, 0x0B0B, 0x580B, 0x0B58, 0x0B0B, 0x5858, 0x5858, 0x5858, 0x0B0B, 0x5858, 0x588E, 0x5858,
    0x0B0B, 0x0B0B, 0x0B0B, 0xAFAF, 0x0B0B, 0x190B, 0x0B0B, 0xAFAF, 0x0B0B, 0x0B0B, 0x0B0B, 0x8A8A,
    0x0B0B, 0x0B0B, 0x0B0B, 0x8A8A, 0x0B0B, 0x0B0B, 0x190B, 0xAF45, 0x0B0B, 0x0B0B, 0x190B, 0xAF45,
    0x1E1E, 0x0B0B, 0x0B0B, 0x4545, 0x1E1E, 0x0B0B, 0x0B0B, 0xAF45, 0x0BAF, 0xAFAF, 0x0B0B, 0x0B0B,
    0x0B8A, 0x8A8A, 0xAF0B, 0x0BAF, 0x0B8A, 0x8A8A, 0x8A0B, 0x0B8A, 0x408A, 0x8A8A, 0x8AB0, 0x408A,
    0x8A8A, 0x8A8A, 0x8A8A, 0x8A8A, 0x0B8A, 0x8A8A, 0x8A0B, 0x0B8A, 0x0B8A, 0x8A8A, 0x8A0B, 0x0B8A,
    0x0B8A, 0x8A8A, 0x8A47, 0x0B8A, 0x0B0B, 0x0B0B, 0x0B0B, 0xAFAF, 0xAFAF, 0x190B, 0x0B0B, 0xAFAF,
    0x8A8A, 0xAF0B, 0x0BAF, 0x8A8A, 0x8A8A, 0x8A40, 0x408A, 0x8A8A, 0x8A8A, 0x8A8A, 0x458A, 0x8A8A,
    0x8A8A, 0x8A0B, 0x198A, 0x8A8A, 0x8A8A, 0x8A0B, 0x0B8A, 0x8A8A, 0x8A8A, 0x8A0B, 0x0B8A, 0x8A8A,
    0x8A8A, 0x0B0B, 0x0B0B, 0x0B0B, 0x8A8A, 0x190B, 0x0B0B, 0x0B0B, 0x8A8A, 0x0B0B, 0x0B0B, 0x0B0B,
    0x8A8A, 0x0B0B, 0x0B0B, 0x0B0B, 0x0B0B, 0x0B0B, 0x190B, 0x0B19, 0x0B0B, 0x0B0B, 0x190B, 0x0B19,
    0x1E1E, 0x0B0B, 0x0B0B, 0x0B0B, 0x1E1E, 0x0B0B, 0x0B0B, 0x0B0B, 0x0B45, 0x0B0B, 0x0B0B, 0x0B0B,
    0x0BAF, 0x190B, 0x0B0B, 0x0B0B, 0x0BAF, 0x0B0B, 0x0B0B, 0x0B0B, 0x0B45, 0x0B0B, 0x0B0B, 0x0B0B,
    0x0BAF, 0x0B0B, 0x190B, 0x0B19, 0x0BAF, 0x0B0B, 0x190B, 0x0B19, 0x1E45, 0x0B0B, 0x0B0B, 0x0B0B,
    0x1EAF, 0x0B0B, 0x0B0B, 0x0B0B, 0xAFAF, 0x0B0B, 0x0B0B, 0x0B0B, 0xAFAF, 0x0B0B, 0x0B0B, 0x0B47,
    0x8A8A, 0x0B0B, 0x0B0B, 0x0B0B, 0x8A8A, 0x4747, 0x0B0B, 0x0B0B, 0x8A8A, 0x4747, 0x0B0B, 0x0B0B,
    0x8A8A, 0x0B0B, 0x0B0B, 0x0B0B, 0x8A8A, 0x0B0B, 0x0B0B, 0x0B0B, 0x8A8A, 0x0B0B, 0x0B47, 0x0B0B,
    0xAFAF, 0x0B0B, 0x0B0B, 0x0B0B, 0xAFAF, 0x0B0B, 0x0B0B, 0xAFAF, 0x8A8A, 0xAF0B, 0x0BAF, 0x8A8A,
    0x8A8A, 0x8A40, 0x408A, 0x8A8A, 0x8AAF, 0x8A8A, 0x8A8A, 0x8A8A, 0x8AAF, 0x8A0B, 0x0B8A, 0x8A8A,
    0x8A45, 0x8A0B, 0x0B8A, 0x8A8A, 0x8AAF, 0x8A0B, 0x0B8A, 0x8A8A, 0x0B0B, 0x580B, 0x5858, 0x5858,
    0x0B0B, 0x0B0B, 0x580B, 0x0B17, 0x0B0B, 0x580B, 0x5858, 0x5858, 0x0B0B, 0x8E47, 0x5858, 0x5858,
    0x0B0B, 0x4747, 0x580B, 0x0B58, 0x0B0B, 0x0B0B, 0x5858, 0x5858, 0x0B0B, 0x0B0B, 0x5858, 0x5858,
    0x0B0B, 0x0B0B, 0x5847, 0x0B58, 0x5858, 0x5858, 0x0B58, 0xAFAF, 0x0B0B, 0x1F0B, 0x0B58, 0xAFAF,
    0x5858, 0x5858, 0x0B58, 0x8A8A, 0x5858, 0x5858, 0x0B58, 0x8A8A, 0x0B0B, 0x580B, 0x1958, 0x8A8A,
    0x5858, 0x5858, 0x1958, 0x8A8A, 0x1F1F, 0x5858, 0x0B58, 0x8A8A, 0x1E1E, 0x580B, 0x0B58, 0x8A8A,
    0x588A, 0x8A8A, 0x8A58, 0x588A, 0x408A, 0x8A8A, 0x8AB0, 0x408A, 0x8A8A, 0x8A8A, 0x8A8A, 0x8A8A,
    0x5858, 0x5858, 0x5858, 0x5858, 0x0B0B, 0x0B0B, 0x1F0B, 0x0B17, 0x0B0B, 0x0B0B, 0x1F58, 0x5835,
    0x1E1E, 0x0B0B, 0x5858, 0x5858, 0x1E1E, 0x0B0B, 0x580B, 0x0B58, 0x8A8A, 0x8A58, 0x588A, 0xAF8A,
    0x8A8A, 0x8AAA, 0x408A, 0x458A, 0x8A8A, 0x8A8A, 0x458A, 0xAF8A, 0x5858, 0x5858, 0x8E8E, 0xAF8A,
    0x0B0B, 0x580B, 0x478E, 0x450B, 0x5858, 0x5858, 0x0B58, 0xAF0B, 0x5858, 0x5858, 0x0B58, 0xAF0B,
    0x0B0B, 0x170B, 0x0B58, 0x450B, 0xAFAF, 0x0B0B, 0x0B0B, 0x0B0B, 0xAFAF, 0x0B0B, 0x0B0B, 0x0B47,
    0x8A8A, 0x0B0B, 0x0B0B, 0x0B0B, 0x8A8A, 0x4747, 0x0B0B, 0x0B0B, 0x8AAF, 0x4747, 0x0B0B, 0x0B0B,
    0x8AAF, 0x0B0B, 0x0B0B, 0x0B0B, 0x8A45, 0x0B0B, 0x0B0B, 0x0B0B, 0x8AAF, 0x0B0B, 0x0B47, 0x0B0B,
    0x8AAF, 0x0B0B, 0x0B0B, 0x0B0B, 0x8A45, 0x190B, 0x0B0B, 0x0B0B, 0x8AAF, 0x0B0B, 0x0B0B, 0x0B0B,
    0x8AAF, 0x0B0B, 0x0B0B, 0x0B0B, 0x0B45, 0x0B0B, 0x190B, 0x0B19, 0x0BAF, 0x0B0B, 0x190B, 0x0B19,
    0x1EAF, 0x0B0B, 0x0B0B, 0x0B0B, 0x1E45, 0x0B0B, 0x0B0B, 0x0B0B, 0x0B0B, 0x5858, 0x5858, 0x5858,
    0x0B0B, 0x1758, 0x5858, 0x5858, 0x0B0B, 0x5858, 0x5858, 0x5858, 0x0B0B, 0x5858, 0x5858, 0x5858,
    0x0B0B, 0x0B0B, 0x190B, 0x0B19, 0x0B0B, 0x0B0B, 0x190B, 0x0B19, 0x1E1E, 0x0B0B, 0x0B0B, 0x0B0B,
    0x1E1E, 0x0B0B, 0x0B0B, 0x0B0B, 0xB2B1, 0xB2B2, 0xB2B2, 0xB2B2, 0xB1B1, 0xB1B1, 0xB1B1, 0xB1B1,
    0x7373, 0x7373, 0x7373, 0x7373, 0xB2B1, 0xB2B2, 0xB2B2, 0xB2B2, 0xB1B1, 0xB1B1, 0xB1B1, 0xB1B1,
    0x7373, 0x7373, 0x7373, 0x7373, 0xB2B1, 0xB2B2, 0xB2B2, 0xB2B2, 0xBBBB, 0xBBBB, 0xBBBB, 0xBBBB,
    0x8AB2, 0xA579, 0x8A8A, 0x8A8A, 0x8AB1, 0xA579, 0x8A8A, 0x3434, 0x8AB2, 0xA579, 0x8A8A, 0x5555,
    0x8AB2, 0xA579, 0x8A8A, 0x5555, 0x8AB2, 0xA579, 0x8A8A, 0x5555, 0x8AB2, 0xA579, 0x8A8A, 0x5555,
    0x8AB2, 0xA579, 0x8A8A, 0x5555, 0x8ABB, 0xA579, 0x8A8A, 0x5555, 0x0101, 0x0148, 0xB33E, 0xB3B3,
    0x0101, 0x0148, 0xB33E, 0xB3B3, 0x0101, 0x0148, 0xB33E, 0xB3B3, 0x0101, 0x0148, 0x0101, 0x0101,
    0x0101, 0x0148, 0x0101, 0x0101, 0x0101, 0x7901, 0x7979, 0x7979, 0x0101, 0x0101, 0x0101, 0x0101,
    0x0101, 0x0101, 0x0101, 0x0101, 0xB3B3, 0x01B4, 0x3D79, 0x0101, 0xB3B3, 0x01B4, 0x3D79, 0x0101,
    0xB3B3, 0x01B4, 0x3D79, 0x0101, 0x0101, 0x0101, 0x3D79, 0x0101, 0x0101, 0x0101, 0x3D79, 0x0101,
    0x7979, 0x7979, 0x48A5, 0x0101, 0x0101, 0x0101, 0x0101, 0x0101, 0x0101, 0x0101, 0x0101, 0x0101,
    0x0101, 0x0148, 0xB33E, 0xB3B3, 0x0101, 0x0148, 0xB33E, 0xB3B3, 0x0101, 0x0148, 0xB33E, 0xB3B3,
    0x0101, 0x0148, 0x0101, 0x0101, 0x0101, 0x0148, 0x0101, 0x0101, 0x0101, 0x0148, 0x0101, 0x7979,
    0x0101, 0x0101, 0x0101, 0x0101, 0x0101, 0x0101, 0x0101, 0x0101, 0xB3B3, 0xB3B3, 0xB3B3, 0x01B5,
    0xB3B3, 0xB3B3, 0xB3B3, 0x01B5, 0xB3B3, 0xB3B3, 0xB3B3, 0x0101, 0x0101, 0x0101, 0x0101, 0x0101,
    0x0101, 0x0101, 0x0101, 0x0101, 0x7979, 0x7979, 0x7979, 0x7979, 0x0101, 0x0101, 0x0101, 0x0101,
    0x0101, 0x0101, 0x0101, 0x0101, 0xB501, 0xB3B3, 0xB3B3, 0xB3B3, 0xB501, 0xB3B3, 0xB3B3, 0xB3B3,
    0xB501, 0xB3B3, 0xB3B3, 0xB3B3, 0x0101, 0x0101, 0x0101, 0x0101, 0x0101, 0x0101, 0x0101, 0x0101,
    0x0179, 0x0179, 0x7979, 0x7979, 0x0101, 0x0101, 0x0101, 0x0101, 0x0101, 0x0101, 0x0101, 0x0101,
    0xB3B3, 0xB5B4, 0x3D79, 0x0101, 0xB3B3, 0xB5B4, 0x3D79, 0x0101, 0xB3B3, 0xB5B4, 0x3D79, 0x0101,
    0x0101, 0x0101, 0x3D79, 0x0101, 0x0101, 0x0101, 0x3D79, 0x0101, 0x7979, 0x7979, 0x3DA5, 0x0101,
    0x0101, 0x0101, 0x0101, 0x0101, 0x0101, 0x0101, 0x0101, 0x0101, 0x013D, 0xB301, 0xB3B3, 0xB3B3,
    0x013D, 0x0101, 0xB3B3, 0xB3B3, 0x3D34, 0x0101, 0xB3B3, 0xB3B3, 0x8A8A, 0x0101, 0xB301, 0xB3B3,
    0x8A8A, 0x013D, 0x0101, 0xB301, 0x8A8A, 0x3D8A, 0x0101, 0x0101, 0x3434, 0x3434, 0x3D3D, 0x0101,
    0x8A8A, 0x8A8A, 0x8A8A, 0x3D3D, 0xB3B3, 0xB3B3, 0x3DB3, 0x0101, 0xB3B3, 0xB3B3, 0x01B3, 0x0101,
    0xB3B3, 0xB3B3, 0x0134, 0x3401, 0xB3B3, 0xB3B3, 0x0101, 0x3401, 0xB3B3, 0x0101, 0x0101, 0x8A34,
    0x0101, 0x0101, 0x3401, 0x8A8A, 0x0101, 0x3401, 0x3434, 0x3434, 0x3D3D, 0x8A8A, 0x8A8A, 0x8A8A,
    0xB6B6, 0x3D55, 0x0101, 0xB6B6, 0xB6B6, 0x3D55, 0x0101, 0xB6B6, 0xB6B6, 0x3D55, 0x0101, 0xB6B6,
    0xB6B6, 0x3D55, 0x0101, 0xB6B6, 0x5656, 0x3D55, 0x0101, 0xB6B6, 0x5656, 0x5556, 0x3D3D, 0xBABA,
    0xBABA, 0xBABA, 0xBABA, 0xBABA, 0xBABA, 0xBABA, 0xBA18, 0xBABA, 0xB773, 0x7373, 0x7373, 0x73B8,
    0xB7B8, 0xB1B8, 0xB1B1, 0xB7B8, 0x7373, 0xB873, 0x7373, 0x7373, 0xB7B7, 0xB8B7, 0xB7B7, 0xB8B8,
    0xB773, 0x7373, 0x7373, 0x73B8, 0xB7B8, 0xB1B8, 0xB1B1, 0xB7B8, 0x7373, 0xB873, 0x7373, 0x7373,
    0xB7B7, 0xB8B7, 0xB7B7, 0xB8B8, 0xB9B9, 0xB8B8, 0xB8B8, 0xB8B8, 0xB8B2, 0xB9B9, 0xB8B8, 0xB8B8,
    0xB2B1, 0xB1B2, 0xB9B9, 0xB8B8, 0xB2B1, 0xB2B2, 0xB873, 0xB9B9, 0xB1B8, 0xB8B2, 0xB1B8, 0xB8B8,
    0xB1B1, 0xB1B8, 0xB2B2, 0xB1B8, 0xB2B1, 0x73B8, 0xB2B2, 0xB8B1, 0xB1B2, 0xB8B2, 0xB1B2, 0x73B2,
    0xB8B8, 0xB8B8, 0xB8B8, 0xB8B8, 0xB8B8, 0xB8B8, 0xB8B8, 0xB8B8, 0xB8B8, 0xB8B8, 0xB8B8, 0xB8B8,
    0xB8B8, 0xB8B8, 0xB8B8, 0xB8B8, 0xB9B9, 0xB8B8, 0xB8B8, 0xB8B8, 0xB8B1, 0xB9B9, 0xB8B9, 0xB8B8,
    0xB173, 0xB8B2, 0xB9B9, 0xB8B8, 0xB2B2, 0xB1B8, 0xB8B2, 0xB9B9, 0xB9B8, 0xB8B8, 0xB9B8, 0xB9B8,
    0x73B9, 0xB873, 0xB8B9, 0xB9B9, 0x73B9, 0xB873, 0xB9B9, 0xB9B9, 0xB8B9, 0xB9B9, 0xB9B9, 0xB9B9,
    0xB9B9, 0xB9B9, 0xB9B9, 0x8AB9, 0xB9B9, 0xB9B9, 0x8AB9, 0x8A8A, 0xB9B9, 0x34B9, 0x3434, 0x3434,
    0x8AB9, 0x8A8A, 0x8A8A, 0x8A8A, 0xB973, 0xB9B9, 0xB9B9, 0x8AB9, 0xB9B9, 0xB9B9, 0x8AB9, 0x8A8A,
    0xB9B9, 0x34B9, 0x3434, 0x3434, 0x8AB9, 0x8A8A, 0x8A8A, 0x8A8A, 0x8A8A, 0x8A8A, 0x8A8A, 0x8A8A,
    0x8A8A, 0x8A8A, 0x8A8A, 0x8A8A, 0x3434, 0x3434, 0x3434, 0x3434, 0x8A8A, 0x8A8A, 0x8A8A, 0x8A8A,
    0x0000, 0x0000, 0xB9B9, 0xB8B8, 0x0000, 0xB800, 0xB8B9, 0xB9B8, 0x0000, 0xB8B8, 0xB9B9, 0xB8B8,
    0x7300, 0xB8B8, 0xB9B9, 0xB8B8, 0xB9B8, 0xB8B8, 0xB873, 0xB8B8, 0xB8B9, 0xB8B8, 0xB873, 0xB9B9,
    0x73B9, 0xB9B8, 0xB8B9, 0xB8B9, 0xB8B9, 0xB9B8, 0xB9B8, 0xB8B8, 0xB1B2, 0xB8B8, 0x0000, 0x0000,
    0xB173, 0xB8B1, 0x00B1, 0x0000, 0xB1B2, 0xB1B8, 0xB1B2, 0x0000, 0xB2B1, 0xB8B2, 0xB2B1, 0x00B2,
    0xB2B1, 0xB2B2, 0xB2B2, 0xB1B8, 0xB1B8, 0xB2B2, 0xB2B1, 0xB8B2, 0xB8B1, 0xB8B2, 0xB173, 0xB8B2,
    0xB2B1, 0xB1B8, 0xB1B8, 0xB8B2, 0xB98A, 0xB9B9, 0xB9B9, 0xB9B9, 0x8A8A, 0xB98A, 0xB9B9, 0xB9B9,
    0x3434, 0x3434, 0xB9B2, 0xB9B9, 0x8A8A, 0x8A8A, 0x8A8A, 0xB98A, 0x8A8A, 0x8A8A, 0x8A8A, 0x8A8A,
    0x8A8A, 0x8A8A, 0x8A8A, 0x8A8A, 0x3434, 0x3434, 0x3434, 0x3434, 0x8A8A, 0x8A8A, 0x8A8A, 0x8A8A,
    0xB173, 0xB8B2, 0xB1B8, 0x7373, 0xB9B9, 0xB1B1, 0xB2B2, 0xB1B8, 0xB9B9, 0xB9B9, 0xB2B2, 0xB8B1,
    0xB9B9, 0xB9B9, 0xB9B9, 0xB8B2, 0xB98A, 0xB9B9, 0xB9B9, 0xB9B9, 0x8A8A, 0xB98A, 0xB9B9, 0xB9B9,
    0x3434, 0x3434, 0xB934, 0xB9B9, 0x8A8A, 0x8A8A, 0x8A8A, 0xB98A, 0xB973, 0xB9B9, 0x8A8A, 0x8A8A,
    0xB9B9, 0x8AB9, 0x8A8A, 0x8A8A, 0xB9B9, 0x3434, 0x3434, 0x3434, 0x8AB9, 0x8A8A, 0x8A8A, 0x8A8A,
    0x8A8A, 0x8A8A, 0x8A8A, 0x8A8A, 0x8A8A, 0x8A8A, 0x8A8A, 0x8A8A, 0x3434, 0x3434, 0x3434, 0x3434,
    0x8A8A, 0x8A8A, 0x8A8A, 0x8A8A, 0x8A8A, 0x348A, 0xB9B9, 0xB9B9, 0x8A8A, 0x8A8A, 0xB98A, 0xB9B9,
    0x3434, 0x3434, 0x3434, 0xB9B9, 0x8A8A, 0x8A8A, 0x8A8A, 0xB934, 0x8A8A, 0x8A8A, 0x8A8A, 0x8A8A,
    0x8A8A, 0x8A8A, 0x8A8A, 0x8A8A, 0x3434, 0x3434, 0x3434, 0x3434, 0x8A8A, 0x8A8A, 0x8A8A, 0x8A8A,
    0xB2B8, 0xB2B2, 0xB2B2, 0xB1B8, 0xB8B9, 0xB2B9, 0xB2B1, 0xB8B2, 0xB8B8, 0xB8B9, 0xB1B8, 0xB8B2,
    0x73B8, 0xB9B8, 0xB8B8, 0xB8B8, 0xB8B8, 0x73B8, 0xB8B8, 0xB8B9, 0xB9B9, 0x73B8, 0xB8B8, 0xB9B8,
    0xB9B8, 0xB9B8, 0xB8B9, 0xB973, 0xB8B8, 0xB8B9, 0xB8B9, 0xB9B8, 0xB173, 0xB8B2, 0xB1B8, 0x7373,
    0xB1B1, 0xB1B1, 0xB2B1, 0xB1B8, 0xB2B2, 0x7373, 0xB2B2, 0xB8B1, 0xB2B2, 0xB8B2, 0xB1B2, 0xB8B2,
    0xB1B8, 0xB2B2, 0xB273, 0x73B2, 0xB8B9, 0xB2B9, 0xB1B8, 0x73B1, 0xB8B8, 0xB8B9, 0xB2B8, 0xB1B8,
    0xB8B8, 0xB9B8, 0xB8B8, 0xB8B8, 0x0B0B, 0x0B0B, 0x0B0B, 0x7F8F, 0x8181, 0x8181, 0x8181, 0x7F7F,
    0x8181, 0x8191, 0x8181, 0x7F8F, 0x8686, 0x8686, 0x8686, 0x9797, 0x8191, 0x818F, 0x8191, 0x9797,
    0x8686, 0x8686, 0x8686, 0x9797, 0x58AE, 0xAEAE, 0xAEAE, 0x97A2, 0x350B, 0x5858, 0x5858, 0x5858,
    0x7F8F, 0x5858, 0x5858, 0x5858, 0x7F7F, 0x5858, 0x5858, 0x580B, 0x7F81, 0x5858, 0x5858, 0x5858,
    0x9797, 0x350B, 0x5858, 0x5858, 0x977C, 0x3535, 0x5858, 0x5858, 0x9797, 0x5858, 0x5858, 0x5858,
    0x9797, 0x5858, 0x5858, 0x5858, 0x5858, 0x5858, 0x580B, 0x5858, 0x5858, 0x5858, 0x5858, 0x7F8F,
    0x5858, 0x3558, 0x5858, 0x7F7F, 0x5858, 0x5858, 0x5858, 0x7F8F, 0x5858, 0x5858, 0x5858, 0x9797,
    0x5858, 0x5858, 0x3558, 0x9797, 0x5858, 0x5858, 0x3558, 0x9797, 0x3535, 0x5858, 0x5858, 0x97A2,
    0x350B, 0x5858, 0x5858, 0x5858, 0x7F8F, 0x5858, 0x5858, 0x5858, 0x7F7F, 0x8181, 0x8181, 0x8181,
    0x7F81, 0x8191, 0x8181, 0x8191, 0x9797, 0x8686, 0x8686, 0x8686, 0x977C, 0x818F, 0x8191, 0x818F,
    0x9797, 0x8686, 0x8686, 0x8686, 0x9797, 0xAEAE, 0xAEAE, 0xAEAE, 0x5858, 0x5858, 0x580B, 0x5858,
    0x5858, 0x5831, 0x5831, 0x7F8F, 0x3558, 0x5831, 0x58BC, 0x7F7F, 0x5858, 0x5831, 0x58BC, 0x7F8F,
    0x5858, 0x5831, 0x3531, 0x9797, 0x3636, 0xBC31, 0xBCBC, 0x9797, 0x3636, 0xBC31, 0xBCBC, 0x9797,
    0x3636, 0xBC31, 0xBCBC, 0x97A2, 0x5858, 0x3558, 0x5858, 0x5858, 0x7F8F, 0x5858, 0x5858, 0x5858,
    0x7F7F, 0x3558, 0x5858, 0x5858, 0x7F81, 0x5858, 0x5858, 0x5858, 0x9797, 0x5858, 0x5858, 0x5858,
    0x977C, 0x5858, 0x3558, 0x5835, 0x9797, 0x5858, 0x3558, 0x580B, 0x9797, 0x5858, 0x5858, 0x5858,
    0x5858, 0x5858, 0x5858, 0x5858, 0x5858, 0x5831, 0x58BC, 0x7F8F, 0x3558, 0x5831, 0x58BC, 0x7F7F,
    0x5858, 0x5831, 0x58BC, 0x7F8F, 0x5858, 0x5831, 0x35BC, 0x9797, 0x3636, 0xBC31, 0xBCBC, 0x9797,
    0x3636, 0xBC31, 0xBCBC, 0x8186, 0x3636, 0xBC31, 0xBCBC, 0x817B, 0x5858, 0x5831, 0x5831, 0x8158,
    0x7F8F, 0x5858, 0x5858, 0x5858, 0x7F7F, 0x3558, 0x5858, 0x5858, 0x7F81, 0x5858, 0x5858, 0x5858,
    0x9797, 0x5858, 0x5858, 0x5858, 0x977C, 0x5858, 0x3558, 0x5835, 0x9781, 0x5858, 0x3558, 0x580B,
    0x9781, 0x5858, 0x5858, 0x5858, 0x5881, 0x5858, 0x5858, 0x5858, 0xBDBD, 0xBDBD, 0xBDBD, 0xBDBD,
    0xBDBD, 0xBDBD, 0xBDBD, 0xBDBD, 0xBDBD, 0xBDBD, 0xBDBD, 0xBDBD, 0xBDBD, 0xBDBD, 0xBDBD, 0xBDBD,
    0xBDBD, 0xBDBD, 0xBDBD, 0xBDBD, 0xBDBD, 0xBDBD, 0xBDBD, 0xBDBD, 0xB6B6, 0xB6B6, 0xB6B6, 0xB6B6,
    0xB6B6, 0xB6B6, 0xB6B6, 0xB6B6, 0xBDBD, 0xBDBD, 0xBDBD, 0xBDBD, 0xBDBD, 0xBDBD, 0xBDBD, 0xBDBD,
    0xBDBD, 0xBDBD, 0xBDBD, 0xBDBD, 0xB6B6, 0xB6B6, 0xB6B6, 0xB6B6, 0xB6B6, 0xB6B6, 0xB6B6, 0xB6B6,
    0x18BA, 0xBA18, 0xBABA, 0xBABA, 0x18BA, 0xBA18, 0xBABA, 0xBABA, 0xBABA, 0xBABA, 0xBA18, 0xBABA,
    0xBDBD, 0xB6BD, 0xB6B6, 0xB6B6, 0xBDBD, 0xB6BD, 0xB6B6, 0xB6B6, 0xBDBD, 0xB6BD, 0xB6B6, 0xB6B6,
    0xB6B6, 0xB6B6, 0xB6B6, 0xB6B6, 0xB6B6, 0xB6B6, 0xB6B6, 0xB6B6, 0xBABA, 0x1818, 0x18BA, 0xBA18,
    0xBFBF, 0x1818, 0xBABA, 0xBABA, 0xBFBF, 0xBABA, 0xBABA, 0xBABA, 0x0179, 0x0179, 0x0101, 0x0101,
    0x0179, 0x0179, 0x3D3D, 0x3D3D, 0x0179, 0x0179, 0x013D, 0x0101, 0x0179, 0x0179, 0x0179, 0x0101,
    0x0179, 0x0179, 0x0179, 0x0101, 0x0179, 0x0179, 0x0179, 0x0101, 0x0179, 0x0179, 0x0179, 0x0101,
    0x0179, 0x0179, 0x0179, 0x0101, 0x0101, 0x0101, 0x013D, 0x3D79, 0x3D3D, 0x013D, 0x0179, 0x3D79,
    0x0101, 0x013D, 0x0179, 0x3D79, 0x0101, 0x013D, 0x0179, 0x3D79, 0x0101, 0x013D, 0x0179, 0x3D79,
    0x0101, 0x013D, 0x0179, 0x3D79, 0x0101, 0x013D, 0x0179, 0x3D79, 0x0101, 0x013D, 0x0179, 0x3D79,
    0x5555, 0x5555, 0x5555, 0x7979, 0xA6A6, 0xA6A6, 0x55A6, 0x7979, 0xA6A6, 0xA6A6, 0x55A6, 0x7979,
    0xA6A6, 0xA6A6, 0x55A6, 0x7979, 0x5555, 0x5555, 0xA655, 0x7979, 0xA6A6, 0xA6A6, 0x55A6, 0x7979,
    0xA6A6, 0xA6A6, 0x55A6, 0x7979, 0xA6A6, 0xA6A6, 0x55A6, 0x7979, 0x5555, 0x5555, 0x5555, 0x5555,
    0x3434, 0x3434, 0x3434, 0x3434, 0xA6A6, 0xA6A6, 0xA6A6, 0xA6A6, 0xA6A6, 0xA6A6, 0xA6A6, 0xA6A6,
    0x5555, 0x5555, 0x5555, 0x5555, 0x3434, 0x3434, 0x3434, 0x3434, 0xA6A6, 0xA6A6, 0xA6A6, 0xA6A6,
    0xA6A6, 0xA6A6, 0xA6A6, 0xA6A6, 0x3434, 0x8A8A, 0x8A48, 0x733E, 0x3434, 0x8A8A, 0x8A48, 0x73BE,
    0xA9A9, 0x8A8A, 0x8A48, 0x7348, 0xA9A9, 0x8A8A, 0x8A48, 0x7348, 0xA9A9, 0x8A8A, 0x8A48, 0x7348,
    0xA9A9, 0x8A8A, 0x8A48, 0x733E, 0xA9A9, 0x8A8A, 0x8A48, 0x73A6, 0xA9A9, 0x8A8A, 0x8A48, 0xBB3E,
    0xB9B8, 0xB8B8, 0xB9B8, 0xB9B8, 0x73B9, 0xB8B8, 0xB8B9, 0xB9B9, 0x73B9, 0xB8B8, 0xB9B9, 0xB9B9,
    0xB8B9, 0xB9B9, 0xB9B9, 0xB9B9, 0xB9B9, 0xB9B9, 0xB9B9, 0xB9B9, 0xB9B9, 0xB9B9, 0xB9B9, 0xB9B9,
    0xB9B9, 0xB9B9, 0xB9B9, 0xB9B9, 0x0000, 0x0000, 0x0000, 0x0000, 0xB9B8, 0xB1B8, 0xB9B8, 0xB9B8,
    0xB8B9, 0xB8B1, 0xB8B9, 0xB9B9, 0x73B9, 0xB8B8, 0xB9B9, 0xB9B9, 0xB8B9, 0xB9B9, 0xB9B9, 0xB9B9,
    0xB9B9, 0xB9B9, 0xB9B9, 0xB9B9, 0xB9B9, 0xB9B9, 0xB9B9, 0xB9B9, 0xB9B9, 0xB9B9, 0xB9B9, 0xB9B9,
    0xB9B9, 0xB9B9, 0xB9B9, 0xB9B9, 0xB173, 0xB1B8, 0xB2B1, 0xB1B8, 0xB9B9, 0xB8B2, 0xB2B2, 0xB8B2,
    0xB9B9, 0xB9B9, 0xB2B2, 0xB8B2, 0xB9B9, 0xB9B9, 0xB9B9, 0xB8B2, 0xB9B9, 0xB9B9, 0xB9B9, 0xB9B9,
    0xB9B9, 0xB9B9, 0xB9B9, 0xB9B9, 0xB9B9, 0xB9B9, 0xB9B9, 0xB9B9, 0xB9B9, 0xB9B9, 0xB9B9, 0xB9B9,
    0xB173, 0xB8B2, 0xB1B8, 0x7373, 0xB1B1, 0xB1B1, 0xB2B1, 0xB1B8, 0xB2B1, 0x73B2, 0xB2B2, 0xB8B1,
    0xB2B2, 0xB8B2, 0xB1B2, 0xB8B2, 0xB1B1, 0xB2B2, 0xB273, 0x73B2, 0xB9B9, 0xB2B2, 0xB1B8, 0x73B1,
    0xB9B9, 0xB9B9, 0xB2B8, 0xB1B8, 0xB9B9, 0xB9B9, 0xB9B9, 0xB8B1, 0xB173, 0xB8B2, 0xB1B8, 0x7373,
    0xB9B9, 0xB1B8, 0xB2B1, 0xB1B8, 0xB9B9, 0xB9B9, 0xB2B2, 0xB8B1, 0xB9B9, 0xB9B9, 0xB9B9, 0xB8B2,
    0xB9B9, 0xB9B9, 0xB9B9, 0xB9B9, 0xB9B9, 0xB9B9, 0xB9B9, 0xB9B9, 0xB9B9, 0xB9B9, 0xB9B9, 0xB9B9,
    0x0000, 0x0000, 0x0000, 0x0000, 0xB9B9, 0xB9B9, 0xB9B9, 0x00B9, 0xB9B8, 0xB9B9, 0x00B9, 0x0000,
    0xB9B8, 0x00B9, 0x0000, 0x0000, 0x00B9, 0x0000, 0x0000, 0x0000, 0x0000, 0x0000, 0x0000, 0x0000,
    0x0000, 0x0000, 0x0000, 0x0000, 0x0000, 0x0000, 0x0000, 0x0000, 0x0000, 0x0000, 0x0000, 0x0000,
    0xB9B8, 0xB8B8, 0xB9B8, 0xB9B8, 0x73B9, 0xB873, 0xB8B9, 0xB9B9, 0x73B9, 0xB873, 0xB9B9, 0xB9B9,
    0xB8B9, 0xB9B9, 0xB9B9, 0xB9B9, 0xB9B9, 0xB9B9, 0xB9B9, 0x00B9, 0xB9B9, 0xB9B9, 0x00B9, 0x0000,
    0xB9B9, 0x00B9, 0x0000, 0x0000, 0x00B9, 0x0000, 0x0000, 0x0000, 0xB173, 0xB1B8, 0xB2B1, 0xB1B8,
    0xB9B9, 0xB8B8, 0xB2B2, 0xB8B2, 0xB9B9, 0xB9B9, 0xB2B1, 0xB8B2, 0xB9B9, 0xB9B9, 0xB9B9, 0xB8B2,
    0xB900, 0xB9B9, 0xB9B9, 0xB9B9, 0x0000, 0xB900, 0xB9B9, 0xB9B9, 0x0000, 0x0000, 0xB900, 0xB9B9,
    0x0000, 0x0000, 0x0000, 0xB900, 0xB900, 0xB9B9, 0xB9B9, 0xB9B8, 0x0000, 0xB900, 0xB9B9, 0xB9B9,
    0x0000, 0x0000, 0xB900, 0xB9B9, 0x0000, 0x0000, 0x0000, 0xB900, 0x0000, 0x0000, 0x0000, 0x0000,
    0x0000, 0x0000, 0x0000, 0x0000, 0x0000, 0x0000, 0x0000, 0x0000, 0x0000, 0x0000, 0x0000, 0x0000,
    0x7373, 0xB1B1, 0xB8B1, 0xB173, 0xB8B1, 0xB1B1, 0xB1B1, 0xB873, 0xB8B1, 0xB1B2, 0xB1B1, 0xB8B8,
    0xB873, 0xB273, 0xB8B2, 0xB8B8, 0xB1B1, 0xB873, 0xB8B9, 0xB9B9, 0xB1B1, 0xB8B1, 0xB9B8, 0xB8B9,
    0xB1B1, 0xB8B1, 0xB9B9, 0xB8B8, 0x73B8, 0xB8B8, 0xB8B9, 0xB8B8, 0x7373, 0xB1B1, 0xB8B1, 0xB173,
    0xB8B2, 0xB1B1, 0xB1B1, 0xB173, 0xB2B1, 0xB1B2, 0xB1B1, 0xB1B8, 0xB2B1, 0xB2B2, 0x73B2, 0xB873,
    0xB1B8, 0xB8B2, 0x73B8, 0xB1B1, 0xB1B1, 0xB1B8, 0xB1B2, 0xB1B1, 0xB2B1, 0x73B8, 0xB2B2, 0xB1B1,
    0xB1B2, 0xB8B2, 0xB1B2, 0x73B2, 0xB8B2, 0xB9B9, 0x73B8, 0xB9B9, 0xB1B1, 0xB9B2, 0xB8B8, 0xB8B9,
    0xB1B1, 0xB2B2, 0xB8B2, 0xB9B8, 0xB173, 0xB2B2, 0xB2B2, 0xB9B2, 0xB2B2, 0x73B2, 0xB1B8, 0x73B2,
    0xB173, 0xB8B8, 0xB2B8, 0x73B1, 0xB1B2, 0xB1B8, 0xB2B2, 0xB1B8, 0xB2B1, 0xB8B2, 0xB2B1, 0xB8B1,
    0xB8B8, 0x73B8, 0xB8B8, 0xB8B9, 0xB9B9, 0x73B8, 0xB8B8, 0xB9B8, 0xB8B8, 0xB9B9, 0xB8B9, 0xB973,
    0xB8B8, 0xB8B9, 0xB8B9, 0xB9B8, 0xB8B8, 0xB9B9, 0x73B8, 0xB9B9, 0xB1B1, 0xB9B8, 0xB8B8, 0xB8B9,
    0xB2B1, 0x73B8, 0xB8B2, 0xB9B8, 0xB1B2, 0xB8B2, 0xB1B2, 0xB9B2, 0x0B0B, 0x0B0B, 0x0B0B, 0x0B0B,
    0x0B0B, 0x0C0B, 0x0C0C, 0x0C49, 0x0B0B, 0x0B0B, 0x0C0C, 0x0C0C, 0x0B0B, 0x4747, 0x0C0C, 0x0C0C,
    0x0B0B, 0x4747, 0x0B0B, 0x0C0B, 0x0B0B, 0x0B0B, 0x0B0B, 0x0B0B, 0x0B0B, 0x0B0B, 0x0B0B, 0x0C0B,
    0x0B0B, 0x0B0B, 0x0B47, 0x0C0C, 0x0B0B, 0x0B0B, 0x0C0B, 0x0B0C, 0x0B0B, 0x190B, 0x0C0C, 0x0C0C,
    0x0C0C, 0x0B0B, 0x0B0B, 0x0C0C, 0x0C0C, 0x0B0B, 0x0C0B, 0x0C0C, 0x0C0C, 0x0C0C, 0x490C, 0x0C49,
    0x0C0C, 0x0C0C, 0x490C, 0x0C49, 0x1E0C, 0x0C0C, 0x0C0C, 0x0C0C, 0x0C0C, 0x0C0C, 0x0C0C, 0x0C0C,
    0x0C0C, 0x0B0C, 0x0B0B, 0x0B0B, 0x0C0C, 0x490C, 0x0B0B, 0x0B0B, 0x0C0C, 0x0C0C, 0x0B0B, 0x0B0B,
    0x0C0C, 0x0B0C, 0x0B0B, 0x0B0B, 0x0B0B, 0x0B0B, 0x190B, 0x0B19, 0x0B0B, 0x0B0B, 0x190B, 0x0B19,
    0x1E0C, 0x0C0B, 0x0B0C, 0x0B0B, 0x1E0C, 0x0C0B, 0x0B0C, 0x0B0B, 0x0B0B, 0x0B0B, 0x0C0C, 0x0B0C,
    0x0B0B, 0x490B, 0x0C0C, 0x0C0C, 0x0B0B, 0x0C0B, 0x0C0C, 0x0C0C, 0x0B0B, 0x0B0B, 0x0C0C, 0x0C0C,
    0x0B0B, 0x0B0B, 0x190B, 0x0C49, 0x0B0B, 0x0B0B, 0x190B, 0x0C19, 0x1E1E, 0x0B0B, 0x0B0B, 0x0B0B,
    0x1E1E, 0x0B0B, 0x0B0B, 0x0B0B, 0x0B0B, 0x0B0B, 0x0C0C, 0x0C0C, 0x0B0B, 0x0C0B, 0x0C0C, 0x0C49,
    0x0B0C, 0x0C0B, 0x0C0C, 0x0C0C, 0x0C0C, 0x4444, 0x0C0C, 0x0B0C, 0x0C0C, 0x4444, 0x0C0C, 0x0C0C,
    0x0C0C, 0x0C0C, 0x0C0C, 0x0B0C, 0x0C0B, 0x0C0C, 0x0C0C, 0x0C0C, 0x0C0B, 0x0C0C, 0x0C57, 0x0C0C,
    0x0C0C, 0x0C0C, 0x0C0C, 0x0B0B, 0x0C0C, 0x490C, 0x0C0C, 0x0B0C, 0x0C0C, 0x0C0C, 0x0C0C, 0x0C0C,
    0x0C0C, 0x0C0C, 0x0B0C, 0x0B0B, 0x0B0B, 0x0C0B, 0x490C, 0x0B49, 0x0B0B, 0x0C0C, 0x490C, 0x0C49,
    0x0C1E, 0x0C0C, 0x0C0C, 0x0C0C, 0x0C0C, 0x0C0C, 0x0C0C, 0x0C0C, 0x0B0B, 0x0C0C, 0x0B0B, 0x0B0B,
    0x0C0C, 0x490C, 0x0B0C, 0x0B0B, 0x0C0C, 0x0C0C, 0x0C0C, 0x0B0C, 0x0B0C, 0x0C0C, 0x0C0C, 0x0B0C,
    0x0C0C, 0x0B0C, 0x490C, 0x0C49, 0x0C0C, 0x0B0C, 0x490B, 0x0B49, 0x0C0C, 0x0C0C, 0x0C0C, 0x0B0B,
    0x0C0C, 0x0C0C, 0x0C0C, 0x0B0B, 0x0B0B, 0x0B0B, 0x0B0B, 0x0C0C, 0x0B0B, 0x0B0B, 0x0C0B, 0x0C49,
    0x0B0B, 0x0B0B, 0x0B0B, 0x0C0C, 0x0B0C, 0x4747, 0x0B0B, 0x0C0C, 0x0C0C, 0x4744, 0x0B0B, 0x0C0C,
    0x0C0C, 0x0B0C, 0x0C0B, 0x0C0C, 0x0C0C, 0x0B0C, 0x0C0C, 0x0C0C, 0x0C0C, 0x0C0C, 0x0C57, 0x0C0C,
    0x0B0B, 0x0B0B, 0x0C0C, 0x0C0C, 0x0B0B, 0x190B, 0x0C0C, 0x0C0C, 0x0B0B, 0x0B0B, 0x0C0B, 0x0C0C,
    0x0B0B, 0x0B0B, 0x0C0B, 0x0C0C, 0x0B0B, 0x0B0B, 0x190B, 0x0C19, 0x0B0B, 0x0B0B, 0x190B, 0x0B19,
    0x1E1E, 0x0B0B, 0x0B0B, 0x0B0B, 0x1E1E, 0x0B0B, 0x0B0B, 0x0B0B, 0x0C0C, 0x0C0C, 0x0C0C, 0x0C0C,
    0x0C0C, 0x0C0C, 0x0C0C, 0x0C49, 0x0C0C, 0x0C0C, 0x0C0C, 0x0C0C, 0x0C0C, 0x4444, 0x0C0C, 0x0C0C,
    0x0C0C, 0x4447, 0x0C0C, 0x0C0C, 0x0B0B, 0x0B0B, 0x0C0C, 0x0C0C, 0x0B0B, 0x0B0B, 0x0B0B, 0x0C0C,
    0x0B0B, 0x0B0B, 0x0B47, 0x0B0B, 0x0C0C, 0x0C0C, 0x0C0C, 0x0C0C, 0x0C0C, 0x490C, 0x0C0C, 0x0C0C,
    0x0C0C, 0x0C0C, 0x0C0C, 0x0C0C, 0x0C0C, 0x0C0C, 0x0B0C, 0x0C0B, 0x0B0B, 0x0C0C, 0x490C, 0x0B49,
    0x0B0B, 0x0C0C, 0x490C, 0x0B19, 0x1E1E, 0x0B0B, 0x0C0C, 0x0B0B, 0x1E1E, 0x0B0B, 0x0B0B, 0x0B0B,
    0x0C0C, 0x0C0C, 0x0C0C, 0x0C0B, 0x0C0C, 0x0C0C, 0x0C0C, 0x0C49, 0x0C0B, 0x0C0C, 0x0C0C, 0x0C0B,
    0x0C0B, 0x4444, 0x0B0C, 0x0B0B, 0x0C0C, 0x4744, 0x0B0B, 0x0B0B, 0x0C0C, 0x0C0C, 0x0B0B, 0x0B0B,
    0x0C0C, 0x0C0C, 0x0C0C, 0x0B0C, 0x0C0C, 0x0C0C, 0x0C57, 0x0C0C, 0x0C0C, 0x0B0C, 0x0B0B, 0x0B0B,
    0x0C0C, 0x190B, 0x0B0B, 0x0B0B, 0x0C0C, 0x0B0B, 0x0B0B, 0x0B0B, 0x0B0B, 0x0B0B, 0x0B0B, 0x0B0B,
    0x0C0B, 0x0C0C, 0x490C, 0x0B49, 0x0C0C, 0x0C0C, 0x490C, 0x0B49, 0x0C0C, 0x0C0C, 0x0C0C, 0x0C0C,
    0x0C0C, 0x0C0C, 0x0C0C, 0x0B0C, 0x0B0B, 0x0B0B, 0x0B0B, 0x0B0B, 0x0B0B, 0x0B0B, 0x0B0B, 0x0B47,
    0x0B0B, 0x0B0B, 0x0B0B, 0x0B0B, 0x0B0B, 0x4747, 0x0B0B, 0x0B0B, 0x0B0B, 0x4747, 0x0B0B, 0x0B0B,
    0x0C0C, 0x0B0B, 0x0B0B, 0x0B0B, 0x0C0C, 0x0C0C, 0x0B0B, 0x0B0B, 0x0C0C, 0x0C0C, 0x0B57, 0x0B0B,
    0x0B0B, 0x0B0B, 0x0C0B, 0x0C0C, 0x0B0B, 0x190B, 0x0C0B, 0x0C0C, 0x0B0B, 0x0B0B, 0x0B0B, 0x0C0B,
    0x0B0B, 0x0B0B, 0x0B0B, 0x0B0B, 0x0B0B, 0x0B0B, 0x190B, 0x0B19, 0x0B0B, 0x0B0B, 0x190B, 0x0B19,
    0x1E1E, 0x0B0B, 0x0B0B, 0x0B0B, 0x1E1E, 0x0B0B, 0x0B0B, 0x0B0B, 0x0C0C, 0x0B0B, 0x0C0B, 0x0B0C,
    0x0B0C, 0x0B0B, 0x0C0C, 0x0C49, 0x0B0C, 0x0B0B, 0x0C0B, 0x0C0C, 0x0B0B, 0x4747, 0x0B0B, 0x0B0B,
    0x0B0B, 0x4747, 0x0B0B, 0x0B0B, 0x0B0B, 0x0B0B, 0x0B0B, 0x0B0B, 0x0B0B, 0x0B0B, 0x0B0B, 0x0B0B,
    0x0B0B, 0x0B0B, 0x0B47, 0x0B0B, 0x0C0C, 0x0C0C, 0x0C0C, 0x0C0C, 0x0C0C, 0x490C, 0x0C0C, 0x0C0C,
    0x0B0C, 0x0C0C, 0x0C0C, 0x0C0C, 0x0B0B, 0x0B0B, 0x0B0B, 0x0B0B, 0x0B0B, 0x0B0B, 0x190B, 0x0B19,
    0x0B0B, 0x0B0B, 0x190B, 0x0B19, 0x1E1E, 0x0B0B, 0x0B0B, 0x0B0B, 0x1E1E, 0x0B0B, 0x0B0B, 0x0B0B,
    0x0B0B, 0x0B0B, 0x0B0B, 0x0B0B, 0x0B0B, 0x190B, 0x0B0B, 0x0B0B, 0x0B0B, 0x0B0B, 0x0B0B, 0x0B0B,
    0x0B0B, 0x0B0B, 0x0B0B, 0x0B0B, 0x0B0B, 0x0B0B, 0x490C, 0x0B49, 0x0C0C, 0x0C0B, 0x490C, 0x0C49,
    0x0C0C, 0x0C0C, 0x0C0C, 0x0C0C, 0x0C0C, 0x0C0C, 0x0C0C, 0x0C0C, 0x0C0C, 0x0C0C, 0x0C0C, 0x0C0B,
    0x490B, 0x0C0C, 0x0B0C, 0x0C0B, 0x0B0B, 0x0B0B, 0x0B0B, 0x0C0C, 0x0B0B, 0x0B0B, 0x4747, 0x0C0C,
    0x0B0B, 0x0B0B, 0x4447, 0x0C0C, 0x0B0C, 0x0B0B, 0x0C0C, 0x0C0C, 0x0C0C, 0x0B0B, 0x0B0B, 0x0C0C,
    0x0C0C, 0x470B, 0x0B0B, 0x0C0C, 0x0B0C, 0x0B0B, 0x0B0B, 0x0B0B, 0x0B0B, 0x190B, 0x0B0B, 0x0B0B,
    0x0B0B, 0x0B0B, 0x0C0B, 0x0C0C, 0x0C0C, 0x0C0C, 0x0C0C, 0x0C0C, 0x0C0C, 0x0C0C, 0x490C, 0x0C49,
    0x0C0C, 0x0C0C, 0x490C, 0x0C49, 0x0C0C, 0x0C0C, 0x0C0C, 0x0C0C, 0x0C1E, 0x0C0C, 0x0B0C, 0x0C0B,
    0x0B0B, 0x0B0B, 0x0B0B, 0x0B0B, 0x470C, 0x0B0B, 0x0B0B, 0x0B0B, 0x0C0C, 0x0C0C, 0x0B0C, 0x0B0B,
    0x0C0C, 0x0C0C, 0x4444, 0x0B0C, 0x0B0B, 0x0C0C, 0x4444, 0x0C0C, 0x0C0B, 0x0C0C, 0x0C0C, 0x0C0C,
    0x0C0B, 0x0C0C, 0x0B0C, 0x0C0B, 0x0B0B, 0x470B, 0x0C0C, 0x0C0C, 0x0B0B, 0x0C0C, 0x0C0C, 0x0C0C,
    0x0B0B, 0x190B, 0x0C0C, 0x0C0C, 0x0B0B, 0x0B0B, 0x0B0B, 0x0C0C, 0x0B0B, 0x0B0B, 0x0B0B, 0x0B0B,
    0x0B0C, 0x0B0B, 0x190B, 0x0B19, 0x0C0C, 0x0B0B, 0x190B, 0x0B19, 0x0C0C, 0x0C0B, 0x0C0C, 0x0B0C,
    0x0C0C, 0x0C0C, 0x0C0C, 0x0C0C, 0x0C0C, 0x0C0C, 0x0C0C, 0x0C0C, 0x490C, 0x0C0C, 0x0C0C, 0x0C0C,
    0x0C0C, 0x0C0C, 0x0C0C, 0x0C0C, 0x0C0C, 0x0C0C, 0x4444, 0x0C0C, 0x0B0B, 0x0C0C, 0x4444, 0x0C0C,
    0x0B0B, 0x0C0C, 0x0C0C, 0x0C0C, 0x0B0B, 0x0B0B, 0x0C0C, 0x0C0C, 0x0B0C, 0x490C, 0x0C0C, 0x0C0C,
    0x0C0C, 0x0C0C, 0x0C0C, 0x0B0C, 0x490C, 0x0C0C, 0x0C0C, 0x0B0C, 0x0C0C, 0x0C0C, 0x0C0C, 0x0B0C,
    0x0C0C, 0x0C0C, 0x4444, 0x0B0B, 0x0C0C, 0x0C0C, 0x4747, 0x0B0B, 0x0C0C, 0x0C0C, 0x0B0B, 0x0B0B,
    0x0C0C, 0x0C0C, 0x0B0C, 0x0C0B, 0x0C0C, 0x490C, 0x0C0B, 0x0C0C, 0x0B0B, 0x0B0B, 0x0B0B, 0x0B0B,
    0x0B0B, 0x190B, 0x0B0B, 0x0B0B, 0x0B0B, 0x0B0B, 0x0B0B, 0x0B0B, 0x0B0B, 0x0B0B, 0x0B0B, 0x0B0B,
    0x0B0B, 0x0B0B, 0x490C, 0x0B19, 0x0B0B, 0x0C0B, 0x490C, 0x0B49, 0x0C0C, 0x0B0B, 0x0C0C, 0x0C0C,
    0x0C0C, 0x0C0C, 0x0C0B, 0x0C0C, 0x0B0B, 0x0B0B, 0x0B0B, 0x0B0B, 0x0B0B, 0x190B, 0x0B0B, 0x0C0C,
    0x0B0B, 0x0B0B, 0x0B0B, 0x0C0C, 0x0B0B, 0x0B0B, 0x0B0B, 0x0C0B, 0x0B0B, 0x0B0B, 0x190B, 0x0B19,
    0x0B0B, 0x0C0C, 0x190B, 0x0C19, 0x1E1E, 0x0C0C, 0x0C0C, 0x0C0C, 0x1E1E, 0x0C0C, 0x0C0C, 0x0C0B,
    0x0B0B, 0x0C0B, 0x0C0C, 0x0C0C, 0x470C, 0x0B0B, 0x0C0C, 0x0C0C, 0x0C0C, 0x0C0C, 0x0B0B, 0x0C0B,
    0x0C0C, 0x0C0C, 0x4444, 0x0C0C, 0x0C0B, 0x0C0C, 0x4444, 0x0C0C, 0x0C0C, 0x0C0C, 0x0C0C, 0x0C0C,
    0x0C0C, 0x0C0C, 0x0C0C, 0x0C0C, 0x0C0C, 0x490C, 0x0C0C, 0x0C0C, 0x0B0B, 0x0C0C, 0x0B0B, 0x0C0B,
    0x490B, 0x0C0C, 0x0B0C, 0x0C0C, 0x0C0C, 0x0C0B, 0x0C0C, 0x0C0C, 0x0C0C, 0x0B0C, 0x4444, 0x0C0B,
    0x0C0C, 0x0C0C, 0x4747, 0x0C0B, 0x0C0C, 0x0C0C, 0x0C0B, 0x0C0C, 0x0C0C, 0x0C0C, 0x0C0B, 0x0C0C,
    0x0C0B, 0x470C, 0x0C0C, 0x0C0C, 0x0C0C, 0x0C0C, 0x0C0C, 0x0C0C, 0x0C0C, 0x490C, 0x0C0C, 0x0C0C,
    0x0C0C, 0x0C0C, 0x0C0C, 0x0C0C, 0x0C0C, 0x0C0C, 0x0C0C, 0x0C0C, 0x0C0C, 0x0C0C, 0x490C, 0x0C49,
    0x0C0C, 0x0C0C, 0x0C0C, 0x0C0C, 0x0C0C, 0x0C0C, 0x0C0C, 0x0C0C, 0x0C0C, 0x0C0C, 0x0C0C, 0x0C0C,
    0x0C0C, 0x0C0C, 0x0C0C, 0x0C0C, 0x0C0C, 0x0C0C, 0x0C0C, 0x0C44, 0x0C0C, 0x0C0C, 0x0C0C, 0x0C0C,
    0x0C0C, 0x446E, 0x0C0C, 0x0B0C, 0x0C0C, 0x4444, 0x0C0C, 0x0C0C, 0x0C0C, 0x0C0C, 0x0C0C, 0x0B0C,
    0x0B0B, 0x0B0B, 0x0B0B, 0x0B0B, 0x0B0C, 0x0B0B, 0x0B47, 0x0B0B, 0x0C0C, 0x0C0C, 0x0C0C, 0x0B0C,
    0x0C0C, 0x490C, 0x0C0C, 0x0C0C, 0x0C0C, 0x0C0C, 0x0C0C, 0x0C0C, 0x0C0C, 0x0C0C, 0x0C0C, 0x0C0C,
    0x0B0B, 0x0B0B, 0x490B, 0x0C49, 0x0B0B, 0x0B0B, 0x190B, 0x0C49, 0x1E1E, 0x0B0B, 0x0B0B, 0x0B0B,
    0x1E1E, 0x0B0B, 0x0B0B, 0x0B0B, 0x0B0B, 0x0B0B, 0x0C0B, 0x0B0C, 0x0B0B, 0x0C0B, 0x0C0C, 0x0C49,
    0x0C0C, 0x0C0C, 0x0C0C, 0x0C0C, 0x0C0C, 0x4444, 0x0C0C, 0x0C0C, 0x0C0C, 0x4444, 0x0B0C, 0x0C0C,
    0x0C0C, 0x0C0C, 0x0B0C, 0x0C0B, 0x0B0B, 0x0C0C, 0x0B0B, 0x0B0B, 0x0B0B, 0x0B0B, 0x0B47, 0x0B0B,
    0x350B, 0x8436, 0x9D4E, 0x6056, 0x170B, 0x8431, 0x9A9A, 0x5656, 0xBC31, 0x8487, 0x7C8C, 0x569D,
    0x490C, 0x3635, 0x9A92, 0x5656, 0x310C, 0x314C, 0x9A53, 0x5656, 0x4C0C, 0xA887, 0x9A9A, 0x5656,
    0x350C, 0xA84C, 0x9AA0, 0x569D, 0x310C, 0x4C31, 0x9A9B, 0x5656, 0x7F7E, 0x7C8B, 0x7F7E, 0x7C8B,
    0x8B7F, 0x7C60, 0x8B7F, 0x7C60, 0x8B42, 0x7C7D, 0x8B81, 0x9D7D, 0x8B7F, 0x7C7D, 0x8B7F, 0x9A56,
    0x5642, 0x7C9D, 0x8B7F, 0x7C7D, 0x5642, 0x9D56, 0x8B7F, 0x7C60, 0x5656, 0x9D9D, 0x7D56, 0x7C7D,
    0x9D9D, 0x9A9D, 0x9D9D, 0x9A9D, 0x7F7E, 0x7F81, 0x7F7F, 0x7C8B, 0x8B7F, 0x8B8B, 0x8B8B, 0x7C60,
    0x7D56, 0x7D7D, 0x7D7D, 0x7C7D, 0x9D9D, 0x7C9D, 0x7C7D, 0x827C, 0x427E, 0x4242, 0x7F42, 0x7C81,
    0x567F, 0x5642, 0x8B56, 0x7C60, 0x7D8B, 0x569D, 0x569D, 0x7C9D, 0x7C9D, 0x9A7C, 0x9D9D, 0x9A9D,
    0x7F9F, 0x7F81, 0x7F7F, 0x7C8B, 0x5642, 0x5642, 0x8B56, 0x7C60, 0x568B, 0x569D, 0x569D, 0x9D9D,
    0x9D7D, 0x9D9D, 0x9D9D, 0x9D9D, 0x427E, 0x4242, 0x4242, 0x9D56, 0x5642, 0x5642, 0x5656, 0x9D56,
    0x5656, 0x569D, 0x569D, 0x9D9D, 0x9D9D, 0x9D9D, 0x9D9D, 0x9A9D, 0x429F, 0x9D56, 0x429F, 0x9D56,
    0x567F, 0x9D56, 0x5642, 0x9D56, 0x5681, 0x9D9D, 0x5642, 0x9D9D, 0x8B7F, 0x9D56, 0x5642, 0x9A56,
    0x567F, 0x9D9D, 0x5642, 0x9D9D, 0x5642, 0x9D56, 0x5642, 0x9D56, 0x5656, 0x9D9D, 0x5656, 0x9D9D,
    0x9D9D, 0x9A9D, 0x9D9D, 0x9A9D, 0x569D, 0x569D, 0x569D, 0x9D56, 0x8B56, 0x5642, 0x5656, 0x7C42,
    0x4256, 0x7F42, 0x4281, 0x7C42, 0x9D9D, 0x9D9D, 0x9D9D, 0x9A9D, 0x569D, 0x569D, 0x569D, 0x9D56,
    0x5656, 0x5642, 0x5656, 0x9D42, 0x4256, 0x4242, 0x7F42, 0x9D7E, 0x9D9D, 0x9A9D, 0x9D9D, 0x9A9D,
    0x7C7C, 0x8C82, 0x3684, 0x0C31, 0x7C7C, 0x8C7C, 0xA884, 0x4931, 0x7C7C, 0x3182, 0x1717, 0x0C4C,
    0x7C56, 0x8C7C, 0x353A, 0x0C0C, 0x9D9A, 0x8C9A, 0x8784, 0x0C4C, 0x9D9D, 0x8C9D, 0x4C84, 0x0C31,
    0x569D, 0x8644, 0xBCA8, 0x0C31, 0x9D56, 0xA09A, 0x4931, 0x0C0C, 0x4C31, 0xA050, 0x9D55, 0x5656,
    0x310C, 0x4C31, 0x9AA0, 0x5656, 0xBC31, 0xA050, 0x9AA0, 0x569D, 0x490C, 0x4C31, 0x9A9B, 0x5656,
    0x3535, 0xA04C, 0x9D55, 0x5656, 0x3635, 0xA887, 0x9AA0, 0x5656, 0x350B, 0x1717, 0x9A4C, 0x569D,
    0x350C, 0x4C0C, 0x9A9B, 0x5656, 0x429F, 0x4242, 0x4242, 0x9D56, 0x5642, 0x5642, 0x5656, 0x9D56,
    0x5656, 0x569D, 0x569D, 0x9D9D, 0x9D9D, 0x9D9D, 0x9D9D, 0x9D9D, 0x429F, 0x4242, 0x4242, 0x9D56,
    0x5642, 0x5642, 0x5656, 0x9D56, 0x5656, 0x569D, 0x569D, 0x9D9D, 0x9D9D, 0x9D9D, 0x9D9D, 0x9A9D,
    0x569D, 0x9D56, 0x569D, 0x9D56, 0x5656, 0x9D42, 0x5656, 0x9D42, 0x569D, 0x9D42, 0x569D, 0x9D42,
    0x5656, 0x9D42, 0x5656, 0x9A42, 0x569D, 0x9D42, 0x569D, 0x9D42, 0x5656, 0x9D42, 0x5656, 0x9D42,
    0x4256, 0x9D9F, 0x4256, 0x9D9F, 0x9D9D, 0x9A9D, 0x9D9D, 0x9A9D, 0x429F, 0x9D56, 0x429F, 0x9D56,
    0x5642, 0x9D56, 0x5642, 0x9D56, 0x8B81, 0x9D9D, 0x5642, 0x9D9D, 0x8B42, 0x9D56, 0x5642, 0x9A56,
    0x5642, 0x9D9D, 0x5642, 0x9D9D, 0x5642, 0x9D56, 0x567F, 0x9D56, 0x5656, 0x9D9D, 0x5656, 0x9D9D,
    0x9D9D, 0x9A9D, 0x9D9D, 0x9A9D, 0x490C, 0xA84C, 0x9D55, 0x5656, 0x4C0C, 0xA8BC, 0x9A9A, 0x5656,
    0xBC31, 0xA850, 0x8DA0, 0x569D, 0x490C, 0x4C0C, 0x929D, 0x5660, 0x170B, 0x314C, 0x9A53, 0x6056,
    0x3635, 0xA887, 0x9A9A, 0x6060, 0x350B, 0x8436, 0x9AA0, 0x6060, 0x170B, 0x3117, 0x828C, 0x6060,
    0x429F, 0x9D56, 0x429F, 0x9D56, 0x5642, 0x9D56, 0x5642, 0x9D56, 0x5642, 0x9D9D, 0x5642, 0x9D9D,
    0x5642, 0x7C56, 0x567F, 0x9A56, 0x567F, 0x9D9D, 0x5642, 0x9D7D, 0x5642, 0x9D56, 0x5642, 0x9D56,
    0x5656, 0x9D9D, 0x5656, 0x9D9D, 0x9D7D, 0x9A9D, 0x9D9D, 0x9A9D, 0x3635, 0xA050, 0x7C8C, 0x5660,
    0x310B, 0x4C31, 0x82A0, 0x5656, 0xBC31, 0xA087, 0x9AA0, 0x569D, 0x490C, 0x3131, 0x9A9B, 0x5660,
    0x4931, 0xA04C, 0x7C8C, 0x5660, 0x4C0C, 0xA887, 0x9A8C, 0x5656, 0x0C0C, 0x314C, 0x9A31, 0x569D,
    0x490B, 0x360C, 0x9A9B, 0x5656, 0x9D9A, 0x4C9A, 0x314C, 0x0C31, 0x9D9D, 0xA09D, 0xA8A0, 0x4931,
    0x569D, 0x9A44, 0xBCA8, 0x0C31, 0x9D56, 0xA09A, 0x31BC, 0x0C0C, 0x9D9A, 0xA09A, 0xA8A8, 0x0C4C,
    0x9D9D, 0xA09D, 0x4CBC, 0x0C0C, 0x569D, 0x9A44, 0xA8A8, 0x0C4C, 0x9D56, 0xA09A, 0x31BC, 0x0C31,
    0x350B, 0x8436, 0x9D4E, 0x5656, 0x170B, 0x8431, 0x9A7B, 0x5656, 0x3635, 0x8487, 0x7C8C, 0x5660,
    0x350B, 0x3635, 0x9292, 0x6060, 0x170B, 0x1717, 0x8531, 0x6060, 0x3635, 0x8487, 0x827B, 0x6060,
    0x350B, 0x8436, 0x858C, 0x6060, 0x170B, 0x3117, 0x828C, 0x6060, 0x429F, 0x7C8B, 0x427E, 0x7C56,
    0x8B42, 0x7C60, 0x5642, 0x9D56, 0x8B42, 0x7C7D, 0x5681, 0x9D9D, 0x8B7F, 0x7C7D, 0x8B7F, 0x827D,
    0x8B7F, 0x7C7D, 0x8B7F, 0x7C7D, 0x8B7F, 0x7C60, 0x8B7F, 0x7C60, 0x7D8B, 0x7C7D, 0x7D8B, 0x7C7D,
    0x7C7D, 0x827C, 0x7C7D, 0x827C, 0x429F, 0x4242, 0x4242, 0x9D56, 0x5642, 0x5642, 0x5656, 0x9D56,
    0x7D56, 0x569D, 0x569D, 0x9D9D, 0x7C7D, 0x7C7C, 0x7C7D, 0x827C, 0x7F7E, 0x7F81, 0x7F7F, 0x7C81,
    0x8B7F, 0x8B8B, 0x8B8B, 0x7C60, 0x7D8B, 0x7D7D, 0x7D7D, 0x7C7D, 0x7C7D, 0x827C, 0x7C7D, 0x827C,
    0x569D, 0x569D, 0x569D, 0x9D56, 0x5656, 0x568B, 0x5656, 0x9D42, 0x4256, 0x7F7F, 0x4281, 0x9D42,
    0x7C7D, 0x7C7C, 0x9D9D, 0x9A9D, 0x7D7C, 0x7D7D, 0x569D, 0x9D56, 0x8B7D, 0x8B8B, 0x5656, 0x9D42,
    0x7F8B, 0x7F7F, 0x7F81, 0x9D9F, 0x9D9D, 0x829D, 0x7C7D, 0x827C, 0x569D, 0x9D56, 0x569D, 0x7C8B,
    0x8B7D, 0x9D7F, 0x5656, 0x7C42, 0x8B7D, 0x7C7F, 0x567D, 0x7C42, 0x8B60, 0x9D7F, 0x5656, 0x9A42,
    0x8B7C, 0x9D81, 0x569D, 0x9D42, 0x8B7D, 0x7C7F, 0x5656, 0x9D42, 0x7F8B, 0x7C7E, 0x7F8B, 0x9D9F,
    0x7C7D, 0x827C, 0x7C7D, 0x827C, 0x7C7C, 0x3182, 0x314C, 0x0C31, 0x7C7C, 0x897C, 0xA8A0, 0x4931,
    0x569D, 0x8C7C, 0xBC84, 0x0C31, 0x9D56, 0x889A, 0x1736, 0x0C0C, 0x9D9A, 0x8C9A, 0x8784, 0x0C36,
    0x7C7C, 0xA09D, 0x1731, 0x0C35, 0x7D7D, 0x9A44, 0xA8A8, 0x3536, 0x867C, 0xA09A, 0x31BC, 0x0B31,
    0x4931, 0x3F4C, 0x3734, 0x3839, 0x4C0C, 0x3117, 0x3734, 0x383B, 0x554C, 0x4256, 0x3434, 0x383B,
    0x3635, 0x4944, 0x4242, 0x3B3B, 0x3135, 0x684C, 0x9F68, 0x3B55, 0x4CBC, 0x6855, 0x6868, 0x3855,
    0x3131, 0x684C, 0x9F68, 0x5555, 0x4C31, 0x6868, 0x099F, 0x3B55, 0x3D38, 0x3C3D, 0x3C3D, 0x3C38,
    0x3838, 0x3C3D, 0x3C3D, 0x3D3C, 0x3D3B, 0x3C3D, 0x3C3D, 0x3D3C, 0x3D38, 0x3C3D, 0x3D3C, 0x3C3C,
    0x3D4F, 0x3D3C, 0x3D3C, 0x3C3D, 0x4955, 0x3C3C, 0x3C3C, 0x3C3D, 0x6855, 0x6855, 0x3C3C, 0x3D3C,
    0x6868, 0x6868, 0x3D68, 0x3D46, 0x314C, 0x684C, 0x9F68, 0x5555, 0x4C0C, 0x6855, 0x6868, 0x5555,
    0x554C, 0x3F55, 0x4834, 0x383B, 0x3149, 0x3117, 0x3732, 0x3B3B, 0x4931, 0x3F4C, 0x373C, 0x3839,
    0x4CBC, 0x6842, 0x6868, 0x3B38, 0xBC4C, 0x6855, 0x9F68, 0x5555, 0x4C0C, 0x6855, 0x099F, 0x5555,
    0x5538, 0x6855, 0x6855, 0x3C3D, 0x3D3D, 0x6868, 0x4968, 0x3D3C, 0x4338, 0x3C3C, 0x3D3C, 0x3C3D,
    0x3838, 0x3C43, 0x3D43, 0x3C3C, 0x383B, 0x383D, 0x3C3C, 0x3D38, 0x3D38, 0x3D3D, 0x3D3D, 0x3C3C,
    0x3838, 0x3C3D, 0x3C3D, 0x3C3D, 0x3838, 0x3D3D, 0x3D3C, 0x3C3C, 0x4931, 0x684C, 0x9F68, 0x3855,
    0x4C0C, 0x4C31, 0x6868, 0x5555, 0x554C, 0x6855, 0x9F68, 0x5555, 0x4C0C, 0x6855, 0x099F, 0x5555,
    0x1735, 0x3F31, 0x9F3C, 0x5555, 0x5236, 0x3F42, 0x3734, 0x5555, 0x1735, 0x3F31, 0x4834, 0x3839,
    0x443A, 0x3F42, 0x3732, 0x3B3B, 0x3D38, 0x3C3D, 0x683D, 0x3C55, 0x3838, 0x683D, 0x6868, 0x6868,
    0x6855, 0x6855, 0x6868, 0x6855, 0x6849, 0x6868, 0x6868, 0x6868, 0x6855, 0x6855, 0x3C55, 0x6855,
    0x4955, 0x6868, 0x3C68, 0x683D, 0x4338, 0x6855, 0x3C3C, 0x3D3C, 0x3843, 0x3C3C, 0x3C3C, 0x3D46,
    0x5555, 0x5555, 0x5555, 0x5555, 0x5555, 0x5555, 0x5555, 0x5555, 0x5E5E, 0x5E5E, 0x5E5E, 0x5E5E,
    0x6868, 0x6868, 0x6868, 0x6868, 0x6868, 0x6868, 0x68BC, 0x6868, 0x5555, 0xBC55, 0x5531, 0xBC55,
    0xBCBC, 0x0C55, 0x5531, 0x31BC, 0x310C, 0x0CBC, 0xBC31, 0x310C, 0x3C3C, 0x3C3C, 0x3C3C, 0x3C3C,
    0x3C3C, 0x3D3D, 0x3C3C, 0x3C3D, 0x3C3C, 0x3C3C, 0x3D3C, 0x3D3C, 0x3D3C, 0x3C3C, 0x3C3C, 0x3C3C,
    0x3C38, 0x3C3C, 0x3C3D, 0x3D3C, 0x3D3D, 0x3D3C, 0x3C3C, 0x3C3D, 0x3D3C, 0x3C3D, 0x3C3D, 0x3C3D,
    0x3C3D, 0x383D, 0x3C3D, 0x3D3C, 0x3B3B, 0x343E, 0x363F, 0x3535, 0x3B3B, 0x3E42, 0x3134, 0x1717,
    0x3B3B, 0x4255, 0x343E, 0x423F, 0x3B3B, 0x553B, 0x3E42, 0x3F34, 0x3838, 0x3B3B, 0x4255, 0x343E,
    0x3D3C, 0x383B, 0x553B, 0x3E42, 0x3D3C, 0x3838, 0x3B38, 0x4255, 0x3C3C, 0x383C, 0x3B38, 0x553B,
    0x1735, 0x3536, 0x3617, 0x1735, 0x3136, 0x3544, 0x4417, 0x1736, 0x4242, 0x3642, 0x4217, 0x3142,
    0x3F3F, 0x3F3F, 0x3F31, 0x3F3F, 0x3434, 0x3434, 0x3434, 0x3434, 0x3E3E, 0x3E3E, 0x3E3E, 0x3E3E,
    0x4242, 0x4242, 0x4242, 0x4242, 0x5555, 0x5555, 0x5555, 0x5555, 0x3536, 0x3536, 0x3635, 0x3535,
    0x1744, 0x1744, 0x4436, 0x3517, 0x3142, 0x3142, 0x4242, 0x3617, 0x3F3F, 0x3F3F, 0x3F3F, 0x3F31,
    0x3434, 0x3434, 0x3434, 0x3434, 0x3E3E, 0x3E3E, 0x3E3E, 0x3E3E, 0x4242, 0x4242, 0x4242, 0x4242,
    0x5555, 0x5555, 0x5555, 0x5555, 0x3536, 0x3536, 0x3635, 0x3535, 0x1744, 0x1744, 0x4436, 0x3517,
    0x3142, 0x3142, 0x4244, 0x3617, 0x3F3F, 0x343F, 0x4244, 0x3F31, 0x3434, 0x3E34, 0x3442, 0x3434,
    0x3E3E, 0x3E3E, 0x3442, 0x3E3E, 0x4242, 0x4242, 0x4242, 0x4242, 0x5555, 0x5555, 0x5555, 0x5555,
    0x3535, 0x3F36, 0x3E34, 0x3B3B, 0x1717, 0x3431, 0x423E, 0x3B3B, 0x3F42, 0x3E34, 0x5542, 0x3B3B,
    0x343F, 0x423E, 0x3B55, 0x3B3B, 0x3E34, 0x5542, 0x3B3B, 0x3D38, 0x423E, 0x3B55, 0x3B38, 0x3C3D,
    0x5542, 0x383B, 0x3838, 0x3C38, 0x3B55, 0x383B, 0x3D38, 0x3C3C, 0x3B3B, 0x3B3B, 0x3B3B, 0x3B3B,
    0x3B38, 0x3B3B, 0x383B, 0x383B, 0x3838, 0x3B3B, 0x3838, 0x3838, 0x3838, 0x383D, 0x3838, 0x383D,
    0x3D38, 0x383D, 0x3C38, 0x3C38, 0x3C3D, 0x3C3C, 0x3D3D, 0x3C3D, 0x3C3C, 0x3D3D, 0x3D3C, 0x3D3D,
    0x3C3C, 0x3D46, 0x3C3C, 0x3D3D, 0x3B3B, 0x3B3B, 0x3B3B, 0x3B3B, 0x383B, 0x3B38, 0x3B3B, 0x3838,
    0x3838, 0x383B, 0x3B3B, 0x3838, 0x3838, 0x3D3D, 0x3D3D, 0x383D, 0x3D3D, 0x3C3D, 0x3D3D, 0x3D38,
    0x3C3C, 0x3D3C, 0x3C3C, 0x3C3C, 0x3C3C, 0x3D38, 0x3C3C, 0x3D3C, 0x3D3C, 0x3C3C, 0x3D34, 0x3C3D,
    0x3C3D, 0x3D3C, 0x3D3C, 0x3C3C, 0x3D3C, 0x3C3D, 0x3C3C, 0x3C3D, 0x3C3D, 0x3C3C, 0x3443, 0x423F,
    0x3D3C, 0x3B3D, 0x3F3E, 0x3F3D, 0x3D38, 0x3E3B, 0x3F34, 0x3F3F, 0x3C3C, 0x3E3B, 0x3F34, 0x3644,
    0x3B3B, 0x343E, 0x443F, 0x3536, 0x3B3B, 0x343E, 0x423F, 0x3536, 0x3C3C, 0x3C3D, 0x3C38, 0x3DC0,
    0x383C, 0x3D3C, 0x3D3C, 0x3C3D, 0x3F42, 0x3D34, 0x3C3C, 0x3D3C, 0x3D3F, 0x3E3F, 0x3D3B, 0x3C3D,
    0x3F3F, 0x343F, 0x3B3E, 0x3D3D, 0x4436, 0x343F, 0x3B3E, 0x3C3C, 0x3635, 0x3F44, 0x3E34, 0x3B3B,
    0x3635, 0x3F42, 0x3E34, 0x3B3B, 0x3D3C, 0x3D3C, 0x3D3C, 0x3838, 0x3C3D, 0x3C3D, 0x383C, 0x383D,
    0x3C3D, 0x3C3D, 0x3D3C, 0x3B3D, 0x3C34, 0x3C3C, 0x3D46, 0x3B3D, 0x3D3D, 0x3D3D, 0x3C38, 0x3838,
    0x3D3C, 0x3D3C, 0x3C3C, 0x3B3D, 0x3C3D, 0x3C3D, 0x3D3C, 0x3838, 0x3C3C, 0x3C3C, 0x3D3C, 0x3838,
    0x3B3B, 0x343E, 0x363F, 0x3535, 0x3B38, 0x343E, 0x1731, 0x3517, 0x3B3B, 0x343E, 0x423F, 0x3644,
    0x3B3B, 0x343E, 0x423F, 0x3536, 0x3B3B, 0x343E, 0x313F, 0x3517, 0x3B38, 0x343E, 0x423F, 0x3644,
    0x3B38, 0x343E, 0x313F, 0x3517, 0x3B3B, 0x343E, 0x423F, 0x3644, 0x3D3D, 0x3D3D, 0x3D3C, 0x3838,
    0x3D3D, 0x3D3D, 0x3D3D, 0x383D, 0x3D3C, 0x3D3C, 0x3C3D, 0x3838, 0x3C3C, 0x3C46, 0x383D, 0x3838,
    0x3D3D, 0x3D3D, 0x383D, 0x3B38, 0x3C3C, 0x3C3C, 0x3D3C, 0x3B3D, 0x3C3C, 0x3C3C, 0x3C3D, 0x3838,
    0x3C3C, 0x3C3C, 0x383D, 0x3838, 0x3B38, 0x343E, 0x313F, 0x1717, 0x3B3B, 0x343E, 0x423F, 0x3536,
    0x3B38, 0x343E, 0x423F, 0x3644, 0x3B3B, 0x343E, 0x1731, 0x1717, 0x3B3B, 0x343E, 0x363F, 0x3535,
    0x3B3B, 0x343E, 0x423F, 0x3644, 0x3B3B, 0x343E, 0x423F, 0x1731, 0x3B38, 0x343E, 0x423F, 0x3536,
    0x3B38, 0x343E, 0x363F, 0x3535, 0x3B38, 0x343E, 0x1731, 0x3517, 0x3B3B, 0x3434, 0x4242, 0x3644,
    0x3B3B, 0x4242, 0x4444, 0x3536, 0x3B3B, 0x3E3E, 0x3134, 0x3517, 0x3B38, 0x343E, 0x423F, 0x3644,
    0x3B38, 0x343E, 0x313F, 0x3517, 0x3B3B, 0x343E, 0x423F, 0x3644, 0x3535, 0x3F36, 0x3E34, 0x383B,
    0x1735, 0x3117, 0x3E34, 0x383B, 0x4436, 0x4244, 0x3434, 0x3B3B, 0x3635, 0x4444, 0x4242, 0x3B3B,
    0x1735, 0x3431, 0x3E3E, 0x3B3B, 0x4436, 0x3F42, 0x3E34, 0x383B, 0x1735, 0x3F31, 0x3E34, 0x383B,
    0x4436, 0x3F42, 0x3E34, 0x3B3B, 0x1717, 0x3F31, 0x3E34, 0x383B, 0x3635, 0x3F44, 0x3E34, 0x3B3B,
    0x4436, 0x3F42, 0x3E34, 0x383B, 0x1717, 0x3117, 0x3E34, 0x3B3B, 0x3535, 0x3F36, 0x3E34, 0x3B3B,
    0x4436, 0x3F42, 0x3E34, 0x3B3B, 0x3117, 0x3F42, 0x3E34, 0x3B3B, 0x3635, 0x3F42, 0x3E34, 0x383B,
    0x3838, 0x3C3D, 0x3D3D, 0x3C3D, 0x3D38, 0x3D3D, 0x3D3D, 0x3D3D, 0x4338, 0x3D3C, 0x3C3D, 0x3C3D,
    0x3838, 0x3D38, 0x3C3C, 0x3C3C, 0x383B, 0x3C38, 0x3D38, 0x3D38, 0x3D3B, 0x3D3D, 0x3C3C, 0x3C3C,
    0x3838, 0x3C3D, 0x3C3D, 0x3C3D, 0x3838, 0x3D38, 0x3C3C, 0x3C3C, 0x3535, 0x3F36, 0x3E34, 0x3B3B,
    0x1735, 0x3117, 0x3E34, 0x383B, 0x4436, 0x3F44, 0x3E34, 0x3B3B, 0x3635, 0x3F42, 0x3E34, 0x3B3B,
    0x1735, 0x3F31, 0x3E34, 0x3B3B, 0x4436, 0x3F42, 0x3E34, 0x383B, 0x1735, 0x3F31, 0x3E34, 0x383B,
    0x4436, 0x3F42, 0x3E34, 0x3B3B, 0x3D38, 0x3C3D, 0x3C38, 0x3C38, 0x3838, 0x3C3D, 0x3D3C, 0x3D3C,
    0x3D3B, 0x3C3D, 0x3D3C, 0x3D3C, 0x3D3B, 0x3C3D, 0x3C3C, 0x3C3C, 0x3D38, 0x3D3C, 0x3C3D, 0x3C3D,
    0x3D3B, 0x3C3C, 0x3C3D, 0x3C3D, 0x3838, 0x3C38, 0x3D3C, 0x3D3C, 0x3838, 0x3C3C, 0x3D3C, 0x3D46,
    0x3635, 0x3F42, 0x3E34, 0x3D3D, 0x3635, 0x3F44, 0x3E34, 0x383D, 0x4436, 0x343F, 0x423E, 0x3D3D,
    0x3F3F, 0x343F, 0x553E, 0x3C3D, 0x3D3F, 0x3E3F, 0x3D55, 0x3C3D, 0x3F42, 0x3D34, 0x3C3C, 0x3D3C,
    0x3C3D, 0x3C3C, 0x3D3D, 0x3C3C, 0x3C3C, 0x3C3C, 0x3D3D, 0x3C3D, 0x3D38, 0x343E, 0x423F, 0x3536,
    0x3D3D, 0x343E, 0x443F, 0x3536, 0x3D38, 0x3E42, 0x3F34, 0x3644, 0x3D34, 0x3E55, 0x3F34, 0x3F3F,
    0x3D3C, 0x553D, 0x3F3E, 0x3F38, 0x3C3D, 0x3C3C, 0x343D, 0x423F, 0x3C3D, 0x3D38, 0x3C3C, 0x3D3C,
    0x3D3C, 0x3D3C, 0x3D3C, 0x3D3C, 0x3C3C, 0x3D38, 0x3D3C, 0x3C3D, 0x3C3C, 0x3D3C, 0x3C3D, 0x3C3D,
    0x3D3D, 0x3C3C, 0x3C3D, 0x3C38, 0x3D3C, 0x3C3C, 0x3D46, 0x3C3D, 0x3D38, 0x3C3C, 0x3C3C, 0x3D3D,
    0x3C3C, 0x3C3D, 0x3D3C, 0x3B3D, 0x3D3C, 0x3C3C, 0x4338, 0x3838, 0x3D3C, 0x3D3C, 0x383D, 0x3B38,
    0x3C3C, 0x383D, 0x3B38, 0x3B3B, 0x3D3C, 0x3838, 0x3B38, 0x3B3B, 0x3D3D, 0x383B, 0x3B3B, 0x3E3B,
    0x383D, 0x3B3B, 0x3B3B, 0x343E, 0x3B3B, 0x3B3B, 0x3E3B, 0x3F34, 0x3B3B, 0x3B3B, 0x343E, 0x4236,
    0x3B3B, 0x3E3B, 0x3434, 0x1717, 0x3B3B, 0x343E, 0x3631, 0x3535, 0x3B38, 0x3B3B, 0x383B, 0x383B,
    0x3B3B, 0x3B3B, 0x3B3B, 0x3B3B, 0x3E3E, 0x3E3E, 0x3E3E, 0x3E3E, 0x3434, 0x3434, 0x3434, 0x3434,
    0x3F3F, 0x3F3F, 0x3F31, 0x3F3F, 0x4242, 0x3642, 0x4217, 0x3142, 0x3136, 0x3544, 0x4417, 0x1736,
    0x1735, 0x3536, 0x3617, 0x1735, 0xBDBD, 0xBDBD, 0xBDBD, 0xBDBD, 0xBDBD, 0x5656, 0x5656, 0x5656,
    0x56BD, 0x8A8A, 0x8A8A, 0x8A8A, 0x8AB8, 0x8A8A, 0x5656, 0x5656, 0x8AB8, 0x568A, 0x8A8A, 0x8A8A,
    0x8AB8, 0x568A, 0x8A8A, 0x8A8A, 0x8AB8, 0x8A8A, 0x5656, 0x8A56, 0x56B8, 0x8A8A, 0x8A8A, 0x8A8A,
    0xBDBD, 0xBDBD, 0xBDBD, 0xBDBD, 0x568A, 0x8A8A, 0x8A8A, 0x8A8A, 0x8A8A, 0x8A8A, 0x8A8A, 0x8A8A,
    0x5656, 0x5656, 0x568A, 0x8A8A, 0x8A8A, 0x8A8A, 0x8A8A, 0x8A8A, 0x8A8A, 0x8A8A, 0x8A8A, 0x8A8A,
    0x8A8A, 0x8A8A, 0x8A8A, 0x8A8A, 0x8A8A, 0x8A8A, 0x8A8A, 0x8A8A, 0xBDBD, 0xBDBD, 0xBDBD, 0xBDBD,
    0xBD8A, 0xBDBD, 0xBDBD, 0xBDBD, 0x8A8A, 0xBDBD, 0xBDBD, 0xBDBD, 0x8A8A, 0xBD8A, 0xBDBD, 0xBDBD,
    0x8A8A, 0xBD56, 0xBDBD, 0xBDBD, 0x8A8A, 0xBD56, 0xBDBD, 0xBDBD, 0x8A8A, 0xBD56, 0xBDBD, 0xBDBD,
    0x8A8A, 0xBD56, 0xBDBD, 0xBDBD, 0x5555, 0x5555, 0x5555, 0x5555, 0x7979, 0x7979, 0x7979, 0x7979,
    0x7979, 0x7979, 0x7979, 0x7979, 0x3D3D, 0x3D3D, 0x3D3D, 0x3D3D, 0x793D, 0x7979, 0x7979, 0x7979,
    0x793D, 0x7979, 0x7979, 0x7979, 0x793D, 0x793D, 0x5555, 0x5555, 0x793D, 0x793D, 0x7955, 0x7979,
    0x5555, 0x5555, 0x5555, 0x5555, 0x7979, 0x7979, 0x7979, 0x7979, 0x7979, 0x7979, 0x7979, 0x7979,
    0x3D3D, 0x3D3D, 0x3D3D, 0x553D, 0x7979, 0x7979, 0x7979, 0x553D, 0x7979, 0x7979, 0x7979, 0x553D,
    0x5555, 0x7955, 0x793D, 0x553D, 0x7979, 0x7955, 0x793D, 0x553D, 0x7979, 0x5555, 0x5555, 0x5555,
    0x7979, 0x3434, 0x3434, 0x3434, 0x7979, 0xA6A6, 0xA6A6, 0xA6A6, 0x7979, 0xA6A6, 0xA6A6, 0xA6A6,
    0x7979, 0x5555, 0x5555, 0x5555, 0x7979, 0x3434, 0x3434, 0x3434, 0x7979, 0xA6A6, 0xA6A6, 0xA6A6,
    0x7979, 0xA6A6, 0xA6A6, 0xA6A6, 0xBDBD, 0xBDBD, 0xBDBD, 0xBDBD, 0xBDBD, 0xBDBD, 0xBDBD, 0xBDBD,
    0xBDBD, 0xBDBD, 0xBDBD, 0xBDBD, 0xBDBD, 0xBDBD, 0xBDBD, 0xBDBD, 0xBDBD, 0xBDBD, 0xBDBD, 0xBDBD,
    0xBDBD, 0xBDBD, 0xBDBD, 0xBDBD, 0xBDC3, 0xBDBD, 0xBDBD, 0xBDBD, 0xBDBD, 0xBDBD, 0xBDBD, 0xBDBD,
    0x3434, 0x8A8A, 0x8A8A, 0x8A8A, 0x3434, 0x8A8A, 0x8A8A, 0x8A8A, 0x55A6, 0x8A8A, 0x4848, 0x4848,
    0x3434, 0x8A8A, 0x8A48, 0x8A8A, 0x3434, 0x8A8A, 0x8A48, 0x8AC2, 0x3434, 0x8A8A, 0x8A48, 0x48B5,
    0x5555, 0x8A8A, 0x8A48, 0xB1C2, 0x3434, 0x8A8A, 0x8A48, 0x73B5, 0x8A8A, 0x8A8A, 0x8A8A, 0x8A8A,
    0x8A8A, 0x8A8A, 0x8A8A, 0x8A8A, 0x4848, 0x4848, 0x4848, 0x4848, 0x8A8A, 0x8A8A, 0x8A8A, 0x8A8A,
    0x8A8A, 0x8A8A, 0x8A8A, 0x8A8A, 0x4848, 0x4848, 0x8A48, 0x488A, 0xB2B2, 0xB2B2, 0xB2B2, 0xB2B2,
    0xB1B1, 0xB1B1, 0xB1B1, 0xB1B1, 0x8A8A, 0x8A8A, 0x8A8A, 0x8A8A, 0x8A8A, 0x8A8A, 0x8A8A, 0x8A8A,
    0x4848, 0xA579, 0x8A8A, 0x3434, 0x8A8A, 0xA579, 0x8A8A, 0x8A8A, 0x8AB5, 0xA579, 0x8A8A, 0x8A8A,
    0x8AB5, 0xA579, 0x8A8A, 0x8A8A, 0x8AB2, 0xA579, 0x8A8A, 0x3434, 0x8AB1, 0xA579, 0x8A8A, 0x8A8A,
    0x0101, 0x0101, 0x0101, 0x0101, 0x0101, 0x0101, 0x0101, 0x0101, 0x0101, 0x4848, 0x4848, 0x4848,
    0x0101, 0x0148, 0x0101, 0x0101, 0x0101, 0x0148, 0x0101, 0x0101, 0x0101, 0x0148, 0x48B5, 0x4848,
    0x0101, 0x0148, 0xB3C2, 0xB3B3, 0x0101, 0x0148, 0xB3B5, 0xB3B3, 0x0101, 0x0101, 0x0101, 0x0101,
    0x0101, 0x0101, 0x0101, 0x0101, 0x4848, 0x4848, 0x3D79, 0x0101, 0x0101, 0x0101, 0x3D79, 0x0101,
    0x0101, 0x0101, 0x3D79, 0x0101, 0xB5B5, 0x01B5, 0x3D79, 0x0101, 0xB3B3, 0x01B4, 0x3D79, 0x0101,
    0xB3B3, 0x01B4, 0x3D79, 0x0101, 0x0101, 0x0101, 0x0101, 0x0101, 0x0101, 0x0101, 0x0101, 0x0101,
    0x0101, 0x4848, 0x4848, 0x4848, 0x0101, 0x0148, 0x0101, 0x0101, 0x0101, 0x0148, 0xB5C2, 0xB5B5,
    0x0101, 0x0148, 0xB3B5, 0xB3B3, 0x0101, 0x0148, 0xB3C2, 0xB3B3, 0x0101, 0x0148, 0xB3B5, 0xB3B3,
    0x0101, 0x0101, 0x0101, 0x0101, 0x0101, 0x0101, 0x0101, 0x0101, 0x4848, 0x4848, 0x4848, 0x4848,
    0x0101, 0x0101, 0x0101, 0x0101, 0xB5B5, 0xB5B5, 0xB5B5, 0x01B5, 0xB3B3, 0xB3B3, 0xB3B3, 0x01B5,
    0xB3B3, 0xB3B3, 0xB3B3, 0x01B5, 0xB3B3, 0xB3B3, 0xB3B3, 0x01B5, 0x0101, 0x0101, 0x0101, 0x0101,
    0x0101, 0x0101, 0x0101, 0x0101, 0x4848, 0x4848, 0x4848, 0x4848, 0x0101, 0x0101, 0x0101, 0x0101,
    0x0101, 0xB5B5, 0xB5B5, 0xB5B5, 0x0101, 0xB3B3, 0xB3B3, 0xB3B3, 0xB501, 0xB3B3, 0xB3B3, 0xB3B3,
    0xB501, 0xB3B3, 0xB3B3, 0xB3B3, 0x0101, 0x0101, 0x0101, 0x0101, 0x0101, 0x0101, 0x0101, 0x0101,
    0x4848, 0x4848, 0x3D79, 0x0101, 0x0101, 0x0101, 0x3D79, 0x0101, 0xB5B5, 0x01B5, 0x3D79, 0x0101,
    0xB3B3, 0xB5B3, 0x3D79, 0x0101, 0xB3B3, 0xB5B4, 0x3D79, 0x0101, 0xB3B3, 0xB5B4, 0x3D79, 0x0101,
    0x8A8A, 0x8A8A, 0x8A8A, 0x8A8A, 0x8A8A, 0x8A8A, 0x8A8A, 0xA68A, 0x8A8A, 0x8A8A, 0x8A8A, 0xA6A6,
    0x8A8A, 0x8A8A, 0xA68A, 0xA6A6, 0x3434, 0x3434, 0x55A6, 0x5555, 0x8A8A, 0xA68A, 0xA6A6, 0xA6A6,
    0x8A8A, 0xA6A6, 0xA6A6, 0xA6A6, 0xA68A, 0xA6A6, 0xA6A6, 0xA6A6, 0x8A8A, 0x3D55, 0x0101, 0x8A8A,
    0x8A8A, 0x3D55, 0x0101, 0x8A8A, 0x3434, 0x3D55, 0x0101, 0x3434, 0x8A8A, 0x3D55, 0x0101, 0x8A8A,
    0x8A8A, 0x3D55, 0x0101, 0x8A8A, 0x8A8A, 0x3D55, 0x0101, 0x8A8A, 0x3434, 0x3DA6, 0x0101, 0x3434,
    0x8A8A, 0x3D55, 0x0101, 0x8A8A, 0x8A8A, 0x3D55, 0x0101, 0x8A8A, 0x3434, 0x3D55, 0x0101, 0x3434,
    0xA655, 0x3D55, 0x0101, 0x5555, 0x5555, 0x3D55, 0x0101, 0x5555, 0x5555, 0x3D55, 0x0101, 0x5555,
    0x5555, 0x3D55, 0x0101, 0x5555, 0x5555, 0x3D55, 0x0101, 0x5555, 0x5555, 0x3D55, 0x0101, 0x5555,
    0x5555, 0x3D55, 0x0101, 0x5555, 0xA6A6, 0x3D55, 0x0101, 0xA6A6, 0xA6A6, 0x3D55, 0x0101, 0xA6A6,
    0xA6A6, 0x3D55, 0x0101, 0xA6A6, 0xA655, 0x3D55, 0x0101, 0x5555, 0xA6A6, 0x3D55, 0x0101, 0xA6A6,
    0xA6A6, 0x3D55, 0x0101, 0xA6A6, 0xA6A6, 0x3D55, 0x0101, 0xA6A6, 0xB9B9, 0xB9B9, 0xB9B9, 0xB9B9,
    0xB9B9, 0xB9B9, 0xB9B9, 0xB9B9, 0xB9B9, 0xB8B8, 0xB8B8, 0xB8B8, 0xB9B9, 0xB8B8, 0xB8B8, 0xB8B8,
    0xB9B9, 0xB8B8, 0xB8B8, 0xB8B8, 0xB9B9, 0xB8B8, 0xB8B8, 0xB8B8, 0xB9B9, 0xB9B9, 0xB9B9, 0xB9B9,
    0xB9B9, 0xB973, 0xB973, 0xB973, 0xB9B9, 0xB9B9, 0xB9B9, 0xB9B9, 0xB9B9, 0xB9B9, 0xB9B9, 0xB9B9,
    0xB8B8, 0xB8B8, 0xB9B9, 0xB9B9, 0xB8B8, 0xB9B8, 0xB9B9, 0xB9B9, 0xB8B8, 0xB9B9, 0xB9B9, 0xB9B9,
    0xB9B8, 0xB9B9, 0xB9B9, 0xB9B9, 0xB9B9, 0xB9B9, 0xB9B9, 0x73B9, 0x7373, 0x7373, 0x7373, 0x7373,
    0x7373, 0xB1B1, 0xB8B1, 0xB173, 0xB8B1, 0xB1B1, 0xB1B1, 0xB173, 0xB8B1, 0xB1B2, 0xB1B1, 0xB1B8,
    0xB873, 0xB273, 0x73B2, 0xB873, 0xB1B1, 0xB873, 0xB173, 0xB1B1, 0xB1B1, 0x73B1, 0xB1B1, 0xB1B1,
    0xB1B1, 0xB873, 0xB273, 0xB1B1, 0xB8B8, 0x73B8, 0xB8B8, 0x7373, 0x7373, 0x73B8, 0x69B8, 0xB7B7,
    0x73B8, 0x7373, 0xB8B8, 0xB7B7, 0xB8B8, 0x7373, 0xB8B8, 0xB7C1, 0xB873, 0x7373, 0x6973, 0xB9B7,
    0xB173, 0xB9B8, 0xB8B9, 0xB7B7, 0xB1B1, 0x73B1, 0xB7B8, 0xB7B7, 0xB1B1, 0xB7B1, 0xB8B8, 0xB7B7,
    0xB8B8, 0xB8B8, 0xB9B7, 0xB9C1, 0x0000, 0x0000, 0x0000, 0x0000, 0x0000, 0x0000, 0x0000, 0x0000,
    0x0000, 0x0000, 0x0000, 0x0000, 0x0000, 0x0000, 0x0000, 0x0000, 0x0000, 0x0000, 0x0000, 0xB900,
    0x0000, 0x0000, 0xB900, 0xB8B9, 0x0000, 0xB900, 0xB9B9, 0xB8B8, 0x7300, 0xB8B8, 0xB8B9, 0xB8B8,
    0x0000, 0x0000, 0x0000, 0xB800, 0x0000, 0x0000, 0xB900, 0xB8B9, 0x0000, 0xB800, 0xB8B9, 0xB8B8,
    0x7300, 0xB8B8, 0xB8B9, 0xB8B8, 0xB8B9, 0xB8B8, 0xB173, 0xB8B8, 0xB8B9, 0xB9B8, 0x7373, 0xB8B8,
    0xB9B8, 0xB8B8, 0xB8B8, 0xB8B8, 0xB8B9, 0xB8B8, 0xB9B8, 0xB8B8, 0xB9B8, 0xB8B8, 0xB9B8, 0xB9B8,
    0xB8B9, 0xB8B8, 0xB8B9, 0xB8B8, 0x73B9, 0xB8B8, 0xB873, 0xB8B8, 0xB9B9, 0xB9B8, 0xB873, 0xB8B8,
    0xB9B9, 0xB9B8, 0xB8B9, 0xB9B9, 0xB9B8, 0xB873, 0xB9B8, 0xB8B9, 0xB8B9, 0xB8B8, 0xB9B9, 0xB8B8,
    0x73B9, 0xB8B8, 0xB8B9, 0xB8B8, 0xB8B8, 0xB9B8, 0xB8B9, 0xB8B9, 0xB9B8, 0xB873, 0xB9B8, 0xB8B8,
    0xB8B9, 0xB8B8, 0xB8B9, 0xB8B8, 0x73B9, 0xB8B8, 0xB8B9, 0xB8B8, 0xB8B9, 0xB8B8, 0xB173, 0xB8B8,
    0xB9B9, 0xB9B8, 0x7373, 0xB8B8, 0xB9B8, 0xB8B9, 0xB8B8, 0xB8B8, 0xB8B9, 0xB8B8, 0xB9B8, 0xB8B8,
    0xB173, 0xB8B2, 0xB1B8, 0x7373, 0xB1B1, 0xB1B1, 0xB2B1, 0xB1B8, 0xB2B1, 0x7373, 0xB2B2, 0xB8B1,
    0xB2B2, 0xB8B2, 0xB1B2, 0xB8B2, 0xB1B1, 0xB2B2, 0xB273, 0x73B2, 0xB1B1, 0xB2B2, 0xB1B8, 0x73B1,
    0xB273, 0x73B2, 0xB2B8, 0xB1B8, 0xB2B2, 0xB1B8, 0xB2B2, 0xB8B1, 0xB173, 0xB1B8, 0xB2B1, 0xB1B8,
    0xB1B2, 0xB8B2, 0xB2B2, 0xB8B2, 0xB2B1, 0xB2B2, 0xB2B1, 0xB8B2, 0xB2B1, 0xB2B2, 0xB173, 0xB8B2,
    0xB2B8, 0xB8B2, 0xB1B8, 0xB1B8, 0xB1B1, 0xB1B8, 0xB2B2, 0xB1B8, 0xB2B1, 0x73B8, 0xB2B2, 0xB8B1,
    0xB1B2, 0xB8B2, 0xB1B2, 0x73B2, 0x00B1, 0x0000, 0x0000, 0x0000, 0xB1B1, 0x00B8, 0x0000, 0x0000,
    0xB1B1, 0xB8B1, 0x00B1, 0x0000, 0xB1B2, 0xB8B1, 0xB1B2, 0x00B2, 0xB1B2, 0xB2B2, 0xB1B1, 0xB8B1,
    0xB1B1, 0xB2B2, 0xB1B8, 0xB8B1, 0xB173, 0xB1B1, 0xB173, 0x73B8, 0xB1B2, 0xB1B8, 0xB1B2, 0xB8B1,
    0x0000, 0x0000, 0x0000, 0x0000, 0x0000, 0x0000, 0x0000, 0x0000, 0x0000, 0x0000, 0x0000, 0x0000,
    0x0000, 0x0000, 0x0000, 0x0000, 0x00B8, 0x0000, 0x0000, 0x0000, 0xB8B1, 0x00B8, 0x0000, 0x0000,
    0xB1B1, 0xB8B8, 0x00B1, 0x0000, 0xB2B2, 0xB8B1, 0xB1B2, 0x00B2, 0xB856, 0x5656, 0x8A8A, 0x8A8A,
    0x56BD, 0xB8B8, 0xB8B8, 0xB8B8, 0xBDBD, 0xBDBD, 0xBDBD, 0xBDBD, 0xBDBD, 0xBDBD, 0xBDBD, 0xBDBD,
    0x8A8A, 0x8A8A, 0x8ABD, 0x8ABD, 0xB6B6, 0xB6B6, 0xB6B6, 0xB6B6, 0xB6B6, 0xB6B6, 0xB6B6, 0xB6B6,
    0xB6B6, 0xB6B6, 0xB6B6, 0xB6B6, 0x8A8A, 0x8A8A, 0x8A8A, 0x8A8A, 0xB8B8, 0xB8B8, 0xB8B8, 0x5656,
    0xBDBD, 0xBDBD, 0xBDBD, 0xBDBD, 0xBDBD, 0xBDBD, 0xBDBD, 0xBDBD, 0xBDBD, 0xBDBD, 0xBDBD, 0xBDBD,
    0xB6B6, 0xB6B6, 0xB6B6, 0xB6B6, 0xB6B6, 0xB6B6, 0xB6B6, 0xB6B6, 0xB6B6, 0xB6B6, 0xB6B6, 0xB6B6,
    0x568A, 0xBDBD, 0xBDBD, 0xBDBD, 0xBD56, 0xBDBD, 0xBDBD, 0xBDBD, 0xBDBD, 0xBDBD, 0xBDBD, 0xBDBD,
    0xBDBD, 0xBDBD, 0xBDBD, 0xBDBD, 0xBDBD, 0xBDBD, 0xBDBD, 0xBDBD, 0xB6B6, 0xBDB6, 0xBDBD, 0xBDBD,
    0xB6B6, 0xC3B6, 0xBDBD, 0xBDBD, 0xB6B6, 0xBDB6, 0x8A8A, 0x8A8A, 0x793D, 0x793D, 0x7955, 0x7979,
    0x793D, 0x793D, 0x793D, 0x7979, 0x793D, 0x793D, 0x793D, 0x7979, 0x793D, 0x793D, 0x793D, 0x7979,
    0x793D, 0x793D, 0x793D, 0x7979, 0x793D, 0x793D, 0x793D, 0x7979, 0x793D, 0x793D, 0x793D, 0x7979,
    0x793D, 0x793D, 0x3D3D, 0x3D3D, 0x7979, 0x7955, 0x793D, 0x553D, 0x7979, 0x7955, 0x793D, 0x553D,
    0x7979, 0x7955, 0x793D, 0x553D, 0x7979, 0x7955, 0x793D, 0x553D, 0x7979, 0x7955, 0x793D, 0x553D,
    0x7979, 0x7955, 0x793D, 0x553D, 0x7979, 0x793D, 0x793D, 0x553D, 0x3D3D, 0x793D, 0x793D, 0x553D,
    0x0101, 0x3434, 0x3434, 0x3434, 0x0101, 0x8A01, 0x8A8A, 0x8A8A, 0x0101, 0x8A8A, 0x8A8A, 0x8A8A,
    0x0101, 0x8A8A, 0x8A8A, 0x8A8A, 0x0101, 0x3434, 0x3434, 0x3434, 0x0101, 0x8A01, 0x8A8A, 0x8A8A,
    0x0101, 0x8A8A, 0x8A8A, 0x8A8A, 0x0101, 0x8A8A, 0x8A8A, 0x8A8A, 0x8A8A, 0x8A8A, 0x8A8A, 0x8A8A,
    0xB6B6, 0xB6B6, 0xB6B6, 0xB6B6, 0xB6B6, 0xB6B6, 0xB6B6, 0xB6B6, 0xB6B6, 0xB6B6, 0xB6B6, 0xB6B6,
    0xB6B6, 0xB6B6, 0xB6B6, 0xB6B6, 0xBABA, 0x1818, 0x1818, 0xBA18, 0xBFBF, 0x1818, 0xBA18, 0xBABA,
    0xBFBF, 0x1818, 0xBA18, 0xBABA, 0x3434, 0x8A8A, 0x8A48, 0x73B5, 0x3434, 0x8A8A, 0x8A48, 0x73B5,
    0x55A6, 0x8A8A, 0x8A48, 0x73C2, 0x3434, 0x8A8A, 0x8A48, 0x73C2, 0x3434, 0x8A8A, 0x8A48, 0x73B5,
    0x3434, 0x8A8A, 0x8A48, 0x73B5, 0x55A6, 0x8A8A, 0x8A48, 0x73B5, 0x3434, 0x8A8A, 0x8A48, 0x73B5,
    0x7373, 0x7373, 0x7373, 0x7373, 0xB2B1, 0xB2B2, 0xB2B2, 0xB2B2, 0xB1B1, 0xB1B1, 0xB1B1, 0xB1B1,
    0x7373, 0x7373, 0x7373, 0x7373, 0xB2B1, 0xB2B2, 0xB2B2, 0xB2B2, 0xB1B1, 0xB1B1, 0xB1B1, 0xB1B1,
    0x7373, 0x7373, 0x7373, 0x7373, 0xB2B1, 0xB2B2, 0xB2B2, 0xB2B2, 0x8AB2, 0xA579, 0x8A8A, 0x8A8A,
    0x8AB2, 0xA579, 0x8A8A, 0x8A8A, 0x8AB2, 0xA579, 0x8A8A, 0x3434, 0x8AB2, 0xA579, 0x8A8A, 0x8A8A,
    0x8AB2, 0xA579, 0x8A8A, 0x8A8A, 0x8AB1, 0xA579, 0x8A8A, 0x8A8A, 0x8AB2, 0xA579, 0x8A8A, 0x3434,
    0x8AB2, 0xA579, 0x8A8A, 0x8A8A, 0x0101, 0x0148, 0xB3B5, 0xB3B3, 0x0101, 0x0148, 0xB3B5, 0xB3B3,
    0x0101, 0x0148, 0xB3C2, 0xB3B3, 0x0101, 0x0148, 0xB3C2, 0xB3B3, 0x0101, 0x0148, 0xB3BE, 0xB3B3,
    0x0101, 0x0148, 0xB348, 0xB3B3, 0x0101, 0x0148, 0xB348, 0xB3B3, 0x0101, 0x0148, 0xB301, 0xB3B3,
    0xB3B3, 0x01B4, 0x3D79, 0x0101, 0xB3B3, 0x01B4, 0x3D79, 0x0101, 0xB3B3, 0x01B4, 0x3D79, 0x0101,
    0xB3B3, 0x01B4, 0x3D79, 0x0101, 0xB3B3, 0x01B4, 0x3D79, 0x0101, 0xB3B3, 0x01B4, 0x3D79, 0x0101,
    0xB3B3, 0x01B4, 0x3D79, 0x0101, 0xB3B3, 0x01B4, 0x4848, 0x0101, 0x0101, 0x0148, 0xB3B5, 0xB3B3,
    0x0101, 0x0148, 0xB3B5, 0xB3B3, 0x0101, 0x0148, 0x0101, 0x0101, 0x0101, 0x0148, 0x0101, 0x0101,
    0x0101, 0x0148, 0xB501, 0xB5B5, 0x0101, 0x0148, 0xB348, 0xB3B3, 0x0101, 0x0148, 0xB348, 0xB3B3,
    0x0101, 0x0148, 0xB348, 0xB3B3, 0xB3B3, 0xB3B3, 0xB3B3, 0x01B5, 0xB3B3, 0xB3B3, 0xB3B3, 0x01B5,
    0x0101, 0x0101, 0x0101, 0x0101, 0x0101, 0x0101, 0x0101, 0x0101, 0xB5B5, 0xB5B5, 0xB5B5, 0x0101,
    0xB3B3, 0xB3B3, 0xB3B3, 0x01B5, 0xB3B3, 0xB3B3, 0xB3B3, 0x01B5, 0xB3B3, 0xB3B3, 0xB3B3, 0x01B5,
    0xB501, 0xB3B3, 0xB3B3, 0xB3B3, 0xB501, 0xB3B3, 0xB3B3, 0xB3B3, 0x0101, 0x0101, 0x0101, 0x0101,
    0x0101, 0x0101, 0x0101, 0x0101, 0x0101, 0x0101, 0x0101, 0x0101, 0xB501, 0xB3B3, 0xB3B3, 0xB3B3,
    0xB501, 0xB3B3, 0xB3B3, 0xB3B3, 0xB501, 0xB3B3, 0xB3B3, 0xB3B3, 0xB3B3, 0xB5B4, 0x3D79, 0x0101,
    0xB3B3, 0xB5B4, 0x3D79, 0x0101, 0x0101, 0x0101, 0x3D79, 0x0101, 0x0101, 0x0101, 0x3D79, 0x0101,
    0x0101, 0x0101, 0x3D79, 0x0101, 0xB3B3, 0xB5B4, 0x3D79, 0x0101, 0xB3B3, 0xB5B4, 0x3D79, 0x0101,
    0xB3B3, 0xB5B4, 0x3D79, 0x0101, 0x8A8A, 0x8A8A, 0x348A, 0x0101, 0x8A8A, 0x348A, 0x0101, 0x0101,
    0x3434, 0x0134, 0x0101, 0x3D01, 0x8A8A, 0x0101, 0x3401, 0xB3B3, 0x348A, 0x0101, 0xB3B3, 0xB3B3,
    0x013D, 0x0101, 0xB3B3, 0xB3B3, 0x013D, 0xB301, 0xB3B3, 0xB3B3, 0x013D, 0xB301, 0xB3B3, 0xB3B3,
    0x0101, 0x8A01, 0x8A8A, 0x8A8A, 0x0101, 0x0101, 0x3401, 0x8A8A, 0x3D3D, 0x0101, 0x0101, 0x3434,
    0xB3B3, 0x3D3D, 0x0101, 0x8A01, 0xB3B3, 0xB3B3, 0x013D, 0x8A01, 0xB3B3, 0xB3B3, 0x013D, 0x0101,
    0xB3B3, 0xB3B3, 0x3DB3, 0x0101, 0xB3B3, 0xB3B3, 0x3DB3, 0x0101, 0xBDBD, 0x3D55, 0x0101, 0xBDBD,
    0xBDBD, 0x3D55, 0x0101, 0xBDBD, 0xBDBD, 0x3D55, 0x0101, 0xBDBD, 0xBDBD, 0x3D55, 0x0101, 0xBDBD,
    0xBDBD, 0x3D55, 0x0101, 0xBDBD, 0xBDBD, 0x3D55, 0x0101, 0xBDBD, 0x8ABD, 0x3D55, 0x0101, 0xBDBD,
    0x8A8A, 0x3D55, 0x0101, 0x8A8A, 0x5555, 0x3D55, 0x0101, 0x34A6, 0xA6A6, 0x3D55, 0x0101, 0x8A8A,
    0xA6A6, 0x3D55, 0x0101, 0x8A8A, 0xA6A6, 0x3D55, 0x0101, 0x8A8A, 0x5555, 0x3D55, 0x0101, 0xA6A6,
    0xA6A6, 0x3D55, 0x0101, 0x8A8A, 0xA6A6, 0x3D55, 0x0101, 0x8A8A, 0xA6A6, 0x3D55, 0x0101, 0x8A8A,
    0xB8B9, 0xB8B8, 0xB8B8, 0xB8B8, 0xB8B9, 0xB8B8, 0xB8B8, 0xB8B8, 0xB8B9, 0xB8B8, 0xB8B8, 0xB8B8,
    0xB8B9, 0xB8B8, 0xB8B8, 0xB8B8, 0xB8B9, 0xB8B8, 0xB8B8, 0xB8B8, 0xB8B9, 0xB8B8, 0xB8B8, 0xB8B8,
    0xB8B9, 0xB8B8, 0xB8B8, 0xB8B8, 0xB9B9, 0xB8B8, 0xB8B8, 0xB8B8, 0xB8B8, 0xB8B8, 0xB8B8, 0xB8B8,
    0xB8B8, 0xB8B8, 0xB8B8, 0xB8B8, 0xB8B8, 0xB8B8, 0xB8B8, 0xB8B8, 0xB8B8, 0xB8B8, 0xB8B8, 0xB8B8,
    0xB8B8, 0xB8B8, 0xB8B8, 0xB8B8, 0xB8B8, 0xB8B8, 0xB8B8, 0xB8B8, 0xB8B8, 0xB8B8, 0xB8B8, 0xB8B8,
    0xB8B8, 0xB8B8, 0xB8B8, 0xB9B8, 0xB9B9, 0xB9B9, 0xB9B9, 0xB9B9, 0xB9B9, 0xB9B9, 0xB9B9, 0xB9B9,
    0xB9B9, 0xB9B9, 0xB9B9, 0xB9B9, 0xB9B9, 0xB9B9, 0xB9B9, 0xB9B9, 0x8A8A, 0x8A8A, 0x8A8A, 0xA5A5,
    0x8A8A, 0x8A8A, 0x8A8A, 0x8A8A, 0x3434, 0x3434, 0x3434, 0x3434, 0x8A8A, 0x8A8A, 0x8A8A, 0x8A8A,
    0xB9B9, 0xB9B9, 0xB9B9, 0xB9B9, 0xB9B9, 0xB9B9, 0xB9B9, 0xB9B9, 0xB9B9, 0xB9B9, 0xB9B9, 0xB9B9,
    0xB9B9, 0xB9B9, 0xB9B9, 0xB9B9, 0x8A8A, 0x34A5, 0x5EA6, 0x555E, 0x8A8A, 0x34A5, 0x5EA6, 0x555E,
    0xA634, 0x55A6, 0x5555, 0x5555, 0x8A8A, 0x34A5, 0x5EA6, 0x555E, 0x0000, 0x0000, 0x0000, 0x0000,
    0x0000, 0x0000, 0x0000, 0x0000, 0x0000, 0x0000, 0x0000, 0x0000, 0x0000, 0x0000, 0x0000, 0x0000,
    0x0000, 0x0000, 0x0000, 0x0000, 0x0000, 0x0000, 0x0000, 0xB900, 0x0000, 0x0000, 0x0000, 0xB8B9,
    0x0000, 0x0000, 0xB900, 0xB8B9, 0x0000, 0x0000, 0x0000, 0x0000, 0x0000, 0x0000, 0x0000, 0x0000,
    0x0000, 0x0000, 0x0000, 0x0000, 0x0000, 0x0000, 0x0000, 0x0000, 0x0000, 0x0000, 0x0000, 0x0000,
    0x00B8, 0x0000, 0x0000, 0x0000, 0xB8B1, 0x0000, 0x0000, 0x0000, 0xB8B8, 0x00B8, 0x0000, 0x0000,
    0xB173, 0xB8B2, 0xB1B8, 0x7373, 0xB1B1, 0xB1B1, 0xB2B1, 0xB1B8, 0xB2B1, 0x7373, 0xB2B2, 0xB8B1,
    0xB2B2, 0xB8B2, 0xB1B2, 0xB8B2, 0xB1B8, 0xB2B2, 0xB273, 0x73B2, 0xB9B9, 0xB2B2, 0xB1B8, 0x73B1,
    0xB9B9, 0xB9B9, 0xB2B8, 0xB1B8, 0xB9B9, 0xB9B9, 0xB9B9, 0xB8B1, 0x1111, 0xC40F, 0xC581, 0xC6C5,
    0x1111, 0xC40F, 0xC581, 0xC6C5, 0x1111, 0xC40F, 0xC581, 0xC6C5, 0x0F0F, 0xC40F, 0xC581, 0xC6C5,
    0x8181, 0x8181, 0xC581, 0xC6C5, 0xC5C5, 0xC5C5, 0xC5C5, 0xC6C5, 0xC5C5, 0xC7C7, 0xC7C5, 0xC6C5,
    0xC6C6, 0xC6C6, 0xC6C6, 0xC6C6, 0xB9B9, 0xB873, 0xB9B9, 0xB8B8, 0xB9B8, 0xB8B8, 0xB8B9, 0xB9B8,
    0xB8B9, 0xB8B8, 0xB8B8, 0xB9B9, 0x73B9, 0xB8B8, 0xB9B8, 0xB9B9, 0xB9B8, 0xB8B8, 0xB9B9, 0xB9B9,
    0x73B9, 0xB973, 0xB9B9, 0x8AB9, 0x73B9, 0xB9B9, 0xB9B9, 0x3434, 0xB9B9, 0xB9B9, 0x8AB9, 0x8A8A,
    0xB2B2, 0x73B2, 0xB1B8, 0x73B2, 0xB1B9, 0xB1B8, 0xB2B8, 0x73B1, 0xB9B9, 0xB1B8, 0xB2B2, 0xB1B8,
    0xB9B9, 0xB2B9, 0xB2B2, 0xB8B1, 0xB9B9, 0xB9B9, 0xB2B2, 0xB1B8, 0xB98A, 0xB9B9, 0xB2B9, 0xB8B2,
    0x3434, 0xB9B9, 0xB9B9, 0xB8B2, 0x8A8A, 0xB98A, 0xB9B9, 0xB8B9, 0xB9B9, 0xB873, 0xB9B9, 0xB8B8,
    0xB9B8, 0xB8B8, 0xB8B9, 0xB9B8, 0x73B9, 0xB873, 0xB9B8, 0xB8B8, 0x73B9, 0xB873, 0xB8B9, 0xB8B8,
    0xB9B8, 0xB8B8, 0xB873, 0xB8B8, 0xB8B9, 0xB8B8, 0xB873, 0xB9B9, 0x73B9, 0xB9B8, 0xB8B9, 0xB8B9,
    0xB8B9, 0xB9B8, 0xB9B8, 0xB8B8, 0xB1B2, 0x73B8, 0xB2B2, 0xB1B8, 0xB173, 0xB8B2, 0xB2B2, 0xB1B8,
    0xB1B2, 0xB1B8, 0xB1B2, 0xB8B1, 0xB2B1, 0xB8B2, 0xB2B1, 0x73B2, 0xB2B1, 0xB2B2, 0xB2B2, 0xB1B8,
    0xB1B8, 0xB2B1, 0xB2B1, 0xB8B2, 0xB1B1, 0xB8B1, 0xB173, 0xB8B2, 0xB2B1, 0xB1B8, 0xB1B8, 0xB8B2,
    0x0368, 0x0000, 0x0000, 0x0001, 0x0002, 0x0003, 0x0004, 0x0005, 0x0006, 0x0007, 0x0008, 0x0009,
    0x000A, 0x000B, 0x000C, 0x000D, 0x000E, 0x000F, 0x0010, 0x0011, 0x0012, 0x0013, 0x0014, 0x0015,
    0x0016, 0x0017, 0x0018, 0x0019, 0x001A, 0x001B, 0x001C, 0x001D, 0x001E, 0x001F, 0x0020, 0x0021,
    0x0022, 0x0023, 0x0024, 0x0025, 0x0026, 0x0027, 0x0028, 0x0029, 0x002A, 0x002B, 0x002C, 0x002D,
    0x002E, 0x002F, 0x0030, 0x0031, 0x0032, 0x0033, 0x0034, 0x0035, 0x0036, 0x0037, 0x0038, 0x0039,
    0x003A, 0x003B, 0x003C, 0x003D, 0x003E, 0x003F, 0x0040, 0x0041, 0x0042, 0x0043, 0x0044, 0x0045,
    0x0046, 0x0047, 0x0048, 0x0049, 0x004A, 0x004B, 0x004C, 0x004D, 0x004E, 0x004F, 0x0050, 0x0051,
    0x0052, 0x0053, 0x0054, 0x0055, 0x0056, 0x0057, 0x0058, 0x0059, 0x005A, 0x005B, 0x005C, 0x005D,
    0x005E, 0x005F, 0x0060, 0x0061, 0x0062, 0x0063, 0x0064, 0x0065, 0x0066, 0x0067, 0x0068, 0x0069,
    0x006A, 0x006B, 0x006C, 0x006D, 0x006E, 0x006F, 0x0070, 0x0071, 0x0072, 0x0073, 0x0074, 0x0075,
    0x0076, 0x0077, 0x0078, 0x0079, 0x007A, 0x007B, 0x007C, 0x007D, 0x007E, 0x007F, 0x0080, 0x0081,
    0x0082, 0x0083, 0x0084, 0x0085, 0x0086, 0x0087, 0x0088, 0x0089, 0x008A, 0x008B, 0x008C, 0x008D,
    0x008E, 0x008F, 0x0090, 0x0091, 0x0092, 0x0093, 0x0094, 0x0095, 0x0096, 0x0097, 0x0098, 0x0099,
    0x009A, 0x009B, 0x009C, 0x009D, 0x009E, 0x009F, 0x00A0, 0x00A1, 0x00A2, 0x00A3, 0x00A4, 0x00A5,
    0x00A6, 0x00A7, 0x00A8, 0x00A9, 0x00AA, 0x00AB, 0x00AC, 0x00AD, 0x00AE, 0x00AF, 0x00B0, 0x00B1,
    0x00B2, 0x00B3, 0x00B4, 0x00B5, 0x00B6, 0x00B7, 0x00B8, 0x00B9, 0x00BA, 0x00BB, 0x00BC, 0x00BD,
    0x00BE, 0x00BF, 0x00C0, 0x00C1, 0x00C2, 0x00C3, 0x00C4, 0x00C5, 0x00C6, 0x00C7, 0x00C8, 0x00C9,
    0x00CA, 0x00CB, 0x00CC, 0x00CD, 0x00CE, 0x00CF, 0x00D0, 0x00D1, 0x00D2, 0x00D3, 0x00D4, 0x00D5,
    0x00D6, 0x00D7, 0x00D8, 0x00D9, 0x00DA, 0x00DB, 0x00DC, 0x00DD, 0x00DE, 0x00DF, 0x00E0, 0x00E1,
    0x00E2, 0x00E3, 0x00E4, 0x00E5, 0x00E6, 0x00E7, 0x00E8, 0x00E9, 0x00EA, 0x00EB, 0x00EC, 0x00ED,
    0x00EE, 0x00EF, 0x00F0, 0x00F1, 0x00F2, 0x00F3, 0x00F4, 0x00F5, 0x00F6, 0x00F7, 0x00F8, 0x00F9,
    0x00FA, 0x00FB, 0x00FC, 0x00FD, 0x00FE, 0x00FF, 0x0100, 0x0101, 0x0102, 0x0103, 0x0104, 0x0105,
    0x0106, 0x0107, 0x0108, 0x0109, 0x010A, 0x010B, 0x010C, 0x010D, 0x010E, 0x010F, 0x0110, 0x0111,
    0x0112, 0x0113, 0x0114, 0x0115, 0x0116, 0x0117, 0x0118, 0x0119, 0x011A, 0x011B, 0x011C, 0x011D,
    0x011E, 0x011F, 0x0120, 0x0121, 0x0122, 0x0123, 0x0124, 0x0125, 0x0126, 0x0127, 0x0128, 0x0129,
    0x012A, 0x012B, 0x012C, 0x012D, 0x012E, 0x012F, 0x0130, 0x0131, 0x0132, 0x0133, 0x0134, 0x0135,
    0x0136, 0x0137, 0x0138, 0x0139, 0x013A, 0x013B, 0x013C, 0x013D, 0x013E, 0x013F, 0x0140, 0x0141,
    0x0142, 0x0143, 0x0144, 0x0145, 0x0146, 0x0147, 0x0148, 0x0149, 0x014A, 0x014B, 0x014C, 0x014D,
    0x014E, 0x014F, 0x0150, 0x0151, 0x0152, 0x0153, 0x0154, 0x0155, 0x0156, 0x0157, 0x0158, 0x0159,
    0x015A, 0x015B, 0x015C, 0x015D, 0x015E, 0x015F, 0x0160, 0x0161, 0x0162, 0x0163, 0x0164, 0x0165,
    0x0166, 0x0167, 0x0168, 0x0169, 0x016A, 0x0569, 0x0568, 0x0567, 0x0566, 0x0565, 0x016B, 0x016C,
    0x016D, 0x016E, 0x016F, 0x0170, 0x0171, 0x0172, 0x0173, 0x0174, 0x0175, 0x0176, 0x0177, 0x0178,
    0x0179, 0x017A, 0x0002, 0x0002, 0x0002, 0x0002, 0x0002, 0x0002, 0x0002, 0x0002, 0x017B, 0x0002,
    0x0002, 0x0002, 0x0002, 0x0002, 0x0002, 0x0002, 0x057A, 0x0579, 0x0578, 0x0577, 0x0576, 0x0575,
    0x0574, 0x0573, 0x0572, 0x0571, 0x0570, 0x056F, 0x056E, 0x056D, 0x056C, 0x056B, 0x017C, 0x017D,
    0x017E, 0x017F, 0x0180, 0x0181, 0x0182, 0x0183, 0x0184, 0x0185, 0x0186, 0x0187, 0x0188, 0x0189,
    0x018A, 0x018B, 0x018C, 0x018D, 0x0002, 0x018E, 0x018F, 0x0190, 0x0002, 0x0002, 0x0002, 0x0002,
    0x0002, 0x0002, 0x0002, 0x0002, 0x0002, 0x0002, 0x0191, 0x0192, 0x0193, 0x0194, 0x0195, 0x0196,
    0x0197, 0x0198, 0x0199, 0x0002, 0x0002, 0x019A, 0x0002, 0x0002, 0x0002, 0x0002, 0x0002, 0x0002,
    0x0002, 0x019B, 0x019C, 0x019D, 0x0002, 0x058D, 0x058C, 0x058B, 0x058A, 0x0589, 0x0588, 0x0587,
    0x0586, 0x0585, 0x0002, 0x0002, 0x0002, 0x0002, 0x0002, 0x0002, 0x0002, 0x0002, 0x0002, 0x0002,
    0x0002, 0x019E, 0x0002, 0x0002, 0x0002, 0x0002, 0x0002, 0x0002, 0x0002, 0x019F, 0x01A0, 0x01A1,
    0x0002, 0x0002, 0x0002, 0x0002, 0x0002, 0x0002, 0x0002, 0x0002, 0x0002, 0x0002, 0x0002, 0x0002,
    0x0002, 0x0002, 0x0002, 0x0002, 0x0002, 0x0002, 0x0002, 0x0002, 0x01A2, 0x01A3, 0x01A4, 0x01A5,
    0x0002, 0x0002, 0x0002, 0x0002, 0x01A6, 0x01A7, 0x0002, 0x0002, 0x0002, 0x0002, 0x0002, 0x0002,
    0x0002, 0x0002, 0x01A8, 0x01A9, 0x01AA, 0x01AB, 0x0002, 0x0002, 0x0002, 0x0002, 0x0002, 0x0002,
    0x0002, 0x0002, 0x0002, 0x0002, 0x01AC, 0x01AD, 0x01AE, 0x01AF, 0x01B0, 0x01B1, 0x01B2, 0x01B3,
    0x01B4, 0x01B5, 0x01B6, 0x01B7, 0x01B8, 0x01B9, 0x0002, 0x0002, 0x0002, 0x0002, 0x01BA, 0x01BB,
    0x01BC, 0x01BD, 0x01BE, 0x01BF, 0x0002, 0x01C0, 0x01C1, 0x01C2, 0x01C3, 0x01C4, 0x01C5, 0x01C6,
    0x01C7, 0x01C8, 0x0002, 0x0002, 0x01C9, 0x01CA, 0x01CB, 0x01CA, 0x01CC, 0x01CD, 0x01CE, 0x01CF,
    0x01D0, 0x01D1, 0x01D2, 0x01D3, 0x01D4, 0x01D5, 0x01D6, 0x01D7, 0x01D8, 0x01D9, 0x01DA, 0x01DB,
    0x0002, 0x01DC, 0x01DD, 0x01DE, 0x01DF, 0x01E0, 0x01E1, 0x01E2, 0x01E3, 0x01E4, 0x01E5, 0x01E6,
    0x01E7, 0x01E8, 0x01E9, 0x01E8, 0x01EA, 0x01EB, 0x01EC, 0x01ED, 0x01EE, 0x01EF, 0x01F0, 0x01F1,
    0x01F2, 0x01F3, 0x01F4, 0x01F5, 0x01F6, 0x01F7, 0x0002, 0x0002, 0x0002, 0x0002, 0x0002, 0x0002,
    0x0002, 0x0002, 0x0002, 0x0002, 0x0002, 0x0002, 0x0002, 0x0002, 0x0002, 0x01F8, 0x01F9, 0x01FA,
    0x01FB, 0x0002, 0x0002, 0x0002, 0x0002, 0x0002, 0x01FC, 0x01FD, 0x01FE, 0x01FF, 0x0200, 0x0201,
    0x0202, 0x0002, 0x0002, 0x0002, 0x0002, 0x0002, 0x0002, 0x0002, 0x0002, 0x0002, 0x0002, 0x0002,
    0x0002, 0x0002, 0x0002, 0x0002, 0x0002, 0x0002, 0x0002, 0x0203, 0x0204, 0x0002, 0x0002, 0x0002,
    0x0002, 0x0002, 0x0205, 0x0206, 0x0207, 0x0208, 0x0209, 0x020A, 0x020B, 0x0002, 0x0002, 0x0002,
    0x0002, 0x0002, 0x0002, 0x0002, 0x0002, 0x0002, 0x0002, 0x0002, 0x0002, 0x0002, 0x0002, 0x0002,
    0x020C, 0x020D, 0x020E, 0x020F, 0x0210, 0x0211, 0x0212, 0x0213, 0x0002, 0x0002, 0x0002, 0x0214,
    0x0215, 0x0216, 0x0217, 0x0218, 0x0219, 0x0002, 0x0002, 0x0002, 0x0002, 0x0002, 0x0002, 0x0002,
    0x0002, 0x0002, 0x0002, 0x0002, 0x0002, 0x0002, 0x0002, 0x0002, 0x021A, 0x021B, 0x021C, 0x021D,
    0x021E, 0x021F, 0x0220, 0x0221, 0x0222, 0x0223, 0x0224, 0x0225, 0x0226, 0x0227, 0x0228, 0x0229,
    0x022A, 0x0002, 0x022B, 0x022C, 0x022D, 0x022E, 0x022F, 0x0230, 0x0231, 0x0232, 0x0233, 0x0002,
    0x0234, 0x0235, 0x0236, 0x0237, 0x0238, 0x0239, 0x023A, 0x023B, 0x023C, 0x023D, 0x023E, 0x023F,
    0x0240, 0x0241, 0x0242, 0x0243, 0x0244, 0x0245, 0x0246, 0x0247, 0x0248, 0x0249, 0x024A, 0x024B,
    0x024C, 0x024D, 0x024E, 0x024F, 0x0250, 0x0251, 0x0252, 0x0253, 0x0254, 0x0002, 0x0255, 0x0256,
    0x0257, 0x0258, 0x0259, 0x025A, 0x025B, 0x025C, 0x025D, 0x025E, 0x025F, 0x0260, 0x0261, 0x0262,
    0x0263, 0x0264, 0x0265, 0x0000, 0x0000, 0x0000, 0x0266, 0x0267, 0x0268, 0x0269, 0x026A, 0x026B,
    0x026C, 0x026D, 0x026E, 0x026F, 0x0270, 0x0271, 0x0272, 0x0273, 0x0274, 0x0275, 0x0276, 0x0277,
    0x0002, 0x0002, 0x0002, 0x0002, 0x0002, 0x0002, 0x0002, 0x0002, 0x0002, 0x0002, 0x0002, 0x0002,
    0x0002, 0x0002, 0x0278, 0x0279, 0x027A, 0x0002, 0x027B, 0x027C, 0x027D, 0x027E, 0x027F, 0x0280,
    0x0281, 0x0282, 0x0283, 0x0284, 0x0285, 0x0286, 0x0287, 0x0288, 0x0289, 0x028A, 0x028B, 0x028C,
    0x028D, 0x028E, 0x028F, 0x0290, 0x0291, 0x0292, 0x0293, 0x0294, 0x0295, 0x0296, 0x0297, 0x0298,
    0x0299, 0x029A, 0x029B, 0x029C, 0x029D, 0x0695, 0x029E, 0x029F, 0x02A0, 0x02A1, 0x02A2, 0x02A3,
    0x02A4, 0x02A5, 0x02A6, 0x02A7, 0x02A8, 0x02A9, 0x02AA, 0x02AB, 0x02AC, 0x02AD, 0x02AE, 0x02AF,
    0x02B0, 0x02B1, 0x02B2, 0x02B3, 0x02B4, 0x02B5, 0x02B6, 0x02B7, 0x02B8, 0x02B9, 0x02BA, 0x02BB,
    0x02BC, 0x02BD, 0x01B2, 0x01B3, 0x0002, 0x02BE, 0x02BF, 0x02C0, 0x02C1, 0x02C2, 0x02C3, 0x02C4,
    0x02C5, 0x02C6, 0x02C7, 0x02C8, 0x02C9, 0x02CA, 0x02CB, 0x02CC, 0x02CD, 0x02CE, 0x02CF, 0x02D0,
    0x02D1, 0x02D2, 0x02D3, 0x02D4, 0x02D5, 0x02D6, 0x02D7, 0x02D8, 0x02D9, 0x02DA, 0x02DB, 0x02DC,
    0x02DD, 0x02DE, 0x02DF, 0x02E0, 0x02E1, 0x02E2, 0x02E3, 0x02E4, 0x02E5, 0x02E6, 0x02E7, 0x02E8,
    0x02E9, 0x02EA, 0x02EB, 0x02EC, 0x02ED, 0x02EE, 0x02EF, 0x02F0, 0x02F1, 0x02F2, 0x02F3, 0x02F4,
    0x02F5, 0x02F6, 0x02F7, 0x02F8, 0x02F9, 0x02FA, 0x02FB, 0x02FC, 0x02FD, 0x02FE, 0x02FF, 0x0300,
    0x0301, 0x0302, 0x0303, 0x0304, 0x0305, 0x0306, 0x0307, 0x0308, 0x0309, 0x030A, 0x030B, 0x030C,
    0x030D, 0x030E, 0x0F0E, 0x0002, 0x0002, 0x0002, 0x0002, 0x0002, 0x0002, 0x0002, 0x0002, 0x0002,
    0x0002, 0x0002, 0x0002, 0x0002, 0x0002, 0x0002, 0x0002, 0x0002, 0x0002, 0x0002, 0x0002, 0x0002,
    0x0002, 0x0002, 0x0002, 0x0002, 0x0002, 0x0002, 0x0002, 0x0002, 0x0002, 0x0002, 0x0002, 0x0002,
    0x0002, 0x0002, 0x030F, 0x0310, 0x0311, 0x0312, 0x0313, 0x0314, 0x0315, 0x0316, 0x0317, 0x0318,
    0x0319, 0x031A, 0x031B, 0x031C, 0x031D, 0x031E, 0x031F, 0x0320, 0x0321, 0x0322, 0x0323, 0x0324,
    0x0325, 0x0326, 0x0327, 0x0002, 0x0002, 0x0002, 0x0002, 0x0002, 0x0002, 0x0002, 0x0328, 0x0329,
    0x032A, 0x032B, 0x032C, 0x032D, 0x032E, 0x032F, 0x0330, 0x0331, 0x0332, 0x0333, 0x0334, 0x0335,
    0x0336, 0x0337, 0x0338, 0x0339, 0x033A, 0x033B, 0x033C, 0x033D, 0x033E, 0x033F, 0x0340, 0x0341,
    0x0342, 0x0343, 0x0344, 0x0345, 0x0346, 0x0347, 0x0348, 0x0349, 0x034A, 0x034B, 0x034C, 0x034D,
    0x034E, 0x034F, 0x0350, 0x0351, 0x0352, 0x0353, 0x0354, 0x0355, 0x0356, 0x0357, 0x0358, 0x0359,
    0x035A, 0x035B, 0x035C, 0x035D, 0x035E, 0x035F, 0x0360, 0x0361, 0x0362, 0x0363, 0x0364, 0x0365,
    0x0366, 0x0367, 0x04DF, 0x04DE, 0x04DD, 0x04DC, 0x04DB, 0x04DA, 0x04D9, 0x04D8, 0x04D7, 0x04D6,
    0x04D5, 0x04D4, 0x04D3, 0x04D2, 0x04D1, 0x04D0, 0x04CF, 0x04CE, 0x04CD, 0x04CC, 0x04CB, 0x04CA,
    0x04C9, 0x04C8, 0x04C7, 0x04C6, 0x04C5, 0x04C4, 0x04C3, 0x04C2, 0x04C1, 0x04C0, 0x04FF, 0x04FE,
    0x04FD, 0x04FC, 0x04FB, 0x04FA, 0x04F9, 0x04F8, 0x04F7, 0x04F6, 0x04F5, 0x04F4, 0x04F3, 0x04F2,
    0x04F1, 0x04F0, 0x04EF, 0x04EE, 0x04ED, 0x04EC, 0x04EB, 0x04EA, 0x04E9, 0x04E8, 0x04E7, 0x04E6,
    0x04E5, 0x04E4, 0x04E3, 0x04E2, 0x04E1, 0x04E0, 0x0002, 0x0002, 0x0002, 0x0002, 0x0002, 0x0002,
    0x0002, 0x0518, 0x0517, 0x0516, 0x0515, 0x0514, 0x0513, 0x0512, 0x0511, 0x0510, 0x050F, 0x050E,
    0x050D, 0x050C, 0x050B, 0x050A, 0x0509, 0x0508, 0x0507, 0x0506, 0x0505, 0x0504, 0x0503, 0x0502,
    0x0501, 0x0500, 0x0002, 0x0002, 0x0002, 0x0002, 0x0002, 0x0002, 0x0002, 0x0538, 0x0537, 0x0536,
    0x0535, 0x0534, 0x0533, 0x0532, 0x0531, 0x0530, 0x052F, 0x052E, 0x052D, 0x052C, 0x052B, 0x052A,
    0x0529, 0x0528, 0x0527, 0x0526, 0x0525, 0x0524, 0x0523, 0x0522, 0x0521, 0x0520, 0x0000, 0x0001,
    0x0002, 0x0003, 0x0004, 0x0005, 0x0006, 0x0007, 0x0008, 0x0009, 0x000A, 0x000B, 0x000C, 0x000D,
    0x000E, 0x000F, 0x0010, 0x0011, 0x0012, 0x0013, 0x0014, 0x0015, 0x0016, 0x0017, 0x0018, 0x0019,
    0x001A, 0x001B, 0x001C, 0x001D, 0x001E, 0x001F, 0x0020, 0x0021, 0x0022, 0x0023, 0x0024, 0x0025,
    0x0026, 0x0027, 0x0028, 0x0029, 0x002A, 0x002B, 0x002C, 0x002D, 0x002E, 0x002F, 0x0030, 0x0031,
    0x0032, 0x0033, 0x0034, 0x0035, 0x0036, 0x0037, 0x0038, 0x0039, 0x003A, 0x003B, 0x003C, 0x003D,
    0x003E, 0x003F, 0x041F, 0x041E, 0x041D, 0x041C, 0x041B, 0x041A, 0x0419, 0x0418, 0x0417, 0x0416,
    0x0415, 0x0414, 0x0413, 0x0012, 0x0011, 0x0410, 0x000F, 0x040E, 0x000D, 0x040C, 0x040B, 0x040A,
    0x0409, 0x0408, 0x0407, 0x0406, 0x0405, 0x0404, 0x0403, 0x0002, 0x0401, 0x0000, 0x043F, 0x043E,
    0x043D, 0x043C, 0x043B, 0x043A, 0x0439, 0x0438, 0x0437, 0x0436, 0x0035, 0x0434, 0x0433, 0x0432,
    0x0031, 0x0430, 0x002F, 0x042E, 0x042D, 0x042C, 0x042B, 0x042A, 0x0429, 0x0428, 0x0427, 0x0426,
    0x0425, 0x0424, 0x0423, 0x0422, 0x0421, 0x0420, 0x0C3F, 0x0C3E, 0x0C3D, 0x0C3C, 0x0C3B, 0x0C3A,
    0x0C39, 0x0C38, 0x0C37, 0x0C36, 0x0835, 0x0C34, 0x0C33, 0x0C32, 0x0831, 0x0C30, 0x082F, 0x0C2E,
    0x0C2D, 0x0C2C, 0x0C2B, 0x0C2A, 0x0C29, 0x0C28, 0x0C27, 0x0C26, 0x0C25, 0x0C24, 0x0C23, 0x0C22,
    0x0C21, 0x0C20, 0x0C1F, 0x0C1E, 0x0C1D, 0x0C1C, 0x0C1B, 0x0C1A, 0x0C19, 0x0C18, 0x0C17, 0x0416,
    0x0415, 0x0414, 0x0C13, 0x0812, 0x0011, 0x0C10, 0x000F, 0x040E, 0x000D, 0x040C, 0x0C0B, 0x0C0A,
    0x0C09, 0x0C08, 0x0C07, 0x0C06, 0x0C05, 0x0C04, 0x0403, 0x0002, 0x0C01, 0x0000, 0x0820, 0x0821,
    0x0822, 0x0823, 0x0824, 0x0825, 0x0826, 0x0827, 0x0828, 0x0829, 0x082A, 0x082B, 0x082C, 0x082D,
    0x082E, 0x082F, 0x0830, 0x0831, 0x0832, 0x0833, 0x0834, 0x0835, 0x0836, 0x0837, 0x0838, 0x0839,
    0x083A, 0x083B, 0x083C, 0x083D, 0x083E, 0x083F, 0x0000, 0x0801, 0x0002, 0x0003, 0x0804, 0x0805,
    0x0806, 0x0807, 0x0808, 0x0809, 0x080A, 0x080B, 0x000C, 0x000D, 0x000E, 0x000F, 0x0810, 0x0011,
    0x0812, 0x0813, 0x0014, 0x0015, 0x0016, 0x0817, 0x0818, 0x0819, 0x081A, 0x081B, 0x081C, 0x081D,
    0x081E, 0x081F, 0x0002, 0x0002, 0x0002, 0x0002, 0x0002, 0x0002, 0x0002, 0x0002, 0x0002, 0x0002,
    0x0002, 0x0002, 0x0002, 0x0002, 0x0002, 0x0002, 0x0002, 0x0002, 0x0002, 0x0002, 0x0002, 0x0002,
    0x0002, 0x0002, 0x0002, 0x0002, 0x0002, 0x0002, 0x0002, 0x0002, 0x0002, 0x0002, 0x0002, 0x0002,
    0x0002, 0x0002, 0x0002, 0x0002, 0x0002, 0x0002, 0x0002, 0x0002, 0x0002, 0x0002, 0x0002, 0x0002,
    0x0002, 0x0002, 0x0002, 0x0002, 0x0002, 0x0002, 0x0002, 0x0002, 0x0002, 0x0002, 0x0002, 0x0002,
    0x0002, 0x0002, 0x0002, 0x0002, 0x0002, 0x0002, 0x0002, 0x0002, 0x0002, 0x0002, 0x0002, 0x0002,
    0x0002, 0x0002, 0x0002, 0x0002, 0x0002, 0x0002, 0x0002, 0x0002, 0x0002, 0x0002, 0x0002, 0x0002,
    0x0002, 0x0002, 0x0002, 0x0002, 0x0002, 0x0002, 0x0002, 0x0002, 0x0002, 0x0002, 0x0002, 0x0002,
    0x0002, 0x0002, 0x0002, 0x0002, 0x0002, 0x0002, 0x0002, 0x0002, 0x0002, 0x0002, 0x0002, 0x0002,
    0x0002, 0x0002, 0x0002, 0x0002, 0x0002, 0x0002, 0x0002, 0x0002, 0x0002, 0x0002, 0x0002, 0x0002,
    0x0002, 0x0002, 0x0002, 0x0002, 0x0002, 0x0002, 0x0002, 0x0002, 0x0002, 0x0002, 0x0002, 0x0002,
    0x0002, 0x0002, 0x0002, 0x0002, 0x0002, 0x0002, 0x0002, 0x0002, 0x0002, 0x0002, 0x0002, 0x0002,
    0x0002, 0x0002, 0x0002, 0x0002, 0x0002, 0x0002, 0x0002, 0x0002, 0x0002, 0x0002, 0x0002, 0x0002,
    0x0002, 0x0002, 0x0002, 0x0002, 0x0002, 0x0002, 0x0002, 0x0002, 0x0002, 0x0002, 0x0002, 0x0002,
    0x0002, 0x0002, 0x0002, 0x0002, 0x0002, 0x0002, 0x0002, 0x0002, 0x0002, 0x0002, 0x0002, 0x0002,
    0x0002, 0x0002, 0x0002, 0x0002, 0x0002, 0x0002, 0x0002, 0x0002, 0x0002, 0x0002, 0x0002, 0x0002,
    0x0002, 0x0002, 0x0002, 0x0002, 0x0002, 0x0002, 0x0002, 0x0002, 0x0002, 0x0002, 0x0002, 0x0002,
    0x0002, 0x0002, 0x0002, 0x0002, 0x0002, 0x0002, 0x0002, 0x0002, 0x0002, 0x0002, 0x0002, 0x0002,
    0x0002, 0x0002, 0x0002, 0x0002, 0x0002, 0x0002, 0x0002, 0x0002, 0x0002, 0x0002, 0x0002, 0x0002,
    0x0002, 0x0002, 0x0002, 0x0002, 0x0002, 0x0002, 0x0002, 0x0002, 0x0002, 0x0002, 0x0002, 0x0002,
    0x0002, 0x0002, 0x0002, 0x0002, 0x0002, 0x0002, 0x0002, 0x0002, 0x0002, 0x0002, 0x0002, 0x0002,
    0x0002, 0x0002, 0x0002, 0x0002, 0x0002, 0x0002, 0x0002, 0x0002, 0x0002, 0x0002, 0x0002, 0x0002,
    0x0002, 0x0002, 0x0002, 0x0002, 0x0002, 0x0002, 0x0002, 0x0002, 0x0002, 0x0002, 0x0002, 0x0002,
    0x0002, 0x0002, 0x0002, 0x0002, 0x0002, 0x0002, 0x0002, 0x0002, 0x0002, 0x0002, 0x0002, 0x0002,
    0x0002, 0x0002, 0x0002, 0x0002, 0x0002, 0x0002, 0x0002, 0x0002, 0x0002, 0x0002, 0x0002, 0x0002,
    0x0002, 0x0002, 0x0002, 0x0002, 0x0002, 0x0002, 0x0002, 0x0002, 0x0002, 0x0002, 0x0002, 0x0002,
    0x0002, 0x0002, 0x0002, 0x0002, 0x0002, 0x0002, 0x0002, 0x0002, 0x0002, 0x0002, 0x0002, 0x0002,
    0x0002, 0x0002, 0x0002, 0x0002, 0x0002, 0x0002, 0x0002, 0x0002, 0x0002, 0x0002, 0x0002, 0x0002,
    0x0002, 0x0002, 0x0002, 0x0002, 0x0002, 0x0002, 0x0002, 0x0002, 0x0002, 0x0002, 0x0002, 0x0002,
    0x0002, 0x0002, 0x0002, 0x0002, 0x0002, 0x0002, 0x0002, 0x0002, 0x0002, 0x0002, 0x0002, 0x0002,
    0x0002, 0x0002, 0x0002, 0x0002, 0x0002, 0x0002, 0x0002, 0x0002, 0x0002, 0x0002, 0x0002, 0x0002,
    0x0002, 0x0002, 0x0002, 0x0002, 0x0002, 0x0002, 0x0002, 0x0002, 0x0002, 0x0002, 0x0002, 0x0002,
    0x0002, 0x0002, 0x0002, 0x0002, 0x0002, 0x0002, 0x0002, 0x0002, 0x0002, 0x0002, 0x0002, 0x0002,
    0x0002, 0x0002, 0x0002, 0x0002, 0x0002, 0x0002, 0x0002, 0x0002, 0x0002, 0x0002, 0x0002, 0x0002,
    0x0002, 0x0002, 0x0002, 0x0002, 0x0002, 0x0002, 0x0002, 0x0002, 0x0002, 0x0002, 0x0002, 0x0002,
    0x0002, 0x0002, 0x0002, 0x0002, 0x0002, 0x0002, 0x0002, 0x0002, 0x0002, 0x0002, 0x0002, 0x0002,
    0x0002, 0x0002, 0x0002, 0x0002, 0x0002, 0x0002, 0x0002, 0x0002, 0x0002, 0x0002, 0x0002, 0x0002,
    0x0002, 0x0002, 0x0002, 0x0002, 0x0002, 0x0002, 0x0002, 0x0002, 0x0002, 0x0002, 0x0002, 0x0002,
    0x0002, 0x0002, 0x0002, 0x0002, 0x0002, 0x0002, 0x0002, 0x0002, 0x0002, 0x0002, 0x0002, 0x0002,
    0x0002, 0x0002, 0x0002, 0x0002, 0x0002, 0x0002, 0x0002, 0x0002, 0x0002, 0x0002, 0x0002, 0x0002,
    0x0002, 0x0002, 0x0002, 0x0002, 0x0002, 0x0002, 0x0002, 0x0002, 0x0002, 0x0002, 0x0002, 0x0002,
    0x0002, 0x0002, 0x0002, 0x0002, 0x0002, 0x0002, 0x0002, 0x0002, 0x0002, 0x0002, 0x0002, 0x0002,
    0x0002, 0x0002, 0x0002, 0x0002, 0x0002, 0x0002, 0x0002, 0x0002, 0x0002, 0x0002, 0x0800, 0x0000,
    0x7C1F, 0x7FFF, 0x0000, 0x7F7B, 0x3004, 0x16FF, 0x14BF, 0x7F13, 0x6D8A, 0x7E50, 0x1865, 0x370C,
    0x3188, 0x1DDF, 0x27BF, 0x3108, 0x3D4B, 0x2D6C, 0x41A9, 0x2E8A, 0x56F2, 0x2B4F, 0x32C9, 0x3627,
    0x4B92, 0x476D, 0x25B1, 0x29B0, 0x29C7, 0x6313, 0x3B2A, 0x2A67, 0x2806, 0x6405, 0x4801, 0x2527,
    0x5805, 0x4C03, 0x22CF, 0x25CA, 0x2A2B, 0x1F52, 0x3187, 0x1D27, 0x25A8, 0x2E2A, 0x18E7, 0x1908,
    0x1D2B, 0x2944, 0x66F9, 0x7B7C, 0x6AB5, 0x36C9, 0x2DA5, 0x7339, 0x5A51, 0x4E2F, 0x29CA, 0x5630,
    0x5E93, 0x5E72, 0x773A, 0x6674, 0x4E11, 0x16D0, 0x5610, 0x5A72, 0x49CD, 0x66D8, 0x5A74, 0x4B72,
    0x775A, 0x396A, 0x2084, 0x2D09, 0x24C5, 0x5ADA, 0x4E56, 0x5270, 0x0422, 0x5EB5, 0x398D, 0x0842,
    0x0421, 0x454B, 0x49D2, 0x49A7, 0x2A27, 0x29AE, 0x5339, 0x512A, 0x0401, 0x3653, 0x556E, 0x149B,
    0x4F5F, 0x256B, 0x55C8, 0x6293, 0x2CE6, 0x5E29, 0x6A4C, 0x0400, 0x514B, 0x0C42, 0x0C46, 0x0402,
    0x18EA, 0x5A53, 0x51CF, 0x0444, 0x1D0D, 0x55F1, 0x5DE9, 0x2CA5, 0x14A8, 0x1086, 0x3949, 0x3928,
    0x5E33, 0x7739, 0x10AA, 0x4A59, 0x4AFF, 0x4F3F, 0x7BFF, 0x6BBF, 0x0867, 0x5B9F, 0x3A5D, 0x577F,
    0x1177, 0x3EBD, 0x46BE, 0x1490, 0x2DBA, 0x2639, 0x7B7A, 0x537F, 0x365B, 0x25B5, 0x364A, 0x5B7F,
    0x637D, 0x575F, 0x3ABA, 0x4F3C, 0x4F5E, 0x52DC, 0x46FD, 0x533F, 0x535C, 0x5B7D, 0x3133, 0x2591,
    0x471B, 0x3D74, 0x11DB, 0x69D3, 0x2510, 0x5B3D, 0x531D, 0x2936, 0x739A, 0x6F18, 0x6232, 0x294A,
    0x146B, 0x3D0A, 0x5273, 0x00E3, 0x01A6, 0x1B3D, 0x2606, 0x7FBD, 0x5632, 0x38E4, 0x4146, 0x41A5,
    0x41C6, 0x7B7B, 0x3D8D, 0x0C62, 0x1C84, 0x0820, 0x434D, 0x735C, 0x20C2, 0x66D9, 0x7B5A, 0x478C,
    0x5A93, 0x0C41, 0x7B5B, 0x5E73, 0x2DB4, 0x375F, 0x26DD, 0x2B1F, 0x00C8, 0x0000, 0x0000, 0x0000,
    0x0000, 0x0000, 0x0000, 0x0000, 0x0000, 0x0000, 0x0000, 0x0000, 0x0000, 0x0000, 0x0000, 0x0000,
    0x0000, 0x0000, 0x0000, 0x0000, 0x0000, 0x0000, 0x0000, 0x0000, 0x0000, 0x0000, 0x0000, 0x0000,
    0x0000, 0x0000, 0x0000, 0x0000, 0x0000, 0x0000, 0x0201, 0x0403, 0x0605, 0x0807, 0x0B0B, 0x0B0B,
    0x0B0B, 0x0B0B, 0x0B0B, 0x0B0B, 0x0B0B, 0x0B0B, 0x0B0B, 0x0B0B, 0x0B0B, 0x0B0B, 0x0B0B, 0x0B0B,
    0x0B0B, 0x0B0B, 0x0B0B, 0x0B0B, 0x0B0B, 0x0B0B, 0x0B0B, 0x0B0B, 0x0B0B, 0x0B0B, 0x0B0B, 0x0B0B,
    0x0B0B, 0x0B0B, 0x0909, 0x0909, 0x0909, 0x0909, 0x0909, 0x0909, 0x0909, 0x0909, 0x0909, 0x0909,
    0x0909, 0x0909, 0x0909, 0x0909, 0x0909, 0x0909, 0x0909, 0x0909, 0x0909, 0x0909, 0x0909, 0x0909,
    0x0909, 0x0909, 0x0909, 0x0909, 0x0909, 0x0909, 0x0909, 0x0909, 0x0909, 0x0909, 0x0A00, 0x0109,
    0x0101, 0x0101, 0x0A00, 0x0109, 0x0101, 0x0101, 0x0A00, 0x0109, 0x0101, 0x0101, 0x0A00, 0x0109,
    0x0101, 0x0101, 0x0A00, 0x0109, 0x0101, 0x0101, 0x0A00, 0x0109, 0x0101, 0x0101, 0x0A00, 0x0109,
    0x0101, 0x0101, 0x0A00, 0x0109, 0x0101, 0x0101, 0x0A00, 0x0109, 0x0101, 0x0101, 0x0A00, 0x0109,
    0x0101, 0x0101, 0x0000, 0x090A, 0x0101, 0x0101, 0x0000, 0x090A, 0x0101, 0x0101, 0x0000, 0x0A00,
    0x0109, 0x0101, 0x0000, 0x0000, 0x090A, 0x0109, 0x0000, 0x0000, 0x0A00, 0x090A, 0x0000, 0x0000,
    0x0000, 0x0A00, 0x0101, 0x0101, 0x0101, 0x0101, 0x0A01, 0x0101, 0x0101, 0x0101, 0x0A01, 0x0101,
    0x0101, 0x0101, 0x0A01, 0x0101, 0x0101, 0x0101, 0x0A01, 0x0101, 0x0101, 0x0101, 0x0A01, 0x0101,
    0x0101, 0x0101, 0x0A09, 0x0909, 0x0909, 0x0909, 0x0A0A, 0x0A0A, 0x0A0A, 0x0A0A, 0x0A00, 0x0109,
    0x0101, 0x0101, 0x0A00, 0x0109, 0x0101, 0x0101, 0x0109, 0x0101, 0x0101, 0x0101, 0x090A, 0x0101,
    0x0101, 0x0101, 0x0A00, 0x0109, 0x0101, 0x0101, 0x0A00, 0x0109, 0x0101, 0x0101, 0x0A00, 0x0109,
    0x0101, 0x0101, 0x0A00, 0x0109, 0x0101, 0x0101, 0x0303, 0x0303, 0x0303, 0x0403, 0x0303, 0x0303,
    0x0303, 0x0404, 0x0303, 0x0303, 0x0303, 0x0404, 0x0303, 0x0303, 0x0403, 0x0404, 0x0303, 0x0303,
    0x0403, 0x0404, 0x0303, 0x0303, 0x0403, 0x0404, 0x0303, 0x0303, 0x0404, 0x0404, 0x0303, 0x0303,
    0x0404, 0x0404, 0x0303, 0x0303, 0x0303, 0x0303, 0x0303, 0x0303, 0x0303, 0x0303, 0x0303, 0x0303,
    0x0303, 0x0303, 0x0303, 0x0303, 0x0303, 0x0303, 0x0404, 0x0303, 0x0303, 0x0303, 0x0404, 0x0404,
    0x0304, 0x0303, 0x0404, 0x0404, 0x0404, 0x0304, 0x0404, 0x0404, 0x0404, 0x0404, 0x0B0B, 0x0B0B,
    0x0B0B, 0x0B0B, 0x180B, 0x0B0B, 0x0B0B, 0x0B0B, 0x0B0B, 0x0B0B, 0x0B0B, 0x0B0B, 0x0B0B, 0x0B0B,
    0x1818, 0x0B0B, 0x0B0B, 0x0B0B, 0x1818, 0x0B0B, 0x0B0B, 0x0B0B, 0x0B0B, 0x0B0B, 0x0B0B, 0x0B0B,
    0x0B0B, 0x0B0B, 0x0B0B, 0x180B, 0x0B0B, 0x0B0B, 0x0B0B, 0x0B0B, 0x0B0B, 0x0B0B, 0x0B0B, 0x190B,
    0x0B0B, 0x0B0B, 0x0B0B, 0x0B0B, 0x0B0B, 0x0B0B, 0x0B0B, 0x0B0B, 0x0B0B, 0x0B0B, 0x0B0B, 0x0B0B,
    0x190B, 0x0B19, 0x0B0B, 0x0B0B, 0x190B, 0x0B19, 0x1E1E, 0x0B0B, 0x0B0B, 0x0B0B, 0x1E1E, 0x0B0B,
    0x0B0B, 0x0B0B, 0x0C0B, 0x0C0C, 0x0C0C, 0x0C0C, 0x180B, 0x0C0C, 0x0C0C, 0x0C0C, 0x0C0B, 0x0C0C,
    0x0C0C, 0x0C0C, 0x0C0B, 0x0C0C, 0x0C0C, 0x0C0C, 0x0C0B, 0x0C0C, 0x0C0C, 0x0C0C, 0x0C0B, 0x0C0C,
    0x0C0C, 0x0C0C, 0x1E1E, 0x0C0C, 0x0C0C, 0x0C0C, 0x1F1E, 0x0C0C, 0x0C0C, 0x0C0C, 0x0A00, 0x0409,
    0x0404, 0x0404, 0x0A00, 0x0409, 0x0404, 0x0404, 0x0A00, 0x0409, 0x0404, 0x0404, 0x0A00, 0x0409,
    0x0404, 0x0404, 0x0A00, 0x0409, 0x0404, 0x0404, 0x0A00, 0x0409, 0x0404, 0x0404, 0x0A00, 0x0409,
    0x0404, 0x0404, 0x0A00, 0x0409, 0x0404, 0x0404, 0x0404, 0x0404, 0x0404, 0x0404, 0x0404, 0x0404,
    0x0404, 0x0404, 0x0404, 0x0404, 0x0404, 0x0404, 0x0404, 0x0404, 0x0404, 0x0404, 0x0404, 0x0404,
    0x0404, 0x0404, 0x0404, 0x0404, 0x0404, 0x0404, 0x0404, 0x0404, 0x0404, 0x0404, 0x0404, 0x0404,
    0x0404, 0x0404, 0x0A00, 0x0309, 0x0303, 0x0303, 0x0A00, 0x0309, 0x0303, 0x0303, 0x0A00, 0x0309,
    0x0303, 0x0303, 0x0A00, 0x0309, 0x0303, 0x0303, 0x0A00, 0x0309, 0x0303, 0x0303, 0x0A00, 0x0309,
    0x0303, 0x0303, 0x0A00, 0x0309, 0x0303, 0x0303, 0x0A00, 0x0309, 0x0303, 0x0303, 0x0303, 0x0303,
    0x0303, 0x0303, 0x0303, 0x0303, 0x0303, 0x0303, 0x0303, 0x0303, 0x0303, 0x0303, 0x0303, 0x0303,
    0x0303, 0x0303, 0x0303, 0x0303, 0x0303, 0x0303, 0x0303, 0x0303, 0x0303, 0x0303, 0x0303, 0x0303,
    0x0303, 0x0303, 0x0303, 0x0303, 0x0303, 0x0303, 0x0A00, 0x0109, 0x0101, 0x0101, 0x0A00, 0x0109,
    0x0101, 0x0101, 0x0A00, 0x0109, 0x0105, 0x0101, 0x0A00, 0x0109, 0x0101, 0x0101, 0x0A00, 0x0109,
    0x0105, 0x0105, 0x0A00, 0x0109, 0x0101, 0x0101, 0x0A00, 0x0109, 0x0101, 0x0101, 0x0A00, 0x0109,
    0x0101, 0x0101, 0x0101, 0x0101, 0x0101, 0x0101, 0x0101, 0x0101, 0x0101, 0x0101, 0x0101, 0x0101,
    0x0101, 0x0101, 0x0101, 0x0101, 0x0101, 0x0101, 0x0101, 0x0101, 0x0101, 0x0101, 0x0101, 0x0101,
    0x0101, 0x0101, 0x0101, 0x0101, 0x0101, 0x0101, 0x0101, 0x0101, 0x0101, 0x0101, 0x0303, 0x0303,
    0x0303, 0x0303, 0x0A0A, 0x0A0A, 0x0A0A, 0x0A0A, 0x050A, 0x0E0E, 0x0E0E, 0x0A05, 0x0E0A, 0x0E05,
    0x050E, 0x0A0E, 0x0E0A, 0x0505, 0x0505, 0x0A0E, 0x050A, 0x0E0E, 0x0E0E, 0x0A05, 0x0A0A, 0x0A0A,
    0x0A0A, 0x0A0A, 0x0303, 0x0303, 0x0303, 0x0303, 0x0505, 0x0505, 0x0505, 0x0505, 0x0505, 0x0505,
    0x0505, 0x0505, 0x0A05, 0x0505, 0x0505, 0x0505, 0x0A05, 0x0505, 0x0505, 0x0505, 0x0A05, 0x0505,
    0x0505, 0x0505, 0x0A05, 0x050A, 0x0505, 0x0505, 0x0505, 0x0505, 0x0505, 0x0505, 0x0505, 0x0505,
    0x0505, 0x0505, 0x0A03, 0x0E0D, 0x050E, 0x0505, 0x0A03, 0x0E0D, 0x050E, 0x0505, 0x0A03, 0x0E0D,
    0x050E, 0x0505, 0x0A03, 0x0E0D, 0x050E, 0x0505, 0x0A03, 0x0E0D, 0x050E, 0x0505, 0x0A03, 0x0E0D,
    0x050E, 0x0505, 0x0A03, 0x0E0D, 0x050E, 0x0505, 0x0A03, 0x0E0D, 0x050E, 0x0505, 0x0505, 0x0505,
    0x0D05, 0x030A, 0x0505, 0x0505, 0x0D05, 0x030A, 0x0505, 0x0505, 0x0D05, 0x030A, 0x0505, 0x0505,
    0x0D05, 0x030A, 0x0505, 0x0505, 0x0D05, 0x030A, 0x0505, 0x0505, 0x0D05, 0x030A, 0x0505, 0x0505,
    0x0D05, 0x030A, 0x0505, 0x0505, 0x0D05, 0x030A, 0x0A03, 0x0109, 0x0101, 0x0101, 0x0A03, 0x0109,
    0x0101, 0x0101, 0x0A03, 0x0109, 0x0101, 0x0101, 0x0A03, 0x0109, 0x0101, 0x0101, 0x0A03, 0x0109,
    0x0101, 0x0101, 0x0A03, 0x0109, 0x0101, 0x0101, 0x0A03, 0x0109, 0x0101, 0x0101, 0x0A03, 0x0109,
    0x0101, 0x0101, 0x0A0A, 0x0A0A, 0x0A0A, 0x0A0A, 0x0909, 0x0909, 0x0A09, 0x090A, 0x0303, 0x0303,
    0x090A, 0x0109, 0x0303, 0x0A03, 0x0109, 0x0101, 0x0303, 0x090A, 0x0101, 0x0101, 0x0303, 0x090A,
    0x0101, 0x0101, 0x0A03, 0x0109, 0x0101, 0x0101, 0x0A03, 0x0109, 0x0101, 0x0101, 0x0B0C, 0x0C0C,
    0x0C0C, 0x0C0B, 0x0C0C, 0x170C, 0x0C0C, 0x0B0B, 0x0C0B, 0x0C0C, 0x0C0C, 0x0B0C, 0x0B0B, 0x0C0C,
    0x0C0C, 0x0B0C, 0x0B0B, 0x0C0B, 0x100C, 0x0C10, 0x0B0B, 0x0C0B, 0x120C, 0x0C12, 0x1E1E, 0x0B0B,
    0x120C, 0x1112, 0x1E1E, 0x0B0B, 0x0C0C, 0x110C, 0x100F, 0x1110, 0x0B0F, 0x1111, 0x1011, 0x0F1A,
    0x110F, 0x0F11, 0x1B11, 0x0F0F, 0x0F0F, 0x0B0F, 0x1111, 0x0F10, 0x0F0F, 0x0B0B, 0x1A0F, 0x0F10,
    0x0B0F, 0x0B0B, 0x1B11, 0x0F11, 0x0B0B, 0x0B0B, 0x1010, 0x0F11, 0x0B0B, 0x0B0B, 0x1010, 0x0F0F,
    0x0B18, 0x0B0B, 0x0B0B, 0x0C0C, 0x0C0B, 0x0B0C, 0x0C0B, 0x170C, 0x0C0C, 0x0C0C, 0x0B0B, 0x0C0C,
    0x0C0C, 0x0C0C, 0x0C0B, 0x0C0C, 0x0C0C, 0x0C0C, 0x0C0B, 0x0C0C, 0x120C, 0x0C12, 0x0C0B, 0x0C0C,
    0x120C, 0x0C12, 0x1E1E, 0x0C0C, 0x0C0C, 0x0C0C, 0x1F1E, 0x0C0C, 0x0C0C, 0x0C0C, 0x1312, 0x1413,
    0x1313, 0x1314, 0x1513, 0x1315, 0x1515, 0x1513, 0x1312, 0x1C15, 0x1313, 0x1515, 0x1C13, 0x1313,
    0x1315, 0x1515, 0x1513, 0x161C, 0x1C15, 0x1315, 0x1513, 0x151C, 0x1C15, 0x1C13, 0x1312, 0x1313,
    0x1C13, 0x1C1C, 0x1513, 0x151C, 0x1C13, 0x1C13, 0x1312, 0x1513, 0x1315, 0x1313, 0x1513, 0x1315,
    0x1515, 0x1513, 0x1312, 0x1C15, 0x1313, 0x1515, 0x1C13, 0x1313, 0x1315, 0x1516, 0x1513, 0x151C,
    0x1C15, 0x1315, 0x1513, 0x151C, 0x1C15, 0x1C13, 0x1312, 0x1313, 0x1C13, 0x1C1C, 0x1513, 0x151C,
    0x1C13, 0x1C13, 0x1313, 0x1513, 0x1315, 0x1313, 0x1513, 0x1315, 0x1513, 0x1315, 0x1513, 0x1C13,
    0x1513, 0x131C, 0x131C, 0x1513, 0x1C15, 0x1315, 0x1513, 0x1513, 0x1316, 0x1315, 0x1515, 0x151C,
    0x1C13, 0x1413, 0x1515, 0x131C, 0x1513, 0x1315, 0x1315, 0x1513, 0x151C, 0x1C15, 0x0B0B, 0x0B0B,
    0x1616, 0x1717, 0x180B, 0x0B0B, 0x1616, 0x1717, 0x0B0B, 0x0B0B, 0x1616, 0x1717, 0x0B0B, 0x1D0B,
    0x161D, 0x1717, 0x0B0B, 0x1D0B, 0x161D, 0x1717, 0x0B0B, 0x0B0B, 0x1616, 0x1717, 0x0B0B, 0x0B0B,
    0x1616, 0x1717, 0x0B0B, 0x0B19, 0x1616, 0x1717, 0x0C0C, 0x0C0C, 0x0C0C, 0x0C0C, 0x0C0C, 0x120C,
    0x0C0C, 0x0C0C, 0x0C0C, 0x0C17, 0x0C0C, 0x0C0C, 0x0C0C, 0x0C0C, 0x0C0C, 0x0C0C, 0x0C0C, 0x0C0C,
    0x120C, 0x0C12, 0x0C0C, 0x0C0C, 0x120C, 0x0C12, 0x0C0C, 0x0C12, 0x0C0C, 0x0C0C, 0x0C0C, 0x0C0C,
    0x0C0C, 0x0C0C, 0x0000, 0x0000, 0x0000, 0x0A00, 0x0000, 0x0000, 0x0A00, 0x090A, 0x0000, 0x0000,
    0x090A, 0x2109, 0x0000, 0x0A00, 0x2409, 0x2424, 0x0000, 0x090A, 0x2424, 0x2424, 0x0000, 0x090A,
    0x2424, 0x2424, 0x0A00, 0x2509, 0x2525, 0x2525, 0x0A00, 0x2509, 0x2525, 0x2525, 0x0A0A, 0x0A0A,
    0x0A0A, 0x0A0A, 0x0A09, 0x0909, 0x0909, 0x0909, 0x0A21, 0x210A, 0x2121, 0x2121, 0x2424, 0x240A,
    0x2424, 0x2424, 0x0A24, 0x240A, 0x2424, 0x2424, 0x2424, 0x2424, 0x2424, 0x2424, 0x2525, 0x2525,
    0x2525, 0x2525, 0x2525, 0x2525, 0x2525, 0x2525, 0x0000, 0x0000, 0x0000, 0x0A00, 0x0000, 0x0000,
    0x0A00, 0x090A, 0x0000, 0x0000, 0x090A, 0x0309, 0x0000, 0x0A00, 0x0309, 0x0303, 0x0000, 0x090A,
    0x0303, 0x0303, 0x0000, 0x090A, 0x0303, 0x0303, 0x0A00, 0x0309, 0x0303, 0x0303, 0x0A00, 0x0309,
    0x0303, 0x0303, 0x0A0A, 0x0A0A, 0x0A0A, 0x0A0A, 0x0A09, 0x0909, 0x0909, 0x0909, 0x0A03, 0x0303,
    0x0303, 0x0303, 0x0A03, 0x0303, 0x0303, 0x0303, 0x0A03, 0x0303, 0x0303, 0x0303, 0x0A03, 0x0303,
    0x0303, 0x0303, 0x0303, 0x0303, 0x0303, 0x0303, 0x0303, 0x0303, 0x0303, 0x0303, 0x0000, 0x0000,
    0x0000, 0x0A00, 0x0000, 0x0000, 0x0A00, 0x090A, 0x0000, 0x0000, 0x090A, 0x0109, 0x0000, 0x0A00,
    0x0109, 0x0101, 0x0000, 0x090A, 0x0101, 0x0101, 0x0000, 0x090A, 0x0101, 0x0101, 0x0A00, 0x0109,
    0x0101, 0x010E, 0x0A00, 0x0109, 0x0101, 0x0101, 0x0A0A, 0x0A0A, 0x0A0A, 0x0A0A, 0x0909, 0x0909,
    0x0909, 0x0909, 0x0101, 0x0101, 0x0101, 0x0101, 0x0101, 0x0101, 0x0101, 0x0101, 0x0501, 0x0101,
    0x0101, 0x0101, 0x0101, 0x0101, 0x0101, 0x0101, 0x0501, 0x0101, 0x0101, 0x0101, 0x0101, 0x0101,
    0x0101, 0x0101, 0x0503, 0x0505, 0x0505, 0x0505, 0x0A0A, 0x0A0A, 0x0A0A, 0x0A0A, 0x050A, 0x0E0E,
    0x0E0E, 0x0A05, 0x0E0A, 0x0E05, 0x050E, 0x0A0E, 0x0E0A, 0x0505, 0x0505, 0x0A0E, 0x050A, 0x0E0E,
    0x0E0E, 0x0A05, 0x0A0A, 0x0A0A, 0x0A0A, 0x0A0A, 0x0503, 0x0505, 0x0505, 0x0505, 0x030A, 0x0303,
    0x0303, 0x0303, 0x0A0D, 0x030A, 0x0303, 0x0303, 0x0D05, 0x0A0D, 0x0303, 0x0303, 0x0505, 0x0D05,
    0x030A, 0x0303, 0x0505, 0x0505, 0x0A0D, 0x0303, 0x0505, 0x0505, 0x0A0D, 0x0303, 0x0505, 0x0505,
    0x0D05, 0x030A, 0x0505, 0x0505, 0x0D05, 0x030A, 0x0303, 0x0303, 0x0303, 0x0A03, 0x0303, 0x0303,
    0x0A03, 0x0D0A, 0x0303, 0x0303, 0x0D0A, 0x0E0D, 0x0303, 0x0A03, 0x010D, 0x0E01, 0x0303, 0x0D0A,
    0x0101, 0x0501, 0x0303, 0x0D0A, 0x0101, 0x0505, 0x0A03, 0x0E0D, 0x050E, 0x0505, 0x0A03, 0x0E0D,
    0x050E, 0x0505, 0x0A0A, 0x0A0A, 0x0A0A, 0x0A0A, 0x0D0A, 0x0D0D, 0x0D0D, 0x0D0D, 0x0E0A, 0x0E0E,
    0x0E0E, 0x0E0E, 0x0E0A, 0x0E0E, 0x0E0E, 0x0E0E, 0x050A, 0x0505, 0x0505, 0x0505, 0x050A, 0x0505,
    0x0505, 0x0505, 0x0505, 0x0505, 0x0505, 0x0505, 0x0505, 0x0505, 0x0505, 0x0505, 0x0303, 0x0303,
    0x0303, 0x0A03, 0x0303, 0x0303, 0x0A03, 0x090A, 0x0303, 0x0303, 0x090A, 0x0109, 0x0303, 0x0A03,
    0x0109, 0x0101, 0x0303, 0x090A, 0x0101, 0x0101, 0x0303, 0x090A, 0x0101, 0x0101, 0x0A03, 0x0109,
    0x0101, 0x0101, 0x0A03, 0x0109, 0x0101, 0x0101, 0x0A0A, 0x0A0A, 0x0A0A, 0x0A0A, 0x0909, 0x0909,
    0x0909, 0x0909, 0x0501, 0x0101, 0x0101, 0x0101, 0x0101, 0x0101, 0x0101, 0x0101, 0x0501, 0x0101,
    0x0101, 0x0101, 0x0101, 0x0101, 0x0101, 0x0101, 0x0101, 0x0101, 0x0101, 0x0101, 0x0101, 0x0101,
    0x0101, 0x0101, 0x0A00, 0x2009, 0x2020, 0x2020, 0x0A00, 0x0409, 0x0404, 0x0404, 0x0000, 0x090A,
    0x2222, 0x2222, 0x0000, 0x090A, 0x2222, 0x2222, 0x0000, 0x0A00, 0x2209, 0x2222, 0x0000, 0x0000,
    0x090A, 0x2209, 0x0000, 0x0000, 0x0A00, 0x090A, 0x0000, 0x0000, 0x0000, 0x0A00, 0x2020, 0x2020,
    0x2020, 0x2020, 0x0404, 0x0404, 0x0404, 0x0404, 0x2222, 0x2222, 0x2222, 0x2222, 0x0A0A, 0x0A0A,
    0x2222, 0x2222, 0x220A, 0x0A0A, 0x2222, 0x2222, 0x220A, 0x0A22, 0x2222, 0x2222, 0x0909, 0x0909,
    0x0909, 0x0909, 0x0A0A, 0x0A0A, 0x0A0A, 0x0A0A, 0x0000, 0x2121, 0x2121, 0x2121, 0x0000, 0x2100,
    0x2121, 0x2121, 0x0000, 0x0000, 0x2121, 0x2121, 0x0000, 0x0000, 0x0000, 0x0000, 0x0000, 0x0000,
    0x0000, 0x0000, 0x0000, 0x0000, 0x0000, 0x0000, 0x0000, 0x0000, 0x0000, 0x0000, 0x0000, 0x0000,
    0x0000, 0x0000, 0x2121, 0x2121, 0x2121, 0x2121, 0x2121, 0x2121, 0x2121, 0x2121, 0x2121, 0x2121,
    0x2121, 0x2121, 0x0000, 0x0000, 0x0000, 0x0000, 0x0000, 0x0000, 0x0000, 0x0000, 0x0000, 0x0000,
    0x0000, 0x0000, 0x0000, 0x0000, 0x0000, 0x0000, 0x0000, 0x0000, 0x0000, 0x0000, 0x0000, 0x0000,
    0x0000, 0x0000, 0x0000, 0x0000, 0x0000, 0x0000, 0x0000, 0x0000, 0x0000, 0x0A00, 0x0000, 0x0000,
    0x0A00, 0x090A, 0x0000, 0x0000, 0x090A, 0x0109, 0x0000, 0x0A00, 0x0109, 0x0101, 0x0000, 0x090A,
    0x0101, 0x0101, 0x0000, 0x090A, 0x0101, 0x0101, 0x0000, 0x0000, 0x0000, 0x0000, 0x0000, 0x0000,
    0x0000, 0x0000, 0x0A0A, 0x0A0A, 0x0A0A, 0x0A0A, 0x0909, 0x0909, 0x0909, 0x0909, 0x0101, 0x0101,
    0x0101, 0x0101, 0x0101, 0x0101, 0x0101, 0x0101, 0x0101, 0x0101, 0x0101, 0x0101, 0x0101, 0x0101,
    0x0101, 0x0101, 0x0505, 0x0505, 0x0505, 0x0A05, 0x0505, 0x0505, 0x0505, 0x0E0A, 0x0505, 0x0505,
    0x0A0A, 0x0E05, 0x0505, 0x0505, 0x0E05, 0x0E0E, 0x0505, 0x0505, 0x050A, 0x0505, 0x0505, 0x0505,
    0x0A05, 0x0505, 0x0505, 0x0505, 0x0A05, 0x0A05, 0x0505, 0x0505, 0x0A05, 0x050A, 0x0A0A, 0x050D,
    0x0505, 0x0505, 0x060A, 0x0A0A, 0x050D, 0x0505, 0x0D0A, 0x060D, 0x0A0A, 0x050D, 0x0D0A, 0x0D0D,
    0x060D, 0x050A, 0x0D0A, 0x060D, 0x0A0A, 0x050D, 0x060A, 0x0A0A, 0x050D, 0x0505, 0x0A0A, 0x050D,
    0x0505, 0x0505, 0x0505, 0x0505, 0x0505, 0x0505, 0x0A03, 0x050D, 0x0505, 0x0505, 0x0A03, 0x050D,
    0x0505, 0x0505, 0x0303, 0x0D0A, 0x0505, 0x0505, 0x0303, 0x0D0A, 0x0505, 0x0505, 0x0503, 0x0A03,
    0x050D, 0x0505, 0x0303, 0x0303, 0x0D0A, 0x050D, 0x0303, 0x0305, 0x0A03, 0x0D0A, 0x0303, 0x0303,
    0x0303, 0x0A03, 0x0505, 0x0505, 0x0505, 0x0505, 0x0505, 0x0505, 0x0505, 0x0505, 0x0505, 0x0505,
    0x0505, 0x0505, 0x0505, 0x0505, 0x0505, 0x0505, 0x0505, 0x0505, 0x0505, 0x0505, 0x0505, 0x0505,
    0x0505, 0x0505, 0x0D0D, 0x0D0D, 0x0D0D, 0x0D0D, 0x0A0A, 0x0A0A, 0x0A0A, 0x0A0A, 0x0A0A, 0x0A0A,
    0x0A0A, 0x0A0A, 0x0909, 0x0909, 0x0A09, 0x0D0A, 0x0303, 0x0303, 0x0D0A, 0x0E0D, 0x0303, 0x0A03,
    0x010D, 0x0E01, 0x0303, 0x0D0A, 0x0101, 0x0501, 0x0303, 0x0D0A, 0x0101, 0x0505, 0x0A03, 0x0E0D,
    0x050E, 0x0505, 0x0A03, 0x0E0D, 0x050E, 0x0505, 0x0A0A, 0x0A0A, 0x0A0A, 0x0A0A, 0x0A0D, 0x090A,
    0x0909, 0x0909, 0x0D05, 0x0A0D, 0x0303, 0x0303, 0x0505, 0x0D05, 0x030A, 0x0303, 0x0505, 0x0505,
    0x0A0D, 0x0303, 0x0505, 0x0505, 0x0A0D, 0x0303, 0x0505, 0x0505, 0x0D05, 0x030A, 0x0505, 0x0505,
    0x0D05, 0x030A, 0x0B0B, 0x0B0B, 0x0C0C, 0x0F0C, 0x180B, 0x0B0B, 0x0C0C, 0x0F0C, 0x0B0B, 0x0B0B,
    0x0C0B, 0x110F, 0x0B0B, 0x0B0B, 0x1212, 0x110F, 0x0B0B, 0x0B0B, 0x1218, 0x110F, 0x0B0B, 0x0B0B,
    0x0C0B, 0x110F, 0x0B0B, 0x0B0B, 0x0B0B, 0x0F0F, 0x0B0B, 0x180B, 0x0B0B, 0x0F0B, 0x1010, 0x110F,
    0x0B0B, 0x0B0B, 0x1110, 0x110F, 0x0B0B, 0x0B0B, 0x1110, 0x0B0F, 0x0B0B, 0x0B0B, 0x1111, 0x0B0F,
    0x0B0B, 0x0B0B, 0x0F0F, 0x0B0F, 0x190B, 0x0B19, 0x0F11, 0x0B0F, 0x190B, 0x0B19, 0x0F0F, 0x0B0F,
    0x0B0B, 0x0B0B, 0x0F0F, 0x0B0B, 0x0B0B, 0x0B0B, 0x0C0B, 0x0C0C, 0x0C0C, 0x0C0C, 0x170B, 0x0C0C,
    0x0C0C, 0x0C0C, 0x0C0B, 0x0C0C, 0x0C0C, 0x0C0C, 0x0C0B, 0x0C0C, 0x1212, 0x0C0C, 0x0C0B, 0x0C0C,
    0x1212, 0x0C0C, 0x0B0B, 0x0C0B, 0x0C0C, 0x0C0C, 0x0B0B, 0x0B0B, 0x0C0B, 0x0C0C, 0x0B0B, 0x180B,
    0x0B0B, 0x0C0B, 0x1513, 0x151C, 0x1C15, 0x1315, 0x1312, 0x131C, 0x1315, 0x1515, 0x231C, 0x131C,
    0x1C13, 0x1515, 0x1C15, 0x1515, 0x1313, 0x151C, 0x1315, 0x1515, 0x1513, 0x1313, 0x1C13, 0x1513,
    0x151C, 0x1C16, 0x1515, 0x1313, 0x151C, 0x1C15, 0x1515, 0x151C, 0x1313, 0x1C15, 0x1513, 0x151C,
    0x1C15, 0x1315, 0x1312, 0x131C, 0x1315, 0x1515, 0x231C, 0x131C, 0x1C13, 0x1615, 0x1C23, 0x1C13,
    0x2313, 0x1C15, 0x1323, 0x2313, 0x1C1C, 0x2313, 0x131C, 0x2313, 0x1C13, 0x2323, 0x1C1C, 0x2313,
    0x1C13, 0x1C23, 0x1C23, 0x231C, 0x2323, 0x231C, 0x1C13, 0x1515, 0x131C, 0x1513, 0x131C, 0x1315,
    0x1513, 0x1513, 0x231C, 0x1C13, 0x1516, 0x1513, 0x151C, 0x1323, 0x131C, 0x1513, 0x1515, 0x1323,
    0x1C13, 0x131C, 0x1313, 0x131C, 0x1C13, 0x1C23, 0x1C13, 0x1C23, 0x1313, 0x1C23, 0x1C1C, 0x1C23,
    0x1C1C, 0x141C, 0x0B0B, 0x0B0B, 0x1616, 0x1717, 0x180B, 0x0B0B, 0x1616, 0x1717, 0x0B0B, 0x0B0B,
    0x160B, 0x1717, 0x0B0B, 0x0B0B, 0x1818, 0x170B, 0x0B0B, 0x0B0B, 0x1818, 0x0B0B, 0x0B0B, 0x0B0B,
    0x0B0B, 0x0B0B, 0x0B0B, 0x0B0B, 0x0B0B, 0x0B0B, 0x0B0B, 0x180B, 0x0B0B, 0x0B0B, 0x0C0C, 0x0C0C,
    0x0C0C, 0x0C0C, 0x0C0C, 0x120C, 0x0C0C, 0x0C0C, 0x0C0C, 0x0C17, 0x0C0C, 0x0C0C, 0x0C0C, 0x0C0C,
    0x0C0C, 0x0C0C, 0x0C0B, 0x0C0C, 0x120C, 0x0C12, 0x0B0B, 0x0C0B, 0x120C, 0x0C12, 0x1E1E, 0x0B0B,
    0x0C0B, 0x0C0C, 0x1E1E, 0x0B0B, 0x0B0B, 0x0C0B, 0x0101, 0x0101, 0x0101, 0x0101, 0x0101, 0x0101,
    0x0101, 0x0101, 0x0101, 0x0101, 0x0101, 0x0101, 0x0102, 0x0101, 0x0101, 0x0201, 0x0101, 0x0101,
    0x0101, 0x0101, 0x0101, 0x0101, 0x0101, 0x0101, 0x0101, 0x0101, 0x0101, 0x0101, 0x0101, 0x0101,
    0x0101, 0x0101, 0x0101, 0x0201, 0x0101, 0x0101, 0x0101, 0x0201, 0x0101, 0x0101, 0x0101, 0x0201,
    0x0101, 0x0101, 0x0101, 0x0201, 0x0101, 0x0101, 0x0101, 0x0201, 0x0101, 0x0101, 0x0101, 0x0101,
    0x0101, 0x0101, 0x0101, 0x0201, 0x0101, 0x0101, 0x0101, 0x0101, 0x0101, 0x0101, 0x0101, 0x0102,
    0x0201, 0x0101, 0x0101, 0x0102, 0x0201, 0x0101, 0x0101, 0x0102, 0x0201, 0x0101, 0x0101, 0x0101,
    0x0101, 0x0101, 0x0101, 0x0101, 0x0101, 0x0101, 0x0101, 0x0101, 0x0101, 0x0101, 0x0101, 0x0101,
    0x0101, 0x0101, 0x0101, 0x0101, 0x0101, 0x0101, 0x0101, 0x0102, 0x0201, 0x0101, 0x0101, 0x0102,
    0x0201, 0x0101, 0x0201, 0x0202, 0x0202, 0x0102, 0x0101, 0x0102, 0x0201, 0x0101, 0x0201, 0x0202,
    0x0202, 0x0102, 0x0101, 0x0102, 0x0201, 0x0101, 0x0101, 0x0102, 0x0201, 0x0101, 0x0101, 0x0101,
    0x0101, 0x0101, 0x0101, 0x0201, 0x0102, 0x0101, 0x0101, 0x0202, 0x0202, 0x0102, 0x0201, 0x0101,
    0x0101, 0x0101, 0x0101, 0x0202, 0x0202, 0x0101, 0x0101, 0x0101, 0x0101, 0x0102, 0x0201, 0x0202,
    0x0202, 0x0101, 0x0101, 0x0201, 0x0102, 0x0101, 0x0101, 0x0101, 0x0101, 0x0101, 0x0101, 0x0101,
    0x0101, 0x0101, 0x0201, 0x0102, 0x0101, 0x0102, 0x0201, 0x0102, 0x0201, 0x0101, 0x0101, 0x0101,
    0x0102, 0x0101, 0x0101, 0x0201, 0x0101, 0x0101, 0x0101, 0x0102, 0x0201, 0x0102, 0x0201, 0x0101,
    0x0201, 0x0102, 0x0101, 0x0101, 0x0101, 0x0101, 0x0101, 0x0202, 0x0101, 0x0101, 0x0201, 0x0101,
    0x0102, 0x0101, 0x0101, 0x0202, 0x0101, 0x0101, 0x0201, 0x0201, 0x0201, 0x0102, 0x0102, 0x0101,
    0x0102, 0x0101, 0x0102, 0x0101, 0x0102, 0x0101, 0x0201, 0x0202, 0x0201, 0x0102, 0x0101, 0x0101,
    0x0101, 0x0101, 0x0101, 0x0201, 0x0101, 0x0101, 0x0101, 0x0201, 0x0101, 0x0101, 0x0101, 0x0102,
    0x0101, 0x0101, 0x0101, 0x0101, 0x0101, 0x0101, 0x0101, 0x0101, 0x0101, 0x0101, 0x0101, 0x0101,
    0x0101, 0x0101, 0x0101, 0x0101, 0x0101, 0x0101, 0x0101, 0x0101, 0x0101, 0x0101, 0x0101, 0x0201,
    0x0101, 0x0101, 0x0101, 0x0102, 0x0101, 0x0101, 0x0201, 0x0101, 0x0101, 0x0101, 0x0201, 0x0101,
    0x0101, 0x0101, 0x0201, 0x0101, 0x0101, 0x0101, 0x0101, 0x0102, 0x0101, 0x0101, 0x0101, 0x0201,
    0x0101, 0x0101, 0x0101, 0x0101, 0x0101, 0x0101, 0x0101, 0x0102, 0x0101, 0x0101, 0x0101, 0x0201,
    0x0101, 0x0101, 0x0101, 0x0101, 0x0102, 0x0101, 0x0101, 0x0101, 0x0102, 0x0101, 0x0101, 0x0101,
    0x0102, 0x0101, 0x0101, 0x0201, 0x0101, 0x0101, 0x0101, 0x0102, 0x0101, 0x0101, 0x0101, 0x0101,
    0x0101, 0x0101, 0x0101, 0x0101, 0x0101, 0x0101, 0x0201, 0x0101, 0x0201, 0x0101, 0x0101, 0x0202,
    0x0102, 0x0101, 0x0202, 0x0202, 0x0202, 0x0102, 0x0101, 0x0202, 0x0102, 0x0101, 0x0201, 0x0101,
    0x0201, 0x0101, 0x0101, 0x0101, 0x0101, 0x0101, 0x0101, 0x0101, 0x0101, 0x0101, 0x0101, 0x0101,
    0x0101, 0x0101, 0x0101, 0x0201, 0x0101, 0x0101, 0x0101, 0x0201, 0x0101, 0x0101, 0x0201, 0x0202,
    0x0202, 0x0101, 0x0101, 0x0201, 0x0101, 0x0101, 0x0101, 0x0201, 0x0101, 0x0101, 0x0101, 0x0101,
    0x0101, 0x0101, 0x0101, 0x0101, 0x0101, 0x0101, 0x0101, 0x0101, 0x0101, 0x0101, 0x0101, 0x0101,
    0x0101, 0x0101, 0x0101, 0x0101, 0x0101, 0x0101, 0x0101, 0x0101, 0x0101, 0x0101, 0x0101, 0x0101,
    0x0101, 0x0101, 0x0101, 0x0201, 0x0101, 0x0101, 0x0101, 0x0201, 0x0101, 0x0101, 0x0101, 0x0102,
    0x0101, 0x0101, 0x0101, 0x0101, 0x0101, 0x0101, 0x0101, 0x0101, 0x0101, 0x0101, 0x0101, 0x0101,
    0x0101, 0x0101, 0x0201, 0x0202, 0x0202, 0x0102, 0x0101, 0x0101, 0x0101, 0x0101, 0x0101, 0x0101,
    0x0101, 0x0101, 0x0101, 0x0101, 0x0101, 0x0101, 0x0101, 0x0101, 0x0101, 0x0101, 0x0101, 0x0101,
    0x0101, 0x0101, 0x0101, 0x0101, 0x0101, 0x0101, 0x0101, 0x0101, 0x0101, 0x0101, 0x0101, 0x0101,
    0x0101, 0x0101, 0x0101, 0x0101, 0x0101, 0x0101, 0x0101, 0x0201, 0x0101, 0x0101, 0x0101, 0x0201,
    0x0101, 0x0101, 0x0101, 0x0101, 0x0101, 0x0101, 0x0102, 0x0101, 0x0101, 0x0201, 0x0101, 0x0101,
    0x0101, 0x0101, 0x0101, 0x0101, 0x0101, 0x0101, 0x0101, 0x0101, 0x0101, 0x0101, 0x0101, 0x0101,
    0x0101, 0x0101, 0x0101, 0x0101, 0x0101, 0x0101, 0x0101, 0x0101, 0x0101, 0x0101, 0x0101, 0x0101,
    0x0101, 0x0101, 0x0101, 0x0202, 0x0202, 0x0101, 0x0201, 0x0101, 0x0101, 0x0102, 0x0201, 0x0101,
    0x0101, 0x0102, 0x0201, 0x0201, 0x0102, 0x0102, 0x0201, 0x0101, 0x0101, 0x0102, 0x0201, 0x0101,
    0x0101, 0x0102, 0x0101, 0x0202, 0x0202, 0x0101, 0x0101, 0x0101, 0x0101, 0x0101, 0x0101, 0x0201,
    0x0101, 0x0101, 0x0101, 0x0202, 0x0101, 0x0101, 0x0201, 0x0201, 0x0101, 0x0101, 0x0101, 0x0201,
    0x0101, 0x0101, 0x0101, 0x0201, 0x0101, 0x0101, 0x0101, 0x0201, 0x0101, 0x0101, 0x0201, 0x0202,
    0x0202, 0x0101, 0x0101, 0x0101, 0x0101, 0x0101, 0x0101, 0x0202, 0x0202, 0x0101, 0x0201, 0x0101,
    0x0101, 0x0102, 0x0101, 0x0101, 0x0101, 0x0102, 0x0101, 0x0101, 0x0202, 0x0101, 0x0101, 0x0202,
    0x0101, 0x0101, 0x0201, 0x0101, 0x0101, 0x0102, 0x0201, 0x0202, 0x0202, 0x0102, 0x0101, 0x0101,
    0x0101, 0x0101, 0x0101, 0x0202, 0x0202, 0x0101, 0x0201, 0x0101, 0x0101, 0x0102, 0x0101, 0x0101,
    0x0101, 0x0102, 0x0101, 0x0201, 0x0202, 0x0101, 0x0101, 0x0101, 0x0101, 0x0102, 0x0201, 0x0101,
    0x0101, 0x0102, 0x0101, 0x0202, 0x0202, 0x0101, 0x0101, 0x0101, 0x0101, 0x0101, 0x0101, 0x0101,
    0x0102, 0x0101, 0x0101, 0x0201, 0x0102, 0x0101, 0x0101, 0x0102, 0x0102, 0x0101, 0x0201, 0x0101,
    0x0102, 0x0101, 0x0202, 0x0202, 0x0202, 0x0102, 0x0101, 0x0101, 0x0102, 0x0101, 0x0101, 0x0201,
    0x0202, 0x0101, 0x0101, 0x0101, 0x0101, 0x0101, 0x0201, 0x0202, 0x0202, 0x0102, 0x0201, 0x0101,
    0x0101, 0x0101, 0x0201, 0x0202, 0x0202, 0x0101, 0x0101, 0x0101, 0x0101, 0x0102, 0x0101, 0x0101,
    0x0101, 0x0102, 0x0201, 0x0101, 0x0101, 0x0102, 0x0101, 0x0202, 0x0202, 0x0101, 0x0101, 0x0101,
    0x0101, 0x0101, 0x0101, 0x0201, 0x0202, 0x0101, 0x0101, 0x0102, 0x0101, 0x0101, 0x0201, 0x0101,
    0x0101, 0x0101, 0x0201, 0x0202, 0x0202, 0x0101, 0x0201, 0x0101, 0x0101, 0x0102, 0x0201, 0x0101,
    0x0101, 0x0102, 0x0101, 0x0202, 0x0202, 0x0101, 0x0101, 0x0101, 0x0101, 0x0101, 0x0201, 0x0202,
    0x0202, 0x0102, 0x0201, 0x0101, 0x0101, 0x0102, 0x0101, 0x0101, 0x0201, 0x0101, 0x0101, 0x0101,
    0x0102, 0x0101, 0x0101, 0x0201, 0x0101, 0x0101, 0x0101, 0x0201, 0x0101, 0x0101, 0x0101, 0x0201,
    0x0101, 0x0101, 0x0101, 0x0101, 0x0101, 0x0101, 0x0101, 0x0202, 0x0202, 0x0101, 0x0201, 0x0101,
    0x0101, 0x0102, 0x0201, 0x0101, 0x0101, 0x0102, 0x0101, 0x0202, 0x0202, 0x0101, 0x0201, 0x0101,
    0x0101, 0x0102, 0x0201, 0x0101, 0x0101, 0x0102, 0x0101, 0x0202, 0x0202, 0x0101, 0x0101, 0x0101,
    0x0101, 0x0101, 0x0101, 0x0202, 0x0202, 0x0101, 0x0201, 0x0101, 0x0101, 0x0102, 0x0201, 0x0101,
    0x0101, 0x0102, 0x0101, 0x0202, 0x0202, 0x0102, 0x0101, 0x0101, 0x0101, 0x0102, 0x0101, 0x0101,
    0x0201, 0x0101, 0x0101, 0x0202, 0x0102, 0x0101, 0x0101, 0x0101, 0x0101, 0x0101, 0x0101, 0x0101,
    0x0101, 0x0101, 0x0101, 0x0201, 0x0101, 0x0101, 0x0101, 0x0201, 0x0101, 0x0101, 0x0101, 0x0101,
    0x0101, 0x0101, 0x0101, 0x0101, 0x0101, 0x0101, 0x0101, 0x0201, 0x0101, 0x0101, 0x0101, 0x0201,
    0x0101, 0x0101, 0x0101, 0x0101, 0x0101, 0x0101, 0x0101, 0x0101, 0x0101, 0x0101, 0x0101, 0x0101,
    0x0101, 0x0101, 0x0102, 0x0101, 0x0101, 0x0201, 0x0101, 0x0101, 0x0101, 0x0101, 0x0101, 0x0101,
    0x0101, 0x0101, 0x0101, 0x0101, 0x0101, 0x0101, 0x0101, 0x0101, 0x0101, 0x0101, 0x0101, 0x0101,
    0x0101, 0x0101, 0x0202, 0x0101, 0x0101, 0x0201, 0x0101, 0x0101, 0x0101, 0x0101, 0x0101, 0x0101,
    0x0101, 0x0101, 0x0101, 0x0101, 0x0101, 0x0101, 0x0101, 0x0101, 0x0101, 0x0101, 0x0101, 0x0101,
    0x0101, 0x0101, 0x0101, 0x0101, 0x0101, 0x0101, 0x0101, 0x0101, 0x0101, 0x0101, 0x0101, 0x0101,
    0x0101, 0x0101, 0x0202, 0x0101, 0x0101, 0x0201, 0x0101, 0x0101, 0x0101, 0x0101, 0x0101, 0x0101,
    0x0101, 0x0101, 0x0101, 0x0101, 0x0101, 0x0101, 0x0101, 0x0101, 0x0101, 0x0101, 0x0101, 0x0101,
    0x0101, 0x0101, 0x0101, 0x0101, 0x0101, 0x0101, 0x0101, 0x0101, 0x0101, 0x0101, 0x0101, 0x0101,
    0x0101, 0x0101, 0x0202, 0x0101, 0x0101, 0x0201, 0x0101, 0x0101, 0x0101, 0x0101, 0x0101, 0x0101,
    0x0101, 0x0101, 0x0101, 0x0101, 0x0101, 0x0101, 0x0101, 0x0101, 0x0101, 0x0101, 0x0101, 0x0101,
    0x0101, 0x0101, 0x0101, 0x0202, 0x0202, 0x0101, 0x0201, 0x0101, 0x0101, 0x0102, 0x0101, 0x0101,
    0x0101, 0x0102, 0x0101, 0x0101, 0x0201, 0x0101, 0x0101, 0x0101, 0x0102, 0x0101, 0x0101, 0x0101,
    0x0101, 0x0101, 0x0101, 0x0101, 0x0102, 0x0101, 0x0101, 0x0101, 0x0101, 0x0101, 0x0101, 0x0202,
    0x0202, 0x0101, 0x0201, 0x0101, 0x0101, 0x0102, 0x0201, 0x0201, 0x0202, 0x0102, 0x0201, 0x0201,
    0x0101, 0x0102, 0x0201, 0x0201, 0x0202, 0x0102, 0x0201, 0x0101, 0x0101, 0x0101, 0x0101, 0x0202,
    0x0202, 0x0101, 0x0101, 0x0101, 0x0101, 0x0101, 0x0101, 0x0201, 0x0102, 0x0101, 0x0101, 0x0102,
    0x0201, 0x0101, 0x0201, 0x0101, 0x0101, 0x0102, 0x0201, 0x0101, 0x0101, 0x0102, 0x0201, 0x0202,
    0x0202, 0x0102, 0x0201, 0x0101, 0x0101, 0x0102, 0x0201, 0x0101, 0x0101, 0x0102, 0x0101, 0x0101,
    0x0101, 0x0101, 0x0201, 0x0202, 0x0202, 0x0101, 0x0101, 0x0102, 0x0101, 0x0102, 0x0101, 0x0102,
    0x0101, 0x0102, 0x0101, 0x0202, 0x0202, 0x0101, 0x0101, 0x0102, 0x0101, 0x0102, 0x0101, 0x0102,
    0x0101, 0x0102, 0x0201, 0x0202, 0x0202, 0x0101, 0x0101, 0x0101, 0x0101, 0x0101, 0x0101, 0x0201,
    0x0202, 0x0101, 0x0101, 0x0102, 0x0101, 0x0102, 0x0201, 0x0101, 0x0101, 0x0101, 0x0201, 0x0101,
    0x0101, 0x0101, 0x0201, 0x0101, 0x0101, 0x0101, 0x0101, 0x0102, 0x0101, 0x0102, 0x0101, 0x0201,
    0x0202, 0x0101, 0x0101, 0x0101, 0x0101, 0x0101, 0x0201, 0x0202, 0x0102, 0x0101, 0x0101, 0x0102,
    0x0201, 0x0101, 0x0101, 0x0102, 0x0101, 0x0102, 0x0101, 0x0102, 0x0101, 0x0102, 0x0101, 0x0102,
    0x0101, 0x0102, 0x0101, 0x0102, 0x0201, 0x0101, 0x0201, 0x0202, 0x0102, 0x0101, 0x0101, 0x0101,
    0x0101, 0x0101, 0x0201, 0x0202, 0x0202, 0x0102, 0x0101, 0x0102, 0x0101, 0x0102, 0x0101, 0x0102,
    0x0102, 0x0101, 0x0101, 0x0202, 0x0102, 0x0101, 0x0101, 0x0102, 0x0102, 0x0101, 0x0101, 0x0102,
    0x0101, 0x0102, 0x0201, 0x0202, 0x0202, 0x0102, 0x0101, 0x0101, 0x0101, 0x0101, 0x0201, 0x0202,
    0x0202, 0x0102, 0x0101, 0x0102, 0x0101, 0x0102, 0x0101, 0x0102, 0x0102, 0x0101, 0x0101, 0x0202,
    0x0102, 0x0101, 0x0101, 0x0102, 0x0102, 0x0101, 0x0101, 0x0102, 0x0101, 0x0101, 0x0201, 0x0202,
    0x0101, 0x0101, 0x0101, 0x0101, 0x0101, 0x0101, 0x0101, 0x0201, 0x0202, 0x0101, 0x0101, 0x0102,
    0x0101, 0x0102, 0x0201, 0x0101, 0x0101, 0x0101, 0x0201, 0x0101, 0x0101, 0x0101, 0x0201, 0x0101,
    0x0202, 0x0102, 0x0101, 0x0102, 0x0101, 0x0102, 0x0101, 0x0201, 0x0202, 0x0102, 0x0101, 0x0101,
    0x0101, 0x0101, 0x0201, 0x0101, 0x0101, 0x0102, 0x0201, 0x0101, 0x0101, 0x0102, 0x0201, 0x0101,
    0x0101, 0x0102, 0x0201, 0x0202, 0x0202, 0x0102, 0x0201, 0x0101, 0x0101, 0x0102, 0x0201, 0x0101,
    0x0101, 0x0102, 0x0201, 0x0101, 0x0101, 0x0102, 0x0101, 0x0101, 0x0101, 0x0101, 0x0101, 0x0202,
    0x0102, 0x0101, 0x0101, 0x0201, 0x0101, 0x0101, 0x0101, 0x0201, 0x0101, 0x0101, 0x0101, 0x0201,
    0x0101, 0x0101, 0x0101, 0x0201, 0x0101, 0x0101, 0x0101, 0x0201, 0x0101, 0x0101, 0x0101, 0x0202,
    0x0102, 0x0101, 0x0101, 0x0101, 0x0101, 0x0101, 0x0101, 0x0101, 0x0202, 0x0102, 0x0101, 0x0101,
    0x0201, 0x0101, 0x0101, 0x0101, 0x0201, 0x0101, 0x0101, 0x0101, 0x0201, 0x0101, 0x0201, 0x0101,
    0x0201, 0x0101, 0x0201, 0x0101, 0x0201, 0x0101, 0x0101, 0x0202, 0x0102, 0x0101, 0x0101, 0x0101,
    0x0101, 0x0101, 0x0201, 0x0102, 0x0101, 0x0102, 0x0101, 0x0102, 0x0201, 0x0101, 0x0101, 0x0102,
    0x0102, 0x0101, 0x0101, 0x0202, 0x0101, 0x0101, 0x0101, 0x0102, 0x0102, 0x0101, 0x0101, 0x0102,
    0x0201, 0x0101, 0x0201, 0x0102, 0x0101, 0x0202, 0x0101, 0x0101, 0x0101, 0x0101, 0x0201, 0x0202,
    0x0101, 0x0101, 0x0101, 0x0102, 0x0101, 0x0101, 0x0101, 0x0102, 0x0101, 0x0101, 0x0101, 0x0102,
    0x0101, 0x0101, 0x0101, 0x0102, 0x0101, 0x0101, 0x0101, 0x0102, 0x0101, 0x0102, 0x0201, 0x0202,
    0x0202, 0x0102, 0x0101, 0x0101, 0x0101, 0x0101, 0x0201, 0x0102, 0x0101, 0x0202, 0x0201, 0x0201,
    0x0201, 0x0201, 0x0201, 0x0101, 0x0102, 0x0201, 0x0201, 0x0101, 0x0101, 0x0201, 0x0201, 0x0101,
    0x0101, 0x0201, 0x0201, 0x0101, 0x0101, 0x0201, 0x0201, 0x0101, 0x0101, 0x0201, 0x0101, 0x0101,
    0x0101, 0x0101, 0x0201, 0x0102, 0x0101, 0x0102, 0x0201, 0x0201, 0x0101, 0x0102, 0x0201, 0x0101,
    0x0102, 0x0102, 0x0201, 0x0101, 0x0201, 0x0102, 0x0201, 0x0101, 0x0101, 0x0102, 0x0201, 0x0101,
    0x0101, 0x0102, 0x0201, 0x0101, 0x0101, 0x0102, 0x0101, 0x0101, 0x0101, 0x0101, 0x0101, 0x0202,
    0x0202, 0x0101, 0x0201, 0x0101, 0x0101, 0x0102, 0x0201, 0x0101, 0x0101, 0x0102, 0x0201, 0x0101,
    0x0101, 0x0102, 0x0201, 0x0101, 0x0101, 0x0102, 0x0201, 0x0101, 0x0101, 0x0102, 0x0101, 0x0202,
    0x0202, 0x0101, 0x0101, 0x0101, 0x0101, 0x0101, 0x0201, 0x0202, 0x0202, 0x0101, 0x0101, 0x0102,
    0x0101, 0x0102, 0x0101, 0x0102, 0x0101, 0x0102, 0x0101, 0x0202, 0x0202, 0x0101, 0x0101, 0x0102,
    0x0101, 0x0101, 0x0101, 0x0102, 0x0101, 0x0101, 0x0201, 0x0202, 0x0101, 0x0101, 0x0101, 0x0101,
    0x0101, 0x0101, 0x0101, 0x0202, 0x0202, 0x0101, 0x0201, 0x0101, 0x0101, 0x0102, 0x0201, 0x0101,
    0x0101, 0x0102, 0x0201, 0x0101, 0x0101, 0x0102, 0x0201, 0x0101, 0x0102, 0x0102, 0x0101, 0x0202,
    0x0202, 0x0101, 0x0101, 0x0101, 0x0101, 0x0202, 0x0101, 0x0101, 0x0101, 0x0101, 0x0201, 0x0202,
    0x0202, 0x0101, 0x0101, 0x0102, 0x0101, 0x0102, 0x0101, 0x0102, 0x0101, 0x0102, 0x0101, 0x0202,
    0x0202, 0x0101, 0x0101, 0x0102, 0x0102, 0x0101, 0x0101, 0x0102, 0x0201, 0x0101, 0x0201, 0x0202,
    0x0101, 0x0102, 0x0101, 0x0101, 0x0101, 0x0101, 0x0101, 0x0202, 0x0202, 0x0101, 0x0201, 0x0101,
    0x0101, 0x0102, 0x0201, 0x0101, 0x0101, 0x0101, 0x0101, 0x0202, 0x0202, 0x0101, 0x0101, 0x0101,
    0x0101, 0x0102, 0x0201, 0x0101, 0x0101, 0x0102, 0x0101, 0x0202, 0x0202, 0x0101, 0x0101, 0x0101,
    0x0101, 0x0101, 0x0201, 0x0202, 0x0202, 0x0202, 0x0201, 0x0101, 0x0102, 0x0201, 0x0101, 0x0101,
    0x0102, 0x0101, 0x0101, 0x0101, 0x0102, 0x0101, 0x0101, 0x0101, 0x0102, 0x0101, 0x0101, 0x0101,
    0x0102, 0x0101, 0x0101, 0x0201, 0x0202, 0x0101, 0x0101, 0x0101, 0x0101, 0x0101, 0x0201, 0x0101,
    0x0101, 0x0102, 0x0201, 0x0101, 0x0101, 0x0102, 0x0201, 0x0101, 0x0101, 0x0102, 0x0201, 0x0101,
    0x0101, 0x0102, 0x0201, 0x0101, 0x0101, 0x0102, 0x0201, 0x0101, 0x0101, 0x0102, 0x0101, 0x0202,
    0x0202, 0x0101, 0x0101, 0x0101, 0x0101, 0x0101, 0x0201, 0x0101, 0x0101, 0x0201, 0x0201, 0x0101,
    0x0101, 0x0201, 0x0201, 0x0101, 0x0101, 0x0201, 0x0201, 0x0101, 0x0101, 0x0201, 0x0101, 0x0102,
    0x0101, 0x0102, 0x0101, 0x0201, 0x0201, 0x0101, 0x0101, 0x0101, 0x0102, 0x0101, 0x0101, 0x0101,
    0x0101, 0x0101, 0x0201, 0x0101, 0x0101, 0x0201, 0x0201, 0x0101, 0x0101, 0x0201, 0x0201, 0x0101,
    0x0101, 0x0201, 0x0201, 0x0101, 0x0102, 0x0201, 0x0201, 0x0101, 0x0102, 0x0201, 0x0201, 0x0101,
    0x0102, 0x0201, 0x0101, 0x0202, 0x0201, 0x0102, 0x0101, 0x0101, 0x0101, 0x0101, 0x0201, 0x0101,
    0x0101, 0x0201, 0x0101, 0x0102, 0x0101, 0x0102, 0x0101, 0x0201, 0x0201, 0x0101, 0x0101, 0x0101,
    0x0102, 0x0101, 0x0101, 0x0201, 0x0201, 0x0101, 0x0101, 0x0102, 0x0101, 0x0102, 0x0201, 0x0101,
    0x0101, 0x0201, 0x0101, 0x0101, 0x0101, 0x0101, 0x0201, 0x0101, 0x0101, 0x0201, 0x0101, 0x0102,
    0x0101, 0x0102, 0x0101, 0x0201, 0x0201, 0x0101, 0x0101, 0x0101, 0x0102, 0x0101, 0x0101, 0x0101,
    0x0102, 0x0101, 0x0101, 0x0101, 0x0102, 0x0101, 0x0101, 0x0201, 0x0202, 0x0101, 0x0101, 0x0101,
    0x0101, 0x0101, 0x0201, 0x0202, 0x0202, 0x0202, 0x0201, 0x0101, 0x0101, 0x0102, 0x0101, 0x0101,
    0x0201, 0x0101, 0x0101, 0x0101, 0x0102, 0x0101, 0x0101, 0x0201, 0x0101, 0x0101, 0x0101, 0x0102,
    0x0101, 0x0201, 0x0201, 0x0202, 0x0202, 0x0202, 0x0101, 0x0101, 0x0101, 0x0101, 0x0101, 0x0101,
    0x0101, 0x0101, 0x0101, 0x0101, 0x0101, 0x0101, 0x0101, 0x0101, 0x0101, 0x0101, 0x0202, 0x0101,
    0x0101, 0x0201, 0x0101, 0x0101, 0x0101, 0x0101, 0x0101, 0x0101, 0x0101, 0x0101, 0x0101, 0x0101,
    0x0101, 0x0101, 0x0101, 0x0101, 0x0101, 0x0101, 0x0202, 0x0102, 0x0101, 0x0201, 0x0101, 0x0101,
    0x0101, 0x0101, 0x0101, 0x0101, 0x0101, 0x0101, 0x0101, 0x0101, 0x0101, 0x0101, 0x0101, 0x0101,
    0x0101, 0x0101, 0x0101, 0x0101, 0x0101, 0x0101, 0x0101, 0x0101, 0x0101, 0x0101, 0x0101, 0x0101,
    0x0101, 0x0101, 0x0101, 0x0101, 0x0101, 0x0101, 0x0202, 0x0102, 0x0101, 0x0201, 0x0101, 0x0101,
    0x0101, 0x0101, 0x0101, 0x0101, 0x0101, 0x0101, 0x0101, 0x0101, 0x0101, 0x0101, 0x0101, 0x0101,
    0x0101, 0x0101, 0x0101, 0x0101, 0x0101, 0x0101, 0x0101, 0x0101, 0x0101, 0x0101, 0x0101, 0x0101,
    0x0101, 0x0101, 0x0101, 0x0101, 0x0101, 0x0101, 0x0202, 0x0102, 0x0101, 0x0201, 0x0101, 0x0101,
    0x0101, 0x0101, 0x0101, 0x0101, 0x0101, 0x0101, 0x0101, 0x0101, 0x0101, 0x0101, 0x0101, 0x0101,
    0x0101, 0x0101, 0x0101, 0x0101, 0x0101, 0x0101, 0x0101, 0x0101, 0x0101, 0x0101, 0x0101, 0x0101,
    0x0101, 0x0101, 0x0101, 0x0101, 0x0101, 0x0101, 0x0101, 0x0101, 0x0101, 0x0101, 0x0101, 0x0101,
    0x0101, 0x0101, 0x0101, 0x0101, 0x0101, 0x0101, 0x0101, 0x0101, 0x0101, 0x0101, 0x0201, 0x0202,
    0x0202, 0x0102, 0x0101, 0x0101, 0x0101, 0x0101, 0x0102, 0x0101, 0x0101, 0x0201, 0x0101, 0x0101,
    0x0101, 0x0101, 0x0101, 0x0101, 0x0101, 0x0101, 0x0101, 0x0101, 0x0101, 0x0101, 0x0101, 0x0101,
    0x0101, 0x0101, 0x0101, 0x0101, 0x0101, 0x0101, 0x0101, 0x0101, 0x0101, 0x0101, 0x0101, 0x0101,
    0x0101, 0x0101, 0x0101, 0x0101, 0x0101, 0x0101, 0x0101, 0x0201, 0x0202, 0x0101, 0x0101, 0x0101,
    0x0101, 0x0102, 0x0101, 0x0201, 0x0202, 0x0102, 0x0101, 0x0102, 0x0101, 0x0102, 0x0101, 0x0201,
    0x0202, 0x0102, 0x0101, 0x0101, 0x0101, 0x0101, 0x0101, 0x0101, 0x0101, 0x0101, 0x0101, 0x0102,
    0x0101, 0x0101, 0x0101, 0x0102, 0x0101, 0x0101, 0x0101, 0x0202, 0x0202, 0x0101, 0x0101, 0x0102,
    0x0101, 0x0102, 0x0101, 0x0102, 0x0101, 0x0102, 0x0101, 0x0202, 0x0202, 0x0101, 0x0101, 0x0101,
    0x0101, 0x0101, 0x0101, 0x0101, 0x0101, 0x0101, 0x0101, 0x0101, 0x0101, 0x0101, 0x0101, 0x0201,
    0x0202, 0x0101, 0x0101, 0x0102, 0x0101, 0x0102, 0x0101, 0x0102, 0x0101, 0x0101, 0x0101, 0x0102,
    0x0101, 0x0102, 0x0101, 0x0201, 0x0202, 0x0101, 0x0101, 0x0101, 0x0101, 0x0101, 0x0101, 0x0101,
    0x0101, 0x0101, 0x0101, 0x0101, 0x0101, 0x0102, 0x0101, 0x0101, 0x0101, 0x0102, 0x0101, 0x0201,
    0x0202, 0x0102, 0x0101, 0x0102, 0x0101, 0x0102, 0x0101, 0x0102, 0x0101, 0x0102, 0x0101, 0x0201,
    0x0202, 0x0102, 0x0101, 0x0101, 0x0101, 0x0101, 0x0101, 0x0101, 0x0101, 0x0101, 0x0101, 0x0101,
    0x0101, 0x0101, 0x0101, 0x0201, 0x0202, 0x0101, 0x0101, 0x0102, 0x0101, 0x0102, 0x0101, 0x0202,
    0x0202, 0x0101, 0x0101, 0x0102, 0x0101, 0x0101, 0x0101, 0x0201, 0x0202, 0x0102, 0x0101, 0x0101,
    0x0101, 0x0101, 0x0101, 0x0101, 0x0101, 0x0101, 0x0101, 0x0101, 0x0202, 0x0101, 0x0101, 0x0201,
    0x0101, 0x0101, 0x0101, 0x0202, 0x0202, 0x0101, 0x0101, 0x0201, 0x0101, 0x0101, 0x0101, 0x0201,
    0x0101, 0x0101, 0x0101, 0x0201, 0x0101, 0x0101, 0x0101, 0x0101, 0x0101, 0x0101, 0x0101, 0x0101,
    0x0101, 0x0101, 0x0101, 0x0101, 0x0101, 0x0101, 0x0101, 0x0201, 0x0202, 0x0102, 0x0101, 0x0102,
    0x0101, 0x0102, 0x0101, 0x0102, 0x0101, 0x0102, 0x0101, 0x0201, 0x0202, 0x0102, 0x0101, 0x0101,
    0x0101, 0x0102, 0x0101, 0x0201, 0x0202, 0x0101, 0x0101, 0x0101, 0x0101, 0x0101, 0x0101, 0x0102,
    0x0101, 0x0101, 0x0101, 0x0102, 0x0101, 0x0101, 0x0101, 0x0202, 0x0202, 0x0101, 0x0101, 0x0102,
    0x0101, 0x0102, 0x0101, 0x0102, 0x0101, 0x0102, 0x0101, 0x0102, 0x0101, 0x0102, 0x0101, 0x0101,
    0x0101, 0x0101, 0x0101, 0x0101, 0x0101, 0x0101, 0x0101, 0x0101, 0x0101, 0x0101, 0x0101, 0x0201,
    0x0101, 0x0101, 0x0101, 0x0101, 0x0101, 0x0101, 0x0101, 0x0201, 0x0101, 0x0101, 0x0101, 0x0201,
    0x0101, 0x0101, 0x0101, 0x0201, 0x0101, 0x0101, 0x0101, 0x0101, 0x0101, 0x0101, 0x0101, 0x0101,
    0x0101, 0x0101, 0x0101, 0x0101, 0x0101, 0x0101, 0x0101, 0x0101, 0x0101, 0x0102, 0x0101, 0x0101,
    0x0101, 0x0101, 0x0101, 0x0101, 0x0101, 0x0102, 0x0101, 0x0101, 0x0101, 0x0102, 0x0101, 0x0101,
    0x0101, 0x0102, 0x0101, 0x0201, 0x0202, 0x0101, 0x0101, 0x0101, 0x0101, 0x0101, 0x0101, 0x0102,
    0x0101, 0x0101, 0x0101, 0x0102, 0x0201, 0x0101, 0x0101, 0x0102, 0x0102, 0x0101, 0x0101, 0x0202,
    0x0201, 0x0101, 0x0101, 0x0102, 0x0101, 0x0102, 0x0101, 0x0102, 0x0101, 0x0102, 0x0101, 0x0101,
    0x0101, 0x0101, 0x0101, 0x0101, 0x0101, 0x0101, 0x0101, 0x0102, 0x0101, 0x0101, 0x0101, 0x0102,
    0x0101, 0x0101, 0x0101, 0x0102, 0x0101, 0x0101, 0x0101, 0x0102, 0x0101, 0x0101, 0x0101, 0x0102,
    0x0101, 0x0101, 0x0101, 0x0201, 0x0101, 0x0101, 0x0101, 0x0101, 0x0101, 0x0101, 0x0101, 0x0101,
    0x0101, 0x0101, 0x0101, 0x0101, 0x0101, 0x0101, 0x0101, 0x0202, 0x0201, 0x0101, 0x0101, 0x0102,
    0x0102, 0x0102, 0x0101, 0x0102, 0x0102, 0x0102, 0x0101, 0x0102, 0x0102, 0x0102, 0x0101, 0x0102,
    0x0102, 0x0102, 0x0101, 0x0101, 0x0101, 0x0101, 0x0101, 0x0101, 0x0101, 0x0101, 0x0101, 0x0101,
    0x0101, 0x0101, 0x0101, 0x0202, 0x0202, 0x0101, 0x0101, 0x0102, 0x0101, 0x0102, 0x0101, 0x0102,
    0x0101, 0x0102, 0x0101, 0x0102, 0x0101, 0x0102, 0x0101, 0x0102, 0x0101, 0x0102, 0x0101, 0x0101,
    0x0101, 0x0101, 0x0101, 0x0101, 0x0101, 0x0101, 0x0101, 0x0101, 0x0101, 0x0101, 0x0101, 0x0201,
    0x0202, 0x0101, 0x0101, 0x0102, 0x0101, 0x0102, 0x0101, 0x0102, 0x0101, 0x0102, 0x0101, 0x0102,
    0x0101, 0x0102, 0x0101, 0x0201, 0x0202, 0x0101, 0x0101, 0x0101, 0x0101, 0x0101, 0x0101, 0x0101,
    0x0101, 0x0101, 0x0101, 0x0101, 0x0101, 0x0101, 0x0101, 0x0202, 0x0202, 0x0101, 0x0101, 0x0102,
    0x0101, 0x0102, 0x0101, 0x0102, 0x0101, 0x0102, 0x0101, 0x0202, 0x0202, 0x0101, 0x0101, 0x0102,
    0x0101, 0x0101, 0x0101, 0x0102, 0x0101, 0x0101, 0x0101, 0x0101, 0x0101, 0x0101, 0x0101, 0x0101,
    0x0101, 0x0101, 0x0101, 0x0201, 0x0202, 0x0102, 0x0101, 0x0102, 0x0101, 0x0102, 0x0101, 0x0102,
    0x0101, 0x0102, 0x0101, 0x0201, 0x0202, 0x0102, 0x0101, 0x0101, 0x0101, 0x0102, 0x0101, 0x0101,
    0x0101, 0x0102, 0x0101, 0x0101, 0x0101, 0x0101, 0x0101, 0x0101, 0x0101, 0x0101, 0x0101, 0x0102,
    0x0202, 0x0101, 0x0101, 0x0202, 0x0101, 0x0102, 0x0101, 0x0102, 0x0101, 0x0101, 0x0101, 0x0102,
    0x0101, 0x0101, 0x0101, 0x0102, 0x0101, 0x0101, 0x0101, 0x0101, 0x0101, 0x0101, 0x0101, 0x0101,
    0x0101, 0x0101, 0x0101, 0x0101, 0x0101, 0x0101, 0x0101, 0x0201, 0x0202, 0x0102, 0x0101, 0x0102,
    0x0101, 0x0101, 0x0101, 0x0201, 0x0202, 0x0101, 0x0101, 0x0101, 0x0101, 0x0102, 0x0101, 0x0202,
    0x0202, 0x0101, 0x0101, 0x0101, 0x0101, 0x0101, 0x0101, 0x0101, 0x0101, 0x0101, 0x0101, 0x0201,
    0x0101, 0x0101, 0x0101, 0x0201, 0x0101, 0x0101, 0x0101, 0x0202, 0x0102, 0x0101, 0x0101, 0x0201,
    0x0101, 0x0101, 0x0101, 0x0201, 0x0101, 0x0101, 0x0101, 0x0101, 0x0202, 0x0101, 0x0101, 0x0101,
    0x0101, 0x0101, 0x0101, 0x0101, 0x0101, 0x0101, 0x0101, 0x0101, 0x0101, 0x0101, 0x0101, 0x0102,
    0x0101, 0x0102, 0x0101, 0x0102, 0x0101, 0x0102, 0x0101, 0x0102, 0x0101, 0x0102, 0x0101, 0x0102,
    0x0101, 0x0102, 0x0101, 0x0201, 0x0202, 0x0101, 0x0101, 0x0101, 0x0101, 0x0101, 0x0101, 0x0101,
    0x0101, 0x0101, 0x0101, 0x0101, 0x0101, 0x0101, 0x0101, 0x0102, 0x0101, 0x0102, 0x0101, 0x0102,
    0x0101, 0x0102, 0x0101, 0x0201, 0x0201, 0x0101, 0x0101, 0x0201, 0x0201, 0x0101, 0x0101, 0x0101,
    0x0102, 0x0101, 0x0101, 0x0101, 0x0101, 0x0101, 0x0101, 0x0101, 0x0101, 0x0101, 0x0101, 0x0101,
    0x0101, 0x0101, 0x0101, 0x0102, 0x0101, 0x0102, 0x0101, 0x0102, 0x0101, 0x0102, 0x0101, 0x0102,
    0x0102, 0x0102, 0x0101, 0x0102, 0x0102, 0x0102, 0x0101, 0x0201, 0x0201, 0x0101, 0x0101, 0x0101,
    0x0101, 0x0101, 0x0101, 0x0101, 0x0101, 0x0101, 0x0101, 0x0101, 0x0101, 0x0101, 0x0101, 0x0102,
    0x0101, 0x0102, 0x0101, 0x0201, 0x0201, 0x0101, 0x0101, 0x0101, 0x0102, 0x0101, 0x0101, 0x0201,
    0x0201, 0x0101, 0x0101, 0x0102, 0x0101, 0x0102, 0x0101, 0x0101, 0x0101, 0x0101, 0x0101, 0x0101,
    0x0101, 0x0101, 0x0101, 0x0101, 0x0101, 0x0101, 0x0101, 0x0102, 0x0101, 0x0102, 0x0101, 0x0102,
    0x0101, 0x0102, 0x0101, 0x0102, 0x0101, 0x0102, 0x0101, 0x0201, 0x0202, 0x0102, 0x0101, 0x0101,
    0x0101, 0x0102, 0x0101, 0x0201, 0x0202, 0x0101, 0x0101, 0x0101, 0x0101, 0x0101, 0x0101, 0x0101,
    0x0101, 0x0101, 0x0101, 0x0201, 0x0202, 0x0202, 0x0101, 0x0101, 0x0101, 0x0102, 0x0101, 0x0101,
    0x0201, 0x0101, 0x0101, 0x0101, 0x0102, 0x0101, 0x0101, 0x0201, 0x0202, 0x0202, 0x0101, 0x0101,
    0x0101, 0x0101, 0x0101, 0x0101, 0x0101, 0x0101, 0x0101, 0x0101, 0x0101, 0x0101, 0x0101, 0x0101,
    0x0101, 0x0101, 0x0202, 0x0102, 0x0101, 0x0201, 0x0101, 0x0101, 0x0101, 0x0101, 0x0101, 0x0101,
    0x0101, 0x0101, 0x0101, 0x0101, 0x0101, 0x0101, 0x0101, 0x0101, 0x0101, 0x0101, 0x0202, 0x0202,
    0x0101, 0x0201, 0x0101, 0x0101, 0x0101, 0x0101, 0x0101, 0x0101, 0x0101, 0x0101, 0x0101, 0x0101,
    0x0101, 0x0101, 0x0101, 0x0101, 0x0101, 0x0101, 0x0101, 0x0101, 0x0101, 0x0101, 0x0101, 0x0101,
    0x0101, 0x0101, 0x0101, 0x0101, 0x0101, 0x0101, 0x0101, 0x0101, 0x0101, 0x0101, 0x0202, 0x0202,
    0x0101, 0x0201, 0x0101, 0x0101, 0x0101, 0x0101, 0x0101, 0x0101, 0x0101, 0x0101, 0x0101, 0x0101,
    0x0101, 0x0101, 0x0101, 0x0101, 0x0101, 0x0101, 0x0101, 0x0101, 0x0101, 0x0101, 0x0101, 0x0101,
    0x0101, 0x0101, 0x0101, 0x0101, 0x0101, 0x0101, 0x0101, 0x0101, 0x0101, 0x0101, 0x0202, 0x0202,
    0x0101, 0x0201, 0x0101, 0x0101, 0x0101, 0x0101, 0x0101, 0x0101, 0x0101, 0x0101, 0x0101, 0x0101,
    0x0101, 0x0101, 0x0101, 0x0101, 0x0101, 0x0101, 0x0101, 0x0101, 0x0101, 0x0101, 0x0101, 0x0101,
    0x0101, 0x0101, 0x0101, 0x0101, 0x0101, 0x0101, 0x0101, 0x0101, 0x0101, 0x0101, 0x0202, 0x0202,
    0x0101, 0x0201, 0x0101, 0x0101, 0x0101, 0x0101, 0x0101, 0x0101, 0x0101, 0x0101, 0x0101, 0x0101,
    0x0101, 0x0101, 0x0101, 0x0101, 0x0101, 0x0101, 0x0202, 0x0202, 0x0102, 0x0201, 0x0101, 0x0101,
    0x0101, 0x0101, 0x0101, 0x0101, 0x0101, 0x0101, 0x0101, 0x0101, 0x0101, 0x0101, 0x0101, 0x0101,
    0x0101, 0x0101, 0x0101, 0x0101, 0x0101, 0x0101, 0x0101, 0x0101, 0x0101, 0x0101, 0x0101, 0x0101,
    0x0101, 0x0101, 0x0101, 0x0101, 0x0101, 0x0101, 0x0202, 0x0202, 0x0102, 0x0201, 0x0101, 0x0101,
    0x0101, 0x0101, 0x0101, 0x0101, 0x0101, 0x0101, 0x0101, 0x0101, 0x0101, 0x0101, 0x0101, 0x0101,
    0x0101, 0x0101, 0x0101, 0x0101, 0x0101, 0x0101, 0x0101, 0x0101, 0x0101, 0x0101, 0x0101, 0x0101,
    0x0101, 0x0101, 0x0101, 0x0101, 0x0101, 0x0101, 0x0202, 0x0202, 0x0102, 0x0201, 0x0101, 0x0101,
    0x0101, 0x0101, 0x0101, 0x0101, 0x0101, 0x0101, 0x0101, 0x0101, 0x0101, 0x0101, 0x0101, 0x0101,
    0x0101, 0x0101, 0x0101, 0x0101, 0x0101, 0x0101, 0x0101, 0x0101, 0x0101, 0x0101, 0x0101, 0x0101,
    0x0101, 0x0101, 0x0101, 0x0101, 0x0101, 0x0101, 0x0202, 0x0202, 0x0102, 0x0201, 0x0101, 0x0101,
    0x0101, 0x0101, 0x0101, 0x0101, 0x0101, 0x0101, 0x0101, 0x0101, 0x0101, 0x0101, 0x0101, 0x0101,
    0x0101, 0x0101, 0x0202, 0x0202, 0x0202, 0x0201, 0x0101, 0x0101, 0x0101, 0x0101, 0x0101, 0x0101,
    0x0101, 0x0101, 0x0101, 0x0101, 0x0101, 0x0101, 0x0101, 0x0101, 0x0101, 0x0101, 0x0101, 0x0101,
    0x0101, 0x0101, 0x0101, 0x0101, 0x0101, 0x0101, 0x0101, 0x0101, 0x0101, 0x0101, 0x0101, 0x0101,
    0x0101, 0x0101, 0x0202, 0x0202, 0x0202, 0x0201, 0x0101, 0x0101, 0x0101, 0x0101, 0x0101, 0x0101,
    0x0101, 0x0101, 0x0101, 0x0101, 0x0101, 0x0101, 0x0101, 0x0101, 0x0101, 0x0101, 0x0101, 0x0101,
    0x0101, 0x0101, 0x0101, 0x0101, 0x0101, 0x0101, 0x0101, 0x0101, 0x0101, 0x0101, 0x0101, 0x0101,
    0x0101, 0x0101, 0x0202, 0x0202, 0x0202, 0x0201, 0x0101, 0x0101, 0x0101, 0x0101, 0x0101, 0x0101,
    0x0101, 0x0101, 0x0101, 0x0101, 0x0101, 0x0101, 0x0101, 0x0101, 0x0101, 0x0101, 0x0101, 0x0101,
    0x0101, 0x0101, 0x0101, 0x0101, 0x0101, 0x0101, 0x0101, 0x0101, 0x0101, 0x0101, 0x0101, 0x0101,
    0x0101, 0x0101, 0x0202, 0x0202, 0x0202, 0x0201, 0x0101, 0x0101, 0x0101, 0x0101, 0x0101, 0x0101,
    0x0101, 0x0101, 0x0101, 0x0101, 0x0101, 0x0101, 0x0101, 0x0101, 0x0101, 0x0101, 0x0102, 0x0101,
    0x0101, 0x0201, 0x0201, 0x0101, 0x0101, 0x0101, 0x0101, 0x0101, 0x0101, 0x0101, 0x0101, 0x0101,
    0x0101, 0x0101, 0x0101, 0x0101, 0x0101, 0x0101, 0x0101, 0x0101, 0x0101, 0x0101, 0x0101, 0x0101,
    0x0101, 0x0101, 0x0101, 0x0101, 0x0101, 0x0101, 0x0101, 0x0101, 0x0101, 0x0101, 0x0102, 0x0101,
    0x0101, 0x0201, 0x0201, 0x0101, 0x0101, 0x0101, 0x0101, 0x0101, 0x0101, 0x0101, 0x0101, 0x0101,
    0x0101, 0x0101, 0x0101, 0x0101, 0x0101, 0x0101, 0x0101, 0x0101, 0x0101, 0x0101, 0x0101, 0x0101,
    0x0101, 0x0101, 0x0101, 0x0101, 0x0101, 0x0101, 0x0101, 0x0101, 0x0101, 0x0101, 0x0102, 0x0101,
    0x0101, 0x0201, 0x0201, 0x0101, 0x0101, 0x0101, 0x0101, 0x0101, 0x0101, 0x0101, 0x0101, 0x0101,
    0x0101, 0x0101, 0x0101, 0x0101, 0x0101, 0x0101, 0x0101, 0x0101, 0x0101, 0x0101, 0x0101, 0x0101,
    0x0101, 0x0101, 0x0101, 0x0101, 0x0101, 0x0101, 0x0101, 0x0101, 0x0101, 0x0101, 0x0102, 0x0101,
    0x0101, 0x0201, 0x0201, 0x0101, 0x0101, 0x0101, 0x0101, 0x0101, 0x0101, 0x0101, 0x0101, 0x0101,
    0x0101, 0x0101, 0x0101, 0x0101, 0x0101, 0x0101, 0x0101, 0x0101, 0x0101, 0x0101, 0x0101, 0x0101,
    0x0101, 0x0101, 0x0101, 0x0101, 0x0101, 0x0101, 0x0101, 0x0101, 0x0101, 0x0101, 0x0102, 0x0101,
    0x0101, 0x0201, 0x0201, 0x0101, 0x0101, 0x0101, 0x0101, 0x0101, 0x0101, 0x0101, 0x0101, 0x0101,
    0x0101, 0x0101, 0x0101, 0x0101, 0x0101, 0x0101, 0x0101, 0x0101, 0x0101, 0x0101, 0x0101, 0x0101,
    0x0101, 0x0101, 0x0101, 0x0101, 0x0101, 0x0101, 0x0101, 0x0101, 0x0101, 0x0101, 0x0102, 0x0101,
    0x0101, 0x0201, 0x0201, 0x0101, 0x0101, 0x0101, 0x0101, 0x0101, 0x0101, 0x0101, 0x0101, 0x0101,
    0x0101, 0x0101, 0x0101, 0x0101, 0x0101, 0x0101, 0x0101, 0x0101, 0x0101, 0x0101, 0x0101, 0x0101,
    0x0101, 0x0101, 0x0101, 0x0101, 0x0101, 0x0101, 0x0101, 0x0101, 0x0101, 0x0101, 0x0102, 0x0101,
    0x0101, 0x0201, 0x0201, 0x0101, 0x0101, 0x0101, 0x0102, 0x0101, 0x0101, 0x0201, 0x0201, 0x0102,
    0x0101, 0x0101, 0x0101, 0x0101, 0x0101, 0x0101, 0x0101, 0x0101, 0x0101, 0x0101, 0x0101, 0x0101,
    0x0101, 0x0101, 0x0101, 0x0101, 0x0101, 0x0101, 0x0101, 0x0101, 0x0101, 0x0101, 0x0101, 0x0101,
    0x0101, 0x0101, 0x0101, 0x0101, 0x0101, 0x0101, 0x0102, 0x0101, 0x0101, 0x0201, 0x0201, 0x0102,
    0x0101, 0x0101, 0x0101, 0x0101, 0x0101, 0x0101, 0x0101, 0x0101, 0x0101, 0x0101, 0x0101, 0x0101,
    0x0101, 0x0101, 0x0101, 0x0101, 0x0101, 0x0101, 0x0101, 0x0101, 0x0101, 0x0101, 0x0101, 0x0101,
    0x0101, 0x0101, 0x0101, 0x0101, 0x0101, 0x0101, 0x0102, 0x0101, 0x0101, 0x0201, 0x0201, 0x0102,
    0x0101, 0x0101, 0x0101, 0x0101, 0x0101, 0x0101, 0x0101, 0x0101, 0x0101, 0x0101, 0x0101, 0x0101,
    0x0101, 0x0101, 0x0101, 0x0101, 0x0101, 0x0101, 0x0101, 0x0101, 0x0101, 0x0101, 0x0101, 0x0101,
    0x0101, 0x0101, 0x0101, 0x0101, 0x0101, 0x0101, 0x0102, 0x0101, 0x0101, 0x0201, 0x0201, 0x0102,
    0x0101, 0x0101, 0x0101, 0x0101, 0x0101, 0x0101, 0x0101, 0x0101, 0x0101, 0x0101, 0x0101, 0x0101,
    0x0101, 0x0101, 0x0101, 0x0101, 0x0101, 0x0101, 0x0101, 0x0101, 0x0101, 0x0101, 0x0101, 0x0101,
    0x0101, 0x0101, 0x0101, 0x0101, 0x0101, 0x0101, 0x0102, 0x0101, 0x0101, 0x0201, 0x0201, 0x0102,
    0x0101, 0x0101, 0x0101, 0x0101, 0x0101, 0x0101, 0x0101, 0x0101, 0x0101, 0x0101, 0x0101, 0x0101,
    0x0101, 0x0101, 0x0101, 0x0101, 0x0101, 0x0101, 0x0101, 0x0101, 0x0101, 0x0101, 0x0101, 0x0101,
    0x0101, 0x0101, 0x0101, 0x0101, 0x0101, 0x0101, 0x0102, 0x0101, 0x0101, 0x0101, 0x0201, 0x0102,
    0x0101, 0x0201, 0x0101, 0x0101, 0x0101, 0x0101, 0x0102, 0x0101, 0x0101, 0x0201, 0x0201, 0x0202,
    0x0101, 0x0101, 0x0101, 0x0101, 0x0101, 0x0101, 0x0101, 0x0101, 0x0101, 0x0101, 0x0101, 0x0101,
    0x0101, 0x0101, 0x0101, 0x0101, 0x0101, 0x0101, 0x0101, 0x0101, 0x0101, 0x0101, 0x0101, 0x0101,
    0x0101, 0x0101, 0x0101, 0x0101, 0x0101, 0x0101, 0x0102, 0x0101, 0x0101, 0x0201, 0x0201, 0x0202,
    0x0101, 0x0101, 0x0101, 0x0101, 0x0101, 0x0101, 0x0101, 0x0101, 0x0101, 0x0101, 0x0101, 0x0101,
    0x0101, 0x0101, 0x0101, 0x0101, 0x0101, 0x0101, 0x0101, 0x0101, 0x0101, 0x0101, 0x0101, 0x0101,
    0x0101, 0x0101, 0x0101, 0x0101, 0x0101, 0x0101, 0x0102, 0x0101, 0x0101, 0x0201, 0x0201, 0x0202,
    0x0101, 0x0101, 0x0101, 0x0101, 0x0101, 0x0101, 0x0101, 0x0101, 0x0101, 0x0101, 0x0101, 0x0101,
    0x0101, 0x0101, 0x0101, 0x0101, 0x0101, 0x0101, 0x0101, 0x0101, 0x0101, 0x0101, 0x0101, 0x0101,
    0x0101, 0x0101, 0x0101, 0x0101, 0x0101, 0x0101, 0x0102, 0x0101, 0x0101, 0x0201, 0x0201, 0x0202,
    0x0101, 0x0101, 0x0101, 0x0101, 0x0101, 0x0101, 0x0101, 0x0101, 0x0101, 0x0101, 0x0101, 0x0101,
    0x0101, 0x0101, 0x0101, 0x0101, 0x0101, 0x0101, 0x0101, 0x0101, 0x0101, 0x0101, 0x0101, 0x0101,
    0x0101, 0x0101, 0x0101, 0x0101, 0x0101, 0x0101, 0x0102, 0x0101, 0x0101, 0x0201, 0x0201, 0x0202,
    0x0101, 0x0101, 0x0101, 0x0101, 0x0101, 0x0101, 0x0101, 0x0101, 0x0101, 0x0101, 0x0101, 0x0101,
    0x0101, 0x0101, 0x0101, 0x0101, 0x0101, 0x0101, 0x0101, 0x0101, 0x0101, 0x0101, 0x0101, 0x0101,
    0x0101, 0x0101, 0x0101, 0x0101, 0x0101, 0x0101, 0x0102, 0x0101, 0x0101, 0x0201, 0x0201, 0x0202,
    0x0101, 0x0101, 0x0101, 0x0101, 0x0101, 0x0101, 0x0101, 0x0101, 0x0101, 0x0101, 0x0101, 0x0101,
    0x0101, 0x0101, 0x0101, 0x0101, 0x0101, 0x0101, 0x0101, 0x0101, 0x0101, 0x0101, 0x0101, 0x0101,
    0x0101, 0x0101, 0x0101, 0x0101, 0x0101, 0x0101, 0x0102, 0x0101, 0x0101, 0x0201, 0x0201, 0x0202,
    0x0101, 0x0101, 0x0102, 0x0101, 0x0101, 0x0201, 0x0201, 0x0202, 0x0102, 0x0101, 0x0101, 0x0101,
    0x0101, 0x0101, 0x0101, 0x0101, 0x0101, 0x0101, 0x0101, 0x0101, 0x0101, 0x0101, 0x0101, 0x0101,
    0x0101, 0x0101, 0x0101, 0x0101, 0x0101, 0x0101, 0x0101, 0x0101, 0x0101, 0x0101, 0x0101, 0x0101,
    0x0101, 0x0101, 0x0102, 0x0101, 0x0101, 0x0201, 0x0201, 0x0202, 0x0102, 0x0101, 0x0101, 0x0101,
    0x0101, 0x0101, 0x0101, 0x0101, 0x0101, 0x0101, 0x0101, 0x0101, 0x0101, 0x0101, 0x0101, 0x0101,
    0x0101, 0x0101, 0x0101, 0x0101, 0x0101, 0x0101, 0x0101, 0x0101, 0x0101, 0x0101, 0x0101, 0x0101,
    0x0101, 0x0101, 0x0102, 0x0101, 0x0101, 0x0201, 0x0201, 0x0202, 0x0102, 0x0101, 0x0101, 0x0101,
    0x0101, 0x0101, 0x0101, 0x0101, 0x0101, 0x0101, 0x0101, 0x0101, 0x0101, 0x0101, 0x0101, 0x0101,
    0x0101, 0x0101, 0x0101, 0x0101, 0x0101, 0x0101, 0x0101, 0x0101, 0x0101, 0x0101, 0x0101, 0x0101,
    0x0101, 0x0101, 0x0102, 0x0101, 0x0101, 0x0201, 0x0201, 0x0202, 0x0102, 0x0101, 0x0101, 0x0101,
    0x0101, 0x0101, 0x0101, 0x0101, 0x0101, 0x0101, 0x0101, 0x0101, 0x0101, 0x0101, 0x2626, 0x2626,
    0x2626, 0x2626, 0x2626, 0x2626, 0x2626, 0x2626, 0x2626, 0x2626, 0x2626, 0x2626, 0x2626, 0x2A26,
    0x2A2A, 0x272A, 0x2626, 0x2726, 0x2828, 0x2928, 0x2626, 0x2726, 0x2929, 0x2829, 0x2626, 0x4326,
    0x5050, 0x5028, 0x2626, 0x2726, 0x2828, 0x2A28, 0x2626, 0x2626, 0x2626, 0x2626, 0x2626, 0x2626,
    0x2626, 0x2626, 0x2626, 0x2626, 0x2626, 0x2626, 0x2A2A, 0x2A2A, 0x2A2A, 0x2A2A, 0x2928, 0x2829,
    0x2828, 0x2828, 0x2828, 0x2828, 0x2929, 0x2929, 0x5028, 0x5050, 0x5028, 0x5050, 0x272A, 0x2A2A,
    0x272A, 0x272A, 0x2626, 0x2726, 0x2928, 0x2A29, 0x2626, 0x2726, 0x2928, 0x2A29, 0x2626, 0x2726,
    0x2928, 0x4328, 0x2626, 0x2A26, 0x2850, 0x4329, 0x2626, 0x2726, 0x2850, 0x4329, 0x2626, 0x2A26,
    0x2850, 0x4329, 0x2626, 0x2726, 0x2850, 0x4329, 0x2626, 0x2A26, 0x2850, 0x4328, 0x2C2B, 0x2C2C,
    0x2B2D, 0x2C2C, 0x2C2B, 0x2C2C, 0x2C2B, 0x2C2C, 0x2C2B, 0x2D2C, 0x2C02, 0x2C2C, 0x2C2B, 0x2D2C,
    0x2C02, 0x2C2C, 0x2C2B, 0x2D2C, 0x2C2B, 0x2C2C, 0x2A2A, 0x2A2A, 0x2A27, 0x2A2A, 0x2828, 0x2928,
    0x2829, 0x2929, 0x2929, 0x2829, 0x2828, 0x2828, 0x2D2C, 0x2C2B, 0x2C2C, 0x2B2D, 0x2D2C, 0x2C2B,
    0x2C2C, 0x2B2D, 0x2D2C, 0x2C2B, 0x2C2C, 0x022D, 0x2D2C, 0x2C2B, 0x2C2C, 0x022D, 0x2D2C, 0x2C2B,
    0x2C2C, 0x2B2D, 0x2A2A, 0x2A2A, 0x2A2A, 0x2A2A, 0x2828, 0x2828, 0x2828, 0x2929, 0x2928, 0x2929,
    0x2829, 0x2828, 0x2C2B, 0x2C2C, 0x2B2D, 0x2C2C, 0x2C2B, 0x2C2C, 0x2B2D, 0x2B2C, 0x2C2B, 0x2C2C,
    0x2B2D, 0x2C2C, 0x2C2B, 0x2C2C, 0x2B2D, 0x2C2C, 0x2C2B, 0x2C2C, 0x2B2D, 0x2C2C, 0x2A2A, 0x2A2A,
    0x432A, 0x432A, 0x2828, 0x2828, 0x2928, 0x2828, 0x2928, 0x2929, 0x2929, 0x2929, 0x2D2C, 0x2C2B,
    0x2C2C, 0x2B2D, 0x2C02, 0x2C2B, 0x2C2C, 0x022C, 0x2D2B, 0x2C2B, 0x2C2C, 0x2B2D, 0x2D2C, 0x2C2B,
    0x2C2C, 0x2B2D, 0x2D2C, 0x2B02, 0x2C2C, 0x2B2D, 0x2A2A, 0x2A2A, 0x2A27, 0x2A2A, 0x2828, 0x2928,
    0x2829, 0x2929, 0x2929, 0x2829, 0x2828, 0x2828, 0x2B2B, 0x2B2B, 0x002B, 0x2B2B, 0x2C2B, 0x2C2C,
    0x2B02, 0x2C2C, 0x2C2B, 0x2C2C, 0x2B2C, 0x2C2C, 0x2C2B, 0x2C2C, 0x2B2D, 0x2C2C, 0x2C2B, 0x2C2C,
    0x022D, 0x2C2C, 0x2C2B, 0x2C2C, 0x022D, 0x2C2C, 0x2C2B, 0x2C2C, 0x2B2D, 0x2B2C, 0x2C2B, 0x2C2C,
    0x2B2D, 0x2C2C, 0x2B2B, 0x2B2B, 0x2B2B, 0x2B2B, 0x2C2C, 0x2C2B, 0x2C2C, 0x2B2C, 0x2C2C, 0x2C2B,
    0x2C2C, 0x2B2C, 0x2C2C, 0x2B02, 0x2C2C, 0x2B2C, 0x2C2C, 0x2C2B, 0x2C2C, 0x2B2C, 0x2D2B, 0x2C2B,
    0x2C2C, 0x2B2D, 0x2C02, 0x2C2B, 0x2C2C, 0x2B2C, 0x2D2C, 0x2C2B, 0x2C2C, 0x2B2D, 0x2B00, 0x2B2B,
    0x2B2B, 0x2B2B, 0x2C2B, 0x2C2C, 0x2C2B, 0x2C2C, 0x2C2B, 0x2C2C, 0x2C2B, 0x2C2C, 0x2C02, 0x2D2C,
    0x2C2B, 0x2C2C, 0x2C02, 0x2D2C, 0x2C2B, 0x2C2C, 0x2C2B, 0x2D2C, 0x2C02, 0x2C2C, 0x2C02, 0x2C2C,
    0x2C2B, 0x2C2C, 0x2C2B, 0x2C2C, 0x2B2D, 0x2C2C, 0x2E2E, 0x2E2F, 0x2E2E, 0x2E2E, 0x3A3A, 0x3B3B,
    0x3A3A, 0x3A3A, 0x443B, 0x3B3B, 0x443B, 0x4444, 0x5141, 0x4441, 0x5151, 0x4451, 0x4151, 0x4151,
    0x4151, 0x4151, 0x2F2F, 0x2F2F, 0x412F, 0x2F2F, 0x2E2E, 0x2E2E, 0x2E2E, 0x2E2E, 0x5C5C, 0x5C5C,
    0x3D3D, 0x3D3D, 0x3030, 0x3030, 0x3131, 0x3131, 0x3030, 0x3030, 0x3C3C, 0x323C, 0x3030, 0x3C30,
    0x4645, 0x3D32, 0x3C30, 0x4645, 0x4646, 0x3D32, 0x463C, 0x4646, 0x4545, 0x3D32, 0x463C, 0x3A45,
    0x3251, 0x3D32, 0x4645, 0x2F3A, 0x3D32, 0x563D, 0x3246, 0x3232, 0x3D32, 0x5547, 0x3232, 0x3030,
    0x3131, 0x3131, 0x3D3D, 0x3032, 0x3131, 0x3131, 0x3D47, 0x3232, 0x3C3C, 0x3131, 0x3D52, 0x3D32,
    0x4632, 0x313C, 0x5552, 0x523D, 0x323D, 0x3C46, 0x5552, 0x4756, 0x323D, 0x4546, 0x5547, 0x5556,
    0x323D, 0x4632, 0x5556, 0x5655, 0x3D3D, 0x323D, 0x3333, 0x3333, 0x3333, 0x3333, 0x3333, 0x3333,
    0x3333, 0x3333, 0x3333, 0x3131, 0x3434, 0x3434, 0x3333, 0x4B4B, 0x4B4B, 0x4B4B, 0x3333, 0x4B4B,
    0x4B4B, 0x4B4B, 0x3333, 0x4B4B, 0x4B4B, 0x4B4B, 0x3333, 0x4B4B, 0x4B4B, 0x4B4B, 0x3333, 0x4B4B,
    0x4B4B, 0x4B4B, 0x3333, 0x3333, 0x3333, 0x3333, 0x3333, 0x3333, 0x3333, 0x3333, 0x3131, 0x3131,
    0x3034, 0x4948, 0x4B4B, 0x4B4B, 0x304B, 0x532C, 0x4B4B, 0x334B, 0x3033, 0x532C, 0x4B4B, 0x334B,
    0x3033, 0x4957, 0x4B4B, 0x334B, 0x5A33, 0x2C48, 0x4B4B, 0x334B, 0x5A33, 0x0254, 0x3333, 0x3333,
    0x3333, 0x3333, 0x3333, 0x3333, 0x3333, 0x3333, 0x3131, 0x3049, 0x3434, 0x3333, 0x5431, 0x3053,
    0x4B4B, 0x3333, 0x5354, 0x3054, 0x4B30, 0x3333, 0x3131, 0x3031, 0x4B30, 0x3333, 0x5757, 0x5A57,
    0x4B30, 0x3333, 0x3030, 0x5A30, 0x4B30, 0x3333, 0x3333, 0x3333, 0x3333, 0x3333, 0x3333, 0x3E34,
    0x3E34, 0x3E34, 0x3333, 0x344A, 0x3E34, 0x3E34, 0x3333, 0x0202, 0x344A, 0x344A, 0x3333, 0x483A,
    0x2C2C, 0x0202, 0x3333, 0x3A48, 0x4953, 0x5958, 0x3333, 0x483A, 0x5349, 0x5859, 0x3333, 0x0202,
    0x4953, 0x5958, 0x3333, 0x3333, 0x3333, 0x3333, 0x3E34, 0x3131, 0x3434, 0x3434, 0x3E34, 0x4B4B,
    0x4B4B, 0x4B4B, 0x344A, 0x4B4B, 0x4B4B, 0x2C2C, 0x2C2C, 0x4B4B, 0x3233, 0x3232, 0x5A30, 0x334B,
    0x3232, 0x3333, 0x305A, 0x334B, 0x4F32, 0x3333, 0x5A30, 0x334B, 0x3230, 0x3232, 0x3333, 0x3333,
    0x3333, 0x3333, 0x3131, 0x2C34, 0x3434, 0x3333, 0x4B4B, 0x2C2C, 0x332C, 0x3333, 0x4B2C, 0x2C33,
    0x2C2C, 0x3333, 0x3232, 0x334B, 0x332C, 0x3333, 0x3233, 0x4B4F, 0x4B4B, 0x3333, 0x4F33, 0x4B32,
    0x4B4B, 0x3333, 0x3232, 0x4B30, 0x4B4B, 0x3333, 0x3030, 0x3030, 0x3131, 0x3431, 0x3030, 0x3030,
    0x3131, 0x3434, 0x3030, 0x3030, 0x3431, 0x3434, 0x3030, 0x3030, 0x3434, 0x3434, 0x3030, 0x3030,
    0x3434, 0x3434, 0x3030, 0x3030, 0x3434, 0x3434, 0x3030, 0x3030, 0x3431, 0x3434, 0x3030, 0x3030,
    0x3431, 0x3434, 0x3535, 0x3535, 0x3135, 0x3131, 0x3F35, 0x3F3F, 0x4140, 0x4141, 0x4C35, 0x4C4C,
    0x4D40, 0x4D4D, 0x4035, 0x4040, 0x4135, 0x4141, 0x3534, 0x4040, 0x4135, 0x4141, 0x3534, 0x4040,
    0x5B35, 0x5B5B, 0x3534, 0x4040, 0x3435, 0x3434, 0x3534, 0x4040, 0x5B35, 0x5B5B, 0x3030, 0x3030,
    0x3131, 0x3131, 0x4141, 0x4141, 0x4141, 0x4141, 0x4D4D, 0x4D4D, 0x4D4D, 0x4D4D, 0x4141, 0x4141,
    0x4141, 0x4141, 0x4141, 0x4141, 0x4141, 0x4141, 0x5B5B, 0x5B5B, 0x5B5B, 0x5B5B, 0x3131, 0x5C31,
    0x3434, 0x3434, 0x5B5B, 0x5B5B, 0x5B5B, 0x5B5B, 0x3030, 0x3530, 0x3535, 0x3535, 0x4141, 0x4041,
    0x3F3F, 0x353F, 0x4D4D, 0x404D, 0x4C4C, 0x354C, 0x4141, 0x3541, 0x4040, 0x3540, 0x4141, 0x3541,
    0x4040, 0x3135, 0x5B5B, 0x355B, 0x4040, 0x3135, 0x3131, 0x3531, 0x4040, 0x3135, 0x5B5B, 0x355B,
    0x4040, 0x3135, 0x0000, 0x0000, 0x0000, 0x0000, 0x0000, 0x0000, 0x4242, 0x4242, 0x0000, 0x4242,
    0x4F4E, 0x4F4F, 0x4200, 0x4E42, 0x4F4F, 0x4F4F, 0x4200, 0x4E42, 0x4F4F, 0x4F4F, 0x4200, 0x4E42,
    0x4F4F, 0x4F4F, 0x4200, 0x4E42, 0x4F4E, 0x4F4F, 0x5D00, 0x4E42, 0x5D5D, 0x5D5D, 0x0000, 0x0000,
    0x0000, 0x0000, 0x4242, 0x4242, 0x4242, 0x4242, 0x4F4F, 0x4F4F, 0x4F4F, 0x4F4F, 0x4F4F, 0x4F4F,
    0x4F4F, 0x4F4F, 0x4F4F, 0x4F4F, 0x4F4F, 0x4F4F, 0x4F4F, 0x4F4F, 0x4F4F, 0x4F4F, 0x4F4F, 0x4F4F,
    0x4F4F, 0x4F4F, 0x5D5D, 0x5D5D, 0x5D5D, 0x5D5D, 0x0000, 0x0000, 0x0000, 0x0000, 0x4242, 0x4242,
    0x0000, 0x0000, 0x4E4E, 0x424E, 0x4242, 0x0000, 0x4E4F, 0x4E4E, 0x4242, 0x0042, 0x4E4F, 0x4E4E,
    0x4242, 0x0042, 0x4E4F, 0x4E4E, 0x4242, 0x0042, 0x4E4E, 0x424E, 0x4242, 0x0042, 0x5D5D, 0x5D5D,
    0x4242, 0x005D, 0x3600, 0x3737, 0x3938, 0x3939, 0x2C00, 0x3636, 0x3736, 0x3838, 0x3535, 0x3535,
    0x2C35, 0x3636, 0x3F35, 0x3F3F, 0x4140, 0x4141, 0x4C35, 0x4C4C, 0x4D40, 0x4D4D, 0x4035, 0x4040,
    0x4135, 0x4141, 0x3500, 0x4040, 0x4135, 0x4141, 0x3500, 0x4040, 0x5B35, 0x5B5B, 0x3939, 0x3939,
    0x3939, 0x3939, 0x3838, 0x3838, 0x3838, 0x3838, 0x3636, 0x3636, 0x3636, 0x3636, 0x4141, 0x4141,
    0x4141, 0x4141, 0x4D4D, 0x4D4D, 0x4D4D, 0x4D4D, 0x4141, 0x4141, 0x4141, 0x4141, 0x4141, 0x4141,
    0x4141, 0x4141, 0x5B5B, 0x5B5B, 0x5B5B, 0x5B5B, 0x3839, 0x3738, 0x3636, 0x002C, 0x3838, 0x3637,
    0x3636, 0x002C, 0x3636, 0x352C, 0x3535, 0x3535, 0x4141, 0x4041, 0x3F3F, 0x353F, 0x4D4D, 0x404D,
    0x4C4C, 0x354C, 0x4141, 0x3541, 0x4040, 0x3540, 0x4141, 0x3541, 0x4040, 0x0035, 0x5B5B, 0x355B,
    0x4040, 0x0035, 0x0000, 0x0000, 0x3600, 0x3636, 0x0000, 0x0000, 0x3600, 0x3636, 0x0000, 0x0000,
    0x3600, 0x3636, 0x0000, 0x0000, 0x3600, 0x3636, 0x0000, 0x0000, 0x3600, 0x3636, 0x0000, 0x0000,
    0x3600, 0x3636, 0x0000, 0x0000, 0x3600, 0x3636, 0x0000, 0x0000, 0x3600, 0x3636, 0x2626, 0x5026,
    0x2928, 0x4328, 0x2626, 0x2726, 0x2828, 0x4328, 0x2626, 0x2726, 0x2828, 0x2A28, 0x2626, 0x2A26,
    0x2850, 0x4329, 0x2626, 0x2726, 0x2850, 0x4329, 0x2626, 0x2A26, 0x5050, 0x2A50, 0x2626, 0x2A26,
    0x5029, 0x2828, 0x2626, 0x2A26, 0x2828, 0x2928, 0x2626, 0x2626, 0x2626, 0x2626, 0x2626, 0x2626,
    0x2626, 0x2626, 0x2626, 0x2626, 0x2626, 0x2626, 0x2626, 0x2626, 0x2626, 0x2626, 0x2626, 0x2626,
    0x2626, 0x2626, 0x2626, 0x2626, 0x2626, 0x2626, 0x2626, 0x2626, 0x2626, 0x2626, 0x2626, 0x2626,
    0x2626, 0x2626, 0x2843, 0x2829, 0x2650, 0x2626, 0x2843, 0x2828, 0x2627, 0x2626, 0x282A, 0x2828,
    0x2627, 0x2626, 0x2943, 0x5028, 0x262A, 0x2626, 0x2943, 0x5028, 0x2627, 0x2626, 0x502A, 0x5050,
    0x262A, 0x2626, 0x2828, 0x2928, 0x262A, 0x2626, 0x2929, 0x2829, 0x262A, 0x2626, 0x0000, 0x0000,
    0x0000, 0x0000, 0x0000, 0x0000, 0x0000, 0x0000, 0x0000, 0x0000, 0x0000, 0x0000, 0x0000, 0x0000,
    0x0000, 0x0000, 0x0000, 0x0000, 0x0000, 0x0000, 0x2A2A, 0x432A, 0x0000, 0x0000, 0x2828, 0x2A28,
    0x0000, 0x0000, 0x2929, 0x2A29, 0x0000, 0x0000, 0x0000, 0x0000, 0x0000, 0x0000, 0x0000, 0x0000,
    0x0000, 0x0000, 0x0000, 0x0000, 0x0000, 0x0000, 0x0000, 0x0000, 0x0000, 0x0000, 0x0000, 0x0000,
    0x0000, 0x0000, 0x0000, 0x0000, 0x2A27, 0x2A2A, 0x0000, 0x0000, 0x282A, 0x2929, 0x0000, 0x0000,
    0x282A, 0x2828, 0x0000, 0x0000, 0x0000, 0x0000, 0x0000, 0x0000, 0x0000, 0x0000, 0x0000, 0x0000,
    0x0000, 0x0000, 0x0000, 0x0000, 0x0000, 0x0000, 0x0000, 0x0000, 0x0000, 0x0000, 0x2A2A, 0x2A2A,
    0x432A, 0x432A, 0x2828, 0x2828, 0x2928, 0x2828, 0x2928, 0x2929, 0x2929, 0x2929, 0x5F5E, 0x605F,
    0x6060, 0x5F5E, 0x6060, 0x5F5E, 0x5F5E, 0x5F60, 0x5F5E, 0x605E, 0x605F, 0x5E5F, 0x5E5F, 0x5F5E,
    0x5E60, 0x5E60, 0x605F, 0x605F, 0x605E, 0x5E60, 0x5F5E, 0x5E60, 0x5F60, 0x5F60, 0x6060, 0x605F,
    0x5E5E, 0x605F, 0x5F60, 0x5E60, 0x5E5F, 0x605E, 0x5F5E, 0x615F, 0x6161, 0x6362, 0x6060, 0x635E,
    0x6362, 0x6361, 0x5F5E, 0x615E, 0x6163, 0x6263, 0x5E5F, 0x635E, 0x6261, 0x6261, 0x605F, 0x615F,
    0x6162, 0x6261, 0x5F5E, 0x6260, 0x6361, 0x6361, 0x6060, 0x615F, 0x6262, 0x6163, 0x5F60, 0x6260,
    0x6263, 0x6162, 0x0000, 0x0000, 0x0000, 0x0000, 0x6666, 0x5353, 0x0053, 0x0000, 0x6766, 0x4F67,
    0x0053, 0x0000, 0x6766, 0x4F67, 0x0053, 0x0000, 0x6766, 0x4F67, 0x5353, 0x5353, 0x6766, 0x4F67,
    0x6753, 0x6767, 0x6766, 0x4F67, 0x6753, 0x6767, 0x6766, 0x4F67, 0x6753, 0x5367, 0x0000, 0x0000,
    0x0000, 0x0000, 0x0000, 0x0000, 0x0000, 0x0000, 0x0000, 0x0000, 0x0000, 0x0000, 0x0000, 0x0000,
    0x0000, 0x0000, 0x5353, 0x5353, 0x5353, 0x5353, 0x6767, 0x6767, 0x6767, 0x6767, 0x6767, 0x6767,
    0x6767, 0x6767, 0x5353, 0x5353, 0x5353, 0x5353, 0x0000, 0x0000, 0x0000, 0x0000, 0x0000, 0x0000,
    0x0000, 0x0000, 0x0000, 0x0000, 0x0000, 0x0000, 0x0000, 0x0000, 0x0000, 0x0000, 0x5353, 0x0053,
    0x5300, 0x5353, 0x6767, 0x534F, 0x6753, 0x6767, 0x6767, 0x664F, 0x6766, 0x6767, 0x5353, 0x5353,
    0x5353, 0x5353, 0x0000, 0x0000, 0x0000, 0x0000, 0x0000, 0x5300, 0x5353, 0x6666, 0x0000, 0x5300,
    0x6767, 0x6653, 0x0000, 0x5300, 0x6767, 0x6653, 0x5353, 0x6653, 0x6767, 0x6653, 0x5367, 0x6653,
    0x6767, 0x6653, 0x5367, 0x6653, 0x6767, 0x6653, 0x5366, 0x6653, 0x6767, 0x6653, 0x6464, 0x6464,
    0x3434, 0x3434, 0x3030, 0x3030, 0x3E3E, 0x3E3E, 0x3030, 0x3030, 0x3131, 0x3131, 0x3030, 0x3030,
    0x3131, 0x3131, 0x3030, 0x3030, 0x3131, 0x3131, 0x3030, 0x3030, 0x3131, 0x3131, 0x3030, 0x3030,
    0x3131, 0x3131, 0x3030, 0x3030, 0x3131, 0x3131, 0x3D32, 0x3D3D, 0x3D32, 0x5252, 0x3D32, 0x4752,
    0x563D, 0x4752, 0x323C, 0x5556, 0x3D55, 0x5555, 0x3C30, 0x5632, 0x3D55, 0x5555, 0x3030, 0x323C,
    0x5556, 0x5247, 0x3030, 0x5632, 0x4755, 0x5252, 0x3030, 0x5632, 0x3D3D, 0x3D3D, 0x3030, 0x3230,
    0x3232, 0x3232, 0x5555, 0x5252, 0x5547, 0x323D, 0x5655, 0x4747, 0x3D55, 0x4532, 0x5655, 0x5555,
    0x323D, 0x453C, 0x5656, 0x4755, 0x5652, 0x3132, 0x5252, 0x5647, 0x3D56, 0x3132, 0x5252, 0x5547,
    0x3256, 0x3131, 0x3D3D, 0x563D, 0x3132, 0x3131, 0x3232, 0x3232, 0x3131, 0x3131, 0x3333, 0x4B4B,
    0x4B4B, 0x4B4B, 0x3333, 0x4B4B, 0x4B4B, 0x4B4B, 0x3333, 0x3030, 0x3030, 0x3030, 0x3333, 0x3333,
    0x3333, 0x3333, 0x3333, 0x3333, 0x3333, 0x3333, 0x3333, 0x3131, 0x6565, 0x6565, 0x3333, 0x4B4B,
    0x6565, 0x6565, 0x3333, 0x3333, 0x6565, 0x6565, 0x4B4B, 0x334B, 0x3333, 0x485A, 0x4B4B, 0x4B4B,
    0x4B4B, 0x4B4B, 0x3030, 0x3030, 0x3030, 0x3030, 0x3333, 0x3333, 0x3333, 0x3333, 0x3333, 0x3333,
    0x3333, 0x3333, 0x6541, 0x6565, 0x3465, 0x3434, 0x6541, 0x6565, 0x4B65, 0x4B4B, 0x6541, 0x6565,
    0x4B65, 0x334B, 0x572C, 0x5757, 0x4B5A, 0x3333, 0x4B4B, 0x4B4B, 0x4B4B, 0x3333, 0x3030, 0x3030,
    0x3030, 0x3333, 0x3333, 0x3333, 0x3333, 0x3333, 0x3333, 0x3333, 0x3333, 0x3333, 0x3131, 0x3131,
    0x3434, 0x3333, 0x554B, 0x4B56, 0x4B4B, 0x3333, 0x5255, 0x5556, 0x4B4B, 0x3333, 0x3333, 0x3333,
    0x2C2C, 0x0202, 0x3333, 0x4B4B, 0x4B4B, 0x4B4B, 0x3333, 0x3030, 0x3030, 0x3030, 0x3333, 0x3333,
    0x3333, 0x3333, 0x3333, 0x3333, 0x3333, 0x3333, 0x3333, 0x3B3B, 0x3B3A, 0x3B3A, 0x3333, 0x4B4B,
    0x4B4B, 0x4B4B, 0x3333, 0x4B4B, 0x4B4B, 0x4B4B, 0x2C2C, 0x4B4B, 0x3033, 0x3030, 0x4B4B, 0x4B4B,
    0x4B4B, 0x4B4B, 0x3030, 0x3030, 0x3030, 0x3030, 0x3333, 0x3333, 0x3333, 0x3333, 0x3333, 0x3333,
    0x3333, 0x3333, 0x3A3B, 0x5141, 0x5341, 0x412F, 0x4B33, 0x4B4B, 0x534B, 0x6969, 0x334B, 0x5333,
    0x4F53, 0x6B6B, 0x3030, 0x4B33, 0x4B4B, 0x3333, 0x4B4B, 0x4B4B, 0x4B4B, 0x3333, 0x3030, 0x3030,
    0x3030, 0x3333, 0x3333, 0x3333, 0x3333, 0x3333, 0x3333, 0x3333, 0x3333, 0x3333, 0x5153, 0x4141,
    0x3B3B, 0x3333, 0x4B53, 0x324B, 0x4B32, 0x3333, 0x534F, 0x3253, 0x4B32, 0x3333, 0x3030, 0x3030,
    0x3431, 0x3434, 0x3030, 0x3030, 0x3431, 0x3434, 0x3030, 0x3030, 0x3431, 0x3434, 0x3030, 0x3030,
    0x3431, 0x3434, 0x3030, 0x3030, 0x3431, 0x3434, 0x3030, 0x3030, 0x3431, 0x3434, 0x3030, 0x3030,
    0x3431, 0x3434, 0x3030, 0x3030, 0x3434, 0x3434, 0x3534, 0x4040, 0x6535, 0x6565, 0x3534, 0x4040,
    0x4135, 0x4141, 0x3534, 0x4040, 0x4135, 0x5353, 0x3534, 0x3540, 0x5366, 0x6868, 0x3534, 0x6635,
    0x6853, 0x6868, 0x3634, 0x5366, 0x6868, 0x6868, 0x3634, 0x5366, 0x6853, 0x5368, 0x3634, 0x6666,
    0x5353, 0x6866, 0x6565, 0x6565, 0x6565, 0x6565, 0x4141, 0x4141, 0x4141, 0x4141, 0x5353, 0x5353,
    0x5353, 0x5353, 0x6868, 0x6868, 0x6868, 0x6868, 0x6868, 0x6868, 0x6868, 0x6868, 0x6868, 0x6868,
    0x6868, 0x6868, 0x6868, 0x6868, 0x6868, 0x6868, 0x5353, 0x5353, 0x5353, 0x5353, 0x6565, 0x3565,
    0x4040, 0x3135, 0x4141, 0x3541, 0x4040, 0x3135, 0x5353, 0x3541, 0x4040, 0x3135, 0x6868, 0x6653,
    0x4035, 0x3135, 0x6868, 0x5368, 0x3566, 0x3135, 0x6868, 0x6853, 0x6653, 0x3136, 0x6868, 0x6668,
    0x6653, 0x3136, 0x6653, 0x5353, 0x6666, 0x3136, 0x5D00, 0x2C37, 0x2C2C, 0x2C2C, 0x3600, 0x3838,
    0x3942, 0x3939, 0x3600, 0x5366, 0x3968, 0x6839, 0x3600, 0x3838, 0x6868, 0x6868, 0x3600, 0x3938,
    0x3942, 0x3939, 0x3600, 0x3938, 0x4E4E, 0x4E4E, 0x3600, 0x3866, 0x3942, 0x3939, 0x3600, 0x5366,
    0x6868, 0x6868, 0x2C2C, 0x2C2C, 0x2C2C, 0x2C2C, 0x3939, 0x3939, 0x3939, 0x3939, 0x6868, 0x6868,
    0x6868, 0x6868, 0x3939, 0x3939, 0x3939, 0x3939, 0x4E4E, 0x4E4E, 0x4E4E, 0x4E4E, 0x394E, 0x3939,
    0x3939, 0x4E39, 0x6839, 0x6868, 0x6868, 0x3968, 0x6868, 0x3939, 0x3939, 0x6868, 0x2C2C, 0x2C2C,
    0x372C, 0x005D, 0x3839, 0x3738, 0x3637, 0x002C, 0x3868, 0x5338, 0x6666, 0x002C, 0x5368, 0x5353,
    0x3636, 0x002C, 0x3839, 0x3737, 0x3838, 0x002C, 0x394E, 0x3939, 0x3638, 0x002C, 0x3839, 0x3737,
    0x6636, 0x002C, 0x5368, 0x5353, 0x6666, 0x002C, 0x3562, 0x4040, 0x3D35, 0x3636, 0x3561, 0x563D,
    0x3D02, 0x5B56, 0x3562, 0x3D02, 0x3D56, 0x5656, 0x3563, 0x0202, 0x4A4A, 0x5656, 0x3563, 0x2C02,
    0x3802, 0x3D4A, 0x3562, 0x563D, 0x3856, 0x563D, 0x3D3D, 0x3D3D, 0x4A3D, 0x5656, 0x3561, 0x2C02,
    0x3D02, 0x5656, 0x363D, 0x5636, 0x3636, 0x3636, 0x5B3D, 0x0256, 0x0202, 0x5B5B, 0x563D, 0x3D56,
    0x022C, 0x6565, 0x564A, 0x3D56, 0x5656, 0x3D3D, 0x3D4A, 0x4A4A, 0x3D3D, 0x4141, 0x563D, 0x5656,
    0x022C, 0x4141, 0x3D4A, 0x5656, 0x0256, 0x6A6A, 0x563D, 0x4A3D, 0x563D, 0x605E, 0x3636, 0x3536,
    0x4040, 0x5F35, 0x5B5B, 0x355B, 0x4040, 0x5F35, 0x6565, 0x3565, 0x4040, 0x5E35, 0x4141, 0x3541,
    0x4040, 0x5E35, 0x4141, 0x3541, 0x4040, 0x5E35, 0x4141, 0x3541, 0x4040, 0x5F35, 0x6A6A, 0x356A,
    0x4040, 0x6035, 0x5F60, 0x3560, 0x3535, 0x6035, 0x0000, 0x0000, 0x3600, 0x3636, 0x0000, 0x0000,
    0x3600, 0x3636, 0x0000, 0x0000, 0x3600, 0x3636, 0x0000, 0x0000, 0x3600, 0x3636, 0x0000, 0x0000,
    0x3600, 0x3636, 0x0000, 0x0000, 0x3600, 0x3636, 0x0000, 0x0000, 0x3600, 0x3636, 0x0000, 0x0000,
    0x3700, 0x3737, 0x2626, 0x2A26, 0x5050, 0x2850, 0x2626, 0x2A26, 0x2A27, 0x2A2A, 0x2626, 0x3A26,
    0x3A3A, 0x3A3A, 0x2626, 0x3A26, 0x3A3A, 0x3A3A, 0x2626, 0x3A26, 0x3A3A, 0x3A3A, 0x2626, 0x2626,
    0x2626, 0x2626, 0x2626, 0x2626, 0x2626, 0x2626, 0x2626, 0x2626, 0x2626, 0x2626, 0x2A2A, 0x2A2A,
    0x2A2A, 0x2A2A, 0x2828, 0x2929, 0x2828, 0x2828, 0x2829, 0x2828, 0x2928, 0x2929, 0x2850, 0x5050,
    0x2850, 0x5050, 0x2A27, 0x2A27, 0x2A2A, 0x2A27, 0x3A3A, 0x3A3A, 0x3A3A, 0x3A3A, 0x3A3A, 0x3A3A,
    0x3A3A, 0x3A3A, 0x3A3A, 0x3A3A, 0x3A3A, 0x3A3A, 0x2827, 0x2850, 0x262A, 0x2626, 0x2A2A, 0x2A2A,
    0x262A, 0x2626, 0x3A3A, 0x3A3A, 0x263A, 0x2626, 0x3A3A, 0x3A3A, 0x263A, 0x2626, 0x3A3A, 0x3A3A,
    0x263A, 0x2626, 0x2626, 0x2626, 0x2626, 0x2626, 0x2626, 0x2626, 0x2626, 0x2626, 0x2626, 0x2626,
    0x2626, 0x2626, 0x5050, 0x2A50, 0x2A2A, 0x2A2A, 0x282A, 0x2929, 0x2828, 0x2828, 0x282A, 0x2828,
    0x2928, 0x2929, 0x282A, 0x5050, 0x2850, 0x5050, 0x2A27, 0x2A27, 0x2A2A, 0x2A27, 0x3A3A, 0x3A3A,
    0x3A3A, 0x3A3A, 0x3A3A, 0x3A3A, 0x3A3A, 0x3A3A, 0x3A3A, 0x3A3A, 0x3A3A, 0x3A3A, 0x432A, 0x432A,
    0x502A, 0x5050, 0x2928, 0x2828, 0x2828, 0x2A28, 0x2929, 0x2929, 0x2929, 0x2A29, 0x5050, 0x5050,
    0x2827, 0x2A50, 0x2727, 0x2A27, 0x2A2A, 0x2A2A, 0x3A3A, 0x3A3A, 0x3A3A, 0x3A3A, 0x3A3A, 0x3A3A,
    0x3A3A, 0x3A3A, 0x3A3A, 0x3A3A, 0x3A3A, 0x3A3A, 0x2850, 0x5050, 0x5050, 0x5050, 0x2A2A, 0x2A27,
    0x2727, 0x2A27, 0x3A3A, 0x3A3A, 0x3A3A, 0x3A3A, 0x3A3A, 0x3A3A, 0x3A3A, 0x3A3A, 0x3A3A, 0x3A3A,
    0x3A3A, 0x3A3A, 0x2626, 0x2626, 0x2626, 0x2626, 0x2626, 0x2626, 0x2626, 0x2626, 0x2626, 0x2626,
    0x2626, 0x2626, 0x6464, 0x6464, 0x3E3E, 0x3E3E, 0x2E2E, 0x2E2E, 0x2E2E, 0x2E2E, 0x2F41, 0x2F2F,
    0x2F41, 0x2F2F, 0x3B44, 0x3B3B, 0x3B44, 0x3B3B, 0x5151, 0x5151, 0x5144, 0x5144, 0x5141, 0x4141,
    0x4141, 0x4141, 0x3A3A, 0x3A3A, 0x3A3B, 0x3B3A, 0x2F2E, 0x2F2F, 0x2F2F, 0x2F2F, 0x6464, 0x3164,
    0x3434, 0x3434, 0x2E2E, 0x412E, 0x4444, 0x4441, 0x2F2F, 0x3B41, 0x443B, 0x3B3B, 0x3B3B, 0x5B3B,
    0x5B5B, 0x5B5B, 0x5151, 0x3B44, 0x443B, 0x3B3B, 0x5141, 0x4441, 0x4444, 0x4444, 0x3A3A, 0x5B3B,
    0x5B5B, 0x5B5B, 0x2F2F, 0x3B2F, 0x3B44, 0x4444, 0x6766, 0x4F67, 0x6753, 0x6753, 0x6766, 0x4F67,
    0x5366, 0x6753, 0x6766, 0x4F67, 0x5366, 0x6753, 0x6766, 0x4F67, 0x5366, 0x5366, 0x6766, 0x4F67,
    0x6666, 0x5353, 0x2A2A, 0x2A2A, 0x432A, 0x432A, 0x2828, 0x2828, 0x2928, 0x2828, 0x2928, 0x2929,
    0x2929, 0x2929, 0x6767, 0x6767, 0x6767, 0x6767, 0x6767, 0x6767, 0x6767, 0x6767, 0x6767, 0x6767,
    0x6767, 0x6767, 0x5353, 0x5353, 0x5353, 0x5353, 0x5353, 0x5353, 0x5353, 0x5353, 0x2A2A, 0x2A2A,
    0x2A27, 0x2A2A, 0x2828, 0x2928, 0x2829, 0x2929, 0x2929, 0x2829, 0x2828, 0x2828, 0x2B2B, 0x002B,
    0x2B2B, 0x2B2B, 0x2C2C, 0x2B2B, 0x2C2C, 0x2B2C, 0x2D2C, 0x2C2B, 0x2C2C, 0x2B2C, 0x2D2C, 0x2C02,
    0x2C2C, 0x2B2C, 0x2D2C, 0x2C2B, 0x2C2C, 0x2B2D, 0x2D2C, 0x2C02, 0x2C2C, 0x2B2D, 0x2D2C, 0x2C02,
    0x2C2C, 0x2B2D, 0x2D2C, 0x2C2B, 0x2C2C, 0x2B2D, 0x6667, 0x6653, 0x6767, 0x6653, 0x674F, 0x6666,
    0x6767, 0x6653, 0x4F4F, 0x6667, 0x6767, 0x6653, 0x4F67, 0x664F, 0x6767, 0x6653, 0x6753, 0x664F,
    0x6767, 0x6653, 0x2A2A, 0x2A2A, 0x432A, 0x432A, 0x2828, 0x2828, 0x2928, 0x2828, 0x2928, 0x2929,
    0x2929, 0x2929, 0x3030, 0x3030, 0x3131, 0x3131, 0x3030, 0x3030, 0x3131, 0x3131, 0x3030, 0x3030,
    0x3131, 0x3131, 0x3030, 0x3030, 0x3131, 0x3131, 0x3030, 0x3030, 0x3131, 0x3131, 0x3030, 0x3030,
    0x3131, 0x3131, 0x3030, 0x3030, 0x3131, 0x3131, 0x3030, 0x3030, 0x3131, 0x3131, 0x3030, 0x3030,
    0x3131, 0x3431, 0x3030, 0x3030, 0x3131, 0x3434, 0x3030, 0x3030, 0x3431, 0x3434, 0x3030, 0x3030,
    0x3434, 0x3434, 0x3030, 0x3130, 0x3434, 0x3434, 0x3030, 0x3131, 0x3434, 0x3434, 0x3130, 0x3131,
    0x3434, 0x3434, 0x3130, 0x3131, 0x3434, 0x3434, 0x3130, 0x3131, 0x3434, 0x3434, 0x3130, 0x3131,
    0x3434, 0x3434, 0x3130, 0x3131, 0x3434, 0x3434, 0x3130, 0x3131, 0x3434, 0x3434, 0x3130, 0x3131,
    0x3434, 0x3434, 0x3130, 0x3131, 0x3434, 0x3434, 0x3130, 0x3131, 0x3434, 0x3434, 0x3130, 0x3131,
    0x3434, 0x3434, 0x3333, 0x3333, 0x6565, 0x6565, 0x3333, 0x3333, 0x4141, 0x4141, 0x3333, 0x3333,
    0x4141, 0x3A41, 0x3333, 0x3333, 0x4141, 0x4141, 0x3333, 0x3333, 0x4141, 0x4141, 0x3333, 0x4B4B,
    0x4B4B, 0x4B4B, 0x3333, 0x3030, 0x3030, 0x3030, 0x3333, 0x3333, 0x3333, 0x3333, 0x6541, 0x6565,
    0x4B65, 0x5533, 0x4141, 0x4141, 0x3341, 0x5255, 0x3A3A, 0x4141, 0x3341, 0x5256, 0x4141, 0x4141,
    0x3341, 0x5633, 0x4141, 0x4141, 0x4B41, 0x5633, 0x4B4B, 0x4B4B, 0x4B4B, 0x4B4B, 0x3030, 0x3030,
    0x3030, 0x3030, 0x3333, 0x3333, 0x3333, 0x3333, 0x5556, 0x5255, 0x4B56, 0x3333, 0x5655, 0x5552,
    0x4B56, 0x3333, 0x5656, 0x5655, 0x4B4B, 0x3333, 0x5556, 0x5656, 0x4B4B, 0x3333, 0x5656, 0x3356,
    0x4B4B, 0x3333, 0x4B4B, 0x4B4B, 0x4B4B, 0x3333, 0x3030, 0x3030, 0x3030, 0x3333, 0x3333, 0x3333,
    0x3333, 0x3333, 0x3333, 0x4B4B, 0x4B4B, 0x4B4B, 0x3333, 0x4B4B, 0x4B4B, 0x4B4B, 0x3333, 0x4B4B,
    0x4B4B, 0x4B4B, 0x3333, 0x4B4B, 0x4B4B, 0x4B4B, 0x3333, 0x4B4B, 0x4B4B, 0x4B4B, 0x3333, 0x3030,
    0x3030, 0x3030, 0x3333, 0x3333, 0x3333, 0x3333, 0x3333, 0x3333, 0x3333, 0x3333, 0x334B, 0x4833,
    0x6B48, 0x6B6B, 0x334B, 0x3333, 0x6B48, 0x6B6B, 0x3333, 0x3333, 0x6958, 0x5353, 0x3333, 0x3333,
    0x6932, 0x5858, 0x3333, 0x4B4B, 0x3233, 0x3232, 0x3030, 0x3030, 0x3030, 0x3030, 0x3333, 0x3333,
    0x3333, 0x3333, 0x3333, 0x3333, 0x3333, 0x3333, 0x486B, 0x3348, 0x4B33, 0x3333, 0x486B, 0x4B4B,
    0x3232, 0x3333, 0x5869, 0x4B4B, 0x3232, 0x3333, 0x4F69, 0x4B4B, 0x3333, 0x3333, 0x4B4F, 0x4B4B,
    0x4B4B, 0x3333, 0x3030, 0x3030, 0x3030, 0x3333, 0x3333, 0x3333, 0x3333, 0x3333, 0x3333, 0x3333,
    0x3333, 0x3333, 0x4B4B, 0x4B4B, 0x4B4B, 0x4B4B, 0x4B4B, 0x4B4B, 0x4B4B, 0x4B4B, 0x4B4B, 0x4B4B,
    0x4B4B, 0x4B4B, 0x4B4B, 0x4B4B, 0x4B4B, 0x4B4B, 0x4B4B, 0x4B4B, 0x4B4B, 0x4B4B, 0x4B4B, 0x4B4B,
    0x4B4B, 0x4B4B, 0x4B4B, 0x4B4B, 0x4B4B, 0x4B4B, 0x3030, 0x3030, 0x3030, 0x3030, 0x3634, 0x6666,
    0x6666, 0x5353, 0x2C44, 0x662C, 0x4242, 0x4242, 0x2C3B, 0x4242, 0x4F4E, 0x4F4F, 0x425B, 0x4E42,
    0x4F4F, 0x4F4F, 0x423B, 0x4E42, 0x4F4F, 0x4F4F, 0x4244, 0x4E42, 0x4F4F, 0x4F4F, 0x425B, 0x4E42,
    0x4F4E, 0x4F4F, 0x5D3B, 0x4E42, 0x5D5D, 0x5D5D, 0x5353, 0x5353, 0x5353, 0x5353, 0x4242, 0x4242,
    0x4242, 0x4242, 0x4F4F, 0x4F4F, 0x4F4F, 0x4F4F, 0x4F4F, 0x4F4F, 0x4F4F, 0x4F4F, 0x4F4F, 0x4F4F,
    0x4F4F, 0x4F4F, 0x4F4F, 0x4F4F, 0x4F4F, 0x4F4F, 0x4F4F, 0x4F4F, 0x4F4F, 0x4F4F, 0x5D5D, 0x5D5D,
    0x5D5D, 0x5D5D, 0x5353, 0x6666, 0x6666, 0x3E36, 0x4242, 0x4242, 0x2C66, 0x2E2C, 0x4E4E, 0x424E,
    0x4242, 0x2F2C, 0x4E4F, 0x4E4E, 0x4242, 0x3B42, 0x4E4F, 0x4E4E, 0x4242, 0x5142, 0x4E4F, 0x4E4E,
    0x4242, 0x4142, 0x4E4E, 0x424E, 0x4242, 0x3B42, 0x5D5D, 0x5D5D, 0x4242, 0x2F5D, 0x3600, 0x3838,
    0x3939, 0x3939, 0x3600, 0x3838, 0x3839, 0x3939, 0x3600, 0x4238, 0x3938, 0x3939, 0x3600, 0x3839,
    0x3938, 0x3939, 0x3600, 0x3838, 0x3938, 0x3939, 0x3600, 0x3838, 0x3838, 0x3939, 0x3600, 0x3838,
    0x3939, 0x3939, 0x3600, 0x3838, 0x3939, 0x3939, 0x3939, 0x3939, 0x3939, 0x4242, 0x3939, 0x3939,
    0x3939, 0x3939, 0x3939, 0x3939, 0x3939, 0x3939, 0x3939, 0x3939, 0x3939, 0x3939, 0x3939, 0x3939,
    0x3939, 0x3939, 0x3939, 0x3939, 0x3939, 0x3939, 0x3939, 0x3939, 0x3939, 0x3939, 0x3939, 0x3939,
    0x4239, 0x3939, 0x3939, 0x3738, 0x3636, 0x002C, 0x3838, 0x3738, 0x3637, 0x002C, 0x3838, 0x3738,
    0x3637, 0x002C, 0x3839, 0x3737, 0x3637, 0x002C, 0x3839, 0x3738, 0x3637, 0x002C, 0x3839, 0x3737,
    0x3636, 0x002C, 0x3838, 0x3737, 0x3636, 0x002C, 0x3738, 0x3737, 0x3636, 0x002C, 0x5F5E, 0x2C02,
    0x3802, 0x3D56, 0x6060, 0x0202, 0x3802, 0x3D3D, 0x5F5E, 0x2C02, 0x0202, 0x023D, 0x5E5F, 0x0202,
    0x2C02, 0x2C2C, 0x605F, 0x2B02, 0x0202, 0x0202, 0x2A2A, 0x2A2A, 0x432A, 0x432A, 0x2828, 0x2828,
    0x2928, 0x2828, 0x2928, 0x2929, 0x2929, 0x2929, 0x563D, 0x024A, 0x022C, 0x5F3D, 0x5638, 0x0238,
    0x0202, 0x5F60, 0x3D02, 0x0202, 0x022C, 0x5E5F, 0x3D2C, 0x022C, 0x0202, 0x5E60, 0x0202, 0x0202,
    0x022B, 0x5E60, 0x2A2A, 0x2A2A, 0x2A27, 0x2A2A, 0x2828, 0x2928, 0x2829, 0x2929, 0x2929, 0x2829,
    0x2828, 0x2828, 0x6261, 0x6362, 0x6161, 0x6362, 0x6361, 0x6262, 0x6362, 0x6361, 0x6163, 0x6163,
    0x6163, 0x6263, 0x6162, 0x6261, 0x6261, 0x6261, 0x6162, 0x6162, 0x6162, 0x6261, 0x6362, 0x6361,
    0x6361, 0x6361, 0x6163, 0x6263, 0x6262, 0x6163, 0x6263, 0x6161, 0x6263, 0x6162, 0x0000, 0x0000,
    0x2C00, 0x2C2C, 0x0000, 0x0000, 0x2C00, 0x2C2C, 0x0000, 0x0000, 0x2C00, 0x2C2C, 0x0000, 0x0000,
    0x2C00, 0x2C2C, 0x0000, 0x0000, 0x2C00, 0x2C2C, 0x0000, 0x0000, 0x0000, 0x0202, 0x0000, 0x0000,
    0x0000, 0x2C2C, 0x0000, 0x0000, 0x0000, 0x2C2C, 0x2E2E, 0x2E2E, 0x2E2E, 0x2E2E, 0x3A3A, 0x3B3B,
    0x3A3A, 0x3A3A, 0x443B, 0x3B3B, 0x443B, 0x4444, 0x5141, 0x4441, 0x5151, 0x4451, 0x4151, 0x4151,
    0x4151, 0x4151, 0x5141, 0x5141, 0x5141, 0x5141, 0x2F2F, 0x2F2F, 0x412F, 0x2F2F, 0x2E2E, 0x2E2E,
    0x2E2E, 0x2E2E, 0x6C6C, 0x6C6C, 0x6C6C, 0x6C6C, 0x6C6C, 0x6C6C, 0x6C6C, 0x6C6C, 0x6C6C, 0x6C6C,
    0x6C6C, 0x6C6C, 0x6C6C, 0x6C6C, 0x6C6C, 0x6C6C, 0x6C6C, 0x6C6C, 0x6C6C, 0x6C6C, 0x6C6C, 0x6C6C,
    0x6C6C, 0x6C6C, 0x6C6C, 0x6C6C, 0x6C6C, 0x6C6C, 0x6C6C, 0x6C6C, 0x6C6C, 0x6C6C, 0x3030, 0x3030,
    0x3131, 0x3131, 0x3030, 0x3030, 0x3131, 0x3131, 0x3030, 0x3030, 0x3131, 0x3131, 0x3030, 0x3030,
    0x3131, 0x3131, 0x3030, 0x3030, 0x3131, 0x3131, 0x3030, 0x3030, 0x3131, 0x3131, 0x3030, 0x3030,
    0x3131, 0x3131, 0x3030, 0x3030, 0x3131, 0x3431, 0x3030, 0x3030, 0x3131, 0x3131, 0x3030, 0x3030,
    0x3131, 0x3131, 0x3030, 0x5730, 0x5757, 0x5757, 0x3030, 0x5730, 0x5757, 0x5757, 0x3030, 0x5757,
    0x5757, 0x5757, 0x3130, 0x5757, 0x5757, 0x5757, 0x3131, 0x5757, 0x5757, 0x5757, 0x3131, 0x3838,
    0x3838, 0x3838, 0x3130, 0x3131, 0x3434, 0x3434, 0x3130, 0x3131, 0x3434, 0x3434, 0x3057, 0x3057,
    0x3457, 0x3434, 0x5757, 0x5730, 0x3130, 0x3434, 0x3057, 0x3057, 0x3057, 0x3434, 0x5757, 0x5730,
    0x5730, 0x3434, 0x3057, 0x3057, 0x3057, 0x3434, 0x3838, 0x3838, 0x3838, 0x3434, 0x6666, 0x6666,
    0x6666, 0x6666, 0x6666, 0x6666, 0x6666, 0x6666, 0x6666, 0x6D6D, 0x6D6D, 0x6D6D, 0x6666, 0x6D6D,
    0x6D6D, 0x6D6D, 0x6666, 0x6D6D, 0x6D6D, 0x6D6D, 0x6666, 0x6D6D, 0x6D6D, 0x6D6D, 0x6666, 0x6D6D,
    0x6D6D, 0x6D6D, 0x6666, 0x6D6D, 0x6D6D, 0x6D6D, 0x6666, 0x6666, 0x6666, 0x6666, 0x6666, 0x6666,
    0x6666, 0x6666, 0x6D6D, 0x6D6D, 0x6D6D, 0x6D6D, 0x6D6D, 0x6D6D, 0x6D6D, 0x6D6D, 0x6D6D, 0x6D6D,
    0x6D6D, 0x6D6D, 0x6D6D, 0x6D6D, 0x6D6D, 0x6D6D, 0x6D6D, 0x6D6D, 0x6D6D, 0x6D6D, 0x6D6D, 0x6D6D,
    0x6D6D, 0x6D6D, 0x6666, 0x6666, 0x6666, 0x6666, 0x6666, 0x6666, 0x6666, 0x6666, 0x6D6D, 0x6D6D,
    0x8585, 0x4949, 0x6666, 0x6666, 0x6D49, 0x6666, 0x6666, 0x6666, 0x6D49, 0x6666, 0x6666, 0x6666,
    0x6D49, 0x6666, 0x6666, 0x6666, 0x6D49, 0x6666, 0x6666, 0x6666, 0x6D49, 0x6666, 0x6666, 0x6666,
    0x6666, 0x6666, 0x6666, 0x6666, 0x6666, 0x6666, 0x4949, 0x4949, 0x4949, 0x4949, 0x6653, 0x6666,
    0x6666, 0x6666, 0x6653, 0x6666, 0x6666, 0x6666, 0x6653, 0x6666, 0x6666, 0x6666, 0x6653, 0x6666,
    0x6666, 0x6666, 0x6653, 0x6666, 0x6666, 0x6666, 0x6666, 0x6666, 0x6666, 0x6666, 0x6666, 0x6666,
    0x6666, 0x6666, 0x4949, 0x4949, 0x4949, 0x6666, 0x6666, 0x6666, 0x4966, 0x6666, 0x6666, 0x6666,
    0x4966, 0x6666, 0x6666, 0x6666, 0x4966, 0x6666, 0x6666, 0x6666, 0x4966, 0x6666, 0x6666, 0x6666,
    0x4966, 0x6666, 0x6666, 0x496D, 0x4949, 0x4949, 0x6666, 0x496D, 0x4949, 0x4949, 0x6666, 0x536D,
    0x5353, 0x5353, 0x6666, 0x666D, 0x6666, 0x6666, 0x6666, 0x666D, 0x6666, 0x6666, 0x6666, 0x666D,
    0x6666, 0x6666, 0x6666, 0x496D, 0x6D49, 0x4A6D, 0x6666, 0x496D, 0x3D49, 0x4A3D, 0x4949, 0x4949,
    0x4949, 0x4949, 0x4949, 0x4949, 0x4949, 0x4949, 0x5353, 0x5353, 0x5353, 0x5353, 0x6666, 0x6666,
    0x6666, 0x6666, 0x6666, 0x6666, 0x6666, 0x6666, 0x6666, 0x6666, 0x6666, 0x6666, 0x6D4A, 0x4949,
    0x4949, 0x4949, 0x5757, 0x4949, 0x3649, 0x6D36, 0x6666, 0x6666, 0x6D49, 0x6666, 0x6666, 0x6666,
    0x6D49, 0x6666, 0x6666, 0x6666, 0x6D49, 0x6666, 0x6666, 0x6666, 0x6D49, 0x6666, 0x6666, 0x6666,
    0x6D49, 0x6666, 0x6666, 0x6666, 0x6D49, 0x6666, 0x4949, 0x4949, 0x6D49, 0x6666, 0x366D, 0x4936,
    0x6D49, 0x6666, 0x282A, 0x2829, 0x5050, 0x5050, 0x2843, 0x2829, 0x2727, 0x2727, 0x2843, 0x2828,
    0x3A2A, 0x3A3A, 0x2843, 0x2829, 0x3A50, 0x3A3A, 0x2843, 0x2828, 0x3A27, 0x3A3A, 0x282A, 0x2828,
    0x2627, 0x2626, 0x2943, 0x5028, 0x262A, 0x2626, 0x2943, 0x5028, 0x2627, 0x2626, 0x6E6E, 0x6E6E,
    0x6F6E, 0x6F6F, 0x8181, 0x8181, 0x7081, 0x7070, 0x8181, 0x8181, 0x6F81, 0x6F6F, 0x8888, 0x8888,
    0x8888, 0x8888, 0x6E6E, 0x6E6E, 0x6E6E, 0x6E6E, 0x6E6E, 0x6E6E, 0x6E6E, 0x706E, 0x6E6E, 0x6E6E,
    0x706E, 0x7070, 0x8888, 0x8888, 0x8888, 0x8888, 0x6F6F, 0x7070, 0x7070, 0x7070, 0x7070, 0x7070,
    0x7070, 0x7070, 0x7070, 0x7070, 0x7070, 0x7070, 0x8888, 0x8888, 0x8888, 0x8888, 0x6F70, 0x6F6F,
    0x8181, 0x8181, 0x7070, 0x6F6F, 0x6E6E, 0x6E6E, 0x6F6F, 0x6F6F, 0x6E6E, 0x6E6E, 0x8888, 0x8888,
    0x8888, 0x8888, 0x6F70, 0x6F6F, 0x6E6F, 0x6E6E, 0x6F70, 0x6F6F, 0x6E6F, 0x8181, 0x6F70, 0x6F6F,
    0x6E6F, 0x6E6E, 0x8888, 0x8888, 0x8888, 0x8888, 0x8181, 0x8181, 0x8181, 0x8181, 0x6E6E, 0x8181,
    0x8181, 0x8181, 0x6E6E, 0x6E6E, 0x6E6E, 0x6E6E, 0x8888, 0x8888, 0x8888, 0x8888, 0x6E6E, 0x6E6E,
    0x706E, 0x6E6E, 0x8181, 0x8181, 0x8181, 0x8181, 0x6E6E, 0x6E6E, 0x8181, 0x8181, 0x8888, 0x8888,
    0x8888, 0x8888, 0x8181, 0x8181, 0x7070, 0x6E6E, 0x8181, 0x8181, 0x7070, 0x6E6E, 0x6E6E, 0x6E6E,
    0x706F, 0x6E6E, 0x8888, 0x8888, 0x8888, 0x8888, 0x7271, 0x7372, 0x7371, 0x7272, 0x7271, 0x7373,
    0x7271, 0x7272, 0x7271, 0x7373, 0x7571, 0x7575, 0x7371, 0x7373, 0x7571, 0x7575, 0x7271, 0x7373,
    0x7571, 0x7575, 0x7271, 0x7373, 0x7571, 0x7575, 0x7271, 0x7373, 0x7571, 0x7575, 0x7271, 0x7272,
    0x7571, 0x7575, 0x7471, 0x7474, 0x7571, 0x7475, 0x7471, 0x7474, 0x7571, 0x7475, 0x7471, 0x7474,
    0x7571, 0x7475, 0x7471, 0x7474, 0x7571, 0x7475, 0x7471, 0x7474, 0x7571, 0x7475, 0x7371, 0x7474,
    0x7271, 0x7273, 0x7371, 0x7474, 0x7271, 0x7273, 0x7371, 0x7473, 0x7271, 0x7273, 0x6E76, 0x776E,
    0x7777, 0x6E76, 0x7777, 0x6E76, 0x6E76, 0x8277, 0x6E76, 0x7776, 0x776E, 0x8682, 0x766E, 0x6E76,
    0x8677, 0x8689, 0x776E, 0x776E, 0x8986, 0x8689, 0x6E76, 0x8677, 0x8289, 0x8289, 0x7777, 0x8982,
    0x8686, 0x8982, 0x8277, 0x8689, 0x8682, 0x8986, 0x7878, 0x7978, 0x7B7A, 0x7B7B, 0x8383, 0x7883,
    0x7A7F, 0x7A7A, 0x7D7D, 0x837D, 0x7F7E, 0x7F7F, 0x7C7C, 0x7D7C, 0x7F7E, 0x7F7F, 0x7C7C, 0x7D7C,
    0x7F7E, 0x7F7F, 0x7C7C, 0x7D7C, 0x7F7E, 0x7F7F, 0x7C7C, 0x7D7C, 0x7F7E, 0x7F7F, 0x7C7C, 0x7D7C,
    0x7F7E, 0x7F7F, 0x7C7C, 0x7D7C, 0x7F7E, 0x7F7F, 0x7C7C, 0x7D7C, 0x7F7E, 0x7F7F, 0x7C7C, 0x7D7C,
    0x7F7E, 0x7F7F, 0x7C7C, 0x7D7C, 0x7F7E, 0x7F7F, 0x7C7C, 0x7D7C, 0x7F7E, 0x7F7F, 0x7C7C, 0x7D7C,
    0x7F7E, 0x7F7F, 0x7C7C, 0x7D7C, 0x7F7E, 0x7F7F, 0x7C7C, 0x7D7C, 0x7F7E, 0x7F7F, 0x3636, 0x3636,
    0x3636, 0x3636, 0x3637, 0x3636, 0x3636, 0x3636, 0x372C, 0x3737, 0x3737, 0x3737, 0x2C2C, 0x2C2C,
    0x2C2C, 0x2C2C, 0x2C2B, 0x2C2C, 0x2C2C, 0x2C2C, 0x2B8A, 0x2B2B, 0x2B2B, 0x2B2B, 0x2C8A, 0x2C2C,
    0x2C2C, 0x2C2C, 0x2C8A, 0x2C2C, 0x2B2B, 0x2B2B, 0x3636, 0x3636, 0x3636, 0x3636, 0x3636, 0x3636,
    0x3636, 0x3636, 0x3737, 0x3737, 0x3737, 0x3737, 0x2C2C, 0x2C2C, 0x2C2C, 0x2C2C, 0x2C2C, 0x2C2C,
    0x2C2C, 0x2C2C, 0x2B2B, 0x2B2B, 0x2B2B, 0x2B2B, 0x2C2C, 0x2C2C, 0x2C2C, 0x2C2C, 0x2B2B, 0x2B2B,
    0x2B2B, 0x2B2B, 0x3636, 0x3636, 0x3636, 0x3636, 0x3636, 0x3636, 0x3636, 0x3736, 0x3737, 0x3737,
    0x3737, 0x2C37, 0x2C2C, 0x2C2C, 0x2C2C, 0x2C2C, 0x2C2C, 0x2C2C, 0x2C2C, 0x2B2C, 0x2B2B, 0x2B2B,
    0x2B2B, 0x7F2B, 0x2C2C, 0x2C2C, 0x2C2C, 0x7F2C, 0x2B2B, 0x022B, 0x2C2C, 0x7F2C, 0x3880, 0x2C2C,
    0x2C2B, 0x2C2C, 0x3884, 0x2C2C, 0x2C2B, 0x2C2C, 0x3887, 0x2C2C, 0x2C2B, 0x2C2C, 0x2C84, 0x2C2C,
    0x2C2B, 0x2C2C, 0x2C84, 0x2C2C, 0x2C2B, 0x2C2C, 0x2C80, 0x2C2C, 0x2B2B, 0x2B2B, 0x2C80, 0x2C2C,
    0x2C2C, 0x2C2C, 0x2C84, 0x2C2C, 0x2C2C, 0x2C2C, 0x2C2C, 0x022B, 0x2B2C, 0x2C2C, 0x2C2C, 0x022B,
    0x2B2C, 0x2C2C, 0x2C2C, 0x022B, 0x2B2C, 0x2C2C, 0x2C2C, 0x022B, 0x2B2C, 0x2C2C, 0x2C2C, 0x022B,
    0x2B2C, 0x2C2C, 0x2B2B, 0x022B, 0x2B2C, 0x2B2B, 0x2C2C, 0x2C2C, 0x2C2C, 0x2C2C, 0x2C2C, 0x2C2C,
    0x2C2C, 0x2C2C, 0x2C2C, 0x022B, 0x2C2C, 0x802C, 0x2C2C, 0x022B, 0x2C2C, 0x1B2C, 0x2C2C, 0x022B,
    0x2C2C, 0x872C, 0x2C2C, 0x022B, 0x2C2C, 0x802C, 0x2C2C, 0x022B, 0x2C2C, 0x872C, 0x2B2B, 0x022B,
    0x2C2C, 0x872C, 0x2C2C, 0x2C2C, 0x2C2C, 0x802C, 0x2C2C, 0x2C2C, 0x2C2C, 0x872C, 0x0000, 0x0000,
    0x0000, 0x2C2C, 0x0000, 0x0000, 0x0000, 0x2C2C, 0x0000, 0x0000, 0x0000, 0x2C2C, 0x0000, 0x0000,
    0x4200, 0x2C2C, 0x0000, 0x5D00, 0x5D42, 0x2C2C, 0x0000, 0x5D00, 0x5D5D, 0x2C2C, 0x0000, 0x0000,
    0x5D00, 0x2C2C, 0x0000, 0x0000, 0x5D00, 0x2C2C, 0x3030, 0x3030, 0x3131, 0x3131, 0x3030, 0x3030,
    0x3232, 0x314F, 0x4A31, 0x3232, 0x3030, 0x3130, 0x4A31, 0x3230, 0x8D68, 0x308D, 0x4A31, 0x6868,
    0x8E53, 0x5353, 0x0231, 0x534A, 0x5454, 0x3048, 0x0230, 0x304A, 0x4A48, 0x4A4A, 0x0230, 0x4A4A,
    0x314A, 0x3131, 0x3030, 0x3030, 0x3131, 0x3159, 0x5930, 0x3030, 0x5831, 0x3159, 0x5930, 0x3059,
    0x5958, 0x3159, 0x5931, 0x5859, 0x5858, 0x3158, 0x5831, 0x5858, 0x5958, 0x5959, 0x5959, 0x5859,
    0x5958, 0x3159, 0x5930, 0x5959, 0x5958, 0x3258, 0x3030, 0x583A, 0x4949, 0x3232, 0x3030, 0x3030,
    0x3131, 0x3434, 0x3030, 0x3030, 0x3431, 0x3434, 0x3030, 0x3030, 0x3434, 0x3434, 0x3030, 0x3030,
    0x3434, 0x3434, 0x3030, 0x0202, 0x3434, 0x3434, 0x4F31, 0x4F32, 0x3032, 0x3432, 0x324F, 0x4F4F,
    0x324F, 0x3230, 0x324F, 0x4F4F, 0x4F4F, 0x3230, 0x3131, 0x3838, 0x3838, 0x3838, 0x3131, 0x342C,
    0x2C34, 0x2C2C, 0x3131, 0x2C2C, 0x2C2C, 0x342C, 0x3131, 0x022C, 0x0202, 0x0202, 0x3131, 0x022C,
    0x0202, 0x0202, 0x3131, 0x022C, 0x0202, 0x0202, 0x3030, 0x2C2C, 0x0202, 0x0202, 0x3030, 0x382C,
    0x2C38, 0x0202, 0x3838, 0x3838, 0x3838, 0x3434, 0x2C2C, 0x2C2C, 0x2C2C, 0x3434, 0x2C34, 0x2C2C,
    0x2C2C, 0x3434, 0x0202, 0x0202, 0x2C02, 0x3434, 0x0202, 0x0202, 0x2C02, 0x3434, 0x0202, 0x0202,
    0x2C02, 0x3434, 0x0202, 0x0202, 0x2C2C, 0x3030, 0x0202, 0x382C, 0x2C38, 0x3030, 0x6666, 0x6D6D,
    0x6D6D, 0x6D6D, 0x6666, 0x386D, 0x5738, 0x3838, 0x6666, 0x386D, 0x5738, 0x3838, 0x6666, 0x6D6D,
    0x576D, 0x6D6D, 0x6666, 0x6D6D, 0x026D, 0x5738, 0x6666, 0x6D6D, 0x022C, 0x5757, 0x6666, 0x026D,
    0x382C, 0x5757, 0x6666, 0x026D, 0x3802, 0x3838, 0x6D6D, 0x6D6D, 0x6D6D, 0x6D6D, 0x3857, 0x3838,
    0x3857, 0x3838, 0x3857, 0x3838, 0x3857, 0x3838, 0x6D57, 0x6D6D, 0x6D57, 0x6D6D, 0x3838, 0x026D,
    0x2C2C, 0x6D02, 0x3838, 0x3857, 0x2C57, 0x6D2C, 0x5738, 0x3857, 0x2C57, 0x022C, 0x5757, 0x3838,
    0x0257, 0x0202, 0x6666, 0x6666, 0x6D53, 0x6666, 0x6666, 0x6666, 0x6D66, 0x6666, 0x6666, 0x6D6D,
    0x6D6D, 0x6666, 0x6666, 0x6D6D, 0x6D6D, 0x6666, 0x6666, 0x6D6D, 0x6D6D, 0x6666, 0x6666, 0x8585,
    0x8585, 0x6666, 0x6666, 0x4949, 0x6D49, 0x6666, 0x6666, 0x4949, 0x6D49, 0x6666, 0x6653, 0x6666,
    0x6666, 0x6666, 0x6653, 0x6666, 0x6666, 0x6666, 0x6653, 0x6666, 0x6666, 0x6666, 0x6653, 0x6666,
    0x6666, 0x6666, 0x6653, 0x6666, 0x6666, 0x6666, 0x6653, 0x6666, 0x6666, 0x6666, 0x6653, 0x6666,
    0x6666, 0x6666, 0x6653, 0x6666, 0x6666, 0x6666, 0x6666, 0x6666, 0x4966, 0x6666, 0x6666, 0x6666,
    0x4966, 0x6666, 0x6666, 0x6666, 0x4966, 0x6666, 0x6666, 0x6666, 0x4966, 0x6666, 0x6666, 0x6666,
    0x4966, 0x6666, 0x6666, 0x6666, 0x4966, 0x6666, 0x6666, 0x6666, 0x4966, 0x6666, 0x6666, 0x6666,
    0x4966, 0x6666, 0x6666, 0x496D, 0x5749, 0x6D57, 0x6666, 0x496D, 0x5749, 0x4957, 0x6666, 0x496D,
    0x4949, 0x4949, 0x6666, 0x366D, 0x3636, 0x3636, 0x6666, 0x366D, 0x3636, 0x3636, 0x6666, 0x6D6D,
    0x6D6D, 0x6D6D, 0x6666, 0x6666, 0x6666, 0x6666, 0x6666, 0x6666, 0x6666, 0x6666, 0x5757, 0x4949,
    0x5749, 0x6D57, 0x4949, 0x4949, 0x5749, 0x4957, 0x4949, 0x4949, 0x4949, 0x4949, 0x3636, 0x3636,
    0x3636, 0x3636, 0x3636, 0x3636, 0x3636, 0x3636, 0x6D6D, 0x6D6D, 0x6D6D, 0x6D6D, 0x6666, 0x6666,
    0x6666, 0x6666, 0x6666, 0x6666, 0x6666, 0x6666, 0x5757, 0x4936, 0x6D49, 0x6666, 0x5757, 0x496D,
    0x6D49, 0x6666, 0x4949, 0x4949, 0x6D49, 0x6666, 0x3636, 0x3636, 0x6D36, 0x6666, 0x3636, 0x3636,
    0x2C36, 0x2C2C, 0x6D6D, 0x6D6D, 0x6D6D, 0x6D6D, 0x6666, 0x6666, 0x6666, 0x6666, 0x6666, 0x6666,
    0x6666, 0x6666, 0x282A, 0x2829, 0x2627, 0x2626, 0x2843, 0x2829, 0x2627, 0x2626, 0x282A, 0x2828,
    0x2627, 0x2626, 0x292A, 0x2829, 0x2A27, 0x2A2A, 0x292A, 0x2829, 0x2928, 0x2829, 0x282A, 0x2929,
    0x2828, 0x2828, 0x2843, 0x2829, 0x5050, 0x2850, 0x2A43, 0x2A2A, 0x2A2A, 0x2A27, 0x6F6F, 0x8181,
    0x8181, 0x8181, 0x6F6F, 0x8181, 0x8181, 0x8181, 0x6F70, 0x8181, 0x8181, 0x8181, 0x8888, 0x8888,
    0x8888, 0x8888, 0x7070, 0x7070, 0x7070, 0x6F70, 0x706F, 0x7070, 0x7070, 0x6F70, 0x6F6F, 0x706F,
    0x6F6F, 0x6F6F, 0x8888, 0x8888, 0x8888, 0x8888, 0x6E81, 0x6E6E, 0x6E6E, 0x6E6E, 0x8181, 0x6E81,
    0x6E6E, 0x6E6E, 0x8181, 0x6E81, 0x6E6E, 0x8181, 0x8888, 0x8888, 0x8888, 0x8888, 0x706F, 0x8170,
    0x6E81, 0x6E6E, 0x6F6F, 0x6E6F, 0x6E6E, 0x6E6E, 0x6F6F, 0x6E6F, 0x6E6E, 0x6E6E, 0x8888, 0x8888,
    0x8888, 0x8888, 0x6E6E, 0x6E6E, 0x6F6F, 0x6F6F, 0x6E6E, 0x6E6E, 0x6F6F, 0x6F6F, 0x8181, 0x8181,
    0x6F6F, 0x706F, 0x8888, 0x8888, 0x8888, 0x8888, 0x6E81, 0x816E, 0x8181, 0x8181, 0x6E6E, 0x6E81,
    0x816E, 0x6E6E, 0x6E6E, 0x6E6E, 0x6E6E, 0x7070, 0x8888, 0x8888, 0x8888, 0x8888, 0x6F6F, 0x6F6F,
    0x6F6F, 0x6F6F, 0x6F6F, 0x7070, 0x7070, 0x7070, 0x706F, 0x7070, 0x7070, 0x7070, 0x8888, 0x8888,
    0x8888, 0x8888, 0x8181, 0x8181, 0x6F81, 0x7070, 0x6E6E, 0x6E6E, 0x6F6E, 0x6F6F, 0x7070, 0x7070,
    0x6F6E, 0x6F6F, 0x8888, 0x8888, 0x8888, 0x8888, 0x7271, 0x7272, 0x7571, 0x7575, 0x7271, 0x7372,
    0x7571, 0x7475, 0x7271, 0x7372, 0x7571, 0x7475, 0x7471, 0x7574, 0x7471, 0x7474, 0x7471, 0x7574,
    0x7471, 0x7474, 0x7471, 0x7474, 0x7471, 0x7474, 0x7471, 0x7474, 0x7571, 0x7474, 0x7471, 0x7474,
    0x7571, 0x7474, 0x7271, 0x7373, 0x7371, 0x7273, 0x7271, 0x7273, 0x7371, 0x7273, 0x7271, 0x7272,
    0x7371, 0x7373, 0x7271, 0x7272, 0x7371, 0x7373, 0x7471, 0x7574, 0x7371, 0x7373, 0x7471, 0x7574,
    0x7371, 0x7373, 0x7471, 0x7574, 0x7371, 0x7373, 0x7471, 0x7574, 0x7371, 0x7373, 0x7C7C, 0x7D7C,
    0x7F7E, 0x7F7F, 0x7D7D, 0x7D7D, 0x7F7E, 0x7F7F, 0x7F7F, 0x7F7F, 0x7F7F, 0x7F7F, 0x8080, 0x8080,
    0x8480, 0x8080, 0x1B1B, 0x871B, 0x8080, 0x1B1B, 0x8787, 0x8787, 0x8087, 0x8787, 0x8787, 0x8787,
    0x8087, 0x8080, 0x8787, 0x8787, 0x1B80, 0x871B, 0x7C7C, 0x7D7C, 0x7F7E, 0x7F7F, 0x7D7D, 0x7D7D,
    0x7F7E, 0x7F7F, 0x7F7F, 0x7F7F, 0x7F7F, 0x7F7F, 0x8080, 0x8480, 0x8080, 0x8484, 0x8787, 0x8080,
    0x871B, 0x8080, 0x8087, 0x8080, 0x8080, 0x871B, 0x8780, 0x1B1B, 0x8787, 0x8780, 0x8087, 0x8787,
    0x8087, 0x8084, 0x388A, 0x2C2C, 0x2C2B, 0x2C2C, 0x388A, 0x2C2C, 0x2C2B, 0x2C2C, 0x388A, 0x2C2C,
    0x2C2B, 0x2C2C, 0x2C8A, 0x2C2C, 0x2C2B, 0x2C2C, 0x2C8A, 0x2C2C, 0x2B2B, 0x2B2B, 0x2C8A, 0x2C2C,
    0x2C2C, 0x2C2C, 0x2C8A, 0x2C2C, 0x2B2B, 0x2B2B, 0x2C8A, 0x2C2C, 0x2C2B, 0x2C2C, 0x2C2C, 0x2C2C,
    0x2C2C, 0x2C2C, 0x2C2C, 0x2C2C, 0x2C2C, 0x2C2C, 0x2C2C, 0x2C2C, 0x2C2C, 0x2C2C, 0x2C2C, 0x2C2C,
    0x2C2C, 0x2C2C, 0x2B2B, 0x2B2B, 0x2B2B, 0x2B2B, 0x2C2C, 0x2C2C, 0x2C2C, 0x2C2C, 0x2B2B, 0x022B,
    0x2B2C, 0x2B2B, 0x2C2C, 0x022B, 0x2B2C, 0x2C2C, 0x2C2C, 0x022B, 0x2C2C, 0x7F2C, 0x2C2C, 0x022B,
    0x2C2C, 0x7F2C, 0x2C2C, 0x022B, 0x2C2C, 0x7F2C, 0x2C2C, 0x022B, 0x2C2C, 0x7F2C, 0x2B2B, 0x022B,
    0x2C2C, 0x7F2C, 0x2C2C, 0x2C2C, 0x2C2C, 0x7F2C, 0x2B2B, 0x022B, 0x2C2C, 0x7F2C, 0x2C2C, 0x022B,
    0x2C2C, 0x7F2C, 0x3636, 0x8B6C, 0x6C6C, 0x6C6C, 0x8C36, 0x6C8B, 0x6C6C, 0x6C6C, 0x8B6C, 0x6C6C,
    0x6C6C, 0x6C6C, 0x6C8B, 0x6C6C, 0x6C6C, 0x6C6C, 0x6C6C, 0x6C6C, 0x6C6C, 0x6C6C, 0x6C6C, 0x6C6C,
    0x6C6C, 0x6C6C, 0x6C6C, 0x6C6C, 0x6C6C, 0x6C6C, 0x6C6C, 0x6C6C, 0x6C6C, 0x6C6C, 0x0000, 0x0000,
    0x0000, 0x2C2C, 0x0000, 0x0000, 0x0000, 0x2C2C, 0x0000, 0x0000, 0x0000, 0x2C2C, 0x0000, 0x0000,
    0x0000, 0x2C2C, 0x0000, 0x0000, 0x0000, 0x2C2C, 0x0000, 0x0000, 0x0000, 0x2C2C, 0x0000, 0x0000,
    0x0000, 0x2C2C, 0x0000, 0x0000, 0x0000, 0x2C2C, 0x4A30, 0x3131, 0x4A31, 0x4A4A, 0x3130, 0x4A4A,
    0x314A, 0x3131, 0x3032, 0x3131, 0x3231, 0x3232, 0x3232, 0x3232, 0x3232, 0x3232, 0x3232, 0x3232,
    0x3232, 0x3232, 0x4F4F, 0x4F4F, 0x4F4F, 0x4F4F, 0x3131, 0x3131, 0x3131, 0x3131, 0x3131, 0x3131,
    0x3131, 0x3131, 0x3030, 0x3A3A, 0x493A, 0x3232, 0x3032, 0x3A3A, 0x4949, 0x3232, 0x3232, 0x3A30,
    0x323A, 0x3232, 0x3232, 0x3232, 0x3232, 0x3232, 0x3232, 0x3232, 0x3232, 0x3232, 0x4F4F, 0x4F4F,
    0x4F4F, 0x4F4F, 0x3131, 0x3131, 0x3131, 0x3131, 0x3131, 0x3131, 0x3131, 0x3131, 0x324F, 0x4F4F,
    0x4F4F, 0x3230, 0x4F32, 0x4F32, 0x324F, 0x324F, 0x3230, 0x3232, 0x3232, 0x3032, 0x3032, 0x4F4F,
    0x3030, 0x3230, 0x3232, 0x3030, 0x3232, 0x3232, 0x4F4F, 0x4F4F, 0x4F4F, 0x4F4F, 0x3131, 0x3131,
    0x3131, 0x3131, 0x3131, 0x3131, 0x3131, 0x3131, 0x3030, 0x382C, 0x3838, 0x3838, 0x3030, 0x2C2C,
    0x2C2C, 0x342C, 0x3032, 0x2C2C, 0x0202, 0x0202, 0x3232, 0x2C30, 0x4F48, 0x0253, 0x3232, 0x3032,
    0x0202, 0x3202, 0x4F4F, 0x324F, 0x0202, 0x4F02, 0x3131, 0x3431, 0x024A, 0x314A, 0x3131, 0x4A31,
    0x4A02, 0x3131, 0x3838, 0x3838, 0x2C38, 0x3030, 0x2C34, 0x2C2C, 0x2C2C, 0x3030, 0x2C2C, 0x2C02,
    0x2C02, 0x3030, 0x2C2C, 0x2C2C, 0x302C, 0x3030, 0x3232, 0x3232, 0x3032, 0x3030, 0x4F4F, 0x4F4F,
    0x324F, 0x3232, 0x3131, 0x3131, 0x3131, 0x3131, 0x3131, 0x3131, 0x3131, 0x3131, 0x6666, 0x6D6D,
    0x2C2C, 0x572C, 0x6666, 0x6D6D, 0x2C2C, 0x572C, 0x6666, 0x6D6D, 0x2C2C, 0x382C, 0x6666, 0x6D6D,
    0x2C6D, 0x6D2C, 0x6666, 0x6D6D, 0x6D6D, 0x6D6D, 0x6666, 0x6D6D, 0x6D6D, 0x6D6D, 0x6666, 0x6D6D,
    0x6D6D, 0x6D6D, 0x6666, 0x6D6D, 0x6D6D, 0x6D6D, 0x5757, 0x576D, 0x5757, 0x6D6D, 0x5757, 0x576D,
    0x5757, 0x6D6D, 0x5757, 0x576D, 0x3857, 0x6D6D, 0x3838, 0x386D, 0x6D38, 0x6D6D, 0x6D6D, 0x6D6D,
    0x6D6D, 0x6D6D, 0x6D6D, 0x6D6D, 0x6D6D, 0x6D6D, 0x6D6D, 0x6D6D, 0x6D6D, 0x6D6D, 0x6D6D, 0x6D6D,
    0x6D6D, 0x6D6D, 0x6666, 0x4949, 0x6D49, 0x6666, 0x6666, 0x4949, 0x6D49, 0x6666, 0x6666, 0x4949,
    0x6D49, 0x6666, 0x6666, 0x4949, 0x6D49, 0x6666, 0x6666, 0x4949, 0x6D49, 0x6666, 0x6666, 0x4949,
    0x6D49, 0x6666, 0x6666, 0x5353, 0x6D53, 0x6666, 0x6666, 0x6666, 0x6D66, 0x6666, 0x6653, 0x6666,
    0x6666, 0x6666, 0x6653, 0x6666, 0x6666, 0x6666, 0x6653, 0x3A49, 0x4966, 0x663A, 0x6653, 0x3A57,
    0x3A66, 0x6657, 0x6653, 0x3A3A, 0x3A3A, 0x663A, 0x6653, 0x6602, 0x663A, 0x6602, 0x6653, 0x3A3A,
    0x3A66, 0x3A3A, 0x6653, 0x5766, 0x5757, 0x3A49, 0x6666, 0x3A66, 0x4966, 0x6666, 0x4966, 0x493A,
    0x4966, 0x6666, 0x3A66, 0x3A3A, 0x4966, 0x6666, 0x3A66, 0x3A3A, 0x4966, 0x6666, 0x4966, 0x3A3A,
    0x4966, 0x6666, 0x3A66, 0x493A, 0x4966, 0x6666, 0x3A3A, 0x3A3A, 0x4966, 0x6666, 0x3A3A, 0x3A3A,
    0x4966, 0x6666, 0x0000, 0x0000, 0x0000, 0x0000, 0x9292, 0x0093, 0x0000, 0x0000, 0x9592, 0x9395,
    0x0000, 0x0000, 0x9592, 0x4F95, 0x0093, 0x0000, 0x9592, 0x4F95, 0x0093, 0x9393, 0x9592, 0x4F95,
    0x9393, 0x9595, 0x9592, 0x4F95, 0x9593, 0x9595, 0x9592, 0x4F95, 0x9593, 0x9395, 0x0000, 0x0000,
    0x0000, 0x0000, 0x0000, 0x0000, 0x0000, 0x0000, 0x0000, 0x0000, 0x0000, 0x0000, 0x0000, 0x0000,
    0x0000, 0x0000, 0x9393, 0x9393, 0x9393, 0x9393, 0x9595, 0x9595, 0x9595, 0x9595, 0x9595, 0x9595,
    0x9595, 0x9595, 0x9393, 0x9393, 0x9393, 0x9393, 0x0000, 0x0000, 0x0000, 0x0000, 0x0000, 0x0000,
    0x9300, 0x9292, 0x0000, 0x0000, 0x9593, 0x9293, 0x0000, 0x9300, 0x9595, 0x9293, 0x9393, 0x9200,
    0x9595, 0x9293, 0x9395, 0x9293, 0x9595, 0x9293, 0x9395, 0x9293, 0x9595, 0x9293, 0x9392, 0x9293,
    0x9595, 0x9293, 0x8282, 0x8282, 0x8F82, 0x8F8F, 0x9494, 0x9494, 0x9094, 0x9090, 0x9494, 0x9494,
    0x8F94, 0x8F8F, 0x9797, 0x9797, 0x9797, 0x9797, 0x8282, 0x8282, 0x8282, 0x8282, 0x8282, 0x8282,
    0x8282, 0x9082, 0x8282, 0x8282, 0x9082, 0x9090, 0x9797, 0x9797, 0x9797, 0x9797, 0x8F8F, 0x9090,
    0x9090, 0x9090, 0x9090, 0x9090, 0x9090, 0x9090, 0x9090, 0x9090, 0x9090, 0x9090, 0x9797, 0x9797,
    0x9797, 0x9797, 0x8F90, 0x8F8F, 0x9494, 0x9494, 0x9090, 0x8F8F, 0x8282, 0x8282, 0x8F8F, 0x8F8F,
    0x8282, 0x8282, 0x9797, 0x9797, 0x9797, 0x9797, 0x8F90, 0x8F8F, 0x828F, 0x8282, 0x8F90, 0x8F8F,
    0x828F, 0x9494, 0x8F90, 0x8F8F, 0x828F, 0x8282, 0x9797, 0x9797, 0x9797, 0x9797, 0x9494, 0x9494,
    0x9494, 0x9494, 0x8282, 0x9494, 0x9494, 0x9494, 0x8282, 0x8282, 0x8282, 0x8282, 0x9797, 0x9797,
    0x9797, 0x9797, 0x8282, 0x8282, 0x9082, 0x8282, 0x9494, 0x9494, 0x9494, 0x9494, 0x8282, 0x8282,
    0x9494, 0x9494, 0x9797, 0x9797, 0x9797, 0x9797, 0x9494, 0x9494, 0x9090, 0x8282, 0x9494, 0x9494,
    0x9090, 0x8282, 0x8282, 0x8282, 0x908F, 0x8282, 0x9797, 0x9797, 0x9797, 0x9797, 0x7471, 0x7574,
    0x7571, 0x7474, 0x7471, 0x7474, 0x7571, 0x7474, 0x7471, 0x7475, 0x7571, 0x7474, 0x7471, 0x7574,
    0x7571, 0x7474, 0x7471, 0x7574, 0x7271, 0x7272, 0x7471, 0x7575, 0x7271, 0x7272, 0x7371, 0x7574,
    0x7271, 0x7272, 0x7371, 0x7574, 0x7371, 0x7272, 0x7471, 0x7574, 0x7371, 0x7373, 0x7471, 0x7574,
    0x7271, 0x7272, 0x7471, 0x7575, 0x7271, 0x7272, 0x7471, 0x7575, 0x7271, 0x7272, 0x7471, 0x7575,
    0x7271, 0x7272, 0x7471, 0x7575, 0x7471, 0x7474, 0x7471, 0x7575, 0x7471, 0x7475, 0x7471, 0x7575,
    0x7471, 0x7475, 0x916C, 0x6C91, 0x6C6C, 0x6C6C, 0x6C6C, 0x6C6C, 0x8B8B, 0x6C6C, 0x6C91, 0x6C6C,
    0x8B8B, 0x916C, 0x6C91, 0x6C6C, 0x6C6C, 0x916C, 0x6C6C, 0x916C, 0x6C91, 0x6C6C, 0x6C6C, 0x916C,
    0x6C91, 0x6C6C, 0x6C6C, 0x6C6C, 0x6C6C, 0x6C6C, 0x916C, 0x6C91, 0x6C6C, 0x6C6C, 0x3636, 0x3636,
    0x3636, 0x3636, 0x3636, 0x405A, 0x4040, 0x3636, 0x3636, 0x5A5A, 0x4040, 0x3636, 0x3636, 0x5A5A,
    0x4040, 0x3636, 0x3636, 0x5A5A, 0x4040, 0x3636, 0x3636, 0x5A5A, 0x4040, 0x3636, 0x3636, 0x5A2C,
    0x2C2C, 0x3636, 0x4036, 0x3640, 0x3636, 0x3636, 0x8080, 0x8080, 0x871B, 0x8787, 0x8087, 0x871B,
    0x8780, 0x8787, 0x8787, 0x8080, 0x8080, 0x8080, 0x8080, 0x1B80, 0x1B1B, 0x1B1B, 0x8087, 0x871B,
    0x8787, 0x8787, 0x8080, 0x8780, 0x8087, 0x8080, 0x871B, 0x8087, 0x1B80, 0x8787, 0x8787, 0x8480,
    0x8084, 0x8087, 0x8787, 0x8080, 0x8480, 0x8080, 0x8087, 0x8787, 0x8087, 0x1B1B, 0x8080, 0x8084,
    0x8080, 0x8784, 0x1B1B, 0x1B80, 0x1B1B, 0x8080, 0x8087, 0x8780, 0x8787, 0x1B80, 0x1B80, 0x801B,
    0x8480, 0x8080, 0x871B, 0x8787, 0x8080, 0x1B1B, 0x8780, 0x8787, 0x1B80, 0x8787, 0x2C8A, 0x2C2C,
    0x2C2B, 0x2C2C, 0x2C8A, 0x2C2C, 0x2C2B, 0x2C2C, 0x2C96, 0x2C2C, 0x2C2B, 0x2C2C, 0x2C84, 0x2C2C,
    0x2C2B, 0x2C2C, 0x2C87, 0x2C2C, 0x2C2B, 0x2C2C, 0x2C80, 0x2C2C, 0x2C2B, 0x2C2C, 0x2C80, 0x2C2C,
    0x2C2B, 0x2C2C, 0x2C80, 0x2C2C, 0x2C2B, 0x2C2C, 0x2C2C, 0x022B, 0x2B2C, 0x2C2C, 0x2C2C, 0x022B,
    0x2B2C, 0x2C2C, 0x2C2C, 0x022B, 0x2B2C, 0x2C2C, 0x2C2C, 0x022B, 0x2B2C, 0x2C2C, 0x2C2C, 0x022B,
    0x2B2C, 0x2C2C, 0x2C2C, 0x022B, 0x2B2C, 0x2C2C, 0x2C2C, 0x022B, 0x2B2C, 0x2C2C, 0x2C2C, 0x022B,
    0x2B2C, 0x2C2C, 0x2C2C, 0x022B, 0x2C2C, 0x7F2C, 0x2C2C, 0x022B, 0x2C2C, 0x7F2C, 0x2C2C, 0x022B,
    0x2C2C, 0x7F2C, 0x2C2C, 0x022B, 0x2C2C, 0x802C, 0x2C2C, 0x022B, 0x5D42, 0x1B2C, 0x2C2C, 0x022B,
    0x4242, 0x872C, 0x2C2C, 0x022B, 0x5D42, 0x802C, 0x2C2C, 0x022B, 0x5D5D, 0x872C, 0x3434, 0x3030,
    0x3030, 0x3030, 0x3E3E, 0x3030, 0x3030, 0x3030, 0x3131, 0x3030, 0x3030, 0x3030, 0x3131, 0x9898,
    0x9898, 0x9898, 0x3131, 0x313E, 0x3131, 0x3131, 0x3131, 0x313E, 0x3131, 0x3131, 0x3131, 0x6163,
    0x6262, 0x6163, 0x3131, 0x6261, 0x6263, 0x6162, 0x3030, 0x3030, 0x3030, 0x3030, 0x3030, 0x3030,
    0x3030, 0x3030, 0x3030, 0x3030, 0x3030, 0x3030, 0x9898, 0x9898, 0x9898, 0x9898, 0x3131, 0x3131,
    0x3131, 0x3131, 0x3131, 0x3131, 0x3131, 0x3131, 0x6161, 0x6163, 0x6262, 0x6163, 0x6361, 0x6261,
    0x6263, 0x6162, 0x5353, 0x5353, 0x5353, 0x5353, 0x5353, 0x5353, 0x5353, 0x5353, 0x5353, 0x5353,
    0x5353, 0x5353, 0x5353, 0x5353, 0x5353, 0x5353, 0x5353, 0x5353, 0x5353, 0x5353, 0x5353, 0x5353,
    0x5353, 0x5353, 0x5353, 0x5353, 0x5353, 0x5353, 0x5353, 0x5353, 0x5353, 0x5353, 0x3030, 0x024A,
    0x304A, 0x3030, 0x3030, 0x3030, 0x3030, 0x3030, 0x3030, 0x3030, 0x3030, 0x3030, 0x9898, 0x9898,
    0x9898, 0x9898, 0x3131, 0x3131, 0x3131, 0x3131, 0x3131, 0x3131, 0x3131, 0x3131, 0x6161, 0x6163,
    0x6262, 0x6163, 0x6361, 0x6261, 0x6263, 0x6162, 0x3030, 0x3030, 0x3030, 0x3434, 0x3030, 0x3030,
    0x3030, 0x3E3E, 0x3030, 0x3030, 0x3030, 0x3131, 0x9898, 0x9898, 0x9898, 0x3131, 0x3131, 0x3131,
    0x3E31, 0x3131, 0x3131, 0x3131, 0x3E31, 0x3131, 0x6161, 0x6163, 0x6262, 0x3131, 0x6361, 0x6261,
    0x6263, 0x3131, 0x6666, 0x6D6D, 0x6D6D, 0x6D6D, 0x6666, 0x8585, 0x8585, 0x8585, 0x6666, 0x496D,
    0x4949, 0x4949, 0x6666, 0x496D, 0x4949, 0x4949, 0x6666, 0x496D, 0x4949, 0x4949, 0x6666, 0x496D,
    0x4949, 0x4949, 0x6666, 0x496D, 0x4949, 0x4949, 0x6666, 0x496D, 0x4949, 0x4949, 0x6D6D, 0x3D6D,
    0x6D3D, 0x6D6D, 0x8585, 0x3D3D, 0x3D3D, 0x8585, 0x3D49, 0x3D3D, 0x3D3D, 0x493D, 0x3D49, 0x574A,
    0x4A57, 0x493D, 0x4A49, 0x4A4A, 0x4A4A, 0x494A, 0x4A49, 0x4A4A, 0x4A4A, 0x494A, 0x4A49, 0x4A4A,
    0x4A4A, 0x494A, 0x6D49, 0x4A3D, 0x3D4A, 0x496D, 0x6666, 0x6666, 0x6D49, 0x6666, 0x6666, 0x6666,
    0x6D49, 0x6666, 0x6666, 0x6666, 0x6D49, 0x6666, 0x6666, 0x6666, 0x6D49, 0x6666, 0x6666, 0x6666,
    0x6D49, 0x6666, 0x6666, 0x6666, 0x6D49, 0x6666, 0x6666, 0x6666, 0x6D49, 0x6666, 0x6666, 0x6666,
    0x6D49, 0x6666, 0x6653, 0x5766, 0x5757, 0x3A66, 0x6653, 0x6666, 0x5757, 0x573A, 0x6653, 0x6666,
    0x5766, 0x6666, 0x6653, 0x6666, 0x6666, 0x6666, 0x6653, 0x6666, 0x6666, 0x6666, 0x6653, 0x6666,
    0x6666, 0x6666, 0x6653, 0x6666, 0x6666, 0x6666, 0x6653, 0x6666, 0x6666, 0x6666, 0x3A57, 0x3A3A,
    0x4966, 0x6666, 0x3A57, 0x493A, 0x4966, 0x6666, 0x5766, 0x6666, 0x4966, 0x6666, 0x6666, 0x6666,
    0x4966, 0x6666, 0x6666, 0x6666, 0x4966, 0x6666, 0x6666, 0x6666, 0x4966, 0x6666, 0x6666, 0x6666,
    0x4966, 0x6666, 0x6666, 0x6666, 0x4966, 0x6666, 0x6E76, 0x776E, 0x7777, 0x6E76, 0x7777, 0x6E76,
    0x6E76, 0x6E77, 0x6E76, 0x7776, 0x776E, 0x766E, 0x766E, 0x6E76, 0x7677, 0x7677, 0x776E, 0x776E,
    0x7776, 0x7677, 0x6E76, 0x7677, 0x6E77, 0x6E77, 0x7777, 0x776E, 0x7676, 0x776E, 0x6E77, 0x7677,
    0x766E, 0x7776, 0x8286, 0x8982, 0x8989, 0x8286, 0x8989, 0x8286, 0x8286, 0x8289, 0x8286, 0x8986,
    0x8982, 0x8682, 0x8682, 0x8286, 0x8689, 0x8689, 0x8982, 0x8982, 0x8986, 0x8689, 0x8286, 0x8689,
    0x8289, 0x8289, 0x8989, 0x8982, 0x8686, 0x8982, 0x8289, 0x8689, 0x8682, 0x8986, 0x9592, 0x4F95,
    0x9593, 0x9593, 0x9592, 0x4F95, 0x9392, 0x9593, 0x9592, 0x4F95, 0x9392, 0x9593, 0x9592, 0x4F95,
    0x9392, 0x9392, 0x9592, 0x4F95, 0x9292, 0x9393, 0x2A2A, 0x2A2A, 0x432A, 0x432A, 0x2828, 0x2828,
    0x2928, 0x2828, 0x2928, 0x2929, 0x2929, 0x2929, 0x9595, 0x9595, 0x9595, 0x9595, 0x9595, 0x9595,
    0x9595, 0x9595, 0x9595, 0x9595, 0x9595, 0x9595, 0x9393, 0x9393, 0x9393, 0x9393, 0x9393, 0x9393,
    0x9393, 0x9393, 0x2A2A, 0x2A2A, 0x432A, 0x432A, 0x2828, 0x2828, 0x2928, 0x2828, 0x2928, 0x2929,
    0x2929, 0x2929, 0x9295, 0x9293, 0x9595, 0x9293, 0x954F, 0x9292, 0x9595, 0x9293, 0x4F4F, 0x9295,
    0x9595, 0x9293, 0x4F95, 0x924F, 0x9595, 0x9293, 0x9593, 0x924F, 0x9595, 0x9293, 0x2A2A, 0x2A2A,
    0x2A27, 0x2A2A, 0x2828, 0x2928, 0x2829, 0x2929, 0x2929, 0x2829, 0x2828, 0x2828, 0x8F8F, 0x9494,
    0x9494, 0x9494, 0x8F8F, 0x9494, 0x9494, 0x9494, 0x8F90, 0x9494, 0x9494, 0x9494, 0x9797, 0x9797,
    0x9797, 0x9797, 0x9090, 0x9090, 0x9090, 0x8F90, 0x908F, 0x9090, 0x9090, 0x8F90, 0x8F8F, 0x908F,
    0x8F8F, 0x8F8F, 0x9797, 0x9797, 0x9797, 0x9797, 0x8294, 0x8282, 0x8282, 0x8282, 0x9494, 0x8294,
    0x8282, 0x8282, 0x9494, 0x8294, 0x8282, 0x9494, 0x9797, 0x9797, 0x9797, 0x9797, 0x908F, 0x9490,
    0x8294, 0x8282, 0x8F8F, 0x828F, 0x8282, 0x8282, 0x8F8F, 0x828F, 0x8282, 0x8282, 0x9797, 0x9797,
    0x9797, 0x9797, 0x8282, 0x8282, 0x8F8F, 0x8F8F, 0x8282, 0x8282, 0x8F8F, 0x8F8F, 0x9494, 0x9494,
    0x8F8F, 0x908F, 0x9797, 0x9797, 0x9797, 0x9797, 0x8294, 0x9482, 0x9494, 0x9494, 0x8282, 0x8294,
    0x9482, 0x8282, 0x8282, 0x8282, 0x8282, 0x9090, 0x9797, 0x9797, 0x9797, 0x9797, 0x8F8F, 0x8F8F,
    0x8F8F, 0x8F8F, 0x8F8F, 0x9090, 0x9090, 0x9090, 0x908F, 0x9090, 0x9090, 0x9090, 0x9797, 0x9797,
    0x9797, 0x9797, 0x9494, 0x9494, 0x8F94, 0x9090, 0x8282, 0x8282, 0x8F82, 0x8F8F, 0x9090, 0x9090,
    0x8F82, 0x8F8F, 0x9797, 0x9797, 0x9797, 0x9797, 0x7371, 0x7574, 0x7271, 0x7272, 0x7371, 0x7574,
    0x7371, 0x7272, 0x7371, 0x7574, 0x7371, 0x7273, 0x7371, 0x7574, 0x7371, 0x7273, 0x7471, 0x7574,
    0x7371, 0x7273, 0x7271, 0x7272, 0x7371, 0x7273, 0x7271, 0x7372, 0x7371, 0x7273, 0x7271, 0x7372,
    0x7371, 0x7273, 0x7471, 0x7575, 0x7471, 0x7475, 0x7471, 0x7575, 0x7471, 0x7475, 0x7471, 0x7575,
    0x7471, 0x7475, 0x7471, 0x7575, 0x7471, 0x7475, 0x7271, 0x7373, 0x7571, 0x7475, 0x7371, 0x7373,
    0x7571, 0x7375, 0x7471, 0x7474, 0x7571, 0x7475, 0x7471, 0x7474, 0x7571, 0x7475, 0x916C, 0x6C91,
    0x6C6C, 0x6C6C, 0x6C6C, 0x6C6C, 0x6C6C, 0x6C6C, 0x6C91, 0x6C6C, 0x6C6C, 0x916C, 0x6C91, 0x8B8B,
    0x6C6C, 0x916C, 0x6C6C, 0x8B8B, 0x6C6C, 0x6C6C, 0x6C6C, 0x6C6C, 0x6C6C, 0x6C6C, 0x6C6C, 0x6C6C,
    0x916C, 0x6C91, 0x916C, 0x6C91, 0x916C, 0x6C91, 0x4036, 0x4040, 0x3640, 0x3636, 0x4036, 0x4040,
    0x3640, 0x3636, 0x4036, 0x5240, 0x3652, 0x3636, 0x2C36, 0x522C, 0x5252, 0x3636, 0x3636, 0x5236,
    0x5252, 0x3636, 0x3636, 0x2C36, 0x5252, 0x3636, 0x3636, 0x3636, 0x3636, 0x3636, 0x3737, 0x3737,
    0x3737, 0x3737, 0x8087, 0x8080, 0x8484, 0x8080, 0x1B80, 0x1B1B, 0x8080, 0x1B1B, 0x871B, 0x8787,
    0x1B80, 0x8787, 0x8084, 0x8080, 0x8787, 0x8087, 0x1B80, 0x8787, 0x8080, 0x8784, 0x8087, 0x8080,
    0x871B, 0x8780, 0x8087, 0x871B, 0x8780, 0x8080, 0x8480, 0x8080, 0x8084, 0x8787, 0x8087, 0x8080,
    0x8084, 0x8787, 0x8087, 0x871B, 0x1B1B, 0x8780, 0x8080, 0x8787, 0x8787, 0x8080, 0x801B, 0x8787,
    0x8787, 0x8080, 0x8787, 0x8084, 0x8080, 0x1B1B, 0x8787, 0x1B80, 0x1B80, 0x8787, 0x8080, 0x8787,
    0x8780, 0x8787, 0x8480, 0x8080, 0x8080, 0x8787, 0x2C84, 0x2C2C, 0x2C2B, 0x2C2C, 0x2C80, 0x2C2C,
    0x2C2B, 0x2C2C, 0x2C80, 0x2C2C, 0x2C2B, 0x2C2C, 0x2C84, 0x2C2C, 0x2C2B, 0x2C2C, 0x2C80, 0x2C2C,
    0x2C2B, 0x2C2C, 0x2C84, 0x2C2C, 0x2C2B, 0x2C2C, 0x2C87, 0x2C2C, 0x2C2B, 0x2C2C, 0x2C80, 0x2C2C,
    0x2C2B, 0x2C2C, 0x2C2C, 0x022B, 0x2C2C, 0x872C, 0x2C2C, 0x022B, 0x2C2C, 0x872C, 0x2C2C, 0x022B,
    0x2C2C, 0x802C, 0x2C2C, 0x022B, 0x2C2C, 0x1B2C, 0x2C2C, 0x022B, 0x2C2C, 0x872C, 0x2C2C, 0x022B,
    0x2C2C, 0x802C, 0x2C2C, 0x022B, 0x2C2C, 0x872C, 0x2C2C, 0x022B, 0x2C2C, 0x802C, 0x2C2C, 0x2C2C,
    0x2C2C, 0x2C2C, 0x2C2C, 0x2C2C, 0x2C2C, 0x2C2C, 0x2C2C, 0x2C2C, 0x2C2C, 0x2C2C, 0x2C2C, 0x2C2C,
    0x2C2C, 0x2C2C, 0x2C2C, 0x2C2C, 0x2C2C, 0x2C2C, 0x2C2C, 0x2C2C, 0x2C2C, 0x2C2C, 0x2C2C, 0x2C2C,
    0x2C2C, 0x2C2C, 0x2C2C, 0x2C2C, 0x2C2C, 0x2C2C, 0x3A3A, 0x3A3A, 0x3A3A, 0x3A3A, 0x3A3A, 0x3A3A,
    0x3A3A, 0x3A3A, 0x3A3A, 0x3A3A, 0x3A3A, 0x3A3A, 0x3A3A, 0x3A3A, 0x3A3A, 0x3A3A, 0x3A3A, 0x3A3A,
    0x3A3A, 0x3A3A, 0x3A3A, 0x3A3A, 0x3A3A, 0x3A3A, 0x3A3A, 0x3A3A, 0x3A3A, 0x3A3A, 0x2F2F, 0x2F2F,
    0x2F2F, 0x2F2F, 0x9999, 0x9999, 0x9999, 0x9999, 0x9999, 0x9999, 0x9999, 0x9999, 0x9999, 0x7D7C,
    0x7F7E, 0x7F7F, 0x9999, 0x3A3A, 0x3A3A, 0x3A3A, 0x9999, 0x3A3A, 0x3A3A, 0x3A3A, 0x9999, 0x3A3A,
    0x3A3A, 0x3A3A, 0x9999, 0x3A3A, 0x3A3A, 0x3A3A, 0x9999, 0x3A3A, 0x3A3A, 0x3A3A, 0x9999, 0x9999,
    0x9999, 0x9999, 0x9999, 0x9999, 0x9999, 0x9999, 0x3E34, 0x342C, 0x3434, 0x3434, 0x344A, 0x2C3A,
    0x345A, 0x345A, 0x2C2C, 0x2C48, 0x5A34, 0x5A34, 0x303E, 0x0248, 0x5858, 0x5858, 0x303E, 0x0248,
    0x5858, 0x5858, 0x303E, 0x482C, 0x4848, 0x4848, 0x9999, 0x9999, 0x9999, 0x9999, 0x9999, 0x9999,
    0x9999, 0x9999, 0x342C, 0x7D7C, 0x7F7E, 0x7F7F, 0x2C5A, 0x3A3A, 0x3A3A, 0x3A3A, 0x2C34, 0x3A3A,
    0x3A3A, 0x3A3A, 0x0258, 0x3A3A, 0x3A3A, 0x3A3A, 0x0258, 0x3A3A, 0x3A3A, 0x3A3A, 0x3A2C, 0x3A3A,
    0x3A3A, 0x3A3A, 0x9999, 0x9999, 0x9999, 0x9999, 0x9999, 0x9999, 0x9999, 0x9999, 0x7C7C, 0x7D7C,
    0x7F7E, 0x9999, 0x3A3A, 0x3A3A, 0x3A3A, 0x9999, 0x3A3A, 0x3A3A, 0x3A3A, 0x9999, 0x3A3A, 0x3A3A,
    0x3A3A, 0x9999, 0x3A3A, 0x3A3A, 0x3A3A, 0x9999, 0x3A3A, 0x3A3A, 0x3A3A, 0x9999, 0x9999, 0x9999,
    0x9999, 0x9999, 0x9999, 0x3E34, 0x3E34, 0x3E34, 0x9999, 0x344A, 0x3E34, 0x3E34, 0x9999, 0x0202,
    0x344A, 0x344A, 0x9999, 0x4899, 0x2C2C, 0x0202, 0x9999, 0x3A48, 0x4953, 0x5958, 0x9999, 0x4899,
    0x5349, 0x5859, 0x9999, 0x0202, 0x4953, 0x5958, 0x9999, 0x9999, 0x9999, 0x9999, 0x3E34, 0x871B,
    0x8780, 0x8787, 0x3E34, 0x3A3A, 0x3A3A, 0x3A3A, 0x344A, 0x3A3A, 0x3A3A, 0x3A3A, 0x2C2C, 0x3A3A,
    0x3A3A, 0x3A3A, 0x5A34, 0x3A3A, 0x3A3A, 0x3A3A, 0x345A, 0x3A3A, 0x3A3A, 0x3A3A, 0x5A34, 0x3A3A,
    0x3A3A, 0x3A3A, 0x9999, 0x9999, 0x9999, 0x9999, 0x8087, 0x8787, 0x344A, 0x0202, 0x3A3A, 0x3A3A,
    0x2C2C, 0x5958, 0x3A3A, 0x3A3A, 0x483A, 0x5859, 0x3A3A, 0x3A3A, 0x3A48, 0x5958, 0x3A3A, 0x3A3A,
    0x483A, 0x5859, 0x3A3A, 0x3A3A, 0x3A48, 0x0202, 0x3A3A, 0x3A3A, 0x2C2C, 0x3A3A, 0x9999, 0x9999,
    0x9999, 0x9999, 0x3E34, 0x344A, 0x2C2C, 0x9999, 0x3E34, 0x2C2C, 0x4848, 0x9999, 0x344A, 0x4949,
    0x4848, 0x9999, 0x2C2C, 0x4949, 0x4848, 0x9999, 0x3E34, 0x4949, 0x4848, 0x9999, 0x343E, 0x4949,
    0x2C2C, 0x9999, 0x3E34, 0x2C2C, 0x3A3A, 0x9999, 0x9A7C, 0x9B9B, 0x9B9B, 0x9C9A, 0x9E7D, 0x9E9E,
    0x9B9B, 0x9F9E, 0x9A00, 0x9B9E, 0x9B9E, 0x9F9B, 0x0000, 0x9F9F, 0x9E9B, 0x9F9B, 0x0000, 0xA600,
    0x9B9B, 0x9A9E, 0x0000, 0x0000, 0x9FA6, 0x9F9F, 0x0000, 0x9F00, 0x9F9F, 0x9E9F, 0x0000, 0x9F9F,
    0x9F9F, 0x9B9F, 0x9D9A, 0x9E9E, 0x9A9E, 0x0000, 0x9D9A, 0xA69A, 0x9EA6, 0x9E9E, 0x9C9A, 0xA69D,
    0x9E9E, 0x9E9E, 0x9A9F, 0x9FA6, 0x9C9E, 0x9B9E, 0x9F9A, 0x9F9F, 0x9E9F, 0x9E9E, 0x9E9A, 0x9F9B,
    0x9EA6, 0x9BA6, 0x9E9B, 0x9B9B, 0x9E9F, 0x9EA6, 0x9B9E, 0x9E9B, 0x9F9E, 0xA6A6, 0x9F9F, 0x9F9F,
    0x0000, 0x0000, 0x9F9A, 0x9F9F, 0x0000, 0x0000, 0x9A9B, 0x009F, 0x0000, 0x0000, 0x9B9B, 0x009F,
    0x0000, 0x0000, 0x9B9B, 0x9C9B, 0x0000, 0x0000, 0x9B9A, 0x9B9E, 0x0000, 0x0000, 0x9E9A, 0x9B9A,
    0x009A, 0x0000, 0x9E9A, 0x9EA9, 0x009A, 0x0000, 0x0000, 0x0000, 0x0000, 0x0000, 0x0000, 0x0000,
    0x0000, 0x0000, 0x0000, 0x0000, 0x0000, 0x0000, 0x0000, 0x0000, 0x0000, 0x0000, 0x0000, 0x0000,
    0x0000, 0x0000, 0x0000, 0x0000, 0x0000, 0x0000, 0x0000, 0x9E9A, 0x0000, 0x9A00, 0x9E00, 0x9E9E,
    0x9E9A, 0x9D00, 0x0000, 0x0000, 0x0000, 0x0000, 0x0000, 0x0000, 0x0000, 0x0000, 0x0000, 0x0000,
    0x0000, 0x0000, 0x0000, 0x0000, 0x9D9D, 0x0000, 0x0000, 0x9A9D, 0x9E9D, 0x0000, 0x9A9D, 0x9D9D,
    0x9A9D, 0x0000, 0x9D9E, 0x9E9A, 0x9E9E, 0x0000, 0x9A9D, 0x9D9D, 0xA69A, 0x0000, 0x0000, 0x0000,
    0x0000, 0x0000, 0x0000, 0x0000, 0x0000, 0x0000, 0x0000, 0x0000, 0x0000, 0x0000, 0x0000, 0x0000,
    0xA7A7, 0xA7A7, 0x0000, 0xA700, 0xA8A8, 0xA8A8, 0x0000, 0xA7A7, 0xA8A9, 0xAAAA, 0x0000, 0xA900,
    0xA900, 0xAEAE, 0x0000, 0x0000, 0xAC00, 0xACA7, 0x0000, 0x0000, 0x0000, 0x0000, 0x0000, 0x0000,
    0x0000, 0x0000, 0x0000, 0x0000, 0x0000, 0x0000, 0x00A7, 0x0000, 0x0000, 0x0000, 0xA7A8, 0x00A7,
    0x0000, 0x0000, 0xAAAA, 0xA7AB, 0x0000, 0xA7AC, 0xAEAE, 0xAEAE, 0xACAF, 0xABAB, 0xAFAC, 0xA9A9,
    0xA7AF, 0xAEAE, 0x0000, 0x0000, 0x0000, 0x0000, 0x0000, 0x0000, 0x0000, 0x0000, 0x0000, 0x0000,
    0x0000, 0x0000, 0x0000, 0x0000, 0x0000, 0x0000, 0x0000, 0x0000, 0x0000, 0x0000, 0xA7A7, 0xACAC,
    0x0000, 0x0000, 0xACAB, 0xA7AF, 0xA7A7, 0x0000, 0xAFA8, 0xA7A7, 0xABA8, 0x00AB, 0x916C, 0x6C91,
    0x6C6C, 0x6C6C, 0x6C6C, 0x6C6C, 0x6C6C, 0x6C6C, 0x6C91, 0x6C6C, 0x6C6C, 0x916C, 0x6C91, 0x8B8B,
    0x6C6C, 0x916C, 0x3636, 0x3636, 0x3636, 0x3636, 0x3636, 0x3636, 0x3636, 0x3636, 0x3636, 0x3636,
    0x3636, 0x3636, 0x3636, 0x3636, 0x3636, 0x3636, 0x916C, 0x6C91, 0x6C6C, 0x6C6C, 0x6C6C, 0x6C6C,
    0x8B8B, 0x6C6C, 0x6C91, 0x6C6C, 0x8B8B, 0x916C, 0x6C91, 0x6C6C, 0x6C6C, 0x916C, 0x3636, 0x3636,
    0x3636, 0x3636, 0x3636, 0x3636, 0x3636, 0x3636, 0x3636, 0x3636, 0x3636, 0x3636, 0x3636, 0x3636,
    0x3636, 0x3636, 0x2C2C, 0x2C2C, 0x2C5D, 0x5D2B, 0x2C2C, 0x2C2C, 0x2C5D, 0x5D2B, 0x2C2C, 0x2C2C,
    0x2C5D, 0x5D2B, 0x2C2C, 0x2C2C, 0x2C2C, 0x2C2B, 0x2C2C, 0x2C2C, 0x2C2C, 0x2C2B, 0x2B2B, 0x2B2B,
    0x2B2B, 0x2B2B, 0x362C, 0x2B2B, 0x2B2B, 0x2B2B, 0x2C2C, 0x362C, 0x3636, 0x3636, 0x2C2C, 0x2C2C,
    0x2C2C, 0x2C2C, 0x2C2C, 0x2C2C, 0x2C2C, 0x2C2C, 0x2C2C, 0x2C2C, 0x2C2C, 0x2C2C, 0x2C2C, 0x2C2C,
    0x2C2C, 0x2C2C, 0x2C2C, 0x2C2C, 0x2C2C, 0x2C2C, 0x2B2B, 0x2B2B, 0x2B2B, 0x2B2B, 0x2B2B, 0x2B2B,
    0x2B2B, 0x2B2B, 0x3636, 0x3636, 0x3636, 0x3636, 0x2C2C, 0x2C2C, 0x2C2C, 0x2C2C, 0x2C2C, 0x2C2C,
    0x2C2C, 0x2C2C, 0x2C2C, 0x2C2C, 0x2C2C, 0x2C2C, 0x2C2C, 0x2C2C, 0x2C2C, 0x2C2C, 0x2C2C, 0x2C2C,
    0x2C2C, 0x2C2C, 0x2B2B, 0x2B2B, 0x2B2B, 0x2B2B, 0x2B2B, 0x2B2B, 0x362B, 0x2C2C, 0x3636, 0x3636,
    0x2C2C, 0x2C2C, 0xA05D, 0x5D39, 0x5D39, 0x5DA0, 0x5D39, 0xA05D, 0xA05D, 0x39A0, 0x5D5D, 0x5D39,
    0x39A1, 0x39A1, 0xA05D, 0xA0A1, 0x5DA0, 0x39A0, 0x5D39, 0x5DA1, 0x5D5D, 0x5D5D, 0x7237, 0x7272,
    0x3772, 0x7237, 0x7272, 0x7272, 0x7272, 0x3772, 0x3772, 0x3772, 0x3772, 0x7272, 0x39A0, 0x5D39,
    0x39A1, 0x5DA1, 0x375D, 0x3737, 0x3772, 0x3772, 0x72A1, 0x7272, 0x7237, 0x7237, 0x3739, 0x39A1,
    0x5D5D, 0x395D, 0x72A1, 0x395D, 0xA039, 0xA139, 0x375D, 0xA1A0, 0xA15D, 0x39A0, 0x3739, 0x3939,
    0x5DA1, 0xA1A1, 0x7239, 0xA0A0, 0xA039, 0xA139, 0x39A0, 0x5D39, 0x39A1, 0x5DA1, 0x7272, 0x3737,
    0x3772, 0x3772, 0x3737, 0x7272, 0x7237, 0x7237, 0xA05D, 0x39A1, 0x5D5D, 0x395D, 0x5D39, 0x395D,
    0xA039, 0xA139, 0x39A0, 0xA1A0, 0xA15D, 0x39A0, 0x5D5D, 0x3939, 0x5DA1, 0xA1A1, 0x3939, 0xA0A0,
    0xA039, 0xA139, 0x72A0, 0x39A1, 0x5D5D, 0x395D, 0x375D, 0x395D, 0xA039, 0xA139, 0x72A1, 0xA1A0,
    0xA15D, 0x39A0, 0x3739, 0x3939, 0x5DA1, 0xA1A1, 0x72A1, 0xA0A0, 0xA039, 0xA139, 0x375D, 0x5D39,
    0x5D39, 0x5DA0, 0x3739, 0xA05D, 0xA05D, 0x39A0, 0x7239, 0x5D39, 0x39A1, 0x39A1, 0xA05D, 0x39A1,
    0x5D5D, 0x395D, 0x5D39, 0x395D, 0xA039, 0xA139, 0x39A0, 0xA1A0, 0xA15D, 0x39A0, 0x5D5D, 0x3939,
    0x5DA1, 0xA1A1, 0x3939, 0xA0A0, 0xA039, 0xA139, 0xA05D, 0x5D39, 0x5D39, 0x5DA0, 0x5D39, 0xA05D,
    0xA05D, 0x39A0, 0x5D5D, 0x5D39, 0x39A1, 0x39A1, 0x3636, 0xA036, 0x5DA0, 0x39A0, 0x3636, 0x5D36,
    0x5D5D, 0x5D5D, 0x3636, 0x3936, 0x5D5D, 0x395D, 0x3636, 0x2C36, 0x3636, 0x3636, 0x3636, 0x4236,
    0x3636, 0x3636, 0x3636, 0x7236, 0x3636, 0x3636, 0x3636, 0x2C36, 0x3636, 0x7272, 0x3636, 0x4236,
    0x7236, 0x3636, 0xA05D, 0xA0A1, 0x5DA0, 0x39A0, 0x5D39, 0x5DA1, 0x5D5D, 0x5D5D, 0xA05D, 0x39A1,
    0x5D5D, 0x395D, 0x3636, 0x3636, 0x3636, 0x3636, 0x3636, 0x3636, 0x3636, 0x3636, 0x3636, 0x3636,
    0x3636, 0x3636, 0x7272, 0x3636, 0x7236, 0x7272, 0x3636, 0x3672, 0x3672, 0x3636, 0x6F70, 0x6F6F,
    0x6E6F, 0x6E6E, 0x6F70, 0x6F6F, 0x6E6F, 0x8181, 0x6F70, 0x6F6F, 0x6E6F, 0x6E6E, 0x3636, 0x8888,
    0x8888, 0x8888, 0x3636, 0x8136, 0x8181, 0x8181, 0x3636, 0x8136, 0x8181, 0x8181, 0x3672, 0x6E36,
    0x6E6E, 0x6E6E, 0x7236, 0x8836, 0x8888, 0x8888, 0xA2A2, 0xA2A2, 0xA2A2, 0x3737, 0xA2A2, 0xA2A2,
    0xA2A2, 0x3737, 0xA2A2, 0xA2A2, 0xA2A2, 0x3737, 0xA2A2, 0xA2A2, 0xA2A2, 0x3737, 0xA2A2, 0xA2A2,
    0xA2A2, 0x3737, 0x432A, 0x432A, 0x2A2A, 0x2A2A, 0x2928, 0x2828, 0x2828, 0x2928, 0x2929, 0x2929,
    0x2929, 0x2829, 0x8787, 0x8080, 0x8480, 0x8080, 0x8087, 0x8787, 0x8087, 0x1B1B, 0x8080, 0x8084,
    0x8080, 0x8784, 0x1B1B, 0x1B80, 0x1B1B, 0x8080, 0x8087, 0x8780, 0x8787, 0x1B80, 0x1B80, 0x801B,
    0xADAD, 0xADAD, 0x871B, 0xADAD, 0xAD99, 0xADAD, 0x9980, 0xAD2E, 0x2E99, 0x2E2E, 0xA3A3, 0xA3A3,
    0xA5A4, 0xA5A5, 0xA3A5, 0xA5A4, 0xA5A3, 0xA5A5, 0xA5A5, 0xA3A3, 0xA3A3, 0xA3A3, 0xA3A3, 0xA4A3,
    0xA4A4, 0xA4A4, 0xA3A5, 0xA5A4, 0xA5A5, 0xA5A5, 0xADAD, 0xADAD, 0xA3A5, 0xA3A3, 0xADAD, 0x99AD,
    0xADAD, 0xA5A5, 0x2E2E, 0x992E, 0x2EAD, 0xA399, 0x9999, 0x3A3A, 0x3A3A, 0x3A3A, 0x9999, 0x3A3A,
    0x3A3A, 0x3A3A, 0x9999, 0x2F2F, 0x2F2F, 0x2F2F, 0x9999, 0x9999, 0x9999, 0x9999, 0x9999, 0x9999,
    0x9999, 0x9999, 0x9999, 0x7D7C, 0x7F7E, 0x7F7F, 0x9999, 0x3A3A, 0x3A3A, 0x3A3A, 0x9999, 0x3A3A,
    0x3A3A, 0x3A3A, 0x303E, 0x482C, 0x4848, 0x4848, 0x2C2C, 0x3A3A, 0x3A3A, 0x3A3A, 0x2F2F, 0x2F2F,
    0x2F2F, 0x2F2F, 0x9999, 0x9999, 0x9999, 0x9999, 0x9999, 0x9999, 0x9999, 0x9999, 0x7C7C, 0x7D7C,
    0x7F7E, 0x344A, 0x3A3A, 0x3A3A, 0x3A3A, 0x2C2C, 0x3A3A, 0x3A3A, 0x3A3A, 0x4848, 0x3A2C, 0x3A3A,
    0x3A3A, 0x3A3A, 0x3A3A, 0x3A3A, 0x3A3A, 0x3A3A, 0x2F2F, 0x2F2F, 0x2F2F, 0x2F2F, 0x9999, 0x9999,
    0x9999, 0x9999, 0x9999, 0x9999, 0x9999, 0x9999, 0x2C2C, 0x3E34, 0x344A, 0x2C2C, 0x5858, 0x3E34,
    0x2C2C, 0x4848, 0x5858, 0x344A, 0x4949, 0x4848, 0x3A3A, 0x3A3A, 0x3A3A, 0x9999, 0x3A3A, 0x3A3A,
    0x3A3A, 0x9999, 0x2F2F, 0x2F2F, 0x2F2F, 0x9999, 0x9999, 0x9999, 0x9999, 0x9999, 0x9999, 0x9999,
    0x9999, 0x9999, 0x7C7C, 0x7D7C, 0x7F7E, 0x9999, 0x3A3A, 0x3A3A, 0x3A3A, 0x9999, 0x3A3A, 0x3A3A,
    0x3A3A, 0x9999, 0x9999, 0x9999, 0x2C2C, 0x0202, 0x9999, 0x3A3A, 0x3A3A, 0x3A3A, 0x9999, 0x2F2F,
    0x2F2F, 0x2F2F, 0x9999, 0x9999, 0x9999, 0x9999, 0x9999, 0x9999, 0x9999, 0x9999, 0x9999, 0x3A3A,
    0x3A3A, 0x3A3A, 0x9999, 0x3A3A, 0x3A3A, 0x3A3A, 0x9999, 0x2F2F, 0x2F2F, 0x2F2F, 0x2C2C, 0x3A3A,
    0x3A3A, 0x3A3A, 0x3A3A, 0x3A3A
};

const u16 gb_level10_translation[1279] = {
    0x0000, 0x0001, 0x0002, 0x0003, 0x0004, 0x0005, 0x0006, 0x0007, 0x0008, 0x0009, 0x000A, 0x000B,
    0x000C, 0x000D, 0x000E, 0x000F, 0x0010, 0x0011, 0x0012, 0x0013, 0x0014, 0x0015, 0x0016, 0x0017,
    0x0018, 0x0019, 0x001A, 0x001B, 0x001C, 0x001D, 0x001E, 0x001F, 0x0020, 0x0021, 0x0022, 0x0023,
    0x0024, 0x0025, 0x0026, 0x0027, 0x0028, 0x0029, 0x002A, 0x002B, 0x002C, 0x002D, 0x002E, 0x002F,
    0x0030, 0x0031, 0x0032, 0x0033, 0x0034, 0x0035, 0x0036, 0x0037, 0x0038, 0x0039, 0x003A, 0x003B,
    0x003C, 0x003D, 0x003E, 0x003F, 0x0040, 0x0041, 0x0042, 0x0043, 0x0044, 0x0045, 0x0046, 0x0047,
    0x0048, 0x0049, 0x004A, 0x004B, 0x004C, 0x004D, 0x004E, 0x004F, 0x0050, 0x0051, 0x0052, 0x0053,
    0x0054, 0x0055, 0x0056, 0x0057, 0x0058, 0x0059, 0x005A, 0x005B, 0x005C, 0x005D, 0x005E, 0x005F,
    0x0060, 0x0061, 0x0062, 0x0063, 0x0064, 0x0065, 0x0066, 0x0067, 0x0068, 0x0069, 0x006A, 0x006B,
    0x006C, 0x006D, 0x006E, 0x006F, 0x0070, 0x0071, 0x0072, 0x0073, 0x0074, 0x0075, 0x0076, 0x0077,
    0x0078, 0x0079, 0x007A, 0x007B, 0x007C, 0x007D, 0x007E, 0x007F, 0x0080, 0x0081, 0x0082, 0x0083,
    0x0084, 0x0085, 0x0086, 0x0087, 0x0088, 0x0089, 0x008A, 0x008B, 0x008C, 0x008D, 0x008E, 0x008F,
    0x0090, 0x0091, 0x0092, 0x0093, 0x0094, 0x0095, 0x0096, 0x0097, 0x0098, 0x0099, 0x009A, 0x009B,
    0x009C, 0x009D, 0x009E, 0x009F, 0x00A0, 0x00A1, 0x00A2, 0x00A3, 0x00A4, 0x00A5, 0x00A6, 0x00A7,
    0x00A8, 0x00A9, 0x00AA, 0x00AB, 0x00AC, 0x00AD, 0x00AE, 0x00AF, 0x00B0, 0x00B1, 0x00B2, 0x00B3,
    0x00B4, 0x00B5, 0x00B6, 0x00B7, 0x00B8, 0x00B9, 0x00BA, 0x00BB, 0x00BC, 0x00BD, 0x00BE, 0x00BF,
    0x00C0, 0x00C1, 0x00C2, 0x00C3, 0x00C4, 0x00C5, 0x00C6, 0x00C7, 0x00C8, 0x00C9, 0x00CA, 0x00CB,
    0x00CC, 0x00CD, 0x00CE, 0x00CF, 0x00D0, 0x00D1, 0x00D2, 0x00D3, 0x00D4, 0x00D5, 0x00D6, 0x00D7,
    0x00D8, 0x00D9, 0x00DA, 0x00DB, 0x00DC, 0x00DD, 0x00DE, 0x00DF, 0x00E0, 0x00E1, 0x00E2, 0x00E3,
    0x00E4, 0x00E5, 0x00E6, 0x00E7, 0x00E8, 0x00E9, 0x00EA, 0x00EB, 0x00EC, 0x00ED, 0x00EE, 0x00EF,
    0x00F0, 0x00F1, 0x00F2, 0x00F3, 0x00F4, 0x00F5, 0x00F6, 0x00F7, 0x00F8, 0x00F9, 0x00FA, 0x00FB,
    0x00FC, 0x00FD, 0x00FE, 0x00FF, 0x0100, 0x0101, 0x0102, 0x0103, 0x0104, 0x0105, 0x0106, 0x0107,
    0x0108, 0x0109, 0x010A, 0x010B, 0x010C, 0x010D, 0x010E, 0x010F, 0x0110, 0x0111, 0x0112, 0x0113,
    0x0114, 0x0115, 0x0116, 0x0117, 0x0118, 0x0119, 0x011A, 0x011B, 0x011C, 0x011D, 0x011E, 0x011F,
    0x0120, 0x0121, 0x0122, 0x0123, 0x0124, 0x0125, 0x0126, 0x0127, 0x0128, 0x0129, 0x012A, 0x012B,
    0x012C, 0x012D, 0x012E, 0x012F, 0x0130, 0x0131, 0x0132, 0x0133, 0x0134, 0x0135, 0x0136, 0x0137,
    0x0138, 0x0139, 0x013A, 0x013B, 0x013C, 0x013D, 0x013E, 0x013F, 0x0140, 0x0141, 0x0142, 0x0143,
    0x0144, 0x0145, 0x0146, 0x0147, 0x0148, 0x0149, 0x014A, 0x014B, 0x014C, 0x014D, 0x014E, 0x014F,
    0x0150, 0x0151, 0x0152, 0x0153, 0x0154, 0x0155, 0x0156, 0x0157, 0x0158, 0x0159, 0x015A, 0x015B,
    0x015C, 0x015D, 0x015E, 0x015F, 0x0160, 0x0161, 0x0162, 0x0560, 0x0002, 0x0163, 0x0164, 0x0165,
    0x0166, 0x0167, 0x0168, 0x0564, 0x0169, 0x016A, 0x016B, 0x016C, 0x016D, 0x016E, 0x016F, 0x0170,
    0x0171, 0x0569, 0x0172, 0x0173, 0x0174, 0x0175, 0x0176, 0x0177, 0x0178, 0x0179, 0x017A, 0x017B,
    0x0002, 0x017C, 0x017D, 0x017E, 0x017F, 0x0180, 0x016D, 0x0181, 0x0182, 0x0183, 0x0184, 0x0185,
    0x0580, 0x0186, 0x0187, 0x0188, 0x0189, 0x018A, 0x018B, 0x0181, 0x018C, 0x018D, 0x018E, 0x018F,
    0x0190, 0x0191, 0x0192, 0x0193, 0x0194, 0x0195, 0x0196, 0x0197, 0x0002, 0x0198, 0x0199, 0x019A,
    0x019B, 0x0188, 0x019C, 0x019D, 0x019E, 0x019F, 0x01A0, 0x01A1, 0x0187, 0x058E, 0x01A2, 0x0590,
    0x01A3, 0x01A4, 0x01A5, 0x01A6, 0x01A7, 0x01A8, 0x01A9, 0x01AA, 0x01AB, 0x01AC, 0x01AD, 0x01AE,
    0x01AF, 0x01B0, 0x01B1, 0x01B2, 0x01B3, 0x01B4, 0x01B5, 0x01B6, 0x01B7, 0x01B8, 0x01B9, 0x01BA,
    0x01BB, 0x01BC, 0x01BD, 0x01BE, 0x01BF, 0x01C0, 0x01C1, 0x01C2, 0x01C3, 0x01C4, 0x01C5, 0x01C6,
    0x01C7, 0x01C8, 0x01C9, 0x01CA, 0x01CB, 0x01CC, 0x01CD, 0x01CE, 0x01CF, 0x01D0, 0x01D1, 0x01D2,
    0x01D3, 0x01D4, 0x01D5, 0x01D6, 0x01D7, 0x01D8, 0x01D9, 0x01DA, 0x01DB, 0x01DC, 0x01DD, 0x01DE,
    0x01DF, 0x01E0, 0x01E1, 0x01E2, 0x01E3, 0x01E4, 0x01E5, 0x01E6, 0x01E7, 0x01E8, 0x01E9, 0x01EA,
    0x01EB, 0x0002, 0x01EC, 0x01ED, 0x01EE, 0x01EF, 0x01F0, 0x01F1, 0x01F2, 0x01F3, 0x01F4, 0x01F5,
    0x01F6, 0x01F7, 0x01F8, 0x01F9, 0x01FA, 0x01FB, 0x01FC, 0x01FD, 0x01FE, 0x01FF, 0x0200, 0x0201,
    0x0202, 0x0203, 0x0204, 0x0205, 0x0206, 0x0207, 0x0208, 0x0209, 0x020A, 0x020B, 0x020C, 0x020D,
    0x020E, 0x020F, 0x0210, 0x0211, 0x0212, 0x0213, 0x0214, 0x0215, 0x0216, 0x0217, 0x0218, 0x0219,
    0x021A, 0x021B, 0x021C, 0x021D, 0x021E, 0x021F, 0x0220, 0x0221, 0x0222, 0x0223, 0x0600, 0x0224,
    0x0225, 0x0226, 0x0227, 0x0228, 0x0229, 0x022A, 0x022B, 0x022C, 0x022D, 0x022E, 0x022F, 0x0230,
    0x0231, 0x0232, 0x0233, 0x0234, 0x0235, 0x0236, 0x0237, 0x0238, 0x0239, 0x023A, 0x023B, 0x023C,
    0x023D, 0x0002, 0x023E, 0x023F, 0x0240, 0x0241, 0x0242, 0x0243, 0x0244, 0x0245, 0x0246, 0x0247,
    0x0248, 0x0249, 0x024A, 0x024B, 0x024C, 0x024D, 0x024E, 0x024F, 0x0250, 0x0251, 0x0252, 0x0253,
    0x0254, 0x0255, 0x0256, 0x0257, 0x0258, 0x0259, 0x025A, 0x025B, 0x065A, 0x025C, 0x025D, 0x025E,
    0x025F, 0x0260, 0x0261, 0x0262, 0x0263, 0x0264, 0x0265, 0x0266, 0x0267, 0x0268, 0x0269, 0x026A,
    0x026B, 0x026C, 0x026D, 0x026E, 0x026F, 0x0270, 0x0271, 0x0234, 0x0272, 0x0273, 0x0274, 0x0275,
    0x0276, 0x0277, 0x0240, 0x0241, 0x0242, 0x0278, 0x0279, 0x027A, 0x0278, 0x0279, 0x027A, 0x027B,
    0x027C, 0x027D, 0x027E, 0x027F, 0x0280, 0x0281, 0x0282, 0x0283, 0x0284, 0x0285, 0x0286, 0x0287,
    0x0288, 0x0251, 0x0289, 0x0253, 0x028A, 0x028B, 0x028C, 0x028D, 0x028E, 0x068D, 0x025F, 0x0260,
    0x0261, 0x028F, 0x0290, 0x0291, 0x0292, 0x0293, 0x0294, 0x0002, 0x0295, 0x0296, 0x0297, 0x0298,
    0x0299, 0x029A, 0x029B, 0x029C, 0x029D, 0x029E, 0x029F, 0x02A0, 0x02A1, 0x02A2, 0x0002, 0x02A3,
    0x06A3, 0x02A4, 0x02A5, 0x06A5, 0x06A4, 0x02A6, 0x02A7, 0x02A8, 0x02A9, 0x02AA, 0x02AB, 0x02AC,
    0x02AD, 0x0002, 0x0002, 0x0002, 0x0002, 0x02AE, 0x02AF, 0x02B0, 0x02B1, 0x02B2, 0x02B3, 0x02B4,
    0x02B5, 0x02B6, 0x02B7, 0x02B8, 0x02B9, 0x02BA, 0x02BB, 0x02BC, 0x02BD, 0x02BE, 0x02BF, 0x02C0,
    0x02C1, 0x02C2, 0x02C3, 0x02C4, 0x02C5, 0x02C6, 0x02C7, 0x02C8, 0x02C9, 0x02CA, 0x02CB, 0x02CC,
    0x0002, 0x02CD, 0x02CE, 0x02CF, 0x02D0, 0x02D1, 0x02D2, 0x02D3, 0x02D4, 0x02D5, 0x02D6, 0x02D7,
    0x02D8, 0x02D9, 0x02DA, 0x02DB, 0x02DC, 0x02DD, 0x02DE, 0x02DF, 0x02E0, 0x0002, 0x02E1, 0x02E2,
    0x02E3, 0x02E4, 0x02E5, 0x02E6, 0x02E7, 0x02E8, 0x02E9, 0x02EA, 0x02EB, 0x02EC, 0x02ED, 0x02EE,
    0x02EF, 0x02F0, 0x02F1, 0x02F2, 0x02F3, 0x02F4, 0x02F5, 0x02F6, 0x02F7, 0x02F8, 0x02F9, 0x02FA,
    0x02FB, 0x02FC, 0x02FD, 0x02FE, 0x02FF, 0x0300, 0x0301, 0x0002, 0x0302, 0x0303, 0x0304, 0x0305,
    0x0306, 0x0307, 0x0308, 0x0309, 0x030A, 0x030B, 0x030C, 0x030D, 0x030E, 0x030F, 0x0310, 0x0311,
    0x0312, 0x0313, 0x0314, 0x0315, 0x0316, 0x0317, 0x0717, 0x0716, 0x0002, 0x0002, 0x0002, 0x0002,
    0x0002, 0x0002, 0x0002, 0x0002, 0x0002, 0x0002, 0x0002, 0x0002, 0x0002, 0x0002, 0x0002, 0x0002,
    0x0002, 0x0002, 0x0002, 0x0002, 0x0002, 0x0002, 0x0002, 0x0002, 0x0002, 0x0002, 0x0002, 0x0002,
    0x0318, 0x0319, 0x0719, 0x0718, 0x0002, 0x0002, 0x0002, 0x0002, 0x0002, 0x0002, 0x0002, 0x0002,
    0x0002, 0x0002, 0x0002, 0x0002, 0x0002, 0x0002, 0x0002, 0x0002, 0x0002, 0x0002, 0x0002, 0x0002,
    0x0002, 0x0002, 0x0002, 0x0002, 0x0002, 0x0002, 0x0002, 0x0002, 0x031A, 0x031B, 0x031C, 0x031D,
    0x0002, 0x0002, 0x0002, 0x0002, 0x0002, 0x0002, 0x0002, 0x0002, 0x0002, 0x0002, 0x0002, 0x0002,
    0x0002, 0x0002, 0x0002, 0x0002, 0x0002, 0x0002, 0x0002, 0x0002, 0x0002, 0x0002, 0x0002, 0x0002,
    0x0002, 0x0002, 0x0002, 0x0002, 0x031E, 0x031F, 0x0320, 0x0321, 0x0002, 0x0002, 0x0002, 0x0002,
    0x0002, 0x0002, 0x0002, 0x0002, 0x0002, 0x0002, 0x0002, 0x0002, 0x0002, 0x0002, 0x0002, 0x0002,
    0x0002, 0x0002, 0x0002, 0x0002, 0x0002, 0x0002, 0x0002, 0x0002, 0x0002, 0x0002, 0x0002, 0x0002,
    0x0322, 0x0323, 0x0324, 0x0325, 0x0326, 0x0327, 0x0328, 0x0329, 0x032A, 0x032B, 0x032C, 0x032D,
    0x032E, 0x032F, 0x0330, 0x0331, 0x0332, 0x0333, 0x0334, 0x0335, 0x0336, 0x0337, 0x0338, 0x0339,
    0x033A, 0x033B, 0x033C, 0x033D, 0x033E, 0x033F, 0x0340, 0x0341, 0x0002, 0x0002, 0x0002, 0x0002,
    0x0002, 0x0002, 0x0002, 0x0002, 0x0002, 0x0002, 0x0002, 0x0002, 0x0002, 0x0002, 0x0002, 0x0002,
    0x0002, 0x0002, 0x0002, 0x0002, 0x0002, 0x0342, 0x0343, 0x0344, 0x0345, 0x0346, 0x0347, 0x0348,
    0x0F48, 0x0002, 0x0002, 0x0002, 0x0002, 0x0002, 0x0002, 0x0002, 0x0002, 0x0002, 0x0002, 0x0002,
    0x0002, 0x0002, 0x0002, 0x0002, 0x0002, 0x0002, 0x0002, 0x0002, 0x0002, 0x0002, 0x0002, 0x0002,
    0x0002, 0x0002, 0x0002, 0x0002, 0x0002, 0x0002, 0x0002, 0x0002, 0x0002, 0x0002, 0x0002, 0x0002,
    0x0349, 0x034A, 0x034B, 0x034C, 0x034D, 0x034E, 0x034F, 0x0350, 0x0351, 0x0352, 0x0353, 0x0354,
    0x0355, 0x0356, 0x0357, 0x0358, 0x0359, 0x035A, 0x035B, 0x035C, 0x035D, 0x035E, 0x035F, 0x0360,
    0x0361, 0x0002, 0x0002, 0x0002, 0x0002, 0x0002, 0x0002, 0x0002, 0x0002, 0x0002, 0x0002, 0x0002,
    0x0002, 0x0002, 0x0002, 0x0002, 0x0002, 0x0002, 0x0002, 0x0002, 0x0002, 0x0002, 0x0002, 0x0002,
    0x0002, 0x0002, 0x0002, 0x0002, 0x0002, 0x0002, 0x0002, 0x0002, 0x0002, 0x0002, 0x0002, 0x0002,
    0x0002, 0x0002, 0x0002, 0x0002, 0x0002, 0x0002, 0x0002, 0x0002, 0x0002, 0x0002, 0x0002, 0x0002,
    0x0002, 0x0002, 0x0002, 0x0002, 0x0002, 0x0002, 0x0002, 0x0002, 0x0002, 0x0002, 0x0002, 0x0002,
    0x0002, 0x0002, 0x0002, 0x0002, 0x0002, 0x0002, 0x0002, 0x0002, 0x0002, 0x0002, 0x0002, 0x0002,
    0x04DF, 0x04DE, 0x04DD, 0x04DC, 0x04DB, 0x04DA, 0x04D9, 0x04D8, 0x04D7, 0x04D6, 0x04D5, 0x04D4,
    0x04D3, 0x04D2, 0x04D1, 0x04D0, 0x04CF, 0x04CE, 0x04CD, 0x04CC, 0x04CB, 0x04CA, 0x04C9, 0x04C8,
    0x04C7, 0x04C6, 0x04C5, 0x04C4, 0x04C3, 0x04C2, 0x04C1, 0x04C0, 0x04FF, 0x04FE, 0x04FD, 0x04FC,
    0x04FB, 0x04FA, 0x04F9, 0x04F8, 0x04F7, 0x04F6, 0x04F5, 0x04F4, 0x04F3, 0x04F2, 0x04F1, 0x04F0,
    0x04EF, 0x04EE, 0x04ED, 0x04EC, 0x04EB, 0x04EA, 0x04E9, 0x04E8, 0x04E7, 0x04E6, 0x04E5, 0x04E4,
    0x04E3, 0x04E2, 0x04E1, 0x04E0, 0x0002, 0x0002, 0x0002, 0x0002, 0x0002, 0x0002, 0x0002, 0x0518,
    0x0517, 0x0516, 0x0515, 0x0514, 0x0513, 0x0512, 0x0511, 0x0510, 0x050F, 0x050E, 0x050D, 0x050C,
    0x050B, 0x050A, 0x0509, 0x0508, 0x0507, 0x0506, 0x0505, 0x0504, 0x0503, 0x0502, 0x0501, 0x0500,
    0x0002, 0x0002, 0x0002, 0x0002, 0x0002, 0x0002, 0x0002, 0x0538, 0x0537, 0x0536, 0x0535, 0x0534,
    0x0533, 0x0532, 0x0531, 0x0530, 0x052F, 0x052E, 0x052D, 0x052C, 0x052B, 0x052A, 0x0529, 0x0528,
    0x0527, 0x0526, 0x0525, 0x0524, 0x0523, 0x0522, 0x0521
};

const u16 gb_level10_layer_a[21504] = {
    988, 988, 965, 808, 809, 746, 745, 746, 745, 746, 745, 746, 745, 746, 745, 746, 745, 745, 746, 745,
    746, 745, 746, 745, 746, 745, 746, 745, 746, 745, 746, 745, 746, 745, 771, 772, 964, 806, 773, 988,
    988, 989, 801, 802, 745, 745, 769, 800, 988, 808, 809, 745, 746, 745, 746, 745, 746, 745, 746, 745,
    746, 745, 746, 745, 746, 745, 746, 745, 746, 745, 746, 745, 746, 745, 746, 745, 746, 745, 746, 745,
    746, 745, 746, 745, 746, 745, 746, 745, 746, 745, 746, 745, 746, 745, 746, 745, 746, 745, 746, 745,
    746, 745, 746, 745, 746, 745, 746, 745, 746, 745, 746, 745, 746, 745, 746, 745, 746, 745, 746, 745,
    746, 745, 746, 745, 746, 745, 746, 745, 746, 745, 746, 745, 746, 745, 746, 745, 746, 745, 746, 745,
    746, 745, 746, 745, 746, 745, 746, 745, 746, 745, 746, 745, 746, 745, 746, 745, 746, 745, 746, 745,
    746, 745, 746, 745, 746, 745, 746, 745, 988, 988, 988, 965, 808, 808, 809, 745, 746, 745, 746, 745,
    746, 745, 746, 745, 746, 746, 745, 746, 745, 746, 745, 746, 745, 746, 745, 746, 745, 746, 745, 746,
    745, 746, 745, 746, 745, 803, 800, 988, 988, 808, 809, 746, 745, 746, 771, 988, 988, 988, 988, 812,
    745, 746, 745, 746, 745, 746, 745, 746, 745, 746, 745, 746, 745, 746, 745, 746, 745, 746, 745, 746,
    745, 746, 745, 746, 745, 746, 745, 746, 745, 746, 745, 746, 745, 746, 745, 746, 745, 746, 745, 746,
    745, 746, 745, 746, 745, 746, 745, 746, 745, 746, 745, 746, 745, 746, 745, 746, 745, 746, 745, 746,
    745, 746, 745, 746, 745, 746, 745, 746, 745, 746, 745, 746, 745, 746, 745, 746, 745, 746, 745, 746,
    745, 746, 745, 746, 745, 746, 745, 746, 745, 746, 745, 746, 745, 746, 745, 746, 745, 746, 745, 746,
    745, 746, 745, 746, 745, 746, 745, 746, 745, 746, 745, 746, 745, 746, 745, 746, 988, 988, 988, 988,
    801, 779, 780, 746, 745, 746, 745, 746, 745, 746, 745, 746, 745, 745, 746, 745, 746, 745, 746, 745,
    746, 745, 746, 745, 746, 745, 746, 745, 746, 745, 746, 745, 746, 745, 746, 800, 988, 779, 745, 745,
    746, 745, 803, 988, 988, 988, 988, 965, 808, 809, 746, 745, 746, 745, 746, 745, 746, 745, 746, 745,
    746, 745, 746, 745, 746, 745, 746, 745, 746, 745, 746, 745, 746, 745, 746, 745, 746, 745, 746, 745,
    746, 745, 746, 745, 746, 745, 746, 745, 746, 745, 746, 745, 746, 745, 746, 745, 746, 745, 746, 745,
    746, 745, 746, 745, 746, 745, 746, 745, 746, 745, 746, 745, 746, 745, 746, 745, 746, 745, 746, 745,
    746, 745, 746, 745, 746, 745, 746, 745, 746, 745, 746, 745, 746, 745, 746, 745, 746, 745, 746, 745,
    746, 745, 746, 745, 746, 745, 746, 745, 746, 745, 746, 745, 746, 745, 746, 745, 746, 745, 746, 745,
    746, 745, 746, 745, 988, 988, 988, 988, 812, 776, 746, 745, 746, 745, 746, 745, 746, 745, 746, 745,
    746, 746, 745, 746, 745, 746, 745, 746, 745, 746, 745, 746, 745, 746, 745, 746, 745, 746, 745, 746,
    745, 746, 745, 276, 277, 1226, 776, 746, 745, 746, 771, 988, 988, 988, 988, 988, 965, 808, 808, 809,
    745, 746, 745, 746, 745, 746, 745, 746, 745, 746, 745, 746, 745, 746, 745, 746, 745, 746, 745, 746,
    745, 746, 745, 746, 745, 746, 745, 746, 745, 746, 745, 746, 745, 746, 745, 746, 745, 746, 745, 746,
    745, 746, 745, 746, 745, 746, 745, 746, 745, 746, 745, 746, 745, 746, 745, 746, 745, 746, 745, 746,
    745, 746, 745, 746, 745, 746, 745, 746, 745, 746, 745, 746, 745, 746, 745, 746, 745, 746, 745, 746,
    745, 746, 745, 746, 745, 746, 745, 746, 745, 746, 745, 746, 745, 746, 745, 746, 745, 746, 745, 746,
    745, 746, 745, 746, 745, 746, 745, 746, 745, 746, 745, 746, 988, 988, 988, 988, 988, 808, 809, 746,
    745, 746, 745, 746, 745, 746, 745, 746, 745, 745, 746, 745, 746, 745, 746, 745, 746, 745, 746, 745,
    746, 745, 746, 745, 746, 745, 746, 745, 746, 745, 746, 308, 309, 1258, 1259, 745, 746, 803, 989, 982,
    988, 988, 988, 988, 988, 801, 779, 780, 746, 745, 746, 745, 746, 745, 746, 745, 746, 745, 746, 745,
    746, 745, 746, 745, 746, 745, 746, 745, 746, 745, 746, 745, 746, 745, 746, 745, 746, 745, 746, 745,
    746, 745, 746, 745, 746, 745, 746, 745, 746, 745, 746, 745, 746, 745, 746, 745, 746, 745, 746, 745,
    746, 745, 746, 745, 746, 745, 746, 745, 746, 745, 746, 745, 746, 745, 746, 745, 746, 745, 746, 745,
    746, 745, 746, 745, 746, 745, 746, 745, 746, 745, 746, 745, 746, 745, 746, 745, 746, 745, 746, 745,
    746, 745, 746, 745, 746, 745, 746, 745, 746, 745, 746, 745, 746, 745, 746, 745, 746, 745, 746, 745,
    988, 988, 988, 988, 988, 779, 746, 745, 746, 745, 738, 739, 704, 705, 704, 705, 704, 738, 739, 705,
    738, 739, 704, 704, 738, 738, 738, 739, 738, 739, 704, 738, 739, 704, 738, 739, 704, 738, 739, 705,
    738, 739, 705, 738, 739, 738, 739, 705, 988, 988, 988, 988, 988, 812, 776, 746, 745, 746, 745, 746,
    745, 746, 745, 746, 745, 746, 745, 746, 745, 746, 745, 746, 745, 746, 745, 746, 745, 746, 745, 746,
    745, 746, 745, 746, 745, 746, 745, 746, 745, 746, 745, 746, 745, 746, 745, 746, 745, 746, 745, 746,
    745, 746, 745, 746, 745, 746, 745, 746, 745, 746, 745, 746, 745, 746, 745, 746, 745, 746, 745, 746,
    745, 746, 745, 746, 745, 746, 745, 746, 745, 746, 745, 746, 745, 746, 745, 746, 745, 746, 745, 746,
    745, 746, 745, 746, 745, 746, 745, 746, 745, 746, 745, 746, 745, 746, 745, 746, 745, 746, 745, 746,
    745, 746, 745, 746, 745, 746, 745, 746, 988, 988, 988, 988, 988, 988, 779, 780, 745, 11, 704, 705,
    736, 737, 736, 737, 736, 737, 736, 737, 704, 705, 736, 736, 737, 736, 736, 736, 737, 736, 736, 736,
    737, 736, 736, 737, 704, 705, 736, 737, 736, 737, 736, 737, 736, 737, 704, 705, 988, 988, 988, 988,
    988, 988, 808, 809, 746, 745, 746, 745, 746, 745, 746, 745, 746, 745, 746, 745, 746, 745, 746, 745,
    746, 745, 746, 745, 746, 745, 746, 745, 746, 745, 746, 745, 746, 745, 746, 745, 746, 745, 746, 745,
    746, 745, 746, 745, 746, 745, 746, 745, 746, 745, 746, 745, 746, 745, 746, 745, 746, 745, 746, 745,
    746, 745, 746, 745, 746, 745, 746, 745, 746, 745, 746, 745, 746, 745, 746, 745, 746, 745, 746, 745,
    746, 745, 746, 745, 746, 745, 746, 745, 746, 745, 746, 745, 746, 745, 746, 745, 746, 745, 746, 745,
    746, 745, 746, 745, 746, 745, 746, 745, 746, 745, 746, 745, 746, 745, 746, 745, 988, 988, 988, 988,
    988, 988, 801, 812, 746, 11, 704, 705, 746, 745, 746, 745, 746, 746, 745, 11, 705, 704, 745, 746,
    745, 746, 745, 746, 745, 439, 440, 746, 745, 746, 745, 11, 704, 705, 746, 745, 746, 745, 746, 745,
    745, 11, 704, 705, 988, 988, 988, 988, 988, 988, 779, 746, 745, 746, 745, 746, 745, 746, 745, 746,
    745, 746, 745, 746, 745, 746, 745, 746, 745, 746, 745, 746, 745, 746, 745, 746, 745, 746, 745, 746,
    745, 746, 745, 746, 745, 746, 745, 746, 745, 746, 745, 746, 745, 746, 745, 746, 745, 746, 745, 746,
    745, 746, 745, 746, 745, 746, 745, 746, 745, 746, 745, 746, 745, 746, 745, 746, 745, 746, 745, 746,
    745, 746, 745, 746, 745, 746, 745, 746, 745, 746, 745, 746, 745, 746, 745, 746, 745, 746, 745, 746,
    745, 746, 745, 746, 745, 746, 745, 746, 745, 746, 745, 746, 745, 746, 745, 746, 745, 746, 745, 746,
    745, 746, 745, 746, 988, 988, 988, 988, 988, 988, 966, 746, 745, 11, 704, 705, 745, 746, 745, 746,
    745, 745, 746, 11, 704, 705, 746, 745, 746, 745, 746, 745, 746, 745, 746, 745, 746, 745, 746, 11,
    705, 704, 745, 746, 745, 746, 745, 746, 405, 758, 704, 705, 988, 988, 988, 988, 988, 988, 988, 779,
    780, 745, 746, 745, 746, 745, 746, 745, 746, 745, 746, 745, 746, 745, 746, 745, 746, 745, 746, 745,
    746, 745, 746, 745, 746, 745, 746, 745, 746, 745, 746, 745, 746, 745, 746, 745, 746, 745, 746, 745,
    746, 745, 746, 745, 746, 745, 746, 745, 746, 745, 746, 745, 746, 745, 746, 745, 746, 745, 746, 745,
    746, 745, 746, 745, 746, 745, 746, 745, 746, 745, 746, 745, 746, 745, 746, 745, 746, 745, 746, 745,
    746, 745, 746, 745, 746, 745, 746, 745, 746, 745, 746, 745, 746, 745, 746, 745, 746, 745, 746, 745,
    746, 745, 746, 745, 746, 745, 746, 745, 746, 745, 746, 745, 988, 988, 988, 988, 988, 988, 988, 779,
    780, 11, 704, 705, 746, 745, 746, 745, 746, 746, 745, 11, 704, 705, 745, 746, 745, 746, 745, 746,
    745, 746, 745, 746, 745, 746, 745, 11, 704, 705, 746, 745, 746, 745, 746, 745, 746, 11, 704, 705,
    988, 988, 988, 988, 988, 988, 988, 801, 812, 746, 745, 746, 745, 746, 745, 746, 745, 746, 745, 746,
    745, 746, 745, 746, 745, 746, 745, 746, 745, 746, 745, 746, 745, 746, 745, 746, 745, 746, 745, 746,
    745, 746, 745, 746, 745, 746, 745, 746, 745, 746, 745, 746, 745, 746, 745, 746, 745, 746, 745, 746,
    745, 746, 745, 746, 745, 746, 745, 746, 745, 746, 745, 746, 745, 746, 745, 746, 745, 746, 745, 746,
    745, 746, 745, 746, 745, 746, 745, 746, 745, 746, 745, 746, 745, 746, 745, 746, 745, 746, 745, 746,
    745, 746, 745, 746, 745, 746, 745, 746, 745, 746, 745, 746, 745, 746, 745, 746, 745, 746, 745, 746,
    988, 988, 988, 988, 988, 988, 988, 801, 812, 11, 704, 705, 745, 746, 745, 738, 739, 745, 746, 11,
    705, 704, 746, 745, 746, 738, 739, 738, 739, 704, 738, 739, 739, 745, 746, 11, 704, 705, 745, 746,
    745, 738, 739, 746, 746, 11, 704, 705, 988, 988, 988, 988, 988, 988, 988, 966, 746, 745, 746, 745,
    746, 745, 746, 745, 746, 745, 746, 745, 746, 745, 746, 745, 746, 745, 746, 745, 746, 745, 746, 745,
    746, 745, 746, 745, 746, 745, 746, 745, 746, 745, 746, 745, 746, 745, 746, 745, 746, 745, 746, 745,
    746, 745, 746, 745, 746, 745, 746, 745, 746, 745, 746, 745, 746, 745, 746, 745, 746, 745, 746, 745,
    746, 745, 746, 745, 746, 745, 746, 745, 746, 745, 746, 745, 746, 745, 746, 745, 746, 745, 746, 745,
    746, 745, 746, 745, 746, 745, 746, 745, 746, 745, 746, 745, 746, 745, 746, 745, 746, 745, 746, 745,
    746, 745, 746, 745, 746, 745, 746, 745, 964, 806, 773, 988, 988, 989, 801, 802, 745, 11, 704, 705,
    746, 745, 11, 704, 705, 746, 745, 11, 704, 705, 745, 746, 11, 704, 705, 704, 705, 704, 705, 704,
    705, 746, 745, 11, 704, 705, 746, 745, 11, 704, 705, 745, 745, 11, 704, 705, 988, 988, 988, 988,
    988, 988, 988, 988, 779, 780, 745, 746, 745, 746, 745, 746, 745, 746, 745, 746, 745, 746, 745, 746,
    745, 746, 745, 746, 745, 746, 745, 746, 745, 746, 745, 746, 745, 746, 745, 746, 745, 746, 745, 746,
    745, 746, 745, 746, 745, 746, 745, 746, 745, 746, 745, 746, 745, 746, 745, 746, 745, 746, 745, 746,
    745, 746, 745, 746, 745, 746, 745, 746, 745, 746, 745, 746, 745, 746, 745, 746, 745, 746, 745, 746,
    745, 746, 745, 746, 745, 746, 745, 746, 745, 746, 745, 746, 745, 746, 745, 746, 745, 746, 745, 746,
    745, 746, 745, 746, 745, 746, 745, 746, 745, 746, 745, 746, 745, 746, 745, 746, 745, 803, 800, 988,
    988, 808, 809, 746, 745, 11, 704, 705, 745, 746, 11, 704, 705, 745, 746, 11, 705, 704, 705, 704,
    704, 704, 705, 704, 705, 704, 705, 704, 705, 745, 746, 11, 704, 705, 745, 746, 11, 704, 705, 746,
    746, 11, 704, 705, 988, 988, 988, 988, 988, 988, 988, 988, 801, 812, 746, 745, 746, 745, 746, 745,
    746, 745, 746, 745, 746, 745, 746, 745, 746, 745, 746, 745, 746, 745, 746, 745, 746, 745, 746, 745,
    746, 745, 746, 745, 746, 745, 746, 745, 746, 745, 746, 745, 746, 745, 746, 745, 746, 745, 746, 745,
    746, 745, 746, 745, 746, 745, 746, 745, 746, 745, 746, 745, 746, 745, 746, 745, 746, 745, 778, 779,
    780, 745, 746, 745, 746, 745, 746, 745, 746, 745, 746, 745, 746, 745, 746, 745, 746, 745, 746, 745,
    746, 745, 746, 745, 746, 745, 746, 745, 746, 745, 746, 745, 746, 745, 746, 745, 746, 745, 746, 745,
    746, 745, 746, 745, 746, 745, 746, 800, 988, 779, 745, 745, 746, 11, 704, 705, 746, 745, 11, 704,
    705, 746, 745, 747, 737, 736, 737, 736, 736, 736, 737, 736, 737, 736, 737, 736, 737, 746, 745, 11,
    704, 705, 746, 745, 11, 704, 705, 745, 745, 11, 704, 705, 772, 964, 806, 773, 988, 988, 989, 801,
    802, 745, 745, 746, 745, 746, 745, 746, 745, 746, 745, 746, 745, 746, 745, 746, 745, 746, 745, 746,
    745, 746, 745, 746, 745, 746, 745, 746, 745, 746, 745, 746, 745, 746, 745, 746, 745, 746, 745, 746,
    745, 746, 745, 746, 745, 746, 745, 746, 745, 746, 745, 746, 745, 746, 745, 746, 745, 746, 745, 746,
    745, 746, 745, 746, 745, 746, 810, 988, 812, 776, 745, 746, 745, 746, 745, 746, 745, 746, 745, 746,
    745, 746, 745, 746, 745, 746, 745, 746, 745, 746, 745, 746, 745, 746, 745, 746, 745, 746, 745, 746,
    745, 746, 745, 746, 745, 746, 745, 746, 745, 746, 745, 746, 745, 746, 745, 276, 277, 1226, 776, 746,
    745, 11, 704, 705, 745, 746, 11, 704, 705, 745, 746, 745, 746, 745, 746, 745, 746, 745, 746, 745,
    746, 745, 746, 745, 746, 745, 746, 11, 704, 705, 745, 746, 11, 704, 705, 746, 746, 11, 704, 705,
    746, 745, 803, 800, 988, 988, 808, 809, 746, 745, 746, 745, 746, 745, 746, 745, 746, 745, 746, 745,
    746, 745, 746, 745, 746, 745, 746, 745, 746, 745, 746, 745, 746, 745, 746, 745, 746, 745, 746, 745,
    746, 745, 746, 745, 746, 745, 746, 745, 746, 745, 746, 745, 746, 745, 746, 745, 746, 745, 746, 745,
    746, 745, 746, 745, 746, 745, 746, 745, 746, 745, 746, 745, 746, 745, 805, 806, 988, 965, 809, 745,
    746, 745, 746, 745, 746, 745, 746, 745, 746, 745, 746, 745, 746, 745, 746, 745, 746, 745, 746, 745,
    746, 745, 746, 745, 746, 745, 746, 745, 746, 745, 746, 745, 746, 745, 746, 745, 746, 745, 746, 745,
    746, 745, 746, 308, 309, 1258, 1259, 745, 746, 11, 704, 705, 746, 745, 11, 704, 705, 746, 745, 746,
    745, 746, 745, 746, 745, 746, 745, 746, 745, 746, 745, 746, 745, 746, 745, 11, 704, 705, 746, 745,
    11, 704, 705, 745, 745, 11, 704, 705, 745, 746, 745, 746, 800, 988, 779, 745, 745, 746, 745, 746,
    745, 746, 745, 778, 779, 780, 745, 746, 745, 746, 745, 746, 745, 746, 745, 746, 745, 746, 745, 746,
    745, 746, 745, 746, 745, 746, 745, 746, 745, 746, 745, 746, 745, 746, 745, 746, 745, 746, 745, 746,
    745, 367, 371, 372, 369, 370, 366, 745, 745, 407, 408, 746, 745, 746, 745, 746, 745, 746, 745, 746,
    745, 746, 745, 769, 800, 988, 808, 809, 745, 746, 745, 746, 745, 746, 745, 746, 745, 746, 745, 746,
    745, 745, 746, 745, 746, 745, 746, 746, 745, 746, 745, 746, 745, 746, 745, 746, 745, 746, 745, 746,
    745, 746, 745, 746, 745, 746, 745, 746, 745, 746, 745, 746, 745, 746, 745, 746, 745, 11, 704, 705,
    745, 746, 11, 704, 705, 745, 746, 745, 746, 745, 746, 745, 746, 745, 746, 745, 746, 745, 746, 745,
    746, 745, 746, 11, 704, 705, 705, 704, 705, 704, 705, 746, 746, 11, 704, 705, 746, 745, 746, 745,
    276, 277, 1226, 776, 746, 745, 746, 745, 746, 745, 746, 810, 988, 812, 776, 745, 746, 745, 746, 745,
    746, 745, 746, 745, 746, 745, 746, 745, 746, 745, 431, 432, 746, 431, 432, 745, 746, 437, 438, 745,
    746, 745, 367, 371, 372, 369, 370, 366, 367, 390, 391, 392, 393, 394, 395, 366, 746, 439, 440, 405,
    406, 745, 746, 745, 746, 745, 746, 745, 746, 745, 746, 771, 988, 988, 988, 988, 812, 745, 746, 745,
    746, 745, 746, 745, 746, 745, 746, 745, 746, 778, 779, 780, 745, 746, 745, 745, 746, 745, 746, 745,
    746, 745, 746, 745, 746, 745, 746, 745, 746, 745, 746, 745, 746, 745, 746, 745, 746, 745, 746, 745,
    738, 739, 738, 739, 738, 739, 704, 705, 738, 739, 704, 704, 705, 738, 739, 739, 739, 746, 745, 11,
    738, 739, 738, 739, 738, 739, 705, 738, 739, 746, 745, 747, 736, 737, 737, 736, 737, 736, 737, 745,
    745, 11, 704, 705, 745, 746, 745, 746, 308, 309, 1258, 1259, 745, 746, 745, 746, 745, 746, 745, 805,
    806, 988, 965, 746, 745, 746, 745, 746, 745, 746, 745, 746, 745, 746, 745, 746, 745, 746, 745, 369,
    370, 371, 372, 369, 370, 371, 372, 369, 370, 367, 390, 391, 392, 393, 394, 395, 421, 422, 423, 424,
    425, 426, 427, 398, 406, 369, 370, 371, 372, 746, 745, 746, 745, 746, 745, 746, 745, 746, 745, 803,
    988, 988, 988, 988, 965, 808, 809, 746, 745, 746, 745, 746, 745, 746, 745, 746, 745, 810, 988, 812,
    776, 745, 746, 746, 745, 746, 745, 746, 745, 746, 745, 746, 745, 746, 745, 746, 745, 746, 745, 746,
    745, 746, 745, 746, 745, 746, 745, 11, 704, 705, 736, 737, 736, 737, 736, 737, 736, 737, 736, 736,
    737, 736, 737, 736, 737, 745, 746, 747, 736, 737, 737, 736, 737, 736, 737, 704, 705, 745, 746, 745,
    746, 746, 745, 746, 745, 746, 746, 746, 746, 11, 704, 705, 746, 745, 746, 745, 746, 745, 746, 745,
    746, 745, 746, 745, 746, 745, 746, 745, 769, 800, 988, 808, 809, 745, 746, 745, 746, 745, 746, 745,
    746, 745, 439, 440, 746, 745, 746, 367, 390, 391, 392, 393, 394, 391, 392, 393, 394, 421, 422, 423,
    424, 425, 426, 427, 428, 745, 746, 745, 746, 745, 746, 437, 438, 401, 402, 403, 404, 745, 746, 745,
    746, 745, 746, 745, 746, 745, 746, 771, 988, 988, 988, 988, 988, 965, 808, 808, 809, 745, 746, 745,
    746, 745, 746, 745, 746, 805, 806, 988, 965, 809, 745, 745, 746, 745, 746, 745, 746, 745, 746, 745,
    746, 745, 746, 745, 746, 745, 746, 745, 746, 745, 746, 745, 746, 745, 746, 11, 704, 705, 746, 745,
    746, 745, 746, 745, 746, 745, 746, 745, 746, 439, 440, 746, 745, 746, 745, 746, 745, 746, 745, 746,
    439, 440, 11, 704, 705, 407, 408, 746, 745, 745, 746, 745, 746, 745, 745, 745, 745, 11, 704, 705,
    745, 746, 745, 746, 745, 746, 745, 746, 745, 746, 745, 746, 745, 746, 745, 746, 771, 988, 988, 988,
    988, 812, 745, 746, 745, 746, 745, 746, 745, 746, 369, 370, 371, 372, 429, 421, 422, 423, 799, 796,
    797, 423, 424, 425, 426, 746, 745, 746, 745, 746, 745, 746, 745, 746, 745, 746, 745, 746, 745, 429,
    430, 433, 434, 435, 799, 716, 366, 746, 745, 746, 745, 746, 745, 746, 803, 989, 982, 988, 988, 988,
    988, 988, 801, 779, 780, 746, 745, 746, 745, 746, 745, 746, 745, 745, 769, 800, 988, 808, 809, 746,
    745, 746, 745, 746, 745, 746, 745, 746, 745, 746, 745, 746, 745, 746, 745, 746, 745, 746, 745, 746,
    745, 746, 745, 11, 704, 705, 745, 746, 745, 746, 745, 746, 745, 746, 745, 746, 745, 745, 746, 745,
    746, 745, 746, 745, 746, 745, 746, 407, 408, 745, 11, 704, 705, 439, 440, 745, 746, 746, 745, 746,
    745, 746, 746, 746, 746, 11, 704, 705, 746, 745, 746, 745, 746, 745, 746, 745, 746, 745, 746, 745,
    746, 745, 746, 745, 803, 988, 988, 988, 988, 965, 808, 809, 746, 745, 746, 745, 746, 745, 367, 390,
    391, 392, 393, 394, 395, 366, 769, 800, 988, 808, 809, 745, 746, 745, 746, 745, 746, 745, 746, 745,
    746, 745, 746, 745, 746, 745, 746, 745, 746, 745, 746, 745, 747, 748, 398, 745, 746, 745, 746, 745,
    746, 745, 408, 771, 988, 988, 988, 988, 988, 988, 812, 776, 746, 745, 746, 745, 746, 745, 746, 745,
    746, 746, 771, 988, 988, 988, 988, 812, 746, 745, 746, 745, 746, 745, 746, 745, 746, 745, 746, 745,
    746, 745, 746, 745, 746, 745, 746, 745, 746, 745, 746, 11, 704, 705, 746, 745, 746, 745, 746, 745,
    746, 745, 746, 745, 746, 746, 745, 746, 745, 746, 745, 746, 745, 746, 745, 746, 745, 746, 11, 705,
    704, 738, 738, 739, 705, 738, 738, 739, 705, 738, 739, 745, 745, 11, 704, 705, 745, 746, 745, 746,
    745, 746, 745, 746, 745, 746, 745, 746, 745, 746, 745, 746, 771, 988, 988, 988, 988, 988, 965, 808,
    808, 809, 745, 746, 745, 746, 421, 422, 423, 424, 425, 426, 427, 428, 771, 988, 988, 988, 988, 812,
    745, 746, 745, 746, 745, 746, 746, 431, 432, 746, 405, 406, 407, 408, 745, 746, 745, 746, 745, 746,
    717, 718, 440, 746, 745, 746, 745, 746, 745, 746, 745, 773, 988, 988, 988, 988, 988, 988, 988, 808,
    809, 746, 745, 746, 745, 746, 745, 746, 745, 745, 803, 988, 988, 988, 988, 965, 808, 809, 746, 745,
    746, 746, 745, 746, 745, 746, 745, 746, 745, 746, 745, 746, 745, 746, 745, 746, 809, 746, 745, 11,
    704, 705, 745, 746, 745, 738, 739, 746, 745, 746, 738, 739, 738, 739, 738, 739, 738, 739, 738, 739,
    738, 739, 746, 745, 746, 745, 747, 737, 736, 736, 737, 736, 737, 736, 737, 736, 737, 704, 705, 746,
    746, 11, 704, 705, 746, 745, 746, 745, 746, 745, 746, 745, 746, 745, 746, 745, 746, 745, 746, 803,
    989, 982, 988, 988, 988, 988, 988, 801, 779, 780, 746, 745, 746, 745, 367, 368, 746, 745, 746, 745,
    746, 745, 803, 988, 988, 988, 988, 965, 808, 809, 746, 745, 746, 745, 367, 368, 365, 366, 437, 438,
    439, 440, 746, 745, 746, 745, 746, 745, 746, 715, 716, 366, 746, 745, 746, 745, 746, 745, 746, 801,
    988, 988, 988, 988, 988, 988, 988, 779, 746, 745, 746, 745, 746, 745, 746, 745, 746, 746, 771, 988,
    988, 988, 988, 988, 965, 808, 808, 809, 745, 745, 746, 745, 746, 745, 746, 745, 746, 745, 746, 745,
    746, 745, 746, 745, 808, 808, 809, 11, 704, 705, 746, 745, 11, 704, 705, 745, 746, 11, 704, 705,
    736, 737, 736, 737, 736, 737, 736, 737, 704, 705, 745, 746, 745, 746, 745, 746, 745, 746, 745, 746,
    746, 745, 746, 745, 11, 704, 705, 745, 745, 11, 704, 705, 745, 746, 745, 746, 745, 746, 745, 746,
    745, 746, 745, 746, 745, 746, 745, 746, 771, 988, 988, 988, 988, 988, 988, 812, 776, 746, 745, 746,
    745, 746, 399, 400, 745, 746, 745, 746, 745, 746, 771, 988, 988, 988, 988, 988, 965, 808, 808, 809,
    405, 406, 399, 400, 397, 398, 429, 430, 746, 745, 745, 746, 745, 746, 745, 746, 745, 747, 748, 398,
    745, 746, 745, 746, 745, 367, 368, 769, 988, 988, 988, 988, 988, 988, 988, 988, 779, 780, 745, 746,
    745, 746, 745, 746, 745, 803, 989, 982, 988, 988, 988, 988, 988, 801, 779, 780, 746, 746, 745, 746,
    745, 746, 745, 746, 745, 746, 745, 746, 745, 746, 745, 746, 801, 779, 780, 11, 704, 705, 745, 746,
    11, 704, 705, 746, 745, 11, 704, 705, 407, 408, 746, 745, 746, 745, 746, 11, 704, 705, 746, 745,
    746, 745, 746, 745, 746, 745, 746, 745, 745, 746, 745, 746, 11, 704, 705, 746, 746, 11, 704, 705,
    746, 745, 746, 745, 746, 745, 746, 745, 746, 745, 746, 745, 746, 745, 746, 745, 773, 988, 988, 988,
    988, 988, 988, 988, 808, 809, 746, 745, 746, 745, 405, 406, 746, 745, 746, 745, 746, 803, 989, 982,
    988, 988, 988, 988, 988, 801, 757, 406, 367, 368, 745, 405, 406, 365, 366, 746, 745, 431, 432, 745,
    746, 745, 746, 745, 746, 717, 718, 408, 746, 745, 746, 745, 746, 399, 400, 771, 988, 988, 988, 988,
    988, 988, 988, 988, 801, 812, 746, 745, 746, 745, 746, 745, 746, 408, 771, 988, 988, 988, 988, 988,
    988, 812, 776, 746, 745, 745, 746, 745, 746, 745, 746, 745, 746, 745, 746, 745, 746, 745, 746, 745,
    812, 776, 746, 11, 704, 705, 746, 745, 11, 704, 705, 745, 746, 11, 704, 705, 439, 440, 745, 746,
    745, 746, 745, 11, 704, 705, 745, 746, 745, 746, 745, 746, 745, 746, 745, 746, 746, 745, 746, 745,
    11, 704, 705, 745, 745, 11, 704, 705, 745, 746, 745, 390, 391, 392, 393, 394, 395, 746, 745, 746,
    745, 746, 745, 746, 801, 988, 988, 988, 988, 988, 988, 988, 779, 746, 745, 746, 745, 746, 437, 438,
    745, 746, 745, 746, 745, 746, 771, 988, 988, 988, 732, 733, 734, 735, 757, 438, 399, 400, 746, 437,
    438, 397, 398, 745, 746, 746, 745, 746, 745, 746, 745, 746, 746, 717, 718, 408, 745, 746, 745, 745,
    746, 405, 406, 810, 988, 988, 988, 988, 988, 988, 988, 988, 966, 746, 745, 746, 745, 746, 745, 746,
    745, 746, 773, 988, 988, 988, 988, 988, 988, 988, 808, 809, 746, 745, 745, 746, 745, 746, 745, 746,
    745, 746, 745, 746, 745, 746, 745, 746, 988, 808, 809, 11, 704, 705, 745, 746, 11, 704, 705, 746,
    745, 11, 704, 705, 745, 745, 746, 745, 746, 745, 746, 11, 704, 705, 746, 745, 11, 738, 739, 704,
    738, 739, 738, 739, 704, 738, 739, 738, 739, 704, 705, 745, 746, 11, 704, 705, 746, 745, 421, 422,
    423, 424, 425, 426, 427, 428, 746, 745, 746, 745, 746, 745, 769, 988, 988, 988, 988, 988, 988, 988,
    988, 779, 780, 745, 405, 406, 407, 408, 746, 745, 746, 745, 746, 745, 773, 988, 830, 831, 734, 735,
    766, 767, 808, 809, 746, 745, 745, 745, 429, 430, 746, 745, 746, 745, 746, 745, 746, 745, 746, 745,
    713, 716, 366, 745, 746, 745, 746, 746, 745, 437, 438, 745, 805, 988, 988, 988, 988, 988, 988, 988,
    988, 779, 780, 745, 746, 745, 746, 745, 746, 745, 801, 988, 988, 988, 988, 988, 988, 988, 779, 746,
    745, 746, 746, 745, 746, 745, 746, 745, 746, 745, 746, 745, 746, 745, 746, 745, 988, 779, 746, 11,
    704, 705, 746, 745, 747, 736, 737, 745, 746, 747, 736, 737, 746, 746, 745, 704, 705, 746, 745, 11,
    704, 705, 745, 746, 747, 736, 737, 736, 737, 737, 736, 737, 736, 737, 736, 737, 704, 705, 705, 745,
    746, 11, 704, 705, 746, 746, 746, 367, 368, 746, 778, 779, 718, 746, 745, 746, 745, 746, 745, 746,
    771, 988, 988, 988, 988, 988, 988, 988, 988, 801, 812, 746, 437, 438, 439, 440, 745, 746, 745, 746,
    745, 746, 801, 988, 725, 726, 766, 767, 798, 799, 779, 746, 745, 746, 746, 405, 406, 746, 745, 745,
    745, 746, 745, 746, 745, 746, 745, 746, 747, 748, 398, 746, 745, 746, 745, 405, 406, 407, 408, 746,
    775, 988, 988, 988, 988, 988, 988, 988, 988, 801, 812, 746, 745, 746, 745, 746, 745, 746, 769, 988,
    988, 988, 988, 988, 988, 988, 988, 779, 780, 745, 745, 746, 745, 746, 745, 746, 745, 746, 745, 746,
    745, 746, 745, 746, 988, 988, 779, 988, 704, 705, 745, 746, 431, 432, 745, 746, 745, 746, 745, 745,
    745, 745, 11, 704, 705, 745, 746, 11, 704, 705, 746, 745, 746, 745, 746, 745, 746, 745, 746, 745,
    746, 745, 746, 11, 704, 704, 705, 746, 745, 11, 704, 705, 745, 745, 745, 399, 400, 745, 810, 988,
    828, 366, 746, 745, 746, 745, 746, 745, 810, 988, 988, 988, 988, 988, 988, 988, 988, 966, 746, 745,
    429, 430, 746, 745, 746, 745, 746, 745, 746, 745, 769, 732, 733, 734, 735, 988, 988, 988, 988, 779,
    780, 745, 745, 437, 438, 745, 746, 746, 746, 745, 746, 745, 746, 745, 746, 745, 717, 718, 408, 745,
    746, 745, 746, 437, 438, 439, 440, 745, 771, 772, 964, 806, 773, 988, 988, 989, 801, 802, 745, 745,
    746, 745, 746, 745, 746, 745, 771, 988, 988, 988, 988, 988, 988, 988, 988, 801, 812, 746, 746, 745,
    746, 745, 746, 745, 746, 745, 746, 745, 746, 745, 746, 745, 988, 988, 801, 988, 704, 705, 746, 745,
    746, 745, 746, 745, 746, 745, 746, 746, 746, 746, 11, 704, 705, 746, 745, 11, 704, 705, 745, 746,
    745, 746, 745, 746, 745, 746, 745, 746, 745, 746, 745, 11, 704, 704, 705, 745, 746, 11, 704, 705,
    746, 746, 746, 437, 438, 746, 805, 806, 731, 795, 812, 780, 745, 746, 745, 746, 745, 805, 988, 988,
    988, 988, 988, 988, 988, 988, 779, 780, 406, 746, 745, 746, 745, 746, 745, 746, 745, 746, 771, 764,
    765, 766, 767, 988, 988, 988, 988, 801, 812, 745, 367, 368, 745, 746, 745, 746, 745, 746, 745, 746,
    745, 746, 745, 713, 718, 408, 745, 746, 745, 746, 745, 429, 430, 746, 745, 746, 745, 746, 745, 803,
    800, 988, 988, 808, 809, 746, 745, 746, 745, 746, 745, 746, 745, 746, 810, 988, 988, 988, 988, 988,
    988, 988, 988, 966, 746, 745, 745, 746, 745, 746, 745, 746, 745, 746, 745, 746, 745, 746, 745, 746,
    988, 988, 966, 988, 704, 705, 745, 746, 745, 746, 745, 746, 745, 746, 745, 745, 745, 745, 11, 704,
    705, 745, 746, 11, 704, 705, 746, 745, 746, 745, 746, 745, 746, 745, 746, 745, 746, 745, 746, 747,
    736, 736, 737, 746, 745, 11, 704, 705, 745, 745, 367, 368, 745, 745, 746, 769, 763, 827, 988, 808,
    809, 745, 746, 745, 746, 775, 988, 988, 988, 988, 988, 988, 988, 988, 801, 812, 438, 745, 746, 745,
    746, 745, 746, 745, 746, 745, 810, 796, 797, 798, 799, 988, 988, 988, 988, 966, 746, 746, 399, 400,
    746, 745, 746, 745, 746, 745, 746, 745, 746, 745, 746, 715, 716, 366, 746, 745, 746, 745, 405, 406,
    746, 745, 746, 745, 746, 745, 746, 745, 746, 800, 988, 779, 745, 745, 746, 745, 746, 745, 746, 745,
    746, 745, 745, 805, 988, 988, 988, 988, 988, 988, 988, 988, 779, 780, 746, 745, 746, 745, 746, 745,
    746, 745, 746, 745, 746, 745, 746, 745, 988, 988, 988, 988, 705, 705, 746, 745, 746, 738, 739, 738,
    739, 738, 739, 739, 739, 738, 739, 704, 705, 746, 745, 11, 704, 705, 738, 739, 738, 739, 705, 738,
    739, 738, 739, 738, 739, 746, 745, 746, 745, 745, 746, 745, 746, 11, 704, 705, 746, 746, 399, 400,
    745, 746, 745, 771, 828, 829, 988, 988, 812, 746, 745, 746, 745, 771, 772, 964, 806, 773, 988, 988,
    989, 801, 802, 429, 430, 746, 745, 746, 745, 746, 745, 745, 713, 714, 430, 805, 988, 988, 988, 988,
    988, 988, 988, 988, 779, 746, 405, 406, 745, 746, 745, 746, 745, 746, 745, 746, 745, 746, 745, 747,
    748, 398, 745, 746, 745, 746, 437, 438, 745, 746, 745, 746, 745, 746, 745, 746, 745, 276, 277, 1226,
    776, 746, 745, 746, 745, 746, 745, 746, 745, 746, 746, 775, 988, 988, 988, 988, 988, 988, 988, 988,
    801, 812, 745, 746, 745, 746, 745, 746, 745, 746, 745, 746, 745, 746, 745, 746, 988, 988, 988, 988,
    704, 705, 745, 746, 11, 704, 705, 736, 737, 736, 737, 736, 737, 736, 737, 704, 705, 745, 746, 747,
    736, 737, 736, 737, 737, 736, 737, 736, 737, 736, 737, 704, 705, 745, 746, 745, 746, 746, 745, 746,
    745, 11, 704, 705, 745, 745, 431, 432, 746, 745, 746, 803, 731, 795, 988, 988, 801, 808, 809, 745,
    746, 745, 746, 745, 803, 800, 988, 988, 808, 809, 367, 368, 745, 745, 746, 745, 746, 745, 746, 746,
    715, 716, 366, 775, 988, 988, 988, 988, 988, 988, 988, 988, 801, 745, 437, 438, 746, 745, 746, 745,
    746, 745, 746, 745, 746, 431, 432, 717, 718, 408, 745, 745, 746, 745, 429, 430, 746, 745, 746, 745,
    746, 745, 746, 745, 746, 308, 309, 1258, 1259, 745, 746, 745, 746, 745, 746, 745, 746, 745, 745, 771,
    772, 964, 806, 773, 988, 988, 989, 801, 802, 745, 746, 745, 746, 745, 746, 745, 746, 745, 746, 745,
    746, 745, 746, 745, 277, 1226, 801, 988, 705, 705, 746, 745, 11, 704, 705, 745, 746, 745, 746, 745,
    746, 746, 11, 704, 705, 746, 745, 746, 745, 746, 745, 746, 745, 746, 745, 746, 745, 746, 11, 704,
    705, 746, 745, 746, 745, 745, 746, 745, 746, 11, 704, 705, 746, 746, 437, 438, 745, 746, 745, 771,
    763, 827, 988, 988, 988, 965, 808, 808, 809, 746, 745, 746, 745, 746, 800, 988, 779, 745, 399, 400,
    746, 746, 745, 746, 745, 746, 745, 745, 747, 748, 398, 771, 772, 964, 806, 773, 988, 988, 989, 801,
    802, 713, 714, 430, 745, 746, 745, 746, 745, 746, 745, 746, 745, 746, 745, 715, 716, 366, 746, 745,
    745, 830, 831, 283, 284, 283, 284, 283, 284, 283, 284, 283, 284, 283, 284, 283, 283, 284, 283, 284,
    283, 284, 283, 284, 283, 284, 283, 284, 283, 283, 745, 800, 988, 988, 808, 809, 746, 745, 745, 746,
    745, 746, 745, 746, 745, 746, 745, 746, 745, 746, 745, 746, 277, 1226, 809, 11, 704, 705, 745, 746,
    11, 704, 705, 746, 745, 746, 745, 746, 745, 745, 11, 704, 705, 745, 746, 745, 746, 745, 746, 745,
    746, 745, 746, 745, 746, 745, 11, 704, 705, 745, 746, 745, 704, 738, 739, 738, 739, 705, 704, 705,
    745, 745, 367, 368, 746, 745, 803, 989, 828, 829, 988, 988, 988, 988, 801, 779, 780, 745, 746, 745,
    746, 745, 276, 277, 1226, 776, 431, 432, 745, 745, 746, 745, 746, 745, 746, 713, 714, 430, 746, 745,
    746, 745, 803, 800, 988, 988, 808, 746, 745, 715, 716, 366, 746, 745, 746, 745, 746, 745, 746, 745,
    746, 745, 746, 747, 748, 398, 745, 746, 746, 725, 726, 284, 283, 284, 283, 284, 283, 284, 283, 284,
    283, 284, 283, 284, 284, 283, 284, 283, 284, 283, 284, 283, 284, 283, 284, 283, 284, 284, 745, 746,
    800, 988, 779, 745, 745, 746, 746, 745, 746, 745, 746, 745, 746, 745, 746, 745, 746, 745, 746, 745,
    277, 1226, 745, 11, 705, 704, 746, 745, 11, 705, 704, 745, 746, 745, 746, 745, 746, 746, 11, 704,
    705, 746, 745, 746, 745, 746, 745, 746, 745, 746, 745, 746, 745, 746, 11, 704, 705, 746, 745, 11,
    704, 705, 736, 737, 736, 737, 736, 737, 746, 746, 399, 400, 745, 746, 745, 771, 731, 795, 988, 988,
    988, 988, 812, 776, 745, 746, 745, 745, 405, 406, 308, 309, 1258, 1259, 437, 438, 745, 746, 745, 746,
    745, 746, 745, 715, 716, 366, 745, 746, 745, 746, 745, 745, 800, 988, 779, 745, 746, 747, 748, 398,
    745, 746, 745, 746, 745, 746, 745, 746, 745, 746, 745, 717, 718, 408, 405, 406, 745, 757, 758, 283,
    284, 283, 284, 283, 284, 283, 284, 283, 284, 283, 284, 283, 283, 284, 283, 284, 283, 284, 283, 284,
    283, 284, 283, 284, 283, 283, 746, 745, 276, 277, 1226, 776, 746, 745, 745, 746, 745, 746, 745, 746,
    745, 746, 745, 746, 745, 746, 745, 746, 277, 1226, 776, 11, 704, 705, 745, 746, 11, 704, 705, 746,
    745, 746, 745, 367, 368, 745, 11, 704, 705, 745, 746, 11, 704, 705, 704, 705, 704, 705, 704, 705,
    746, 745, 11, 704, 705, 745, 746, 11, 704, 705, 745, 746, 745, 746, 745, 746, 745, 367, 368, 745,
    746, 745, 746, 773, 988, 763, 827, 988, 988, 988, 988, 808, 809, 745, 746, 746, 437, 438, 746, 745,
    746, 745, 746, 745, 746, 745, 746, 745, 746, 745, 746, 747, 748, 398, 746, 745, 746, 745, 746, 745,
    769, 988, 988, 808, 809, 439, 440, 745, 746, 745, 746, 745, 746, 745, 746, 745, 746, 745, 746, 749,
    750, 370, 371, 372, 746, 757, 758, 510, 478, 510, 478, 510, 478, 510, 478, 510, 478, 510, 478, 510,
    510, 478, 510, 478, 510, 478, 510, 478, 510, 478, 510, 478, 510, 510, 543, 746, 308, 309, 1258, 1259,
    745, 746, 746, 745, 746, 745, 746, 745, 746, 745, 746, 745, 746, 745, 746, 745, 309, 1258, 1259, 11,
    705, 704, 746, 745, 11, 704, 705, 745, 746, 745, 738, 739, 400, 746, 11, 704, 705, 746, 745, 747,
    736, 737, 736, 737, 736, 737, 704, 705, 745, 746, 11, 704, 705, 746, 745, 11, 704, 705, 746, 745,
    746, 745, 746, 745, 746, 399, 400, 746, 745, 746, 745, 801, 988, 828, 829, 988, 988, 988, 988, 779,
    746, 746, 745, 713, 714, 430, 745, 746, 745, 746, 745, 746, 745, 746, 745, 746, 745, 746, 745, 745,
    713, 714, 430, 746, 745, 746, 745, 746, 745, 800, 988, 779, 745, 745, 746, 745, 745, 746, 745, 746,
    745, 746, 745, 746, 745, 746, 745, 719, 720, 402, 403, 404, 367, 368, 282, 478, 510, 478, 510, 478,
    510, 478, 510, 478, 510, 478, 510, 478, 478, 510, 478, 510, 478, 510, 478, 510, 478, 510, 478, 510,
    478, 478, 543, 746, 745, 746, 745, 746, 745, 746, 745, 746, 745, 746, 745, 746, 745, 746, 745, 746,
    745, 746, 745, 746, 745, 746, 745, 11, 704, 705, 745, 746, 11, 704, 705, 746, 745, 11, 704, 705,
    745, 745, 11, 704, 705, 745, 746, 745, 746, 745, 746, 745, 746, 11, 704, 705, 746, 745, 11, 704,
    705, 745, 746, 11, 704, 705, 745, 746, 745, 746, 745, 746, 745, 437, 438, 746, 745, 746, 745, 769,
    988, 731, 795, 988, 988, 988, 988, 988, 779, 780, 746, 715, 716, 366, 746, 745, 728, 729, 728, 729,
    728, 729, 728, 729, 746, 745, 746, 746, 715, 716, 366, 745, 746, 745, 746, 745, 745, 769, 988, 988,
    808, 377, 378, 378, 379, 745, 746, 745, 746, 377, 378, 378, 378, 378, 378, 751, 752, 434, 435, 436,
    399, 400, 746, 745, 746, 745, 746, 745, 746, 745, 746, 745, 746, 745, 746, 745, 746, 745, 746, 745,
    746, 745, 746, 745, 746, 745, 746, 745, 283, 284, 543, 745, 746, 745, 746, 745, 746, 745, 746, 745,
    746, 745, 746, 745, 746, 745, 746, 745, 746, 745, 746, 745, 746, 745, 746, 11, 704, 705, 746, 745,
    11, 705, 704, 745, 746, 11, 704, 705, 746, 746, 11, 704, 705, 746, 745, 746, 745, 746, 745, 746,
    745, 11, 704, 705, 745, 746, 11, 704, 705, 746, 745, 11, 704, 705, 738, 739, 738, 739, 738, 739,
    367, 368, 745, 745, 746, 745, 746, 771, 988, 763, 827, 988, 988, 988, 988, 988, 801, 812, 745, 747,
    748, 398, 825, 824, 761, 760, 761, 760, 761, 760, 761, 762, 745, 746, 745, 745, 747, 748, 398, 746,
    745, 746, 745, 746, 745, 745, 800, 988, 779, 409, 410, 410, 411, 746, 745, 746, 745, 409, 410, 410,
    410, 410, 410, 410, 410, 410, 410, 410, 410, 411, 745, 746, 745, 746, 745, 746, 745, 746, 745, 746,
    745, 746, 745, 746, 745, 746, 745, 746, 745, 746, 745, 746, 745, 746, 745, 367, 831, 283, 543, 746,
    745, 746, 745, 746, 745, 746, 745, 746, 745, 746, 745, 746, 745, 746, 745, 746, 745, 746, 745, 746,
    745, 746, 745, 11, 704, 705, 745, 746, 11, 704, 705, 746, 745, 11, 704, 705, 745, 745, 11, 704,
    705, 745, 746, 745, 746, 745, 746, 745, 746, 11, 704, 705, 746, 745, 747, 736, 737, 745, 746, 747,
    736, 737, 736, 737, 736, 737, 736, 737, 399, 400, 746, 746, 745, 746, 745, 810, 988, 828, 829, 988,
    988, 988, 988, 988, 966, 745, 405, 406, 746, 745, 746, 728, 793, 792, 793, 792, 793, 792, 793, 762,
    746, 745, 746, 713, 714, 430, 746, 745, 746, 745, 746, 745, 746, 745, 276, 277, 1226, 409, 410, 410,
    411, 745, 746, 745, 746, 409, 410, 410, 410, 410, 410, 410, 410, 410, 410, 410, 410, 411, 746, 745,
    746, 745, 746, 745, 746, 745, 746, 745, 746, 745, 746, 745, 746, 745, 746, 745, 746, 745, 746, 745,
    746, 745, 746, 399, 726, 284, 543, 745, 746, 745, 746, 745, 746, 745, 746, 745, 746, 745, 746, 745,
    746, 745, 746, 745, 746, 745, 746, 745, 746, 745, 746, 11, 704, 705, 746, 745, 11, 704, 705, 745,
    746, 11, 704, 705, 746, 746, 11, 704, 705, 738, 739, 738, 738, 738, 739, 746, 745, 11, 704, 705,
    745, 746, 745, 746, 745, 746, 745, 437, 438, 745, 746, 745, 746, 745, 746, 745, 745, 745, 745, 745,
    746, 745, 746, 746, 805, 731, 795, 988, 988, 988, 988, 988, 988, 779, 437, 438, 745, 746, 759, 760,
    761, 760, 761, 760, 761, 760, 761, 794, 745, 746, 745, 715, 716, 366, 745, 746, 745, 746, 745, 746,
    745, 746, 308, 309, 1258, 409, 410, 410, 411, 746, 745, 746, 745, 409, 410, 410, 410, 410, 410, 410,
    410, 410, 410, 410, 410, 411, 745, 746, 745, 746, 745, 746, 745, 746, 745, 746, 745, 746, 745, 746,
    745, 746, 745, 746, 745, 746, 745, 746, 745, 746, 745, 746, 284, 283, 543, 746, 745, 778, 779, 780,
    745, 746, 745, 746, 745, 746, 745, 746, 745, 746, 745, 746, 745, 746, 745, 746, 745, 746, 745, 11,
    705, 704, 745, 746, 11, 704, 705, 746, 745, 11, 704, 705, 745, 745, 11, 704, 705, 704, 705, 704,
    705, 704, 705, 745, 746, 11, 704, 705, 746, 745, 746, 745, 746, 745, 746, 745, 746, 746, 745, 746,
    745, 746, 745, 746, 746, 746, 746, 746, 745, 746, 745, 745, 775, 988, 763, 827, 988, 988, 988, 988,
    988, 988, 714, 430, 746, 745, 791, 792, 793, 792, 793, 792, 793, 792, 793, 762, 746, 745, 746, 747,
    748, 398, 746, 745, 746, 745, 746, 745, 746, 745, 283, 283, 284, 409, 410, 410, 411, 745, 283, 283,
    284, 409, 410, 410, 410, 410, 410, 410, 410, 410, 410, 410, 410, 411, 746, 745, 746, 745, 746, 745,
    746, 745, 746, 745, 746, 745, 746, 745, 746, 745, 746, 745, 746, 745, 746, 745, 746, 745, 746, 745,
    284, 283, 543, 745, 746, 810, 988, 812, 776, 745, 746, 745, 746, 745, 746, 745, 746, 745, 746, 745,
    746, 745, 746, 745, 746, 745, 746, 11, 704, 705, 746, 745, 11, 704, 705, 745, 746, 11, 704, 705,
    746, 746, 11, 704, 705, 704, 705, 704, 705, 704, 705, 746, 745, 11, 704, 705, 745, 746, 745, 746,
    745, 746, 745, 746, 745, 745, 746, 745, 746, 745, 746, 745, 745, 745, 745, 745, 746, 745, 746, 746,
    771, 772, 828, 829, 283, 284, 988, 989, 801, 988, 716, 366, 745, 746, 745, 824, 825, 760, 761, 760,
    761, 760, 761, 794, 745, 745, 713, 714, 430, 746, 745, 746, 745, 746, 745, 746, 745, 746, 284, 284,
    283, 441, 442, 442, 443, 746, 284, 284, 283, 441, 442, 442, 442, 442, 442, 442, 442, 442, 442, 442,
    442, 443, 745, 746, 745, 746, 745, 746, 745, 746, 745, 746, 745, 746, 745, 746, 745, 746, 745, 746,
    745, 746, 745, 746, 745, 746, 745, 746, 283, 284, 543, 746, 745, 805, 806, 988, 965, 809, 745, 746,
    745, 746, 745, 746, 745, 746, 745, 746, 745, 746, 745, 746, 745, 746, 745, 11, 704, 705, 745, 746,
    11, 705, 704, 746, 745, 11, 704, 705, 745, 745, 11, 704, 705, 704, 705, 704, 705, 704, 705, 704,
    705, 704, 704, 705, 705, 704, 705, 704, 705, 745, 746, 745, 738, 739, 738, 739, 738, 739, 738, 739,
    367, 368, 746, 746, 745, 746, 745, 745, 746, 717, 731, 795, 283, 284, 988, 808, 809, 747, 748, 398,
    746, 745, 746, 745, 759, 792, 793, 792, 793, 792, 793, 728, 729, 746, 715, 716, 366, 745, 746, 745,
    746, 745, 746, 745, 746, 745, 283, 283, 284, 606, 607, 606, 607, 745, 283, 283, 284, 606, 607, 606,
    607, 606, 607, 606, 607, 606, 607, 606, 606, 607, 746, 755, 283, 284, 283, 284, 283, 284, 753, 745,
    746, 745, 745, 754, 755, 284, 283, 284, 283, 284, 283, 284, 284, 284, 284, 284, 284, 283, 543, 745,
    746, 745, 769, 800, 988, 808, 809, 745, 746, 745, 746, 745, 746, 745, 746, 745, 746, 745, 746, 745,
    809, 745, 746, 11, 704, 705, 746, 745, 747, 737, 736, 745, 746, 11, 704, 705, 746, 746, 747, 736,
    737, 736, 737, 736, 737, 736, 737, 736, 737, 736, 736, 737, 737, 736, 737, 736, 737, 746, 745, 11,
    704, 705, 736, 737, 736, 737, 736, 737, 399, 400, 718, 745, 746, 745, 746, 746, 745, 717, 718, 408,
    805, 800, 988, 779, 745, 746, 745, 746, 745, 746, 745, 745, 791, 824, 825, 760, 761, 760, 761, 760,
    761, 745, 747, 748, 398, 746, 745, 746, 745, 746, 745, 746, 745, 746, 284, 284, 283, 638, 639, 638,
    639, 746, 284, 284, 283, 638, 639, 638, 639, 638, 448, 449, 450, 638, 639, 638, 638, 639, 745, 283,
    284, 283, 284, 283, 284, 283, 284, 283, 754, 755, 284, 283, 284, 283, 284, 478, 510, 478, 510, 478,
    478, 510, 478, 478, 510, 478, 510, 746, 745, 746, 771, 988, 988, 988, 988, 812, 745, 746, 745, 746,
    745, 746, 745, 746, 745, 746, 745, 746, 808, 808, 809, 11, 704, 705, 745, 746, 745, 431, 432, 746,
    745, 11, 704, 705, 429, 430, 746, 745, 746, 745, 746, 745, 746, 745, 746, 745, 746, 745, 746, 745,
    746, 745, 746, 745, 746, 746, 746, 11, 704, 705, 745, 746, 745, 746, 745, 746, 746, 367, 368, 746,
    745, 746, 745, 745, 746, 715, 716, 366, 746, 276, 277, 1226, 776, 745, 746, 745, 746, 745, 746, 746,
    746, 745, 759, 792, 793, 792, 793, 792, 793, 713, 714, 430, 746, 745, 746, 745, 746, 745, 367, 368,
    746, 745, 283, 283, 284, 606, 607, 606, 607, 896, 897, 898, 899, 606, 607, 606, 607, 606, 480, 481,
    482, 606, 607, 606, 606, 607, 746, 284, 283, 284, 283, 284, 283, 284, 283, 284, 283, 284, 283, 284,
    283, 284, 283, 510, 478, 510, 478, 510, 510, 478, 510, 510, 478, 510, 478, 745, 746, 745, 803, 988,
    988, 988, 988, 965, 808, 809, 746, 745, 746, 745, 746, 745, 746, 745, 746, 745, 801, 779, 780, 11,
    704, 705, 746, 745, 746, 745, 746, 745, 746, 11, 704, 705, 365, 366, 745, 746, 745, 746, 745, 746,
    745, 746, 745, 746, 745, 746, 745, 746, 745, 746, 745, 746, 745, 745, 745, 11, 704, 705, 746, 745,
    746, 745, 746, 745, 745, 399, 400, 745, 746, 745, 746, 746, 745, 747, 748, 398, 745, 308, 309, 1258,
    1259, 746, 745, 746, 745, 746, 745, 746, 745, 746, 745, 746, 745, 746, 825, 824, 745, 715, 716, 366,
    745, 746, 745, 746, 745, 746, 399, 400, 745, 746, 284, 284, 283, 638, 639, 638, 639, 928, 929, 930,
    931, 638, 639, 638, 639, 638, 512, 513, 514, 638, 639, 638, 638, 639, 745, 283, 284, 478, 510, 478,
    510, 478, 510, 478, 510, 478, 510, 478, 510, 478, 510, 478, 510, 478, 510, 478, 478, 510, 478, 478,
    510, 478, 510, 407, 408, 746, 771, 988, 988, 988, 988, 988, 965, 808, 808, 809, 745, 746, 745, 746,
    745, 746, 745, 746, 812, 776, 745, 11, 704, 705, 745, 746, 745, 746, 745, 746, 745, 11, 704, 705,
    397, 398, 746, 745, 746, 745, 746, 745, 746, 405, 406, 745, 746, 745, 746, 745, 746, 745, 746, 745,
    746, 746, 746, 11, 704, 705, 745, 746, 745, 746, 745, 746, 746, 431, 432, 746, 745, 746, 745, 745,
    746, 717, 718, 408, 746, 745, 746, 745, 746, 745, 746, 745, 746, 745, 746, 745, 746, 745, 746, 745,
    746, 745, 746, 745, 746, 747, 748, 398, 390, 391, 392, 393, 394, 395, 746, 745, 746, 745, 282, 283,
    284, 606, 607, 606, 607, 745, 282, 283, 284, 606, 607, 606, 607, 606, 544, 545, 546, 606, 607, 606,
    606, 607, 746, 281, 282, 510, 478, 510, 478, 510, 478, 510, 478, 510, 478, 510, 478, 510, 478, 510,
    478, 510, 478, 510, 510, 478, 510, 510, 478, 510, 478, 439, 440, 803, 989, 982, 988, 988, 988, 988,
    988, 801, 779, 780, 746, 745, 746, 745, 746, 745, 746, 745, 988, 808, 809, 11, 705, 704, 738, 738,
    739, 738, 739, 738, 739, 704, 705, 704, 738, 738, 738, 739, 738, 739, 738, 739, 705, 738, 739, 738,
    739, 738, 738, 739, 738, 739, 738, 739, 705, 738, 738, 739, 704, 705, 746, 745, 746, 745, 746, 745,
    745, 367, 368, 745, 746, 745, 746, 746, 745, 749, 750, 370, 371, 746, 745, 746, 745, 746, 745, 746,
    745, 746, 745, 746, 745, 746, 745, 746, 745, 746, 745, 746, 745, 746, 745, 421, 422, 423, 424, 425,
    426, 427, 428, 746, 745, 746, 746, 281, 282, 638, 639, 638, 639, 746, 746, 281, 282, 638, 639, 638,
    639, 638, 445, 446, 447, 638, 639, 638, 638, 639, 407, 408, 405, 406, 365, 366, 745, 632, 697, 746,
    632, 664, 665, 746, 745, 746, 745, 746, 745, 746, 745, 746, 745, 963, 969, 988, 988, 962, 745, 713,
    714, 408, 771, 988, 988, 988, 988, 988, 988, 812, 776, 746, 745, 746, 745, 746, 745, 746, 745, 746,
    988, 779, 745, 747, 737, 736, 736, 737, 736, 737, 736, 736, 737, 736, 737, 736, 737, 736, 737, 736,
    737, 736, 737, 736, 737, 736, 737, 736, 737, 736, 737, 736, 737, 736, 737, 736, 737, 736, 737, 736,
    736, 737, 745, 746, 745, 746, 745, 746, 745, 399, 400, 745, 746, 745, 746, 745, 746, 719, 720, 402,
    391, 392, 393, 394, 391, 392, 393, 394, 391, 392, 393, 394, 395, 390, 746, 745, 746, 745, 367, 390,
    391, 392, 393, 394, 391, 392, 393, 394, 391, 392, 393, 394, 391, 392, 393, 394, 395, 366, 713, 714,
    430, 745, 746, 745, 746, 632, 633, 633, 664, 665, 698, 699, 634, 699, 635, 745, 632, 697, 439, 440,
    746, 745, 397, 398, 746, 746, 745, 745, 746, 696, 697, 745, 746, 745, 746, 745, 746, 405, 406, 713,
    714, 430, 746, 24, 25, 745, 745, 715, 716, 366, 773, 988, 988, 988, 988, 988, 988, 988, 808, 809,
    746, 745, 746, 745, 746, 745, 746, 745, 988, 988, 779, 780, 746, 745, 746, 745, 746, 745, 746, 745,
    746, 745, 746, 745, 746, 746, 745, 746, 745, 746, 745, 746, 745, 746, 745, 746, 745, 746, 745, 746,
    745, 746, 745, 746, 745, 745, 746, 745, 746, 745, 746, 745, 746, 745, 746, 745, 746, 431, 432, 746,
    745, 746, 745, 746, 745, 751, 752, 434, 423, 424, 425, 426, 423, 424, 425, 426, 423, 424, 425, 426,
    427, 422, 745, 746, 745, 746, 421, 422, 423, 424, 425, 426, 423, 424, 425, 426, 423, 424, 425, 426,
    423, 424, 425, 426, 427, 428, 715, 716, 366, 746, 745, 746, 745, 745, 405, 406, 696, 697, 745, 746,
    745, 746, 439, 440, 745, 746, 745, 746, 745, 746, 745, 746, 745, 746, 745, 746, 745, 746, 745, 746,
    745, 746, 745, 746, 745, 437, 438, 715, 716, 366, 745, 286, 287, 746, 746, 747, 748, 398, 801, 988,
    988, 988, 988, 988, 988, 988, 779, 746, 745, 746, 745, 746, 745, 746, 745, 746, 988, 988, 801, 812,
    745, 746, 745, 746, 745, 746, 745, 746, 745, 746, 745, 746, 745, 745, 746, 745, 746, 745, 746, 745,
    746, 745, 746, 745, 746, 745, 746, 367, 390, 391, 392, 393, 394, 391, 392, 393, 394, 391, 392, 393,
    394, 391, 392, 393, 394, 395, 366, 745, 746, 745, 746, 745, 746, 745, 437, 438, 746, 745, 746, 745,
    746, 745, 746, 745, 746, 745, 746, 745, 746, 367, 390, 391, 392, 393, 394, 395, 366, 745, 746, 745,
    746, 745, 746, 745, 746, 745, 746, 745, 746, 745, 746, 745, 439, 440, 747, 748, 398, 745, 746, 745,
    746, 745, 437, 438, 746, 745, 746, 745, 746, 745, 746, 745, 405, 406, 746, 745, 746, 745, 746, 745,
    746, 745, 746, 745, 746, 745, 746, 745, 746, 745, 746, 745, 746, 745, 746, 747, 748, 398, 746, 745,
    746, 745, 745, 717, 718, 408, 769, 988, 988, 988, 988, 988, 988, 988, 988, 779, 780, 745, 746, 745,
    746, 745, 746, 745, 988, 988, 966, 745, 746, 745, 746, 745, 746, 745, 746, 745, 746, 745, 746, 745,
    746, 746, 745, 746, 745, 746, 745, 746, 745, 746, 745, 746, 745, 746, 745, 421, 422, 423, 424, 425,
    426, 423, 424, 425, 426, 423, 424, 425, 426, 423, 424, 425, 426, 427, 428, 746, 745, 746, 745, 746,
    745, 746, 745, 746, 745, 746, 745, 746, 405, 406, 745, 746, 745, 746, 745, 746, 745, 421, 422, 423,
    424, 425, 426, 427, 428, 746, 745, 746, 745, 746, 745, 746, 745, 746, 745, 746, 745, 746, 745, 746,
    745, 746, 439, 440, 745, 746, 745, 746, 407, 408, 745, 746, 745, 746, 745, 746, 745, 746, 745, 746,
    745, 746, 745, 746, 745, 746, 745, 746, 745, 746, 745, 746, 745, 746, 745, 746, 745, 746, 745, 746,
    745, 746, 745, 746, 745, 746, 745, 407, 408, 746, 713, 714, 745, 745, 771, 988, 988, 988, 988, 988,
    988, 988, 988, 801, 812, 746, 745, 746, 745, 746, 745, 746, 988, 988, 988, 779, 780, 746, 745, 746,
    745, 778, 779, 780, 746, 745, 746, 745, 746, 745, 746, 745, 746, 745, 746, 745, 746, 745, 367, 390,
    391, 392, 393, 394, 395, 366, 746, 745, 746, 745, 746, 745, 746, 746, 745, 746, 745, 746, 745, 746,
    745, 746, 745, 745, 746, 745, 746, 745, 746, 745, 746, 745, 746, 745, 746, 745, 746, 745, 746, 745,
    746, 745, 746, 745, 746, 745, 746, 745, 746, 745, 746, 745, 746, 745, 746, 745, 746, 745, 746, 745,
    746, 745, 746, 745, 746, 745, 746, 745, 746, 745, 746, 745, 746, 745, 746, 745, 746, 745, 746, 745,
    746, 745, 746, 745, 746, 745, 746, 745, 746, 745, 746, 745, 746, 745, 746, 745, 746, 745, 746, 745,
    746, 745, 746, 745, 746, 745, 746, 745, 746, 745, 746, 745, 746, 745, 746, 439, 440, 745, 747, 750,
    440, 746, 810, 988, 988, 988, 988, 988, 988, 988, 988, 966, 746, 745, 746, 745, 746, 745, 746, 745,
    988, 988, 988, 801, 812, 745, 746, 745, 746, 810, 988, 812, 745, 746, 745, 746, 745, 746, 745, 746,
    745, 746, 745, 746, 745, 746, 421, 422, 423, 424, 425, 426, 427, 428, 745, 746, 745, 746, 745, 746,
    745, 745, 746, 745, 746, 745, 746, 745, 746, 746, 745, 746, 745, 746, 745, 746, 745, 746, 745, 746,
    745, 746, 745, 746, 745, 746, 745, 746, 745, 746, 745, 746, 745, 746, 745, 746, 745, 746, 745, 746,
    745, 746, 745, 746, 745, 746, 745, 746, 745, 746, 745, 746, 745, 746, 745, 746, 745, 746, 745, 746,
    745, 746, 745, 746, 745, 746, 745, 746, 745, 746, 745, 746, 745, 746, 745, 746, 745, 746, 745, 746,
    745, 746, 745, 746, 745, 746, 745, 746, 745, 746, 745, 746, 745, 746, 745, 746, 745, 746, 745, 746,
    745, 746, 745, 746, 407, 408, 717, 718, 408, 745, 745, 805, 988, 988, 988, 988, 988, 988, 988, 988,
    779, 780, 745, 746, 745, 746, 745, 746, 988, 989, 801, 802, 745, 746, 745, 746, 745, 771, 988, 779,
    776, 745, 746, 745, 746, 745, 746, 745, 746, 745, 746, 745, 746, 745, 367, 368, 746, 745, 746, 745,
    746, 745, 746, 745, 746, 745, 746, 745, 746, 746, 745, 746, 745, 746, 745, 746, 746, 745, 746, 745,
    746, 745, 746, 745, 746, 745, 746, 745, 746, 745, 746, 745, 746, 745, 746, 745, 746, 745, 746, 745,
    746, 745, 746, 745, 746, 745, 746, 745, 746, 745, 746, 745, 746, 745, 746, 745, 746, 745, 746, 745,
    746, 745, 746, 745, 746, 745, 746, 745, 746, 745, 746, 745, 746, 745, 746, 745, 746, 745, 746, 745,
    746, 745, 746, 745, 746, 745, 746, 745, 746, 745, 746, 745, 746, 745, 746, 745, 746, 745, 746, 745,
    746, 745, 746, 745, 746, 745, 746, 745, 746, 745, 746, 745, 746, 745, 715, 716, 366, 746, 746, 775,
    988, 988, 988, 988, 988, 988, 988, 988, 801, 812, 746, 745, 746, 745, 746, 745, 988, 808, 809, 745,
    746, 745, 746, 745, 746, 773, 965, 988, 808, 809, 745, 746, 745, 746, 745, 746, 745, 746, 745, 746,
    745, 746, 399, 400, 745, 746, 745, 746, 745, 746, 745, 746, 745, 746, 745, 746, 745, 745, 746, 745,
    746, 745, 746, 745, 745, 746, 745, 746, 745, 746, 745, 746, 745, 746, 745, 746, 745, 746, 745, 746,
    745, 746, 745, 746, 745, 746, 745, 746, 745, 746, 745, 746, 745, 746, 745, 746, 745, 746, 745, 746,
    745, 746, 11, 738, 739, 738, 739, 738, 739, 746, 11, 738, 739, 738, 739, 738, 739, 746, 11, 738,
    739, 738, 739, 738, 739, 746, 11, 738, 739, 738, 739, 738, 739, 746, 11, 738, 739, 738, 739, 738,
    739, 746, 745, 746, 745, 746, 745, 746, 745, 746, 745, 746, 745, 746, 745, 746, 407, 408, 745, 746,
    745, 746, 747, 748, 398, 745, 745, 771, 772, 964, 806, 773, 988, 988, 989, 801, 802, 745, 745, 746,
    745, 746, 745, 746, 988, 779, 745, 746, 745, 746, 745, 746, 745, 805, 806, 808, 988, 812, 780, 745,
    746, 745, 745, 746, 745, 746, 745, 746, 745, 746, 405, 406, 745, 746, 745, 746, 745, 746, 745, 746,
    745, 746, 745, 746, 745, 746, 745, 746, 745, 746, 745, 746, 746, 745, 746, 745, 746, 746, 745, 746,
    745, 746, 745, 746, 746, 745, 746, 745, 746, 405, 406, 439, 440, 405, 406, 745, 746, 283, 284, 284,
    284, 753, 745, 746, 745, 746, 987, 961, 966, 746, 11, 704, 705, 704, 705, 704, 705, 745, 11, 704,
    705, 704, 705, 704, 705, 745, 11, 704, 705, 704, 705, 704, 705, 745, 11, 704, 705, 704, 705, 704,
    705, 745, 11, 704, 705, 704, 705, 704, 705, 745, 746, 745, 746, 745, 746, 745, 746, 745, 746, 745,
    746, 745, 746, 745, 746, 745, 746, 745, 745, 713, 714, 408, 746, 745, 746, 745, 746, 745, 803, 800,
    988, 988, 808, 809, 746, 745, 746, 745, 746, 745, 746, 745, 277, 1226, 776, 745, 746, 745, 746, 745,
    746, 746, 769, 800, 988, 988, 808, 809, 745, 746, 746, 745, 746, 745, 746, 745, 746, 745, 437, 438,
    746, 745, 746, 745, 746, 745, 746, 745, 746, 745, 746, 745, 746, 745, 746, 745, 746, 745, 746, 745,
    745, 746, 745, 746, 713, 714, 430, 745, 746, 745, 746, 745, 746, 745, 746, 745, 746, 745, 372, 369,
    370, 371, 372, 745, 746, 284, 283, 543, 746, 745, 746, 745, 746, 746, 977, 978, 972, 985, 747, 736,
    737, 736, 737, 736, 737, 746, 747, 736, 737, 736, 737, 736, 737, 746, 747, 736, 737, 736, 737, 736,
    737, 746, 747, 736, 737, 736, 737, 736, 737, 746, 747, 736, 737, 736, 737, 736, 737, 746, 745, 746,
    745, 746, 745, 746, 745, 746, 745, 746, 745, 746, 745, 746, 745, 746, 745, 746, 745, 715, 716, 366,
    745, 746, 745, 746, 745, 746, 745, 746, 800, 988, 779, 745, 745, 746, 745, 746, 745, 746, 745, 746,
    309, 1258, 1259, 746, 745, 746, 745, 746, 745, 745, 771, 779, 988, 988, 988, 812, 746, 745, 745, 746,
    745, 746, 745, 746, 405, 406, 407, 408, 745, 746, 745, 746, 745, 746, 745, 746, 745, 746, 745, 746,
    745, 746, 745, 746, 745, 746, 745, 746, 745, 746, 367, 368, 751, 752, 745, 746, 745, 746, 745, 367,
    390, 391, 392, 393, 394, 391, 392, 393, 394, 391, 392, 393, 394, 828, 829, 543, 745, 746, 745, 746,
    745, 963, 964, 965, 966, 988, 988, 988, 979, 967, 966, 746, 746, 745, 746, 745, 746, 745, 746, 745,
    746, 745, 746, 745, 746, 745, 746, 745, 746, 745, 746, 745, 746, 745, 746, 745, 746, 745, 746, 745,
    746, 745, 746, 745, 746, 745, 746, 745, 746, 745, 746, 745, 746, 745, 746, 745, 746, 745, 746, 745,
    746, 745, 746, 745, 746, 747, 748, 398, 746, 745, 746, 745, 746, 745, 746, 745, 276, 277, 1226, 776,
    746, 745, 746, 745, 746, 745, 746, 745, 745, 746, 745, 745, 746, 745, 746, 745, 746, 746, 803, 988,
    988, 988, 988, 801, 808, 809, 745, 746, 745, 746, 745, 746, 437, 438, 439, 440, 746, 745, 746, 745,
    746, 745, 746, 745, 746, 745, 746, 745, 746, 745, 746, 745, 746, 745, 746, 745, 746, 745, 399, 400,
    746, 745, 746, 745, 746, 745, 746, 399, 422, 423, 424, 425, 426, 423, 424, 425, 426, 423, 424, 425,
    426, 731, 795, 543, 478, 478, 746, 745, 746, 980, 981, 982, 988, 981, 988, 988, 988, 978, 983, 984,
    660, 660, 660, 660, 660, 660, 660, 660, 660, 660, 660, 660, 660, 660, 660, 660, 745, 746, 745, 746,
    745, 746, 745, 746, 745, 746, 745, 746, 745, 746, 745, 746, 745, 746, 745, 746, 745, 746, 745, 746,
    745, 746, 745, 746, 745, 746, 745, 746, 745, 746, 745, 746, 745, 717, 718, 408, 745, 746, 745, 746,
    745, 746, 745, 746, 308, 309, 1258, 1259, 745, 746, 745, 746, 745, 746, 745, 746, 745, 746, 745, 746,
    745, 746, 745, 746, 745, 746, 771, 988, 988, 988, 988, 988, 965, 808, 808, 809, 405, 406, 407, 745,
    429, 430, 746, 745, 745, 746, 745, 746, 745, 746, 745, 746, 745, 746, 745, 746, 745, 746, 745, 746,
    745, 746, 745, 746, 745, 746, 431, 432, 745, 746, 745, 745, 746, 746, 745, 746, 745, 746, 778, 779,
    780, 746, 745, 746, 745, 746, 745, 746, 745, 284, 283, 543, 510, 510, 745, 746, 745, 968, 969, 965,
    986, 988, 988, 988, 971, 988, 981, 991, 660, 660, 660, 660, 660, 660, 660, 660, 660, 660, 660, 660,
    660, 660, 660, 660, 746, 745, 746, 745, 746, 745, 746, 745, 746, 745, 746, 745, 746, 745, 746, 745,
    746, 745, 746, 745, 746, 745, 746, 745, 746, 745, 746, 745, 746, 745, 746, 745, 746, 745, 405, 406,
    715, 716, 366, 745, 746, 745, 746, 745, 746, 745, 746, 745, 746, 745, 746, 745, 746, 745, 746, 745,
    746, 745, 746, 745, 746, 745, 746, 745, 746, 745, 746, 745, 746, 803, 989, 982, 988, 988, 988, 988,
    988, 801, 779, 780, 367, 368, 405, 406, 746, 746, 745, 745, 746, 608, 609, 608, 608, 608, 609, 608,
    608, 608, 609, 608, 609, 614, 615, 614, 615, 614, 615, 614, 615, 614, 615, 614, 615, 745, 746, 746,
    745, 745, 746, 745, 746, 745, 810, 988, 812, 746, 745, 745, 746, 745, 746, 745, 746, 283, 284, 543,
    746, 745, 746, 745, 746, 746, 985, 986, 988, 988, 988, 988, 988, 988, 978, 966, 660, 660, 660, 660,
    660, 660, 660, 660, 660, 660, 660, 660, 660, 660, 660, 660, 745, 746, 745, 746, 745, 746, 745, 746,
    745, 746, 745, 746, 745, 746, 745, 746, 745, 746, 745, 746, 745, 746, 745, 746, 745, 746, 745, 746,
    745, 746, 745, 746, 405, 406, 367, 368, 747, 748, 398, 746, 745, 746, 745, 746, 745, 746, 745, 746,
    745, 746, 745, 746, 745, 746, 745, 746, 745, 746, 745, 746, 745, 746, 745, 746, 745, 746, 745, 746,
    745, 746, 771, 988, 988, 988, 988, 988, 988, 812, 776, 745, 399, 400, 437, 438, 745, 745, 746, 746,
    745, 608, 609, 608, 608, 608, 609, 608, 608, 608, 609, 608, 609, 615, 615, 614, 615, 614, 615, 614,
    615, 614, 615, 614, 615, 746, 745, 746, 745, 746, 745, 746, 745, 745, 771, 763, 827, 812, 780, 746,
    745, 746, 745, 746, 745, 284, 283, 543, 745, 405, 406, 746, 745, 987, 970, 961, 981, 982, 988, 988,
    988, 983, 972, 973, 600, 600, 600, 600, 600, 600, 600, 600, 600, 600, 600, 600, 600, 600, 600, 601,
    693, 692, 693, 692, 693, 692, 693, 693, 692, 590, 591, 590, 591, 590, 591, 590, 591, 590, 746, 745,
    746, 745, 746, 745, 746, 745, 746, 745, 746, 745, 746, 745, 437, 438, 399, 400, 717, 718, 408, 745,
    746, 745, 746, 745, 746, 745, 746, 745, 746, 745, 746, 745, 746, 745, 746, 745, 746, 745, 746, 745,
    746, 745, 746, 745, 746, 745, 746, 745, 746, 745, 773, 988, 988, 988, 988, 988, 988, 988, 808, 809,
    437, 438, 745, 745, 746, 746, 745, 745, 746, 608, 609, 608, 609, 608, 609, 609, 608, 608, 609, 608,
    608, 615, 614, 615, 614, 615, 615, 614, 615, 614, 615, 614, 615, 745, 746, 745, 746, 745, 746, 745,
    745, 746, 769, 828, 829, 988, 808, 809, 745, 746, 745, 746, 745, 283, 284, 543, 746, 437, 438, 745,
    746, 745, 987, 988, 965, 988, 988, 986, 978, 988, 971, 745, 600, 600, 600, 600, 600, 600, 600, 600,
    600, 600, 600, 600, 600, 600, 600, 601, 692, 693, 692, 693, 692, 693, 692, 692, 693, 591, 590, 591,
    590, 591, 590, 591, 590, 591, 753, 745, 746, 745, 745, 746, 745, 746, 745, 746, 745, 746, 778, 779,
    718, 408, 745, 746, 715, 716, 366, 746, 745, 746, 745, 746, 745, 746, 745, 746, 745, 746, 745, 746,
    745, 746, 745, 746, 745, 746, 745, 746, 745, 746, 745, 746, 745, 746, 745, 746, 745, 746, 801, 988,
    988, 988, 988, 988, 988, 988, 779, 367, 368, 745, 746, 746, 745, 284, 283, 283, 284, 608, 609, 608,
    609, 608, 609, 609, 608, 608, 609, 608, 608, 615, 614, 615, 614, 615, 615, 614, 615, 614, 615, 614,
    615, 745, 405, 406, 746, 746, 745, 746, 746, 745, 771, 731, 795, 988, 988, 812, 746, 745, 746, 745,
    746, 284, 283, 543, 713, 714, 430, 746, 745, 746, 974, 975, 976, 989, 969, 965, 988, 989, 989, 991,
    600, 600, 600, 600, 600, 600, 600, 600, 600, 600, 600, 600, 600, 600, 600, 601, 693, 692, 693, 692,
    693, 692, 692, 693, 692, 590, 591, 590, 591, 590, 591, 590, 591, 590, 284, 283, 754, 755, 753, 745,
    746, 745, 746, 745, 746, 745, 810, 988, 828, 366, 746, 745, 747, 748, 398, 745, 746, 745, 746, 745,
    746, 745, 746, 745, 746, 745, 746, 745, 746, 745, 746, 745, 746, 745, 746, 745, 746, 745, 746, 745,
    746, 745, 746, 745, 746, 745, 769, 988, 988, 988, 988, 988, 988, 988, 988, 725, 726, 809, 745, 745,
    746, 283, 284, 284, 283, 608, 609, 608, 608, 608, 608, 609, 608, 608, 608, 608, 579, 613, 614, 615,
    614, 615, 614, 615, 615, 614, 615, 614, 615, 746, 437, 438, 746, 745, 746, 745, 746, 745, 803, 988,
    988, 988, 763, 827, 808, 809, 746, 745, 746, 283, 284, 543, 715, 716, 366, 745, 746, 745, 746, 745,
    746, 745, 963, 969, 988, 988, 962, 600, 600, 600, 600, 600, 600, 600, 600, 600, 600, 600, 600, 600,
    600, 600, 600, 601, 692, 693, 692, 693, 692, 693, 693, 692, 693, 591, 590, 591, 590, 591, 590, 591,
    590, 591, 283, 284, 283, 284, 283, 745, 746, 745, 746, 745, 746, 745, 805, 806, 731, 795, 809, 745,
    746, 745, 746, 745, 746, 745, 746, 745, 746, 745, 746, 745, 746, 745, 746, 745, 746, 745, 746, 745,
    746, 745, 746, 745, 745, 746, 745, 746, 745, 746, 745, 746, 745, 746, 771, 988, 988, 988, 988, 988,
    988, 988, 988, 830, 831, 776, 746, 746, 746, 284, 283, 283, 284, 608, 609, 608, 608, 608, 608, 609,
    608, 608, 579, 580, 581, 611, 612, 613, 614, 615, 614, 615, 614, 615, 615, 615, 615, 713, 714, 430,
    745, 746, 745, 746, 745, 746, 771, 988, 988, 988, 828, 829, 965, 808, 808, 809, 745, 284, 283, 543,
    747, 748, 398, 745, 746, 746, 285, 284, 283, 284, 283, 600, 24, 25, 600, 600, 600, 600, 600, 600,
    600, 600, 600, 600, 600, 600, 600, 600, 600, 600, 600, 601, 693, 692, 693, 692, 693, 692, 692, 693,
    692, 590, 591, 590, 591, 590, 591, 590, 591, 590, 510, 478, 510, 478, 510, 745, 746, 745, 745, 746,
    745, 746, 745, 769, 763, 827, 808, 809, 745, 746, 745, 778, 779, 780, 745, 746, 745, 746, 745, 746,
    745, 746, 745, 746, 745, 746, 745, 746, 745, 746, 745, 746, 746, 745, 746, 745, 746, 745, 746, 745,
    746, 745, 810, 988, 988, 988, 988, 988, 988, 988, 988, 725, 726, 809, 746, 745, 745, 283, 284, 284,
    283, 608, 609, 608, 608, 609, 608, 608, 579, 580, 581, 455, 456, 455, 456, 611, 612, 613, 614, 615,
    614, 615, 614, 615, 615, 715, 716, 366, 746, 745, 746, 745, 746, 803, 989, 982, 988, 988, 731, 795,
    988, 801, 779, 780, 746, 283, 284, 543, 746, 745, 746, 746, 745, 285, 284, 283, 284, 283, 284, 600,
    286, 287, 600, 600, 600, 600, 600, 600, 600, 600, 600, 600, 600, 600, 600, 600, 600, 600, 600, 601,
    692, 693, 692, 693, 692, 693, 693, 692, 693, 591, 590, 591, 590, 591, 590, 591, 590, 591, 478, 510,
    478, 510, 478, 746, 745, 746, 746, 745, 746, 745, 746, 771, 828, 829, 988, 988, 812, 746, 746, 810,
    988, 812, 746, 745, 746, 745, 746, 745, 746, 745, 746, 745, 746, 745, 746, 745, 746, 745, 746, 745,
    745, 746, 745, 746, 745, 746, 745, 746, 745, 746, 746, 805, 988, 988, 988, 988, 988, 988, 988, 757,
    758, 780, 745, 746, 746, 284, 283, 283, 284, 608, 609, 608, 608, 609, 579, 580, 581, 455, 456, 487,
    488, 487, 488, 455, 456, 611, 612, 613, 614, 615, 614, 614, 615, 747, 748, 398, 745, 746, 745, 746,
    745, 746, 771, 988, 988, 988, 988, 763, 827, 812, 776, 746, 745, 284, 283, 543, 745, 746, 745, 746,
    285, 284, 283, 284, 283, 284, 283, 600, 600, 600, 600, 600, 600, 600, 600, 600, 600, 600, 600, 600,
    600, 600, 600, 600, 600, 600, 600, 601, 693, 692, 693, 692, 693, 692, 692, 693, 598, 663, 591, 590,
    591, 590, 591, 590, 591, 590, 745, 746, 745, 746, 746, 745, 746, 745, 746, 745, 746, 745, 745, 803,
    731, 795, 988, 988, 965, 808, 809, 771, 988, 779, 776, 746, 745, 746, 745, 746, 745, 746, 745, 746,
    745, 746, 745, 746, 745, 746, 745, 746, 746, 745, 746, 745, 746, 745, 746, 745, 746, 745, 745, 775,
    988, 988, 988, 988, 988, 988, 988, 830, 831, 812, 746, 746, 745, 283, 284, 284, 283, 608, 609, 608,
    579, 580, 581, 455, 456, 487, 488, 455, 456, 455, 456, 487, 488, 455, 456, 611, 612, 613, 614, 614,
    615, 745, 746, 745, 746, 745, 746, 745, 746, 745, 773, 988, 988, 988, 988, 828, 829, 988, 808, 809,
    746, 283, 284, 543, 746, 745, 746, 285, 284, 283, 284, 283, 284, 283, 284, 600, 600, 600, 600, 600,
    600, 600, 600, 600, 600, 600, 600, 600, 600, 600, 600, 600, 600, 600, 600, 601, 692, 693, 692, 693,
    692, 693, 598, 599, 630, 695, 662, 663, 590, 591, 590, 591, 590, 591, 746, 745, 746, 745, 746, 745,
    746, 745, 746, 745, 746, 745, 745, 771, 763, 827, 988, 988, 988, 965, 808, 988, 988, 988, 808, 809,
    746, 745, 746, 745, 746, 745, 746, 745, 746, 745, 746, 745, 746, 745, 746, 745, 745, 746, 745, 746,
    745, 746, 745, 746, 745, 746, 746, 771, 772, 964, 806, 773, 988, 988, 989, 725, 726, 718, 745, 746,
    746, 284, 283, 283, 284, 608, 579, 580, 581, 455, 456, 487, 488, 455, 456, 487, 488, 487, 488, 455,
    456, 487, 488, 455, 456, 611, 612, 613, 614, 746, 745, 746, 745, 746, 745, 746, 745, 746, 801, 988,
    988, 988, 988, 731, 795, 988, 779, 746, 745, 284, 283, 543, 745, 746, 285, 284, 284, 284, 283, 284,
    283, 284, 283, 600, 600, 600, 600, 600, 600, 600, 600, 600, 600, 600, 600, 600, 600, 600, 600, 600,
    600, 600, 600, 601, 693, 692, 693, 692, 598, 599, 630, 631, 668, 669, 694, 695, 662, 663, 591, 590,
    591, 590, 745, 746, 745, 746, 746, 745, 746, 745, 745, 746, 745, 746, 803, 989, 828, 829, 988, 988,
    988, 988, 988, 988, 988, 808, 988, 812, 780, 746, 745, 746, 745, 746, 745, 746, 745, 746, 745, 746,
    745, 746, 745, 746, 746, 745, 746, 745, 746, 745, 746, 745, 746, 745, 746, 745, 746, 745, 746, 745,
    988, 988, 808, 809, 367, 368, 746, 745, 745, 283, 284, 284, 283, 587, 581, 455, 456, 487, 488, 487,
    488, 487, 488, 455, 456, 455, 456, 487, 488, 487, 488, 487, 488, 455, 456, 611, 618, 745, 793, 792,
    761, 745, 746, 745, 746, 745, 769, 988, 988, 988, 988, 988, 763, 827, 988, 779, 780, 284, 283, 543,
    746, 285, 284, 284, 283, 283, 284, 283, 284, 283, 284, 497, 497, 497, 497, 497, 497, 497, 497, 497,
    497, 497, 497, 497, 497, 497, 497, 497, 497, 497, 561, 498, 692, 693, 598, 599, 630, 631, 700, 701,
    700, 701, 700, 701, 694, 695, 662, 663, 590, 591, 746, 405, 406, 745, 745, 746, 745, 746, 746, 745,
    746, 745, 746, 771, 731, 795, 988, 988, 988, 988, 988, 988, 988, 988, 988, 988, 808, 809, 746, 745,
    746, 745, 746, 745, 746, 745, 746, 745, 746, 745, 746, 745, 745, 746, 745, 746, 745, 746, 745, 746,
    745, 746, 745, 746, 745, 746, 745, 746, 800, 988, 779, 746, 399, 400, 745, 746, 746, 284, 283, 283,
    284, 455, 456, 650, 651, 652, 650, 651, 652, 455, 456, 487, 488, 487, 488, 455, 456, 650, 651, 652,
    650, 651, 652, 455, 456, 746, 791, 792, 793, 728, 729, 746, 745, 746, 771, 988, 988, 988, 988, 988,
    828, 829, 988, 801, 812, 283, 284, 543, 745, 284, 283, 283, 284, 284, 283, 284, 283, 284, 283, 583,
    668, 669, 668, 669, 668, 669, 668, 586, 587, 588, 668, 669, 668, 669, 668, 586, 587, 588, 610, 611,
    598, 599, 630, 631, 668, 669, 668, 669, 668, 669, 668, 669, 668, 669, 694, 695, 662, 663, 745, 367,
    368, 746, 745, 746, 745, 746, 745, 746, 745, 746, 745, 773, 988, 763, 827, 988, 988, 988, 988, 988,
    988, 988, 988, 988, 988, 812, 745, 746, 745, 746, 745, 746, 745, 746, 745, 746, 745, 746, 745, 746,
    746, 745, 746, 745, 746, 745, 746, 745, 746, 745, 746, 745, 746, 745, 746, 745, 276, 277, 1226, 776,
    431, 432, 746, 746, 746, 283, 284, 284, 283, 487, 488, 682, 683, 684, 458, 458, 458, 487, 448, 449,
    450, 448, 449, 450, 488, 682, 683, 684, 458, 458, 458, 487, 488, 745, 759, 760, 761, 760, 761, 745,
    746, 745, 810, 988, 988, 988, 988, 988, 731, 795, 988, 966, 746, 284, 283, 543, 746, 283, 284, 284,
    283, 283, 284, 283, 284, 283, 284, 615, 700, 701, 700, 701, 700, 701, 582, 618, 619, 620, 615, 701,
    700, 701, 582, 618, 619, 620, 642, 643, 630, 631, 700, 701, 700, 701, 700, 701, 700, 701, 700, 701,
    700, 701, 700, 701, 694, 695, 746, 399, 400, 746, 429, 430, 745, 746, 745, 746, 745, 746, 745, 801,
    988, 828, 829, 988, 988, 988, 988, 988, 988, 988, 988, 988, 988, 801, 808, 809, 746, 745, 746, 745,
    746, 745, 746, 745, 746, 745, 746, 745, 745, 746, 745, 746, 745, 746, 745, 746, 745, 746, 745, 746,
    745, 746, 745, 746, 308, 309, 1258, 1259, 405, 406, 746, 745, 745, 284, 283, 283, 284, 455, 456, 458,
    458, 458, 621, 622, 623, 455, 480, 481, 482, 480, 481, 482, 456, 621, 622, 623, 621, 622, 623, 455,
    456, 746, 791, 792, 793, 792, 793, 728, 729, 746, 746, 805, 988, 988, 988, 988, 988, 763, 827, 988,
    779, 283, 284, 543, 745, 284, 283, 283, 284, 284, 283, 284, 283, 284, 283, 583, 668, 669, 668, 669,
    668, 669, 614, 650, 651, 652, 583, 669, 668, 669, 614, 650, 651, 652, 674, 675, 583, 669, 668, 586,
    587, 588, 668, 669, 668, 669, 668, 668, 586, 587, 588, 668, 669, 582, 746, 431, 432, 745, 746, 745,
    746, 745, 746, 745, 746, 745, 746, 769, 988, 731, 795, 988, 988, 988, 988, 988, 988, 988, 988, 988,
    988, 988, 965, 808, 808, 809, 746, 745, 746, 745, 746, 745, 746, 745, 746, 745, 746, 745, 746, 745,
    746, 745, 746, 745, 746, 745, 746, 745, 746, 745, 746, 745, 746, 746, 745, 746, 437, 438, 745, 746,
    746, 283, 284, 284, 283, 487, 488, 458, 458, 458, 653, 654, 655, 487, 512, 513, 514, 512, 513, 514,
    488, 653, 654, 655, 458, 458, 458, 487, 488, 745, 745, 824, 825, 824, 825, 760, 761, 762, 745, 775,
    988, 988, 988, 988, 988, 828, 829, 988, 801, 284, 283, 543, 746, 283, 284, 284, 283, 283, 284, 283,
    284, 283, 284, 615, 700, 701, 700, 701, 700, 701, 582, 682, 683, 684, 615, 701, 700, 701, 582, 682,
    683, 684, 642, 643, 615, 701, 582, 618, 619, 620, 615, 701, 700, 701, 700, 582, 618, 619, 620, 615,
    701, 614, 745, 367, 368, 746, 745, 746, 745, 746, 745, 746, 745, 746, 745, 771, 988, 763, 827, 988,
    988, 988, 988, 988, 988, 988, 988, 988, 988, 988, 988, 801, 779, 780, 745, 746, 745, 746, 745, 746,
    745, 746, 745, 746, 745, 746, 745, 746, 745, 746, 745, 746, 745, 746, 745, 746, 745, 746, 745, 746,
    745, 745, 746, 713, 714, 430, 746, 745, 745, 281, 282, 283, 284, 455, 456, 685, 686, 687, 685, 686,
    687, 455, 544, 545, 546, 544, 545, 546, 456, 685, 686, 687, 685, 686, 687, 455, 456, 746, 746, 745,
    745, 746, 745, 792, 793, 794, 746, 771, 772, 964, 806, 773, 988, 731, 795, 801, 802, 283, 284, 543,
    745, 284, 283, 283, 284, 284, 283, 283, 284, 284, 283, 583, 668, 669, 668, 669, 668, 669, 614, 621,
    622, 623, 583, 669, 668, 669, 614, 621, 622, 623, 674, 675, 583, 669, 614, 650, 651, 652, 583, 669,
    668, 669, 668, 614, 650, 651, 652, 583, 669, 582, 746, 399, 400, 745, 746, 746, 745, 746, 745, 746,
    745, 746, 745, 810, 988, 828, 829, 988, 988, 988, 988, 988, 988, 988, 988, 988, 988, 988, 988, 812,
    776, 745, 746, 745, 746, 745, 746, 745, 746, 745, 746, 745, 746, 745, 746, 745, 746, 745, 746, 745,
    746, 745, 746, 745, 746, 745, 746, 745, 746, 746, 745, 715, 716, 366, 746, 746, 746, 745, 746, 281,
    282, 487, 488, 487, 488, 487, 488, 487, 488, 487, 445, 446, 447, 445, 446, 447, 488, 487, 488, 487,
    488, 487, 488, 487, 488, 745, 745, 746, 746, 745, 746, 824, 825, 745, 745, 746, 745, 746, 745, 746,
    988, 988, 808, 809, 745, 284, 283, 543, 746, 283, 284, 284, 283, 283, 284, 284, 283, 283, 284, 615,
    700, 701, 700, 701, 700, 701, 582, 653, 654, 655, 615, 701, 700, 701, 582, 653, 654, 655, 642, 643,
    615, 701, 582, 682, 683, 684, 615, 701, 700, 701, 700, 582, 682, 683, 684, 615, 701, 614, 745, 431,
    432, 429, 430, 746, 745, 746, 745, 746, 746, 745, 746, 745, 805, 731, 795, 988, 988, 988, 988, 988,
    988, 988, 988, 988, 988, 988, 988, 988, 808, 809, 745, 746, 745, 745, 778, 779, 780, 745, 746, 745,
    745, 746, 745, 746, 745, 746, 745, 746, 745, 746, 745, 778, 779, 780, 745, 746, 745, 746, 745, 747,
    748, 398, 439, 440, 746, 745, 746, 745, 745, 746, 745, 746, 632, 633, 633, 664, 665, 633, 633, 746,
    745, 746, 745, 746, 745, 746, 793, 792, 761, 745, 746, 745, 746, 745, 745, 746, 745, 746, 745, 746,
    745, 746, 745, 746, 745, 746, 745, 746, 800, 988, 779, 745, 746, 283, 284, 543, 745, 284, 283, 283,
    284, 284, 283, 283, 284, 284, 283, 583, 668, 669, 668, 669, 668, 669, 614, 685, 686, 687, 615, 669,
    668, 669, 614, 685, 686, 687, 674, 675, 583, 669, 614, 621, 622, 623, 583, 669, 668, 669, 668, 614,
    621, 622, 623, 583, 669, 582, 746, 745, 367, 368, 746, 746, 745, 746, 745, 745, 746, 745, 746, 745,
    775, 988, 763, 827, 988, 988, 988, 988, 988, 988, 988, 988, 988, 988, 988, 988, 779, 745, 746, 745,
    746, 746, 810, 988, 812, 746, 745, 746, 746, 745, 746, 745, 746, 745, 746, 745, 746, 745, 746, 810,
    988, 812, 746, 745, 746, 745, 746, 745, 746, 745, 437, 438, 745, 745, 746, 745, 745, 746, 745, 746,
    745, 746, 745, 696, 697, 746, 745, 746, 745, 746, 745, 746, 745, 746, 791, 792, 793, 728, 729, 746,
    745, 746, 746, 745, 746, 745, 746, 745, 746, 745, 746, 745, 746, 745, 746, 745, 276, 277, 1226, 776,
    745, 284, 283, 543, 746, 283, 284, 284, 283, 283, 284, 284, 283, 283, 284, 615, 700, 701, 700, 701,
    700, 701, 700, 701, 700, 701, 700, 701, 700, 701, 700, 701, 700, 701, 578, 579, 615, 701, 582, 653,
    654, 655, 615, 701, 700, 701, 700, 582, 653, 654, 655, 615, 701, 614, 728, 729, 399, 400, 745, 429,
    430, 745, 746, 746, 745, 746, 745, 746, 771, 772, 828, 829, 283, 284, 988, 989, 801, 988, 988, 988,
    988, 988, 988, 988, 988, 779, 780, 746, 745, 745, 771, 988, 779, 776, 746, 745, 745, 746, 745, 746,
    745, 746, 745, 746, 745, 746, 745, 771, 988, 779, 776, 746, 745, 746, 745, 746, 745, 746, 746, 439,
    440, 728, 729, 746, 728, 729, 746, 745, 746, 746, 745, 746, 745, 746, 745, 746, 745, 746, 745, 746,
    745, 746, 759, 760, 761, 760, 761, 745, 746, 745, 745, 746, 745, 746, 745, 746, 746, 745, 746, 745,
    746, 745, 746, 745, 308, 309, 1258, 1259, 745, 283, 284, 543, 746, 284, 283, 283, 284, 284, 283, 283,
    284, 284, 283, 617, 670, 671, 670, 671, 670, 671, 670, 647, 648, 649, 670, 671, 670, 671, 670, 647,
    648, 649, 608, 609, 583, 669, 614, 685, 686, 687, 615, 669, 668, 669, 668, 614, 685, 686, 687, 615,
    669, 582, 759, 760, 431, 432, 761, 746, 745, 746, 745, 745, 746, 745, 746, 745, 745, 717, 731, 795,
    283, 284, 988, 808, 809, 988, 988, 988, 988, 988, 988, 988, 988, 801, 812, 745, 746, 746, 773, 965,
    988, 808, 809, 746, 746, 745, 746, 745, 746, 745, 746, 745, 746, 745, 746, 773, 965, 988, 808, 809,
    746, 745, 746, 745, 746, 745, 746, 437, 438, 437, 438, 714, 430, 761, 745, 746, 745, 745, 746, 745,
    746, 746, 745, 746, 745, 746, 745, 746, 745, 746, 791, 792, 793, 792, 793, 728, 729, 746, 745, 746,
    745, 746, 745, 746, 745, 746, 746, 745, 746, 745, 713, 714, 430, 745, 746, 745, 746, 284, 283, 543,
    745, 283, 284, 284, 283, 283, 284, 284, 283, 283, 284, 585, 702, 703, 702, 703, 702, 703, 584, 679,
    680, 681, 585, 703, 702, 703, 584, 679, 680, 681, 640, 641, 615, 701, 700, 701, 700, 701, 700, 701,
    700, 701, 700, 700, 701, 700, 701, 700, 701, 614, 791, 792, 793, 792, 793, 746, 746, 745, 746, 745,
    746, 745, 746, 745, 745, 717, 718, 408, 805, 800, 988, 779, 810, 988, 988, 988, 988, 988, 988, 988,
    988, 966, 745, 746, 745, 745, 805, 806, 808, 988, 812, 780, 745, 746, 745, 746, 745, 746, 745, 746,
    745, 746, 745, 805, 806, 808, 988, 812, 780, 746, 745, 746, 745, 746, 745, 746, 745, 791, 715, 716,
    366, 793, 728, 729, 746, 746, 745, 746, 745, 745, 746, 745, 746, 745, 746, 745, 746, 745, 745, 824,
    825, 824, 825, 760, 761, 762, 746, 745, 746, 745, 746, 745, 746, 745, 745, 746, 745, 746, 715, 716,
    366, 746, 745, 746, 745, 283, 284, 543, 745, 281, 282, 283, 284, 284, 283, 283, 284, 284, 283, 617,
    580, 581, 595, 596, 597, 671, 616, 592, 593, 594, 617, 671, 670, 671, 616, 592, 593, 594, 672, 673,
    617, 671, 670, 647, 648, 649, 670, 671, 670, 671, 670, 670, 647, 648, 649, 670, 671, 584, 759, 760,
    761, 760, 761, 762, 745, 746, 745, 746, 746, 745, 746, 405, 406, 715, 716, 366, 746, 276, 277, 1226,
    776, 805, 988, 988, 988, 988, 988, 277, 1226, 988, 779, 780, 746, 746, 745, 769, 800, 988, 988, 808,
    746, 745, 746, 745, 746, 745, 746, 745, 746, 745, 746, 746, 769, 800, 988, 988, 808, 809, 745, 746,
    745, 746, 745, 746, 745, 745, 747, 748, 398, 825, 760, 761, 762, 746, 745, 746, 745, 746, 745, 746,
    745, 746, 745, 778, 779, 780, 746, 745, 745, 746, 745, 792, 793, 794, 745, 746, 745, 746, 745, 746,
    745, 746, 746, 745, 746, 745, 747, 748, 398, 745, 746, 745, 746, 284, 283, 543, 746, 745, 746, 281,
    282, 283, 284, 284, 283, 283, 284, 585, 612, 613, 627, 628, 629, 703, 584, 624, 625, 626, 585, 703,
    702, 703, 584, 624, 625, 626, 640, 641, 585, 703, 584, 679, 680, 681, 585, 703, 702, 703, 702, 584,
    679, 680, 681, 585, 703, 616, 791, 792, 793, 792, 793, 794, 746, 745, 746, 745, 745, 746, 745, 437,
    438, 747, 748, 398, 745, 308, 309, 1258, 1259, 775, 988, 988, 988, 988, 988, 277, 1226, 988, 801, 812,
    745, 746, 745, 771, 779, 988, 988, 988, 745, 746, 745, 746, 745, 746, 745, 746, 745, 746, 745, 745,
    771, 779, 988, 988, 988, 812, 746, 745, 746, 745, 746, 745, 746, 746, 745, 367, 390, 391, 392, 393,
    394, 395, 366, 745, 746, 745, 746, 745, 746, 745, 746, 810, 988, 812, 745, 746, 746, 745, 746, 824,
    825, 745, 746, 745, 778, 779, 780, 745, 746, 745, 746, 745, 746, 713, 714, 430, 746, 746, 745, 746,
    745, 283, 284, 543, 405, 406, 745, 746, 745, 281, 282, 283, 284, 284, 283, 617, 644, 645, 659, 628,
    661, 671, 616, 656, 657, 658, 617, 671, 670, 671, 616, 458, 458, 458, 672, 673, 617, 671, 616, 592,
    593, 594, 617, 671, 670, 671, 670, 616, 592, 593, 594, 617, 671, 584, 759, 760, 761, 761, 760, 760,
    761, 762, 746, 745, 746, 746, 745, 429, 430, 717, 718, 408, 778, 779, 780, 746, 745, 771, 772, 964,
    806, 773, 988, 277, 1226, 801, 802, 745, 746, 745, 746, 803, 988, 988, 988, 988, 746, 745, 746, 745,
    746, 745, 746, 745, 746, 745, 746, 746, 803, 988, 988, 988, 988, 801, 808, 809, 745, 746, 745, 746,
    746, 745, 746, 421, 422, 423, 424, 425, 426, 427, 428, 406, 439, 440, 745, 746, 745, 746, 745, 771,
    988, 779, 776, 746, 745, 746, 745, 746, 745, 746, 745, 746, 810, 988, 812, 746, 745, 746, 745, 746,
    745, 715, 716, 366, 745, 745, 746, 745, 746, 284, 283, 543, 437, 438, 746, 745, 746, 745, 746, 281,
    282, 283, 284, 585, 676, 677, 627, 628, 629, 703, 584, 688, 689, 690, 585, 703, 702, 703, 584, 688,
    689, 690, 640, 641, 585, 703, 584, 624, 625, 626, 585, 703, 702, 703, 702, 584, 624, 625, 626, 585,
    703, 616, 791, 792, 793, 793, 792, 792, 793, 794, 745, 746, 745, 746, 745, 746, 745, 715, 716, 366,
    810, 988, 812, 776, 746, 746, 745, 746, 745, 746, 988, 277, 1226, 809, 746, 745, 746, 745, 746, 771,
    988, 988, 988, 988, 745, 746, 745, 746, 745, 746, 745, 746, 745, 746, 745, 745, 771, 988, 988, 988,
    988, 988, 965, 808, 808, 809, 746, 793, 792, 761, 745, 746, 745, 746, 745, 746, 745, 367, 371, 372,
    369, 370, 366, 745, 746, 745, 746, 773, 965, 988, 808, 809, 746, 745, 746, 745, 746, 745, 746, 745,
    771, 988, 779, 776, 746, 745, 746, 745, 746, 747, 748, 398, 746, 746, 745, 746, 745, 283, 284, 543,
    429, 430, 728, 729, 730, 745, 746, 745, 746, 281, 282, 617, 666, 603, 659, 628, 661, 671, 670, 671,
    670, 671, 666, 667, 602, 667, 603, 671, 666, 603, 608, 609, 617, 671, 616, 656, 657, 658, 617, 671,
    670, 671, 670, 616, 656, 657, 658, 617, 671, 584, 746, 745, 760, 761, 761, 760, 761, 760, 761, 762,
    746, 745, 746, 745, 746, 747, 748, 398, 805, 806, 988, 965, 809, 746, 746, 745, 746, 745, 800, 277,
    1226, 745, 745, 746, 745, 746, 803, 989, 982, 988, 988, 988, 746, 745, 746, 745, 746, 745, 746, 745,
    746, 745, 746, 803, 989, 982, 988, 988, 988, 988, 988, 801, 779, 780, 745, 791, 792, 793, 728, 729,
    746, 745, 746, 745, 367, 390, 391, 392, 393, 394, 395, 366, 367, 368, 438, 805, 806, 808, 988, 812,
    780, 746, 745, 746, 745, 746, 745, 746, 773, 965, 988, 808, 809, 746, 745, 746, 745, 717, 718, 408,
    745, 746, 745, 746, 745, 284, 283, 543, 746, 759, 760, 761, 762, 745, 746, 745, 746, 746, 745, 746,
    698, 635, 745, 746, 745, 632, 633, 633, 664, 665, 698, 699, 634, 699, 635, 745, 698, 635, 632, 697,
    585, 703, 584, 688, 689, 690, 585, 703, 702, 703, 702, 584, 688, 689, 690, 585, 703, 616, 405, 406,
    792, 793, 793, 792, 793, 792, 793, 794, 746, 746, 745, 746, 745, 717, 718, 408, 746, 769, 800, 988,
    808, 809, 746, 745, 746, 745, 276, 277, 1226, 776, 746, 745, 746, 745, 746, 771, 988, 988, 988, 988,
    745, 746, 745, 746, 745, 746, 745, 746, 745, 746, 745, 745, 771, 988, 988, 988, 988, 988, 988, 812,
    776, 745, 746, 759, 760, 761, 760, 761, 745, 746, 745, 746, 421, 422, 423, 424, 425, 426, 427, 428,
    399, 400, 405, 406, 769, 800, 988, 988, 808, 809, 745, 746, 745, 746, 745, 746, 805, 806, 808, 988,
    812, 780, 746, 745, 746, 749, 750, 370, 366, 745, 746, 745, 746, 283, 284, 543, 665, 791, 792, 793,
    794, 729, 728, 729, 730, 745, 746, 745, 746, 745, 746, 745, 746, 745, 746, 745, 696, 697, 713, 714,
    430, 746, 745, 746, 745, 746, 745, 632, 617, 670, 671, 670, 671, 670, 671, 666, 603, 670, 666, 667,
    602, 603, 670, 671, 670, 584, 371, 372, 760, 761, 760, 761, 760, 761, 760, 760, 761, 760, 761, 746,
    745, 715, 716, 366, 745, 771, 988, 988, 988, 988, 812, 746, 745, 746, 308, 309, 1258, 1259, 745, 746,
    745, 746, 745, 773, 988, 988, 988, 988, 746, 745, 746, 745, 746, 745, 746, 745, 746, 745, 746, 745,
    773, 988, 988, 988, 988, 988, 988, 988, 808, 809, 746, 791, 792, 793, 792, 793, 728, 729, 746, 745,
    746, 987, 961, 966, 746, 745, 746, 745, 746, 985, 437, 438, 714, 830, 831, 988, 988, 812, 746, 792,
    714, 430, 746, 745, 746, 769, 800, 988, 988, 808, 809, 745, 746, 719, 720, 403, 404, 746, 745, 746,
    745, 284, 283, 543, 697, 745, 824, 825, 760, 761, 760, 761, 762, 746, 745, 746, 745, 746, 745, 746,
    745, 746, 745, 746, 745, 746, 715, 716, 366, 746, 745, 745, 728, 729, 746, 745, 746, 632, 697, 746,
    632, 664, 665, 698, 635, 746, 698, 699, 634, 635, 746, 367, 390, 391, 403, 404, 792, 793, 792, 793,
    792, 793, 792, 792, 793, 792, 793, 745, 746, 747, 748, 398, 746, 803, 988, 988, 988, 988, 965, 808,
    809, 745, 746, 745, 746, 745, 746, 745, 746, 745, 746, 801, 988, 988, 988, 988, 745, 746, 745, 746,
    745, 746, 745, 746, 745, 746, 745, 746, 801, 988, 988, 988, 988, 988, 988, 988, 779, 746, 745, 745,
    824, 825, 824, 825, 760, 761, 762, 746, 746, 977, 978, 972, 985, 977, 977, 984, 987, 986, 979, 746,
    803, 725, 726, 732, 733, 734, 735, 779, 716, 366, 745, 746, 745, 771, 779, 732, 733, 734, 735, 746,
    405, 406, 752, 435, 436, 745, 746, 745, 746, 283, 284, 543, 697, 746, 745, 746, 792, 793, 792, 793,
    794, 729, 728, 729, 728, 729, 746, 745, 746, 745, 746, 745, 746, 745, 747, 748, 398, 746, 745, 759,
    760, 761, 745, 746, 745, 746, 745, 745, 746, 696, 697, 745, 746, 745, 405, 406, 713, 714, 430, 421,
    422, 423, 435, 436, 760, 761, 760, 761, 760, 761, 760, 761, 760, 761, 762, 746, 745, 717, 718, 408,
    745, 771, 988, 988, 988, 988, 988, 965, 808, 808, 809, 746, 745, 746, 745, 746, 745, 746, 745, 769,
    988, 988, 988, 988, 746, 745, 746, 745, 746, 745, 746, 745, 746, 745, 746, 745, 769, 988, 988, 988,
    988, 988, 988, 988, 988, 779, 780, 746, 745, 745, 746, 745, 792, 793, 794, 745, 963, 964, 965, 966,
    988, 988, 988, 979, 967, 966, 746, 745, 771, 757, 758, 764, 765, 766, 767, 283, 731, 398, 369, 370,
    371, 734, 988, 764, 765, 766, 767, 808, 437, 438, 745, 746, 745, 746, 745, 746, 745, 284, 283, 543,
    697, 745, 746, 745, 824, 825, 824, 761, 760, 761, 760, 761, 760, 761, 762, 745, 746, 745, 746, 745,
    746, 745, 746, 745, 746, 746, 745, 791, 792, 793, 762, 746, 745, 761, 760, 729, 746, 745, 746, 745,
    746, 745, 437, 438, 715, 716, 366, 745, 746, 745, 746, 759, 792, 793, 792, 793, 792, 793, 792, 793,
    792, 793, 794, 745, 715, 716, 366, 745, 803, 989, 982, 988, 988, 988, 988, 988, 801, 779, 780, 745,
    746, 745, 746, 745, 746, 745, 746, 771, 988, 988, 988, 988, 745, 746, 745, 746, 745, 746, 745, 746,
    745, 746, 745, 746, 771, 988, 988, 988, 988, 988, 988, 988, 988, 801, 812, 745, 746, 746, 745, 746,
    824, 825, 745, 746, 980, 981, 982, 988, 981, 988, 988, 988, 978, 983, 984, 803, 989, 982, 988, 796,
    797, 798, 799, 774, 830, 368, 391, 392, 393, 394, 828, 829, 797, 798, 799, 808, 809, 745, 745, 745,
    746, 745, 746, 745, 746, 283, 284, 543, 665, 746, 745, 746, 745, 746, 728, 793, 792, 793, 792, 793,
    792, 793, 762, 746, 745, 746, 367, 390, 391, 392, 393, 394, 395, 366, 746, 791, 760, 761, 794, 745,
    746, 793, 792, 761, 745, 746, 745, 746, 745, 746, 745, 746, 747, 748, 398, 746, 745, 746, 745, 791,
    760, 761, 760, 761, 760, 761, 760, 761, 760, 761, 762, 746, 747, 748, 398, 746, 745, 771, 988, 988,
    988, 988, 988, 988, 812, 776, 745, 746, 745, 746, 745, 746, 745, 746, 745, 810, 988, 988, 988, 988,
    746, 745, 746, 745, 746, 745, 746, 745, 746, 745, 746, 746, 810, 988, 988, 988, 988, 988, 988, 988,
    988, 966, 746, 745, 746, 745, 746, 745, 746, 745, 746, 745, 968, 969, 965, 986, 988, 988, 988, 971,
    988, 981, 991, 745, 771, 988, 988, 988, 988, 988, 988, 283, 725, 400, 423, 424, 425, 797, 731, 795,
    988, 988, 988, 988, 779, 780, 746, 746, 745, 746, 745, 746, 745, 284, 283, 543, 697, 745, 746, 745,
    746, 759, 760, 761, 760, 761, 760, 761, 760, 761, 794, 745, 746, 745, 421, 422, 423, 424, 425, 426,
    427, 428, 728, 729, 792, 793, 728, 729, 745, 791, 792, 793, 728, 729, 746, 745, 746, 745, 746, 745,
    746, 745, 746, 745, 746, 745, 746, 759, 792, 793, 792, 793, 792, 793, 792, 793, 792, 793, 794, 745,
    717, 718, 408, 745, 746, 773, 988, 988, 988, 988, 988, 988, 988, 808, 809, 745, 746, 745, 746, 745,
    746, 745, 746, 745, 805, 988, 988, 988, 745, 746, 745, 746, 745, 746, 745, 746, 745, 746, 745, 745,
    746, 805, 988, 988, 988, 988, 988, 988, 988, 988, 779, 780, 746, 745, 745, 746, 745, 746, 745, 746,
    746, 985, 986, 988, 988, 988, 988, 988, 988, 978, 966, 745, 773, 988, 988, 988, 988, 988, 988, 988,
    808, 809, 746, 745, 746, 771, 988, 988, 988, 988, 988, 988, 812, 776, 746, 745, 746, 745, 746, 745,
    746, 283, 284, 543, 665, 746, 745, 746, 745, 791, 792, 793, 792, 793, 792, 793, 792, 793, 762, 746,
    745, 746, 745, 746, 745, 713, 714, 430, 746, 745, 760, 761, 824, 825, 760, 761, 762, 759, 760, 761,
    760, 761, 745, 746, 745, 746, 745, 746, 728, 729, 728, 729, 728, 729, 746, 791, 760, 761, 760, 761,
    760, 761, 760, 761, 760, 761, 760, 761, 715, 716, 366, 746, 746, 801, 988, 988, 988, 988, 988, 988,
    988, 779, 746, 745, 746, 745, 746, 745, 746, 745, 746, 745, 775, 988, 988, 988, 746, 745, 746, 745,
    746, 745, 746, 745, 746, 745, 746, 745, 746, 775, 988, 988, 988, 988, 988, 988, 988, 988, 801, 812,
    745, 746, 746, 745, 746, 745, 746, 745, 987, 970, 961, 981, 982, 988, 988, 988, 983, 972, 973, 746,
    801, 988, 988, 988, 988, 988, 988, 988, 779, 746, 745, 746, 745, 773, 988, 988, 988, 988, 988, 988,
    988, 808, 809, 746, 745, 746, 745, 746, 745, 284, 283, 543, 697, 745, 746, 745, 405, 406, 824, 825,
    760, 761, 760, 761, 760, 761, 794, 745, 746, 745, 746, 745, 746, 715, 716, 366, 745, 759, 792, 793,
    728, 729, 792, 793, 794, 791, 792, 793, 792, 793, 728, 729, 746, 745, 746, 759, 760, 761, 760, 761,
    760, 761, 762, 759, 792, 793, 792, 793, 792, 793, 792, 793, 792, 793, 792, 793, 747, 748, 398, 745,
    745, 769, 988, 988, 988, 988, 988, 988, 988, 988, 779, 780, 745, 746, 987, 961, 966, 746, 745, 746,
    745, 746, 985, 984, 745, 746, 745, 746, 745, 746, 745, 746, 745, 746, 745, 746, 745, 771, 772, 964,
    806, 773, 988, 988, 989, 801, 802, 745, 746, 745, 746, 745, 746, 745, 746, 745, 745, 987, 988, 965,
    988, 988, 986, 978, 988, 971, 745, 745, 769, 988, 988, 988, 988, 988, 988, 988, 988, 779, 780, 745,
    746, 801, 988, 988, 988, 988, 988, 988, 988, 779, 746, 745, 746, 745, 746, 745, 746, 283, 284, 543,
    745, 746, 745, 746, 437, 438, 745, 759, 792, 793, 792, 793, 792, 793, 728, 729, 745, 746, 745, 746,
    746, 747, 748, 398, 746, 791, 760, 761, 760, 761, 760, 761, 762, 745, 824, 825, 824, 825, 760, 761,
    762, 746, 746, 791, 792, 793, 792, 793, 792, 793, 794, 791, 760, 761, 760, 761, 760, 761, 760, 761,
    760, 761, 760, 761, 717, 718, 408, 746, 746, 771, 988, 988, 988, 988, 988, 988, 988, 988, 801, 812,
    746, 746, 977, 978, 972, 985, 977, 977, 984, 987, 986, 979, 746, 745, 746, 745, 746, 745, 746, 745,
    746, 745, 746, 745, 746, 746, 745, 746, 745, 746, 988, 988, 808, 809, 745, 746, 745, 746, 745, 746,
    745, 746, 745, 746, 746, 974, 975, 976, 989, 969, 965, 988, 989, 989, 991, 746, 771, 988, 988, 988,
    988, 988, 988, 988, 988, 801, 812, 746, 745, 769, 988, 988, 988, 988, 988, 988, 988, 988, 779, 780,
    745, 746, 745, 746, 745, 284, 283, 543, 746, 745, 713, 714, 430, 745, 746, 791, 824, 825, 760, 761,
    760, 761, 760, 761, 746, 745, 746, 745, 745, 745, 746, 745, 728, 729, 792, 793, 792, 793, 792, 793,
    794, 746, 745, 745, 746, 745, 792, 793, 794, 745, 745, 759, 760, 761, 824, 825, 824, 825, 745, 759,
    792, 793, 792, 793, 792, 793, 792, 793, 792, 793, 792, 793, 715, 716, 366, 745, 745, 810, 988, 988,
    988, 988, 988, 988, 988, 988, 966, 746, 745, 963, 964, 965, 966, 988, 988, 988, 979, 967, 966, 746,
    745, 746, 745, 746, 745, 746, 745, 746, 745, 746, 745, 746, 745, 745, 746, 745, 746, 745, 800, 988,
    779, 745, 746, 745, 746, 745, 746, 745, 746, 745, 746, 745, 746, 745, 746, 745, 746, 963, 969, 988,
    988, 962, 745, 746, 810, 988, 988, 988, 988, 988, 988, 988, 988, 966, 746, 745, 746, 771, 988, 988,
    988, 988, 988, 988, 988, 988, 801, 812, 746, 745, 746, 745, 746, 283, 284, 543, 745, 746, 715, 716,
    366, 407, 408, 746, 745, 759, 792, 793, 792, 793, 792, 793, 745, 746, 745, 746, 746, 746, 745, 759,
    760, 761, 760, 761, 760, 761, 824, 825, 746, 745, 746, 746, 745, 746, 824, 825, 745, 746, 746, 791,
    792, 793, 745, 746, 745, 746, 745, 791, 759, 761, 760, 761, 760, 761, 760, 761, 760, 761, 760, 761,
    747, 748, 398, 746, 746, 745, 805, 988, 988, 988, 988, 988, 988, 988, 988, 779, 780, 980, 981, 982,
    988, 981, 988, 988, 988, 978, 983, 984, 746, 745, 746, 745, 746, 745, 746, 745, 746, 745, 746, 745,
    746, 746, 745, 746, 745, 746, 276, 277, 1226, 776, 745, 746, 745, 746, 745, 746, 745, 746, 745, 746,
    745, 746, 745, 746, 745, 746, 745, 24, 25, 745, 746, 745, 746, 805, 988, 988, 988, 988, 988, 988,
    988, 988, 779, 780, 745, 810, 988, 988, 988, 988, 988, 988, 988, 988, 966, 746, 745, 746, 745, 746,
    746, 284, 283, 543, 745, 746, 747, 748, 398, 746, 713, 714, 430, 791, 824, 825, 824, 825, 824, 825,
    746, 745, 746, 745, 746, 745, 746, 791, 792, 793, 792, 793, 792, 793, 745, 746, 745, 746, 745, 745,
    746, 745, 745, 745, 407, 408, 745, 745, 824, 825, 746, 371, 372, 745, 746, 745, 791, 793, 792, 793,
    792, 793, 792, 793, 792, 793, 792, 793, 717, 718, 408, 745, 745, 746, 775, 988, 988, 988, 988, 988,
    988, 988, 988, 801, 812, 968, 969, 965, 986, 988, 988, 988, 971, 988, 981, 991, 745, 746, 745, 746,
    745, 746, 745, 746, 745, 746, 745, 745, 746, 745, 746, 745, 746, 745, 308, 309, 1258, 1259, 746, 745,
    745, 746, 746, 745, 746, 745, 746, 745, 746, 745, 746, 745, 746, 745, 746, 286, 287, 746, 746, 745,
    746, 775, 988, 988, 988, 988, 988, 988, 988, 988, 801, 812, 745, 746, 805, 988, 988, 988, 988, 988,
    988, 988, 988, 779, 780, 745, 746, 745, 745, 283, 284, 543, 746, 745, 746, 713, 714, 430, 715, 716,
    366, 745, 745, 746, 745, 746, 745, 746, 745, 746, 745, 746, 745, 746, 745, 746, 824, 825, 824, 825,
    824, 825, 746, 745, 746, 745, 746, 746, 745, 746, 745, 746, 745, 746, 745, 746, 367, 390, 391, 403,
    404, 745, 746, 745, 746, 824, 825, 824, 825, 759, 760, 761, 760, 761, 762, 746, 715, 716, 366, 746,
    745, 746, 771, 772, 964, 806, 773, 988, 988, 989, 801, 802, 745, 746, 985, 986, 988, 988, 988, 988,
    988, 988, 978, 966, 746, 745, 746, 745, 746, 745, 746, 745, 746, 745, 746, 745, 746, 745, 746, 745,
    746, 746, 745, 745, 746, 745, 746, 745, 746, 745, 746, 745, 746, 746, 745, 746, 745, 746, 745, 746,
    745, 746, 745, 746, 745, 746, 745, 746, 745, 771, 772, 964, 806, 773, 988, 988, 989, 801, 802, 745,
    746, 745, 775, 988, 988, 988, 988, 988, 988, 988, 988, 801, 812, 746, 745, 746, 746, 284, 283, 543,
    284, 753, 745, 715, 716, 366, 747, 748, 398, 746, 778, 779, 780, 745, 746, 745, 746, 745, 746, 745,
    746, 745, 746, 745, 755, 283, 284, 283, 284, 283, 284, 753, 745, 746, 745, 745, 754, 755, 284, 283,
    284, 283, 284, 283, 421, 422, 423, 435, 284, 753, 714, 430, 745, 746, 778, 779, 780, 791, 792, 793,
    792, 793, 794, 745, 747, 748, 398, 745, 746, 745, 746, 745, 745, 803, 800, 988, 988, 808, 809, 746,
    745, 987, 970, 961, 981, 982, 988, 988, 988, 983, 972, 973, 745, 746, 745, 746, 745, 746, 745, 746,
    745, 746, 745, 746, 745, 746, 745, 746, 745, 745, 746, 746, 745, 746, 745, 778, 779, 780, 746, 746,
    745, 745, 746, 745, 746, 745, 746, 745, 746, 745, 746, 745, 746, 745, 746, 745, 746, 746, 745, 746,
    745, 746, 988, 988, 808, 809, 745, 746, 745, 746, 771, 772, 964, 806, 773, 988, 988, 989, 801, 802,
    745, 745, 746, 745, 745, 283, 284, 284, 283, 284, 746, 747, 748, 398, 746, 745, 746, 745, 810, 988,
    812, 746, 745, 746, 745, 746, 745, 746, 745, 746, 745, 746, 283, 284, 283, 284, 283, 284, 283, 284,
    283, 754, 755, 284, 283, 284, 283, 284, 283, 284, 283, 284, 283, 284, 283, 284, 283, 284, 716, 366,
    745, 745, 810, 988, 812, 746, 760, 761, 760, 761, 762, 746, 717, 718, 408, 405, 406, 746, 745, 746,
    746, 745, 746, 800, 988, 779, 745, 745, 746, 745, 987, 988, 965, 988, 988, 986, 978, 988, 971, 745,
    746, 745, 746, 745, 746, 745, 746, 745, 746, 745, 746, 745, 746, 745, 746, 745, 746, 746, 745, 745,
    746, 745, 746, 810, 988, 812, 746, 745, 746, 746, 745, 746, 745, 746, 745, 746, 745, 746, 745, 746,
    745, 746, 745, 746, 745, 745, 746, 745, 746, 745, 800, 988, 779, 745, 746, 745, 746, 745, 746, 745,
    746, 745, 746, 988, 988, 808, 809, 745, 746, 746, 745, 746, 745, 284, 283, 283, 284, 283, 745, 717,
    718, 408, 745, 405, 406, 746, 771, 988, 779, 776, 745, 746, 745, 746, 745, 746, 728, 729, 746, 745,
    284, 283, 284, 283, 284, 283, 284, 283, 284, 283, 284, 283, 284, 283, 284, 283, 284, 283, 284, 283,
    284, 283, 284, 283, 284, 283, 748, 398, 745, 746, 771, 988, 779, 776, 792, 793, 792, 793, 794, 745,
    749, 750, 370, 371, 372, 745, 746, 745, 745, 746, 745, 276, 277, 1226, 776, 746, 745, 746, 974, 975,
    976, 989, 969, 965, 988, 989, 989, 991, 745, 746, 745, 746, 745, 746, 745, 746, 745, 746, 745, 746,
    745, 746, 745, 746, 745, 745, 746, 746, 745, 746, 745, 771, 988, 779, 776, 746, 745, 745, 746, 745,
    746, 745, 746, 745, 746, 745, 746, 745, 746, 745, 746, 745, 746, 746, 745, 746, 745, 746, 276, 277,
    1226, 776, 745, 746, 746, 745, 746, 745, 746, 745, 746, 800, 988, 779, 745, 746, 745, 745, 746, 745,
    746, 283, 284, 510, 478, 510, 746, 749, 750, 370, 746, 437, 438, 745, 773, 965, 988, 808, 809, 745,
    746, 745, 746, 759, 760, 761, 762, 745, 283, 284, 478, 510, 478, 510, 478, 510, 478, 510, 478, 510,
    478, 510, 478, 510, 478, 510, 478, 510, 478, 478, 510, 478, 478, 510, 478, 510, 746, 745, 773, 965,
    988, 808, 809, 824, 825, 824, 825, 746, 719, 720, 402, 403, 404, 405, 406, 746, 746, 745, 746, 308,
    309, 1258, 1259, 745, 746, 745, 746, 745, 746, 746, 963, 969, 988, 988, 962, 746, 746, 745, 746, 745,
    746, 745, 746, 745, 746, 745, 746, 745, 746, 745, 746, 745, 746, 745, 746, 745, 746, 745, 746, 773,
    965, 988, 808, 809, 746, 746, 745, 746, 745, 746, 745, 746, 745, 746, 745, 746, 745, 746, 746, 745,
    746, 745, 746, 745, 746, 745, 308, 309, 1258, 1259, 746, 745, 745, 746, 745, 746, 745, 746, 745, 276,
    277, 1226, 776, 745, 746, 746, 746, 745, 746, 281, 282, 478, 510, 478, 746, 719, 720, 403, 404, 746,
    439, 440, 805, 806, 808, 988, 812, 780, 745, 746, 746, 791, 792, 793, 794, 746, 281, 282, 510, 478,
    510, 478, 510, 478, 510, 478, 510, 478, 510, 478, 510, 478, 510, 478, 510, 478, 510, 510, 478, 510,
    510, 478, 510, 478, 746, 745, 805, 806, 808, 988, 812, 780, 745, 745, 746, 745, 751, 752, 434, 435,
    436, 437, 438, 745, 746, 745, 746, 745, 746, 745, 746, 745, 746, 745, 746, 745, 746, 745, 746, 745,
    24, 25, 746, 745, 745, 746, 745, 746, 745, 746, 745, 746, 745, 746, 745, 746, 745, 746, 745, 746,
    745, 746, 745, 746, 745, 746, 745, 805, 806, 808, 988, 812, 745, 746, 745, 746, 745, 746, 745, 746,
    745, 746, 745, 746, 745, 746, 745, 746, 745, 746, 745, 746, 745, 746, 745, 746, 745, 746, 745, 746,
    745, 746, 745, 746, 745, 746, 745, 308, 309, 1258, 1259, 745, 746, 746, 745, 746, 745, 746, 745, 746,
    745, 746, 745, 751, 752, 435, 436, 746, 745, 746, 745, 769, 800, 988, 988, 808, 809, 746, 745, 746,
    824, 825, 745, 746, 745, 746, 745, 746, 745, 746, 745, 746, 745, 746, 745, 746, 745, 746, 745, 746,
    745, 746, 745, 746, 745, 746, 745, 746, 745, 746, 745, 746, 745, 746, 745, 769, 800, 988, 988, 808,
    809, 746, 745, 746, 745, 746, 745, 746, 745, 429, 430, 746, 745, 746, 745, 746, 745, 746, 745, 746,
    745, 746, 745, 746, 745, 746, 745, 746, 286, 287, 745, 746, 746, 745, 746, 745, 746, 745, 746, 745,
    746, 745, 746, 745, 746, 1060, 1058, 1059, 1058, 1058, 1060, 1058, 1059, 1058, 1060, 1058, 1020, 1020, 1020, 1020,
    1020, 1020, 1060, 1058, 1059, 1058, 1060, 1058, 1059, 1058, 1060, 1058, 1059, 1058, 1060, 1058, 1059, 1058, 1060, 1058,
    1059, 1058, 1060, 1058, 1059, 1058, 1060, 1058, 1059, 1058, 1060, 1058, 1059, 1058, 1060, 1058, 1059, 1058, 1060, 1058,
    1059, 1058, 1060, 1058, 1059, 1058, 1060, 1058, 1059, 1058, 1060, 1058, 1059, 1058, 1060, 1058, 1059, 1058, 1060, 1058,
    1020, 1020, 1020, 1020, 1020, 1058, 1060, 1058, 1059, 1058, 1060, 1058, 1059, 1058, 1060, 1058, 1059, 1058, 1060, 1058,
    1059, 1058, 1060, 1058, 1059, 1058, 1060, 1058, 1059, 1058, 1060, 1058, 1059, 1058, 1060, 1058, 1059, 1058, 1060, 1058,
    1059, 1058, 1060, 1058, 1020, 1020, 1020, 1020, 1020, 1058, 1060, 1058, 1059, 1058, 1060, 1058, 1059, 1058, 1060, 1058,
    1059, 1058, 1060, 1058, 1059, 1058, 1060, 1058, 1059, 1058, 1060, 1058, 1059, 1058, 1060, 1058, 1059, 1058, 1060, 1058,
    745, 746, 745, 746, 745, 746, 745, 746, 745, 746, 745, 746, 745, 1063, 1063, 1062, 1063, 1063, 1062, 1063,
    1062, 1063, 1063, 1063, 788, 784, 784, 784, 784, 784, 785, 1063, 1062, 1063, 1062, 1063, 1062, 1063, 1063, 1063,
    1062, 1063, 1062, 1063, 1062, 1063, 1063, 1063, 339, 340, 1062, 1063, 1062, 1063, 1063, 1063, 1062, 1063, 1063, 1063,
    1062, 1063, 1062, 1063, 1062, 1063, 1063, 1063, 1062, 1063, 1062, 1063, 1062, 1063, 1063, 1063, 1062, 1063, 1062, 1063,
    1062, 1063, 1063, 1063, 1062, 1063, 1062, 820, 784, 784, 784, 784, 784, 784, 785, 1063, 1062, 1063, 1063, 1063,
    1062, 1063, 1062, 1063, 1062, 1063, 1063, 1063, 1062, 1063, 1062, 1063, 1062, 1063, 1063, 1063, 1062, 1063, 1062, 1063,
    1062, 1063, 1062, 1063, 1062, 1063, 1063, 1063, 1062, 1063, 1062, 820, 784, 784, 784, 784, 784, 784, 785, 1063,
    1062, 1063, 1056, 1056, 1056, 1056, 1056, 338, 1062, 1063, 1063, 1063, 1062, 1063, 1062, 1063, 1062, 1063, 1063, 1063,
    1062, 1063, 1062, 1063, 339, 340, 1063, 1063, 746, 745, 746, 745, 746, 745, 746, 745, 746, 745, 746, 745,
    746, 1056, 1056, 1056, 1056, 1056, 1056, 1056, 1056, 1056, 1056, 1056, 820, 784, 784, 784, 784, 784, 784, 785,
    1056, 1056, 1056, 1056, 1056, 1056, 1056, 1056, 1056, 1056, 1056, 1056, 1056, 1056, 1056, 1056, 1056, 1056, 1056, 1056,
    1056, 1056, 1056, 1056, 1056, 1056, 1056, 1056, 1056, 1056, 1056, 1056, 1056, 1056, 1056, 1056, 1056, 1056, 1056, 1056,
    1056, 1056, 1056, 1056, 1056, 1056, 1056, 1056, 1056, 1056, 1056, 1056, 1056, 1056, 1056, 788, 784, 784, 784, 784,
    784, 784, 784, 785, 786, 1056, 1056, 1056, 1056, 1056, 1056, 1056, 1056, 1056, 1056, 1056, 1056, 1056, 1056, 1056,
    1056, 1056, 1056, 1056, 1056, 1056, 1056, 1056, 1056, 1056, 1056, 1056, 1056, 1056, 1056, 1056, 1056, 1056, 1056, 788,
    784, 784, 784, 784, 784, 784, 784, 785, 786, 1056, 1056, 1056, 1056, 1056, 336, 337, 1056, 1056, 1056, 1056,
    1056, 1056, 1056, 1056, 1056, 1056, 1056, 1056, 1056, 1056, 1056, 1056, 1056, 1056, 1056, 1056, 745, 746, 745, 746,
    745, 746, 745, 746, 745, 746, 745, 746, 745, 1056, 1056, 1056, 1056, 1056, 1056, 1056, 1056, 1056, 1056, 1056,
    788, 784, 784, 784, 784, 784, 784, 784, 785, 786, 1056, 1056, 1056, 1056, 1056, 1056, 1056, 1056, 1056, 1056,
    1056, 1056, 1056, 1056, 1056, 1056, 1056, 1056, 1056, 1056, 1056, 1056, 1056, 1056, 1056, 1056, 1056, 1056, 1056, 1056,
    1056, 1056, 1056, 1056, 1056, 1056, 1056, 1056, 1056, 1056, 1056, 1056, 1056, 1056, 1056, 1056, 1056, 1056, 1056, 1056,
    1056, 1056, 820, 817, 784, 784, 784, 784, 784, 784, 784, 817, 818, 1056, 1056, 1056, 1056, 1056, 1056, 1056,
    1056, 1056, 1056, 1056, 1056, 1056, 1056, 1056, 1056, 1056, 1056, 1056, 1056, 1056, 1056, 1056, 1056, 1056, 1056, 1056,
    1056, 1056, 1056, 1056, 1056, 1056, 820, 817, 784, 784, 784, 784, 784, 784, 784, 817, 818, 1056, 326, 327,
    328, 329, 330, 1056, 1056, 1056, 1056, 1056, 1056, 1056, 1056, 1056, 1056, 1056, 1056, 1056, 1056, 1056, 1056, 1056,
    1056, 1056, 1056, 1056, 746, 745, 746, 745, 746, 745, 746, 745, 746, 745, 746, 745, 746, 1056, 785, 1056,
    1056, 1056, 1056, 1056, 1056, 1056, 1056, 820, 817, 784, 784, 784, 784, 784, 784, 784, 817, 818, 1056, 1056,
    1056, 1056, 1056, 1056, 1056, 1056, 1056, 1056, 1056, 1056, 1056, 1056, 1056, 1056, 1056, 1056, 1056, 1056, 1056, 1056,
    1056, 1056, 1056, 1056, 1056, 1056, 1056, 781, 782, 783, 1056, 1056, 1056, 1056, 1056, 1056, 1056, 1056, 1056, 1056,
    1056, 1056, 1056, 1056, 1056, 1056, 1056, 1056, 1056, 1056, 1056, 788, 784, 784, 784, 784, 784, 784, 784, 785,
    1056, 1056, 1056, 1056, 1056, 1056, 1056, 1056, 1056, 781, 782, 783, 1056, 1056, 1056, 1056, 1056, 1056, 1056, 1056,
    1056, 1056, 1056, 1056, 1056, 1056, 1056, 1056, 1056, 1056, 1056, 1056, 1056, 1056, 1056, 788, 784, 784, 784, 784,
    784, 784, 784, 785, 1056, 1056, 1056, 331, 332, 333, 334, 335, 1056, 1056, 1056, 1056, 1056, 1056, 1056, 1056,
    1056, 1056, 1056, 1056, 1056, 1056, 1056, 1056, 1056, 1056, 1056, 1056, 745, 746, 745, 746, 745, 746, 745, 746,
    745, 746, 745, 746, 745, 1056, 784, 785, 1056, 1056, 1056, 1056, 1056, 1056, 1056, 1056, 788, 784, 784, 784,
    784, 784, 784, 784, 785, 1056, 1056, 1056, 1056, 1056, 1056, 1056, 1056, 1056, 1056, 1056, 1056, 1056, 1056, 1056,
    1056, 1056, 1056, 1056, 1056, 1056, 1056, 1056, 1056, 1056, 1056, 1056, 781, 782, 790, 784, 822, 785, 1056, 1056,
    1056, 1056, 1056, 1056, 1056, 1056, 1056, 1056, 1056, 1056, 1056, 1056, 1056, 1056, 1056, 1056, 1056, 1056, 1056, 822,
    784, 784, 784, 784, 784, 784, 784, 784, 1018, 1056, 1056, 1056, 1056, 1056, 781, 782, 790, 784, 822, 785,
    1056, 1056, 1056, 1056, 1056, 1056, 1056, 1056, 1056, 1056, 1056, 1056, 1056, 1056, 1056, 1056, 1056, 1056, 1056, 1056,
    1056, 1056, 1056, 822, 784, 784, 784, 784, 784, 784, 784, 784, 1018, 1056, 1056, 1056, 1056, 1056, 1056, 1056,
    1056, 1056, 1056, 1056, 1056, 1056, 1056, 1056, 1056, 1056, 1056, 1056, 1056, 1056, 1056, 1056, 1056, 1056, 1056, 1056,
    746, 745, 746, 745, 746, 745, 746, 745, 746, 745, 746, 745, 746, 1056, 784, 784, 785, 1056, 1056, 1056,
    1056, 1056, 1056, 1056, 822, 784, 784, 784, 784, 784, 784, 784, 784, 1018, 1056, 1056, 1056, 1056, 1056, 1056,
    1056, 1056, 1056, 1056, 1056, 1056, 1056, 1056, 1056, 1056, 1056, 1056, 1056, 1056, 1056, 1056, 1056, 1056, 1056, 787,
    784, 784, 813, 784, 784, 784, 785, 786, 1056, 1056, 1056, 1056, 1056, 1056, 1056, 1056, 1056, 1056, 1056, 1056,
    1056, 1056, 1056, 1056, 1056, 1056, 1056, 817, 784, 784, 784, 784, 784, 784, 784, 785, 1056, 1056, 1056, 1056,
    1056, 787, 784, 784, 813, 784, 784, 784, 785, 786, 1056, 1056, 1056, 1056, 1056, 1056, 1056, 1056, 1056, 1056,
    1056, 1056, 1056, 1056, 1056, 1056, 1056, 1056, 1056, 1056, 1056, 817, 784, 784, 784, 784, 784, 784, 784, 785,
    1056, 1056, 1056, 1056, 1056, 1056, 1056, 1056, 1056, 1056, 1056, 1056, 1056, 1056, 1056, 1056, 1056, 1056, 1056, 1056,
    1056, 1056, 1056, 1056, 1056, 1056, 1056, 1056, 745, 746, 745, 746, 745, 746, 745, 746, 745, 746, 745, 746,
    745, 1056, 784, 784, 784, 782, 1056, 1056, 1056, 1056, 1056, 1056, 817, 784, 784, 784, 784, 784, 784, 784,
    785, 1056, 1056, 1056, 1056, 1056, 1056, 1056, 1056, 1056, 1056, 1056, 1056, 1056, 1056, 1056, 1056, 1056, 1056, 1056,
    1056, 1056, 1056, 1056, 1056, 1056, 1056, 819, 784, 784, 784, 784, 784, 784, 817, 818, 1056, 1056, 1056, 1056,
    1056, 1056, 1056, 1056, 1056, 1056, 1056, 1056, 1056, 1056, 1056, 1056, 1056, 1056, 1056, 787, 784, 784, 784, 784,
    784, 784, 784, 784, 785, 786, 1056, 1056, 1056, 819, 784, 784, 784, 784, 784, 784, 817, 818, 1056, 1056,
    1056, 1056, 1056, 1056, 1056, 1056, 1056, 1056, 1056, 1056, 1056, 1056, 1056, 1056, 1056, 1056, 1056, 1056, 1056, 787,
    784, 784, 784, 784, 784, 784, 784, 784, 785, 786, 1056, 1056, 1056, 1056, 781, 782, 783, 1056, 1056, 1056,
    1056, 1056, 1056, 1056, 1056, 1056, 1056, 1056, 1056, 1056, 1056, 1056, 1056, 1056, 1056, 1056, 746, 745, 746, 745,
    746, 745, 746, 745, 746, 745, 746, 745, 746, 1056, 784, 784, 784, 784, 782, 1056, 1056, 1056, 1056, 1056,
    787, 784, 784, 784, 784, 784, 784, 784, 784, 785, 786, 1056, 1056, 1056, 1056, 1056, 1056, 1056, 1056, 1056,
    1056, 1056, 1056, 1056, 1056, 1056, 1056, 1056, 1056, 1056, 1056, 1056, 1056, 1056, 1056, 816, 784, 784, 784, 784,
    784, 784, 785, 786, 1014, 1056, 1056, 1056, 1056, 1056, 1056, 1056, 1056, 1056, 1056, 1056, 1056, 1056, 1056, 1056,
    1056, 1056, 1056, 788, 784, 784, 784, 784, 784, 784, 784, 784, 817, 818, 1056, 1056, 1056, 816, 784, 784,
    784, 784, 784, 784, 785, 786, 1014, 1056, 1056, 1056, 1056, 1056, 1056, 1056, 1056, 1056, 1056, 1056, 1056, 1056,
    1056, 1056, 1056, 1056, 1056, 1056, 1056, 788, 784, 784, 784, 784, 784, 784, 784, 784, 817, 818, 1056, 781,
    782, 790, 784, 822, 785, 1056, 1056, 1018, 1056, 1056, 1056, 1056, 1056, 1056, 1056, 1056, 1056, 1056, 1056, 1056,
    1056, 1056, 1056, 1056, 745, 746, 745, 746, 745, 746, 745, 746, 745, 746, 745, 746, 745, 1056, 784, 784,
    784, 784, 784, 785, 786, 1056, 1056, 1056, 819, 784, 784, 784, 784, 784, 784, 784, 784, 817, 818, 1056,
    1056, 1056, 1056, 1056, 1056, 1056, 1056, 1056, 1056, 1056, 1056, 1056, 1056, 1056, 1056, 1056, 1056, 1056, 1056, 336,
    1056, 1056, 1056, 788, 784, 784, 784, 784, 784, 784, 784, 784, 1018, 1056, 1056, 1056, 1056, 1056, 1056, 1056,
    1056, 1056, 1056, 1056, 1056, 1056, 1056, 1056, 1056, 1056, 1056, 822, 784, 784, 784, 784, 784, 784, 784, 784,
    785, 1056, 1056, 1056, 1056, 788, 784, 784, 784, 784, 784, 784, 784, 784, 1018, 1056, 1056, 1056, 1056, 1056,
    1056, 1056, 1056, 1056, 1056, 1056, 1056, 1056, 1056, 1056, 781, 782, 783, 1056, 1056, 822, 784, 784, 784, 784,
    784, 784, 784, 784, 785, 1056, 787, 784, 784, 813, 784, 784, 784, 785, 786, 1056, 1056, 1056, 1056, 1056,
    1056, 1056, 1056, 1056, 1056, 1056, 1056, 1056, 1056, 1056, 1056, 1056, 746, 745, 746, 745, 746, 745, 746, 745,
    746, 745, 746, 745, 746, 1056, 784, 784, 784, 784, 784, 817, 818, 1056, 1056, 1056, 813, 784, 784, 784,
    784, 784, 784, 784, 784, 785, 1056, 1056, 1056, 1056, 1056, 1056, 1056, 1056, 1056, 1056, 1056, 1056, 1056, 1056,
    1056, 1056, 1056, 326, 327, 328, 329, 330, 1056, 1056, 1056, 813, 784, 784, 784, 784, 784, 784, 784, 784,
    1014, 1056, 1056, 1056, 1056, 1056, 1056, 1056, 1056, 1056, 1056, 1056, 1056, 1056, 1056, 1056, 1056, 1056, 1056, 1018,
    817, 784, 784, 784, 784, 784, 784, 784, 784, 785, 1056, 1056, 1056, 813, 784, 784, 784, 784, 784, 784,
    784, 784, 1014, 1056, 1056, 1056, 1056, 1056, 1056, 1056, 1056, 1056, 1056, 1056, 1056, 781, 782, 790, 784, 822,
    785, 1056, 1056, 1018, 817, 784, 784, 784, 784, 784, 784, 784, 784, 785, 819, 784, 784, 784, 784, 784,
    784, 817, 818, 1056, 1056, 1056, 1056, 1056, 1056, 1056, 1056, 1056, 1056, 1056, 1056, 1056, 1056, 1056, 1056, 1056,
    745, 746, 745, 746, 745, 746, 745, 746, 745, 746, 745, 746, 745, 1056, 784, 784, 784, 784, 784, 784,
    784, 785, 786, 788, 821, 817, 784, 784, 784, 784, 784, 784, 784, 784, 785, 786, 1056, 1056, 1056, 1056,
    1056, 1056, 1056, 1056, 1056, 1056, 1056, 1056, 1056, 1056, 1056, 1056, 331, 332, 333, 334, 1056, 1056, 1056, 820,
    817, 784, 784, 784, 784, 784, 784, 787, 1016, 1056, 1056, 1056, 1056, 1056, 1056, 1056, 1056, 1056, 1056, 1056,
    1056, 1056, 1056, 1056, 1056, 1056, 1056, 1056, 822, 784, 784, 784, 784, 784, 784, 784, 784, 817, 1056, 1056,
    1056, 820, 817, 784, 784, 784, 784, 784, 784, 787, 1016, 1056, 1056, 1056, 1056, 1056, 1056, 1056, 1056, 1056,
    1056, 1056, 787, 784, 784, 813, 784, 784, 784, 785, 786, 1056, 822, 784, 784, 784, 784, 784, 784, 784,
    784, 817, 816, 784, 784, 784, 784, 784, 784, 785, 786, 1014, 1056, 1056, 335, 1056, 1056, 1056, 1056, 1056,
    1056, 1056, 1056, 1056, 1056, 1056, 1056, 1056, 746, 745, 746, 745, 746, 745, 746, 745, 746, 745, 746, 745,
    746, 317, 317, 784, 784, 784, 784, 784, 784, 817, 818, 317, 317, 822, 784, 784, 784, 784, 784, 784,
    784, 784, 817, 818, 317, 317, 317, 317, 317, 317, 317, 317, 317, 317, 317, 317, 317, 317, 317, 317,
    317, 317, 317, 317, 317, 317, 317, 317, 317, 817, 813, 784, 784, 784, 784, 784, 1018, 317, 317, 317,
    317, 317, 317, 317, 317, 317, 317, 317, 317, 317, 317, 317, 317, 317, 317, 317, 820, 821, 816, 817,
    784, 784, 784, 784, 817, 818, 317, 317, 317, 317, 317, 817, 813, 784, 784, 784, 784, 784, 1018, 317,
    317, 317, 317, 317, 317, 317, 317, 317, 317, 317, 819, 784, 784, 784, 784, 784, 784, 817, 818, 1056,
    820, 821, 816, 817, 784, 784, 784, 784, 817, 818, 788, 784, 784, 784, 784, 784, 784, 784, 784, 1018,
    317, 317, 317, 317, 317, 317, 317, 317, 317, 317, 317, 317, 317, 317, 317, 317, 745, 746, 745, 746,
    745, 746, 745, 746, 745, 746, 745, 746, 745, 313, 314, 314, 1019, 1019, 1019, 1019, 1019, 1019, 1019, 314,
    313, 1019, 1019, 1019, 1019, 1019, 1019, 1019, 1019, 1019, 1019, 314, 313, 314, 313, 314, 314, 314, 313, 314,
    314, 314, 313, 314, 314, 314, 313, 314, 314, 314, 313, 314, 314, 314, 313, 314, 314, 314, 313, 1019,
    1019, 1019, 1019, 1019, 314, 314, 313, 314, 314, 314, 313, 314, 314, 314, 313, 314, 314, 314, 313, 314,
    314, 314, 313, 314, 314, 314, 313, 314, 1019, 1019, 277, 1226, 314, 314, 313, 314, 314, 314, 313, 314,
    314, 1019, 1019, 1019, 1019, 1019, 313, 314, 314, 314, 313, 314, 314, 314, 313, 314, 314, 314, 1019, 1019,
    1019, 1019, 1019, 1019, 1019, 1019, 1019, 314, 314, 314, 313, 314, 1019, 1019, 277, 1226, 314, 314, 1019, 1019,
    1019, 1019, 1019, 1019, 1019, 1019, 1019, 314, 314, 314, 313, 314, 314, 314, 313, 314, 314, 314, 313, 314,
    314, 314, 313, 314, 746, 745, 746, 745, 746, 745, 746, 745, 746, 745, 746, 745, 746, 745, 746, 745,
    746, 988, 988, 988, 988, 988, 801, 779, 780, 803, 804, 746, 745, 769, 988, 988, 808, 809, 746, 745,
    746, 746, 745, 746, 745, 746, 745, 746, 745, 746, 745, 746, 745, 746, 745, 746, 745, 746, 745, 746,
    745, 746, 745, 746, 745, 746, 745, 963, 969, 988, 988, 962, 745, 746, 745, 746, 745, 746, 745, 746,
    745, 746, 745, 746, 745, 746, 745, 746, 745, 746, 745, 746, 745, 746, 745, 746, 745, 800, 277, 1226,
    745, 746, 745, 746, 745, 746, 745, 746, 745, 963, 969, 988, 988, 962, 745, 746, 745, 746, 745, 746,
    745, 746, 745, 746, 745, 746, 968, 969, 965, 986, 988, 988, 988, 971, 988, 981, 991, 745, 745, 746,
    746, 800, 277, 1226, 987, 970, 961, 981, 982, 988, 988, 988, 983, 972, 973, 746, 745, 746, 745, 746,
    745, 746, 745, 746, 745, 746, 745, 746, 745, 746, 745, 746, 745, 746, 745, 746, 745, 746, 745, 746,
    745, 746, 745, 746, 745, 746, 745, 746, 745, 988, 988, 988, 988, 988, 812, 776, 746, 745, 746, 745,
    746, 745, 800, 988, 779, 745, 746, 745, 746, 745, 746, 745, 746, 745, 746, 745, 746, 745, 746, 745,
    746, 745, 746, 745, 746, 745, 746, 745, 746, 745, 746, 745, 746, 745, 746, 745, 746, 24, 25, 745,
    746, 745, 746, 745, 746, 745, 746, 745, 746, 745, 746, 745, 746, 745, 746, 745, 746, 745, 746, 745,
    746, 745, 746, 745, 746, 276, 277, 1226, 776, 745, 746, 745, 746, 745, 746, 745, 746, 745, 746, 24,
    25, 745, 746, 745, 746, 745, 746, 745, 746, 745, 746, 745, 746, 745, 746, 745, 986, 988, 988, 988,
    988, 988, 988, 978, 966, 746, 746, 745, 746, 276, 277, 1226, 776, 987, 988, 965, 988, 988, 986, 978,
    988, 971, 987, 961, 966, 745, 746, 745, 746, 745, 985, 984, 746, 745, 746, 745, 746, 745, 746, 605,
    746, 745, 746, 745, 746, 745, 746, 745, 746, 745, 746, 745, 746, 745, 746, 745, 746, 988, 988, 988,
    988, 988, 988, 808, 809, 746, 745, 745, 745, 746, 769, 988, 988, 808, 809, 746, 745, 745, 746, 745,
    746, 745, 746, 745, 746, 745, 746, 745, 746, 745, 746, 745, 746, 745, 746, 745, 746, 745, 746, 745,
    746, 745, 746, 745, 746, 286, 287, 745, 746, 745, 746, 745, 746, 745, 746, 745, 746, 745, 746, 745,
    746, 745, 746, 745, 746, 745, 746, 745, 746, 745, 746, 745, 746, 308, 309, 1258, 1259, 745, 746, 745,
    746, 745, 746, 745, 746, 745, 746, 286, 287, 745, 746, 745, 746, 745, 746, 745, 746, 745, 746, 745,
    746, 745, 746, 970, 961, 981, 982, 988, 988, 988, 983, 972, 973, 987, 961, 966, 746, 308, 309, 1258,
    1259, 974, 975, 976, 989, 969, 965, 988, 989, 989, 991, 978, 972, 985, 977, 977, 984, 987, 986, 979,
    746, 745, 987, 961, 966, 745, 746, 637, 745, 746, 745, 746, 745, 746, 745, 746, 745, 746, 745, 746,
    745, 746, 745, 746, 745, 988, 988, 988, 988, 988, 988, 779, 746, 745, 746, 746, 746, 745, 745, 800,
    988, 779, 745, 745, 746, 746, 745, 746, 745, 746, 745, 746, 745, 746, 745, 746, 745, 746, 745, 746,
    745, 746, 745, 746, 745, 746, 745, 746, 745, 746, 745, 746, 745, 746, 745, 746, 745, 746, 745, 746,
    745, 746, 745, 746, 745, 746, 745, 746, 745, 746, 745, 746, 745, 746, 745, 746, 745, 746, 745, 746,
    745, 746, 745, 746, 745, 746, 745, 746, 745, 746, 745, 746, 745, 746, 745, 746, 745, 746, 745, 746,
    745, 746, 745, 746, 745, 746, 745, 746, 745, 746, 745, 987, 988, 965, 988, 988, 986, 978, 988, 971,
    745, 977, 978, 972, 985, 977, 977, 984, 987, 986, 979, 746, 745, 963, 969, 988, 988, 962, 964, 965,
    966, 988, 988, 988, 979, 967, 966, 746, 745, 746, 977, 978, 972, 985, 977, 977, 746, 745, 746, 745,
    746, 745, 746, 745, 746, 745, 746, 745, 746, 745, 746, 745, 746, 988, 988, 988, 988, 988, 988, 988,
    779, 780, 746, 745, 746, 745, 746, 769, 988, 988, 778, 779, 780, 745, 746, 745, 746, 745, 746, 745,
    746, 745, 746, 745, 746, 745, 746, 745, 746, 745, 746, 745, 746, 745, 746, 745, 746, 745, 746, 745,
    746, 745, 746, 745, 746, 745, 746, 745, 746, 745, 746, 745, 746, 745, 746, 745, 746, 745, 746, 745,
    746, 745, 746, 745, 746, 745, 746, 745, 746, 745, 746, 745, 746, 745, 746, 745, 746, 745, 746, 745,
    746, 745, 746, 745, 746, 745, 746, 745, 746, 745, 746, 745, 746, 745, 746, 745, 746, 745, 746, 745,
    975, 976, 989, 969, 965, 988, 989, 989, 991, 964, 965, 966, 988, 988, 988, 979, 967, 966, 746, 745,
    746, 745, 746, 24, 25, 980, 981, 982, 988, 981, 988, 988, 988, 978, 983, 984, 746, 963, 964, 965,
    966, 988, 988, 988
};

const u16 gb_level10_layer_b[21504] = {
    265, 266, 258, 259, 267, 1232, 1233, 1244, 1232, 1233, 1239, 0, 0, 0, 0, 0, 0, 0, 0, 0,
    0, 0, 0, 0, 0, 0, 0, 0, 0, 0, 0, 0, 0, 0, 0, 0, 0, 0, 0, 274,
    307, 1260, 1229, 0, 0, 0, 0, 0, 0, 257, 258, 302, 303, 303, 1276, 1277, 1245, 1246, 1234, 0,
    0, 0, 0, 0, 0, 0, 0, 0, 0, 0, 0, 0, 0, 0, 0, 0, 0, 0, 0, 0,
    0, 0, 0, 0, 0, 0, 0, 0, 0, 0, 0, 0, 0, 0, 0, 0, 0, 0, 0, 0,
    0, 0, 0, 0, 0, 0, 0, 0, 0, 0, 0, 0, 0, 0, 0, 0, 0, 0, 0, 0,
    0, 0, 0, 0, 0, 0, 0, 0, 0, 0, 0, 0, 0, 0, 0, 0, 0, 0, 0, 0,
    0, 0, 0, 0, 0, 0, 0, 0, 0, 0, 0, 0, 0, 0, 0, 0, 0, 0, 0, 0,
    0, 0, 0, 0, 0, 0, 0, 0, 297, 298, 290, 291, 299, 1264, 1265, 1266, 1264, 1265, 1271, 1272,
    0, 0, 0, 0, 0, 0, 0, 0, 0, 0, 0, 0, 0, 0, 0, 0, 0, 0, 0, 0,
    0, 0, 0, 0, 0, 0, 0, 274, 275, 1260, 1229, 0, 0, 0, 0, 0, 0, 288, 290, 260,
    261, 261, 1264, 1265, 1277, 1278, 1224, 1225, 0, 0, 0, 0, 0, 0, 0, 0, 0, 0, 0, 0,
    0, 0, 0, 0, 0, 0, 0, 0, 0, 0, 0, 0, 0, 0, 0, 0, 0, 0, 0, 0,
    0, 0, 0, 0, 0, 0, 0, 0, 0, 0, 0, 0, 0, 0, 0, 0, 0, 0, 0, 0,
    0, 0, 0, 0, 0, 0, 0, 0, 0, 0, 0, 0, 0, 0, 0, 0, 0, 0, 0, 0,
    0, 0, 0, 0, 0, 0, 0, 0, 0, 0, 0, 0, 0, 0, 0, 0, 0, 0, 0, 0,
    0, 0, 0, 0, 0, 0, 0, 0, 0, 0, 0, 0, 0, 0, 0, 0, 270, 271, 266, 267,
    268, 1268, 1242, 1265, 1266, 1224, 1225, 0, 0, 0, 0, 0, 0, 0, 0, 0, 0, 0, 0, 0,
    0, 0, 0, 0, 0, 0, 0, 0, 0, 0, 0, 0, 0, 0, 0, 306, 307, 1228, 0, 0,
    0, 0, 0, 0, 264, 265, 266, 258, 259, 267, 1232, 1233, 1244, 1232, 1233, 1239, 0, 0, 0, 0,
    0, 0, 0, 0, 0, 0, 0, 0, 0, 0, 0, 0, 0, 0, 0, 0, 0, 0, 0, 0,
    0, 0, 0, 0, 0, 0, 0, 0, 0, 0, 0, 0, 0, 0, 0, 0, 0, 0, 0, 0,
    0, 0, 0, 0, 0, 0, 0, 0, 0, 0, 0, 0, 0, 0, 0, 0, 0, 0, 0, 0,
    0, 0, 0, 0, 0, 0, 0, 0, 0, 0, 0, 0, 0, 0, 0, 0, 0, 0, 0, 0,
    0, 0, 0, 0, 0, 0, 0, 0, 0, 0, 0, 0, 0, 0, 0, 0, 0, 0, 0, 0,
    0, 0, 0, 0, 302, 303, 298, 299, 300, 1235, 1235, 1236, 1237, 1238, 1239, 0, 0, 0, 0, 0,
    0, 0, 0, 0, 0, 0, 0, 0, 0, 0, 0, 0, 0, 0, 0, 0, 0, 0, 0, 0,
    0, 0, 0, 0, 0, 0, 0, 0, 0, 0, 0, 295, 296, 297, 298, 290, 291, 299, 1264, 1265,
    1266, 1264, 1265, 1271, 1272, 0, 0, 0, 0, 0, 0, 0, 0, 0, 0, 0, 0, 0, 0, 0,
    0, 0, 0, 0, 0, 0, 0, 0, 0, 0, 0, 0, 0, 0, 0, 0, 0, 0, 0, 0,
    0, 0, 0, 0, 0, 0, 0, 0, 0, 0, 0, 0, 0, 0, 0, 0, 0, 0, 0, 0,
    0, 0, 0, 0, 0, 0, 0, 0, 0, 0, 0, 0, 0, 0, 0, 0, 0, 0, 0, 0,
    0, 0, 0, 0, 0, 0, 0, 0, 0, 0, 0, 0, 0, 0, 0, 0, 0, 0, 0, 0,
    0, 0, 0, 0, 0, 0, 0, 0, 0, 0, 0, 0, 265, 266, 267, 268, 300, 1267, 1267, 1268,
    1269, 1270, 1271, 1272, 0, 0, 0, 0, 0, 0, 0, 0, 0, 0, 0, 0, 0, 0, 0, 0,
    0, 0, 0, 0, 0, 0, 0, 0, 0, 0, 0, 0, 0, 0, 0, 0, 0, 0, 0, 0,
    269, 270, 271, 266, 267, 268, 1268, 1242, 1265, 1266, 1224, 1225, 0, 0, 0, 0, 0, 0, 0, 0,
    0, 0, 0, 0, 0, 0, 0, 0, 0, 0, 0, 0, 0, 0, 0, 0, 0, 0, 0, 0,
    0, 0, 0, 0, 0, 0, 0, 0, 0, 0, 0, 0, 0, 0, 0, 0, 0, 0, 0, 0,
    0, 0, 0, 0, 0, 0, 0, 0, 0, 0, 0, 0, 0, 0, 0, 0, 0, 0, 0, 0,
    0, 0, 262, 0, 0, 0, 0, 0, 0, 0, 0, 0, 0, 0, 0, 0, 0, 0, 0, 0,
    0, 0, 0, 0, 0, 0, 0, 0, 0, 0, 0, 0, 0, 0, 0, 0, 0, 0, 0, 0,
    297, 298, 299, 300, 1235, 1236, 1237, 1236, 1237, 1238, 1243, 1257, 0, 0, 0, 0, 0, 0, 0, 0,
    0, 0, 0, 0, 0, 0, 0, 0, 0, 0, 0, 0, 0, 0, 0, 0, 0, 0, 0, 0,
    0, 0, 0, 0, 0, 0, 0, 256, 301, 302, 303, 298, 299, 300, 1235, 1235, 1236, 1237, 1238, 1239,
    0, 0, 0, 0, 0, 0, 0, 0, 0, 0, 0, 0, 0, 0, 0, 0, 0, 0, 0, 0,
    0, 0, 0, 0, 0, 0, 0, 0, 0, 0, 0, 0, 0, 0, 0, 0, 0, 0, 0, 0,
    0, 0, 0, 0, 0, 0, 0, 0, 0, 0, 0, 0, 0, 0, 0, 0, 0, 0, 0, 0,
    0, 0, 0, 0, 0, 0, 0, 0, 0, 0, 294, 0, 0, 0, 0, 0, 0, 0, 0, 0,
    0, 0, 0, 0, 0, 0, 0, 0, 0, 0, 0, 0, 0, 0, 0, 0, 0, 0, 0, 0,
    0, 0, 0, 0, 0, 0, 0, 0, 302, 303, 258, 259, 1267, 1268, 1269, 1270, 1236, 1242, 1275, 0,
    0, 0, 0, 0, 0, 0, 0, 0, 0, 0, 0, 0, 0, 0, 0, 0, 0, 0, 0, 0,
    0, 0, 0, 0, 0, 0, 0, 0, 0, 0, 0, 0, 0, 0, 264, 265, 271, 265, 266, 267,
    268, 300, 1267, 1267, 1268, 1269, 1270, 1271, 1272, 0, 0, 0, 0, 0, 0, 0, 0, 0, 0, 0,
    0, 0, 0, 0, 0, 0, 0, 0, 0, 0, 0, 0, 0, 0, 0, 0, 0, 0, 0, 0,
    0, 0, 0, 0, 0, 0, 0, 0, 0, 0, 0, 0, 0, 0, 0, 0, 0, 0, 0, 0,
    0, 0, 0, 0, 0, 0, 0, 0, 0, 0, 0, 0, 0, 0, 0, 0, 0, 260, 1268, 1234,
    0, 0, 0, 0, 0, 0, 0, 0, 0, 0, 0, 0, 0, 0, 0, 0, 0, 0, 0, 0,
    0, 0, 0, 0, 0, 0, 0, 0, 0, 0, 0, 0, 0, 0, 0, 0, 311, 312, 270, 271,
    261, 1236, 1237, 1267, 1268, 1242, 1274, 0, 0, 0, 0, 0, 0, 0, 0, 0, 0, 0, 0, 0,
    0, 0, 0, 0, 0, 0, 0, 0, 0, 0, 0, 0, 0, 0, 0, 0, 0, 0, 0, 0,
    0, 295, 296, 302, 303, 297, 298, 299, 300, 1235, 1236, 1237, 1236, 1237, 1238, 1243, 1257, 0, 0, 0,
    0, 0, 0, 0, 0, 0, 0, 262, 0, 0, 0, 0, 0, 0, 0, 0, 0, 0, 0, 0,
    0, 0, 0, 0, 0, 0, 0, 0, 0, 0, 0, 262, 0, 0, 0, 0, 0, 0, 0, 0,
    0, 0, 0, 0, 0, 0, 0, 0, 0, 0, 0, 0, 0, 0, 0, 0, 0, 0, 0, 0,
    0, 0, 0, 0, 0, 292, 261, 1245, 1256, 1257, 0, 0, 0, 0, 0, 0, 0, 0, 0, 0,
    0, 0, 0, 0, 0, 0, 0, 0, 0, 0, 0, 0, 0, 0, 0, 0, 0, 0, 0, 0,
    0, 0, 0, 0, 0, 278, 302, 303, 261, 1232, 1233, 1271, 1239, 0, 0, 0, 0, 0, 0, 0,
    0, 0, 0, 0, 0, 0, 0, 0, 0, 0, 0, 0, 0, 0, 0, 0, 0, 0, 0, 0,
    0, 0, 0, 0, 0, 0, 0, 0, 0, 310, 311, 312, 293, 302, 303, 258, 259, 1267, 1268, 1269,
    1270, 1236, 1242, 1275, 0, 0, 0, 0, 0, 0, 0, 0, 0, 0, 0, 294, 0, 0, 0, 0,
    0, 0, 0, 0, 0, 0, 0, 0, 0, 0, 0, 0, 0, 0, 0, 0, 0, 0, 0, 294,
    0, 0, 0, 0, 0, 0, 0, 0, 0, 0, 0, 0, 0, 0, 0, 0, 0, 0, 0, 0,
    0, 0, 0, 0, 0, 0, 0, 0, 0, 0, 0, 272, 273, 267, 268, 1238, 1239, 0, 0, 0,
    0, 0, 0, 0, 0, 0, 0, 0, 0, 0, 0, 0, 0, 262, 0, 0, 0, 0, 0, 0,
    0, 0, 0, 0, 0, 0, 0, 0, 0, 0, 0, 0, 262, 310, 311, 312, 291, 1264, 1265, 1256,
    1257, 0, 0, 0, 0, 0, 0, 0, 0, 0, 0, 0, 0, 0, 0, 0, 0, 0, 0, 0,
    0, 0, 0, 0, 0, 0, 0, 0, 0, 0, 0, 0, 0, 0, 0, 0, 0, 0, 0, 0,
    310, 311, 312, 270, 271, 261, 1236, 1237, 1267, 1268, 1242, 1274, 0, 0, 0, 0, 0, 0, 0, 0,
    0, 0, 260, 1268, 1234, 0, 0, 0, 0, 0, 0, 0, 0, 0, 0, 0, 0, 0, 0, 0,
    0, 0, 0, 0, 0, 0, 260, 1268, 1234, 0, 0, 0, 0, 0, 0, 0, 0, 0, 0, 0,
    0, 0, 0, 0, 0, 0, 0, 0, 0, 0, 0, 0, 0, 0, 0, 0, 0, 0, 0, 304,
    305, 299, 300, 1270, 1271, 1272, 0, 0, 0, 0, 0, 0, 0, 0, 0, 0, 0, 0, 0, 0,
    0, 294, 0, 0, 0, 0, 0, 0, 0, 0, 0, 0, 0, 0, 0, 0, 0, 0, 0, 0,
    294, 0, 0, 306, 275, 1226, 1261, 0, 0, 0, 0, 0, 0, 0, 0, 0, 0, 0, 0, 0,
    0, 0, 0, 0, 0, 0, 0, 0, 0, 0, 0, 0, 0, 0, 0, 0, 0, 0, 0, 0,
    0, 0, 0, 0, 0, 0, 0, 0, 0, 0, 278, 302, 303, 261, 1232, 1233, 1271, 1239, 0, 0,
    0, 0, 0, 0, 0, 0, 0, 0, 0, 0, 292, 261, 1245, 1256, 1257, 0, 0, 0, 0, 0,
    0, 0, 0, 0, 0, 0, 0, 0, 0, 0, 0, 0, 0, 0, 292, 261, 1245, 1256, 1257, 0,
    0, 0, 0, 0, 0, 0, 0, 0, 0, 0, 0, 0, 0, 0, 0, 0, 0, 0, 0, 0,
    0, 0, 0, 0, 0, 0, 0, 257, 258, 259, 1236, 1237, 1238, 1239, 0, 0, 0, 0, 0, 0,
    0, 0, 0, 0, 0, 0, 0, 0, 260, 1268, 1234, 0, 0, 0, 0, 0, 0, 0, 0, 0,
    0, 0, 0, 0, 0, 0, 0, 0, 1268, 1234, 0, 274, 307, 1260, 1229, 0, 0, 0, 0, 0,
    0, 0, 0, 0, 0, 0, 0, 0, 0, 0, 0, 0, 0, 0, 0, 0, 0, 0, 0, 0,
    0, 0, 0, 0, 0, 0, 0, 0, 0, 0, 0, 0, 0, 0, 0, 0, 0, 0, 310, 311,
    312, 291, 1264, 1265, 1256, 1257, 0, 0, 0, 0, 0, 0, 0, 0, 0, 0, 272, 273, 267, 268,
    1238, 1239, 0, 0, 0, 0, 0, 0, 0, 0, 0, 0, 0, 0, 0, 0, 0, 0, 0, 0,
    272, 273, 267, 268, 1238, 1239, 0, 0, 0, 0, 0, 0, 0, 0, 0, 0, 0, 0, 0, 0,
    0, 0, 0, 0, 0, 0, 0, 0, 0, 0, 0, 0, 0, 0, 288, 289, 290, 291, 1268, 1269,
    1270, 1271, 1272, 0, 0, 0, 0, 0, 0, 0, 0, 0, 0, 0, 0, 0, 292, 261, 1245, 1256,
    1257, 0, 0, 0, 0, 0, 0, 0, 0, 0, 0, 0, 0, 0, 0, 0, 261, 1245, 1256, 274,
    275, 1260, 1229, 0, 0, 0, 0, 0, 0, 0, 0, 0, 0, 0, 0, 0, 0, 0, 0, 0,
    0, 0, 0, 0, 0, 0, 0, 0, 0, 0, 0, 0, 0, 0, 0, 0, 0, 0, 0, 0,
    0, 0, 0, 0, 0, 0, 0, 0, 306, 275, 1226, 1261, 0, 0, 0, 0, 0, 0, 0, 0,
    0, 0, 0, 0, 304, 305, 299, 300, 1270, 1271, 1272, 0, 0, 0, 0, 0, 0, 0, 0, 0,
    0, 0, 0, 0, 0, 0, 0, 0, 304, 305, 299, 300, 1270, 1271, 1272, 0, 0, 0, 0, 0,
    0, 0, 0, 0, 0, 0, 0, 0, 0, 0, 0, 0, 0, 0, 0, 0, 0, 0, 0, 0,
    0, 0, 269, 270, 271, 267, 268, 1233, 1232, 1233, 1230, 1231, 0, 0, 0, 0, 0, 0, 0, 0,
    0, 0, 272, 273, 267, 268, 1238, 1239, 0, 0, 0, 0, 0, 0, 0, 0, 0, 0, 0, 0,
    0, 0, 0, 0, 268, 1238, 1239, 306, 307, 1228, 0, 0, 0, 0, 0, 0, 0, 0, 0, 0,
    0, 0, 0, 0, 0, 0, 0, 0, 0, 0, 0, 0, 0, 0, 0, 0, 0, 0, 0, 0,
    0, 0, 0, 0, 0, 0, 0, 0, 0, 0, 0, 0, 0, 0, 0, 0, 274, 307, 1260, 1229,
    0, 0, 0, 0, 0, 0, 0, 0, 0, 0, 0, 0, 257, 258, 259, 1236, 1237, 1238, 1239, 0,
    0, 0, 0, 0, 0, 0, 0, 0, 0, 0, 0, 0, 0, 0, 0, 0, 257, 258, 259, 1236,
    1237, 1238, 1239, 0, 0, 0, 0, 0, 0, 0, 0, 0, 0, 0, 0, 0, 0, 0, 0, 0,
    0, 0, 0, 0, 0, 0, 0, 0, 0, 256, 301, 302, 303, 299, 300, 1265, 1264, 1265, 1262, 1263,
    0, 0, 0, 0, 0, 0, 0, 0, 0, 0, 304, 305, 299, 300, 1270, 1271, 1272, 0, 0, 0,
    0, 0, 0, 0, 0, 0, 0, 0, 0, 0, 0, 0, 300, 1270, 1271, 1272, 0, 0, 0, 0,
    0, 0, 0, 0, 0, 0, 0, 0, 0, 0, 0, 0, 0, 0, 0, 0, 0, 0, 0, 0,
    0, 0, 0, 0, 0, 0, 0, 0, 0, 0, 0, 0, 0, 0, 0, 0, 0, 0, 0, 0,
    0, 0, 0, 0, 274, 275, 1260, 1229, 0, 0, 0, 0, 0, 0, 0, 0, 0, 0, 0, 288,
    289, 290, 291, 1268, 1269, 1270, 1271, 1272, 0, 0, 0, 0, 0, 0, 0, 0, 0, 0, 0, 0,
    0, 0, 0, 288, 289, 290, 291, 1268, 1269, 1270, 1271, 1272, 0, 0, 0, 0, 0, 0, 0, 0,
    0, 0, 0, 0, 0, 0, 0, 0, 0, 0, 0, 0, 0, 0, 0, 0, 310, 311, 312, 260,
    261, 270, 271, 1244, 1245, 1242, 1275, 0, 0, 0, 0, 0, 0, 0, 0, 0, 0, 0, 257, 258,
    259, 1236, 1237, 1238, 1239, 0, 0, 0, 0, 0, 0, 0, 0, 0, 0, 0, 0, 0, 0, 0,
    1236, 1237, 1238, 1239, 0, 0, 0, 0, 0, 0, 0, 0, 0, 0, 0, 0, 0, 0, 0, 0,
    0, 0, 0, 0, 0, 0, 0, 0, 0, 0, 0, 0, 0, 0, 0, 0, 0, 0, 0, 0,
    0, 0, 0, 0, 0, 0, 0, 0, 0, 0, 0, 0, 306, 307, 1228, 0, 0, 0, 0, 0,
    0, 0, 0, 0, 0, 0, 0, 269, 270, 271, 267, 268, 1233, 1232, 1233, 1230, 1231, 0, 0, 0,
    0, 0, 0, 0, 0, 0, 0, 0, 0, 0, 0, 269, 270, 271, 267, 268, 1233, 1232, 1233, 1230,
    1231, 0, 0, 0, 0, 0, 0, 0, 0, 0, 0, 0, 0, 0, 0, 0, 0, 0, 0, 0,
    0, 0, 0, 0, 0, 0, 257, 258, 302, 303, 303, 1276, 1277, 1245, 1246, 1234, 0, 0, 0, 0,
    0, 0, 0, 0, 0, 288, 289, 290, 291, 1268, 1269, 1270, 1271, 1272, 0, 0, 0, 0, 0, 0,
    0, 0, 0, 0, 0, 0, 0, 0, 1268, 1269, 1270, 1271, 1272, 0, 0, 0, 0, 0, 0, 0,
    0, 0, 0, 0, 0, 0, 0, 0, 0, 0, 0, 0, 0, 0, 0, 0, 0, 0, 0, 0,
    0, 0, 0, 0, 0, 0, 0, 0, 0, 0, 0, 0, 0, 0, 0, 0, 0, 0, 0, 0,
    0, 0, 0, 0, 0, 0, 0, 0, 0, 0, 0, 0, 0, 0, 256, 301, 302, 303, 299, 300,
    1265, 1264, 1265, 1262, 1263, 0, 0, 0, 0, 0, 0, 0, 0, 0, 0, 0, 0, 0, 256, 301,
    302, 303, 299, 300, 1265, 1264, 1265, 1262, 1263, 0, 0, 0, 0, 0, 0, 0, 0, 0, 0, 0,
    0, 0, 0, 0, 0, 0, 0, 0, 0, 0, 0, 0, 0, 0, 288, 290, 260, 261, 261, 1264,
    1265, 1277, 1278, 1224, 1225, 0, 0, 0, 0, 0, 0, 0, 0, 269, 270, 271, 267, 268, 1233, 1232,
    1233, 1230, 1231, 0, 0, 0, 0, 0, 0, 0, 0, 0, 0, 0, 0, 0, 268, 1233, 1232, 1233,
    1230, 1231, 0, 0, 0, 0, 0, 0, 0, 0, 0, 0, 0, 0, 0, 0, 0, 0, 0, 0,
    0, 0, 0, 0, 0, 0, 0, 0, 0, 0, 0, 0, 0, 0, 0, 0, 0, 0, 0, 0,
    0, 0, 0, 0, 0, 0, 0, 0, 0, 0, 0, 0, 0, 0, 0, 0, 0, 0, 0, 0,
    0, 310, 311, 312, 260, 261, 270, 271, 1244, 1245, 1242, 1275, 0, 0, 0, 0, 0, 0, 0, 0,
    0, 0, 0, 0, 0, 310, 311, 312, 260, 261, 270, 271, 1244, 1245, 1242, 1275, 396, 0, 0, 0,
    0, 0, 0, 0, 0, 0, 0, 0, 0, 0, 0, 0, 0, 0, 0, 0, 0, 0, 0, 0,
    0, 264, 265, 266, 258, 259, 267, 1232, 1233, 1244, 1232, 1233, 1239, 0, 0, 0, 0, 0, 0, 0,
    256, 301, 302, 303, 299, 300, 1265, 1264, 1265, 1262, 1263, 0, 0, 0, 0, 0, 0, 0, 0, 0,
    0, 0, 0, 0, 300, 1265, 1264, 1265, 1262, 1263, 0, 0, 0, 0, 0, 0, 0, 0, 0, 0,
    0, 0, 0, 0, 0, 0, 0, 0, 0, 0, 0, 0, 0, 0, 0, 0, 0, 0, 0, 0,
    0, 0, 0, 0, 0, 0, 0, 0, 0, 0, 0, 0, 0, 0, 0, 0, 0, 0, 0, 0,
    0, 0, 0, 0, 0, 0, 0, 0, 0, 0, 0, 257, 258, 302, 303, 303, 1276, 1277, 1245, 1246,
    1234, 0, 0, 0, 0, 0, 0, 0, 0, 0, 0, 0, 0, 0, 0, 257, 258, 302, 303, 303,
    1276, 1277, 1245, 1246, 1234, 0, 0, 0, 0, 0, 0, 0, 0, 0, 0, 0, 0, 0, 0, 0,
    0, 0, 0, 0, 0, 0, 0, 0, 295, 296, 297, 298, 290, 291, 299, 1264, 1265, 1266, 1264, 1265,
    1271, 1272, 0, 0, 0, 0, 0, 310, 311, 312, 260, 261, 270, 271, 1244, 1245, 1242, 1275, 0, 0,
    0, 0, 0, 0, 0, 0, 0, 0, 0, 0, 0, 0, 271, 1244, 1245, 1242, 1275, 0, 0, 0,
    0, 0, 0, 0, 0, 0, 0, 0, 0, 0, 0, 0, 0, 0, 0, 0, 0, 0, 0, 0,
    0, 0, 0, 0, 0, 0, 0, 0, 0, 0, 0, 0, 0, 0, 0, 0, 0, 0, 0, 0,
    0, 0, 0, 0, 0, 0, 0, 0, 0, 0, 0, 0, 0, 0, 262, 0, 0, 0, 0, 288,
    290, 260, 261, 261, 1264, 1265, 1277, 1278, 1224, 1225, 0, 0, 0, 0, 0, 0, 0, 0, 0, 0,
    0, 0, 0, 288, 290, 260, 261, 261, 1264, 1265, 1277, 1278, 1224, 1225, 0, 0, 0, 0, 0, 0,
    0, 0, 0, 0, 0, 0, 0, 0, 0, 0, 0, 0, 0, 0, 0, 0, 0, 269, 270, 271,
    266, 267, 268, 1268, 1242, 1265, 1266, 1224, 1225, 0, 0, 0, 0, 0, 0, 0, 0, 257, 258, 302,
    303, 303, 1276, 1277, 1245, 1246, 1234, 0, 0, 0, 0, 0, 0, 0, 0, 0, 0, 0, 0, 0,
    303, 1276, 1277, 1245, 1246, 1234, 0, 0, 0, 0, 0, 0, 0, 0, 0, 0, 0, 0, 0, 0,
    0, 0, 0, 0, 0, 0, 0, 0, 0, 0, 0, 0, 0, 0, 0, 0, 0, 0, 0, 0,
    0, 0, 0, 0, 0, 0, 0, 0, 0, 0, 0, 0, 0, 0, 0, 0, 0, 0, 0, 0,
    0, 0, 294, 0, 0, 0, 264, 265, 266, 258, 259, 267, 1232, 1233, 1244, 1232, 1233, 1239, 0, 0,
    0, 0, 0, 0, 0, 0, 0, 0, 0, 0, 264, 265, 266, 258, 259, 267, 1232, 1233, 1244, 1232,
    1233, 1239, 0, 0, 0, 0, 0, 0, 0, 0, 0, 0, 0, 0, 0, 0, 0, 0, 0, 0,
    0, 0, 0, 0, 256, 301, 302, 303, 298, 299, 300, 1235, 1235, 1236, 1237, 1238, 1239, 0, 0, 0,
    0, 0, 0, 0, 0, 288, 290, 260, 261, 261, 1264, 1265, 1277, 1278, 1224, 1225, 0, 0, 0, 0,
    0, 0, 0, 0, 0, 0, 0, 0, 261, 1264, 1265, 1277, 1278, 1224, 1225, 0, 0, 0, 0, 0,
    0, 0, 0, 0, 0, 0, 0, 0, 0, 0, 0, 0, 0, 0, 0, 0, 0, 0, 0, 0,
    0, 0, 0, 0, 0, 0, 0, 0, 0, 0, 0, 0, 0, 0, 0, 0, 0, 0, 0, 0,
    0, 0, 0, 0, 0, 0, 0, 0, 0, 260, 1268, 1234, 0, 295, 296, 297, 298, 290, 291, 299,
    1264, 1265, 1266, 1264, 1265, 1271, 1272, 0, 0, 0, 0, 0, 0, 0, 0, 0, 0, 295, 296, 297,
    298, 290, 291, 299, 1264, 1265, 1266, 1264, 1265, 1271, 1272, 0, 0, 0, 0, 0, 0, 0, 0, 0,
    0, 0, 0, 0, 0, 0, 0, 0, 0, 0, 0, 264, 265, 271, 265, 266, 267, 268, 300, 1267,
    1267, 1268, 1269, 1270, 1271, 1272, 0, 0, 0, 0, 0, 0, 264, 265, 266, 258, 259, 267, 1232, 1233,
    1244, 1232, 1233, 1239, 0, 0, 0, 0, 0, 0, 0, 0, 0, 0, 0, 0, 267, 1232, 1233, 1244,
    1232, 1233, 1239, 0, 0, 0, 0, 0, 0, 0, 0, 0, 0, 0, 0, 0, 0, 0, 0, 0,
    0, 0, 0, 0, 0, 0, 0, 0, 0, 0, 0, 0, 0, 0, 0, 0, 0, 0, 0, 0,
    0, 0, 0, 0, 0, 0, 0, 0, 0, 0, 0, 0, 0, 0, 0, 0, 0, 292, 261, 1245,
    1256, 1257, 269, 270, 271, 266, 267, 268, 1268, 1242, 1265, 1266, 1224, 1225, 0, 0, 0, 0, 0, 0,
    0, 0, 0, 0, 0, 0, 269, 270, 271, 266, 267, 268, 1268, 1242, 1265, 1266, 1224, 1225, 0, 0,
    0, 0, 0, 0, 0, 0, 0, 0, 0, 0, 0, 0, 0, 0, 0, 0, 0, 0, 295, 296,
    302, 303, 297, 298, 299, 300, 1235, 1236, 1237, 1236, 1237, 1238, 1243, 1257, 0, 0, 0, 0, 0, 295,
    296, 297, 298, 290, 291, 299, 1264, 1265, 1266, 1264, 1265, 1271, 1272, 0, 0, 0, 0, 0, 0, 0,
    0, 0, 0, 0, 299, 1264, 1265, 1266, 1264, 1265, 1271, 1272, 0, 0, 0, 0, 0, 0, 0, 0,
    0, 0, 0, 0, 0, 0, 0, 0, 0, 0, 0, 0, 0, 0, 0, 0, 0, 0, 0, 0,
    0, 0, 0, 0, 0, 0, 0, 0, 0, 0, 0, 0, 0, 0, 0, 0, 0, 0, 0, 0,
    0, 0, 0, 272, 273, 267, 268, 1238, 1239, 256, 301, 302, 303, 298, 299, 300, 1235, 1235, 1236, 1237,
    1238, 1239, 0, 0, 0, 0, 0, 0, 0, 0, 0, 0, 0, 256, 301, 302, 303, 298, 299, 300,
    1235, 1235, 1236, 1237, 1238, 1239, 0, 0, 0, 0, 0, 0, 0, 0, 0, 0, 0, 0, 0, 0,
    0, 0, 0, 0, 0, 0, 310, 311, 312, 293, 302, 303, 258, 259, 1267, 1268, 1269, 1270, 1236, 1242,
    1275, 0, 0, 0, 0, 0, 0, 0, 269, 270, 271, 266, 267, 268, 1268, 1242, 1265, 1266, 1224, 1225,
    0, 0, 0, 0, 0, 0, 0, 0, 0, 0, 0, 0, 268, 1268, 1242, 1265, 1266, 1224, 1225, 0,
    0, 0, 0, 0, 0, 0, 0, 0, 0, 0, 0, 0, 0, 0, 0, 0, 0, 0, 0, 0,
    0, 0, 0, 0, 0, 0, 0, 0, 0, 0, 0, 0, 0, 0, 0, 0, 0, 0, 0, 0,
    0, 0, 0, 358, 359, 360, 361, 362, 363, 0, 0, 304, 305, 299, 300, 1270, 264, 265, 271, 265,
    266, 267, 268, 300, 1267, 1267, 1268, 1269, 1270, 1271, 1272, 0, 0, 0, 0, 0, 0, 0, 0, 0,
    264, 265, 271, 265, 266, 267, 268, 300, 1267, 1267, 1268, 1269, 1270, 1271, 1272, 0, 0, 0, 0, 0,
    0, 0, 0, 0, 0, 0, 0, 0, 0, 0, 0, 0, 0, 0, 0, 0, 0, 310, 311, 312,
    270, 271, 261, 1236, 1237, 1267, 1268, 1242, 1274, 0, 0, 0, 0, 0, 0, 256, 301, 302, 303, 298,
    299, 300, 1235, 1235, 1236, 1237, 1238, 1239, 0, 0, 0, 0, 0, 0, 0, 0, 0, 0, 0, 0,
    300, 1235, 1235, 1236, 1237, 1238, 1239, 0, 0, 0, 0, 0, 0, 0, 0, 0, 0, 0, 0, 0,
    0, 0, 0, 0, 0, 0, 0, 0, 0, 0, 0, 0, 0, 0, 0, 0, 0, 0, 0, 0,
    0, 0, 0, 0, 0, 0, 0, 0, 0, 0, 389, 0, 0, 0, 0, 0, 0, 396, 0, 257,
    258, 259, 1236, 295, 296, 302, 303, 297, 298, 299, 300, 1235, 1236, 1237, 1236, 1237, 1238, 1243, 1257, 0,
    0, 0, 0, 0, 0, 0, 0, 295, 296, 302, 303, 297, 298, 299, 300, 1235, 1236, 1237, 1236, 1237,
    1238, 1243, 1257, 0, 0, 0, 0, 0, 0, 0, 0, 0, 0, 0, 0, 0, 0, 0, 0, 0,
    0, 0, 0, 0, 0, 0, 0, 278, 302, 303, 261, 1232, 1233, 1271, 1239, 0, 0, 0, 0, 0,
    0, 0, 264, 265, 271, 265, 266, 267, 268, 300, 1267, 1267, 1268, 1269, 1270, 1271, 1272, 0, 0, 0,
    0, 0, 0, 0, 0, 0, 0, 0, 300, 1267, 1267, 1268, 1269, 1270, 1271, 1272, 0, 0, 0, 0,
    0, 0, 0, 0, 0, 0, 0, 0, 0, 0, 0, 0, 0, 0, 0, 0, 0, 0, 0, 0,
    0, 0, 0, 0, 0, 0, 0, 0, 0, 0, 0, 0, 0, 0, 0, 0, 0, 0, 0, 0,
    0, 0, 0, 0, 0, 0, 288, 289, 290, 291, 1268, 310, 311, 312, 293, 302, 303, 258, 259, 1267,
    1268, 1269, 1270, 1236, 1242, 1275, 0, 0, 0, 0, 0, 0, 0, 0, 0, 310, 311, 312, 293, 302,
    303, 258, 259, 1267, 1268, 1269, 1270, 1236, 1242, 1275, 0, 0, 0, 0, 0, 0, 0, 0, 0, 0,
    0, 0, 0, 0, 0, 0, 0, 0, 0, 0, 0, 0, 0, 0, 0, 310, 311, 312, 291, 1264,
    1265, 1256, 1257, 0, 0, 0, 0, 0, 0, 295, 296, 302, 303, 297, 298, 299, 300, 1235, 1236, 1237,
    1236, 1237, 1238, 1243, 1257, 0, 0, 0, 0, 0, 0, 0, 0, 0, 0, 0, 1235, 1236, 1237, 1236,
    1237, 1238, 1243, 1257, 0, 0, 0, 0, 0, 0, 0, 0, 0, 0, 0, 0, 0, 0, 0, 0,
    0, 0, 0, 0, 0, 0, 0, 0, 0, 0, 0, 0, 0, 0, 0, 0, 0, 0, 0, 0,
    0, 0, 0, 0, 0, 0, 0, 0, 0, 0, 0, 0, 0, 0, 269, 270, 271, 267, 268, 1233,
    1232, 1233, 310, 311, 312, 270, 271, 261, 1236, 1237, 1267, 1268, 1242, 1274, 0, 0, 0, 0, 0, 0,
    0, 0, 0, 0, 0, 0, 310, 311, 312, 270, 271, 261, 1236, 1237, 1267, 1268, 1242, 1274, 0, 0,
    0, 0, 0, 0, 0, 0, 0, 0, 0, 0, 0, 0, 0, 0, 0, 0, 0, 0, 0, 0,
    0, 0, 0, 0, 0, 306, 275, 1226, 1261, 0, 0, 0, 0, 0, 0, 0, 0, 310, 311, 312,
    293, 302, 303, 258, 259, 1267, 1268, 1269, 1270, 1236, 1242, 1275, 0, 0, 0, 0, 0, 0, 0, 0,
    0, 0, 0, 0, 1267, 1268, 1269, 1270, 1236, 1242, 1275, 0, 0, 0, 0, 0, 0, 0, 0, 0,
    0, 0, 0, 0, 0, 0, 0, 0, 0, 0, 0, 0, 0, 0, 0, 0, 0, 0, 0, 0,
    0, 0, 0, 0, 0, 0, 0, 0, 0, 0, 0, 0, 0, 0, 0, 0, 0, 0, 0, 0,
    0, 256, 301, 302, 303, 299, 300, 1265, 1264, 1265, 1262, 1263, 278, 302, 303, 261, 1232, 1233, 1271, 1239,
    0, 0, 0, 0, 0, 0, 0, 0, 0, 0, 0, 0, 0, 0, 0, 0, 278, 302, 303, 261,
    1232, 1233, 1271, 1239, 0, 0, 0, 0, 0, 0, 0, 0, 0, 0, 0, 0, 0, 0, 0, 0,
    0, 0, 0, 0, 0, 0, 0, 0, 0, 0, 0, 0, 0, 274, 307, 1260, 1229, 0, 0, 0,
    0, 0, 0, 0, 0, 0, 0, 0, 310, 311, 312, 270, 271, 261, 1236, 1237, 1267, 1268, 1242, 1274,
    0, 0, 0, 0, 0, 0, 0, 0, 0, 0, 0, 0, 261, 1236, 1237, 1267, 1268, 1242, 1274, 0,
    0, 0, 0, 0, 0, 0, 0, 0, 0, 0, 0, 0, 0, 0, 0, 0, 0, 0, 0, 0,
    0, 0, 0, 0, 0, 0, 0, 0, 0, 0, 0, 0, 0, 0, 0, 0, 0, 0, 0, 0,
    0, 0, 0, 0, 0, 0, 0, 0, 310, 311, 312, 260, 261, 270, 271, 1244, 1245, 1242, 1275, 0,
    310, 311, 312, 291, 1264, 1265, 1256, 1257, 0, 0, 0, 0, 0, 0, 0, 0, 0, 0, 0, 0,
    0, 0, 0, 0, 310, 311, 312, 291, 1264, 1265, 1256, 1257, 0, 0, 0, 0, 0, 0, 0, 0,
    0, 0, 0, 0, 0, 0, 0, 0, 0, 0, 0, 0, 0, 0, 0, 0, 0, 0, 0, 0,
    0, 274, 275, 1260, 1229, 0, 0, 0, 0, 0, 0, 0, 0, 0, 0, 0, 0, 0, 278, 302,
    303, 261, 1232, 1233, 1271, 1239, 0, 0, 0, 0, 0, 0, 0, 0, 0, 0, 0, 0, 0, 0,
    261, 1232, 1233, 1271, 1239, 0, 0, 0, 0, 0, 0, 0, 0, 0, 0, 0, 0, 0, 0, 0,
    0, 0, 0, 0, 0, 0, 0, 0, 0, 0, 0, 0, 0, 0, 0, 0, 0, 0, 0, 0,
    0, 0, 0, 0, 0, 0, 0, 0, 0, 0, 0, 0, 0, 0, 0, 0, 0, 0, 257, 258,
    302, 303, 303, 1276, 1277, 1245, 1246, 1234, 0, 0, 306, 275, 1226, 1261, 0, 0, 0, 0, 0, 0,
    0, 0, 0, 0, 0, 0, 0, 0, 0, 0, 0, 0, 0, 0, 306, 275, 1226, 1261, 0, 0,
    0, 0, 0, 0, 0, 0, 0, 0, 0, 0, 0, 0, 0, 0, 0, 0, 0, 0, 0, 0,
    0, 0, 0, 0, 0, 0, 0, 0, 0, 306, 307, 1228, 1229, 0, 0, 0, 0, 0, 0, 0,
    0, 0, 0, 0, 0, 0, 310, 311, 312, 291, 1264, 1265, 1256, 1257, 0, 0, 0, 0, 0, 0,
    0, 0, 0, 0, 0, 0, 0, 0, 291, 1264, 1265, 1256, 1257, 0, 0, 0, 0, 0, 0, 0,
    0, 0, 0, 0, 0, 0, 0, 0, 0, 0, 0, 0, 0, 0, 0, 0, 0, 0, 0, 0,
    0, 0, 0, 0, 0, 0, 0, 0, 0, 0, 0, 0, 0, 0, 0, 0, 0, 0, 0, 0,
    0, 0, 0, 0, 0, 0, 288, 290, 260, 261, 261, 1264, 1265, 1277, 1278, 1224, 1225, 0, 274, 307,
    1260, 1229, 0, 0, 0, 0, 0, 0, 0, 0, 0, 0, 0, 0, 0, 0, 0, 0, 0, 0,
    0, 0, 274, 307, 1260, 1229, 0, 0, 0, 0, 0, 0, 0, 0, 0, 0, 0, 0, 0, 0,
    0, 0, 0, 0, 0, 0, 0, 0, 0, 0, 0, 0, 0, 0, 0, 0, 0, 0, 0, 0,
    0, 0, 0, 0, 0, 0, 0, 0, 0, 0, 0, 0, 0, 0, 0, 0, 306, 275, 1226, 1261,
    0, 0, 0, 0, 0, 0, 0, 0, 0, 0, 0, 0, 0, 0, 0, 0, 275, 1226, 1261, 0,
    0, 0, 0, 0, 0, 0, 0, 0, 0, 0, 0, 0, 0, 0, 0, 0, 0, 0, 0, 0,
    0, 0, 0, 0, 0, 0, 0, 0, 0, 0, 0, 0, 0, 0, 0, 0, 0, 0, 0, 0,
    0, 0, 0, 0, 0, 0, 0, 0, 0, 0, 0, 0, 0, 264, 265, 266, 258, 259, 267, 1232,
    1233, 1244, 1232, 1233, 1239, 0, 274, 275, 1260, 1229, 0, 0, 0, 0, 0, 0, 0, 0, 0, 0,
    0, 0, 0, 0, 0, 0, 0, 0, 0, 0, 274, 275, 1260, 1229, 0, 0, 0, 0, 0, 0,
    0, 0, 0, 0, 0, 0, 0, 0, 0, 0, 0, 0, 0, 0, 0, 542, 542, 542, 542, 542,
    542, 542, 542, 542, 542, 542, 542, 0, 542, 0, 0, 0, 0, 540, 542, 542, 542, 542, 542, 542,
    542, 542, 541, 0, 274, 307, 1260, 1229, 0, 0, 0, 0, 0, 0, 0, 0, 0, 0, 0, 0,
    0, 0, 0, 0, 307, 1260, 1229, 0, 0, 0, 0, 0, 0, 0, 0, 0, 0, 0, 0, 0,
    0, 0, 0, 0, 0, 0, 0, 0, 0, 0, 0, 0, 0, 0, 0, 0, 0, 0, 0, 0,
    0, 0, 0, 0, 0, 0, 0, 0, 0, 0, 0, 0, 0, 0, 0, 0, 0, 0, 0, 0,
    295, 296, 297, 298, 290, 291, 299, 1264, 1265, 1266, 1264, 1265, 1271, 1272, 306, 307, 1228, 1229, 0, 0,
    0, 0, 0, 0, 0, 0, 0, 0, 0, 0, 0, 0, 0, 0, 0, 0, 0, 0, 306, 307,
    1228, 1229, 0, 0, 0, 0, 0, 0, 0, 0, 0, 0, 0, 0, 0, 0, 0, 0, 0, 0,
    0, 0, 0, 574, 575, 574, 575, 574, 575, 574, 575, 574, 575, 574, 575, 575, 575, 562, 0, 0,
    526, 574, 574, 575, 574, 575, 574, 575, 574, 575, 575, 0, 274, 275, 1260, 1229, 0, 0, 0, 0,
    0, 262, 0, 0, 0, 0, 0, 0, 0, 0, 0, 0, 262, 1260, 1229, 0, 0, 0, 0, 0,
    0, 0, 0, 0, 0, 0, 0, 0, 0, 0, 0, 0, 0, 0, 0, 0, 0, 0, 0, 0,
    0, 0, 0, 0, 0, 0, 0, 0, 0, 0, 0, 0, 0, 0, 0, 0, 0, 0, 0, 0,
    0, 0, 0, 0, 0, 0, 0, 0, 0, 269, 270, 271, 266, 267, 268, 1268, 1242, 1265, 1266, 1224,
    1225, 0, 0, 0, 0, 0, 0, 0, 0, 0, 0, 0, 0, 0, 0, 0, 0, 0, 0, 0,
    0, 0, 0, 0, 0, 0, 0, 277, 1260, 1261, 0, 0, 0, 0, 0, 0, 0, 0, 0, 0,
    0, 0, 0, 0, 0, 0, 0, 0, 0, 0, 0, 478, 510, 478, 510, 478, 510, 478, 510, 478,
    510, 478, 510, 510, 510, 478, 413, 415, 510, 478, 478, 510, 478, 510, 478, 510, 478, 510, 543, 0,
    306, 307, 1228, 1229, 0, 0, 0, 0, 0, 294, 0, 0, 0, 0, 0, 0, 0, 0, 0, 0,
    294, 1228, 0, 0, 0, 0, 0, 0, 0, 0, 0, 0, 0, 0, 0, 0, 0, 0, 0, 0,
    0, 0, 0, 0, 0, 0, 0, 0, 0, 0, 0, 0, 0, 0, 0, 0, 0, 0, 0, 0,
    0, 0, 0, 0, 0, 0, 0, 0, 0, 0, 0, 0, 0, 0, 0, 0, 256, 301, 302, 303,
    298, 299, 300, 1235, 1235, 1236, 1237, 1238, 1239, 0, 0, 0, 0, 0, 0, 0, 0, 0, 0, 0,
    0, 0, 0, 0, 0, 0, 0, 0, 0, 0, 0, 0, 0, 0, 274, 307, 1226, 0, 0, 0,
    0, 0, 0, 0, 0, 0, 0, 0, 0, 0, 0, 0, 0, 0, 0, 0, 0, 0, 0, 510,
    478, 510, 478, 510, 478, 510, 478, 510, 478, 510, 478, 478, 478, 510, 478, 510, 478, 510, 510, 478,
    510, 478, 510, 478, 510, 478, 543, 0, 0, 0, 0, 0, 0, 0, 0, 0, 260, 1268, 1234, 0,
    0, 0, 0, 0, 0, 0, 0, 0, 1268, 1234, 0, 0, 0, 0, 0, 0, 0, 0, 0, 0,
    0, 0, 0, 0, 0, 0, 0, 0, 0, 0, 0, 0, 0, 0, 0, 0, 0, 0, 0, 0,
    0, 0, 0, 0, 0, 0, 0, 0, 0, 0, 0, 0, 0, 0, 0, 0, 0, 0, 0, 0,
    0, 0, 0, 264, 265, 271, 265, 266, 267, 268, 300, 1267, 1267, 1268, 1269, 1270, 1271, 1272, 0, 0,
    0, 0, 0, 0, 0, 0, 0, 0, 0, 0, 0, 0, 0, 0, 0, 0, 0, 0, 0, 0,
    0, 0, 0, 275, 1260, 1229, 0, 0, 0, 0, 0, 0, 0, 0, 0, 0, 0, 0, 0, 0,
    0, 0, 0, 0, 0, 0, 0, 0, 0, 0, 0, 0, 0, 0, 0, 0, 0, 0, 0, 0,
    0, 0, 0, 0, 0, 0, 0, 0, 0, 0, 1181, 196, 194, 195, 0, 0, 0, 0, 0, 0,
    0, 0, 0, 0, 292, 261, 1245, 1256, 1257, 0, 0, 0, 0, 0, 0, 0, 261, 1245, 1256, 1257,
    0, 0, 0, 0, 0, 0, 0, 0, 0, 0, 0, 0, 0, 0, 0, 0, 0, 0, 0, 0,
    0, 0, 0, 0, 0, 0, 0, 0, 0, 0, 0, 0, 0, 0, 0, 0, 0, 0, 0, 0,
    0, 0, 0, 0, 0, 0, 0, 0, 0, 0, 295, 296, 302, 303, 297, 298, 299, 300, 1235, 1236,
    1237, 1236, 1237, 1238, 1243, 1257, 0, 0, 0, 0, 0, 0, 0, 0, 0, 0, 0, 0, 0, 0,
    0, 0, 0, 0, 0, 0, 0, 0, 0, 0, 274, 307, 1228, 0, 0, 0, 0, 0, 0, 0,
    0, 0, 0, 0, 0, 0, 0, 0, 0, 0, 0, 0, 0, 0, 0, 0, 0, 0, 0, 0,
    0, 0, 0, 0, 0, 0, 0, 0, 0, 0, 0, 0, 0, 0, 0, 0, 0, 0, 224, 228,
    226, 227, 195, 0, 0, 0, 0, 0, 0, 0, 272, 273, 267, 268, 1238, 1239, 0, 0, 0, 0,
    0, 0, 0, 0, 268, 1238, 1239, 0, 0, 0, 0, 0, 0, 0, 0, 0, 0, 0, 0, 0,
    0, 0, 0, 0, 0, 0, 0, 0, 0, 0, 0, 0, 0, 0, 0, 0, 0, 0, 0, 0,
    0, 0, 0, 0, 0, 0, 0, 0, 0, 0, 0, 0, 0, 0, 0, 0, 0, 0, 310, 311,
    312, 293, 302, 303, 258, 259, 1267, 1268, 1269, 1270, 1236, 1242, 1275, 0, 0, 0, 0, 0, 0, 0,
    0, 0, 0, 0, 0, 0, 0, 0, 0, 0, 0, 0, 0, 0, 0, 0, 0, 0, 306, 275,
    1260, 377, 378, 378, 379, 0, 0, 0, 0, 377, 378, 378, 378, 378, 378, 378, 378, 378, 378, 378,
    378, 379, 0, 0, 0, 0, 0, 0, 0, 0, 0, 0, 0, 0, 0, 0, 0, 0, 0, 0,
    0, 0, 0, 0, 216, 217, 204, 241, 234, 197, 198, 0, 0, 0, 0, 0, 0, 0, 304, 305,
    299, 300, 1270, 1271, 1272, 0, 0, 0, 0, 0, 0, 0, 300, 1270, 1271, 1272, 0, 0, 0, 0,
    0, 0, 0, 0, 0, 0, 0, 0, 0, 0, 0, 0, 0, 0, 0, 0, 0, 0, 0, 0,
    0, 0, 0, 0, 0, 0, 0, 0, 0, 0, 0, 0, 0, 0, 0, 0, 0, 0, 0, 0,
    0, 0, 0, 0, 0, 0, 0, 0, 0, 310, 311, 312, 270, 271, 261, 1236, 1237, 1267, 1268, 1242,
    1274, 0, 0, 0, 0, 0, 0, 0, 0, 0, 0, 0, 0, 0, 0, 0, 0, 0, 0, 0,
    0, 0, 0, 0, 0, 0, 0, 277, 1260, 409, 410, 410, 411, 0, 0, 0, 0, 409, 410, 410,
    410, 410, 410, 410, 410, 410, 410, 410, 410, 411, 0, 0, 0, 0, 0, 0, 0, 0, 0, 0,
    0, 0, 0, 0, 0, 0, 0, 0, 0, 0, 0, 0, 248, 249, 236, 211, 212, 229, 230, 218,
    0, 0, 0, 0, 0, 0, 257, 258, 259, 1236, 1237, 1238, 1239, 0, 0, 0, 0, 0, 0, 0,
    1236, 1237, 1238, 1239, 0, 0, 0, 0, 0, 0, 0, 0, 0, 0, 0, 0, 0, 0, 0, 0,
    0, 0, 0, 0, 0, 0, 0, 0, 0, 0, 0, 0, 0, 0, 0, 0, 0, 0, 0, 0,
    0, 0, 0, 0, 0, 0, 0, 0, 0, 0, 0, 0, 0, 0, 0, 0, 0, 0, 0, 278,
    302, 303, 261, 1232, 1233, 1271, 1239, 0, 0, 0, 0, 0, 0, 0, 0, 0, 0, 0, 0, 0,
    0, 0, 0, 0, 0, 0, 0, 0, 0, 0, 0, 0, 0, 0, 0, 0, 0, 409, 410, 410,
    411, 0, 0, 0, 0, 409, 410, 410, 410, 410, 410, 410, 410, 410, 410, 410, 410, 411, 0, 0,
    0, 0, 0, 0, 0, 0, 0, 0, 0, 0, 0, 0, 0, 0, 0, 0, 0, 0, 0, 207,
    208, 209, 210, 211, 212, 205, 206, 192, 218, 0, 0, 0, 0, 288, 289, 290, 291, 1268, 1269, 1270,
    1271, 1272, 0, 0, 0, 0, 0, 0, 1268, 1269, 1270, 1271, 1272, 0, 0, 0, 0, 0, 0, 0,
    0, 0, 0, 0, 0, 0, 0, 0, 0, 0, 0, 0, 0, 0, 0, 0, 0, 0, 0, 0,
    0, 0, 0, 0, 0, 0, 0, 0, 0, 0, 0, 0, 0, 0, 0, 0, 0, 0, 0, 0,
    0, 0, 0, 0, 0, 0, 0, 310, 311, 312, 291, 1264, 1265, 1256, 1257, 0, 0, 0, 0, 0,
    0, 0, 0, 0, 0, 0, 0, 0, 0, 0, 0, 0, 0, 0, 0, 0, 0, 0, 0, 0,
    0, 0, 0, 0, 0, 409, 410, 410, 411, 0, 0, 0, 0, 409, 410, 410, 410, 410, 410, 410,
    410, 410, 410, 410, 410, 411, 0, 0, 0, 0, 0, 0, 0, 0, 0, 0, 0, 0, 0, 0,
    0, 0, 0, 0, 0, 0, 0, 239, 240, 241, 242, 243, 244, 237, 238, 225, 250, 0, 0, 0,
    0, 269, 270, 271, 267, 268, 1233, 1232, 1233, 1230, 1231, 0, 0, 0, 0, 0, 268, 1233, 1232, 1233,
    1230, 1231, 0, 0, 0, 0, 0, 0, 0, 0, 0, 0, 0, 0, 0, 0, 0, 0, 0, 0,
    0, 0, 0, 0, 0, 0, 0, 0, 0, 0, 0, 0, 0, 0, 0, 0, 0, 0, 0, 0,
    0, 0, 0, 0, 0, 0, 0, 0, 0, 0, 0, 0, 0, 0, 0, 0, 0, 306, 275, 1226,
    1261, 0, 0, 0, 0, 0, 0, 0, 0, 0, 0, 0, 0, 0, 0, 0, 0, 0, 0, 0,
    0, 0, 0, 0, 0, 0, 0, 0, 0, 0, 0, 0, 0, 409, 410, 410, 411, 0, 0, 0,
    0, 409, 410, 410, 410, 410, 410, 410, 410, 410, 410, 410, 410, 411, 0, 0, 0, 0, 0, 0,
    0, 0, 0, 0, 0, 0, 0, 0, 0, 0, 0, 0, 0, 0, 0, 0, 216, 217, 204, 209,
    202, 203, 204, 210, 211, 199, 200, 0, 256, 301, 302, 303, 299, 300, 1265, 1264, 1265, 1262, 1263, 0,
    0, 0, 0, 0, 300, 1265, 1264, 1265, 1262, 1263, 0, 0, 0, 0, 0, 0, 0, 0, 0, 0,
    0, 0, 0, 0, 0, 0, 0, 0, 0, 0, 0, 0, 0, 0, 0, 0, 0, 0, 0, 0,
    0, 0, 0, 0, 0, 0, 0, 0, 0, 0, 0, 0, 0, 0, 0, 0, 0, 0, 0, 0,
    0, 0, 0, 0, 0, 274, 307, 1260, 1229, 0, 0, 0, 0, 0, 0, 0, 0, 0, 0, 0,
    0, 0, 0, 0, 0, 0, 0, 0, 0, 0, 0, 0, 0, 0, 0, 0, 0, 0, 0, 0,
    0, 441, 442, 442, 443, 0, 0, 0, 0, 441, 442, 442, 442, 442, 442, 442, 442, 442, 442, 442,
    442, 443, 0, 0, 0, 0, 0, 0, 0, 0, 540, 542, 542, 542, 542, 0, 0, 0, 0, 540,
    0, 542, 542, 201, 202, 203, 237, 238, 234, 235, 236, 229, 230, 231, 232, 310, 311, 312, 260, 261,
    270, 271, 1244, 1245, 1242, 1275, 0, 0, 0, 0, 0, 0, 271, 1244, 1245, 1242, 1275, 0, 0, 0,
    0, 0, 0, 0, 0, 0, 0, 0, 0, 0, 0, 0, 0, 0, 0, 0, 0, 0, 0, 0,
    0, 0, 0, 0, 0, 0, 0, 0, 0, 0, 0, 0, 0, 0, 0, 0, 0, 0, 0, 0,
    0, 0, 0, 0, 0, 0, 0, 0, 0, 0, 0, 0, 0, 274, 275, 1260, 1229, 0, 0, 0,
    0, 0, 0, 0, 0, 0, 0, 0, 0, 0, 0, 0, 0, 0, 0, 0, 0, 0, 0, 0,
    0, 0, 0, 0, 0, 0, 0, 0, 0, 0, 0, 0, 0, 832, 833, 834, 835, 0, 0, 0,
    0, 0, 0, 0, 0, 0, 0, 0, 0, 0, 0, 0, 0, 0, 0, 0, 0, 526, 575, 574,
    575, 574, 575, 562, 0, 0, 526, 574, 575, 574, 575, 196, 234, 235, 236, 211, 212, 1170, 1171, 192,
    218, 0, 0, 0, 0, 257, 258, 302, 303, 303, 1276, 1277, 1245, 1246, 1234, 0, 0, 0, 0, 0,
    303, 1276, 1277, 1245, 1246, 1234, 0, 0, 0, 0, 0, 0, 0, 0, 0, 0, 0, 0, 0, 0,
    0, 0, 0, 0, 0, 0, 0, 0, 0, 0, 0, 0, 0, 0, 0, 0, 0, 0, 0, 0,
    0, 0, 0, 0, 0, 0, 0, 0, 0, 0, 0, 0, 0, 0, 0, 0, 0, 0, 0, 0,
    0, 306, 307, 1228, 1229, 0, 0, 0, 0, 0, 0, 0, 0, 0, 0, 0, 0, 0, 0, 0,
    0, 0, 0, 0, 0, 0, 0, 0, 0, 0, 0, 0, 0, 0, 0, 0, 0, 0, 0, 0,
    0, 864, 865, 866, 867, 0, 0, 0, 0, 0, 0, 0, 0, 0, 0, 0, 0, 0, 0, 0,
    0, 526, 414, 414, 415, 510, 510, 478, 510, 478, 510, 478, 413, 415, 510, 478, 510, 478, 510, 228,
    245, 209, 210, 243, 244, 1202, 1203, 225, 250, 0, 0, 0, 0, 288, 290, 260, 261, 261, 1264, 1265,
    1277, 1278, 1224, 1225, 0, 0, 0, 0, 261, 1264, 1265, 1277, 1278, 1224, 1225, 0, 0, 0, 0, 0,
    0, 0, 0, 0, 0, 0, 0, 0, 0, 0, 0, 0, 0, 0, 0, 0, 0, 0, 0, 0,
    0, 0, 0, 0, 0, 0, 0, 0, 0, 0, 0, 0, 0, 0, 0, 0, 0, 0, 0, 0,
    0, 0, 0, 0, 0, 0, 0, 0, 0, 0, 0, 0, 0, 0, 0, 0, 0, 0, 0, 0,
    0, 0, 0, 0, 0, 0, 0, 0, 0, 0, 0, 0, 0, 0, 0, 0, 0, 0, 0, 0,
    0, 0, 0, 0, 0, 0, 0, 0, 0, 0, 0, 0, 0, 0, 0, 0, 0, 0, 0, 0,
    0, 0, 0, 0, 0, 0, 0, 0, 0, 478, 510, 478, 510, 478, 478, 510, 478, 510, 478, 510,
    478, 510, 478, 510, 478, 510, 478, 201, 220, 219, 220, 221, 222, 223, 204, 1155, 200, 0, 0, 0,
    264, 265, 266, 258, 259, 267, 1232, 1233, 1244, 1232, 1233, 1239, 0, 0, 0, 0, 267, 1232, 1233, 1244,
    1232, 1233, 1239, 0, 0, 0, 0, 0, 0, 0, 0, 0, 0, 0, 0, 0, 0, 0, 0, 0,
    0, 0, 0, 0, 0, 0, 0, 0, 0, 0, 0, 0, 0, 0, 0, 0, 0, 0, 0, 0,
    0, 0, 0, 0, 0, 0, 0, 0, 0, 0, 0, 0, 0, 0, 0, 0, 0, 0, 0, 0,
    0, 0, 0, 0, 0, 0, 0, 0, 0, 0, 0, 0, 0, 0, 0, 0, 0, 0, 0, 0,
    358, 359, 360, 361, 362, 363, 0, 0, 0, 0, 0, 0, 0, 0, 0, 0, 0, 0, 0, 0,
    0, 0, 0, 0, 0, 0, 0, 0, 0, 0, 0, 0, 0, 0, 0, 0, 0, 0, 0, 0,
    0, 0, 0, 0, 0, 0, 0, 0, 0, 0, 0, 0, 0, 0, 0, 0, 251, 233, 252, 253,
    254, 202, 230, 231, 232, 0, 0, 295, 296, 297, 298, 290, 291, 299, 1264, 1265, 1266, 1264, 1265, 1271,
    1272, 0, 0, 0, 299, 1264, 1265, 1266, 1264, 1265, 1271, 1272, 0, 0, 0, 0, 0, 0, 0, 0,
    0, 262, 0, 0, 0, 0, 0, 0, 0, 0, 0, 0, 0, 0, 0, 0, 0, 0, 0, 0,
    0, 0, 0, 0, 0, 0, 0, 0, 0, 0, 0, 0, 0, 0, 0, 0, 0, 0, 0, 0,
    0, 0, 0, 0, 0, 0, 0, 0, 0, 0, 0, 0, 0, 0, 0, 0, 0, 0, 0, 0,
    0, 0, 0, 0, 0, 0, 0, 389, 0, 0, 0, 0, 0, 0, 396, 0, 0, 0, 0, 0,
    0, 0, 0, 0, 0, 0, 0, 0, 0, 0, 0, 0, 0, 0, 0, 0, 0, 0, 0, 0,
    0, 0, 0, 0, 0, 0, 0, 0, 0, 0, 0, 0, 0, 0, 0, 0, 0, 0, 0, 0,
    0, 0, 0, 0, 0, 0, 213, 214, 215, 232, 0, 0, 0, 0, 0, 0, 269, 270, 271, 266,
    267, 268, 1268, 1242, 1265, 1266, 1224, 1225, 0, 0, 0, 0, 268, 1268, 1242, 1265, 1266, 1224, 1225, 0,
    0, 0, 0, 0, 0, 0, 0, 0, 0, 294, 0, 0, 0, 0, 0, 0, 0, 0, 0, 0,
    0, 0, 0, 0, 0, 0, 0, 0, 0, 0, 0, 0, 0, 0, 0, 0, 0, 0, 0, 0,
    0, 0, 0, 0, 0, 0, 0, 0, 0, 0, 0, 0, 0, 360, 361, 362, 359, 360, 361, 362,
    359, 360, 361, 362, 363, 0, 0, 0, 0, 0, 0, 358, 359, 360, 361, 362, 360, 361, 362, 359,
    360, 361, 362, 359, 359, 360, 361, 362, 363, 0, 0, 0, 0, 0, 0, 0, 0, 0, 0, 0,
    0, 0, 0, 0, 0, 0, 0, 0, 0, 0, 0, 0, 0, 0, 0, 0, 0, 0, 0, 0,
    0, 0, 0, 0, 0, 0, 0, 0, 0, 0, 0, 0, 0, 0, 0, 246, 247, 0, 0, 0,
    0, 0, 0, 256, 301, 302, 303, 298, 299, 300, 1235, 1235, 1236, 1237, 1238, 1239, 0, 0, 0, 0,
    300, 1235, 1235, 1236, 1237, 1238, 1239, 0, 0, 0, 0, 0, 0, 0, 0, 0, 260, 1268, 1234, 0,
    0, 0, 0, 0, 0, 0, 0, 0, 0, 0, 0, 0, 0, 0, 0, 0, 0, 0, 0, 0,
    0, 0, 0, 0, 0, 0, 0, 0, 0, 0, 0, 0, 0, 0, 0, 0, 0, 0, 0, 0,
    0, 0, 0, 0, 0, 0, 0, 0, 0, 0, 0, 0, 0, 0, 0, 0, 0, 0, 0, 0,
    0, 0, 0, 0, 0, 0, 0, 0, 0, 0, 0, 0, 0, 0, 0, 0, 0, 0, 0, 0,
    0, 0, 0, 0, 0, 0, 0, 0, 0, 0, 0, 0, 0, 0, 0, 0, 0, 0, 0, 0,
    0, 0, 0, 0, 0, 0, 0, 0, 0, 0, 0, 0, 0, 0, 0, 0, 0, 0, 0, 0,
    0, 0, 0, 0, 0, 0, 0, 0, 0, 0, 264, 265, 271, 265, 266, 267, 268, 300, 1267, 1267,
    1268, 1269, 1270, 1271, 1272, 0, 0, 0, 300, 1267, 1267, 1268, 1269, 1270, 1271, 1272, 0, 0, 0, 0,
    0, 0, 0, 0, 292, 261, 1245, 1256, 1257, 0, 0, 0, 0, 0, 0, 0, 0, 0, 0, 0,
    358, 359, 360, 361, 362, 360, 361, 362, 359, 360, 361, 362, 359, 359, 360, 361, 362, 363, 0, 0,
    0, 0, 0, 0, 0, 0, 0, 0, 0, 0, 0, 0, 0, 0, 0, 0, 0, 0, 0, 0,
    0, 0, 358, 359, 360, 361, 362, 363, 0, 0, 0, 0, 0, 0, 0, 0, 0, 0, 0, 0,
    0, 0, 0, 0, 0, 0, 0, 0, 0, 0, 0, 0, 0, 0, 0, 0, 0, 0, 0, 0,
    0, 0, 0, 0, 0, 0, 0, 0, 0, 0, 0, 0, 0, 0, 0, 0, 0, 0, 0, 0,
    0, 0, 0, 0, 0, 0, 0, 0, 0, 0, 0, 0, 0, 0, 0, 0, 0, 295, 296, 302,
    303, 297, 298, 299, 300, 1235, 1236, 1237, 1236, 1237, 1238, 1243, 1257, 0, 0, 0, 1235, 1236, 1237, 1236,
    1237, 1238, 1243, 1257, 0, 0, 0, 0, 0, 0, 272, 273, 267, 268, 1238, 1239, 0, 0, 0, 0,
    0, 0, 0, 0, 0, 0, 0, 0, 0, 0, 0, 0, 0, 0, 0, 0, 0, 0, 0, 0,
    0, 0, 0, 0, 0, 0, 0, 0, 0, 0, 0, 0, 0, 0, 0, 0, 0, 0, 0, 0,
    0, 0, 0, 0, 0, 0, 0, 0, 0, 0, 0, 0, 0, 0, 0, 0, 0, 0, 0, 0,
    0, 0, 0, 0, 0, 0, 0, 0, 0, 0, 0, 0, 0, 0, 0, 0, 0, 0, 0, 0,
    0, 0, 0, 0, 0, 0, 0, 0, 0, 0, 0, 0, 0, 0, 0, 0, 0, 0, 0, 0,
    0, 0, 0, 0, 0, 0, 0, 0, 0, 0, 0, 0, 0, 0, 0, 0, 0, 0, 0, 0,
    0, 0, 0, 0, 0, 310, 311, 312, 293, 302, 303, 258, 259, 1267, 1268, 1269, 1270, 1236, 1242, 1275,
    0, 0, 0, 0, 1267, 1268, 1269, 1270, 1236, 1242, 1275, 0, 0, 0, 0, 0, 0, 0, 304, 305,
    299, 300, 1270, 1271, 1272, 0, 0, 0, 0, 0, 0, 358, 359, 360, 361, 362, 363, 0, 0, 0,
    0, 0, 0, 0, 0, 0, 0, 0, 0, 0, 0, 0, 0, 0, 0, 0, 0, 0, 0, 0,
    0, 0, 0, 0, 0, 0, 0, 0, 0, 0, 0, 0, 0, 0, 0, 0, 0, 0, 0, 0,
    0, 0, 0, 0, 0, 0, 0, 0, 0, 0, 0, 0, 0, 0, 0, 0, 0, 0, 0, 0,
    0, 0, 0, 0, 0, 0, 0, 0, 0, 0, 0, 0, 0, 0, 0, 0, 0, 0, 0, 0,
    0, 0, 0, 0, 0, 0, 0, 0, 0, 0, 0, 0, 0, 0, 0, 0, 0, 0, 0, 0,
    0, 0, 0, 0, 0, 0, 0, 0, 0, 0, 0, 0, 0, 0, 0, 0, 310, 311, 312, 270,
    271, 261, 1236, 1237, 1267, 1268, 1242, 1274, 0, 0, 0, 0, 261, 1236, 1237, 1267, 1268, 1242, 1274, 0,
    0, 0, 0, 0, 0, 0, 257, 258, 259, 1236, 1237, 1238, 1239, 0, 0, 0, 0, 0, 0, 0,
    0, 0, 0, 0, 0, 0, 0, 0, 0, 0, 0, 0, 0, 0, 0, 0, 0, 0, 0, 0,
    0, 0, 0, 0, 0, 0, 0, 0, 0, 0, 0, 0, 0, 0, 0, 0, 0, 0, 0, 0,
    0, 262, 0, 0, 0, 0, 0, 0, 0, 0, 0, 0, 0, 0, 0, 0, 0, 0, 1181, 196,
    194, 195, 0, 0, 0, 0, 0, 0, 0, 0, 0, 0, 0, 0, 0, 0, 0, 0, 0, 0,
    0, 0, 0, 0, 0, 0, 0, 0, 576, 678, 0, 0, 0, 0, 0, 0, 0, 0, 0, 0,
    0, 0, 0, 0, 0, 0, 0, 0, 0, 0, 0, 0, 0, 0, 0, 0, 0, 0, 0, 0,
    0, 0, 0, 0, 0, 0, 278, 302, 303, 261, 1232, 1233, 1271, 1239, 0, 0, 0, 0, 0, 0,
    261, 1232, 1233, 1271, 1239, 0, 0, 0, 0, 0, 0, 0, 0, 288, 289, 290, 291, 1268, 1269, 1270,
    1271, 1272, 0, 0, 0, 0, 0, 0, 0, 0, 0, 0, 0, 0, 0, 0, 0, 0, 0, 0,
    0, 0, 0, 0, 0, 0, 0, 0, 0, 0, 0, 0, 0, 0, 0, 0, 0, 0, 0, 0,
    0, 0, 0, 0, 0, 0, 0, 0, 0, 294, 0, 0, 0, 0, 0, 0, 0, 0, 0, 0,
    0, 0, 0, 0, 0, 0, 224, 228, 226, 227, 195, 0, 0, 0, 0, 0, 0, 0, 0, 0,
    0, 0, 0, 0, 0, 0, 0, 0, 0, 0, 0, 0, 0, 0, 576, 577, 692, 590, 646, 678,
    0, 0, 0, 0, 0, 0, 0, 0, 0, 0, 0, 0, 0, 0, 0, 0, 0, 0, 0, 0,
    0, 0, 0, 0, 0, 0, 0, 0, 0, 0, 0, 0, 0, 0, 310, 311, 312, 291, 1264, 1265,
    1256, 1257, 0, 0, 0, 0, 0, 0, 291, 1264, 1265, 1256, 1257, 0, 0, 0, 0, 0, 0, 0,
    0, 269, 270, 271, 267, 268, 1233, 1232, 1233, 1230, 1231, 0, 0, 0, 0, 0, 0, 0, 0, 0,
    0, 0, 0, 0, 0, 0, 0, 0, 0, 0, 0, 0, 0, 0, 0, 0, 0, 0, 0, 0,
    0, 0, 0, 0, 0, 0, 0, 0, 0, 0, 0, 0, 0, 0, 0, 0, 260, 1268, 1234, 0,
    0, 0, 0, 0, 0, 0, 0, 0, 0, 0, 0, 0, 216, 217, 204, 241, 234, 197, 198, 0,
    0, 0, 0, 0, 0, 0, 0, 0, 0, 0, 0, 0, 0, 0, 0, 0, 0, 0, 0, 0,
    576, 577, 692, 692, 693, 591, 590, 591, 646, 678, 0, 0, 0, 0, 0, 0, 0, 0, 0, 0,
    0, 0, 0, 0, 0, 0, 0, 0, 0, 0, 0, 0, 0, 0, 0, 0, 0, 0, 0, 0,
    0, 0, 0, 0, 306, 275, 1226, 1261, 0, 0, 0, 0, 0, 0, 0, 0, 275, 1226, 1261, 0,
    0, 0, 0, 0, 0, 0, 0, 0, 256, 301, 302, 303, 299, 300, 1265, 1264, 1265, 1262, 1263, 0,
    0, 0, 0, 0, 0, 0, 0, 0, 0, 0, 0, 0, 0, 0, 0, 385, 386, 387, 388, 0,
    0, 0, 0, 0, 0, 0, 0, 0, 0, 0, 0, 0, 0, 0, 0, 0, 0, 0, 0, 0,
    0, 0, 0, 0, 292, 261, 1245, 1256, 1257, 0, 0, 540, 542, 0, 0, 0, 0, 0, 0, 0,
    248, 249, 236, 211, 212, 229, 230, 218, 0, 0, 0, 0, 0, 0, 0, 0, 0, 0, 0, 0,
    0, 0, 0, 0, 0, 0, 576, 577, 693, 692, 692, 693, 692, 590, 591, 590, 591, 590, 646, 678,
    0, 0, 0, 0, 0, 0, 0, 0, 0, 0, 0, 0, 0, 0, 0, 0, 0, 0, 0, 0,
    0, 0, 262, 0, 0, 0, 0, 0, 0, 0, 0, 262, 274, 307, 1260, 1229, 0, 0, 0, 0,
    0, 0, 0, 0, 307, 1260, 1229, 0, 0, 0, 0, 0, 0, 0, 0, 310, 311, 312, 260, 261,
    270, 271, 1244, 1245, 1242, 1275, 0, 0, 0, 0, 0, 0, 0, 0, 0, 0, 0, 0, 0, 0,
    0, 385, 386, 417, 418, 419, 420, 387, 388, 0, 0, 0, 0, 0, 0, 0, 0, 0, 0, 0,
    0, 0, 0, 0, 0, 0, 0, 0, 0, 0, 272, 273, 267, 268, 1238, 1239, 0, 0, 0, 575,
    574, 562, 0, 0, 0, 0, 0, 207, 208, 209, 210, 211, 212, 205, 206, 192, 218, 0, 0, 0,
    0, 0, 0, 0, 0, 0, 0, 0, 0, 0, 0, 0, 576, 577, 692, 693, 692, 693, 692, 692,
    693, 591, 590, 591, 590, 591, 590, 591, 646, 678, 0, 0, 0, 0, 0, 0, 0, 0, 0, 0,
    0, 0, 0, 0, 0, 0, 0, 0, 0, 0, 294, 0, 0, 0, 0, 0, 0, 0, 0, 294,
    274, 275, 1260, 1229, 0, 0, 0, 0, 0, 0, 0, 0, 0, 0, 0, 0, 0, 0, 0, 0,
    0, 0, 0, 0, 0, 257, 258, 302, 303, 303, 1276, 1277, 1245, 1246, 1234, 0, 0, 0, 0, 0,
    0, 0, 0, 0, 0, 0, 0, 385, 386, 417, 418, 417, 418, 419, 420, 419, 420, 387, 388, 0,
    0, 0, 0, 0, 0, 0, 0, 0, 0, 0, 0, 0, 0, 359, 360, 361, 362, 359, 304, 305,
    299, 300, 1270, 1271, 1272, 363, 0, 543, 478, 478, 0, 0, 0, 0, 0, 239, 240, 241, 242, 243,
    244, 237, 238, 225, 250, 0, 0, 0, 0, 0, 0, 0, 0, 0, 0, 0, 0, 0, 0, 0,
    693, 692, 693, 692, 693, 692, 692, 693, 692, 590, 591, 590, 591, 590, 591, 590, 591, 590, 0, 0,
    0, 0, 0, 0, 0, 0, 0, 0, 0, 0, 0, 0, 0, 0, 0, 0, 0, 260, 1268, 1234,
    0, 0, 0, 0, 0, 0, 260, 1268, 1234, 307, 1228, 1229, 0, 0, 0, 0, 0, 0, 0, 0,
    0, 0, 0, 0, 0, 0, 0, 0, 0, 0, 0, 0, 0, 288, 290, 260, 261, 261, 1264, 1265,
    1277, 1278, 1224, 1225, 0, 0, 0, 0, 0, 0, 0, 0, 0, 385, 386, 417, 418, 417, 418, 417,
    418, 419, 420, 419, 420, 419, 420, 387, 388, 0, 0, 0, 0, 0, 0, 0, 0, 0, 0, 0,
    0, 0, 0, 0, 0, 0, 257, 258, 259, 1236, 1237, 1238, 1239, 0, 0, 543, 510, 510, 0, 0,
    0, 0, 0, 0, 216, 217, 204, 209, 202, 203, 204, 210, 211, 199, 200, 0, 0, 0, 0, 0,
    0, 0, 0, 0, 0, 0, 0, 0, 692, 693, 692, 693, 692, 693, 692, 692, 693, 591, 590, 591,
    590, 591, 590, 591, 590, 591, 0, 0, 0, 0, 0, 0, 0, 0, 0, 0, 0, 0, 0, 0,
    0, 0, 0, 0, 0, 292, 261, 1245, 1256, 1257, 0, 0, 0, 0, 292, 261, 1245, 1256, 1257, 0,
    0, 0, 0, 0, 0, 0, 0, 0, 0, 0, 0, 0, 0, 0, 0, 0, 0, 0, 0, 0,
    264, 265, 266, 258, 259, 267, 1232, 1233, 1244, 1232, 1233, 1239, 0, 0, 0, 0, 0, 0, 0, 385,
    386, 417, 418, 417, 418, 417, 418, 417, 418, 419, 420, 419, 420, 419, 420, 419, 420, 387, 388, 0,
    0, 0, 0, 0, 0, 0, 0, 0, 0, 0, 0, 0, 0, 288, 289, 290, 291, 1268, 1269, 1270,
    1271, 1272, 0, 0, 0, 0, 0, 0, 0, 0, 0, 201, 202, 203, 237, 660, 660, 660, 660, 660,
    660, 660, 660, 660, 660, 660, 660, 660, 660, 660, 660, 660, 660, 660, 660, 660, 693, 692, 693, 692,
    693, 692, 692, 693, 692, 590, 591, 590, 591, 590, 591, 590, 591, 590, 0, 0, 0, 0, 0, 0,
    0, 0, 0, 0, 0, 0, 0, 0, 0, 0, 0, 272, 273, 267, 268, 1238, 1239, 0, 0, 0,
    272, 273, 267, 268, 1238, 1239, 0, 0, 0, 0, 0, 0, 0, 0, 0, 0, 0, 0, 0, 0,
    0, 0, 0, 0, 0, 0, 0, 295, 296, 297, 298, 290, 291, 299, 1264, 1265, 1266, 1264, 1265, 1271,
    1272, 0, 0, 0, 0, 385, 386, 417, 418, 417, 418, 417, 418, 417, 418, 417, 418, 419, 420, 419,
    420, 419, 420, 419, 420, 419, 420, 387, 388, 0, 0, 0, 0, 0, 0, 0, 0, 0, 0, 0,
    0, 269, 270, 271, 267, 268, 1233, 1232, 1233, 1230, 1231, 0, 0, 0, 0, 0, 0, 0, 0, 196,
    234, 235, 236, 660, 660, 660, 660, 660, 660, 660, 660, 660, 660, 660, 660, 660, 660, 660, 660, 660,
    660, 660, 660, 660, 692, 693, 692, 693, 692, 693, 693, 692, 693, 591, 590, 591, 590, 591, 590, 591,
    590, 591, 0, 0, 0, 0, 0, 0, 0, 0, 0, 0, 0, 0, 0, 0, 0, 0, 0, 304,
    305, 299, 300, 1270, 1271, 1272, 0, 0, 304, 305, 299, 300, 1270, 1271, 1272, 0, 0, 0, 0, 0,
    0, 0, 0, 0, 0, 0, 0, 0, 0, 0, 0, 0, 0, 0, 0, 0, 269, 270, 271, 266,
    267, 268, 1268, 1242, 1265, 1266, 1224, 1225, 0, 0, 0, 0, 0, 417, 418, 417, 418, 417, 418, 417,
    418, 417, 418, 417, 418, 419, 420, 419, 420, 419, 420, 419, 420, 419, 420, 419, 420, 0, 0, 0,
    0, 0, 0, 0, 0, 0, 0, 0, 256, 301, 302, 303, 299, 300, 1265, 1264, 1265, 1262, 1263, 0,
    0, 0, 0, 0, 0, 0, 0, 228, 245, 209, 210, 660, 660, 660, 660, 660, 660, 660, 660, 660,
    660, 660, 660, 660, 660, 660, 660, 660, 660, 660, 660, 660, 693, 692, 693, 692, 693, 692, 692, 693,
    692, 590, 591, 590, 591, 590, 591, 590, 591, 590, 0, 0, 0, 0, 0, 0, 0, 0, 0, 0,
    0, 0, 0, 0, 0, 0, 0, 257, 258, 259, 1236, 1237, 1238, 1239, 0, 0, 257, 258, 259, 1236,
    1237, 1238, 1239, 0, 0, 0, 0, 0, 0, 0, 0, 0, 0, 0, 0, 0, 0, 0, 0, 0,
    0, 0, 0, 256, 301, 302, 303, 298, 299, 300, 1235, 1235, 1236, 1237, 1238, 1239, 0, 0, 0, 0,
    0, 417, 418, 417, 418, 417, 418, 417, 418, 417, 418, 417, 418, 419, 420, 419, 420, 419, 420, 419,
    420, 419, 420, 419, 420, 0, 0, 0, 0, 0, 0, 0, 0, 0, 0, 310, 311, 312, 260, 261,
    270, 271, 1244, 1245, 1242, 1275, 0, 0, 0, 0, 0, 0, 0, 0, 0, 201, 220, 219, 220, 600,
    600, 600, 600, 600, 600, 600, 600, 600, 600, 600, 600, 600, 600, 600, 600, 600, 600, 600, 600, 601,
    692, 693, 692, 693, 692, 693, 693, 692, 693, 591, 590, 591, 590, 591, 590, 591, 590, 591, 0, 0,
    0, 0, 0, 0, 0, 0, 0, 0, 0, 0, 0, 0, 0, 0, 288, 289, 290, 291, 1268, 1269,
    1270, 1271, 1272, 288, 289, 290, 291, 1268, 1269, 1270, 1271, 1272, 0, 0, 0, 0, 0, 0, 0, 0,
    0, 0, 0, 0, 0, 0, 0, 0, 0, 0, 264, 265, 271, 265, 266, 267, 268, 300, 1267, 1267,
    1268, 1269, 1270, 1271, 1272, 0, 0, 0, 0, 417, 418, 417, 418, 417, 418, 417, 418, 417, 418, 417,
    418, 419, 420, 419, 420, 419, 420, 419, 420, 419, 420, 419, 420, 0, 0, 0, 0, 0, 0, 0,
    0, 0, 0, 0, 0, 257, 258, 302, 303, 303, 1276, 1277, 1245, 1246, 1234, 0, 0, 0, 0, 0,
    0, 0, 0, 0, 251, 233, 252, 600, 600, 600, 600, 600, 600, 600, 600, 600, 600, 600, 600, 600,
    600, 600, 600, 600, 600, 600, 600, 601, 0, 0, 0, 0, 0, 0, 0, 0, 0, 0, 0, 0,
    0, 0, 0, 0, 0, 0, 0, 0, 0, 0, 0, 0, 0, 0, 0, 0, 0, 0, 0, 0,
    0, 0, 269, 270, 271, 267, 268, 1233, 1232, 1233, 1230, 269, 270, 271, 267, 268, 1233, 1232, 1233, 1230,
    1231, 0, 0, 0, 0, 0, 0, 0, 0, 0, 0, 0, 0, 0, 0, 0, 0, 295, 296, 302,
    303, 297, 298, 299, 300, 1235, 1236, 1237, 1236, 1237, 1238, 1243, 1257, 0, 0, 0, 0, 417, 418, 417,
    418, 417, 418, 417, 418, 417, 418, 417, 418, 419, 420, 419, 420, 419, 420, 419, 420, 419, 420, 419,
    420, 0, 0, 0, 0, 0, 0, 0, 0, 0, 0, 0, 0, 288, 290, 260, 261, 261, 1264, 1265,
    1277, 1278, 1224, 1225, 0, 0, 0, 0, 0, 0, 0, 0, 0, 0, 213, 600, 600, 600, 600, 600,
    600, 600, 600, 600, 600, 600, 600, 600, 600, 600, 600, 600, 600, 600, 600, 601, 0, 0, 0, 0,
    0, 0, 0, 0, 0, 0, 0, 0, 0, 0, 0, 0, 0, 0, 413, 562, 0, 0, 0, 0,
    0, 0, 0, 0, 0, 0, 0, 0, 0, 256, 301, 302, 303, 299, 300, 1265, 1264, 1265, 256, 301,
    302, 303, 299, 300, 1265, 1264, 1265, 1262, 1263, 0, 0, 0, 0, 0, 0, 0, 0, 0, 0, 0,
    0, 0, 0, 0, 0, 310, 311, 312, 293, 302, 303, 258, 259, 1267, 1268, 1269, 1270, 1236, 1242, 1275,
    0, 0, 0, 0, 0, 417, 418, 417, 418, 417, 418, 417, 418, 417, 418, 467, 468, 469, 470, 419,
    420, 419, 420, 419, 420, 419, 420, 419, 420, 0, 0, 0, 0, 0, 0, 0, 0, 0, 0, 0,
    264, 265, 266, 258, 259, 267, 1232, 1233, 1244, 1232, 1233, 1239, 0, 0, 0, 0, 0, 0, 0, 0,
    0, 0, 0, 600, 600, 600, 600, 600, 600, 600, 600, 600, 600, 600, 600, 600, 600, 600, 600, 600,
    600, 600, 600, 601, 0, 0, 0, 0, 0, 0, 0, 0, 0, 0, 0, 0, 0, 0, 0, 0,
    0, 0, 478, 478, 413, 414, 562, 0, 0, 0, 0, 0, 0, 0, 0, 0, 310, 311, 312, 260,
    261, 270, 271, 1244, 1245, 1264, 311, 312, 260, 261, 270, 271, 1244, 1245, 1242, 1275, 0, 0, 0, 0,
    0, 0, 0, 0, 0, 0, 0, 0, 0, 0, 0, 0, 0, 0, 0, 0, 310, 311, 312, 270,
    271, 261, 1236, 1237, 1267, 1268, 1242, 1274, 0, 0, 0, 0, 0, 417, 418, 417, 418, 417, 418, 417,
    418, 467, 468, 499, 500, 501, 502, 469, 470, 419, 420, 419, 420, 419, 420, 419, 420, 0, 0, 0,
    0, 0, 0, 0, 0, 0, 0, 295, 296, 297, 298, 290, 291, 299, 1264, 1265, 1266, 1264, 1265, 1271,
    1272, 0, 0, 0, 0, 0, 0, 0, 0, 0, 0, 600, 600, 600, 600, 600, 600, 600, 600, 600,
    600, 600, 600, 600, 600, 600, 600, 600, 600, 600, 600, 601, 0, 0, 0, 0, 0, 0, 0, 0,
    0, 0, 0, 0, 0, 0, 0, 0, 0, 0, 0, 0, 0, 0, 0, 0, 0, 0, 0, 0,
    0, 0, 0, 0, 0, 0, 257, 258, 302, 303, 303, 1276, 1277, 1245, 1256, 1257, 260, 302, 303, 303,
    1276, 1277, 1245, 1246, 1234, 0, 0, 0, 0, 0, 0, 0, 0, 0, 0, 0, 0, 0, 0, 0,
    0, 0, 0, 0, 0, 0, 278, 302, 303, 261, 1232, 1233, 1271, 1239, 0, 0, 0, 0, 0, 0,
    0, 417, 418, 417, 418, 417, 418, 467, 468, 499, 500, 0, 0, 0, 0, 501, 502, 469, 470, 419,
    420, 419, 420, 419, 420, 0, 0, 0, 0, 0, 0, 0, 0, 0, 0, 0, 269, 270, 271, 266,
    267, 268, 1268, 1242, 1265, 1266, 1224, 1225, 0, 0, 0, 0, 0, 0, 0, 0, 0, 0, 0, 600,
    600, 600, 600, 600, 600, 600, 600, 600, 600, 600, 600, 600, 600, 600, 600, 600, 600, 600, 600, 601,
    0, 0, 0, 0, 0, 0, 0, 0, 0, 0, 0, 0, 0, 0, 0, 0, 0, 0, 0, 0,
    0, 0, 0, 0, 0, 0, 0, 0, 0, 0, 0, 0, 0, 0, 288, 290, 260, 261, 261, 1264,
    1265, 1277, 1278, 288, 290, 260, 261, 261, 1264, 1265, 1277, 1278, 1224, 1225, 0, 0, 0, 0, 0, 0,
    0, 0, 0, 0, 0, 0, 0, 0, 0, 0, 0, 0, 0, 0, 310, 311, 312, 291, 1264, 1265,
    1256, 1257, 0, 0, 0, 0, 0, 0, 0, 418, 418, 417, 418, 467, 468, 499, 500, 0, 0, 0,
    0, 0, 0, 0, 0, 501, 502, 469, 470, 419, 420, 419, 420, 0, 0, 0, 0, 0, 0, 0,
    0, 0, 0, 256, 301, 302, 303, 298, 299, 300, 1235, 1235, 1236, 1237, 1238, 1239, 0, 0, 0, 0,
    0, 0, 0, 0, 0, 0, 0, 600, 600, 600, 600, 600, 600, 600, 600, 600, 600, 600, 600, 600,
    600, 600, 600, 600, 600, 600, 600, 601, 0, 0, 0, 0, 0, 0, 0, 0, 0, 0, 0, 0,
    0, 0, 0, 0, 0, 0, 0, 0, 0, 0, 0, 0, 0, 0, 0, 0, 0, 0, 0, 0,
    0, 264, 265, 266, 258, 259, 267, 1232, 1233, 259, 267, 1232, 1233, 258, 259, 267, 1232, 1233, 1244, 1232,
    1233, 1239, 0, 0, 0, 0, 0, 0, 0, 0, 0, 0, 0, 0, 0, 0, 0, 0, 0, 0,
    0, 0, 0, 0, 306, 275, 1226, 1261, 0, 0, 0, 0, 0, 0, 0, 0, 0, 417, 418, 467,
    468, 499, 500, 0, 0, 0, 0, 0, 0, 0, 0, 0, 0, 0, 0, 501, 502, 469, 470, 419,
    420, 0, 0, 0, 0, 0, 0, 0, 0, 0, 264, 265, 271, 265, 266, 267, 268, 300, 1267, 1267,
    1268, 1269, 1270, 1271, 1272, 0, 0, 0, 0, 0, 0, 0, 0, 0, 0, 0, 0, 0, 0, 0,
    0, 0, 0, 0, 0, 0, 0, 0, 0, 0, 0, 0, 0, 0, 0, 0, 0, 0, 0, 0,
    0, 0, 0, 0, 0, 0, 0, 0, 0, 0, 0, 0, 0, 0, 0, 0, 0, 0, 0, 0,
    0, 0, 0, 0, 0, 0, 0, 0, 295, 296, 297, 298, 290, 291, 299, 1264, 1265, 291, 299, 1264,
    1265, 290, 291, 299, 1264, 1265, 1266, 1264, 1265, 1271, 1272, 0, 0, 0, 0, 0, 0, 0, 0, 0,
    0, 0, 0, 0, 0, 0, 0, 0, 0, 0, 0, 0, 274, 307, 1260, 1229, 0, 0, 0, 0,
    0, 0, 0, 0, 0, 467, 468, 499, 500, 0, 0, 0, 0, 0, 0, 0, 0, 0, 0, 0,
    0, 0, 0, 0, 0, 501, 502, 469, 470, 0, 0, 0, 0, 0, 0, 0, 0, 295, 296, 302,
    303, 297, 298, 299, 300, 1235, 1236, 1237, 1236, 1237, 1238, 1243, 1257, 0, 0, 0, 0, 0, 0, 0,
    0, 0, 0, 0, 0, 0, 0, 0, 0, 0, 0, 0, 0, 0, 0, 0, 0, 0, 0, 0,
    0, 0, 0, 0, 0, 0, 0, 0, 0, 0, 0, 0, 0, 0, 0, 0, 0, 0, 0, 0,
    0, 0, 0, 0, 0, 0, 0, 0, 0, 0, 0, 0, 0, 0, 0, 0, 0, 269, 270, 271,
    266, 267, 268, 1268, 1242, 267, 268, 1268, 1242, 266, 267, 268, 1268, 1242, 1265, 1266, 1224, 1225, 0, 0,
    0, 0, 0, 0, 0, 0, 0, 0, 0, 0, 0, 0, 0, 0, 0, 0, 0, 0, 0, 0,
    274, 275, 1260, 1229, 0, 0, 0, 0, 0, 0, 0, 0, 0, 499, 500, 0, 0, 0, 0, 0,
    0, 0, 0, 0, 0, 0, 0, 0, 0, 0, 0, 0, 0, 0, 0, 501, 502, 0, 0, 0,
    0, 0, 0, 0, 0, 310, 311, 312, 293, 302, 303, 258, 259, 1267, 1268, 1269, 1270, 1236, 1242, 1275,
    0, 0, 0, 0, 0, 0, 0, 0, 0, 0, 0, 0, 0, 0, 0, 0, 0, 0, 0, 0,
    0, 0, 0, 0, 0, 0, 0, 0, 0, 0, 0, 0, 0, 0, 0, 0, 0, 0, 0, 0,
    0, 0, 0, 0, 0, 0, 0, 0, 0, 0, 0, 0, 0, 0, 0, 0, 0, 0, 0, 0,
    0, 0, 0, 0, 256, 301, 302, 303, 298, 299, 300, 259, 267, 1232, 1233, 302, 259, 267, 1232, 1233,
    1235, 1235, 1236, 1237, 1238, 1239, 0, 0, 0, 0, 0, 0, 0, 0, 0, 0, 0, 0, 0, 0,
    0, 0, 0, 0, 0, 0, 0, 0, 306, 307, 1228, 262, 0, 0, 0, 0, 0, 0, 0, 0,
    0, 0, 0, 0, 0, 0, 0, 0, 0, 0, 0, 0, 0, 0, 0, 0, 0, 0, 0, 0,
    0, 0, 0, 0, 0, 0, 0, 0, 0, 0, 0, 0, 0, 0, 0, 0, 310, 311, 312, 270,
    271, 261, 1236, 1237, 1267, 1268, 1242, 1274, 0, 0, 0, 0, 0, 0, 0, 0, 0, 0, 0, 0,
    0, 0, 0, 0, 0, 0, 0, 0, 0, 0, 0, 0, 0, 0, 0, 0, 0, 0, 0, 0,
    0, 0, 0, 0, 0, 0, 0, 0, 0, 0, 0, 0, 0, 0, 0, 0, 0, 0, 0, 0,
    0, 0, 0, 0, 0, 0, 0, 0, 0, 0, 0, 264, 265, 271, 265, 266, 267, 268, 300, 291,
    299, 1264, 1265, 265, 291, 299, 1264, 1265, 1267, 1267, 1268, 1269, 1270, 1271, 1272, 0, 0, 0, 0, 0,
    0, 0, 0, 0, 0, 0, 0, 0, 0, 0, 0, 0, 0, 0, 0, 0, 0, 0, 0, 294,
    0, 0, 0, 0, 0, 0, 0, 0, 0, 0, 0, 0, 0, 0, 0, 0, 0, 0, 0, 0,
    0, 0, 0, 0, 0, 0, 0, 0, 0, 0, 0, 0, 0, 0, 0, 0, 0, 0, 0, 0,
    0, 0, 0, 0, 0, 0, 278, 302, 303, 261, 1232, 1233, 1271, 1239, 0, 0, 0, 0, 0, 0,
    0, 0, 0, 0, 0, 0, 0, 0, 0, 0, 0, 0, 0, 0, 0, 0, 0, 0, 0, 0,
    0, 0, 0, 0, 0, 0, 0, 0, 0, 0, 0, 0, 0, 0, 0, 0, 0, 0, 0, 0,
    0, 0, 0, 0, 0, 0, 0, 0, 0, 0, 0, 0, 0, 0, 0, 0, 0, 0, 295, 296,
    302, 303, 297, 298, 299, 300, 1235, 267, 268, 1268, 1242, 297, 267, 268, 1268, 1242, 1236, 1237, 1236, 1237,
    1238, 1243, 1257, 0, 0, 0, 0, 0, 0, 0, 0, 0, 0, 0, 0, 0, 0, 0, 0, 0,
    0, 0, 0, 0, 0, 0, 260, 1268, 1234, 0, 0, 0, 0, 0, 0, 0, 0, 0, 0, 0,
    0, 0, 0, 0, 0, 0, 0, 0, 0, 0, 0, 0, 0, 0, 0, 0, 0, 0, 0, 0,
    0, 0, 0, 0, 0, 0, 0, 0, 0, 0, 0, 0, 0, 0, 310, 311, 312, 291, 1264, 1265,
    1256, 1257, 0, 0, 0, 0, 0, 0, 0, 0, 0, 0, 0, 0, 0, 0, 0, 0, 0, 0,
    0, 0, 0, 0, 0, 0, 0, 0, 0, 0, 0, 0, 0, 0, 0, 0, 0, 0, 0, 0,
    0, 0, 0, 0, 0, 0, 0, 0, 0, 0, 0, 0, 0, 0, 0, 0, 0, 0, 0, 0,
    0, 0, 0, 0, 0, 0, 310, 311, 312, 293, 302, 303, 258, 259, 1267, 259, 267, 1232, 1233, 302,
    303, 258, 259, 1267, 1268, 1269, 1270, 1236, 1242, 1275, 0, 0, 0, 0, 0, 0, 0, 0, 0, 0,
    0, 0, 0, 0, 0, 0, 0, 0, 0, 0, 0, 0, 0, 0, 292, 261, 1245, 1256, 1257, 0,
    0, 0, 0, 0, 0, 0, 0, 0, 0, 0, 0, 0, 0, 0, 0, 0, 0, 0, 0, 0,
    0, 0, 0, 0, 0, 0, 0, 0, 0, 0, 0, 0, 0, 0, 0, 0, 0, 0, 0, 0,
    0, 0, 0, 0, 306, 275, 1226, 1261, 0, 0, 0, 0, 0, 0, 0, 0, 0, 0, 0, 0,
    0, 0, 0, 0, 0, 0, 0, 0, 0, 0, 0, 0, 0, 0, 0, 0, 0, 0, 0, 0,
    0, 0, 0, 0, 0, 0, 0, 0, 0, 0, 0, 0, 0, 0, 0, 0, 0, 0, 0, 0,
    0, 0, 0, 0, 0, 0, 0, 0, 0, 0, 0, 0, 0, 0, 0, 0, 0, 310, 311, 312,
    270, 271, 261, 291, 299, 1264, 1265, 311, 312, 270, 271, 261, 1236, 1237, 1267, 1268, 1242, 1274, 0, 0,
    0, 0, 0, 272, 0, 0, 0, 0, 0, 0, 0, 0, 0, 0, 0, 0, 0, 0, 0, 0,
    272, 273, 267, 268, 1238, 1239, 0, 0, 0, 0, 0, 0, 0, 0, 0, 0, 0, 0, 0, 0,
    0, 0, 0, 0, 0, 0, 0, 0, 0, 0, 0, 0, 0, 0, 0, 0, 0, 0, 0, 0,
    0, 0, 0, 0, 0, 0, 0, 0, 0, 0, 0, 0, 274, 307, 1260, 1229, 0, 0, 0, 0,
    0, 0, 0, 0, 0, 0, 0, 0, 0, 0, 0, 0, 0, 0, 0, 0, 0, 0, 0, 0,
    0, 0, 0, 0, 0, 0, 0, 0, 0, 0, 0, 0, 0, 0, 0, 0, 0, 0, 0, 0,
    0, 0, 0, 0, 0, 0, 0, 0, 0, 0, 0, 0, 0, 0, 0, 0, 0, 0, 0, 0,
    0, 0, 0, 0, 0, 0, 0, 278, 302, 303, 261, 267, 268, 1268, 1239, 0, 262, 302, 303, 261,
    1232, 1233, 1271, 1239, 0, 0, 0, 0, 0, 0, 0, 304, 0, 0, 0, 0, 0, 0, 0, 0,
    0, 0, 0, 0, 0, 0, 0, 0, 304, 305, 299, 300, 1270, 1271, 1272, 0, 0, 0, 0, 0,
    0, 0, 0, 0, 0, 0, 0, 0, 0, 0, 0, 0, 0, 0, 0, 0, 0, 0, 0, 0,
    0, 0, 0, 262, 0, 0, 0, 0, 0, 0, 0, 0, 0, 0, 0, 0, 0, 0, 0, 0,
    274, 275, 1260, 1229, 0, 0, 0, 0, 0, 0, 0, 0, 0, 0, 0, 0, 0, 0, 0, 0,
    0, 0, 0, 0, 0, 0, 0, 0, 0, 0, 0, 0, 0, 0, 0, 0, 0, 0, 0, 0,
    0, 0, 0, 0, 0, 0, 0, 0, 0, 0, 0, 0, 0, 0, 0, 0, 0, 0, 0, 0,
    0, 0, 0, 0, 0, 0, 0, 0, 0, 0, 0, 0, 0, 0, 0, 310, 311, 312, 291, 1264,
    1265, 1256, 1257, 0, 294, 311, 312, 291, 1264, 1265, 1256, 1257, 0, 0, 0, 0, 0, 0, 0, 257,
    0, 0, 0, 0, 0, 0, 0, 0, 0, 0, 0, 0, 0, 0, 0, 0, 257, 258, 259, 1236,
    1237, 1238, 1239, 0, 0, 0, 0, 0, 0, 0, 0, 0, 0, 0, 0, 0, 0, 0, 0, 0,
    0, 0, 0, 0, 0, 0, 0, 0, 0, 0, 0, 294, 0, 0, 0, 0, 0, 0, 0, 0,
    0, 0, 0, 0, 0, 0, 0, 0, 306, 307, 1228, 1229, 0, 0, 0, 0, 0, 0, 0, 0,
    0, 0, 0, 0, 0, 0, 0, 0, 0, 0, 0, 0, 0, 0, 0, 0, 0, 0, 0, 0,
    0, 0, 0, 0, 0, 0, 0, 0, 0, 0, 0, 0, 0, 0, 0, 0, 0, 0, 0, 0,
    0, 0, 0, 0, 0, 0, 0, 0, 0, 0, 0, 0, 0, 0, 0, 0, 0, 0, 0, 0,
    0, 0, 0, 0, 0, 306, 275, 1226, 1261, 0, 0, 260, 1268, 1234, 306, 275, 1226, 1261, 0, 0,
    0, 0, 0, 0, 0, 0, 288, 289, 0, 0, 0, 0, 0, 0, 0, 0, 0, 0, 0, 0,
    0, 0, 0, 288, 289, 290, 291, 1268, 1269, 1270, 1271, 1272, 0, 0, 0, 0, 0, 0, 0, 0,
    0, 0, 0, 0, 0, 0, 0, 0, 0, 0, 0, 0, 0, 0, 0, 0, 0, 0, 260, 1268,
    1234, 0, 0, 0, 0, 0, 0, 0, 0, 0, 0, 0, 294, 0, 0, 0, 0, 0, 0, 0,
    0, 0, 0, 0, 0, 0, 0, 0, 0, 0, 0, 0, 0, 0, 0, 0, 0, 0, 0, 0,
    0, 0, 0, 0, 0, 0, 0, 0, 0, 0, 0, 0, 0, 0, 0, 0, 0, 0, 0, 0,
    0, 0, 0, 0, 0, 0, 0, 0, 0, 0, 0, 0, 0, 0, 0, 0, 0, 0, 0, 0,
    0, 0, 0, 0, 0, 0, 0, 0, 0, 0, 0, 0, 0, 274, 307, 1260, 1229, 0, 0, 292,
    261, 1245, 1256, 307, 1260, 0, 0, 0, 0, 0, 0, 0, 0, 0, 269, 270, 0, 0, 0, 0,
    0, 0, 0, 0, 0, 0, 0, 0, 0, 0, 0, 269, 270, 271, 267, 268, 1233, 1232, 1233, 1230,
    1231, 0, 0, 0, 0, 0, 0, 0, 0, 0, 0, 0, 0, 0, 0, 0, 0, 0, 0, 0,
    0, 0, 0, 0, 0, 0, 292, 261, 1245, 1256, 1257, 0, 0, 0, 0, 0, 0, 0, 0, 260,
    1268, 1234, 0, 0, 0, 0, 0, 0, 0, 0, 0, 0, 0, 0, 0, 0, 0, 0, 0, 0,
    0, 0, 0, 0, 0, 0, 0, 0, 0, 0, 0, 0, 0, 0, 0, 0, 0, 0, 0, 0,
    0, 0, 0, 0, 0, 0, 0, 0, 0, 0, 0, 0, 0, 0, 0, 0, 0, 0, 0, 0,
    0, 0, 0, 0, 0, 0, 0, 0, 0, 0, 0, 0, 0, 0, 0, 0, 0, 0, 0, 0,
    0, 274, 275, 1260, 1229, 272, 273, 267, 268, 1238, 1239, 275, 1260, 0, 0, 0, 0, 0, 0, 0,
    0, 256, 301, 302, 0, 0, 0, 0, 0, 0, 0, 0, 0, 0, 0, 0, 0, 0, 256, 301,
    302, 303, 299, 300, 1265, 1264, 1265, 1262, 1263, 0, 0, 0, 0, 0, 0, 0, 0, 0, 0, 0,
    0, 0, 0, 0, 0, 0, 0, 0, 0, 0, 0, 0, 272, 273, 267, 268, 1238, 1239, 0, 0,
    0, 0, 0, 0, 0, 0, 0, 292, 261, 1245, 1256, 1257, 0, 0, 0, 0, 0, 0, 0, 0,
    0, 0, 0, 0, 0, 0, 0, 0, 0, 0, 0, 0, 0, 0, 0, 0, 0, 0, 0, 0,
    0, 0, 0, 0, 0, 0, 0, 0, 0, 0, 0, 0, 0, 0, 0, 0, 0, 0, 0, 0,
    0, 0, 0, 0, 0, 0, 0, 0, 0, 0, 0, 0, 0, 0, 0, 0, 0, 0, 0, 0,
    0, 0, 0, 0, 0, 0, 0, 0, 0, 306, 307, 1228, 1229, 304, 305, 299, 300, 1270, 1271, 307,
    1228, 0, 0, 0, 0, 0, 0, 0, 310, 311, 312, 260, 0, 0, 0, 0, 0, 0, 0, 0,
    0, 0, 0, 0, 0, 310, 311, 312, 260, 261, 270, 271, 1244, 1245, 1242, 1275, 0, 0, 0, 0,
    0, 0, 0, 0, 0, 0, 0, 0, 0, 0, 0, 0, 0, 0, 0, 0, 0, 0, 0, 0,
    304, 305, 299, 300, 1270, 1271, 1272, 0, 0, 0, 0, 0, 0, 272, 273, 267, 268, 1238, 1239, 0,
    0, 0, 0, 0, 0, 0, 0, 0, 0, 0, 0, 0, 0, 0, 0, 0, 0, 0, 0, 0,
    0, 0, 0, 0, 0, 0, 0, 0, 0, 0, 0, 0, 0, 0, 0, 0, 0, 0, 0, 0,
    0, 0, 0, 0, 0, 0, 0, 0, 0, 0, 0, 0, 0, 0, 0, 0, 0, 0, 0, 0,
    0, 0, 0, 0, 0, 0, 0, 0, 0, 0, 0, 0, 0, 0, 0, 0, 0, 0, 0, 0,
    0, 257, 258, 259, 1236, 1237, 1238, 1239, 0, 0, 0, 0, 0, 0, 0, 0, 0, 0, 257, 258,
    0, 0, 0, 0, 0, 0, 0, 0, 0, 0, 0, 0, 0, 0, 0, 257, 258, 302, 303, 303,
    1276, 1277, 1245, 1246, 1234, 0, 0, 0, 358, 359, 360, 361, 362, 363, 0, 0, 0, 0, 0, 0,
    0, 0, 0, 0, 0, 0, 0, 0, 257, 258, 259, 1236, 1237, 1238, 1239, 0, 0, 0, 0, 0,
    0, 304, 305, 299, 300, 1270, 1271, 1272, 0, 0, 0, 0, 0, 0, 0, 0, 0, 0, 0, 0,
    0, 0, 0, 0, 0, 0, 0, 0, 0, 0, 0, 0, 0, 0, 0, 0, 0, 0, 0, 0,
    0, 0, 0, 0, 0, 0, 0, 0, 0, 0, 0, 0, 0, 0, 0, 0, 0, 0, 0, 0,
    0, 0, 0, 0, 0, 0, 0, 0, 0, 0, 0, 0, 0, 0, 0, 0, 0, 0, 0, 0,
    0, 0, 0, 0, 0, 0, 0, 0, 288, 289, 290, 291, 1268, 1269, 1270, 1271, 1272, 0, 0, 0,
    0, 0, 0, 0, 0, 0, 288, 290, 0, 0, 0, 0, 0, 0, 0, 0, 0, 0, 0, 0,
    0, 0, 0, 288, 290, 260, 261, 261, 1264, 1265, 1277, 1278, 1224, 1225, 0, 0, 0, 0, 0, 0,
    0, 0, 0, 0, 0, 0, 0, 0, 0, 0, 0, 0, 0, 0, 0, 288, 289, 290, 291, 1268,
    1269, 1270, 1271, 1272, 0, 0, 0, 0, 0, 257, 258, 259, 1236, 1237, 1238, 1239, 0, 0, 0, 0,
    0, 0, 0, 0, 0, 0, 0, 0, 0, 0, 0, 0, 0, 0, 0, 0, 0, 0, 0, 0,
    0, 0, 0, 0, 0, 0, 0, 0, 0, 0, 0, 0, 0, 0, 0, 0, 0, 0, 0, 0,
    0, 0, 0, 0, 0, 0, 0, 0, 0, 0, 0, 0, 0, 0, 0, 0, 0, 0, 0, 0,
    0, 0, 0, 0, 0, 0, 0, 0, 0, 0, 0, 0, 0, 0, 0, 0, 269, 270, 271, 267,
    268, 1233, 1232, 1233, 1230, 1231, 0, 0, 0, 0, 0, 0, 0, 264, 265, 266, 0, 0, 0, 0,
    0, 0, 0, 0, 0, 0, 0, 0, 0, 0, 264, 265, 266, 258, 259, 267, 1232, 1233, 1244, 1232,
    1233, 1239, 0, 0, 0, 0, 0, 0, 0, 0, 0, 0, 0, 0, 1181, 196, 194, 195, 0, 0,
    0, 0, 0, 269, 270, 271, 267, 268, 1233, 1232, 1233, 1230, 1231, 0, 0, 0, 288, 289, 290, 291,
    1268, 1269, 1270, 1271, 1272, 0, 0, 0, 0, 0, 0, 0, 0, 0, 0, 0, 0, 0, 0, 0,
    0, 0, 0, 0, 0, 0, 0, 0, 0, 0, 0, 0, 0, 0, 0, 0, 0, 0, 0, 0,
    0, 0, 0, 0, 0, 0, 0, 0, 0, 0, 0, 0, 0, 0, 0, 0, 0, 0, 0, 0,
    0, 0, 0, 0, 0, 0, 0, 0, 0, 0, 0, 0, 0, 0, 0, 0, 0, 0, 0, 0,
    0, 0, 0, 256, 301, 302, 303, 299, 300, 1265, 1264, 1265, 1262, 1263, 0, 0, 0, 0, 0, 0,
    295, 296, 297, 298, 0, 0, 0, 0, 0, 0, 0, 0, 0, 0, 0, 0, 0, 295, 296, 297,
    298, 290, 291, 299, 1264, 1265, 1266, 1264, 1265, 1271, 1272, 0, 0, 0, 0, 0, 0, 0, 0, 0,
    0, 0, 224, 228, 226, 227, 195, 0, 0, 0, 256, 301, 302, 303, 299, 300, 1265, 1264, 1265, 1262,
    1263, 0, 0, 0, 269, 270, 271, 267, 268, 1233, 1232, 1233, 1230, 1231, 0, 0, 0, 0, 0, 0,
    0, 0, 0, 0, 0, 0, 0, 0, 0, 0, 0, 0, 0, 0, 0, 0, 0, 0, 0, 0,
    0, 0, 0, 0, 0, 0, 0, 0, 0, 0, 0, 0, 0, 0, 0, 0, 0, 0, 0, 0,
    0, 0, 0, 0, 0, 0, 0, 0, 0, 0, 0, 0, 0, 0, 0, 0, 0, 0, 0, 0,
    0, 0, 0, 0, 0, 0, 0, 0, 0, 0, 310, 311, 312, 260, 261, 270, 271, 1244, 1245, 1242,
    1275, 0, 0, 0, 0, 0, 0, 0, 0, 269, 270, 271, 0, 0, 0, 0, 0, 0, 0, 0,
    0, 0, 0, 0, 0, 0, 269, 270, 271, 266, 267, 268, 1268, 1242, 1265, 1266, 1224, 1225, 0, 0,
    0, 0, 0, 0, 0, 0, 0, 0, 216, 217, 204, 241, 234, 197, 198, 0, 0, 310, 311, 312,
    260, 261, 270, 271, 1244, 1245, 1242, 1275, 0, 0, 0, 256, 301, 302, 303, 299, 300, 1265, 1264, 1265,
    1262, 1263, 0, 0, 0, 0, 0, 0, 0, 0, 0, 0, 0, 0, 0, 0, 0, 0, 0, 0,
    0, 0, 0, 0, 0, 0, 0, 0, 0, 0, 0, 0, 0, 0, 0, 0, 0, 0, 0, 0,
    0, 0, 0, 0, 0, 0, 0, 0, 0, 0, 0, 0, 0, 0, 0, 0, 0, 0, 0, 0,
    0, 0, 0, 0, 0, 0, 0, 0, 0, 0, 0, 0, 0, 0, 0, 0, 0, 0, 0, 0,
    257, 258, 302, 303, 303, 1276, 1277, 1245, 1246, 1234, 0, 0, 0, 0, 0, 0, 256, 301, 302, 303,
    0, 0, 0, 0, 0, 0, 0, 0, 0, 0, 0, 0, 0, 256, 301, 302, 303, 298, 299, 300,
    1235, 1235, 1236, 1237, 1238, 1239, 0, 0, 0, 0, 0, 0, 0, 0, 0, 0, 248, 249, 236, 211,
    212, 229, 230, 218, 0, 0, 0, 257, 258, 302, 303, 303, 1276, 1277, 1245, 1246, 1234, 0, 310, 311,
    312, 260, 261, 270, 271, 1244, 1245, 1242, 1275, 0, 0, 0, 0, 0, 0, 0, 0, 0, 0, 0,
    0, 0, 0, 0, 0, 0, 0, 0, 0, 0, 0, 0, 0, 0, 0, 0, 0, 0, 0, 0,
    0, 0, 0, 0, 0, 0, 0, 0, 0, 0, 0, 0, 0, 0, 0, 0, 0, 0, 0, 0,
    0, 0, 0, 0, 358, 359, 0, 0, 0, 0, 0, 0, 0, 0, 0, 0, 0, 0, 0, 0,
    0, 0, 0, 0, 0, 0, 0, 0, 288, 290, 260, 261, 261, 1264, 1265, 1277, 1278, 1224, 1225, 0,
    0, 0, 0, 264, 265, 271, 265, 266, 0, 0, 0, 0, 0, 0, 0, 0, 0, 0, 0, 0,
    264, 265, 271, 265, 266, 267, 268, 300, 1267, 1267, 1268, 1269, 1270, 1271, 1272, 0, 0, 0, 0, 0,
    0, 0, 0, 207, 208, 209, 210, 211, 212, 205, 206, 192, 218, 0, 0, 288, 290, 260, 261, 261,
    1264, 1265, 1277, 1278, 1224, 1225, 0, 0, 257, 258, 302, 303, 303, 1276, 1277, 1245, 1246, 1234, 0, 0,
    0, 0, 0, 0, 0, 0, 0, 0, 0, 0, 0, 0, 0, 0, 0, 0, 0, 0, 0, 0,
    0, 0, 0, 0, 0, 0, 0, 0, 0, 0, 0, 0, 0, 0, 0, 0, 0, 0, 0, 0,
    0, 0, 0, 0, 0, 0, 0, 0, 0, 0, 0, 0, 0, 0, 0, 0, 0, 0, 0, 0,
    0, 0, 0, 0, 0, 0, 0, 0, 0, 0, 0, 0, 0, 0, 0, 264, 265, 266, 258, 259,
    267, 1232, 1233, 1244, 1232, 1233, 1239, 0, 0, 0, 295, 296, 302, 303, 297, 298, 0, 0, 0, 0,
    0, 0, 0, 0, 0, 0, 0, 295, 296, 302, 303, 297, 298, 299, 300, 1235, 1236, 1237, 1236, 1237,
    1238, 1243, 1257, 0, 0, 0, 0, 0, 0, 0, 0, 239, 240, 241, 242, 243, 244, 237, 238, 225,
    250, 0, 264, 265, 266, 258, 259, 267, 1232, 1233, 1244, 1232, 1233, 1239, 0, 0, 288, 290, 260, 261,
    261, 1264, 1265, 1277, 1278, 1224, 1225, 0, 0, 0, 0, 0, 0, 0, 0, 0, 0, 0, 0, 0,
    0, 0, 0, 0, 0, 0, 0, 0, 0, 0, 0, 0, 0, 0, 0, 0, 0, 0, 0, 0,
    0, 0, 0, 0, 0, 0, 0, 0, 0, 0, 0, 0, 0, 0, 0, 0, 0, 0, 0, 0,
    0, 0, 0, 0, 0, 0, 0, 0, 0, 0, 0, 0, 0, 0, 0, 0, 0, 0, 0, 0,
    0, 0, 295, 296, 297, 298, 290, 291, 299, 1264, 1265, 1266, 1264, 1265, 1271, 1272, 0, 0, 310, 311,
    312, 293, 302, 303, 0, 0, 0, 0, 0, 0, 0, 0, 0, 0, 0, 310, 311, 312, 293, 302,
    303, 258, 259, 1267, 1268, 1269, 1270, 1236, 1242, 1275, 0, 0, 0, 0, 0, 0, 0, 0, 0, 0,
    216, 217, 204, 209, 202, 203, 204, 210, 211, 199, 200, 297, 298, 290, 291, 299, 1264, 1265, 1266, 1264,
    1265, 1271, 1272, 264, 265, 266, 258, 259, 267, 1232, 1233, 1244, 1232, 1233, 1239, 0, 0, 0, 0, 0,
    0, 0, 0, 0, 0, 0, 0, 0, 0, 0, 0, 0, 0, 0, 0, 0, 0, 0, 0, 358,
    359, 360, 361, 362, 363, 0, 0, 0, 0, 0, 0, 0, 0, 0, 0, 0, 0, 0, 0, 0,
    0, 0, 0, 0, 0, 0, 0, 0, 0, 0, 0, 0, 0, 0, 0, 0, 0, 0, 0, 0,
    0, 0, 0, 0, 0, 0, 0, 0, 0, 0, 0, 269, 270, 271, 266, 267, 268, 1268, 1242, 1265,
    1266, 1224, 1225, 0, 0, 0, 0, 1181, 196, 194, 195, 312, 0, 0, 0, 0, 0, 0, 0, 0,
    0, 0, 0, 0, 0, 0, 310, 311, 312, 270, 271, 261, 1236, 1237, 1267, 1268, 1242, 1274, 0, 0,
    0, 0, 0, 0, 0, 0, 0, 201, 202, 203, 237, 238, 234, 235, 236, 229, 230, 231, 232, 270,
    271, 266, 267, 268, 1268, 1242, 1265, 1266, 1224, 1225, 295, 296, 297, 298, 290, 291, 299, 1264, 1265, 1266,
    1264, 1265, 1271, 1272, 0, 0, 0, 0, 0, 0, 0, 0, 0, 0, 0, 0, 0, 0, 0, 0,
    0, 0, 0, 0, 0, 0, 0, 0, 0, 0, 0, 0, 0, 0, 0, 0, 0, 0, 0, 0,
    0, 0, 0, 0, 0, 0, 0, 0, 0, 0, 0, 0, 0, 0, 0, 0, 0, 0, 0, 0,
    0, 0, 0, 0, 0, 0, 0, 0, 0, 0, 0, 0, 0, 0, 0, 0, 0, 0, 256, 301,
    302, 303, 298, 299, 300, 1235, 1235, 1236, 1237, 1238, 1239, 0, 0, 0, 0, 224, 228, 226, 227, 195,
    0, 0, 0, 0, 0, 0, 0, 0, 0, 0, 0, 0, 0, 0, 0, 0, 278, 302, 303, 261,
    1232, 1233, 1271, 1239, 0, 0, 0, 0, 0, 0, 0, 0, 0, 0, 262, 196, 234, 235, 236, 211,
    212, 1170, 1171, 192, 218, 256, 301, 302, 303, 298, 299, 300, 1235, 1235, 1236, 1237, 1238, 1239, 0, 269,
    270, 271, 266, 267, 268, 1268, 1242, 1265, 1266, 1224, 1225, 0, 0, 0, 0, 0, 0, 0, 0, 0,
    0, 0, 0, 0, 0, 0, 0, 0, 0, 0, 0, 0, 0, 0, 0, 0, 0, 0, 0, 0,
    0, 0, 0, 0, 0, 0, 0, 0, 0, 0, 0, 0, 0, 0, 0, 0, 0, 0, 0, 0,
    0, 0, 0, 0, 0, 0, 0, 0, 0, 0, 0, 0, 0, 0, 0, 0, 0, 0, 0, 0,
    0, 0, 0, 0, 0, 264, 265, 271, 265, 266, 267, 268, 300, 1267, 1267, 1268, 1269, 1270, 1271, 1272,
    0, 216, 217, 204, 241, 234, 197, 198, 0, 0, 0, 0, 0, 0, 0, 0, 0, 0, 0, 0,
    0, 0, 0, 0, 310, 311, 312, 291, 1264, 1265, 1256, 1257, 0, 0, 0, 0, 0, 0, 0, 0,
    0, 0, 294, 228, 245, 209, 210, 243, 244, 1202, 1203, 225, 250, 265, 271, 265, 266, 267, 268, 300,
    1267, 1267, 1268, 1269, 1270, 1271, 1272, 301, 302, 303, 298, 299, 300, 1235, 1235, 1236, 1237, 1238, 1239, 0,
    0, 0, 0, 0, 0, 0, 0, 0, 0, 0, 0, 0, 0, 0, 0, 0, 0, 0, 0, 0,
    0, 0, 0, 0, 0, 0, 0, 0, 0, 0, 0, 0, 0, 0, 0, 0, 0, 0, 0, 0,
    0, 0, 0, 0, 0, 0, 0, 0, 0, 0, 0, 0, 0, 0, 0, 0, 0, 0, 0, 0,
    0, 0, 0, 0, 0, 0, 0, 0, 0, 0, 0, 0, 295, 296, 302, 303, 297, 298, 299, 300,
    1235, 1236, 1237, 1236, 1237, 1238, 1243, 1257, 0, 248, 249, 236, 211, 212, 229, 230, 0, 0, 0, 0,
    0, 0, 0, 0, 0, 0, 0, 0, 0, 0, 0, 0, 0, 0, 306, 275, 1226, 1261, 0, 0,
    0, 0, 0, 0, 0, 0, 0, 0, 0, 260, 1268, 1272, 220, 219, 220, 221, 222, 223, 204, 1155,
    200, 302, 303, 297, 298, 299, 300, 1235, 1236, 1237, 1236, 1237, 1238, 1243, 272, 271, 265, 266, 267, 268,
    300, 1267, 1267, 1268, 1269, 1270, 1271, 1272, 0, 0, 0, 0, 0, 0, 0, 0, 0, 0, 0, 0,
    0, 0, 0, 0, 0, 0, 0, 0, 0, 0, 262, 0, 0, 0, 0, 0, 0, 0, 0, 0,
    0, 0, 0, 0, 0, 0, 0, 0, 0, 0, 0, 0, 0, 0, 0, 0, 0, 0, 0, 0,
    0, 0, 0, 0, 0, 0, 0, 0, 0, 0, 0, 0, 0, 0, 0, 0, 0, 0, 0, 0,
    310, 311, 312, 293, 302, 303, 258, 259, 1267, 1268, 1269, 1270, 1236, 1242, 1275, 0, 207, 208, 209, 210,
    211, 212, 205, 206, 0, 0, 0, 0, 0, 0, 0, 0, 0, 0, 0, 0, 0, 0, 0, 0,
    0, 0, 274, 307, 1260, 1229, 0, 0, 0, 0, 0, 0, 0, 0, 0, 0, 0, 292, 261, 1245,
    1272, 233, 252, 253, 254, 202, 230, 231, 232, 312, 293, 302, 303, 258, 259, 1267, 1268, 1269, 1270, 1236,
    1242, 1275, 257, 303, 297, 298, 299, 300, 1235, 1236, 1237, 1236, 1237, 1238, 1243, 1257, 0, 0, 0, 0,
    0, 0, 0, 0, 0, 0, 0, 0, 0, 0, 0, 0, 0, 0, 0, 0, 0, 0, 294, 0,
    0, 0, 0, 0, 0, 0, 0, 0, 0, 0, 0, 0, 0, 0, 0, 0, 0, 0, 0, 0,
    0, 0, 0, 0, 0, 0, 0, 0, 0, 0, 0, 0, 0, 0, 0, 0, 0, 0, 0, 0,
    0, 0, 262, 0, 0, 0, 0, 0, 0, 0, 0, 310, 311, 312, 270, 271, 261, 1236, 1237, 1267,
    1268, 1242, 1274, 0, 239, 240, 241, 242, 243, 244, 237, 238, 0, 0, 0, 0, 0, 0, 0, 0,
    0, 0, 0, 0, 0, 0, 0, 0, 0, 0, 274, 275, 1260, 1229, 0, 0, 0, 0, 0, 0,
    0, 0, 0, 272, 273, 267, 268, 1238, 1239, 0, 213, 214, 215, 232, 0, 0, 0, 0, 310, 311,
    312, 270, 271, 261, 1236, 1237, 1267, 1268, 1242, 1274, 312, 293, 302, 303, 258, 259, 1267, 1268, 1269, 1270,
    1236, 1242, 1275, 0, 0, 0, 0, 0, 0, 0, 0, 0, 0, 0, 0, 0, 0, 0, 0, 0,
    0, 0, 0, 0, 0, 260, 1268, 1234, 0, 0, 0, 0, 0, 0, 0, 0, 0, 0, 0, 0,
    0, 0, 0, 0, 0, 0, 0, 0, 0, 0, 0, 0, 0, 0, 0, 0, 0, 0, 0, 0,
    0, 0, 0, 0, 0, 0, 0, 0, 0, 0, 294, 0, 0, 0, 0, 0, 0, 0, 0, 0,
    0, 278, 302, 303, 261, 1232, 1233, 1271, 1239, 0, 0, 0, 0, 216, 217, 204, 209, 202, 203, 204,
    0, 0, 0, 0, 0, 0, 0, 0, 0, 0, 0, 0, 0, 0, 0, 0, 0, 0, 306, 307,
    1228, 1229, 0, 0, 0, 0, 0, 0, 0, 0, 0, 304, 305, 299, 300, 1270, 1271, 1272, 0, 246,
    247, 0, 0, 0, 0, 0, 0, 0, 278, 302, 303, 261, 1232, 1233, 1271, 1239, 0, 0, 0, 310,
    311, 312, 270, 271, 261, 1236, 1237, 1267, 1268, 1242, 1274, 0, 0, 0, 0, 0, 0, 0, 0, 0,
    0, 0, 0, 0, 0, 0, 0, 0, 0, 0, 0, 0, 0, 292, 261, 1245, 1256, 1257, 0, 0,
    0, 0, 0, 0, 0, 0, 0, 0, 0, 0, 0, 0, 0, 0, 0, 0, 0, 0, 0, 0,
    0, 0, 0, 0, 0, 0, 0, 0, 0, 0, 0, 0, 0, 0, 0, 0, 0, 0, 1268, 1234,
    0, 0, 0, 0, 0, 0, 0, 0, 0, 310, 311, 312, 291, 1264, 1265, 1256, 1257, 0, 0, 0,
    201, 202, 203, 237, 238, 234, 235, 236, 0, 0, 0, 0, 0, 0, 0, 0, 0, 0, 0, 0,
    0, 0, 0, 0, 0, 0, 0, 0, 0, 0, 0, 0, 0, 0, 0, 0, 0, 0, 0, 257,
    258, 259, 1236, 1237, 1238, 1239, 0, 0, 0, 0, 0, 0, 0, 0, 0, 0, 310, 311, 312, 291,
    1264, 1265, 1256, 1257, 0, 0, 0, 0, 0, 278, 302, 303, 261, 1232, 1233, 1271, 1239, 0, 0, 0,
    0, 0, 0, 0, 0, 0, 0, 0, 0, 0, 0, 0, 0, 0, 0, 0, 0, 0, 0, 272,
    273, 267, 268, 1238, 1239, 0, 0, 0, 0, 0, 0, 0, 0, 0, 0, 0, 0, 0, 0, 0,
    0, 0, 0, 0, 0, 0, 0, 0, 0, 358, 359, 0, 0, 0, 0, 0, 0, 0, 0, 0,
    0, 0, 0, 0, 0, 292, 261, 1245, 1256, 1257, 0, 0, 0, 0, 0, 0, 0, 0, 0, 306,
    275, 1226, 1261, 0, 0, 0, 0, 0, 196, 234, 235, 236, 211, 212, 1170, 1171, 0, 0, 0, 0,
    0, 0, 0, 0, 0, 0, 0, 0, 0, 0, 0, 0, 0, 0, 0, 0, 0, 0, 0, 0,
    0, 0, 0, 0, 0, 0, 288, 289, 290, 291, 1268, 1269, 1270, 1271, 1272, 0, 0, 0, 0, 0,
    0, 0, 0, 0, 0, 0, 306, 275, 1226, 1261, 0, 0, 0, 0, 0, 0, 0, 310, 311, 312,
    291, 1264, 1265, 1256, 1257, 0, 0, 0, 0, 0, 0, 0, 0, 0, 0, 0, 0, 0, 0, 0,
    0, 0, 0, 0, 0, 0, 0, 304, 305, 299, 300, 1270, 1271, 1272, 0, 0, 0, 0, 0, 0,
    540, 0, 0, 0, 0, 0, 0, 0, 0, 0, 0, 0, 0, 540, 542, 542, 542, 0, 540, 542,
    0, 0, 0, 0, 0, 0, 0, 0, 0, 0, 0, 272, 273, 267, 268, 1238, 1239, 0, 0, 0,
    0, 0, 0, 0, 0, 0, 0, 274, 307, 1260, 1229, 0, 0, 0, 0, 0, 228, 245, 209, 210,
    243, 244, 1202, 1203, 0, 0, 0, 0, 0, 0, 0, 0, 0, 0, 0, 0, 0, 0, 0, 0,
    0, 0, 0, 0, 0, 0, 0, 0, 0, 0, 0, 0, 0, 0, 269, 270, 271, 267, 268, 1233,
    1232, 1233, 1230, 1231, 0, 0, 0, 0, 0, 0, 0, 0, 0, 0, 274, 307, 1260, 1229, 0, 0,
    0, 0, 0, 0, 0, 0, 0, 306, 275, 1226, 1261, 0, 0, 0, 0, 0, 0, 0, 0, 0,
    562, 0, 0, 0, 0, 0, 0, 0, 0, 0, 0, 0, 0, 0, 0, 257, 258, 259, 1236, 1237,
    1238, 1239, 0, 0, 0, 0, 0, 526, 574, 575, 562, 0, 0, 0, 0, 0, 0, 0, 0, 0,
    526, 575, 574, 575, 574, 575, 574, 575, 562, 0, 0, 0, 0, 0, 0, 0, 0, 0, 0, 304,
    305, 299, 300, 1270, 1271, 1272, 0, 0, 0, 0, 0, 0, 0, 0, 0, 274, 275, 1260, 1229, 0,
    0, 0, 0, 0, 201, 220, 219, 220, 221, 222, 223, 204, 0, 0, 0, 0, 0, 0, 0, 0,
    0, 0, 0, 0, 0, 0, 0, 0, 0, 0, 0, 0, 0, 0, 0, 0, 0, 0, 0, 0,
    0, 256, 301, 302, 303, 299, 300, 1265, 1264, 1265, 1262, 1263, 0, 0, 0, 0, 0, 0, 0, 0,
    0, 0, 274, 275, 1260, 1229, 0, 0, 0, 0, 0, 0, 0, 0, 0, 274, 307, 1260, 1229, 0,
    0, 0, 0, 0, 0, 0, 0, 510, 478, 413, 0, 0, 0, 0, 0, 0, 0, 0, 0, 0,
    0, 0, 288, 289, 290, 291, 1268, 1269, 1270, 1271, 1272, 0, 0, 0, 415, 510, 478, 510, 478, 413,
    562, 0, 0, 0, 526, 414, 414, 415, 510, 510, 478, 510, 478, 510, 478, 510, 478, 413, 562, 0,
    0, 0, 0, 0, 0, 0, 0, 257, 258, 259, 1236, 1237, 1238, 1239, 0, 0, 0, 0, 0, 0,
    0, 0, 0, 306, 307, 1228, 1229, 0, 0, 0, 0, 0, 0, 251, 233, 252, 253, 254, 202, 230,
    0, 0, 0, 0, 0, 0, 0, 0, 0, 0, 0, 0, 0, 0, 0, 0, 0, 0, 0, 0,
    0, 0, 0, 0, 0, 0, 0, 0, 310, 311, 312, 260, 261, 270, 271, 1244, 1245, 1242, 1275, 0,
    0, 0, 0, 0, 0, 0, 0, 0, 0, 0, 306, 307, 1228, 1229, 0, 0, 0, 0, 0, 0,
    0, 0, 0, 274, 275, 1260, 1229, 0, 0, 0, 0, 0, 0, 0, 0, 478, 510, 478, 0, 0,
    0, 0, 0, 0, 0, 0, 0, 0, 0, 0, 269, 270, 271, 267, 268, 1233, 1232, 1233, 1230, 1231,
    0, 0, 510, 478, 510, 478, 510, 478, 478, 413, 414, 415, 478, 510, 478, 510, 478, 478, 510, 478,
    510, 478, 510, 478, 510, 478, 510, 413, 0, 0, 0, 0, 0, 0, 288, 289, 290, 291, 1268, 1269,
    1270, 1271, 1272, 0, 0, 0, 0, 0, 0, 0, 0, 0, 0, 0, 0, 0, 0, 0, 0, 0,
    0, 0, 0, 213, 214, 215, 232, 0, 0, 0, 0, 0, 0, 0, 0, 0, 0, 0, 0, 0,
    0, 0, 0, 0, 0, 0, 0, 0, 0, 0, 0, 0, 0, 0, 0, 0, 0, 0, 257, 258,
    302, 303, 303, 1276, 1277, 1245, 1246, 1234, 0, 0, 0, 0, 0, 0, 0, 0, 0, 0, 0, 0,
    0, 0, 0, 0, 0, 0, 0, 0, 0, 0, 0, 306, 307, 1228, 1229, 0, 0, 0, 0, 0,
    0, 0, 0, 0, 0, 0, 0, 0, 0, 0, 396, 0, 0, 0, 0, 0, 0, 256, 301, 302,
    303, 299, 300, 1265, 1264, 1265, 1262, 1263, 0, 0, 0, 0, 0, 0, 0, 0, 0, 0, 0, 0,
    0, 0, 0, 0, 0, 0, 0, 0, 0, 0, 0, 0, 0, 0, 0, 0, 0, 0, 0, 0,
    0, 0, 269, 270, 271, 267, 268, 1233, 1232, 1233, 1230, 1231, 0, 0, 0, 0, 0, 0, 0, 0,
    0, 0, 0, 0, 0, 0, 0, 0, 0, 0, 0, 0, 246, 247, 0, 0, 0, 0, 0, 0,
    0, 0, 0, 0, 0, 0, 0, 0, 0, 0, 0, 0, 0, 0, 0, 0, 0, 0, 0, 0,
    0, 0, 0, 0, 0, 0, 288, 290, 260, 261, 261, 1264, 1265, 1277, 1278, 1224, 1225, 0, 0, 0,
    0, 0, 0, 0, 0, 0, 0, 0, 0, 0, 0, 0, 0, 0, 0, 0, 0, 0, 0, 0,
    0, 0, 0, 0, 0, 0, 0, 0, 0, 0, 0, 0, 0, 0, 0, 0, 0, 0, 0, 0,
    0, 0, 0, 0, 310, 311, 312, 260, 261, 270, 271, 1244, 1245, 1242, 1275, 0, 0, 0, 0, 0,
    0, 0, 0, 0, 0, 0, 0, 0, 0, 0, 0, 0, 0, 0, 0, 0, 0, 0, 0, 0,
    0, 0, 0, 0, 0, 0, 0, 0, 0, 256, 301, 302, 303, 299, 300, 1265, 1264, 1265, 1262, 1263,
    0, 0, 0, 0, 0, 0, 0, 0, 0, 0, 0, 0, 0, 0, 0, 0, 0, 0, 0, 0,
    0, 0, 0, 0, 0, 0, 0, 0, 0, 0, 0, 0, 0, 0, 0, 0, 0, 0, 0, 0,
    0, 0, 0, 0, 0, 0, 262, 0, 0, 0, 0, 0, 0, 264, 265, 266, 258, 259, 267, 1232,
    1233, 1244, 1232, 1233, 1239, 0, 0, 0, 0, 0, 0, 0, 0, 0, 0, 0, 0, 0, 0, 0,
    0, 0, 0, 0, 0, 0, 0, 0, 0, 0, 0, 0, 0, 0, 0, 0, 0, 0, 0, 0,
    0, 0, 0, 0, 0, 0, 0, 0, 0, 0, 0, 0, 0, 0, 257, 258, 302, 303, 303, 1276,
    1277, 1245, 1246, 1234, 0, 0, 0, 0, 0, 0, 0, 0, 0, 0, 0, 0, 0, 0, 0, 0,
    0, 0, 0, 0, 0, 0, 0, 0, 0, 0, 0, 0, 0, 0, 0, 0, 310, 311, 312, 260,
    261, 270, 271, 1244, 1245, 1242, 1275, 0, 0, 0, 0, 0, 0, 0, 0, 0, 0, 0, 0, 0,
    0, 0, 0, 0, 0, 0, 0, 0, 0, 0, 0, 0, 0, 0, 0, 0, 0, 0, 0, 0,
    0, 0, 0, 0, 0, 0, 0, 0, 0, 0, 0, 0, 0, 0, 294, 0, 0, 0, 0, 0,
    295, 296, 297, 298, 290, 291, 299, 1264, 1265, 1266, 1264, 1265, 1271, 1272, 0, 0, 0, 0, 0, 0,
    0, 0, 0, 0, 0, 0, 0, 0, 0, 0, 0, 0, 0, 0, 0, 0, 0, 0, 0, 0,
    0, 0, 0, 0, 0, 0, 0, 0, 0, 0, 0, 0, 0, 0, 0, 0, 0, 0, 0, 0,
    0, 0, 288, 290, 260, 261, 261, 1264, 1265, 1277, 1278, 1224, 1225, 0, 0, 0, 0, 0, 0, 0,
    0, 0, 0, 0, 0, 0, 0, 0, 0, 0, 0, 0, 0, 0, 0, 0, 0, 0, 0, 0,
    0, 0, 0, 0, 0, 0, 257, 258, 302, 303, 303, 1276, 1277, 1245, 1246, 1234, 0, 0, 0, 0,
    0, 0, 0, 0, 0, 0, 0, 0, 0, 0, 0, 0, 0, 0, 0, 0, 0, 0, 0, 0,
    0, 0, 0, 0, 0, 0, 0, 0, 0, 0, 0, 0, 0, 0, 0, 0, 0, 0, 0, 0,
    0, 260, 1268, 1234, 0, 0, 0, 0, 0, 269, 270, 271, 266, 267, 268, 1268, 1242, 1265, 1266, 1224,
    1225, 0, 0, 0, 0, 0, 0, 0, 0, 0, 0, 0, 0, 0, 0, 0, 0, 0, 0, 0,
    0, 0, 0, 0, 1181, 196, 194, 195, 0, 0, 0, 0, 0, 0, 0, 0, 0, 0, 0, 0,
    0, 0, 0, 0, 0, 0, 0, 0, 0, 264, 265, 266, 258, 259, 267, 1232, 1233, 1244, 1232, 1233,
    1239, 0, 0, 0, 0, 0, 1181, 196, 194, 195, 0, 0, 0, 0, 0, 0, 0, 0, 0, 0,
    0, 0, 0, 0, 0, 0, 0, 0, 0, 0, 0, 0, 0, 0, 288, 290, 260, 261, 261, 1264,
    1265, 1277, 1278, 1224, 1225, 0, 0, 0, 0, 0, 0, 0, 0, 0, 0, 0, 0, 0, 0, 0,
    0, 0, 0, 0, 0, 0, 0, 0, 0, 0, 0, 0, 0, 0, 0, 0, 0, 0, 0, 0,
    0, 0, 0, 0, 0, 0, 0, 0, 0, 292, 261, 1245, 1256, 1257, 0, 0, 256, 301, 302, 303,
    298, 299, 300, 1235, 1235, 1236, 1237, 1238, 1239, 0, 0, 0, 0, 0, 0, 0, 0, 0, 0, 0,
    0, 0, 0, 0, 0, 0, 0, 0, 0, 0, 0, 0, 224, 228, 226, 227, 195, 0, 0, 0,
    0, 0, 0, 0, 0, 0, 0, 0, 0, 0, 0, 0, 0, 0, 0, 0, 295, 296, 297, 298,
    290, 291, 299, 1264, 1265, 1266, 1264, 1265, 1271, 1272, 0, 0, 0, 0, 224, 228, 226, 227, 195, 0,
    0, 0, 0, 0, 0, 0, 0, 0, 0, 0, 0, 0, 0, 0, 0, 0, 0, 0, 0, 0,
    0, 264, 265, 266, 258, 259, 267, 1232, 1233, 1244, 1232, 1233, 1239, 0, 0, 0, 0, 0, 0, 0,
    0, 0, 0, 0, 0, 0, 0, 0, 0, 0, 0, 0, 0, 0, 0, 0, 0, 0, 0, 0,
    0, 0, 0, 0, 0, 0, 0, 0, 0, 0, 0, 0, 0, 0, 0, 272, 273, 267, 268, 1238,
    1239, 0, 0, 264, 265, 271, 265, 266, 267, 268, 300, 1267, 1267, 1268, 1269, 1270, 1271, 1272, 0, 0,
    0, 0, 0, 0, 0, 0, 0, 0, 0, 0, 0, 0, 0, 0, 0, 0, 0, 0, 216, 217,
    204, 241, 234, 197, 198, 0, 0, 0, 0, 0, 0, 0, 0, 0, 0, 0, 0, 0, 0, 0,
    0, 0, 0, 0, 0, 269, 270, 271, 266, 267, 268, 1268, 1242, 1265, 1266, 1224, 1225, 0, 0, 0,
    216, 217, 204, 241, 234, 197, 198, 0, 0, 0, 0, 0, 0, 0, 0, 0, 0, 0, 0, 0,
    0, 0, 0, 0, 0, 0, 0, 0, 295, 296, 297, 298, 290, 291, 299, 1264, 1265, 1266, 1264, 1265,
    1271, 1272, 0, 0, 0, 0, 0, 0, 0, 0, 0, 0, 0, 0, 0, 0, 0, 0, 0, 0,
    0, 0, 0, 0, 0, 0, 0, 0, 0, 0, 0, 0, 0, 0, 0, 0, 0, 0, 0, 0,
    0, 0, 0, 304, 305, 299, 300, 1270, 1271, 1272, 295, 296, 302, 303, 297, 298, 299, 300, 1235, 1236,
    1237, 1236, 1237, 1238, 1243, 1257, 0, 0, 0, 0, 0, 0, 0, 0, 0, 0, 0, 0, 0, 0,
    0, 0, 0, 0, 0, 0, 248, 249, 236, 211, 212, 229, 230, 218, 0, 0, 0, 0, 0, 0,
    0, 0, 262, 0, 0, 0, 0, 0, 0, 0, 0, 0, 256, 301, 302, 303, 298, 299, 300, 1235,
    1235, 1236, 1237, 1238, 1239, 0, 0, 0, 248, 249, 236, 211, 212, 229, 230, 218, 0, 0, 0, 0,
    0, 0, 0, 0, 0, 0, 0, 0, 0, 0, 0, 0, 0, 0, 0, 0, 0, 269, 270, 271,
    266, 267, 268, 1268, 1242, 1265, 1266, 1224, 1225, 0, 1181, 196, 194, 195, 0, 0, 0, 0, 0, 0,
    0, 0, 0, 0, 0, 0, 0, 0, 0, 0, 0, 0, 0, 0, 0, 0, 0, 0, 0, 0,
    0, 0, 0, 0, 0, 0, 0, 0, 0, 0, 0, 257, 258, 259, 1236, 1237, 1238, 1239, 310, 311,
    312, 293, 302, 303, 258, 259, 1267, 1268, 1269, 1270, 1236, 1242, 1275, 0, 0, 0, 0, 0, 0, 0,
    0, 0, 0, 0, 0, 0, 0, 0, 0, 0, 0, 0, 0, 207, 208, 209, 210, 211, 212, 205,
    206, 192, 218, 0, 0, 0, 0, 0, 0, 0, 294, 0, 0, 0, 0, 0, 0, 0, 0, 264,
    265, 271, 265, 266, 267, 268, 300, 1267, 1267, 1268, 1269, 1270, 1271, 1272, 0, 207, 208, 209, 210, 211,
    212, 205, 206, 192, 218, 0, 0, 0, 0, 0, 0, 0, 0, 0, 0, 0, 0, 0, 0, 0,
    0, 0, 0, 0, 256, 301, 302, 303, 298, 299, 300, 1235, 1235, 1236, 1237, 1238, 1239, 0, 224, 228,
    226, 227, 195, 0, 0, 0, 0, 0, 0, 0, 0, 0, 0, 0, 0, 0, 0, 0, 0, 0,
    0, 0, 0, 0, 0, 0, 0, 0, 0, 0, 0, 0, 0, 0, 0, 0, 0, 0, 288, 289,
    290, 291, 1268, 1269, 1270, 1271, 1272, 0, 0, 310, 311, 312, 270, 271, 261, 1236, 1237, 1267, 1268, 1242,
    1274, 0, 262, 0, 0, 0, 0, 0, 0, 0, 0, 0, 0, 0, 0, 0, 0, 0, 0, 0,
    0, 239, 240, 241, 242, 243, 244, 237, 238, 225, 250, 0, 0, 0, 0, 0, 0, 260, 1268, 1234,
    0, 0, 0, 0, 0, 0, 295, 296, 302, 303, 297, 298, 299, 300, 1235, 1236, 1237, 1236, 1237, 1238,
    1243, 1257, 0, 239, 240, 241, 242, 243, 244, 237, 238, 225, 250, 0, 0, 0, 0, 0, 0, 0,
    0, 0, 0, 0, 0, 0, 0, 0, 1181, 196, 194, 264, 265, 271, 265, 266, 267, 268, 300, 1267,
    1267, 1268, 1269, 1270, 1271, 1272, 204, 241, 234, 197, 198, 0, 0, 0, 0, 0, 0, 0, 0, 0,
    0, 0, 0, 0, 0, 0, 0, 0, 0, 0, 0, 0, 0, 0, 0, 0, 0, 0, 0, 0,
    0, 0, 0, 0, 0, 0, 269, 270, 271, 267, 268, 1233, 1232, 1233, 1230, 1231, 0, 0, 0, 278,
    302, 303, 261, 1232, 1233, 1271, 1239, 0, 0, 0, 294, 0, 0, 0, 0, 0, 0, 0, 0, 0,
    0, 0, 0, 0, 0, 0, 0, 0, 0, 0, 216, 217, 204, 209, 202, 203, 204, 210, 211, 199,
    200, 0, 0, 0, 0, 292, 261, 1245, 1256, 1257, 0, 0, 0, 0, 310, 311, 312, 293, 302, 303,
    258, 259, 1267, 1268, 1269, 1270, 1236, 1242, 1275, 0, 0, 0, 216, 217, 204, 209, 202, 203, 204, 210,
    211, 199, 200, 0, 0, 0, 0, 0, 0, 0, 0, 0, 0, 0, 0, 0, 224, 228, 295, 296,
    302, 303, 297, 298, 299, 300, 1235, 1236, 1237, 1236, 1237, 1238, 1243, 1257, 236, 211, 212, 229, 230, 218,
    0, 0, 0, 0, 0, 0, 0, 0, 0, 0, 0, 0, 0, 0, 0, 0, 0, 0, 0, 0,
    0, 0, 0, 0, 0, 0, 0, 0, 0, 0, 0, 0, 0, 256, 301, 302, 303, 299, 300, 1265,
    1264, 1265, 1262, 1263, 0, 0, 0, 310, 311, 312, 291, 1264, 1265, 1256, 1257, 0, 0, 260, 1268, 1234,
    0, 0, 0, 0, 0, 0, 0, 0, 0, 0, 0, 0, 0, 0, 0, 0, 0, 201, 202, 203,
    237, 238, 234, 235, 236, 229, 230, 231, 232, 0, 0, 272, 273, 267, 268, 1238, 1239, 0, 0, 0,
    0, 0, 0, 0, 0, 310, 311, 312, 270, 271, 261, 1236, 1237, 1267, 1268, 1242, 1274, 0, 0, 201,
    202, 203, 237, 238, 234, 235, 236, 229, 230, 231, 232, 0, 0, 0, 0, 0, 0, 0, 0, 0,
    0, 0, 216, 217, 204, 241, 310, 311, 312, 293, 302, 303, 258, 259, 1267, 1268, 1269, 1270, 1236, 1242,
    1275, 209, 210, 211, 212, 205, 206, 192, 218, 0, 0, 0, 0, 0, 0, 0, 1181, 196, 194, 195,
    0, 0, 0, 0, 0, 0, 0, 0, 0, 0, 0, 0, 0, 0, 0, 0, 0, 0, 0, 0,
    0, 311, 312, 260, 261, 270, 271, 1244, 1245, 1242, 1275, 0, 0, 0, 0, 0, 0, 306, 275, 1226,
    1261, 0, 0, 0, 0, 292, 261, 1245, 1256, 1257, 0, 0, 0, 0, 0, 0, 0, 0, 0, 0,
    0, 0, 0, 0, 0, 196, 234, 235, 236, 211, 212, 1170, 1171, 192, 218, 0, 0, 0, 0, 304,
    305, 299, 300, 1270, 1271, 1272, 0, 0, 0, 0, 0, 0, 0, 0, 0, 278, 302, 303, 261, 1232,
    1233, 1271, 1239, 0, 0, 0, 0, 196, 234, 235, 236, 211, 212, 1170, 1171, 192, 218, 0, 0, 0,
    0, 0, 0, 0, 0, 0, 0, 0, 0, 0, 248, 249, 236, 211, 212, 229, 230, 310, 311, 312,
    270, 271, 261, 1236, 1237, 1267, 1268, 1242, 1274, 241, 242, 243, 244, 237, 238, 225, 250, 0, 0, 0,
    0, 0, 0, 0, 224, 228, 226, 227, 195, 0, 0, 0, 0, 0, 0, 0, 0, 0, 0, 0,
    0, 0, 0, 0, 0, 0, 0, 0, 0, 0, 257, 258, 302, 303, 303, 1276, 1277, 1245, 1246, 1234,
    0, 0, 0, 0, 0, 274, 307, 1260, 1229, 0, 0, 272, 273, 267, 268, 1238, 1239, 0, 0, 0,
    0, 0, 0, 0, 0, 0, 0, 0, 0, 0, 0, 0, 0, 228, 245, 209, 210, 243, 244, 1202,
    1203, 225, 250, 0, 0, 0, 0, 257, 258, 259, 1236, 1237, 1238, 1239, 0, 0, 0, 0, 0, 0,
    0, 0, 0, 310, 311, 312, 291, 1264, 1265, 1256, 1257, 0, 0, 0, 0, 228, 245, 209, 210, 243,
    244, 1202, 1203, 225, 250, 0, 0, 0, 0, 0, 0, 0, 0, 0, 0, 0, 0, 207, 208, 209,
    210, 211, 212, 205, 206, 192, 218, 278, 302, 303, 261, 1232, 1233, 1271, 1239, 0, 216, 217, 204, 209,
    202, 203, 204, 210, 211, 199, 200, 0, 0, 0, 216, 217, 204, 241, 234, 197, 198, 0, 0, 0,
    0, 0, 0, 0, 0, 0, 0, 0, 0, 0, 0, 0, 0, 0, 0, 0, 0, 0, 288, 290,
    260, 261, 261, 1264, 1265, 1277, 1278, 1224, 1225, 0, 0, 0, 0, 274, 275, 1260, 1229, 0, 0, 304,
    305, 299, 300, 1270, 1271, 1272, 0, 0, 0, 0, 0, 0, 0, 0, 0, 0, 0, 0, 0, 0,
    0, 201, 220, 219, 220, 221, 222, 223, 204, 1155, 200, 0, 0, 0, 288, 289, 290, 291, 1268, 1269,
    1270, 1271, 1272, 0, 0, 0, 0, 0, 0, 0, 0, 0, 0, 306, 275, 1226, 1261, 0, 0, 0,
    0, 0, 0, 201, 220, 219, 220, 221, 222, 223, 204, 1155, 200, 0, 0, 0, 0, 0, 0, 0,
    0, 0, 0, 0, 0, 239, 240, 241, 242, 243, 244, 237, 238, 225, 250, 310, 311, 312, 291, 1264,
    1265, 1256, 1257, 201, 202, 203, 237, 238, 234, 235, 236, 229, 230, 231, 232, 1181, 196, 194, 248, 249,
    236, 211, 212, 229, 230, 218, 0, 0, 0, 0, 0, 0, 0, 0, 0, 0, 0, 0, 0, 0,
    0, 0, 0, 0, 0, 264, 265, 266, 258, 259, 267, 1232, 1233, 1244, 1232, 1233, 1239, 0, 0, 0,
    0, 306, 307, 1228, 1229, 0, 0, 257, 258, 259, 1236, 1237, 1238, 1239, 0, 0, 0, 0, 0, 0,
    0, 0, 0, 0, 0, 0, 0, 0, 0, 0, 251, 233, 252, 253, 254, 202, 230, 231, 232, 0,
    0, 0, 269, 270, 271, 267, 268, 1233, 1232, 1233, 1230, 1231, 0, 0, 0, 0, 0, 0, 0, 0,
    0, 274, 307, 1260, 1229, 0, 0, 0, 0, 0, 0, 0, 251, 233, 252, 253, 254, 202, 230, 231,
    232, 0, 0, 0, 0, 0, 0, 0, 0, 0, 0, 0, 0, 0, 216, 217, 204, 209, 202, 203,
    204, 210, 211, 199, 200, 306, 275, 1226, 1261, 195, 0, 196, 234, 235, 236, 211, 212, 1170, 1171, 192,
    218, 0, 0, 224, 228, 207, 208, 209, 210, 211, 212, 205, 206, 192, 218, 1181, 0, 0, 0, 0,
    0, 0, 0, 0, 0, 0, 0, 0, 0, 0, 0, 0, 0, 296, 297, 298, 290, 291, 299, 1264,
    1265, 1266, 1264, 1265, 1271, 0, 0, 0, 0, 0, 277, 1260, 1261, 0, 288, 289, 290, 291, 1268, 1269,
    1270, 1271, 1272, 0, 0, 0, 0, 0, 0, 0, 0, 0, 0, 0, 0, 0, 0, 0, 0, 0,
    213, 214, 215, 232, 0, 0, 0, 0, 0, 256, 301, 302, 303, 299, 300, 1265, 1264, 1265, 1262, 1263,
    0, 0, 0, 0, 0, 0, 0, 0, 0, 274, 275, 1260, 1229, 0, 0, 0, 0, 0, 0, 0,
    0, 0, 213, 214, 215, 232, 0, 0, 0, 0, 0, 0, 0, 0, 0, 0, 0, 0, 0, 0,
    0, 201, 202, 203, 237, 238, 234, 235, 236, 229, 230, 231, 232, 274, 1181, 196, 194, 195, 195, 228,
    245, 209, 210, 243, 244, 1202, 1203, 225, 250, 216, 217, 204, 241, 239, 240, 241, 242, 243, 244, 237,
    238, 225, 250, 224, 0, 0, 0, 0, 0, 0, 0, 0, 0, 0, 0, 0, 0, 0, 0, 0,
    0, 269, 270, 271, 266, 267, 268, 1268, 1242, 1265, 1266, 1224, 1225, 0, 0, 0, 0, 274, 307, 1226,
    0, 0, 269, 270, 271, 267, 268, 1233, 1232, 1233, 1230, 1231, 0, 0, 0, 0, 0, 0, 0, 0,
    0, 0, 0, 0, 0, 0, 0, 0, 0, 246, 247, 0, 0, 0, 0, 0, 310, 311, 312, 260,
    261, 270, 271, 1244, 1245, 1242, 1275, 0, 0, 0, 0, 0, 0, 0, 0, 0, 0, 306, 307, 1228,
    1229, 0, 0, 0, 0, 0, 0, 0, 0, 0, 0, 246, 247, 0, 0, 0, 0, 0, 0, 0,
    0, 0, 0, 0, 0, 0, 0, 0, 0, 196, 234, 235, 236, 211, 212, 1170, 1171, 192, 218, 0,
    216, 274, 224, 228, 226, 227, 198, 201, 220, 219, 220, 221, 222, 223, 204, 1155, 200, 248, 249, 236,
    211, 212, 236, 211, 204, 209, 202, 203, 204, 210, 211, 236, 0, 0, 0, 0, 0, 0, 0, 0,
    0, 0, 0, 0, 0, 0, 0, 0, 0, 301, 302, 303, 298, 299, 300, 1235, 1235, 1236, 1237, 1238,
    1239, 0, 0, 0, 0, 0, 275, 1260, 1229, 256, 301, 302, 303, 299, 300, 1265, 1264, 1265, 1262, 1263,
    0, 0, 0, 0, 0, 0, 0, 0, 0, 0, 0, 0, 0, 0, 0, 0, 0, 0, 0, 0,
    0, 0, 0, 0, 0, 0, 257, 258, 302, 303, 303, 1276, 1277, 1245, 1246, 1234, 0, 0, 0, 0,
    0, 0, 0, 0, 0, 0, 0, 0, 0, 0, 0, 0, 0, 0, 0, 0, 0, 0, 0, 0,
    0, 0, 0, 0, 0, 0, 0, 0, 0, 0, 0, 0, 0, 0, 0, 0, 0, 228, 245, 209,
    210, 243, 244, 1202, 1203, 225, 250, 0, 248, 249, 204, 241, 212, 229, 230, 218, 251, 233, 252, 253,
    254, 202, 230, 231, 207, 208, 209, 210, 211, 236, 211, 243, 237, 238, 234, 235, 236, 236, 211, 210,
    0, 0, 0, 0, 0, 0, 0, 0, 0, 0, 0, 0, 0, 0, 0, 0, 0, 271, 265, 266,
    267, 268, 300, 1267, 1267, 1268, 1269, 1270, 1271, 0, 0, 0, 0, 274, 307, 1228, 310, 311, 312, 260,
    261, 270, 271, 1244, 1245, 1242, 1275, 0, 0, 0, 0, 0, 0, 0, 0, 0, 0, 0, 0, 0,
    0, 0, 0, 0, 0, 0, 0, 0, 0, 0, 0, 0, 0, 0, 288, 290, 260, 261, 261, 1264,
    1265, 1277, 1278, 1224, 1225, 0, 0, 0, 0, 0, 0, 0, 0, 0, 0, 0, 0, 0, 0, 0,
    0, 0, 0, 0, 0, 0, 0, 0, 0, 0, 0, 0, 0, 0, 0, 0, 0, 0, 0, 0,
    0, 0, 0, 0, 0, 201, 220, 219, 220, 221, 222, 223, 204, 1155, 200, 207, 208, 209, 236, 211,
    212, 205, 206, 192, 218, 0, 213, 214, 215, 232, 0, 0, 239, 240, 241, 242, 243, 210, 243, 235,
    236, 211, 212, 1170, 1171, 210, 243, 210, 0, 0, 0, 0, 0, 0, 0, 0, 0, 0, 0, 0,
    0, 0, 0, 0, 0, 303, 297, 298, 299, 300, 1235, 1236, 1237, 1236, 1237, 1238, 1243, 0, 0, 0,
    0, 274, 307, 1226, 0, 0, 257, 258, 302, 303, 303, 1276, 1277, 1245, 1246, 1234, 0, 0, 0, 0,
    0, 0, 0, 0, 0, 0, 0, 0, 0, 0, 0, 0, 0, 0, 0, 0, 0, 0, 0, 0,
    0, 264, 265, 266, 258, 259, 267, 1232, 1233, 1244, 1232, 1233, 1239, 0, 0, 0, 0, 0, 0, 0,
    0, 0, 0, 0, 0, 0, 0, 0, 0, 0, 0, 0, 0, 0, 0, 0, 0, 0, 0, 0,
    0, 0, 0, 0, 0, 0, 0, 0, 0, 0, 0, 0, 0, 0, 251, 233, 252, 253, 254, 202,
    230, 231, 232, 239, 240, 241, 242, 243, 244, 237, 238, 225, 250, 0, 0, 246, 247, 0, 0, 0,
    0, 216, 217, 204, 209, 202, 203, 204, 210, 211, 236, 211, 239, 240, 241, 242, 0, 0, 0, 0,
    0, 0, 0, 0, 0, 0, 0, 0, 0, 0, 0, 0, 0, 293, 302, 303, 258, 259, 1267, 1268,
    1269, 1270, 1236, 1242, 1275, 0, 0, 0, 0, 0, 275, 1260, 1229, 0, 288, 290, 260, 261, 261, 1264,
    1265, 1277, 1278, 1224, 1225, 0, 0, 0, 0, 0, 0, 0, 0, 0, 0, 0, 0, 0, 0, 0,
    0, 0, 0, 0, 0, 0, 0, 0, 295, 296, 297, 298, 290, 291, 299, 1264, 1265, 1266, 1264, 1265,
    1271, 1272, 0, 0, 0, 0, 0, 0, 0, 0, 0, 0, 0, 0, 0, 0, 0, 0, 0, 0,
    0, 0, 0, 0, 0, 0, 0, 0, 0, 0, 0, 0, 0, 0, 0, 0, 0, 0, 0, 0,
    0, 0, 0, 0, 213, 214, 215, 232, 0, 0, 0, 0, 216, 217, 204, 209, 202, 203, 204, 210,
    211, 199, 200, 0, 0, 0, 0, 0, 201, 202, 203, 237, 238, 234, 235, 236, 229, 230, 210, 243,
    0, 216, 217, 204
};

const u16 gb_level10_layer_a_guard[170] = {
    0x0000, 0x0080, 0x0000, 0x00A8, 0x0000, 0x10CA, 0x0D05, 0x0A00, 0x0D05, 0x0000, 0x0D05, 0x0B0B, 0x0D05, 0x00DF, 0x0D05, 0x0A0A,
    0x0D05, 0x00DF, 0x0D05, 0x0505, 0x0D05, 0x0000, 0x0D05, 0x0C0B, 0x0D05, 0x0B0B, 0x0D05, 0x0C0B, 0x0D05, 0x5FFF, 0x0D05, 0x0A00,
    0x0D05, 0x0000, 0x0000, 0x10CA, 0x0D05, 0x660E, 0x0D05, 0x0000, 0x0D05, 0x0101, 0x0D05, 0x00DF, 0x0D05, 0x0A05, 0x0D05, 0x00DF,
    0x0D05, 0x0A05, 0x0D05, 0x0000, 0x0D05, 0x0A00, 0x0D05, 0x0B0B, 0x0D05, 0x0A05, 0x0D05, 0x3677, 0x0D05, 0x0B0B, 0x0D05, 0x0404,
    0x0D05, 0x0B0B, 0x0D05, 0x0000, 0x0000, 0x10CA, 0x0D05, 0x0B0B, 0x0D05, 0x0000, 0x0D05, 0x1F1E, 0x0D05, 0x00DF, 0x0D05, 0x0A05,
    0x0D05, 0x00DF, 0x0D05, 0x0505, 0x0D05, 0x0000, 0x0D05, 0x0201, 0x0D05, 0x0B0B, 0x0D05, 0x0A00, 0x0D05, 0x5FFF, 0x0D05, 0x0A00,
    0x0D05, 0x0000, 0x0000, 0x10CA, 0x0D05, 0x660E, 0x0D05, 0x0000, 0x0D05, 0x0101, 0x0D05, 0x00DF, 0x0D05, 0x0A03, 0x0D05, 0x00DF,
    0x0D05, 0x0A03, 0x0D05, 0x0000, 0x0D05, 0x0A05, 0x0D05, 0x0B0B, 0x0D05, 0x0A00, 0x0D05, 0x3677, 0x0D05, 0x0000, 0x0D05, 0x0404,
    0x0D05, 0x0A00, 0x0D05, 0x0000, 0x0000, 0x10CA, 0x0D05, 0x660E, 0x0D05, 0x0000, 0x0D05, 0x0101, 0x0D05, 0x00DF, 0x0D05, 0x0A03,
    0x0D05, 0x00DF, 0x0D05, 0x0A03, 0x0D05, 0x0000, 0x0D05, 0x0A05, 0x0D05, 0x0B0B, 0x0D05, 0x0A00, 0x0D05, 0x3677, 0x0D05, 0x0000,
    0x0D05, 0x0404, 0x0D05, 0x0A00, 0x0D05, 0x0000, 0x0000, 0x10CA, 0x0D05, 0x660E
};

const u16 gb_level10_layer_b_guard[170] = {
    0x0000, 0x0080, 0x0000, 0x00A8, 0x0000, 0x033E, 0x033E, 0x0327, 0x02FF, 0x0300, 0x02C3, 0x02C2, 0x02C3, 0x02C2, 0x02C3, 0x02C2,
    0x02C3, 0x02C2, 0x02C3, 0x02C2, 0x02C3, 0x02C2, 0x02C2, 0x02C3, 0x02C2, 0x02C3, 0x02C2, 0x02C3, 0x02C2, 0x02C3, 0x02C2, 0x02C3,
    0x02C2, 0x02C3, 0x02C2, 0x02C3, 0x02C2, 0x02C3, 0x02C2, 0x02DB, 0x02DC, 0x0326, 0x02FD, 0x02DD, 0x033E, 0x033E, 0x033F, 0x02F8,
    0x02F9, 0x02C2, 0x02C2, 0x02D9, 0x02F7, 0x033E, 0x02FF, 0x0300, 0x02C2, 0x02C3, 0x02C2, 0x02C3, 0x02C2, 0x02C3, 0x02C2, 0x02C3,
    0x02C2, 0x02C3, 0x02C2, 0x02C3, 0x02C2, 0x02C3, 0x02C2, 0x02C3, 0x02C2, 0x02C3, 0x02C2, 0x02C3, 0x02C2, 0x02C3, 0x02C2, 0x02C3,
    0x02C2, 0x02C3, 0x02C2, 0x02C3, 0x02C2, 0x02C3, 0x02C2, 0x02C3, 0x02C2, 0x02C3, 0x02C2, 0x02C3, 0x02C2, 0x02C3, 0x02C2, 0x02C3,
    0x02C2, 0x02C3, 0x02C2, 0x02C3, 0x02C2, 0x02C3, 0x02C2, 0x02C3, 0x02C2, 0x02C3, 0x02C2, 0x02C3, 0x02C2, 0x02C3, 0x02C2, 0x02C3,
    0x02C2, 0x02C3, 0x02C2, 0x02C3, 0x02C2, 0x02C3, 0x02C2, 0x02C3, 0x02C2, 0x02C3, 0x02C2, 0x02C3, 0x02C2, 0x02C3, 0x02C2, 0x02C3,
    0x02C2, 0x02C3, 0x02C2, 0x02C3, 0x02C2, 0x02C3, 0x02C2, 0x02C3, 0x02C2, 0x02C3, 0x02C2, 0x02C3, 0x02C2, 0x02C3, 0x02C2, 0x02C3,
    0x02C2, 0x02C3, 0x02C2, 0x02C3, 0x02C2, 0x02C3, 0x02C2, 0x02C3, 0x02C2, 0x02C3, 0x02C2, 0x02C3, 0x02C2, 0x02C3, 0x02C2, 0x02C3,
    0x02C2, 0x02C3, 0x02C2, 0x02C3, 0x02C2, 0x02C3, 0x02C2, 0x02C3, 0x02C2, 0x02C3
};

const u16 gb_level10_fixed_map[2048] = {
    406, 406, 406, 406, 406, 406, 406, 406, 406, 406, 406, 406, 406, 406, 406, 406, 406, 406, 406, 406,
    406, 406, 406, 406, 406, 406, 406, 406, 406, 406, 406, 406, 406, 406, 406, 406, 406, 406, 406, 406,
    406, 406, 406, 406, 406, 406, 406, 406, 406, 406, 406, 406, 406, 406, 406, 406, 406, 406, 406, 406,
    406, 406, 406, 406, 406, 406, 406, 406, 406, 406, 406, 406, 406, 406, 406, 406, 406, 406, 406, 406,
    406, 406, 406, 406, 406, 406, 406, 406, 406, 406, 406, 406, 407, 408, 409, 410, 406, 406, 406, 406,
    406, 406, 406, 406, 406, 406, 406, 406, 406, 406, 406, 406, 406, 406, 406, 406, 406, 406, 406, 406,
    406, 406, 406, 406, 406, 406, 406, 406, 406, 406, 406, 406, 406, 406, 406, 406, 406, 406, 406, 406,
    406, 406, 406, 406, 406, 406, 406, 406, 406, 406, 406, 406, 406, 406, 406, 408, 442, 442, 442, 474,
    602, 406, 406, 406, 406, 406, 406, 406, 406, 406, 406, 406, 406, 406, 406, 406, 406, 406, 406, 406,
    406, 406, 406, 406, 406, 406, 406, 406, 406, 406, 406, 406, 406, 406, 406, 406, 406, 406, 406, 406,
    406, 406, 406, 406, 406, 406, 406, 406, 406, 406, 406, 406, 406, 406, 406, 406, 406, 407, 408, 442,
    442, 442, 442, 442, 442, 474, 602, 406, 406, 406, 406, 406, 406, 406, 406, 406, 406, 406, 406, 406,
    406, 406, 406, 406, 406, 406, 406, 406, 406, 406, 406, 406, 406, 406, 406, 406, 406, 406, 406, 406,
    406, 406, 406, 406, 406, 406, 406, 406, 406, 406, 406, 406, 406, 406, 406, 406, 406, 406, 406, 407,
    408, 442, 442, 442, 442, 442, 442, 442, 442, 442, 442, 409, 410, 406, 406, 406, 406, 406, 406, 406,
    406, 406, 406, 406, 406, 406, 406, 406, 406, 406, 406, 406, 406, 406, 406, 406, 406, 406, 406, 406,
    406, 406, 406, 406, 406, 406, 406, 406, 406, 406, 406, 406, 406, 406, 406, 406, 406, 406, 406, 406,
    406, 407, 408, 442, 442, 442, 442, 442, 442, 442, 442, 442, 442, 442, 442, 442, 442, 474, 602, 406,
    406, 406, 406, 406, 406, 406, 406, 406, 406, 406, 406, 406, 406, 406, 407, 408, 474, 602, 406, 406,
    406, 406, 406, 406, 438, 438, 438, 438, 438, 438, 438, 438, 438, 438, 438, 438, 438, 438, 438, 438,
    438, 438, 438, 438, 440, 441, 442, 442, 442, 442, 442, 442, 442, 442, 442, 442, 442, 442, 442, 442,
    442, 442, 442, 474, 602, 438, 438, 438, 438, 438, 438, 438, 438, 438, 438, 438, 438, 440, 441, 442,
    442, 442, 474, 602, 438, 438, 438, 438, 470, 470, 470, 470, 470, 470, 470, 470, 470, 470, 470, 470,
    470, 470, 470, 470, 470, 470, 470, 471, 472, 472, 472, 472, 472, 472, 472, 472, 472, 472, 472, 472,
    472, 472, 472, 472, 472, 472, 472, 472, 472, 473, 470, 470, 470, 470, 470, 470, 470, 470, 470, 470,
    471, 472, 472, 472, 472, 472, 472, 472, 473, 470, 470, 470, 502, 502, 502, 503, 504, 600, 601, 502,
    502, 502, 502, 502, 502, 502, 502, 502, 502, 503, 504, 505, 506, 505, 505, 505, 505, 505, 505, 505,
    505, 505, 505, 505, 505, 505, 505, 505, 505, 505, 505, 505, 505, 505, 600, 601, 503, 504, 600, 601,
    502, 502, 503, 504, 505, 506, 505, 505, 505, 505, 505, 505, 505, 600, 601, 502, 534, 535, 536, 537,
    537, 537, 537, 632, 633, 534, 534, 534, 534, 534, 534, 535, 536, 537, 538, 537, 537, 537, 537, 537,
    537, 537, 537, 537, 537, 537, 537, 537, 537, 537, 537, 537, 537, 537, 537, 537, 537, 537, 537, 537,
    537, 537, 537, 537, 632, 536, 537, 537, 537, 537, 537, 537, 537, 537, 537, 537, 537, 537, 537, 632,
    567, 568, 569, 569, 569, 569, 569, 569, 569, 569, 570, 566, 566, 566, 567, 568, 569, 569, 569, 569,
    569, 569, 569, 569, 569, 569, 569, 569, 569, 569, 569, 569, 569, 569, 569, 569, 569, 569, 569, 569,
    569, 569, 569, 569, 569, 569, 569, 569, 569, 569, 569, 569, 569, 569, 569, 569, 569, 569, 569, 569,
    569, 569, 569, 569, 599, 599, 599, 599, 599, 598, 598, 599, 599, 599, 598, 599, 598, 599, 599, 599,
    599, 599, 599, 599, 599, 599, 599, 599, 599, 599, 599, 599, 599, 599, 599, 599, 599, 599, 599, 599,
    599, 599, 599, 599, 599, 599, 599, 599, 599, 599, 599, 599, 599, 599, 599, 599, 599, 599, 599, 599,
    599, 599, 599, 599, 599, 599, 599, 599, 630, 630, 630, 630, 630, 630, 630, 630, 630, 630, 630, 630,
    630, 630, 630, 630, 630, 630, 630, 630, 630, 630, 630, 630, 630, 630, 630, 630, 630, 630, 630, 630,
    630, 630, 630, 630, 630, 630, 630, 630, 630, 630, 630, 630, 630, 630, 630, 630, 630, 630, 630, 630,
    630, 630, 630, 630, 630, 630, 630, 630, 630, 630, 630, 630, 630, 630, 630, 630, 630, 630, 630, 630,
    630, 630, 630, 630, 630, 630, 630, 630, 630, 630, 630, 630, 630, 630, 630, 630, 630, 630, 630, 630,
    630, 630, 630, 630, 630, 630, 630, 630, 630, 630, 630, 630, 630, 630, 630, 630, 630, 630, 630, 630,
    630, 630, 630, 630, 630, 630, 630, 630, 630, 630, 630, 630, 630, 630, 630, 630, 630, 630, 630, 630,
    630, 630, 630, 630, 630, 630, 630, 630, 630, 630, 630, 630, 630, 630, 630, 630, 630, 630, 630, 630,
    630, 630, 630, 630, 630, 630, 630, 630, 630, 630, 630, 630, 630, 630, 630, 630, 630, 630, 630, 630,
    630, 630, 630, 630, 630, 630, 630, 630, 630, 630, 630, 630, 630, 630, 630, 630, 630, 630, 630, 630,
    630, 630, 630, 630, 630, 630, 630, 630, 630, 630, 630, 630, 630, 630, 630, 630, 630, 630, 630, 630,
    630, 630, 630, 630, 630, 630, 630, 630, 630, 630, 630, 630, 630, 630, 630, 630, 630, 630, 630, 630,
    630, 630, 630, 630, 630, 630, 630, 630, 630, 630, 630, 630, 630, 630, 630, 630, 630, 630, 630, 630,
    630, 630, 630, 630, 630, 630, 630, 630, 630, 630, 630, 630, 630, 630, 630, 630, 630, 630, 630, 630,
    630, 630, 630, 630, 630, 630, 630, 630, 630, 630, 630, 630, 630, 630, 630, 630, 630, 630, 630, 630,
    630, 630, 630, 630, 630, 630, 630, 630, 630, 630, 630, 630, 630, 630, 630, 630, 630, 630, 630, 630,
    630, 630, 630, 630, 630, 630, 630, 630, 630, 630, 630, 630, 630, 630, 630, 630, 630, 630, 630, 630,
    630, 630, 630, 630, 630, 630, 630, 630, 630, 630, 630, 630, 630, 630, 630, 630, 630, 630, 630, 630,
    630, 630, 630, 630, 630, 630, 630, 630, 630, 630, 630, 630, 630, 630, 630, 630, 630, 630, 630, 630,
    630, 630, 630, 630, 630, 630, 630, 630, 630, 630, 630, 630, 630, 630, 630, 630, 630, 630, 630, 630,
    630, 630, 630, 630, 630, 630, 630, 630, 630, 630, 630, 630, 630, 630, 630, 630, 630, 630, 630, 630,
    630, 630, 630, 630, 630, 630, 630, 630, 630, 630, 630, 630, 630, 630, 630, 630, 630, 630, 630, 630,
    630, 630, 630, 630, 630, 630, 630, 630, 630, 630, 630, 630, 630, 630, 630, 630, 630, 630, 630, 630,
    630, 630, 630, 630, 630, 630, 630, 630, 630, 630, 630, 630, 630, 630, 630, 630, 630, 630, 630, 630,
    630, 630, 630, 630, 630, 630, 630, 630, 630, 630, 630, 630, 630, 630, 630, 630, 630, 630, 630, 630,
    630, 630, 630, 630, 630, 630, 630, 630, 630, 630, 630, 630, 630, 630, 630, 630, 630, 630, 630, 630,
    630, 630, 630, 630, 630, 630, 630, 630, 630, 630, 630, 630, 630, 630, 630, 630, 630, 630, 630, 630,
    630, 630, 630, 630, 630, 630, 630, 630, 630, 630, 630, 630, 630, 630, 630, 630, 630, 630, 630, 630,
    630, 630, 630, 630, 630, 630, 630, 630, 630, 630, 630, 630, 630, 630, 630, 630, 630, 630, 630, 630,
    630, 630, 630, 630, 630, 630, 630, 630, 630, 630, 630, 630, 630, 630, 630, 630, 630, 630, 630, 630,
    630, 630, 630, 630, 630, 630, 630, 630, 630, 630, 630, 630, 630, 630, 630, 630, 630, 630, 630, 630,
    630, 630, 630, 630, 630, 630, 630, 630, 630, 630, 630, 630, 630, 630, 630, 630, 630, 630, 630, 630,
    630, 630, 630, 630, 630, 630, 630, 630, 630, 630, 630, 630, 630, 630, 630, 630, 630, 630, 630, 630,
    630, 630, 630, 630, 630, 630, 630, 630, 630, 630, 630, 630, 630, 630, 630, 630, 630, 630, 630, 630,
    630, 630, 630, 630, 630, 630, 630, 630, 630, 630, 630, 630, 630, 630, 630, 630, 630, 630, 630, 630,
    630, 630, 630, 630, 630, 630, 630, 630, 630, 630, 630, 630, 630, 630, 630, 630, 630, 630, 630, 630,
    630, 630, 630, 630, 630, 630, 630, 630, 630, 630, 630, 630, 630, 630, 630, 630, 630, 630, 630, 630,
    630, 630, 630, 630, 630, 630, 630, 630, 630, 630, 630, 630, 630, 630, 630, 630, 630, 630, 630, 630,
    630, 630, 630, 630, 630, 630, 630, 630, 630, 630, 630, 630, 630, 630, 630, 630, 630, 630, 630, 630,
    630, 630, 630, 630, 630, 630, 630, 630, 630, 630, 630, 630, 630, 630, 630, 630, 630, 630, 630, 630,
    630, 630, 630, 630, 630, 630, 630, 630, 630, 630, 630, 630, 630, 630, 630, 630, 630, 630, 630, 630,
    630, 630, 630, 630, 630, 630, 630, 630, 630, 630, 630, 630, 630, 630, 630, 630, 630, 630, 630, 630,
    630, 630, 630, 630, 630, 630, 630, 630, 630, 630, 630, 630, 630, 630, 630, 630, 630, 630, 630, 630,
    630, 630, 630, 630, 630, 630, 630, 630, 630, 630, 630, 630, 630, 630, 630, 630, 630, 630, 630, 630,
    630, 630, 630, 630, 630, 630, 630, 630, 630, 630, 630, 630, 630, 630, 630, 630, 630, 630, 630, 630,
    630, 630, 630, 630, 630, 630, 630, 630, 630, 630, 630, 630, 630, 630, 630, 630, 630, 630, 630, 630,
    630, 630, 630, 630, 630, 630, 630, 630, 630, 630, 630, 630, 630, 630, 630, 630, 630, 630, 630, 630,
    630, 630, 630, 630, 630, 630, 630, 630, 630, 630, 630, 630, 630, 630, 630, 630, 630, 630, 630, 630,
    630, 630, 630, 630, 630, 630, 630, 630, 630, 630, 630, 630, 630, 630, 630, 630, 630, 630, 630, 630,
    630, 630, 630, 630, 630, 630, 630, 630, 630, 630, 630, 630, 630, 630, 630, 630, 630, 630, 630, 630,
    630, 630, 630, 630, 630, 630, 630, 630, 630, 630, 630, 630, 630, 630, 630, 630, 630, 630, 630, 630,
    630, 630, 630, 630, 630, 630, 630, 630, 630, 630, 630, 630, 630, 630, 630, 630, 630, 630, 630, 630,
    630, 630, 630, 630, 630, 630, 630, 630, 630, 630, 630, 630, 630, 630, 630, 630, 630, 630, 630, 630,
    630, 630, 630, 630, 630, 630, 630, 630, 630, 630, 630, 630, 630, 630, 630, 630, 630, 630, 630, 630,
    630, 630, 630, 630, 630, 630, 630, 630, 630, 630, 630, 630, 630, 630, 630, 630, 630, 630, 630, 630,
    630, 630, 630, 630, 630, 630, 630, 630, 630, 630, 630, 630, 630, 630, 630, 630, 630, 630, 630, 630,
    630, 630, 630, 630, 630, 630, 630, 630, 630, 630, 630, 630, 630, 630, 630, 630, 630, 630, 630, 630,
    630, 630, 630, 630, 630, 630, 630, 630, 630, 630, 630, 630, 630, 630, 630, 630, 630, 630, 630, 630,
    630, 630, 630, 630, 630, 630, 630, 630, 630, 630, 630, 630, 630, 630, 630, 630, 630, 630, 630, 630,
    630, 630, 630, 630, 630, 630, 630, 630, 630, 630, 630, 630, 630, 630, 630, 630, 630, 630, 630, 630,
    630, 630, 630, 630, 630, 630, 630, 630, 630, 630, 630, 630, 630, 630, 630, 630, 630, 630, 630, 630,
    630, 630, 630, 630, 630, 630, 630, 630, 630, 630, 630, 630, 630, 630, 630, 630, 630, 630, 630, 630,
    630, 630, 630, 630, 630, 630, 630, 630, 630, 630, 630, 630, 630, 630, 630, 630, 630, 630, 630, 630,
    630, 630, 630, 630, 630, 630, 630, 630, 630, 630, 630, 630, 630, 630, 630, 630, 630, 630, 630, 630,
    630, 630, 630, 630, 630, 630, 630, 630
};

const u16 gb_level10_collision[21504] = {
    14, 14, 14, 14, 14, 14, 14, 14, 14, 14, 14, 14, 14, 14, 14, 14, 14, 14, 14, 14, 14, 14, 14, 14,
    14, 14, 14, 14, 14, 14, 14, 14, 14, 14, 14, 14, 14, 14, 14, 14, 14, 14, 14, 14, 14, 14, 14, 14,
    14, 14, 14, 14, 14, 14, 14, 14, 14, 14, 14, 14, 14, 14, 14, 14, 14, 14, 14, 14, 14, 14, 14, 14,
    14, 14, 14, 14, 14, 14, 14, 14, 14, 14, 14, 14, 14, 14, 14, 14, 14, 14, 14, 14, 14, 14, 14, 14,
    14, 14, 14, 14, 14, 14, 14, 14, 14, 14, 14, 14, 14, 14, 14, 14, 14, 14, 14, 14, 14, 14, 14, 14,
    14, 14, 14, 14, 14, 14, 14, 14, 14, 14, 14, 14, 14, 14, 14, 14, 14, 14, 14, 14, 14, 14, 14, 14,
    14, 14, 14, 14, 14, 14, 14, 14, 14, 14, 14, 14, 14, 14, 14, 14, 14, 14, 14, 14, 14, 14, 14, 14,
    14, 14, 14, 14, 14, 14, 14, 14, 14, 14, 14, 14, 14, 14, 14, 14, 14, 14, 14, 14, 14, 14, 14, 14,
    14, 14, 14, 14, 14, 14, 14, 14, 14, 14, 14, 14, 14, 14, 14, 14, 14, 14, 14, 14, 14, 14, 14, 14,
    14, 14, 14, 14, 14, 14, 14, 14, 14, 14, 14, 14, 14, 14, 14, 14, 14, 14, 14, 14, 14, 14, 14, 14,
    14, 14, 14, 14, 14, 14, 14, 14, 14, 14, 14, 14, 14, 14, 14, 14, 14, 14, 14, 14, 14, 14, 14, 14,
    14, 14, 14, 14, 14, 14, 14, 14, 14, 14, 14, 14, 14, 14, 14, 14, 14, 14, 14, 14, 14, 14, 14, 14,
    14, 14, 14, 14, 14, 14, 14, 14, 14, 14, 14, 14, 14, 14, 14, 14, 14, 14, 14, 14, 14, 14, 14, 14,
    14, 14, 14, 14, 14, 14, 14, 14, 14, 14, 14, 14, 14, 14, 14, 14, 14, 14, 14, 14, 14, 14, 14, 14,
    14, 14, 14, 14, 14, 14, 14, 14, 14, 14, 14, 14, 14, 14, 14, 14, 14, 14, 14, 14, 14, 14, 14, 14,
    14, 14, 14, 14, 14, 14, 14, 14, 14, 14, 14, 14, 14, 14, 14, 14, 14, 14, 14, 14, 14, 14, 14, 14,
    14, 14, 14, 14, 14, 14, 14, 14, 14, 14, 14, 14, 14, 14, 14, 14, 14, 14, 14, 14, 14, 14, 14, 14,
    14, 14, 14, 14, 14, 14, 14, 14, 14, 14, 14, 14, 14, 14, 14, 14, 14, 14, 14, 14, 14, 14, 14, 14,
    14, 14, 14, 14, 14, 14, 14, 14, 14, 14, 14, 14, 14, 14, 14, 14, 14, 14, 14, 14, 14, 14, 14, 14,
    14, 14, 14, 14, 14, 14, 14, 14, 14, 14, 14, 14, 14, 14, 14, 14, 14, 14, 14, 14, 14, 14, 14, 14,
    14, 14, 14, 14, 14, 14, 14, 14, 14, 14, 14, 14, 14, 14, 14, 14, 14, 14, 14, 14, 14, 14, 14, 14,
    14, 14, 14, 14, 14, 14, 14, 14, 14, 14, 14, 14, 14, 14, 14, 14, 14, 14, 14, 14, 14, 14, 14, 14,
    14, 14, 14, 14, 14, 14, 14, 14, 14, 14, 14, 14, 14, 14, 14, 14, 14, 14, 14, 14, 14, 14, 14, 14,
    14, 14, 14, 14, 14, 14, 14, 14, 14, 14, 14, 14, 14, 14, 14, 14, 14, 14, 14, 14, 14, 14, 14, 14,
    14, 14, 14, 14, 14, 14, 14, 14, 14, 14, 14, 14, 14, 14, 14, 14, 14, 14, 14, 14, 14, 14, 14, 14,
    14, 14, 14, 14, 14, 14, 14, 14, 14, 14, 14, 14, 14, 14, 14, 14, 14, 14, 14, 14, 14, 14, 14, 14,
    14, 14, 14, 14, 14, 14, 14, 14, 14, 14, 14, 14, 14, 14, 14, 14, 14, 14, 14, 14, 14, 14, 14, 14,
    14, 14, 14, 14, 14, 14, 14, 14, 14, 14, 14, 14, 14, 14, 14, 14, 14, 14, 14, 14, 14, 14, 14, 14,
    14, 14, 14, 14, 14, 14, 14, 14, 14, 14, 14, 14, 14, 14, 14, 14, 14, 14, 14, 14, 14, 14, 14, 14,
    14, 14, 14, 14, 14, 14, 14, 14, 14, 14, 14, 14, 14, 14, 14, 14, 14, 14, 14, 14, 14, 14, 14, 14,
    14, 14, 14, 14, 14, 14, 14, 14, 14, 14, 14, 14, 14, 14, 14, 14, 14, 14, 14, 14, 14, 14, 14, 14,
    14, 14, 14, 14, 14, 14, 14, 14, 14, 14, 14, 14, 14, 14, 14, 14, 14, 14, 14, 14, 14, 14, 14, 14,
    14, 14, 14, 14, 14, 14, 14, 14, 14, 14, 14, 14, 14, 14, 14, 14, 14, 14, 14, 14, 14, 14, 14, 14,
    14, 14, 14, 14, 14, 14, 14, 14, 14, 14, 14, 14, 14, 14, 14, 14, 14, 14, 14, 14, 14, 14, 14, 14,
    14, 14, 14, 14, 14, 14, 14, 14, 14, 14, 14, 14, 14, 14, 14, 14, 14, 14, 14, 14, 14, 14, 14, 14,
    14, 14, 14, 14, 14, 14, 14, 14, 14, 14, 14, 14, 14, 14, 14, 14, 14, 14, 14, 14, 14, 14, 14, 14,
    14, 14, 14, 14, 14, 14, 14, 14, 14, 14, 14, 14, 14, 14, 14, 14, 14, 14, 14, 14, 14, 14, 14, 14,
    14, 14, 14, 14, 14, 14, 14, 14, 14, 14, 14, 14, 14, 14, 14, 14, 14, 14, 14, 14, 14, 14, 14, 14,
    14, 14, 14, 14, 14, 14, 14, 14, 14, 14, 14, 14, 14, 14, 14, 14, 14, 14, 14, 14, 14, 14, 14, 14,
    14, 14, 14, 14, 14, 14, 14, 14, 14, 14, 14, 14, 14, 14, 14, 14, 14, 14, 14, 14, 14, 14, 14, 14,
    14, 14, 14, 14, 14, 14, 14, 14, 14, 14, 14, 14, 14, 14, 14, 14, 14, 14, 14, 14, 14, 14, 14, 14,
    14, 14, 14, 14, 14, 14, 14, 14, 14, 14, 14, 14, 14, 14, 14, 14, 14, 14, 14, 14, 14, 14, 14, 14,
    14, 14, 14, 14, 14, 14, 14, 14, 14, 14, 14, 14, 14, 14, 14, 14, 14, 14, 14, 14, 14, 14, 14, 14,
    14, 14, 14, 14, 14, 14, 14, 14, 14, 14, 14, 14, 14, 14, 14, 14, 14, 14, 14, 14, 14, 14, 14, 14,
    14, 14, 14, 14, 14, 14, 14, 14, 14, 14, 14, 14, 14, 14, 14, 14, 14, 14, 14, 14, 14, 14, 14, 14,
    14, 14, 14, 14, 14, 14, 14, 14, 14, 14, 14, 14, 14, 14, 14, 14, 14, 14, 14, 14, 14, 14, 14, 14,
    14, 14, 14, 14, 14, 14, 14, 14, 14, 14, 14, 14, 14, 14, 14, 14, 14, 14, 14, 14, 14, 14, 14, 14,
    14, 14, 14, 14, 14, 14, 14, 14, 14, 14, 14, 14, 14, 14, 14, 14, 14, 14, 14, 14, 14, 14, 14, 14,
    14, 14, 14, 14, 14, 14, 14, 14, 14, 14, 14, 14, 14, 14, 14, 14, 14, 14, 14, 14, 14, 14, 14, 14,
    14, 14, 14, 14, 14, 14, 14, 14, 14, 14, 14, 14, 0, 0, 0, 0, 0, 0, 0, 0, 14, 14, 0, 0,
    0, 0, 0, 0, 0, 0, 0, 0, 0, 0, 0, 0, 14, 14, 0, 0, 0, 0, 0, 0, 0, 0, 14, 14,
    14, 14, 14, 14, 14, 14, 14, 14, 14, 14, 14, 14, 14, 14, 14, 14, 14, 14, 14, 14, 14, 14, 14, 14,
    14, 14, 14, 14, 14, 14, 14, 14, 14, 14, 14, 14, 14, 14, 14, 14, 14, 14, 14, 14, 14, 14, 14, 14,
    14, 14, 14, 14, 14, 14, 14, 14, 14, 14, 14, 14, 14, 14, 14, 14, 14, 14, 14, 14, 14, 14, 14, 14,
    14, 14, 14, 14, 14, 14, 14, 14, 14, 14, 14, 14, 14, 14, 14, 14, 14, 14, 14, 14, 14, 14, 14, 14,
    14, 14, 14, 14, 14, 14, 14, 14, 14, 14, 14, 14, 14, 14, 14, 14, 14, 14, 14, 14, 14, 14, 14, 14,
    14, 14, 14, 14, 14, 14, 14, 14, 14, 14, 14, 14, 0, 0, 0, 0, 0, 0, 0, 0, 14, 14, 0, 0,
    0, 0, 0, 0, 0, 0, 0, 0, 0, 0, 0, 0, 14, 14, 0, 0, 0, 0, 0, 0, 0, 0, 14, 14,
    14, 14, 14, 14, 14, 14, 14, 14, 14, 14, 14, 14, 14, 14, 14, 14, 14, 14, 14, 14, 14, 14, 14, 14,
    14, 14, 14, 14, 14, 14, 14, 14, 14, 14, 14, 14, 14, 14, 14, 14, 14, 14, 14, 14, 14, 14, 14, 14,
    14, 14, 14, 14, 14, 14, 14, 14, 14, 14, 14, 14, 14, 14, 14, 14, 14, 14, 14, 14, 14, 14, 14, 14,
    14, 14, 14, 14, 14, 14, 14, 14, 14, 14, 14, 14, 14, 14, 14, 14, 14, 14, 14, 14, 14, 14, 14, 14,
    14, 14, 14, 14, 14, 14, 14, 14, 14, 14, 14, 14, 14, 14, 14, 14, 14, 14, 14, 14, 14, 14, 14, 14,
    14, 14, 14, 14, 14, 14, 14, 14, 14, 14, 14, 14, 0, 0, 0, 0, 0, 0, 0, 0, 14, 14, 0, 0,
    0, 0, 0, 0, 0, 0, 0, 0, 0, 0, 0, 0, 14, 14, 0, 0, 0, 0, 0, 0, 0, 0, 14, 14,
    14, 14, 14, 14, 14, 14, 14, 14, 14, 14, 14, 14, 14, 14, 14, 14, 14, 14, 14, 14, 14, 14, 14, 14,
    14, 14, 14, 14, 14, 14, 14, 14, 14, 14, 14, 14, 14, 14, 14, 14, 14, 14, 14, 14, 14, 14, 14, 14,
    14, 14, 14, 14, 14, 14, 14, 14, 14, 14, 14, 14, 14, 14, 14, 14, 14, 14, 14, 14, 14, 14, 14, 14,
    14, 14, 14, 14, 14, 14, 14, 14, 14, 14, 14, 14, 14, 14, 14, 14, 14, 14, 14, 14, 14, 14, 14, 14,
    14, 14, 14, 14, 14, 14, 14, 14, 14, 14, 14, 14, 14, 14, 14, 14, 14, 14, 14, 14, 14, 14, 14, 14,
    14, 14, 14, 14, 14, 14, 14, 14, 14, 14, 14, 14, 0, 0, 0, 14, 14, 0, 0, 0, 14, 14, 0, 0,
    0, 14, 14, 14, 14, 14, 14, 14, 14, 0, 0, 0, 14, 14, 0, 0, 0, 14, 14, 0, 0, 0, 14, 14,
    14, 14, 14, 14, 14, 14, 14, 14, 14, 14, 14, 14, 14, 14, 14, 14, 14, 14, 14, 14, 14, 14, 14, 14,
    14, 14, 14, 14, 14, 14, 14, 14, 14, 14, 14, 14, 14, 14, 14, 14, 14, 14, 14, 14, 14, 14, 14, 14,
    14, 14, 14, 14, 14, 14, 14, 14, 14, 14, 14, 14, 14, 14, 14, 14, 14, 14, 14, 14, 14, 14, 14, 14,
    14, 14, 14, 14, 14, 14, 14, 14, 14, 14, 14, 14, 14, 14, 14, 14, 14, 14, 14, 14, 14, 14, 14, 14,
    14, 14, 14, 14, 14, 14, 14, 14, 14, 14, 14, 14, 14, 14, 14, 14, 14, 14, 14, 14, 14, 14, 14, 14,
    14, 14, 14, 14, 14, 14, 14, 14, 14, 14, 14, 14, 0, 0, 0, 14, 14, 0, 0, 0, 14, 14, 0, 0,
    0, 14, 14, 14, 14, 14, 14, 14, 14, 0, 0, 0, 14, 14, 0, 0, 0, 14, 14, 0, 0, 0, 14, 14,
    14, 14, 14, 14, 14, 14, 14, 14, 14, 14, 14, 14, 14, 14, 14, 14, 14, 14, 14, 14, 14, 14, 14, 14,
    14, 14, 14, 14, 14, 14, 14, 14, 14, 14, 14, 14, 14, 14, 14, 14, 14, 14, 14, 14, 14, 14, 14, 14,
    14, 14, 14, 14, 14, 14, 14, 14, 14, 14, 14, 14, 14, 14, 14, 14, 14, 14, 14, 14, 14, 14, 14, 14,
    14, 14, 14, 14, 14, 14, 14, 14, 14, 14, 14, 14, 14, 14, 14, 14, 14, 14, 14, 14, 14, 14, 14, 14,
    14, 14, 14, 14, 14, 14, 14, 14, 14, 14, 14, 14, 14, 14, 14, 14, 14, 14, 14, 14, 14, 14, 14, 14,
    14, 14, 14, 14, 14, 14, 14, 14, 14, 14, 14, 14, 0, 0, 0, 14, 14, 0, 0, 0, 14, 14, 14, 14,
    14, 14, 14, 14, 14, 14, 14, 14, 14, 0, 0, 0, 14, 14, 0, 0, 0, 14, 14, 0, 0, 0, 14, 14,
    14, 14, 14, 14, 14, 14, 14, 14, 14, 14, 14, 14, 14, 14, 14, 14, 14, 14, 14, 14, 14, 14, 14, 14,
    14, 14, 14, 14, 14, 14, 14, 14, 14, 14, 14, 14, 14, 14, 14, 14, 14, 14, 14, 14, 14, 14, 14, 14,
    14, 14, 14, 14, 14, 14, 14, 14, 14, 14, 14, 14, 14, 14, 14, 14, 14, 14, 14, 14, 14, 14, 14, 14,
    14, 14, 14, 14, 14, 14, 14, 14, 14, 14, 14, 14, 14, 14, 14, 14, 14, 14, 14, 14, 14, 14, 14, 14,
    14, 14, 14, 14, 14, 14, 14, 14, 14, 14, 14, 14, 14, 14, 14, 14, 14, 14, 14, 14, 14, 14, 14, 14,
    14, 14, 14, 14, 14, 14, 14, 14, 14, 14, 14, 14, 0, 0, 0, 14, 14, 0, 0, 0, 14, 14, 14, 14,
    14, 14, 14, 14, 14, 14, 14, 14, 14, 0, 0, 0, 14, 14, 0, 0, 0, 14, 14, 0, 0, 0, 14, 14,
    14, 14, 14, 14, 14, 14, 14, 14, 14, 14, 14, 14, 14, 14, 14, 14, 14, 14, 14, 14, 14, 14, 14, 14,
    14, 14, 14, 14, 14, 14, 14, 14, 14, 14, 14, 14, 14, 14, 14, 14, 14, 14, 14, 14, 14, 14, 14, 14,
    14, 14, 14, 14, 14, 14, 14, 14, 14, 14, 14, 14, 14, 14, 14, 14, 14, 14, 14, 14, 14, 14, 14, 14,
    14, 14, 14, 14, 14, 14, 14, 14, 14, 14, 14, 14, 14, 14, 14, 14, 14, 14, 14, 14, 14, 14, 14, 14,
    14, 14, 14, 14, 14, 14, 14, 14, 14, 14, 14, 14, 14, 14, 14, 14, 14, 14, 14, 14, 14, 14, 14, 14,
    14, 14, 14, 14, 14, 14, 14, 14, 14, 14, 14, 14, 0, 0, 0, 14, 14, 0, 0, 0, 0, 0, 0, 0,
    0, 0, 0, 0, 0, 0, 0, 0, 0, 0, 0, 0, 14, 14, 0, 0, 0, 14, 14, 0, 0, 0, 14, 14,
    14, 14, 14, 14, 14, 14, 14, 14, 14, 14, 14, 14, 14, 14, 14, 14, 14, 14, 14, 14, 14, 14, 14, 14,
    14, 14, 14, 14, 14, 14, 14, 14, 14, 14, 14, 14, 14, 14, 14, 14, 14, 14, 14, 14, 14, 14, 14, 14,
    14, 14, 14, 14, 14, 14, 14, 14, 14, 14, 14, 14, 14, 14, 14, 14, 14, 14, 14, 14, 14, 14, 14, 14,
    14, 14, 14, 14, 14, 14, 14, 14, 14, 14, 14, 14, 14, 14, 14, 14, 14, 14, 14, 14, 14, 14, 14, 14,
    14, 14, 14, 14, 14, 14, 14, 14, 14, 14, 14, 14, 14, 14, 14, 14, 14, 14, 14, 14, 14, 14, 14, 14,
    14, 14, 14, 14, 14, 14, 14, 14, 14, 14, 14, 14, 0, 0, 0, 14, 14, 0, 0, 0, 0, 0, 0, 0,
    0, 0, 0, 0, 0, 0, 0, 0, 0, 0, 0, 0, 14, 14, 0, 0, 0, 14, 14, 0, 0, 0, 14, 14,
    14, 14, 14, 14, 14, 14, 14, 14, 14, 14, 14, 14, 14, 14, 14, 14, 14, 14, 14, 14, 14, 14, 14, 14,
    14, 14, 14, 14, 14, 14, 14, 14, 14, 14, 14, 14, 14, 14, 14, 14, 14, 14, 14, 14, 14, 14, 14, 14,
    14, 14, 14, 14, 14, 14, 14, 14, 14, 14, 14, 14, 14, 14, 14, 14, 14, 14, 14, 14, 14, 14, 14, 14,
    14, 14, 14, 14, 14, 14, 14, 14, 14, 14, 14, 14, 14, 14, 14, 14, 14, 14, 14, 14, 14, 14, 14, 14,
    14, 14, 14, 14, 14, 14, 14, 14, 14, 14, 14, 14, 14, 14, 14, 14, 14, 14, 14, 14, 14, 14, 14, 14,
    14, 14, 14, 14, 14, 14, 14, 14, 14, 14, 14, 14, 0, 0, 0, 14, 14, 0, 0, 0, 0, 0, 0, 0,
    0, 0, 0, 0, 0, 0, 0, 0, 0, 0, 0, 0, 14, 14, 14, 14, 14, 14, 14, 0, 0, 0, 14, 14,
    14, 14, 14, 14, 14, 14, 14, 14, 14, 14, 14, 14, 14, 14, 14, 14, 14, 14, 14, 14, 14, 14, 14, 14,
    14, 14, 14, 14, 14, 14, 14, 14, 14, 14, 14, 14, 14, 14, 14, 14, 14, 14, 14, 14, 14, 14, 14, 14,
    14, 14, 14, 14, 14, 14, 14, 14, 14, 14, 14, 14, 14, 14, 14, 14, 14, 14, 14, 14, 14, 14, 14, 14,
    14, 14, 14, 14, 14, 14, 14, 14, 14, 14, 14, 14, 14, 14, 14, 14, 14, 14, 14, 14, 14, 14, 14, 14,
    14, 14, 14, 14, 14, 14, 14, 14, 14, 14, 14, 14, 14, 14, 14, 14, 14, 14, 14, 14, 14, 14, 14, 14,
    14, 14, 14, 14, 14, 14, 14, 14, 14, 14, 14, 14, 14, 14, 14, 14, 14, 14, 14, 14, 14, 0, 0, 0,
    14, 14, 14, 14, 14, 14, 14, 14, 14, 0, 0, 0, 14, 14, 14, 14, 14, 14, 14, 0, 0, 0, 14, 14,
    14, 14, 14, 14, 14, 14, 14, 14, 14, 14, 14, 14, 14, 14, 14, 14, 14, 14, 14, 14, 14, 14, 14, 14,
    14, 14, 14, 14, 14, 14, 14, 14, 14, 14, 14, 14, 14, 14, 14, 14, 14, 14, 14, 14, 14, 14, 14, 14,
    14, 14, 14, 14, 14, 14, 14, 14, 14, 14, 14, 14, 14, 14, 14, 14, 14, 14, 14, 14, 14, 14, 14, 14,
    14, 14, 14, 14, 14, 14, 14, 14, 14, 14, 14, 14, 14, 14, 14, 14, 14, 14, 14, 14, 14, 14, 14, 14,
    14, 14, 14, 14, 14, 14, 14, 14, 14, 14, 14, 14, 14, 14, 14, 14, 14, 14, 14, 14, 14, 14, 14, 14,
    14, 14, 14, 14, 14, 14, 14, 14, 14, 14, 14, 14, 14, 14, 14, 14, 14, 14, 14, 14, 14, 0, 0, 0,
    14, 14, 14, 14, 14, 14, 14, 14, 14, 0, 0, 0, 0, 0, 0, 0, 0, 0, 0, 0, 0, 0, 14, 14,
    14, 14, 14, 14, 14, 14, 14, 14, 14, 14, 14, 14, 14, 14, 14, 14, 14, 14, 14, 14, 14, 14, 14, 14,
    14, 14, 14, 14, 14, 14, 14, 14, 14, 14, 14, 14, 14, 14, 14, 14, 14, 14, 14, 14, 14, 14, 14, 14,
    14, 14, 14, 14, 14, 0, 0, 0, 0, 0, 0, 0, 14, 14, 14, 14, 14, 14, 14, 14, 14, 14, 14, 14,
    14, 14, 14, 14, 14, 14, 14, 14, 14, 14, 14, 14, 14, 14, 14, 14, 14, 14, 14, 14, 14, 14, 14, 14,
    14, 14, 14, 14, 14, 14, 14, 14, 14, 14, 14, 14, 14, 14, 14, 14, 14, 14, 14, 14, 14, 14, 14, 14,
    14, 14, 14, 14, 14, 14, 0, 0, 0, 0, 0, 0, 0, 0, 0, 0, 0, 0, 0, 0, 0, 0, 0, 0,
    0, 0, 0, 0, 0, 0, 0, 14, 14, 14, 0, 0, 0, 0, 0, 0, 0, 0, 0, 0, 0, 0, 14, 14,
    14, 14, 14, 14, 14, 14, 14, 14, 14, 14, 14, 14, 14, 14, 14, 14, 14, 14, 14, 14, 14, 14, 14, 14,
    14, 14, 14, 14, 14, 14, 14, 14, 14, 14, 14, 14, 14, 14, 14, 14, 14, 14, 0, 0, 0, 0, 0, 0,
    0, 0, 0, 0, 0, 0, 0, 0, 0, 0, 0, 0, 0, 0, 14, 14, 14, 14, 14, 14, 14, 14, 14, 14,
    14, 14, 14, 14, 14, 14, 14, 14, 14, 14, 14, 14, 14, 14, 14, 14, 14, 14, 14, 14, 14, 14, 14, 14,
    14, 14, 14, 14, 14, 14, 14, 14, 14, 14, 14, 14, 14, 14, 14, 14, 14, 14, 14, 14, 14, 14, 14, 14,
    14, 14, 14, 14, 14, 14, 0, 0, 0, 0, 0, 0, 0, 0, 0, 0, 0, 0, 0, 0, 0, 0, 0, 0,
    0, 0, 0, 0, 0, 0, 0, 14, 14, 14, 0, 0, 0, 0, 0, 0, 0, 0, 0, 0, 0, 0, 14, 14,
    14, 14, 14, 14, 14, 14, 14, 14, 14, 14, 14, 14, 14, 14, 14, 14, 14, 14, 14, 14, 14, 14, 14, 14,
    14, 14, 14, 14, 14, 14, 14, 14, 14, 14, 14, 14, 14, 0, 0, 0, 0, 0, 0, 0, 0, 0, 0, 0,
    0, 0, 0, 0, 0, 0, 0, 0, 0, 0, 0, 0, 0, 0, 0, 0, 0, 14, 14, 14, 14, 14, 14, 14,
    14, 14, 14, 14, 14, 14, 14, 14, 14, 14, 14, 14, 14, 14, 14, 14, 14, 14, 14, 14, 14, 14, 14, 14,
    14, 14, 14, 14, 14, 14, 14, 14, 14, 14, 14, 14, 14, 14, 14, 14, 14, 14, 14, 14, 14, 14, 14, 14,
    14, 14, 14, 14, 14, 14, 0, 0, 0, 0, 0, 0, 0, 0, 0, 0, 0, 0, 0, 0, 0, 0, 0, 0,
    0, 0, 0, 0, 0, 0, 0, 14, 14, 14, 14, 14, 14, 14, 14, 14, 14, 14, 14, 0, 0, 0, 14, 14,
    14, 14, 14, 14, 14, 14, 14, 14, 14, 14, 14, 14, 14, 14, 14, 14, 14, 14, 14, 14, 14, 14, 14, 14,
    14, 14, 14, 14, 14, 14, 14, 14, 14, 14, 14, 14, 14, 0, 0, 0, 0, 0, 0, 0, 0, 0, 0, 0,
    0, 0, 0, 0, 0, 0, 0, 14, 14, 0, 0, 0, 0, 0, 0, 0, 0, 14, 14, 14, 14, 14, 14, 14,
    14, 14, 14, 14, 14, 14, 14, 14, 14, 14, 14, 14, 14, 14, 14, 14, 14, 14, 14, 14, 14, 14, 14, 14,
    14, 14, 14, 14, 14, 14, 14, 14, 14, 14, 14, 14, 14, 14, 14, 14, 14, 14, 14, 14, 14, 14, 14, 14,
    14, 14, 14, 14, 14, 14, 0, 0, 0, 14, 14, 0, 0, 0, 14, 14, 14, 14, 14, 14, 14, 14, 14, 14,
    14, 14, 0, 0, 0, 0, 0, 14, 14, 14, 14, 14, 14, 14, 14, 14, 14, 14, 14, 0, 0, 0, 14, 14,
    14, 14, 14, 14, 14, 14, 14, 14, 14, 14, 14, 14, 14, 14, 14, 14, 14, 14, 14, 14, 14, 14, 14, 14,
    14, 14, 14, 14, 14, 14, 14, 14, 0, 0, 0, 0, 0, 0, 0, 0, 0, 0, 0, 0, 0, 0, 0, 0,
    0, 0, 0, 14, 14, 0, 0, 14, 14, 0, 0, 0, 0, 0, 0, 0, 0, 0, 14, 14, 14, 14, 14, 14,
    14, 14, 14, 14, 14, 14, 14, 14, 14, 14, 14, 14, 14, 14, 14, 14, 14, 14, 14, 14, 14, 14, 14, 14,
    14, 14, 14, 14, 14, 14, 14, 14, 14, 14, 14, 14, 14, 14, 14, 14, 14, 14, 14, 14, 14, 14, 14, 14,
    14, 14, 14, 14, 14, 14, 0, 0, 0, 14, 14, 0, 0, 0, 14, 14, 14, 14, 14, 14, 14, 14, 14, 14,
    14, 14, 0, 0, 0, 0, 0, 0, 0, 0, 0, 0, 0, 0, 0, 0, 0, 14, 14, 0, 0, 0, 14, 14,
    14, 14, 14, 14, 14, 14, 14, 14, 14, 14, 14, 14, 14, 14, 14, 14, 14, 14, 14, 14, 14, 14, 14, 14,
    14, 14, 14, 14, 14, 14, 14, 14, 0, 0, 0, 0, 0, 0, 0, 0, 0, 0, 0, 0, 0, 0, 0, 0,
    0, 14, 14, 14, 14, 14, 14, 0, 0, 0, 0, 0, 0, 0, 0, 0, 0, 0, 14, 14, 14, 14, 14, 14,
    14, 14, 14, 14, 14, 14, 14, 14, 14, 14, 14, 14, 14, 14, 14, 14, 14, 14, 14, 14, 14, 14, 14, 14,
    14, 14, 14, 14, 14, 14, 14, 14, 14, 14, 14, 14, 14, 14, 14, 14, 14, 14, 14, 14, 14, 14, 14, 14,
    14, 14, 14, 14, 14, 14, 0, 0, 0, 14, 14, 0, 0, 0, 14, 14, 14, 0, 0, 0, 0, 0, 0, 0,
    14, 14, 0, 0, 0, 0, 0, 0, 0, 0, 0, 0, 0, 0, 0, 0, 0, 14, 14, 0, 0, 0, 14, 14,
    14, 14, 14, 14, 14, 14, 14, 14, 14, 14, 14, 14, 14, 14, 14, 14, 14, 14, 14, 14, 14, 14, 14, 14,
    14, 14, 14, 14, 14, 14, 14, 14, 0, 0, 0, 0, 0, 0, 0, 0, 0, 0, 0, 0, 0, 0, 0, 14,
    14, 14, 0, 0, 0, 14, 0, 0, 0, 0, 0, 0, 0, 0, 0, 0, 0, 0, 14, 14, 14, 14, 14, 14,
    14, 14, 14, 14, 14, 14, 14, 14, 14, 14, 14, 14, 14, 14, 14, 14, 14, 14, 14, 14, 14, 14, 14, 14,
    14, 14, 14, 14, 14, 14, 14, 14, 14, 14, 14, 14, 14, 14, 14, 14, 14, 14, 14, 14, 14, 14, 14, 14,
    14, 14, 14, 14, 14, 14, 0, 0, 0, 14, 14, 0, 0, 0, 14, 14, 14, 0, 0, 0, 0, 0, 0, 0,
    14, 14, 0, 0, 0, 0, 0, 0, 0, 0, 0, 0, 0, 0, 0, 0, 0, 14, 14, 0, 0, 0, 14, 14,
    14, 14, 14, 14, 14, 14, 14, 14, 14, 14, 14, 14, 14, 14, 14, 14, 14, 14, 14, 14, 14, 14, 14, 14,
    14, 14, 14, 14, 14, 14, 14, 14, 0, 0, 0, 0, 0, 0, 0, 0, 0, 0, 14, 14, 14, 14, 14, 14,
    0, 0, 0, 0, 14, 14, 0, 0, 0, 0, 0, 0, 0, 0, 0, 0, 0, 0, 14, 14, 14, 14, 14, 14,
    14, 14, 14, 14, 14, 14, 14, 14, 14, 14, 14, 14, 14, 14, 14, 14, 14, 14, 14, 14, 14, 14, 14, 14,
    14, 14, 14, 14, 14, 14, 14, 14, 14, 14, 14, 14, 14, 14, 14, 14, 14, 14, 14, 14, 14, 14, 14, 14,
    14, 14, 14, 14, 14, 14, 0, 0, 0, 14, 14, 0, 0, 0, 14, 14, 0, 0, 0, 0, 0, 0, 0, 0,
    14, 14, 0, 0, 0, 14, 14, 14, 14, 14, 14, 14, 14, 14, 14, 14, 14, 14, 14, 0, 0, 0, 14, 14,
    14, 14, 14, 14, 14, 14, 14, 14, 14, 14, 14, 14, 14, 14, 14, 14, 14, 14, 14, 14, 14, 14, 14, 14,
    14, 14, 14, 14, 14, 14, 14, 0, 0, 0, 0, 0, 0, 0, 0, 0, 0, 14, 14, 0, 0, 0, 0, 0,
    0, 0, 0, 0, 14, 0, 0, 0, 0, 0, 0, 0, 0, 0, 0, 0, 0, 14, 14, 14, 14, 14, 14, 14,
    14, 14, 14, 14, 14, 14, 14, 14, 14, 14, 14, 14, 14, 14, 14, 14, 14, 14, 14, 14, 14, 14, 14, 14,
    14, 14, 14, 14, 14, 14, 14, 14, 14, 14, 14, 14, 14, 14, 14, 14, 14, 14, 14, 14, 14, 14, 14, 14,
    14, 14, 14, 14, 14, 14, 0, 0, 0, 14, 14, 0, 0, 0, 14, 14, 0, 0, 0, 14, 14, 0, 0, 0,
    14, 14, 0, 0, 0, 14, 14, 14, 14, 14, 14, 14, 14, 14, 14, 14, 14, 14, 14, 0, 0, 0, 14, 14,
    14, 14, 14, 14, 14, 0, 0, 0, 14, 14, 14, 14, 14, 14, 14, 14, 14, 14, 14, 14, 14, 14, 14, 14,
    14, 14, 14, 14, 14, 14, 14, 0, 0, 0, 0, 0, 0, 0, 0, 0, 0, 14, 0, 0, 0, 0, 0, 0,
    0, 0, 0, 0, 14, 0, 0, 0, 0, 0, 0, 0, 0, 0, 0, 0, 0, 14, 14, 14, 14, 14, 14, 14,
    14, 14, 14, 14, 14, 14, 14, 14, 14, 14, 14, 14, 14, 14, 14, 14, 14, 14, 14, 14, 14, 14, 14, 14,
    14, 14, 14, 14, 14, 14, 14, 14, 14, 14, 14, 14, 14, 14, 14, 14, 14, 14, 14, 14, 14, 14, 14, 14,
    14, 14, 14, 14, 14, 14, 0, 0, 0, 0, 0, 0, 0, 0, 0, 0, 0, 0, 0, 14, 14, 0, 0, 0,
    14, 14, 0, 0, 0, 0, 0, 0, 0, 0, 0, 0, 0, 0, 0, 0, 14, 14, 14, 0, 0, 0, 14, 14,
    14, 14, 14, 14, 14, 0, 0, 0, 14, 14, 14, 14, 14, 14, 14, 14, 14, 14, 14, 14, 14, 14, 14, 14,
    14, 14, 14, 14, 14, 0, 0, 0, 0, 0, 0, 0, 0, 0, 0, 14, 14, 14, 0, 0, 0, 0, 0, 0,
    0, 0, 0, 14, 14, 0, 0, 0, 0, 0, 0, 0, 0, 0, 0, 0, 0, 14, 14, 14, 14, 14, 14, 14,
    14, 14, 14, 14, 14, 14, 14, 14, 14, 14, 14, 14, 14, 14, 14, 14, 14, 14, 14, 14, 14, 14, 14, 14,
    14, 14, 14, 14, 14, 14, 14, 14, 14, 14, 14, 14, 14, 14, 14, 14, 14, 14, 14, 14, 14, 14, 14, 14,
    14, 14, 14, 14, 14, 14, 0, 0, 0, 0, 0, 0, 0, 0, 0, 0, 0, 0, 0, 14, 14, 0, 0, 0,
    14, 14, 0, 0, 0, 0, 0, 0, 0, 0, 0, 0, 0, 0, 0, 0, 14, 14, 14, 0, 0, 0, 14, 14,
    14, 14, 14, 14, 14, 0, 0, 0, 14, 14, 14, 14, 14, 14, 14, 14, 14, 14, 14, 14, 14, 14, 14, 14,
    14, 14, 14, 14, 14, 0, 0, 0, 0, 0, 0, 0, 0, 0, 0, 14, 0, 0, 0, 0, 0, 0, 0, 0,
    0, 0, 0, 14, 0, 0, 0, 0, 0, 0, 0, 0, 0, 0, 0, 0, 14, 14, 14, 14, 14, 14, 14, 14,
    14, 14, 14, 14, 14, 14, 14, 14, 14, 14, 14, 14, 14, 14, 14, 14, 14, 14, 14, 14, 14, 14, 14, 14,
    14, 14, 14, 14, 14, 14, 14, 14, 14, 14, 14, 14, 14, 14, 14, 14, 14, 14, 14, 14, 14, 14, 14, 14,
    14, 14, 14, 14, 14, 14, 0, 0, 0, 0, 0, 0, 0, 0, 0, 0, 0, 0, 0, 14, 14, 0, 0, 0,
    14, 14, 0, 0, 0, 0, 0, 0, 0, 0, 0, 0, 0, 0, 0, 0, 14, 14, 14, 0, 0, 0, 14, 14,
    14, 14, 14, 14, 0, 0, 0, 0, 14, 14, 14, 14, 14, 14, 14, 14, 14, 14, 14, 14, 14, 14, 14, 14,
    14, 14, 14, 14, 14, 0, 0, 0, 0, 0, 0, 0, 0, 0, 0, 14, 0, 0, 0, 0, 0, 0, 0, 0,
    0, 0, 0, 14, 0, 0, 0, 0, 0, 0, 0, 0, 0, 0, 0, 0, 14, 14, 14, 14, 14, 14, 14, 14,
    14, 14, 14, 14, 14, 14, 14, 14, 14, 14, 14, 14, 14, 14, 14, 14, 14, 14, 14, 14, 14, 14, 14, 14,
    14, 14, 14, 14, 14, 14, 14, 14, 14, 14, 14, 14, 14, 14, 14, 14, 14, 14, 14, 14, 14, 14, 14, 14,
    14, 14, 14, 14, 14, 14, 0, 0, 0, 14, 14, 14, 14, 14, 14, 14, 14, 14, 14, 14, 14, 0, 0, 0,
    14, 14, 14, 14, 14, 14, 14, 14, 14, 14, 14, 14, 14, 0, 0, 0, 0, 0, 0, 0, 0, 0, 14, 14,
    14, 14, 14, 14, 0, 0, 0, 0, 14, 14, 14, 14, 14, 14, 14, 14, 14, 14, 14, 14, 14, 14, 14, 14,
    14, 14, 14, 14, 0, 0, 0, 0, 0, 0, 0, 0, 0, 14, 14, 14, 0, 0, 0, 0, 0, 0, 0, 0,
    0, 0, 0, 14, 0, 0, 0, 0, 0, 0, 0, 0, 0, 0, 0, 0, 14, 14, 14, 14, 14, 14, 14, 14,
    14, 14, 14, 14, 14, 14, 14, 14, 14, 14, 14, 14, 14, 14, 14, 14, 14, 14, 14, 14, 14, 14, 14, 14,
    14, 14, 14, 14, 14, 14, 14, 14, 14, 14, 14, 14, 14, 14, 14, 14, 14, 14, 14, 14, 14, 14, 14, 14,
    14, 14, 14, 14, 14, 14, 0, 0, 0, 14, 14, 14, 14, 14, 14, 14, 14, 14, 14, 14, 14, 0, 0, 0,
    14, 14, 14, 14, 14, 14, 14, 14, 14, 14, 14, 14, 14, 0, 0, 0, 0, 0, 0, 0, 0, 0, 14, 14,
    14, 14, 14, 14, 0, 0, 0, 0, 14, 14, 14, 14, 14, 14, 14, 14, 14, 14, 14, 14, 14, 14, 14, 14,
    14, 14, 14, 14, 0, 0, 0, 0, 0, 0, 0, 0, 0, 14, 0, 0, 0, 0, 0, 0, 0, 0, 0, 0,
    0, 0, 14, 14, 0, 0, 0, 0, 0, 0, 0, 0, 0, 0, 0, 0, 14, 14, 14, 14, 14, 14, 14, 14,
    14, 14, 14, 14, 14, 14, 14, 14, 14, 14, 14, 14, 14, 14, 14, 14, 14, 14, 14, 14, 14, 14, 14, 14,
    14, 14, 14, 14, 14, 14, 14, 14, 14, 14, 14, 14, 14, 14, 14, 14, 14, 14, 14, 14, 14, 14, 14, 14,
    14, 14, 14, 14, 14, 14, 0, 0, 0, 14, 14, 0, 0, 0, 0, 0, 0, 0, 0, 14, 14, 0, 0, 0,
    0, 0, 0, 0, 0, 0, 0, 0, 0, 0, 0, 14, 14, 0, 0, 0, 0, 0, 0, 0, 0, 0, 14, 14,
    14, 14, 14, 14, 0, 0, 0, 0, 14, 14, 14, 14, 14, 14, 14, 14, 14, 14, 14, 14, 14, 14, 14, 14,
    14, 14, 14, 14, 0, 0, 0, 0, 0, 0, 0, 0, 0, 14, 0, 0, 0, 0, 0, 0, 0, 0, 0, 0,
    0, 0, 14, 0, 0, 0, 0, 0, 0, 0, 0, 0, 0, 0, 0, 0, 14, 14, 14, 14, 14, 14, 14, 14,
    14, 14, 14, 14, 14, 14, 14, 14, 14, 14, 14, 14, 14, 14, 14, 14, 14, 14, 14, 14, 14, 14, 14, 14,
    14, 14, 14, 14, 14, 14, 14, 14, 14, 14, 14, 14, 14, 14, 14, 14, 14, 14, 14, 14, 14, 14, 14, 14,
    14, 14, 14, 14, 14, 14, 0, 0, 0, 14, 14, 0, 0, 0, 0, 0, 0, 0, 0, 14, 14, 0, 0, 0,
    0, 0, 0, 0, 0, 0, 0, 0, 0, 0, 0, 14, 14, 0, 0, 0, 14, 14, 14, 14, 14, 14, 14, 14,
    14, 14, 14, 14, 0, 0, 0, 0, 14, 14, 14, 14, 14, 14, 14, 14, 14, 14, 14, 14, 14, 14, 14, 14,
    14, 14, 14, 14, 0, 0, 0, 0, 0, 0, 0, 0, 14, 14, 0, 0, 0, 0, 0, 0, 0, 0, 0, 0,
    0, 0, 14, 0, 0, 0, 0, 0, 0, 0, 0, 0, 0, 0, 0, 0, 14, 14, 14, 14, 14, 14, 14, 14,
    14, 14, 14, 14, 14, 14, 14, 14, 14, 14, 14, 14, 14, 14, 14, 14, 14, 14, 14, 14, 14, 14, 14, 14,
    14, 14, 14, 14, 14, 14, 14, 14, 14, 14, 14, 14, 14, 14, 14, 14, 14, 14, 14, 14, 14, 14, 14, 14,
    14, 14, 14, 14, 14, 14, 0, 0, 0, 14, 14, 0, 0, 0, 0, 0, 0, 0, 0, 14, 14, 0, 0, 0,
    0, 0, 0, 0, 0, 0, 0, 0, 0, 0, 0, 14, 14, 0, 0, 0, 14, 14, 14, 14, 14, 14, 14, 14,
    14, 14, 14, 14, 0, 0, 0, 0, 14, 14, 14, 14, 14, 14, 14, 14, 14, 14, 14, 14, 14, 14, 14, 14,
    14, 14, 14, 14, 0, 0, 0, 0, 0, 0, 0, 0, 14, 14, 0, 0, 0, 0, 0, 0, 0, 0, 0, 0,
    0, 0, 14, 0, 0, 0, 0, 0, 0, 0, 0, 0, 0, 0, 0, 0, 14, 14, 14, 14, 14, 14, 14, 14,
    14, 14, 14, 14, 14, 14, 14, 14, 14, 14, 14, 14, 14, 14, 14, 14, 14, 14, 14, 14, 14, 14, 14, 14,
    14, 14, 14, 14, 14, 14, 14, 14, 14, 14, 14, 14, 14, 14, 14, 14, 14, 14, 14, 14, 14, 14, 14, 14,
    14, 14, 14, 14, 14, 14, 0, 0, 0, 14, 14, 0, 0, 0, 0, 0, 14, 0, 0, 14, 14, 0, 0, 0,
    14, 14, 14, 14, 14, 14, 14, 14, 0, 0, 0, 14, 14, 0, 0, 0, 14, 14, 14, 14, 14, 14, 14, 14,
    14, 14, 14, 0, 0, 0, 0, 0, 0, 14, 14, 14, 14, 14, 14, 14, 14, 14, 14, 14, 14, 14, 0, 0,
    0, 0, 0, 0, 0, 0, 0, 0, 0, 0, 0, 0, 14, 14, 0, 0, 0, 0, 0, 0, 0, 0, 0, 0,
    0, 14, 14, 0, 0, 0, 0, 0, 0, 0, 0, 0, 0, 0, 0, 0, 14, 14, 14, 14, 14, 14, 14, 14,
    14, 14, 14, 14, 14, 14, 14, 14, 14, 14, 14, 14, 14, 14, 14, 14, 14, 14, 14, 14, 14, 14, 14, 14,
    14, 14, 14, 14, 14, 14, 14, 14, 14, 14, 14, 14, 14, 14, 14, 14, 14, 14, 14, 14, 14, 14, 14, 14,
    14, 14, 14, 14, 14, 14, 0, 0, 0, 14, 14, 0, 0, 0, 14, 14, 14, 0, 0, 14, 14, 0, 0, 0,
    14, 14, 14, 14, 14, 14, 14, 14, 0, 0, 0, 14, 14, 0, 0, 0, 14, 14, 14, 14, 14, 14, 14, 14,
    14, 14, 14, 0, 0, 0, 0, 0, 0, 14, 14, 14, 14, 14, 14, 14, 14, 14, 14, 14, 14, 0, 0, 0,
    0, 0, 0, 0, 0, 0, 0, 0, 0, 0, 0, 0, 0, 14, 0, 0, 0, 0, 0, 0, 0, 0, 0, 0,
    0, 14, 0, 0, 0, 0, 0, 0, 0, 0, 0, 0, 0, 0, 0, 0, 14, 14, 14, 14, 14, 14, 14, 14,
    14, 14, 14, 14, 14, 14, 14, 14, 14, 14, 14, 14, 14, 14, 14, 14, 14, 14, 14, 14, 14, 14, 14, 14,
    14, 14, 14, 14, 14, 14, 14, 14, 14, 14, 14, 14, 14, 14, 14, 14, 14, 14, 14, 14, 14, 14, 14, 14,
    14, 14, 14, 14, 14, 14, 0, 0, 0, 14, 14, 0, 0, 0, 14, 14, 0, 0, 0, 14, 14, 0, 0, 0,
    0, 0, 0, 0, 0, 0, 14, 14, 0, 0, 0, 14, 14, 0, 0, 0, 14, 14, 14, 14, 14, 14, 14, 14,
    14, 14, 14, 0, 0, 0, 0, 0, 0, 14, 14, 14, 14, 14, 14, 14, 14, 14, 14, 14, 14, 0, 0, 0,
    0, 0, 0, 0, 0, 0, 0, 0, 0, 0, 0, 0, 0, 14, 0, 0, 0, 0, 0, 0, 0, 0, 0, 0,
    0, 14, 0, 0, 0, 0, 0, 0, 0, 0, 0, 0, 0, 0, 0, 0, 14, 14, 14, 14, 14, 14, 0, 0,
    0, 0, 0, 0, 0, 0, 0, 0, 0, 0, 0, 0, 0, 0, 0, 0, 0, 0, 0, 0, 0, 0, 0, 0,
    0, 0, 14, 14, 14, 14, 14, 14, 14, 14, 14, 14, 14, 14, 14, 14, 14, 14, 14, 14, 14, 14, 14, 14,
    14, 14, 14, 14, 14, 14, 0, 0, 0, 14, 14, 0, 0, 0, 14, 14, 0, 0, 0, 14, 14, 0, 0, 0,
    0, 0, 0, 0, 0, 0, 14, 14, 0, 0, 0, 14, 14, 0, 0, 0, 14, 14, 14, 14, 14, 14, 14, 14,
    14, 14, 0, 0, 0, 0, 0, 0, 0, 14, 14, 14, 14, 14, 14, 14, 14, 14, 14, 14, 14, 0, 0, 0,
    0, 0, 0, 0, 0, 0, 0, 0, 0, 0, 0, 0, 0, 14, 0, 0, 0, 0, 0, 0, 0, 0, 0, 0,
    0, 14, 0, 0, 0, 0, 0, 0, 0, 0, 0, 0, 0, 0, 0, 0, 14, 14, 14, 14, 14, 14, 0, 0,
    0, 0, 0, 0, 0, 0, 0, 0, 0, 0, 0, 0, 0, 0, 0, 0, 0, 0, 0, 0, 0, 0, 0, 0,
    0, 0, 14, 14, 14, 14, 14, 14, 14, 14, 14, 14, 14, 14, 14, 14, 14, 14, 14, 14, 14, 14, 14, 14,
    14, 14, 14, 14, 14, 14, 0, 0, 0, 14, 14, 0, 0, 0, 14, 14, 0, 0, 0, 14, 14, 0, 0, 0,
    0, 0, 0, 0, 0, 0, 14, 14, 0, 0, 0, 14, 14, 0, 0, 0, 14, 14, 14, 14, 14, 14, 14, 14,
    14, 14, 0, 0, 0, 0, 0, 0, 0, 14, 14, 14, 14, 14, 14, 14, 14, 14, 14, 14, 0, 0, 0, 0,
    0, 0, 0, 0, 0, 0, 0, 0, 0, 0, 0, 0, 14, 14, 0, 0, 0, 0, 0, 0, 0, 0, 0, 14,
    14, 14, 0, 0, 0, 0, 0, 0, 0, 0, 0, 0, 0, 0, 0, 0, 14, 14, 14, 14, 14, 14, 0, 0,
    0, 0, 0, 0, 0, 0, 0, 0, 0, 0, 0, 0, 0, 0, 0, 0, 0, 0, 0, 0, 0, 0, 0, 0,
    0, 0, 14, 14, 14, 14, 14, 14, 14, 14, 14, 14, 14, 14, 14, 14, 14, 14, 14, 14, 14, 14, 14, 14,
    14, 14, 14, 14, 14, 14, 0, 0, 0, 14, 14, 0, 0, 0, 14, 14, 0, 0, 0, 14, 14, 14, 14, 14,
    14, 14, 14, 0, 0, 0, 14, 14, 0, 0, 0, 0, 0, 0, 0, 0, 0, 0, 0, 0, 0, 0, 0, 0,
    0, 0, 0, 0, 0, 0, 0, 0, 0, 14, 14, 14, 14, 14, 14, 14, 14, 14, 14, 14, 0, 0, 0, 0,
    0, 0, 0, 0, 0, 0, 0, 0, 0, 0, 0, 0, 14, 0, 0, 0, 0, 0, 0, 0, 0, 0, 0, 14,
    14, 14, 14, 14, 14, 0, 0, 0, 0, 14, 14, 14, 14, 14, 14, 14, 14, 14, 14, 14, 14, 14, 0, 0,
    0, 0, 0, 0, 0, 0, 0, 0, 0, 0, 0, 0, 0, 0, 0, 0, 0, 0, 0, 0, 0, 0, 0, 0,
    0, 0, 14, 14, 14, 14, 14, 14, 14, 14, 14, 14, 14, 14, 14, 14, 14, 14, 14, 14, 14, 14, 14, 14,
    14, 14, 14, 14, 14, 14, 0, 0, 0, 14, 14, 0, 0, 0, 14, 14, 0, 0, 0, 14, 14, 14, 14, 14,
    14, 14, 14, 0, 0, 0, 14, 14, 0, 0, 0, 0, 0, 0, 0, 0, 0, 0, 0, 0, 0, 0, 0, 0,
    0, 0, 0, 0, 0, 0, 0, 0, 0, 0, 14, 14, 14, 14, 14, 14, 14, 14, 14, 0, 0, 0, 0, 0,
    0, 0, 0, 0, 0, 0, 0, 0, 0, 0, 0, 0, 14, 0, 0, 0, 0, 0, 0, 0, 0, 0, 0, 0,
    0, 14, 0, 0, 14, 0, 0, 0, 0, 14, 14, 14, 14, 14, 14, 14, 14, 14, 14, 14, 14, 14, 0, 0,
    0, 0, 0, 0, 0, 0, 0, 0, 0, 0, 0, 0, 0, 0, 0, 0, 0, 0, 0, 0, 0, 0, 0, 0,
    0, 0, 14, 14, 14, 14, 14, 14, 14, 14, 14, 14, 14, 14, 14, 14, 14, 14, 14, 14, 14, 14, 14, 14,
    14, 14, 14, 14, 14, 14, 0, 0, 0, 14, 14, 0, 0, 0, 14, 14, 0, 0, 0, 14, 14, 14, 14, 14,
    14, 14, 14, 0, 0, 0, 14, 14, 0, 0, 0, 0, 0, 0, 0, 0, 0, 0, 0, 0, 0, 0, 0, 0,
    0, 0, 0, 0, 0, 0, 0, 0, 0, 0, 14, 14, 14, 14, 14, 14, 14, 14, 14, 0, 0, 0, 0, 0,
    0, 0, 0, 0, 0, 0, 0, 0, 0, 0, 0, 14, 14, 0, 0, 0, 0, 0, 0, 0, 0, 0, 0, 0,
    0, 14, 0, 0, 14, 0, 0, 0, 0, 14, 0, 0, 0, 0, 0, 0, 0, 0, 0, 0, 0, 14, 0, 0,
    0, 0, 0, 0, 0, 0, 0, 0, 0, 0, 0, 0, 0, 0, 0, 0, 0, 0, 0, 0, 0, 0, 0, 0,
    0, 0, 14, 14, 14, 14, 14, 14, 14, 14, 14, 14, 14, 14, 14, 14, 14, 14, 14, 14, 14, 14, 14, 14,
    14, 14, 14, 14, 14, 14, 0, 0, 0, 14, 14, 0, 0, 0, 14, 14, 0, 0, 0, 14, 14, 14, 14, 14,
    14, 14, 14, 14, 14, 14, 14, 14, 14, 14, 14, 14, 14, 0, 0, 0, 14, 14, 14, 14, 14, 14, 14, 14,
    14, 14, 0, 0, 0, 0, 0, 0, 0, 0, 14, 14, 14, 14, 14, 14, 14, 14, 14, 0, 0, 0, 0, 0,
    0, 0, 0, 0, 0, 0, 0, 0, 0, 0, 0, 14, 0, 0, 0, 0, 0, 0, 0, 0, 0, 0, 0, 0,
    0, 14, 0, 0, 14, 0, 0, 0, 0, 14, 0, 0, 0, 0, 0, 0, 0, 0, 0, 0, 0, 14, 0, 0,
    0, 0, 0, 0, 0, 0, 0, 0, 0, 0, 0, 0, 0, 0, 0, 0, 0, 0, 0, 0, 0, 0, 0, 0,
    0, 0, 14, 14, 14, 14, 14, 14, 14, 14, 14, 14, 14, 14, 14, 14, 14, 14, 14, 14, 14, 14, 14, 14,
    14, 14, 14, 14, 14, 14, 0, 0, 0, 14, 14, 0, 0, 0, 14, 14, 0, 0, 0, 14, 14, 14, 14, 14,
    14, 14, 14, 14, 14, 14, 14, 14, 14, 14, 14, 14, 14, 0, 0, 0, 14, 14, 14, 14, 14, 14, 14, 14,
    14, 14, 14, 0, 0, 0, 0, 0, 0, 0, 14, 0, 0, 0, 14, 14, 0, 0, 0, 0, 0, 0, 0, 0,
    0, 0, 0, 0, 0, 0, 0, 0, 0, 0, 0, 14, 0, 0, 0, 0, 0, 0, 0, 0, 0, 0, 0, 0,
    0, 14, 0, 0, 14, 0, 0, 0, 0, 14, 0, 0, 0, 0, 0, 0, 0, 0, 0, 0, 0, 14, 0, 0,
    0, 0, 0, 0, 0, 0, 0, 0, 0, 0, 0, 0, 0, 0, 0, 0, 0, 0, 0, 0, 0, 0, 0, 0,
    0, 0, 14, 14, 14, 14, 14, 14, 14, 14, 14, 14, 14, 14, 14, 14, 14, 14, 14, 14, 14, 14, 14, 14,
    14, 14, 14, 14, 14, 14, 0, 0, 0, 0, 0, 0, 0, 0, 14, 14, 14, 0, 0, 0, 0, 0, 0, 0,
    0, 0, 0, 0, 0, 0, 0, 0, 0, 0, 0, 0, 0, 0, 0, 0, 14, 14, 14, 14, 14, 14, 14, 14,
    14, 14, 14, 0, 0, 0, 0, 0, 0, 0, 14, 0, 0, 0, 14, 14, 0, 0, 0, 0, 0, 0, 0, 0,
    0, 0, 0, 0, 0, 0, 0, 0, 0, 0, 14, 14, 0, 0, 0, 0, 0, 0, 0, 0, 0, 0, 0, 0,
    0, 14, 0, 0, 14, 14, 14, 14, 14, 14, 14, 0, 0, 0, 0, 0, 0, 0, 0, 0, 0, 14, 0, 0,
    0, 0, 0, 0, 0, 0, 0, 0, 0, 0, 0, 0, 0, 0, 0, 0, 0, 0, 0, 0, 0, 0, 0, 0,
    0, 0, 14, 14, 14, 14, 14, 14, 14, 14, 14, 14, 14, 14, 14, 14, 14, 14, 14, 14, 14, 14, 14, 14,
    14, 14, 14, 14, 14, 14, 0, 0, 0, 0, 0, 0, 0, 0, 14, 14, 14, 0, 0, 0, 0, 0, 0, 0,
    0, 0, 0, 0, 0, 0, 0, 0, 0, 0, 0, 0, 0, 0, 0, 0, 14, 14, 14, 14, 14, 14, 14, 14,
    14, 14, 14, 0, 0, 0, 0, 0, 0, 0, 14, 0, 0, 0, 14, 14, 0, 0, 0, 0, 0, 0, 0, 0,
    0, 0, 0, 0, 0, 0, 0, 0, 0, 0, 14, 0, 0, 0, 0, 0, 0, 0, 0, 0, 0, 0, 0, 0,
    0, 14, 0, 0, 14, 14, 14, 14, 14, 14, 14, 0, 0, 0, 0, 0, 0, 0, 0, 0, 0, 14, 0, 0,
    0, 14, 14, 14, 14, 14, 14, 14, 14, 14, 14, 14, 14, 14, 14, 14, 14, 14, 14, 14, 14, 14, 14, 14,
    14, 14, 14, 14, 14, 14, 14, 14, 14, 14, 14, 14, 14, 14, 14, 14, 14, 14, 14, 14, 14, 14, 14, 14,
    14, 14, 14, 14, 14, 14, 0, 0, 0, 0, 0, 0, 0, 0, 14, 14, 14, 0, 0, 0, 0, 0, 0, 0,
    0, 0, 0, 0, 0, 0, 0, 0, 0, 0, 0, 0, 0, 0, 0, 0, 14, 14, 14, 14, 14, 14, 14, 14,
    14, 14, 14, 0, 0, 0, 0, 0, 0, 0, 14, 0, 0, 0, 0, 0, 0, 0, 0, 0, 0, 0, 0, 0,
    0, 0, 0, 0, 0, 0, 0, 0, 0, 0, 14, 0, 0, 0, 0, 0, 0, 0, 0, 0, 0, 0, 0, 0,
    0, 14, 0, 0, 14, 0, 0, 0, 0, 14, 14, 0, 0, 0, 0, 0, 0, 0, 0, 0, 0, 14, 0, 0,
    0, 14, 14, 14, 14, 14, 14, 14, 14, 14, 14, 14, 14, 14, 14, 14, 14, 14, 14, 14, 14, 14, 14, 14,
    14, 14, 14, 14, 14, 14, 14, 14, 14, 14, 14, 14, 14, 14, 14, 14, 14, 14, 14, 14, 14, 14, 14, 14,
    14, 14, 14, 14, 14, 14, 14, 14, 14, 14, 14, 14, 14, 14, 14, 14, 14, 14, 14, 14, 14, 14, 14, 14,
    14, 14, 14, 14, 14, 14, 14, 14, 14, 14, 14, 14, 14, 14, 14, 14, 14, 14, 14, 14, 14, 14, 14, 14,
    14, 14, 14, 0, 0, 0, 0, 0, 0, 0, 14, 0, 0, 0, 0, 0, 0, 0, 0, 0, 0, 0, 0, 0,
    0, 0, 0, 0, 0, 0, 0, 0, 0, 0, 14, 0, 0, 0, 0, 0, 0, 0, 0, 0, 0, 0, 0, 0,
    14, 14, 14, 14, 14, 0, 0, 0, 0, 14, 14, 14, 14, 14, 14, 14, 14, 14, 14, 14, 14, 14, 14, 0,
    0, 0, 14, 0, 0, 0, 0, 0, 0, 0, 0, 0, 0, 0, 0, 0, 0, 0, 0, 0, 0, 0, 0, 0,
    0, 0, 0, 0, 14, 14, 14, 14, 14, 14, 14, 14, 14, 14, 14, 14, 14, 14, 14, 14, 14, 14, 14, 14,
    14, 14, 14, 14, 14, 14, 14, 14, 14, 14, 14, 14, 14, 14, 14, 14, 14, 14, 14, 14, 14, 14, 14, 14,
    14, 14, 14, 14, 14, 14, 14, 14, 14, 14, 14, 14, 14, 14, 14, 14, 14, 14, 14, 14, 14, 14, 14, 14,
    14, 14, 14, 0, 0, 0, 0, 0, 0, 0, 14, 14, 14, 14, 14, 14, 14, 14, 14, 14, 14, 14, 14, 14,
    14, 14, 0, 0, 0, 0, 0, 14, 14, 14, 14, 14, 0, 0, 0, 0, 0, 0, 14, 14, 0, 0, 0, 0,
    14, 0, 0, 14, 0, 0, 0, 0, 0, 0, 0, 0, 0, 0, 0, 0, 0, 0, 0, 0, 0, 0, 14, 0,
    0, 0, 14, 0, 0, 0, 0, 0, 0, 0, 0, 0, 0, 0, 0, 0, 0, 0, 14, 0, 14, 0, 0, 0,
    0, 0, 0, 0, 14, 14, 14, 14, 14, 14, 14, 14, 14, 14, 14, 14, 14, 14, 14, 14, 14, 14, 14, 14,
    14, 14, 14, 14, 14, 14, 14, 14, 14, 14, 14, 14, 14, 14, 14, 14, 14, 14, 14, 14, 14, 14, 14, 14,
    14, 14, 14, 14, 14, 14, 14, 14, 14, 14, 14, 14, 14, 14, 14, 14, 14, 14, 14, 14, 14, 14, 14, 14,
    14, 14, 14, 0, 0, 0, 0, 0, 0, 0, 14, 14, 14, 14, 14, 14, 14, 14, 14, 14, 14, 14, 14, 14,
    14, 14, 14, 0, 0, 0, 0, 14, 14, 14, 14, 14, 14, 14, 14, 14, 14, 14, 14, 14, 14, 14, 14, 14,
    14, 0, 0, 14, 0, 0, 0, 0, 0, 0, 0, 0, 0, 0, 0, 0, 0, 0, 0, 0, 0, 0, 0, 0,
    0, 0, 0, 0, 0, 0, 0, 0, 0, 0, 0, 0, 0, 0, 0, 0, 0, 0, 14, 0, 14, 0, 0, 0,
    0, 0, 0, 0, 14, 14, 14, 14, 14, 14, 14, 14, 14, 14, 14, 14, 14, 14, 14, 14, 14, 14, 14, 14,
    14, 14, 14, 14, 14, 14, 14, 14, 14, 14, 14, 14, 14, 14, 14, 14, 14, 14, 14, 14, 14, 14, 14, 14,
    14, 14, 14, 14, 14, 14, 14, 14, 14, 14, 14, 14, 14, 14, 14, 14, 14, 14, 14, 14, 14, 14, 14, 14,
    14, 14, 0, 0, 0, 0, 0, 0, 0, 0, 0, 0, 0, 0, 0, 0, 0, 0, 0, 0, 0, 0, 0, 0,
    0, 0, 14, 14, 14, 14, 14, 14, 0, 0, 0, 0, 0, 0, 0, 0, 0, 0, 0, 0, 0, 0, 0, 0,
    0, 0, 0, 14, 0, 0, 0, 0, 0, 0, 0, 0, 0, 0, 0, 0, 0, 0, 0, 0, 0, 0, 0, 0,
    0, 0, 0, 0, 0, 0, 0, 0, 0, 0, 0, 0, 0, 0, 0, 0, 0, 0, 0, 0, 14, 0, 0, 0,
    0, 0, 0, 0, 14, 14, 14, 14, 14, 14, 14, 14, 14, 14, 14, 14, 14, 14, 14, 14, 14, 14, 14, 14,
    14, 14, 14, 14, 14, 14, 14, 14, 14, 14, 14, 14, 14, 14, 14, 14, 14, 14, 14, 14, 14, 14, 14, 14,
    14, 14, 14, 14, 14, 14, 14, 14, 14, 14, 14, 14, 14, 14, 14, 14, 14, 14, 14, 14, 14, 14, 14, 14,
    14, 14, 0, 0, 0, 0, 0, 0, 0, 0, 0, 0, 0, 0, 0, 0, 0, 0, 0, 0, 0, 0, 0, 0,
    0, 0, 14, 14, 14, 14, 14, 14, 0, 0, 0, 0, 0, 0, 0, 0, 0, 0, 0, 0, 0, 0, 0, 0,
    0, 0, 0, 0, 0, 0, 0, 0, 0, 0, 0, 0, 0, 0, 0, 0, 0, 0, 0, 0, 0, 0, 0, 0,
    0, 0, 0, 0, 0, 0, 0, 0, 0, 0, 0, 0, 0, 0, 0, 0, 0, 0, 0, 0, 0, 0, 0, 14,
    0, 0, 0, 14, 14, 14, 14, 14, 14, 14, 14, 14, 14, 14, 14, 14, 14, 14, 14, 14, 14, 14, 14, 14,
    14, 14, 14, 14, 14, 14, 14, 14, 14, 14, 14, 14, 14, 14, 14, 14, 14, 14, 14, 14, 14, 14, 14, 14,
    14, 14, 14, 14, 14, 14, 14, 14, 14, 0, 0, 0, 0, 0, 0, 0, 0, 0, 0, 0, 0, 0, 0, 0,
    0, 0, 0, 0, 0, 0, 0, 0, 0, 0, 0, 0, 0, 0, 0, 0, 0, 0, 0, 0, 0, 0, 0, 0,
    0, 0, 0, 0, 0, 0, 0, 0, 0, 0, 0, 0, 0, 0, 0, 0, 0, 0, 0, 0, 0, 0, 0, 0,
    0, 0, 0, 0, 0, 0, 0, 0, 0, 0, 0, 0, 0, 0, 0, 0, 0, 0, 0, 0, 0, 0, 0, 0,
    0, 0, 0, 0, 0, 0, 0, 0, 0, 0, 0, 0, 0, 0, 0, 0, 0, 0, 0, 0, 0, 0, 0, 14,
    0, 0, 0, 14, 14, 14, 14, 14, 14, 14, 14, 14, 14, 14, 14, 14, 14, 14, 14, 14, 14, 14, 14, 14,
    14, 14, 14, 14, 14, 14, 14, 14, 14, 14, 14, 14, 14, 14, 14, 14, 14, 14, 14, 14, 14, 14, 14, 14,
    14, 14, 14, 14, 14, 14, 14, 14, 14, 0, 0, 0, 0, 0, 0, 0, 0, 0, 0, 0, 0, 0, 0, 0,
    0, 0, 0, 0, 0, 0, 0, 0, 0, 0, 0, 0, 0, 0, 0, 0, 0, 0, 0, 0, 0, 0, 0, 0,
    0, 0, 0, 0, 0, 0, 0, 0, 0, 0, 0, 0, 0, 0, 0, 0, 0, 0, 0, 0, 0, 0, 0, 0,
    0, 0, 0, 0, 0, 0, 0, 0, 0, 0, 0, 0, 0, 0, 0, 0, 0, 0, 0, 0, 0, 0, 0, 0,
    0, 0, 0, 0, 0, 0, 0, 0, 0, 0, 0, 0, 0, 0, 0, 0, 0, 0, 0, 0, 0, 0, 0, 0,
    0, 0, 0, 14, 14, 14, 14, 14, 14, 14, 14, 14, 14, 14, 14, 14, 14, 14, 14, 14, 14, 14, 14, 14,
    14, 14, 14, 14, 14, 14, 14, 14, 14, 14, 14, 14, 14, 14, 14, 14, 14, 14, 14, 14, 14, 14, 14, 14,
    14, 14, 14, 14, 0, 0, 0, 0, 0, 0, 0, 0, 0, 0, 0, 0, 0, 0, 0, 0, 0, 0, 0, 0,
    0, 0, 0, 0, 0, 0, 0, 0, 0, 0, 0, 0, 0, 0, 0, 0, 0, 0, 0, 0, 0, 0, 0, 0,
    0, 0, 0, 0, 0, 0, 0, 0, 0, 0, 0, 0, 0, 0, 0, 0, 0, 0, 0, 0, 0, 0, 0, 0,
    0, 0, 0, 0, 0, 0, 0, 0, 0, 0, 0, 0, 0, 0, 0, 0, 0, 0, 0, 0, 0, 0, 0, 0,
    0, 0, 0, 0, 0, 0, 0, 0, 0, 0, 0, 0, 0, 0, 0, 0, 0, 0, 0, 0, 0, 0, 0, 0,
    0, 0, 0, 14, 14, 14, 14, 14, 14, 14, 14, 14, 14, 14, 14, 14, 14, 14, 14, 14, 14, 14, 14, 14,
    14, 14, 14, 14, 14, 14, 14, 14, 14, 14, 14, 14, 14, 14, 14, 14, 14, 14, 14, 14, 14, 14, 14, 14,
    14, 14, 14, 14, 0, 0, 0, 0, 0, 0, 0, 0, 0, 0, 0, 0, 0, 0, 0, 0, 0, 0, 0, 0,
    0, 0, 0, 0, 0, 0, 0, 0, 0, 0, 0, 0, 0, 0, 0, 0, 0, 0, 0, 0, 0, 0, 0, 0,
    0, 0, 0, 0, 0, 0, 0, 0, 0, 0, 0, 0, 0, 0, 0, 14, 14, 14, 14, 14, 14, 0, 0, 14,
    14, 14, 14, 14, 14, 0, 0, 14, 14, 14, 14, 14, 14, 0, 0, 14, 14, 14, 14, 14, 14, 0, 0, 14,
    14, 14, 14, 14, 14, 0, 0, 0, 0, 0, 0, 0, 0, 0, 0, 0, 0, 0, 0, 0, 0, 0, 0, 0,
    0, 0, 0, 14, 14, 14, 14, 14, 14, 14, 14, 14, 14, 14, 14, 14, 14, 14, 14, 14, 14, 14, 14, 14,
    14, 14, 14, 14, 14, 14, 14, 14, 14, 14, 14, 14, 14, 14, 14, 14, 14, 14, 14, 14, 14, 14, 14, 14,
    14, 14, 14, 14, 0, 0, 0, 0, 0, 0, 0, 0, 0, 0, 0, 0, 0, 0, 0, 0, 0, 0, 0, 0,
    0, 0, 0, 0, 0, 0, 0, 0, 0, 0, 0, 0, 0, 0, 0, 0, 0, 0, 14, 14, 0, 0, 14, 0,
    0, 0, 0, 0, 0, 0, 0, 0, 0, 0, 0, 0, 0, 0, 0, 14, 14, 14, 14, 14, 14, 0, 0, 14,
    14, 14, 14, 14, 14, 0, 0, 14, 14, 14, 14, 14, 14, 0, 0, 14, 14, 14, 14, 14, 14, 0, 0, 14,
    14, 14, 14, 14, 14, 0, 0, 0, 0, 0, 0, 0, 0, 0, 0, 0, 0, 0, 0, 0, 0, 0, 0, 0,
    0, 0, 14, 14, 14, 14, 14, 14, 14, 14, 14, 14, 14, 14, 14, 14, 14, 14, 14, 14, 14, 14, 14, 14,
    14, 14, 14, 14, 14, 14, 14, 14, 14, 14, 14, 14, 14, 14, 14, 14, 14, 14, 14, 14, 14, 14, 14, 14,
    14, 14, 14, 14, 0, 0, 0, 0, 0, 0, 0, 0, 0, 0, 0, 0, 0, 0, 0, 0, 0, 0, 0, 0,
    0, 0, 0, 0, 0, 14, 0, 0, 0, 0, 0, 0, 0, 0, 0, 0, 0, 0, 14, 14, 14, 14, 14, 0,
    0, 0, 0, 0, 0, 0, 0, 0, 0, 0, 0, 0, 0, 0, 0, 14, 14, 14, 14, 14, 14, 0, 0, 14,
    14, 14, 14, 14, 14, 0, 0, 14, 14, 14, 14, 14, 14, 0, 0, 14, 14, 14, 14, 14, 14, 0, 0, 14,
    14, 14, 14, 14, 14, 0, 0, 0, 0, 0, 0, 0, 0, 0, 0, 0, 0, 0, 0, 0, 0, 0, 0, 0,
    0, 0, 14, 14, 14, 14, 14, 14, 14, 14, 14, 14, 14, 14, 14, 14, 14, 14, 14, 14, 14, 14, 14, 14,
    14, 14, 14, 14, 14, 14, 14, 14, 14, 14, 14, 14, 14, 14, 14, 14, 14, 14, 14, 14, 14, 14, 14, 14,
    14, 14, 14, 0, 0, 0, 0, 0, 0, 0, 0, 0, 0, 0, 0, 0, 0, 0, 0, 0, 0, 0, 0, 0,
    0, 0, 0, 14, 0, 14, 0, 0, 0, 0, 0, 0, 14, 14, 14, 14, 14, 14, 14, 14, 14, 14, 14, 14,
    14, 14, 14, 0, 0, 0, 0, 0, 0, 0, 0, 0, 0, 0, 0, 0, 0, 0, 0, 0, 0, 0, 0, 0,
    0, 0, 0, 0, 0, 0, 0, 0, 0, 0, 0, 0, 0, 0, 0, 0, 0, 0, 0, 0, 0, 0, 0, 0,
    0, 0, 0, 0, 0, 0, 0, 0, 0, 0, 0, 0, 0, 0, 0, 0, 0, 0, 0, 0, 0, 0, 0, 0,
    0, 0, 14, 14, 14, 14, 14, 14, 14, 14, 14, 14, 14, 14, 14, 14, 14, 14, 14, 14, 14, 14, 14, 14,
    14, 14, 14, 14, 14, 14, 14, 14, 14, 14, 14, 14, 14, 14, 14, 14, 14, 14, 14, 14, 14, 14, 14, 14,
    14, 14, 14, 0, 0, 0, 0, 0, 0, 0, 0, 0, 0, 0, 0, 0, 0, 0, 0, 0, 0, 0, 0, 0,
    0, 0, 0, 14, 0, 0, 0, 0, 0, 0, 0, 0, 14, 14, 14, 14, 14, 14, 14, 14, 14, 14, 14, 14,
    14, 14, 14, 14, 14, 14, 0, 0, 0, 0, 0, 0, 0, 0, 0, 0, 0, 0, 0, 0, 0, 0, 0, 0,
    0, 0, 0, 0, 0, 0, 0, 0, 0, 0, 0, 0, 0, 0, 0, 0, 0, 0, 0, 0, 0, 0, 0, 0,
    0, 0, 0, 0, 0, 0, 0, 0, 0, 0, 0, 0, 0, 0, 0, 0, 0, 0, 0, 0, 0, 0, 0, 0,
    0, 0, 14, 14, 14, 14, 14, 14, 14, 14, 14, 14, 14, 14, 14, 14, 14, 14, 14, 14, 14, 14, 14, 14,
    14, 14, 14, 14, 14, 14, 14, 14, 14, 14, 14, 14, 14, 14, 14, 14, 14, 14, 14, 14, 14, 14, 14, 14,
    14, 0, 0, 0, 0, 0, 0, 0, 0, 0, 0, 0, 0, 0, 0, 0, 0, 0, 0, 0, 0, 0, 0, 0,
    0, 0, 0, 14, 0, 0, 0, 0, 0, 0, 0, 0, 0, 0, 0, 0, 0, 14, 14, 14, 14, 14, 14, 14,
    14, 14, 14, 14, 14, 14, 0, 0, 0, 0, 0, 0, 0, 0, 0, 0, 0, 0, 0, 0, 0, 0, 0, 0,
    0, 0, 0, 0, 0, 0, 0, 0, 0, 0, 0, 0, 14, 14, 14, 14, 14, 14, 14, 14, 14, 14, 14, 14,
    14, 14, 14, 14, 14, 14, 0, 0, 0, 0, 0, 0, 0, 0, 0, 0, 0, 0, 0, 0, 0, 0, 0, 14,
    14, 14, 14, 14, 14, 14, 14, 14, 14, 14, 14, 14, 14, 14, 14, 14, 14, 14, 14, 14, 14, 14, 14, 14,
    14, 14, 14, 14, 14, 14, 14, 14, 14, 14, 14, 14, 14, 14, 14, 14, 14, 14, 14, 14, 14, 14, 14, 14,
    0, 0, 0, 0, 0, 0, 0, 0, 0, 0, 0, 0, 0, 0, 0, 0, 0, 0, 0, 0, 0, 0, 0, 0,
    0, 0, 0, 14, 0, 0, 0, 0, 0, 0, 0, 0, 0, 0, 0, 0, 0, 14, 14, 14, 14, 14, 14, 14,
    14, 14, 14, 14, 0, 0, 0, 0, 0, 0, 0, 0, 0, 0, 0, 0, 0, 0, 0, 0, 0, 0, 0, 0,
    0, 0, 0, 0, 0, 0, 0, 0, 0, 0, 0, 0, 14, 14, 14, 14, 14, 14, 14, 14, 14, 14, 14, 14,
    14, 14, 14, 14, 14, 14, 0, 0, 0, 0, 0, 0, 0, 0, 0, 0, 0, 0, 0, 0, 0, 14, 14, 14,
    14, 14, 14, 14, 14, 14, 14, 14, 14, 14, 14, 14, 14, 14, 14, 14, 14, 14, 14, 14, 14, 14, 14, 14,
    14, 14, 14, 14, 14, 14, 14, 14, 14, 14, 14, 14, 14, 14, 14, 14, 14, 14, 14, 14, 14, 14, 14, 14,
    0, 0, 0, 0, 0, 14, 14, 14, 14, 14, 14, 14, 14, 14, 14, 14, 14, 14, 14, 14, 14, 14, 14, 14,
    14, 14, 14, 14, 14, 0, 0, 0, 0, 0, 0, 0, 0, 0, 0, 14, 14, 14, 14, 14, 14, 14, 14, 14,
    14, 14, 14, 14, 0, 0, 14, 0, 0, 0, 0, 0, 0, 0, 0, 14, 14, 14, 14, 14, 14, 14, 14, 14,
    14, 14, 14, 14, 14, 14, 14, 14, 14, 14, 14, 14, 14, 0, 0, 0, 0, 0, 0, 0, 0, 0, 0, 0,
    0, 0, 0, 0, 0, 14, 0, 0, 0, 0, 0, 0, 0, 0, 0, 0, 0, 0, 0, 0, 0, 14, 14, 14,
    14, 14, 14, 14, 14, 14, 14, 14, 14, 14, 14, 14, 14, 14, 14, 14, 14, 14, 14, 14, 14, 14, 14, 14,
    14, 14, 14, 14, 14, 14, 14, 14, 14, 14, 14, 14, 14, 14, 14, 14, 14, 14, 14, 14, 14, 14, 0, 0,
    0, 0, 0, 0, 0, 14, 14, 14, 14, 14, 14, 14, 14, 14, 14, 14, 14, 14, 14, 14, 14, 14, 14, 14,
    14, 14, 14, 14, 14, 0, 0, 0, 0, 0, 0, 0, 0, 0, 0, 14, 14, 14, 14, 14, 14, 14, 14, 14,
    14, 14, 14, 14, 0, 0, 14, 0, 0, 0, 0, 0, 0, 0, 0, 14, 14, 14, 14, 14, 14, 14, 14, 14,
    14, 14, 14, 14, 14, 14, 14, 14, 14, 14, 14, 14, 14, 0, 0, 0, 0, 0, 0, 0, 0, 0, 0, 0,
    0, 0, 0, 0, 0, 14, 0, 0, 0, 0, 0, 0, 0, 0, 0, 0, 0, 0, 0, 0, 14, 14, 14, 14,
    14, 14, 14, 14, 14, 14, 14, 14, 14, 14, 14, 14, 14, 14, 14, 14, 14, 14, 14, 14, 14, 14, 14, 14,
    14, 14, 14, 14, 14, 14, 14, 14, 14, 14, 14, 14, 14, 14, 14, 14, 14, 14, 14, 14, 14, 0, 0, 0,
    0, 0, 0, 0, 0, 14, 14, 14, 14, 14, 14, 14, 14, 14, 14, 14, 14, 14, 14, 14, 14, 14, 14, 14,
    14, 14, 14, 14, 14, 0, 0, 14, 0, 0, 0, 0, 0, 0, 0, 14, 14, 14, 14, 14, 14, 14, 14, 14,
    14, 14, 14, 14, 0, 14, 0, 0, 0, 0, 0, 0, 0, 0, 0, 14, 0, 0, 0, 0, 0, 0, 0, 0,
    0, 0, 0, 0, 0, 0, 0, 0, 0, 0, 0, 0, 0, 0, 0, 0, 0, 0, 0, 0, 0, 0, 0, 0,
    0, 0, 0, 0, 0, 14, 0, 0, 0, 0, 0, 0, 0, 0, 0, 0, 0, 0, 0, 0, 14, 14, 14, 14,
    14, 14, 14, 14, 14, 14, 14, 14, 14, 14, 14, 14, 14, 14, 14, 14, 14, 14, 14, 14, 14, 14, 14, 14,
    14, 14, 14, 14, 14, 14, 14, 14, 14, 14, 14, 14, 14, 14, 14, 14, 14, 14, 14, 14, 14, 0, 0, 0,
    0, 0, 0, 0, 0, 14, 14, 14, 14, 14, 14, 14, 14, 14, 14, 14, 14, 14, 14, 14, 14, 14, 14, 14,
    14, 14, 14, 14, 14, 0, 0, 14, 0, 0, 0, 0, 0, 0, 0, 0, 0, 0, 14, 14, 14, 14, 14, 14,
    14, 14, 14, 14, 0, 14, 0, 0, 0, 0, 0, 0, 0, 0, 0, 14, 0, 0, 0, 0, 0, 0, 0, 0,
    0, 0, 0, 0, 0, 0, 0, 0, 0, 0, 0, 0, 0, 0, 0, 0, 0, 0, 0, 0, 0, 0, 0, 0,
    0, 0, 0, 0, 0, 14, 0, 0, 0, 0, 0, 0, 0, 0, 0, 0, 0, 0, 0, 0, 14, 14, 14, 14,
    14, 14, 14, 14, 14, 14, 14, 14, 14, 14, 14, 14, 14, 14, 14, 14, 14, 14, 14, 14, 14, 14, 14, 14,
    14, 14, 14, 14, 14, 14, 14, 14, 14, 14, 14, 14, 14, 14, 14, 14, 14, 14, 14, 14, 14, 0, 0, 0,
    0, 0, 0, 0, 0, 14, 14, 14, 14, 14, 14, 14, 14, 14, 14, 14, 14, 14, 14, 14, 14, 14, 14, 14,
    14, 14, 14, 14, 14, 0, 14, 0, 0, 0, 0, 0, 0, 0, 0, 0, 0, 0, 14, 14, 14, 14, 14, 14,
    14, 14, 14, 14, 0, 14, 0, 0, 0, 0, 0, 0, 0, 0, 0, 14, 0, 0, 0, 0, 0, 0, 0, 0,
    0, 0, 0, 0, 0, 0, 0, 0, 0, 0, 0, 0, 0, 0, 0, 0, 0, 0, 0, 0, 0, 0, 0, 0,
    0, 0, 0, 0, 0, 14, 14, 14, 14, 14, 14, 0, 0, 0, 0, 0, 0, 0, 0, 0, 14, 14, 14, 14,
    14, 14, 14, 14, 14, 14, 14, 14, 14, 14, 14, 14, 14, 14, 14, 14, 14, 14, 14, 14, 14, 14, 14, 14,
    14, 14, 14, 14, 14, 14, 14, 14, 14, 14, 14, 14, 14, 14, 14, 14, 14, 14, 14, 14, 14, 0, 0, 0,
    0, 0, 0, 0, 0, 14, 14, 14, 14, 14, 14, 14, 14, 14, 14, 14, 14, 14, 14, 14, 14, 14, 14, 14,
    14, 14, 14, 14, 14, 0, 14, 0, 0, 0, 0, 0, 0, 0, 0, 0, 0, 0, 14, 14, 14, 14, 14, 14,
    14, 14, 14, 14, 0, 0, 0, 0, 0, 0, 0, 0, 0, 0, 0, 14, 0, 0, 0, 0, 0, 0, 0, 0,
    0, 0, 0, 0, 0, 0, 0, 0, 0, 0, 0, 0, 0, 0, 0, 0, 0, 0, 0, 0, 0, 0, 0, 0,
    0, 0, 0, 0, 0, 14, 14, 14, 14, 14, 14, 0, 0, 0, 0, 0, 0, 0, 0, 0, 14, 14, 14, 14,
    14, 14, 14, 14, 14, 14, 14, 14, 14, 14, 14, 14, 14, 14, 14, 14, 14, 14, 14, 14, 14, 14, 14, 14,
    14, 14, 14, 14, 14, 14, 14, 14, 14, 14, 14, 14, 14, 14, 14, 14, 14, 14, 14, 14, 14, 0, 0, 0,
    0, 0, 0, 0, 0, 14, 14, 14, 14, 14, 14, 14, 14, 14, 14, 14, 14, 14, 14, 14, 14, 14, 14, 14,
    14, 14, 14, 14, 14, 0, 14, 0, 0, 0, 0, 0, 0, 0, 0, 0, 0, 0, 0, 14, 14, 14, 14, 14,
    14, 14, 14, 14, 0, 0, 0, 0, 0, 0, 0, 0, 0, 0, 0, 14, 0, 0, 0, 0, 0, 0, 0, 0,
    0, 0, 0, 0, 0, 0, 0, 0, 0, 0, 0, 0, 0, 0, 0, 0, 0, 0, 0, 0, 0, 0, 0, 0,
    0, 0, 0, 0, 0, 14, 0, 0, 0, 0, 0, 0, 0, 0, 0, 0, 0, 0, 0, 0, 14, 14, 14, 14,
    14, 14, 14, 14, 14, 14, 14, 14, 14, 14, 14, 14, 14, 14, 14, 14, 14, 14, 14, 14, 14, 14, 14, 14,
    14, 14, 14, 14, 14, 14, 14, 14, 14, 14, 14, 14, 14, 14, 14, 14, 14, 14, 14, 14, 14, 0, 0, 0,
    0, 0, 0, 0, 0, 14, 14, 14, 14, 14, 14, 14, 14, 14, 14, 14, 14, 14, 14, 14, 14, 14, 14, 14,
    14, 14, 14, 14, 14, 0, 0, 0, 0, 0, 0, 0, 0, 0, 0, 0, 0, 0, 0, 14, 14, 14, 14, 14,
    14, 14, 14, 14, 0, 0, 0, 0, 0, 0, 0, 0, 0, 0, 0, 14, 0, 0, 0, 0, 0, 0, 0, 0,
    0, 0, 0, 0, 0, 0, 0, 0, 0, 0, 0, 0, 0, 0, 0, 0, 0, 0, 0, 0, 0, 0, 0, 0,
    0, 0, 0, 0, 0, 14, 0, 0, 0, 0, 0, 0, 0, 0, 0, 0, 0, 0, 0, 0, 14, 14, 14, 14,
    14, 14, 14, 14, 14, 14, 14, 14, 14, 14, 14, 14, 14, 14, 14, 14, 14, 14, 14, 14, 14, 14, 14, 14,
    14, 14, 14, 14, 14, 14, 14, 14, 14, 14, 14, 14, 14, 14, 14, 14, 14, 14, 14, 14, 14, 14, 0, 0,
    0, 0, 0, 0, 0, 14, 14, 14, 14, 14, 14, 14, 14, 14, 14, 14, 14, 14, 14, 14, 14, 14, 14, 14,
    14, 14, 14, 14, 14, 0, 0, 0, 0, 0, 0, 0, 0, 0, 0, 0, 0, 0, 0, 14, 14, 14, 14, 14,
    14, 14, 14, 14, 0, 0, 0, 0, 0, 0, 0, 0, 0, 0, 0, 14, 0, 0, 0, 0, 0, 0, 0, 0,
    0, 0, 0, 0, 0, 0, 0, 0, 0, 0, 0, 0, 0, 0, 0, 0, 0, 0, 0, 0, 0, 0, 0, 0,
    0, 0, 0, 0, 0, 14, 0, 0, 0, 0, 0, 0, 0, 0, 0, 0, 0, 0, 0, 0, 14, 14, 14, 14,
    14, 14, 14, 14, 14, 14, 14, 14, 14, 14, 14, 14, 14, 14, 14, 14, 14, 14, 14, 14, 14, 14, 14, 14,
    14, 14, 14, 14, 14, 14, 14, 14, 14, 14, 14, 14, 14, 14, 14, 14, 14, 14, 14, 14, 14, 14, 0, 0,
    0, 0, 0, 0, 0, 14, 14, 14, 14, 14, 14, 14, 14, 14, 14, 14, 14, 14, 14, 14, 14, 14, 14, 14,
    14, 14, 14, 14, 14, 0, 0, 0, 0, 0, 0, 0, 0, 0, 0, 0, 0, 0, 0, 0, 14, 14, 14, 14,
    14, 14, 14, 14, 0, 0, 0, 0, 0, 0, 0, 0, 0, 0, 0, 14, 0, 0, 0, 0, 0, 0, 0, 0,
    0, 0, 0, 0, 0, 0, 0, 0, 0, 0, 0, 0, 0, 0, 0, 0, 0, 0, 0, 0, 0, 0, 0, 0,
    0, 0, 0, 0, 0, 14, 0, 0, 14, 0, 0, 0, 0, 0, 0, 0, 0, 0, 0, 0, 14, 14, 14, 14,
    14, 14, 14, 14, 14, 14, 14, 14, 14, 14, 14, 14, 14, 14, 14, 14, 14, 14, 14, 14, 14, 14, 14, 14,
    14, 14, 14, 14, 14, 14, 14, 14, 14, 14, 14, 14, 14, 14, 14, 14, 14, 14, 14, 14, 14, 14, 0, 0,
    0, 0, 0, 0, 0, 14, 14, 14, 14, 14, 14, 14, 14, 14, 14, 14, 14, 14, 14, 14, 14, 14, 14, 14,
    14, 14, 14, 14, 14, 0, 0, 0, 0, 0, 0, 0, 0, 0, 0, 0, 0, 0, 0, 0, 14, 14, 14, 14,
    14, 14, 14, 14, 0, 0, 0, 0, 0, 0, 0, 0, 0, 0, 0, 14, 0, 0, 0, 0, 0, 0, 0, 0,
    0, 0, 0, 0, 0, 0, 0, 0, 0, 0, 0, 0, 0, 0, 0, 0, 0, 0, 0, 0, 0, 0, 0, 0,
    0, 0, 0, 0, 0, 14, 0, 0, 14, 0, 0, 0, 0, 0, 0, 0, 0, 0, 0, 0, 0, 14, 14, 14,
    14, 14, 14, 14, 14, 14, 14, 14, 14, 14, 14, 14, 14, 14, 14, 14, 14, 14, 14, 14, 14, 14, 14, 14,
    14, 14, 14, 14, 14, 14, 14, 14, 14, 14, 14, 14, 14, 14, 14, 14, 14, 14, 14, 14, 14, 14, 0, 0,
    0, 0, 0, 0, 0, 14, 14, 14, 14, 14, 14, 14, 14, 14, 14, 14, 14, 14, 14, 14, 14, 14, 14, 14,
    14, 14, 14, 14, 14, 0, 0, 0, 0, 0, 0, 0, 0, 0, 0, 0, 0, 0, 0, 0, 14, 14, 14, 14,
    14, 14, 14, 14, 0, 0, 0, 0, 0, 0, 0, 0, 0, 0, 0, 14, 0, 0, 0, 0, 0, 0, 0, 0,
    0, 0, 0, 0, 0, 0, 0, 0, 0, 0, 0, 0, 0, 0, 0, 0, 0, 0, 0, 0, 0, 0, 0, 0,
    0, 0, 0, 0, 0, 14, 0, 0, 14, 0, 0, 0, 0, 0, 0, 0, 0, 0, 0, 0, 0, 14, 14, 14,
    14, 14, 14, 14, 14, 14, 14, 14, 14, 14, 14, 14, 14, 14, 14, 14, 14, 14, 14, 14, 14, 14, 14, 14,
    14, 14, 14, 14, 14, 14, 14, 14, 14, 14, 14, 14, 14, 14, 14, 14, 14, 14, 14, 14, 14, 14, 0, 0,
    0, 0, 0, 0, 0, 14, 14, 14, 14, 14, 14, 14, 14, 14, 14, 14, 14, 14, 14, 14, 14, 14, 14, 14,
    14, 14, 14, 14, 14, 0, 0, 0, 0, 0, 0, 0, 0, 0, 0, 0, 0, 0, 0, 0, 0, 14, 14, 14,
    14, 14, 14, 14, 0, 0, 0, 0, 0, 0, 0, 0, 0, 0, 0, 14, 0, 0, 0, 0, 0, 0, 0, 0,
    0, 0, 0, 0, 0, 0, 0, 0, 0, 0, 0, 0, 0, 0, 0, 0, 0, 0, 0, 0, 0, 0, 0, 0,
    0, 0, 0, 0, 0, 14, 0, 0, 14, 0, 0, 0, 0, 0, 0, 0, 0, 0, 0, 0, 0, 14, 14, 14,
    14, 14, 14, 14, 14, 14, 14, 14, 14, 14, 14, 14, 14, 14, 14, 14, 14, 14, 14, 14, 14, 14, 14, 14,
    14, 14, 14, 14, 14, 14, 14, 14, 14, 14, 14, 14, 14, 14, 14, 14, 14, 14, 14, 14, 14, 14, 0, 0,
    0, 0, 0, 0, 0, 14, 14, 14, 14, 14, 14, 14, 14, 14, 14, 14, 14, 14, 14, 14, 14, 14, 14, 14,
    14, 14, 14, 14, 14, 0, 0, 0, 0, 0, 0, 0, 0, 0, 0, 0, 0, 0, 0, 0, 0, 14, 14, 14,
    14, 14, 14, 14, 0, 0, 0, 0, 0, 0, 0, 0, 0, 0, 0, 14, 0, 0, 0, 0, 0, 0, 0, 0,
    0, 0, 0, 0, 0, 0, 0, 0, 0, 0, 0, 0, 0, 0, 0, 0, 0, 0, 0, 0, 0, 0, 0, 0,
    0, 0, 0, 0, 0, 14, 0, 0, 14, 0, 0, 0, 0, 0, 0, 0, 0, 0, 0, 0, 0, 14, 14, 14,
    14, 14, 14, 14, 14, 14, 14, 14, 14, 14, 14, 14, 14, 14, 14, 14, 14, 14, 14, 14, 14, 14, 14, 14,
    14, 14, 14, 14, 14, 14, 14, 14, 14, 14, 14, 14, 14, 14, 14, 14, 14, 14, 14, 14, 14, 0, 0, 0,
    0, 0, 0, 0, 0, 14, 14, 14, 14, 14, 14, 14, 14, 14, 14, 14, 14, 14, 14, 14, 14, 14, 14, 14,
    14, 14, 14, 14, 14, 0, 0, 0, 0, 0, 0, 0, 0, 0, 0, 0, 0, 0, 0, 0, 0, 14, 14, 14,
    14, 14, 14, 14, 0, 0, 0, 0, 0, 0, 0, 0, 0, 0, 0, 14, 0, 0, 0, 0, 0, 0, 0, 0,
    0, 0, 0, 0, 0, 0, 0, 0, 0, 0, 0, 0, 0, 0, 0, 0, 0, 0, 0, 0, 0, 0, 0, 0,
    0, 0, 0, 0, 0, 14, 0, 0, 14, 0, 0, 0, 0, 0, 0, 0, 0, 0, 0, 0, 0, 14, 14, 14,
    14, 14, 14, 14, 14, 14, 14, 14, 14, 14, 14, 14, 14, 14, 14, 14, 14, 14, 14, 14, 14, 14, 14, 14,
    14, 14, 14, 14, 14, 14, 14, 14, 14, 14, 14, 14, 14, 14, 14, 14, 14, 14, 14, 14, 14, 0, 0, 0,
    0, 0, 0, 0, 0, 14, 14, 14, 14, 14, 14, 14, 14, 14, 14, 14, 14, 14, 14, 14, 14, 14, 14, 14,
    14, 14, 14, 14, 14, 0, 0, 0, 0, 0, 0, 0, 0, 0, 0, 0, 0, 0, 0, 0, 0, 14, 14, 14,
    14, 14, 14, 14, 0, 0, 0, 0, 0, 0, 0, 0, 0, 0, 0, 14, 0, 0, 0, 0, 0, 0, 0, 0,
    0, 0, 0, 0, 0, 0, 0, 0, 0, 0, 0, 0, 0, 0, 0, 0, 0, 0, 0, 0, 0, 0, 0, 0,
    0, 0, 0, 0, 0, 14, 0, 0, 14, 14, 0, 0, 0, 0, 0, 0, 0, 0, 0, 0, 0, 14, 14, 14,
    14, 14, 14, 14, 14, 14, 14, 14, 14, 14, 14, 14, 14, 14, 14, 14, 14, 14, 14, 14, 14, 14, 14, 14,
    14, 14, 14, 14, 14, 14, 14, 14, 14, 14, 14, 14, 14, 14, 14, 14, 14, 14, 14, 14, 14, 14, 14, 0,
    0, 0, 0, 0, 0, 0, 0, 0, 0, 0, 0, 0, 0, 0, 0, 0, 0, 0, 0, 0, 0, 0, 0, 0,
    0, 0, 0, 0, 0, 0, 0, 0, 0, 0, 0, 0, 0, 0, 0, 0, 0, 0, 0, 0, 0, 14, 14, 14,
    14, 14, 14, 14, 0, 0, 0, 0, 0, 0, 0, 0, 0, 0, 0, 14, 0, 0, 0, 0, 0, 0, 0, 0,
    0, 0, 0, 0, 0, 0, 0, 0, 0, 0, 0, 0, 0, 0, 0, 0, 0, 0, 0, 0, 0, 0, 0, 0,
    0, 0, 0, 0, 0, 14, 0, 0, 0, 14, 0, 0, 0, 0, 0, 0, 0, 0, 0, 0, 0, 0, 14, 14,
    14, 14, 14, 14, 14, 14, 14, 14, 14, 14, 14, 14, 14, 14, 14, 14, 14, 14, 14, 14, 14, 14, 14, 14,
    14, 14, 14, 14, 14, 14, 14, 14, 14, 14, 14, 14, 14, 14, 14, 14, 14, 14, 14, 14, 14, 14, 14, 14,
    0, 0, 0, 0, 0, 0, 0, 0, 0, 0, 0, 0, 0, 0, 0, 0, 0, 0, 0, 0, 0, 0, 0, 0,
    0, 0, 0, 0, 0, 0, 0, 0, 0, 0, 0, 0, 0, 0, 0, 0, 0, 0, 0, 0, 0, 14, 14, 14,
    14, 14, 14, 14, 0, 0, 0, 0, 0, 0, 0, 0, 0, 0, 0, 14, 0, 0, 0, 0, 0, 0, 0, 0,
    0, 0, 0, 0, 0, 0, 0, 0, 0, 0, 0, 0, 0, 0, 0, 0, 0, 0, 0, 0, 0, 0, 0, 0,
    0, 0, 0, 0, 0, 14, 0, 0, 0, 14, 0, 0, 0, 0, 0, 0, 0, 0, 0, 0, 0, 0, 14, 14,
    14, 14, 14, 14, 14, 14, 14, 14, 14, 14, 14, 14, 14, 14, 14, 14, 14, 14, 14, 14, 14, 14, 14, 14,
    14, 14, 14, 14, 14, 14, 14, 14, 14, 14, 14, 14, 14, 14, 14, 14, 14, 14, 14, 14, 14, 14, 14, 14,
    0, 0, 0, 0, 0, 0, 0, 0, 0, 0, 0, 0, 0, 0, 0, 0, 0, 0, 0, 0, 0, 0, 0, 0,
    0, 0, 0, 0, 0, 0, 0, 0, 0, 0, 0, 0, 0, 0, 0, 0, 0, 0, 0, 0, 14, 14, 14, 14,
    14, 14, 14, 14, 0, 0, 0, 0, 0, 0, 0, 0, 0, 0, 0, 14, 0, 0, 0, 0, 0, 0, 0, 0,
    0, 0, 0, 0, 0, 0, 0, 0, 0, 0, 0, 0, 0, 0, 0, 0, 0, 0, 0, 0, 0, 0, 0, 0,
    0, 0, 0, 0, 0, 14, 0, 0, 0, 14, 0, 0, 0, 0, 0, 0, 0, 0, 0, 0, 0, 0, 14, 14,
    14, 14, 14, 14, 14, 14, 14, 14, 14, 14, 14, 14, 14, 14, 14, 14, 14, 14, 14, 14, 14, 14, 14, 14,
    14, 14, 14, 14, 14, 14, 14, 14, 14, 14, 14, 14, 14, 14, 14, 14, 14, 14, 14, 14, 14, 14, 14, 14,
    14, 14, 14, 14, 0, 0, 0, 0, 0, 0, 0, 0, 0, 0, 0, 0, 0, 0, 0, 0, 0, 0, 0, 0,
    0, 0, 0, 0, 0, 0, 0, 0, 0, 0, 0, 0, 0, 0, 0, 0, 0, 0, 0, 14, 14, 14, 14, 14,
    14, 14, 14, 14, 0, 0, 0, 0, 0, 0, 0, 0, 0, 0, 0, 14, 0, 0, 0, 0, 0, 0, 0, 0,
    0, 0, 0, 0, 0, 0, 0, 0, 0, 0, 0, 0, 0, 0, 0, 0, 0, 0, 0, 0, 0, 0, 0, 0,
    0, 0, 0, 0, 0, 14, 0, 0, 0, 0, 0, 0, 0, 0, 0, 0, 0, 0, 0, 0, 0, 0, 14, 14,
    14, 14, 14, 14, 14, 14, 14, 14, 14, 14, 14, 14, 14, 14, 14, 14, 14, 14, 14, 14, 14, 14, 14, 14,
    14, 14, 14, 14, 14, 14, 14, 14, 14, 14, 14, 14, 14, 14, 14, 14, 14, 14, 14, 14, 14, 14, 14, 14,
    14, 14, 14, 14, 0, 0, 0, 0, 0, 0, 0, 0, 0, 0, 0, 0, 0, 0, 0, 0, 0, 0, 0, 0,
    0, 0, 0, 0, 0, 0, 0, 0, 0, 0, 0, 0, 0, 0, 0, 0, 0, 0, 0, 14, 14, 14, 14, 14,
    14, 14, 14, 14, 0, 0, 0, 0, 0, 0, 0, 0, 0, 0, 0, 14, 0, 0, 0, 0, 0, 0, 0, 0,
    0, 0, 0, 0, 0, 0, 0, 0, 0, 0, 0, 0, 0, 0, 0, 0, 0, 0, 0, 0, 0, 0, 0, 0,
    0, 0, 0, 0, 0, 14, 0, 0, 0, 0, 0, 0, 0, 0, 0, 0, 0, 0, 0, 0, 14, 0, 14, 14,
    14, 14, 14, 14, 14, 14, 14, 14, 14, 14, 14, 14, 14, 14, 14, 14, 14, 14, 14, 14, 14, 14, 14, 14,
    14, 14, 14, 14, 14, 14, 14, 14, 14, 14, 14, 14, 14, 14, 14, 14, 14, 14, 14, 14, 14, 14, 14, 14,
    14, 14, 14, 14, 0, 0, 0, 0, 0, 0, 0, 0, 0, 0, 0, 0, 0, 0, 0, 0, 0, 0, 0, 0,
    0, 0, 0, 0, 0, 0, 0, 0, 0, 0, 0, 0, 0, 0, 0, 0, 0, 0, 0, 14, 14, 14, 14, 14,
    14, 14, 14, 14, 0, 0, 0, 0, 0, 0, 0, 0, 0, 0, 0, 14, 0, 0, 0, 0, 0, 0, 0, 0,
    0, 0, 0, 0, 0, 0, 0, 0, 0, 0, 0, 0, 0, 0, 0, 0, 0, 0, 0, 0, 0, 0, 0, 0,
    0, 0, 0, 0, 0, 14, 0, 0, 0, 0, 0, 0, 0, 0, 0, 0, 0, 0, 0, 0, 14, 0, 14, 14,
    14, 14, 14, 14, 14, 14, 14, 14, 14, 14, 14, 14, 14, 14, 14, 14, 14, 14, 14, 14, 14, 14, 14, 14,
    14, 14, 14, 14, 14, 14, 14, 14, 14, 14, 14, 14, 14, 14, 14, 14, 14, 14, 14, 14, 14, 14, 14, 14,
    14, 14, 14, 14, 14, 14, 14, 14, 14, 14, 0, 0, 0, 0, 0, 0, 0, 0, 0, 0, 0, 0, 0, 0,
    0, 0, 0, 0, 0, 0, 0, 0, 0, 0, 0, 0, 0, 0, 0, 0, 0, 0, 14, 14, 14, 14, 14, 14,
    14, 14, 14, 14, 0, 0, 0, 0, 0, 0, 0, 0, 0, 0, 0, 14, 0, 0, 0, 0, 0, 0, 0, 0,
    0, 0, 0, 0, 0, 0, 0, 0, 0, 0, 0, 0, 0, 0, 0, 0, 0, 0, 0, 0, 0, 0, 0, 0,
    0, 0, 0, 0, 0, 14, 0, 0, 0, 0, 0, 0, 0, 0, 0, 0, 0, 0, 0, 0, 0, 0, 14, 14,
    14, 14, 14, 14, 14, 14, 14, 14, 14, 14, 14, 14, 14, 14, 14, 14, 14, 14, 14, 14, 14, 14, 14, 14,
    14, 14, 14, 14, 14, 14, 14, 14, 14, 14, 14, 14, 14, 14, 14, 14, 14, 14, 14, 14, 14, 14, 14, 14,
    14, 14, 14, 14, 14, 14, 14, 14, 14, 14, 14, 14, 14, 0, 0, 0, 0, 0, 0, 0, 0, 0, 0, 0,
    0, 0, 0, 0, 0, 0, 0, 0, 0, 0, 0, 0, 0, 0, 0, 0, 0, 0, 14, 14, 14, 14, 14, 14,
    14, 14, 14, 14, 0, 0, 0, 0, 0, 0, 0, 0, 0, 0, 0, 14, 0, 0, 0, 0, 0, 0, 0, 0,
    0, 0, 0, 0, 0, 0, 0, 0, 0, 0, 0, 0, 0, 0, 0, 0, 0, 0, 0, 0, 0, 0, 0, 0,
    0, 0, 0, 0, 0, 14, 0, 0, 0, 0, 0, 0, 0, 0, 0, 0, 0, 0, 0, 0, 0, 0, 14, 14,
    14, 14, 14, 14, 14, 14, 14, 14, 14, 14, 14, 14, 14, 14, 14, 14, 14, 14, 14, 14, 14, 14, 14, 14,
    14, 14, 14, 14, 14, 14, 14, 14, 14, 14, 14, 14, 14, 14, 14, 14, 14, 14, 14, 14, 14, 14, 14, 14,
    14, 14, 14, 14, 14, 14, 14, 14, 14, 14, 14, 14, 14, 14, 0, 0, 0, 0, 0, 0, 0, 0, 0, 0,
    0, 0, 0, 0, 0, 0, 0, 0, 0, 0, 0, 0, 0, 0, 0, 0, 0, 0, 14, 14, 14, 14, 14, 14,
    14, 14, 14, 14, 0, 0, 0, 0, 0, 0, 0, 0, 0, 0, 0, 14, 14, 14, 14, 14, 14, 14, 14, 14,
    14, 14, 14, 14, 14, 14, 14, 14, 14, 14, 14, 14, 14, 0, 0, 0, 0, 0, 0, 0, 0, 0, 0, 0,
    0, 0, 0, 0, 0, 14, 0, 0, 0, 0, 0, 0, 0, 0, 0, 0, 0, 0, 0, 0, 0, 0, 14, 14,
    14, 14, 14, 14, 14, 14, 14, 14, 14, 14, 14, 14, 14, 14, 14, 14, 14, 14, 14, 14, 14, 14, 14, 14,
    14, 14, 14, 14, 14, 14, 14, 14, 14, 14, 14, 14, 14, 14, 14, 14, 14, 14, 14, 14, 14, 14, 14, 14,
    14, 14, 14, 14, 14, 14, 14, 14, 14, 14, 14, 14, 14, 14, 14, 0, 0, 14, 14, 0, 0, 0, 0, 0,
    0, 0, 0, 0, 0, 0, 0, 0, 0, 0, 0, 0, 0, 0, 0, 0, 0, 0, 14, 14, 14, 14, 14, 14,
    14, 14, 14, 14, 0, 0, 0, 0, 0, 0, 0, 0, 0, 0, 0, 0, 0, 0, 0, 0, 0, 0, 0, 0,
    0, 0, 0, 0, 0, 0, 0, 0, 0, 0, 0, 0, 14, 0, 0, 0, 0, 0, 0, 0, 0, 0, 0, 0,
    0, 0, 0, 0, 0, 14, 14, 14, 0, 0, 0, 0, 0, 0, 0, 0, 0, 0, 0, 0, 0, 0, 14, 14,
    14, 14, 14, 14, 14, 14, 14, 14, 14, 14, 14, 14, 14, 14, 14, 14, 14, 14, 14, 14, 14, 14, 14, 14,
    14, 14, 14, 14, 14, 14, 14, 14, 14, 14, 14, 14, 14, 14, 14, 14, 14, 14, 14, 14, 14, 14, 14, 14,
    14, 14, 14, 14, 14, 14, 14, 14, 14, 14, 14, 14, 14, 14, 14, 14, 14, 14, 14, 14, 0, 0, 0, 0,
    0, 0, 0, 0, 0, 0, 0, 0, 0, 0, 0, 0, 0, 0, 0, 0, 0, 0, 14, 14, 14, 14, 14, 14,
    14, 14, 14, 14, 0, 0, 0, 0, 0, 0, 0, 0, 0, 0, 0, 0, 0, 0, 0, 0, 0, 0, 0, 0,
    0, 0, 0, 14, 0, 0, 0, 0, 0, 0, 0, 0, 14, 14, 14, 14, 14, 14, 14, 14, 14, 14, 14, 14,
    14, 14, 14, 14, 14, 14, 14, 14, 0, 0, 0, 0, 0, 0, 0, 0, 0, 0, 0, 0, 0, 0, 14, 14,
    14, 14, 14, 14, 14, 14, 14, 14, 14, 14, 14, 14, 14, 14, 14, 14, 14, 14, 14, 14, 14, 14, 14, 14,
    14, 14, 14, 14, 14, 14, 14, 14, 14, 14, 14, 14, 14, 14, 14, 14, 14, 14, 14, 14, 14, 14, 14, 14,
    14, 14, 14, 14, 14, 14, 14, 14, 14, 14, 14, 14, 14, 14, 14, 14, 14, 14, 14, 14, 14, 14, 14, 0,
    0, 0, 0, 0, 14, 0, 0, 0, 0, 0, 0, 0, 0, 0, 0, 0, 0, 0, 14, 14, 14, 14, 14, 14,
    14, 14, 14, 14, 0, 0, 0, 0, 0, 0, 0, 0, 0, 0, 0, 0, 0, 0, 0, 0, 0, 0, 0, 0,
    0, 0, 0, 14, 0, 0, 0, 0, 0, 0, 0, 0, 0, 0, 0, 0, 0, 0, 0, 0, 0, 0, 0, 0,
    0, 0, 0, 0, 14, 14, 14, 14, 0, 0, 0, 0, 0, 0, 0, 0, 0, 0, 0, 0, 0, 0, 14, 14,
    14, 14, 14, 14, 14, 14, 14, 14, 14, 14, 14, 14, 14, 14, 14, 14, 14, 14, 14, 14, 14, 14, 14, 14,
    14, 14, 14, 14, 14, 14, 14, 14, 14, 14, 14, 14, 14, 14, 14, 14, 14, 14, 14, 14, 14, 14, 14, 14,
    14, 14, 14, 14, 14, 14, 14, 14, 14, 14, 14, 14, 14, 14, 14, 14, 14, 14, 14, 14, 14, 14, 14, 14,
    14, 14, 14, 0, 14, 0, 0, 0, 0, 0, 0, 14, 14, 14, 14, 0, 0, 14, 14, 14, 14, 14, 14, 14,
    14, 14, 14, 14, 0, 0, 0, 0, 0, 0, 0, 0, 0, 0, 0, 0, 0, 0, 0, 0, 0, 0, 0, 0,
    0, 0, 0, 0, 0, 0, 0, 0, 0, 0, 0, 0, 0, 0, 0, 0, 0, 0, 0, 0, 0, 0, 0, 0,
    0, 14, 0, 0, 14, 14, 14, 14, 0, 0, 0, 0, 0, 0, 0, 0, 0, 0, 0, 0, 0, 0, 14, 14,
    14, 14, 14, 14, 14, 14, 14, 14, 14, 14, 14, 14, 14, 14, 14, 14, 14, 14, 14, 14, 14, 14, 14, 14,
    14, 14, 14, 14, 14, 14, 14, 14, 14, 14, 14, 14, 14, 14, 14, 14, 14, 14, 14, 14, 14, 14, 14, 14,
    14, 14, 14, 14, 14, 14, 14, 14, 14, 14, 14, 14, 14, 14, 14, 14, 14, 14, 14, 14, 14, 14, 14, 14,
    14, 14, 14, 14, 14, 14, 14, 14, 14, 14, 14, 14, 14, 14, 14, 14, 14, 14, 14, 14, 14, 14, 14, 14,
    14, 14, 14, 14, 0, 0, 0, 0, 0, 0, 0, 0, 0, 0, 0, 0, 0, 0, 0, 0, 0, 0, 0, 0,
    0, 0, 0, 0, 0, 0, 0, 0, 0, 0, 0, 0, 0, 0, 0, 0, 0, 0, 0, 0, 0, 0, 0, 0,
    0, 14, 0, 0, 0, 0, 0, 0, 0, 0, 0, 0, 0, 0, 0, 0, 0, 0, 0, 0, 0, 14, 14, 14,
    14, 14, 14, 14, 14, 14, 14, 14, 14, 14, 14, 14, 14, 14, 14, 14, 14, 14, 14, 14, 14, 14, 14, 14,
    14, 14, 14, 14, 14, 14, 14, 14, 14, 14, 14, 14, 14, 14, 14, 14, 14, 14, 14, 14, 14, 14, 14, 14,
    14, 14, 14, 14, 14, 14, 14, 14, 14, 14, 14, 14, 14, 14, 14, 14, 14, 14, 14, 14, 14, 14, 14, 14,
    14, 14, 14, 14, 14, 14, 14, 14, 14, 14, 14, 14, 14, 14, 14, 14, 14, 14, 14, 14, 14, 14, 14, 14,
    14, 14, 14, 14, 0, 0, 0, 0, 0, 0, 0, 0, 0, 0, 0, 0, 0, 0, 0, 0, 0, 0, 0, 14,
    14, 14, 14, 14, 14, 0, 0, 0, 0, 0, 0, 0, 0, 0, 0, 0, 0, 0, 0, 0, 0, 0, 0, 0,
    0, 14, 0, 0, 0, 0, 0, 0, 0, 0, 0, 0, 0, 0, 0, 0, 0, 0, 0, 0, 0, 14, 14, 14,
    14, 14, 14, 14, 14, 14, 14, 14, 14, 14, 14, 14, 14, 14, 14, 14, 14, 14, 14, 14, 14, 14, 14, 14,
    14, 14, 14, 14, 14, 14, 14, 14, 14, 14, 14, 14, 14, 14, 14, 14, 14, 14, 14, 14, 14, 14, 14, 14,
    14, 14, 14, 14, 14, 14, 14, 14, 14, 14, 14, 14, 14, 14, 14, 14, 14, 14, 14, 14, 14, 14, 14, 14,
    14, 14, 14, 14, 14, 14, 14, 14, 14, 14, 14, 14, 14, 14, 14, 14, 14, 14, 14, 14, 14, 14, 14, 14,
    14, 14, 14, 14, 0, 0, 0, 0, 0, 0, 0, 0, 0, 0, 0, 0, 0, 0, 0, 0, 0, 0, 0, 14,
    14, 14, 14, 14, 14, 0, 0, 0, 0, 0, 0, 0, 0, 0, 0, 0, 0, 0, 0, 0, 0, 0, 0, 0,
    0, 0, 0, 0, 0, 0, 0, 0, 0, 0, 0, 0, 0, 0, 0, 0, 0, 0, 0, 0, 0, 14, 14, 14,
    14, 14, 14, 14, 14, 14, 14, 14, 14, 14, 14, 14, 14, 14, 14, 14, 14, 14, 14, 14, 14, 14, 14, 14,
    14, 14, 14, 14, 14, 14, 14, 14, 14, 14, 14, 14, 14, 14, 14, 14, 14, 14, 14, 14, 14, 14, 14, 14,
    14, 14, 14, 14, 14, 14, 14, 14, 14, 14, 14, 14, 14, 14, 14, 14, 14, 14, 14, 14, 14, 14, 14, 14,
    14, 14, 14, 14, 14, 14, 14, 14, 14, 14, 14, 14, 14, 14, 14, 14, 14, 14, 14, 14, 14, 14, 14, 14,
    14, 14, 14, 14, 0, 0, 0, 0, 0, 0, 0, 0, 0, 0, 0, 0, 0, 0, 0, 0, 0, 0, 0, 0,
    0, 0, 14, 0, 0, 0, 0, 0, 0, 0, 0, 0, 0, 0, 0, 0, 0, 0, 0, 0, 0, 0, 0, 0,
    0, 0, 0, 0, 0, 0, 0, 0, 0, 0, 0, 0, 0, 0, 0, 0, 0, 0, 0, 0, 0, 14, 14, 14,
    14, 14, 14, 14, 14, 14, 14, 14, 14, 14, 14, 14, 14, 14, 14, 14, 14, 14, 14, 14, 14, 14, 14, 14,
    14, 14, 14, 14, 14, 14, 14, 14, 14, 14, 14, 14, 14, 14, 14, 14, 14, 14, 14, 14, 14, 14, 14, 14,
    14, 14, 14, 14, 14, 14, 14, 14, 14, 14, 14, 14, 14, 14, 14, 14, 14, 14, 14, 14, 14, 14, 14, 14,
    14, 14, 14, 14, 14, 14, 14, 14, 14, 14, 14, 14, 14, 14, 14, 14, 14, 14, 14, 14, 14, 14, 14, 14,
    14, 14, 14, 14, 0, 0, 0, 0, 0, 14, 0, 0, 0, 0, 0, 0, 0, 0, 0, 0, 0, 0, 0, 0,
    0, 0, 14, 0, 0, 0, 0, 0, 0, 0, 0, 0, 0, 0, 0, 0, 0, 0, 0, 0, 0, 0, 0, 0,
    0, 0, 0, 0, 0, 0, 0, 0, 0, 0, 0, 0, 0, 0, 0, 0, 0, 0, 0, 0, 0, 14, 14, 14,
    14, 14, 14, 14, 14, 14, 14, 14, 14, 14, 14, 14, 14, 14, 14, 14, 14, 14, 14, 14, 14, 14, 14, 14,
    14, 14, 14, 14, 14, 14, 14, 14, 14, 14, 14, 14, 14, 14, 14, 14, 14, 14, 14, 14, 14, 14, 14, 14,
    14, 14, 14, 14, 14, 14, 14, 14, 14, 14, 14, 14, 14, 14, 14, 14, 14, 14, 14, 14, 14, 14, 14, 14,
    14, 14, 14, 14, 14, 14, 14, 14, 14, 14, 14, 14, 14, 14, 14, 14, 14, 14, 14, 14, 14, 14, 14, 14,
    14, 14, 14, 14, 0, 0, 0, 0, 0, 14, 0, 0, 0, 0, 0, 0, 0, 0, 0, 0, 0, 0, 0, 0,
    0, 0, 14, 0, 0, 0, 0, 0, 0, 0, 0, 0, 0, 0, 0, 0, 0, 0, 0, 0, 0, 0, 0, 0,
    0, 0, 0, 0, 0, 0, 0, 0, 0, 0, 0, 0, 0, 0, 0, 0, 0, 0, 0, 0, 0, 14, 14, 14,
    14, 14, 14, 14, 14, 14, 14, 14, 14, 14, 14, 14, 14, 14, 14, 14, 14, 14, 14, 14, 14, 14, 14, 14,
    14, 14, 14, 14, 14, 14, 14, 14, 14, 14, 14, 14, 14, 14, 14, 14, 14, 14, 14, 14, 14, 14, 14, 14,
    14, 14, 14, 14, 14, 14, 14, 14, 14, 14, 14, 14, 14, 14, 14, 14, 14, 14, 14, 14, 14, 14, 14, 14,
    14, 14, 14, 14, 14, 14, 14, 14, 14, 14, 14, 14, 14, 14, 14, 14, 14, 14, 14, 14, 14, 14, 14, 14,
    14, 14, 14, 14, 0, 0, 0, 14, 0, 0, 0, 0, 0, 0, 0, 0, 0, 0, 0, 0, 0, 0, 0, 0,
    0, 0, 0, 0, 0, 0, 0, 0, 0, 0, 0, 0, 0, 0, 0, 0, 0, 0, 0, 0, 0, 0, 0, 0,
    0, 0, 0, 0, 0, 0, 0, 0, 0, 0, 0, 0, 0, 0, 0, 0, 0, 0, 0, 0, 0, 14, 14, 14,
    14, 14, 14, 14, 14, 14, 14, 14, 14, 14, 14, 14, 14, 14, 14, 14, 14, 14, 14, 14, 14, 14, 14, 14,
    14, 14, 14, 14, 14, 14, 14, 14, 14, 14, 14, 14, 14, 14, 14, 14, 14, 14, 14, 14, 14, 14, 14, 14,
    14, 14, 14, 14, 14, 14, 14, 14, 14, 14, 14, 14, 14, 14, 14, 14, 14, 14, 14, 14, 14, 14, 14, 14,
    14, 14, 14, 14, 14, 14, 14, 14, 14, 14, 14, 14, 14, 14, 14, 14, 14, 14, 14, 14, 14, 14, 14, 14,
    14, 14, 14, 14, 0, 0, 0, 14, 0, 0, 0, 0, 0, 0, 0, 0, 0, 0, 0, 0, 0, 0, 0, 0,
    0, 0, 0, 0, 0, 0, 0, 0, 0, 0, 0, 0, 0, 0, 0, 0, 0, 0, 0, 0, 0, 0, 0, 0,
    0, 0, 0, 0, 0, 0, 0, 0, 0, 0, 0, 0, 0, 0, 0, 0, 0, 0, 0, 0, 0, 14, 14, 14,
    14, 14, 14, 14, 14, 14, 14, 14, 14, 14, 14, 14, 14, 14, 14, 14, 14, 14, 14, 14, 14, 14, 14, 14,
    14, 14, 14, 14, 14, 14, 14, 14, 14, 14, 14, 14, 14, 14, 14, 14, 14, 14, 14, 14, 14, 14, 14, 14,
    14, 14, 14, 14, 14, 14, 14, 14, 14, 14, 14, 14, 14, 14, 14, 14, 14, 14, 14, 14, 14, 14, 14, 14,
    14, 14, 14, 14, 14, 14, 14, 14, 14, 14, 14, 14, 14, 14, 14, 14, 14, 14, 14, 14, 14, 14, 14, 14,
    14, 14, 14, 14, 0, 0, 0, 14, 0, 0, 0, 14, 0, 0, 0, 0, 0, 0, 0, 0, 0, 0, 0, 0,
    0, 0, 0, 0, 0, 0, 0, 0, 0, 0, 0, 0, 0, 0, 0, 0, 0, 0, 0, 0, 0, 0, 0, 0,
    0, 0, 0, 14, 14, 0, 0, 0, 0, 0, 0, 0, 0, 0, 0, 0, 0, 0, 0, 0, 0, 14, 14, 14,
    14, 14, 14, 14, 14, 14, 14, 14, 14, 14, 14, 14, 14, 14, 14, 14, 14, 14, 14, 14, 14, 14, 14, 14,
    14, 14, 14, 14, 14, 14, 14, 14, 14, 14, 14, 14, 14, 14, 14, 14, 14, 14, 14, 14, 14, 14, 14, 14,
    14, 14, 14, 14, 14, 14, 14, 14, 14, 14, 14, 14, 14, 14, 14, 14, 14, 14, 14, 14, 14, 14, 14, 14,
    14, 14, 14, 14, 14, 14, 14, 14, 14, 14, 14, 14, 14, 14, 14, 14, 14, 14, 14, 14, 14, 14, 14, 14,
    14, 14, 14, 14, 0, 0, 0, 0, 14, 0, 0, 14, 0, 0, 0, 0, 0, 0, 0, 0, 0, 0, 0, 0,
    0, 0, 0, 0, 0, 0, 0, 0, 0, 0, 0, 0, 0, 0, 0, 0, 0, 0, 0, 0, 0, 0, 0, 0,
    0, 14, 14, 14, 14, 0, 0, 0, 0, 0, 0, 0, 0, 0, 0, 0, 0, 0, 0, 0, 0, 14, 14, 14,
    14, 14, 14, 14, 14, 14, 14, 14, 14, 14, 14, 14, 14, 14, 14, 14, 14, 14, 14, 14, 14, 14, 14, 14,
    14, 14, 14, 14, 14, 14, 14, 14, 14, 14, 14, 14, 14, 14, 14, 14, 14, 14, 14, 14, 14, 14, 14, 14,
    14, 14, 14, 14, 14, 14, 14, 14, 14, 14, 14, 14, 14, 14, 14, 14, 14, 14, 14, 14, 14, 14, 14, 14,
    14, 14, 14, 14, 14, 14, 14, 14, 14, 14, 14, 14, 14, 14, 14, 14, 14, 14, 14, 14, 14, 14, 14, 14,
    14, 14, 14, 14, 0, 0, 0, 0, 14, 0, 0, 14, 0, 0, 0, 0, 0, 0, 0, 0, 0, 0, 0, 0,
    0, 0, 0, 0, 0, 0, 0, 0, 0, 0, 0, 0, 0, 0, 0, 0, 0, 0, 0, 0, 0, 0, 0, 0,
    0, 14, 14, 14, 0, 0, 14, 0, 0, 0, 0, 0, 0, 0, 0, 0, 0, 0, 0, 0, 0, 14, 14, 14,
    14, 14, 14, 14, 14, 14, 14, 14, 14, 14, 14, 14, 14, 14, 14, 14, 14, 14, 14, 14, 14, 14, 14, 14,
    14, 14, 14, 14, 14, 14, 14, 14, 14, 14, 14, 14, 14, 14, 14, 14, 14, 14, 14, 14, 14, 14, 14, 14,
    14, 14, 14, 14, 14, 14, 14, 14, 14, 14, 14, 14, 14, 14, 14, 14, 14, 14, 14, 14, 14, 14, 14, 14,
    14, 14, 14, 14, 14, 14, 14, 14, 14, 14, 14, 14, 14, 14, 14, 14, 14, 14, 14, 14, 14, 14, 14, 14,
    14, 14, 14, 14, 0, 0, 0, 0, 14, 0, 0, 0, 0, 0, 0, 0, 0, 0, 0, 0, 0, 0, 0, 0,
    0, 0, 0, 0, 0, 0, 0, 0, 0, 0, 0, 0, 0, 0, 0, 0, 0, 0, 0, 0, 0, 0, 0, 0,
    0, 0, 0, 0, 0, 0, 14, 0, 0, 0, 0, 0, 0, 0, 0, 0, 0, 0, 0, 0, 0, 14, 14, 14,
    14, 14, 14, 14, 14, 14, 14, 14, 14, 14, 14, 14, 14, 14, 14, 14, 14, 14, 14, 14, 14, 14, 14, 14,
    14, 14, 14, 14, 14, 14, 14, 14, 14, 14, 14, 14, 14, 14, 14, 14, 14, 14, 14, 14, 14, 14, 14, 14,
    14, 14, 14, 14, 14, 14, 14, 14, 14, 14, 14, 14, 14, 14, 14, 14, 14, 14, 14, 14, 14, 14, 14, 14,
    14, 14, 14, 14, 14, 14, 14, 14, 14, 14, 14, 14, 14, 14, 14, 14, 14, 14, 14, 14, 14, 14, 14, 14,
    14, 14, 14, 14, 0, 0, 0, 0, 14, 0, 0, 0, 14, 0, 0, 0, 0, 0, 0, 0, 0, 0, 0, 0,
    0, 0, 0, 0, 0, 0, 0, 0, 0, 0, 0, 0, 0, 0, 0, 0, 0, 0, 0, 0, 0, 0, 0, 0,
    0, 0, 0, 0, 0, 0, 14, 0, 0, 0, 0, 0, 0, 0, 0, 0, 0, 0, 0, 0, 0, 14, 14, 14,
    14, 14, 14, 14, 14, 14, 14, 14, 14, 14, 14, 14, 14, 14, 14, 14, 14, 14, 14, 14, 14, 14, 14, 14,
    14, 14, 14, 14, 14, 14, 14, 14, 14, 14, 14, 14, 14, 14, 14, 14, 14, 14, 14, 14, 14, 14, 14, 14,
    14, 14, 14, 14, 14, 14, 14, 14, 14, 14, 14, 14, 14, 14, 14, 14, 14, 14, 14, 14, 14, 14, 14, 14,
    14, 14, 14, 14, 14, 14, 14, 14, 14, 14, 14, 14, 14, 14, 14, 14, 14, 14, 14, 14, 14, 14, 14, 14,
    14, 14, 14, 14, 14, 14, 0, 0, 14, 0, 0, 0, 14, 0, 0, 0, 0, 0, 0, 0, 0, 0, 0, 0,
    0, 0, 0, 0, 0, 0, 14, 14, 14, 14, 14, 14, 14, 14, 14, 14, 14, 14, 14, 14, 14, 14, 14, 14,
    14, 14, 14, 14, 14, 14, 14, 14, 0, 0, 0, 0, 0, 0, 0, 0, 0, 0, 0, 0, 0, 14, 14, 14,
    14, 14, 14, 14, 14, 14, 14, 14, 14, 14, 14, 14, 14, 14, 14, 14, 14, 14, 14, 14, 14, 14, 14, 14,
    14, 14, 14, 14, 14, 14, 14, 14, 14, 14, 14, 14, 14, 14, 14, 14, 14, 14, 14, 14, 14, 14, 14, 14,
    14, 14, 14, 14, 14, 14, 14, 14, 14, 14, 14, 14, 14, 14, 14, 14, 14, 14, 14, 14, 14, 14, 14, 14,
    14, 14, 14, 14, 14, 14, 14, 14, 14, 14, 14, 14, 14, 14, 14, 14, 14, 14, 14, 14, 14, 14, 14, 14,
    14, 14, 14, 14, 14, 14, 0, 0, 14, 14, 14, 0, 0, 0, 0, 0, 0, 0, 0, 0, 0, 0, 0, 0,
    0, 0, 0, 0, 0, 0, 14, 14, 14, 14, 14, 14, 14, 14, 14, 14, 14, 14, 14, 14, 14, 14, 14, 14,
    14, 14, 14, 14, 14, 14, 14, 14, 0, 0, 0, 0, 0, 0, 0, 0, 0, 0, 0, 0, 0, 0, 0, 0,
    0, 14, 14, 14, 14, 14, 14, 14, 14, 14, 14, 14, 14, 14, 14, 14, 14, 14, 14, 14, 14, 14, 14, 14,
    14, 14, 14, 14, 14, 14, 14, 14, 14, 14, 14, 14, 14, 14, 14, 14, 14, 14, 14, 14, 14, 14, 14, 14,
    14, 14, 14, 14, 14, 14, 14, 14, 14, 14, 14, 14, 14, 14, 14, 14, 14, 14, 14, 14, 14, 14, 14, 14,
    14, 14, 14, 14, 14, 14, 14, 14, 14, 14, 14, 14, 14, 14, 14, 14, 14, 14, 14, 14, 14, 14, 14, 14,
    14, 14, 14, 14, 14, 14, 0, 0, 14, 14, 14, 0, 0, 0, 0, 0, 0, 0, 0, 0, 0, 0, 0, 0,
    0, 0, 0, 0, 0, 0, 14, 14, 14, 14, 14, 14, 14, 14, 14, 14, 14, 14, 14, 14, 14, 14, 14, 14,
    14, 14, 14, 14, 14, 14, 14, 14, 0, 0, 0, 0, 0, 0, 0, 0, 0, 0, 0, 0, 0, 0, 0, 0,
    0, 14, 14, 14, 14, 14, 14, 14, 14, 14, 14, 14, 14, 14, 14, 14, 14, 14, 14, 14, 14, 14, 14, 14,
    14, 14, 14, 14, 14, 14, 14, 14, 14, 14, 14, 14, 14, 14, 14, 14, 14, 14, 14, 14, 14, 14, 14, 14,
    14, 14, 14, 14, 14, 14, 14, 14, 14, 14, 14, 14, 14, 14, 14, 14, 14, 14, 14, 14, 14, 14, 14, 14,
    14, 14, 14, 14, 14, 14, 14, 14, 14, 14, 14, 14, 14, 14, 14, 14, 14, 14, 14, 14, 14, 14, 14, 14,
    14, 14, 14, 14, 14, 14, 14, 14, 14, 14, 14, 14, 14, 14, 14, 14, 14, 14, 14, 14, 14, 14, 14, 14,
    14, 14, 14, 14, 14, 14, 14, 14, 14, 14, 14, 14, 14, 14, 14, 14, 14, 14, 14, 14, 14, 14, 14, 14,
    14, 14, 14, 14, 14, 14, 14, 14, 14, 14, 14, 14, 14, 14, 14, 14, 14, 14, 14, 14, 14, 14, 14, 14,
    14, 14, 14, 14, 14, 14, 14, 14, 14, 14, 14, 14, 14, 14, 14, 14, 14, 14, 14, 14, 14, 14, 14, 14,
    14, 14, 14, 14, 14, 14, 14, 14, 14, 14, 14, 14, 14, 14, 14, 14, 14, 14, 14, 14, 14, 14, 0, 0,
    0, 0, 0, 0, 0, 0, 0, 0, 0, 0, 0, 0, 0, 0, 0, 0, 0, 0, 0, 0, 0, 0, 0, 0,
    0, 0, 0, 0, 0, 0, 0, 0, 0, 0, 0, 0, 0, 0, 0, 0, 0, 0, 0, 0, 0, 0, 0, 0,
    0, 0, 0, 0, 0, 0, 0, 0, 0, 0, 0, 0, 0, 0, 0, 0, 0, 0, 0, 0, 0, 0, 0, 0,
    0, 0, 0, 0, 0, 0, 0, 0, 14, 14, 14, 14, 14, 14, 14, 14, 14, 14, 14, 14, 14, 14, 14, 14,
    14, 14, 14, 14, 14, 14, 14, 14, 14, 14, 14, 14, 14, 14, 14, 14, 14, 14, 14, 14, 14, 14, 14, 14,
    14, 14, 14, 14, 14, 14, 14, 14, 14, 14, 14, 14, 14, 14, 14, 14, 14, 14, 14, 14, 14, 14, 14, 14,
    14, 14, 14, 14, 14, 14, 14, 14, 14, 14, 14, 14, 14, 14, 14, 14, 14, 14, 14, 14, 14, 14, 0, 0,
    0, 0, 0, 0, 0, 0, 0, 0, 0, 0, 0, 0, 0, 0, 0, 0, 0, 0, 0, 0, 0, 0, 0, 0,
    0, 0, 0, 0, 0, 0, 0, 0, 0, 0, 0, 0, 0, 0, 0, 0, 0, 0, 0, 0, 0, 0, 0, 0,
    0, 0, 0, 0, 0, 0, 0, 0, 0, 0, 0, 0, 0, 0, 0, 0, 0, 0, 0, 0, 0, 0, 0, 0,
    0, 0, 0, 0, 0, 0, 0, 0, 14, 14, 14, 14, 14, 14, 14, 14, 14, 14, 14, 14, 14, 14, 14, 14,
    14, 14, 14, 14, 14, 14, 14, 14, 14, 14, 14, 14, 14, 14, 14, 14, 14, 14, 14, 14, 14, 14, 14, 14,
    14, 14, 14, 14, 14, 14, 14, 14, 14, 14, 14, 14, 14, 14, 14, 14, 14, 14, 14, 14, 14, 14, 14, 14,
    14, 14, 14, 14, 14, 14, 14, 14, 14, 14, 14, 14, 14, 14, 14, 14, 14, 14, 14, 14, 14, 14, 0, 0,
    0, 0, 0, 0, 0, 0, 0, 0, 0, 0, 0, 0, 0, 0, 0, 0, 0, 0, 0, 0, 0, 0, 0, 0,
    0, 0, 0, 0, 0, 0, 0, 0, 0, 0, 0, 0, 0, 0, 0, 0, 0, 0, 0, 0, 0, 0, 0, 0,
    0, 0, 0, 0, 0, 0, 0, 0, 0, 0, 0, 0, 0, 0, 0, 0, 0, 0, 0, 0, 0, 0, 0, 0,
    0, 0, 0, 0, 0, 0, 0, 0, 14, 14, 14, 14, 14, 14, 14, 14, 14, 14, 14, 14, 14, 14, 14, 14,
    14, 14, 14, 14, 14, 14, 14, 14, 14, 14, 14, 14, 14, 14, 14, 14, 14, 14, 14, 14, 14, 14, 14, 14,
    14, 14, 14, 14, 14, 14, 14, 14, 14, 14, 14, 14, 14, 14, 14, 14, 14, 14, 14, 14, 14, 14, 14, 14,
    14, 14, 14, 14, 14, 14, 14, 14, 14, 14, 14, 14, 14, 14, 14, 14, 14, 14, 14, 14, 14, 14, 0, 0,
    0, 0, 0, 0, 0, 0, 0, 0, 0, 0, 0, 0, 0, 0, 0, 0, 0, 0, 0, 0, 0, 0, 0, 0,
    0, 0, 0, 0, 0, 0, 0, 0, 0, 0, 0, 0, 0, 0, 0, 0, 0, 0, 0, 0, 0, 0, 0, 0,
    0, 0, 0, 0, 0, 0, 0, 0, 0, 0, 0, 0, 0, 0, 0, 0, 0, 0, 0, 0, 0, 0, 0, 0,
    0, 0, 0, 0, 0, 0, 0, 0, 14, 14, 14, 14, 14, 14, 14, 14, 14, 14, 14, 14, 14, 14, 14, 14,
    14, 14, 14, 14, 14, 14, 14, 14, 14, 14, 14, 14, 14, 14, 14, 14, 14, 14, 14, 14, 14, 14, 14, 14,
    14, 14, 14, 14, 14, 14, 14, 14, 14, 14, 14, 14, 14, 14, 14, 14, 14, 14, 14, 14, 14, 14, 14, 14,
    14, 14, 14, 14, 14, 14, 14, 14, 14, 14, 14, 14, 14, 14, 14, 14, 14, 14, 14, 14, 14, 14, 0, 0,
    0, 0, 0, 0, 0, 0, 0, 0, 0, 0, 0, 0, 0, 0, 0, 0, 0, 0, 0, 0, 0, 0, 0, 0,
    0, 0, 0, 0, 0, 0, 0, 0, 0, 0, 0, 0, 0, 0, 0, 0, 0, 0, 0, 0, 0, 0, 0, 0,
    0, 0, 0, 0, 0, 0, 0, 0, 0, 0, 0, 0, 0, 0, 0, 0, 0, 0, 0, 0, 0, 0, 0, 0,
    0, 0, 0, 0, 0, 0, 0, 0, 14, 14, 14, 14, 14, 14, 14, 14, 14, 14, 14, 14, 14, 14, 14, 14,
    14, 14, 14, 14, 14, 14, 14, 14, 14, 14, 14, 14, 14, 14, 14, 14, 14, 14, 14, 14, 14, 14, 14, 14,
    14, 14, 14, 14, 14, 14, 14, 14, 14, 14, 14, 14, 14, 14, 14, 14, 14, 14, 14, 14, 14, 14, 14, 14,
    14, 14, 14, 14, 14, 14, 14, 14, 14, 14, 14, 14, 14, 14, 14, 14, 14, 14, 14, 14, 14, 14, 0, 0,
    0, 0, 0, 0, 0, 0, 0, 0, 0, 0, 0, 0, 0, 0, 0, 0, 0, 0, 0, 0, 0, 0, 0, 0,
    0, 0, 0, 0, 0, 0, 0, 0, 0, 0, 0, 0, 0, 0, 0, 0, 0, 0, 0, 0, 0, 0, 0, 0,
    0, 0, 0, 0, 0, 0, 0, 0, 0, 0, 0, 0, 0, 0, 0, 0, 0, 0, 0, 0, 0, 0, 0, 0,
    0, 0, 0, 0, 0, 0, 0, 0, 14, 14, 14, 14, 14, 14, 14, 14, 14, 14, 14, 14, 14, 14, 14, 14,
    14, 14, 14, 14, 14, 14, 14, 14, 14, 14, 14, 14, 14, 14, 14, 14, 14, 14, 14, 14, 14, 14, 14, 14,
    14, 14, 14, 14, 14, 14, 14, 14, 14, 14, 14, 14, 14, 14, 14, 14, 14, 14, 14, 14, 14, 14, 14, 14,
    14, 14, 14, 14, 14, 14, 14, 14, 14, 14, 14, 14, 14, 14, 14, 14, 14, 14, 14, 14, 14, 14, 0, 0,
    0, 0, 0, 0, 0, 0, 0, 0, 0, 0, 0, 0, 0, 0, 0, 0, 0, 0, 0, 0, 0, 0, 0, 0,
    0, 0, 0, 0, 0, 0, 0, 0, 0, 0, 0, 0, 0, 0, 0, 0, 0, 0, 0, 0, 0, 0, 0, 0,
    0, 0, 0, 0, 0, 0, 0, 0, 0, 0, 0, 0, 0, 0, 0, 0, 0, 0, 0, 0, 0, 0, 0, 0,
    0, 0, 0, 0, 0, 0, 0, 0, 14, 14, 14, 14, 14, 14, 14, 14, 14, 14, 14, 14, 14, 14, 14, 14,
    14, 14, 14, 14, 14, 14, 14, 14, 14, 14, 14, 14, 14, 14, 14, 14, 14, 14, 14, 14, 14, 14, 14, 14,
    14, 14, 14, 14, 14, 14, 14, 14, 14, 14, 14, 14, 14, 14, 14, 14, 14, 14, 14, 14, 14, 14, 14, 14,
    14, 14, 14, 14, 14, 14, 14, 14, 14, 14, 14, 14, 14, 14, 14, 14, 14, 14, 14, 14, 14, 14, 0, 0,
    0, 0, 0, 0, 0, 0, 0, 0, 0, 0, 0, 0, 0, 0, 0, 0, 0, 0, 0, 0, 0, 0, 0, 0,
    0, 0, 0, 0, 0, 0, 0, 0, 0, 0, 0, 0, 0, 0, 0, 0, 0, 0, 0, 0, 0, 0, 0, 0,
    0, 0, 0, 0, 0, 0, 0, 0, 0, 0, 0, 0, 0, 0, 0, 0, 0, 0, 0, 0, 0, 0, 0, 0,
    0, 0, 0, 0, 0, 0, 0, 0, 14, 14, 14, 14, 14, 14, 14, 14, 14, 14, 14, 14, 14, 14, 14, 14,
    14, 14, 14, 14, 14, 14, 14, 14, 14, 14, 14, 14, 14, 14, 14, 14, 14, 14, 14, 14, 14, 14, 14, 14,
    14, 14, 14, 14, 14, 14, 14, 14, 14, 14, 14, 14, 14, 14, 14, 14, 14, 14, 14, 14, 14, 14, 14, 14,
    14, 14, 14, 14, 14, 14, 14, 14, 14, 14, 14, 14, 14, 14, 14, 14, 14, 14, 14, 14, 14, 14, 0, 0,
    0, 0, 0, 0, 0, 0, 0, 0, 0, 0, 0, 0, 0, 0, 0, 0, 0, 0, 0, 0, 0, 0, 0, 0,
    0, 0, 0, 0, 0, 0, 0, 0, 0, 0, 0, 0, 0, 0, 0, 0, 0, 0, 0, 0, 0, 0, 0, 0,
    0, 0, 0, 0, 0, 0, 0, 0, 0, 0, 0, 0, 0, 0, 0, 0, 0, 0, 0, 0, 0, 0, 0, 0,
    0, 0, 0, 0, 0, 0, 0, 0, 14, 14, 14, 14, 14, 14, 14, 14, 14, 14, 14, 14, 14, 14, 14, 14,
    14, 14, 14, 14, 14, 14, 14, 14, 14, 14, 14, 14, 14, 14, 14, 14, 14, 14, 14, 14, 14, 14, 14, 14,
    14, 14, 14, 14, 14, 14, 14, 14, 14, 14, 14, 14, 14, 14, 14, 14, 14, 14, 14, 14, 14, 14, 14, 14,
    14, 14, 14, 14, 14, 14, 14, 14, 14, 14, 14, 14, 14, 14, 14, 14, 14, 14, 14, 14, 14, 14, 0, 0,
    0, 0, 0, 0, 0, 0, 0, 0, 0, 0, 0, 0, 0, 0, 0, 0, 0, 0, 0, 0, 0, 0, 0, 0,
    0, 0, 0, 0, 0, 0, 0, 0, 0, 0, 0, 0, 0, 0, 0, 0, 0, 0, 0, 0, 0, 0, 0, 0,
    0, 0, 0, 0, 0, 0, 0, 0, 0, 0, 0, 0, 0, 0, 0, 0, 0, 0, 0, 0, 0, 0, 0, 0,
    0, 0, 0, 0, 0, 0, 0, 0, 14, 14, 14, 14, 14, 14, 14, 14, 14, 14, 14, 14, 14, 14, 14, 14,
    14, 14, 14, 14, 14, 14, 14, 14, 14, 14, 14, 14, 14, 14, 14, 14, 14, 14, 14, 14, 14, 14, 14, 14,
    14, 14, 14, 14, 14, 14, 14, 14, 14, 14, 14, 14, 14, 14, 14, 14, 14, 14, 14, 14, 14, 14, 14, 14,
    14, 14, 14, 14, 14, 14, 14, 14, 14, 14, 14, 14, 14, 14, 14, 14, 14, 14, 14, 14, 14, 14, 0, 0,
    0, 0, 0, 0, 0, 0, 0, 0, 0, 0, 0, 0, 0, 0, 0, 0, 0, 0, 0, 0, 0, 0, 0, 0,
    0, 0, 0, 0, 0, 0, 0, 0, 0, 0, 0, 0, 0, 0, 0, 0, 0, 0, 0, 0, 0, 0, 0, 0,
    0, 0, 0, 0, 0, 0, 0, 0, 0, 0, 0, 0, 0, 0, 0, 0, 0, 0, 0, 0, 0, 0, 0, 0,
    0, 0, 0, 0, 0, 0, 0, 0, 14, 14, 14, 14, 14, 14, 14, 14, 14, 14, 14, 14, 14, 14, 14, 14,
    14, 14, 14, 14, 14, 14, 14, 14, 14, 14, 14, 14, 14, 14, 14, 14, 14, 14, 14, 14, 14, 14, 14, 14,
    14, 14, 14, 14, 14, 14, 14, 14, 14, 14, 14, 14, 14, 14, 14, 14, 14, 14, 14, 14, 14, 14, 14, 14,
    14, 14, 14, 14, 14, 14, 14, 14, 14, 14, 14, 14, 14, 14, 14, 14, 14, 14, 14, 14, 14, 14, 0, 0,
    0, 0, 0, 0, 0, 0, 0, 0, 0, 0, 0, 0, 0, 0, 0, 0, 0, 0, 0, 0, 0, 0, 0, 0,
    0, 0, 0, 0, 0, 0, 0, 0, 0, 0, 0, 0, 0, 0, 0, 0, 0, 0, 0, 0, 0, 0, 0, 0,
    0, 0, 0, 0, 0, 0, 0, 0, 0, 0, 0, 0, 0, 0, 0, 0, 0, 0, 0, 0, 0, 0, 0, 0,
    0, 0, 0, 0, 0, 0, 0, 0, 14, 14, 14, 14, 14, 14, 14, 14, 14, 14, 14, 14, 14, 14, 14, 14,
    14, 14, 14, 14, 14, 14, 14, 14, 14, 14, 14, 14, 14, 14, 14, 14, 14, 14, 14, 14, 14, 14, 14, 14,
    14, 14, 14, 14, 14, 14, 14, 14, 14, 14, 14, 14, 14, 14, 14, 14, 14, 14, 14, 14, 14, 14, 14, 14,
    14, 14, 14, 14, 14, 14, 14, 14, 14, 14, 14, 14, 14, 14, 14, 14, 14, 14, 14, 14, 14, 14, 14, 14,
    14, 14, 14, 14, 14, 14, 14, 14, 14, 14, 14, 14, 14, 14, 14, 14, 14, 14, 14, 14, 14, 14, 14, 14,
    14, 14, 14, 14, 14, 14, 14, 14, 14, 14, 14, 14, 14, 14, 14, 14, 14, 14, 14, 14, 14, 14, 14, 14,
    14, 14, 14, 14, 14, 14, 14, 14, 14, 14, 14, 14, 14, 14, 14, 14, 14, 14, 14, 14, 14, 14, 14, 14,
    14, 14, 14, 14, 14, 14, 14, 14, 14, 14, 14, 14, 14, 14, 14, 14, 14, 14, 14, 14, 14, 14, 14, 14,
    14, 14, 14, 14, 14, 14, 14, 14, 14, 14, 14, 14, 14, 14, 14, 14, 14, 14, 14, 14, 14, 14, 14, 14,
    14, 14, 14, 14, 14, 14, 14, 14, 14, 14, 14, 14, 14, 14, 14, 14, 14, 14, 14, 14, 14, 14, 14, 14,
    14, 14, 14, 14, 14, 14, 14, 14, 14, 14, 14, 14, 14, 14, 14, 14, 14, 14, 14, 14, 14, 14, 14, 14,
    14, 14, 14, 14, 14, 14, 14, 14, 14, 14, 14, 14, 14, 14, 14, 14, 14, 14, 14, 14, 14, 14, 14, 14,
    14, 14, 14, 14, 14, 14, 14, 14, 14, 14, 14, 14, 14, 14, 14, 14, 14, 14, 14, 14, 14, 14, 14, 14,
    14, 14, 14, 14, 14, 14, 14, 14, 14, 14, 14, 14, 14, 14, 14, 14, 14, 14, 14, 14, 14, 14, 14, 14,
    14, 14, 14, 14, 14, 14, 14, 14, 14, 14, 14, 14, 14, 14, 14, 14, 14, 14, 14, 14, 14, 14, 14, 14,
    14, 14, 14, 14, 14, 14, 14, 14, 14, 14, 14, 14, 14, 14, 14, 14, 14, 14, 14, 14, 14, 14, 14, 14,
    14, 14, 14, 14, 14, 14, 14, 14, 14, 14, 14, 14, 14, 14, 14, 14, 14, 14, 14, 14, 14, 14, 14, 14,
    14, 14, 14, 14, 14, 14, 14, 14, 14, 14, 14, 14, 14, 14, 14, 14, 14, 14, 14, 14, 14, 14, 14, 14,
    14, 14, 14, 14, 14, 14, 14, 14, 14, 14, 14, 14, 14, 14, 14, 14, 14, 14, 14, 14, 14, 14, 14, 14,
    14, 14, 14, 14, 14, 14, 14, 14, 14, 14, 14, 14, 14, 14, 14, 14, 14, 14, 14, 14, 14, 14, 14, 14,
    14, 14, 14, 14, 14, 14, 14, 14, 14, 14, 14, 14, 14, 14, 14, 14, 14, 14, 14, 14, 14, 14, 14, 14,
    14, 14, 14, 14, 14, 14, 14, 14, 14, 14, 14, 14, 14, 14, 14, 14, 14, 14, 14, 14, 14, 14, 14, 14,
    14, 14, 14, 14, 14, 14, 14, 14, 14, 14, 14, 14, 14, 14, 14, 14, 14, 14, 14, 14, 14, 14, 14, 14,
    14, 14, 14, 14, 14, 14, 14, 14, 14, 14, 14, 14, 14, 14, 14, 14, 14, 14, 14, 14, 14, 14, 14, 14,
    14, 14, 14, 14, 14, 14, 14, 14, 14, 14, 14, 14, 14, 14, 14, 14, 14, 14, 14, 14, 14, 14, 14, 14,
    14, 14, 14, 14, 14, 14, 14, 14, 14, 14, 14, 14, 14, 14, 14, 14, 14, 14, 14, 14, 14, 14, 14, 14,
    14, 14, 14, 14, 14, 14, 14, 14, 14, 14, 14, 14, 14, 14, 14, 14, 14, 14, 14, 14, 14, 14, 14, 14,
    14, 14, 14, 14, 14, 14, 14, 14, 14, 14, 14, 14, 14, 14, 14, 14, 14, 14, 14, 14, 14, 14, 14, 14,
    14, 14, 14, 14, 14, 14, 14, 14, 14, 14, 14, 14, 14, 14, 14, 14, 14, 14, 14, 14, 14, 14, 14, 14,
    14, 14, 14, 14, 14, 14, 14, 14, 14, 14, 14, 14, 14, 14, 14, 14, 14, 14, 14, 14, 14, 14, 14, 14,
    14, 14, 14, 14, 14, 14, 14, 14, 14, 14, 14, 14, 14, 14, 14, 14, 14, 14, 14, 14, 14, 14, 14, 14,
    14, 14, 14, 14, 14, 14, 14, 14, 14, 14, 14, 14, 14, 14, 14, 14, 14, 14, 14, 14, 14, 14, 14, 14,
    14, 14, 14, 14, 14, 14, 14, 14, 14, 14, 14, 14, 14, 14, 14, 14, 14, 14, 14, 14, 14, 14, 14, 14,
    14, 14, 14, 14, 14, 14, 14, 14, 14, 14, 14, 14, 14, 14, 14, 14, 14, 14, 14, 14, 14, 14, 14, 14,
    14, 14, 14, 14, 14, 14, 14, 14, 14, 14, 14, 14, 14, 14, 14, 14, 14, 14, 14, 14, 14, 14, 14, 14,
    14, 14, 14, 14, 14, 14, 14, 14, 14, 14, 14, 14, 14, 14, 14, 14, 14, 14, 14, 14, 14, 14, 14, 14,
    14, 14, 14, 14, 14, 14, 14, 14, 14, 14, 14, 14, 14, 14, 14, 14, 14, 14, 14, 14, 14, 14, 14, 14,
    14, 14, 14, 14, 14, 14, 14, 14, 14, 14, 14, 14, 14, 14, 14, 14, 14, 14, 14, 14, 14, 14, 14, 14,
    14, 14, 14, 14, 14, 14, 14, 14, 14, 14, 14, 14, 14, 14, 14, 14, 14, 14, 14, 14, 14, 14, 14, 14,
    14, 14, 14, 14, 14, 14, 14, 14, 14, 14, 14, 14, 14, 14, 14, 14, 14, 14, 14, 14, 14, 14, 14, 14,
    14, 14, 14, 14, 14, 14, 14, 14, 14, 14, 14, 14, 14, 14, 14, 14, 14, 14, 14, 14, 14, 14, 14, 14,
    14, 14, 14, 14, 14, 14, 14, 14, 14, 14, 14, 14, 14, 14, 14, 14, 14, 14, 14, 14, 14, 14, 14, 14,
    14, 14, 14, 14, 14, 14, 14, 14, 14, 14, 14, 14, 14, 14, 14, 14, 14, 14, 14, 14, 14, 14, 14, 14,
    14, 14, 14, 14, 14, 14, 14, 14, 14, 14, 14, 14, 14, 14, 14, 14, 14, 14, 14, 14, 14, 14, 14, 14,
    14, 14, 14, 14, 14, 14, 14, 14, 14, 14, 14, 14, 14, 14, 14, 14, 14, 14, 14, 14, 14, 14, 14, 14
};

const u16 gb_level10_bg0_ui_tiles[GB_BG0_UI_TILE_COUNT] = {
    1, 3, 4, 5, 6, 7, 8, 9, 10, 12, 13, 14, 15, 16, 17, 18,
    19, 20, 21, 22, 23, 26, 27, 28, 29, 30, 31, 32, 33, 34, 35, 36,
    37, 38, 39, 40, 41, 42, 43, 44, 45, 46, 47, 48, 49, 50, 51, 52,
    53, 54, 55, 56, 57, 58, 59, 60, 61, 62, 63, 64, 65, 66, 67, 68,
    69, 70, 71, 72, 73, 74, 75, 76, 77, 78, 79, 80, 81, 82, 83, 84,
    85, 86, 87, 88, 89, 90, 91
};

const GbPortal gb_level10_portals[1] = {
    { 0, 0, 0, 0, 0, 0, 0 }
};

const GbLevelAssets gb_level10_assets = {
    .level_id = 10,
    .graphics_variant = 0,
    .world_width_tiles = 168,
    .world_height_tiles = 128,
    .fixed_width_tiles = 64,
    .fixed_height_tiles = 32,
    .spawn_x = 225,
    .spawn_y = 901,
    .player_idle_selector = 1,
    .bg_tile_halfwords = 27648,
    .bg_patch_source_halfwords = 46432,
    .translation_count = 1279,
    .bg_palette = gb_level10_bg_palette,
    .bg_tiles = gb_level10_bg_tiles,
    .bg_patch_source = gb_level10_bg_patch_source,
    .translation = gb_level10_translation,
    .layer_a = gb_level10_layer_a,
    .layer_b = gb_level10_layer_b,
    .layer_a_guard = gb_level10_layer_a_guard,
    .layer_b_guard = gb_level10_layer_b_guard,
    .fixed_map = gb_level10_fixed_map,
    .collision = gb_level10_collision,
    .bg0_ui_tiles = gb_level10_bg0_ui_tiles,
    .portals = gb_level10_portals,
    .portal_count = 0,
};
