#include <graveblood/assets.h>

const u16 gb_level06_bg_palette[256] = {
    0x7C1F, 0x7FFF, 0x0000, 0x7F7B, 0x3004, 0x16FF, 0x14BF, 0x7F13, 0x6D8A, 0x7E50,
    0x1865, 0x370C, 0x3188, 0x1DDF, 0x27BF, 0x3108, 0x3D4B, 0x2D6C, 0x41A9, 0x2E8A,
    0x56F2, 0x2B4F, 0x32C9, 0x3627, 0x4B92, 0x476D, 0x25B1, 0x29B0, 0x29C7, 0x6313,
    0x3B2A, 0x2A67, 0x2806, 0x6405, 0x4801, 0x2527, 0x5805, 0x4C03, 0x1002, 0x6185,
    0x40A2, 0x573E, 0x2DDD, 0x567E, 0x10E9, 0x194C, 0x45CC, 0x7E49, 0x0E5A, 0x1444,
    0x318C, 0x62F7, 0x1098, 0x102C, 0x206F, 0x4C8A, 0x5108, 0x60C9, 0x5D2A, 0x4507,
    0x5128, 0x40E6, 0x3063, 0x3D07, 0x492B, 0x3928, 0x4928, 0x55AC, 0x556B, 0x514A,
    0x34C6, 0x28A5, 0x410B, 0x60CC, 0x70D2, 0x38CA, 0x30A8, 0x0421, 0x1423, 0x1C25,
    0x092C, 0x050B, 0x0E9B, 0x0A59, 0x0A5A, 0x1636, 0x5E94, 0x10CB, 0x04CD, 0x41CF,
    0x4E96, 0x0C63, 0x1884, 0x14C4, 0x1CA6, 0x458B, 0x4E32, 0x0087, 0x0445, 0x04A9,
    0x0DD4, 0x12BB, 0x192C, 0x0C89, 0x0E59, 0x0E7A, 0x0A39, 0x0D91, 0x3EDA, 0x2172,
    0x25D4, 0x3A14, 0x22DC, 0x2C45, 0x314A, 0x2E98, 0x0111, 0x66F9, 0x55EE, 0x0A38,
    0x1A2D, 0x7BBF, 0x3885, 0x34E6, 0x398C, 0x08A3, 0x7AD4, 0x4468, 0x4EB7, 0x2908,
    0x24E7, 0x1147, 0x0574, 0x44A4, 0x61CC, 0x15CB, 0x2042, 0x4083, 0x0A18, 0x60A6,
    0x5084, 0x50A4, 0x1589, 0x5D45, 0x09F6, 0x0D04, 0x7F16, 0x6A2F, 0x2B1F, 0x479F,
    0x08AF, 0x19B9, 0x123F, 0x12FF, 0x1B5F, 0x1123, 0x0DA6, 0x160B, 0x14A5, 0x10A2,
    0x1C85, 0x7BBC, 0x00A2, 0x0000, 0x0000, 0x0000, 0x0000, 0x0000, 0x0000, 0x0000,
    0x0000, 0x0000, 0x0000, 0x0000, 0x0000, 0x0000, 0x0000, 0x0000, 0x0000, 0x0000,
    0x0000, 0x0000, 0x0000, 0x0000, 0x0000, 0x0000, 0x0000, 0x0000, 0x0000, 0x0000,
    0x0000, 0x0000, 0x0000, 0x0000, 0x0000, 0x0000, 0x0201, 0x0403, 0x0605, 0x0807,
    0x0B0B, 0x0B0B, 0x0B0B, 0x0B0B, 0x0B0B, 0x0B0B, 0x0B0B, 0x0B0B, 0x0B0B, 0x0B0B,
    0x0B0B, 0x0B0B, 0x0B0B, 0x0B0B, 0x0B0B, 0x0B0B, 0x0B0B, 0x0B0B, 0x0B0B, 0x0B0B,
    0x0B0B, 0x0B0B, 0x0B0B, 0x0B0B, 0x0B0B, 0x0B0B, 0x0B0B, 0x0B0B, 0x0909, 0x0909,
    0x0909, 0x0909, 0x0909, 0x0909, 0x0909, 0x0909, 0x0909, 0x0909, 0x0909, 0x0909,
    0x0909, 0x0909, 0x0909, 0x0909, 0x0909, 0x0909, 0x0909, 0x0909, 0x0909, 0x0909,
    0x0909, 0x0909, 0x0909, 0x0909, 0x0909, 0x0909
};

const u16 gb_level06_bg_tiles[27648] = {
    0x0000, 0x0000, 0x0000, 0x0000, 0x0000, 0x0000, 0x0000, 0x0000, 0x0000, 0x0000, 0x0000, 0x0000,
    0x0000, 0x0000, 0x0000, 0x0000, 0x0000, 0x0000, 0x0000, 0x0000, 0x0000, 0x0000, 0x0000, 0x0000,
    0x0000, 0x0000, 0x0000, 0x0000, 0x0000, 0x0000, 0x0000, 0x0000, 0x0201, 0x0403, 0x0605, 0x0807,
    0x0B0B, 0x0B0B, 0x0B0B, 0x0B0B, 0x0B0B, 0x0B0B, 0x0B0B, 0x0B0B, 0x0B0B, 0x0B0B, 0x0B0B, 0x0B0B,
    0x0B0B, 0x0B0B, 0x0B0B, 0x0B0B, 0x0B0B, 0x0B0B, 0x0B0B, 0x0B0B, 0x0B0B, 0x0B0B, 0x0B0B, 0x0B0B,
    0x0B0B, 0x0B0B, 0x0B0B, 0x0B0B, 0x0909, 0x0909, 0x0909, 0x0909, 0x0909, 0x0909, 0x0909, 0x0909,
    0x0909, 0x0909, 0x0909, 0x0909, 0x0909, 0x0909, 0x0909, 0x0909, 0x0909, 0x0909, 0x0909, 0x0909,
    0x0909, 0x0909, 0x0909, 0x0909, 0x0909, 0x0909, 0x0909, 0x0909, 0x0909, 0x0909, 0x0909, 0x0909,
    0x0A00, 0x0109, 0x0101, 0x0101, 0x0A00, 0x0109, 0x0101, 0x0101, 0x0A00, 0x0109, 0x0101, 0x0101,
    0x0A00, 0x0109, 0x0101, 0x0101, 0x0A00, 0x0109, 0x0101, 0x0101, 0x0A00, 0x0109, 0x0101, 0x0101,
    0x0A00, 0x0109, 0x0101, 0x0101, 0x0A00, 0x0109, 0x0101, 0x0101, 0x0A00, 0x0109, 0x0101, 0x0101,
    0x0A00, 0x0109, 0x0101, 0x0101, 0x0000, 0x090A, 0x0101, 0x0101, 0x0000, 0x090A, 0x0101, 0x0101,
    0x0000, 0x0A00, 0x0109, 0x0101, 0x0000, 0x0000, 0x090A, 0x0109, 0x0000, 0x0000, 0x0A00, 0x090A,
    0x0000, 0x0000, 0x0000, 0x0A00, 0x0101, 0x0101, 0x0101, 0x0101, 0x0A01, 0x0101, 0x0101, 0x0101,
    0x0A01, 0x0101, 0x0101, 0x0101, 0x0A01, 0x0101, 0x0101, 0x0101, 0x0A01, 0x0101, 0x0101, 0x0101,
    0x0A01, 0x0101, 0x0101, 0x0101, 0x0A09, 0x0909, 0x0909, 0x0909, 0x0A0A, 0x0A0A, 0x0A0A, 0x0A0A,
    0x0A00, 0x0109, 0x0101, 0x0101, 0x0A00, 0x0109, 0x0101, 0x0101, 0x0109, 0x0101, 0x0101, 0x0101,
    0x090A, 0x0101, 0x0101, 0x0101, 0x0A00, 0x0109, 0x0101, 0x0101, 0x0A00, 0x0109, 0x0101, 0x0101,
    0x0A00, 0x0109, 0x0101, 0x0101, 0x0A00, 0x0109, 0x0101, 0x0101, 0x0303, 0x0303, 0x0303, 0x0403,
    0x0303, 0x0303, 0x0303, 0x0404, 0x0303, 0x0303, 0x0303, 0x0404, 0x0303, 0x0303, 0x0403, 0x0404,
    0x0303, 0x0303, 0x0403, 0x0404, 0x0303, 0x0303, 0x0403, 0x0404, 0x0303, 0x0303, 0x0404, 0x0404,
    0x0303, 0x0303, 0x0404, 0x0404, 0x0303, 0x0303, 0x0303, 0x0303, 0x0303, 0x0303, 0x0303, 0x0303,
    0x0303, 0x0303, 0x0303, 0x0303, 0x0303, 0x0303, 0x0303, 0x0303, 0x0404, 0x0303, 0x0303, 0x0303,
    0x0404, 0x0404, 0x0304, 0x0303, 0x0404, 0x0404, 0x0404, 0x0304, 0x0404, 0x0404, 0x0404, 0x0404,
    0x0B0B, 0x0B0B, 0x0B0B, 0x0B0B, 0x180B, 0x0B0B, 0x0B0B, 0x0B0B, 0x0B0B, 0x0B0B, 0x0B0B, 0x0B0B,
    0x0B0B, 0x0B0B, 0x1818, 0x0B0B, 0x0B0B, 0x0B0B, 0x1818, 0x0B0B, 0x0B0B, 0x0B0B, 0x0B0B, 0x0B0B,
    0x0B0B, 0x0B0B, 0x0B0B, 0x0B0B, 0x0B0B, 0x180B, 0x0B0B, 0x0B0B, 0x0B0B, 0x0B0B, 0x0B0B, 0x0B0B,
    0x0B0B, 0x190B, 0x0B0B, 0x0B0B, 0x0B0B, 0x0B0B, 0x0B0B, 0x0B0B, 0x0B0B, 0x0B0B, 0x0B0B, 0x0B0B,
    0x0B0B, 0x0B0B, 0x190B, 0x0B19, 0x0B0B, 0x0B0B, 0x190B, 0x0B19, 0x1E1E, 0x0B0B, 0x0B0B, 0x0B0B,
    0x1E1E, 0x0B0B, 0x0B0B, 0x0B0B, 0x0C0B, 0x0C0C, 0x0C0C, 0x0C0C, 0x180B, 0x0C0C, 0x0C0C, 0x0C0C,
    0x0C0B, 0x0C0C, 0x0C0C, 0x0C0C, 0x0C0B, 0x0C0C, 0x0C0C, 0x0C0C, 0x0C0B, 0x0C0C, 0x0C0C, 0x0C0C,
    0x0C0B, 0x0C0C, 0x0C0C, 0x0C0C, 0x1E1E, 0x0C0C, 0x0C0C, 0x0C0C, 0x1F1E, 0x0C0C, 0x0C0C, 0x0C0C,
    0x0A00, 0x0409, 0x0404, 0x0404, 0x0A00, 0x0409, 0x0404, 0x0404, 0x0A00, 0x0409, 0x0404, 0x0404,
    0x0A00, 0x0409, 0x0404, 0x0404, 0x0A00, 0x0409, 0x0404, 0x0404, 0x0A00, 0x0409, 0x0404, 0x0404,
    0x0A00, 0x0409, 0x0404, 0x0404, 0x0A00, 0x0409, 0x0404, 0x0404, 0x0404, 0x0404, 0x0404, 0x0404,
    0x0404, 0x0404, 0x0404, 0x0404, 0x0404, 0x0404, 0x0404, 0x0404, 0x0404, 0x0404, 0x0404, 0x0404,
    0x0404, 0x0404, 0x0404, 0x0404, 0x0404, 0x0404, 0x0404, 0x0404, 0x0404, 0x0404, 0x0404, 0x0404,
    0x0404, 0x0404, 0x0404, 0x0404, 0x0A00, 0x0309, 0x0303, 0x0303, 0x0A00, 0x0309, 0x0303, 0x0303,
    0x0A00, 0x0309, 0x0303, 0x0303, 0x0A00, 0x0309, 0x0303, 0x0303, 0x0A00, 0x0309, 0x0303, 0x0303,
    0x0A00, 0x0309, 0x0303, 0x0303, 0x0A00, 0x0309, 0x0303, 0x0303, 0x0A00, 0x0309, 0x0303, 0x0303,
    0x0303, 0x0303, 0x0303, 0x0303, 0x0303, 0x0303, 0x0303, 0x0303, 0x0303, 0x0303, 0x0303, 0x0303,
    0x0303, 0x0303, 0x0303, 0x0303, 0x0303, 0x0303, 0x0303, 0x0303, 0x0303, 0x0303, 0x0303, 0x0303,
    0x0303, 0x0303, 0x0303, 0x0303, 0x0303, 0x0303, 0x0303, 0x0303, 0x0A00, 0x0109, 0x0101, 0x0101,
    0x0A00, 0x0109, 0x0101, 0x0101, 0x0A00, 0x0109, 0x0105, 0x0101, 0x0A00, 0x0109, 0x0101, 0x0101,
    0x0A00, 0x0109, 0x0105, 0x0105, 0x0A00, 0x0109, 0x0101, 0x0101, 0x0A00, 0x0109, 0x0101, 0x0101,
    0x0A00, 0x0109, 0x0101, 0x0101, 0x0101, 0x0101, 0x0101, 0x0101, 0x0101, 0x0101, 0x0101, 0x0101,
    0x0101, 0x0101, 0x0101, 0x0101, 0x0101, 0x0101, 0x0101, 0x0101, 0x0101, 0x0101, 0x0101, 0x0101,
    0x0101, 0x0101, 0x0101, 0x0101, 0x0101, 0x0101, 0x0101, 0x0101, 0x0101, 0x0101, 0x0101, 0x0101,
    0x0303, 0x0303, 0x0303, 0x0303, 0x0A0A, 0x0A0A, 0x0A0A, 0x0A0A, 0x050A, 0x0E0E, 0x0E0E, 0x0A05,
    0x0E0A, 0x0E05, 0x050E, 0x0A0E, 0x0E0A, 0x0505, 0x0505, 0x0A0E, 0x050A, 0x0E0E, 0x0E0E, 0x0A05,
    0x0A0A, 0x0A0A, 0x0A0A, 0x0A0A, 0x0303, 0x0303, 0x0303, 0x0303, 0x0505, 0x0505, 0x0505, 0x0505,
    0x0505, 0x0505, 0x0505, 0x0505, 0x0A05, 0x0505, 0x0505, 0x0505, 0x0A05, 0x0505, 0x0505, 0x0505,
    0x0A05, 0x0505, 0x0505, 0x0505, 0x0A05, 0x050A, 0x0505, 0x0505, 0x0505, 0x0505, 0x0505, 0x0505,
    0x0505, 0x0505, 0x0505, 0x0505, 0x0A03, 0x0E0D, 0x050E, 0x0505, 0x0A03, 0x0E0D, 0x050E, 0x0505,
    0x0A03, 0x0E0D, 0x050E, 0x0505, 0x0A03, 0x0E0D, 0x050E, 0x0505, 0x0A03, 0x0E0D, 0x050E, 0x0505,
    0x0A03, 0x0E0D, 0x050E, 0x0505, 0x0A03, 0x0E0D, 0x050E, 0x0505, 0x0A03, 0x0E0D, 0x050E, 0x0505,
    0x0505, 0x0505, 0x0D05, 0x030A, 0x0505, 0x0505, 0x0D05, 0x030A, 0x0505, 0x0505, 0x0D05, 0x030A,
    0x0505, 0x0505, 0x0D05, 0x030A, 0x0505, 0x0505, 0x0D05, 0x030A, 0x0505, 0x0505, 0x0D05, 0x030A,
    0x0505, 0x0505, 0x0D05, 0x030A, 0x0505, 0x0505, 0x0D05, 0x030A, 0x0A03, 0x0109, 0x0101, 0x0101,
    0x0A03, 0x0109, 0x0101, 0x0101, 0x0A03, 0x0109, 0x0101, 0x0101, 0x0A03, 0x0109, 0x0101, 0x0101,
    0x0A03, 0x0109, 0x0101, 0x0101, 0x0A03, 0x0109, 0x0101, 0x0101, 0x0A03, 0x0109, 0x0101, 0x0101,
    0x0A03, 0x0109, 0x0101, 0x0101, 0x0A0A, 0x0A0A, 0x0A0A, 0x0A0A, 0x0909, 0x0909, 0x0A09, 0x090A,
    0x0303, 0x0303, 0x090A, 0x0109, 0x0303, 0x0A03, 0x0109, 0x0101, 0x0303, 0x090A, 0x0101, 0x0101,
    0x0303, 0x090A, 0x0101, 0x0101, 0x0A03, 0x0109, 0x0101, 0x0101, 0x0A03, 0x0109, 0x0101, 0x0101,
    0x0B0C, 0x0C0C, 0x0C0C, 0x0C0B, 0x0C0C, 0x170C, 0x0C0C, 0x0B0B, 0x0C0B, 0x0C0C, 0x0C0C, 0x0B0C,
    0x0B0B, 0x0C0C, 0x0C0C, 0x0B0C, 0x0B0B, 0x0C0B, 0x100C, 0x0C10, 0x0B0B, 0x0C0B, 0x120C, 0x0C12,
    0x1E1E, 0x0B0B, 0x120C, 0x1112, 0x1E1E, 0x0B0B, 0x0C0C, 0x110C, 0x100F, 0x1110, 0x0B0F, 0x1111,
    0x1011, 0x0F1A, 0x110F, 0x0F11, 0x1B11, 0x0F0F, 0x0F0F, 0x0B0F, 0x1111, 0x0F10, 0x0F0F, 0x0B0B,
    0x1A0F, 0x0F10, 0x0B0F, 0x0B0B, 0x1B11, 0x0F11, 0x0B0B, 0x0B0B, 0x1010, 0x0F11, 0x0B0B, 0x0B0B,
    0x1010, 0x0F0F, 0x0B18, 0x0B0B, 0x0B0B, 0x0C0C, 0x0C0B, 0x0B0C, 0x0C0B, 0x170C, 0x0C0C, 0x0C0C,
    0x0B0B, 0x0C0C, 0x0C0C, 0x0C0C, 0x0C0B, 0x0C0C, 0x0C0C, 0x0C0C, 0x0C0B, 0x0C0C, 0x120C, 0x0C12,
    0x0C0B, 0x0C0C, 0x120C, 0x0C12, 0x1E1E, 0x0C0C, 0x0C0C, 0x0C0C, 0x1F1E, 0x0C0C, 0x0C0C, 0x0C0C,
    0x1312, 0x1413, 0x1313, 0x1314, 0x1513, 0x1315, 0x1515, 0x1513, 0x1312, 0x1C15, 0x1313, 0x1515,
    0x1C13, 0x1313, 0x1315, 0x1515, 0x1513, 0x161C, 0x1C15, 0x1315, 0x1513, 0x151C, 0x1C15, 0x1C13,
    0x1312, 0x1313, 0x1C13, 0x1C1C, 0x1513, 0x151C, 0x1C13, 0x1C13, 0x1312, 0x1513, 0x1315, 0x1313,
    0x1513, 0x1315, 0x1515, 0x1513, 0x1312, 0x1C15, 0x1313, 0x1515, 0x1C13, 0x1313, 0x1315, 0x1516,
    0x1513, 0x151C, 0x1C15, 0x1315, 0x1513, 0x151C, 0x1C15, 0x1C13, 0x1312, 0x1313, 0x1C13, 0x1C1C,
    0x1513, 0x151C, 0x1C13, 0x1C13, 0x1313, 0x1513, 0x1315, 0x1313, 0x1513, 0x1315, 0x1513, 0x1315,
    0x1513, 0x1C13, 0x1513, 0x131C, 0x131C, 0x1513, 0x1C15, 0x1315, 0x1513, 0x1513, 0x1316, 0x1315,
    0x1515, 0x151C, 0x1C13, 0x1413, 0x1515, 0x131C, 0x1513, 0x1315, 0x1315, 0x1513, 0x151C, 0x1C15,
    0x0B0B, 0x0B0B, 0x1616, 0x1717, 0x180B, 0x0B0B, 0x1616, 0x1717, 0x0B0B, 0x0B0B, 0x1616, 0x1717,
    0x0B0B, 0x1D0B, 0x161D, 0x1717, 0x0B0B, 0x1D0B, 0x161D, 0x1717, 0x0B0B, 0x0B0B, 0x1616, 0x1717,
    0x0B0B, 0x0B0B, 0x1616, 0x1717, 0x0B0B, 0x0B19, 0x1616, 0x1717, 0x0C0C, 0x0C0C, 0x0C0C, 0x0C0C,
    0x0C0C, 0x120C, 0x0C0C, 0x0C0C, 0x0C0C, 0x0C17, 0x0C0C, 0x0C0C, 0x0C0C, 0x0C0C, 0x0C0C, 0x0C0C,
    0x0C0C, 0x0C0C, 0x120C, 0x0C12, 0x0C0C, 0x0C0C, 0x120C, 0x0C12, 0x0C0C, 0x0C12, 0x0C0C, 0x0C0C,
    0x0C0C, 0x0C0C, 0x0C0C, 0x0C0C, 0x0000, 0x0000, 0x0000, 0x0A00, 0x0000, 0x0000, 0x0A00, 0x090A,
    0x0000, 0x0000, 0x090A, 0x2109, 0x0000, 0x0A00, 0x2409, 0x2424, 0x0000, 0x090A, 0x2424, 0x2424,
    0x0000, 0x090A, 0x2424, 0x2424, 0x0A00, 0x2509, 0x2525, 0x2525, 0x0A00, 0x2509, 0x2525, 0x2525,
    0x0A0A, 0x0A0A, 0x0A0A, 0x0A0A, 0x0A09, 0x0909, 0x0909, 0x0909, 0x0A21, 0x210A, 0x2121, 0x2121,
    0x2424, 0x240A, 0x2424, 0x2424, 0x0A24, 0x240A, 0x2424, 0x2424, 0x2424, 0x2424, 0x2424, 0x2424,
    0x2525, 0x2525, 0x2525, 0x2525, 0x2525, 0x2525, 0x2525, 0x2525, 0x0000, 0x0000, 0x0000, 0x0A00,
    0x0000, 0x0000, 0x0A00, 0x090A, 0x0000, 0x0000, 0x090A, 0x0309, 0x0000, 0x0A00, 0x0309, 0x0303,
    0x0000, 0x090A, 0x0303, 0x0303, 0x0000, 0x090A, 0x0303, 0x0303, 0x0A00, 0x0309, 0x0303, 0x0303,
    0x0A00, 0x0309, 0x0303, 0x0303, 0x0A0A, 0x0A0A, 0x0A0A, 0x0A0A, 0x0A09, 0x0909, 0x0909, 0x0909,
    0x0A03, 0x0303, 0x0303, 0x0303, 0x0A03, 0x0303, 0x0303, 0x0303, 0x0A03, 0x0303, 0x0303, 0x0303,
    0x0A03, 0x0303, 0x0303, 0x0303, 0x0303, 0x0303, 0x0303, 0x0303, 0x0303, 0x0303, 0x0303, 0x0303,
    0x0000, 0x0000, 0x0000, 0x0A00, 0x0000, 0x0000, 0x0A00, 0x090A, 0x0000, 0x0000, 0x090A, 0x0109,
    0x0000, 0x0A00, 0x0109, 0x0101, 0x0000, 0x090A, 0x0101, 0x0101, 0x0000, 0x090A, 0x0101, 0x0101,
    0x0A00, 0x0109, 0x0101, 0x010E, 0x0A00, 0x0109, 0x0101, 0x0101, 0x0A0A, 0x0A0A, 0x0A0A, 0x0A0A,
    0x0909, 0x0909, 0x0909, 0x0909, 0x0101, 0x0101, 0x0101, 0x0101, 0x0101, 0x0101, 0x0101, 0x0101,
    0x0501, 0x0101, 0x0101, 0x0101, 0x0101, 0x0101, 0x0101, 0x0101, 0x0501, 0x0101, 0x0101, 0x0101,
    0x0101, 0x0101, 0x0101, 0x0101, 0x0503, 0x0505, 0x0505, 0x0505, 0x0A0A, 0x0A0A, 0x0A0A, 0x0A0A,
    0x050A, 0x0E0E, 0x0E0E, 0x0A05, 0x0E0A, 0x0E05, 0x050E, 0x0A0E, 0x0E0A, 0x0505, 0x0505, 0x0A0E,
    0x050A, 0x0E0E, 0x0E0E, 0x0A05, 0x0A0A, 0x0A0A, 0x0A0A, 0x0A0A, 0x0503, 0x0505, 0x0505, 0x0505,
    0x030A, 0x0303, 0x0303, 0x0303, 0x0A0D, 0x030A, 0x0303, 0x0303, 0x0D05, 0x0A0D, 0x0303, 0x0303,
    0x0505, 0x0D05, 0x030A, 0x0303, 0x0505, 0x0505, 0x0A0D, 0x0303, 0x0505, 0x0505, 0x0A0D, 0x0303,
    0x0505, 0x0505, 0x0D05, 0x030A, 0x0505, 0x0505, 0x0D05, 0x030A, 0x0303, 0x0303, 0x0303, 0x0A03,
    0x0303, 0x0303, 0x0A03, 0x0D0A, 0x0303, 0x0303, 0x0D0A, 0x0E0D, 0x0303, 0x0A03, 0x010D, 0x0E01,
    0x0303, 0x0D0A, 0x0101, 0x0501, 0x0303, 0x0D0A, 0x0101, 0x0505, 0x0A03, 0x0E0D, 0x050E, 0x0505,
    0x0A03, 0x0E0D, 0x050E, 0x0505, 0x0A0A, 0x0A0A, 0x0A0A, 0x0A0A, 0x0D0A, 0x0D0D, 0x0D0D, 0x0D0D,
    0x0E0A, 0x0E0E, 0x0E0E, 0x0E0E, 0x0E0A, 0x0E0E, 0x0E0E, 0x0E0E, 0x050A, 0x0505, 0x0505, 0x0505,
    0x050A, 0x0505, 0x0505, 0x0505, 0x0505, 0x0505, 0x0505, 0x0505, 0x0505, 0x0505, 0x0505, 0x0505,
    0x0303, 0x0303, 0x0303, 0x0A03, 0x0303, 0x0303, 0x0A03, 0x090A, 0x0303, 0x0303, 0x090A, 0x0109,
    0x0303, 0x0A03, 0x0109, 0x0101, 0x0303, 0x090A, 0x0101, 0x0101, 0x0303, 0x090A, 0x0101, 0x0101,
    0x0A03, 0x0109, 0x0101, 0x0101, 0x0A03, 0x0109, 0x0101, 0x0101, 0x0A0A, 0x0A0A, 0x0A0A, 0x0A0A,
    0x0909, 0x0909, 0x0909, 0x0909, 0x0501, 0x0101, 0x0101, 0x0101, 0x0101, 0x0101, 0x0101, 0x0101,
    0x0501, 0x0101, 0x0101, 0x0101, 0x0101, 0x0101, 0x0101, 0x0101, 0x0101, 0x0101, 0x0101, 0x0101,
    0x0101, 0x0101, 0x0101, 0x0101, 0x0A00, 0x2009, 0x2020, 0x2020, 0x0A00, 0x0409, 0x0404, 0x0404,
    0x0000, 0x090A, 0x2222, 0x2222, 0x0000, 0x090A, 0x2222, 0x2222, 0x0000, 0x0A00, 0x2209, 0x2222,
    0x0000, 0x0000, 0x090A, 0x2209, 0x0000, 0x0000, 0x0A00, 0x090A, 0x0000, 0x0000, 0x0000, 0x0A00,
    0x2020, 0x2020, 0x2020, 0x2020, 0x0404, 0x0404, 0x0404, 0x0404, 0x2222, 0x2222, 0x2222, 0x2222,
    0x0A0A, 0x0A0A, 0x2222, 0x2222, 0x220A, 0x0A0A, 0x2222, 0x2222, 0x220A, 0x0A22, 0x2222, 0x2222,
    0x0909, 0x0909, 0x0909, 0x0909, 0x0A0A, 0x0A0A, 0x0A0A, 0x0A0A, 0x0000, 0x2121, 0x2121, 0x2121,
    0x0000, 0x2100, 0x2121, 0x2121, 0x0000, 0x0000, 0x2121, 0x2121, 0x0000, 0x0000, 0x0000, 0x0000,
    0x0000, 0x0000, 0x0000, 0x0000, 0x0000, 0x0000, 0x0000, 0x0000, 0x0000, 0x0000, 0x0000, 0x0000,
    0x0000, 0x0000, 0x0000, 0x0000, 0x2121, 0x2121, 0x2121, 0x2121, 0x2121, 0x2121, 0x2121, 0x2121,
    0x2121, 0x2121, 0x2121, 0x2121, 0x0000, 0x0000, 0x0000, 0x0000, 0x0000, 0x0000, 0x0000, 0x0000,
    0x0000, 0x0000, 0x0000, 0x0000, 0x0000, 0x0000, 0x0000, 0x0000, 0x0000, 0x0000, 0x0000, 0x0000,
    0x0000, 0x0000, 0x0000, 0x0000, 0x0000, 0x0000, 0x0000, 0x0000, 0x0000, 0x0000, 0x0000, 0x0A00,
    0x0000, 0x0000, 0x0A00, 0x090A, 0x0000, 0x0000, 0x090A, 0x0109, 0x0000, 0x0A00, 0x0109, 0x0101,
    0x0000, 0x090A, 0x0101, 0x0101, 0x0000, 0x090A, 0x0101, 0x0101, 0x0000, 0x0000, 0x0000, 0x0000,
    0x0000, 0x0000, 0x0000, 0x0000, 0x0A0A, 0x0A0A, 0x0A0A, 0x0A0A, 0x0909, 0x0909, 0x0909, 0x0909,
    0x0101, 0x0101, 0x0101, 0x0101, 0x0101, 0x0101, 0x0101, 0x0101, 0x0101, 0x0101, 0x0101, 0x0101,
    0x0101, 0x0101, 0x0101, 0x0101, 0x0505, 0x0505, 0x0505, 0x0A05, 0x0505, 0x0505, 0x0505, 0x0E0A,
    0x0505, 0x0505, 0x0A0A, 0x0E05, 0x0505, 0x0505, 0x0E05, 0x0E0E, 0x0505, 0x0505, 0x050A, 0x0505,
    0x0505, 0x0505, 0x0A05, 0x0505, 0x0505, 0x0505, 0x0A05, 0x0A05, 0x0505, 0x0505, 0x0A05, 0x050A,
    0x0A0A, 0x050D, 0x0505, 0x0505, 0x060A, 0x0A0A, 0x050D, 0x0505, 0x0D0A, 0x060D, 0x0A0A, 0x050D,
    0x0D0A, 0x0D0D, 0x060D, 0x050A, 0x0D0A, 0x060D, 0x0A0A, 0x050D, 0x060A, 0x0A0A, 0x050D, 0x0505,
    0x0A0A, 0x050D, 0x0505, 0x0505, 0x0505, 0x0505, 0x0505, 0x0505, 0x0A03, 0x050D, 0x0505, 0x0505,
    0x0A03, 0x050D, 0x0505, 0x0505, 0x0303, 0x0D0A, 0x0505, 0x0505, 0x0303, 0x0D0A, 0x0505, 0x0505,
    0x0503, 0x0A03, 0x050D, 0x0505, 0x0303, 0x0303, 0x0D0A, 0x050D, 0x0303, 0x0305, 0x0A03, 0x0D0A,
    0x0303, 0x0303, 0x0303, 0x0A03, 0x0505, 0x0505, 0x0505, 0x0505, 0x0505, 0x0505, 0x0505, 0x0505,
    0x0505, 0x0505, 0x0505, 0x0505, 0x0505, 0x0505, 0x0505, 0x0505, 0x0505, 0x0505, 0x0505, 0x0505,
    0x0505, 0x0505, 0x0505, 0x0505, 0x0D0D, 0x0D0D, 0x0D0D, 0x0D0D, 0x0A0A, 0x0A0A, 0x0A0A, 0x0A0A,
    0x0A0A, 0x0A0A, 0x0A0A, 0x0A0A, 0x0909, 0x0909, 0x0A09, 0x0D0A, 0x0303, 0x0303, 0x0D0A, 0x0E0D,
    0x0303, 0x0A03, 0x010D, 0x0E01, 0x0303, 0x0D0A, 0x0101, 0x0501, 0x0303, 0x0D0A, 0x0101, 0x0505,
    0x0A03, 0x0E0D, 0x050E, 0x0505, 0x0A03, 0x0E0D, 0x050E, 0x0505, 0x0A0A, 0x0A0A, 0x0A0A, 0x0A0A,
    0x0A0D, 0x090A, 0x0909, 0x0909, 0x0D05, 0x0A0D, 0x0303, 0x0303, 0x0505, 0x0D05, 0x030A, 0x0303,
    0x0505, 0x0505, 0x0A0D, 0x0303, 0x0505, 0x0505, 0x0A0D, 0x0303, 0x0505, 0x0505, 0x0D05, 0x030A,
    0x0505, 0x0505, 0x0D05, 0x030A, 0x0B0B, 0x0B0B, 0x0C0C, 0x0F0C, 0x180B, 0x0B0B, 0x0C0C, 0x0F0C,
    0x0B0B, 0x0B0B, 0x0C0B, 0x110F, 0x0B0B, 0x0B0B, 0x1212, 0x110F, 0x0B0B, 0x0B0B, 0x1218, 0x110F,
    0x0B0B, 0x0B0B, 0x0C0B, 0x110F, 0x0B0B, 0x0B0B, 0x0B0B, 0x0F0F, 0x0B0B, 0x180B, 0x0B0B, 0x0F0B,
    0x1010, 0x110F, 0x0B0B, 0x0B0B, 0x1110, 0x110F, 0x0B0B, 0x0B0B, 0x1110, 0x0B0F, 0x0B0B, 0x0B0B,
    0x1111, 0x0B0F, 0x0B0B, 0x0B0B, 0x0F0F, 0x0B0F, 0x190B, 0x0B19, 0x0F11, 0x0B0F, 0x190B, 0x0B19,
    0x0F0F, 0x0B0F, 0x0B0B, 0x0B0B, 0x0F0F, 0x0B0B, 0x0B0B, 0x0B0B, 0x0C0B, 0x0C0C, 0x0C0C, 0x0C0C,
    0x170B, 0x0C0C, 0x0C0C, 0x0C0C, 0x0C0B, 0x0C0C, 0x0C0C, 0x0C0C, 0x0C0B, 0x0C0C, 0x1212, 0x0C0C,
    0x0C0B, 0x0C0C, 0x1212, 0x0C0C, 0x0B0B, 0x0C0B, 0x0C0C, 0x0C0C, 0x0B0B, 0x0B0B, 0x0C0B, 0x0C0C,
    0x0B0B, 0x180B, 0x0B0B, 0x0C0B, 0x1513, 0x151C, 0x1C15, 0x1315, 0x1312, 0x131C, 0x1315, 0x1515,
    0x231C, 0x131C, 0x1C13, 0x1515, 0x1C15, 0x1515, 0x1313, 0x151C, 0x1315, 0x1515, 0x1513, 0x1313,
    0x1C13, 0x1513, 0x151C, 0x1C16, 0x1515, 0x1313, 0x151C, 0x1C15, 0x1515, 0x151C, 0x1313, 0x1C15,
    0x1513, 0x151C, 0x1C15, 0x1315, 0x1312, 0x131C, 0x1315, 0x1515, 0x231C, 0x131C, 0x1C13, 0x1615,
    0x1C23, 0x1C13, 0x2313, 0x1C15, 0x1323, 0x2313, 0x1C1C, 0x2313, 0x131C, 0x2313, 0x1C13, 0x2323,
    0x1C1C, 0x2313, 0x1C13, 0x1C23, 0x1C23, 0x231C, 0x2323, 0x231C, 0x1C13, 0x1515, 0x131C, 0x1513,
    0x131C, 0x1315, 0x1513, 0x1513, 0x231C, 0x1C13, 0x1516, 0x1513, 0x151C, 0x1323, 0x131C, 0x1513,
    0x1515, 0x1323, 0x1C13, 0x131C, 0x1313, 0x131C, 0x1C13, 0x1C23, 0x1C13, 0x1C23, 0x1313, 0x1C23,
    0x1C1C, 0x1C23, 0x1C1C, 0x141C, 0x0B0B, 0x0B0B, 0x1616, 0x1717, 0x180B, 0x0B0B, 0x1616, 0x1717,
    0x0B0B, 0x0B0B, 0x160B, 0x1717, 0x0B0B, 0x0B0B, 0x1818, 0x170B, 0x0B0B, 0x0B0B, 0x1818, 0x0B0B,
    0x0B0B, 0x0B0B, 0x0B0B, 0x0B0B, 0x0B0B, 0x0B0B, 0x0B0B, 0x0B0B, 0x0B0B, 0x180B, 0x0B0B, 0x0B0B,
    0x0C0C, 0x0C0C, 0x0C0C, 0x0C0C, 0x0C0C, 0x120C, 0x0C0C, 0x0C0C, 0x0C0C, 0x0C17, 0x0C0C, 0x0C0C,
    0x0C0C, 0x0C0C, 0x0C0C, 0x0C0C, 0x0C0B, 0x0C0C, 0x120C, 0x0C12, 0x0B0B, 0x0C0B, 0x120C, 0x0C12,
    0x1E1E, 0x0B0B, 0x0C0B, 0x0C0C, 0x1E1E, 0x0B0B, 0x0B0B, 0x0C0B, 0x0101, 0x0101, 0x0101, 0x0101,
    0x0101, 0x0101, 0x0101, 0x0101, 0x0101, 0x0101, 0x0101, 0x0101, 0x0102, 0x0101, 0x0101, 0x0201,
    0x0101, 0x0101, 0x0101, 0x0101, 0x0101, 0x0101, 0x0101, 0x0101, 0x0101, 0x0101, 0x0101, 0x0101,
    0x0101, 0x0101, 0x0101, 0x0101, 0x0101, 0x0201, 0x0101, 0x0101, 0x0101, 0x0201, 0x0101, 0x0101,
    0x0101, 0x0201, 0x0101, 0x0101, 0x0101, 0x0201, 0x0101, 0x0101, 0x0101, 0x0201, 0x0101, 0x0101,
    0x0101, 0x0101, 0x0101, 0x0101, 0x0101, 0x0201, 0x0101, 0x0101, 0x0101, 0x0101, 0x0101, 0x0101,
    0x0101, 0x0102, 0x0201, 0x0101, 0x0101, 0x0102, 0x0201, 0x0101, 0x0101, 0x0102, 0x0201, 0x0101,
    0x0101, 0x0101, 0x0101, 0x0101, 0x0101, 0x0101, 0x0101, 0x0101, 0x0101, 0x0101, 0x0101, 0x0101,
    0x0101, 0x0101, 0x0101, 0x0101, 0x0101, 0x0101, 0x0101, 0x0101, 0x0101, 0x0102, 0x0201, 0x0101,
    0x0101, 0x0102, 0x0201, 0x0101, 0x0201, 0x0202, 0x0202, 0x0102, 0x0101, 0x0102, 0x0201, 0x0101,
    0x0201, 0x0202, 0x0202, 0x0102, 0x0101, 0x0102, 0x0201, 0x0101, 0x0101, 0x0102, 0x0201, 0x0101,
    0x0101, 0x0101, 0x0101, 0x0101, 0x0101, 0x0201, 0x0102, 0x0101, 0x0101, 0x0202, 0x0202, 0x0102,
    0x0201, 0x0101, 0x0101, 0x0101, 0x0101, 0x0202, 0x0202, 0x0101, 0x0101, 0x0101, 0x0101, 0x0102,
    0x0201, 0x0202, 0x0202, 0x0101, 0x0101, 0x0201, 0x0102, 0x0101, 0x0101, 0x0101, 0x0101, 0x0101,
    0x0101, 0x0101, 0x0101, 0x0101, 0x0201, 0x0102, 0x0101, 0x0102, 0x0201, 0x0102, 0x0201, 0x0101,
    0x0101, 0x0101, 0x0102, 0x0101, 0x0101, 0x0201, 0x0101, 0x0101, 0x0101, 0x0102, 0x0201, 0x0102,
    0x0201, 0x0101, 0x0201, 0x0102, 0x0101, 0x0101, 0x0101, 0x0101, 0x0101, 0x0202, 0x0101, 0x0101,
    0x0201, 0x0101, 0x0102, 0x0101, 0x0101, 0x0202, 0x0101, 0x0101, 0x0201, 0x0201, 0x0201, 0x0102,
    0x0102, 0x0101, 0x0102, 0x0101, 0x0102, 0x0101, 0x0102, 0x0101, 0x0201, 0x0202, 0x0201, 0x0102,
    0x0101, 0x0101, 0x0101, 0x0101, 0x0101, 0x0201, 0x0101, 0x0101, 0x0101, 0x0201, 0x0101, 0x0101,
    0x0101, 0x0102, 0x0101, 0x0101, 0x0101, 0x0101, 0x0101, 0x0101, 0x0101, 0x0101, 0x0101, 0x0101,
    0x0101, 0x0101, 0x0101, 0x0101, 0x0101, 0x0101, 0x0101, 0x0101, 0x0101, 0x0101, 0x0101, 0x0101,
    0x0101, 0x0201, 0x0101, 0x0101, 0x0101, 0x0102, 0x0101, 0x0101, 0x0201, 0x0101, 0x0101, 0x0101,
    0x0201, 0x0101, 0x0101, 0x0101, 0x0201, 0x0101, 0x0101, 0x0101, 0x0101, 0x0102, 0x0101, 0x0101,
    0x0101, 0x0201, 0x0101, 0x0101, 0x0101, 0x0101, 0x0101, 0x0101, 0x0101, 0x0102, 0x0101, 0x0101,
    0x0101, 0x0201, 0x0101, 0x0101, 0x0101, 0x0101, 0x0102, 0x0101, 0x0101, 0x0101, 0x0102, 0x0101,
    0x0101, 0x0101, 0x0102, 0x0101, 0x0101, 0x0201, 0x0101, 0x0101, 0x0101, 0x0102, 0x0101, 0x0101,
    0x0101, 0x0101, 0x0101, 0x0101, 0x0101, 0x0101, 0x0101, 0x0101, 0x0201, 0x0101, 0x0201, 0x0101,
    0x0101, 0x0202, 0x0102, 0x0101, 0x0202, 0x0202, 0x0202, 0x0102, 0x0101, 0x0202, 0x0102, 0x0101,
    0x0201, 0x0101, 0x0201, 0x0101, 0x0101, 0x0101, 0x0101, 0x0101, 0x0101, 0x0101, 0x0101, 0x0101,
    0x0101, 0x0101, 0x0101, 0x0101, 0x0101, 0x0201, 0x0101, 0x0101, 0x0101, 0x0201, 0x0101, 0x0101,
    0x0201, 0x0202, 0x0202, 0x0101, 0x0101, 0x0201, 0x0101, 0x0101, 0x0101, 0x0201, 0x0101, 0x0101,
    0x0101, 0x0101, 0x0101, 0x0101, 0x0101, 0x0101, 0x0101, 0x0101, 0x0101, 0x0101, 0x0101, 0x0101,
    0x0101, 0x0101, 0x0101, 0x0101, 0x0101, 0x0101, 0x0101, 0x0101, 0x0101, 0x0101, 0x0101, 0x0101,
    0x0101, 0x0101, 0x0101, 0x0101, 0x0101, 0x0201, 0x0101, 0x0101, 0x0101, 0x0201, 0x0101, 0x0101,
    0x0101, 0x0102, 0x0101, 0x0101, 0x0101, 0x0101, 0x0101, 0x0101, 0x0101, 0x0101, 0x0101, 0x0101,
    0x0101, 0x0101, 0x0101, 0x0101, 0x0201, 0x0202, 0x0202, 0x0102, 0x0101, 0x0101, 0x0101, 0x0101,
    0x0101, 0x0101, 0x0101, 0x0101, 0x0101, 0x0101, 0x0101, 0x0101, 0x0101, 0x0101, 0x0101, 0x0101,
    0x0101, 0x0101, 0x0101, 0x0101, 0x0101, 0x0101, 0x0101, 0x0101, 0x0101, 0x0101, 0x0101, 0x0101,
    0x0101, 0x0101, 0x0101, 0x0101, 0x0101, 0x0101, 0x0101, 0x0101, 0x0101, 0x0201, 0x0101, 0x0101,
    0x0101, 0x0201, 0x0101, 0x0101, 0x0101, 0x0101, 0x0101, 0x0101, 0x0102, 0x0101, 0x0101, 0x0201,
    0x0101, 0x0101, 0x0101, 0x0101, 0x0101, 0x0101, 0x0101, 0x0101, 0x0101, 0x0101, 0x0101, 0x0101,
    0x0101, 0x0101, 0x0101, 0x0101, 0x0101, 0x0101, 0x0101, 0x0101, 0x0101, 0x0101, 0x0101, 0x0101,
    0x0101, 0x0101, 0x0101, 0x0101, 0x0101, 0x0202, 0x0202, 0x0101, 0x0201, 0x0101, 0x0101, 0x0102,
    0x0201, 0x0101, 0x0101, 0x0102, 0x0201, 0x0201, 0x0102, 0x0102, 0x0201, 0x0101, 0x0101, 0x0102,
    0x0201, 0x0101, 0x0101, 0x0102, 0x0101, 0x0202, 0x0202, 0x0101, 0x0101, 0x0101, 0x0101, 0x0101,
    0x0101, 0x0201, 0x0101, 0x0101, 0x0101, 0x0202, 0x0101, 0x0101, 0x0201, 0x0201, 0x0101, 0x0101,
    0x0101, 0x0201, 0x0101, 0x0101, 0x0101, 0x0201, 0x0101, 0x0101, 0x0101, 0x0201, 0x0101, 0x0101,
    0x0201, 0x0202, 0x0202, 0x0101, 0x0101, 0x0101, 0x0101, 0x0101, 0x0101, 0x0202, 0x0202, 0x0101,
    0x0201, 0x0101, 0x0101, 0x0102, 0x0101, 0x0101, 0x0101, 0x0102, 0x0101, 0x0101, 0x0202, 0x0101,
    0x0101, 0x0202, 0x0101, 0x0101, 0x0201, 0x0101, 0x0101, 0x0102, 0x0201, 0x0202, 0x0202, 0x0102,
    0x0101, 0x0101, 0x0101, 0x0101, 0x0101, 0x0202, 0x0202, 0x0101, 0x0201, 0x0101, 0x0101, 0x0102,
    0x0101, 0x0101, 0x0101, 0x0102, 0x0101, 0x0201, 0x0202, 0x0101, 0x0101, 0x0101, 0x0101, 0x0102,
    0x0201, 0x0101, 0x0101, 0x0102, 0x0101, 0x0202, 0x0202, 0x0101, 0x0101, 0x0101, 0x0101, 0x0101,
    0x0101, 0x0101, 0x0102, 0x0101, 0x0101, 0x0201, 0x0102, 0x0101, 0x0101, 0x0102, 0x0102, 0x0101,
    0x0201, 0x0101, 0x0102, 0x0101, 0x0202, 0x0202, 0x0202, 0x0102, 0x0101, 0x0101, 0x0102, 0x0101,
    0x0101, 0x0201, 0x0202, 0x0101, 0x0101, 0x0101, 0x0101, 0x0101, 0x0201, 0x0202, 0x0202, 0x0102,
    0x0201, 0x0101, 0x0101, 0x0101, 0x0201, 0x0202, 0x0202, 0x0101, 0x0101, 0x0101, 0x0101, 0x0102,
    0x0101, 0x0101, 0x0101, 0x0102, 0x0201, 0x0101, 0x0101, 0x0102, 0x0101, 0x0202, 0x0202, 0x0101,
    0x0101, 0x0101, 0x0101, 0x0101, 0x0101, 0x0201, 0x0202, 0x0101, 0x0101, 0x0102, 0x0101, 0x0101,
    0x0201, 0x0101, 0x0101, 0x0101, 0x0201, 0x0202, 0x0202, 0x0101, 0x0201, 0x0101, 0x0101, 0x0102,
    0x0201, 0x0101, 0x0101, 0x0102, 0x0101, 0x0202, 0x0202, 0x0101, 0x0101, 0x0101, 0x0101, 0x0101,
    0x0201, 0x0202, 0x0202, 0x0102, 0x0201, 0x0101, 0x0101, 0x0102, 0x0101, 0x0101, 0x0201, 0x0101,
    0x0101, 0x0101, 0x0102, 0x0101, 0x0101, 0x0201, 0x0101, 0x0101, 0x0101, 0x0201, 0x0101, 0x0101,
    0x0101, 0x0201, 0x0101, 0x0101, 0x0101, 0x0101, 0x0101, 0x0101, 0x0101, 0x0202, 0x0202, 0x0101,
    0x0201, 0x0101, 0x0101, 0x0102, 0x0201, 0x0101, 0x0101, 0x0102, 0x0101, 0x0202, 0x0202, 0x0101,
    0x0201, 0x0101, 0x0101, 0x0102, 0x0201, 0x0101, 0x0101, 0x0102, 0x0101, 0x0202, 0x0202, 0x0101,
    0x0101, 0x0101, 0x0101, 0x0101, 0x0101, 0x0202, 0x0202, 0x0101, 0x0201, 0x0101, 0x0101, 0x0102,
    0x0201, 0x0101, 0x0101, 0x0102, 0x0101, 0x0202, 0x0202, 0x0102, 0x0101, 0x0101, 0x0101, 0x0102,
    0x0101, 0x0101, 0x0201, 0x0101, 0x0101, 0x0202, 0x0102, 0x0101, 0x0101, 0x0101, 0x0101, 0x0101,
    0x0101, 0x0101, 0x0101, 0x0101, 0x0101, 0x0201, 0x0101, 0x0101, 0x0101, 0x0201, 0x0101, 0x0101,
    0x0101, 0x0101, 0x0101, 0x0101, 0x0101, 0x0101, 0x0101, 0x0101, 0x0101, 0x0201, 0x0101, 0x0101,
    0x0101, 0x0201, 0x0101, 0x0101, 0x0101, 0x0101, 0x0101, 0x0101, 0x0101, 0x0101, 0x0101, 0x0101,
    0x0101, 0x0101, 0x0101, 0x0101, 0x0102, 0x0101, 0x0101, 0x0201, 0x0101, 0x0101, 0x0101, 0x0101,
    0x0101, 0x0101, 0x0101, 0x0101, 0x0101, 0x0101, 0x0101, 0x0101, 0x0101, 0x0101, 0x0101, 0x0101,
    0x0101, 0x0101, 0x0101, 0x0101, 0x0202, 0x0101, 0x0101, 0x0201, 0x0101, 0x0101, 0x0101, 0x0101,
    0x0101, 0x0101, 0x0101, 0x0101, 0x0101, 0x0101, 0x0101, 0x0101, 0x0101, 0x0101, 0x0101, 0x0101,
    0x0101, 0x0101, 0x0101, 0x0101, 0x0101, 0x0101, 0x0101, 0x0101, 0x0101, 0x0101, 0x0101, 0x0101,
    0x0101, 0x0101, 0x0101, 0x0101, 0x0202, 0x0101, 0x0101, 0x0201, 0x0101, 0x0101, 0x0101, 0x0101,
    0x0101, 0x0101, 0x0101, 0x0101, 0x0101, 0x0101, 0x0101, 0x0101, 0x0101, 0x0101, 0x0101, 0x0101,
    0x0101, 0x0101, 0x0101, 0x0101, 0x0101, 0x0101, 0x0101, 0x0101, 0x0101, 0x0101, 0x0101, 0x0101,
    0x0101, 0x0101, 0x0101, 0x0101, 0x0202, 0x0101, 0x0101, 0x0201, 0x0101, 0x0101, 0x0101, 0x0101,
    0x0101, 0x0101, 0x0101, 0x0101, 0x0101, 0x0101, 0x0101, 0x0101, 0x0101, 0x0101, 0x0101, 0x0101,
    0x0101, 0x0101, 0x0101, 0x0101, 0x0101, 0x0202, 0x0202, 0x0101, 0x0201, 0x0101, 0x0101, 0x0102,
    0x0101, 0x0101, 0x0101, 0x0102, 0x0101, 0x0101, 0x0201, 0x0101, 0x0101, 0x0101, 0x0102, 0x0101,
    0x0101, 0x0101, 0x0101, 0x0101, 0x0101, 0x0101, 0x0102, 0x0101, 0x0101, 0x0101, 0x0101, 0x0101,
    0x0101, 0x0202, 0x0202, 0x0101, 0x0201, 0x0101, 0x0101, 0x0102, 0x0201, 0x0201, 0x0202, 0x0102,
    0x0201, 0x0201, 0x0101, 0x0102, 0x0201, 0x0201, 0x0202, 0x0102, 0x0201, 0x0101, 0x0101, 0x0101,
    0x0101, 0x0202, 0x0202, 0x0101, 0x0101, 0x0101, 0x0101, 0x0101, 0x0101, 0x0201, 0x0102, 0x0101,
    0x0101, 0x0102, 0x0201, 0x0101, 0x0201, 0x0101, 0x0101, 0x0102, 0x0201, 0x0101, 0x0101, 0x0102,
    0x0201, 0x0202, 0x0202, 0x0102, 0x0201, 0x0101, 0x0101, 0x0102, 0x0201, 0x0101, 0x0101, 0x0102,
    0x0101, 0x0101, 0x0101, 0x0101, 0x0201, 0x0202, 0x0202, 0x0101, 0x0101, 0x0102, 0x0101, 0x0102,
    0x0101, 0x0102, 0x0101, 0x0102, 0x0101, 0x0202, 0x0202, 0x0101, 0x0101, 0x0102, 0x0101, 0x0102,
    0x0101, 0x0102, 0x0101, 0x0102, 0x0201, 0x0202, 0x0202, 0x0101, 0x0101, 0x0101, 0x0101, 0x0101,
    0x0101, 0x0201, 0x0202, 0x0101, 0x0101, 0x0102, 0x0101, 0x0102, 0x0201, 0x0101, 0x0101, 0x0101,
    0x0201, 0x0101, 0x0101, 0x0101, 0x0201, 0x0101, 0x0101, 0x0101, 0x0101, 0x0102, 0x0101, 0x0102,
    0x0101, 0x0201, 0x0202, 0x0101, 0x0101, 0x0101, 0x0101, 0x0101, 0x0201, 0x0202, 0x0102, 0x0101,
    0x0101, 0x0102, 0x0201, 0x0101, 0x0101, 0x0102, 0x0101, 0x0102, 0x0101, 0x0102, 0x0101, 0x0102,
    0x0101, 0x0102, 0x0101, 0x0102, 0x0101, 0x0102, 0x0201, 0x0101, 0x0201, 0x0202, 0x0102, 0x0101,
    0x0101, 0x0101, 0x0101, 0x0101, 0x0201, 0x0202, 0x0202, 0x0102, 0x0101, 0x0102, 0x0101, 0x0102,
    0x0101, 0x0102, 0x0102, 0x0101, 0x0101, 0x0202, 0x0102, 0x0101, 0x0101, 0x0102, 0x0102, 0x0101,
    0x0101, 0x0102, 0x0101, 0x0102, 0x0201, 0x0202, 0x0202, 0x0102, 0x0101, 0x0101, 0x0101, 0x0101,
    0x0201, 0x0202, 0x0202, 0x0102, 0x0101, 0x0102, 0x0101, 0x0102, 0x0101, 0x0102, 0x0102, 0x0101,
    0x0101, 0x0202, 0x0102, 0x0101, 0x0101, 0x0102, 0x0102, 0x0101, 0x0101, 0x0102, 0x0101, 0x0101,
    0x0201, 0x0202, 0x0101, 0x0101, 0x0101, 0x0101, 0x0101, 0x0101, 0x0101, 0x0201, 0x0202, 0x0101,
    0x0101, 0x0102, 0x0101, 0x0102, 0x0201, 0x0101, 0x0101, 0x0101, 0x0201, 0x0101, 0x0101, 0x0101,
    0x0201, 0x0101, 0x0202, 0x0102, 0x0101, 0x0102, 0x0101, 0x0102, 0x0101, 0x0201, 0x0202, 0x0102,
    0x0101, 0x0101, 0x0101, 0x0101, 0x0201, 0x0101, 0x0101, 0x0102, 0x0201, 0x0101, 0x0101, 0x0102,
    0x0201, 0x0101, 0x0101, 0x0102, 0x0201, 0x0202, 0x0202, 0x0102, 0x0201, 0x0101, 0x0101, 0x0102,
    0x0201, 0x0101, 0x0101, 0x0102, 0x0201, 0x0101, 0x0101, 0x0102, 0x0101, 0x0101, 0x0101, 0x0101,
    0x0101, 0x0202, 0x0102, 0x0101, 0x0101, 0x0201, 0x0101, 0x0101, 0x0101, 0x0201, 0x0101, 0x0101,
    0x0101, 0x0201, 0x0101, 0x0101, 0x0101, 0x0201, 0x0101, 0x0101, 0x0101, 0x0201, 0x0101, 0x0101,
    0x0101, 0x0202, 0x0102, 0x0101, 0x0101, 0x0101, 0x0101, 0x0101, 0x0101, 0x0101, 0x0202, 0x0102,
    0x0101, 0x0101, 0x0201, 0x0101, 0x0101, 0x0101, 0x0201, 0x0101, 0x0101, 0x0101, 0x0201, 0x0101,
    0x0201, 0x0101, 0x0201, 0x0101, 0x0201, 0x0101, 0x0201, 0x0101, 0x0101, 0x0202, 0x0102, 0x0101,
    0x0101, 0x0101, 0x0101, 0x0101, 0x0201, 0x0102, 0x0101, 0x0102, 0x0101, 0x0102, 0x0201, 0x0101,
    0x0101, 0x0102, 0x0102, 0x0101, 0x0101, 0x0202, 0x0101, 0x0101, 0x0101, 0x0102, 0x0102, 0x0101,
    0x0101, 0x0102, 0x0201, 0x0101, 0x0201, 0x0102, 0x0101, 0x0202, 0x0101, 0x0101, 0x0101, 0x0101,
    0x0201, 0x0202, 0x0101, 0x0101, 0x0101, 0x0102, 0x0101, 0x0101, 0x0101, 0x0102, 0x0101, 0x0101,
    0x0101, 0x0102, 0x0101, 0x0101, 0x0101, 0x0102, 0x0101, 0x0101, 0x0101, 0x0102, 0x0101, 0x0102,
    0x0201, 0x0202, 0x0202, 0x0102, 0x0101, 0x0101, 0x0101, 0x0101, 0x0201, 0x0102, 0x0101, 0x0202,
    0x0201, 0x0201, 0x0201, 0x0201, 0x0201, 0x0101, 0x0102, 0x0201, 0x0201, 0x0101, 0x0101, 0x0201,
    0x0201, 0x0101, 0x0101, 0x0201, 0x0201, 0x0101, 0x0101, 0x0201, 0x0201, 0x0101, 0x0101, 0x0201,
    0x0101, 0x0101, 0x0101, 0x0101, 0x0201, 0x0102, 0x0101, 0x0102, 0x0201, 0x0201, 0x0101, 0x0102,
    0x0201, 0x0101, 0x0102, 0x0102, 0x0201, 0x0101, 0x0201, 0x0102, 0x0201, 0x0101, 0x0101, 0x0102,
    0x0201, 0x0101, 0x0101, 0x0102, 0x0201, 0x0101, 0x0101, 0x0102, 0x0101, 0x0101, 0x0101, 0x0101,
    0x0101, 0x0202, 0x0202, 0x0101, 0x0201, 0x0101, 0x0101, 0x0102, 0x0201, 0x0101, 0x0101, 0x0102,
    0x0201, 0x0101, 0x0101, 0x0102, 0x0201, 0x0101, 0x0101, 0x0102, 0x0201, 0x0101, 0x0101, 0x0102,
    0x0101, 0x0202, 0x0202, 0x0101, 0x0101, 0x0101, 0x0101, 0x0101, 0x0201, 0x0202, 0x0202, 0x0101,
    0x0101, 0x0102, 0x0101, 0x0102, 0x0101, 0x0102, 0x0101, 0x0102, 0x0101, 0x0202, 0x0202, 0x0101,
    0x0101, 0x0102, 0x0101, 0x0101, 0x0101, 0x0102, 0x0101, 0x0101, 0x0201, 0x0202, 0x0101, 0x0101,
    0x0101, 0x0101, 0x0101, 0x0101, 0x0101, 0x0202, 0x0202, 0x0101, 0x0201, 0x0101, 0x0101, 0x0102,
    0x0201, 0x0101, 0x0101, 0x0102, 0x0201, 0x0101, 0x0101, 0x0102, 0x0201, 0x0101, 0x0102, 0x0102,
    0x0101, 0x0202, 0x0202, 0x0101, 0x0101, 0x0101, 0x0101, 0x0202, 0x0101, 0x0101, 0x0101, 0x0101,
    0x0201, 0x0202, 0x0202, 0x0101, 0x0101, 0x0102, 0x0101, 0x0102, 0x0101, 0x0102, 0x0101, 0x0102,
    0x0101, 0x0202, 0x0202, 0x0101, 0x0101, 0x0102, 0x0102, 0x0101, 0x0101, 0x0102, 0x0201, 0x0101,
    0x0201, 0x0202, 0x0101, 0x0102, 0x0101, 0x0101, 0x0101, 0x0101, 0x0101, 0x0202, 0x0202, 0x0101,
    0x0201, 0x0101, 0x0101, 0x0102, 0x0201, 0x0101, 0x0101, 0x0101, 0x0101, 0x0202, 0x0202, 0x0101,
    0x0101, 0x0101, 0x0101, 0x0102, 0x0201, 0x0101, 0x0101, 0x0102, 0x0101, 0x0202, 0x0202, 0x0101,
    0x0101, 0x0101, 0x0101, 0x0101, 0x0201, 0x0202, 0x0202, 0x0202, 0x0201, 0x0101, 0x0102, 0x0201,
    0x0101, 0x0101, 0x0102, 0x0101, 0x0101, 0x0101, 0x0102, 0x0101, 0x0101, 0x0101, 0x0102, 0x0101,
    0x0101, 0x0101, 0x0102, 0x0101, 0x0101, 0x0201, 0x0202, 0x0101, 0x0101, 0x0101, 0x0101, 0x0101,
    0x0201, 0x0101, 0x0101, 0x0102, 0x0201, 0x0101, 0x0101, 0x0102, 0x0201, 0x0101, 0x0101, 0x0102,
    0x0201, 0x0101, 0x0101, 0x0102, 0x0201, 0x0101, 0x0101, 0x0102, 0x0201, 0x0101, 0x0101, 0x0102,
    0x0101, 0x0202, 0x0202, 0x0101, 0x0101, 0x0101, 0x0101, 0x0101, 0x0201, 0x0101, 0x0101, 0x0201,
    0x0201, 0x0101, 0x0101, 0x0201, 0x0201, 0x0101, 0x0101, 0x0201, 0x0201, 0x0101, 0x0101, 0x0201,
    0x0101, 0x0102, 0x0101, 0x0102, 0x0101, 0x0201, 0x0201, 0x0101, 0x0101, 0x0101, 0x0102, 0x0101,
    0x0101, 0x0101, 0x0101, 0x0101, 0x0201, 0x0101, 0x0101, 0x0201, 0x0201, 0x0101, 0x0101, 0x0201,
    0x0201, 0x0101, 0x0101, 0x0201, 0x0201, 0x0101, 0x0102, 0x0201, 0x0201, 0x0101, 0x0102, 0x0201,
    0x0201, 0x0101, 0x0102, 0x0201, 0x0101, 0x0202, 0x0201, 0x0102, 0x0101, 0x0101, 0x0101, 0x0101,
    0x0201, 0x0101, 0x0101, 0x0201, 0x0101, 0x0102, 0x0101, 0x0102, 0x0101, 0x0201, 0x0201, 0x0101,
    0x0101, 0x0101, 0x0102, 0x0101, 0x0101, 0x0201, 0x0201, 0x0101, 0x0101, 0x0102, 0x0101, 0x0102,
    0x0201, 0x0101, 0x0101, 0x0201, 0x0101, 0x0101, 0x0101, 0x0101, 0x0201, 0x0101, 0x0101, 0x0201,
    0x0101, 0x0102, 0x0101, 0x0102, 0x0101, 0x0201, 0x0201, 0x0101, 0x0101, 0x0101, 0x0102, 0x0101,
    0x0101, 0x0101, 0x0102, 0x0101, 0x0101, 0x0101, 0x0102, 0x0101, 0x0101, 0x0201, 0x0202, 0x0101,
    0x0101, 0x0101, 0x0101, 0x0101, 0x0201, 0x0202, 0x0202, 0x0202, 0x0201, 0x0101, 0x0101, 0x0102,
    0x0101, 0x0101, 0x0201, 0x0101, 0x0101, 0x0101, 0x0102, 0x0101, 0x0101, 0x0201, 0x0101, 0x0101,
    0x0101, 0x0102, 0x0101, 0x0201, 0x0201, 0x0202, 0x0202, 0x0202, 0x0101, 0x0101, 0x0101, 0x0101,
    0x0101, 0x0101, 0x0101, 0x0101, 0x0101, 0x0101, 0x0101, 0x0101, 0x0101, 0x0101, 0x0101, 0x0101,
    0x0202, 0x0101, 0x0101, 0x0201, 0x0101, 0x0101, 0x0101, 0x0101, 0x0101, 0x0101, 0x0101, 0x0101,
    0x0101, 0x0101, 0x0101, 0x0101, 0x0101, 0x0101, 0x0101, 0x0101, 0x0202, 0x0102, 0x0101, 0x0201,
    0x0101, 0x0101, 0x0101, 0x0101, 0x0101, 0x0101, 0x0101, 0x0101, 0x0101, 0x0101, 0x0101, 0x0101,
    0x0101, 0x0101, 0x0101, 0x0101, 0x0101, 0x0101, 0x0101, 0x0101, 0x0101, 0x0101, 0x0101, 0x0101,
    0x0101, 0x0101, 0x0101, 0x0101, 0x0101, 0x0101, 0x0101, 0x0101, 0x0202, 0x0102, 0x0101, 0x0201,
    0x0101, 0x0101, 0x0101, 0x0101, 0x0101, 0x0101, 0x0101, 0x0101, 0x0101, 0x0101, 0x0101, 0x0101,
    0x0101, 0x0101, 0x0101, 0x0101, 0x0101, 0x0101, 0x0101, 0x0101, 0x0101, 0x0101, 0x0101, 0x0101,
    0x0101, 0x0101, 0x0101, 0x0101, 0x0101, 0x0101, 0x0101, 0x0101, 0x0202, 0x0102, 0x0101, 0x0201,
    0x0101, 0x0101, 0x0101, 0x0101, 0x0101, 0x0101, 0x0101, 0x0101, 0x0101, 0x0101, 0x0101, 0x0101,
    0x0101, 0x0101, 0x0101, 0x0101, 0x0101, 0x0101, 0x0101, 0x0101, 0x0101, 0x0101, 0x0101, 0x0101,
    0x0101, 0x0101, 0x0101, 0x0101, 0x0101, 0x0101, 0x0101, 0x0101, 0x0101, 0x0101, 0x0101, 0x0101,
    0x0101, 0x0101, 0x0101, 0x0101, 0x0101, 0x0101, 0x0101, 0x0101, 0x0101, 0x0101, 0x0101, 0x0101,
    0x0201, 0x0202, 0x0202, 0x0102, 0x0101, 0x0101, 0x0101, 0x0101, 0x0102, 0x0101, 0x0101, 0x0201,
    0x0101, 0x0101, 0x0101, 0x0101, 0x0101, 0x0101, 0x0101, 0x0101, 0x0101, 0x0101, 0x0101, 0x0101,
    0x0101, 0x0101, 0x0101, 0x0101, 0x0101, 0x0101, 0x0101, 0x0101, 0x0101, 0x0101, 0x0101, 0x0101,
    0x0101, 0x0101, 0x0101, 0x0101, 0x0101, 0x0101, 0x0101, 0x0101, 0x0101, 0x0201, 0x0202, 0x0101,
    0x0101, 0x0101, 0x0101, 0x0102, 0x0101, 0x0201, 0x0202, 0x0102, 0x0101, 0x0102, 0x0101, 0x0102,
    0x0101, 0x0201, 0x0202, 0x0102, 0x0101, 0x0101, 0x0101, 0x0101, 0x0101, 0x0101, 0x0101, 0x0101,
    0x0101, 0x0102, 0x0101, 0x0101, 0x0101, 0x0102, 0x0101, 0x0101, 0x0101, 0x0202, 0x0202, 0x0101,
    0x0101, 0x0102, 0x0101, 0x0102, 0x0101, 0x0102, 0x0101, 0x0102, 0x0101, 0x0202, 0x0202, 0x0101,
    0x0101, 0x0101, 0x0101, 0x0101, 0x0101, 0x0101, 0x0101, 0x0101, 0x0101, 0x0101, 0x0101, 0x0101,
    0x0101, 0x0201, 0x0202, 0x0101, 0x0101, 0x0102, 0x0101, 0x0102, 0x0101, 0x0102, 0x0101, 0x0101,
    0x0101, 0x0102, 0x0101, 0x0102, 0x0101, 0x0201, 0x0202, 0x0101, 0x0101, 0x0101, 0x0101, 0x0101,
    0x0101, 0x0101, 0x0101, 0x0101, 0x0101, 0x0101, 0x0101, 0x0102, 0x0101, 0x0101, 0x0101, 0x0102,
    0x0101, 0x0201, 0x0202, 0x0102, 0x0101, 0x0102, 0x0101, 0x0102, 0x0101, 0x0102, 0x0101, 0x0102,
    0x0101, 0x0201, 0x0202, 0x0102, 0x0101, 0x0101, 0x0101, 0x0101, 0x0101, 0x0101, 0x0101, 0x0101,
    0x0101, 0x0101, 0x0101, 0x0101, 0x0101, 0x0201, 0x0202, 0x0101, 0x0101, 0x0102, 0x0101, 0x0102,
    0x0101, 0x0202, 0x0202, 0x0101, 0x0101, 0x0102, 0x0101, 0x0101, 0x0101, 0x0201, 0x0202, 0x0102,
    0x0101, 0x0101, 0x0101, 0x0101, 0x0101, 0x0101, 0x0101, 0x0101, 0x0101, 0x0101, 0x0202, 0x0101,
    0x0101, 0x0201, 0x0101, 0x0101, 0x0101, 0x0202, 0x0202, 0x0101, 0x0101, 0x0201, 0x0101, 0x0101,
    0x0101, 0x0201, 0x0101, 0x0101, 0x0101, 0x0201, 0x0101, 0x0101, 0x0101, 0x0101, 0x0101, 0x0101,
    0x0101, 0x0101, 0x0101, 0x0101, 0x0101, 0x0101, 0x0101, 0x0101, 0x0101, 0x0201, 0x0202, 0x0102,
    0x0101, 0x0102, 0x0101, 0x0102, 0x0101, 0x0102, 0x0101, 0x0102, 0x0101, 0x0201, 0x0202, 0x0102,
    0x0101, 0x0101, 0x0101, 0x0102, 0x0101, 0x0201, 0x0202, 0x0101, 0x0101, 0x0101, 0x0101, 0x0101,
    0x0101, 0x0102, 0x0101, 0x0101, 0x0101, 0x0102, 0x0101, 0x0101, 0x0101, 0x0202, 0x0202, 0x0101,
    0x0101, 0x0102, 0x0101, 0x0102, 0x0101, 0x0102, 0x0101, 0x0102, 0x0101, 0x0102, 0x0101, 0x0102,
    0x0101, 0x0101, 0x0101, 0x0101, 0x0101, 0x0101, 0x0101, 0x0101, 0x0101, 0x0101, 0x0101, 0x0101,
    0x0101, 0x0201, 0x0101, 0x0101, 0x0101, 0x0101, 0x0101, 0x0101, 0x0101, 0x0201, 0x0101, 0x0101,
    0x0101, 0x0201, 0x0101, 0x0101, 0x0101, 0x0201, 0x0101, 0x0101, 0x0101, 0x0101, 0x0101, 0x0101,
    0x0101, 0x0101, 0x0101, 0x0101, 0x0101, 0x0101, 0x0101, 0x0101, 0x0101, 0x0101, 0x0101, 0x0102,
    0x0101, 0x0101, 0x0101, 0x0101, 0x0101, 0x0101, 0x0101, 0x0102, 0x0101, 0x0101, 0x0101, 0x0102,
    0x0101, 0x0101, 0x0101, 0x0102, 0x0101, 0x0201, 0x0202, 0x0101, 0x0101, 0x0101, 0x0101, 0x0101,
    0x0101, 0x0102, 0x0101, 0x0101, 0x0101, 0x0102, 0x0201, 0x0101, 0x0101, 0x0102, 0x0102, 0x0101,
    0x0101, 0x0202, 0x0201, 0x0101, 0x0101, 0x0102, 0x0101, 0x0102, 0x0101, 0x0102, 0x0101, 0x0102,
    0x0101, 0x0101, 0x0101, 0x0101, 0x0101, 0x0101, 0x0101, 0x0101, 0x0101, 0x0102, 0x0101, 0x0101,
    0x0101, 0x0102, 0x0101, 0x0101, 0x0101, 0x0102, 0x0101, 0x0101, 0x0101, 0x0102, 0x0101, 0x0101,
    0x0101, 0x0102, 0x0101, 0x0101, 0x0101, 0x0201, 0x0101, 0x0101, 0x0101, 0x0101, 0x0101, 0x0101,
    0x0101, 0x0101, 0x0101, 0x0101, 0x0101, 0x0101, 0x0101, 0x0101, 0x0101, 0x0202, 0x0201, 0x0101,
    0x0101, 0x0102, 0x0102, 0x0102, 0x0101, 0x0102, 0x0102, 0x0102, 0x0101, 0x0102, 0x0102, 0x0102,
    0x0101, 0x0102, 0x0102, 0x0102, 0x0101, 0x0101, 0x0101, 0x0101, 0x0101, 0x0101, 0x0101, 0x0101,
    0x0101, 0x0101, 0x0101, 0x0101, 0x0101, 0x0202, 0x0202, 0x0101, 0x0101, 0x0102, 0x0101, 0x0102,
    0x0101, 0x0102, 0x0101, 0x0102, 0x0101, 0x0102, 0x0101, 0x0102, 0x0101, 0x0102, 0x0101, 0x0102,
    0x0101, 0x0101, 0x0101, 0x0101, 0x0101, 0x0101, 0x0101, 0x0101, 0x0101, 0x0101, 0x0101, 0x0101,
    0x0101, 0x0201, 0x0202, 0x0101, 0x0101, 0x0102, 0x0101, 0x0102, 0x0101, 0x0102, 0x0101, 0x0102,
    0x0101, 0x0102, 0x0101, 0x0102, 0x0101, 0x0201, 0x0202, 0x0101, 0x0101, 0x0101, 0x0101, 0x0101,
    0x0101, 0x0101, 0x0101, 0x0101, 0x0101, 0x0101, 0x0101, 0x0101, 0x0101, 0x0202, 0x0202, 0x0101,
    0x0101, 0x0102, 0x0101, 0x0102, 0x0101, 0x0102, 0x0101, 0x0102, 0x0101, 0x0202, 0x0202, 0x0101,
    0x0101, 0x0102, 0x0101, 0x0101, 0x0101, 0x0102, 0x0101, 0x0101, 0x0101, 0x0101, 0x0101, 0x0101,
    0x0101, 0x0101, 0x0101, 0x0101, 0x0101, 0x0201, 0x0202, 0x0102, 0x0101, 0x0102, 0x0101, 0x0102,
    0x0101, 0x0102, 0x0101, 0x0102, 0x0101, 0x0201, 0x0202, 0x0102, 0x0101, 0x0101, 0x0101, 0x0102,
    0x0101, 0x0101, 0x0101, 0x0102, 0x0101, 0x0101, 0x0101, 0x0101, 0x0101, 0x0101, 0x0101, 0x0101,
    0x0101, 0x0102, 0x0202, 0x0101, 0x0101, 0x0202, 0x0101, 0x0102, 0x0101, 0x0102, 0x0101, 0x0101,
    0x0101, 0x0102, 0x0101, 0x0101, 0x0101, 0x0102, 0x0101, 0x0101, 0x0101, 0x0101, 0x0101, 0x0101,
    0x0101, 0x0101, 0x0101, 0x0101, 0x0101, 0x0101, 0x0101, 0x0101, 0x0101, 0x0201, 0x0202, 0x0102,
    0x0101, 0x0102, 0x0101, 0x0101, 0x0101, 0x0201, 0x0202, 0x0101, 0x0101, 0x0101, 0x0101, 0x0102,
    0x0101, 0x0202, 0x0202, 0x0101, 0x0101, 0x0101, 0x0101, 0x0101, 0x0101, 0x0101, 0x0101, 0x0101,
    0x0101, 0x0201, 0x0101, 0x0101, 0x0101, 0x0201, 0x0101, 0x0101, 0x0101, 0x0202, 0x0102, 0x0101,
    0x0101, 0x0201, 0x0101, 0x0101, 0x0101, 0x0201, 0x0101, 0x0101, 0x0101, 0x0101, 0x0202, 0x0101,
    0x0101, 0x0101, 0x0101, 0x0101, 0x0101, 0x0101, 0x0101, 0x0101, 0x0101, 0x0101, 0x0101, 0x0101,
    0x0101, 0x0102, 0x0101, 0x0102, 0x0101, 0x0102, 0x0101, 0x0102, 0x0101, 0x0102, 0x0101, 0x0102,
    0x0101, 0x0102, 0x0101, 0x0102, 0x0101, 0x0201, 0x0202, 0x0101, 0x0101, 0x0101, 0x0101, 0x0101,
    0x0101, 0x0101, 0x0101, 0x0101, 0x0101, 0x0101, 0x0101, 0x0101, 0x0101, 0x0102, 0x0101, 0x0102,
    0x0101, 0x0102, 0x0101, 0x0102, 0x0101, 0x0201, 0x0201, 0x0101, 0x0101, 0x0201, 0x0201, 0x0101,
    0x0101, 0x0101, 0x0102, 0x0101, 0x0101, 0x0101, 0x0101, 0x0101, 0x0101, 0x0101, 0x0101, 0x0101,
    0x0101, 0x0101, 0x0101, 0x0101, 0x0101, 0x0102, 0x0101, 0x0102, 0x0101, 0x0102, 0x0101, 0x0102,
    0x0101, 0x0102, 0x0102, 0x0102, 0x0101, 0x0102, 0x0102, 0x0102, 0x0101, 0x0201, 0x0201, 0x0101,
    0x0101, 0x0101, 0x0101, 0x0101, 0x0101, 0x0101, 0x0101, 0x0101, 0x0101, 0x0101, 0x0101, 0x0101,
    0x0101, 0x0102, 0x0101, 0x0102, 0x0101, 0x0201, 0x0201, 0x0101, 0x0101, 0x0101, 0x0102, 0x0101,
    0x0101, 0x0201, 0x0201, 0x0101, 0x0101, 0x0102, 0x0101, 0x0102, 0x0101, 0x0101, 0x0101, 0x0101,
    0x0101, 0x0101, 0x0101, 0x0101, 0x0101, 0x0101, 0x0101, 0x0101, 0x0101, 0x0102, 0x0101, 0x0102,
    0x0101, 0x0102, 0x0101, 0x0102, 0x0101, 0x0102, 0x0101, 0x0102, 0x0101, 0x0201, 0x0202, 0x0102,
    0x0101, 0x0101, 0x0101, 0x0102, 0x0101, 0x0201, 0x0202, 0x0101, 0x0101, 0x0101, 0x0101, 0x0101,
    0x0101, 0x0101, 0x0101, 0x0101, 0x0101, 0x0201, 0x0202, 0x0202, 0x0101, 0x0101, 0x0101, 0x0102,
    0x0101, 0x0101, 0x0201, 0x0101, 0x0101, 0x0101, 0x0102, 0x0101, 0x0101, 0x0201, 0x0202, 0x0202,
    0x0101, 0x0101, 0x0101, 0x0101, 0x0101, 0x0101, 0x0101, 0x0101, 0x0101, 0x0101, 0x0101, 0x0101,
    0x0101, 0x0101, 0x0101, 0x0101, 0x0202, 0x0102, 0x0101, 0x0201, 0x0101, 0x0101, 0x0101, 0x0101,
    0x0101, 0x0101, 0x0101, 0x0101, 0x0101, 0x0101, 0x0101, 0x0101, 0x0101, 0x0101, 0x0101, 0x0101,
    0x0202, 0x0202, 0x0101, 0x0201, 0x0101, 0x0101, 0x0101, 0x0101, 0x0101, 0x0101, 0x0101, 0x0101,
    0x0101, 0x0101, 0x0101, 0x0101, 0x0101, 0x0101, 0x0101, 0x0101, 0x0101, 0x0101, 0x0101, 0x0101,
    0x0101, 0x0101, 0x0101, 0x0101, 0x0101, 0x0101, 0x0101, 0x0101, 0x0101, 0x0101, 0x0101, 0x0101,
    0x0202, 0x0202, 0x0101, 0x0201, 0x0101, 0x0101, 0x0101, 0x0101, 0x0101, 0x0101, 0x0101, 0x0101,
    0x0101, 0x0101, 0x0101, 0x0101, 0x0101, 0x0101, 0x0101, 0x0101, 0x0101, 0x0101, 0x0101, 0x0101,
    0x0101, 0x0101, 0x0101, 0x0101, 0x0101, 0x0101, 0x0101, 0x0101, 0x0101, 0x0101, 0x0101, 0x0101,
    0x0202, 0x0202, 0x0101, 0x0201, 0x0101, 0x0101, 0x0101, 0x0101, 0x0101, 0x0101, 0x0101, 0x0101,
    0x0101, 0x0101, 0x0101, 0x0101, 0x0101, 0x0101, 0x0101, 0x0101, 0x0101, 0x0101, 0x0101, 0x0101,
    0x0101, 0x0101, 0x0101, 0x0101, 0x0101, 0x0101, 0x0101, 0x0101, 0x0101, 0x0101, 0x0101, 0x0101,
    0x0202, 0x0202, 0x0101, 0x0201, 0x0101, 0x0101, 0x0101, 0x0101, 0x0101, 0x0101, 0x0101, 0x0101,
    0x0101, 0x0101, 0x0101, 0x0101, 0x0101, 0x0101, 0x0101, 0x0101, 0x0202, 0x0202, 0x0102, 0x0201,
    0x0101, 0x0101, 0x0101, 0x0101, 0x0101, 0x0101, 0x0101, 0x0101, 0x0101, 0x0101, 0x0101, 0x0101,
    0x0101, 0x0101, 0x0101, 0x0101, 0x0101, 0x0101, 0x0101, 0x0101, 0x0101, 0x0101, 0x0101, 0x0101,
    0x0101, 0x0101, 0x0101, 0x0101, 0x0101, 0x0101, 0x0101, 0x0101, 0x0202, 0x0202, 0x0102, 0x0201,
    0x0101, 0x0101, 0x0101, 0x0101, 0x0101, 0x0101, 0x0101, 0x0101, 0x0101, 0x0101, 0x0101, 0x0101,
    0x0101, 0x0101, 0x0101, 0x0101, 0x0101, 0x0101, 0x0101, 0x0101, 0x0101, 0x0101, 0x0101, 0x0101,
    0x0101, 0x0101, 0x0101, 0x0101, 0x0101, 0x0101, 0x0101, 0x0101, 0x0202, 0x0202, 0x0102, 0x0201,
    0x0101, 0x0101, 0x0101, 0x0101, 0x0101, 0x0101, 0x0101, 0x0101, 0x0101, 0x0101, 0x0101, 0x0101,
    0x0101, 0x0101, 0x0101, 0x0101, 0x0101, 0x0101, 0x0101, 0x0101, 0x0101, 0x0101, 0x0101, 0x0101,
    0x0101, 0x0101, 0x0101, 0x0101, 0x0101, 0x0101, 0x0101, 0x0101, 0x0202, 0x0202, 0x0102, 0x0201,
    0x0101, 0x0101, 0x0101, 0x0101, 0x0101, 0x0101, 0x0101, 0x0101, 0x0101, 0x0101, 0x0101, 0x0101,
    0x0101, 0x0101, 0x0101, 0x0101, 0x0202, 0x0202, 0x0202, 0x0201, 0x0101, 0x0101, 0x0101, 0x0101,
    0x0101, 0x0101, 0x0101, 0x0101, 0x0101, 0x0101, 0x0101, 0x0101, 0x0101, 0x0101, 0x0101, 0x0101,
    0x0101, 0x0101, 0x0101, 0x0101, 0x0101, 0x0101, 0x0101, 0x0101, 0x0101, 0x0101, 0x0101, 0x0101,
    0x0101, 0x0101, 0x0101, 0x0101, 0x0202, 0x0202, 0x0202, 0x0201, 0x0101, 0x0101, 0x0101, 0x0101,
    0x0101, 0x0101, 0x0101, 0x0101, 0x0101, 0x0101, 0x0101, 0x0101, 0x0101, 0x0101, 0x0101, 0x0101,
    0x0101, 0x0101, 0x0101, 0x0101, 0x0101, 0x0101, 0x0101, 0x0101, 0x0101, 0x0101, 0x0101, 0x0101,
    0x0101, 0x0101, 0x0101, 0x0101, 0x0202, 0x0202, 0x0202, 0x0201, 0x0101, 0x0101, 0x0101, 0x0101,
    0x0101, 0x0101, 0x0101, 0x0101, 0x0101, 0x0101, 0x0101, 0x0101, 0x0101, 0x0101, 0x0101, 0x0101,
    0x0101, 0x0101, 0x0101, 0x0101, 0x0101, 0x0101, 0x0101, 0x0101, 0x0101, 0x0101, 0x0101, 0x0101,
    0x0101, 0x0101, 0x0101, 0x0101, 0x0202, 0x0202, 0x0202, 0x0201, 0x0101, 0x0101, 0x0101, 0x0101,
    0x0101, 0x0101, 0x0101, 0x0101, 0x0101, 0x0101, 0x0101, 0x0101, 0x0101, 0x0101, 0x0101, 0x0101,
    0x0102, 0x0101, 0x0101, 0x0201, 0x0201, 0x0101, 0x0101, 0x0101, 0x0101, 0x0101, 0x0101, 0x0101,
    0x0101, 0x0101, 0x0101, 0x0101, 0x0101, 0x0101, 0x0101, 0x0101, 0x0101, 0x0101, 0x0101, 0x0101,
    0x0101, 0x0101, 0x0101, 0x0101, 0x0101, 0x0101, 0x0101, 0x0101, 0x0101, 0x0101, 0x0101, 0x0101,
    0x0102, 0x0101, 0x0101, 0x0201, 0x0201, 0x0101, 0x0101, 0x0101, 0x0101, 0x0101, 0x0101, 0x0101,
    0x0101, 0x0101, 0x0101, 0x0101, 0x0101, 0x0101, 0x0101, 0x0101, 0x0101, 0x0101, 0x0101, 0x0101,
    0x0101, 0x0101, 0x0101, 0x0101, 0x0101, 0x0101, 0x0101, 0x0101, 0x0101, 0x0101, 0x0101, 0x0101,
    0x0102, 0x0101, 0x0101, 0x0201, 0x0201, 0x0101, 0x0101, 0x0101, 0x0101, 0x0101, 0x0101, 0x0101,
    0x0101, 0x0101, 0x0101, 0x0101, 0x0101, 0x0101, 0x0101, 0x0101, 0x0101, 0x0101, 0x0101, 0x0101,
    0x0101, 0x0101, 0x0101, 0x0101, 0x0101, 0x0101, 0x0101, 0x0101, 0x0101, 0x0101, 0x0101, 0x0101,
    0x0102, 0x0101, 0x0101, 0x0201, 0x0201, 0x0101, 0x0101, 0x0101, 0x0101, 0x0101, 0x0101, 0x0101,
    0x0101, 0x0101, 0x0101, 0x0101, 0x0101, 0x0101, 0x0101, 0x0101, 0x0101, 0x0101, 0x0101, 0x0101,
    0x0101, 0x0101, 0x0101, 0x0101, 0x0101, 0x0101, 0x0101, 0x0101, 0x0101, 0x0101, 0x0101, 0x0101,
    0x0102, 0x0101, 0x0101, 0x0201, 0x0201, 0x0101, 0x0101, 0x0101, 0x0101, 0x0101, 0x0101, 0x0101,
    0x0101, 0x0101, 0x0101, 0x0101, 0x0101, 0x0101, 0x0101, 0x0101, 0x0101, 0x0101, 0x0101, 0x0101,
    0x0101, 0x0101, 0x0101, 0x0101, 0x0101, 0x0101, 0x0101, 0x0101, 0x0101, 0x0101, 0x0101, 0x0101,
    0x0102, 0x0101, 0x0101, 0x0201, 0x0201, 0x0101, 0x0101, 0x0101, 0x0101, 0x0101, 0x0101, 0x0101,
    0x0101, 0x0101, 0x0101, 0x0101, 0x0101, 0x0101, 0x0101, 0x0101, 0x0101, 0x0101, 0x0101, 0x0101,
    0x0101, 0x0101, 0x0101, 0x0101, 0x0101, 0x0101, 0x0101, 0x0101, 0x0101, 0x0101, 0x0101, 0x0101,
    0x0102, 0x0101, 0x0101, 0x0201, 0x0201, 0x0101, 0x0101, 0x0101, 0x0102, 0x0101, 0x0101, 0x0201,
    0x0201, 0x0102, 0x0101, 0x0101, 0x0101, 0x0101, 0x0101, 0x0101, 0x0101, 0x0101, 0x0101, 0x0101,
    0x0101, 0x0101, 0x0101, 0x0101, 0x0101, 0x0101, 0x0101, 0x0101, 0x0101, 0x0101, 0x0101, 0x0101,
    0x0101, 0x0101, 0x0101, 0x0101, 0x0101, 0x0101, 0x0101, 0x0101, 0x0102, 0x0101, 0x0101, 0x0201,
    0x0201, 0x0102, 0x0101, 0x0101, 0x0101, 0x0101, 0x0101, 0x0101, 0x0101, 0x0101, 0x0101, 0x0101,
    0x0101, 0x0101, 0x0101, 0x0101, 0x0101, 0x0101, 0x0101, 0x0101, 0x0101, 0x0101, 0x0101, 0x0101,
    0x0101, 0x0101, 0x0101, 0x0101, 0x0101, 0x0101, 0x0101, 0x0101, 0x0102, 0x0101, 0x0101, 0x0201,
    0x0201, 0x0102, 0x0101, 0x0101, 0x0101, 0x0101, 0x0101, 0x0101, 0x0101, 0x0101, 0x0101, 0x0101,
    0x0101, 0x0101, 0x0101, 0x0101, 0x0101, 0x0101, 0x0101, 0x0101, 0x0101, 0x0101, 0x0101, 0x0101,
    0x0101, 0x0101, 0x0101, 0x0101, 0x0101, 0x0101, 0x0101, 0x0101, 0x0102, 0x0101, 0x0101, 0x0201,
    0x0201, 0x0102, 0x0101, 0x0101, 0x0101, 0x0101, 0x0101, 0x0101, 0x0101, 0x0101, 0x0101, 0x0101,
    0x0101, 0x0101, 0x0101, 0x0101, 0x0101, 0x0101, 0x0101, 0x0101, 0x0101, 0x0101, 0x0101, 0x0101,
    0x0101, 0x0101, 0x0101, 0x0101, 0x0101, 0x0101, 0x0101, 0x0101, 0x0102, 0x0101, 0x0101, 0x0201,
    0x0201, 0x0102, 0x0101, 0x0101, 0x0101, 0x0101, 0x0101, 0x0101, 0x0101, 0x0101, 0x0101, 0x0101,
    0x0101, 0x0101, 0x0101, 0x0101, 0x0101, 0x0101, 0x0101, 0x0101, 0x0101, 0x0101, 0x0101, 0x0101,
    0x0101, 0x0101, 0x0101, 0x0101, 0x0101, 0x0101, 0x0101, 0x0101, 0x0102, 0x0101, 0x0101, 0x0101,
    0x0201, 0x0102, 0x0101, 0x0201, 0x0101, 0x0101, 0x0101, 0x0101, 0x0102, 0x0101, 0x0101, 0x0201,
    0x0201, 0x0202, 0x0101, 0x0101, 0x0101, 0x0101, 0x0101, 0x0101, 0x0101, 0x0101, 0x0101, 0x0101,
    0x0101, 0x0101, 0x0101, 0x0101, 0x0101, 0x0101, 0x0101, 0x0101, 0x0101, 0x0101, 0x0101, 0x0101,
    0x0101, 0x0101, 0x0101, 0x0101, 0x0101, 0x0101, 0x0101, 0x0101, 0x0102, 0x0101, 0x0101, 0x0201,
    0x0201, 0x0202, 0x0101, 0x0101, 0x0101, 0x0101, 0x0101, 0x0101, 0x0101, 0x0101, 0x0101, 0x0101,
    0x0101, 0x0101, 0x0101, 0x0101, 0x0101, 0x0101, 0x0101, 0x0101, 0x0101, 0x0101, 0x0101, 0x0101,
    0x0101, 0x0101, 0x0101, 0x0101, 0x0101, 0x0101, 0x0101, 0x0101, 0x0102, 0x0101, 0x0101, 0x0201,
    0x0201, 0x0202, 0x0101, 0x0101, 0x0101, 0x0101, 0x0101, 0x0101, 0x0101, 0x0101, 0x0101, 0x0101,
    0x0101, 0x0101, 0x0101, 0x0101, 0x0101, 0x0101, 0x0101, 0x0101, 0x0101, 0x0101, 0x0101, 0x0101,
    0x0101, 0x0101, 0x0101, 0x0101, 0x0101, 0x0101, 0x0101, 0x0101, 0x0102, 0x0101, 0x0101, 0x0201,
    0x0201, 0x0202, 0x0101, 0x0101, 0x0101, 0x0101, 0x0101, 0x0101, 0x0101, 0x0101, 0x0101, 0x0101,
    0x0101, 0x0101, 0x0101, 0x0101, 0x0101, 0x0101, 0x0101, 0x0101, 0x0101, 0x0101, 0x0101, 0x0101,
    0x0101, 0x0101, 0x0101, 0x0101, 0x0101, 0x0101, 0x0101, 0x0101, 0x0102, 0x0101, 0x0101, 0x0201,
    0x0201, 0x0202, 0x0101, 0x0101, 0x0101, 0x0101, 0x0101, 0x0101, 0x0101, 0x0101, 0x0101, 0x0101,
    0x0101, 0x0101, 0x0101, 0x0101, 0x0101, 0x0101, 0x0101, 0x0101, 0x0101, 0x0101, 0x0101, 0x0101,
    0x0101, 0x0101, 0x0101, 0x0101, 0x0101, 0x0101, 0x0101, 0x0101, 0x0102, 0x0101, 0x0101, 0x0201,
    0x0201, 0x0202, 0x0101, 0x0101, 0x0101, 0x0101, 0x0101, 0x0101, 0x0101, 0x0101, 0x0101, 0x0101,
    0x0101, 0x0101, 0x0101, 0x0101, 0x0101, 0x0101, 0x0101, 0x0101, 0x0101, 0x0101, 0x0101, 0x0101,
    0x0101, 0x0101, 0x0101, 0x0101, 0x0101, 0x0101, 0x0101, 0x0101, 0x0102, 0x0101, 0x0101, 0x0201,
    0x0201, 0x0202, 0x0101, 0x0101, 0x0102, 0x0101, 0x0101, 0x0201, 0x0201, 0x0202, 0x0102, 0x0101,
    0x0101, 0x0101, 0x0101, 0x0101, 0x0101, 0x0101, 0x0101, 0x0101, 0x0101, 0x0101, 0x0101, 0x0101,
    0x0101, 0x0101, 0x0101, 0x0101, 0x0101, 0x0101, 0x0101, 0x0101, 0x0101, 0x0101, 0x0101, 0x0101,
    0x0101, 0x0101, 0x0101, 0x0101, 0x0102, 0x0101, 0x0101, 0x0201, 0x0201, 0x0202, 0x0102, 0x0101,
    0x0101, 0x0101, 0x0101, 0x0101, 0x0101, 0x0101, 0x0101, 0x0101, 0x0101, 0x0101, 0x0101, 0x0101,
    0x0101, 0x0101, 0x0101, 0x0101, 0x0101, 0x0101, 0x0101, 0x0101, 0x0101, 0x0101, 0x0101, 0x0101,
    0x0101, 0x0101, 0x0101, 0x0101, 0x0102, 0x0101, 0x0101, 0x0201, 0x0201, 0x0202, 0x0102, 0x0101,
    0x0101, 0x0101, 0x0101, 0x0101, 0x0101, 0x0101, 0x0101, 0x0101, 0x0101, 0x0101, 0x0101, 0x0101,
    0x0101, 0x0101, 0x0101, 0x0101, 0x0101, 0x0101, 0x0101, 0x0101, 0x0101, 0x0101, 0x0101, 0x0101,
    0x0101, 0x0101, 0x0101, 0x0101, 0x0102, 0x0101, 0x0101, 0x0201, 0x0201, 0x0202, 0x0102, 0x0101,
    0x0101, 0x0101, 0x0101, 0x0101, 0x0101, 0x0101, 0x0101, 0x0101, 0x0101, 0x0101, 0x0101, 0x0101,
    0x0000, 0x0000, 0x0000, 0x0000, 0x0000, 0x0000, 0x0000, 0x0000, 0x0000, 0x0000, 0x0000, 0x0000,
    0x0000, 0x0000, 0x0000, 0x0000, 0x0000, 0x0000, 0x0000, 0x0000, 0x0000, 0x0000, 0x0000, 0x2600,
    0x0000, 0x0000, 0x0000, 0x2726, 0x0000, 0x0000, 0x2600, 0x2F2F, 0x0000, 0x0000, 0x0000, 0x0000,
    0x0000, 0x0000, 0x0000, 0x0000, 0x0000, 0x0000, 0x0000, 0x0000, 0x0000, 0x0000, 0x0000, 0x0000,
    0x2600, 0x2626, 0x2626, 0x2626, 0x2726, 0x2F2F, 0x2F2F, 0x2F2F, 0x2F2F, 0x2F2F, 0x012F, 0x2F2F,
    0x2F2F, 0x2F2F, 0x2F01, 0x2F2F, 0x0000, 0x0000, 0x0000, 0x0000, 0x0000, 0x0000, 0x0000, 0x0000,
    0x0000, 0x0000, 0x0000, 0x0000, 0x0000, 0x0000, 0x0000, 0x0000, 0x2626, 0x2626, 0x0000, 0x0000,
    0x2F2F, 0x2F2F, 0x2626, 0x0000, 0x2F2F, 0x2F2F, 0x2727, 0x2626, 0x2F2F, 0x2F2F, 0x2F27, 0x272F,
    0x0000, 0x0000, 0x0000, 0x0000, 0x0000, 0x0000, 0x0000, 0x0000, 0x0000, 0x0000, 0x0000, 0x0000,
    0x0000, 0x0000, 0x0000, 0x0000, 0x0000, 0x0000, 0x0000, 0x0000, 0x0000, 0x0000, 0x0000, 0x0000,
    0x2600, 0x0000, 0x0000, 0x0000, 0x0026, 0x0000, 0x0000, 0x0000, 0x0000, 0x0000, 0x0000, 0x0000,
    0x0000, 0x0000, 0x0000, 0x0000, 0x0000, 0x0000, 0x0000, 0x0000, 0x0000, 0x0000, 0x0000, 0x0000,
    0x0000, 0x0000, 0x0000, 0x0000, 0x0000, 0x0000, 0x0000, 0x0026, 0x0000, 0x0000, 0x0000, 0x0000,
    0x0000, 0x0000, 0x0000, 0x2600, 0x0000, 0x0000, 0x0000, 0x2600, 0x0000, 0x0000, 0x0000, 0x2600,
    0x0000, 0x0000, 0x2600, 0x2626, 0x0000, 0x2600, 0x3126, 0x2631, 0x0000, 0x3126, 0x3131, 0x3131,
    0x2600, 0x3131, 0x3131, 0x3131, 0x3126, 0x3131, 0x3131, 0x3131, 0x3131, 0x3131, 0x3131, 0x3131,
    0x2627, 0x2828, 0x2628, 0x2A29, 0x2626, 0x2727, 0x2926, 0x2929, 0x2626, 0x2627, 0x2926, 0x2929,
    0x2626, 0x2A26, 0x2929, 0x2929, 0x2631, 0x2626, 0x292A, 0x2929, 0x3131, 0x3131, 0x2626, 0x2626,
    0x3131, 0x2631, 0x3332, 0x3333, 0x3131, 0x3326, 0x3333, 0x3333, 0x2A2A, 0x262A, 0x2727, 0x2726,
    0x2929, 0x2929, 0x2626, 0x2726, 0x2929, 0x2929, 0x2629, 0x2626, 0x2929, 0x2929, 0x2929, 0x2A29,
    0x2929, 0x2929, 0x262A, 0x2626, 0x2626, 0x2626, 0x3126, 0x3131, 0x3333, 0x3333, 0x2632, 0x3131,
    0x3333, 0x3333, 0x3333, 0x3126, 0x0026, 0x0026, 0x0000, 0x0000, 0x0026, 0x0000, 0x0000, 0x0000,
    0x2626, 0x0026, 0x0000, 0x0000, 0x3126, 0x2631, 0x0000, 0x0000, 0x3131, 0x3131, 0x0026, 0x0000,
    0x3131, 0x3131, 0x2631, 0x0000, 0x3131, 0x3131, 0x3131, 0x0026, 0x3131, 0x3131, 0x3131, 0x0026,
    0x0026, 0x0026, 0x0000, 0x0000, 0x0000, 0x0000, 0x0000, 0x0000, 0x0000, 0x0000, 0x0000, 0x0000,
    0x0000, 0x0000, 0x0000, 0x0000, 0x0000, 0x0000, 0x0000, 0x0000, 0x0000, 0x0000, 0x0000, 0x0000,
    0x0000, 0x0000, 0x0000, 0x0000, 0x0000, 0x0000, 0x0000, 0x0000, 0x0000, 0x2600, 0x292B, 0x2929,
    0x0000, 0x2600, 0x292B, 0x2929, 0x0000, 0x2600, 0x292B, 0x2929, 0x0000, 0x2600, 0x292B, 0x2929,
    0x0000, 0x2600, 0x292A, 0x2929, 0x0000, 0x2600, 0x292A, 0x2A29, 0x0000, 0x2600, 0x292A, 0x2629,
    0x0000, 0x2600, 0x292A, 0x2629, 0x2A29, 0x0026, 0x0000, 0x2600, 0x2629, 0x0000, 0x0000, 0x2C26,
    0x2629, 0x0000, 0x0000, 0x2C26, 0x262A, 0x0000, 0x2600, 0x2626, 0x0026, 0x0000, 0x2600, 0x2C2E,
    0x0026, 0x0000, 0x2600, 0x2C2E, 0x0000, 0x0000, 0x2600, 0x2C2E, 0x0000, 0x0000, 0x2E26, 0x2C2E,
    0x2D2C, 0x2D2D, 0x2626, 0x2626, 0x2D2C, 0x2C2D, 0x2D26, 0x2C2D, 0x2C2C, 0x262C, 0x2D2D, 0x2D2D,
    0x2626, 0x2D26, 0x2D2D, 0x2D2D, 0x2D2C, 0x2D2D, 0x2D2D, 0x2D2D, 0x2C2C, 0x2C2C, 0x2D2D, 0x2D2D,
    0x2D2D, 0x2D2D, 0x2D2D, 0x2D2C, 0x2D2D, 0x2D2D, 0x2C2C, 0x2D2D, 0x2626, 0x2626, 0x2626, 0x2D2D,
    0x2626, 0x2D2D, 0x2D2D, 0x2D2D, 0x262C, 0x2D2D, 0x2D2D, 0x2D2D, 0x262C, 0x2D2D, 0x2D2D, 0x2D2D,
    0x262C, 0x2D2D, 0x2D2D, 0x2D2D, 0x262C, 0x2D2D, 0x2D2D, 0x2D2D, 0x262D, 0x2D2D, 0x2D2D, 0x2D2D,
    0x2C2D, 0x2D2D, 0x2D2D, 0x2C2C, 0x2C26, 0x2A26, 0x2929, 0x2929, 0x2D26, 0x2B26, 0x292A, 0x2929,
    0x262D, 0x262C, 0x292A, 0x2929, 0x2D2D, 0x2626, 0x292A, 0x2929, 0x2D2D, 0x262D, 0x292A, 0x2929,
    0x2D2D, 0x2C2D, 0x2A26, 0x2929, 0x2C2C, 0x2D2D, 0x2A26, 0x2929, 0x2D2D, 0x2D2D, 0x2A26, 0x2929,
    0x2629, 0x0000, 0x0000, 0x0000, 0x2629, 0x0000, 0x0000, 0x0000, 0x2629, 0x0000, 0x0000, 0x0000,
    0x2929, 0x0026, 0x0000, 0x0000, 0x2929, 0x0026, 0x0000, 0x0000, 0x2929, 0x0026, 0x0000, 0x0000,
    0x2929, 0x0026, 0x0000, 0x0000, 0x2929, 0x0026, 0x0000, 0x0000, 0x0026, 0x2626, 0x0000, 0x0000,
    0x0000, 0x0000, 0x0000, 0x0000, 0x0000, 0x0000, 0x0000, 0x0000, 0x0000, 0x0000, 0x0000, 0x0000,
    0x0000, 0x0000, 0x0000, 0x0000, 0x0000, 0x0000, 0x0000, 0x0000, 0x0000, 0x0000, 0x0000, 0x0000,
    0x0000, 0x0000, 0x0000, 0x0000, 0x0000, 0x2600, 0x2C2C, 0x2D2D, 0x0000, 0x2600, 0x2C2C, 0x2D2D,
    0x0000, 0x2600, 0x2C2C, 0x2D2D, 0x0000, 0x2E26, 0x2D2C, 0x2D2D, 0x0000, 0x2C26, 0x2D2C, 0x2D2D,
    0x0000, 0x2C26, 0x2D2C, 0x2D2D, 0x2600, 0x2C2C, 0x2D2C, 0x2D2D, 0x2600, 0x2C2C, 0x2D2C, 0x2D2D,
    0x2D2D, 0x2D2D, 0x262C, 0x0000, 0x2D2D, 0x2D2D, 0x0026, 0x0000, 0x2D2D, 0x2D2D, 0x0026, 0x0000,
    0x2D2D, 0x2D2D, 0x0026, 0x0000, 0x2D2D, 0x2C2D, 0x0026, 0x0000, 0x2D2D, 0x262D, 0x0000, 0x0000,
    0x2D2D, 0x262D, 0x0000, 0x0000, 0x2D2D, 0x262C, 0x0000, 0x0000, 0x0000, 0x0000, 0x2E26, 0x2D2C,
    0x0000, 0x0000, 0x2E26, 0x2D2C, 0x0000, 0x0000, 0x2E26, 0x2D2C, 0x0000, 0x0000, 0x2E26, 0x2C2C,
    0x0000, 0x0000, 0x2E26, 0x2C2C, 0x0000, 0x0000, 0x2E26, 0x2C2C, 0x0000, 0x0000, 0x2E26, 0x2C2C,
    0x0000, 0x0000, 0x2E26, 0x2C2E, 0x2D2D, 0x2D2D, 0x2D2D, 0x0026, 0x2D2D, 0x2D2D, 0x2C2D, 0x0026,
    0x2D2D, 0x2D2D, 0x262D, 0x0000, 0x2D2D, 0x2D2D, 0x262D, 0x0000, 0x2D2D, 0x2D2D, 0x262D, 0x0000,
    0x2D2D, 0x2D2D, 0x262D, 0x0000, 0x2D2D, 0x2D2D, 0x262D, 0x0000, 0x2D2C, 0x2D2D, 0x262D, 0x0000,
    0x0000, 0x0000, 0x2600, 0x2D2C, 0x0000, 0x0000, 0x2600, 0x2D2C, 0x0000, 0x0000, 0x2600, 0x2D2C,
    0x0000, 0x0000, 0x2600, 0x2D2C, 0x0000, 0x0000, 0x2600, 0x2D2C, 0x0000, 0x0000, 0x2600, 0x2D2C,
    0x0000, 0x0000, 0x2600, 0x2D26, 0x0000, 0x0000, 0x2600, 0x262B, 0x2D2D, 0x2D2D, 0x0026, 0x0000,
    0x2D2D, 0x2C2D, 0x0026, 0x0000, 0x2D2D, 0x262D, 0x0000, 0x0000, 0x2D2D, 0x262D, 0x0000, 0x0000,
    0x2D2D, 0x262D, 0x0000, 0x0000, 0x2D2D, 0x262C, 0x0000, 0x0000, 0x2D2D, 0x0026, 0x0000, 0x0000,
    0x2626, 0x0026, 0x0000, 0x0000, 0x0026, 0x2626, 0x0026, 0x0000, 0x0000, 0x0000, 0x0000, 0x0000,
    0x0000, 0x0000, 0x0000, 0x0000, 0x0000, 0x0000, 0x0000, 0x0000, 0x0000, 0x0000, 0x0000, 0x0000,
    0x0000, 0x0000, 0x0000, 0x0000, 0x0000, 0x0000, 0x0000, 0x0000, 0x0000, 0x0000, 0x0000, 0x0000,
    0x0000, 0x2600, 0x2D2C, 0x2D2D, 0x0000, 0x2600, 0x2D2C, 0x2D2D, 0x0000, 0x2600, 0x2D2C, 0x2D2D,
    0x0000, 0x2600, 0x2D2C, 0x2D2D, 0x0000, 0x2600, 0x2D2C, 0x2D2D, 0x0000, 0x2600, 0x2D2C, 0x2D2D,
    0x0000, 0x2600, 0x2D2C, 0x2D2D, 0x0000, 0x2600, 0x2D2C, 0x2D2D, 0x2D2D, 0x262D, 0x0000, 0x0000,
    0x2D2D, 0x262C, 0x0000, 0x0000, 0x2D2D, 0x0026, 0x0000, 0x0000, 0x2D2D, 0x0026, 0x0000, 0x0000,
    0x2D2D, 0x0026, 0x0000, 0x0000, 0x2C2D, 0x0026, 0x0000, 0x0000, 0x262D, 0x0000, 0x0000, 0x0000,
    0x262D, 0x0000, 0x0000, 0x0000, 0x0026, 0x2626, 0x2626, 0x0000, 0x0000, 0x0000, 0x0000, 0x0000,
    0x0000, 0x0000, 0x0000, 0x0000, 0x0000, 0x0000, 0x0000, 0x0000, 0x0000, 0x0000, 0x0000, 0x0000,
    0x0000, 0x0000, 0x0000, 0x0000, 0x0000, 0x0000, 0x0000, 0x0000, 0x0000, 0x0000, 0x0000, 0x0000,
    0x2F2F, 0x262F, 0x2727, 0x2B26, 0x2F27, 0x2727, 0x2627, 0x2B2B, 0x272F, 0x2727, 0x2626, 0x2626,
    0x2827, 0x2627, 0x0126, 0x282F, 0x2826, 0x262F, 0x2F28, 0x2F28, 0x2726, 0x2627, 0x2A2A, 0x2A2A,
    0x2F26, 0x2627, 0x292A, 0x292A, 0x2F26, 0x2627, 0x2929, 0x2929, 0x2A2B, 0x292A, 0x2929, 0x2B2A,
    0x2929, 0x2A29, 0x2929, 0x2A29, 0x2A26, 0x2929, 0x2929, 0x262A, 0x2601, 0x2929, 0x2929, 0x0126,
    0x2A01, 0x2929, 0x2929, 0x2826, 0x2929, 0x2929, 0x2929, 0x2929, 0x2A29, 0x2A29, 0x262A, 0x2929,
    0x2929, 0x2929, 0x2929, 0x2929, 0x2B2B, 0x2726, 0x0026, 0x0000, 0x2626, 0x2727, 0x0026, 0x0000,
    0x0128, 0x2726, 0x0026, 0x0000, 0x0128, 0x2626, 0x0000, 0x0000, 0x2A2A, 0x262A, 0x0000, 0x0000,
    0x2929, 0x2626, 0x0000, 0x0000, 0x2A29, 0x2626, 0x0000, 0x0000, 0x2929, 0x2626, 0x0000, 0x0000,
    0x0101, 0x0101, 0x0101, 0x0101, 0x0101, 0x0130, 0x0101, 0x0101, 0x0101, 0x0101, 0x0101, 0x0101,
    0x0101, 0x3001, 0x0101, 0x0101, 0x0101, 0x3001, 0x0101, 0x0101, 0x0101, 0x0101, 0x0101, 0x0101,
    0x0101, 0x0101, 0x0101, 0x0101, 0x0101, 0x0101, 0x0101, 0x0101, 0x0101, 0x0101, 0x0101, 0x0101,
    0x0101, 0x0101, 0x0101, 0x0101, 0x3001, 0x0101, 0x0101, 0x0101, 0x0101, 0x0101, 0x0101, 0x0101,
    0x0101, 0x0101, 0x0101, 0x0101, 0x0101, 0x0130, 0x0101, 0x0101, 0x0101, 0x0101, 0x0101, 0x0101,
    0x0101, 0x0101, 0x0101, 0x0101, 0x0000, 0x0000, 0x2F26, 0x2F2F, 0x0000, 0x2600, 0x2F2F, 0x272F,
    0x0000, 0x2726, 0x2F2F, 0x2F27, 0x0000, 0x2F26, 0x2F2F, 0x2F28, 0x2600, 0x2F27, 0x282F, 0x2F2F,
    0x2600, 0x2F2F, 0x2727, 0x2F2F, 0x2600, 0x2F2F, 0x272F, 0x272F, 0x2600, 0x2F27, 0x2727, 0x2F2F,
    0x2F2F, 0x2F2F, 0x2F2F, 0x2F27, 0x2F2F, 0x2F2F, 0x2728, 0x2F2F, 0x2F2F, 0x282F, 0x2F2F, 0x2F2F,
    0x2F2F, 0x2F28, 0x2F2F, 0x2F2F, 0x282F, 0x2F2F, 0x2F2F, 0x2F2F, 0x2F27, 0x2F2F, 0x2F2F, 0x272F,
    0x2F2F, 0x2F2F, 0x2F2F, 0x2626, 0x2F2F, 0x2F2F, 0x2626, 0x2626, 0x2F2F, 0x2F2F, 0x2F2F, 0x2F2F,
    0x2F2F, 0x272F, 0x2F2F, 0x272F, 0x2F2F, 0x2F28, 0x2F2F, 0x2627, 0x2827, 0x2F27, 0x272F, 0x2A26,
    0x2728, 0x2F2F, 0x2627, 0x2929, 0x2726, 0x272F, 0x2926, 0x2629, 0x2626, 0x2626, 0x292A, 0x2626,
    0x2626, 0x2A26, 0x2929, 0x2626, 0x262F, 0x0000, 0x0000, 0x0000, 0x2726, 0x0026, 0x0000, 0x0000,
    0x262A, 0x2627, 0x0000, 0x0000, 0x2629, 0x262F, 0x0000, 0x0000, 0x2A29, 0x2F26, 0x0026, 0x0000,
    0x2626, 0x2F26, 0x0026, 0x0000, 0x2B26, 0x2F26, 0x0026, 0x0000, 0x2B2B, 0x2F26, 0x0026, 0x0000,
    0x0000, 0x0000, 0x0000, 0x2600, 0x0000, 0x0000, 0x0000, 0x2600, 0x0000, 0x0000, 0x0000, 0x2600,
    0x0000, 0x0000, 0x0000, 0x2600, 0x0000, 0x0000, 0x0000, 0x2626, 0x0000, 0x0000, 0x0000, 0x2626,
    0x0000, 0x0000, 0x0000, 0x2626, 0x0000, 0x0000, 0x0000, 0x2626, 0x3131, 0x3131, 0x3131, 0x3131,
    0x3131, 0x3131, 0x2631, 0x3131, 0x3131, 0x3131, 0x2631, 0x2631, 0x3131, 0x3131, 0x3131, 0x3226,
    0x3131, 0x3131, 0x3131, 0x3226, 0x3131, 0x3131, 0x3131, 0x2631, 0x3131, 0x3131, 0x3131, 0x2626,
    0x2626, 0x2626, 0x3126, 0x2626, 0x2631, 0x3333, 0x3333, 0x3333, 0x3326, 0x3333, 0x3333, 0x3333,
    0x3332, 0x3333, 0x3333, 0x3333, 0x3332, 0x3333, 0x3333, 0x3333, 0x3332, 0x3333, 0x3333, 0x3333,
    0x3332, 0x3333, 0x3333, 0x3333, 0x3332, 0x3333, 0x3333, 0x3333, 0x3332, 0x3333, 0x3333, 0x3333,
    0x3333, 0x3333, 0x3333, 0x2633, 0x3333, 0x3333, 0x3333, 0x3333, 0x3333, 0x3333, 0x3333, 0x3333,
    0x3333, 0x3333, 0x3333, 0x3333, 0x3333, 0x3333, 0x3333, 0x3333, 0x3333, 0x3333, 0x3333, 0x3333,
    0x3333, 0x3333, 0x3333, 0x3333, 0x3333, 0x3333, 0x3333, 0x3333, 0x3131, 0x3126, 0x3131, 0x0026,
    0x3126, 0x3126, 0x3131, 0x0026, 0x2633, 0x3131, 0x3131, 0x0026, 0x2633, 0x3131, 0x3131, 0x0026,
    0x2633, 0x3131, 0x3131, 0x0026, 0x2633, 0x3126, 0x3131, 0x2626, 0x3233, 0x3126, 0x3131, 0x2626,
    0x3333, 0x2626, 0x2626, 0x2626, 0x0026, 0x2626, 0x2626, 0x0026, 0x0000, 0x0000, 0x0000, 0x0000,
    0x0000, 0x0000, 0x0000, 0x0000, 0x0000, 0x0000, 0x0000, 0x0000, 0x0000, 0x0000, 0x0000, 0x0000,
    0x0000, 0x0000, 0x0000, 0x0000, 0x0000, 0x0000, 0x0000, 0x0000, 0x0000, 0x0000, 0x0000, 0x0000,
    0x0000, 0x2600, 0x292A, 0x2629, 0x0000, 0x2600, 0x292A, 0x2629, 0x0000, 0x2600, 0x2626, 0x2629,
    0x0000, 0x2600, 0x2A2A, 0x2626, 0x0000, 0x2600, 0x2626, 0x262A, 0x0000, 0x2600, 0x2A2A, 0x2626,
    0x0000, 0x2600, 0x2626, 0x2A2A, 0x0000, 0x2600, 0x2A2A, 0x2626, 0x0000, 0x0000, 0x2E26, 0x2C2E,
    0x0000, 0x0000, 0x2E26, 0x2C2C, 0x0000, 0x0000, 0x2E26, 0x2C2C, 0x0000, 0x2600, 0x2C2E, 0x2C2C,
    0x0000, 0x2600, 0x2C2E, 0x2C2C, 0x0000, 0x2600, 0x2C2E, 0x2C2C, 0x0026, 0x2600, 0x2C2E, 0x2D2C,
    0x0026, 0x2600, 0x2C2E, 0x2D2C, 0x2D2D, 0x2D2D, 0x2C2D, 0x2C2C, 0x2D2D, 0x2D2D, 0x2D2D, 0x2D2D,
    0x2D2D, 0x2C2D, 0x2D2C, 0x2D2D, 0x2D2D, 0x2D2D, 0x2C2D, 0x2C2C, 0x2D2D, 0x2D2D, 0x2D2D, 0x2D2D,
    0x2D2D, 0x2D2D, 0x2D2D, 0x262D, 0x2D2D, 0x2D2D, 0x2D2D, 0x262D, 0x2D2D, 0x2D2D, 0x2D2D, 0x262D,
    0x2C2C, 0x2D2D, 0x2C2D, 0x2D2C, 0x2C2C, 0x2C2C, 0x2D2D, 0x2D2D, 0x2C2D, 0x2D2C, 0x2C2D, 0x2C2C,
    0x2C2D, 0x2D2D, 0x2C26, 0x2D2C, 0x2626, 0x2626, 0x2C2C, 0x2D2D, 0x0000, 0x2C26, 0x2C2C, 0x2D2D,
    0x0000, 0x2C26, 0x2C2C, 0x2D2D, 0x0000, 0x2E26, 0x2C2C, 0x2D2D, 0x2D2D, 0x2D2D, 0x2A26, 0x292A,
    0x2D2D, 0x2D2D, 0x262C, 0x292A, 0x2C2D, 0x2D2D, 0x262D, 0x292A, 0x2D2D, 0x2D2D, 0x262D, 0x292A,
    0x2D2D, 0x2D2D, 0x262D, 0x2A2A, 0x2D2D, 0x2D2D, 0x262D, 0x2A2A, 0x2D2D, 0x2D2D, 0x2C2D, 0x2A26,
    0x2D2D, 0x2D2D, 0x2D2D, 0x2A26, 0x2929, 0x0026, 0x0000, 0x0000, 0x2929, 0x0026, 0x0000, 0x0000,
    0x2929, 0x0026, 0x0000, 0x0000, 0x2929, 0x262A, 0x0000, 0x0000, 0x2929, 0x262A, 0x0000, 0x0000,
    0x2929, 0x2629, 0x0000, 0x0000, 0x2929, 0x2629, 0x0000, 0x0000, 0x2929, 0x2929, 0x0026, 0x0000,
    0x0000, 0x0000, 0x0000, 0x0000, 0x0000, 0x0000, 0x0000, 0x0000, 0x0000, 0x0000, 0x0000, 0x2600,
    0x0000, 0x0000, 0x0000, 0x2600, 0x0000, 0x0000, 0x0000, 0x2E26, 0x0000, 0x0000, 0x0000, 0x2E26,
    0x0000, 0x0000, 0x0000, 0x2E26, 0x0000, 0x0000, 0x0000, 0x2E26, 0x2C26, 0x262C, 0x2626, 0x2626,
    0x2C26, 0x2A26, 0x2A2A, 0x2A29, 0x2C2E, 0x262C, 0x2A2A, 0x2626, 0x2C2E, 0x2C2C, 0x2626, 0x2D2C,
    0x2C2C, 0x2D2D, 0x2D2D, 0x2D2D, 0x2C2C, 0x2D2D, 0x2D2D, 0x2D2D, 0x2C2C, 0x2D2D, 0x2D2D, 0x2D2D,
    0x2D2C, 0x2D2D, 0x2D2D, 0x2D2D, 0x2D2D, 0x0026, 0x0000, 0x0000, 0x2C26, 0x0026, 0x0000, 0x0000,
    0x262D, 0x0000, 0x0000, 0x0000, 0x262D, 0x0000, 0x0000, 0x0000, 0x262D, 0x0000, 0x0000, 0x0000,
    0x262C, 0x0000, 0x0000, 0x0000, 0x0026, 0x0000, 0x0000, 0x0000, 0x0026, 0x0000, 0x0000, 0x0000,
    0x0000, 0x0000, 0x2E26, 0x2C2E, 0x0000, 0x0000, 0x2600, 0x262E, 0x0000, 0x0000, 0x2600, 0x2A26,
    0x0000, 0x0000, 0x2600, 0x262E, 0x0000, 0x0000, 0x2E26, 0x2C2E, 0x0000, 0x0000, 0x2E26, 0x2C2C,
    0x0000, 0x0000, 0x2E26, 0x2C2C, 0x0000, 0x0000, 0x2E26, 0x2C2C, 0x2D2C, 0x2D2D, 0x262D, 0x0000,
    0x2626, 0x2626, 0x2C2D, 0x0026, 0x2A2A, 0x2A2A, 0x2D26, 0x0026, 0x292A, 0x2629, 0x2D2D, 0x0026,
    0x2626, 0x2D26, 0x2D2D, 0x002C, 0x2D2C, 0x2D2D, 0x2D2D, 0x002D, 0x2D2D, 0x2D2D, 0x2D2D, 0x002D,
    0x2D2D, 0x2D2D, 0x2D2D, 0x002D, 0x0000, 0x0000, 0x2600, 0x2A2A, 0x0000, 0x0000, 0x2600, 0x292B,
    0x0000, 0x0000, 0x2B26, 0x292A, 0x0000, 0x2600, 0x2A2A, 0x2626, 0x0000, 0x2626, 0x2629, 0x3434,
    0x2600, 0x2635, 0x262A, 0x3434, 0x2600, 0x3535, 0x3426, 0x3434, 0x2600, 0x3535, 0x3435, 0x0101,
    0x2A2A, 0x0026, 0x0000, 0x0000, 0x2629, 0x0000, 0x0000, 0x0000, 0x262A, 0x0000, 0x0000, 0x0000,
    0x2626, 0x0000, 0x0000, 0x0000, 0x2634, 0x0000, 0x0000, 0x0000, 0x2634, 0x0000, 0x0000, 0x0000,
    0x2634, 0x0000, 0x0000, 0x0000, 0x2601, 0x0000, 0x0000, 0x0000, 0x0026, 0x2626, 0x2626, 0x2626,
    0x0000, 0x0000, 0x0000, 0x0000, 0x0000, 0x0000, 0x0000, 0x0000, 0x0000, 0x0000, 0x0000, 0x0000,
    0x0000, 0x0000, 0x0000, 0x0000, 0x0000, 0x0000, 0x0000, 0x0000, 0x0000, 0x0000, 0x0000, 0x0000,
    0x0000, 0x0000, 0x0000, 0x0000, 0x0000, 0x2600, 0x2D2C, 0x2D2D, 0x0000, 0x2600, 0x2626, 0x2626,
    0x0000, 0x2600, 0x2A2A, 0x292A, 0x0000, 0x2600, 0x292A, 0x2929, 0x0000, 0x2626, 0x2A26, 0x2929,
    0x2600, 0x3535, 0x2634, 0x2A29, 0x2600, 0x3435, 0x2634, 0x262A, 0x2600, 0x0101, 0x3401, 0x3426,
    0x2626, 0x0000, 0x0000, 0x0000, 0x2629, 0x0000, 0x0000, 0x0000, 0x262A, 0x0000, 0x0000, 0x0000,
    0x0026, 0x0000, 0x0000, 0x0000, 0x0026, 0x0000, 0x0000, 0x0000, 0x0026, 0x0000, 0x0000, 0x0000,
    0x2634, 0x0000, 0x0000, 0x0000, 0x2634, 0x0000, 0x0000, 0x0000, 0x0101, 0x0101, 0x0101, 0x0101,
    0x0101, 0x0101, 0x2601, 0x0101, 0x0101, 0x0101, 0x0101, 0x0101, 0x0101, 0x2601, 0x0101, 0x0101,
    0x0101, 0x0126, 0x0101, 0x0101, 0x2601, 0x0101, 0x0101, 0x0101, 0x0101, 0x0101, 0x0101, 0x0101,
    0x0101, 0x0101, 0x0101, 0x0101, 0x2F2F, 0x262F, 0x2727, 0x2B26, 0x2F27, 0x2727, 0x2627, 0x2B2B,
    0x272F, 0x2727, 0x2A26, 0x2A2A, 0x2827, 0x2627, 0x2626, 0x2828, 0x2826, 0x262F, 0x2F28, 0x2F28,
    0x2726, 0x2627, 0x2A2A, 0x2A2A, 0x2F26, 0x2627, 0x292A, 0x2929, 0x2F26, 0x2627, 0x2929, 0x2929,
    0x2A2B, 0x292A, 0x2929, 0x2B2A, 0x2929, 0x2A29, 0x2929, 0x2A29, 0x2A26, 0x2929, 0x2929, 0x262A,
    0x2601, 0x2929, 0x2929, 0x0126, 0x2A01, 0x2929, 0x2929, 0x2826, 0x292A, 0x2929, 0x2929, 0x2929,
    0x2929, 0x2929, 0x262A, 0x2929, 0x2929, 0x2929, 0x2929, 0x2929, 0x2B2B, 0x2726, 0x0026, 0x0000,
    0x2A2A, 0x2727, 0x0026, 0x0000, 0x2626, 0x2726, 0x0026, 0x0000, 0x0128, 0x2626, 0x0000, 0x0000,
    0x2A2A, 0x262A, 0x0000, 0x0000, 0x2929, 0x2626, 0x0000, 0x0000, 0x2929, 0x2626, 0x0000, 0x0000,
    0x2929, 0x2626, 0x0000, 0x0000, 0x0101, 0x0101, 0x0101, 0x0101, 0x3001, 0x0101, 0x0101, 0x0101,
    0x0101, 0x3001, 0x0101, 0x0101, 0x0101, 0x0130, 0x0101, 0x0101, 0x0101, 0x0101, 0x0101, 0x0101,
    0x0101, 0x0130, 0x0101, 0x0101, 0x0101, 0x0101, 0x0101, 0x0101, 0x0101, 0x0101, 0x0101, 0x0101,
    0x0101, 0x0101, 0x0101, 0x0101, 0x3001, 0x0101, 0x0130, 0x0101, 0x0101, 0x0101, 0x0101, 0x0101,
    0x0101, 0x3030, 0x0130, 0x0101, 0x0101, 0x0101, 0x0101, 0x0101, 0x3001, 0x0101, 0x0101, 0x0101,
    0x0101, 0x0101, 0x0101, 0x0101, 0x0101, 0x0101, 0x0101, 0x0101, 0x2600, 0x2727, 0x272F, 0x2F2F,
    0x2600, 0x2727, 0x2F27, 0x2F27, 0x2600, 0x2727, 0x282F, 0x2727, 0x2600, 0x2728, 0x2727, 0x2727,
    0x0000, 0x2726, 0x2728, 0x2727, 0x0000, 0x2826, 0x2728, 0x2827, 0x0000, 0x2726, 0x2728, 0x2628,
    0x0000, 0x2826, 0x2828, 0x2828, 0x2F2F, 0x262F, 0x2727, 0x2B26, 0x2F27, 0x2727, 0x2627, 0x2B2B,
    0x272F, 0x2727, 0x2626, 0x2626, 0x2827, 0x2627, 0x0126, 0x282F, 0x2826, 0x262F, 0x2F28, 0x2F28,
    0x2726, 0x2627, 0x2A2A, 0x2A2A, 0x2F26, 0x2627, 0x292A, 0x2929, 0x2F26, 0x2627, 0x2929, 0x2929,
    0x2A2B, 0x292A, 0x2929, 0x2B2A, 0x2929, 0x2A29, 0x2929, 0x2A29, 0x2A26, 0x2929, 0x2929, 0x262A,
    0x2601, 0x2929, 0x2929, 0x0126, 0x2A01, 0x2929, 0x2929, 0x2826, 0x2929, 0x2929, 0x2929, 0x2929,
    0x2929, 0x2929, 0x262A, 0x2929, 0x2929, 0x2929, 0x2929, 0x2929, 0x2B2B, 0x2726, 0x0026, 0x0000,
    0x2626, 0x2727, 0x0026, 0x0000, 0x0128, 0x2726, 0x0026, 0x0000, 0x0128, 0x2626, 0x0000, 0x0000,
    0x2A2A, 0x262A, 0x0000, 0x0000, 0x2929, 0x2626, 0x0000, 0x0000, 0x2929, 0x2626, 0x0000, 0x0000,
    0x2929, 0x2626, 0x0000, 0x0000, 0x0000, 0x0000, 0x0000, 0x2626, 0x0000, 0x0000, 0x0000, 0x2600,
    0x0000, 0x0000, 0x0000, 0x2600, 0x0000, 0x0000, 0x0000, 0x2600, 0x0000, 0x0000, 0x0000, 0x2600,
    0x0000, 0x0000, 0x0000, 0x2B26, 0x0000, 0x0000, 0x0000, 0x2B26, 0x0000, 0x0000, 0x0000, 0x2B26,
    0x2A2A, 0x2A2A, 0x262A, 0x2626, 0x2A2A, 0x2929, 0x2A29, 0x2626, 0x2929, 0x2929, 0x2629, 0x2600,
    0x2929, 0x2929, 0x2629, 0x0000, 0x2929, 0x2929, 0x2629, 0x0000, 0x2929, 0x2929, 0x262A, 0x0000,
    0x2929, 0x2929, 0x0026, 0x0000, 0x2929, 0x2929, 0x0026, 0x0000, 0x322E, 0x3332, 0x3333, 0x3333,
    0x322E, 0x3232, 0x3333, 0x3333, 0x322E, 0x3232, 0x3232, 0x3232, 0x2E26, 0x3232, 0x3232, 0x3332,
    0x2E26, 0x3332, 0x3333, 0x3333, 0x2600, 0x332E, 0x3333, 0x3333, 0x2600, 0x322E, 0x3232, 0x3333,
    0x2600, 0x262E, 0x2626, 0x2626, 0x3333, 0x3333, 0x3333, 0x3333, 0x3333, 0x3333, 0x3333, 0x3333,
    0x3333, 0x3333, 0x3333, 0x3333, 0x3333, 0x3333, 0x3333, 0x3333, 0x3333, 0x3333, 0x3333, 0x3333,
    0x3333, 0x3333, 0x3333, 0x3333, 0x3333, 0x3333, 0x3333, 0x3333, 0x2626, 0x2626, 0x2626, 0x2626,
    0x3333, 0x2A26, 0x2A2A, 0x2626, 0x3333, 0x2A26, 0x2929, 0x0026, 0x3333, 0x2A26, 0x2929, 0x0026,
    0x3233, 0x2A26, 0x2929, 0x0026, 0x2633, 0x2A2A, 0x2929, 0x0026, 0x2633, 0x2A2A, 0x2929, 0x0026,
    0x2633, 0x2A2A, 0x2929, 0x0026, 0x2632, 0x292A, 0x2929, 0x0026, 0x0026, 0x0000, 0x0000, 0x0000,
    0x0000, 0x0026, 0x0000, 0x0000, 0x0000, 0x0000, 0x0000, 0x0000, 0x0000, 0x0000, 0x0000, 0x0000,
    0x0000, 0x0000, 0x0000, 0x0000, 0x0000, 0x0000, 0x0000, 0x0000, 0x0000, 0x0000, 0x0000, 0x0000,
    0x0000, 0x0000, 0x0000, 0x0000, 0x0000, 0x2A26, 0x2929, 0x2929, 0x0000, 0x2926, 0x2929, 0x2929,
    0x0000, 0x2926, 0x2929, 0x292A, 0x2600, 0x292A, 0x2929, 0x2926, 0x2600, 0x292A, 0x2929, 0x292A,
    0x2600, 0x292A, 0x2A29, 0x2929, 0x2B26, 0x292A, 0x2626, 0x2A29, 0x2B26, 0x262A, 0x262A, 0x262A,
    0x0026, 0x2600, 0x2C2E, 0x2D2C, 0x2629, 0x2600, 0x2C2E, 0x2D2C, 0x2629, 0x2600, 0x2C2E, 0x2D2C,
    0x2629, 0x2600, 0x2C2E, 0x2D2C, 0x262A, 0x2600, 0x2C2E, 0x2D2C, 0x0026, 0x2600, 0x2C2E, 0x2D2C,
    0x0026, 0x2600, 0x2C2E, 0x2D2C, 0x0000, 0x2600, 0x2C2E, 0x2D2C, 0x2D2D, 0x2D2D, 0x2D2D, 0x262D,
    0x2D2D, 0x2D2D, 0x2D2D, 0x262D, 0x2D2D, 0x2D2D, 0x2D2D, 0x262D, 0x2D2D, 0x2D2D, 0x2D2D, 0x262D,
    0x2D2D, 0x2D2D, 0x2D2D, 0x262D, 0x2D2D, 0x2D2D, 0x2D2D, 0x262D, 0x2D2D, 0x2D2D, 0x2D2D, 0x262D,
    0x2D2D, 0x2D2D, 0x2D2D, 0x262D, 0x0000, 0x2E26, 0x2C2C, 0x2D2D, 0x0000, 0x2E26, 0x2C2C, 0x2D2D,
    0x0000, 0x2E26, 0x2C2C, 0x2D2D, 0x0000, 0x2E26, 0x2C2C, 0x2D2D, 0x0000, 0x2600, 0x2C2C, 0x2D2D,
    0x0000, 0x2600, 0x2C2C, 0x2D2D, 0x0000, 0x2600, 0x2C2C, 0x2D2D, 0x0000, 0x2600, 0x2C2E, 0x2D2D,
    0x2D2D, 0x2D2D, 0x2D2D, 0x2A26, 0x2D2D, 0x2D2D, 0x2D2D, 0x2A26, 0x2D2D, 0x2D2D, 0x2D2D, 0x2A26,
    0x2D2D, 0x2D2D, 0x2D2D, 0x2A26, 0x2D2D, 0x2D2D, 0x2D2D, 0x2626, 0x2D2D, 0x2D2D, 0x2D2D, 0x0026,
    0x2D2D, 0x2D2D, 0x2D2D, 0x0026, 0x2D2D, 0x2D2D, 0x2D2D, 0x0026, 0x2929, 0x2929, 0x0026, 0x0000,
    0x292A, 0x2929, 0x0026, 0x0000, 0x2926, 0x2929, 0x262A, 0x0000, 0x2926, 0x2929, 0x2629, 0x0000,
    0x262A, 0x2929, 0x2629, 0x0026, 0x2A26, 0x2926, 0x2629, 0x0026, 0x2600, 0x2926, 0x2629, 0x0026,
    0x2600, 0x2926, 0x2A26, 0x0026, 0x0000, 0x0000, 0x0000, 0x2E26, 0x0000, 0x0000, 0x0000, 0x2C26,
    0x0000, 0x0000, 0x2600, 0x2C2E, 0x0000, 0x0000, 0x2600, 0x2C2E, 0x0000, 0x0000, 0x2600, 0x2C2E,
    0x0000, 0x0000, 0x2600, 0x2C2E, 0x0000, 0x0000, 0x2600, 0x2C2E, 0x0000, 0x0000, 0x2600, 0x2D2E,
    0x2D2C, 0x2D2D, 0x2D2D, 0x2D2D, 0x2D2C, 0x2D2D, 0x2D2D, 0x2C2D, 0x2D2C, 0x2D2D, 0x2D2D, 0x262D,
    0x2D2D, 0x2D2D, 0x2D2D, 0x262D, 0x2D2D, 0x2D2D, 0x2D2D, 0x262D, 0x2D2D, 0x2D2D, 0x2D2D, 0x262C,
    0x2D2D, 0x2D2D, 0x2D2D, 0x0026, 0x2D2D, 0x2D2D, 0x2D2D, 0x0026, 0x0026, 0x0000, 0x0000, 0x0000,
    0x0026, 0x0000, 0x0000, 0x0000, 0x0000, 0x0000, 0x0000, 0x0000, 0x0000, 0x0000, 0x0000, 0x0000,
    0x0000, 0x0000, 0x0000, 0x0000, 0x0000, 0x0000, 0x0000, 0x0000, 0x0000, 0x0000, 0x0000, 0x0000,
    0x0000, 0x0000, 0x0000, 0x0000, 0x0000, 0x0000, 0x2E26, 0x2C2C, 0x0000, 0x0000, 0x2E26, 0x2D2C,
    0x0000, 0x0000, 0x2E26, 0x2D2C, 0x0000, 0x0000, 0x2C26, 0x2D2C, 0x0000, 0x2600, 0x2C2E, 0x2D2C,
    0x0000, 0x2600, 0x2C2E, 0x2D2C, 0x0000, 0x2600, 0x2C2E, 0x2D2D, 0x0000, 0x2600, 0x2C2E, 0x2D2D,
    0x2D2D, 0x2D2D, 0x2D2D, 0x002D, 0x2D2D, 0x2D2D, 0x2D2D, 0x002C, 0x2D2D, 0x2D2D, 0x2D2D, 0x0026,
    0x2D2D, 0x2D2D, 0x2D2D, 0x0026, 0x2D2D, 0x2D2D, 0x2D2D, 0x0026, 0x2D2D, 0x2D2D, 0x2C2D, 0x0026,
    0x2D2D, 0x2D2D, 0x262D, 0x0000, 0x2D2D, 0x2D2D, 0x262D, 0x0000, 0x2600, 0x3435, 0x0135, 0x3434,
    0x2600, 0x3435, 0x3435, 0x0101, 0x2600, 0x3526, 0x3535, 0x2634, 0x2600, 0x3526, 0x3535, 0x0126,
    0x2600, 0x262F, 0x2635, 0x0101, 0x2600, 0x2F2F, 0x2626, 0x0101, 0x2600, 0x2F2F, 0x0101, 0x2626,
    0x0000, 0x2F26, 0x0101, 0x0101, 0x2634, 0x0000, 0x0000, 0x0000, 0x3401, 0x0026, 0x0000, 0x0000,
    0x2626, 0x0026, 0x0000, 0x0000, 0x0101, 0x2601, 0x0000, 0x0000, 0x0101, 0x0101, 0x0026, 0x0000,
    0x0101, 0x0101, 0x0026, 0x0000, 0x2626, 0x2626, 0x0026, 0x0000, 0x0101, 0x0101, 0x0026, 0x0000,
    0x0000, 0x0000, 0x0000, 0x0000, 0x0000, 0x0000, 0x0000, 0x0000, 0x0000, 0x0000, 0x0000, 0x0000,
    0x0000, 0x0000, 0x0000, 0x0000, 0x0000, 0x0000, 0x0000, 0x2600, 0x0000, 0x0000, 0x0000, 0x2F26,
    0x0000, 0x0000, 0x0000, 0x2F26, 0x0000, 0x0000, 0x0000, 0x2626, 0x2600, 0x3435, 0x3434, 0x3435,
    0x2600, 0x0101, 0x3401, 0x3435, 0x3526, 0x3535, 0x3434, 0x3435, 0x2626, 0x2626, 0x3535, 0x3434,
    0x012F, 0x0101, 0x3526, 0x3434, 0x0101, 0x0101, 0x2601, 0x2635, 0x0101, 0x0101, 0x2601, 0x0126,
    0x2626, 0x2626, 0x0126, 0x0101, 0x2634, 0x0000, 0x0000, 0x0000, 0x2634, 0x0000, 0x0000, 0x0000,
    0x2634, 0x0000, 0x0000, 0x0000, 0x2626, 0x0000, 0x0000, 0x0000, 0x2626, 0x0000, 0x0000, 0x0000,
    0x2601, 0x0000, 0x0000, 0x0000, 0x2601, 0x0000, 0x0000, 0x0000, 0x2601, 0x0000, 0x0000, 0x0000,
    0x0101, 0x0101, 0x0101, 0x0101, 0x0101, 0x0101, 0x0101, 0x0101, 0x0101, 0x0126, 0x0101, 0x0101,
    0x0101, 0x0101, 0x0101, 0x0101, 0x0101, 0x0101, 0x0126, 0x0101, 0x0101, 0x2601, 0x0101, 0x0101,
    0x0101, 0x0126, 0x0101, 0x0101, 0x0101, 0x0101, 0x0101, 0x0101, 0x2F2F, 0x262F, 0x2727, 0x2B26,
    0x2F27, 0x2727, 0x2627, 0x2B2B, 0x272F, 0x2727, 0x2A26, 0x2B2A, 0x2827, 0x2627, 0x2626, 0x2626,
    0x2826, 0x262F, 0x2F26, 0x2F28, 0x2726, 0x2627, 0x2A2A, 0x2A2A, 0x2F26, 0x2627, 0x292A, 0x2929,
    0x2F26, 0x2627, 0x2929, 0x2929, 0x2A2B, 0x292A, 0x2929, 0x2B2A, 0x2929, 0x2A29, 0x2929, 0x2A29,
    0x292B, 0x2929, 0x2929, 0x292A, 0x2B26, 0x2929, 0x2929, 0x262A, 0x2601, 0x2929, 0x2929, 0x2826,
    0x2929, 0x2929, 0x2929, 0x2929, 0x2929, 0x2929, 0x262A, 0x2929, 0x2929, 0x2929, 0x2929, 0x2929,
    0x2B2B, 0x2726, 0x0026, 0x0000, 0x2B2B, 0x2727, 0x0026, 0x0000, 0x262A, 0x2726, 0x0026, 0x0000,
    0x0128, 0x2626, 0x0000, 0x0000, 0x2A2A, 0x262A, 0x0000, 0x0000, 0x2929, 0x2626, 0x0000, 0x0000,
    0x2929, 0x2626, 0x0000, 0x0000, 0x2929, 0x2626, 0x0000, 0x0000, 0x0101, 0x0101, 0x0101, 0x0101,
    0x0101, 0x0101, 0x0130, 0x0101, 0x0101, 0x3030, 0x0101, 0x0101, 0x0101, 0x0101, 0x0101, 0x0101,
    0x0101, 0x0101, 0x3001, 0x0101, 0x0101, 0x3001, 0x0101, 0x0101, 0x0101, 0x0101, 0x0101, 0x0101,
    0x0101, 0x0101, 0x0101, 0x0101, 0x0101, 0x0101, 0x0130, 0x0101, 0x0101, 0x3001, 0x0101, 0x0101,
    0x3001, 0x0101, 0x0101, 0x0101, 0x0101, 0x0101, 0x0130, 0x0101, 0x0101, 0x0130, 0x0101, 0x0101,
    0x0101, 0x0101, 0x0101, 0x0101, 0x0101, 0x3030, 0x0101, 0x0101, 0x0101, 0x0101, 0x0101, 0x0101,
    0x0000, 0x2600, 0x2828, 0x2827, 0x0000, 0x2600, 0x2728, 0x2827, 0x0000, 0x2826, 0x2728, 0x2827,
    0x2600, 0x2626, 0x2728, 0x2827, 0x0000, 0x0000, 0x2826, 0x2827, 0x0000, 0x0000, 0x2826, 0x2828,
    0x0000, 0x2600, 0x2727, 0x2826, 0x0000, 0x2626, 0x2626, 0x2600, 0x2728, 0x2628, 0x292A, 0x2929,
    0x2728, 0x2827, 0x2A26, 0x2929, 0x2728, 0x2728, 0x2626, 0x292A, 0x2828, 0x2828, 0x2626, 0x2A26,
    0x2728, 0x2728, 0x2626, 0x262A, 0x2828, 0x2828, 0x2628, 0x2A2A, 0x2827, 0x2828, 0x2628, 0x2A26,
    0x2827, 0x2828, 0x2627, 0x262A, 0x2929, 0x2929, 0x2929, 0x2929, 0x2629, 0x362A, 0x2636, 0x2929,
    0x2929, 0x2929, 0x2929, 0x2929, 0x2929, 0x2A29, 0x292A, 0x2929, 0x2A26, 0x2929, 0x2929, 0x2629,
    0x262A, 0x2A26, 0x2A29, 0x2826, 0x2A2A, 0x2626, 0x2626, 0x2828, 0x2626, 0x2826, 0x2828, 0x2728,
    0x2929, 0x2826, 0x0026, 0x0000, 0x2A29, 0x2726, 0x0026, 0x0000, 0x2629, 0x2827, 0x2628, 0x0000,
    0x2726, 0x2628, 0x2626, 0x0026, 0x2828, 0x0026, 0x0000, 0x0000, 0x2828, 0x0026, 0x0000, 0x0000,
    0x2826, 0x0026, 0x0000, 0x0000, 0x2626, 0x0026, 0x0000, 0x0000, 0x0000, 0x0000, 0x0000, 0x2A26,
    0x0000, 0x0000, 0x2600, 0x2A2B, 0x0000, 0x0000, 0x2600, 0x2A2A, 0x0000, 0x0000, 0x2600, 0x2A2A,
    0x0000, 0x0000, 0x2B26, 0x2929, 0x0000, 0x0000, 0x2A26, 0x2929, 0x0000, 0x2600, 0x292B, 0x2929,
    0x0000, 0x2600, 0x292B, 0x2929, 0x2929, 0x2929, 0x0026, 0x0000, 0x2929, 0x2A29, 0x0000, 0x0000,
    0x2929, 0x262A, 0x0000, 0x0000, 0x2A26, 0x2629, 0x0000, 0x0000, 0x2929, 0x2629, 0x0000, 0x0000,
    0x2929, 0x2629, 0x0000, 0x0000, 0x2929, 0x262A, 0x0000, 0x0000, 0x2929, 0x0026, 0x0000, 0x2600,
    0x2600, 0x2A26, 0x2A2A, 0x2A2A, 0x2600, 0x2A2A, 0x2929, 0x2929, 0x2600, 0x2A2A, 0x2929, 0x2929,
    0x2600, 0x2A2A, 0x292A, 0x2929, 0x2600, 0x2626, 0x2626, 0x292A, 0x2C26, 0x2C2C, 0x2D26, 0x2626,
    0x2C26, 0x2C2C, 0x2D26, 0x2C26, 0x2626, 0x2626, 0x2C26, 0x2C26, 0x2A2A, 0x2A2A, 0x2A2A, 0x2A2A,
    0x2929, 0x2929, 0x2929, 0x2929, 0x2929, 0x292A, 0x2929, 0x2929, 0x2929, 0x2929, 0x2929, 0x2929,
    0x2A29, 0x292A, 0x2A29, 0x2626, 0x2626, 0x2626, 0x2626, 0x262C, 0x3326, 0x2D01, 0x262D, 0x262C,
    0x3326, 0x2D33, 0x262C, 0x2626, 0x2626, 0x292A, 0x2929, 0x0026, 0x2629, 0x292A, 0x2A29, 0x0026,
    0x2629, 0x2A2A, 0x2A2A, 0x262A, 0x262A, 0x2A2A, 0x2929, 0x2629, 0x2626, 0x292A, 0x2929, 0x2A29,
    0x262D, 0x2A2B, 0x2929, 0x2929, 0x262D, 0x2A2B, 0x2929, 0x2929, 0x2626, 0x2A2B, 0x2929, 0x2929,
    0x0000, 0x0000, 0x0000, 0x0000, 0x0000, 0x0000, 0x0000, 0x0000, 0x0000, 0x0000, 0x0000, 0x0000,
    0x0000, 0x0000, 0x0000, 0x0000, 0x0026, 0x0000, 0x0000, 0x0000, 0x0026, 0x0000, 0x0000, 0x0000,
    0x2629, 0x0000, 0x0000, 0x0000, 0x2629, 0x0000, 0x0000, 0x0000, 0x2B26, 0x262A, 0x2A2A, 0x2626,
    0x2B26, 0x2A2B, 0x2A26, 0x262A, 0x2600, 0x2A26, 0x2629, 0x0026, 0x0000, 0x2600, 0x2A2A, 0x0026,
    0x0000, 0x0000, 0x2626, 0x0026, 0x0000, 0x0000, 0x0000, 0x0000, 0x0000, 0x0000, 0x0000, 0x0000,
    0x0000, 0x0000, 0x0000, 0x0000, 0x0000, 0x2600, 0x2C2E, 0x2D2C, 0x0000, 0x2600, 0x2C2E, 0x2D2C,
    0x0000, 0x2600, 0x2C2E, 0x2D2C, 0x0000, 0x2600, 0x2C2E, 0x2D2C, 0x0000, 0x2600, 0x2C2E, 0x2D2C,
    0x0000, 0x2600, 0x2C2E, 0x2D2D, 0x0000, 0x2600, 0x2C2E, 0x2D2D, 0x0000, 0x2600, 0x2C2C, 0x2D2D,
    0x2D2D, 0x2D2D, 0x2D2D, 0x262D, 0x2D2D, 0x2D2D, 0x2D2D, 0x262D, 0x2D2D, 0x2D2D, 0x2D2D, 0x262C,
    0x2D2D, 0x2D2D, 0x2D2D, 0x0026, 0x2D2D, 0x2D2D, 0x2D2D, 0x0026, 0x2D2D, 0x2D2D, 0x2C2D, 0x0026,
    0x2D2D, 0x2D2D, 0x262D, 0x0000, 0x2D2D, 0x2D2D, 0x262D, 0x0000, 0x0000, 0x2600, 0x2C2E, 0x2D2D,
    0x0000, 0x2600, 0x2C2E, 0x2D2D, 0x0000, 0x2600, 0x2C2E, 0x2D2D, 0x0000, 0x2600, 0x2C2E, 0x2D2D,
    0x0000, 0x2600, 0x2C2E, 0x2D2D, 0x0000, 0x0000, 0x2C26, 0x2D2D, 0x0000, 0x0000, 0x2C26, 0x2D2C,
    0x0000, 0x0000, 0x2C26, 0x2D2C, 0x2D2D, 0x2D2D, 0x2D2D, 0x0026, 0x2D2D, 0x2D2D, 0x2D2D, 0x0026,
    0x2D2D, 0x2D2D, 0x2D2D, 0x0026, 0x2D2D, 0x2D2D, 0x2D2D, 0x0026, 0x2D2D, 0x2D2D, 0x2D2D, 0x0026,
    0x2D2D, 0x2D2D, 0x2D2D, 0x0026, 0x2D2D, 0x2D2D, 0x2D2D, 0x0026, 0x2D2D, 0x2D2D, 0x2D2D, 0x0026,
    0x2A26, 0x2926, 0x2A26, 0x0026, 0x2626, 0x2A26, 0x2626, 0x0000, 0x2A26, 0x262A, 0x2626, 0x0000,
    0x2A26, 0x2926, 0x262A, 0x0000, 0x2600, 0x292A, 0x0026, 0x0000, 0x0000, 0x2626, 0x0000, 0x0000,
    0x0000, 0x0000, 0x0000, 0x0000, 0x0000, 0x0000, 0x0000, 0x0000, 0x0000, 0x0000, 0x2600, 0x2D2E,
    0x0000, 0x0000, 0x2600, 0x2D2E, 0x0000, 0x0000, 0x2600, 0x2D2C, 0x0000, 0x0000, 0x2600, 0x2D2C,
    0x0000, 0x0000, 0x2600, 0x2D2C, 0x0000, 0x0000, 0x2600, 0x2D2C, 0x0000, 0x0000, 0x2600, 0x2D2C,
    0x0000, 0x0000, 0x2600, 0x2D2C, 0x2D2D, 0x2D2D, 0x2D2D, 0x0026, 0x2D2D, 0x2D2D, 0x2C2D, 0x0026,
    0x2D2D, 0x2D2D, 0x262D, 0x0000, 0x2D2D, 0x2D2D, 0x262D, 0x0000, 0x2D2D, 0x2D2D, 0x262D, 0x0000,
    0x2D2D, 0x2D2D, 0x262C, 0x0000, 0x2D2D, 0x2D2D, 0x0026, 0x0000, 0x2D2D, 0x2D2D, 0x0026, 0x0000,
    0x0026, 0x0000, 0x0000, 0x0000, 0x0000, 0x2626, 0x0000, 0x0000, 0x0000, 0x0000, 0x0000, 0x0000,
    0x0000, 0x0000, 0x0000, 0x0000, 0x0000, 0x0000, 0x0000, 0x0000, 0x0000, 0x0000, 0x0000, 0x0000,
    0x0000, 0x0000, 0x0000, 0x0000, 0x0000, 0x0000, 0x0000, 0x0000, 0x0000, 0x2600, 0x2C2E, 0x2D2D,
    0x0000, 0x2600, 0x2C2E, 0x2D2D, 0x0000, 0x2600, 0x2C2E, 0x2D2D, 0x0000, 0x2600, 0x2C2E, 0x2D2D,
    0x0000, 0x2600, 0x2C2E, 0x2D2D, 0x0000, 0x2600, 0x2C2C, 0x2D2D, 0x0000, 0x2600, 0x2C2C, 0x2D2D,
    0x0000, 0x2600, 0x2D2C, 0x2D2D, 0x2D2D, 0x2D2D, 0x262D, 0x0000, 0x2D2D, 0x2D2D, 0x262C, 0x0000,
    0x2D2D, 0x2D2D, 0x0026, 0x0000, 0x2D2D, 0x2D2D, 0x0026, 0x0000, 0x2D2D, 0x2D2D, 0x0026, 0x0000,
    0x2D2D, 0x2C2D, 0x0026, 0x0000, 0x2D2D, 0x262D, 0x0000, 0x0000, 0x2D2D, 0x262D, 0x0000, 0x0000,
    0x0000, 0x2600, 0x012F, 0x0101, 0x0000, 0x0000, 0x2F26, 0x0101, 0x0000, 0x0000, 0x2600, 0x2626,
    0x0000, 0x0000, 0x0000, 0x0000, 0x0000, 0x0000, 0x0000, 0x0000, 0x0000, 0x0000, 0x0000, 0x0000,
    0x0000, 0x0000, 0x0000, 0x0000, 0x0000, 0x0000, 0x0000, 0x0000, 0x0101, 0x0101, 0x0026, 0x0000,
    0x0101, 0x0101, 0x0026, 0x0000, 0x2626, 0x2626, 0x0000, 0x0000, 0x0000, 0x0000, 0x0000, 0x0000,
    0x0000, 0x0000, 0x0000, 0x0000, 0x0000, 0x0000, 0x0000, 0x0000, 0x0000, 0x0000, 0x0000, 0x0000,
    0x0000, 0x0000, 0x0000, 0x0000, 0x0000, 0x0000, 0x0000, 0x0126, 0x0000, 0x0000, 0x0000, 0x2F26,
    0x0000, 0x0000, 0x0000, 0x2F26, 0x0000, 0x0000, 0x0000, 0x2600, 0x0000, 0x0000, 0x0000, 0x0000,
    0x0000, 0x0000, 0x0000, 0x0000, 0x0000, 0x0000, 0x0000, 0x0000, 0x0000, 0x0000, 0x0000, 0x0000,
    0x0101, 0x0101, 0x0101, 0x0101, 0x0101, 0x0101, 0x0101, 0x2601, 0x0101, 0x0101, 0x0101, 0x0026,
    0x2626, 0x2626, 0x2626, 0x0000, 0x0000, 0x0000, 0x0000, 0x0000, 0x0000, 0x0000, 0x0000, 0x0000,
    0x0000, 0x0000, 0x0000, 0x0000, 0x0000, 0x0000, 0x0000, 0x0000, 0x0026, 0x0000, 0x0000, 0x0000,
    0x0000, 0x0000, 0x0000, 0x0000, 0x0000, 0x0000, 0x0000, 0x0000, 0x0000, 0x2600, 0x0000, 0x0000,
    0x2626, 0x2626, 0x0000, 0x0000, 0x0000, 0x0000, 0x0000, 0x0000, 0x0000, 0x0000, 0x0000, 0x0000,
    0x0000, 0x0000, 0x0000, 0x0000, 0x0101, 0x0101, 0x0101, 0x0101, 0x0101, 0x0101, 0x0101, 0x0101,
    0x0101, 0x2601, 0x0101, 0x0101, 0x0101, 0x0126, 0x0101, 0x0101, 0x2601, 0x0101, 0x0101, 0x0101,
    0x0101, 0x0101, 0x0101, 0x0126, 0x0101, 0x0101, 0x0101, 0x0101, 0x0101, 0x0101, 0x0101, 0x0101,
    0x2F2F, 0x262F, 0x2727, 0x2B26, 0x2F27, 0x2727, 0x2627, 0x2B2B, 0x272F, 0x2727, 0x2926, 0x2929,
    0x2827, 0x2627, 0x2926, 0x2929, 0x2826, 0x262F, 0x2626, 0x2626, 0x2726, 0x2627, 0x2A2A, 0x2A2A,
    0x2F26, 0x2627, 0x292A, 0x2929, 0x2F26, 0x2627, 0x2929, 0x2929, 0x2A2B, 0x292A, 0x2929, 0x2B2A,
    0x2929, 0x2A29, 0x2929, 0x2A29, 0x292A, 0x2929, 0x2929, 0x292A, 0x262A, 0x2929, 0x2929, 0x292A,
    0x2A26, 0x2929, 0x2929, 0x2626, 0x2929, 0x2929, 0x2929, 0x2929, 0x2929, 0x2929, 0x262A, 0x2929,
    0x2929, 0x2929, 0x2929, 0x2929, 0x2B2B, 0x2726, 0x0026, 0x0000, 0x2A2A, 0x2727, 0x0026, 0x0000,
    0x2A29, 0x2726, 0x0026, 0x0000, 0x2629, 0x2626, 0x0000, 0x0000, 0x2A26, 0x262A, 0x0000, 0x0000,
    0x2929, 0x2626, 0x0000, 0x0000, 0x2929, 0x2626, 0x0000, 0x0000, 0x2929, 0x2626, 0x0000, 0x0000,
    0x0101, 0x0101, 0x0101, 0x0101, 0x0101, 0x0101, 0x0101, 0x0101, 0x0101, 0x0101, 0x0101, 0x3001,
    0x0101, 0x0101, 0x0101, 0x3001, 0x0101, 0x0101, 0x0101, 0x3030, 0x0101, 0x0101, 0x3030, 0x0130,
    0x0101, 0x3001, 0x0101, 0x0101, 0x0101, 0x0101, 0x0101, 0x0101, 0x0101, 0x3001, 0x0130, 0x0101,
    0x0101, 0x3030, 0x0130, 0x0101, 0x0101, 0x0130, 0x0130, 0x0101, 0x0101, 0x0130, 0x0130, 0x0101,
    0x0101, 0x0101, 0x0130, 0x0101, 0x0101, 0x3001, 0x0130, 0x0101, 0x0101, 0x0101, 0x0101, 0x0101,
    0x0101, 0x0101, 0x0101, 0x0101, 0x3837, 0x3838, 0x3839, 0x3A38, 0x3838, 0x383C, 0x3838, 0x3A3A,
    0x3838, 0x3839, 0x3838, 0x3A38, 0x383C, 0x3838, 0x3838, 0x3A3A, 0x3837, 0x3838, 0x3839, 0x3A38,
    0x3838, 0x3838, 0x3838, 0x3A3A, 0x3838, 0x3839, 0x3838, 0x3A38, 0x3838, 0x3838, 0x3838, 0x3A3A,
    0x3A3A, 0x3A3A, 0x3A3A, 0x3A3A, 0x3A3A, 0x3A3A, 0x3A3A, 0x3A3A, 0x3A3A, 0x3A3A, 0x3A3A, 0x3A3A,
    0x3A3A, 0x3A3A, 0x3A3A, 0x3A3A, 0x3A3A, 0x3A3A, 0x3A3A, 0x3A3A, 0x3A3A, 0x3A3A, 0x3A3A, 0x3A3A,
    0x3A3A, 0x3A3A, 0x3A3A, 0x3A3A, 0x3A3A, 0x3A3A, 0x3A3A, 0x3A3A, 0x3A3A, 0x3A38, 0x3A3A, 0x3838,
    0x3C3A, 0x3A45, 0x3A3A, 0x383C, 0x493A, 0x3A38, 0x3A3A, 0x3838, 0x3A3A, 0x3A3A, 0x3A3A, 0x3838,
    0x3A3A, 0x3A3A, 0x3A3A, 0x3838, 0x3A3A, 0x3A3A, 0x3A3A, 0x3838, 0x3A3A, 0x3A3A, 0x3A3A, 0x3838,
    0x3A3A, 0x3A3A, 0x3A3A, 0x3838, 0x3838, 0x383B, 0x3838, 0x3838, 0x3838, 0x3838, 0x3838, 0x3838,
    0x3838, 0x383B, 0x3838, 0x383B, 0x3838, 0x3838, 0x3838, 0x3838, 0x3837, 0x383B, 0x3837, 0x383B,
    0x3838, 0x3838, 0x3838, 0x3838, 0x3838, 0x383B, 0x3838, 0x383B, 0x3838, 0x3838, 0x3838, 0x3838,
    0x383B, 0x383B, 0x3C38, 0x3A3A, 0x3838, 0x3838, 0x3838, 0x3A3A, 0x383B, 0x383B, 0x3A38, 0x3A3C,
    0x3838, 0x3838, 0x3C38, 0x3A3A, 0x383B, 0x383B, 0x3C3B, 0x3A3C, 0x3838, 0x3838, 0x3838, 0x3C3A,
    0x383B, 0x383B, 0x3C3B, 0x3A39, 0x3838, 0x3B38, 0x3C38, 0x3C3A, 0x3A39, 0x3A38, 0x3C39, 0x3A3C,
    0x3C3A, 0x3C3A, 0x383A, 0x3C3A, 0x3A3C, 0x3A39, 0x3A38, 0x3C38, 0x3C3A, 0x3C3A, 0x3C3A, 0x3C3A,
    0x3C39, 0x3C38, 0x3C39, 0x3C38, 0x3C3A, 0x3C3A, 0x383A, 0x3C3A, 0x3A3C, 0x3C38, 0x3A3C, 0x3C38,
    0x3C3A, 0x3C3A, 0x3C3A, 0x383A, 0x383C, 0x3D3B, 0x3F3E, 0x4040, 0x3B3C, 0x3D3B, 0x3F47, 0x405F,
    0x3838, 0x3D3B, 0x3F7A, 0x4040, 0x383C, 0x3D3B, 0x3F7B, 0x4044, 0x3838, 0x3D3B, 0x3F3E, 0x4040,
    0x3B3C, 0x3D3B, 0x3F46, 0x4045, 0x3838, 0x3D3D, 0x3F3E, 0x4040, 0x383A, 0x3D3B, 0x3F46, 0x4045,
    0x4241, 0x4343, 0x4544, 0x3F41, 0x4240, 0x4343, 0x455F, 0x3F42, 0x4242, 0x4345, 0x4544, 0x3F41,
    0x4245, 0x4345, 0x4543, 0x3F42, 0x4242, 0x4342, 0x4544, 0x3F41, 0x4245, 0x4440, 0x4544, 0x3F42,
    0x4040, 0x4442, 0x4545, 0x3F41, 0x4045, 0x4540, 0x455F, 0x3F42, 0x4646, 0x4847, 0x4048, 0x4A49,
    0x463F, 0x484C, 0x4940, 0x4059, 0x7B46, 0x4847, 0x4040, 0x4449, 0x463F, 0x484C, 0x405F, 0x4A5F,
    0x467F, 0x4847, 0x4048, 0x5F49, 0x463F, 0x487B, 0x4040, 0x4443, 0x7B46, 0x4847, 0x4049, 0x4349,
    0x463F, 0x487B, 0x405F, 0x4A5F, 0x4B4B, 0x484B, 0x4048, 0x4049, 0x4B48, 0x484B, 0x4040, 0x4040,
    0x4B4B, 0x484C, 0x4040, 0x4048, 0x4B48, 0x4B4B, 0x405F, 0x4040, 0x4B48, 0x4B4C, 0x4048, 0x4049,
    0x4C40, 0x4C4C, 0x4040, 0x4043, 0x4C48, 0x4C5E, 0x4040, 0x4049, 0x4C59, 0x4C4C, 0x405F, 0x405F,
    0x4048, 0x4048, 0x4848, 0x484B, 0x4040, 0x4040, 0x4840, 0x4848, 0x4049, 0x4048, 0x4848, 0x484B,
    0x4040, 0x4840, 0x4840, 0x4848, 0x4048, 0x4048, 0x4848, 0x484B, 0x4940, 0x405F, 0x4840, 0x4848,
    0x4048, 0x4048, 0x4048, 0x484B, 0x405F, 0x484A, 0x4840, 0x4848, 0x484B, 0x4B4B, 0x4B4B, 0x4B4C,
    0x4B48, 0x4B48, 0x4B4B, 0x4B4B, 0x484B, 0x4B4B, 0x4B4B, 0x4B4C, 0x4848, 0x4B48, 0x4B48, 0x4B4B,
    0x484B, 0x484B, 0x4B4B, 0x4B4C, 0x4848, 0x4B48, 0x4B4B, 0x4B4B, 0x4848, 0x484B, 0x4B4B, 0x4B4C,
    0x4848, 0x4848, 0x4B48, 0x4B4B, 0x4D4B, 0x4F4E, 0x4F4F, 0x4F4F, 0x4D4B, 0x4F4E, 0x4F4F, 0x4F4F,
    0x4E4B, 0x4F4D, 0x4F4F, 0x4F4F, 0x4D7C, 0x4F4E, 0x4F4F, 0x4F4F, 0x4D4B, 0x4F4D, 0x4F4F, 0x4F4F,
    0x4D4B, 0x4F4E, 0x4F4F, 0x4F4F, 0x4E4B, 0x4F4D, 0x4F4F, 0x4F4F, 0x4D66, 0x4E4E, 0x4F4F, 0x4F4F,
    0x4E4F, 0x4E4E, 0x4F4E, 0x4F4F, 0x4E4F, 0x4E4E, 0x4F4F, 0x4F47, 0x4E4F, 0x4E4E, 0x4F4E, 0x4F4F,
    0x4E5C, 0x4E4E, 0x4F4F, 0x4F71, 0x4E4F, 0x4E4E, 0x4F4E, 0x4F4F, 0x4E4F, 0x4E4E, 0x4F4F, 0x4F47,
    0x4E4F, 0x4E4E, 0x4F4E, 0x4F4F, 0x4E4F, 0x4E4E, 0x4F4F, 0x4F4F, 0x4F4F, 0x4F4F, 0x4F4F, 0x4F4F,
    0x4F4C, 0x4F47, 0x4F4C, 0x4F4F, 0x474F, 0x4F4F, 0x4F47, 0x4F4E, 0x4F4C, 0x4F4F, 0x4F4C, 0x4F4F,
    0x4F4F, 0x4F4F, 0x4F4F, 0x4F4E, 0x4F4F, 0x4F4F, 0x4F47, 0x4F4F, 0x4F4F, 0x4F4F, 0x4F4F, 0x4F4E,
    0x4F4F, 0x4F4F, 0x4F47, 0x4F4F, 0x4F4F, 0x3842, 0x5041, 0x5051, 0x4F71, 0x3845, 0x5172, 0x5050,
    0x4F4F, 0x3C3F, 0x5072, 0x5051, 0x4F4C, 0x3C42, 0x505F, 0x5050, 0x4F4F, 0x3C3F, 0x5041, 0x5050,
    0x4F71, 0x3C41, 0x5172, 0x5050, 0x4F4F, 0x3C3F, 0x5041, 0x5051, 0x4F4C, 0x3C41, 0x507C, 0x5150,
    0x5151, 0x5051, 0x5051, 0x5051, 0x5150, 0x5050, 0x5150, 0x5150, 0x5151, 0x5051, 0x5051, 0x5051,
    0x5150, 0x5150, 0x5050, 0x5150, 0x5151, 0x5051, 0x5151, 0x5051, 0x5150, 0x5150, 0x5150, 0x5150,
    0x5151, 0x5051, 0x5051, 0x5051, 0x5150, 0x5151, 0x5150, 0x5150, 0x5051, 0x5051, 0x5151, 0x3052,
    0x5150, 0x5050, 0x5150, 0x5365, 0x5051, 0x5051, 0x5151, 0x5452, 0x5050, 0x5050, 0x5166, 0x5365,
    0x5051, 0x5051, 0x5151, 0x3052, 0x5150, 0x5050, 0x5150, 0x5365, 0x5051, 0x5051, 0x5151, 0x5469,
    0x5050, 0x5050, 0x5166, 0x5365, 0x5453, 0x5655, 0x5857, 0x5858, 0x5430, 0x5673, 0x5866, 0x5874,
    0x5453, 0x566E, 0x5858, 0x5858, 0x5430, 0x5655, 0x586E, 0x5858, 0x546A, 0x566E, 0x587C, 0x5858,
    0x5430, 0x5655, 0x586E, 0x5858, 0x5453, 0x7678, 0x586D, 0x5858, 0x5430, 0x4273, 0x5866, 0x5858,
    0x5858, 0x5957, 0x5A56, 0x5857, 0x5858, 0x5958, 0x5675, 0x5866, 0x5858, 0x5963, 0x7575, 0x5857,
    0x5874, 0x5958, 0x5675, 0x5866, 0x5858, 0x5963, 0x5656, 0x5857, 0x5858, 0x5958, 0x5675, 0x5866,
    0x5858, 0x5963, 0x8075, 0x5857, 0x5874, 0x7C58, 0x5656, 0x5850, 0x4D58, 0x4D4D, 0x4D4D, 0x5B4D,
    0x4D58, 0x4D4D, 0x4D4D, 0x4D5B, 0x4D58, 0x4D4D, 0x5B4D, 0x5B4D, 0x4D51, 0x4D4D, 0x4D5B, 0x4D5B,
    0x4D63, 0x4D4D, 0x4D4D, 0x5B4D, 0x4D58, 0x4D4D, 0x4D4D, 0x4D5B, 0x4D57, 0x4D4D, 0x4D4D, 0x5B4D,
    0x4D51, 0x4D4D, 0x4D5B, 0x4D5B, 0x5B4D, 0x5D5C, 0x415E, 0x4141, 0x5B5B, 0x5C5E, 0x415E, 0x4148,
    0x5C4D, 0x5D5C, 0x415E, 0x4141, 0x5B7D, 0x5C5E, 0x415E, 0x4141, 0x5B4D, 0x675C, 0x415E, 0x4141,
    0x5B5B, 0x5D5E, 0x415E, 0x4141, 0x5B4D, 0x675C, 0x415C, 0x4181, 0x5B5B, 0x5D5E, 0x815E, 0x8141,
    0x5F41, 0x6059, 0x6156, 0x6162, 0x4141, 0x7676, 0x6775, 0x6161, 0x4141, 0x765F, 0x6656, 0x6162,
    0x4140, 0x595F, 0x597E, 0x6162, 0x4141, 0x5941, 0x6076, 0x6162, 0x4141, 0x5F5F, 0x5656, 0x6167,
    0x4181, 0x5F41, 0x5676, 0x6167, 0x8141, 0x5F41, 0x5676, 0x6172, 0x6361, 0x6462, 0x3065, 0x6665,
    0x6161, 0x6461, 0x5465, 0x5065, 0x6361, 0x6462, 0x3065, 0x6665, 0x6363, 0x6461, 0x5465, 0x5065,
    0x6361, 0x6462, 0x5465, 0x6665, 0x6163, 0x6461, 0x5465, 0x6665, 0x6361, 0x6462, 0x5452, 0x6665,
    0x6363, 0x6461, 0x5465, 0x5065, 0x5867, 0x5858, 0x5863, 0x5858, 0x5858, 0x5858, 0x5858, 0x5858,
    0x5863, 0x5858, 0x5858, 0x5863, 0x5858, 0x5858, 0x5858, 0x5858, 0x5867, 0x5858, 0x5863, 0x5858,
    0x5858, 0x5858, 0x5858, 0x5858, 0x5863, 0x5858, 0x5858, 0x5858, 0x5858, 0x5858, 0x5858, 0x5858,
    0x6363, 0x6968, 0x3053, 0x536A, 0x6358, 0x6970, 0x5330, 0x6A30, 0x6363, 0x3068, 0x3053, 0x6A6A,
    0x6351, 0x5465, 0x5330, 0x6A30, 0x6363, 0x6968, 0x5453, 0x536A, 0x6358, 0x5465, 0x5330, 0x6A30,
    0x6363, 0x3055, 0x5453, 0x6A6A, 0x6351, 0x5465, 0x5369, 0x6A68, 0x6A6A, 0x506A, 0x526B, 0x3053,
    0x7753, 0x506A, 0x5278, 0x5430, 0x6A6A, 0x5077, 0x526B, 0x3053, 0x6A68, 0x506A, 0x5264, 0x5330,
    0x6A77, 0x5077, 0x526B, 0x686A, 0x776A, 0x506A, 0x6978, 0x5330, 0x6A6A, 0x5077, 0x526B, 0x546A,
    0x6A68, 0x506A, 0x5264, 0x5330, 0x5453, 0x6D6C, 0x6E6D, 0x6D6F, 0x5230, 0x596C, 0x6E6D, 0x6E79,
    0x7053, 0x6E4A, 0x5A57, 0x5A79, 0x7352, 0x6E6E, 0x7575, 0x7575, 0x6C54, 0x6F59, 0x8080, 0x805A,
    0x6954, 0x6F6C, 0x7979, 0x7979, 0x5453, 0x8068, 0x7975, 0x7979, 0x5430, 0x8030, 0x7979, 0x7979,
    0x6D6D, 0x6C4B, 0x3054, 0x3054, 0x6D6D, 0x6F6D, 0x5465, 0x5430, 0x6D57, 0x6D57, 0x5470, 0x3054,
    0x6E6F, 0x6659, 0x5470, 0x5330, 0x6E6F, 0x606D, 0x5470, 0x6554, 0x7579, 0x6D6E, 0x7360, 0x6E73,
    0x7979, 0x5766, 0x5767, 0x6767, 0x6F79, 0x666D, 0x5766, 0x5757, 0x6A6A, 0x6D70, 0x6D67, 0x6F6D,
    0x5330, 0x6F52, 0x7457, 0x6F6E, 0x3053, 0x7354, 0x6D57, 0x6F6D, 0x6A54, 0x6854, 0x6D6D, 0x736D,
    0x7070, 0x6C65, 0x6D57, 0x734B, 0x666D, 0x596F, 0x6D6D, 0x706F, 0x6767, 0x6767, 0x6D66, 0x656F,
    0x5766, 0x666D, 0x6F6D, 0x5470, 0x3838, 0x3D3D, 0x3F3E, 0x4040, 0x3B3C, 0x463B, 0x7B47, 0x4045,
    0x3838, 0x3D7F, 0x3F3E, 0x4040, 0x3B38, 0x463B, 0x3F46, 0x4045, 0x3838, 0x3D3D, 0x3F3E, 0x4040,
    0x3B38, 0x3D3B, 0x4147, 0x4045, 0x3838, 0x3D7F, 0x423E, 0x4042, 0x3B3C, 0x3D3B, 0x487B, 0x4245,
    0x4042, 0x4542, 0x4540, 0x3F41, 0x4045, 0x405F, 0x4045, 0x3F40, 0x4540, 0x4042, 0x4540, 0x3F41,
    0x4045, 0x4045, 0x405F, 0x3F42, 0x4542, 0x4540, 0x4042, 0x3F41, 0x4045, 0x4045, 0x4245, 0x3F42,
    0x4540, 0x4040, 0x4042, 0x3F41, 0x4045, 0x4045, 0x425F, 0x3F42, 0x4646, 0x4847, 0x4048, 0x5F49,
    0x463F, 0x484C, 0x4040, 0x4A43, 0x7B46, 0x4847, 0x4048, 0x5F49, 0x463F, 0x487B, 0x4059, 0x4043,
    0x4C46, 0x4847, 0x4048, 0x4449, 0x463F, 0x487B, 0x4040, 0x4043, 0x7B46, 0x4847, 0x4048, 0x4A49,
    0x463F, 0x484C, 0x4040, 0x405F, 0x4C48, 0x4C4C, 0x4048, 0x4040, 0x4C7C, 0x4C4C, 0x4940, 0x4044,
    0x4C40, 0x4C4C, 0x5F4B, 0x4049, 0x4C59, 0x4C4C, 0x4072, 0x4044, 0x4C49, 0x4C5E, 0x404C, 0x4049,
    0x4C5F, 0x4C4C, 0x404B, 0x4059, 0x4C40, 0x4C4C, 0x404C, 0x4049, 0x4C59, 0x4C4C, 0x484B, 0x407C,
    0x4048, 0x4048, 0x4841, 0x484B, 0x4040, 0x405F, 0x4840, 0x4848, 0x4049, 0x4048, 0x4048, 0x484B,
    0x405F, 0x4040, 0x4840, 0x4848, 0x4048, 0x4048, 0x4848, 0x484B, 0x405F, 0x494A, 0x4840, 0x4848,
    0x4049, 0x4048, 0x4848, 0x484B, 0x4059, 0x4040, 0x4840, 0x4848, 0x4848, 0x4848, 0x4B4B, 0x4B4C,
    0x4848, 0x4848, 0x4C4B, 0x4B4B, 0x4848, 0x4848, 0x4B4B, 0x4B4C, 0x4848, 0x4848, 0x4C4B, 0x4B4B,
    0x4837, 0x4848, 0x4C4C, 0x4B4C, 0x4848, 0x4848, 0x4C4B, 0x4B4B, 0x4848, 0x4848, 0x4C4C, 0x4B4C,
    0x4848, 0x4B48, 0x4C4B, 0x4B4B, 0x4D4C, 0x4F4E, 0x4F4F, 0x4F4F, 0x4D4C, 0x4F4E, 0x4F4F, 0x4F4F,
    0x4D5E, 0x4F4E, 0x4F4F, 0x4F4F, 0x4D82, 0x4F4E, 0x4F4F, 0x4F4F, 0x4D4F, 0x4F4E, 0x4F4E, 0x4F4F,
    0x4D4C, 0x4F4E, 0x4F4F, 0x4F4F, 0x4D67, 0x4F4E, 0x4F4F, 0x4F4E, 0x4D4C, 0x4E4E, 0x4F5C, 0x4F4F,
    0x4E4E, 0x4E4E, 0x4F4E, 0x4F4F, 0x4E4F, 0x4E4F, 0x4F4F, 0x4F71, 0x4E4E, 0x4E4E, 0x4F4E, 0x4F4F,
    0x4E4F, 0x4E4E, 0x4F4F, 0x4F4F, 0x4E4E, 0x4F4E, 0x4F4E, 0x4F4F, 0x4E4F, 0x4E4F, 0x4F4F, 0x4F4F,
    0x4E4E, 0x4E4E, 0x4F4E, 0x4F4F, 0x4E4F, 0x4E4F, 0x4F4F, 0x4F4F, 0x4F4F, 0x4F4F, 0x4F4F, 0x4F4E,
    0x4F4F, 0x4F4F, 0x4F4F, 0x4E4F, 0x4F4F, 0x4F4F, 0x4F4F, 0x4F4E, 0x4F4F, 0x4F4F, 0x4F71, 0x4E4F,
    0x4F4F, 0x4F4F, 0x4F4F, 0x4E4E, 0x4F4F, 0x4F4F, 0x4F4F, 0x4E4F, 0x4F4F, 0x4F4F, 0x4F4F, 0x4E4E,
    0x4F4F, 0x4F4F, 0x4F47, 0x4E4F, 0x4F4F, 0x3C3F, 0x5041, 0x5051, 0x4F71, 0x3C41, 0x5172, 0x5150,
    0x4F4F, 0x3C7B, 0x5041, 0x5051, 0x4F4C, 0x3C41, 0x517C, 0x5150, 0x4F4F, 0x3C3F, 0x5141, 0x5151,
    0x4F4F, 0x3C41, 0x5172, 0x5150, 0x4F4F, 0x3C3F, 0x5041, 0x5151, 0x4F4F, 0x3C41, 0x5172, 0x5150,
    0x5051, 0x5051, 0x5151, 0x3052, 0x5150, 0x5050, 0x5151, 0x5465, 0x5051, 0x5051, 0x5151, 0x5452,
    0x5050, 0x5050, 0x5151, 0x5365, 0x5151, 0x5051, 0x5063, 0x5452, 0x5150, 0x5050, 0x6B51, 0x5365,
    0x5051, 0x5051, 0x6E63, 0x5452, 0x5150, 0x5050, 0x6451, 0x5365, 0x546A, 0x4178, 0x5857, 0x5858,
    0x5430, 0x4173, 0x5866, 0x5858, 0x546A, 0x726E, 0x5858, 0x5858, 0x5430, 0x7273, 0x5858, 0x5858,
    0x546A, 0x6655, 0x5858, 0x5858, 0x5430, 0x6673, 0x5858, 0x5858, 0x3053, 0x666F, 0x5858, 0x5858,
    0x5430, 0x6673, 0x5858, 0x5858, 0x5858, 0x5F57, 0x6041, 0x5857, 0x5858, 0x5974, 0x597C, 0x5866,
    0x5858, 0x6057, 0x607C, 0x5857, 0x5858, 0x7657, 0x6076, 0x5866, 0x5858, 0x5F63, 0x5659, 0x5857,
    0x5858, 0x7258, 0x5660, 0x5866, 0x5858, 0x7C67, 0x5660, 0x5857, 0x5874, 0x7C57, 0x5656, 0x6366,
    0x4D63, 0x4D4D, 0x4D4D, 0x5B4D, 0x4D58, 0x4D4D, 0x4D4D, 0x4D5B, 0x4D63, 0x4D4D, 0x4E4D, 0x5B4D,
    0x4D58, 0x4D4D, 0x4D5B, 0x4D5B, 0x4D63, 0x4D4D, 0x4D4D, 0x5B4D, 0x4D58, 0x4D4D, 0x4D4D, 0x4E5B,
    0x4D63, 0x4D4D, 0x4D4D, 0x5B4D, 0x4D58, 0x4D4D, 0x4D5B, 0x4E5B, 0x5B4D, 0x5E5C, 0x815C, 0x417B,
    0x5B5B, 0x675E, 0x7B5E, 0x8141, 0x5B4D, 0x5E5C, 0x815C, 0x817B, 0x5B5B, 0x5D5E, 0x815E, 0x7B41,
    0x5B4D, 0x5E5C, 0x7B5C, 0x817B, 0x5B5B, 0x5E5E, 0x825D, 0x8141, 0x5C4E, 0x5E5C, 0x825C, 0x817B,
    0x5B5B, 0x5D5E, 0x8267, 0x8141, 0x817B, 0x5F7B, 0x5F5F, 0x6162, 0x7B41, 0x4141, 0x8176, 0x617D,
    0x817B, 0x5F7B, 0x5C5F, 0x6162, 0x8241, 0x7641, 0x6283, 0x6161, 0x7B7B, 0x725F, 0x614D, 0x6161,
    0x4181, 0x627C, 0x6161, 0x6161, 0x5F7B, 0x6266, 0x6162, 0x6161, 0x7C41, 0x627C, 0x6161, 0x6161,
    0x5453, 0x7555, 0x7975, 0x7979, 0x5430, 0x7570, 0x7579, 0x7979, 0x5453, 0x5A55, 0x7979, 0x7979,
    0x6A30, 0x6F70, 0x7975, 0x8079, 0x686A, 0x736A, 0x756F, 0x6F79, 0x5330, 0x5430, 0x5A6C, 0x6D75,
    0x3053, 0x536A, 0x6C30, 0x6D6F, 0x5330, 0x6A30, 0x5253, 0x6D5A, 0x6D6C, 0x6D6D, 0x6D66, 0x6D57,
    0x6D5A, 0x6D6E, 0x6D6D, 0x6D6D, 0x6D6D, 0x6D6D, 0x6E6D, 0x6D6D, 0x6D6D, 0x6D6D, 0x6E6E, 0x6D6F,
    0x6D57, 0x6D6D, 0x6C6E, 0x756C, 0x6D6D, 0x6F6D, 0x7979, 0x7979, 0x6D6D, 0x7972, 0x7979, 0x7575,
    0x6D6E, 0x7560, 0x7575, 0x6E5A, 0x6D66, 0x6D6D, 0x6F4B, 0x3052, 0x6D6D, 0x6D6D, 0x6E6D, 0x5465,
    0x6D6D, 0x6D74, 0x596D, 0x5473, 0x6D6D, 0x6D84, 0x6D6E, 0x5473, 0x6D4B, 0x6E6D, 0x6E6D, 0x706E,
    0x7480, 0x6E6E, 0x6E6E, 0x6560, 0x6D59, 0x6E6D, 0x6F6E, 0x655A, 0x5A6F, 0x5A5A, 0x7575, 0x6975,
    0x3C39, 0x3C38, 0x3C39, 0x3A3C, 0x7B41, 0x4B41, 0x7B41, 0x4141, 0x4D4D, 0x4D4D, 0x4D4D, 0x4D4D,
    0x4D62, 0x4D62, 0x4D62, 0x4D62, 0x4D4D, 0x4D4D, 0x4D4D, 0x4D4D, 0x4D4D, 0x4D62, 0x4D4D, 0x4D62,
    0x4D4D, 0x4D4D, 0x4D4D, 0x4D4D, 0x4D62, 0x4D4D, 0x4D62, 0x4D4D, 0x3A3A, 0x3A3A, 0x3A39, 0x3A3A,
    0x4148, 0x405F, 0x3A45, 0x4044, 0x4D4D, 0x884D, 0x893E, 0x4D4E, 0x4D62, 0x895B, 0x888B, 0x4D4D,
    0x4E4D, 0x8C89, 0x4D3E, 0x4D4D, 0x3E4D, 0x8C85, 0x4D47, 0x4D4D, 0x854D, 0x8C89, 0x4D88, 0x4D4D,
    0x8D5B, 0x8C8C, 0x4D47, 0x4D4E, 0x3A3A, 0x3A3C, 0x3A39, 0x3838, 0x4440, 0x4386, 0x4486, 0x4544,
    0x5B4D, 0x5B4E, 0x5B5B, 0x5B4D, 0x4D62, 0x4D4D, 0x4D4D, 0x4D4D, 0x4D4D, 0x4D4D, 0x4D4D, 0x4D4D,
    0x4D4D, 0x4D4D, 0x4E4E, 0x4E4E, 0x4D4D, 0x4E4D, 0x4F4E, 0x7188, 0x4D4E, 0x4E4E, 0x884F, 0x4F4F,
    0x3837, 0x383B, 0x3837, 0x383B, 0x4545, 0x4545, 0x4545, 0x3A45, 0x5B4D, 0x5B4D, 0x5B4E, 0x5B4D,
    0x4D62, 0x4D4D, 0x4D4D, 0x4D4D, 0x4D4D, 0x4D4D, 0x4D4D, 0x4F4D, 0x4D4D, 0x4D62, 0x4D4D, 0x714F,
    0x4D88, 0x4D4D, 0x714D, 0x7188, 0x4E7F, 0x4D4D, 0x7147, 0x714F, 0x3885, 0x383B, 0x3C85, 0x3A3C,
    0x3842, 0x3838, 0x3838, 0x3C3A, 0x7B5C, 0x383B, 0x3C3B, 0x3A39, 0x4E71, 0x3842, 0x3C38, 0x3C3A,
    0x7A89, 0x445C, 0x3C8D, 0x3A38, 0x4F7A, 0x5F4D, 0x3C86, 0x3C3A, 0x4D4E, 0x814D, 0x4840, 0x3A38,
    0x4D4E, 0x5B4D, 0x5C4D, 0x3844, 0x3838, 0x3D3D, 0x483E, 0x4042, 0x3B3C, 0x3D3B, 0x4147, 0x4045,
    0x3838, 0x3D3D, 0x427A, 0x4042, 0x3B3C, 0x463B, 0x427B, 0x4045, 0x3B38, 0x3D7F, 0x403E, 0x4542,
    0x3B38, 0x3D3B, 0x427B, 0x4045, 0x3838, 0x3D7F, 0x4046, 0x4542, 0x383C, 0x3D3B, 0x403D, 0x4045,
    0x4540, 0x4540, 0x4042, 0x3F41, 0x4045, 0x4545, 0x4245, 0x3F42, 0x4542, 0x4540, 0x4042, 0x3F3F,
    0x4045, 0x4045, 0x425F, 0x3F42, 0x4540, 0x4540, 0x4242, 0x3F3F, 0x4045, 0x4045, 0x4245, 0x3F42,
    0x4540, 0x4540, 0x4040, 0x3F3F, 0x4545, 0x4045, 0x425F, 0x3F42, 0x4646, 0x4846, 0x4048, 0x4049,
    0x463F, 0x4B4C, 0x4940, 0x404A, 0x7B46, 0x4B47, 0x4048, 0x4048, 0x463F, 0x7B4C, 0x4040, 0x404A,
    0x4646, 0x4B4C, 0x4048, 0x4049, 0x463F, 0x4C7B, 0x4040, 0x405F, 0x7B7B, 0x4C4C, 0x4448, 0x4049,
    0x463F, 0x4C7B, 0x4A72, 0x4044, 0x4C48, 0x4B4C, 0x484B, 0x4049, 0x4C40, 0x4B4B, 0x4848, 0x4040,
    0x4B48, 0x484B, 0x4048, 0x4048, 0x4B40, 0x4841, 0x4840, 0x4040, 0x4B48, 0x484B, 0x4848, 0x4048,
    0x4B40, 0x4848, 0x4840, 0x4940, 0x4B48, 0x484B, 0x4048, 0x4048, 0x4B40, 0x4848, 0x4040, 0x4940,
    0x4048, 0x4048, 0x4848, 0x484B, 0x4940, 0x404A, 0x4840, 0x4848, 0x4040, 0x4048, 0x4048, 0x484B,
    0x405F, 0x4840, 0x4840, 0x4848, 0x4048, 0x4048, 0x4848, 0x484B, 0x4840, 0x484A, 0x4840, 0x4B48,
    0x4048, 0x4948, 0x4848, 0x484B, 0x4040, 0x4840, 0x4840, 0x4B48, 0x4837, 0x4B4B, 0x4C4C, 0x4B4C,
    0x4848, 0x4B48, 0x4C4B, 0x4B4C, 0x484B, 0x4B4B, 0x4B4C, 0x4B4C, 0x4848, 0x4B48, 0x4C4B, 0x4B4C,
    0x484B, 0x4B4B, 0x4C4C, 0x4B4C, 0x4B48, 0x4B4B, 0x4C4B, 0x4B4B, 0x484B, 0x4B4B, 0x4B4C, 0x4B4C,
    0x4B48, 0x4B4B, 0x4C4B, 0x4B4C, 0x4D4F, 0x4F4E, 0x4F4E, 0x4F4E, 0x4D4C, 0x4E4F, 0x4F4F, 0x4F4F,
    0x4E67, 0x4F4E, 0x4F4E, 0x4F4E, 0x4D4C, 0x4E4F, 0x4F4F, 0x4F4F, 0x4E4F, 0x4F4E, 0x4F4E, 0x4F4E,
    0x4D4C, 0x4E4F, 0x4E4F, 0x4F4F, 0x4E4F, 0x4E4E, 0x4F4E, 0x4F4E, 0x4E4C, 0x4E4F, 0x4F5C, 0x4F4F,
    0x4E4E, 0x4E4E, 0x4F4E, 0x4F4F, 0x4E4F, 0x4E4F, 0x4E4F, 0x4F4F, 0x4E4E, 0x4E4E, 0x4F4E, 0x4F4E,
    0x4E5C, 0x4E4F, 0x4E4F, 0x4F4F, 0x4E4E, 0x4E4E, 0x4E4E, 0x4F4F, 0x4E4F, 0x4E4F, 0x4E4E, 0x4F4F,
    0x4E4E, 0x4E4E, 0x4E4E, 0x4F4F, 0x4E5C, 0x4E4E, 0x4E4E, 0x4F4F, 0x4F4F, 0x4F4F, 0x4F4F, 0x4E4E,
    0x4F4F, 0x4F71, 0x4F4F, 0x4E4F, 0x4F4F, 0x4F4F, 0x4F4F, 0x4E4E, 0x4F4F, 0x4F4F, 0x4F47, 0x4E4F,
    0x4F4F, 0x4F4F, 0x4F4F, 0x4E4F, 0x4F4F, 0x4F4F, 0x4F4F, 0x4E4F, 0x4F4F, 0x4F4F, 0x4F4F, 0x4E4F,
    0x4F4F, 0x4F4F, 0x4F4F, 0x4E4F, 0x4F4E, 0x3C3F, 0x5181, 0x5151, 0x4E4F, 0x3C41, 0x5172, 0x5150,
    0x4F4E, 0x3C3F, 0x5141, 0x5151, 0x4F5C, 0x3C3F, 0x5172, 0x5150, 0x4F4E, 0x3C3F, 0x5141, 0x5151,
    0x4E4F, 0x3C7B, 0x5172, 0x5150, 0x4F4E, 0x3C47, 0x5172, 0x5151, 0x4E4F, 0x3C82, 0x518E, 0x5150,
    0x5151, 0x5051, 0x6463, 0x5352, 0x5150, 0x5050, 0x6451, 0x5365, 0x5051, 0x5051, 0x6463, 0x5352,
    0x5050, 0x5050, 0x6451, 0x6A52, 0x5151, 0x5051, 0x6463, 0x3052, 0x5150, 0x5050, 0x6451, 0x5352,
    0x5051, 0x5051, 0x6463, 0x5352, 0x5150, 0x5050, 0x6451, 0x6A52, 0x546A, 0x6673, 0x5858, 0x5858,
    0x5430, 0x6673, 0x5858, 0x5858, 0x3053, 0x6673, 0x5858, 0x5858, 0x5430, 0x6673, 0x5858, 0x5858,
    0x546A, 0x6673, 0x5858, 0x5858, 0x5430, 0x6673, 0x5858, 0x5858, 0x5453, 0x6673, 0x5858, 0x5858,
    0x5430, 0x6673, 0x5858, 0x5858, 0x5858, 0x5963, 0x5660, 0x5857, 0x5858, 0x5957, 0x5656, 0x5866,
    0x5858, 0x7663, 0x8060, 0x5857, 0x5858, 0x5957, 0x565A, 0x6366, 0x5858, 0x7663, 0x5660, 0x5857,
    0x5858, 0x7657, 0x5656, 0x5866, 0x5858, 0x7663, 0x8056, 0x5857, 0x5858, 0x7657, 0x565A, 0x5866,
    0x4D67, 0x4D4D, 0x4D4D, 0x5B4D, 0x4D57, 0x4D4D, 0x4D4D, 0x5B5B, 0x4D63, 0x4D4D, 0x4D4D, 0x5B4D,
    0x4D58, 0x4D4D, 0x4D5B, 0x5B5B, 0x4D67, 0x4D4D, 0x4D4D, 0x5B4D, 0x4D57, 0x4D4D, 0x4D4D, 0x5B5B,
    0x4D63, 0x4D4D, 0x4D4D, 0x5B4D, 0x4D58, 0x4D4D, 0x4D5B, 0x5B5B, 0x5B4D, 0x5E5C, 0x825C, 0x4181,
    0x5B5B, 0x675E, 0x825D, 0x8141, 0x5C5B, 0x5E5C, 0x825C, 0x4181, 0x5B5B, 0x5C67, 0x5E67, 0x8141,
    0x5B4D, 0x5E5C, 0x5E62, 0x4141, 0x5B5B, 0x5D5D, 0x5D5D, 0x4141, 0x625B, 0x5E5C, 0x5E5C, 0x4141,
    0x5B62, 0x5D5D, 0x5C5D, 0x4172, 0x5F82, 0x6272, 0x6162, 0x6161, 0x5F41, 0x6287, 0x6161, 0x6163,
    0x5F7B, 0x627C, 0x6162, 0x6161, 0x5F41, 0x6287, 0x6161, 0x6161, 0x597B, 0x627C, 0x6162, 0x6161,
    0x5F41, 0x626E, 0x6161, 0x6163, 0x7641, 0x627C, 0x6162, 0x6161, 0x765F, 0x6259, 0x6161, 0x6161,
    0x6361, 0x6E62, 0x5452, 0x6669, 0x6163, 0x6461, 0x5365, 0x5065, 0x6361, 0x5562, 0x3052, 0x6652,
    0x6363, 0x6E61, 0x5365, 0x5052, 0x6361, 0x5562, 0x5352, 0x6669, 0x6163, 0x5561, 0x5352, 0x6652,
    0x6361, 0x5562, 0x3052, 0x6652, 0x6363, 0x5561, 0x5465, 0x8352, 0x5867, 0x5858, 0x5858, 0x5858,
    0x5858, 0x5858, 0x5858, 0x5858, 0x5858, 0x5858, 0x5858, 0x5858, 0x5851, 0x5858, 0x5858, 0x5858,
    0x7281, 0x7241, 0x7241, 0x7272, 0x7241, 0x7272, 0x4172, 0x8172, 0x814C, 0x8182, 0x8182, 0x8282,
    0x8282, 0x8282, 0x8282, 0x8282, 0x6363, 0x6968, 0x536A, 0x536A, 0x6358, 0x5465, 0x5330, 0x6A53,
    0x6363, 0x5468, 0x3053, 0x536A, 0x5151, 0x5365, 0x5330, 0x6A68, 0x5082, 0x5452, 0x536A, 0x6A6A,
    0x5057, 0x5365, 0x6A30, 0x6A68, 0x505E, 0x5469, 0x5353, 0x6A6A, 0x5083, 0x6A52, 0x6A30, 0x6A6A,
    0x6A77, 0x5077, 0x526B, 0x306A, 0x776A, 0x506A, 0x3078, 0x5368, 0x7777, 0x508A, 0x526B, 0x536A,
    0x776A, 0x506A, 0x6964, 0x6A30, 0x7777, 0x508A, 0x696B, 0x536A, 0x8A6A, 0x506A, 0x3064, 0x6A30,
    0x7777, 0x518A, 0x526B, 0x536A, 0x7768, 0x518A, 0x6964, 0x6A30, 0x536A, 0x306A, 0x706A, 0x6F80,
    0x6A30, 0x6A30, 0x5A69, 0x8075, 0x546A, 0x546A, 0x6C68, 0x706F, 0x6A30, 0x6A68, 0x3030, 0x5365,
    0x536A, 0x306A, 0x546A, 0x3054, 0x6A30, 0x5330, 0x5430, 0x5369, 0x686A, 0x546A, 0x3053, 0x5353,
    0x6A30, 0x6A30, 0x3030, 0x5330, 0x6F48, 0x6C75, 0x7580, 0x7580, 0x5A75, 0x306C, 0x5A70, 0x6C6C,
    0x6569, 0x5430, 0x6953, 0x3068, 0x5454, 0x3069, 0x6A30, 0x6A30, 0x306A, 0x3054, 0x306A, 0x306A,
    0x3030, 0x3069, 0x6A30, 0x5330, 0x6953, 0x6953, 0x3054, 0x546A, 0x3030, 0x5469, 0x5369, 0x5330,
    0x705A, 0x7570, 0x7979, 0x5468, 0x6A70, 0x5A70, 0x6C75, 0x3054, 0x546A, 0x7368, 0x6973, 0x6953,
    0x5330, 0x5454, 0x5369, 0x5430, 0x536A, 0x5453, 0x546A, 0x6953, 0x6A30, 0x5430, 0x5330, 0x3030,
    0x3053, 0x546A, 0x3053, 0x306A, 0x5330, 0x5330, 0x5430, 0x3030, 0x4D4D, 0x4D4D, 0x4D4D, 0x4D4D,
    0x714F, 0x4D4E, 0x4D4D, 0x4D62, 0x4771, 0x6147, 0x9161, 0x4D7D, 0x838E, 0x8383, 0x6283, 0x4D4E,
    0x8391, 0x4C91, 0x4D4D, 0x4D4E, 0x5E83, 0x7F4C, 0x4D4E, 0x4D5C, 0x7F71, 0x4F7F, 0x884D, 0x4D4E,
    0x7171, 0x4D7F, 0x5D7D, 0x7D5D, 0x8D4E, 0x8B89, 0x4E88, 0x714F, 0x8C88, 0x8C8D, 0x4F71, 0x4F71,
    0x854D, 0x3E8C, 0x4F4F, 0x714F, 0x894D, 0x8885, 0x4F4F, 0x3738, 0x884D, 0x4E3E, 0x464E, 0x3937,
    0x4E4D, 0x4E71, 0x7F4E, 0x7F39, 0x4E4D, 0x4F88, 0x374E, 0x7185, 0x5791, 0x8882, 0x395E, 0x7F39,
    0x713E, 0x4E88, 0x4E4E, 0x4F4E, 0x7A71, 0x7A7F, 0x4E71, 0x8888, 0x714E, 0x7F89, 0x7189, 0x4F4E,
    0x884F, 0x7A7A, 0x7A7F, 0x884F, 0x4E4F, 0x7A88, 0x7A71, 0x4F4F, 0x4E71, 0x7171, 0x7A71, 0x4F71,
    0x4F4F, 0x4F4E, 0x7188, 0x4F88, 0x4F4C, 0x884F, 0x7171, 0x4F4F, 0x7171, 0x4E4D, 0x7171, 0x8871,
    0x717A, 0x715B, 0x7171, 0x4D47, 0x7A71, 0x714F, 0x7171, 0x3E4E, 0x717F, 0x7171, 0x4F47, 0x3E3E,
    0x7188, 0x714F, 0x884E, 0x8889, 0x7171, 0x4F71, 0x3E4E, 0x4D89, 0x714F, 0x4D4F, 0x8588, 0x4D3E,
    0x7171, 0x4D4E, 0x8C85, 0x4D5C, 0x4D4D, 0x4D4D, 0x5B4D, 0x3C3A, 0x4E88, 0x4D4D, 0x5B4D, 0x3C86,
    0x4D88, 0x4D4D, 0x624D, 0x3C3A, 0x4D4E, 0x4D4D, 0x5B4D, 0x3844, 0x4D4D, 0x4D4D, 0x5B4D, 0x3C3A,
    0x4D4D, 0x4D4D, 0x5B4D, 0x3844, 0x4D4D, 0x4D4D, 0x5B4D, 0x3C45, 0x4D4D, 0x4D4D, 0x4D4D, 0x3C44,
    0x3838, 0x3D3B, 0x427A, 0x4042, 0x3B3C, 0x3D3B, 0x483D, 0x4545, 0x3838, 0x3D37, 0x4646, 0x7B46,
    0x383A, 0x3D38, 0x463D, 0x477B, 0x3839, 0x3B38, 0x3D7A, 0x3D7A, 0x383A, 0x383C, 0x3D3D, 0x3D3D,
    0x3C38, 0x3838, 0x3B3B, 0x3B85, 0x3C3A, 0x383A, 0x3B38, 0x3B38, 0x4042, 0x4540, 0x4042, 0x3F41,
    0x4544, 0x4045, 0x4245, 0x3F42, 0x423F, 0x4445, 0x4545, 0x3F42, 0x4746, 0x3D46, 0x4242, 0x3F42,
    0x3D7A, 0x467A, 0x463E, 0x3D46, 0x3D3D, 0x3D3D, 0x3D3D, 0x3D3D, 0x3B3B, 0x3B3D, 0x3B3D, 0x3B3D,
    0x3B38, 0x3B3B, 0x3B38, 0x3B3B, 0x4646, 0x4C4C, 0x444B, 0x4049, 0x463F, 0x4C4B, 0x404B, 0x4043,
    0x3F3D, 0x4C4C, 0x444C, 0x4049, 0x463F, 0x4C4B, 0x404B, 0x4043, 0x4646, 0x4B46, 0x404C, 0x4049,
    0x463D, 0x4B3F, 0x484C, 0x4043, 0x3B3D, 0x4B46, 0x484C, 0x4049, 0x3B38, 0x4B3F, 0x4B4B, 0x405F,
    0x4B48, 0x484B, 0x4948, 0x4048, 0x4B40, 0x4848, 0x4840, 0x4040, 0x4B48, 0x484B, 0x4048, 0x4048,
    0x4C5F, 0x4B4B, 0x4C4B, 0x4C4B, 0x3F48, 0x3D7F, 0x3D7F, 0x4C46, 0x3B40, 0x3B38, 0x3B38, 0x3B3C,
    0x4249, 0x3838, 0x3C38, 0x3C3B, 0x3840, 0x3C3C, 0x3C3A, 0x3C3C, 0x4048, 0x4048, 0x4848, 0x484B,
    0x4040, 0x497C, 0x4B40, 0x4B48, 0x4848, 0x4B4B, 0x4B4C, 0x4B4C, 0x4C4B, 0x4C4C, 0x4C4B, 0x4C4B,
    0x4C7F, 0x4C46, 0x4C7F, 0x4C46, 0x463D, 0x3D3D, 0x463D, 0x463D, 0x3B3B, 0x3B3D, 0x3B3D, 0x3D3D,
    0x3B3C, 0x3B3B, 0x3B3B, 0x3B3B, 0x4B4B, 0x4B4B, 0x4C4C, 0x4B4C, 0x4B48, 0x4B48, 0x4C4B, 0x4B4B,
    0x4B4B, 0x4B4B, 0x4B4C, 0x4B4C, 0x4C4B, 0x4C4B, 0x4C4B, 0x4B4B, 0x4671, 0x4647, 0x4C71, 0x4B4C,
    0x463D, 0x463D, 0x4C46, 0x4B4C, 0x3D3D, 0x3D3D, 0x4C46, 0x4B4C, 0x3B3B, 0x3D3B, 0x4C3D, 0x4B4B,
    0x4E4F, 0x4E4E, 0x4F4E, 0x4F4E, 0x4D5C, 0x4E4F, 0x4E4F, 0x4F4F, 0x4E4E, 0x4E4E, 0x4F4E, 0x4F4E,
    0x4E5C, 0x4E4E, 0x4E4F, 0x4F4F, 0x4E4E, 0x4E4E, 0x4E4E, 0x4F4E, 0x4E4E, 0x4E4E, 0x4E4F, 0x4F4F,
    0x4E4E, 0x4E4E, 0x4F4E, 0x4F4E, 0x4E5B, 0x4E4E, 0x4E4F, 0x4E4F, 0x4E4E, 0x4E4E, 0x4E4D, 0x4F4E,
    0x4E4F, 0x4E4E, 0x4E4E, 0x4F4F, 0x4E4E, 0x4E4D, 0x4E4D, 0x4E4D, 0x4E5C, 0x4E4E, 0x4E4E, 0x4E4E,
    0x4E4E, 0x4E4D, 0x4E4D, 0x4E4E, 0x4E4F, 0x4E4E, 0x4E4E, 0x4E4E, 0x4E4E, 0x4E4D, 0x4E4E, 0x4E4E,
    0x4E5C, 0x4D4E, 0x4D4E, 0x4D4E, 0x4F4F, 0x4F4F, 0x4F4F, 0x4E4E, 0x4E4F, 0x4F4F, 0x4F4F, 0x4E4F,
    0x4E4E, 0x4E4E, 0x4F4E, 0x4E4E, 0x4E4E, 0x4E4E, 0x4E4E, 0x4E4E, 0x4E4E, 0x4E4E, 0x4E4E, 0x4E4E,
    0x4E4F, 0x4E4F, 0x4E4F, 0x4E4F, 0x4F4E, 0x4F4E, 0x4F4E, 0x4E4E, 0x4E4E, 0x4E4E, 0x4E4F, 0x4E4E,
    0x4E4E, 0x8F47, 0x5181, 0x5151, 0x4E4E, 0x3C7B, 0x5172, 0x5150, 0x4E4E, 0x3A47, 0x5172, 0x5151,
    0x4E4F, 0x3C47, 0x5187, 0x5150, 0x4E4E, 0x4588, 0x5166, 0x5151, 0x4E4F, 0x425C, 0x5187, 0x5150,
    0x4F4E, 0x424E, 0x5166, 0x5151, 0x4F4F, 0x414F, 0x5187, 0x5150, 0x5858, 0x6063, 0x5660, 0x5857,
    0x5858, 0x7657, 0x5656, 0x5866, 0x5858, 0x6063, 0x5A56, 0x5857, 0x5874, 0x7657, 0x565A, 0x5866,
    0x5858, 0x6063, 0x5656, 0x5857, 0x5858, 0x6066, 0x565A, 0x5866, 0x5858, 0x5657, 0x8056, 0x5857,
    0x5874, 0x5666, 0x5675, 0x5866, 0x4D67, 0x4D4D, 0x4D4D, 0x5B4D, 0x4D57, 0x4D4D, 0x4D4D, 0x5B5B,
    0x4D63, 0x4D4D, 0x4D4D, 0x5B4D, 0x4D63, 0x4D4D, 0x4D4D, 0x5B5B, 0x4D62, 0x4D4D, 0x4D4D, 0x5B4D,
    0x4D62, 0x4D4D, 0x4D4D, 0x4E5B, 0x4D4D, 0x4D4D, 0x4D4D, 0x5B4D, 0x4D62, 0x4D4D, 0x4D4D, 0x4D5B,
    0x5B4D, 0x5E5C, 0x5C5B, 0x7241, 0x5B5B, 0x5C5D, 0x7D5C, 0x415F, 0x5B5B, 0x6762, 0x5C5C, 0x7C41,
    0x5B5B, 0x5C5D, 0x5C5C, 0x415F, 0x5B4D, 0x5E5B, 0x8147, 0x5F41, 0x5B5B, 0x5E5C, 0x4141, 0x405F,
    0x5B4E, 0x5E5B, 0x4181, 0x5F41, 0x5B5B, 0x5E5C, 0x4141, 0x5F5F, 0x7641, 0x627C, 0x6162, 0x6161,
    0x765F, 0x626E, 0x6161, 0x6163, 0x5641, 0x627C, 0x6162, 0x6161, 0x605F, 0x6259, 0x6161, 0x6161,
    0x5641, 0x627C, 0x6162, 0x6161, 0x565F, 0x626E, 0x6161, 0x6163, 0x565F, 0x627C, 0x6162, 0x6161,
    0x5676, 0x626E, 0x6161, 0x6161, 0x6361, 0x5562, 0x6852, 0x6652, 0x6163, 0x5561, 0x5352, 0x6652,
    0x6361, 0x5562, 0x3052, 0x6652, 0x6363, 0x5561, 0x5465, 0x8352, 0x6361, 0x5562, 0x3052, 0x6652,
    0x6163, 0x5561, 0x5352, 0x6652, 0x6361, 0x5562, 0x3052, 0x6652, 0x6363, 0x5561, 0x3065, 0x8152,
    0x814C, 0x8181, 0x8181, 0x8182, 0x8181, 0x7272, 0x7272, 0x8172, 0x814C, 0x8181, 0x8181, 0x8182,
    0x8282, 0x8281, 0x8281, 0x8282, 0x8247, 0x8182, 0x824C, 0x8282, 0x8181, 0x8172, 0x8172, 0x8181,
    0x814C, 0x8182, 0x8182, 0x8282, 0x8282, 0x8282, 0x8282, 0x8282, 0x505E, 0x5469, 0x6A6A, 0x6A6A,
    0x5082, 0x5352, 0x6A30, 0x6A6A, 0x505E, 0x5369, 0x6A6A, 0x6A77, 0x5057, 0x6A52, 0x6A30, 0x6A6A,
    0x505E, 0x6A69, 0x536A, 0x6A6A, 0x5082, 0x6A52, 0x6A30, 0x6A68, 0x665E, 0x6A69, 0x6A6A, 0x6A8A,
    0x505E, 0x6A52, 0x6A30, 0x6A6A, 0x7777, 0x5190, 0x696B, 0x6A6A, 0x8A6A, 0x518A, 0x5464, 0x5330,
    0x6A8A, 0x5190, 0x696B, 0x536A, 0x8A6A, 0x6377, 0x6964, 0x5330, 0x6A8A, 0x5190, 0x6964, 0x536A,
    0x8A6A, 0x518A, 0x5477, 0x5330, 0x8A8A, 0x5084, 0x3055, 0x536A, 0x8A6A, 0x518A, 0x5468, 0x6A30,
    0x686A, 0x306A, 0x306A, 0x3054, 0x5330, 0x5330, 0x5430, 0x5330, 0x6853, 0x306A, 0x3053, 0x3053,
    0x5330, 0x5330, 0x3030, 0x6A30, 0x536A, 0x306A, 0x3053, 0x3054, 0x5330, 0x6830, 0x5430, 0x5330,
    0x306A, 0x3053, 0x3053, 0x5453, 0x3030, 0x5330, 0x5430, 0x5330, 0x306A, 0x6953, 0x5453, 0x306A,
    0x5430, 0x3069, 0x5469, 0x5430, 0x696A, 0x6953, 0x3053, 0x5453, 0x5430, 0x5469, 0x5469, 0x6A30,
    0x696A, 0x6954, 0x3053, 0x3054, 0x5430, 0x3069, 0x5430, 0x5330, 0x3053, 0x3053, 0x3054, 0x306A,
    0x3030, 0x5469, 0x5369, 0x5330, 0x546A, 0x3053, 0x5453, 0x306A, 0x5330, 0x5430, 0x5330, 0x3030,
    0x306A, 0x306A, 0x3053, 0x696A, 0x6A30, 0x5430, 0x5330, 0x5430, 0x6A6A, 0x306A, 0x536A, 0x6953,
    0x6A30, 0x5430, 0x6A30, 0x3030, 0x546A, 0x306A, 0x3053, 0x6953, 0x6A30, 0x5330, 0x5330, 0x5430,
    0x624D, 0x835E, 0x8E91, 0x8E83, 0x8383, 0x838E, 0x8383, 0x9183, 0x8383, 0x8391, 0x9191, 0x4D62,
    0x9183, 0x8283, 0x887B, 0x884E, 0x4761, 0x8B85, 0x8C8C, 0x8C89, 0x8D7A, 0x8D8F, 0x898C, 0x898C,
    0x8B8C, 0x8D8D, 0x858C, 0x8C89, 0x8B8D, 0x8D8F, 0x8C37, 0x823D, 0x8283, 0x3E3E, 0x374F, 0x3937,
    0x3E7D, 0x858C, 0x7F4F, 0x3739, 0x8C4D, 0x8D8C, 0x4688, 0x398C, 0x8C85, 0x3E8B, 0x7F4F, 0x3739,
    0x8D89, 0x4E3E, 0x884E, 0x4E4F, 0x3E8C, 0x5B4E, 0x5D91, 0x4E5D, 0x5D3E, 0x8391, 0x8383, 0x7F4E,
    0x838E, 0x8383, 0x5D83, 0x7F4C, 0x4F8D, 0x884E, 0x4F4E, 0x4F4E, 0x7139, 0x4E4F, 0x4E4F, 0x4F4F,
    0x7137, 0x4E4E, 0x4E4E, 0x4F4E, 0x4E4C, 0x4E4F, 0x4E88, 0x4F88, 0x4F4E, 0x884F, 0x4E4E, 0x4F4E,
    0x374C, 0x4886, 0x4D4E, 0x4E4E, 0x3737, 0x4937, 0x4B48, 0x4771, 0x3737, 0x4949, 0x4949, 0x4A86,
    0x4E88, 0x3E4D, 0x8C8C, 0x4D88, 0x4E71, 0x8D47, 0x8C85, 0x4D5B, 0x7171, 0x8D85, 0x8989, 0x4D4D,
    0x7171, 0x898D, 0x3E8C, 0x4D4D, 0x884E, 0x8C89, 0x3E3E, 0x4D4E, 0x4E4E, 0x8985, 0x8989, 0x4D5B,
    0x8888, 0x893E, 0x8C89, 0x4D88, 0x3786, 0x8971, 0x898C, 0x4E3E, 0x4D4D, 0x4D4E, 0x4D4D, 0x3A45,
    0x884D, 0x4D5B, 0x4D4D, 0x3C44, 0x3E4D, 0x4D4D, 0x4E4D, 0x3A45, 0x894E, 0x4D4E, 0x4D4D, 0x3C44,
    0x854D, 0x4D88, 0x4D4D, 0x3A45, 0x854E, 0x4D47, 0x4D4D, 0x3C44, 0x8B88, 0x4D3E, 0x4E4D, 0x3C45,
    0x8B85, 0x4D47, 0x4D4D, 0x3C44, 0x3C39, 0x3C38, 0x3B85, 0x3B3B, 0x3C3C, 0x383A, 0x3B38, 0x3B38,
    0x3C38, 0x3C38, 0x3B3B, 0x3B37, 0x3C3A, 0x383C, 0x3B38, 0x3B38, 0x3838, 0x3C38, 0x3B85, 0x3B37,
    0x383C, 0x383A, 0x3B38, 0x3B3B, 0x3C38, 0x3C38, 0x3B3B, 0x3B3D, 0x3C3A, 0x383C, 0x3B38, 0x3B3B,
    0x3B85, 0x3B37, 0x3B3B, 0x3B3B, 0x3B3B, 0x3B38, 0x3B3B, 0x3B38, 0x3B3B, 0x3B37, 0x3B3B, 0x3B3B,
    0x3B38, 0x3B3B, 0x3B38, 0x3B3B, 0x3B85, 0x3B3B, 0x3B7F, 0x3B3B, 0x3B3B, 0x3B3B, 0x3B3B, 0x3B3B,
    0x3B3D, 0x3B3D, 0x3B3B, 0x3B3D, 0x3B3B, 0x3B3B, 0x3B3B, 0x3B3B, 0x3B85, 0x4B7F, 0x4B4C, 0x4048,
    0x3B3B, 0x4B3F, 0x4B4B, 0x4040, 0x3B3B, 0x417F, 0x4B4B, 0x4048, 0x3B38, 0x4B3F, 0x4B48, 0x4848,
    0x3B85, 0x4837, 0x414B, 0x4848, 0x3B3B, 0x483F, 0x4848, 0x4842, 0x3B3B, 0x487F, 0x4848, 0x4048,
    0x3B3B, 0x483F, 0x4840, 0x4840, 0x3848, 0x3C3C, 0x3C38, 0x3C3C, 0x3840, 0x3C3A, 0x3C3C, 0x3C3A,
    0x3C48, 0x3C3C, 0x3C3C, 0x3C3C, 0x3C40, 0x3C8F, 0x3C3A, 0x3C3C, 0x3837, 0x3C3C, 0x3C38, 0x3C3C,
    0x3840, 0x3C3C, 0x3C3C, 0x3C3C, 0x3C48, 0x3C3C, 0x3C3C, 0x3C3C, 0x3C40, 0x3C3C, 0x3C3A, 0x3C3C,
    0x3B3B, 0x3B3D, 0x3B85, 0x3B3D, 0x3B38, 0x3B3B, 0x3D3B, 0x3B3B, 0x3B3B, 0x3B3D, 0x3B3B, 0x3B3D,
    0x3B3C, 0x3B3B, 0x3B3B, 0x3B3B, 0x3B3B, 0x3B3B, 0x3B85, 0x3B3D, 0x3B3C, 0x3B3B, 0x3B3B, 0x3B3B,
    0x3B3B, 0x3B3D, 0x3B3B, 0x3B3B, 0x3B3C, 0x3B3B, 0x3B3B, 0x3B3B, 0x3B85, 0x3B3D, 0x4C7F, 0x4B4C,
    0x3B3B, 0x3B3B, 0x4C3B, 0x4B4B, 0x3B3D, 0x3B3D, 0x4C3D, 0x4B4C, 0x3B3B, 0x3B3B, 0x4C3B, 0x4B4B,
    0x3B85, 0x3B3D, 0x4C7F, 0x484C, 0x3D3B, 0x3B3B, 0x463B, 0x4B4B, 0x3B3B, 0x3B3D, 0x4B3B, 0x4B4C,
    0x3B3B, 0x3B3B, 0x463B, 0x4B4B, 0x4E4D, 0x4E4E, 0x4E4E, 0x4F4E, 0x4E4E, 0x4E4E, 0x4E4E, 0x4E4F,
    0x4E4D, 0x4E4E, 0x4E4E, 0x4E4E, 0x4E5B, 0x4E4E, 0x4E4E, 0x4E4E, 0x4D4F, 0x4E4D, 0x4E4D, 0x4E4E,
    0x4D81, 0x4D4E, 0x4E4E, 0x4E4E, 0x4E4B, 0x4E4D, 0x4E4D, 0x4D4D, 0x4F7C, 0x4E4E, 0x4E4E, 0x4D4E,
    0x4E4E, 0x4788, 0x475D, 0x7B47, 0x884F, 0x3B42, 0x3D3B, 0x3D3D, 0x474E, 0x3B3C, 0x3D3D, 0x3D7A,
    0x474E, 0x3B44, 0x3D3B, 0x3D3D, 0x414D, 0x383C, 0x3D85, 0x3D3D, 0x8F5C, 0x383C, 0x3D3B, 0x3D3B,
    0x4447, 0x383B, 0x3D3B, 0x3B3D, 0x3C42, 0x3B3C, 0x3D3B, 0x3D3B, 0x477B, 0x4E4D, 0x4E4D, 0x4E4E,
    0x3B3B, 0x4D5C, 0x4D4E, 0x4E4E, 0x423D, 0x4D88, 0x4E4D, 0x4E4D, 0x3B3B, 0x4D5C, 0x4E4E, 0x4E4E,
    0x3B85, 0x4D88, 0x4E4D, 0x4E4D, 0x3B3D, 0x4D41, 0x4D4E, 0x4E4E, 0x3D3D, 0x5C3B, 0x4E4D, 0x4E4D,
    0x3D3B, 0x5C42, 0x4D4E, 0x4E4E, 0x4F4E, 0x414E, 0x5166, 0x5151, 0x4F4F, 0x414F, 0x5187, 0x5150,
    0x4F4E, 0x414E, 0x5166, 0x5151, 0x4E4F, 0x3F4E, 0x5187, 0x5151, 0x4E4D, 0x454E, 0x5166, 0x5151,
    0x4D4E, 0x8F81, 0x5172, 0x5150, 0x4E4D, 0x3842, 0x5141, 0x5151, 0x5B4E, 0x3845, 0x517C, 0x5150,
    0x546A, 0x6673, 0x5858, 0x5858, 0x6A30, 0x666C, 0x5858, 0x5874, 0x546A, 0x6673, 0x5858, 0x5858,
    0x5430, 0x6673, 0x5874, 0x5874, 0x546A, 0x6673, 0x5858, 0x5858, 0x5330, 0x666C, 0x5874, 0x5874,
    0x546A, 0x6673, 0x7458, 0x7458, 0x5430, 0x6673, 0x5874, 0x5874, 0x5858, 0x5657, 0x5656, 0x5850,
    0x5874, 0x5666, 0x565A, 0x5866, 0x7458, 0x5657, 0x5656, 0x5850, 0x5874, 0x5666, 0x5675, 0x5866,
    0x5858, 0x5666, 0x5656, 0x7450, 0x5874, 0x5672, 0x565A, 0x5866, 0x7458, 0x5681, 0x8056, 0x5850,
    0x5874, 0x5672, 0x5680, 0x5874, 0x4D4D, 0x4D4D, 0x4D4D, 0x5B4D, 0x4D62, 0x4D4D, 0x4D4D, 0x4E5B,
    0x4D4D, 0x4D4D, 0x4D4D, 0x5B4D, 0x4D62, 0x4D4D, 0x4D5B, 0x4E5B, 0x4D62, 0x4D4D, 0x4D4D, 0x4D4D,
    0x6358, 0x6758, 0x5C5E, 0x5E5E, 0x7458, 0x5858, 0x7B82, 0x8182, 0x5874, 0x5874, 0x5E47, 0x8282,
    0x5B4D, 0x5E5B, 0x4181, 0x5F72, 0x5B5B, 0x5E5C, 0x4141, 0x5F5F, 0x5B4D, 0x5E5B, 0x7241, 0x5F7C,
    0x5B5B, 0x5E5B, 0x725F, 0x5F59, 0x4D4D, 0x825B, 0x7C41, 0x595F, 0x8282, 0x4181, 0x4072, 0x5976,
    0x417B, 0x417B, 0x5F41, 0x7659, 0x8181, 0x4141, 0x5F5F, 0x5976, 0x565F, 0x627C, 0x6162, 0x6161,
    0x5676, 0x626E, 0x6161, 0x6163, 0x755F, 0x627C, 0x6162, 0x6161, 0x7E76, 0x626E, 0x6161, 0x6161,
    0x7559, 0x627C, 0x6162, 0x6161, 0x7E60, 0x626E, 0x6161, 0x6163, 0x7576, 0x627C, 0x6161, 0x6161,
    0x7556, 0x626E, 0x6161, 0x6161, 0x6361, 0x5562, 0x3030, 0x6652, 0x6163, 0x5561, 0x5452, 0x6652,
    0x6361, 0x5562, 0x3069, 0x6669, 0x6363, 0x5561, 0x3052, 0x5052, 0x6361, 0x5562, 0x3069, 0x7768,
    0x6163, 0x5561, 0x3052, 0x3069, 0x6361, 0x5562, 0x6969, 0x6930, 0x6163, 0x5561, 0x3052, 0x6969,
    0x8247, 0x8282, 0x8247, 0x8282, 0x817B, 0x8181, 0x8281, 0x8281, 0x8147, 0x8182, 0x8182, 0x8282,
    0x5C5C, 0x5C47, 0x5C47, 0x5C47, 0x6464, 0x6464, 0x6478, 0x6B6B, 0x5452, 0x5452, 0x5469, 0x6A54,
    0x6868, 0x6A6A, 0x6A77, 0x8A90, 0x5369, 0x5330, 0x3052, 0x8A30, 0x505D, 0x6A69, 0x6A6A, 0x6A8A,
    0x505E, 0x6A52, 0x6A6A, 0x6A6A, 0x6B5D, 0x6A52, 0x6A6A, 0x6A8A, 0x6B91, 0x6A52, 0x6A68, 0x6A6A,
    0x6B61, 0x6A54, 0x6A6A, 0x6A77, 0x6B51, 0x6A52, 0x6A68, 0x6A68, 0x6457, 0x6A69, 0x686A, 0x6A77,
    0x6B51, 0x6A52, 0x5330, 0x6A6A, 0x8A8A, 0x5090, 0x5455, 0x306A, 0x8A6A, 0x508A, 0x5477, 0x6A30,
    0x8A8A, 0x5064, 0x3055, 0x536A, 0x8A30, 0x508A, 0x5468, 0x6A68, 0x8A8A, 0x5090, 0x5455, 0x6A6A,
    0x8A68, 0x508A, 0x5477, 0x6A30, 0x8A8A, 0x5084, 0x3055, 0x6A6A, 0x8A68, 0x518A, 0x5468, 0x6A30,
    0x686A, 0x306A, 0x3053, 0x6A6A, 0x6A68, 0x5330, 0x5430, 0x6A30, 0x686A, 0x536A, 0x306A, 0x6A6A,
    0x6A30, 0x6A30, 0x6830, 0x6A30, 0x536A, 0x306A, 0x306A, 0x6A6A, 0x6A68, 0x6A30, 0x5330, 0x6A30,
    0x6A6A, 0x306A, 0x306A, 0x6A6A, 0x6A30, 0x6A6A, 0x3030, 0x6A30, 0x306A, 0x3053, 0x546A, 0x536A,
    0x5430, 0x5430, 0x6A53, 0x5330, 0x3053, 0x3053, 0x306A, 0x536A, 0x5430, 0x5430, 0x5330, 0x6A30,
    0x306A, 0x3053, 0x536A, 0x5353, 0x5353, 0x5430, 0x5330, 0x5330, 0x3053, 0x3053, 0x3053, 0x536A,
    0x5430, 0x5369, 0x5330, 0x6A30, 0x536A, 0x6A6A, 0x6A8A, 0x536A, 0x6A30, 0x7730, 0x6A6A, 0x5330,
    0x3053, 0x6A6A, 0x6A6A, 0x536A, 0x5330, 0x6A68, 0x6A6A, 0x6A30, 0x546A, 0x6A6A, 0x6A8A, 0x536A,
    0x5330, 0x6A30, 0x6A6A, 0x6A30, 0x3053, 0x6A6A, 0x6A77, 0x686A, 0x5330, 0x6A68, 0x6A6A, 0x6A68,
    0x8B3E, 0x8B8B, 0x8185, 0x8383, 0x855B, 0x418F, 0x8366, 0x8383, 0x5E4D, 0x8382, 0x8383, 0x9191,
    0x838E, 0x8383, 0x8383, 0x9191, 0x8383, 0x8383, 0x9191, 0x917D, 0x9183, 0x9183, 0x7D91, 0x4C91,
    0x9191, 0x917D, 0x917D, 0x4947, 0x7D91, 0x9191, 0x4F91, 0x497F, 0x8383, 0x8391, 0x7F5D, 0x377F,
    0x9183, 0x5D83, 0x3737, 0x3737, 0x9191, 0x7F5D, 0x377F, 0x497F, 0x7D91, 0x7F71, 0x7F37, 0x4949,
    0x4E7D, 0x7F71, 0x7F7F, 0x4937, 0x8871, 0x7F7F, 0x3737, 0x4949, 0x7171, 0x7F71, 0x377F, 0x4949,
    0x4F4C, 0x7F7F, 0x3737, 0x4949, 0x4937, 0x4939, 0x4937, 0x4939, 0x4949, 0x4949, 0x4949, 0x4949,
    0x4949, 0x4949, 0x4949, 0x4939, 0x4949, 0x4949, 0x4949, 0x3749, 0x4939, 0x4939, 0x4939, 0x3749,
    0x3949, 0x4949, 0x4949, 0x7F49, 0x4949, 0x4937, 0x4A49, 0x717F, 0x4949, 0x4949, 0x4886, 0x7171,
    0x4949, 0x7A88, 0x898C, 0x853E, 0x3749, 0x8571, 0x8D8D, 0x8B8F, 0x3737, 0x8588, 0x8F8B, 0x858D,
    0x8539, 0x8971, 0x3E8D, 0x4E5B, 0x7A8C, 0x8988, 0x4D4E, 0x4E4E, 0x4F7F, 0x897A, 0x3E3E, 0x4D5B,
    0x7171, 0x893E, 0x8889, 0x4D4D, 0x7171, 0x8C89, 0x4D47, 0x4D4D, 0x8D8D, 0x4D4E, 0x4D4D, 0x3C45,
    0x3E8F, 0x4D4D, 0x4D4D, 0x3C44, 0x4D88, 0x4D4D, 0x5B4D, 0x3C45, 0x4D4D, 0x4D4D, 0x4D4D, 0x3C44,
    0x4D4D, 0x4D4D, 0x4D4D, 0x3A45, 0x4D4D, 0x4D4D, 0x4D4D, 0x3C43, 0x4D4D, 0x4D4D, 0x5B4D, 0x3C45,
    0x4D4D, 0x4D4D, 0x4D4D, 0x3C5F, 0x3C38, 0x3C38, 0x3B3B, 0x3B3B, 0x3C3C, 0x383A, 0x3B3B, 0x3B3B,
    0x3C38, 0x3838, 0x3B3B, 0x3B3B, 0x3C3A, 0x383A, 0x3B38, 0x3B3B, 0x3C38, 0x3C38, 0x3B85, 0x3B3B,
    0x383C, 0x3C3A, 0x7B3B, 0x477B, 0x3C3C, 0x423C, 0x7B7B, 0x417B, 0x4145, 0x8241, 0x7B8E, 0x7D83,
    0x3B7F, 0x3B3B, 0x3B85, 0x3B3B, 0x3B3B, 0x3B3B, 0x3B3B, 0x3B3B, 0x3B3B, 0x3B3D, 0x3B3B, 0x3B3D,
    0x3B38, 0x3B3B, 0x3B3B, 0x3B3B, 0x3D7B, 0x3B3B, 0x3B85, 0x3B3D, 0x885E, 0x7B47, 0x7B41, 0x3F41,
    0x8281, 0x825D, 0x5B5D, 0x4788, 0x415D, 0x3D42, 0x463F, 0x5B47, 0x3B8D, 0x4837, 0x4048, 0x4048,
    0x3B3B, 0x3F3F, 0x4848, 0x4840, 0x3B3B, 0x3C3B, 0x3C3C, 0x3C38, 0x3B3B, 0x3C38, 0x3C3C, 0x3C3C,
    0x3B3B, 0x3C3B, 0x3C38, 0x3C3C, 0x3D3D, 0x383C, 0x3C3C, 0x3C3C, 0x387B, 0x3C3B, 0x3C3C, 0x3C3C,
    0x5B5B, 0x7B47, 0x4242, 0x3C3A, 0x3C37, 0x3C3C, 0x3C3C, 0x3C3C, 0x3C42, 0x3C3C, 0x3C3C, 0x3C3C,
    0x3C3C, 0x3C3C, 0x3C3C, 0x3C3C, 0x3C3C, 0x3C3C, 0x3C3C, 0x3C3C, 0x3C38, 0x3C3C, 0x3C38, 0x3C3C,
    0x3C3C, 0x3C3C, 0x3C3C, 0x3C3C, 0x3C3C, 0x3C3C, 0x3C3C, 0x3C3C, 0x3C3A, 0x3C3C, 0x3C3C, 0x3C3C,
    0x3B85, 0x3B3B, 0x4685, 0x4B4B, 0x3B3B, 0x3B3B, 0x463B, 0x4B4B, 0x3B3B, 0x3B3D, 0x3B3B, 0x3C3B,
    0x3B3B, 0x3B3B, 0x3B3B, 0x3C3C, 0x3B85, 0x3B3B, 0x3B85, 0x3C3B, 0x3B3B, 0x3B3B, 0x3B3B, 0x3C3C,
    0x3B3B, 0x3B3D, 0x3B3B, 0x3C3B, 0x3B3B, 0x3B3B, 0x3B3B, 0x3C3C, 0x5C48, 0x4E4D, 0x4E4E, 0x4E4E,
    0x4F48, 0x4E4E, 0x4E4E, 0x4E4E, 0x7B3C, 0x884E, 0x5B4E, 0x5C4E, 0x3C3C, 0x8F44, 0x4544, 0x3C45,
    0x383B, 0x3C3B, 0x3C3B, 0x3C3B, 0x383C, 0x3C3C, 0x383C, 0x3C3C, 0x3C38, 0x3C3B, 0x3C38, 0x3C3B,
    0x3C3C, 0x383C, 0x3C3C, 0x383C, 0x3C41, 0x3C3B, 0x3B85, 0x3B3D, 0x3C42, 0x383C, 0x3D3B, 0x3D3B,
    0x3C3C, 0x3C3B, 0x3B3D, 0x3D3D, 0x388F, 0x3B3C, 0x3D3B, 0x3D3B, 0x3C3B, 0x3C3B, 0x3D85, 0x3B3D,
    0x3C3C, 0x3B42, 0x3D3B, 0x3D3B, 0x423B, 0x383B, 0x3B3D, 0x3D3D, 0x3C8F, 0x3B3C, 0x3D3B, 0x3D3B,
    0x3D3D, 0x5D3B, 0x4E4D, 0x4E4E, 0x3D3B, 0x473C, 0x4D4D, 0x4E4E, 0x3B3D, 0x3D3D, 0x5C47, 0x5C4E,
    0x3D3B, 0x3D3D, 0x3B8F, 0x3B3F, 0x3D3D, 0x3D3D, 0x3D3D, 0x3D3D, 0x3D3B, 0x3D3B, 0x3D3B, 0x3D3B,
    0x3D3D, 0x3D3D, 0x3D3D, 0x3D3D, 0x3D3B, 0x3D3B, 0x3D3D, 0x3D3D, 0x474D, 0x3842, 0x5141, 0x5151,
    0x474E, 0x3845, 0x5172, 0x5150, 0x3F47, 0x383B, 0x5141, 0x5151, 0x3B8F, 0x3842, 0x5172, 0x5150,
    0x3B3D, 0x3C3B, 0x5141, 0x5151, 0x3B3D, 0x3842, 0x5172, 0x5150, 0x3B3D, 0x383B, 0x5141, 0x5151,
    0x3B3D, 0x3842, 0x5172, 0x5151, 0x5151, 0x5151, 0x5151, 0x5151, 0x5151, 0x5151, 0x5151, 0x5151,
    0x5151, 0x5151, 0x5151, 0x5151, 0x5151, 0x5151, 0x5151, 0x5151, 0x5158, 0x5151, 0x5151, 0x5151,
    0x5151, 0x5151, 0x5151, 0x5151, 0x5151, 0x5151, 0x5151, 0x5151, 0x5151, 0x5151, 0x5151, 0x5151,
    0x536A, 0x6673, 0x7458, 0x7458, 0x6830, 0x666C, 0x5874, 0x5874, 0x696A, 0x745A, 0x7458, 0x7458,
    0x6930, 0x6680, 0x7474, 0x5874, 0x696A, 0x6678, 0x7458, 0x7458, 0x6930, 0x5874, 0x5874, 0x5874,
    0x6553, 0x7458, 0x7458, 0x5858, 0x6930, 0x5874, 0x5874, 0x5874, 0x5858, 0x5666, 0x5656, 0x5866,
    0x5874, 0x567C, 0x565A, 0x586D, 0x5858, 0x5666, 0x8056, 0x5858, 0x5874, 0x5672, 0x5675, 0x5874,
    0x7458, 0x6D58, 0x747C, 0x7458, 0x5874, 0x5874, 0x5858, 0x5874, 0x7458, 0x5858, 0x7458, 0x7458,
    0x5874, 0x5874, 0x5874, 0x5874, 0x5858, 0x5058, 0x825D, 0x8247, 0x5874, 0x5874, 0x4747, 0x8282,
    0x7458, 0x5858, 0x8247, 0x8247, 0x5874, 0x5874, 0x4782, 0x4747, 0x5858, 0x7458, 0x5058, 0x6658,
    0x5874, 0x5874, 0x7474, 0x7474, 0x7458, 0x7458, 0x7458, 0x7458, 0x5874, 0x5874, 0x7474, 0x7474,
    0x8182, 0x487B, 0x5F41, 0x7659, 0x7B81, 0x4141, 0x5F5F, 0x7660, 0x8182, 0x7281, 0x5972, 0x6059,
    0x7B7B, 0x4072, 0x7676, 0x6056, 0x5E57, 0x5E5D, 0x5E67, 0x5782, 0x6274, 0x6261, 0x6262, 0x627D,
    0x6274, 0x6162, 0x6162, 0x6162, 0x6274, 0x6261, 0x6161, 0x6261, 0x7576, 0x627C, 0x6162, 0x6161,
    0x7556, 0x626E, 0x6161, 0x6163, 0x9256, 0x627C, 0x6161, 0x6161, 0x7575, 0x626E, 0x6161, 0x6163,
    0x5E5E, 0x6167, 0x6162, 0x6161, 0x6261, 0x6161, 0x6161, 0x6163, 0x6162, 0x6162, 0x6161, 0x6161,
    0x6161, 0x6161, 0x6161, 0x6163, 0x6361, 0x5562, 0x6954, 0x6930, 0x6163, 0x5561, 0x3052, 0x6930,
    0x6361, 0x5562, 0x6954, 0x6953, 0x6363, 0x5561, 0x3052, 0x6969, 0x6361, 0x5562, 0x6954, 0x6930,
    0x6163, 0x5561, 0x3052, 0x3069, 0x6361, 0x5562, 0x6954, 0x6968, 0x6363, 0x5561, 0x3052, 0x6969,
    0x5453, 0x6468, 0x5050, 0x5858, 0x5369, 0x5865, 0x6363, 0x6358, 0x3030, 0x5868, 0x5863, 0x5863,
    0x5469, 0x5765, 0x5858, 0x5858, 0x3053, 0x5868, 0x5867, 0x5863, 0x5469, 0x5765, 0x6358, 0x5858,
    0x6953, 0x5868, 0x5863, 0x5863, 0x5469, 0x6365, 0x5858, 0x5858, 0x6B61, 0x6A52, 0x6A6A, 0x6A77,
    0x6B63, 0x6A65, 0x6A68, 0x6A6A, 0x6B61, 0x6A52, 0x6A6A, 0x6A77, 0x6B63, 0x6A65, 0x6A30, 0x776A,
    0x6B61, 0x6A52, 0x536A, 0x6A77, 0x6B63, 0x6A65, 0x6A53, 0x6A6A, 0x6B63, 0x5352, 0x6A6A, 0x6A77,
    0x6B63, 0x6A65, 0x6A68, 0x776A, 0x8A8A, 0x5064, 0x3055, 0x6A6A, 0x8A6A, 0x508A, 0x5468, 0x6A30,
    0x8A8A, 0x5084, 0x3055, 0x686A, 0x8A6A, 0x518A, 0x5468, 0x6A30, 0x8A8A, 0x5084, 0x3055, 0x6A53,
    0x8A6A, 0x518A, 0x5468, 0x6A30, 0x8A8A, 0x5164, 0x3055, 0x686A, 0x8A6A, 0x518A, 0x5468, 0x6A30,
    0x917D, 0x5D7D, 0x884E, 0x3771, 0x7D91, 0x883D, 0x4E88, 0x7F46, 0x474D, 0x888D, 0x884E, 0x7188,
    0x895B, 0x3E8F, 0x4E88, 0x4747, 0x3E4E, 0x3D8D, 0x915C, 0x8383, 0x5D47, 0x838E, 0x8383, 0x9183,
    0x8383, 0x9191, 0x9191, 0x9191, 0x9183, 0x9183, 0x7D91, 0x5D91, 0x717F, 0x7F71, 0x377F, 0x3737,
    0x7149, 0x7F7F, 0x7F37, 0x7F37, 0x4637, 0x4C4F, 0x4C5E, 0x7F7F, 0x838E, 0x9183, 0x7F4C, 0x7F7F,
    0x9191, 0x5D7D, 0x7F71, 0x7F7F, 0x7D91, 0x7147, 0x7F7A, 0x4C41, 0x477D, 0x7171, 0x7171, 0x784F,
    0x7A7B, 0x717A, 0x717A, 0x7289, 0x377F, 0x4937, 0x717F, 0x7171, 0x7F7F, 0x7F7F, 0x8871, 0x4F71,
    0x7F7F, 0x717F, 0x714F, 0x714F, 0x7F4B, 0x4F71, 0x4F71, 0x8D7A, 0x7171, 0x714F, 0x714F, 0x8C8D,
    0x3E71, 0x7171, 0x8D7A, 0x898B, 0x7287, 0x8C3E, 0x8B8C, 0x8D8C, 0x7877, 0x5F55, 0x8C8F, 0x3E8D,
    0x894F, 0x858D, 0x4D4D, 0x4D4D, 0x8D7A, 0x8885, 0x4D4D, 0x4D4D, 0x898C, 0x8889, 0x4D4D, 0x4D4D,
    0x898C, 0x4D85, 0x4D62, 0x4D4D, 0x8C89, 0x4D88, 0x4D4D, 0x4D4D, 0x8985, 0x4D4E, 0x4D4D, 0x4D4D,
    0x4E3E, 0x4D4D, 0x7D4D, 0x7D7D, 0x4D4E, 0x7D7D, 0x9191, 0x9183, 0x4D4D, 0x4D4D, 0x4D4D, 0x3A45,
    0x4D4D, 0x4D4D, 0x4D4D, 0x3A5F, 0x4D4D, 0x4D4D, 0x4D4D, 0x4141, 0x4D4D, 0x4D4D, 0x627D, 0x5D5D,
    0x4D4D, 0x4D4D, 0x5B4D, 0x4281, 0x4D4D, 0x4D7D, 0x5D7D, 0x838E, 0x917D, 0x8391, 0x8383, 0x9191,
    0x9183, 0x9191, 0x7D91, 0x4D7D, 0x3C38, 0x443C, 0x4145, 0x8247, 0x4545, 0x825F, 0x7D5D, 0x7D91,
    0x9182, 0x7D7D, 0x7D7D, 0x7D7D, 0x5D82, 0x5D83, 0x5D82, 0x5D5D, 0x7241, 0x8E72, 0x8372, 0x8E82,
    0x8383, 0x7D83, 0x4D7D, 0x5B7D, 0x7D7D, 0x4D4D, 0x4D4D, 0x4D4D, 0x4D7D, 0x4D7D, 0x4D7D, 0x4D7D,
    0x7D5D, 0x7D7D, 0x4D4D, 0x4D4D, 0x7D91, 0x4D7D, 0x4D4D, 0x4D4D, 0x4D4D, 0x4D4D, 0x5D5B, 0x5C47,
    0x5D83, 0x4183, 0x425F, 0x3C3C, 0x5F72, 0x3A43, 0x3B38, 0x3B3D, 0x475E, 0x475E, 0x427B, 0x3B42,
    0x4D4D, 0x4D4D, 0x5B4D, 0x3842, 0x4D7D, 0x4D4D, 0x4D4D, 0x425B, 0x5B4D, 0x3842, 0x3B7F, 0x3B3B,
    0x4D4D, 0x415B, 0x3D42, 0x3D3B, 0x4D4D, 0x4D4D, 0x427B, 0x3B3D, 0x5B81, 0x4D4D, 0x474D, 0x3B42,
    0x4238, 0x5C7B, 0x4D4D, 0x4288, 0x3B3B, 0x3C42, 0x4742, 0x5B5B, 0x3B3D, 0x3B3D, 0x3C3B, 0x3D3B,
    0x3B38, 0x3B3B, 0x3B3B, 0x3B3B, 0x7B3D, 0x4747, 0x5B88, 0x7B88, 0x3B3B, 0x3C3C, 0x3B42, 0x7B3D,
    0x3B3B, 0x3C3B, 0x3C38, 0x3C3C, 0x3B3B, 0x3C3C, 0x3C3C, 0x3C3C, 0x3B3B, 0x3C3B, 0x3C38, 0x3C3C,
    0x3B7B, 0x3C42, 0x3C3C, 0x3C3C, 0x7B5D, 0x3C3B, 0x3C38, 0x3C3C, 0x3D38, 0x3C3C, 0x3C42, 0x3C3C,
    0x3C7B, 0x3C3C, 0x3C3C, 0x3C3C, 0x3D3D, 0x3C42, 0x3C3C, 0x3C3C, 0x3C3C, 0x3C3C, 0x3C3C, 0x3C3C,
    0x3C3C, 0x3C3C, 0x3C3C, 0x3C3C, 0x3C3C, 0x3C3C, 0x3C38, 0x3C3C, 0x3C3C, 0x3C3C, 0x3C3C, 0x3C3C,
    0x3C3C, 0x3C3C, 0x3C3C, 0x3C3C, 0x3C3C, 0x3C3C, 0x3C3C, 0x3C3C, 0x3B3B, 0x3B3B, 0x3B85, 0x3D3D,
    0x3B3C, 0x3B3B, 0x3B3B, 0x5C3D, 0x3B3B, 0x3B3D, 0x3B3B, 0x5D3B, 0x3B3C, 0x3B3B, 0x3B3B, 0x7B38,
    0x3B3B, 0x3B3B, 0x3B85, 0x3C3D, 0x3B38, 0x3B3B, 0x3B3B, 0x3B3B, 0x3B3B, 0x3B3D, 0x3B3B, 0x3B3D,
    0x3B42, 0x3B3B, 0x3B3B, 0x3B3B, 0x3B3D, 0x3B3B, 0x3B3D, 0x3C3B, 0x3B3F, 0x3B3B, 0x3B3B, 0x3C3C,
    0x3B5D, 0x3B3D, 0x3B3D, 0x3C3B, 0x3F5B, 0x3D3B, 0x3B3B, 0x3C3C, 0x5C88, 0x3B3B, 0x3B85, 0x3C3B,
    0x4D3F, 0x3B7B, 0x3D3B, 0x3C3C, 0x5C3B, 0x4288, 0x3B3D, 0x3C3B, 0x3F8F, 0x825B, 0x3D42, 0x3C3C,
    0x3C3B, 0x3C38, 0x3C3B, 0x3C3B, 0x383C, 0x3C3C, 0x383C, 0x3C3C, 0x3C3C, 0x3C3B, 0x3C38, 0x3A3B,
    0x3C3C, 0x3C3C, 0x383C, 0x3F42, 0x3C3B, 0x3C38, 0x383B, 0x5C8F, 0x383C, 0x3C3C, 0x3C3C, 0x5B41,
    0x3C3C, 0x3C3B, 0x4538, 0x5E5B, 0x3C3C, 0x383C, 0x8244, 0x425B, 0x3D3B, 0x3C3B, 0x3D3D, 0x3D3D,
    0x5C42, 0x3842, 0x3D3B, 0x3D3B, 0x825D, 0x383C, 0x3B3D, 0x3D3D, 0x425C, 0x3B3C, 0x3D3B, 0x3D3B,
    0x3C47, 0x383B, 0x3D3D, 0x3D3D, 0x3C45, 0x3B3C, 0x3D3B, 0x3D3B, 0x3C3C, 0x3C3B, 0x3D3D, 0x3D3D,
    0x3C42, 0x3B3C, 0x3D3B, 0x3D3B, 0x3D85, 0x3D3D, 0x3D3D, 0x3D3D, 0x3D3B, 0x3D3D, 0x3D3D, 0x3D3D,
    0x3D3D, 0x3D3D, 0x3D3D, 0x3D3D, 0x3D3B, 0x3D3D, 0x3D3D, 0x3D3D, 0x3D3D, 0x3D3D, 0x3D3D, 0x3D3D,
    0x3D3D, 0x3D3B, 0x3D3D, 0x3D3D, 0x3D3D, 0x3D3D, 0x3D3D, 0x3D46, 0x3D3B, 0x3D3B, 0x3D3D, 0x3D3D,
    0x3B3D, 0x383B, 0x5141, 0x5151, 0x3B3D, 0x3842, 0x5172, 0x5151, 0x3B3D, 0x383B, 0x5141, 0x5151,
    0x3B3D, 0x383C, 0x5172, 0x5151, 0x3B3D, 0x3C3B, 0x5141, 0x5151, 0x3B3D, 0x3842, 0x5872, 0x5151,
    0x3B3D, 0x383B, 0x5141, 0x5151, 0x3B3D, 0x383C, 0x5172, 0x5151, 0x696A, 0x7458, 0x5858, 0x5858,
    0x6830, 0x5874, 0x5874, 0x5874, 0x6553, 0x5858, 0x5858, 0x5858, 0x6930, 0x5874, 0x5874, 0x5858,
    0x696A, 0x5858, 0x5858, 0x6658, 0x6830, 0x5850, 0x5858, 0x8857, 0x6953, 0x5858, 0x5774, 0x8888,
    0x6930, 0x5850, 0x8874, 0x8888, 0x5858, 0x5858, 0x5858, 0x7458, 0x5858, 0x5858, 0x4766, 0x5782,
    0x5858, 0x6658, 0x573E, 0x4782, 0x5858, 0x7174, 0x5857, 0x4C74, 0x5758, 0x3E4F, 0x7188, 0x4771,
    0x3E3E, 0x3E3E, 0x3E3E, 0x8989, 0x3E88, 0x3E88, 0x3E3E, 0x893E, 0x3E3E, 0x3E3E, 0x893E, 0x8585,
    0x5858, 0x7458, 0x7458, 0x7458, 0x5874, 0x5874, 0x5874, 0x7474, 0x7457, 0x7458, 0x7458, 0x7458,
    0x7446, 0x5874, 0x7474, 0x7474, 0x573E, 0x7466, 0x7458, 0x7458, 0x8989, 0x827A, 0x5874, 0x7474,
    0x893E, 0x893E, 0x7471, 0x7458, 0x898D, 0x3E89, 0x578C, 0x5884, 0x6274, 0x6162, 0x6162, 0x6162,
    0x6274, 0x6261, 0x6261, 0x6161, 0x7D74, 0x6162, 0x6162, 0x6162, 0x626B, 0x6261, 0x6161, 0x6261,
    0x6250, 0x6162, 0x6162, 0x6162, 0x6274, 0x6261, 0x6261, 0x6161, 0x7D74, 0x6162, 0x6162, 0x6162,
    0x6274, 0x6261, 0x6161, 0x6161, 0x6162, 0x6161, 0x6161, 0x6361, 0x6161, 0x6161, 0x6161, 0x6163,
    0x6162, 0x6161, 0x6161, 0x6161, 0x6161, 0x6161, 0x6161, 0x6163, 0x6162, 0x6161, 0x6161, 0x6161,
    0x6161, 0x6161, 0x6161, 0x6163, 0x6161, 0x6161, 0x6161, 0x6161, 0x6161, 0x6161, 0x6163, 0x6163,
    0x3053, 0x5868, 0x5863, 0x5863, 0x5469, 0x6365, 0x5858, 0x5858, 0x6954, 0x6368, 0x5863, 0x5863,
    0x3069, 0x6368, 0x5858, 0x5858, 0x3030, 0x6355, 0x5863, 0x5863, 0x5430, 0x6368, 0x5858, 0x5858,
    0x6930, 0x6355, 0x5863, 0x5863, 0x6969, 0x6768, 0x5858, 0x5858, 0x9191, 0x917D, 0x7D7D, 0x8D47,
    0x7D91, 0x7D91, 0x3E7D, 0x898C, 0x917D, 0x7D7D, 0x8C3E, 0x8C89, 0x7D91, 0x4D62, 0x8C7A, 0x3E85,
    0x4D4D, 0x4E4D, 0x884E, 0x4D4D, 0x4D4D, 0x4D4D, 0x4D4D, 0x4D4D, 0x4D4D, 0x4D4D, 0x4D4D, 0x4D4D,
    0x4D4E, 0x4E4D, 0x4D4E, 0x4D4D, 0x8C8D, 0x8D8D, 0x3E89, 0x7B3E, 0x8D89, 0x888F, 0x4D4E, 0x4E4E,
    0x7A8C, 0x4D4D, 0x4D4D, 0x4D4D, 0x4D5D, 0x4D4D, 0x4D62, 0x4D4D, 0x4D4D, 0x4D4D, 0x4D4D, 0x4D4D,
    0x4D4D, 0x4D4D, 0x4D4D, 0x4D4D, 0x4D4D, 0x4D4D, 0x4D4D, 0x4D4D, 0x4E88, 0x4E4E, 0x4D4D, 0x4D4D,
    0x7878, 0x7878, 0x8778, 0x6282, 0x788E, 0x7878, 0x7878, 0x9190, 0x874D, 0x7878, 0x7887, 0x7D87,
    0x624D, 0x786F, 0x7855, 0x7D91, 0x4D4D, 0x7867, 0x9187, 0x7D7D, 0x4D4D, 0x834D, 0x7D91, 0x7D91,
    0x4D4D, 0x4D4D, 0x7D7D, 0x7D4D, 0x4E4D, 0x7D5D, 0x4D7D, 0x917D, 0x7D4D, 0x917D, 0x917D, 0x7D7D,
    0x7D7D, 0x7D91, 0x4D7D, 0x4D7D, 0x917D, 0x7D7D, 0x4D4D, 0x624D, 0x7D91, 0x4D7D, 0x624D, 0x8E83,
    0x7D4D, 0x7D4D, 0x8391, 0x8383, 0x4D7D, 0x8391, 0x9183, 0x7D83, 0x837D, 0x8383, 0x9191, 0x7D4D,
    0x9183, 0x9191, 0x9191, 0x4E5D, 0x7D7D, 0x4D4D, 0x4D4D, 0x4D4D, 0x4D4D, 0x4D4D, 0x4D7D, 0x5D7D,
    0x8361, 0x915E, 0x6262, 0x4441, 0x918E, 0x4D7D, 0x4D4D, 0x3A40, 0x4D7D, 0x4D4D, 0x4D4D, 0x825B,
    0x4D7D, 0x4D7D, 0x4D7D, 0x4D7D, 0x7D4D, 0x4D4D, 0x4D4D, 0x5D4D, 0x5B7D, 0x884F, 0x915C, 0x8778,
    0x4D4D, 0x4D4D, 0x4D4D, 0x4D4D, 0x4783, 0x5E82, 0x4281, 0x455F, 0x443A, 0x443A, 0x3A8F, 0x3C3C,
    0x3C44, 0x3C3C, 0x423A, 0x725F, 0x417B, 0x4141, 0x8772, 0x7887, 0x4D4D, 0x917D, 0x878E, 0x8778,
    0x8783, 0x7887, 0x8787, 0x878E, 0x8778, 0x8787, 0x8E87, 0x8787, 0x5E5B, 0x8147, 0x5B47, 0x5B4D,
    0x4444, 0x3A44, 0x3C45, 0x5C42, 0x3C39, 0x3838, 0x3B3B, 0x383B, 0x5F5F, 0x7278, 0x3B3B, 0x3B3B,
    0x8787, 0x8E87, 0x3B85, 0x3B3B, 0x8787, 0x7278, 0x3B38, 0x3B3B, 0x8787, 0x7287, 0x3B85, 0x3B3B,
    0x8787, 0x7287, 0x3B38, 0x3B3B, 0x3B3B, 0x3B3D, 0x3B3D, 0x3B3B, 0x7B47, 0x3B3B, 0x3B3B, 0x3B3B,
    0x7B7B, 0x3B3D, 0x3B3B, 0x3B3D, 0x3B38, 0x3B3B, 0x3B3B, 0x3B3B, 0x3B3D, 0x3B3D, 0x3B3D, 0x3B3D,
    0x3B3B, 0x3B3B, 0x3D3B, 0x3B3B, 0x3B3B, 0x3B3D, 0x3B3D, 0x3B3D, 0x3B3F, 0x3B3B, 0x3B3B, 0x3B3B,
    0x3B3B, 0x3C3B, 0x3C38, 0x3C3C, 0x3B3B, 0x3C3C, 0x3C3C, 0x3C3C, 0x3B3D, 0x3C3B, 0x3C3C, 0x3C3C,
    0x3B3B, 0x3C3C, 0x3C42, 0x3C3C, 0x3B3D, 0x3C3B, 0x3C3B, 0x3C3C, 0x3D3B, 0x3C3C, 0x3C3C, 0x3C3C,
    0x3B3D, 0x3C3B, 0x3C3C, 0x3C38, 0x3B3F, 0x3C3C, 0x3C42, 0x3C3C, 0x3C3C, 0x3C3C, 0x3C3C, 0x3C3C,
    0x3C3C, 0x3C3C, 0x3C3C, 0x3C3C, 0x3C3C, 0x3C3C, 0x3C3C, 0x3C3C, 0x3C42, 0x3C3C, 0x3C42, 0x3C44,
    0x3C38, 0x3C3C, 0x423C, 0x4442, 0x3C3C, 0x3C3C, 0x3B3C, 0x7B3F, 0x3C3C, 0x3C3C, 0x3F3C, 0x3F46,
    0x3C42, 0x3C3C, 0x3F45, 0x7B7B, 0x3B3B, 0x3B3B, 0x3B85, 0x3B3D, 0x3B3C, 0x3B3B, 0x3B3B, 0x3B3B,
    0x3B3B, 0x3B3B, 0x3B3D, 0x3B3D, 0x3B42, 0x3B3B, 0x3B42, 0x3B3B, 0x765F, 0x7676, 0x7676, 0x7676,
    0x403F, 0x4376, 0x4376, 0x4376, 0x4146, 0x4343, 0x435F, 0x435F, 0x3F3D, 0x4376, 0x4343, 0x4376,
    0x3885, 0x5B5D, 0x3B3B, 0x3C3B, 0x3B3B, 0x4D42, 0x3B47, 0x3842, 0x3B3D, 0x473B, 0x7B4D, 0x3C3C,
    0x3D3F, 0x4F7B, 0x5B5B, 0x825E, 0x4343, 0x5F40, 0x5F7C, 0x5F5F, 0x4376, 0x4376, 0x4376, 0x4343,
    0x435F, 0x5F44, 0x4344, 0x5F44, 0x4376, 0x4376, 0x4376, 0x4376, 0x3C3B, 0x3C3B, 0x5B42, 0x4547,
    0x3B3C, 0x3A42, 0x4D5E, 0x3C40, 0x423C, 0x3F3C, 0x474D, 0x3C3C, 0x8281, 0x5B5E, 0x475B, 0x3C42,
    0x5F5F, 0x5F5F, 0x5F5F, 0x765F, 0x4343, 0x4376, 0x4376, 0x4376, 0x5F44, 0x5F44, 0x4344, 0x5F44,
    0x7676, 0x7676, 0x7676, 0x7676, 0x3C3B, 0x3C3B, 0x3D3D, 0x3B3D, 0x3B3C, 0x3B42, 0x3D3B, 0x3D3B,
    0x3C3B, 0x3B3B, 0x3D3D, 0x3D85, 0x3C42, 0x3C42, 0x3F42, 0x3D42, 0x7686, 0x7676, 0x9376, 0x7676,
    0x4376, 0x4376, 0x4343, 0x4376, 0x4344, 0x5F44, 0x4344, 0x435F, 0x7676, 0x7676, 0x7693, 0x7676,
    0x3D3D, 0x3D3D, 0x3D3D, 0x3D3D, 0x3D3B, 0x3D3B, 0x3D3D, 0x3D3D, 0x3B3D, 0x3D3D, 0x3D3D, 0x3D3D,
    0x3D3D, 0x3D3D, 0x3D3B, 0x3D3D, 0x4386, 0x4544, 0x3D3D, 0x3D3D, 0x4376, 0x7676, 0x3D43, 0x3D3B,
    0x4344, 0x435F, 0x3D43, 0x3D3D, 0x4376, 0x4343, 0x3D76, 0x3D3D, 0x3B3D, 0x383B, 0x5141, 0x5151,
    0x3B3D, 0x3842, 0x5872, 0x5151, 0x3B3D, 0x383B, 0x5141, 0x5158, 0x3B3D, 0x3B42, 0x5172, 0x5151,
    0x3B3D, 0x383B, 0x5141, 0x5151, 0x3B3D, 0x3842, 0x5872, 0x5151, 0x3B3D, 0x383B, 0x5141, 0x5151,
    0x3B3B, 0x3B42, 0x5172, 0x5151, 0x696A, 0x5850, 0x884E, 0x884E, 0x6930, 0x5D6B, 0x4E88, 0x8888,
    0x6953, 0x5B74, 0x884E, 0x3E88, 0x6930, 0x4E6B, 0x8888, 0x3E3E, 0x696A, 0x5B74, 0x884E, 0x3E88,
    0x6930, 0x4E6B, 0x8888, 0x3E3E, 0x696A, 0x4E50, 0x8888, 0x3E88, 0x6930, 0x4E66, 0x8888, 0x3E3E,
    0x3E88, 0x3E88, 0x853E, 0x8D8C, 0x3E3E, 0x893E, 0x8C85, 0x858D, 0x3E3E, 0x893E, 0x8C89, 0x8589,
    0x3E3E, 0x8989, 0x3B3D, 0x3B3B, 0x3E88, 0x463E, 0x5676, 0x7556, 0x3E3E, 0x7A89, 0x7580, 0x7575,
    0x893E, 0x7A3E, 0x403B, 0x4540, 0x3E89, 0x8989, 0x8989, 0x898C, 0x858C, 0x8989, 0x893E, 0x7481,
    0x858D, 0x8C8D, 0x3E89, 0x667A, 0x858C, 0x8589, 0x8989, 0x7A3E, 0x3B38, 0x8538, 0x8985, 0x8989,
    0x7556, 0x5675, 0x897A, 0x8989, 0x7575, 0x8075, 0x893D, 0x8985, 0x4540, 0x3B38, 0x897A, 0x8989,
    0x8985, 0x898C, 0x8985, 0x8985, 0x6258, 0x6162, 0x6162, 0x6162, 0x6274, 0x6261, 0x6261, 0x6161,
    0x6157, 0x6262, 0x6162, 0x6162, 0x614C, 0x627D, 0x6161, 0x6161, 0x5C89, 0x7D62, 0x6162, 0x6162,
    0x3E89, 0x6267, 0x6261, 0x6161, 0x893E, 0x614E, 0x6162, 0x6162, 0x8989, 0x6247, 0x6161, 0x6161,
    0x6953, 0x6355, 0x5863, 0x5863, 0x6969, 0x6377, 0x5858, 0x5858, 0x6954, 0x6355, 0x5858, 0x5863,
    0x6969, 0x6777, 0x5858, 0x5858, 0x6953, 0x6355, 0x5863, 0x5863, 0x5430, 0x6377, 0x5858, 0x5858,
    0x6953, 0x6355, 0x5858, 0x5863, 0x5469, 0x6377, 0x5851, 0x5858, 0x4788, 0x827D, 0x5D5D, 0x4E5B,
    0x9183, 0x9191, 0x4791, 0x4D47, 0x917D, 0x917D, 0x4E5B, 0x4D4D, 0x7D91, 0x4F5D, 0x4D4E, 0x4D4D,
    0x5B5B, 0x4F4D, 0x4D4D, 0x4D4D, 0x4D5B, 0x4D4D, 0x4D4D, 0x4D4D, 0x4D4D, 0x4D4D, 0x4D4D, 0x4D4D,
    0x3F42, 0x3F41, 0x3F41, 0x4242, 0x8C89, 0x4F88, 0x4D4D, 0x4D4D, 0x717A, 0x714F, 0x4D4D, 0x4D4D,
    0x4D4D, 0x714D, 0x4D4D, 0x624D, 0x4D62, 0x714F, 0x4D4E, 0x7D7D, 0x7188, 0x4F88, 0x7D4D, 0x7D7D,
    0x4D4D, 0x4D62, 0x7D7D, 0x7D7D, 0x4D4D, 0x624D, 0x7D7D, 0x7D7D, 0x415F, 0x7D5E, 0x7D91, 0x7D7D,
    0x5D4D, 0x4D4D, 0x914D, 0x8391, 0x7D5D, 0x7D7D, 0x9191, 0x9191, 0x7D7D, 0x917D, 0x917D, 0x917D,
    0x7D7D, 0x7D91, 0x7D91, 0x7D7D, 0x7D7D, 0x7D7D, 0x7D7D, 0x7D4D, 0x7D7D, 0x7D7D, 0x4D7D, 0x4D7D,
    0x7D7D, 0x7D4D, 0x7D4D, 0x917D, 0x7D7D, 0x917D, 0x8383, 0x9183, 0x9191, 0x917D, 0x8783, 0x8287,
    0x9191, 0x8E83, 0x8E87, 0x8E8E, 0x7D7D, 0x837D, 0x878E, 0x8E83, 0x7D7D, 0x4D7D, 0x7D7D, 0x8391,
    0x4D4D, 0x5D4D, 0x8363, 0x5083, 0x917D, 0x8E8E, 0x838E, 0x838E, 0x8383, 0x8383, 0x8383, 0x8383,
    0x4183, 0x838E, 0x838E, 0x8383, 0x714D, 0x7F89, 0x8E81, 0x8E83, 0x4E5D, 0x835B, 0x838E, 0x8E8E,
    0x5E83, 0x835D, 0x8E83, 0x878E, 0x838E, 0x8383, 0x8E8E, 0x8E87, 0x8383, 0x8383, 0x8E83, 0x8E8E,
    0x8383, 0x8383, 0x8E8E, 0x8E8E, 0x8383, 0x8383, 0x8E83, 0x8E83, 0x8383, 0x8383, 0x8383, 0x8383,
    0x8750, 0x878E, 0x8E83, 0x878E, 0x8E87, 0x8E87, 0x8E8E, 0x8E87, 0x878E, 0x8E87, 0x8E83, 0x8E83,
    0x8787, 0x8387, 0x838E, 0x8E8E, 0x8E50, 0x838E, 0x8363, 0x8E83, 0x8E8E, 0x838E, 0x8383, 0x8383,
    0x8E83, 0x8383, 0x8383, 0x8383, 0x838E, 0x9183, 0x8383, 0x9183, 0x878E, 0x418E, 0x3B85, 0x3B3D,
    0x8E87, 0x4287, 0x3B3B, 0x3B3B, 0x878E, 0x3872, 0x3B3B, 0x3B3D, 0x5087, 0x385F, 0x3B42, 0x3D3B,
    0x7283, 0x423C, 0x3B3B, 0x3B3D, 0x4183, 0x3C3A, 0x3D3B, 0x3D3B, 0x4582, 0x3C3C, 0x3B3B, 0x3B3D,
    0x3C5F, 0x3C42, 0x3D3F, 0x3D3B, 0x3B3D, 0x3B3D, 0x3B3D, 0x3B3D, 0x3B3B, 0x3B3B, 0x3D3B, 0x3B3B,
    0x3B3D, 0x3B3D, 0x3B3D, 0x3B3D, 0x3B3F, 0x3D3B, 0x3B3F, 0x3B3B, 0x3B3D, 0x3B3D, 0x3B3D, 0x3B3D,
    0x3D3B, 0x3D3B, 0x3D3B, 0x3D3B, 0x3B3D, 0x3B3D, 0x3B3D, 0x3B3D, 0x3B3F, 0x3D3B, 0x3B3F, 0x3D3B,
    0x3B3D, 0x3C3B, 0x3C3B, 0x3C38, 0x3D3B, 0x3C42, 0x3C3C, 0x3C42, 0x3B3D, 0x3C3B, 0x3C3C, 0x3C3C,
    0x3B3F, 0x3C42, 0x3C42, 0x3C3C, 0x3B3D, 0x3C3B, 0x3C3B, 0x3C3B, 0x3D3B, 0x3C42, 0x3C3C, 0x3C42,
    0x3B3D, 0x3C3B, 0x3C3C, 0x3C3B, 0x3D3F, 0x3C42, 0x3C42, 0x3842, 0x3C3B, 0x3C3C, 0x3F3C, 0x7B47,
    0x3C3C, 0x3C3C, 0x3B3C, 0x467B, 0x3C3C, 0x3C3B, 0x3F3C, 0x7B47, 0x3C42, 0x3C3C, 0x3F3C, 0x7B7B,
    0x3C3B, 0x3C3C, 0x3F3C, 0x3D46, 0x3C3C, 0x3C42, 0x3B3C, 0x7B7B, 0x423B, 0x3C3B, 0x3F3C, 0x7B46,
    0x3C42, 0x3C42, 0x3F42, 0x7B7B, 0x3F47, 0x4343, 0x5F5F, 0x7241, 0x3F7B, 0x5F76, 0x5E76, 0x5B5B,
    0x7B7B, 0x435F, 0x5E43, 0x5C5B, 0x7B3F, 0x5F76, 0x5E76, 0x5C5C, 0x7B46, 0x5F5F, 0x5E5F, 0x5C5B,
    0x7B3D, 0x5F76, 0x5E76, 0x5C5D, 0x7B7B, 0x5F5F, 0x5E43, 0x5C5B, 0x7B3F, 0x5F43, 0x5E76, 0x5C5C,
    0x4181, 0x7281, 0x4181, 0x4181, 0x5B5C, 0x5B5C, 0x5B5C, 0x5B5C, 0x5C5C, 0x5C5C, 0x5C5C, 0x5C5C,
    0x5C5D, 0x5C5C, 0x5C5D, 0x5C5C, 0x5C88, 0x5C5C, 0x5C5C, 0x5C5C, 0x5C5C, 0x5C5D, 0x5C5C, 0x5C5D,
    0x5C5C, 0x5C5C, 0x5C5C, 0x5C5C, 0x5C5D, 0x5C5C, 0x5C47, 0x5C5D, 0x7B81, 0x5E5E, 0x5E47, 0x5E5E,
    0x5B5C, 0x5B5C, 0x5B5C, 0x5B5C, 0x5C5C, 0x5C5C, 0x5C5C, 0x5C5C, 0x5C5D, 0x5C5D, 0x5C5D, 0x5C5D,
    0x5C88, 0x5C5C, 0x5C88, 0x5C5C, 0x5C5D, 0x5C5D, 0x5C5C, 0x5C5E, 0x5C5C, 0x5C5C, 0x5C5C, 0x5C5C,
    0x5C5D, 0x5C5C, 0x5C47, 0x5C5D, 0x5C88, 0x5C5C, 0x5C5C, 0x5C5C, 0x5C5C, 0x5C5D, 0x5C5C, 0x5C5E,
    0x5C5C, 0x5C5C, 0x5C5C, 0x5C5C, 0x5C47, 0x5C5D, 0x5C47, 0x5C5D, 0x5C88, 0x5C5C, 0x5C5C, 0x5C5C,
    0x5C5D, 0x5C5E, 0x5C5D, 0x5C5E, 0x5C5C, 0x5C5C, 0x5C5C, 0x5C5C, 0x5C47, 0x5C5C, 0x5C5E, 0x5C5C,
    0x5F47, 0x435F, 0x3D43, 0x3D3D, 0x815B, 0x4376, 0x3D76, 0x3D3B, 0x815B, 0x4343, 0x3D43, 0x3D3D,
    0x815D, 0x5F76, 0x3D76, 0x3D3D, 0x814E, 0x4343, 0x3D5F, 0x3D3D, 0x815C, 0x5F76, 0x7B76, 0x3D3B,
    0x815B, 0x4343, 0x3D43, 0x3D3D, 0x815D, 0x5F76, 0x3D76, 0x3D3D, 0x3B3D, 0x383B, 0x5141, 0x5151,
    0x3B3D, 0x3842, 0x5172, 0x5150, 0x3B3D, 0x383B, 0x5141, 0x5151, 0x3B3F, 0x3B42, 0x5172, 0x5151,
    0x3B3D, 0x383B, 0x5141, 0x5151, 0x3B3D, 0x3842, 0x5872, 0x5051, 0x3B3D, 0x383B, 0x5141, 0x5951,
    0x3B3B, 0x3B42, 0x5172, 0x5F87, 0x5163, 0x5151, 0x5158, 0x5151, 0x5151, 0x5151, 0x5151, 0x5151,
    0x5151, 0x5158, 0x5151, 0x5158, 0x5151, 0x5151, 0x5150, 0x5151, 0x5163, 0x5151, 0x5157, 0x5151,
    0x5151, 0x5151, 0x5151, 0x5151, 0x5151, 0x5151, 0x5151, 0x5151, 0x516B, 0x5151, 0x5151, 0x5151,
    0x696A, 0x8850, 0x8888, 0x3E88, 0x6968, 0x4E66, 0x8888, 0x3E3E, 0x696A, 0x8857, 0x8888, 0x3E88,
    0x6968, 0x8866, 0x8888, 0x883E, 0x5277, 0x8857, 0x8888, 0x3E88, 0x6930, 0x8857, 0x8888, 0x8888,
    0x686A, 0x884E, 0x884E, 0x3E88, 0x6830, 0x885C, 0x8888, 0x883E, 0x893E, 0x8989, 0x8C89, 0x858C,
    0x3E89, 0x8989, 0x898C, 0x8585, 0x893E, 0x893E, 0x8589, 0x8589, 0x3E3E, 0x8989, 0x897A, 0x8985,
    0x3E88, 0x893E, 0x8989, 0x8589, 0x3E3E, 0x8989, 0x8C85, 0x858D, 0x3E88, 0x893E, 0x8589, 0x858C,
    0x3E3E, 0x3E3E, 0x897A, 0x8C85, 0x858C, 0x858C, 0x8C89, 0x8C89, 0x8C8D, 0x8C85, 0x8985, 0x8985,
    0x858C, 0x8589, 0x8589, 0x8989, 0x8585, 0x8985, 0x8985, 0x8989, 0x858C, 0x858C, 0x8989, 0x8989,
    0x858D, 0x8D8D, 0x8C8D, 0x8985, 0x8D8C, 0x858C, 0x858C, 0x8989, 0x8C85, 0x8C85, 0x8985, 0x3E89,
    0x8989, 0x613E, 0x6162, 0x6162, 0x3E89, 0x5C89, 0x6261, 0x6161, 0x8989, 0x4F3E, 0x6162, 0x6162,
    0x3E89, 0x3E3E, 0x625D, 0x6161, 0x3E3E, 0x3E3E, 0x615B, 0x6162, 0x3E89, 0x3E3E, 0x615C, 0x6161,
    0x893E, 0x3E3E, 0x6188, 0x6162, 0x3E89, 0x3E3E, 0x7D3E, 0x6261, 0x6953, 0x6355, 0x5863, 0x5863,
    0x5430, 0x6377, 0x5858, 0x5858, 0x6953, 0x6390, 0x5858, 0x5863, 0x5430, 0x6377, 0x5858, 0x5858,
    0x696A, 0x6390, 0x5857, 0x5863, 0x5430, 0x6355, 0x5858, 0x5858, 0x6953, 0x6390, 0x5858, 0x5863,
    0x5468, 0x6355, 0x5851, 0x5858, 0x3B3D, 0x3B3D, 0x3B3D, 0x423B, 0x3D3D, 0x3D3B, 0x3D3B, 0x3B3B,
    0x3D3D, 0x3D3D, 0x3D3D, 0x423D, 0x3D3B, 0x3D3D, 0x3B3B, 0x4742, 0x3D7F, 0x3D3D, 0x3B7F, 0x7D5C,
    0x3B42, 0x3B3D, 0x5D3B, 0x7D7D, 0x3F5C, 0x3B3B, 0x7D5D, 0x7D7D, 0x4D7D, 0x5B5B, 0x7D7D, 0x7D7D,
    0x423C, 0x7D7D, 0x7D4D, 0x7D4D, 0x5D45, 0x7D7D, 0x7D7D, 0x9191, 0x7D47, 0x7D7D, 0x917D, 0x9191,
    0x7D5D, 0x9191, 0x9191, 0x9191, 0x7D7D, 0x917D, 0x917D, 0x7D7D, 0x7D91, 0x7D91, 0x7D7D, 0x825D,
    0x7D7D, 0x7D7D, 0x815C, 0x4442, 0x7D7D, 0x7B5D, 0x4545, 0x415F, 0x917D, 0x8382, 0x915D, 0x837D,
    0x9183, 0x9183, 0x7D91, 0x8E8E, 0x9191, 0x7D7D, 0x455D, 0x4138, 0x7D91, 0x415D, 0x3C44, 0x3B42,
    0x824D, 0x3A42, 0x3838, 0x3B3B, 0x3A5F, 0x4242, 0x4172, 0x3D42, 0x7241, 0x8772, 0x878E, 0x8E8E,
    0x417C, 0x4142, 0x415F, 0x8E8E, 0x7241, 0x8383, 0x8383, 0x8383, 0x8E8E, 0x838E, 0x8383, 0x8383,
    0x8E83, 0x8383, 0x8383, 0x8391, 0x8341, 0x838E, 0x838E, 0x8383, 0x4185, 0x8383, 0x8383, 0x8383,
    0x3D3B, 0x838E, 0x8383, 0x8383, 0x7272, 0x837B, 0x8391, 0x8383, 0x8E8E, 0x418E, 0x838E, 0x9183,
    0x9163, 0x8391, 0x8363, 0x8383, 0x9183, 0x9183, 0x9191, 0x8383, 0x9191, 0x9191, 0x8391, 0x8391,
    0x9183, 0x9191, 0x8383, 0x838E, 0x9191, 0x8391, 0x8383, 0x8391, 0x9191, 0x9183, 0x9183, 0x9183,
    0x9191, 0x9191, 0x9191, 0x9191, 0x9183, 0x9191, 0x9191, 0x9191, 0x8391, 0x8391, 0x8363, 0x4081,
    0x9183, 0x9191, 0x428E, 0x4245, 0x8383, 0x8E83, 0x8E72, 0x8E72, 0x838E, 0x838E, 0x8351, 0x4183,
    0x8363, 0x9191, 0x415D, 0x3C42, 0x9183, 0x8291, 0x3C45, 0x3C42, 0x9191, 0x455D, 0x3C38, 0x383B,
    0x8291, 0x725F, 0x8E87, 0x7278, 0x3C3C, 0x3C3C, 0x3B3B, 0x3B3D, 0x4142, 0x4141, 0x3F41, 0x3F42,
    0x4272, 0x423C, 0x413F, 0x413F, 0x3C42, 0x3C42, 0x3D3F, 0x3D3B, 0x3C3C, 0x423C, 0x3D3D, 0x3B3D,
    0x3C42, 0x3C42, 0x3D3F, 0x3D3B, 0x423C, 0x3C3C, 0x3B3D, 0x3D3D, 0x3C3C, 0x3C42, 0x3D3F, 0x3D3B,
    0x3B3D, 0x3B3D, 0x3B3D, 0x3B3D, 0x3D3F, 0x3D3B, 0x3D3B, 0x3D3B, 0x3F3F, 0x3B3D, 0x3B3D, 0x3B3D,
    0x3B3F, 0x3D3B, 0x3D3B, 0x3D3B, 0x3D3D, 0x3B3D, 0x3D3D, 0x3B3D, 0x3D3B, 0x3D3B, 0x3D3B, 0x3D3F,
    0x3B3D, 0x3D3D, 0x3D3D, 0x3D3D, 0x3D3F, 0x3D3B, 0x3D3F, 0x3D3F, 0x3B3D, 0x3C3B, 0x3C3B, 0x3C38,
    0x3D3B, 0x3C42, 0x3C42, 0x3C42, 0x3B3D, 0x3C3B, 0x423C, 0x423B, 0x3D3F, 0x3C42, 0x3C8F, 0x3C42,
    0x3B3D, 0x3C3B, 0x3C3B, 0x3C3B, 0x3D3B, 0x3C42, 0x3C42, 0x3C42, 0x3D3D, 0x3C3B, 0x4238, 0x423B,
    0x3D3F, 0x3C3B, 0x3C8F, 0x3842, 0x3C3B, 0x3C3B, 0x3F3B, 0x7B46, 0x3C42, 0x3C42, 0x3D42, 0x7B7B,
    0x423C, 0x3C3B, 0x3F3C, 0x7B47, 0x3C8F, 0x3C42, 0x3D8F, 0x7B7B, 0x3C3B, 0x3C3B, 0x3F3B, 0x7B46,
    0x3C42, 0x3B42, 0x3D42, 0x7B7B, 0x423C, 0x3C3B, 0x3F3B, 0x7B47, 0x3C42, 0x3842, 0x3D8F, 0x7B7B,
    0x7B46, 0x5F5F, 0x5E5F, 0x5C5B, 0x7B7B, 0x5F43, 0x5E76, 0x5C5C, 0x7B7B, 0x5F5F, 0x5E5F, 0x5C88,
    0x7B3D, 0x4443, 0x5E76, 0x5C5C, 0x7B46, 0x5F5F, 0x5E5F, 0x5C5B, 0x477B, 0x4443, 0x5E76, 0x5C5C,
    0x7B46, 0x5F44, 0x5E5F, 0x5C5B, 0x7B7B, 0x4543, 0x5E76, 0x5C5C, 0x814E, 0x4343, 0x3D5F, 0x3D3D,
    0x815C, 0x5F76, 0x7B76, 0x3D3D, 0x815B, 0x435F, 0x3D43, 0x3D3D, 0x815D, 0x5F76, 0x3D76, 0x3D3D,
    0x814E, 0x435F, 0x3D5F, 0x3D3D, 0x815C, 0x5F76, 0x4676, 0x3D3D, 0x815B, 0x5F5F, 0x3D5F, 0x3D3D,
    0x815C, 0x4476, 0x7B76, 0x3D3D, 0x3B3D, 0x383B, 0x5041, 0x8B85, 0x3B3D, 0x3B42, 0x8172, 0x8B8B,
    0x3B3D, 0x383B, 0x3B72, 0x8B8C, 0x3B3D, 0x3F42, 0x8D8F, 0x8D8B, 0x3B3D, 0x423B, 0x8B8D, 0x8B8D,
    0x3B3D, 0x4242, 0x8D39, 0x8B39, 0x3B3D, 0x3C3B, 0x8B8B, 0x8B8D, 0x3B3D, 0x3942, 0x8D8B, 0x8B8B,
    0x5181, 0x5151, 0x5158, 0x5151, 0x5138, 0x5150, 0x5151, 0x5151, 0x728B, 0x5158, 0x5151, 0x5151,
    0x418F, 0x5151, 0x5151, 0x5151, 0x3B8D, 0x5183, 0x5158, 0x5151, 0x3B38, 0x518E, 0x5150, 0x5151,
    0x388B, 0x513B, 0x5151, 0x5151, 0x3B3C, 0x6638, 0x5150, 0x5151, 0x686A, 0x884E, 0x884E, 0x8888,
    0x6830, 0x885C, 0x8888, 0x8888, 0x686A, 0x884E, 0x884E, 0x8888, 0x6830, 0x885C, 0x8888, 0x3E3E,
    0x686A, 0x884E, 0x3E88, 0x893E, 0x6868, 0x885C, 0x3E3E, 0x3E3E, 0x686A, 0x884E, 0x3E88, 0x893E,
    0x5330, 0x885C, 0x3E3E, 0x8989, 0x3E88, 0x893E, 0x893E, 0x8C89, 0x883E, 0x3E3E, 0x8989, 0x8989,
    0x3E88, 0x3E88, 0x893E, 0x893E, 0x3E89, 0x8989, 0x8985, 0x8985, 0x893E, 0x893E, 0x893E, 0x8989,
    0x8989, 0x8985, 0x8989, 0x858D, 0x858C, 0x858C, 0x8589, 0x8D8C, 0x8585, 0x8585, 0x8585, 0x858D,
    0x8C89, 0x8C89, 0x8989, 0x893E, 0x8985, 0x8985, 0x8989, 0x3E89, 0x8989, 0x8989, 0x8989, 0x893E,
    0x8985, 0x8985, 0x8985, 0x8985, 0x8989, 0x8589, 0x8C89, 0x8989, 0x858D, 0x8D8D, 0x8D8D, 0x898D,
    0x8D8D, 0x8D8D, 0x8D8D, 0x858C, 0x8D8D, 0x8D8D, 0x8D8D, 0x858D, 0x3E3E, 0x3E3E, 0x5C3E, 0x6162,
    0x3E3E, 0x3E3E, 0x883E, 0x6261, 0x893E, 0x3E3E, 0x3E3E, 0x6162, 0x8985, 0x8989, 0x8989, 0x6167,
    0x8989, 0x8989, 0x893E, 0x613E, 0x8D8D, 0x858D, 0x3E85, 0x5C89, 0x8D85, 0x8D8C, 0x898C, 0x3E3E,
    0x858D, 0x858D, 0x898D, 0x3E89, 0x6162, 0x6161, 0x6161, 0x6161, 0x6161, 0x6161, 0x6161, 0x6163,
    0x6162, 0x6161, 0x6161, 0x6161, 0x6161, 0x6161, 0x6161, 0x6163, 0x6162, 0x6161, 0x6161, 0x6161,
    0x6261, 0x6161, 0x6161, 0x6163, 0x6162, 0x6162, 0x6161, 0x6161, 0x6167, 0x6161, 0x6161, 0x6163,
    0x6161, 0x6563, 0x3077, 0x3053, 0x6163, 0x6551, 0x5353, 0x3030, 0x6161, 0x6563, 0x306A, 0x306A,
    0x6163, 0x6551, 0x3068, 0x3030, 0x6161, 0x6563, 0x3077, 0x3053, 0x6163, 0x6551, 0x5368, 0x3030,
    0x6161, 0x6563, 0x306A, 0x6953, 0x6163, 0x6551, 0x6868, 0x3030, 0x696A, 0x6390, 0x5863, 0x5863,
    0x5430, 0x6355, 0x5858, 0x5858, 0x696A, 0x6364, 0x5858, 0x5863, 0x6969, 0x6355, 0x5851, 0x5858,
    0x6953, 0x6364, 0x5858, 0x5858, 0x6930, 0x6355, 0x5858, 0x5858, 0x6953, 0x6364, 0x5858, 0x5863,
    0x6969, 0x6355, 0x5851, 0x5858, 0x6461, 0x6A54, 0x6A77, 0x6A77, 0x7863, 0x6A52, 0x6A53, 0x6A6A,
    0x6461, 0x6A54, 0x6A77, 0x6A77, 0x6463, 0x6A52, 0x6A53, 0x776A, 0x6461, 0x5354, 0x6A6A, 0x6A77,
    0x6463, 0x6A52, 0x6A53, 0x6A6A, 0x6461, 0x6A54, 0x6A6A, 0x6A77, 0x6463, 0x6A69, 0x6A53, 0x776A,
    0x8A8A, 0x516B, 0x5453, 0x536A, 0x8A77, 0x5164, 0x6A68, 0x6A30, 0x778A, 0x5050, 0x5453, 0x536A,
    0x8A6A, 0x516B, 0x5369, 0x5330, 0x8A8A, 0x5050, 0x5453, 0x536A, 0x8A6A, 0x516B, 0x5368, 0x6A30,
    0x6A8A, 0x5050, 0x5353, 0x536A, 0x8A6A, 0x6B6B, 0x6A52, 0x6A68, 0x4D4D, 0x4D4D, 0x7D4D, 0x7D7D,
    0x5B47, 0x4D7D, 0x4D7D, 0x477D, 0x5D3B, 0x5D5B, 0x8247, 0x5D5D, 0x5D3D, 0x827B, 0x9183, 0x9191,
    0x4747, 0x7D7D, 0x917D, 0x917D, 0x7D5D, 0x7D91, 0x7D91, 0x7D91, 0x7D4D, 0x7D5B, 0x7D7D, 0x5D4D,
    0x4D7D, 0x4D7D, 0x5D7D, 0x3C81, 0x415D, 0x3A3C, 0x423C, 0x423C, 0x4545, 0x8242, 0x8281, 0x7B83,
    0x5D5B, 0x7D7D, 0x7D7D, 0x4282, 0x9191, 0x7D91, 0x4282, 0x383C, 0x7D7D, 0x815B, 0x3C38, 0x423B,
    0x827D, 0x3C42, 0x3B38, 0x3842, 0x3C41, 0x3B3B, 0x423B, 0x383B, 0x3B45, 0x3B42, 0x3B42, 0x3B42,
    0x383B, 0x3C3B, 0x3838, 0x3B3B, 0x3C42, 0x3C42, 0x3842, 0x3D42, 0x423B, 0x3C38, 0x4238, 0x3D3B,
    0x3842, 0x3C42, 0x3C42, 0x3D42, 0x383B, 0x3C3B, 0x3C3B, 0x3D3B, 0x3B42, 0x3842, 0x3B42, 0x3D42,
    0x3C3B, 0x3C3B, 0x3C3B, 0x3D3B, 0x3842, 0x3B42, 0x3842, 0x3D3B, 0x817B, 0x8382, 0x8E81, 0x878E,
    0x3D3B, 0x7B3B, 0x8E83, 0x7878, 0x3B3D, 0x3D3D, 0x7B85, 0x8766, 0x3D3F, 0x3D3D, 0x7B3B, 0x6666,
    0x3D3D, 0x3D3D, 0x667B, 0x6D66, 0x3D3D, 0x813B, 0x6D6D, 0x6D6D, 0x3D3D, 0x6D4B, 0x6D6D, 0x6E6D,
    0x573F, 0x6658, 0x6D6D, 0x6E6E, 0x8383, 0x8383, 0x9163, 0x917D, 0x8778, 0x918E, 0x9183, 0x418E,
    0x838E, 0x8391, 0x7257, 0x3C3C, 0x6D6D, 0x6E6E, 0x848A, 0x3B7C, 0x6D6D, 0x6E6D, 0x6E6D, 0x7C84,
    0x6E6E, 0x6E73, 0x6E6E, 0x8A73, 0x736E, 0x736F, 0x736F, 0x736E, 0x6F73, 0x6F73, 0x6E73, 0x6E55,
    0x5F82, 0x878E, 0x8750, 0x6B87, 0x838E, 0x8787, 0x8787, 0x6B78, 0x4238, 0x7241, 0x5F72, 0x7872,
    0x3A8F, 0x3C86, 0x388F, 0x3B38, 0x3A39, 0x458F, 0x423B, 0x3C3B, 0x436F, 0x3A86, 0x3B42, 0x3C42,
    0x6E6E, 0x3A7C, 0x423B, 0x3C3B, 0x848A, 0x7284, 0x3C8F, 0x3B42, 0x3872, 0x4238, 0x3D3D, 0x3B3D,
    0x7C78, 0x3842, 0x3D3F, 0x3D3F, 0x7887, 0x4272, 0x3B3D, 0x3D3D, 0x4242, 0x727C, 0x3D3F, 0x3D3B,
    0x383B, 0x423B, 0x3D3D, 0x3D3D, 0x3B42, 0x3B42, 0x3D3F, 0x3D3F, 0x423B, 0x423B, 0x3F3B, 0x413D,
    0x3842, 0x3B42, 0x3F42, 0x7572, 0x3D3D, 0x3D3D, 0x3D3D, 0x3D3D, 0x3D3B, 0x3D3F, 0x3D3D, 0x3D3F,
    0x3D3D, 0x3D3D, 0x3D3D, 0x3D3D, 0x3D3F, 0x3D3D, 0x3D3F, 0x3D3D, 0x3D7B, 0x3D3D, 0x3D3D, 0x3D3D,
    0x3D3F, 0x3D3F, 0x3D3D, 0x3D3D, 0x3F7B, 0x3D3D, 0x3D3D, 0x3D7B, 0x7B60, 0x3D3F, 0x3D3F, 0x3D3D,
    0x3D3D, 0x3C3B, 0x3C3B, 0x3C3B, 0x3D3D, 0x3C42, 0x3B42, 0x3C42, 0x3D3D, 0x3C3B, 0x423B, 0x3C3B,
    0x3D3F, 0x383F, 0x3C8F, 0x3B3C, 0x3D7B, 0x3C3B, 0x3C3B, 0x423B, 0x3D3D, 0x3C42, 0x3B42, 0x3C42,
    0x3D3D, 0x423D, 0x423B, 0x423B, 0x3D3D, 0x3B3B, 0x388F, 0x4242, 0x3C3B, 0x3C3B, 0x3D3B, 0x7B47,
    0x3B42, 0x3B42, 0x7B42, 0x7B7B, 0x3C3B, 0x423B, 0x3D3B, 0x7B47, 0x3842, 0x3B42, 0x3D42, 0x7B7B,
    0x3C3B, 0x423B, 0x7B3B, 0x7B47, 0x4242, 0x3B5F, 0x7B42, 0x467B, 0x7541, 0x5F75, 0x7B3B, 0x7B47,
    0x795F, 0x7579, 0x4742, 0x4746, 0x7B46, 0x5F44, 0x5E5F, 0x5C5B, 0x477B, 0x445F, 0x5E76, 0x5C5C,
    0x7B46, 0x5F44, 0x5E5F, 0x5C5B, 0x467B, 0x455F, 0x5E76, 0x5C5C, 0x4647, 0x5F45, 0x5E5F, 0x5C5B,
    0x477B, 0x5F5F, 0x5E76, 0x5C5D, 0x7B47, 0x5F45, 0x5E5F, 0x5C5B, 0x477B, 0x455F, 0x5E76, 0x5C5C,
    0x8188, 0x5F5F, 0x3D5F, 0x3D3D, 0x7B5C, 0x4476, 0x4643, 0x3D3D, 0x815B, 0x5F5F, 0x3D5F, 0x3D7B,
    0x815C, 0x5F76, 0x7B76, 0x3D3D, 0x8188, 0x5F5F, 0x7B44, 0x3D7B, 0x825C, 0x4576, 0x4643, 0x3D3D,
    0x815B, 0x5F5F, 0x3D44, 0x3D46, 0x815B, 0x4543, 0x3D43, 0x3D3D, 0x3B3D, 0x393B, 0x8B8C, 0x8B8C,
    0x3D3D, 0x8B8F, 0x8D8B, 0x8B8B, 0x3B3D, 0x8B3B, 0x8B8B, 0x8B8C, 0x3B3D, 0x8B8F, 0x8B8B, 0x8B8B,
    0x3B46, 0x8B8B, 0x8B8C, 0x8B8C, 0x3D3D, 0x8B8F, 0x8C8B, 0x8B8B, 0x3F3D, 0x8B8D, 0x8B8C, 0x8B8C,
    0x3B3D, 0x8B38, 0x8C8B, 0x8C8B, 0x3B8D, 0x728D, 0x5158, 0x5151, 0x3B38, 0x8138, 0x5151, 0x5151,
    0x3B8B, 0x3F8D, 0x5151, 0x5158, 0x3B38, 0x3F38, 0x5151, 0x5151, 0x3B8D, 0x3B8D, 0x5157, 0x5151,
    0x3B38, 0x3D38, 0x5151, 0x5151, 0x3B8D, 0x3F85, 0x5151, 0x5151, 0x3B38, 0x7B38, 0x5150, 0x5151,
    0x686A, 0x3E88, 0x3E88, 0x893E, 0x7753, 0x885C, 0x3E3E, 0x8989, 0x686A, 0x3E4E, 0x3E88, 0x893E,
    0x7730, 0x885C, 0x3E3E, 0x3E89, 0x686A, 0x3E88, 0x3E88, 0x3E3E, 0x776A, 0x885C, 0x883E, 0x3E3E,
    0x686A, 0x8888, 0x3E88, 0x3E88, 0x7730, 0x885C, 0x8888, 0x883E, 0x8989, 0x8589, 0x8589, 0x858C,
    0x8989, 0x8985, 0x8985, 0x8585, 0x893E, 0x8989, 0x8989, 0x8589, 0x8989, 0x8989, 0x897A, 0x8985,
    0x893E, 0x893E, 0x893E, 0x8589, 0x3E3E, 0x3E89, 0x3E89, 0x897A, 0x3E3E, 0x3E3E, 0x893E, 0x893E,
    0x3E3E, 0x3E3E, 0x3E3E, 0x8989, 0x8D8C, 0x8D8C, 0x858C, 0x858C, 0x8585, 0x858D, 0x858D, 0x8C8D,
    0x858C, 0x858C, 0x8585, 0x858C, 0x8585, 0x8585, 0x858D, 0x8985, 0x8589, 0x8589, 0x8589, 0x8989,
    0x8985, 0x8985, 0x8985, 0x8985, 0x8989, 0x8989, 0x8989, 0x8989, 0x8989, 0x8989, 0x897A, 0x3E89,
    0x858C, 0x858C, 0x8C89, 0x893E, 0x8C85, 0x8C85, 0x8985, 0x3E89, 0x8589, 0x8C89, 0x8C89, 0x893E,
    0x8C85, 0x8985, 0x8985, 0x3E89, 0x8989, 0x8989, 0x8989, 0x893E, 0x8989, 0x8989, 0x3E89, 0x3E89,
    0x893E, 0x893E, 0x3E3E, 0x3E3E, 0x3E89, 0x3E89, 0x3E89, 0x3E3E, 0x615B, 0x6162, 0x6161, 0x6161,
    0x615C, 0x6161, 0x6161, 0x6163, 0x6188, 0x6162, 0x6161, 0x6161, 0x6147, 0x6161, 0x6161, 0x6163,
    0x6188, 0x6162, 0x6162, 0x6161, 0x615C, 0x6161, 0x6161, 0x6163, 0x6188, 0x6162, 0x6161, 0x6161,
    0x615E, 0x6161, 0x6161, 0x6161, 0x6953, 0x6364, 0x5858, 0x5858, 0x6930, 0x6355, 0x5858, 0x5858,
    0x5253, 0x6364, 0x5858, 0x5863, 0x6930, 0x6364, 0x5874, 0x5858, 0x696A, 0x586B, 0x5858, 0x5858,
    0x6968, 0x6364, 0x5858, 0x5858, 0x5253, 0x586B, 0x5858, 0x5858, 0x6930, 0x6364, 0x5874, 0x5858,
    0x6461, 0x6A54, 0x6A77, 0x6A77, 0x7863, 0x6A69, 0x7753, 0x7753, 0x6461, 0x5354, 0x6A77, 0x6A77,
    0x6463, 0x6A69, 0x7768, 0x776A, 0x6461, 0x5354, 0x7777, 0x6A8A, 0x6463, 0x6A69, 0x7753, 0x776A,
    0x6461, 0x5354, 0x6A6A, 0x6A77, 0x6463, 0x6A69, 0x7768, 0x776A, 0x778A, 0x6B50, 0x6A54, 0x536A,
    0x8A6A, 0x6B6B, 0x6A69, 0x6A30, 0x778A, 0x6B50, 0x5369, 0x6A6A, 0x8A6A, 0x6B6B, 0x6A69, 0x6A30,
    0x8A8A, 0x6B50, 0x6A54, 0x536A, 0x8A77, 0x6B6B, 0x6A69, 0x6A30, 0x778A, 0x6B50, 0x6A54, 0x6A6A,
    0x8A77, 0x6B6B, 0x6A52, 0x6A6A, 0x4D4D, 0x4D4D, 0x4D4D, 0x475B, 0x5B7D, 0x4D7D, 0x4D7D, 0x4D7D,
    0x917D, 0x5D5D, 0x7D5D, 0x5B5B, 0x8291, 0x5D83, 0x7241, 0x417C, 0x8E5D, 0x8381, 0x7282, 0x597C,
    0x9191, 0x838E, 0x728E, 0x5960, 0x4D4D, 0x915B, 0x5972, 0x7C59, 0x4D7D, 0x4D7D, 0x5C7D, 0x7C72,
    0x4182, 0x413D, 0x3D7B, 0x3B3B, 0x5B4D, 0x413D, 0x3D8E, 0x3B42, 0x5B5B, 0x5D88, 0x3F47, 0x3B3B,
    0x4159, 0x3D38, 0x3D8E, 0x3B42, 0x8E72, 0x8E41, 0x3F82, 0x3B3B, 0x838E, 0x418E, 0x7B8E, 0x3B38,
    0x8E81, 0x8E81, 0x4183, 0x3B3B, 0x8E87, 0x8E8E, 0x818E, 0x3B38, 0x3B3B, 0x383B, 0x383B, 0x3B3B,
    0x3B42, 0x3B42, 0x3B3C, 0x7B3C, 0x383B, 0x3B3B, 0x3B3B, 0x3D3B, 0x3B42, 0x3B42, 0x3B42, 0x3D3B,
    0x3B3B, 0x3B3B, 0x3B3B, 0x3B3D, 0x3B42, 0x3B42, 0x3B3B, 0x3D3F, 0x3B3B, 0x3B3B, 0x3B3B, 0x3D3D,
    0x3B42, 0x3B3F, 0x3B42, 0x3D3B, 0x6767, 0x6657, 0x6D57, 0x6D74, 0x6767, 0x5757, 0x666D, 0x6D6D,
    0x575D, 0x6657, 0x6D66, 0x6D66, 0x675E, 0x5757, 0x666D, 0x6D6D, 0x6767, 0x5767, 0x6657, 0x6D66,
    0x6282, 0x6757, 0x5757, 0x6D6D, 0x673D, 0x6767, 0x6657, 0x6D58, 0x473B, 0x6767, 0x5757, 0x6658,
    0x6E6D, 0x6E6E, 0x6E6D, 0x6E6D, 0x6D6E, 0x6E6E, 0x6E6E, 0x6E6E, 0x6E6D, 0x6E6E, 0x6E6E, 0x6E6E,
    0x6E6E, 0x6E6F, 0x6E73, 0x6E73, 0x6E6D, 0x6E6E, 0x6E6E, 0x6E6E, 0x6D6D, 0x6E6E, 0x6E6E, 0x646E,
    0x6E6D, 0x6E6D, 0x6E6E, 0x6E6D, 0x6D6D, 0x6D6D, 0x6D6B, 0x666D, 0x846D, 0x6D6D, 0x3C3D, 0x423B,
    0x6D6E, 0x6D6E, 0x3B42, 0x3B42, 0x6E6E, 0x6D6D, 0x3C44, 0x3C3B, 0x6E6E, 0x6D6E, 0x3C86, 0x3B42,
    0x646D, 0x6D6D, 0x3C8F, 0x423B, 0x6D6E, 0x596D, 0x3B3A, 0x3C42, 0x6D6D, 0x9357, 0x3C8F, 0x3A39,
    0x586D, 0x867C, 0x3A93, 0x8F38, 0x383B, 0x423B, 0x4141, 0x7960, 0x3B42, 0x4242, 0x4142, 0x7979,
    0x423B, 0x423B, 0x7242, 0x7975, 0x3B42, 0x4242, 0x4142, 0x8059, 0x3B3B, 0x423B, 0x413B, 0x3F3F,
    0x3B42, 0x3B42, 0x3D3F, 0x3F3F, 0x3B3B, 0x3B3B, 0x3D3D, 0x3F46, 0x3B8F, 0x3B42, 0x7B3F, 0x3F3D,
    0x4175, 0x3F3F, 0x3D7B, 0x3D7B, 0x7279, 0x3F42, 0x3D3F, 0x3D3D, 0x7275, 0x3F41, 0x3D3D, 0x3D46,
    0x4159, 0x3F42, 0x3D3F, 0x3D3D, 0x417B, 0x433F, 0x3D42, 0x3D46, 0x4043, 0x5F59, 0x7B5F, 0x3F82,
    0x7676, 0x7276, 0x815D, 0x5E67, 0x7676, 0x7256, 0x825D, 0x5E8E, 0x3D7B, 0x423D, 0x3C3B, 0x423C,
    0x3D3D, 0x3B3F, 0x3B42, 0x4242, 0x3D7B, 0x3C3D, 0x423B, 0x423B, 0x3D3D, 0x3B3B, 0x3B8F, 0x3B42,
    0x3D46, 0x453D, 0x3C3B, 0x7644, 0x3D42, 0x4342, 0x425F, 0x5F5F, 0x4181, 0x7245, 0x5F41, 0x4348,
    0x5D83, 0x5D82, 0x8147, 0x5972, 0x795F, 0x7579, 0x4741, 0x4647, 0x5640, 0x7679, 0x4742, 0x4747,
    0x4042, 0x4242, 0x7B42, 0x4747, 0x4242, 0x4242, 0x7B45, 0x4747, 0x8F4A, 0x423B, 0x7B3C, 0x4788,
    0x4243, 0x3B42, 0x4742, 0x475E, 0x4240, 0x3B3B, 0x7B3C, 0x4788, 0x4276, 0x3C42, 0x4742, 0x4747,
    0x4747, 0x5F42, 0x5E45, 0x5B5B, 0x477B, 0x455F, 0x415F, 0x8181, 0x4647, 0x5F42, 0x5F42, 0x4445,
    0x477B, 0x405F, 0x405F, 0x425F, 0x4747, 0x5F42, 0x4042, 0x4042, 0x477B, 0x405F, 0x4245, 0x425F,
    0x4747, 0x4041, 0x4042, 0x4041, 0x477B, 0x4240, 0x4240, 0x4240, 0x5B5B, 0x5C5B, 0x5B5B, 0x5C5B,
    0x4141, 0x4172, 0x4141, 0x4141, 0x4545, 0x4540, 0x5F40, 0x4042, 0x4240, 0x4140, 0x425F, 0x4240,
    0x4241, 0x4042, 0x4041, 0x4042, 0x4240, 0x425F, 0x4240, 0x4240, 0x4042, 0x4241, 0x4041, 0x4241,
    0x4240, 0x4140, 0x4240, 0x4140, 0x5C4E, 0x5C5B, 0x5C88, 0x5C5B, 0x405F, 0x405F, 0x405F, 0x455F,
    0x4042, 0x4042, 0x4042, 0x4041, 0x425F, 0x425F, 0x425F, 0x4240, 0x4241, 0x4042, 0x4241, 0x4042,
    0x4240, 0x4240, 0x4140, 0x4240, 0x4041, 0x4241, 0x4041, 0x4241, 0x4840, 0x4142, 0x4140, 0x4142,
    0x5E47, 0x5E5C, 0x475C, 0x5D5C, 0x455F, 0x5F5F, 0x5F78, 0x5F5F, 0x4042, 0x5F41, 0x5F41, 0x4241,
    0x425F, 0x425F, 0x425F, 0x425F, 0x4241, 0x4042, 0x4241, 0x4042, 0x4140, 0x425F, 0x4240, 0x4240,
    0x4041, 0x4241, 0x4041, 0x4041, 0x4140, 0x4140, 0x4140, 0x4140, 0x5F5D, 0x5F45, 0x3D45, 0x3D3D,
    0x5F78, 0x4545, 0x465F, 0x3D3D, 0x5F41, 0x5F42, 0x3D45, 0x3D46, 0x425F, 0x405F, 0x3D5F, 0x3D3D,
    0x4041, 0x4042, 0x3D3B, 0x3D46, 0x4240, 0x425F, 0x7B3F, 0x3D3D, 0x4041, 0x4241, 0x3D3F, 0x3D46,
    0x4240, 0x4240, 0x473F, 0x827B, 0x3B3D, 0x8B8D, 0x8C8C, 0x8B8C, 0x3B3D, 0x8B38, 0x8C8B, 0x8B8B,
    0x3B3D, 0x8B3D, 0x8B8C, 0x8B8B, 0x3B3D, 0x3B42, 0x8B8B, 0x8B8B, 0x3B46, 0x3B3B, 0x8B85, 0x388D,
    0x3D3D, 0x3B3B, 0x7B3F, 0x4141, 0x3B7B, 0x3B3D, 0x3D3D, 0x3D3E, 0x7B7B, 0x7B3F, 0x827B, 0x825E,
    0x8B8D, 0x3F8D, 0x5158, 0x5151, 0x8B8B, 0x818B, 0x5150, 0x5151, 0x8B8B, 0x668B, 0x5158, 0x5158,
    0x8B8B, 0x5139, 0x5151, 0x5151, 0x398B, 0x5041, 0x5163, 0x5151, 0x4845, 0x518E, 0x5151, 0x5151,
    0x6648, 0x5163, 0x5151, 0x5158, 0x5166, 0x5151, 0x5151, 0x5151, 0x776A, 0x8888, 0x8888, 0x3E88,
    0x7753, 0x885C, 0x8888, 0x883E, 0x686A, 0x884E, 0x884E, 0x8888, 0x5368, 0x4E5C, 0x8888, 0x8888,
    0x5377, 0x9174, 0x5E67, 0x4C5E, 0x8A53, 0x8484, 0x8484, 0x8484, 0x6A6A, 0x8484, 0x8474, 0x8484,
    0x7768, 0x848A, 0x8A8A, 0x8A8A, 0x3E88, 0x3E88, 0x3E88, 0x893E, 0x883E, 0x3E3E, 0x3E3E, 0x3E3E,
    0x3E88, 0x3E88, 0x3E88, 0x3E88, 0x883E, 0x3E3E, 0x3E3E, 0x3E3E, 0x4C47, 0x8247, 0x4C47, 0x4C47,
    0x8484, 0x8484, 0x8484, 0x8464, 0x8484, 0x8484, 0x9084, 0x8A84, 0x8A6A, 0x776A, 0x5330, 0x5330,
    0x893E, 0x893E, 0x893E, 0x893E, 0x3E89, 0x3E89, 0x3E89, 0x3E89, 0x3E3E, 0x3E3E, 0x3E3E, 0x3E3E,
    0x3E89, 0x3E89, 0x3E89, 0x3E89, 0x8247, 0x6681, 0x8181, 0x6681, 0x8484, 0x848A, 0x8484, 0x848A,
    0x8A90, 0x8A90, 0x5590, 0x8A8A, 0x5430, 0x5469, 0x5469, 0x5330, 0x3E3E, 0x3E3E, 0x3E3E, 0x3E3E,
    0x3E3E, 0x3E3E, 0x3E3E, 0x3E3E, 0x3E3E, 0x3E88, 0x3E3E, 0x3E88, 0x3E89, 0x3E89, 0x3E47, 0x4771,
    0x6B66, 0x846D, 0x846D, 0x846B, 0x8484, 0x8484, 0x8484, 0x8464, 0x8A8A, 0x6A8A, 0x686A, 0x306A,
    0x5430, 0x5430, 0x5330, 0x6A30, 0x6188, 0x6162, 0x6162, 0x6161, 0x615C, 0x6161, 0x6161, 0x6161,
    0x624E, 0x6262, 0x6162, 0x6161, 0x5074, 0x6158, 0x627D, 0x6161, 0x8474, 0x8474, 0x5850, 0x6161,
    0x8484, 0x8484, 0x908A, 0x648A, 0x6954, 0x6953, 0x3053, 0x6953, 0x6A30, 0x6A6A, 0x6A6A, 0x6A6A,
    0x6161, 0x6563, 0x3077, 0x536A, 0x6161, 0x5251, 0x5353, 0x5368, 0x6161, 0x5263, 0x306A, 0x5377,
    0x6163, 0x5251, 0x5368, 0x6A6A, 0x6262, 0x5251, 0x5377, 0x5377, 0x7484, 0x5464, 0x5353, 0x776A,
    0x5269, 0x5354, 0x536A, 0x6A8A, 0x6A6A, 0x6A6A, 0x6A68, 0x776A, 0x6977, 0x586B, 0x5858, 0x5858,
    0x6953, 0x6364, 0x5858, 0x5858, 0x526A, 0x586B, 0x5858, 0x5858, 0x6968, 0x6364, 0x5874, 0x5858,
    0x6977, 0x586B, 0x5858, 0x5858, 0x696A, 0x6364, 0x5858, 0x5858, 0x6977, 0x586B, 0x5858, 0x5858,
    0x696A, 0x6364, 0x5874, 0x5858, 0x6461, 0x6A54, 0x6A77, 0x778A, 0x9063, 0x6A69, 0x776A, 0x776A,
    0x6863, 0x6A6A, 0x6A77, 0x778A, 0x6863, 0x7768, 0x776A, 0x776A, 0x6861, 0x6A77, 0x7777, 0x778A,
    0x6863, 0x7753, 0x8A6A, 0x8A6A, 0x6863, 0x6A6A, 0x6A77, 0x778A, 0x6863, 0x6A53, 0x776A, 0x8A6A,
    0x8A8A, 0x6B50, 0x6A53, 0x6A77, 0x8A77, 0x6B6B, 0x7769, 0x776A, 0x8A8A, 0x6B50, 0x6A54, 0x7777,
    0x8A77, 0x6B6B, 0x6A69, 0x776A, 0x8A8A, 0x6B50, 0x6A54, 0x6A77, 0x8A8A, 0x6B6B, 0x7730, 0x776A,
    0x8A8A, 0x6B50, 0x6A54, 0x6A77, 0x8A8A, 0x6B6B, 0x6A69, 0x776A, 0x6A77, 0x6A6A, 0x6A6A, 0x6A6A,
    0x776A, 0x6A68, 0x6A53, 0x6A6A, 0x6A77, 0x6A8A, 0x6A6A, 0x6A8A, 0x6A68, 0x6A68, 0x6A68, 0x6A6A,
    0x6A8A, 0x6A77, 0x6A8A, 0x6A6A, 0x6A6A, 0x6A6A, 0x6A6A, 0x6A6A, 0x6A77, 0x6A77, 0x6A6A, 0x6A8A,
    0x6A6A, 0x6A6A, 0x6A6A, 0x6A6A, 0x6A6A, 0x6A6A, 0x6A77, 0x6A6A, 0x6A30, 0x6A30, 0x6A6A, 0x6A68,
    0x686A, 0x6A6A, 0x6A6A, 0x6A77, 0x6A68, 0x6A30, 0x6A6A, 0x776A, 0x536A, 0x6A6A, 0x6A8A, 0x6A77,
    0x6A6A, 0x6A30, 0x6A6A, 0x776A, 0x6A6A, 0x6A77, 0x6A77, 0x6A77, 0x6A68, 0x6A6A, 0x6A6A, 0x776A,
    0x6A8A, 0x6A77, 0x6A8A, 0x536A, 0x776A, 0x6A53, 0x6A6A, 0x6A30, 0x6A77, 0x6A77, 0x6A77, 0x6A6A,
    0x6A6A, 0x776A, 0x6A6A, 0x6A68, 0x6A8A, 0x6A77, 0x6A8A, 0x536A, 0x776A, 0x6A53, 0x6A6A, 0x6A30,
    0x6A77, 0x6A77, 0x6A6A, 0x6A6A, 0x6A6A, 0x6A6A, 0x6A6A, 0x6A30, 0x4D4D, 0x4D4D, 0x4D4D, 0x624D,
    0x4D7D, 0x4D7D, 0x4D4D, 0x4D5B, 0x4D4D, 0x5B4D, 0x415C, 0x4541, 0x4545, 0x3A45, 0x3A45, 0x493A,
    0x398B, 0x3939, 0x8B8B, 0x398B, 0x3A39, 0x8686, 0x8B3A, 0x8B8B, 0x398B, 0x3939, 0x8B8B, 0x8B8B,
    0x7B82, 0x4942, 0x393A, 0x4738, 0x8E5E, 0x8E8E, 0x4183, 0x3B3B, 0x7D7D, 0x8391, 0x4183, 0x3B41,
    0x4848, 0x4848, 0x4049, 0x3F37, 0x4A4A, 0x4A4A, 0x4A7E, 0x4A4A, 0x4A4A, 0x4A4A, 0x934A, 0x4A4A,
    0x4A49, 0x4A4A, 0x4A4A, 0x4A86, 0x4C7A, 0x4B4B, 0x4948, 0x4937, 0x5E5E, 0x7272, 0x765F, 0x5656,
    0x3B3B, 0x3B3B, 0x3B3B, 0x3D3D, 0x3B3B, 0x3B3B, 0x3B3B, 0x3D3F, 0x413F, 0x3B3D, 0x3B3B, 0x7B3D,
    0x494A, 0x7B3F, 0x7B41, 0x827B, 0x4A4A, 0x7E4A, 0x7E56, 0x7E56, 0x374A, 0x9276, 0x7E92, 0x7E92,
    0x7649, 0x9256, 0x7E7E, 0x7E7E, 0x9292, 0x7E92, 0x7E92, 0x7E7E, 0x3D7A, 0x614E, 0x6762, 0x5767,
    0x3D3D, 0x625E, 0x6167, 0x6767, 0x4647, 0x6288, 0x6762, 0x6762, 0x725F, 0x5C5F, 0x6262, 0x6767,
    0x9292, 0x6092, 0x5C4D, 0x6762, 0x7E7E, 0x9292, 0x625E, 0x625D, 0x927E, 0x5692, 0x615E, 0x7D7D,
    0x5692, 0x7D8E, 0x7D91, 0x7D91, 0x5857, 0x6657, 0x5857, 0x5857, 0x5757, 0x666D, 0x5874, 0x586D,
    0x5867, 0x5857, 0x6657, 0x5857, 0x5757, 0x5758, 0x666D, 0x5766, 0x5767, 0x5857, 0x6357, 0x7D62,
    0x6261, 0x6267, 0x4D4D, 0x4D4D, 0x917D, 0x9191, 0x917D, 0x7D7D, 0x9191, 0x9191, 0x9183, 0x8383,
    0x5757, 0x863A, 0x3A86, 0x8F8B, 0x4B58, 0x8686, 0x3A93, 0x388F, 0x4057, 0x5F39, 0x5F5F, 0x4142,
    0x8283, 0x7D5D, 0x7D7D, 0x7D7D, 0x825D, 0x915D, 0x7D7D, 0x7D7D, 0x5C5C, 0x4D5B, 0x7D7D, 0x7D7D,
    0x4D4D, 0x4D4D, 0x4D4D, 0x4D4D, 0x8383, 0x9183, 0x4183, 0x4872, 0x3B3B, 0x3B3D, 0x3D7B, 0x817B,
    0x3B3C, 0x3B42, 0x463D, 0x5B7B, 0x7B7B, 0x5D47, 0x5B5B, 0x5C5B, 0x7D91, 0x9191, 0x9191, 0x7D91,
    0x917D, 0x917D, 0x917D, 0x8391, 0x7D7D, 0x9191, 0x9191, 0x9191, 0x7D4D, 0x7D4D, 0x4D4D, 0x7D4D,
    0x727C, 0x5F72, 0x5656, 0x5656, 0x5948, 0x5D40, 0x5D5B, 0x825D, 0x4D7D, 0x5B7D, 0x5B5B, 0x5B5B,
    0x4D4D, 0x7D4D, 0x7D5B, 0x5B5B, 0x4D4D, 0x4D5B, 0x4D7D, 0x5B7D, 0x4D91, 0x4D4D, 0x4D4D, 0x5B4D,
    0x8383, 0x4D91, 0x4D4E, 0x4D5B, 0x7D4D, 0x8391, 0x5D5D, 0x5B88, 0x7692, 0x4D7D, 0x7D91, 0x4E5B,
    0x5D5D, 0x4788, 0x474F, 0x4747, 0x5C5B, 0x477B, 0x4782, 0x477B, 0x5B5B, 0x475C, 0x4747, 0x4747,
    0x7D5D, 0x475D, 0x4782, 0x4747, 0x5B4D, 0x5D4D, 0x5D5D, 0x825D, 0x4E5B, 0x5C5B, 0x4747, 0x5D5E,
    0x5B4D, 0x5D5B, 0x7B47, 0x4747, 0x4D5B, 0x4D4D, 0x5C5B, 0x475E, 0x4747, 0x7B47, 0x4747, 0x4747,
    0x4747, 0x4747, 0x4747, 0x4747, 0x4747, 0x4747, 0x4747, 0x4747, 0x4782, 0x4747, 0x4747, 0x4747,
    0x4747, 0x4747, 0x4747, 0x4747, 0x5D5D, 0x4782, 0x827B, 0x477B, 0x4747, 0x5B88, 0x5C5B, 0x5B88,
    0x825E, 0x8281, 0x7C41, 0x725F, 0x4747, 0x4041, 0x4241, 0x4241, 0x4747, 0x4242, 0x4142, 0x4240,
    0x4747, 0x423F, 0x4241, 0x4241, 0x4747, 0x4142, 0x4142, 0x3F42, 0x4788, 0x423F, 0x483F, 0x4241,
    0x4741, 0x7B7B, 0x7B7B, 0x4781, 0x7682, 0x5676, 0x5676, 0x6076, 0x7E60, 0x9292, 0x9292, 0x7E92,
    0x4141, 0x4241, 0x4841, 0x4241, 0x4142, 0x4140, 0x4140, 0x4140, 0x4241, 0x4241, 0x4241, 0x483F,
    0x4142, 0x4142, 0x4142, 0x4142, 0x413F, 0x4141, 0x414B, 0x483F, 0x4782, 0x427B, 0x3F42, 0x5E41,
    0x7676, 0x3D41, 0x8F8D, 0x8F8F, 0x7E7E, 0x767E, 0x3D8F, 0x8F8F, 0x413F, 0x413F, 0x413F, 0x483F,
    0x4142, 0x4140, 0x4142, 0x4842, 0x4841, 0x413F, 0x483F, 0x413F, 0x4142, 0x4142, 0x4842, 0x4142,
    0x413F, 0x413F, 0x817B, 0x817B, 0x5D5E, 0x5E5E, 0x5D5E, 0x5E5E, 0x827B, 0x825E, 0x8247, 0x5E5D,
    0x3D8F, 0x5C5D, 0x5C5D, 0x5C5C, 0x4141, 0x4241, 0x4241, 0x4041, 0x4142, 0x4140, 0x4142, 0x4142,
    0x4841, 0x413F, 0x4841, 0x483F, 0x4240, 0x4142, 0x4140, 0x4141, 0x8282, 0x825D, 0x825D, 0x5E5D,
    0x5D5E, 0x5D82, 0x5E5E, 0x5E82, 0x8247, 0x8247, 0x5E47, 0x475C, 0x5C5D, 0x5E82, 0x8282, 0x7272,
    0x4841, 0x4141, 0x7E42, 0x7E7E, 0x4142, 0x7B40, 0x9276, 0x7E92, 0x4241, 0x7B41, 0x9276, 0x7E7E,
    0x4142, 0x7B42, 0x9276, 0x7E92, 0x5E5C, 0x825E, 0x594C, 0x7E56, 0x5E82, 0x8282, 0x5766, 0x596D,
    0x5C5C, 0x5C88, 0x4C5B, 0x6057, 0x5F5F, 0x7676, 0x5656, 0x7E7E, 0x7E56, 0x7E7E, 0x727C, 0x5157,
    0x7E7E, 0x9292, 0x7C60, 0x666F, 0x7E7E, 0x757E, 0x597C, 0x6059, 0x7E92, 0x7C92, 0x596D, 0x596F,
    0x7E93, 0x597E, 0x8182, 0x7282, 0x937E, 0x7E7E, 0x567E, 0x7656, 0x7E93, 0x7E93, 0x7E7E, 0x927E,
    0x7E7E, 0x7E7E, 0x7E7E, 0x7E7E, 0x5163, 0x5151, 0x5163, 0x5151, 0x6351, 0x5151, 0x5151, 0x5151,
    0x667C, 0x5163, 0x5051, 0x5158, 0x6060, 0x666E, 0x6351, 0x5151, 0x7C66, 0x7E7C, 0x5956, 0x6357,
    0x5656, 0x7E92, 0x9292, 0x6092, 0x7E7E, 0x7E7E, 0x7E7E, 0x927E, 0x7E92, 0x7E7E, 0x7E92, 0x7E92,
    0x5157, 0x5151, 0x9063, 0x6A54, 0x5151, 0x5151, 0x9063, 0x7769, 0x5151, 0x5158, 0x9063, 0x6A54,
    0x5151, 0x5151, 0x9083, 0x7769, 0x5163, 0x5151, 0x9063, 0x6A54, 0x638E, 0x5151, 0x5583, 0x6A30,
    0x5692, 0x6366, 0x6863, 0x6A53, 0x9292, 0x5692, 0x686E, 0x7754, 0x778A, 0x8A84, 0x8A90, 0x8A8A,
    0x8A6A, 0x908A, 0x908A, 0x8A8A, 0x776A, 0x8A84, 0x8A64, 0x8A90, 0x7768, 0x848A, 0x8A8A, 0x8A8A,
    0x7777, 0x8A84, 0x8A90, 0x8A8A, 0x7753, 0x648A, 0x908A, 0x8A8A, 0x6A6A, 0x8A84, 0x8A90, 0x7790,
    0x6A30, 0x908A, 0x908A, 0x648A, 0x778A, 0x6A8A, 0x778A, 0x6A77, 0x8A8A, 0x776A, 0x776A, 0x776A,
    0x8A8A, 0x8A8A, 0x778A, 0x8A8A, 0x8A8A, 0x8A77, 0x7768, 0x6A6A, 0x8A90, 0x778A, 0x6A8A, 0x778A,
    0x8A8A, 0x8A77, 0x7777, 0x776A, 0x6A8A, 0x5377, 0x686A, 0x5353, 0x648A, 0x848A, 0x848A, 0x8484,
    0x6A8A, 0x6A77, 0x6A8A, 0x6A8A, 0x776A, 0x776A, 0x776A, 0x776A, 0x778A, 0x8A8A, 0x778A, 0x778A,
    0x6A68, 0x6A68, 0x6A68, 0x6A68, 0x778A, 0x6A8A, 0x6A8A, 0x6A77, 0x8A77, 0x776A, 0x776A, 0x6A6A,
    0x686A, 0x536A, 0x536A, 0x686A, 0x8484, 0x7484, 0x7484, 0x5874, 0x778A, 0x6A8A, 0x6A8A, 0x6A8A,
    0x8A77, 0x776A, 0x776A, 0x776A, 0x778A, 0x778A, 0x6A8A, 0x6A8A, 0x6A30, 0x6A68, 0x6A30, 0x6A68,
    0x778A, 0x6A77, 0x6A8A, 0x778A, 0x6A68, 0x6A68, 0x5330, 0x5330, 0x688A, 0x8A8A, 0x8A90, 0x9064,
    0x7474, 0x5874, 0x5874, 0x5858, 0x6A8A, 0x6A6A, 0x6A8A, 0x6A77, 0x776A, 0x776A, 0x8A77, 0x776A,
    0x6A8A, 0x6A77, 0x6A77, 0x6A77, 0x6A30, 0x6A68, 0x6A68, 0x7768, 0x778A, 0x7777, 0x778A, 0x778A,
    0x5330, 0x3069, 0x6830, 0x3069, 0x6464, 0x846B, 0x846B, 0x7474, 0x5874, 0x5858, 0x5874, 0x5858,
    0x6A77, 0x6A77, 0x6A77, 0x6A8A, 0x8A6A, 0x8A6A, 0x8A77, 0x7777, 0x6A77, 0x6A77, 0x6A8A, 0x778A,
    0x6A6A, 0x6A6A, 0x7768, 0x776A, 0x6A8A, 0x6A77, 0x778A, 0x6A8A, 0x6869, 0x6830, 0x6A68, 0x5568,
    0x7466, 0x5858, 0x5858, 0x5863, 0x5874, 0x5858, 0x5858, 0x5858, 0x698A, 0x586B, 0x5858, 0x5858,
    0x696A, 0x6384, 0x5858, 0x5858, 0x698A, 0x586B, 0x5858, 0x5858, 0x696A, 0x6384, 0x5874, 0x5858,
    0x696A, 0x5874, 0x5858, 0x5858, 0x6455, 0x5874, 0x5858, 0x5858, 0x5867, 0x5858, 0x5858, 0x5858,
    0x5874, 0x5858, 0x5874, 0x6358, 0x6861, 0x778A, 0x8A8A, 0x8A8A, 0x7763, 0x8A6A, 0x8A77, 0x8A8A,
    0x6861, 0x778A, 0x778A, 0x8A8A, 0x7763, 0x8A6A, 0x8A77, 0x8A8A, 0x6861, 0x6A8A, 0x8A8A, 0x8A8A,
    0x7763, 0x8A6A, 0x8A8A, 0x8A8A, 0x6861, 0x8A8A, 0x8A8A, 0x8A90, 0x7763, 0x8A8A, 0x8A77, 0x8A8A,
    0x8A84, 0x6450, 0x8A6A, 0x6A8A, 0x908A, 0x646B, 0x8A6A, 0x8A6A, 0x8A90, 0x6450, 0x8A6A, 0x778A,
    0x8A8A, 0x646B, 0x8A68, 0x8A6A, 0x8A84, 0x6450, 0x8A6A, 0x8A8A, 0x908A, 0x646B, 0x8A6A, 0x8A6A,
    0x8A90, 0x6450, 0x8A6A, 0x778A, 0x8A8A, 0x646B, 0x8A30, 0x8A6A, 0x778A, 0x6A8A, 0x6A8A, 0x6A6A,
    0x8A6A, 0x6A6A, 0x6A6A, 0x6A68, 0x6A8A, 0x6A8A, 0x6A6A, 0x6A6A, 0x776A, 0x776A, 0x6A6A, 0x8A6A,
    0x778A, 0x6A8A, 0x6A8A, 0x6A77, 0x8A6A, 0x776A, 0x776A, 0x6A6A, 0x8A8A, 0x6A8A, 0x6A8A, 0x6A8A,
    0x8A6A, 0x8A77, 0x6A6A, 0x906A, 0x6A6A, 0x6A6A, 0x778A, 0x6A77, 0x6A6A, 0x6A68, 0x776A, 0x6A6A,
    0x6A6A, 0x6A6A, 0x6A77, 0x6A77, 0x6A68, 0x6A6A, 0x776A, 0x776A, 0x6A77, 0x6A77, 0x778A, 0x6A8A,
    0x776A, 0x6A6A, 0x776A, 0x6A6A, 0x6A6A, 0x6A8A, 0x6A8A, 0x6A8A, 0x8A90, 0x776A, 0x776A, 0x776A,
    0x6A8A, 0x6A77, 0x5377, 0x536A, 0x776A, 0x6A68, 0x6A6A, 0x6A68, 0x6A77, 0x6A77, 0x6A77, 0x6A6A,
    0x6A6A, 0x6A6A, 0x6A68, 0x6A53, 0x6A8A, 0x6A6A, 0x6A8A, 0x6A6A, 0x776A, 0x8A77, 0x6A77, 0x6A30,
    0x6A8A, 0x6490, 0x6B6B, 0x6487, 0x776A, 0x776A, 0x6477, 0x506B, 0x4D4D, 0x5B4D, 0x4147, 0x5641,
    0x4D4D, 0x4D4D, 0x725D, 0x7E59, 0x5982, 0x5676, 0x927E, 0x7E7E, 0x9292, 0x7E92, 0x7E7E, 0x7E7E,
    0x7E93, 0x7E7E, 0x7E7E, 0x7E7E, 0x7E7E, 0x7E7E, 0x7E7E, 0x7E92, 0x927E, 0x927E, 0x7E7E, 0x7E56,
    0x7676, 0x8676, 0x4443, 0x4544, 0x7E56, 0x927E, 0x927E, 0x7E7E, 0x7E92, 0x7E7E, 0x7E7E, 0x7E7E,
    0x7E7E, 0x7E7E, 0x7E7E, 0x7E7E, 0x7E7E, 0x7E7E, 0x7E92, 0x7E7E, 0x7E7E, 0x7E7E, 0x7E7E, 0x7E7E,
    0x7E92, 0x9292, 0x7E92, 0x9292, 0x7E56, 0x9393, 0x7E93, 0x6056, 0x4444, 0x4544, 0x7676, 0x5D81,
    0x7E7E, 0x7E7E, 0x7E7E, 0x927E, 0x7E7E, 0x7E92, 0x7E7E, 0x7292, 0x7E7E, 0x7E7E, 0x567E, 0x7D7D,
    0x7E92, 0x7E7E, 0x8256, 0x5D7D, 0x7E7E, 0x6056, 0x5B81, 0x7D4D, 0x5692, 0x8276, 0x7D7D, 0x8391,
    0x417C, 0x7D7D, 0x9191, 0x9191, 0x7D91, 0x7D91, 0x7D91, 0x9191, 0x7D59, 0x7D4D, 0x7D7D, 0x7D7D,
    0x7D7D, 0x7D5D, 0x7D7D, 0x7D7D, 0x8382, 0x7D4D, 0x7D4D, 0x7672, 0x4D5E, 0x475B, 0x5676, 0x767E,
    0x5F5D, 0x5676, 0x8159, 0x4D5B, 0x7287, 0x838E, 0x7D91, 0x9191, 0x917D, 0x917D, 0x9191, 0x9191,
    0x9191, 0x9191, 0x7D91, 0x5D7D, 0x7D7D, 0x917D, 0x917D, 0x8391, 0x7D91, 0x7D91, 0x7D7D, 0x7D7D,
    0x5693, 0x5F5F, 0x597C, 0x565F, 0x5D8E, 0x7C5E, 0x5660, 0x9275, 0x814D, 0x7E56, 0x7E93, 0x9292,
    0x598E, 0x9356, 0x8693, 0x8686, 0x7D7D, 0x727D, 0x435F, 0x4444, 0x7C72, 0x725F, 0x435F, 0x4343,
    0x8391, 0x8391, 0x8E91, 0x597C, 0x7D7D, 0x9191, 0x9191, 0x9191, 0x7C76, 0x8181, 0x7D7D, 0x7D7D,
    0x9279, 0x9279, 0x6092, 0x7C76, 0x9292, 0x7E7E, 0x7E93, 0x7E7E, 0x4376, 0x4443, 0x4486, 0x4386,
    0x4344, 0x4344, 0x4343, 0x4344, 0x4343, 0x4343, 0x4343, 0x4343, 0x767C, 0x7E93, 0x9256, 0x9292,
    0x8291, 0x7676, 0x927E, 0x9292, 0x917D, 0x7572, 0x9292, 0x927E, 0x7C5F, 0x5978, 0x9292, 0x9279,
    0x7E93, 0x9393, 0x9376, 0x9376, 0x4386, 0x4386, 0x4486, 0x4444, 0x4344, 0x4344, 0x4344, 0x4344,
    0x4343, 0x4343, 0x4343, 0x4343, 0x9292, 0x5F56, 0x7C7C, 0x4D82, 0x7E92, 0x9292, 0x9292, 0x5679,
    0x927E, 0x927E, 0x927E, 0x927E, 0x9279, 0x9292, 0x9279, 0x9292, 0x9376, 0x8686, 0x4343, 0x4343,
    0x4444, 0x4444, 0x4443, 0x4443, 0x4344, 0x4344, 0x4344, 0x4344, 0x4443, 0x4443, 0x4443, 0x4343,
    0x7681, 0x5656, 0x5656, 0x7E56, 0x9292, 0x9279, 0x9292, 0x9292, 0x927E, 0x927E, 0x9292, 0x9292,
    0x7592, 0x7E92, 0x7E92, 0x567E, 0x4443, 0x4444, 0x4445, 0x4445, 0x4343, 0x4386, 0x4343, 0x4386,
    0x4343, 0x4344, 0x4344, 0x4344, 0x4343, 0x4443, 0x4343, 0x4443, 0x7E56, 0x927E, 0x927E, 0x9292,
    0x7E92, 0x7E92, 0x7E92, 0x7E7E, 0x9292, 0x9292, 0x9292, 0x9292, 0x567E, 0x937E, 0x937E, 0x7693,
    0x443C, 0x4445, 0x443C, 0x4444, 0x4343, 0x4386, 0x4343, 0x4386, 0x4344, 0x4344, 0x4344, 0x4344,
    0x4343, 0x4443, 0x4343, 0x4343, 0x7E92, 0x7E7E, 0x7E7E, 0x7E7E, 0x7E7E, 0x7E92, 0x7E7E, 0x7E92,
    0x9292, 0x9292, 0x927E, 0x927E, 0x7693, 0x8693, 0x4386, 0x4343, 0x4445, 0x4444, 0x4344, 0x4344,
    0x4343, 0x4343, 0x4343, 0x4386, 0x4344, 0x4344, 0x4343, 0x4343, 0x4343, 0x4343, 0x4343, 0x4343,
    0x7E7E, 0x7E7E, 0x5656, 0x4376, 0x7E7E, 0x7E92, 0x7E92, 0x9292, 0x7E7E, 0x7E56, 0x7E56, 0x9393,
    0x4443, 0x4544, 0x4444, 0x4444, 0x4344, 0x4343, 0x4344, 0x4343, 0x4343, 0x4343, 0x4343, 0x4343,
    0x4344, 0x4343, 0x4343, 0x4344, 0x4343, 0x4343, 0x4343, 0x4443, 0x765F, 0x7676, 0x5676, 0x5693,
    0x9292, 0x9292, 0x9292, 0x7E92, 0x8686, 0x8686, 0x8686, 0x4344, 0x4486, 0x4443, 0x4486, 0x4386,
    0x4344, 0x4444, 0x4344, 0x4344, 0x4443, 0x4486, 0x4443, 0x4443, 0x4344, 0x4444, 0x4344, 0x4344,
    0x4443, 0x4443, 0x4343, 0x4443, 0x5693, 0x7E56, 0x927E, 0x9292, 0x7E7E, 0x7E7E, 0x937E, 0x7E7E,
    0x8644, 0x8644, 0x4444, 0x4444, 0x4486, 0x4443, 0x4386, 0x4343, 0x4344, 0x4344, 0x4344, 0x4344,
    0x4443, 0x4443, 0x4443, 0x4443, 0x4344, 0x4344, 0x4344, 0x4344, 0x4343, 0x4443, 0x4343, 0x4343,
    0x9292, 0x9292, 0x927E, 0x927E, 0x937E, 0x937E, 0x9393, 0x9356, 0x4444, 0x4444, 0x4444, 0x4445,
    0x4386, 0x4443, 0x4386, 0x4443, 0x4344, 0x4344, 0x4444, 0x4344, 0x4343, 0x4343, 0x4443, 0x4443,
    0x4344, 0x4344, 0x4344, 0x4444, 0x4343, 0x4343, 0x4343, 0x4443, 0x927E, 0x9292, 0x9292, 0x927E,
    0x7693, 0x7693, 0x8676, 0x4376, 0x4444, 0x4444, 0x4344, 0x4344, 0x4386, 0x4343, 0x4386, 0x4343,
    0x4344, 0x4344, 0x4344, 0x4344, 0x4443, 0x4443, 0x4343, 0x4343, 0x4344, 0x4344, 0x4344, 0x4344,
    0x4343, 0x4343, 0x4386, 0x4343, 0x7E7E, 0x7E7E, 0x7E56, 0x7E93, 0x4343, 0x4443, 0x4544, 0x455F,
    0x4344, 0x4344, 0x4343, 0x4343, 0x4386, 0x4443, 0x4343, 0x4443, 0x4344, 0x4344, 0x4344, 0x4343,
    0x4343, 0x4343, 0x4343, 0x4343, 0x4343, 0x4344, 0x4343, 0x4343, 0x4343, 0x4343, 0x5F76, 0x445F,
    0x5693, 0x9393, 0x6086, 0x6A53, 0x4544, 0x4443, 0x4386, 0x6A30, 0x4343, 0x4344, 0x4343, 0x6A55,
    0x4443, 0x4443, 0x4386, 0x6A68, 0x4344, 0x4344, 0x4344, 0x6A55, 0x4343, 0x4343, 0x4386, 0x6A65,
    0x4343, 0x4344, 0x4344, 0x6A55, 0x445F, 0x4544, 0x4544, 0x6A68, 0x6A6A, 0x7474, 0x7458, 0x7458,
    0x8A30, 0x7474, 0x7474, 0x7474, 0x6A53, 0x7458, 0x7474, 0x7474, 0x5530, 0x7474, 0x7484, 0x7474,
    0x556A, 0x7458, 0x7474, 0x7474, 0x8A53, 0x7474, 0x7474, 0x7484, 0x7753, 0x7458, 0x7474, 0x7474,
    0x8A30, 0x7474, 0x7484, 0x7484, 0x7458, 0x7458, 0x7458, 0x7458, 0x7474, 0x7484, 0x7474, 0x7484,
    0x7474, 0x7474, 0x7474, 0x7474, 0x7484, 0x7474, 0x7484, 0x7474, 0x7474, 0x7474, 0x7474, 0x7474,
    0x7474, 0x7484, 0x7474, 0x7474, 0x7474, 0x7474, 0x7474, 0x7474, 0x7484, 0x7484, 0x7484, 0x7474,
    0x7458, 0x7474, 0x7458, 0x7474, 0x7474, 0x7484, 0x7474, 0x7474, 0x7474, 0x7474, 0x7474, 0x7474,
    0x7484, 0x7484, 0x7484, 0x7474, 0x7474, 0x7474, 0x7474, 0x7474, 0x7474, 0x7484, 0x7474, 0x7474,
    0x7474, 0x7474, 0x7474, 0x7474, 0x7484, 0x7484, 0x7484, 0x7474, 0x7474, 0x7474, 0x7474, 0x7474,
    0x7474, 0x7474, 0x7474, 0x7474, 0x7474, 0x7474, 0x7474, 0x7474, 0x7484, 0x7474, 0x7474, 0x7474,
    0x7474, 0x7474, 0x7458, 0x7474, 0x7474, 0x7474, 0x7474, 0x7474, 0x7474, 0x7474, 0x7474, 0x7458,
    0x7474, 0x7474, 0x7474, 0x7474, 0x7474, 0x7474, 0x7458, 0x7458, 0x7474, 0x7474, 0x5874, 0x5874,
    0x7474, 0x7458, 0x7458, 0x7458, 0x7474, 0x5874, 0x7474, 0x5874, 0x7458, 0x7458, 0x5858, 0x7458,
    0x5874, 0x5874, 0x5874, 0x5874, 0x7474, 0x7458, 0x7458, 0x5858, 0x7474, 0x5874, 0x5874, 0x5874,
    0x5858, 0x5858, 0x5858, 0x5858, 0x5874, 0x5874, 0x5874, 0x5858, 0x7458, 0x5858, 0x5858, 0x5858,
    0x5874, 0x5874, 0x5874, 0x5858, 0x5858, 0x5858, 0x5858, 0x5858, 0x5874, 0x5874, 0x5858, 0x5874,
    0x5858, 0x5858, 0x5858, 0x5858, 0x5874, 0x5874, 0x5874, 0x5858, 0x5858, 0x5858, 0x5858, 0x5858,
    0x5858, 0x5858, 0x5858, 0x5858, 0x5858, 0x5858, 0x5858, 0x5858, 0x5874, 0x5858, 0x5858, 0x6358,
    0x5858, 0x5858, 0x5858, 0x5858, 0x5858, 0x5858, 0x5858, 0x6358, 0x5858, 0x5858, 0x5858, 0x5863,
    0x5858, 0x5858, 0x5858, 0x6358, 0x8A8A, 0x6A8A, 0x6A8A, 0x8A77, 0x8A6A, 0x8A6A, 0x776A, 0x6A6A,
    0x6A8A, 0x8A8A, 0x6A8A, 0x536A, 0x8A6A, 0x8A6A, 0x6490, 0x836B, 0x8A8A, 0x908A, 0x6464, 0x9064,
    0x8A77, 0x8A6A, 0x6A6A, 0x6A6A, 0x778A, 0x6A8A, 0x6A8A, 0x6A8A, 0x8A6A, 0x8A6A, 0x7768, 0x776A,
    0x8A90, 0x8A8A, 0x6A6A, 0x6A6A, 0x6A54, 0x8A69, 0x6B64, 0x6464, 0x7890, 0x9150, 0x7D4D, 0x5067,
    0x9183, 0x5083, 0x9064, 0x5477, 0x7790, 0x5377, 0x6A6A, 0x688A, 0x6A54, 0x8A6A, 0x8A77, 0x6B52,
    0x6A77, 0x778A, 0x6A8A, 0x7D64, 0x776A, 0x8A6A, 0x776A, 0x7D51, 0x778A, 0x778A, 0x6A8A, 0x776A,
    0x778A, 0x8A6A, 0x7777, 0x776A, 0x646B, 0x6953, 0x5453, 0x6954, 0x7D6B, 0x5083, 0x876B, 0x5087,
    0x7D67, 0x7D7D, 0x7D4D, 0x7D7D, 0x7D7D, 0x7D7D, 0x627D, 0x617D, 0x7D5B, 0x6450, 0x6464, 0x7D63,
    0x908E, 0x5469, 0x9052, 0x9178, 0x8644, 0x5F44, 0x4345, 0x4344, 0x725F, 0x728E, 0x4443, 0x4443,
    0x917D, 0x4372, 0x4344, 0x4444, 0x5F8E, 0x4486, 0x4343, 0x4343, 0x4443, 0x4344, 0x4345, 0x5F43,
    0x4444, 0x4344, 0x7C76, 0x5E72, 0x8643, 0x7643, 0x7D82, 0x7D5B, 0x728E, 0x5D72, 0x7D7D, 0x7D7D,
    0x4344, 0x7644, 0x5D5F, 0x7D5B, 0x4443, 0x7276, 0x7D7D, 0x7D7D, 0x7643, 0x7D82, 0x7D7D, 0x7D4D,
    0x8276, 0x5D7D, 0x4D7D, 0x4D7D, 0x5B82, 0x7D4D, 0x5B4D, 0x5F47, 0x7D7D, 0x7D7D, 0x8183, 0x7272,
    0x7D7D, 0x917D, 0x917D, 0x917D, 0x7D7D, 0x7D7D, 0x9191, 0x7D91, 0x7D7D, 0x7D7D, 0x7D7D, 0x7D7D,
    0x7D7D, 0x7D7D, 0x7D7D, 0x7D7D, 0x7D7D, 0x5D4D, 0x5D7D, 0x827D, 0x827D, 0x765F, 0x7676, 0x8676,
    0x9376, 0x4386, 0x4444, 0x4344, 0x4172, 0x435F, 0x4544, 0x4544, 0x7D7D, 0x415D, 0x4542, 0x423B,
    0x9191, 0x7D91, 0x4182, 0x4245, 0x7D7D, 0x7D7D, 0x5D4D, 0x7641, 0x4D7D, 0x815D, 0x865F, 0x4486,
    0x5F72, 0x8643, 0x5F43, 0x4444, 0x4376, 0x4444, 0x4443, 0x4443, 0x4344, 0x4343, 0x4344, 0x4344,
    0x4545, 0x4245, 0x4245, 0x4245, 0x423B, 0x423B, 0x423F, 0x423F, 0x4245, 0x4245, 0x4245, 0x4545,
    0x4343, 0x4344, 0x4444, 0x4344, 0x4443, 0x4443, 0x4443, 0x4343, 0x4344, 0x4444, 0x4344, 0x4444,
    0x4443, 0x4443, 0x4343, 0x4443, 0x4344, 0x4445, 0x4445, 0x4445, 0x4245, 0x3B42, 0x3F42, 0x4842,
    0x4242, 0x4248, 0x4042, 0x4242, 0x4545, 0x4545, 0x4545, 0x4545, 0x4344, 0x4344, 0x4344, 0x4343,
    0x4443, 0x4343, 0x4343, 0x4343, 0x4344, 0x4344, 0x4344, 0x4344, 0x4343, 0x4343, 0x4343, 0x4343,
    0x4545, 0x4545, 0x4545, 0x4542, 0x4842, 0x4242, 0x4242, 0x4242, 0x4542, 0x4542, 0x4542, 0x4542,
    0x4545, 0x4545, 0x4544, 0x4544, 0x4343, 0x4343, 0x4344, 0x4344, 0x4343, 0x4343, 0x4443, 0x4443,
    0x4343, 0x4343, 0x4343, 0x4343, 0x4386, 0x4343, 0x4343, 0x4443, 0x4042, 0x4242, 0x4238, 0x4242,
    0x4242, 0x4240, 0x4240, 0x4245, 0x4542, 0x4545, 0x4545, 0x4545, 0x4444, 0x4444, 0x4444, 0x4444,
    0x5F44, 0x4344, 0x4444, 0x4344, 0x4443, 0x4443, 0x4443, 0x4443, 0x4344, 0x4343, 0x4343, 0x4343,
    0x4443, 0x4444, 0x4544, 0x4545, 0x4237, 0x423B, 0x423B, 0x423B, 0x4245, 0x4245, 0x4245, 0x4245,
    0x4545, 0x4545, 0x4545, 0x4545, 0x4444, 0x4444, 0x4444, 0x4444, 0x4344, 0x4344, 0x4344, 0x4344,
    0x4443, 0x4443, 0x4443, 0x4443, 0x4343, 0x4344, 0x4343, 0x4344, 0x4545, 0x4245, 0x4245, 0x4245,
    0x423B, 0x423F, 0x4248, 0x4242, 0x4245, 0x4045, 0x4545, 0x4545, 0x4545, 0x4545, 0x4445, 0x4445,
    0x4444, 0x4444, 0x4444, 0x4444, 0x4344, 0x4344, 0x4344, 0x4344, 0x4343, 0x4443, 0x4343, 0x4343,
    0x4444, 0x4444, 0x4444, 0x4545, 0x4240, 0x4242, 0x4242, 0x4842, 0x4242, 0x4242, 0x4242, 0x4542,
    0x4545, 0x4545, 0x4545, 0x4545, 0x4445, 0x4445, 0x4445, 0x4445, 0x4444, 0x4444, 0x4444, 0x4444,
    0x4444, 0x4344, 0x4344, 0x4344, 0x4343, 0x4343, 0x4343, 0x4386, 0x4545, 0x4545, 0x4542, 0x4042,
    0x4242, 0x4242, 0x4242, 0x4242, 0x4542, 0x4542, 0x4542, 0x4542, 0x4545, 0x4544, 0x4545, 0x4544,
    0x4444, 0x4445, 0x4444, 0x4445, 0x4443, 0x4444, 0x4444, 0x4444, 0x4344, 0x4343, 0x4344, 0x4344,
    0x4343, 0x4443, 0x4443, 0x4443, 0x4242, 0x4242, 0x4242, 0x423B, 0x4242, 0x4245, 0x4245, 0x4245,
    0x4542, 0x4545, 0x453C, 0x4545, 0x4544, 0x4544, 0x4544, 0x4444, 0x4444, 0x4444, 0x4444, 0x4444,
    0x4444, 0x4444, 0x4443, 0x4444, 0x4344, 0x4344, 0x4344, 0x4344, 0x4544, 0x4544, 0x4245, 0x4545,
    0x423B, 0x423B, 0x423F, 0x423B, 0x4245, 0x4245, 0x4045, 0x4045, 0x4545, 0x4545, 0x4545, 0x4545,
    0x4444, 0x4444, 0x4444, 0x4444, 0x4444, 0x4444, 0x4444, 0x4444, 0x4444, 0x4444, 0x4444, 0x4444,
    0x4344, 0x4344, 0x4344, 0x4444, 0x4245, 0x4245, 0x4240, 0x4245, 0x4242, 0x4248, 0x4242, 0x4242,
    0x4545, 0x4545, 0x4545, 0x4545, 0x4545, 0x4445, 0x4445, 0x4445, 0x4444, 0x4444, 0x4444, 0x4444,
    0x4444, 0x4444, 0x4444, 0x4444, 0x4444, 0x4444, 0x4444, 0x4444, 0x4444, 0x4445, 0x4545, 0x4545,
    0x4242, 0x4242, 0x4842, 0x4242, 0x4042, 0x4042, 0x4542, 0x4542, 0x4545, 0x4545, 0x4545, 0x4545,
    0x443A, 0x4445, 0x4445, 0x4445, 0x4444, 0x4444, 0x4444, 0x4444, 0x4444, 0x4444, 0x4444, 0x4444,
    0x4444, 0x4444, 0x4444, 0x4544, 0x4545, 0x4242, 0x4238, 0x4242, 0x3B42, 0x4242, 0x4242, 0x4242,
    0x4542, 0x4542, 0x4542, 0x4542, 0x4544, 0x4544, 0x445F, 0x4544, 0x4445, 0x4444, 0x4445, 0x4444,
    0x4444, 0x4444, 0x4444, 0x4444, 0x4444, 0x4444, 0x4444, 0x443A, 0x4544, 0x4544, 0x4343, 0x4376,
    0x423B, 0x423B, 0x7B3B, 0x4541, 0x4242, 0x4240, 0x3F42, 0x435F, 0x4545, 0x453C, 0x3F42, 0x4345,
    0x4544, 0x4544, 0x3F45, 0x4343, 0x4445, 0x4545, 0x3F45, 0x4344, 0x4444, 0x4544, 0x3F45, 0x445F,
    0x4444, 0x443A, 0x3F45, 0x4340, 0x5F43, 0x7C5F, 0x3F45, 0x435F, 0x4540, 0x4445, 0x5F45, 0x6A68,
    0x4343, 0x4343, 0x4343, 0x6A68, 0x4344, 0x4344, 0x4344, 0x6A55, 0x4443, 0x4343, 0x4386, 0x6A68,
    0x4344, 0x4344, 0x4344, 0x6A55, 0x4443, 0x4443, 0x4343, 0x6A68, 0x4344, 0x4344, 0x4344, 0x6A55,
    0x4444, 0x4444, 0x4386, 0x6A68, 0x556A, 0x7458, 0x7474, 0x7474, 0x8A30, 0x7474, 0x7474, 0x7484,
    0x7753, 0x7458, 0x7474, 0x7474, 0x8A69, 0x7474, 0x7484, 0x7484, 0x8A53, 0x7458, 0x7474, 0x7474,
    0x8A54, 0x7474, 0x7474, 0x7484, 0x5553, 0x7458, 0x7474, 0x7474, 0x8A69, 0x7474, 0x7484, 0x7484,
    0x7474, 0x7474, 0x7474, 0x7474, 0x7484, 0x7484, 0x7474, 0x7484, 0x8474, 0x7474, 0x7474, 0x7474,
    0x7484, 0x7484, 0x7484, 0x7474, 0x7474, 0x7474, 0x7474, 0x7474, 0x7484, 0x7484, 0x7484, 0x7484,
    0x8474, 0x7474, 0x7474, 0x7474, 0x7484, 0x7484, 0x7484, 0x7474, 0x7458, 0x7458, 0x5858, 0x5858,
    0x5874, 0x5874, 0x5874, 0x5874, 0x7474, 0x7458, 0x5058, 0x5858, 0x7474, 0x6774, 0x5C5C, 0x5C5C,
    0x7458, 0x5B67, 0x5C4E, 0x5E5C, 0x7474, 0x4E57, 0x5C5C, 0x5E5D, 0x7458, 0x5B63, 0x5B5B, 0x5C5B,
    0x7474, 0x4E57, 0x5B5B, 0x5B5B, 0x5858, 0x5858, 0x5858, 0x5858, 0x5874, 0x5874, 0x5874, 0x5874,
    0x5858, 0x5763, 0x5757, 0x5767, 0x5C5E, 0x5C47, 0x5C5E, 0x5C47, 0x5E5C, 0x5E5E, 0x5E5E, 0x5E5E,
    0x5E5E, 0x5E5E, 0x5E5E, 0x5E82, 0x5E5C, 0x5E5E, 0x825E, 0x825E, 0x5C5C, 0x5E5E, 0x5E82, 0x5E82,
    0x5863, 0x5858, 0x5863, 0x5863, 0x5858, 0x5858, 0x5858, 0x6358, 0x5767, 0x5E5D, 0x5E5E, 0x6367,
    0x475E, 0x475E, 0x5E5E, 0x675E, 0x5E5E, 0x5E5E, 0x5E5E, 0x5E5E, 0x5E82, 0x5E82, 0x5E82, 0x6782,
    0x825E, 0x825E, 0x825E, 0x6782, 0x8257, 0x8282, 0x8257, 0x5D81, 0x778A, 0x778A, 0x6A77, 0x6A77,
    0x7777, 0x776A, 0x776A, 0x776A, 0x6A8A, 0x6A77, 0x6A77, 0x6A77, 0x776A, 0x776A, 0x6A6A, 0x776A,
    0x778A, 0x6A8A, 0x6A77, 0x6A77, 0x7777, 0x776A, 0x7753, 0x6A6A, 0x7777, 0x778A, 0x6A77, 0x6A77,
    0x776A, 0x776A, 0x776A, 0x776A, 0x778A, 0x6A8A, 0x6B8A, 0x9051, 0x776A, 0x8A6A, 0x8A8A, 0x6A6A,
    0x6A77, 0x8A8A, 0x778A, 0x8A8A, 0x7768, 0x8A6A, 0x8A6A, 0x8A8A, 0x7777, 0x8A8A, 0x8A8A, 0x8A8A,
    0x8A6A, 0x8A6A, 0x8A6A, 0x8A77, 0x6A77, 0x8A8A, 0x8A8A, 0x8A8A, 0x6A68, 0x8A6A, 0x8A6A, 0x8A8A,
    0x6A6A, 0x6490, 0x9150, 0x917D, 0x8A8A, 0x8A77, 0x5D66, 0x9183, 0x778A, 0x548A, 0x9151, 0x7D7D,
    0x8A6A, 0x906A, 0x9183, 0x506B, 0x8A8A, 0x848A, 0x6450, 0x6B6B, 0x8A8A, 0x8A8A, 0x646A, 0x836B,
    0x8A8A, 0x8A8A, 0x6A8A, 0x6A6A, 0x8A77, 0x8A8A, 0x8A77, 0x8A6A, 0x917D, 0x7D7D, 0x7D4D, 0x7D4D,
    0x7D91, 0x7D7D, 0x7D7D, 0x7D7D, 0x917D, 0x5D5D, 0x7D5B, 0x7D4D, 0x7676, 0x5E72, 0x4D7D, 0x417D,
    0x7286, 0x7D5B, 0x5B4D, 0x765F, 0x5B72, 0x7D7D, 0x5F5E, 0x4393, 0x917D, 0x917D, 0x835D, 0x7282,
    0x7D91, 0x7D91, 0x7D91, 0x7D7D, 0x7D4D, 0x7D7D, 0x7D7D, 0x7D7D, 0x7D7D, 0x7D7D, 0x4D7D, 0x7D7D,
    0x7D5B, 0x5D5B, 0x815D, 0x5F41, 0x7676, 0x4376, 0x8676, 0x4486, 0x4444, 0x4444, 0x443A, 0x4444,
    0x4443, 0x4486, 0x4444, 0x4444, 0x7281, 0x4441, 0x8644, 0x8644, 0x5F8E, 0x8676, 0x8693, 0x8686,
    0x7D7D, 0x5D5B, 0x4581, 0x4545, 0x815E, 0x435F, 0x4586, 0x4444, 0x8643, 0x4444, 0x4444, 0x4444,
    0x4444, 0x4444, 0x4444, 0x4444, 0x4444, 0x4444, 0x4445, 0x4444, 0x4444, 0x4444, 0x4443, 0x4443,
    0x8644, 0x8644, 0x8643, 0x8644, 0x8686, 0x8686, 0x8686, 0x8686, 0x4545, 0x4545, 0x4545, 0x4545,
    0x4444, 0x4444, 0x4444, 0x4444, 0x4444, 0x4444, 0x4444, 0x4445, 0x4444, 0x4444, 0x4444, 0x4444,
    0x4444, 0x4444, 0x4445, 0x4444, 0x4443, 0x4486, 0x4486, 0x4486, 0x8686, 0x8686, 0x8686, 0x863A,
    0x8686, 0x8686, 0x8686, 0x8686, 0x4545, 0x4445, 0x443A, 0x4445, 0x4544, 0x4444, 0x4444, 0x4444,
    0x4444, 0x4444, 0x4444, 0x4444, 0x4444, 0x4444, 0x4444, 0x4444, 0x4444, 0x4444, 0x4444, 0x4444,
    0x4486, 0x4486, 0x8686, 0x8686, 0x8686, 0x8686, 0x8686, 0x8686, 0x8686, 0x8686, 0x8686, 0x8686,
    0x4445, 0x4444, 0x4445, 0x4444, 0x4444, 0x4444, 0x4444, 0x4443, 0x4444, 0x4444, 0x4444, 0x4444,
    0x4443, 0x4444, 0x4443, 0x4443, 0x4444, 0x4344, 0x4344, 0x8643, 0x8686, 0x8686, 0x8686, 0x8686,
    0x8686, 0x8686, 0x8686, 0x8686, 0x8686, 0x8686, 0x8686, 0x8686, 0x4444, 0x4444, 0x4444, 0x4444,
    0x4443, 0x4443, 0x4443, 0x4443, 0x4444, 0x4344, 0x4444, 0x4444, 0x4443, 0x4443, 0x4343, 0x4443,
    0x8644, 0x8643, 0x8644, 0x8644, 0x8686, 0x8686, 0x8686, 0x8676, 0x8686, 0x8686, 0x8686, 0x8686,
    0x8686, 0x8686, 0x8686, 0x8686, 0x4444, 0x4444, 0x4445, 0x4444, 0x4444, 0x4443, 0x4444, 0x4444,
    0x4444, 0x4444, 0x4444, 0x4444, 0x4386, 0x4443, 0x4386, 0x5F43, 0x8686, 0x8686, 0x933A, 0x6281,
    0x8686, 0x8686, 0x8686, 0x4E5F, 0x8686, 0x8686, 0x8686, 0x4193, 0x8686, 0x8686, 0x8686, 0x5F93,
    0x4445, 0x4444, 0x4445, 0x4444, 0x4444, 0x4444, 0x4544, 0x4444, 0x8643, 0x8643, 0x8643, 0x4343,
    0x415F, 0x8172, 0x8172, 0x5C82, 0x625B, 0x625B, 0x5B5B, 0x624E, 0x625C, 0x6167, 0x5D67, 0x5C67,
    0x624D, 0x5C4E, 0x624E, 0x625B, 0x4E5B, 0x7171, 0x714C, 0x4F71, 0x4445, 0x4444, 0x4445, 0x4444,
    0x4444, 0x4444, 0x4444, 0x4444, 0x7643, 0x765F, 0x435F, 0x435F, 0x5B5C, 0x4E5C, 0x6767, 0x574C,
    0x624E, 0x674E, 0x574E, 0x5757, 0x625D, 0x5C67, 0x6762, 0x6767, 0x5D62, 0x5D5C, 0x625B, 0x674E,
    0x4E67, 0x4E67, 0x6267, 0x4F67, 0x4444, 0x4445, 0x4445, 0x4445, 0x4443, 0x4486, 0x4386, 0x4376,
    0x7C48, 0x5948, 0x7C48, 0x664B, 0x576D, 0x6757, 0x6767, 0x4F67, 0x6767, 0x674F, 0x674E, 0x7F71,
    0x6267, 0x6267, 0x7147, 0x7A46, 0x674E, 0x5E4E, 0x817B, 0x8282, 0x714C, 0x7F46, 0x415F, 0x415F,
    0x4445, 0x4444, 0x4445, 0x4444, 0x4386, 0x4376, 0x4343, 0x4376, 0x814C, 0x5E5E, 0x4246, 0x4442,
    0x7147, 0x7A7A, 0x7A7A, 0x7A46, 0x857A, 0x7A7A, 0x7A89, 0x7A7A, 0x7A7A, 0x7A3D, 0x7A85, 0x857F,
    0x4747, 0x7A3E, 0x7A7A, 0x7A7A, 0x727C, 0x8172, 0x475E, 0x4F47, 0x4445, 0x4444, 0x4445, 0x4444,
    0x4486, 0x4486, 0x4486, 0x4386, 0x7643, 0x9386, 0x8686, 0x8686, 0x7A46, 0x423F, 0x8643, 0x8693,
    0x7A7A, 0x7A89, 0x5C3E, 0x864C, 0x8C7F, 0x7A7F, 0x7146, 0x7C5B, 0x473E, 0x7B88, 0x8847, 0x844E,
    0x885C, 0x475C, 0x5782, 0x846B, 0x4445, 0x4444, 0x4444, 0x4444, 0x8686, 0x8686, 0x8686, 0x8693,
    0x8686, 0x8686, 0x8686, 0x8686, 0x8686, 0x8686, 0x8686, 0x8686, 0x8686, 0x863A, 0x863A, 0x8686,
    0x596F, 0x8660, 0x8686, 0x8686, 0x8A84, 0x9084, 0x6064, 0x8686, 0x908A, 0x848A, 0x6D84, 0x8686,
    0x4444, 0x8644, 0x8643, 0x8686, 0x8686, 0x8693, 0x9393, 0x9393, 0x8686, 0x8686, 0x9386, 0x9386,
    0x8686, 0x8693, 0x8693, 0x8693, 0x8686, 0x8686, 0x8686, 0x9386, 0x8686, 0x8686, 0x8686, 0x8693,
    0x8686, 0x8686, 0x8686, 0x8686, 0x8686, 0x8686, 0x8686, 0x8686, 0x9386, 0x7693, 0x5781, 0x5157,
    0x9393, 0x937E, 0x7256, 0x5863, 0x9393, 0x9393, 0x7E93, 0x5759, 0x9393, 0x9393, 0x937E, 0x937E,
    0x9386, 0x9386, 0x9393, 0x9393, 0x8693, 0x9393, 0x9393, 0x9393, 0x9386, 0x9386, 0x9386, 0x9393,
    0x8693, 0x8693, 0x9393, 0x9393, 0x6363, 0x5763, 0x7B7B, 0x4342, 0x5151, 0x8351, 0x7B3F, 0x4340,
    0x5163, 0x5163, 0x7B46, 0x433F, 0x636D, 0x5151, 0x7B41, 0x4341, 0x6093, 0x6357, 0x7B7B, 0x433F,
    0x9393, 0x7C7E, 0x7B82, 0x433F, 0x9393, 0x7E93, 0x7B7B, 0x443F, 0x9393, 0x9393, 0x475F, 0x443F,
    0x4445, 0x4444, 0x4344, 0x6A55, 0x4444, 0x4443, 0x5F43, 0x6A68, 0x4444, 0x4444, 0x4344, 0x6A55,
    0x4443, 0x4444, 0x4443, 0x6A68, 0x4445, 0x4445, 0x5F44, 0x6A55, 0x4444, 0x4444, 0x4444, 0x6A68,
    0x4445, 0x4445, 0x4444, 0x6A55, 0x4544, 0x4544, 0x4444, 0x6A68, 0x8A53, 0x7458, 0x7474, 0x7474,
    0x8A53, 0x7474, 0x7484, 0x7484, 0x8A53, 0x7458, 0x7474, 0x7474, 0x8A30, 0x7474, 0x7484, 0x7474,
    0x8A53, 0x7458, 0x7474, 0x7474, 0x9030, 0x7474, 0x7474, 0x7474, 0x8A53, 0x7458, 0x7474, 0x7474,
    0x8A30, 0x7474, 0x7474, 0x7474, 0x7474, 0x7474, 0x7474, 0x7474, 0x7484, 0x7484, 0x7474, 0x7484,
    0x7474, 0x7474, 0x7474, 0x7474, 0x7484, 0x7474, 0x7484, 0x7474, 0x7474, 0x7474, 0x7474, 0x7474,
    0x7474, 0x7474, 0x7474, 0x7474, 0x7474, 0x7474, 0x7474, 0x7458, 0x7484, 0x7484, 0x7484, 0x7474,
    0x7474, 0x7474, 0x7474, 0x7474, 0x7474, 0x7484, 0x7474, 0x7474, 0x7474, 0x7474, 0x7474, 0x7474,
    0x7484, 0x7474, 0x7474, 0x7474, 0x7474, 0x7474, 0x7458, 0x7474, 0x7474, 0x7474, 0x7474, 0x7474,
    0x7474, 0x7474, 0x7474, 0x7474, 0x7474, 0x6374, 0x6767, 0x5858, 0x7474, 0x7474, 0x7458, 0x7474,
    0x7474, 0x7474, 0x7474, 0x7474, 0x7474, 0x7458, 0x7458, 0x7458, 0x7474, 0x7474, 0x7474, 0x7474,
    0x7458, 0x7458, 0x7458, 0x7458, 0x7474, 0x5874, 0x7474, 0x7474, 0x7474, 0x7458, 0x5858, 0x6363,
    0x7474, 0x7474, 0x4D62, 0x4D4D, 0x7458, 0x5B61, 0x5B4E, 0x5B4E, 0x7474, 0x4E57, 0x5B5B, 0x5B5C,
    0x7458, 0x5B63, 0x5B4E, 0x5B4E, 0x7474, 0x4E91, 0x5B5B, 0x5B5B, 0x7458, 0x5B61, 0x5B4E, 0x5B88,
    0x7474, 0x4E58, 0x5B5B, 0x5B5C, 0x7458, 0x5B67, 0x5B4E, 0x5B4E, 0x5E67, 0x5B5E, 0x5B5B, 0x5B5B,
    0x5B4E, 0x5C5B, 0x5E5C, 0x825E, 0x5B5B, 0x5B5C, 0x5C5C, 0x8282, 0x5C5B, 0x5B88, 0x5C5B, 0x5E5C,
    0x5B5C, 0x5B5C, 0x5C5D, 0x5C5C, 0x5B4E, 0x5C5B, 0x5C88, 0x5C5C, 0x5B5C, 0x5B5C, 0x5C5C, 0x5C5E,
    0x5C5B, 0x5B5B, 0x5C5B, 0x5C5B, 0x5B5C, 0x5B5C, 0x5C5C, 0x5C5C, 0x8282, 0x8282, 0x8282, 0x5E82,
    0x8282, 0x8181, 0x8172, 0x5E72, 0x825E, 0x7281, 0x7272, 0x8248, 0x5E5E, 0x8181, 0x8172, 0x5E72,
    0x5C5C, 0x825E, 0x8282, 0x5E82, 0x5C5E, 0x825E, 0x8282, 0x5E81, 0x5E5C, 0x8182, 0x4181, 0x5E4B,
    0x5E5E, 0x8182, 0x8172, 0x5E72, 0x778A, 0x8A8A, 0x8A8A, 0x8A8A, 0x776A, 0x8A6A, 0x8A77, 0x8A8A,
    0x7777, 0x778A, 0x8A8A, 0x8A8A, 0x776A, 0x8A6A, 0x8A77, 0x8A8A, 0x6A77, 0x778A, 0x8A8A, 0x8A8A,
    0x776A, 0x8A6A, 0x8A6A, 0x8A8A, 0x6A77, 0x778A, 0x8A8A, 0x8A8A, 0x776A, 0x8A6A, 0x8A6A, 0x8A8A,
    0x8A8A, 0x8A8A, 0x8A90, 0x8A8A, 0x8A8A, 0x8A8A, 0x8A8A, 0x8A6A, 0x8A8A, 0x8A8A, 0x8A8A, 0x8A8A,
    0x8A8A, 0x8A8A, 0x8A8A, 0x8A8A, 0x8A8A, 0x8A8A, 0x8A90, 0x8A8A, 0x8A8A, 0x8A8A, 0x8A8A, 0x8A77,
    0x8A8A, 0x8A90, 0x8A8A, 0x8A8A, 0x8A8A, 0x8A8A, 0x8A8A, 0x8A8A, 0x7D7D, 0x7D7D, 0x5D4D, 0x7682,
    0x4D7D, 0x817D, 0x7676, 0x8693, 0x4372, 0x9386, 0x8686, 0x8644, 0x8693, 0x8686, 0x8686, 0x8686,
    0x863A, 0x8644, 0x863A, 0x8644, 0x8693, 0x9393, 0x7693, 0x8693, 0x725F, 0x8181, 0x835E, 0x5F82,
    0x7D91, 0x7D91, 0x7D7D, 0x8659, 0x8686, 0x8644, 0x863A, 0x8686, 0x4386, 0x8686, 0x8686, 0x8686,
    0x8643, 0x8644, 0x8686, 0x8644, 0x8686, 0x8686, 0x8686, 0x8686, 0x8643, 0x8643, 0x8644, 0x8686,
    0x8686, 0x8686, 0x8686, 0x8686, 0x8643, 0x8643, 0x8686, 0x8686, 0x8693, 0x8686, 0x8686, 0x8686,
    0x863A, 0x8686, 0x863A, 0x8686, 0x8686, 0x8686, 0x8686, 0x8686, 0x8643, 0x8644, 0x8643, 0x8644,
    0x8686, 0x8686, 0x8686, 0x8686, 0x8644, 0x8644, 0x8643, 0x8644, 0x8686, 0x8686, 0x8686, 0x8686,
    0x8686, 0x8686, 0x8686, 0x8686, 0x8686, 0x8686, 0x8693, 0x8686, 0x863A, 0x8686, 0x8644, 0x8686,
    0x4386, 0x8686, 0x8686, 0x8686, 0x8643, 0x8644, 0x8644, 0x8644, 0x8686, 0x8686, 0x8686, 0x8686,
    0x8643, 0x8643, 0x8643, 0x8686, 0x8686, 0x8686, 0x8686, 0x8686, 0x8686, 0x8686, 0x8686, 0x8686,
    0x8686, 0x8686, 0x8686, 0x8693, 0x8644, 0x8644, 0x8644, 0x8644, 0x8686, 0x8686, 0x8686, 0x8686,
    0x8644, 0x863A, 0x8644, 0x8644, 0x8686, 0x8686, 0x8686, 0x8686, 0x8643, 0x8686, 0x8644, 0x8686,
    0x8686, 0x8686, 0x8686, 0x8686, 0x8686, 0x8686, 0x8686, 0x8686, 0x8693, 0x8693, 0x8693, 0x8693,
    0x8644, 0x8644, 0x863A, 0x933A, 0x8686, 0x8686, 0x8686, 0x8686, 0x8643, 0x8644, 0x8643, 0x8643,
    0x8686, 0x8686, 0x8686, 0x8686, 0x8686, 0x8686, 0x8643, 0x8686, 0x8686, 0x8686, 0x8686, 0x8686,
    0x8686, 0x8686, 0x9386, 0x9386, 0x9393, 0x9393, 0x9393, 0x9393, 0x4E4F, 0x7F4F, 0x7F71, 0x377F,
    0x4E76, 0x714F, 0x7F7F, 0x7F3F, 0x5F86, 0x4F4D, 0x7F71, 0x7F71, 0x9386, 0x4E41, 0x5E5C, 0x5E5E,
    0x863A, 0x7686, 0x7686, 0x7686, 0x8686, 0x8686, 0x8686, 0x8686, 0x9386, 0x8686, 0x9386, 0x9386,
    0x9393, 0x8693, 0x9393, 0x9393, 0x7F71, 0x7171, 0x4F4E, 0x714F, 0x717F, 0x714C, 0x4F71, 0x4F4F,
    0x7171, 0x4F4F, 0x4E4E, 0x4E4E, 0x8182, 0x7B81, 0x8141, 0x8141, 0x9386, 0x9386, 0x9386, 0x9393,
    0x8686, 0x8686, 0x8686, 0x8686, 0x9386, 0x9386, 0x9386, 0x9386, 0x9393, 0x9393, 0x9393, 0x9393,
    0x714F, 0x714F, 0x7B4F, 0x4181, 0x4F71, 0x4F71, 0x4F4F, 0x5E57, 0x4E4E, 0x4E4E, 0x824E, 0x4141,
    0x5F41, 0x4443, 0x415F, 0x4172, 0x8686, 0x8686, 0x8144, 0x8282, 0x8686, 0x8693, 0x8693, 0x7676,
    0x9386, 0x9386, 0x9386, 0x9386, 0x937E, 0x9393, 0x937E, 0x9393, 0x4141, 0x7C41, 0x4741, 0x4F88,
    0x5E5E, 0x8282, 0x5C81, 0x5C5B, 0x8181, 0x8282, 0x5E5E, 0x665E, 0x415F, 0x4172, 0x4172, 0x7B41,
    0x8282, 0x8182, 0x4181, 0x4141, 0x7259, 0x8172, 0x8266, 0x8283, 0x9393, 0x9393, 0x7693, 0x5F5F,
    0x9393, 0x8693, 0x8686, 0x8686, 0x884E, 0x6B5E, 0x906B, 0x9084, 0x6B57, 0x648A, 0x8490, 0x848A,
    0x6B66, 0x6474, 0x9084, 0x7474, 0x8281, 0x5082, 0x506B, 0x5074, 0x4141, 0x6641, 0x5058, 0x6363,
    0x8181, 0x6672, 0x6758, 0x7672, 0x7C7C, 0x7272, 0x7672, 0x9393, 0x8686, 0x4486, 0x4486, 0x4444,
    0x6484, 0x746B, 0x7C58, 0x8686, 0x7484, 0x5874, 0x7263, 0x8686, 0x5050, 0x6367, 0x7672, 0x8686,
    0x6758, 0x7672, 0x8693, 0x8693, 0x7681, 0x9393, 0x9386, 0x9386, 0x937E, 0x9393, 0x9393, 0x937E,
    0x9386, 0x9386, 0x9393, 0x8686, 0x4544, 0x4545, 0x4545, 0x4545, 0x863A, 0x8686, 0x8686, 0x8686,
    0x8686, 0x8686, 0x8686, 0x8693, 0x8686, 0x8686, 0x8686, 0x8686, 0x8693, 0x8693, 0x9393, 0x9393,
    0x9386, 0x9386, 0x9386, 0x9393, 0x9393, 0x937E, 0x937E, 0x9356, 0x8686, 0x4344, 0x4444, 0x4545,
    0x4545, 0x4545, 0x4545, 0x4545, 0x8686, 0x9386, 0x9386, 0x9386, 0x8693, 0x8693, 0x8693, 0x9393,
    0x9386, 0x9386, 0x9386, 0x9386, 0x9393, 0x9393, 0x9393, 0x9393, 0x9393, 0x9393, 0x9393, 0x9393,
    0x9393, 0x9393, 0x9393, 0x4393, 0x4545, 0x4545, 0x4545, 0x4545, 0x4544, 0x4545, 0x4544, 0x4545,
    0x9393, 0x5693, 0x4740, 0x4546, 0x9393, 0x9393, 0x475F, 0x453F, 0x9393, 0x9386, 0x4743, 0x4546,
    0x9393, 0x9393, 0x407E, 0x427B, 0x9393, 0x9393, 0x9386, 0x4045, 0x4386, 0x4486, 0x4444, 0x4544,
    0x4545, 0x4545, 0x4545, 0x4542, 0x4544, 0x4544, 0x4545, 0x4245, 0x4545, 0x4445, 0x453A, 0x6A55,
    0x4544, 0x4545, 0x4544, 0x6A68, 0x4545, 0x4545, 0x4545, 0x6A55, 0x4545, 0x4545, 0x4544, 0x6A68,
    0x4545, 0x4545, 0x453A, 0x6A55, 0x4545, 0x4545, 0x4545, 0x6A68, 0x4542, 0x4542, 0x4545, 0x6A55,
    0x4545, 0x4245, 0x4545, 0x6A68, 0x5577, 0x7463, 0x7458, 0x5774, 0x9053, 0x5767, 0x5874, 0x5B74,
    0x776A, 0x6666, 0x7458, 0x4E58, 0x8A68, 0x595F, 0x7474, 0x4E51, 0x8A77, 0x767C, 0x7466, 0x5B57,
    0x8A53, 0x595F, 0x5859, 0x5B57, 0x8A6A, 0x607C, 0x577C, 0x5C61, 0x8A68, 0x7560, 0x7579, 0x5D6D,
    0x625B, 0x5D5B, 0x6361, 0x7458, 0x5B5B, 0x5B5B, 0x8281, 0x5883, 0x5B5B, 0x7C5E, 0x7C7C, 0x5881,
    0x5B5B, 0x7272, 0x5972, 0x8259, 0x5B4D, 0x5F82, 0x597C, 0x7C5F, 0x4E5B, 0x725D, 0x7281, 0x7C59,
    0x5B88, 0x5C5B, 0x5672, 0x7556, 0x5B5D, 0x7C5B, 0x5656, 0x7E75, 0x7458, 0x4D62, 0x624D, 0x5767,
    0x5874, 0x4D4D, 0x6262, 0x6763, 0x5874, 0x624D, 0x624D, 0x6761, 0x6374, 0x4D4D, 0x6262, 0x6767,
    0x6357, 0x624D, 0x624D, 0x6762, 0x6157, 0x4D62, 0x4D62, 0x6262, 0x8260, 0x4D4D, 0x624D, 0x624D,
    0x8092, 0x4D57, 0x4D62, 0x4D62, 0x7467, 0x5858, 0x624D, 0x624D, 0x6767, 0x6374, 0x4D4D, 0x6262,
    0x6767, 0x6358, 0x624D, 0x624D, 0x6758, 0x6158, 0x4D4D, 0x4D62, 0x6767, 0x6367, 0x4D4D, 0x624D,
    0x6767, 0x6767, 0x4D61, 0x4D62, 0x6762, 0x6767, 0x6257, 0x4D4D, 0x6262, 0x6267, 0x6B67, 0x4D58,
    0x5767, 0x6767, 0x5B4E, 0x5B5B, 0x6767, 0x6758, 0x5B62, 0x5B5C, 0x6762, 0x6767, 0x5B62, 0x5B4E,
    0x6767, 0x6767, 0x6767, 0x5B63, 0x624D, 0x6762, 0x6761, 0x7467, 0x6262, 0x6767, 0x6167, 0x5867,
    0x624D, 0x624E, 0x6762, 0x674E, 0x4D4D, 0x6262, 0x6262, 0x6262, 0x5B4E, 0x5C4E, 0x5C5B, 0x5C5C,
    0x5B5C, 0x5B5C, 0x5C5C, 0x5C5E, 0x5C5B, 0x5C4E, 0x5C5B, 0x5C5B, 0x5B5B, 0x5C5C, 0x5C5C, 0x5C5C,
    0x5B67, 0x5C4E, 0x5C5B, 0x5C5C, 0x7484, 0x6251, 0x5B5B, 0x5C5E, 0x7474, 0x8474, 0x5C57, 0x5C4E,
    0x7484, 0x7484, 0x8484, 0x5C51, 0x5C5C, 0x815E, 0x8182, 0x5E7B, 0x5C5E, 0x825E, 0x8282, 0x5E81,
    0x5E5C, 0x815E, 0x817B, 0x5E81, 0x5E5E, 0x8182, 0x8141, 0x5E72, 0x5C88, 0x825E, 0x8282, 0x5E82,
    0x5C5E, 0x8282, 0x8282, 0x5E81, 0x825E, 0x815E, 0x8182, 0x5E81, 0x475C, 0x8181, 0x8181, 0x5E81,
    0x6A50, 0x8A8A, 0x8A90, 0x8A90, 0x6A74, 0x8A8A, 0x908A, 0x8A8A, 0x6A50, 0x8A90, 0x8A8A, 0x8A90,
    0x6A6B, 0x8A8A, 0x8A77, 0x8A8A, 0x6A50, 0x8A8A, 0x8A90, 0x8A90, 0x6A74, 0x8A8A, 0x908A, 0x8A8A,
    0x6A50, 0x8A90, 0x8A8A, 0x8A90, 0x6A6B, 0x8A8A, 0x8A8A, 0x8A8A, 0x6484, 0x6463, 0x8A8A, 0x778A,
    0x848A, 0x9051, 0x8A6A, 0x8A77, 0x6484, 0x8A63, 0x778A, 0x8A8A, 0x848A, 0x9051, 0x8A6A, 0x8A8A,
    0x8484, 0x7757, 0x8A8A, 0x8A8A, 0x848A, 0x9051, 0x8A77, 0x8A8A, 0x6484, 0x7763, 0x8A8A, 0x8A8A,
    0x848A, 0x9051, 0x8A77, 0x8A77, 0x778A, 0x778A, 0x778A, 0x6A8A, 0x8A77, 0x6A6A, 0x6A6A, 0x6A54,
    0x8A8A, 0x8A8A, 0x6490, 0x6B6B, 0x648A, 0x506B, 0x9151, 0x8383, 0x778A, 0x8A90, 0x7790, 0x6A8A,
    0x8A77, 0x776A, 0x8A6A, 0x776A, 0x8A8A, 0x8A8A, 0x778A, 0x778A, 0x8A77, 0x8A77, 0x8A6A, 0x906A,
    0x778A, 0x8A90, 0x8A8A, 0x8A8A, 0x6A53, 0x8A90, 0x906A, 0x7790, 0x5050, 0x8363, 0x6B50, 0x5150,
    0x6B6B, 0x6B6B, 0x636B, 0x7D61, 0x6A6A, 0x6B54, 0x7D62, 0x7D62, 0x8A6A, 0x7D6B, 0x5091, 0x8A90,
    0x5164, 0x6B63, 0x6A90, 0x906A, 0x646B, 0x6A8A, 0x8A8A, 0x7D90, 0x8A90, 0x8A8A, 0x8A84, 0x8A8A,
    0x6A6A, 0x8A6A, 0x8A8A, 0x8A8A, 0x6B51, 0x906B, 0x778A, 0x8A8A, 0x4D7D, 0x617D, 0x5051, 0x6464,
    0x5763, 0x6B50, 0x6350, 0x6162, 0x9069, 0x636B, 0x7D61, 0x7D7D, 0x5D83, 0x7D7D, 0x7D7D, 0x7D4D,
    0x915D, 0x7D91, 0x7D7D, 0x5161, 0x917D, 0x7D7D, 0x765D, 0x8686, 0x7D91, 0x827D, 0x8660, 0x8693,
    0x7D4D, 0x567C, 0x9393, 0x9386, 0x938E, 0x937E, 0x9393, 0x9393, 0x9393, 0x9393, 0x9393, 0x9393,
    0x9393, 0x937E, 0x9393, 0x7693, 0x4444, 0x4445, 0x4545, 0x4545, 0x4444, 0x4544, 0x4544, 0x4544,
    0x8686, 0x8686, 0x8686, 0x8686, 0x8693, 0x8693, 0x8693, 0x8693, 0x9386, 0x9386, 0x9386, 0x9386,
    0x9393, 0x9393, 0x9393, 0x9393, 0x9393, 0x7E93, 0x9393, 0x9393, 0x8686, 0x4386, 0x4443, 0x4486,
    0x4545, 0x4545, 0x4545, 0x4545, 0x4544, 0x4544, 0x4544, 0x4544, 0x8686, 0x8686, 0x8686, 0x8686,
    0x8693, 0x8693, 0x8693, 0x8693, 0x9393, 0x9386, 0x9393, 0x9386, 0x9393, 0x9393, 0x937E, 0x937E,
    0x9393, 0x9393, 0x9386, 0x9386, 0x4544, 0x4544, 0x4545, 0x4545, 0x4445, 0x4545, 0x4545, 0x4545,
    0x4544, 0x4544, 0x4545, 0x4545, 0x8686, 0x8686, 0x8686, 0x9386, 0x8693, 0x9393, 0x9393, 0x9393,
    0x9393, 0x9393, 0x9393, 0x9393, 0x937E, 0x937E, 0x937E, 0x937E, 0x8643, 0x4343, 0x4444, 0x4444,
    0x4545, 0x4545, 0x4545, 0x4544, 0x4445, 0x4545, 0x4545, 0x4545, 0x4545, 0x4545, 0x4545, 0x4545,
    0x9386, 0x9386, 0x9386, 0x9386, 0x9393, 0x9393, 0x9393, 0x9393, 0x9393, 0x9393, 0x9393, 0x9393,
    0x937E, 0x9393, 0x8693, 0x8693, 0x4545, 0x4545, 0x4545, 0x4545, 0x4544, 0x4544, 0x4544, 0x4544,
    0x4545, 0x4545, 0x4545, 0x4545, 0x4545, 0x4545, 0x4545, 0x4545, 0x9386, 0x9386, 0x9386, 0x9386,
    0x9393, 0x9393, 0x9393, 0x937E, 0x7E93, 0x9393, 0x9393, 0x9393, 0x4376, 0x4486, 0x4443, 0x4544,
    0x453A, 0x4545, 0x453A, 0x4445, 0x4544, 0x4544, 0x4545, 0x4544, 0x4545, 0x4542, 0x4545, 0x4542,
    0x4545, 0x4245, 0x4045, 0x4245, 0x9386, 0x9393, 0x9386, 0x9393, 0x9393, 0x937E, 0x9356, 0x937E,
    0x9386, 0x7686, 0x8686, 0x4344, 0x4544, 0x4545, 0x4544, 0x4545, 0x4545, 0x4545, 0x4545, 0x4545,
    0x4545, 0x4545, 0x4545, 0x4545, 0x4542, 0x4542, 0x4542, 0x4538, 0x4245, 0x4245, 0x4245, 0x4240,
    0x9393, 0x9393, 0x9393, 0x9393, 0x9393, 0x9393, 0x7693, 0x9393, 0x4444, 0x4445, 0x4545, 0x4545,
    0x4544, 0x4544, 0x4544, 0x4544, 0x4545, 0x4545, 0x4545, 0x4545, 0x4545, 0x4545, 0x4245, 0x4045,
    0x4542, 0x4042, 0x4542, 0x4242, 0x4245, 0x4242, 0x4240, 0x4242, 0x9393, 0x9393, 0x9393, 0x9393,
    0x4393, 0x4386, 0x4443, 0x4444, 0x4545, 0x4545, 0x4545, 0x4545, 0x4544, 0x4545, 0x4545, 0x4545,
    0x4542, 0x4542, 0x4542, 0x4542, 0x4245, 0x4245, 0x4245, 0x4245, 0x4242, 0x4242, 0x4242, 0x4242,
    0x4240, 0x4245, 0x4245, 0x4245, 0x9393, 0x9393, 0x9386, 0x8686, 0x4544, 0x4544, 0x4545, 0x4545,
    0x4545, 0x4545, 0x4545, 0x4545, 0x4545, 0x4545, 0x4545, 0x4545, 0x4542, 0x4542, 0x4242, 0x4042,
    0x4240, 0x4240, 0x4240, 0x4240, 0x4242, 0x423F, 0x4242, 0x423B, 0x4545, 0x4245, 0x4545, 0x4142,
    0x8686, 0x4343, 0x4444, 0x4444, 0x4545, 0x4545, 0x4545, 0x4545, 0x4545, 0x4545, 0x4545, 0x4540,
    0x4545, 0x4245, 0x4545, 0x4245, 0x4242, 0x4042, 0x4242, 0x4242, 0x4242, 0x4242, 0x4242, 0x4242,
    0x4242, 0x4242, 0x4542, 0x4542, 0x4142, 0x7B41, 0x7B41, 0x5C82, 0x4545, 0x4545, 0x4545, 0x4545,
    0x4545, 0x4545, 0x4545, 0x4545, 0x4545, 0x4542, 0x4542, 0x4542, 0x4245, 0x4245, 0x4245, 0x4245,
    0x4242, 0x4242, 0x4242, 0x4242, 0x4242, 0x4242, 0x4242, 0x4242, 0x4542, 0x4242, 0x4042, 0x4141,
    0x5C5E, 0x5C5C, 0x5C5C, 0x5B5C, 0x4545, 0x4545, 0x4545, 0x4545, 0x4545, 0x4545, 0x4545, 0x4545,
    0x4542, 0x4542, 0x4542, 0x4542, 0x4245, 0x4245, 0x4245, 0x4245, 0x4242, 0x4242, 0x423B, 0x4242,
    0x4242, 0x4245, 0x4245, 0x4245, 0x414B, 0x827B, 0x8247, 0x5E47, 0x5B5B, 0x5B5B, 0x5B5D, 0x5B5C,
    0x4545, 0x4545, 0x4545, 0x4545, 0x4545, 0x4545, 0x4045, 0x4545, 0x4542, 0x4542, 0x4542, 0x4042,
    0x4245, 0x4245, 0x4245, 0x4240, 0x4248, 0x4242, 0x4237, 0x453C, 0x4245, 0x4140, 0x3F48, 0x7B41,
    0x5E5C, 0x5C5C, 0x5C5B, 0x5C5B, 0x5C5C, 0x5C5C, 0x5C5E, 0x5E5E, 0x4545, 0x4545, 0x4545, 0x4545,
    0x4045, 0x4545, 0x4245, 0x4545, 0x4542, 0x4042, 0x4542, 0x4042, 0x4240, 0x4240, 0x4240, 0x4242,
    0x4238, 0x4542, 0x423C, 0x4242, 0x7B41, 0x8281, 0x5E82, 0x5E82, 0x5C5C, 0x5E5C, 0x5E5E, 0x825E,
    0x5E82, 0x5E5E, 0x5E82, 0x5E82, 0x4545, 0x4545, 0x453C, 0x4540, 0x4245, 0x4545, 0x4245, 0x4245,
    0x4042, 0x4242, 0x4542, 0x4242, 0x4245, 0x4245, 0x4245, 0x4245, 0x423F, 0x413F, 0x413F, 0x814B,
    0x5E82, 0x8282, 0x8282, 0x8281, 0x825E, 0x8282, 0x8182, 0x8182, 0x8282, 0x8282, 0x8281, 0x8181,
    0x4542, 0x4545, 0x4542, 0x4042, 0x4245, 0x4245, 0x4245, 0x4245, 0x4042, 0x4242, 0x4242, 0x3F42,
    0x4245, 0x3845, 0x4245, 0x3F42, 0x8182, 0x6681, 0x8282, 0x3F46, 0x5E82, 0x6391, 0x5E51, 0x4646,
    0x8182, 0x5E47, 0x5763, 0x7B3E, 0x8181, 0x8281, 0x5E83, 0x4646, 0x423C, 0x4542, 0x4538, 0x6A55,
    0x4245, 0x4245, 0x4245, 0x6A68, 0x4242, 0x423C, 0x4042, 0x6A55, 0x4245, 0x4240, 0x4245, 0x6A68,
    0x4238, 0x4238, 0x4238, 0x6A55, 0x4242, 0x4242, 0x4842, 0x7768, 0x4242, 0x423B, 0x423B, 0x776A,
    0x4242, 0x4842, 0x4142, 0x8A54, 0x8A77, 0x5659, 0x9256, 0x585A, 0x9053, 0x595F, 0x5660, 0x7475,
    0x776A, 0x7641, 0x5A60, 0x6B56, 0x9068, 0x746B, 0x6D6B, 0x8484, 0x8A6A, 0x8474, 0x8474, 0x8484,
    0x8A53, 0x8484, 0x8484, 0x8484, 0x8A77, 0x6B50, 0x6B74, 0x7466, 0x8A6A, 0x5787, 0x6666, 0x666B,
    0x4782, 0x5F82, 0x597C, 0x5660, 0x6674, 0x4172, 0x5F5F, 0x6060, 0x8474, 0x6B74, 0x6B66, 0x6D87,
    0x8484, 0x8484, 0x8484, 0x8484, 0x8474, 0x8484, 0x8484, 0x8484, 0x8484, 0x8484, 0x8484, 0x8484,
    0x6666, 0x6650, 0x6657, 0x6666, 0x6B6B, 0x6B84, 0x6464, 0x9090, 0x5660, 0x576F, 0x4D4D, 0x4D4D,
    0x6056, 0x645A, 0x7464, 0x6163, 0x646D, 0x846D, 0x8484, 0x8A84, 0x8484, 0x8484, 0x8484, 0x8484,
    0x8484, 0x8484, 0x8484, 0x8484, 0x6B84, 0x666B, 0x666B, 0x6687, 0x8766, 0x6666, 0x6B66, 0x6B6D,
    0x908A, 0x8A8A, 0x8A6A, 0x8A6A, 0x624D, 0x624D, 0x6B4D, 0x8484, 0x6167, 0x6363, 0x6B50, 0x8484,
    0x8A84, 0x8A84, 0x8484, 0x8484, 0x8484, 0x8484, 0x848A, 0x848A, 0x8484, 0x8484, 0x846B, 0x6B74,
    0x6672, 0x6666, 0x6666, 0x6666, 0x906B, 0x9064, 0x8A90, 0x8A90, 0x8A6A, 0x8A77, 0x8A6A, 0x8A77,
    0x6358, 0x6262, 0x624D, 0x6762, 0x8484, 0x8464, 0x8484, 0x8464, 0x8484, 0x8484, 0x8484, 0x8484,
    0x848A, 0x848A, 0x848A, 0x8464, 0x6650, 0x6650, 0x6651, 0x6657, 0x6D6B, 0x6B6B, 0x6B64, 0x6464,
    0x8A8A, 0x778A, 0x8A8A, 0x8A8A, 0x8A6A, 0x8A77, 0x8A77, 0x8A77, 0x8474, 0x8474, 0x8474, 0x8484,
    0x8484, 0x8484, 0x8484, 0x8484, 0x8484, 0x8484, 0x8484, 0x8484, 0x8464, 0x7484, 0x666B, 0x6674,
    0x6657, 0x8766, 0x8766, 0x6B66, 0x908A, 0x8A8A, 0x8A8A, 0x8A6A, 0x8A8A, 0x8A8A, 0x8A8A, 0x8A8A,
    0x8A6A, 0x8A77, 0x8A77, 0x8A77, 0x6758, 0x4788, 0x4747, 0x5D82, 0x8484, 0x5774, 0x5783, 0x6774,
    0x8484, 0x8484, 0x6B74, 0x6358, 0x668E, 0x5766, 0x5766, 0x5783, 0x646D, 0x906B, 0x9090, 0x8A90,
    0x8A6A, 0x7777, 0x8A77, 0x8A77, 0x778A, 0x8A8A, 0x8A8A, 0x8A8A, 0x8A6A, 0x8A77, 0x7777, 0x8A77,
    0x6A50, 0x8A90, 0x8A84, 0x8A90, 0x7750, 0x8A8A, 0x908A, 0x8A8A, 0x8A63, 0x6484, 0x8484, 0x846B,
    0x6B66, 0x6B84, 0x6B64, 0x8464, 0x8A8A, 0x8A90, 0x8A90, 0x778A, 0x8A8A, 0x8A77, 0x8A8A, 0x8A77,
    0x8A8A, 0x8A8A, 0x778A, 0x778A, 0x8A6A, 0x8A8A, 0x8A77, 0x908A, 0x8484, 0x7763, 0x8A8A, 0x8A8A,
    0x6B8A, 0x8A51, 0x8A8A, 0x8A8A, 0x6B6B, 0x8A63, 0x8A90, 0x9084, 0x6464, 0x6464, 0x908A, 0x908A,
    0x778A, 0x8A8A, 0x8A8A, 0x8A8A, 0x8A8A, 0x8A6A, 0x8A77, 0x8A77, 0x778A, 0x778A, 0x778A, 0x8A8A,
    0x648A, 0x848A, 0x648A, 0x6B6E, 0x8A90, 0x8A8A, 0x8A8A, 0x778A, 0x8A8A, 0x8A8A, 0x8A8A, 0x908A,
    0x6484, 0x9084, 0x6484, 0x6484, 0x908A, 0x908A, 0x8A8A, 0x8A8A, 0x8A8A, 0x778A, 0x8A8A, 0x8A8A,
    0x8A8A, 0x8A77, 0x8A77, 0x8A77, 0x8A8A, 0x8A90, 0x8A90, 0x9084, 0x6E6E, 0x6E6E, 0x6F6F, 0x6F6F,
    0x8A8A, 0x8A90, 0x908A, 0x7D7D, 0x648A, 0x648A, 0x6364, 0x5191, 0x9084, 0x6484, 0x6450, 0x7755,
    0x8A77, 0x8A77, 0x8A6A, 0x8A8A, 0x8A90, 0x8A8A, 0x8A90, 0x8A90, 0x8A77, 0x8A8A, 0x8A8A, 0x8A8A,
    0x6464, 0x646B, 0x6E6B, 0x6E78, 0x6060, 0x605A, 0x5A5A, 0x5A5A, 0x7D4D, 0x637D, 0x6B63, 0x8484,
    0x6484, 0x9090, 0x908A, 0x7D51, 0x8A8A, 0x8A90, 0x916B, 0x7D4D, 0x8A8A, 0x6B8A, 0x506B, 0x646B,
    0x8A90, 0x8A8A, 0x6A8A, 0x8A8A, 0x848A, 0x8490, 0x8464, 0x646E, 0x6F6E, 0x6F59, 0x606F, 0x5A6F,
    0x5A5A, 0x5A80, 0x5A6C, 0x5A80, 0x5F5F, 0x4241, 0x4545, 0x4545, 0x5B7D, 0x427B, 0x4545, 0x4545,
    0x415B, 0x4545, 0x4542, 0x4542, 0x455F, 0x4245, 0x4245, 0x4240, 0x4238, 0x4542, 0x453C, 0x4545,
    0x3F41, 0x7B41, 0x4781, 0x475E, 0x5B5B, 0x5B5B, 0x625B, 0x5C5B, 0x5C5E, 0x5C5E, 0x5C5E, 0x5C5C,
    0x4545, 0x4545, 0x4540, 0x4545, 0x4545, 0x4545, 0x4245, 0x4245, 0x4542, 0x4242, 0x4042, 0x4242,
    0x4245, 0x4245, 0x4245, 0x4245, 0x4042, 0x4042, 0x4141, 0x4141, 0x5C5E, 0x5B5C, 0x5B5C, 0x5B5B,
    0x5C5B, 0x5C5B, 0x5C5B, 0x5C5B, 0x5C5C, 0x5C5C, 0x5C5C, 0x5C5C, 0x4542, 0x4545, 0x4542, 0x4542,
    0x4245, 0x4545, 0x4245, 0x4245, 0x4242, 0x4242, 0x4242, 0x4242, 0x4545, 0x4545, 0x4545, 0x4545,
    0x7B7B, 0x8247, 0x5E47, 0x5C5C, 0x5B5B, 0x5B5B, 0x5B5B, 0x5B5C, 0x5C5C, 0x5C5B, 0x5C5B, 0x5C5B,
    0x5C5C, 0x5C5C, 0x5C5C, 0x5C5C, 0x4538, 0x4542, 0x453C, 0x4542, 0x4245, 0x4245, 0x4245, 0x4245,
    0x4542, 0x4042, 0x4542, 0x4542, 0x425F, 0x4140, 0x4141, 0x7B41, 0x5B4E, 0x5B4D, 0x5B4D, 0x5B4D,
    0x5C5C, 0x5C5C, 0x5C5C, 0x5C5C, 0x5C5B, 0x5C5B, 0x5C5B, 0x5C5B, 0x5C5C, 0x5C5C, 0x5C5D, 0x5C5C,
    0x4542, 0x4542, 0x4242, 0x4042, 0x4240, 0x4240, 0x4245, 0x4245, 0x4540, 0x4540, 0x4542, 0x4242,
    0x5E82, 0x5C5E, 0x5C5D, 0x5B5C, 0x5B4D, 0x5B5B, 0x5B5B, 0x5C5B, 0x5C5C, 0x5C5C, 0x5B5C, 0x5C5C,
    0x5C5B, 0x5C5B, 0x5C5C, 0x5C5B, 0x5C5C, 0x5C5C, 0x5C5C, 0x5C5C, 0x4238, 0x4242, 0x4242, 0x4242,
    0x4245, 0x4545, 0x4545, 0x4545, 0x4141, 0x813F, 0x8247, 0x5E47, 0x5B5B, 0x5B5B, 0x5B62, 0x5B62,
    0x5C4E, 0x5C5B, 0x5C5B, 0x5C5B, 0x5B5C, 0x5B5C, 0x5B5C, 0x5C5C, 0x5C5B, 0x5C5B, 0x5C62, 0x5C5B,
    0x5C5D, 0x5C5C, 0x5C67, 0x5C5D, 0x4242, 0x4542, 0x423C, 0x4542, 0x4045, 0x425F, 0x4140, 0x8142,
    0x5C5C, 0x5B88, 0x5B4D, 0x5B4D, 0x5B5C, 0x5B5C, 0x5C5C, 0x5C5C, 0x5C5B, 0x5C5B, 0x5C5B, 0x5C5B,
    0x5C5C, 0x5C5C, 0x5C5C, 0x5C5C, 0x5C5C, 0x5C5C, 0x5C5C, 0x5C5C, 0x5C5E, 0x5C5E, 0x5C5E, 0x5C5E,
    0x4542, 0x4542, 0x453C, 0x4042, 0x7B41, 0x5C7B, 0x5C47, 0x5B5C, 0x5B5B, 0x5B4E, 0x5B5B, 0x5C5B,
    0x5C5C, 0x5B5C, 0x5C5C, 0x5C5C, 0x5C5B, 0x5C5B, 0x5C5B, 0x5C5B, 0x5C5C, 0x5C5C, 0x5C5C, 0x5C5C,
    0x5C5C, 0x5C5C, 0x5C5C, 0x5C5C, 0x5C5E, 0x5D5E, 0x5E5E, 0x5E5E, 0x4241, 0x3F41, 0x3F7B, 0x827B,
    0x5B5C, 0x5B5B, 0x5B5B, 0x5B5B, 0x5C5B, 0x5C5B, 0x5C5B, 0x5C5B, 0x5C5C, 0x5B5C, 0x5C5C, 0x5B5C,
    0x5C5B, 0x5C5B, 0x5C5B, 0x5C5B, 0x5C5C, 0x5C5D, 0x5C5C, 0x5C5D, 0x5E5C, 0x5D5C, 0x5E5C, 0x5E5C,
    0x5E5E, 0x5E5E, 0x5E82, 0x5E82, 0x5E47, 0x5C5C, 0x5C88, 0x5B5B, 0x5B5B, 0x5B5B, 0x5B62, 0x5C5C,
    0x5C5B, 0x5C5B, 0x5C5B, 0x5C5B, 0x5C5C, 0x5B5C, 0x5C5C, 0x5C5C, 0x5C5B, 0x5C62, 0x5C5B, 0x5C5C,
    0x5C5C, 0x5C5E, 0x5C5D, 0x5C5E, 0x5E5C, 0x5E5C, 0x5E5E, 0x5E5E, 0x5E82, 0x5E82, 0x8282, 0x8282,
    0x5B4D, 0x5B4E, 0x5B4D, 0x5B5B, 0x5B5C, 0x5C5C, 0x5B5C, 0x5C5C, 0x5C5B, 0x5C5B, 0x5C5B, 0x5C5B,
    0x5C5D, 0x5C5C, 0x5C5D, 0x5C5C, 0x5C5C, 0x5C5C, 0x5D5C, 0x5E5C, 0x5C5E, 0x5E5E, 0x5E5E, 0x5E5E,
    0x5E5E, 0x5E5E, 0x825E, 0x825E, 0x8257, 0x8282, 0x8281, 0x8281, 0x5B5B, 0x5C5B, 0x5C5B, 0x5C5B,
    0x5C5C, 0x5C5C, 0x5C5C, 0x5C5C, 0x5C5C, 0x5C5B, 0x5C5C, 0x5C5C, 0x5C5E, 0x5C5D, 0x5C5E, 0x5C5E,
    0x5E5C, 0x5E5C, 0x5E5C, 0x5E5E, 0x5E5E, 0x5E5E, 0x5E82, 0x5E82, 0x825E, 0x825E, 0x8282, 0x8282,
    0x8266, 0x8281, 0x8166, 0x8181, 0x5C5B, 0x5C5C, 0x5C5C, 0x5C5C, 0x5C5C, 0x5C5D, 0x5C5C, 0x5C5D,
    0x5C5C, 0x5C5C, 0x5E5C, 0x5E5C, 0x5E5E, 0x5E5E, 0x5E5E, 0x5E5E, 0x5E5E, 0x5E5E, 0x5E5E, 0x825E,
    0x8282, 0x8282, 0x8282, 0x8281, 0x8182, 0x8182, 0x8182, 0x8182, 0x8172, 0x8172, 0x8172, 0x8172,
    0x5C5C, 0x5D5C, 0x5E5C, 0x5E5C, 0x5C5E, 0x5E5E, 0x5E5E, 0x5E5E, 0x5E5C, 0x5E5E, 0x5E5E, 0x5E5E,
    0x5E82, 0x5E82, 0x8282, 0x8282, 0x825E, 0x8282, 0x8282, 0x8182, 0x8281, 0x8281, 0x8181, 0x8181,
    0x8182, 0x8182, 0x8181, 0x7281, 0x8172, 0x8172, 0x7272, 0x7272, 0x5E5C, 0x5E5E, 0x825E, 0x825E,
    0x5E5E, 0x5E82, 0x8282, 0x8282, 0x825E, 0x825E, 0x8282, 0x8282, 0x8257, 0x8282, 0x8281, 0x8181,
    0x8182, 0x8182, 0x8182, 0x8181, 0x8181, 0x8172, 0x8172, 0x7272, 0x7281, 0x7281, 0x7272, 0x7248,
    0x7272, 0x727C, 0x727C, 0x727C, 0x8282, 0x7B82, 0x8147, 0x817B, 0x8281, 0x8281, 0x8181, 0x8181,
    0x8182, 0x8182, 0x8181, 0x7281, 0x8181, 0x8181, 0x4172, 0x7272, 0x814B, 0x7281, 0x724B, 0x7C72,
    0x7272, 0x7272, 0x7272, 0x7C7C, 0x7C72, 0x7C48, 0x7C72, 0x7C48, 0x7C7C, 0x7C5F, 0x7C59, 0x7C59,
    0x8181, 0x8181, 0x8282, 0x4647, 0x8141, 0x7272, 0x7B72, 0x4746, 0x7281, 0x724B, 0x7272, 0x4647,
    0x727C, 0x727C, 0x727C, 0x4747, 0x7C48, 0x7C72, 0x7C48, 0x4747, 0x7C7C, 0x7C5F, 0x595F, 0x3E81,
    0x5F7C, 0x597C, 0x595F, 0x8159, 0x5959, 0x5959, 0x5960, 0x6060, 0x4837, 0x423B, 0x4137, 0x776A,
    0x3B42, 0x3B42, 0x413B, 0x8A54, 0x3F3B, 0x3F3D, 0x483D, 0x8A6A, 0x3B3F, 0x3B3F, 0x413B, 0x8A6A,
    0x3B7F, 0x3F3B, 0x417F, 0x8A6A, 0x3B3D, 0x3B3F, 0x3F3B, 0x6B6E, 0x467A, 0x4646, 0x5F46, 0x6059,
    0x5960, 0x6060, 0x5A5A, 0x565A, 0x8A8A, 0x8A84, 0x8A90, 0x8A8A, 0x8A6A, 0x8A8A, 0x8A8A, 0x8A77,
    0x8A8A, 0x8A8A, 0x8A8A, 0x8A8A, 0x8A6A, 0x8A77, 0x8A77, 0x8A77, 0x8A8A, 0x8A90, 0x9084, 0x6464,
    0x6B6E, 0x596E, 0x596F, 0x6F60, 0x6060, 0x5660, 0x5A56, 0x8056, 0x5A5A, 0x5A5A, 0x5A5A, 0x5A5A,
    0x8A8A, 0x778A, 0x8A8A, 0x8A8A, 0x8A77, 0x8A77, 0x8A8A, 0x8A77, 0x8A8A, 0x8A8A, 0x8A8A, 0x8A8A,
    0x8A6A, 0x8A77, 0x8A77, 0x908A, 0x646B, 0x646B, 0x6E6B, 0x6F78, 0x6060, 0x565A, 0x5A5A, 0x5A80,
    0x5A5A, 0x805A, 0x805A, 0x805A, 0x5A5A, 0x8080, 0x5A80, 0x8080, 0x8A8A, 0x8A8A, 0x8A8A, 0x778A,
    0x8A8A, 0x8A77, 0x8A77, 0x8A77, 0x778A, 0x778A, 0x778A, 0x8A8A, 0x648A, 0x6490, 0x6455, 0x786E,
    0x6F78, 0x606F, 0x5A6F, 0x5A60, 0x5A80, 0x8080, 0x5A80, 0x5A80, 0x805A, 0x805A, 0x805A, 0x805A,
    0x8080, 0x8080, 0x8080, 0x8080, 0x8A8A, 0x778A, 0x8A8A, 0x778A, 0x8A77, 0x7777, 0x8A77, 0x7777,
    0x8A8A, 0x8A90, 0x8A84, 0x6484, 0x6E55, 0x6F6E, 0x6F60, 0x6F60, 0x5A60, 0x8056, 0x8056, 0x805A,
    0x8080, 0x8080, 0x8080, 0x8080, 0x805A, 0x805A, 0x805A, 0x805A, 0x8080, 0x8080, 0x8080, 0x8080,
    0x8A90, 0x8A8A, 0x778A, 0x778A, 0x8A77, 0x8A77, 0x8A77, 0x908A, 0x6484, 0x646B, 0x6E78, 0x6E78,
    0x605A, 0x5A5A, 0x5A5A, 0x5A80, 0x8056, 0x805A, 0x805A, 0x805A, 0x5A80, 0x8080, 0x5A80, 0x8080,
    0x8080, 0x805A, 0x8080, 0x8080, 0x8080, 0x8080, 0x8080, 0x8080, 0x778A, 0x6A8A, 0x8A8A, 0x8A8A,
    0x648A, 0x6490, 0x6490, 0x6B64, 0x6F59, 0x6F59, 0x5A6F, 0x5A60, 0x8080, 0x8080, 0x5A80, 0x5A80,
    0x805A, 0x805A, 0x805A, 0x805A, 0x8080, 0x8080, 0x8080, 0x8080, 0x8080, 0x805A, 0x8080, 0x8080,
    0x8075, 0x8080, 0x8080, 0x8080, 0x8A8A, 0x8A90, 0x9084, 0x9084, 0x786E, 0x6E6E, 0x6F6F, 0x6F6F,
    0x5A60, 0x5A5A, 0x805A, 0x5A5A, 0x5A6C, 0x5A80, 0x8080, 0x5A80, 0x805A, 0x805A, 0x5A5A, 0x805A,
    0x5A80, 0x8080, 0x8080, 0x8080, 0x805A, 0x805A, 0x8080, 0x8080, 0x8080, 0x8080, 0x8080, 0x8080,
    0x846B, 0x646B, 0x646B, 0x6E78, 0x6F60, 0x5A5A, 0x5A5A, 0x5A5A, 0x805A, 0x805A, 0x805A, 0x5A5A,
    0x5A6C, 0x5A80, 0x5A6C, 0x5A80, 0x5A5A, 0x5A5A, 0x805A, 0x805A, 0x5A80, 0x5A6C, 0x8080, 0x8080,
    0x8080, 0x805A, 0x8080, 0x805A, 0x8080, 0x8080, 0x8080, 0x5A80, 0x6E78, 0x6F59, 0x6059, 0x5A60,
    0x5A5A, 0x5A80, 0x5A80, 0x5A6C, 0x5A5A, 0x5A5A, 0x805A, 0x5A5A, 0x5A6C, 0x5A80, 0x5A6C, 0x5A80,
    0x5A5A, 0x805A, 0x805A, 0x5A5A, 0x5A80, 0x5A6C, 0x5A80, 0x8080, 0x805A, 0x5A5A, 0x805A, 0x805A,
    0x5A6C, 0x8080, 0x806C, 0x8080, 0x5A60, 0x5A5A, 0x5A56, 0x5A5A, 0x5A73, 0x5A6C, 0x5A80, 0x5A6C,
    0x5A5A, 0x5A5A, 0x805A, 0x5A5A, 0x5A6C, 0x5A80, 0x5A6C, 0x5A80, 0x805A, 0x8080, 0x805A, 0x805A,
    0x5A80, 0x8080, 0x5A80, 0x5A6C, 0x805A, 0x805A, 0x805A, 0x5A5A, 0x806C, 0x5A80, 0x806C, 0x5A6C,
    0x5A6F, 0x5A5A, 0x5A6F, 0x5A5A, 0x5A5A, 0x5A73, 0x5A5A, 0x5A80, 0x5A5A, 0x5A5A, 0x5A5A, 0x5A5A,
    0x5A6C, 0x5A5A, 0x5A6C, 0x5A80, 0x5A5A, 0x5A5A, 0x5A6F, 0x5A5A, 0x5A80, 0x5A80, 0x5A80, 0x5A73,
    0x805A, 0x5A5A, 0x5A5A, 0x5A5A, 0x5A6C, 0x5A6C, 0x5A6C, 0x5A6C, 0x5A5A, 0x5A5A, 0x5A5A, 0x5A5A,
    0x5A80, 0x5A6C, 0x5A5A, 0x5A73, 0x5A5A, 0x5A6F, 0x5A5A, 0x5A6F, 0x5A6C, 0x5A80, 0x5A6C, 0x5A73,
    0x5A6F, 0x5A6F, 0x5A6F, 0x5A5A, 0x5A73, 0x5A73, 0x5A5A, 0x5A80, 0x5A5A, 0x5A5A, 0x5A5A, 0x5A6F,
    0x5A6C, 0x5A6C, 0x5A6C, 0x5A80, 0x5C5C, 0x5C5C, 0x5C5C, 0x5C5C, 0x5C5E, 0x5C5E, 0x5C5E, 0x5C5E,
    0x5E5C, 0x5E5C, 0x5E5C, 0x5E5C, 0x5E82, 0x5E5E, 0x5E82, 0x5E82, 0x825E, 0x825E, 0x825E, 0x825E,
    0x8282, 0x8282, 0x8282, 0x8282, 0x8182, 0x8182, 0x8182, 0x8182, 0x8181, 0x8181, 0x8181, 0x8181,
    0x5C5C, 0x5C5C, 0x5C5C, 0x5C5C, 0x5C5E, 0x5C5E, 0x5C5C, 0x5C5E, 0x5E5C, 0x5E5C, 0x5E5C, 0x5E5C,
    0x5E82, 0x5E82, 0x5E82, 0x5E82, 0x825E, 0x825E, 0x825E, 0x8282, 0x8282, 0x8281, 0x8281, 0x8281,
    0x8182, 0x8182, 0x8182, 0x8182, 0x8172, 0x8181, 0x8172, 0x8181, 0x5C5B, 0x5C5C, 0x5C62, 0x5C5C,
    0x5C5C, 0x5C5E, 0x5C5E, 0x5C5E, 0x5E5C, 0x5E5E, 0x5E5E, 0x5E5E, 0x5E82, 0x5E82, 0x5E82, 0x5E82,
    0x825E, 0x8282, 0x825E, 0x8282, 0x8281, 0x8281, 0x8281, 0x8181, 0x8181, 0x8181, 0x8181, 0x8181,
    0x8172, 0x8172, 0x8172, 0x8172, 0x5C5C, 0x5C5C, 0x5C5C, 0x5C5C, 0x5C5E, 0x5C5E, 0x5C5E, 0x5E5E,
    0x5E5E, 0x5E5E, 0x5E5E, 0x5E5E, 0x8282, 0x8282, 0x8282, 0x8282, 0x825E, 0x8282, 0x8282, 0x8182,
    0x8281, 0x8181, 0x8181, 0x8181, 0x8181, 0x8181, 0x8181, 0x8181, 0x7272, 0x7272, 0x727C, 0x7272,
    0x5C5C, 0x5C5C, 0x5D5C, 0x5E5C, 0x5C5E, 0x5E5E, 0x5E5E, 0x5E82, 0x825E, 0x825E, 0x825E, 0x825E,
    0x8282, 0x8282, 0x8281, 0x8281, 0x824C, 0x8182, 0x814C, 0x8182, 0x8181, 0x8181, 0x8181, 0x8181,
    0x7281, 0x724B, 0x7281, 0x724B, 0x727C, 0x727C, 0x7C7C, 0x7C7C, 0x5E5C, 0x5E5C, 0x5E5C, 0x5E5C,
    0x5E5E, 0x5E82, 0x5E82, 0x5E82, 0x8282, 0x825E, 0x8282, 0x8282, 0x8281, 0x8281, 0x8281, 0x8281,
    0x814C, 0x8182, 0x814C, 0x8182, 0x8172, 0x8172, 0x8181, 0x8172, 0x7272, 0x724B, 0x7C72, 0x724B,
    0x7C7C, 0x7C7C, 0x7C7C, 0x7C7C, 0x5E5C, 0x5E5E, 0x5E5E, 0x5E5E, 0x5E82, 0x8282, 0x8282, 0x8282,
    0x8282, 0x8282, 0x8182, 0x8182, 0x8181, 0x8281, 0x8181, 0x8181, 0x8181, 0x8181, 0x814C, 0x8181,
    0x8172, 0x7272, 0x7272, 0x7272, 0x7272, 0x7C4B, 0x7C72, 0x7C48, 0x7C59, 0x7C59, 0x5959, 0x5F59,
    0x5E5E, 0x5E5E, 0x5E5E, 0x825E, 0x8282, 0x8282, 0x8282, 0x8281, 0x8282, 0x8182, 0x8182, 0x814C,
    0x8181, 0x8181, 0x8172, 0x8181, 0x814B, 0x7281, 0x724B, 0x7281, 0x727C, 0x727C, 0x727C, 0x7C7C,
    0x597C, 0x7C7C, 0x7C7C, 0x597C, 0x5959, 0x5959, 0x5959, 0x5959, 0x825E, 0x825E, 0x825E, 0x8282,
    0x8282, 0x8281, 0x8281, 0x8281, 0x8182, 0x8182, 0x8181, 0x8182, 0x8172, 0x8172, 0x6672, 0x8172,
    0x724B, 0x7272, 0x7248, 0x7C72, 0x7C7C, 0x7C7C, 0x7C5F, 0x7C59, 0x5959, 0x597C, 0x597C, 0x5959,
    0x5960, 0x5959, 0x5960, 0x5960, 0x8282, 0x8282, 0x8282, 0x5782, 0x8281, 0x8181, 0x8281, 0x8181,
    0x8181, 0x8181, 0x7281, 0x8181, 0x8172, 0x6672, 0x7272, 0x7272, 0x7C4B, 0x7C72, 0x7C48, 0x7C7C,
    0x7C59, 0x5959, 0x5959, 0x5960, 0x5959, 0x5959, 0x5959, 0x6059, 0x6060, 0x6060, 0x6060, 0x6060,
    0x8282, 0x8182, 0x8182, 0x8182, 0x8181, 0x8181, 0x8172, 0x8172, 0x6681, 0x7281, 0x7272, 0x7266,
    0x727C, 0x727C, 0x7C7C, 0x7C7C, 0x7C7C, 0x597C, 0x7C7C, 0x597C, 0x5959, 0x5960, 0x596F, 0x5960,
    0x6059, 0x6059, 0x6059, 0x6059, 0x605A, 0x6060, 0x605A, 0x605A, 0x8182, 0x8181, 0x8181, 0x7281,
    0x8172, 0x7272, 0x7272, 0x7272, 0x7272, 0x7272, 0x7C72, 0x7C48, 0x7C7C, 0x7C7C, 0x7C59, 0x7C59,
    0x597C, 0x5959, 0x5959, 0x6059, 0x5960, 0x6060, 0x6060, 0x6060, 0x606F, 0x6059, 0x6060, 0x6060,
    0x605A, 0x605A, 0x605A, 0x605A, 0x724C, 0x7281, 0x724B, 0x7281, 0x727C, 0x727C, 0x727C, 0x727C,
    0x7C7C, 0x597C, 0x597C, 0x597C, 0x5959, 0x5959, 0x5960, 0x596F, 0x5959, 0x6059, 0x5959, 0x6059,
    0x6060, 0x6060, 0x6060, 0x605A, 0x6060, 0x6060, 0x5A60, 0x5A60, 0x605A, 0x605A, 0x5A5A, 0x565A,
    0x724B, 0x7281, 0x724B, 0x7C72, 0x7C7C, 0x7C7C, 0x7C7C, 0x7C7C, 0x597C, 0x597C, 0x5959, 0x597C,
    0x6060, 0x5960, 0x6060, 0x6060, 0x606F, 0x6060, 0x606F, 0x6060, 0x6060, 0x605A, 0x605A, 0x605A,
    0x5A60, 0x6060, 0x5A60, 0x5A60, 0x565A, 0x605A, 0x5A5A, 0x5A5A, 0x7C72, 0x7C7C, 0x7C7C, 0x7C7C,
    0x7C7C, 0x5959, 0x7C59, 0x5959, 0x5959, 0x6059, 0x6F59, 0x6059, 0x6060, 0x6060, 0x605A, 0x6060,
    0x606F, 0x6060, 0x6060, 0x5A60, 0x605A, 0x605A, 0x605A, 0x605A, 0x5A60, 0x5A60, 0x5A60, 0x5A60,
    0x5A5A, 0x5A5A, 0x5A80, 0x5A5A, 0x597C, 0x597C, 0x5959, 0x5959, 0x596F, 0x5960, 0x6060, 0x6060,
    0x606F, 0x6060, 0x6060, 0x5660, 0x605A, 0x6060, 0x605A, 0x565A, 0x5A60, 0x5A60, 0x5A60, 0x5A56,
    0x565A, 0x5A5A, 0x5A5A, 0x5A5A, 0x5A56, 0x5A56, 0x5A56, 0x5A56, 0x5A5A, 0x5A80, 0x8075, 0x5A80,
    0x5959, 0x6059, 0x6059, 0x6059, 0x6060, 0x6060, 0x6060, 0x605A, 0x5A56, 0x5A60, 0x5A56, 0x5A60,
    0x5A5A, 0x5A5A, 0x5A5A, 0x5A5A, 0x5A56, 0x5A56, 0x5A56, 0x5A56, 0x5A5A, 0x5A80, 0x5A80, 0x5A80,
    0x8056, 0x5A56, 0x805A, 0x8056, 0x8080, 0x5A80, 0x5A80, 0x5A80, 0x5A60, 0x5A56, 0x5A56, 0x5A5A,
    0x5A5A, 0x5A80, 0x5A80, 0x5A80, 0x805A, 0x8056, 0x805A, 0x8056, 0x5A80, 0x5A80, 0x8075, 0x8080,
    0x8056, 0x805A, 0x8056, 0x805A, 0x8080, 0x8075, 0x8080, 0x8075, 0x8080, 0x805A, 0x8080, 0x8080,
    0x8075, 0x8080, 0x8075, 0x8080, 0x805A, 0x8080, 0x8080, 0x8080, 0x8080, 0x8075, 0x8080, 0x8080,
    0x8080, 0x8080, 0x8080, 0x8080, 0x8075, 0x8080, 0x8075, 0x8080, 0x8080, 0x8080, 0x8080, 0x8080,
    0x806C, 0x8075, 0x8080, 0x8075, 0x8080, 0x8080, 0x8080, 0x8080, 0x8075, 0x8080, 0x8075, 0x8075,
    0x8080, 0x805A, 0x8080, 0x8080, 0x8080, 0x8080, 0x8080, 0x8080, 0x8080, 0x8080, 0x8080, 0x8080,
    0x806C, 0x8080, 0x806C, 0x8080, 0x8080, 0x8080, 0x8080, 0x8080, 0x8080, 0x806C, 0x8080, 0x806C,
    0x8080, 0x8080, 0x8080, 0x8080, 0x806C, 0x806C, 0x806C, 0x806C, 0x805A, 0x8080, 0x805A, 0x5A5A,
    0x8080, 0x5A6C, 0x5A6C, 0x806C, 0x8080, 0x8080, 0x8080, 0x805A, 0x806C, 0x806C, 0x806C, 0x806C,
    0x805A, 0x8080, 0x8080, 0x8080, 0x8080, 0x806C, 0x806C, 0x806C, 0x8080, 0x8080, 0x8080, 0x8080,
    0x806C, 0x806C, 0x806C, 0x806C, 0x5A5A, 0x735A, 0x5A5A, 0x5A5A, 0x5A80, 0x5A6C, 0x5A6C, 0x5A6C,
    0x805A, 0x735A, 0x6C5A, 0x805A, 0x806C, 0x5A6C, 0x806C, 0x5A6C, 0x805A, 0x6C5A, 0x805A, 0x8080,
    0x806C, 0x806C, 0x5A6C, 0x5A6C, 0x6C5A, 0x805A, 0x6C5A, 0x805A, 0x806C, 0x5A6C, 0x806C, 0x806C,
    0x5A5A, 0x5A5A, 0x5A5A, 0x805A, 0x5A80, 0x5A6C, 0x5A80, 0x5A6C, 0x805A, 0x735A, 0x805A, 0x805A,
    0x5A6C, 0x5A6C, 0x5A6C, 0x5A80, 0x805A, 0x8080, 0x805A, 0x805A, 0x5A6C, 0x806C, 0x806C, 0x5A6C,
    0x8080, 0x805A, 0x8080, 0x805A, 0x806C, 0x806C, 0x806C, 0x5A6C, 0x0000, 0x0000, 0x0000, 0x0000,
    0x0000, 0x0000, 0x0000, 0x0000, 0x0000, 0x0000, 0x0000, 0x0000, 0x0000, 0x0000, 0x0000, 0x0000,
    0x0000, 0x0000, 0x0000, 0x0000, 0x0000, 0x0000, 0x0000, 0x2600, 0x0000, 0x0000, 0x0000, 0x2726,
    0x0000, 0x0000, 0x2600, 0x2F2F, 0x0000, 0x0000, 0x0000, 0x0000, 0x0000, 0x0000, 0x0000, 0x0000,
    0x0000, 0x0000, 0x0000, 0x0000, 0x0000, 0x0000, 0x0000, 0x0000, 0x2600, 0x2626, 0x2626, 0x2626,
    0x2726, 0x2F2F, 0x2F2F, 0x2F2F, 0x2F2F, 0x2F2F, 0x012F, 0x2F2F, 0x2F2F, 0x2F2F, 0x2F01, 0x2F2F,
    0x0000, 0x0000, 0x0000, 0x0000, 0x0000, 0x0000, 0x0000, 0x0000, 0x0000, 0x0000, 0x0000, 0x0000,
    0x0000, 0x0000, 0x0000, 0x0000, 0x2626, 0x2626, 0x0000, 0x0000, 0x2F2F, 0x2F2F, 0x2626, 0x0000,
    0x2F2F, 0x2F2F, 0x2727, 0x2626, 0x2F2F, 0x2F2F, 0x2F27, 0x272F, 0x0000, 0x0000, 0x0000, 0x0000,
    0x0000, 0x0000, 0x0000, 0x0000, 0x0000, 0x0000, 0x0000, 0x0000, 0x0000, 0x0000, 0x0000, 0x0000,
    0x0000, 0x0000, 0x0000, 0x0000, 0x0000, 0x0000, 0x0000, 0x0000, 0x0000, 0x0000, 0x0000, 0x0000,
    0x0026, 0x0000, 0x0000, 0x0000, 0x0000, 0x0000, 0x0000, 0x0000, 0x0000, 0x0000, 0x0000, 0x0000,
    0x0000, 0x0000, 0x0000, 0x0000, 0x0000, 0x0000, 0x0000, 0x0000, 0x0000, 0x0000, 0x0000, 0x0000,
    0x0000, 0x0000, 0x0000, 0x0000, 0x0000, 0x0000, 0x0000, 0x0000, 0x0000, 0x0000, 0x0000, 0x2600,
    0x0000, 0x0000, 0x0000, 0x2600, 0x0000, 0x0000, 0x0000, 0x2600, 0x0000, 0x0000, 0x2600, 0x2626,
    0x0000, 0x2600, 0x3126, 0x2631, 0x0000, 0x3126, 0x3131, 0x3131, 0x2600, 0x3131, 0x3131, 0x3131,
    0x3126, 0x3131, 0x3131, 0x3131, 0x3131, 0x3131, 0x3131, 0x3131, 0x2627, 0x2828, 0x2628, 0x2A29,
    0x2626, 0x2727, 0x2926, 0x2929, 0x2626, 0x2627, 0x2926, 0x2929, 0x2626, 0x2A26, 0x2929, 0x2929,
    0x2631, 0x2626, 0x292A, 0x2929, 0x3131, 0x3131, 0x2626, 0x2626, 0x3131, 0x2631, 0x3332, 0x3333,
    0x3131, 0x3326, 0x3333, 0x3333, 0x2A2A, 0x262A, 0x2727, 0x2726, 0x2929, 0x2929, 0x2626, 0x2726,
    0x2929, 0x2929, 0x2629, 0x2626, 0x2929, 0x2929, 0x2929, 0x2A29, 0x2929, 0x2929, 0x262A, 0x2626,
    0x2626, 0x2626, 0x3126, 0x3131, 0x3333, 0x3333, 0x2632, 0x3131, 0x3333, 0x3333, 0x3333, 0x3126,
    0x0026, 0x0026, 0x0000, 0x0000, 0x0026, 0x0000, 0x0000, 0x0000, 0x2626, 0x0026, 0x0000, 0x0000,
    0x3126, 0x2631, 0x0000, 0x0000, 0x3131, 0x3131, 0x0026, 0x0000, 0x3131, 0x3131, 0x2631, 0x0000,
    0x3131, 0x3131, 0x3131, 0x0026, 0x3131, 0x3131, 0x3131, 0x0026, 0x0000, 0x0000, 0x0000, 0x0000,
    0x0000, 0x0000, 0x0000, 0x0000, 0x0000, 0x0000, 0x0000, 0x0000, 0x0000, 0x0000, 0x0000, 0x0000,
    0x0000, 0x0000, 0x0000, 0x0000, 0x0000, 0x0000, 0x0000, 0x0000, 0x0000, 0x0000, 0x0000, 0x0000,
    0x0000, 0x0000, 0x0000, 0x0000, 0x0000, 0x2600, 0x292B, 0x2929, 0x0000, 0x2600, 0x292B, 0x2929,
    0x0000, 0x2600, 0x292B, 0x2929, 0x0000, 0x2600, 0x292B, 0x2929, 0x0000, 0x2600, 0x292A, 0x2929,
    0x0000, 0x2600, 0x292A, 0x2A29, 0x0000, 0x2600, 0x292A, 0x2629, 0x0000, 0x2600, 0x292A, 0x2629,
    0x2A29, 0x0026, 0x0000, 0x2600, 0x2629, 0x0000, 0x0000, 0x2C26, 0x2629, 0x0000, 0x0000, 0x2C26,
    0x262A, 0x0000, 0x2600, 0x2626, 0x0026, 0x0000, 0x2600, 0x2C2E, 0x0026, 0x0000, 0x2600, 0x2C2E,
    0x0000, 0x0000, 0x2600, 0x2C2E, 0x0000, 0x0000, 0x2E26, 0x2C2E, 0x2D2C, 0x2D2D, 0x2626, 0x2626,
    0x2D2C, 0x2C2D, 0x2D26, 0x2C2D, 0x2C2C, 0x262C, 0x2D2D, 0x2D2D, 0x2626, 0x2D26, 0x2D2D, 0x2D2D,
    0x2D2C, 0x2D2D, 0x2D2D, 0x2D2D, 0x2C2C, 0x2C2C, 0x2D2D, 0x2D2D, 0x2D2D, 0x2D2D, 0x2D2D, 0x2D2C,
    0x2D2D, 0x2D2D, 0x2C2C, 0x2D2D, 0x2626, 0x2626, 0x2626, 0x2D2D, 0x2626, 0x2D2D, 0x2D2D, 0x2D2D,
    0x262C, 0x2D2D, 0x2D2D, 0x2D2D, 0x262C, 0x2D2D, 0x2D2D, 0x2D2D, 0x262C, 0x2D2D, 0x2D2D, 0x2D2D,
    0x262C, 0x2D2D, 0x2D2D, 0x2D2D, 0x262D, 0x2D2D, 0x2D2D, 0x2D2D, 0x2C2D, 0x2D2D, 0x2D2D, 0x2C2C,
    0x2C26, 0x2A26, 0x2929, 0x2929, 0x2D26, 0x2B26, 0x292A, 0x2929, 0x262D, 0x262C, 0x292A, 0x2929,
    0x2D2D, 0x2626, 0x292A, 0x2929, 0x2D2D, 0x262D, 0x292A, 0x2929, 0x2D2D, 0x2C2D, 0x2A26, 0x2929,
    0x2C2C, 0x2D2D, 0x2A26, 0x2929, 0x2D2D, 0x2D2D, 0x2A26, 0x2929, 0x2629, 0x0000, 0x0000, 0x0000,
    0x2629, 0x0000, 0x0000, 0x0000, 0x2629, 0x0000, 0x0000, 0x0000, 0x2929, 0x0026, 0x0000, 0x0000,
    0x2929, 0x0026, 0x0000, 0x0000, 0x2929, 0x0026, 0x0000, 0x0000, 0x2929, 0x0026, 0x0000, 0x0000,
    0x2929, 0x0026, 0x0000, 0x0000, 0x0000, 0x0000, 0x0000, 0x0000, 0x0000, 0x0000, 0x0000, 0x0000,
    0x0000, 0x0000, 0x0000, 0x0000, 0x0000, 0x0000, 0x0000, 0x0000, 0x0000, 0x0000, 0x0000, 0x0000,
    0x0000, 0x0000, 0x0000, 0x0000, 0x0000, 0x0000, 0x0000, 0x0000, 0x0000, 0x0000, 0x0000, 0x0000,
    0x0000, 0x2600, 0x2C2C, 0x2D2D, 0x0000, 0x2600, 0x2C2C, 0x2D2D, 0x0000, 0x2600, 0x2C2C, 0x2D2D,
    0x0000, 0x2E26, 0x2D2C, 0x2D2D, 0x0000, 0x2C26, 0x2D2C, 0x2D2D, 0x0000, 0x2C26, 0x2D2C, 0x2D2D,
    0x2600, 0x2C2C, 0x2D2C, 0x2D2D, 0x2600, 0x2C2C, 0x2D2C, 0x2D2D, 0x2D2D, 0x2D2D, 0x262C, 0x0000,
    0x2D2D, 0x2D2D, 0x0026, 0x0000, 0x2D2D, 0x2D2D, 0x0026, 0x0000, 0x2D2D, 0x2D2D, 0x0026, 0x0000,
    0x2D2D, 0x2C2D, 0x0026, 0x0000, 0x2D2D, 0x262D, 0x0000, 0x0000, 0x2D2D, 0x262D, 0x0000, 0x0000,
    0x2D2D, 0x262C, 0x0000, 0x0000, 0x0000, 0x0000, 0x2E26, 0x2D2C, 0x0000, 0x0000, 0x2E26, 0x2D2C,
    0x0000, 0x0000, 0x2E26, 0x2D2C, 0x0000, 0x0000, 0x2E26, 0x2C2C, 0x0000, 0x0000, 0x2E26, 0x2C2C,
    0x0000, 0x0000, 0x2E26, 0x2C2C, 0x0000, 0x0000, 0x2E26, 0x2C2C, 0x0000, 0x0000, 0x2E26, 0x2C2E,
    0x2D2D, 0x2D2D, 0x2D2D, 0x0026, 0x2D2D, 0x2D2D, 0x2C2D, 0x0026, 0x2D2D, 0x2D2D, 0x262D, 0x0000,
    0x2D2D, 0x2D2D, 0x262D, 0x0000, 0x2D2D, 0x2D2D, 0x262D, 0x0000, 0x2D2D, 0x2D2D, 0x262D, 0x0000,
    0x2D2D, 0x2D2D, 0x262D, 0x0000, 0x2D2C, 0x2D2D, 0x262D, 0x0000, 0x0000, 0x0000, 0x2600, 0x2D2C,
    0x0000, 0x0000, 0x2600, 0x2D2C, 0x0000, 0x0000, 0x2600, 0x2D2C, 0x0000, 0x0000, 0x2600, 0x2D2C,
    0x0000, 0x0000, 0x2600, 0x2D2C, 0x0000, 0x0000, 0x2600, 0x2D2C, 0x0000, 0x0000, 0x2600, 0x2D26,
    0x0000, 0x0000, 0x2600, 0x262B, 0x2D2D, 0x2D2D, 0x0026, 0x0000, 0x2D2D, 0x2C2D, 0x0026, 0x0000,
    0x2D2D, 0x262D, 0x0000, 0x0000, 0x2D2D, 0x262D, 0x0000, 0x0000, 0x2D2D, 0x262D, 0x0000, 0x0000,
    0x2D2D, 0x262C, 0x0000, 0x0000, 0x2D2D, 0x0026, 0x0000, 0x0000, 0x2626, 0x0026, 0x0000, 0x0000,
    0x0000, 0x0000, 0x0000, 0x0000, 0x0000, 0x0000, 0x0000, 0x0000, 0x0000, 0x0000, 0x0000, 0x0000,
    0x0000, 0x0000, 0x0000, 0x0000, 0x0000, 0x0000, 0x0000, 0x0000, 0x0000, 0x0000, 0x0000, 0x0000,
    0x0000, 0x0000, 0x0000, 0x0000, 0x0000, 0x0000, 0x0000, 0x0000, 0x0000, 0x2600, 0x2D2C, 0x2D2D,
    0x0000, 0x2600, 0x2D2C, 0x2D2D, 0x0000, 0x2600, 0x2D2C, 0x2D2D, 0x0000, 0x2600, 0x2D2C, 0x2D2D,
    0x0000, 0x2600, 0x2D2C, 0x2D2D, 0x0000, 0x2600, 0x2D2C, 0x2D2D, 0x0000, 0x2600, 0x2D2C, 0x2D2D,
    0x0000, 0x2600, 0x2D2C, 0x2D2D, 0x2D2D, 0x262D, 0x0000, 0x0000, 0x2D2D, 0x262C, 0x0000, 0x0000,
    0x2D2D, 0x0026, 0x0000, 0x0000, 0x2D2D, 0x0026, 0x0000, 0x0000, 0x2D2D, 0x0026, 0x0000, 0x0000,
    0x2C2D, 0x0026, 0x0000, 0x0000, 0x262D, 0x0000, 0x0000, 0x0000, 0x262D, 0x0000, 0x0000, 0x0000,
    0x0000, 0x0000, 0x0000, 0x0000, 0x0000, 0x0000, 0x0000, 0x0000, 0x0000, 0x0000, 0x0000, 0x0000,
    0x0000, 0x0000, 0x0000, 0x0000, 0x0000, 0x0000, 0x0000, 0x0000, 0x0000, 0x0000, 0x0000, 0x0000,
    0x0000, 0x0000, 0x0000, 0x0000, 0x0000, 0x0000, 0x0000, 0x0000, 0x2F2F, 0x262F, 0x2727, 0x2B26,
    0x2F27, 0x2727, 0x2627, 0x2B2B, 0x272F, 0x2727, 0x2626, 0x2626, 0x2827, 0x2627, 0x0126, 0x282F,
    0x2826, 0x262F, 0x2F28, 0x2F28, 0x2726, 0x2627, 0x2A2A, 0x2A2A, 0x2F26, 0x2627, 0x292A, 0x2929,
    0x2F26, 0x2627, 0x2929, 0x2929, 0x2A2B, 0x292A, 0x2929, 0x2B2A, 0x2929, 0x2A29, 0x2929, 0x2A29,
    0x2A26, 0x2929, 0x2929, 0x262A, 0x2601, 0x2929, 0x2929, 0x0126, 0x2A01, 0x2929, 0x2929, 0x2826,
    0x2929, 0x2929, 0x2929, 0x2929, 0x2929, 0x2929, 0x262A, 0x2929, 0x2929, 0x2929, 0x2929, 0x2929
};

const u16 gb_level06_bg_patch_source[46432] = {
    0x0000, 0x0000, 0x0000, 0x2600, 0x0000, 0x0000, 0x0000, 0x2600, 0x0000, 0x0000, 0x2600, 0x2626,
    0x0000, 0x2600, 0x3126, 0x2631, 0x0000, 0x3126, 0x3131, 0x3131, 0x2600, 0x3131, 0x3131, 0x3131,
    0x3126, 0x3131, 0x3131, 0x3131, 0x3131, 0x3131, 0x3131, 0x3131, 0x2627, 0x2828, 0x2628, 0x2A29,
    0x2626, 0x2727, 0x2926, 0x2929, 0x2626, 0x2627, 0x2926, 0x2929, 0x2626, 0x2A26, 0x2929, 0x2929,
    0x2631, 0x2626, 0x292A, 0x2929, 0x3131, 0x3131, 0x2626, 0x2626, 0x3131, 0x2631, 0x3332, 0x3333,
    0x3131, 0x3326, 0x3333, 0x3333, 0x2A2A, 0x262A, 0x2727, 0x2726, 0x2929, 0x2929, 0x2626, 0x2726,
    0x2929, 0x2929, 0x2629, 0x2626, 0x2929, 0x2929, 0x2929, 0x2A29, 0x2929, 0x2929, 0x262A, 0x2626,
    0x2626, 0x2626, 0x3126, 0x3131, 0x3333, 0x3333, 0x2632, 0x3131, 0x3333, 0x3333, 0x3333, 0x3126,
    0x0026, 0x0026, 0x0000, 0x0000, 0x0026, 0x0000, 0x0000, 0x0000, 0x2626, 0x0026, 0x0000, 0x0000,
    0x3126, 0x2631, 0x0000, 0x0000, 0x3131, 0x3131, 0x0026, 0x0000, 0x3131, 0x3131, 0x2631, 0x0000,
    0x3131, 0x3131, 0x3131, 0x0026, 0x3131, 0x3131, 0x3131, 0x0026, 0x0000, 0x0000, 0x0000, 0x0000,
    0x0000, 0x0000, 0x0000, 0x0000, 0x0000, 0x0000, 0x0000, 0x0000, 0x0000, 0x0000, 0x0000, 0x0000,
    0x0000, 0x0000, 0x0000, 0x0000, 0x0000, 0x0000, 0x0000, 0x0000, 0x0000, 0x0000, 0x0000, 0x0000,
    0x0000, 0x0000, 0x0000, 0x0000, 0x0000, 0x2600, 0x292B, 0x2929, 0x0000, 0x2600, 0x292B, 0x2929,
    0x0000, 0x2600, 0x292B, 0x2929, 0x0000, 0x2600, 0x292B, 0x2929, 0x0000, 0x2600, 0x292A, 0x2929,
    0x0000, 0x2600, 0x292A, 0x2A29, 0x0000, 0x2600, 0x292A, 0x2629, 0x0000, 0x2600, 0x292A, 0x2629,
    0x2A29, 0x0026, 0x0000, 0x2600, 0x2629, 0x0000, 0x0000, 0x2C26, 0x2629, 0x0000, 0x0000, 0x2C26,
    0x262A, 0x0000, 0x2600, 0x2626, 0x0026, 0x0000, 0x2600, 0x2C2E, 0x0026, 0x0000, 0x2600, 0x2C2E,
    0x0000, 0x0000, 0x2600, 0x2C2E, 0x0000, 0x0000, 0x2E26, 0x2C2E, 0x2D2C, 0x2D2D, 0x2626, 0x2626,
    0x2D2C, 0x2C2D, 0x2D26, 0x2C2D, 0x2C2C, 0x262C, 0x2D2D, 0x2D2D, 0x2626, 0x2D26, 0x2D2D, 0x2D2D,
    0x2D2C, 0x2D2D, 0x2D2D, 0x2D2D, 0x2C2C, 0x2C2C, 0x2D2D, 0x2D2D, 0x2D2D, 0x2D2D, 0x2D2D, 0x2D2C,
    0x2D2D, 0x2D2D, 0x2C2C, 0x2D2D, 0x2626, 0x2626, 0x2626, 0x2D2D, 0x2626, 0x2D2D, 0x2D2D, 0x2D2D,
    0x262C, 0x2D2D, 0x2D2D, 0x2D2D, 0x262C, 0x2D2D, 0x2D2D, 0x2D2D, 0x262C, 0x2D2D, 0x2D2D, 0x2D2D,
    0x262C, 0x2D2D, 0x2D2D, 0x2D2D, 0x262D, 0x2D2D, 0x2D2D, 0x2D2D, 0x2C2D, 0x2D2D, 0x2D2D, 0x2C2C,
    0x2C26, 0x2A26, 0x2929, 0x2929, 0x2D26, 0x2B26, 0x292A, 0x2929, 0x262D, 0x262C, 0x292A, 0x2929,
    0x2D2D, 0x2626, 0x292A, 0x2929, 0x2D2D, 0x262D, 0x292A, 0x2929, 0x2D2D, 0x2C2D, 0x2A26, 0x2929,
    0x2C2C, 0x2D2D, 0x2A26, 0x2929, 0x2D2D, 0x2D2D, 0x2A26, 0x2929, 0x2629, 0x0000, 0x0000, 0x0000,
    0x2629, 0x0000, 0x0000, 0x0000, 0x2629, 0x0000, 0x0000, 0x0000, 0x2929, 0x0026, 0x0000, 0x0000,
    0x2929, 0x0026, 0x0000, 0x0000, 0x2929, 0x0026, 0x0000, 0x0000, 0x2929, 0x0026, 0x0000, 0x0000,
    0x2929, 0x0026, 0x0000, 0x0000, 0x0000, 0x0000, 0x0000, 0x0000, 0x0000, 0x0000, 0x0000, 0x0000,
    0x0000, 0x0000, 0x0000, 0x0000, 0x0000, 0x0000, 0x0000, 0x0000, 0x0000, 0x0000, 0x0000, 0x0000,
    0x0000, 0x0000, 0x0000, 0x0000, 0x0000, 0x0000, 0x0000, 0x0000, 0x0000, 0x0000, 0x0000, 0x0000,
    0x0000, 0x2600, 0x2C2C, 0x2D2D, 0x0000, 0x2600, 0x2C2C, 0x2D2D, 0x0000, 0x2600, 0x2C2C, 0x2D2D,
    0x0000, 0x2E26, 0x2D2C, 0x2D2D, 0x0000, 0x2C26, 0x2D2C, 0x2D2D, 0x0000, 0x2C26, 0x2D2C, 0x2D2D,
    0x2600, 0x2C2C, 0x2D2C, 0x2D2D, 0x2600, 0x2C2C, 0x2D2C, 0x2D2D, 0x2D2D, 0x2D2D, 0x262C, 0x0000,
    0x2D2D, 0x2D2D, 0x0026, 0x0000, 0x2D2D, 0x2D2D, 0x0026, 0x0000, 0x2D2D, 0x2D2D, 0x0026, 0x0000,
    0x2D2D, 0x2C2D, 0x0026, 0x0000, 0x2D2D, 0x262D, 0x0000, 0x0000, 0x2D2D, 0x262D, 0x0000, 0x0000,
    0x2D2D, 0x262C, 0x0000, 0x0000, 0x0000, 0x0000, 0x2E26, 0x2D2C, 0x0000, 0x0000, 0x2E26, 0x2D2C,
    0x0000, 0x0000, 0x2E26, 0x2D2C, 0x0000, 0x0000, 0x2E26, 0x2C2C, 0x0000, 0x0000, 0x2E26, 0x2C2C,
    0x0000, 0x0000, 0x2E26, 0x2C2C, 0x0000, 0x0000, 0x2E26, 0x2C2C, 0x0000, 0x0000, 0x2E26, 0x2C2E,
    0x2D2D, 0x2D2D, 0x2D2D, 0x0026, 0x2D2D, 0x2D2D, 0x2C2D, 0x0026, 0x2D2D, 0x2D2D, 0x262D, 0x0000,
    0x2D2D, 0x2D2D, 0x262D, 0x0000, 0x2D2D, 0x2D2D, 0x262D, 0x0000, 0x2D2D, 0x2D2D, 0x262D, 0x0000,
    0x2D2D, 0x2D2D, 0x262D, 0x0000, 0x2D2C, 0x2D2D, 0x262D, 0x0000, 0x0000, 0x0000, 0x2600, 0x2D2C,
    0x0000, 0x0000, 0x2600, 0x2D2C, 0x0000, 0x0000, 0x2600, 0x2D2C, 0x0000, 0x0000, 0x2600, 0x2D2C,
    0x0000, 0x0000, 0x2600, 0x2D2C, 0x0000, 0x0000, 0x2600, 0x2D2C, 0x0000, 0x0000, 0x2600, 0x2D26,
    0x0000, 0x0000, 0x2600, 0x262B, 0x2D2D, 0x2D2D, 0x0026, 0x0000, 0x2D2D, 0x2C2D, 0x0026, 0x0000,
    0x2D2D, 0x262D, 0x0000, 0x0000, 0x2D2D, 0x262D, 0x0000, 0x0000, 0x2D2D, 0x262D, 0x0000, 0x0000,
    0x2D2D, 0x262C, 0x0000, 0x0000, 0x2D2D, 0x0026, 0x0000, 0x0000, 0x2626, 0x0026, 0x0000, 0x0000,
    0x0000, 0x0000, 0x0000, 0x0000, 0x0000, 0x0000, 0x0000, 0x0000, 0x0000, 0x0000, 0x0000, 0x0000,
    0x0000, 0x0000, 0x0000, 0x0000, 0x0000, 0x0000, 0x0000, 0x0000, 0x0000, 0x0000, 0x0000, 0x0000,
    0x0000, 0x0000, 0x0000, 0x0000, 0x0000, 0x0000, 0x0000, 0x0000, 0x0000, 0x2600, 0x2D2C, 0x2D2D,
    0x0000, 0x2600, 0x2D2C, 0x2D2D, 0x0000, 0x2600, 0x2D2C, 0x2D2D, 0x0000, 0x2600, 0x2D2C, 0x2D2D,
    0x0000, 0x2600, 0x2D2C, 0x2D2D, 0x0000, 0x2600, 0x2D2C, 0x2D2D, 0x0000, 0x2600, 0x2D2C, 0x2D2D,
    0x0000, 0x2600, 0x2D2C, 0x2D2D, 0x2D2D, 0x262D, 0x0000, 0x0000, 0x2D2D, 0x262C, 0x0000, 0x0000,
    0x2D2D, 0x0026, 0x0000, 0x0000, 0x2D2D, 0x0026, 0x0000, 0x0000, 0x2D2D, 0x0026, 0x0000, 0x0000,
    0x2C2D, 0x0026, 0x0000, 0x0000, 0x262D, 0x0000, 0x0000, 0x0000, 0x262D, 0x0000, 0x0000, 0x0000,
    0x0000, 0x0000, 0x0000, 0x0000, 0x0000, 0x0000, 0x0000, 0x0000, 0x0000, 0x0000, 0x0000, 0x0000,
    0x0000, 0x0000, 0x0000, 0x0000, 0x0000, 0x0000, 0x0000, 0x0000, 0x0000, 0x0000, 0x0000, 0x0000,
    0x0000, 0x0000, 0x0000, 0x0000, 0x0000, 0x0000, 0x0000, 0x0000, 0x2F2F, 0x262F, 0x2727, 0x2B26,
    0x2F27, 0x2727, 0x2627, 0x2B2B, 0x272F, 0x2727, 0x2626, 0x2626, 0x2827, 0x2627, 0x0126, 0x282F,
    0x2826, 0x262F, 0x2F28, 0x2F28, 0x2726, 0x2627, 0x2A2A, 0x2A2A, 0x2F26, 0x2627, 0x292A, 0x2929,
    0x2F26, 0x2627, 0x2929, 0x2929, 0x2A2B, 0x292A, 0x2929, 0x2B2A, 0x2929, 0x2A29, 0x2929, 0x2A29,
    0x2A26, 0x2929, 0x2929, 0x262A, 0x2601, 0x2929, 0x2929, 0x0126, 0x2A01, 0x2929, 0x2929, 0x2826,
    0x2929, 0x2929, 0x2929, 0x2929, 0x2929, 0x2929, 0x262A, 0x2929, 0x2929, 0x2929, 0x2929, 0x2929,
    0x2B2B, 0x2726, 0x0026, 0x0000, 0x2626, 0x2727, 0x0026, 0x0000, 0x0128, 0x2726, 0x0026, 0x0000,
    0x0128, 0x2626, 0x0000, 0x0000, 0x2A2A, 0x262A, 0x0000, 0x0000, 0x2929, 0x2626, 0x0000, 0x0000,
    0x2929, 0x2626, 0x0000, 0x0000, 0x2929, 0x2626, 0x0000, 0x0000, 0x0101, 0x0101, 0x0101, 0x0101,
    0x0101, 0x0101, 0x0101, 0x0101, 0x0101, 0x0101, 0x0101, 0x0101, 0x0101, 0x0101, 0x0101, 0x0101,
    0x0101, 0x0101, 0x0101, 0x0101, 0x0101, 0x0101, 0x0101, 0x0101, 0x0101, 0x0101, 0x0101, 0x0101,
    0x0101, 0x0101, 0x0101, 0x0101, 0x0101, 0x0101, 0x0101, 0x0101, 0x0101, 0x0101, 0x0101, 0x0101,
    0x0101, 0x0101, 0x0101, 0x0101, 0x0101, 0x0101, 0x0101, 0x0101, 0x0101, 0x0101, 0x0101, 0x0101,
    0x0101, 0x0101, 0x0101, 0x0101, 0x0101, 0x0101, 0x0101, 0x0101, 0x0101, 0x0101, 0x0101, 0x0101,
    0x0000, 0x0000, 0x2F26, 0x2F2F, 0x0000, 0x2600, 0x2F2F, 0x272F, 0x0000, 0x2726, 0x2F2F, 0x2F27,
    0x0000, 0x2F26, 0x2F2F, 0x2F28, 0x2600, 0x2F27, 0x282F, 0x2F2F, 0x2600, 0x2F2F, 0x2727, 0x2F2F,
    0x2600, 0x2F2F, 0x272F, 0x272F, 0x2600, 0x2F27, 0x2727, 0x2F2F, 0x2F2F, 0x2F2F, 0x2F2F, 0x2F27,
    0x2F2F, 0x2F2F, 0x2728, 0x2F2F, 0x2F2F, 0x282F, 0x2F2F, 0x2F2F, 0x2F2F, 0x2F28, 0x2F2F, 0x2F2F,
    0x282F, 0x2F2F, 0x2F2F, 0x2F2F, 0x2F27, 0x2F2F, 0x2F2F, 0x272F, 0x2F2F, 0x2F2F, 0x2F2F, 0x2626,
    0x2F2F, 0x2F2F, 0x2626, 0x2626, 0x2F2F, 0x2F2F, 0x2F2F, 0x2F2F, 0x2F2F, 0x272F, 0x2F2F, 0x272F,
    0x2F2F, 0x2F28, 0x2F2F, 0x2627, 0x2827, 0x2F27, 0x272F, 0x2A26, 0x2728, 0x2F2F, 0x2627, 0x2929,
    0x2726, 0x272F, 0x2926, 0x2629, 0x2626, 0x2626, 0x292A, 0x2626, 0x2626, 0x2A26, 0x2929, 0x2626,
    0x262F, 0x0000, 0x0000, 0x0000, 0x2726, 0x0026, 0x0000, 0x0000, 0x262A, 0x2627, 0x0000, 0x0000,
    0x2629, 0x262F, 0x0000, 0x0000, 0x2A29, 0x2F26, 0x0026, 0x0000, 0x2626, 0x2F26, 0x0026, 0x0000,
    0x2B26, 0x2F26, 0x0026, 0x0000, 0x2B2B, 0x2F26, 0x0026, 0x0000, 0x0000, 0x0000, 0x0000, 0x2600,
    0x0000, 0x0000, 0x0000, 0x2600, 0x0000, 0x0000, 0x0000, 0x2600, 0x0000, 0x0000, 0x0000, 0x2600,
    0x0000, 0x0000, 0x0000, 0x2626, 0x0000, 0x0000, 0x0000, 0x2626, 0x0000, 0x0000, 0x0000, 0x2626,
    0x0000, 0x0000, 0x0000, 0x2626, 0x3131, 0x3131, 0x3131, 0x3131, 0x3131, 0x3131, 0x2631, 0x3131,
    0x3131, 0x3131, 0x2631, 0x2631, 0x3131, 0x3131, 0x3131, 0x3226, 0x3131, 0x3131, 0x3131, 0x3226,
    0x3131, 0x3131, 0x3131, 0x2631, 0x3131, 0x3131, 0x3131, 0x2626, 0x2626, 0x2626, 0x3126, 0x2626,
    0x2631, 0x3333, 0x3333, 0x3333, 0x3326, 0x3333, 0x3333, 0x3333, 0x3332, 0x3333, 0x3333, 0x3333,
    0x3332, 0x3333, 0x3333, 0x3333, 0x3332, 0x3333, 0x3333, 0x3333, 0x3332, 0x3333, 0x3333, 0x3333,
    0x3332, 0x3333, 0x3333, 0x3333, 0x3332, 0x3333, 0x3333, 0x3333, 0x3333, 0x3333, 0x3333, 0x2633,
    0x3333, 0x3333, 0x3333, 0x3333, 0x3333, 0x3333, 0x3333, 0x3333, 0x3333, 0x3333, 0x3333, 0x3333,
    0x3333, 0x3333, 0x3333, 0x3333, 0x3333, 0x3333, 0x3333, 0x3333, 0x3333, 0x3333, 0x3333, 0x3333,
    0x3333, 0x3333, 0x3333, 0x3333, 0x3131, 0x3126, 0x3131, 0x0026, 0x3126, 0x3126, 0x3131, 0x0026,
    0x2633, 0x3131, 0x3131, 0x0026, 0x2633, 0x3131, 0x3131, 0x0026, 0x2633, 0x3131, 0x3131, 0x0026,
    0x2633, 0x3126, 0x3131, 0x2626, 0x3233, 0x3126, 0x3131, 0x2626, 0x3333, 0x2626, 0x2626, 0x2626,
    0x0000, 0x0000, 0x0000, 0x0000, 0x0000, 0x0000, 0x0000, 0x0000, 0x0000, 0x0000, 0x0000, 0x0000,
    0x0000, 0x0000, 0x0000, 0x0000, 0x0000, 0x0000, 0x0000, 0x0000, 0x0000, 0x0000, 0x0000, 0x0000,
    0x0000, 0x0000, 0x0000, 0x0000, 0x0000, 0x0000, 0x0000, 0x0000, 0x0000, 0x2600, 0x292A, 0x2629,
    0x0000, 0x2600, 0x292A, 0x2629, 0x0000, 0x2600, 0x2626, 0x2629, 0x0000, 0x2600, 0x2A2A, 0x2626,
    0x0000, 0x2600, 0x2626, 0x262A, 0x0000, 0x2600, 0x2A2A, 0x2626, 0x0000, 0x2600, 0x2626, 0x2A2A,
    0x0000, 0x2600, 0x2A2A, 0x2626, 0x0000, 0x0000, 0x2E26, 0x2C2E, 0x0000, 0x0000, 0x2E26, 0x2C2C,
    0x0000, 0x0000, 0x2E26, 0x2C2C, 0x0000, 0x2600, 0x2C2E, 0x2C2C, 0x0000, 0x2600, 0x2C2E, 0x2C2C,
    0x0000, 0x2600, 0x2C2E, 0x2C2C, 0x0026, 0x2600, 0x2C2E, 0x2D2C, 0x0026, 0x2600, 0x2C2E, 0x2D2C,
    0x2D2D, 0x2D2D, 0x2C2D, 0x2C2C, 0x2D2D, 0x2D2D, 0x2D2D, 0x2D2D, 0x2D2D, 0x2C2D, 0x2D2C, 0x2D2D,
    0x2D2D, 0x2D2D, 0x2C2D, 0x2C2C, 0x2D2D, 0x2D2D, 0x2D2D, 0x2D2D, 0x2D2D, 0x2D2D, 0x2D2D, 0x262D,
    0x2D2D, 0x2D2D, 0x2D2D, 0x262D, 0x2D2D, 0x2D2D, 0x2D2D, 0x262D, 0x2C2C, 0x2D2D, 0x2C2D, 0x2D2C,
    0x2C2C, 0x2C2C, 0x2D2D, 0x2D2D, 0x2C2D, 0x2D2C, 0x2C2D, 0x2C2C, 0x2C2D, 0x2D2D, 0x2C26, 0x2D2C,
    0x2626, 0x2626, 0x2C2C, 0x2D2D, 0x0000, 0x2C26, 0x2C2C, 0x2D2D, 0x0000, 0x2C26, 0x2C2C, 0x2D2D,
    0x0000, 0x2E26, 0x2C2C, 0x2D2D, 0x2D2D, 0x2D2D, 0x2A26, 0x292A, 0x2D2D, 0x2D2D, 0x262C, 0x292A,
    0x2C2D, 0x2D2D, 0x262D, 0x292A, 0x2D2D, 0x2D2D, 0x262D, 0x292A, 0x2D2D, 0x2D2D, 0x262D, 0x2A2A,
    0x2D2D, 0x2D2D, 0x262D, 0x2A2A, 0x2D2D, 0x2D2D, 0x2C2D, 0x2A26, 0x2D2D, 0x2D2D, 0x2D2D, 0x2A26,
    0x2929, 0x0026, 0x0000, 0x0000, 0x2929, 0x0026, 0x0000, 0x0000, 0x2929, 0x0026, 0x0000, 0x0000,
    0x2929, 0x262A, 0x0000, 0x0000, 0x2929, 0x262A, 0x0000, 0x0000, 0x2929, 0x2629, 0x0000, 0x0000,
    0x2929, 0x2629, 0x0000, 0x0000, 0x2929, 0x2929, 0x0026, 0x0000, 0x0000, 0x0000, 0x0000, 0x0000,
    0x0000, 0x0000, 0x0000, 0x0000, 0x0000, 0x0000, 0x0000, 0x2600, 0x0000, 0x0000, 0x0000, 0x2600,
    0x0000, 0x0000, 0x0000, 0x2E26, 0x0000, 0x0000, 0x0000, 0x2E26, 0x0000, 0x0000, 0x0000, 0x2E26,
    0x0000, 0x0000, 0x0000, 0x2E26, 0x2C26, 0x262C, 0x2626, 0x2626, 0x2C26, 0x2A26, 0x2A2A, 0x2A29,
    0x2C2E, 0x262C, 0x2A2A, 0x2626, 0x2C2E, 0x2C2C, 0x2626, 0x2D2C, 0x2C2C, 0x2D2D, 0x2D2D, 0x2D2D,
    0x2C2C, 0x2D2D, 0x2D2D, 0x2D2D, 0x2C2C, 0x2D2D, 0x2D2D, 0x2D2D, 0x2D2C, 0x2D2D, 0x2D2D, 0x2D2D,
    0x2D2D, 0x0026, 0x0000, 0x0000, 0x2C26, 0x0026, 0x0000, 0x0000, 0x262D, 0x0000, 0x0000, 0x0000,
    0x262D, 0x0000, 0x0000, 0x0000, 0x262D, 0x0000, 0x0000, 0x0000, 0x262C, 0x0000, 0x0000, 0x0000,
    0x0026, 0x0000, 0x0000, 0x0000, 0x0026, 0x0000, 0x0000, 0x0000, 0x0000, 0x0000, 0x2E26, 0x2C2E,
    0x0000, 0x0000, 0x2600, 0x262E, 0x0000, 0x0000, 0x2600, 0x2A26, 0x0000, 0x0000, 0x2600, 0x262E,
    0x0000, 0x0000, 0x2E26, 0x2C2E, 0x0000, 0x0000, 0x2E26, 0x2C2C, 0x0000, 0x0000, 0x2E26, 0x2C2C,
    0x0000, 0x0000, 0x2E26, 0x2C2C, 0x2D2C, 0x2D2D, 0x262D, 0x0000, 0x2626, 0x2626, 0x2C2D, 0x0026,
    0x2A2A, 0x2A2A, 0x2D26, 0x0026, 0x292A, 0x2629, 0x2D2D, 0x0026, 0x2626, 0x2D26, 0x2D2D, 0x002C,
    0x2D2C, 0x2D2D, 0x2D2D, 0x002D, 0x2D2D, 0x2D2D, 0x2D2D, 0x002D, 0x2D2D, 0x2D2D, 0x2D2D, 0x002D,
    0x0000, 0x0000, 0x2600, 0x2A2A, 0x0000, 0x0000, 0x2600, 0x292B, 0x0000, 0x0000, 0x2B26, 0x292A,
    0x0000, 0x2600, 0x2A2A, 0x2626, 0x0000, 0x2626, 0x2629, 0x3434, 0x2600, 0x2635, 0x262A, 0x3434,
    0x2600, 0x3535, 0x3426, 0x3434, 0x2600, 0x3535, 0x3435, 0x0101, 0x2A2A, 0x0026, 0x0000, 0x0000,
    0x2629, 0x0000, 0x0000, 0x0000, 0x262A, 0x0000, 0x0000, 0x0000, 0x2626, 0x0000, 0x0000, 0x0000,
    0x2634, 0x0000, 0x0000, 0x0000, 0x2634, 0x0000, 0x0000, 0x0000, 0x2634, 0x0000, 0x0000, 0x0000,
    0x2601, 0x0000, 0x0000, 0x0000, 0x0000, 0x0000, 0x0000, 0x0000, 0x0000, 0x0000, 0x0000, 0x0000,
    0x0000, 0x0000, 0x0000, 0x0000, 0x0000, 0x0000, 0x0000, 0x0000, 0x0000, 0x0000, 0x0000, 0x0000,
    0x0000, 0x0000, 0x0000, 0x0000, 0x0000, 0x0000, 0x0000, 0x0000, 0x0000, 0x0000, 0x0000, 0x0000,
    0x0000, 0x2600, 0x2D2C, 0x2D2D, 0x0000, 0x2600, 0x2626, 0x2626, 0x0000, 0x2600, 0x2A2A, 0x292A,
    0x0000, 0x2600, 0x292A, 0x2929, 0x0000, 0x2626, 0x2A26, 0x2929, 0x2600, 0x3535, 0x2634, 0x2A29,
    0x2600, 0x3435, 0x2634, 0x262A, 0x2600, 0x0101, 0x3401, 0x3426, 0x2626, 0x0000, 0x0000, 0x0000,
    0x2629, 0x0000, 0x0000, 0x0000, 0x262A, 0x0000, 0x0000, 0x0000, 0x0026, 0x0000, 0x0000, 0x0000,
    0x0026, 0x0000, 0x0000, 0x0000, 0x0026, 0x0000, 0x0000, 0x0000, 0x2634, 0x0000, 0x0000, 0x0000,
    0x2634, 0x0000, 0x0000, 0x0000, 0x0101, 0x0101, 0x0101, 0x0101, 0x0101, 0x0101, 0x0101, 0x0101,
    0x0101, 0x0101, 0x0101, 0x0101, 0x0101, 0x0101, 0x0101, 0x0101, 0x0101, 0x0101, 0x0101, 0x0101,
    0x0101, 0x0101, 0x0101, 0x0101, 0x0101, 0x0101, 0x0101, 0x0101, 0x0101, 0x0101, 0x0101, 0x0101,
    0x2F2F, 0x262F, 0x2727, 0x2B26, 0x2F27, 0x2727, 0x2627, 0x2B2B, 0x272F, 0x2727, 0x2A26, 0x2A2A,
    0x2827, 0x2627, 0x2626, 0x2828, 0x2826, 0x262F, 0x2F28, 0x2F28, 0x2726, 0x2627, 0x2A2A, 0x2A2A,
    0x2F26, 0x2627, 0x292A, 0x2929, 0x2F26, 0x2627, 0x2929, 0x2929, 0x2A2B, 0x292A, 0x2929, 0x2B2A,
    0x2929, 0x2A29, 0x2929, 0x2A29, 0x2A26, 0x2929, 0x2929, 0x262A, 0x2601, 0x2929, 0x2929, 0x0126,
    0x2A01, 0x2929, 0x2929, 0x2826, 0x2929, 0x2929, 0x2929, 0x2929, 0x2929, 0x2929, 0x262A, 0x2929,
    0x2929, 0x2929, 0x2929, 0x2929, 0x2B2B, 0x2726, 0x0026, 0x0000, 0x2A2A, 0x2727, 0x0026, 0x0000,
    0x2626, 0x2726, 0x0026, 0x0000, 0x0128, 0x2626, 0x0000, 0x0000, 0x2A2A, 0x262A, 0x0000, 0x0000,
    0x2929, 0x2626, 0x0000, 0x0000, 0x2929, 0x2626, 0x0000, 0x0000, 0x2929, 0x2626, 0x0000, 0x0000,
    0x0101, 0x0101, 0x0101, 0x0101, 0x0101, 0x0101, 0x0101, 0x0101, 0x0101, 0x0101, 0x0101, 0x0101,
    0x0101, 0x0101, 0x0101, 0x0101, 0x0101, 0x0101, 0x0101, 0x0101, 0x0101, 0x0101, 0x0101, 0x0101,
    0x0101, 0x0101, 0x0101, 0x0101, 0x0101, 0x0101, 0x0101, 0x0101, 0x0101, 0x0101, 0x0101, 0x0101,
    0x0101, 0x0101, 0x0101, 0x0101, 0x0101, 0x0101, 0x0101, 0x0101, 0x0101, 0x0101, 0x0101, 0x0101,
    0x0101, 0x0101, 0x0101, 0x0101, 0x0101, 0x0101, 0x0101, 0x0101, 0x0101, 0x0101, 0x0101, 0x0101,
    0x0101, 0x0101, 0x0101, 0x0101, 0x2600, 0x2727, 0x272F, 0x2F2F, 0x2600, 0x2727, 0x2F27, 0x2F27,
    0x2600, 0x2727, 0x282F, 0x2727, 0x2600, 0x2728, 0x2727, 0x2727, 0x0000, 0x2726, 0x2728, 0x2727,
    0x0000, 0x2826, 0x2728, 0x2827, 0x0000, 0x2726, 0x2728, 0x2628, 0x0000, 0x2826, 0x2828, 0x2828,
    0x2F2F, 0x262F, 0x2727, 0x2B26, 0x2F27, 0x2727, 0x2627, 0x2B2B, 0x272F, 0x2727, 0x2626, 0x2626,
    0x2827, 0x2627, 0x0126, 0x282F, 0x2826, 0x262F, 0x2F28, 0x2F28, 0x2726, 0x2627, 0x2A2A, 0x2A2A,
    0x2F26, 0x2627, 0x292A, 0x2929, 0x2F26, 0x2627, 0x2929, 0x2929, 0x2A2B, 0x292A, 0x2929, 0x2B2A,
    0x2929, 0x2A29, 0x2929, 0x2A29, 0x2A26, 0x2929, 0x2929, 0x262A, 0x2601, 0x2929, 0x2929, 0x0126,
    0x2A01, 0x2929, 0x2929, 0x2826, 0x2929, 0x2929, 0x2929, 0x2929, 0x2929, 0x2929, 0x262A, 0x2929,
    0x2929, 0x2929, 0x2929, 0x2929, 0x2B2B, 0x2726, 0x0026, 0x0000, 0x2626, 0x2727, 0x0026, 0x0000,
    0x0128, 0x2726, 0x0026, 0x0000, 0x0128, 0x2626, 0x0000, 0x0000, 0x2A2A, 0x262A, 0x0000, 0x0000,
    0x2929, 0x2626, 0x0000, 0x0000, 0x2929, 0x2626, 0x0000, 0x0000, 0x2929, 0x2626, 0x0000, 0x0000,
    0x0000, 0x0000, 0x0000, 0x2626, 0x0000, 0x0000, 0x0000, 0x2600, 0x0000, 0x0000, 0x0000, 0x2600,
    0x0000, 0x0000, 0x0000, 0x2600, 0x0000, 0x0000, 0x0000, 0x2600, 0x0000, 0x0000, 0x0000, 0x2B26,
    0x0000, 0x0000, 0x0000, 0x2B26, 0x0000, 0x0000, 0x0000, 0x2B26, 0x2A2A, 0x2A2A, 0x262A, 0x2626,
    0x2A2A, 0x2929, 0x2A29, 0x2626, 0x2929, 0x2929, 0x2629, 0x2600, 0x2929, 0x2929, 0x2629, 0x0000,
    0x2929, 0x2929, 0x2629, 0x0000, 0x2929, 0x2929, 0x262A, 0x0000, 0x2929, 0x2929, 0x0026, 0x0000,
    0x2929, 0x2929, 0x0026, 0x0000, 0x322E, 0x3332, 0x3333, 0x3333, 0x322E, 0x3232, 0x3333, 0x3333,
    0x322E, 0x3232, 0x3232, 0x3232, 0x2E26, 0x3232, 0x3232, 0x3332, 0x2E26, 0x3332, 0x3333, 0x3333,
    0x2600, 0x332E, 0x3333, 0x3333, 0x2600, 0x322E, 0x3232, 0x3333, 0x2600, 0x262E, 0x2626, 0x2626,
    0x3333, 0x3333, 0x3333, 0x3333, 0x3333, 0x3333, 0x3333, 0x3333, 0x3333, 0x3333, 0x3333, 0x3333,
    0x3333, 0x3333, 0x3333, 0x3333, 0x3333, 0x3333, 0x3333, 0x3333, 0x3333, 0x3333, 0x3333, 0x3333,
    0x3333, 0x3333, 0x3333, 0x3333, 0x2626, 0x2626, 0x2626, 0x2626, 0x3333, 0x2A26, 0x2A2A, 0x2626,
    0x3333, 0x2A26, 0x2929, 0x0026, 0x3333, 0x2A26, 0x2929, 0x0026, 0x3233, 0x2A26, 0x2929, 0x0026,
    0x2633, 0x2A2A, 0x2929, 0x0026, 0x2633, 0x2A2A, 0x2929, 0x0026, 0x2633, 0x2A2A, 0x2929, 0x0026,
    0x2632, 0x292A, 0x2929, 0x0026, 0x0000, 0x0000, 0x0000, 0x0000, 0x0000, 0x0000, 0x0000, 0x0000,
    0x0000, 0x0000, 0x0000, 0x0000, 0x0000, 0x0000, 0x0000, 0x0000, 0x0000, 0x0000, 0x0000, 0x0000,
    0x0000, 0x0000, 0x0000, 0x0000, 0x0000, 0x0000, 0x0000, 0x0000, 0x0000, 0x0000, 0x0000, 0x0000,
    0x0000, 0x2A26, 0x2929, 0x2929, 0x0000, 0x2926, 0x2929, 0x2929, 0x0000, 0x2926, 0x2929, 0x292A,
    0x2600, 0x292A, 0x2929, 0x2926, 0x2600, 0x292A, 0x2929, 0x292A, 0x2600, 0x292A, 0x2A29, 0x2929,
    0x2B26, 0x292A, 0x2626, 0x2A29, 0x2B26, 0x262A, 0x262A, 0x262A, 0x0026, 0x2600, 0x2C2E, 0x2D2C,
    0x2629, 0x2600, 0x2C2E, 0x2D2C, 0x2629, 0x2600, 0x2C2E, 0x2D2C, 0x2629, 0x2600, 0x2C2E, 0x2D2C,
    0x262A, 0x2600, 0x2C2E, 0x2D2C, 0x0026, 0x2600, 0x2C2E, 0x2D2C, 0x0026, 0x2600, 0x2C2E, 0x2D2C,
    0x0000, 0x2600, 0x2C2E, 0x2D2C, 0x2D2D, 0x2D2D, 0x2D2D, 0x262D, 0x2D2D, 0x2D2D, 0x2D2D, 0x262D,
    0x2D2D, 0x2D2D, 0x2D2D, 0x262D, 0x2D2D, 0x2D2D, 0x2D2D, 0x262D, 0x2D2D, 0x2D2D, 0x2D2D, 0x262D,
    0x2D2D, 0x2D2D, 0x2D2D, 0x262D, 0x2D2D, 0x2D2D, 0x2D2D, 0x262D, 0x2D2D, 0x2D2D, 0x2D2D, 0x262D,
    0x0000, 0x2E26, 0x2C2C, 0x2D2D, 0x0000, 0x2E26, 0x2C2C, 0x2D2D, 0x0000, 0x2E26, 0x2C2C, 0x2D2D,
    0x0000, 0x2E26, 0x2C2C, 0x2D2D, 0x0000, 0x2600, 0x2C2C, 0x2D2D, 0x0000, 0x2600, 0x2C2C, 0x2D2D,
    0x0000, 0x2600, 0x2C2C, 0x2D2D, 0x0000, 0x2600, 0x2C2E, 0x2D2D, 0x2D2D, 0x2D2D, 0x2D2D, 0x2A26,
    0x2D2D, 0x2D2D, 0x2D2D, 0x2A26, 0x2D2D, 0x2D2D, 0x2D2D, 0x2A26, 0x2D2D, 0x2D2D, 0x2D2D, 0x2A26,
    0x2D2D, 0x2D2D, 0x2D2D, 0x2626, 0x2D2D, 0x2D2D, 0x2D2D, 0x0026, 0x2D2D, 0x2D2D, 0x2D2D, 0x0026,
    0x2D2D, 0x2D2D, 0x2D2D, 0x0026, 0x2929, 0x2929, 0x0026, 0x0000, 0x292A, 0x2929, 0x0026, 0x0000,
    0x2926, 0x2929, 0x262A, 0x0000, 0x2926, 0x2929, 0x2629, 0x0000, 0x262A, 0x2929, 0x2629, 0x0026,
    0x2A26, 0x2926, 0x2629, 0x0026, 0x2600, 0x2926, 0x2629, 0x0026, 0x2600, 0x2926, 0x2A26, 0x0026,
    0x0000, 0x0000, 0x0000, 0x2E26, 0x0000, 0x0000, 0x0000, 0x2C26, 0x0000, 0x0000, 0x2600, 0x2C2E,
    0x0000, 0x0000, 0x2600, 0x2C2E, 0x0000, 0x0000, 0x2600, 0x2C2E, 0x0000, 0x0000, 0x2600, 0x2C2E,
    0x0000, 0x0000, 0x2600, 0x2C2E, 0x0000, 0x0000, 0x2600, 0x2D2E, 0x2D2C, 0x2D2D, 0x2D2D, 0x2D2D,
    0x2D2C, 0x2D2D, 0x2D2D, 0x2C2D, 0x2D2C, 0x2D2D, 0x2D2D, 0x262D, 0x2D2D, 0x2D2D, 0x2D2D, 0x262D,
    0x2D2D, 0x2D2D, 0x2D2D, 0x262D, 0x2D2D, 0x2D2D, 0x2D2D, 0x262C, 0x2D2D, 0x2D2D, 0x2D2D, 0x0026,
    0x2D2D, 0x2D2D, 0x2D2D, 0x0026, 0x0026, 0x0000, 0x0000, 0x0000, 0x0026, 0x0000, 0x0000, 0x0000,
    0x0000, 0x0000, 0x0000, 0x0000, 0x0000, 0x0000, 0x0000, 0x0000, 0x0000, 0x0000, 0x0000, 0x0000,
    0x0000, 0x0000, 0x0000, 0x0000, 0x0000, 0x0000, 0x0000, 0x0000, 0x0000, 0x0000, 0x0000, 0x0000,
    0x0000, 0x0000, 0x2E26, 0x2C2C, 0x0000, 0x0000, 0x2E26, 0x2D2C, 0x0000, 0x0000, 0x2E26, 0x2D2C,
    0x0000, 0x0000, 0x2C26, 0x2D2C, 0x0000, 0x2600, 0x2C2E, 0x2D2C, 0x0000, 0x2600, 0x2C2E, 0x2D2C,
    0x0000, 0x2600, 0x2C2E, 0x2D2D, 0x0000, 0x2600, 0x2C2E, 0x2D2D, 0x2D2D, 0x2D2D, 0x2D2D, 0x002D,
    0x2D2D, 0x2D2D, 0x2D2D, 0x002C, 0x2D2D, 0x2D2D, 0x2D2D, 0x0026, 0x2D2D, 0x2D2D, 0x2D2D, 0x0026,
    0x2D2D, 0x2D2D, 0x2D2D, 0x0026, 0x2D2D, 0x2D2D, 0x2C2D, 0x0026, 0x2D2D, 0x2D2D, 0x262D, 0x0000,
    0x2D2D, 0x2D2D, 0x262D, 0x0000, 0x2600, 0x3435, 0x0135, 0x3434, 0x2600, 0x3435, 0x3435, 0x0101,
    0x2600, 0x3526, 0x3535, 0x2634, 0x2600, 0x3526, 0x3535, 0x0126, 0x2600, 0x262F, 0x2635, 0x0101,
    0x2600, 0x2F2F, 0x2626, 0x0101, 0x2600, 0x2F2F, 0x0101, 0x2626, 0x0000, 0x2F26, 0x0101, 0x0101,
    0x2634, 0x0000, 0x0000, 0x0000, 0x3401, 0x0026, 0x0000, 0x0000, 0x2626, 0x0026, 0x0000, 0x0000,
    0x0101, 0x2601, 0x0000, 0x0000, 0x0101, 0x0101, 0x0026, 0x0000, 0x0101, 0x0101, 0x0026, 0x0000,
    0x2626, 0x2626, 0x0026, 0x0000, 0x0101, 0x0101, 0x0026, 0x0000, 0x0000, 0x0000, 0x0000, 0x0000,
    0x0000, 0x0000, 0x0000, 0x0000, 0x0000, 0x0000, 0x0000, 0x0000, 0x0000, 0x0000, 0x0000, 0x0000,
    0x0000, 0x0000, 0x0000, 0x2600, 0x0000, 0x0000, 0x0000, 0x2F26, 0x0000, 0x0000, 0x0000, 0x2F26,
    0x0000, 0x0000, 0x0000, 0x2626, 0x2600, 0x3435, 0x3434, 0x3435, 0x2600, 0x0101, 0x3401, 0x3435,
    0x3526, 0x3535, 0x3434, 0x3435, 0x2626, 0x2626, 0x3535, 0x3434, 0x012F, 0x0101, 0x3526, 0x3434,
    0x0101, 0x0101, 0x2601, 0x2635, 0x0101, 0x0101, 0x2601, 0x0126, 0x2626, 0x2626, 0x0126, 0x0101,
    0x2634, 0x0000, 0x0000, 0x0000, 0x2634, 0x0000, 0x0000, 0x0000, 0x2634, 0x0000, 0x0000, 0x0000,
    0x2626, 0x0000, 0x0000, 0x0000, 0x2626, 0x0000, 0x0000, 0x0000, 0x2601, 0x0000, 0x0000, 0x0000,
    0x2601, 0x0000, 0x0000, 0x0000, 0x2601, 0x0000, 0x0000, 0x0000, 0x0101, 0x0101, 0x0101, 0x0101,
    0x0101, 0x0101, 0x0101, 0x0101, 0x0101, 0x0101, 0x0101, 0x0101, 0x0101, 0x0101, 0x0101, 0x0101,
    0x0101, 0x0101, 0x0101, 0x0101, 0x0101, 0x0101, 0x0101, 0x0101, 0x0101, 0x0101, 0x0101, 0x0101,
    0x0101, 0x0101, 0x0101, 0x0101, 0x2F2F, 0x262F, 0x2727, 0x2B26, 0x2F27, 0x2727, 0x2627, 0x2B2B,
    0x272F, 0x2727, 0x2A26, 0x2B2A, 0x2827, 0x2627, 0x2626, 0x2626, 0x2826, 0x262F, 0x2F26, 0x2F28,
    0x2726, 0x2627, 0x2A2A, 0x2A2A, 0x2F26, 0x2627, 0x292A, 0x2929, 0x2F26, 0x2627, 0x2929, 0x2929,
    0x2A2B, 0x292A, 0x2929, 0x2B2A, 0x2929, 0x2A29, 0x2929, 0x2A29, 0x292B, 0x2929, 0x2929, 0x292A,
    0x2B26, 0x2929, 0x2929, 0x262A, 0x2601, 0x2929, 0x2929, 0x2826, 0x2929, 0x2929, 0x2929, 0x2929,
    0x2929, 0x2929, 0x262A, 0x2929, 0x2929, 0x2929, 0x2929, 0x2929, 0x2B2B, 0x2726, 0x0026, 0x0000,
    0x2B2B, 0x2727, 0x0026, 0x0000, 0x262A, 0x2726, 0x0026, 0x0000, 0x0128, 0x2626, 0x0000, 0x0000,
    0x2A2A, 0x262A, 0x0000, 0x0000, 0x2929, 0x2626, 0x0000, 0x0000, 0x2929, 0x2626, 0x0000, 0x0000,
    0x2929, 0x2626, 0x0000, 0x0000, 0x0101, 0x0101, 0x0101, 0x0101, 0x0101, 0x0101, 0x0101, 0x0101,
    0x0101, 0x0101, 0x0101, 0x0101, 0x0101, 0x0101, 0x0101, 0x0101, 0x0101, 0x0101, 0x0101, 0x0101,
    0x0101, 0x0101, 0x0101, 0x0101, 0x0101, 0x0101, 0x0101, 0x0101, 0x0101, 0x0101, 0x0101, 0x0101,
    0x0101, 0x0101, 0x0101, 0x0101, 0x0101, 0x0101, 0x0101, 0x0101, 0x0101, 0x0101, 0x0101, 0x0101,
    0x0101, 0x0101, 0x0101, 0x0101, 0x0101, 0x0101, 0x0101, 0x0101, 0x0101, 0x0101, 0x0101, 0x0101,
    0x0101, 0x0101, 0x0101, 0x0101, 0x0101, 0x0101, 0x0101, 0x0101, 0x0000, 0x2600, 0x2828, 0x2827,
    0x0000, 0x2600, 0x2728, 0x2827, 0x0000, 0x2826, 0x2728, 0x2827, 0x2600, 0x2626, 0x2728, 0x2827,
    0x0000, 0x0000, 0x2826, 0x2827, 0x0000, 0x0000, 0x2826, 0x2828, 0x0000, 0x2600, 0x2727, 0x2826,
    0x0000, 0x2626, 0x2626, 0x2600, 0x2728, 0x2628, 0x292A, 0x2929, 0x2728, 0x2827, 0x2A26, 0x2929,
    0x2728, 0x2728, 0x2626, 0x292A, 0x2828, 0x2828, 0x2626, 0x2A26, 0x2728, 0x2728, 0x2626, 0x262A,
    0x2828, 0x2828, 0x2628, 0x2A2A, 0x2827, 0x2828, 0x2628, 0x2A26, 0x2827, 0x2828, 0x2627, 0x262A,
    0x2929, 0x2929, 0x2929, 0x2929, 0x2629, 0x362A, 0x2636, 0x2929, 0x2929, 0x2929, 0x2929, 0x2929,
    0x2929, 0x2A29, 0x292A, 0x2929, 0x2A26, 0x2929, 0x2929, 0x2629, 0x262A, 0x2A26, 0x2A29, 0x2826,
    0x2A2A, 0x2626, 0x2626, 0x2828, 0x2626, 0x2826, 0x2828, 0x2728, 0x2929, 0x2826, 0x0026, 0x0000,
    0x2A29, 0x2726, 0x0026, 0x0000, 0x2629, 0x2827, 0x2628, 0x0000, 0x2726, 0x2628, 0x2626, 0x0026,
    0x2828, 0x0026, 0x0000, 0x0000, 0x2828, 0x0026, 0x0000, 0x0000, 0x2826, 0x0026, 0x0000, 0x0000,
    0x2626, 0x0026, 0x0000, 0x0000, 0x0000, 0x0000, 0x0000, 0x2A26, 0x0000, 0x0000, 0x2600, 0x2A2B,
    0x0000, 0x0000, 0x2600, 0x2A2A, 0x0000, 0x0000, 0x2600, 0x2A2A, 0x0000, 0x0000, 0x2B26, 0x2929,
    0x0000, 0x0000, 0x2A26, 0x2929, 0x0000, 0x2600, 0x292B, 0x2929, 0x0000, 0x2600, 0x292B, 0x2929,
    0x2929, 0x2929, 0x0026, 0x0000, 0x2929, 0x2A29, 0x0000, 0x0000, 0x2929, 0x262A, 0x0000, 0x0000,
    0x2A26, 0x2629, 0x0000, 0x0000, 0x2929, 0x2629, 0x0000, 0x0000, 0x2929, 0x2629, 0x0000, 0x0000,
    0x2929, 0x262A, 0x0000, 0x0000, 0x2929, 0x0026, 0x0000, 0x2600, 0x2600, 0x2A26, 0x2A2A, 0x2A2A,
    0x2600, 0x2A2A, 0x2929, 0x2929, 0x2600, 0x2A2A, 0x2929, 0x2929, 0x2600, 0x2A2A, 0x292A, 0x2929,
    0x2600, 0x2626, 0x2626, 0x292A, 0x2C26, 0x2C2C, 0x2D26, 0x2626, 0x2C26, 0x2C2C, 0x2D26, 0x2C26,
    0x2626, 0x2626, 0x2C26, 0x2C26, 0x2A2A, 0x2A2A, 0x2A2A, 0x2A2A, 0x2929, 0x2929, 0x2929, 0x2929,
    0x2929, 0x292A, 0x2929, 0x2929, 0x2929, 0x2929, 0x2929, 0x2929, 0x2A29, 0x292A, 0x2A29, 0x2626,
    0x2626, 0x2626, 0x2626, 0x262C, 0x3326, 0x2D01, 0x262D, 0x262C, 0x3326, 0x2D33, 0x262C, 0x2626,
    0x2626, 0x292A, 0x2929, 0x0026, 0x2629, 0x292A, 0x2A29, 0x0026, 0x2629, 0x2A2A, 0x2A2A, 0x262A,
    0x262A, 0x2A2A, 0x2929, 0x2629, 0x2626, 0x292A, 0x2929, 0x2A29, 0x262D, 0x2A2B, 0x2929, 0x2929,
    0x262D, 0x2A2B, 0x2929, 0x2929, 0x2626, 0x2A2B, 0x2929, 0x2929, 0x0000, 0x0000, 0x0000, 0x0000,
    0x0000, 0x0000, 0x0000, 0x0000, 0x0000, 0x0000, 0x0000, 0x0000, 0x0000, 0x0000, 0x0000, 0x0000,
    0x0026, 0x0000, 0x0000, 0x0000, 0x0026, 0x0000, 0x0000, 0x0000, 0x2629, 0x0000, 0x0000, 0x0000,
    0x2629, 0x0000, 0x0000, 0x0000, 0x2B26, 0x262A, 0x2A2A, 0x2626, 0x2B26, 0x2A2B, 0x2A26, 0x262A,
    0x2600, 0x2A26, 0x2629, 0x0026, 0x0000, 0x2600, 0x2A2A, 0x0026, 0x0000, 0x0000, 0x2626, 0x0026,
    0x0000, 0x0000, 0x0000, 0x0000, 0x0000, 0x0000, 0x0000, 0x0000, 0x0000, 0x0000, 0x0000, 0x0000,
    0x0000, 0x2600, 0x2C2E, 0x2D2C, 0x0000, 0x2600, 0x2C2E, 0x2D2C, 0x0000, 0x2600, 0x2C2E, 0x2D2C,
    0x0000, 0x2600, 0x2C2E, 0x2D2C, 0x0000, 0x2600, 0x2C2E, 0x2D2C, 0x0000, 0x2600, 0x2C2E, 0x2D2D,
    0x0000, 0x2600, 0x2C2E, 0x2D2D, 0x0000, 0x2600, 0x2C2C, 0x2D2D, 0x2D2D, 0x2D2D, 0x2D2D, 0x262D,
    0x2D2D, 0x2D2D, 0x2D2D, 0x262D, 0x2D2D, 0x2D2D, 0x2D2D, 0x262C, 0x2D2D, 0x2D2D, 0x2D2D, 0x0026,
    0x2D2D, 0x2D2D, 0x2D2D, 0x0026, 0x2D2D, 0x2D2D, 0x2C2D, 0x0026, 0x2D2D, 0x2D2D, 0x262D, 0x0000,
    0x2D2D, 0x2D2D, 0x262D, 0x0000, 0x0000, 0x2600, 0x2C2E, 0x2D2D, 0x0000, 0x2600, 0x2C2E, 0x2D2D,
    0x0000, 0x2600, 0x2C2E, 0x2D2D, 0x0000, 0x2600, 0x2C2E, 0x2D2D, 0x0000, 0x2600, 0x2C2E, 0x2D2D,
    0x0000, 0x0000, 0x2C26, 0x2D2D, 0x0000, 0x0000, 0x2C26, 0x2D2C, 0x0000, 0x0000, 0x2C26, 0x2D2C,
    0x2D2D, 0x2D2D, 0x2D2D, 0x0026, 0x2D2D, 0x2D2D, 0x2D2D, 0x0026, 0x2D2D, 0x2D2D, 0x2D2D, 0x0026,
    0x2D2D, 0x2D2D, 0x2D2D, 0x0026, 0x2D2D, 0x2D2D, 0x2D2D, 0x0026, 0x2D2D, 0x2D2D, 0x2D2D, 0x0026,
    0x2D2D, 0x2D2D, 0x2D2D, 0x0026, 0x2D2D, 0x2D2D, 0x2D2D, 0x0026, 0x2A26, 0x2926, 0x2A26, 0x0026,
    0x2626, 0x2A26, 0x2626, 0x0000, 0x2A26, 0x262A, 0x2626, 0x0000, 0x2A26, 0x2926, 0x262A, 0x0000,
    0x2600, 0x292A, 0x0026, 0x0000, 0x0000, 0x2626, 0x0000, 0x0000, 0x0000, 0x0000, 0x0000, 0x0000,
    0x0000, 0x0000, 0x0000, 0x0000, 0x0000, 0x0000, 0x2600, 0x2D2E, 0x0000, 0x0000, 0x2600, 0x2D2E,
    0x0000, 0x0000, 0x2600, 0x2D2C, 0x0000, 0x0000, 0x2600, 0x2D2C, 0x0000, 0x0000, 0x2600, 0x2D2C,
    0x0000, 0x0000, 0x2600, 0x2D2C, 0x0000, 0x0000, 0x2600, 0x2D2C, 0x0000, 0x0000, 0x2600, 0x2D2C,
    0x2D2D, 0x2D2D, 0x2D2D, 0x0026, 0x2D2D, 0x2D2D, 0x2C2D, 0x0026, 0x2D2D, 0x2D2D, 0x262D, 0x0000,
    0x2D2D, 0x2D2D, 0x262D, 0x0000, 0x2D2D, 0x2D2D, 0x262D, 0x0000, 0x2D2D, 0x2D2D, 0x262C, 0x0000,
    0x2D2D, 0x2D2D, 0x0026, 0x0000, 0x2D2D, 0x2D2D, 0x0026, 0x0000, 0x0000, 0x0000, 0x0000, 0x0000,
    0x0000, 0x0000, 0x0000, 0x0000, 0x0000, 0x0000, 0x0000, 0x0000, 0x0000, 0x0000, 0x0000, 0x0000,
    0x0000, 0x0000, 0x0000, 0x0000, 0x0000, 0x0000, 0x0000, 0x0000, 0x0000, 0x0000, 0x0000, 0x0000,
    0x0000, 0x0000, 0x0000, 0x0000, 0x0000, 0x2600, 0x2C2E, 0x2D2D, 0x0000, 0x2600, 0x2C2E, 0x2D2D,
    0x0000, 0x2600, 0x2C2E, 0x2D2D, 0x0000, 0x2600, 0x2C2E, 0x2D2D, 0x0000, 0x2600, 0x2C2E, 0x2D2D,
    0x0000, 0x2600, 0x2C2C, 0x2D2D, 0x0000, 0x2600, 0x2C2C, 0x2D2D, 0x0000, 0x2600, 0x2D2C, 0x2D2D,
    0x2D2D, 0x2D2D, 0x262D, 0x0000, 0x2D2D, 0x2D2D, 0x262C, 0x0000, 0x2D2D, 0x2D2D, 0x0026, 0x0000,
    0x2D2D, 0x2D2D, 0x0026, 0x0000, 0x2D2D, 0x2D2D, 0x0026, 0x0000, 0x2D2D, 0x2C2D, 0x0026, 0x0000,
    0x2D2D, 0x262D, 0x0000, 0x0000, 0x2D2D, 0x262D, 0x0000, 0x0000, 0x0000, 0x2600, 0x012F, 0x0101,
    0x0000, 0x0000, 0x2F26, 0x0101, 0x0000, 0x0000, 0x2600, 0x2626, 0x0000, 0x0000, 0x0000, 0x0000,
    0x0000, 0x0000, 0x0000, 0x0000, 0x0000, 0x0000, 0x0000, 0x0000, 0x0000, 0x0000, 0x0000, 0x0000,
    0x0000, 0x0000, 0x0000, 0x0000, 0x0101, 0x0101, 0x0026, 0x0000, 0x0101, 0x0101, 0x0026, 0x0000,
    0x2626, 0x2626, 0x0000, 0x0000, 0x0000, 0x0000, 0x0000, 0x0000, 0x0000, 0x0000, 0x0000, 0x0000,
    0x0000, 0x0000, 0x0000, 0x0000, 0x0000, 0x0000, 0x0000, 0x0000, 0x0000, 0x0000, 0x0000, 0x0000,
    0x0000, 0x0000, 0x0000, 0x0126, 0x0000, 0x0000, 0x0000, 0x2F26, 0x0000, 0x0000, 0x0000, 0x2F26,
    0x0000, 0x0000, 0x0000, 0x2600, 0x0000, 0x0000, 0x0000, 0x0000, 0x0000, 0x0000, 0x0000, 0x0000,
    0x0000, 0x0000, 0x0000, 0x0000, 0x0000, 0x0000, 0x0000, 0x0000, 0x0101, 0x0101, 0x0101, 0x0101,
    0x0101, 0x0101, 0x0101, 0x2601, 0x0101, 0x0101, 0x0101, 0x0026, 0x2626, 0x2626, 0x2626, 0x0000,
    0x0000, 0x0000, 0x0000, 0x0000, 0x0000, 0x0000, 0x0000, 0x0000, 0x0000, 0x0000, 0x0000, 0x0000,
    0x0000, 0x0000, 0x0000, 0x0000, 0x0026, 0x0000, 0x0000, 0x0000, 0x0000, 0x0000, 0x0000, 0x0000,
    0x0000, 0x0000, 0x0000, 0x0000, 0x0000, 0x0000, 0x0000, 0x0000, 0x0000, 0x0000, 0x0000, 0x0000,
    0x0000, 0x0000, 0x0000, 0x0000, 0x0000, 0x0000, 0x0000, 0x0000, 0x0000, 0x0000, 0x0000, 0x0000,
    0x0101, 0x0101, 0x0101, 0x0101, 0x0101, 0x0101, 0x0101, 0x0101, 0x0101, 0x0101, 0x0101, 0x0101,
    0x0101, 0x0101, 0x0101, 0x0101, 0x0101, 0x0101, 0x0101, 0x0101, 0x0101, 0x0101, 0x0101, 0x0101,
    0x0101, 0x0101, 0x0101, 0x0101, 0x0101, 0x0101, 0x0101, 0x0101, 0x2F2F, 0x262F, 0x2727, 0x2B26,
    0x2F27, 0x2727, 0x2627, 0x2B2B, 0x272F, 0x2727, 0x2926, 0x2929, 0x2827, 0x2627, 0x2926, 0x2929,
    0x2826, 0x262F, 0x2626, 0x2626, 0x2726, 0x2627, 0x2A2A, 0x2A2A, 0x2F26, 0x2627, 0x292A, 0x2929,
    0x2F26, 0x2627, 0x2929, 0x2929, 0x2A2B, 0x292A, 0x2929, 0x2B2A, 0x2929, 0x2A29, 0x2929, 0x2A29,
    0x292A, 0x2929, 0x2929, 0x292A, 0x262A, 0x2929, 0x2929, 0x292A, 0x2A26, 0x2929, 0x2929, 0x2626,
    0x2929, 0x2929, 0x2929, 0x2929, 0x2929, 0x2929, 0x262A, 0x2929, 0x2929, 0x2929, 0x2929, 0x2929,
    0x2B2B, 0x2726, 0x0026, 0x0000, 0x2A2A, 0x2727, 0x0026, 0x0000, 0x2A29, 0x2726, 0x0026, 0x0000,
    0x2629, 0x2626, 0x0000, 0x0000, 0x2A26, 0x262A, 0x0000, 0x0000, 0x2929, 0x2626, 0x0000, 0x0000,
    0x2929, 0x2626, 0x0000, 0x0000, 0x2929, 0x2626, 0x0000, 0x0000, 0x0101, 0x0101, 0x0101, 0x0101,
    0x0101, 0x0101, 0x0101, 0x0101, 0x0101, 0x0101, 0x0101, 0x0101, 0x0101, 0x0101, 0x0101, 0x0101,
    0x0101, 0x0101, 0x0101, 0x0101, 0x0101, 0x0101, 0x0101, 0x0101, 0x0101, 0x0101, 0x0101, 0x0101,
    0x0101, 0x0101, 0x0101, 0x0101, 0x0101, 0x0101, 0x0101, 0x0101, 0x0101, 0x0101, 0x0101, 0x0101,
    0x0101, 0x0101, 0x0101, 0x0101, 0x0101, 0x0101, 0x0101, 0x0101, 0x0101, 0x0101, 0x0101, 0x0101,
    0x0101, 0x0101, 0x0101, 0x0101, 0x0101, 0x0101, 0x0101, 0x0101, 0x0101, 0x0101, 0x0101, 0x0101,
    0x0000, 0x0000, 0x0000, 0x0000, 0x0000, 0x0000, 0x0000, 0x0000, 0x0000, 0x0000, 0x0000, 0x0000,
    0x0000, 0x0000, 0x0000, 0x0000, 0x0000, 0x0000, 0x0000, 0x0000, 0x0000, 0x0000, 0x0000, 0x2600,
    0x0000, 0x0000, 0x0000, 0x2726, 0x0000, 0x0000, 0x2600, 0x2F2F, 0x0000, 0x0000, 0x0000, 0x0000,
    0x0000, 0x0000, 0x0000, 0x0000, 0x0000, 0x0000, 0x0000, 0x0000, 0x0000, 0x0000, 0x0000, 0x0000,
    0x2600, 0x2626, 0x2626, 0x2626, 0x2726, 0x2F2F, 0x2F2F, 0x2F2F, 0x2F2F, 0x2F2F, 0x012F, 0x2F2F,
    0x2F2F, 0x2F2F, 0x2F01, 0x2F2F, 0x0000, 0x0000, 0x0000, 0x0000, 0x0000, 0x0000, 0x0000, 0x0000,
    0x0000, 0x0000, 0x0000, 0x0000, 0x0000, 0x0000, 0x0000, 0x0000, 0x2626, 0x2626, 0x0000, 0x0000,
    0x2F2F, 0x2F2F, 0x2626, 0x0000, 0x2F2F, 0x2F2F, 0x2727, 0x2626, 0x2F2F, 0x2F2F, 0x2F27, 0x272F,
    0x0000, 0x0000, 0x0000, 0x0000, 0x0000, 0x0000, 0x0000, 0x0000, 0x0000, 0x0000, 0x0000, 0x0000,
    0x0000, 0x0000, 0x0000, 0x0000, 0x0000, 0x0000, 0x0000, 0x0000, 0x0000, 0x0000, 0x0000, 0x0000,
    0x0000, 0x0000, 0x0000, 0x0000, 0x0026, 0x0000, 0x0000, 0x0000, 0x0000, 0x0000, 0x0000, 0x0000,
    0x0000, 0x0000, 0x0000, 0x0000, 0x0000, 0x0000, 0x0000, 0x0000, 0x0000, 0x0000, 0x0000, 0x0000,
    0x0000, 0x0000, 0x0000, 0x0000, 0x0000, 0x0000, 0x0000, 0x0000, 0x0000, 0x0000, 0x0000, 0x0000,
    0x0000, 0x0000, 0x0000, 0x2600, 0x0000, 0x0000, 0x0000, 0x2600, 0x0000, 0x0000, 0x0000, 0x2600,
    0x0000, 0x0000, 0x2600, 0x2626, 0x0000, 0x2600, 0x2A26, 0x262A, 0x0000, 0x2A26, 0x2929, 0x262A,
    0x2600, 0x292A, 0x2929, 0x2A29, 0x2A26, 0x2929, 0x2929, 0x2929, 0x292A, 0x2929, 0x2929, 0x2929,
    0x2627, 0x2828, 0x2628, 0x2A29, 0x2626, 0x2727, 0x2926, 0x2929, 0x2626, 0x2627, 0x2926, 0x2929,
    0x2626, 0x2A26, 0x2929, 0x2929, 0x262C, 0x2626, 0x292A, 0x2929, 0x2C26, 0x2A26, 0x2626, 0x2A26,
    0x2E2A, 0x262C, 0x2929, 0x2929, 0x2C2A, 0x262D, 0x2929, 0x2929, 0x2A2A, 0x262A, 0x2727, 0x2726,
    0x2929, 0x2929, 0x2626, 0x2726, 0x2929, 0x2929, 0x2629, 0x2626, 0x2929, 0x2929, 0x2929, 0x2A29,
    0x2929, 0x2929, 0x262A, 0x2626, 0x2929, 0x262A, 0x2A26, 0x2A29, 0x2929, 0x2929, 0x2929, 0x2A29,
    0x2929, 0x2929, 0x2929, 0x2A29, 0x0026, 0x0026, 0x0000, 0x0000, 0x0026, 0x0000, 0x0000, 0x0000,
    0x2626, 0x0026, 0x0000, 0x0000, 0x2C26, 0x2626, 0x0000, 0x0000, 0x2C26, 0x2A26, 0x0026, 0x0000,
    0x2C26, 0x2926, 0x262A, 0x0000, 0x2C26, 0x2926, 0x2A29, 0x0026, 0x2C26, 0x2626, 0x2626, 0x0026,
    0x0000, 0x0000, 0x0000, 0x0000, 0x0000, 0x0000, 0x0000, 0x0000, 0x0000, 0x0000, 0x0000, 0x0000,
    0x0000, 0x0000, 0x0000, 0x0000, 0x0000, 0x0000, 0x0000, 0x0000, 0x0000, 0x0000, 0x0000, 0x0000,
    0x0000, 0x0000, 0x0000, 0x0000, 0x0000, 0x0000, 0x0000, 0x0000, 0x0000, 0x2600, 0x292B, 0x2929,
    0x0000, 0x2600, 0x292B, 0x2929, 0x0000, 0x2600, 0x292B, 0x2929, 0x0000, 0x2600, 0x292B, 0x2929,
    0x0000, 0x2600, 0x292A, 0x2929, 0x0000, 0x2600, 0x292A, 0x2A29, 0x0000, 0x2600, 0x292A, 0x2629,
    0x0000, 0x2600, 0x292A, 0x2629, 0x2A29, 0x0026, 0x0000, 0x2600, 0x2629, 0x0000, 0x0000, 0x2626,
    0x2629, 0x0000, 0x0000, 0x2E26, 0x262A, 0x0000, 0x2600, 0x2C2E, 0x0026, 0x0000, 0x2600, 0x2C2E,
    0x0026, 0x0000, 0x2600, 0x2C2E, 0x0000, 0x0000, 0x2600, 0x2C2E, 0x0000, 0x0000, 0x2E26, 0x2E2E,
    0x2C2C, 0x2C2C, 0x2D2D, 0x2C2D, 0x2C26, 0x2D2C, 0x2C2D, 0x2C2C, 0x2D2C, 0x2D2D, 0x2D2D, 0x2D2D,
    0x2D2C, 0x2D2D, 0x2D2D, 0x2C2D, 0x2D2C, 0x2D2D, 0x2D2D, 0x2D2D, 0x2D2D, 0x2D2D, 0x2D2D, 0x2D2D,
    0x2D2D, 0x2D2D, 0x2D2D, 0x2D2D, 0x2C2C, 0x2D2D, 0x2D2D, 0x2D2D, 0x2C2C, 0x2C2C, 0x2D2D, 0x2C2D,
    0x2C2C, 0x2C2C, 0x2C2D, 0x2D2D, 0x2D2D, 0x2D2D, 0x2D2D, 0x2D2D, 0x2C2C, 0x2C2C, 0x2D2D, 0x2D2D,
    0x2D2D, 0x2D2D, 0x2D2D, 0x2D2D, 0x2D2D, 0x2D2D, 0x2D2D, 0x2D2D, 0x2D2D, 0x2D2D, 0x2D2D, 0x2D2D,
    0x2D2D, 0x2D2D, 0x2D2D, 0x2D2D, 0x2C26, 0x2A26, 0x2929, 0x2929, 0x262C, 0x2B26, 0x292A, 0x2929,
    0x2D2D, 0x262C, 0x292A, 0x2929, 0x2D2D, 0x262D, 0x292A, 0x2929, 0x2D2D, 0x262D, 0x292A, 0x2929,
    0x2D2D, 0x2C2D, 0x2A26, 0x2929, 0x2D2D, 0x2D2D, 0x2A26, 0x2929, 0x2D2D, 0x2D2D, 0x2A26, 0x2929,
    0x2629, 0x0000, 0x0000, 0x0000, 0x2629, 0x0000, 0x0000, 0x0000, 0x2629, 0x0000, 0x0000, 0x0000,
    0x2929, 0x0026, 0x0000, 0x0000, 0x2929, 0x0026, 0x0000, 0x0000, 0x2929, 0x0026, 0x0000, 0x0000,
    0x2929, 0x0026, 0x0000, 0x0000, 0x2929, 0x0026, 0x0000, 0x0000, 0x0000, 0x0000, 0x0000, 0x0000,
    0x0000, 0x0000, 0x0000, 0x0000, 0x0000, 0x0000, 0x0000, 0x0000, 0x0000, 0x0000, 0x0000, 0x0000,
    0x0000, 0x0000, 0x0000, 0x0000, 0x0000, 0x0000, 0x0000, 0x0000, 0x0000, 0x0000, 0x0000, 0x0000,
    0x0000, 0x0000, 0x0000, 0x0000, 0x0000, 0x2600, 0x292B, 0x2929, 0x0000, 0x2600, 0x292A, 0x2929,
    0x0000, 0x2600, 0x292A, 0x2929, 0x0000, 0x2B26, 0x292A, 0x2929, 0x0000, 0x2A26, 0x2929, 0x2929,
    0x0000, 0x2A26, 0x2929, 0x2929, 0x2600, 0x2A2B, 0x2929, 0x2929, 0x2600, 0x2A2B, 0x2929, 0x2929,
    0x2929, 0x2929, 0x262A, 0x0000, 0x2929, 0x2929, 0x0026, 0x0000, 0x2929, 0x2929, 0x0026, 0x0000,
    0x2929, 0x2929, 0x0026, 0x0000, 0x2929, 0x2A29, 0x0026, 0x0000, 0x2929, 0x2629, 0x0000, 0x0000,
    0x2929, 0x2629, 0x0000, 0x0000, 0x2929, 0x262A, 0x0000, 0x0000, 0x0000, 0x0000, 0x2B26, 0x2929,
    0x0000, 0x0000, 0x2B26, 0x2929, 0x0000, 0x0000, 0x2B26, 0x2929, 0x0000, 0x0000, 0x2A26, 0x2929,
    0x0000, 0x0000, 0x2A26, 0x2929, 0x0000, 0x0000, 0x2A26, 0x2929, 0x0000, 0x0000, 0x2A26, 0x2929,
    0x0000, 0x0000, 0x2A26, 0x292A, 0x2929, 0x2929, 0x2929, 0x0026, 0x2929, 0x2929, 0x2A29, 0x0026,
    0x2929, 0x2929, 0x2629, 0x0000, 0x2929, 0x2929, 0x2629, 0x0000, 0x2929, 0x2929, 0x2629, 0x0000,
    0x2929, 0x2929, 0x2629, 0x0000, 0x2929, 0x2929, 0x2629, 0x0000, 0x2929, 0x2929, 0x2629, 0x0000,
    0x0000, 0x0000, 0x2600, 0x292B, 0x0000, 0x0000, 0x2600, 0x292B, 0x0000, 0x0000, 0x2600, 0x292B,
    0x0000, 0x0000, 0x2600, 0x292B, 0x0000, 0x0000, 0x2600, 0x292B, 0x0000, 0x0000, 0x2600, 0x292B,
    0x0000, 0x0000, 0x2600, 0x292B, 0x0000, 0x0000, 0x2600, 0x292B, 0x2929, 0x2929, 0x0026, 0x0000,
    0x2929, 0x2A29, 0x0026, 0x0000, 0x2929, 0x2629, 0x0000, 0x0000, 0x2929, 0x2629, 0x0000, 0x0000,
    0x2929, 0x2629, 0x0000, 0x0000, 0x2929, 0x262A, 0x0000, 0x0000, 0x2929, 0x0026, 0x0000, 0x0000,
    0x2929, 0x0026, 0x0000, 0x0000, 0x0000, 0x0000, 0x0000, 0x0000, 0x0000, 0x0000, 0x0000, 0x0000,
    0x0000, 0x0000, 0x0000, 0x0000, 0x0000, 0x0000, 0x0000, 0x0000, 0x0000, 0x0000, 0x0000, 0x0000,
    0x0000, 0x0000, 0x0000, 0x0000, 0x0000, 0x0000, 0x0000, 0x0000, 0x0000, 0x0000, 0x0000, 0x0000,
    0x0000, 0x2600, 0x292B, 0x2929, 0x0000, 0x2600, 0x292B, 0x2929, 0x0000, 0x2600, 0x292B, 0x2929,
    0x0000, 0x2600, 0x292B, 0x2929, 0x0000, 0x2600, 0x292B, 0x2929, 0x0000, 0x2600, 0x292B, 0x2929,
    0x0000, 0x2600, 0x292A, 0x2929, 0x0000, 0x2600, 0x292A, 0x2929, 0x2929, 0x2629, 0x0000, 0x0000,
    0x2929, 0x262A, 0x0000, 0x0000, 0x2929, 0x0026, 0x0000, 0x0000, 0x2929, 0x0026, 0x0000, 0x0000,
    0x2929, 0x0026, 0x0000, 0x0000, 0x2A29, 0x0026, 0x0000, 0x0000, 0x2629, 0x0000, 0x0000, 0x0000,
    0x2629, 0x0000, 0x0000, 0x0000, 0x0000, 0x0000, 0x0000, 0x0000, 0x0000, 0x0000, 0x0000, 0x0000,
    0x0000, 0x0000, 0x0000, 0x0000, 0x0000, 0x0000, 0x0000, 0x0000, 0x0000, 0x0000, 0x0000, 0x0000,
    0x0000, 0x0000, 0x0000, 0x0000, 0x0000, 0x0000, 0x0000, 0x0000, 0x0000, 0x0000, 0x0000, 0x0000,
    0x2F2F, 0x262F, 0x9427, 0x9594, 0x2F27, 0x2727, 0x9694, 0x9796, 0x272F, 0x9427, 0x9696, 0x9696,
    0x2827, 0x9427, 0x9596, 0x9697, 0x2826, 0x942F, 0x9796, 0x9796, 0x2726, 0x9427, 0x9797, 0x9797,
    0x2F26, 0x2627, 0x9794, 0x9797, 0x2F26, 0x2627, 0x942A, 0x9494, 0x2A95, 0x292A, 0x2929, 0x952A,
    0x9597, 0x2A29, 0x2929, 0x9794, 0x9796, 0x2901, 0x9429, 0x9697, 0x9695, 0x9495, 0x9494, 0x9596,
    0x9795, 0x2A94, 0x942A, 0x9796, 0x9797, 0x2994, 0x9429, 0x9797, 0x9497, 0x292A, 0x262A, 0x9794,
    0x2A94, 0x2929, 0x2929, 0x942A, 0x9495, 0x2726, 0x0026, 0x0000, 0x9696, 0x2795, 0x0026, 0x0000,
    0x9596, 0x0196, 0x0026, 0x0000, 0x9596, 0x9596, 0x0000, 0x0000, 0x9797, 0x9497, 0x0000, 0x0000,
    0x9797, 0x9426, 0x0000, 0x0000, 0x9797, 0x2694, 0x0000, 0x0000, 0x9494, 0x2626, 0x0000, 0x0000,
    0x0101, 0x0101, 0x0101, 0x0101, 0x0101, 0x0101, 0x0101, 0x0101, 0x0101, 0x0101, 0x0101, 0x0101,
    0x0101, 0x0101, 0x0101, 0x0101, 0x0101, 0x0101, 0x0101, 0x0101, 0x0101, 0x0101, 0x0101, 0x0101,
    0x0101, 0x0101, 0x0101, 0x0101, 0x0101, 0x0101, 0x0101, 0x0101, 0x0101, 0x0101, 0x0101, 0x0101,
    0x0101, 0x0101, 0x0101, 0x0101, 0x0101, 0x0101, 0x0101, 0x0101, 0x0101, 0x0101, 0x0101, 0x0101,
    0x0101, 0x0101, 0x0101, 0x0101, 0x0101, 0x0101, 0x0101, 0x0101, 0x0101, 0x0101, 0x0101, 0x0101,
    0x0101, 0x0101, 0x0101, 0x0101, 0x0000, 0x0000, 0x2F26, 0x2F2F, 0x0000, 0x2600, 0x2F2F, 0x272F,
    0x0000, 0x2726, 0x2F2F, 0x2F27, 0x0000, 0x2F26, 0x2F2F, 0x2F28, 0x2600, 0x2F27, 0x282F, 0x2F2F,
    0x2600, 0x2F2F, 0x2727, 0x2F2F, 0x2600, 0x2F2F, 0x272F, 0x272F, 0x2600, 0x2F27, 0x2727, 0x2F2F,
    0x2F2F, 0x2F2F, 0x2F2F, 0x2F27, 0x2F2F, 0x2F2F, 0x2728, 0x2F2F, 0x2F2F, 0x282F, 0x2F2F, 0x2F2F,
    0x2F2F, 0x2F28, 0x2F2F, 0x2F2F, 0x282F, 0x2F2F, 0x2F2F, 0x2F2F, 0x2F27, 0x2F2F, 0x2F2F, 0x272F,
    0x2F2F, 0x2F2F, 0x2F2F, 0x2626, 0x2F2F, 0x2F2F, 0x2626, 0x2626, 0x2F2F, 0x2F2F, 0x2F2F, 0x2F2F,
    0x2F2F, 0x272F, 0x2F2F, 0x272F, 0x2F2F, 0x2F28, 0x2F2F, 0x2627, 0x2827, 0x2F27, 0x272F, 0x2A26,
    0x2728, 0x2F2F, 0x2627, 0x2929, 0x2726, 0x272F, 0x2926, 0x2629, 0x2626, 0x2626, 0x292A, 0x2626,
    0x2626, 0x2A26, 0x2929, 0x2626, 0x262F, 0x0000, 0x0000, 0x0000, 0x2726, 0x0026, 0x0000, 0x0000,
    0x262A, 0x2627, 0x0000, 0x0000, 0x2629, 0x262F, 0x0000, 0x0000, 0x2A29, 0x2F26, 0x0026, 0x0000,
    0x2626, 0x2F26, 0x0026, 0x0000, 0x2B26, 0x2F26, 0x0026, 0x0000, 0x2B2B, 0x2F26, 0x0026, 0x0000,
    0x0000, 0x0000, 0x0000, 0x2600, 0x0000, 0x0000, 0x0000, 0x2600, 0x0000, 0x0000, 0x0000, 0x2600,
    0x0000, 0x0000, 0x0000, 0x2600, 0x0000, 0x0000, 0x0000, 0x2600, 0x0000, 0x0000, 0x0000, 0x3326,
    0x0000, 0x0000, 0x0000, 0x0126, 0x0000, 0x0000, 0x0000, 0x0126, 0x2626, 0x2626, 0x2626, 0x2926,
    0x0133, 0x0101, 0x0101, 0x2633, 0x0133, 0x0101, 0x0101, 0x0101, 0x0133, 0x0101, 0x0101, 0x0101,
    0x0133, 0x0101, 0x0101, 0x0101, 0x0133, 0x0101, 0x0101, 0x0133, 0x3333, 0x0101, 0x0101, 0x3333,
    0x3301, 0x3333, 0x3333, 0x3333, 0x262A, 0x2D2D, 0x2926, 0x2929, 0x2626, 0x2D2C, 0x2626, 0x2926,
    0x3301, 0x2626, 0x0126, 0x2633, 0x3301, 0x3326, 0x2601, 0x0101, 0x3301, 0x2626, 0x2626, 0x2626,
    0x3301, 0x2C26, 0x9497, 0x2D2C, 0x3301, 0x2E26, 0x2C2C, 0x2D2D, 0x0133, 0x2E26, 0x2D2C, 0x2D2D,
    0x2929, 0x2929, 0x2929, 0x2A29, 0x2929, 0x2929, 0x2929, 0x2626, 0x2626, 0x2626, 0x2626, 0x0133,
    0x0101, 0x0101, 0x0101, 0x2601, 0x0101, 0x0101, 0x2601, 0x2626, 0x2626, 0x2626, 0x2D26, 0x972C,
    0x2D2D, 0x2D2D, 0x2D2D, 0x2C2D, 0x2D2D, 0x2D2D, 0x2D2D, 0x2D2D, 0x2D26, 0x3326, 0x0101, 0x0026,
    0x2C26, 0x0126, 0x0101, 0x0026, 0x2626, 0x0126, 0x0101, 0x0026, 0x3333, 0x0126, 0x0101, 0x0026,
    0x2626, 0x0133, 0x0101, 0x2633, 0x2694, 0x0133, 0x0101, 0x2601, 0x2D2C, 0x0126, 0x0101, 0x2601,
    0x2D2D, 0x3326, 0x3333, 0x2633, 0x0000, 0x0000, 0x0000, 0x0000, 0x0000, 0x0000, 0x0000, 0x0000,
    0x0000, 0x0000, 0x0000, 0x0000, 0x0000, 0x0000, 0x0000, 0x0000, 0x0000, 0x0000, 0x0000, 0x0000,
    0x0000, 0x0000, 0x0000, 0x0000, 0x0000, 0x0000, 0x0000, 0x0000, 0x0000, 0x0000, 0x0000, 0x0000,
    0x0000, 0x2600, 0x292A, 0x2629, 0x0000, 0x2600, 0x292A, 0x2629, 0x0000, 0x2600, 0x292A, 0x2629,
    0x0000, 0x0100, 0x0126, 0x2626, 0x0000, 0x2626, 0x2A2A, 0x262A, 0x0000, 0x2600, 0x2601, 0x2626,
    0x0000, 0x2601, 0x2A2A, 0x2A2A, 0x2600, 0x2A26, 0x2929, 0x2929, 0x0000, 0x0000, 0x2E26, 0x2C2E,
    0x0000, 0x0000, 0x2E26, 0x2C2C, 0x0000, 0x0000, 0x2C26, 0x2D2C, 0x0000, 0x2600, 0x2C2E, 0x2D2C,
    0x0000, 0x2600, 0x2C2E, 0x2D2C, 0x0000, 0x2600, 0x2C2E, 0x2D2C, 0x0026, 0x2E26, 0x2C2C, 0x2D2C,
    0x0026, 0x2E26, 0x2C2C, 0x2D2D, 0x2C2C, 0x2C2D, 0x2D2D, 0x2D2D, 0x2D2D, 0x2D2D, 0x2D2D, 0x2D2D,
    0x2D2D, 0x2D2D, 0x2D2D, 0x2D2D, 0x2D2D, 0x2D2D, 0x2D2D, 0x2D2D, 0x2D2D, 0x2D2D, 0x2D2D, 0x2D2D,
    0x2D2D, 0x2D2D, 0x2D2D, 0x2D2D, 0x2D2D, 0x2D2D, 0x2D2D, 0x2D2D, 0x2D2D, 0x2D2D, 0x2D2D, 0x2D2D,
    0x2D2D, 0x2D2D, 0x2D2D, 0x2D2D, 0x2D2D, 0x2D2D, 0x2D2D, 0x2D2D, 0x2D2D, 0x2D2D, 0x2D2D, 0x2D2D,
    0x2D2D, 0x2D2D, 0x2D2D, 0x2D2D, 0x2D2D, 0x2D2D, 0x2D2D, 0x2D2D, 0x2D2D, 0x2D2D, 0x2D2D, 0x2D2D,
    0x2D2D, 0x2D2D, 0x2D2D, 0x2D2D, 0x2D2D, 0x2D2D, 0x2D2D, 0x2D2D, 0x2D2D, 0x2D2D, 0x2A26, 0x292A,
    0x2D2D, 0x2D2D, 0x262C, 0x292A, 0x2D2D, 0x2D2D, 0x262D, 0x292A, 0x2D2D, 0x2D2D, 0x262D, 0x292A,
    0x2D2D, 0x2D2D, 0x262D, 0x2A2A, 0x2D2D, 0x2D2D, 0x262D, 0x2A2A, 0x2D2D, 0x2D2D, 0x2C2D, 0x2A26,
    0x2D2D, 0x2D2D, 0x2D2D, 0x2A26, 0x2929, 0x0026, 0x0000, 0x0000, 0x2929, 0x0026, 0x0000, 0x0000,
    0x2929, 0x0026, 0x0000, 0x0000, 0x2929, 0x262A, 0x0000, 0x0000, 0x2929, 0x262A, 0x0000, 0x0000,
    0x2929, 0x2629, 0x0000, 0x0000, 0x2929, 0x2629, 0x0000, 0x0000, 0x2929, 0x2929, 0x0026, 0x0000,
    0x0000, 0x0000, 0x0000, 0x0000, 0x0000, 0x0000, 0x0000, 0x0000, 0x0000, 0x0000, 0x0000, 0x2600,
    0x0000, 0x0000, 0x0000, 0x2600, 0x0000, 0x0000, 0x0000, 0x2A26, 0x0000, 0x0000, 0x0000, 0x2A26,
    0x0000, 0x0000, 0x0000, 0x2A26, 0x0000, 0x0000, 0x0000, 0x2A26, 0x2B26, 0x2A2A, 0x2929, 0x2929,
    0x2A26, 0x2A2A, 0x2929, 0x2A29, 0x292A, 0x262A, 0x292A, 0x292A, 0x292A, 0x2A29, 0x2626, 0x292A,
    0x2929, 0x2929, 0x2929, 0x2929, 0x2929, 0x2929, 0x2929, 0x2929, 0x2929, 0x2929, 0x2929, 0x2929,
    0x2929, 0x2929, 0x2929, 0x2929, 0x2929, 0x0026, 0x0000, 0x0000, 0x2A29, 0x0026, 0x0000, 0x0000,
    0x2629, 0x0000, 0x0000, 0x0000, 0x2629, 0x0000, 0x0000, 0x0000, 0x2629, 0x0000, 0x0000, 0x0000,
    0x262A, 0x0000, 0x0000, 0x0000, 0x0026, 0x0000, 0x0000, 0x0000, 0x0026, 0x0000, 0x0000, 0x0000,
    0x0000, 0x0000, 0x2A26, 0x292A, 0x0000, 0x0000, 0x2600, 0x2A2B, 0x0000, 0x0000, 0x2600, 0x2A2B,
    0x0000, 0x0000, 0x2600, 0x2A2B, 0x0000, 0x0000, 0x2B26, 0x2B2B, 0x0000, 0x0000, 0x2B26, 0x2A2B,
    0x0000, 0x0000, 0x2B26, 0x292A, 0x0000, 0x0000, 0x2B26, 0x2929, 0x2929, 0x2929, 0x2629, 0x0000,
    0x2929, 0x2929, 0x2A29, 0x0026, 0x2929, 0x2A29, 0x2929, 0x0026, 0x292A, 0x2629, 0x2929, 0x0026,
    0x2626, 0x2926, 0x2929, 0x0026, 0x262A, 0x2926, 0x2929, 0x0026, 0x2929, 0x2929, 0x2929, 0x0026,
    0x2929, 0x2929, 0x2929, 0x0026, 0x0000, 0x0000, 0x2600, 0x292B, 0x0000, 0x0000, 0x2600, 0x292B,
    0x0000, 0x0000, 0x2B26, 0x292A, 0x0000, 0x2600, 0x2A2A, 0x2626, 0x0000, 0x2626, 0x2629, 0x3434,
    0x2600, 0x2635, 0x262A, 0x3434, 0x2600, 0x3535, 0x3426, 0x3434, 0x2600, 0x3535, 0x3435, 0x0101,
    0x2A29, 0x0026, 0x0000, 0x0000, 0x2629, 0x0000, 0x0000, 0x0000, 0x262A, 0x0000, 0x0000, 0x0000,
    0x2626, 0x0000, 0x0000, 0x0000, 0x2634, 0x0000, 0x0000, 0x0000, 0x2634, 0x0000, 0x0000, 0x0000,
    0x2634, 0x0000, 0x0000, 0x0000, 0x2601, 0x0000, 0x0000, 0x0000, 0x0000, 0x0000, 0x0000, 0x0000,
    0x0000, 0x0000, 0x0000, 0x0000, 0x0000, 0x0000, 0x0000, 0x0000, 0x0000, 0x0000, 0x0000, 0x0000,
    0x0000, 0x0000, 0x0000, 0x0000, 0x0000, 0x0000, 0x0000, 0x0000, 0x0000, 0x0000, 0x0000, 0x0000,
    0x0000, 0x0000, 0x0000, 0x0000, 0x0000, 0x2600, 0x292A, 0x2929, 0x0000, 0x2600, 0x292A, 0x2929,
    0x0000, 0x2600, 0x292A, 0x2929, 0x0000, 0x2600, 0x292A, 0x2929, 0x0000, 0x2626, 0x2A26, 0x2929,
    0x2600, 0x3535, 0x2634, 0x2A29, 0x2600, 0x3435, 0x2634, 0x262A, 0x2600, 0x0101, 0x3401, 0x3426,
    0x2629, 0x0000, 0x0000, 0x0000, 0x2629, 0x0000, 0x0000, 0x0000, 0x262A, 0x0000, 0x0000, 0x0000,
    0x0026, 0x0000, 0x0000, 0x0000, 0x0026, 0x0000, 0x0000, 0x0000, 0x0026, 0x0000, 0x0000, 0x0000,
    0x2634, 0x0000, 0x0000, 0x0000, 0x2634, 0x0000, 0x0000, 0x0000, 0x0101, 0x0101, 0x0101, 0x0101,
    0x0101, 0x0101, 0x0101, 0x0101, 0x0101, 0x0101, 0x0101, 0x0101, 0x0101, 0x0101, 0x0101, 0x0101,
    0x0101, 0x0101, 0x0101, 0x0101, 0x0101, 0x0101, 0x0101, 0x0101, 0x0101, 0x0101, 0x0101, 0x0101,
    0x0101, 0x0101, 0x0101, 0x0101, 0x2F2F, 0x262F, 0x9427, 0x9594, 0x2F27, 0x2727, 0x9694, 0x9797,
    0x272F, 0x9427, 0x9696, 0x9797, 0x2827, 0x9427, 0x9696, 0x9697, 0x2826, 0x942F, 0x9796, 0x9796,
    0x2726, 0x9427, 0x9797, 0x9797, 0x2F26, 0x2627, 0x9794, 0x9797, 0x2F26, 0x2627, 0x942A, 0x9494,
    0x2A95, 0x292A, 0x2929, 0x952A, 0x9597, 0x2A29, 0x2929, 0x9794, 0x9796, 0x2901, 0x9429, 0x9697,
    0x9695, 0x9495, 0x9494, 0x9596, 0x9795, 0x2A94, 0x942A, 0x9796, 0x9797, 0x2994, 0x9429, 0x9797,
    0x9497, 0x292A, 0x262A, 0x9794, 0x2A94, 0x2929, 0x2929, 0x942A, 0x9495, 0x2726, 0x0026, 0x0000,
    0x9697, 0x2795, 0x0026, 0x0000, 0x9696, 0x0196, 0x0026, 0x0000, 0x9596, 0x9596, 0x0000, 0x0000,
    0x9797, 0x9497, 0x0000, 0x0000, 0x9797, 0x9426, 0x0000, 0x0000, 0x9797, 0x2694, 0x0000, 0x0000,
    0x9494, 0x2626, 0x0000, 0x0000, 0x0101, 0x0101, 0x0101, 0x0101, 0x0101, 0x0101, 0x0101, 0x0101,
    0x0101, 0x0101, 0x0101, 0x0101, 0x0101, 0x0101, 0x0101, 0x0101, 0x0101, 0x0101, 0x0101, 0x0101,
    0x0101, 0x0101, 0x0101, 0x0101, 0x0101, 0x0101, 0x0101, 0x0101, 0x0101, 0x0101, 0x0101, 0x0101,
    0x0101, 0x0101, 0x0101, 0x0101, 0x0101, 0x0101, 0x0101, 0x0101, 0x0101, 0x0101, 0x0101, 0x0101,
    0x0101, 0x0101, 0x0101, 0x0101, 0x0101, 0x0101, 0x0101, 0x0101, 0x0101, 0x0101, 0x0101, 0x0101,
    0x0101, 0x0101, 0x0101, 0x0101, 0x0101, 0x0101, 0x0101, 0x0101, 0x2600, 0x2727, 0x272F, 0x2F2F,
    0x2600, 0x2727, 0x2F27, 0x2F27, 0x2600, 0x2727, 0x282F, 0x2727, 0x2600, 0x2728, 0x2727, 0x2727,
    0x0000, 0x2726, 0x2728, 0x2727, 0x0000, 0x2826, 0x2728, 0x2827, 0x0000, 0x2726, 0x2728, 0x2628,
    0x0000, 0x2826, 0x2828, 0x2828, 0x2F2F, 0x262F, 0x9427, 0x9594, 0x2F27, 0x2727, 0x9694, 0x9796,
    0x272F, 0x9427, 0x9696, 0x9696, 0x2827, 0x9427, 0x9596, 0x9697, 0x2826, 0x942F, 0x9796, 0x9796,
    0x2726, 0x9427, 0x9797, 0x9797, 0x2F26, 0x2627, 0x9794, 0x9797, 0x2F26, 0x2627, 0x942A, 0x9494,
    0x2A95, 0x292A, 0x2929, 0x952A, 0x9597, 0x2A29, 0x2929, 0x9794, 0x9796, 0x2901, 0x9429, 0x9697,
    0x9695, 0x9495, 0x9494, 0x9596, 0x9795, 0x2A94, 0x942A, 0x9796, 0x9797, 0x2994, 0x9429, 0x9797,
    0x9497, 0x292A, 0x262A, 0x9794, 0x2A94, 0x2929, 0x2929, 0x942A, 0x9495, 0x2726, 0x0026, 0x0000,
    0x9696, 0x2795, 0x0026, 0x0000, 0x9596, 0x0196, 0x0026, 0x0000, 0x9596, 0x9596, 0x0000, 0x0000,
    0x9797, 0x9497, 0x0000, 0x0000, 0x9797, 0x9426, 0x0000, 0x0000, 0x9797, 0x2694, 0x0000, 0x0000,
    0x9494, 0x2626, 0x0000, 0x0000, 0x0000, 0x0000, 0x0000, 0x2626, 0x0000, 0x0000, 0x0000, 0x2600,
    0x0000, 0x0000, 0x0000, 0x2600, 0x0000, 0x0000, 0x0000, 0x2600, 0x0000, 0x0000, 0x0000, 0x2600,
    0x0000, 0x0000, 0x0000, 0x2B26, 0x0000, 0x0000, 0x0000, 0x2B26, 0x0000, 0x0000, 0x0000, 0x2B26,
    0x2626, 0x2626, 0x2626, 0x2626, 0x2A2A, 0x2A2A, 0x2A2A, 0x2626, 0x2A2A, 0x2929, 0x2629, 0x2600,
    0x292A, 0x2929, 0x2629, 0x0000, 0x2929, 0x2929, 0x2629, 0x0000, 0x2929, 0x2929, 0x262A, 0x0000,
    0x2929, 0x2929, 0x0026, 0x0000, 0x2929, 0x2929, 0x0026, 0x0000, 0x0133, 0x2C33, 0x2D2C, 0x2D2D,
    0x0133, 0x2C33, 0x2D2C, 0x2D2D, 0x3301, 0x2633, 0x2D2D, 0x2D2D, 0x0126, 0x2633, 0x2D2C, 0x2D2D,
    0x0126, 0x2633, 0x2C2E, 0x2C2C, 0x2600, 0x2601, 0x2E2E, 0x2C2C, 0x2600, 0x2626, 0x2C2C, 0x2D2C,
    0x2600, 0x262A, 0x2C2C, 0x2D2C, 0x2D2D, 0x2D2D, 0x2D2D, 0x2D2D, 0x2D2D, 0x2D2D, 0x2D2D, 0x2D2D,
    0x2D2D, 0x2D2D, 0x2D2D, 0x2D2D, 0x2D2D, 0x2D2D, 0x2D2D, 0x2D2D, 0x2D2C, 0x2D2D, 0x2D2D, 0x2C2C,
    0x2D2D, 0x2D2D, 0x2D2D, 0x2D2D, 0x2D2D, 0x2D2D, 0x2D2D, 0x2D2D, 0x2D2D, 0x2D2D, 0x2D2D, 0x2D2D,
    0x2D2D, 0x2626, 0x2626, 0x2626, 0x2D2D, 0x2A26, 0x2A2A, 0x0026, 0x2D2D, 0x2A26, 0x2929, 0x0026,
    0x2C2C, 0x2A26, 0x2929, 0x0026, 0x2C2C, 0x2A26, 0x2929, 0x0026, 0x262C, 0x2A2A, 0x2929, 0x0026,
    0x262C, 0x2A2A, 0x2929, 0x0026, 0x262C, 0x292A, 0x2929, 0x0026, 0x0000, 0x0000, 0x0000, 0x0000,
    0x0000, 0x0000, 0x0000, 0x0000, 0x0000, 0x0000, 0x0000, 0x0000, 0x0000, 0x0000, 0x0000, 0x0000,
    0x0000, 0x0000, 0x0000, 0x0000, 0x0000, 0x0000, 0x0000, 0x0000, 0x0000, 0x0000, 0x0000, 0x0000,
    0x0000, 0x0000, 0x0000, 0x0000, 0x0000, 0x2A26, 0x2929, 0x2929, 0x0000, 0x2926, 0x2929, 0x2929,
    0x0000, 0x2926, 0x2929, 0x292A, 0x2600, 0x292A, 0x2929, 0x2926, 0x2600, 0x292A, 0x2929, 0x292A,
    0x2600, 0x292A, 0x2A29, 0x2929, 0x2B26, 0x292A, 0x2626, 0x2A29, 0x2B26, 0x262A, 0x262A, 0x262A,
    0x0026, 0x2E26, 0x2C2C, 0x2D2D, 0x2629, 0x2C2E, 0x2C2C, 0x2D2D, 0x2629, 0x2C2E, 0x2C2C, 0x2D2D,
    0x2629, 0x2C2E, 0x2D2C, 0x2D2D, 0x262A, 0x2C2E, 0x2D2C, 0x2D2D, 0x0026, 0x2E26, 0x2C2C, 0x2D2D,
    0x0026, 0x2600, 0x2626, 0x2626, 0x0000, 0x2600, 0x2A2B, 0x2A2A, 0x2D2D, 0x2D2D, 0x2D2D, 0x2D2D,
    0x2D2D, 0x2D2D, 0x2D2D, 0x2D2D, 0x2D2D, 0x2D2D, 0x2D2D, 0x2D2D, 0x2D2D, 0x2D2D, 0x2D2D, 0x2D2D,
    0x2D2D, 0x2D2D, 0x2D2D, 0x2D2D, 0x2D2D, 0x2D2D, 0x2D2D, 0x2D2D, 0x2C26, 0x2D2D, 0x2D2D, 0x2D2D,
    0x262A, 0x2626, 0x2626, 0x2626, 0x2D2D, 0x2D2D, 0x2D2D, 0x2D2D, 0x2D2D, 0x2D2D, 0x2D2D, 0x2D2D,
    0x2D2D, 0x2D2D, 0x2D2D, 0x2D2D, 0x2D2D, 0x2D2D, 0x2D2D, 0x2D2D, 0x2D2D, 0x2D2D, 0x2D2D, 0x2D2D,
    0x2D2D, 0x2D2D, 0x2D2D, 0x2D2D, 0x2D2D, 0x2D2D, 0x2D2D, 0x2D2D, 0x2626, 0x2626, 0x2626, 0x2626,
    0x2D2D, 0x2D2D, 0x2D2D, 0x2A26, 0x2D2D, 0x2D2D, 0x2D2D, 0x262C, 0x2D2D, 0x2D2D, 0x2D2D, 0x262C,
    0x2D2D, 0x2D2D, 0x2D2D, 0x262D, 0x2D2D, 0x2D2D, 0x2D2D, 0x262D, 0x2D2D, 0x2D2D, 0x2D2D, 0x262C,
    0x2D2D, 0x2D2D, 0x2C2D, 0x0026, 0x2626, 0x2626, 0x2626, 0x0026, 0x2926, 0x2929, 0x0026, 0x0000,
    0x2926, 0x2929, 0x0026, 0x0000, 0x2926, 0x2929, 0x262A, 0x0000, 0x292A, 0x2929, 0x2629, 0x0000,
    0x2A2A, 0x2929, 0x2629, 0x0026, 0x2A26, 0x292A, 0x2629, 0x0026, 0x2600, 0x2926, 0x2629, 0x0026,
    0x2600, 0x2926, 0x2A26, 0x0026, 0x0000, 0x0000, 0x0000, 0x2A26, 0x0000, 0x0000, 0x0000, 0x2A26,
    0x0000, 0x0000, 0x2600, 0x292A, 0x0000, 0x0000, 0x2600, 0x292A, 0x0000, 0x0000, 0x2600, 0x292A,
    0x0000, 0x0000, 0x2600, 0x292A, 0x0000, 0x0000, 0x2600, 0x292A, 0x0000, 0x0000, 0x2600, 0x292A,
    0x2929, 0x2929, 0x2929, 0x2929, 0x2929, 0x2929, 0x2929, 0x2A29, 0x2929, 0x2929, 0x2929, 0x2629,
    0x2929, 0x2929, 0x2929, 0x2629, 0x2929, 0x2929, 0x2929, 0x2629, 0x2929, 0x2929, 0x2929, 0x262A,
    0x2929, 0x2929, 0x2929, 0x0026, 0x2929, 0x2929, 0x2929, 0x0026, 0x0026, 0x0000, 0x0000, 0x0000,
    0x0026, 0x0000, 0x0000, 0x0000, 0x0000, 0x0000, 0x0000, 0x0000, 0x0000, 0x0000, 0x0000, 0x0000,
    0x0000, 0x0000, 0x0000, 0x0000, 0x0000, 0x0000, 0x0000, 0x0000, 0x0000, 0x0000, 0x0000, 0x0000,
    0x0000, 0x0000, 0x0000, 0x0000, 0x0000, 0x0000, 0x2A26, 0x2929, 0x0000, 0x0000, 0x2A26, 0x2929,
    0x0000, 0x0000, 0x2A26, 0x2929, 0x0000, 0x0000, 0x2A26, 0x2929, 0x0000, 0x2600, 0x2A2A, 0x2929,
    0x0000, 0x2600, 0x292A, 0x2929, 0x0000, 0x2600, 0x292A, 0x2929, 0x0000, 0x2600, 0x292B, 0x2929,
    0x2929, 0x2929, 0x2929, 0x0026, 0x2929, 0x2929, 0x2929, 0x0026, 0x2929, 0x2929, 0x2929, 0x0026,
    0x2929, 0x2929, 0x2929, 0x0026, 0x2929, 0x2929, 0x2929, 0x0026, 0x2929, 0x2929, 0x2A29, 0x0026,
    0x2929, 0x2929, 0x2629, 0x0000, 0x2929, 0x2929, 0x2629, 0x0000, 0x2600, 0x3435, 0x0135, 0x3434,
    0x2600, 0x3435, 0x3435, 0x0101, 0x2600, 0x3526, 0x3535, 0x2634, 0x2600, 0x3526, 0x3535, 0x0126,
    0x2600, 0x262F, 0x2635, 0x0101, 0x2600, 0x2F2F, 0x2626, 0x0101, 0x2600, 0x2F2F, 0x0101, 0x2626,
    0x0000, 0x2F26, 0x0101, 0x0101, 0x2634, 0x0000, 0x0000, 0x0000, 0x3401, 0x0026, 0x0000, 0x0000,
    0x2626, 0x0026, 0x0000, 0x0000, 0x0101, 0x2601, 0x0000, 0x0000, 0x0101, 0x0101, 0x0026, 0x0000,
    0x0101, 0x0101, 0x0026, 0x0000, 0x2626, 0x2626, 0x0026, 0x0000, 0x0101, 0x0101, 0x0026, 0x0000,
    0x0000, 0x0000, 0x0000, 0x0000, 0x0000, 0x0000, 0x0000, 0x0000, 0x0000, 0x0000, 0x0000, 0x0000,
    0x0000, 0x0000, 0x0000, 0x0000, 0x0000, 0x0000, 0x0000, 0x2600, 0x0000, 0x0000, 0x0000, 0x2F26,
    0x0000, 0x0000, 0x0000, 0x2F26, 0x0000, 0x0000, 0x0000, 0x2626, 0x2600, 0x3435, 0x3434, 0x3435,
    0x2600, 0x0101, 0x3401, 0x3435, 0x3526, 0x3535, 0x3434, 0x3435, 0x2626, 0x2626, 0x3535, 0x3434,
    0x012F, 0x0101, 0x3526, 0x3434, 0x0101, 0x0101, 0x2601, 0x2635, 0x0101, 0x0101, 0x2601, 0x0126,
    0x2626, 0x2626, 0x0126, 0x0101, 0x2634, 0x0000, 0x0000, 0x0000, 0x2634, 0x0000, 0x0000, 0x0000,
    0x2634, 0x0000, 0x0000, 0x0000, 0x2626, 0x0000, 0x0000, 0x0000, 0x2626, 0x0000, 0x0000, 0x0000,
    0x2601, 0x0000, 0x0000, 0x0000, 0x2601, 0x0000, 0x0000, 0x0000, 0x2601, 0x0000, 0x0000, 0x0000,
    0x0101, 0x0101, 0x0101, 0x0101, 0x0101, 0x0101, 0x0101, 0x0101, 0x0101, 0x0101, 0x0101, 0x0101,
    0x0101, 0x0101, 0x0101, 0x0101, 0x0101, 0x0101, 0x0101, 0x0101, 0x0101, 0x0101, 0x0101, 0x0101,
    0x0101, 0x0101, 0x0101, 0x0101, 0x0101, 0x0101, 0x0101, 0x0101, 0x2F2F, 0x262F, 0x9427, 0x9594,
    0x2F27, 0x2727, 0x9694, 0x9796, 0x272F, 0x9427, 0x9796, 0x9797, 0x2827, 0x9427, 0x9696, 0x9696,
    0x2826, 0x942F, 0x9796, 0x9796, 0x2726, 0x9427, 0x9797, 0x9797, 0x2F26, 0x2627, 0x9794, 0x9797,
    0x2F26, 0x2627, 0x942A, 0x9494, 0x2A95, 0x292A, 0x2929, 0x952A, 0x9597, 0x2A29, 0x2929, 0x9794,
    0x9797, 0x2901, 0x9429, 0x9797, 0x9695, 0x9495, 0x9494, 0x9697, 0x9795, 0x2A94, 0x942A, 0x9796,
    0x9797, 0x2994, 0x9429, 0x9797, 0x9497, 0x292A, 0x262A, 0x9794, 0x2A94, 0x2929, 0x2929, 0x942A,
    0x9495, 0x2726, 0x0026, 0x0000, 0x9697, 0x2795, 0x0026, 0x0000, 0x9696, 0x0196, 0x0026, 0x0000,
    0x9596, 0x9596, 0x0000, 0x0000, 0x9797, 0x9497, 0x0000, 0x0000, 0x9797, 0x9426, 0x0000, 0x0000,
    0x9797, 0x2694, 0x0000, 0x0000, 0x9494, 0x2626, 0x0000, 0x0000, 0x0101, 0x0101, 0x0101, 0x0101,
    0x0101, 0x0101, 0x0101, 0x0101, 0x0101, 0x0101, 0x0101, 0x0101, 0x0101, 0x0101, 0x0101, 0x0101,
    0x0101, 0x0101, 0x0101, 0x0101, 0x0101, 0x0101, 0x0101, 0x0101, 0x0101, 0x0101, 0x0101, 0x0101,
    0x0101, 0x0101, 0x0101, 0x0101, 0x0101, 0x0101, 0x0101, 0x0101, 0x0101, 0x0101, 0x0101, 0x0101,
    0x0101, 0x0101, 0x0101, 0x0101, 0x0101, 0x0101, 0x0101, 0x0101, 0x0101, 0x0101, 0x0101, 0x0101,
    0x0101, 0x0101, 0x0101, 0x0101, 0x0101, 0x0101, 0x0101, 0x0101, 0x0101, 0x0101, 0x0101, 0x0101,
    0x0000, 0x2600, 0x2828, 0x2827, 0x0000, 0x2600, 0x2728, 0x2827, 0x0000, 0x2826, 0x2728, 0x2827,
    0x2600, 0x2626, 0x2728, 0x2827, 0x0000, 0x0000, 0x2826, 0x2827, 0x0000, 0x0000, 0x2826, 0x2828,
    0x0000, 0x2600, 0x2727, 0x2826, 0x0000, 0x2626, 0x2626, 0x2600, 0x2728, 0x2628, 0x2A2A, 0x2A2A,
    0x2728, 0x2827, 0x2A26, 0x2929, 0x2728, 0x2728, 0x2626, 0x292A, 0x2828, 0x2828, 0x2626, 0x2A26,
    0x2728, 0x2728, 0x2626, 0x262A, 0x2828, 0x2828, 0x2628, 0x2A2A, 0x2827, 0x2828, 0x2628, 0x2A26,
    0x2827, 0x2828, 0x2627, 0x262A, 0x292A, 0x2929, 0x2929, 0x2A29, 0x2629, 0x362A, 0x2636, 0x2929,
    0x2929, 0x2929, 0x2929, 0x2929, 0x2929, 0x2A29, 0x292A, 0x2929, 0x2A26, 0x2929, 0x2929, 0x2629,
    0x262A, 0x2A26, 0x2A29, 0x2826, 0x2A2A, 0x2626, 0x2626, 0x2828, 0x2626, 0x2826, 0x2828, 0x2728,
    0x2A2A, 0x2826, 0x0026, 0x0000, 0x2A29, 0x2726, 0x0026, 0x0000, 0x2629, 0x2827, 0x2628, 0x0000,
    0x2726, 0x2628, 0x2626, 0x0026, 0x2828, 0x0026, 0x0000, 0x0000, 0x2828, 0x0026, 0x0000, 0x0000,
    0x2826, 0x0026, 0x0000, 0x0000, 0x2626, 0x0026, 0x0000, 0x0000, 0x0000, 0x0000, 0x0000, 0x2A26,
    0x0000, 0x0000, 0x2600, 0x2A2B, 0x0000, 0x0000, 0x2600, 0x2A2A, 0x0000, 0x0000, 0x2600, 0x2A2A,
    0x0000, 0x0000, 0x2B26, 0x2929, 0x0000, 0x0000, 0x2A26, 0x2929, 0x0000, 0x2600, 0x292B, 0x2929,
    0x0000, 0x2600, 0x292B, 0x2929, 0x2929, 0x2929, 0x0026, 0x0000, 0x2929, 0x2A29, 0x0000, 0x0000,
    0x2929, 0x262A, 0x0000, 0x0000, 0x2A26, 0x2629, 0x0000, 0x0000, 0x2929, 0x2629, 0x0000, 0x0000,
    0x2929, 0x2629, 0x0000, 0x0000, 0x2929, 0x262A, 0x0000, 0x0000, 0x2929, 0x0026, 0x0000, 0x2600,
    0x2600, 0x2A2A, 0x2C26, 0x2C2C, 0x2600, 0x2626, 0x2E26, 0x2C2E, 0x2600, 0x2E2E, 0x2C2C, 0x2D2C,
    0x2600, 0x2C2E, 0x2D2C, 0x2D2D, 0x2600, 0x2626, 0x2C2C, 0x2C26, 0x2E26, 0x2C2E, 0x2C26, 0x2D2D,
    0x2C26, 0x2C2C, 0x2D26, 0x2D2D, 0x2C2E, 0x262C, 0x2D2C, 0x2D2D, 0x2D2C, 0x2D2D, 0x2D2D, 0x2D2D,
    0x2C2C, 0x2C2C, 0x2C26, 0x262C, 0x2D2D, 0x2D2D, 0x2D2D, 0x2D2D, 0x2D2D, 0x2D2D, 0x2D2D, 0x2D2D,
    0x2C2C, 0x2C2C, 0x2C2C, 0x2C2C, 0x2D2D, 0x2D2D, 0x2D2D, 0x262D, 0x2D2D, 0x2D2D, 0x2D2D, 0x262D,
    0x2D2D, 0x2D2D, 0x2D2D, 0x262D, 0x262C, 0x292A, 0x2929, 0x0026, 0x2626, 0x292A, 0x2A29, 0x0026,
    0x262C, 0x2A2A, 0x2A2A, 0x262A, 0x262C, 0x2A2A, 0x2929, 0x2629, 0x2626, 0x292A, 0x2929, 0x2A29,
    0x262C, 0x2A2B, 0x2929, 0x2929, 0x262C, 0x2A2B, 0x2929, 0x2929, 0x262C, 0x2A2B, 0x2929, 0x2929,
    0x0000, 0x0000, 0x0000, 0x0000, 0x0000, 0x0000, 0x0000, 0x0000, 0x0000, 0x0000, 0x0000, 0x0000,
    0x0000, 0x0000, 0x0000, 0x0000, 0x0026, 0x0000, 0x0000, 0x0000, 0x0026, 0x0000, 0x0000, 0x0000,
    0x2629, 0x0000, 0x0000, 0x0000, 0x2629, 0x0000, 0x0000, 0x0000, 0x2B26, 0x262A, 0x2A2A, 0x2626,
    0x2B26, 0x2A2B, 0x2A26, 0x262A, 0x2600, 0x2A26, 0x262A, 0x0026, 0x0000, 0x2600, 0x2A2A, 0x0026,
    0x0000, 0x0000, 0x2626, 0x0026, 0x0000, 0x0000, 0x0000, 0x0000, 0x0000, 0x0000, 0x0000, 0x0000,
    0x0000, 0x0000, 0x0000, 0x0000, 0x0000, 0x2600, 0x2A2B, 0x2A2A, 0x0000, 0x2600, 0x2A2B, 0x2A2A,
    0x0000, 0x2600, 0x2A2B, 0x2929, 0x0000, 0x2600, 0x292B, 0x2929, 0x0000, 0x2600, 0x292B, 0x2929,
    0x0000, 0x2600, 0x292B, 0x2929, 0x0000, 0x2600, 0x292B, 0x2929, 0x0000, 0x2600, 0x292B, 0x2929,
    0x2A2A, 0x2A2A, 0x2A2A, 0x262A, 0x2929, 0x2929, 0x2A29, 0x262A, 0x2929, 0x2929, 0x2929, 0x262A,
    0x2929, 0x2929, 0x2929, 0x0026, 0x2929, 0x2929, 0x2929, 0x0026, 0x2929, 0x2929, 0x2A29, 0x0026,
    0x2929, 0x2929, 0x2629, 0x0000, 0x2929, 0x2929, 0x2629, 0x0000, 0x0000, 0x2600, 0x2A2B, 0x2A2A,
    0x0000, 0x2600, 0x2A2B, 0x2A2A, 0x0000, 0x2600, 0x2A2B, 0x2A2A, 0x0000, 0x2600, 0x2A2B, 0x292A,
    0x0000, 0x2600, 0x2A2B, 0x2929, 0x0000, 0x0000, 0x2B26, 0x2929, 0x0000, 0x0000, 0x2B26, 0x2929,
    0x0000, 0x0000, 0x2B26, 0x2929, 0x2A2A, 0x2A2A, 0x2A2A, 0x0026, 0x292A, 0x2929, 0x2A29, 0x0026,
    0x2929, 0x2929, 0x2929, 0x0026, 0x2929, 0x2929, 0x2929, 0x0026, 0x2929, 0x2929, 0x2929, 0x0026,
    0x2929, 0x2929, 0x2929, 0x0026, 0x2929, 0x2929, 0x2929, 0x0026, 0x2929, 0x2929, 0x2929, 0x0026,
    0x2A26, 0x2926, 0x2A26, 0x0026, 0x2626, 0x2A26, 0x2626, 0x0000, 0x2A26, 0x262A, 0x2626, 0x0000,
    0x2A26, 0x2926, 0x262A, 0x0000, 0x2600, 0x292A, 0x0026, 0x0000, 0x0000, 0x2626, 0x0000, 0x0000,
    0x0000, 0x0000, 0x0000, 0x0000, 0x0000, 0x0000, 0x0000, 0x0000, 0x0000, 0x0000, 0x2600, 0x292A,
    0x0000, 0x0000, 0x2600, 0x292A, 0x0000, 0x0000, 0x2600, 0x292A, 0x0000, 0x0000, 0x2600, 0x292A,
    0x0000, 0x0000, 0x2600, 0x292B, 0x0000, 0x0000, 0x2600, 0x292A, 0x0000, 0x0000, 0x2600, 0x292B,
    0x0000, 0x0000, 0x2600, 0x292A, 0x2929, 0x2929, 0x2929, 0x0026, 0x2929, 0x2929, 0x2A29, 0x0026,
    0x2929, 0x2929, 0x2629, 0x0000, 0x2929, 0x2929, 0x2629, 0x0000, 0x2929, 0x2929, 0x2629, 0x0000,
    0x2929, 0x2929, 0x262A, 0x0000, 0x2929, 0x2929, 0x0026, 0x0000, 0x2929, 0x2929, 0x0026, 0x0000,
    0x0000, 0x0000, 0x0000, 0x0000, 0x0000, 0x0000, 0x0000, 0x0000, 0x0000, 0x0000, 0x0000, 0x0000,
    0x0000, 0x0000, 0x0000, 0x0000, 0x0000, 0x0000, 0x0000, 0x0000, 0x0000, 0x0000, 0x0000, 0x0000,
    0x0000, 0x0000, 0x0000, 0x0000, 0x0000, 0x0000, 0x0000, 0x0000, 0x0000, 0x2600, 0x292A, 0x2929,
    0x0000, 0x2600, 0x292B, 0x2929, 0x0000, 0x2600, 0x292B, 0x2929, 0x0000, 0x2600, 0x292B, 0x2929,
    0x0000, 0x2600, 0x292B, 0x2929, 0x0000, 0x2600, 0x292B, 0x2929, 0x0000, 0x2600, 0x292B, 0x2929,
    0x0000, 0x2600, 0x292B, 0x2929, 0x2929, 0x2929, 0x2629, 0x0000, 0x2929, 0x2929, 0x262A, 0x0000,
    0x2929, 0x2929, 0x0026, 0x0000, 0x2929, 0x2929, 0x0026, 0x0000, 0x2929, 0x2929, 0x0026, 0x0000,
    0x2929, 0x2A29, 0x0026, 0x0000, 0x2929, 0x2629, 0x0000, 0x0000, 0x2929, 0x2629, 0x0000, 0x0000,
    0x0000, 0x2600, 0x012F, 0x0101, 0x0000, 0x0000, 0x2F26, 0x0101, 0x0000, 0x0000, 0x2600, 0x2626,
    0x0000, 0x0000, 0x0000, 0x0000, 0x0000, 0x0000, 0x0000, 0x0000, 0x0000, 0x0000, 0x0000, 0x0000,
    0x0000, 0x0000, 0x0000, 0x0000, 0x0000, 0x0000, 0x0000, 0x0000, 0x0101, 0x0101, 0x0026, 0x0000,
    0x0101, 0x0101, 0x0026, 0x0000, 0x2626, 0x2626, 0x0000, 0x0000, 0x0000, 0x0000, 0x0000, 0x0000,
    0x0000, 0x0000, 0x0000, 0x0000, 0x0000, 0x0000, 0x0000, 0x0000, 0x0000, 0x0000, 0x0000, 0x0000,
    0x0000, 0x0000, 0x0000, 0x0000, 0x0000, 0x0000, 0x0000, 0x0126, 0x0000, 0x0000, 0x0000, 0x2F26,
    0x0000, 0x0000, 0x0000, 0x2F26, 0x0000, 0x0000, 0x0000, 0x2600, 0x0000, 0x0000, 0x0000, 0x0000,
    0x0000, 0x0000, 0x0000, 0x0000, 0x0000, 0x0000, 0x0000, 0x0000, 0x0000, 0x0000, 0x0000, 0x0000,
    0x0101, 0x0101, 0x0101, 0x0101, 0x0101, 0x0101, 0x0101, 0x2601, 0x0101, 0x0101, 0x0101, 0x0026,
    0x2626, 0x2626, 0x2626, 0x0000, 0x0000, 0x0000, 0x0000, 0x0000, 0x0000, 0x0000, 0x0000, 0x0000,
    0x0000, 0x0000, 0x0000, 0x0000, 0x0000, 0x0000, 0x0000, 0x0000, 0x0026, 0x0000, 0x0000, 0x0000,
    0x0000, 0x0000, 0x0000, 0x0000, 0x0000, 0x0000, 0x0000, 0x0000, 0x0000, 0x0000, 0x0000, 0x0000,
    0x0000, 0x0000, 0x0000, 0x0000, 0x0000, 0x0000, 0x0000, 0x0000, 0x0000, 0x0000, 0x0000, 0x0000,
    0x0000, 0x0000, 0x0000, 0x0000, 0x0101, 0x0101, 0x0101, 0x0101, 0x0101, 0x0101, 0x0101, 0x0101,
    0x0101, 0x0101, 0x0101, 0x0101, 0x0101, 0x0101, 0x0101, 0x0101, 0x0101, 0x0101, 0x0101, 0x0101,
    0x0101, 0x0101, 0x0101, 0x0101, 0x0101, 0x0101, 0x0101, 0x0101, 0x0101, 0x0101, 0x0101, 0x0101,
    0x2F2F, 0x262F, 0x9427, 0x9594, 0x2F27, 0x2727, 0x9694, 0x9796, 0x272F, 0x9427, 0x9696, 0x9797,
    0x2827, 0x9427, 0x9796, 0x9797, 0x2826, 0x942F, 0x9696, 0x9696, 0x2726, 0x9427, 0x9797, 0x9797,
    0x2F26, 0x2627, 0x9794, 0x9797, 0x2F26, 0x2627, 0x942A, 0x9494, 0x2A95, 0x292A, 0x2929, 0x952A,
    0x9597, 0x2A29, 0x2929, 0x9794, 0x9697, 0x2901, 0x9429, 0x9797, 0x9697, 0x9495, 0x9494, 0x9796,
    0x9796, 0x2A94, 0x942A, 0x9696, 0x9797, 0x2994, 0x9429, 0x9797, 0x9497, 0x292A, 0x262A, 0x9794,
    0x2A94, 0x2929, 0x2929, 0x942A, 0x9495, 0x2726, 0x0026, 0x0000, 0x9697, 0x2795, 0x0026, 0x0000,
    0x9797, 0x0196, 0x0026, 0x0000, 0x9697, 0x9596, 0x0000, 0x0000, 0x9796, 0x9497, 0x0000, 0x0000,
    0x9797, 0x9426, 0x0000, 0x0000, 0x9797, 0x2694, 0x0000, 0x0000, 0x9494, 0x2626, 0x0000, 0x0000,
    0x0101, 0x0101, 0x0101, 0x0101, 0x0101, 0x0101, 0x0101, 0x0101, 0x0101, 0x0101, 0x0101, 0x0101,
    0x0101, 0x0101, 0x0101, 0x0101, 0x0101, 0x0101, 0x0101, 0x0101, 0x0101, 0x0101, 0x0101, 0x0101,
    0x0101, 0x0101, 0x0101, 0x0101, 0x0101, 0x0101, 0x0101, 0x0101, 0x0101, 0x0101, 0x0101, 0x0101,
    0x0101, 0x0101, 0x0101, 0x0101, 0x0101, 0x0101, 0x0101, 0x0101, 0x0101, 0x0101, 0x0101, 0x0101,
    0x0101, 0x0101, 0x0101, 0x0101, 0x0101, 0x0101, 0x0101, 0x0101, 0x0101, 0x0101, 0x0101, 0x0101,
    0x0101, 0x0101, 0x0101, 0x0101, 0x0000, 0x0000, 0x0000, 0x0000, 0x0000, 0x0000, 0x0000, 0x0000,
    0x0000, 0x0000, 0x0000, 0x0000, 0x0000, 0x0000, 0x0000, 0x0000, 0x0000, 0x0000, 0x0000, 0x0000,
    0x0000, 0x0000, 0x0000, 0x2600, 0x0000, 0x0000, 0x0000, 0x2726, 0x0000, 0x0000, 0x2600, 0x2F2F,
    0x0000, 0x0000, 0x0000, 0x0000, 0x0000, 0x0000, 0x0000, 0x0000, 0x0000, 0x0000, 0x0000, 0x0000,
    0x0000, 0x0000, 0x0000, 0x0000, 0x2600, 0x2626, 0x2626, 0x2626, 0x2726, 0x2F2F, 0x2F2F, 0x2F2F,
    0x2F2F, 0x2F2F, 0x012F, 0x2F2F, 0x2F2F, 0x2F2F, 0x2F01, 0x2F2F, 0x0000, 0x0000, 0x0000, 0x0000,
    0x0000, 0x0000, 0x0000, 0x0000, 0x0000, 0x0000, 0x0000, 0x0000, 0x0000, 0x0000, 0x0000, 0x0000,
    0x2626, 0x2626, 0x0000, 0x0000, 0x2F2F, 0x2F2F, 0x2626, 0x0000, 0x2F2F, 0x2F2F, 0x2727, 0x2626,
    0x2F2F, 0x2F2F, 0x2F27, 0x272F, 0x0000, 0x0000, 0x0000, 0x0000, 0x0000, 0x0000, 0x0000, 0x0000,
    0x0000, 0x0000, 0x0000, 0x0000, 0x0000, 0x0000, 0x0000, 0x0000, 0x0000, 0x0000, 0x0000, 0x0000,
    0x0000, 0x0000, 0x0000, 0x0000, 0x0000, 0x0000, 0x0000, 0x0000, 0x0026, 0x0000, 0x0000, 0x0000,
    0x0000, 0x0000, 0x0000, 0x0000, 0x0000, 0x0000, 0x0000, 0x0000, 0x0000, 0x0000, 0x0000, 0x0000,
    0x0000, 0x0000, 0x0000, 0x0000, 0x0000, 0x0000, 0x0000, 0x0000, 0x0000, 0x0000, 0x0000, 0x0000,
    0x0000, 0x0000, 0x0000, 0x0000, 0x0000, 0x0000, 0x0000, 0x2600, 0x0000, 0x0000, 0x0000, 0x2600,
    0x0000, 0x0000, 0x0000, 0x2600, 0x0000, 0x0000, 0x2600, 0x2626, 0x0000, 0x2600, 0x9826, 0x2699,
    0x0000, 0x9826, 0x9999, 0x9999, 0x2600, 0x9A98, 0x9A9A, 0x9A9A, 0x9826, 0x9A9A, 0x9A9A, 0x9A9A,
    0x9A98, 0x9A9A, 0x9A9A, 0x9A9A, 0x2627, 0x2828, 0x2628, 0x2A29, 0x2626, 0x2727, 0x2926, 0x2929,
    0x2626, 0x2627, 0x2926, 0x2929, 0x2626, 0x2A26, 0x2929, 0x2929, 0x2699, 0x2626, 0x292A, 0x2929,
    0x9A9A, 0x999A, 0x2626, 0x2626, 0x9A9A, 0x9999, 0x9A9A, 0x9A9A, 0x9A9A, 0x9A9A, 0x999A, 0x9999,
    0x2A2A, 0x262A, 0x2727, 0x2726, 0x2929, 0x2929, 0x2626, 0x2726, 0x2929, 0x2929, 0x2629, 0x2626,
    0x2929, 0x2929, 0x2929, 0x2A29, 0x2929, 0x2929, 0x262A, 0x2626, 0x2626, 0x2626, 0x9826, 0x9A99,
    0x9A9A, 0x9A9A, 0x999A, 0x9999, 0x9999, 0x9999, 0x9A99, 0x9A9A, 0x0026, 0x0026, 0x0000, 0x0000,
    0x0026, 0x0000, 0x0000, 0x0000, 0x2626, 0x0026, 0x0000, 0x0000, 0x9A26, 0x2698, 0x0000, 0x0000,
    0x9A98, 0x989A, 0x0026, 0x0000, 0x9A9A, 0x9A9A, 0x2698, 0x0000, 0x9A9A, 0x9A9A, 0x989A, 0x0026,
    0x9A9A, 0x9A9A, 0x9A9A, 0x0026, 0x0000, 0x0000, 0x0000, 0x0000, 0x0000, 0x0000, 0x0000, 0x0000,
    0x0000, 0x0000, 0x0000, 0x0000, 0x0000, 0x0000, 0x0000, 0x0000, 0x0000, 0x0000, 0x0000, 0x0000,
    0x0000, 0x0000, 0x0000, 0x0000, 0x0000, 0x0000, 0x0000, 0x0000, 0x0000, 0x0000, 0x0000, 0x0000,
    0x0000, 0x2600, 0x292B, 0x2929, 0x0000, 0x2600, 0x292B, 0x2929, 0x0000, 0x2600, 0x292B, 0x2929,
    0x0000, 0x2600, 0x292B, 0x2929, 0x0000, 0x2600, 0x292A, 0x2929, 0x0000, 0x2600, 0x292A, 0x2A29,
    0x0000, 0x2600, 0x292A, 0x2629, 0x0000, 0x2600, 0x292A, 0x2629, 0x2A29, 0x0026, 0x0000, 0x2726,
    0x2629, 0x0000, 0x2600, 0x2626, 0x2629, 0x0000, 0x2600, 0x2727, 0x262A, 0x0000, 0x2726, 0x2727,
    0x0026, 0x0000, 0x2726, 0x2727, 0x0026, 0x0000, 0x2626, 0x2626, 0x0000, 0x0000, 0x2726, 0x2727,
    0x0000, 0x2600, 0x272F, 0x2F27, 0x2727, 0x2F27, 0x2F2F, 0x2F2F, 0x2626, 0x2626, 0x2626, 0x2626,
    0x2F27, 0x2F26, 0x2F2F, 0x2F2F, 0x2F27, 0x2F27, 0x2F2F, 0x2F2F, 0x2726, 0x2F2F, 0x2727, 0x2727,
    0x2F2F, 0x2F2F, 0x2F2F, 0x2F2F, 0x2F2F, 0x2F2F, 0x272F, 0x2F2F, 0x2F2F, 0x2F2F, 0x2727, 0x2727,
    0x2626, 0x9494, 0x2F2F, 0x262F, 0x2626, 0x2626, 0x2726, 0x2F27, 0x262F, 0x2F26, 0x2F2F, 0x2F2F,
    0x262F, 0x2F26, 0x2F2F, 0x2F2F, 0x2727, 0x2F26, 0x272F, 0x2F2F, 0x272F, 0x2726, 0x2F27, 0x2F2F,
    0x2F2F, 0x2726, 0x2F2F, 0x272F, 0x2F2F, 0x2726, 0x2727, 0x2F27, 0x2626, 0x2A26, 0x2929, 0x2929,
    0x2726, 0x2B26, 0x292A, 0x2929, 0x262F, 0x2627, 0x292A, 0x2929, 0x2F2F, 0x2626, 0x292A, 0x2929,
    0x2F2F, 0x262F, 0x292A, 0x2929, 0x2F2F, 0x272F, 0x2A26, 0x2929, 0x2F2F, 0x2F2F, 0x2A26, 0x2929,
    0x2F2F, 0x2F2F, 0x2A26, 0x2929, 0x2629, 0x0000, 0x0000, 0x0000, 0x2629, 0x0000, 0x0000, 0x0000,
    0x2629, 0x0000, 0x0000, 0x0000, 0x2929, 0x0026, 0x0000, 0x0000, 0x2929, 0x0026, 0x0000, 0x0000,
    0x2929, 0x0026, 0x0000, 0x0000, 0x2929, 0x0026, 0x0000, 0x0000, 0x2929, 0x0026, 0x0000, 0x0000,
    0x0000, 0x0000, 0x0000, 0x0000, 0x0000, 0x0000, 0x0000, 0x0000, 0x0000, 0x0000, 0x0000, 0x0000,
    0x0000, 0x0000, 0x0000, 0x0000, 0x0000, 0x0000, 0x0000, 0x0000, 0x0000, 0x0000, 0x0000, 0x0000,
    0x0000, 0x0000, 0x0000, 0x0000, 0x0000, 0x0000, 0x0000, 0x2600, 0x2600, 0x272F, 0x2F27, 0x2F2F,
    0x2F26, 0x2727, 0x2F2F, 0x2F2F, 0x2F26, 0x2727, 0x2F2F, 0x2F2F, 0x2F26, 0x2727, 0x2F2F, 0x2F2F,
    0x2F26, 0x2727, 0x2F2F, 0x2F2F, 0x2726, 0x2727, 0x2F27, 0x2F2F, 0x2F26, 0x2727, 0x2F27, 0x2F2F,
    0x2727, 0x2727, 0x2F27, 0x2F2F, 0x2F2F, 0x2F2F, 0x262F, 0x0000, 0x2F2F, 0x2F2F, 0x262F, 0x0000,
    0x2F2F, 0x2F2F, 0x2627, 0x0000, 0x2F2F, 0x2F2F, 0x0026, 0x0000, 0x2F2F, 0x2F2F, 0x0026, 0x0000,
    0x2F2F, 0x2F2F, 0x0026, 0x0000, 0x2F2F, 0x272F, 0x0026, 0x0000, 0x2F2F, 0x262F, 0x0000, 0x0000,
    0x0000, 0x2600, 0x272F, 0x2F27, 0x0000, 0x2600, 0x272F, 0x2F27, 0x0000, 0x2600, 0x272F, 0x2F27,
    0x0000, 0x2600, 0x272F, 0x2F27, 0x0000, 0x2600, 0x272F, 0x2727, 0x0000, 0x2600, 0x272F, 0x2727,
    0x0000, 0x2600, 0x2727, 0x2727, 0x0000, 0x2600, 0x2727, 0x2F27, 0x2F2F, 0x2F2F, 0x2F2F, 0x0026,
    0x2F2F, 0x2F2F, 0x2F2F, 0x0026, 0x2F2F, 0x2F2F, 0x2F2F, 0x0026, 0x2F2F, 0x2F2F, 0x2F2F, 0x0026,
    0x2F2F, 0x2F2F, 0x2F2F, 0x0026, 0x2F2F, 0x2F2F, 0x2F2F, 0x0026, 0x2F2F, 0x2F2F, 0x2F2F, 0x0026,
    0x2F2F, 0x2F2F, 0x2F2F, 0x0026, 0x0000, 0x2F26, 0x2727, 0x2F2F, 0x0000, 0x2F26, 0x2727, 0x2F27,
    0x0000, 0x2F26, 0x2727, 0x2F2F, 0x0000, 0x2726, 0x2727, 0x2F2F, 0x0000, 0x2600, 0x2727, 0x2727,
    0x0000, 0x0000, 0x2626, 0x2626, 0x0000, 0x0000, 0x2600, 0x2A2B, 0x0000, 0x0000, 0x2600, 0x2A2B,
    0x2F2F, 0x2F2F, 0x272F, 0x0026, 0x2F2F, 0x2F2F, 0x2F2F, 0x0026, 0x2F2F, 0x2F2F, 0x2F2F, 0x0026,
    0x2F2F, 0x2F2F, 0x272F, 0x0026, 0x2F27, 0x2F2F, 0x2627, 0x0000, 0x2626, 0x2626, 0x0026, 0x0000,
    0x2A2A, 0x0026, 0x0000, 0x0000, 0x2A2A, 0x0026, 0x0000, 0x0000, 0x0000, 0x0000, 0x0000, 0x0000,
    0x0000, 0x0000, 0x0000, 0x0000, 0x0000, 0x0000, 0x0000, 0x0000, 0x0000, 0x0000, 0x0000, 0x0000,
    0x0000, 0x0000, 0x0000, 0x0000, 0x0000, 0x0000, 0x0000, 0x0000, 0x0000, 0x0000, 0x0000, 0x0000,
    0x0000, 0x0000, 0x0000, 0x0000, 0x2626, 0x2727, 0x2727, 0x2F27, 0x2F26, 0x2626, 0x2626, 0x2626,
    0x2F26, 0x2727, 0x2F2F, 0x2F2F, 0x2F26, 0x2727, 0x2F27, 0x2F2F, 0x2F26, 0x2727, 0x2F27, 0x2F2F,
    0x2600, 0x272F, 0x2F27, 0x2F2F, 0x0000, 0x2626, 0x2626, 0x2626, 0x0000, 0x2600, 0x2A2A, 0x2A2A,
    0x2F2F, 0x2F2F, 0x2626, 0x0000, 0x2626, 0x2626, 0x2627, 0x0000, 0x2F2F, 0x2F2F, 0x262F, 0x0000,
    0x2F2F, 0x2F2F, 0x262F, 0x0000, 0x2F2F, 0x2F2F, 0x2627, 0x0000, 0x2F2F, 0x272F, 0x0026, 0x0000,
    0x2626, 0x2626, 0x0000, 0x0000, 0x262A, 0x0000, 0x0000, 0x0000, 0x0000, 0x0000, 0x0000, 0x0000,
    0x0000, 0x0000, 0x0000, 0x0000, 0x0000, 0x0000, 0x0000, 0x0000, 0x0000, 0x0000, 0x0000, 0x0000,
    0x0000, 0x0000, 0x0000, 0x0000, 0x0000, 0x0000, 0x0000, 0x0000, 0x0000, 0x0000, 0x0000, 0x0000,
    0x0000, 0x0000, 0x0000, 0x0000, 0x2F2F, 0x262F, 0x2727, 0x2B26, 0x2F27, 0x2727, 0x2627, 0x2B2B,
    0x272F, 0x2727, 0x2626, 0x2626, 0x2827, 0x2627, 0x0126, 0x282F, 0x2826, 0x262F, 0x2F28, 0x2F28,
    0x2726, 0x2627, 0x2A2A, 0x2A2A, 0x2F26, 0x2627, 0x292A, 0x2929, 0x2F26, 0x2627, 0x2929, 0x2929,
    0x2A2B, 0x292A, 0x2929, 0x2B2A, 0x2929, 0x2A29, 0x2929, 0x2A29, 0x2A26, 0x2929, 0x2929, 0x262A,
    0x2601, 0x2929, 0x2929, 0x0126, 0x2A01, 0x2929, 0x2929, 0x2826, 0x2929, 0x2929, 0x2929, 0x2929,
    0x2929, 0x2929, 0x262A, 0x2929, 0x2929, 0x2929, 0x2929, 0x2929, 0x2B2B, 0x2726, 0x0026, 0x0000,
    0x2626, 0x2727, 0x0026, 0x0000, 0x0128, 0x2726, 0x0026, 0x0000, 0x0128, 0x2626, 0x0000, 0x0000,
    0x2A2A, 0x262A, 0x0000, 0x0000, 0x2929, 0x2626, 0x0000, 0x0000, 0x2929, 0x2626, 0x0000, 0x0000,
    0x2929, 0x2626, 0x0000, 0x0000, 0x0101, 0x0101, 0x0101, 0x0101, 0x0101, 0x0101, 0x0101, 0x0101,
    0x0101, 0x0101, 0x0101, 0x0101, 0x0101, 0x0101, 0x0101, 0x0101, 0x0101, 0x0101, 0x0101, 0x0101,
    0x0101, 0x0101, 0x0101, 0x0101, 0x0101, 0x0101, 0x0101, 0x0101, 0x0101, 0x0101, 0x0101, 0x0101,
    0x0101, 0x0101, 0x0101, 0x0101, 0x0101, 0x0101, 0x0101, 0x0101, 0x0101, 0x0101, 0x0101, 0x0101,
    0x0101, 0x0101, 0x0101, 0x0101, 0x0101, 0x0101, 0x0101, 0x0101, 0x0101, 0x0101, 0x0101, 0x0101,
    0x0101, 0x0101, 0x0101, 0x0101, 0x0101, 0x0101, 0x0101, 0x0101, 0x0000, 0x0000, 0x2F26, 0x2F2F,
    0x0000, 0x2600, 0x2F2F, 0x272F, 0x0000, 0x2726, 0x2F2F, 0x2F27, 0x0000, 0x2F26, 0x2F2F, 0x2F28,
    0x2600, 0x2F27, 0x282F, 0x2F2F, 0x2600, 0x2F2F, 0x2727, 0x2F2F, 0x2600, 0x2F2F, 0x272F, 0x272F,
    0x2600, 0x2F27, 0x2727, 0x2F2F, 0x2F2F, 0x2F2F, 0x2F2F, 0x2F27, 0x2F2F, 0x2F2F, 0x2728, 0x2F2F,
    0x2F2F, 0x282F, 0x2F2F, 0x2F2F, 0x2F2F, 0x2F28, 0x2F2F, 0x2F2F, 0x282F, 0x2F2F, 0x2F2F, 0x2F2F,
    0x2F27, 0x2F2F, 0x2F2F, 0x272F, 0x2F2F, 0x2F2F, 0x2F2F, 0x2626, 0x2F2F, 0x2F2F, 0x2626, 0x2626,
    0x2F2F, 0x2F2F, 0x2F2F, 0x2F2F, 0x2F2F, 0x272F, 0x2F2F, 0x272F, 0x2F2F, 0x2F28, 0x2F2F, 0x2627,
    0x2827, 0x2F27, 0x272F, 0x2A26, 0x2728, 0x2F2F, 0x2627, 0x2929, 0x2726, 0x272F, 0x2926, 0x2629,
    0x2626, 0x2626, 0x292A, 0x2626, 0x2626, 0x2A26, 0x2929, 0x2626, 0x262F, 0x0000, 0x0000, 0x0000,
    0x2726, 0x0026, 0x0000, 0x0000, 0x262A, 0x2627, 0x0000, 0x0000, 0x2629, 0x262F, 0x0000, 0x0000,
    0x2A29, 0x2F26, 0x0026, 0x0000, 0x2626, 0x2F26, 0x0026, 0x0000, 0x2B26, 0x2F26, 0x0026, 0x0000,
    0x2B2B, 0x2F26, 0x0026, 0x0000, 0x0000, 0x0000, 0x0000, 0x2600, 0x0000, 0x0000, 0x0000, 0x2600,
    0x0000, 0x0000, 0x0000, 0x9826, 0x0000, 0x0000, 0x0000, 0x9A26, 0x0000, 0x0000, 0x0000, 0x9A26,
    0x0000, 0x0000, 0x0000, 0x9A26, 0x0000, 0x0000, 0x2600, 0x9998, 0x0000, 0x0000, 0x2600, 0x9A99,
    0x9A9A, 0x9A9A, 0x9A98, 0x9A9A, 0x9A9A, 0x9A9A, 0x989A, 0x9A9A, 0x9A99, 0x9A9A, 0x269A, 0x9A98,
    0x9A9A, 0x9A99, 0x989A, 0x9926, 0x9A9A, 0x989A, 0x9A9A, 0x9826, 0x9A9A, 0x9A9A, 0x9898, 0x2698,
    0x9A9A, 0x9A9A, 0x989A, 0x2698, 0x9A9A, 0x9A9A, 0x989A, 0x2698, 0x9A9A, 0x9A9A, 0x9A9A, 0x9A9A,
    0x9A9A, 0x9A9A, 0x9A9A, 0x9A9A, 0x9A9A, 0x9A9A, 0x9A9A, 0x9A9A, 0x9A9A, 0x9A9A, 0x9A9A, 0x9A9A,
    0x9A99, 0x9A9A, 0x9A9A, 0x9A9A, 0x9999, 0x9A9A, 0x9A9A, 0x9A9A, 0x9999, 0x9A9A, 0x9A9A, 0x9A9A,
    0x9998, 0x9A9A, 0x9A9A, 0x9A9A, 0x9A9A, 0x9A9A, 0x9A9A, 0x9A9A, 0x9A9A, 0x9A9A, 0x9A9A, 0x9A9A,
    0x9A9A, 0x9A9A, 0x9A9A, 0x9A9A, 0x9A9A, 0x9A9A, 0x9A9A, 0x9A9A, 0x9A9A, 0x9A9A, 0x9A9A, 0x9A9A,
    0x9A9A, 0x9A9A, 0x9A9A, 0x9A9A, 0x9A9A, 0x9A9A, 0x9A9A, 0x9A9A, 0x9A9A, 0x9A9A, 0x9A9A, 0x9A9A,
    0x9A9A, 0x9A26, 0x999A, 0x0026, 0x989A, 0x9A26, 0x9A99, 0x0026, 0x269A, 0x9998, 0x9A99, 0x0026,
    0x269A, 0x9998, 0x9A99, 0x0026, 0x269A, 0x9998, 0x9A9A, 0x2698, 0x269A, 0x9998, 0x9999, 0x2699,
    0x989A, 0x9926, 0x9999, 0x2699, 0x9A9A, 0x9926, 0x9999, 0x2699, 0x0000, 0x0000, 0x0000, 0x0000,
    0x0000, 0x0000, 0x0000, 0x0000, 0x0000, 0x0000, 0x0000, 0x0000, 0x0000, 0x0000, 0x0000, 0x0000,
    0x0000, 0x0000, 0x0000, 0x0000, 0x0000, 0x0000, 0x0000, 0x0000, 0x0000, 0x0000, 0x0000, 0x0000,
    0x0000, 0x0000, 0x0000, 0x0000, 0x0000, 0x2600, 0x292A, 0x2629, 0x0000, 0x2600, 0x292A, 0x2629,
    0x0000, 0x2600, 0x292A, 0x2629, 0x0000, 0x2600, 0x292A, 0x2629, 0x0000, 0x2600, 0x292A, 0x2629,
    0x0000, 0x2600, 0x292A, 0x2629, 0x0000, 0x2600, 0x292A, 0x2A29, 0x0000, 0x2600, 0x2929, 0x2929,
    0x0000, 0x2600, 0x272F, 0x2F27, 0x0000, 0x2600, 0x272F, 0x2F27, 0x0000, 0x2600, 0x272F, 0x2F27,
    0x0000, 0x2600, 0x272F, 0x2F2F, 0x0000, 0x2600, 0x272F, 0x2F2F, 0x0000, 0x2600, 0x272F, 0x2F2F,
    0x0026, 0x2600, 0x272F, 0x2F2F, 0x0026, 0x2600, 0x272F, 0x2F2F, 0x2F2F, 0x2F2F, 0x272F, 0x2727,
    0x2F2F, 0x2F2F, 0x2F2F, 0x2F2F, 0x2F2F, 0x2F2F, 0x2F2F, 0x2F27, 0x2F2F, 0x2F2F, 0x2F2F, 0x272F,
    0x2F2F, 0x2F2F, 0x2F2F, 0x2F2F, 0x2F2F, 0x2F2F, 0x2F2F, 0x262F, 0x2F2F, 0x2F2F, 0x2F2F, 0x262F,
    0x2F2F, 0x2F2F, 0x2F2F, 0x262F, 0x2727, 0x2726, 0x2F27, 0x2F2F, 0x2F2F, 0x2726, 0x2F2F, 0x2F2F,
    0x2F2F, 0x2F26, 0x272F, 0x2F2F, 0x2627, 0x2727, 0x2726, 0x2F2F, 0x2626, 0x2626, 0x2727, 0x2F2F,
    0x0000, 0x2726, 0x2727, 0x2F2F, 0x0000, 0x2726, 0x2727, 0x2F2F, 0x0000, 0x2726, 0x2727, 0x2F2F,
    0x2F2F, 0x2F2F, 0x2A26, 0x292A, 0x2F2F, 0x2F2F, 0x2627, 0x292A, 0x2F2F, 0x2F2F, 0x262F, 0x292A,
    0x2F2F, 0x2F2F, 0x262F, 0x292A, 0x2F2F, 0x2F2F, 0x262F, 0x2A2A, 0x2F2F, 0x2F2F, 0x262F, 0x2A2A,
    0x2F2F, 0x2F2F, 0x272F, 0x2A26, 0x2F2F, 0x2F2F, 0x2F2F, 0x2A26, 0x2929, 0x0026, 0x0000, 0x0000,
    0x2929, 0x0026, 0x0000, 0x0000, 0x2929, 0x0026, 0x0000, 0x0000, 0x2929, 0x262A, 0x0000, 0x0000,
    0x2929, 0x262A, 0x0000, 0x0000, 0x2929, 0x2629, 0x0000, 0x0000, 0x2929, 0x2629, 0x0000, 0x0000,
    0x2929, 0x2929, 0x0026, 0x0000, 0x0000, 0x0000, 0x0000, 0x2600, 0x0000, 0x0000, 0x0000, 0x2600,
    0x0000, 0x0000, 0x0000, 0x2600, 0x0000, 0x0000, 0x0000, 0x2600, 0x0000, 0x0000, 0x0000, 0x2726,
    0x0000, 0x0000, 0x0000, 0x2726, 0x0000, 0x0000, 0x0000, 0x2726, 0x0000, 0x0000, 0x0000, 0x2726,
    0x2727, 0x2727, 0x2F2F, 0x2F2F, 0x2727, 0x2F27, 0x2F2F, 0x2F2F, 0x2727, 0x2F2F, 0x2F2F, 0x2F2F,
    0x2727, 0x2F2F, 0x2F2F, 0x2F2F, 0x2727, 0x2F2F, 0x2F2F, 0x2F2F, 0x2F27, 0x2F2F, 0x2F2F, 0x2F2F,
    0x2F27, 0x2F2F, 0x2F2F, 0x2F2F, 0x2F27, 0x2F2F, 0x2F2F, 0x2F2F, 0x2F2F, 0x262F, 0x0000, 0x0000,
    0x2F2F, 0x2627, 0x0000, 0x0000, 0x2F2F, 0x0026, 0x0000, 0x0000, 0x2F2F, 0x0026, 0x0000, 0x0000,
    0x272F, 0x0026, 0x0000, 0x0000, 0x262F, 0x0000, 0x0000, 0x0000, 0x262F, 0x0000, 0x0000, 0x0000,
    0x262F, 0x0000, 0x0000, 0x0000, 0x0000, 0x2600, 0x272F, 0x2F27, 0x0000, 0x2600, 0x2727, 0x2F27,
    0x0000, 0x2600, 0x272F, 0x2F27, 0x0000, 0x2600, 0x2727, 0x2F27, 0x0000, 0x2600, 0x2727, 0x2F27,
    0x0000, 0x2600, 0x2727, 0x2F27, 0x0000, 0x2600, 0x2727, 0x2F27, 0x0000, 0x2600, 0x2727, 0x2F27,
    0x2F2F, 0x2F2F, 0x2F2F, 0x0026, 0x2F2F, 0x2F2F, 0x2F2F, 0x0026, 0x2F2F, 0x2F2F, 0x2F2F, 0x0026,
    0x2F2F, 0x2F2F, 0x2F2F, 0x0026, 0x2F2F, 0x2F2F, 0x2F2F, 0x0026, 0x2F2F, 0x2F2F, 0x2F2F, 0x0026,
    0x2F2F, 0x2F2F, 0x2F2F, 0x0026, 0x2F2F, 0x2F2F, 0x2F2F, 0x0026, 0x0000, 0x0000, 0x2600, 0x292B,
    0x0000, 0x0000, 0x2600, 0x292B, 0x0000, 0x0000, 0x2B26, 0x292A, 0x0000, 0x2600, 0x2A2A, 0x2626,
    0x0000, 0x2626, 0x2629, 0x2F2F, 0x2600, 0x262F, 0x262A, 0x2F2F, 0x2600, 0x272F, 0x2F26, 0x2F2F,
    0x2600, 0x272F, 0x2F27, 0x2F2F, 0x2A29, 0x0026, 0x0000, 0x0000, 0x2629, 0x0000, 0x0000, 0x0000,
    0x262A, 0x0000, 0x0000, 0x0000, 0x2626, 0x0000, 0x0000, 0x0000, 0x262F, 0x0000, 0x0000, 0x0000,
    0x262F, 0x0000, 0x0000, 0x0000, 0x262F, 0x0000, 0x0000, 0x0000, 0x262F, 0x0000, 0x0000, 0x0000,
    0x0000, 0x0000, 0x0000, 0x0000, 0x0000, 0x0000, 0x0000, 0x0000, 0x0000, 0x0000, 0x0000, 0x0000,
    0x0000, 0x0000, 0x0000, 0x0000, 0x0000, 0x0000, 0x0000, 0x0000, 0x0000, 0x0000, 0x0000, 0x0000,
    0x0000, 0x0000, 0x0000, 0x0000, 0x0000, 0x0000, 0x0000, 0x0000, 0x0000, 0x2600, 0x2A2A, 0x292A,
    0x0000, 0x2600, 0x292A, 0x2929, 0x0000, 0x2600, 0x292A, 0x2929, 0x0000, 0x2600, 0x292A, 0x2929,
    0x0000, 0x2626, 0x3126, 0x2929, 0x2600, 0x2727, 0x262F, 0x2A29, 0x2600, 0x2F27, 0x262F, 0x262A,
    0x2600, 0x2F27, 0x2F2F, 0x2F26, 0x2629, 0x0000, 0x0000, 0x0000, 0x2629, 0x0000, 0x0000, 0x0000,
    0x262A, 0x0000, 0x0000, 0x0000, 0x0026, 0x0000, 0x0000, 0x0000, 0x0026, 0x0000, 0x0000, 0x0000,
    0x0026, 0x0000, 0x0000, 0x0000, 0x262F, 0x0000, 0x0000, 0x0000, 0x262F, 0x0000, 0x0000, 0x0000,
    0x0101, 0x0101, 0x0101, 0x0101, 0x0101, 0x0101, 0x0101, 0x0101, 0x0101, 0x0101, 0x0101, 0x0101,
    0x0101, 0x0101, 0x0101, 0x0101, 0x0101, 0x0101, 0x0101, 0x0101, 0x0101, 0x0101, 0x0101, 0x0101,
    0x0101, 0x0101, 0x0101, 0x0101, 0x0101, 0x0101, 0x0101, 0x0101, 0x2F2F, 0x262F, 0x2727, 0x2B26,
    0x2F27, 0x2727, 0x2627, 0x2B2B, 0x272F, 0x2727, 0x2A26, 0x2A2A, 0x2827, 0x2627, 0x2626, 0x2828,
    0x2826, 0x262F, 0x2F28, 0x2F28, 0x2726, 0x2627, 0x2A2A, 0x2A2A, 0x2F26, 0x2627, 0x292A, 0x2929,
    0x2F26, 0x2627, 0x2929, 0x2929, 0x2A2B, 0x292A, 0x2929, 0x2B2A, 0x2929, 0x2A29, 0x2929, 0x2A29,
    0x2A26, 0x2929, 0x2929, 0x262A, 0x2601, 0x2929, 0x2929, 0x0126, 0x2A01, 0x2929, 0x2929, 0x2826,
    0x2929, 0x2929, 0x2929, 0x2929, 0x2929, 0x2929, 0x262A, 0x2929, 0x2929, 0x2929, 0x2929, 0x2929,
    0x2B2B, 0x2726, 0x0026, 0x0000, 0x2A2A, 0x2727, 0x0026, 0x0000, 0x2626, 0x2726, 0x0026, 0x0000,
    0x0128, 0x2626, 0x0000, 0x0000, 0x2A2A, 0x262A, 0x0000, 0x0000, 0x2929, 0x2626, 0x0000, 0x0000,
    0x2929, 0x2626, 0x0000, 0x0000, 0x2929, 0x2626, 0x0000, 0x0000, 0x0101, 0x0101, 0x0101, 0x0101,
    0x0101, 0x0101, 0x0101, 0x0101, 0x0101, 0x0101, 0x0101, 0x0101, 0x0101, 0x0101, 0x0101, 0x0101,
    0x0101, 0x0101, 0x0101, 0x0101, 0x0101, 0x0101, 0x0101, 0x0101, 0x0101, 0x0101, 0x0101, 0x0101,
    0x0101, 0x0101, 0x0101, 0x0101, 0x0101, 0x0101, 0x0101, 0x0101, 0x0101, 0x0101, 0x0101, 0x0101,
    0x0101, 0x0101, 0x0101, 0x0101, 0x0101, 0x0101, 0x0101, 0x0101, 0x0101, 0x0101, 0x0101, 0x0101,
    0x0101, 0x0101, 0x0101, 0x0101, 0x0101, 0x0101, 0x0101, 0x0101, 0x0101, 0x0101, 0x0101, 0x0101,
    0x2600, 0x2727, 0x272F, 0x2F2F, 0x2600, 0x2727, 0x2F27, 0x2F27, 0x2600, 0x2727, 0x282F, 0x2727,
    0x2600, 0x2728, 0x2727, 0x2727, 0x0000, 0x2726, 0x2728, 0x2727, 0x0000, 0x2826, 0x2728, 0x2827,
    0x0000, 0x2726, 0x2728, 0x2628, 0x0000, 0x2826, 0x2828, 0x2828, 0x2F2F, 0x262F, 0x2727, 0x2B26,
    0x2F27, 0x2727, 0x2627, 0x2B2B, 0x272F, 0x2727, 0x2626, 0x2626, 0x2827, 0x2627, 0x0126, 0x282F,
    0x2826, 0x262F, 0x2F28, 0x2F28, 0x2726, 0x2627, 0x2A2A, 0x2A2A, 0x2F26, 0x2627, 0x292A, 0x2929,
    0x2F26, 0x2627, 0x2929, 0x2929, 0x2A2B, 0x292A, 0x2929, 0x2B2A, 0x2929, 0x2A29, 0x2929, 0x2A29,
    0x2A26, 0x2929, 0x2929, 0x262A, 0x2601, 0x2929, 0x2929, 0x0126, 0x2A01, 0x2929, 0x2929, 0x2826,
    0x2929, 0x2929, 0x2929, 0x2929, 0x2929, 0x2929, 0x262A, 0x2929, 0x2929, 0x2929, 0x2929, 0x2929,
    0x2B2B, 0x2726, 0x0026, 0x0000, 0x2626, 0x2727, 0x0026, 0x0000, 0x0128, 0x2726, 0x0026, 0x0000,
    0x0128, 0x2626, 0x0000, 0x0000, 0x2A2A, 0x262A, 0x0000, 0x0000, 0x2929, 0x2626, 0x0000, 0x0000,
    0x2929, 0x2626, 0x0000, 0x0000, 0x2929, 0x2626, 0x0000, 0x0000, 0x0000, 0x0000, 0x2600, 0x9A99,
    0x0000, 0x0000, 0x2600, 0x9999, 0x0000, 0x0000, 0x2600, 0x2698, 0x0000, 0x0000, 0x2600, 0x2626,
    0x0000, 0x0000, 0x0000, 0x2600, 0x0000, 0x0000, 0x0000, 0x2B26, 0x0000, 0x0000, 0x0000, 0x2B26,
    0x0000, 0x0000, 0x0000, 0x2B26, 0x9A9A, 0x9A9A, 0x989A, 0x2698, 0x9999, 0x9999, 0x9898, 0x2698,
    0x2626, 0x9826, 0x9898, 0x2698, 0x2929, 0x2629, 0x2626, 0x2698, 0x2929, 0x2929, 0x2629, 0x2626,
    0x2929, 0x2929, 0x262A, 0x0000, 0x2929, 0x2929, 0x0026, 0x0000, 0x2929, 0x2929, 0x0026, 0x0000,
    0x9998, 0x9A9A, 0x9A9A, 0x9A9A, 0x9898, 0x9A99, 0x9A9A, 0x9A9A, 0x9898, 0x9998, 0x9A9A, 0x9A9A,
    0x9826, 0x9898, 0x9898, 0x9998, 0x9826, 0x9898, 0x9898, 0x9A99, 0x9826, 0x9898, 0x9A99, 0x9A9A,
    0x9826, 0x9898, 0x9A9A, 0x9A9A, 0x9826, 0x9898, 0x9A9A, 0x9A9A, 0x9A9A, 0x9A9A, 0x9A9A, 0x9A9A,
    0x9A9A, 0x9A9A, 0x9A9A, 0x9A9A, 0x9A9A, 0x9999, 0x9A99, 0x9A9A, 0x9999, 0x9999, 0x9A99, 0x9A9A,
    0x9A9A, 0x9A9A, 0x9A9A, 0x9A9A, 0x9A9A, 0x9A9A, 0x9A9A, 0x9A9A, 0x9A9A, 0x9A9A, 0x9A9A, 0x9A9A,
    0x9A9A, 0x9A9A, 0x9A9A, 0x9A9A, 0x9A9A, 0x9926, 0x9999, 0x2699, 0x9A9A, 0x9926, 0x9999, 0x2699,
    0x9A9A, 0x9826, 0x9898, 0x2698, 0x9A9A, 0x2626, 0x2626, 0x2626, 0x9A9A, 0x2A26, 0x2929, 0x2626,
    0x9A9A, 0x2A26, 0x2929, 0x0026, 0x9A9A, 0x2926, 0x2929, 0x0026, 0x9A9A, 0x2926, 0x2929, 0x0026,
    0x0000, 0x0000, 0x0000, 0x0000, 0x0000, 0x0000, 0x0000, 0x0000, 0x0000, 0x0000, 0x0000, 0x0000,
    0x0000, 0x0000, 0x0000, 0x0000, 0x0000, 0x0000, 0x0000, 0x0000, 0x0000, 0x0000, 0x0000, 0x0000,
    0x0000, 0x0000, 0x0000, 0x0000, 0x0000, 0x0000, 0x0000, 0x0000, 0x0000, 0x2A26, 0x2929, 0x2929,
    0x0000, 0x2926, 0x2929, 0x2929, 0x0000, 0x2926, 0x2929, 0x292A, 0x2600, 0x292A, 0x2929, 0x2926,
    0x2600, 0x2A2A, 0x2929, 0x292A, 0x2600, 0x292A, 0x2A29, 0x2929, 0x2B26, 0x292A, 0x2626, 0x2A29,
    0x2B26, 0x262A, 0x262A, 0x262A, 0x0026, 0x2600, 0x272F, 0x2F2F, 0x2629, 0x2600, 0x272F, 0x2F2F,
    0x2629, 0x2600, 0x2727, 0x2F2F, 0x2629, 0x2600, 0x2727, 0x2F2F, 0x262A, 0x2600, 0x2727, 0x2F2F,
    0x0026, 0x2F26, 0x2F27, 0x2F2F, 0x0026, 0x2F26, 0x2F27, 0x2F2F, 0x0000, 0x2F26, 0x2F27, 0x2F2F,
    0x2F2F, 0x2F2F, 0x2F2F, 0x262F, 0x2F2F, 0x2F2F, 0x2F2F, 0x262F, 0x2F2F, 0x2F2F, 0x2F2F, 0x262F,
    0x2F2F, 0x2F2F, 0x2F2F, 0x262F, 0x2F2F, 0x2F2F, 0x2F2F, 0x262F, 0x2F2F, 0x2F2F, 0x2F2F, 0x262F,
    0x2F2F, 0x2F2F, 0x2F2F, 0x262F, 0x2F2F, 0x2F2F, 0x2F2F, 0x262F, 0x0000, 0x2726, 0x2727, 0x2F2F,
    0x0000, 0x2726, 0x2727, 0x2F2F, 0x0000, 0x2726, 0x2727, 0x2F2F, 0x0000, 0x2726, 0x2727, 0x2F2F,
    0x0000, 0x2600, 0x2727, 0x2F2F, 0x0000, 0x2600, 0x2727, 0x2F27, 0x0000, 0x2600, 0x2727, 0x2F27,
    0x0000, 0x2600, 0x2727, 0x2F27, 0x2F2F, 0x2F2F, 0x2F2F, 0x2A26, 0x2F2F, 0x2F2F, 0x2F2F, 0x2A26,
    0x2F2F, 0x2F2F, 0x2F2F, 0x2A26, 0x2F2F, 0x2F2F, 0x2F2F, 0x2A26, 0x2F2F, 0x2F2F, 0x2F2F, 0x2626,
    0x2F2F, 0x2F2F, 0x2F2F, 0x0026, 0x2F2F, 0x2F2F, 0x2F2F, 0x0026, 0x2F2F, 0x2F2F, 0x2F2F, 0x0026,
    0x2926, 0x2929, 0x0026, 0x0000, 0x2926, 0x2929, 0x0026, 0x0000, 0x2926, 0x2929, 0x262A, 0x0000,
    0x292A, 0x2929, 0x2629, 0x0000, 0x2A2A, 0x2929, 0x2629, 0x0026, 0x2A26, 0x292A, 0x2629, 0x0026,
    0x2600, 0x2926, 0x2629, 0x0026, 0x2600, 0x2926, 0x2A26, 0x0026, 0x0000, 0x0000, 0x0000, 0x2726,
    0x0000, 0x0000, 0x0000, 0x2726, 0x0000, 0x0000, 0x2600, 0x2727, 0x0000, 0x0000, 0x2600, 0x2727,
    0x0000, 0x0000, 0x2600, 0x2727, 0x0000, 0x0000, 0x2600, 0x2727, 0x0000, 0x0000, 0x2600, 0x2727,
    0x0000, 0x0000, 0x2F26, 0x2727, 0x2F2F, 0x2F2F, 0x2F2F, 0x2F2F, 0x2F2F, 0x2F2F, 0x2F2F, 0x2F2F,
    0x2F2F, 0x2F2F, 0x2F2F, 0x2F2F, 0x2F2F, 0x2F2F, 0x2F2F, 0x2F2F, 0x2F2F, 0x2F2F, 0x2F2F, 0x2F2F,
    0x2F2F, 0x2F2F, 0x2F2F, 0x272F, 0x2F2F, 0x2F2F, 0x2F2F, 0x262F, 0x2F2F, 0x2F2F, 0x2F2F, 0x262F,
    0x2627, 0x0000, 0x0000, 0x0000, 0x0026, 0x0000, 0x0000, 0x0000, 0x0026, 0x0000, 0x0000, 0x0000,
    0x0026, 0x0000, 0x0000, 0x0000, 0x0026, 0x0000, 0x0000, 0x0000, 0x0026, 0x0000, 0x0000, 0x0000,
    0x0000, 0x0000, 0x0000, 0x0000, 0x0000, 0x0000, 0x0000, 0x0000, 0x0000, 0x2600, 0x2727, 0x2F2F,
    0x0000, 0x2600, 0x2727, 0x2F2F, 0x0000, 0x2600, 0x2727, 0x2F2F, 0x0000, 0x2600, 0x2727, 0x2F2F,
    0x0000, 0x2726, 0x2727, 0x2F2F, 0x0000, 0x2726, 0x2727, 0x2F2F, 0x0000, 0x2726, 0x2727, 0x2F2F,
    0x0000, 0x2726, 0x2727, 0x2F2F, 0x2F2F, 0x2F2F, 0x2F2F, 0x0026, 0x2F2F, 0x2F2F, 0x2F2F, 0x0026,
    0x2F2F, 0x2F2F, 0x2F2F, 0x0026, 0x2F2F, 0x2F2F, 0x2F2F, 0x0026, 0x2F2F, 0x2F2F, 0x2F2F, 0x0026,
    0x2F2F, 0x2F2F, 0x2F2F, 0x0026, 0x2F2F, 0x2F2F, 0x2F2F, 0x0026, 0x2F2F, 0x2F2F, 0x2F2F, 0x0026,
    0x2600, 0x2F2F, 0x2F27, 0x2F2F, 0x2600, 0x2F2F, 0x2F27, 0x0101, 0x2600, 0x2726, 0x2727, 0x262F,
    0x2600, 0x2726, 0x2727, 0x0126, 0x2600, 0x262F, 0x2627, 0x0101, 0x2600, 0x2F2F, 0x2F26, 0x0101,
    0x2600, 0x2F2F, 0x2601, 0x0101, 0x0000, 0x2F26, 0x0101, 0x2626, 0x262F, 0x0000, 0x0000, 0x0000,
    0x2F01, 0x0026, 0x0000, 0x0000, 0x2626, 0x0026, 0x0000, 0x0000, 0x0101, 0x2601, 0x0000, 0x0000,
    0x0101, 0x0101, 0x0026, 0x0000, 0x0101, 0x0101, 0x0026, 0x0000, 0x0101, 0x0101, 0x0026, 0x0000,
    0x2626, 0x2626, 0x0026, 0x0000, 0x0000, 0x0000, 0x0000, 0x0000, 0x0000, 0x0000, 0x0000, 0x0000,
    0x0000, 0x0000, 0x0000, 0x0000, 0x0000, 0x0000, 0x0000, 0x0000, 0x0000, 0x0000, 0x0000, 0x2600,
    0x0000, 0x0000, 0x0000, 0x2F26, 0x0000, 0x0000, 0x0000, 0x2F26, 0x0000, 0x0000, 0x0000, 0x2F26,
    0x2600, 0x2F27, 0x2F2F, 0x2F27, 0x2600, 0x0101, 0x2F01, 0x2F27, 0x2726, 0x2727, 0x2F2F, 0x2F27,
    0x2626, 0x2626, 0x2727, 0x2F2F, 0x012F, 0x0101, 0x2726, 0x2F2F, 0x0101, 0x0101, 0x2601, 0x2627,
    0x0101, 0x0101, 0x0101, 0x0126, 0x0101, 0x0101, 0x2601, 0x0101, 0x262F, 0x0000, 0x0000, 0x0000,
    0x262F, 0x0000, 0x0000, 0x0000, 0x262F, 0x0000, 0x0000, 0x0000, 0x2626, 0x0000, 0x0000, 0x0000,
    0x2626, 0x0000, 0x0000, 0x0000, 0x2601, 0x0000, 0x0000, 0x0000, 0x2601, 0x0000, 0x0000, 0x0000,
    0x2601, 0x0000, 0x0000, 0x0000, 0x0101, 0x0101, 0x0101, 0x0101, 0x0101, 0x0101, 0x0101, 0x0101,
    0x0101, 0x0101, 0x0101, 0x0101, 0x0101, 0x0101, 0x0101, 0x0101, 0x0101, 0x0101, 0x0101, 0x0101,
    0x0101, 0x0101, 0x0101, 0x0101, 0x0101, 0x0101, 0x0101, 0x0101, 0x0101, 0x0101, 0x0101, 0x0101,
    0x2F2F, 0x262F, 0x2727, 0x2B26, 0x2F27, 0x2727, 0x2627, 0x2B2B, 0x272F, 0x2727, 0x2A26, 0x2B2A,
    0x2827, 0x2627, 0x2626, 0x2626, 0x2826, 0x262F, 0x2F26, 0x2F28, 0x2726, 0x2627, 0x2A2A, 0x2A2A,
    0x2F26, 0x2627, 0x292A, 0x2929, 0x2F26, 0x2627, 0x2929, 0x2929, 0x2A2B, 0x292A, 0x2929, 0x2B2A,
    0x2929, 0x2A29, 0x2929, 0x2A29, 0x292B, 0x2929, 0x2929, 0x292A, 0x2B26, 0x2929, 0x2929, 0x262A,
    0x2601, 0x2929, 0x2929, 0x2826, 0x2929, 0x2929, 0x2929, 0x2929, 0x2929, 0x2929, 0x262A, 0x2929,
    0x2929, 0x2929, 0x2929, 0x2929, 0x2B2B, 0x2726, 0x0026, 0x0000, 0x2B2B, 0x2727, 0x0026, 0x0000,
    0x262A, 0x2726, 0x0026, 0x0000, 0x0128, 0x2626, 0x0000, 0x0000, 0x2A2A, 0x262A, 0x0000, 0x0000,
    0x2929, 0x2626, 0x0000, 0x0000, 0x2929, 0x2626, 0x0000, 0x0000, 0x2929, 0x2626, 0x0000, 0x0000,
    0x0101, 0x0101, 0x0101, 0x0101, 0x0101, 0x0101, 0x0101, 0x0101, 0x0101, 0x0101, 0x0101, 0x0101,
    0x0101, 0x0101, 0x0101, 0x0101, 0x0101, 0x0101, 0x0101, 0x0101, 0x0101, 0x0101, 0x0101, 0x0101,
    0x0101, 0x0101, 0x0101, 0x0101, 0x0101, 0x0101, 0x0101, 0x0101, 0x0101, 0x0101, 0x0101, 0x0101,
    0x0101, 0x0101, 0x0101, 0x0101, 0x0101, 0x0101, 0x0101, 0x0101, 0x0101, 0x0101, 0x0101, 0x0101,
    0x0101, 0x0101, 0x0101, 0x0101, 0x0101, 0x0101, 0x0101, 0x0101, 0x0101, 0x0101, 0x0101, 0x0101,
    0x0101, 0x0101, 0x0101, 0x0101, 0x0000, 0x2600, 0x2828, 0x2827, 0x0000, 0x2600, 0x2728, 0x2827,
    0x0000, 0x2826, 0x2728, 0x2827, 0x2600, 0x2626, 0x2728, 0x2827, 0x0000, 0x0000, 0x2826, 0x2827,
    0x0000, 0x0000, 0x2826, 0x2828, 0x0000, 0x2600, 0x2727, 0x2826, 0x0000, 0x2626, 0x2626, 0x2600,
    0x2728, 0x2628, 0x292A, 0x2929, 0x2728, 0x2827, 0x2A26, 0x2929, 0x2728, 0x2728, 0x2626, 0x292A,
    0x2828, 0x2828, 0x2626, 0x2A26, 0x2728, 0x2728, 0x2626, 0x262A, 0x2828, 0x2828, 0x2628, 0x2A2A,
    0x2827, 0x2828, 0x2628, 0x2A26, 0x2827, 0x2828, 0x2627, 0x262A, 0x2929, 0x2929, 0x2929, 0x2929,
    0x2629, 0x362A, 0x2636, 0x2929, 0x2929, 0x2929, 0x2929, 0x2929, 0x2929, 0x2A29, 0x292A, 0x2929,
    0x2A26, 0x2929, 0x2929, 0x2629, 0x262A, 0x2A26, 0x2A29, 0x2826, 0x2A2A, 0x2626, 0x2626, 0x2828,
    0x2626, 0x2826, 0x2828, 0x2728, 0x2929, 0x2826, 0x0026, 0x0000, 0x2A29, 0x2726, 0x0026, 0x0000,
    0x2629, 0x2827, 0x2628, 0x0000, 0x2726, 0x2628, 0x2626, 0x0026, 0x2828, 0x0026, 0x0000, 0x0000,
    0x2828, 0x0026, 0x0000, 0x0000, 0x2826, 0x0026, 0x0000, 0x0000, 0x2626, 0x0026, 0x0000, 0x0000,
    0x0000, 0x0000, 0x0000, 0x2A26, 0x0000, 0x0000, 0x2600, 0x2A2B, 0x0000, 0x0000, 0x2600, 0x2A2A,
    0x0000, 0x0000, 0x2600, 0x2A2A, 0x0000, 0x0000, 0x2B26, 0x2929, 0x0000, 0x0000, 0x2A26, 0x2929,
    0x0000, 0x2600, 0x292B, 0x2929, 0x0000, 0x2600, 0x292B, 0x2929, 0x2929, 0x2929, 0x0026, 0x2600,
    0x2929, 0x2A29, 0x0000, 0x2600, 0x2929, 0x262A, 0x0000, 0x2600, 0x2A26, 0x2629, 0x0000, 0x2600,
    0x2929, 0x2629, 0x0000, 0x2600, 0x2929, 0x2629, 0x0000, 0x2600, 0x2929, 0x262A, 0x0000, 0x2626,
    0x2929, 0x0026, 0x0000, 0x2726, 0x9898, 0x9898, 0x9A9A, 0x9A9A, 0x9898, 0x9898, 0x9A9A, 0x9A9A,
    0x9898, 0x9898, 0x9A9A, 0x9A9A, 0x9898, 0x9998, 0x9A99, 0x9A9A, 0x9898, 0x9898, 0x9998, 0x9A9A,
    0x9898, 0x9898, 0x9898, 0x9898, 0x2626, 0x2626, 0x2626, 0x2626, 0x2727, 0x2727, 0x2727, 0x2727,
    0x9A9A, 0x9A9A, 0x9A9A, 0x9A9A, 0x9A9A, 0x9A9A, 0x9A9A, 0x9A9A, 0x9A9A, 0x9A9A, 0x9A9A, 0x9A9A,
    0x9A9A, 0x9A9A, 0x9A9A, 0x9A9A, 0x9A9A, 0x9A9A, 0x9A9A, 0x9A9A, 0x9898, 0x9A99, 0x9A9A, 0x989A,
    0x2626, 0x2626, 0x2626, 0x2626, 0x2626, 0x0194, 0x2727, 0x2F2F, 0x9A9A, 0x2926, 0x2929, 0x0026,
    0x9A9A, 0x2926, 0x2A29, 0x0026, 0x9A9A, 0x2A26, 0x2A2A, 0x262A, 0x9A9A, 0x2A26, 0x2929, 0x2629,
    0x989A, 0x2926, 0x2929, 0x2A29, 0x2698, 0x2A26, 0x2929, 0x2929, 0x2626, 0x2A2B, 0x2929, 0x2929,
    0x262F, 0x2A2B, 0x2929, 0x2929, 0x0000, 0x0000, 0x0000, 0x0000, 0x0000, 0x0000, 0x0000, 0x0000,
    0x0000, 0x0000, 0x0000, 0x0000, 0x0000, 0x0000, 0x0000, 0x0000, 0x0026, 0x0000, 0x0000, 0x0000,
    0x0026, 0x0000, 0x0000, 0x0000, 0x2629, 0x0000, 0x0000, 0x0000, 0x2629, 0x0000, 0x0000, 0x0000,
    0x2B26, 0x262A, 0x2A2A, 0x2626, 0x2B26, 0x2A2B, 0x2A26, 0x262A, 0x2600, 0x2A26, 0x2629, 0x0026,
    0x0000, 0x2600, 0x2A2A, 0x0026, 0x0000, 0x0000, 0x2626, 0x0026, 0x0000, 0x0000, 0x0000, 0x0000,
    0x0000, 0x0000, 0x0000, 0x0000, 0x0000, 0x0000, 0x0000, 0x0000, 0x0000, 0x2F26, 0x2F27, 0x2F2F,
    0x0000, 0x2F26, 0x2F27, 0x2F2F, 0x0000, 0x2F26, 0x2F27, 0x2F2F, 0x2600, 0x272F, 0x2F27, 0x2F2F,
    0x2600, 0x272F, 0x2F27, 0x2F2F, 0x2600, 0x272F, 0x2F27, 0x2F2F, 0x2600, 0x272F, 0x2F27, 0x2F2F,
    0x2600, 0x272F, 0x2F27, 0x2F2F, 0x2F2F, 0x2F2F, 0x2F2F, 0x262F, 0x2F2F, 0x2F2F, 0x2F2F, 0x262F,
    0x2F2F, 0x2F2F, 0x2F2F, 0x2627, 0x2F2F, 0x2F2F, 0x2F2F, 0x0026, 0x2F2F, 0x2F2F, 0x2F2F, 0x0026,
    0x2F2F, 0x2F2F, 0x272F, 0x0026, 0x2F2F, 0x2F2F, 0x262F, 0x0000, 0x2F2F, 0x2F2F, 0x262F, 0x0000,
    0x0000, 0x2600, 0x272F, 0x2F27, 0x0000, 0x2600, 0x272F, 0x2F27, 0x0000, 0x2600, 0x272F, 0x2F27,
    0x0000, 0x2600, 0x272F, 0x2F27, 0x0000, 0x2600, 0x272F, 0x2F27, 0x0000, 0x2600, 0x272F, 0x2F27,
    0x0000, 0x2600, 0x272F, 0x2F27, 0x0000, 0x2600, 0x272F, 0x2F27, 0x2F2F, 0x2F2F, 0x2F2F, 0x0026,
    0x2F2F, 0x2F2F, 0x2F2F, 0x0026, 0x2F2F, 0x2F2F, 0x2F2F, 0x0026, 0x2F2F, 0x2F2F, 0x2F2F, 0x0026,
    0x2F2F, 0x2F2F, 0x2F2F, 0x0026, 0x2F2F, 0x2F2F, 0x2F2F, 0x0026, 0x2F2F, 0x2F2F, 0x2F2F, 0x0026,
    0x2F2F, 0x2F2F, 0x2F2F, 0x0026, 0x2A26, 0x2926, 0x2A26, 0x0026, 0x2626, 0x2A26, 0x2626, 0x0000,
    0x2A26, 0x262A, 0x2626, 0x0000, 0x2A26, 0x2926, 0x262A, 0x0000, 0x2600, 0x292A, 0x0026, 0x0000,
    0x0000, 0x2626, 0x0000, 0x0000, 0x0000, 0x0000, 0x0000, 0x0000, 0x0000, 0x0000, 0x0000, 0x0000,
    0x0000, 0x0000, 0x2F26, 0x2727, 0x0000, 0x0000, 0x2F26, 0x2727, 0x0000, 0x0000, 0x2F26, 0x2727,
    0x0000, 0x0000, 0x2726, 0x2727, 0x0000, 0x2600, 0x272F, 0x2F27, 0x0000, 0x2600, 0x272F, 0x2F27,
    0x0000, 0x2626, 0x272F, 0x2727, 0x0000, 0x2F26, 0x2626, 0x2626, 0x2F2F, 0x2F2F, 0x2F2F, 0x262F,
    0x2F2F, 0x2F2F, 0x2F2F, 0x262F, 0x2F2F, 0x2F2F, 0x2F2F, 0x262F, 0x2F2F, 0x2F2F, 0x2F2F, 0x2627,
    0x2F2F, 0x2F2F, 0x2F2F, 0x0026, 0x2F2F, 0x2F2F, 0x2F2F, 0x0026, 0x2F27, 0x2F2F, 0x272F, 0x0026,
    0x2626, 0x2626, 0x2626, 0x0000, 0x0000, 0x0000, 0x0000, 0x0000, 0x0000, 0x0000, 0x0000, 0x0000,
    0x0000, 0x0000, 0x0000, 0x0000, 0x0000, 0x0000, 0x0000, 0x0000, 0x0000, 0x0000, 0x0000, 0x0000,
    0x0000, 0x0000, 0x0000, 0x0000, 0x0000, 0x0000, 0x0000, 0x0000, 0x0000, 0x0000, 0x0000, 0x0000,
    0x0000, 0x2726, 0x2F27, 0x2F2F, 0x0000, 0x2726, 0x2F27, 0x2F2F, 0x0000, 0x2726, 0x2F27, 0x2F2F,
    0x0000, 0x2726, 0x2F27, 0x2F2F, 0x2600, 0x2727, 0x2F27, 0x2F2F, 0x2600, 0x2727, 0x2F27, 0x2F2F,
    0x2600, 0x2727, 0x2F27, 0x2F2F, 0x2600, 0x2727, 0x2727, 0x2F2F, 0x2F2F, 0x2F2F, 0x2F2F, 0x0026,
    0x2F2F, 0x2F2F, 0x2F2F, 0x0026, 0x2F2F, 0x2F2F, 0x272F, 0x0026, 0x2F2F, 0x2F2F, 0x262F, 0x0000,
    0x2F2F, 0x2F2F, 0x262F, 0x0000, 0x2F2F, 0x2F2F, 0x262F, 0x0000, 0x2F2F, 0x2F2F, 0x262F, 0x0000,
    0x2F2F, 0x2F2F, 0x262F, 0x0000, 0x0000, 0x2600, 0x012F, 0x0101, 0x0000, 0x0000, 0x2F26, 0x0101,
    0x0000, 0x0000, 0x2600, 0x2626, 0x0000, 0x0000, 0x0000, 0x0000, 0x0000, 0x0000, 0x0000, 0x0000,
    0x0000, 0x0000, 0x0000, 0x0000, 0x0000, 0x0000, 0x0000, 0x0000, 0x0000, 0x0000, 0x0000, 0x0000,
    0x0101, 0x0101, 0x0026, 0x0000, 0x0101, 0x0101, 0x0026, 0x0000, 0x2626, 0x2626, 0x0000, 0x0000,
    0x0000, 0x0000, 0x0000, 0x0000, 0x0000, 0x0000, 0x0000, 0x0000, 0x0000, 0x0000, 0x0000, 0x0000,
    0x0000, 0x0000, 0x0000, 0x0000, 0x0000, 0x0000, 0x0000, 0x0000, 0x0000, 0x0000, 0x0000, 0x2626,
    0x0000, 0x0000, 0x0000, 0x2F26, 0x0000, 0x0000, 0x0000, 0x2F26, 0x0000, 0x0000, 0x0000, 0x2600,
    0x0000, 0x0000, 0x0000, 0x0000, 0x0000, 0x0000, 0x0000, 0x0000, 0x0000, 0x0000, 0x0000, 0x0000,
    0x0000, 0x0000, 0x0000, 0x0000, 0x2626, 0x2626, 0x0126, 0x0101, 0x0101, 0x0101, 0x0101, 0x2601,
    0x0101, 0x0101, 0x0101, 0x0026, 0x2626, 0x2626, 0x2626, 0x0000, 0x0000, 0x0000, 0x0000, 0x0000,
    0x0000, 0x0000, 0x0000, 0x0000, 0x0000, 0x0000, 0x0000, 0x0000, 0x0000, 0x0000, 0x0000, 0x0000,
    0x0026, 0x0000, 0x0000, 0x0000, 0x0000, 0x0000, 0x0000, 0x0000, 0x0000, 0x0000, 0x0000, 0x0000,
    0x0000, 0x0000, 0x0000, 0x0000, 0x0000, 0x0000, 0x0000, 0x0000, 0x0000, 0x0000, 0x0000, 0x0000,
    0x0000, 0x0000, 0x0000, 0x0000, 0x0000, 0x0000, 0x0000, 0x0000, 0x0101, 0x0101, 0x0101, 0x0101,
    0x0101, 0x0101, 0x0101, 0x0101, 0x0101, 0x0101, 0x0101, 0x0101, 0x0101, 0x0101, 0x0101, 0x0101,
    0x0101, 0x0101, 0x0101, 0x0101, 0x0101, 0x0101, 0x0101, 0x0101, 0x0101, 0x0101, 0x0101, 0x0101,
    0x0101, 0x0101, 0x0101, 0x0101, 0x2F2F, 0x262F, 0x2727, 0x2B26, 0x2F27, 0x2727, 0x2627, 0x2B2B,
    0x272F, 0x2727, 0x2926, 0x2929, 0x2827, 0x2627, 0x2926, 0x2929, 0x2826, 0x262F, 0x2626, 0x2626,
    0x2726, 0x2627, 0x2A2A, 0x2A2A, 0x2F26, 0x2627, 0x292A, 0x2929, 0x2F26, 0x2627, 0x2929, 0x2929,
    0x2A2B, 0x292A, 0x2929, 0x2B2A, 0x2929, 0x2A29, 0x2929, 0x2A29, 0x292A, 0x2929, 0x2929, 0x292A,
    0x262A, 0x2929, 0x2929, 0x292A, 0x2A26, 0x2929, 0x2929, 0x2626, 0x2929, 0x2929, 0x2929, 0x2929,
    0x2929, 0x2929, 0x262A, 0x2929, 0x2929, 0x2929, 0x2929, 0x2929, 0x2B2B, 0x2726, 0x0026, 0x0000,
    0x2A2A, 0x2727, 0x0026, 0x0000, 0x2A29, 0x2726, 0x0026, 0x0000, 0x2629, 0x2626, 0x0000, 0x0000,
    0x2A26, 0x262A, 0x0000, 0x0000, 0x2929, 0x2626, 0x0000, 0x0000, 0x2929, 0x2626, 0x0000, 0x0000,
    0x2929, 0x2626, 0x0000, 0x0000, 0x0101, 0x0101, 0x0101, 0x0101, 0x0101, 0x0101, 0x0101, 0x0101,
    0x0101, 0x0101, 0x0101, 0x0101, 0x0101, 0x0101, 0x0101, 0x0101, 0x0101, 0x0101, 0x0101, 0x0101,
    0x0101, 0x0101, 0x0101, 0x0101, 0x0101, 0x0101, 0x0101, 0x0101, 0x0101, 0x0101, 0x0101, 0x0101,
    0x0101, 0x0101, 0x0101, 0x0101, 0x0101, 0x0101, 0x0101, 0x0101, 0x0101, 0x0101, 0x0101, 0x0101,
    0x0101, 0x0101, 0x0101, 0x0101, 0x0101, 0x0101, 0x0101, 0x0101, 0x0101, 0x0101, 0x0101, 0x0101,
    0x0101, 0x0101, 0x0101, 0x0101, 0x0101, 0x0101, 0x0101, 0x0101, 0x0000, 0x0000, 0x0000, 0x0000,
    0x0000, 0x0000, 0x0000, 0x0000, 0x0000, 0x0000, 0x0000, 0x0000, 0x0000, 0x0000, 0x0000, 0x0000,
    0x0000, 0x0000, 0x0000, 0x0000, 0x0000, 0x0000, 0x0000, 0x2600, 0x0000, 0x0000, 0x0000, 0x2726,
    0x0000, 0x0000, 0x2600, 0x2F2F, 0x0000, 0x0000, 0x0000, 0x0000, 0x0000, 0x0000, 0x0000, 0x0000,
    0x0000, 0x0000, 0x0000, 0x0000, 0x0000, 0x0000, 0x0000, 0x0000, 0x2600, 0x2626, 0x2626, 0x2626,
    0x2726, 0x2F2F, 0x2F2F, 0x2F2F, 0x2F2F, 0x2F2F, 0x012F, 0x2F2F, 0x2F2F, 0x2F2F, 0x2F01, 0x2F2F,
    0x0000, 0x0000, 0x0000, 0x0000, 0x0000, 0x0000, 0x0000, 0x0000, 0x0000, 0x0000, 0x0000, 0x0000,
    0x0000, 0x0000, 0x0000, 0x0000, 0x2626, 0x2626, 0x0000, 0x0000, 0x2F2F, 0x2F2F, 0x2626, 0x0000,
    0x2F2F, 0x2F2F, 0x2727, 0x2626, 0x2F2F, 0x2F2F, 0x2F27, 0x272F, 0x0000, 0x0000, 0x0000, 0x0000,
    0x0000, 0x0000, 0x0000, 0x0000, 0x0000, 0x0000, 0x0000, 0x0000, 0x0000, 0x0000, 0x0000, 0x0000,
    0x0000, 0x0000, 0x0000, 0x0000, 0x0000, 0x0000, 0x0000, 0x0000, 0x0000, 0x0000, 0x0000, 0x0000,
    0x0026, 0x0000, 0x0000, 0x0000, 0x0000, 0x0000, 0x0000, 0x0000, 0x0000, 0x0000, 0x0000, 0x0000,
    0x0000, 0x0000, 0x0000, 0x0000, 0x0000, 0x0000, 0x0000, 0x0000, 0x0000, 0x0000, 0x0000, 0x0000,
    0x0000, 0x0000, 0x0000, 0x0000, 0x0000, 0x0000, 0x0000, 0x0000, 0x0000, 0x0000, 0x0000, 0x2600,
    0x0000, 0x0000, 0x0000, 0x2600, 0x0000, 0x0000, 0x0000, 0x2600, 0x0000, 0x0000, 0x2600, 0x2626,
    0x0000, 0x2600, 0x9B26, 0x9C9C, 0x0000, 0x9C26, 0x9D9D, 0x9D9D, 0x2600, 0x9D9C, 0x9D9D, 0x9D9D,
    0x9C26, 0x9D9D, 0x9D9D, 0x9D9D, 0x9D9C, 0x9D9D, 0x9D9D, 0x9D9D, 0x2627, 0x2828, 0x2628, 0x2A2A,
    0x2626, 0x2727, 0x2A26, 0x2929, 0x9B26, 0x2627, 0x2926, 0x2929, 0x9C9C, 0x9C26, 0x2A9B, 0x2929,
    0x9C9C, 0x9C9C, 0x9B9C, 0x292A, 0x9D9D, 0x9C9D, 0x9D9D, 0x9B9B, 0x9D9D, 0x9D9D, 0x9D9C, 0x9D9D,
    0x9D9D, 0x9D9D, 0x9C9D, 0x9B9B, 0x2A2A, 0x262A, 0x2727, 0x2726, 0x2929, 0x2A29, 0x2626, 0x2726,
    0x2929, 0x2929, 0x262A, 0x2626, 0x2929, 0x2929, 0x262A, 0x9C9D, 0x2929, 0x2A29, 0x9D9B, 0x9D9D,
    0x9B9B, 0x9B9B, 0x9D9D, 0x9D9C, 0x9D9D, 0x9D9D, 0x9C9D, 0x9D9D, 0x9B9B, 0x9C9C, 0x9D9C, 0x9D9D,
    0x0026, 0x0026, 0x0000, 0x0000, 0x0026, 0x0000, 0x0000, 0x0000, 0x2626, 0x0026, 0x0000, 0x0000,
    0x9D9D, 0x269C, 0x0000, 0x0000, 0x9D9D, 0x9C9D, 0x0026, 0x0000, 0x9D9D, 0x9D9D, 0x269C, 0x0000,
    0x9D9D, 0x9D9D, 0x9C9D, 0x0026, 0x9D9D, 0x9D9D, 0x9D9D, 0x0026, 0x0000, 0x0000, 0x0000, 0x0000,
    0x0000, 0x0000, 0x0000, 0x0000, 0x0000, 0x0000, 0x0000, 0x0000, 0x0000, 0x0000, 0x0000, 0x0000,
    0x0000, 0x0000, 0x0000, 0x0000, 0x0000, 0x0000, 0x0000, 0x0000, 0x0000, 0x0000, 0x0000, 0x0000,
    0x0000, 0x0000, 0x0000, 0x0000, 0x2600, 0x9C9B, 0x9D9C, 0x9D9D, 0x2600, 0x9C9B, 0x9D9C, 0x9D9D,
    0x2600, 0x9C9B, 0x9D9C, 0x9D9D, 0x2600, 0x9C9C, 0x9D9C, 0x9D9D, 0x2600, 0x9C9C, 0x9D9C, 0x9D9D,
    0x2600, 0x9C9C, 0x9D9C, 0x9D9D, 0x2600, 0x9C9C, 0x9D9C, 0x9D9D, 0x9B26, 0x9C9C, 0x9D9C, 0x9D9D,
    0x9D9D, 0x9C9D, 0x0026, 0x2726, 0x9D9D, 0x269D, 0x2600, 0x2626, 0x9D9D, 0x269D, 0x2600, 0x2727,
    0x9D9D, 0x269C, 0x2726, 0x2727, 0x9D9D, 0x0026, 0x2726, 0x2727, 0x9C9D, 0x0026, 0x2626, 0x2626,
    0x269D, 0x0000, 0x2726, 0x2727, 0x269D, 0x2600, 0x2727, 0x2F27, 0x2727, 0x2F27, 0x2F2F, 0x2F2F,
    0x2626, 0x2626, 0x2626, 0x2626, 0x2F27, 0x2F26, 0x2F2F, 0x2F2F, 0x2F27, 0x2F27, 0x2F2F, 0x2F2F,
    0x2726, 0x2F2F, 0x2727, 0x2727, 0x2F2F, 0x2F2F, 0x2F2F, 0x2F2F, 0x2F2F, 0x2F2F, 0x272F, 0x2F2F,
    0x2F2F, 0x2F2F, 0x2727, 0x2727, 0x2626, 0x9494, 0x2F2F, 0x262F, 0x2626, 0x2626, 0x2726, 0x2F27,
    0x262F, 0x2F26, 0x2F2F, 0x2F2F, 0x262F, 0x2F26, 0x2F2F, 0x2F2F, 0x2727, 0x2F26, 0x272F, 0x2F2F,
    0x272F, 0x2726, 0x2F27, 0x2F2F, 0x2F2F, 0x2726, 0x2F2F, 0x272F, 0x2F2F, 0x2726, 0x2727, 0x2F27,
    0x2626, 0x9C26, 0x9D9D, 0x9D9D, 0x2726, 0x9B26, 0x9D9C, 0x9D9D, 0x262F, 0x2627, 0x9D9C, 0x9D9D,
    0x2F2F, 0x2626, 0x9D9C, 0x9D9D, 0x2F2F, 0x262F, 0x9D9B, 0x9D9D, 0x2F2F, 0x272F, 0x9C26, 0x9D9D,
    0x2F2F, 0x2F2F, 0x9C26, 0x9D9D, 0x2F2F, 0x2F2F, 0x9C26, 0x9D9D, 0x9B9D, 0x0026, 0x0000, 0x0000,
    0x9D9D, 0x0026, 0x0000, 0x0000, 0x9D9D, 0x0026, 0x0000, 0x0000, 0x9D9D, 0x269B, 0x0000, 0x0000,
    0x9D9D, 0x269D, 0x0000, 0x0000, 0x9D9D, 0x269D, 0x0000, 0x0000, 0x9D9D, 0x9B9D, 0x0026, 0x0000,
    0x9D9D, 0x9D9D, 0x0026, 0x0000, 0x0000, 0x0000, 0x0000, 0x0000, 0x0000, 0x0000, 0x0000, 0x0000,
    0x0000, 0x0000, 0x0000, 0x0000, 0x0000, 0x0000, 0x0000, 0x0000, 0x0000, 0x0000, 0x0000, 0x0000,
    0x0000, 0x0000, 0x0000, 0x0000, 0x0000, 0x0000, 0x0000, 0x0000, 0x0000, 0x0000, 0x0000, 0x2600,
    0x2600, 0x2727, 0x2F27, 0x2F2F, 0x2726, 0x2727, 0x2F2F, 0x2F2F, 0x2726, 0x2727, 0x2F2F, 0x2F2F,
    0x2726, 0x2727, 0x2F2F, 0x2F2F, 0x2726, 0x2727, 0x2F2F, 0x2F2F, 0x2726, 0x2727, 0x2F27, 0x2F2F,
    0x2726, 0x2727, 0x2F27, 0x2F2F, 0x2727, 0x2727, 0x2F27, 0x2F2F, 0x2F2F, 0x2F2F, 0x262F, 0x0000,
    0x2F2F, 0x2F2F, 0x262F, 0x0000, 0x2F2F, 0x2F2F, 0x2627, 0x0000, 0x2F2F, 0x2F2F, 0x0026, 0x0000,
    0x2F2F, 0x2F2F, 0x0026, 0x0000, 0x2F2F, 0x2F2F, 0x0026, 0x0000, 0x2F2F, 0x272F, 0x0026, 0x0000,
    0x2F2F, 0x262F, 0x0000, 0x0000, 0x0000, 0x2600, 0x2727, 0x2F27, 0x0000, 0x2600, 0x2727, 0x2F27,
    0x0000, 0x2600, 0x2727, 0x2F27, 0x0000, 0x2600, 0x2727, 0x2F27, 0x0000, 0x2600, 0x2727, 0x2727,
    0x0000, 0x2600, 0x2727, 0x2727, 0x0000, 0x2600, 0x2727, 0x2727, 0x0000, 0x2600, 0x2727, 0x2F27,
    0x2F2F, 0x2F2F, 0x2F2F, 0x0026, 0x2F2F, 0x2F2F, 0x2F2F, 0x0026, 0x2F2F, 0x2F2F, 0x2F2F, 0x0026,
    0x2F2F, 0x2F2F, 0x2F2F, 0x0026, 0x2F2F, 0x2F2F, 0x2F2F, 0x0026, 0x2F2F, 0x2F2F, 0x2F2F, 0x0026,
    0x2F2F, 0x2F2F, 0x2F2F, 0x0026, 0x2F2F, 0x2F2F, 0x2F2F, 0x0026, 0x0000, 0x2726, 0x2727, 0x2F2F,
    0x0000, 0x2726, 0x2727, 0x2F27, 0x0000, 0x2726, 0x2727, 0x2F2F, 0x0000, 0x2726, 0x2727, 0x2F2F,
    0x0000, 0x2600, 0x2727, 0x2727, 0x0000, 0x0000, 0x2626, 0x2626, 0x0000, 0x0000, 0x2600, 0x9E9E,
    0x0000, 0x0000, 0x2600, 0x329E, 0x2F2F, 0x2F2F, 0x272F, 0x0026, 0x2F2F, 0x2F2F, 0x2F2F, 0x0026,
    0x2F2F, 0x2F2F, 0x2F2F, 0x0026, 0x2F2F, 0x2F2F, 0x272F, 0x0026, 0x2F27, 0x2F2F, 0x2627, 0x0000,
    0x2626, 0x2626, 0x0026, 0x0000, 0x9E9E, 0x0026, 0x0000, 0x0000, 0x3232, 0x0026, 0x0000, 0x0000,
    0x0000, 0x0000, 0x0000, 0x0000, 0x0000, 0x0000, 0x0000, 0x0000, 0x0000, 0x0000, 0x0000, 0x0000,
    0x0000, 0x0000, 0x0000, 0x0000, 0x0000, 0x0000, 0x0000, 0x0000, 0x0000, 0x0000, 0x0000, 0x0000,
    0x0000, 0x0000, 0x0000, 0x0000, 0x0000, 0x0000, 0x0000, 0x0000, 0x2626, 0x2727, 0x2727, 0x2F27,
    0x2726, 0x2626, 0x2626, 0x2626, 0x2726, 0x2727, 0x2F2F, 0x2F2F, 0x2726, 0x2727, 0x2F27, 0x2F2F,
    0x2726, 0x2727, 0x2F27, 0x2F2F, 0x2600, 0x2727, 0x2F27, 0x2F2F, 0x0000, 0x2626, 0x2626, 0x2626,
    0x0000, 0x2600, 0x9E9E, 0x9E9E, 0x2F2F, 0x2F2F, 0x2626, 0x0000, 0x2626, 0x2626, 0x2627, 0x0000,
    0x2F2F, 0x2F2F, 0x262F, 0x0000, 0x2F2F, 0x2F2F, 0x262F, 0x0000, 0x2F2F, 0x2F2F, 0x2627, 0x0000,
    0x2F2F, 0x272F, 0x0026, 0x0000, 0x2626, 0x2626, 0x0000, 0x0000, 0x269E, 0x0000, 0x0000, 0x0000,
    0x0000, 0x0000, 0x0000, 0x0000, 0x0000, 0x0000, 0x0000, 0x0000, 0x0000, 0x0000, 0x0000, 0x0000,
    0x0000, 0x0000, 0x0000, 0x0000, 0x0000, 0x0000, 0x0000, 0x0000, 0x0000, 0x0000, 0x0000, 0x0000,
    0x0000, 0x0000, 0x0000, 0x0000, 0x0000, 0x0000, 0x0000, 0x0000, 0x2F2F, 0x262F, 0x2734, 0x2B26,
    0x2F27, 0x3427, 0x2627, 0x2B2B, 0x272F, 0x3427, 0x2626, 0x2626, 0x2827, 0x3427, 0x0126, 0x282F,
    0x2826, 0x342F, 0x2F28, 0x2F28, 0x2726, 0x2627, 0x2A34, 0x2A2A, 0x2F26, 0x2627, 0x342A, 0x3434,
    0x2F26, 0x2627, 0x2A29, 0x2A2A, 0x342B, 0x292A, 0x2929, 0x2B34, 0x2929, 0x2A34, 0x3429, 0x2A29,
    0x2A26, 0x3434, 0x3434, 0x262A, 0x2601, 0x2A34, 0x342A, 0x0126, 0x2A01, 0x2934, 0x3429, 0x2826,
    0x3429, 0x292A, 0x2A29, 0x2934, 0x2A34, 0x2929, 0x262A, 0x342A, 0x292A, 0x2929, 0x2929, 0x2A29,
    0x2B2B, 0x2734, 0x0026, 0x0000, 0x2626, 0x3427, 0x0026, 0x0000, 0x0128, 0x3426, 0x0026, 0x0000,
    0x0128, 0x3426, 0x0000, 0x0000, 0x2A2A, 0x342A, 0x0000, 0x0000, 0x2929, 0x2634, 0x0000, 0x0000,
    0x3434, 0x2626, 0x0000, 0x0000, 0x2A2A, 0x2626, 0x0000, 0x0000, 0x0101, 0x0101, 0x0101, 0x0101,
    0x0101, 0x0101, 0x0101, 0x0101, 0x0101, 0x0101, 0x0101, 0x0101, 0x0101, 0x0101, 0x0101, 0x0101,
    0x0101, 0x0101, 0x0101, 0x0101, 0x0101, 0x0101, 0x0101, 0x0101, 0x0101, 0x0101, 0x0101, 0x0101,
    0x0101, 0x0101, 0x0101, 0x0101, 0x0101, 0x0101, 0x0101, 0x0101, 0x0101, 0x0101, 0x0101, 0x0101,
    0x0101, 0x0101, 0x0101, 0x0101, 0x0101, 0x0101, 0x0101, 0x0101, 0x0101, 0x0101, 0x0101, 0x0101,
    0x0101, 0x0101, 0x0101, 0x0101, 0x0101, 0x0101, 0x0101, 0x0101, 0x0101, 0x0101, 0x0101, 0x0101,
    0x0000, 0x0000, 0x2F26, 0x2F2F, 0x0000, 0x2600, 0x2F2F, 0x272F, 0x0000, 0x2726, 0x2F2F, 0x2F27,
    0x0000, 0x2F26, 0x2F2F, 0x2F28, 0x2600, 0x2F27, 0x282F, 0x2F2F, 0x2600, 0x2F2F, 0x2727, 0x2F2F,
    0x2600, 0x2F2F, 0x272F, 0x272F, 0x2600, 0x2F27, 0x2727, 0x2F2F, 0x2F2F, 0x2F2F, 0x2F2F, 0x2F27,
    0x2F2F, 0x2F2F, 0x2728, 0x2F2F, 0x2F2F, 0x282F, 0x2F2F, 0x2F2F, 0x2F2F, 0x2F28, 0x2F2F, 0x2F2F,
    0x282F, 0x2F2F, 0x2F2F, 0x2F2F, 0x2F27, 0x2F2F, 0x2F2F, 0x272F, 0x2F2F, 0x2F2F, 0x2F2F, 0x2626,
    0x2F2F, 0x2F2F, 0x3426, 0x3434, 0x2F2F, 0x2F2F, 0x2F2F, 0x2F2F, 0x2F2F, 0x272F, 0x2F2F, 0x272F,
    0x2F2F, 0x2F28, 0x2F2F, 0x2627, 0x2827, 0x2F27, 0x272F, 0x2A26, 0x2728, 0x2F2F, 0x2627, 0x2929,
    0x2726, 0x272F, 0x2926, 0x2629, 0x2626, 0x2626, 0x292A, 0x2626, 0x2634, 0x2A26, 0x2929, 0x3426,
    0x262F, 0x0000, 0x0000, 0x0000, 0x2726, 0x0026, 0x0000, 0x0000, 0x262A, 0x2627, 0x0000, 0x0000,
    0x2629, 0x262F, 0x0000, 0x0000, 0x2A29, 0x2F26, 0x0026, 0x0000, 0x2626, 0x2F26, 0x0026, 0x0000,
    0x2B26, 0x2F26, 0x0026, 0x0000, 0x3434, 0x2F26, 0x0026, 0x0000, 0x0000, 0x0000, 0x0000, 0x2600,
    0x0000, 0x0000, 0x0000, 0x2600, 0x0000, 0x0000, 0x0000, 0x9D26, 0x0000, 0x0000, 0x0000, 0x9C26,
    0x0000, 0x0000, 0x0000, 0x9B26, 0x0000, 0x0000, 0x0000, 0x9B26, 0x0000, 0x0000, 0x0000, 0x9B26,
    0x0000, 0x0000, 0x0000, 0x9B26, 0x9D9D, 0x9D9D, 0x9D9D, 0x9D9D, 0x9D9D, 0x9D9D, 0x9D9D, 0x9D9D,
    0x9D9D, 0x9D9D, 0x9D9D, 0x9D9D, 0x9D9D, 0x9D9D, 0x9D9D, 0x9D9D, 0x9D9C, 0x9D9D, 0x9D9D, 0x9D9D,
    0x9C9C, 0x9C9C, 0x9D9D, 0x9D9D, 0x9C9B, 0x9D9D, 0x9D9D, 0x9D9D, 0x9D9C, 0x9D9D, 0x9D9D, 0x9D9D,
    0x9D9D, 0x9D9D, 0x9D9D, 0x9D9D, 0x9D9D, 0x9D9D, 0x9D9D, 0x9D9D, 0x9D9D, 0x9D9D, 0x9D9D, 0x9D9D,
    0x9D9D, 0x9D9D, 0x9D9D, 0x9D9D, 0x9D9D, 0x9D9D, 0x9D9D, 0x9D9D, 0x9D9D, 0x9D9D, 0x9D9D, 0x9D9D,
    0x9D9D, 0x9D9D, 0x9D9D, 0x9D9D, 0x9D9D, 0x9D9D, 0x9D9D, 0x9D9D, 0x9D9D, 0x9D9D, 0x9D9D, 0x9D9D,
    0x9D9D, 0x9D9D, 0x9D9D, 0x9D9D, 0x9D9D, 0x9D9D, 0x9D9D, 0x9D9D, 0x9D9D, 0x9D9D, 0x9D9D, 0x9D9D,
    0x9D9D, 0x9D9D, 0x9D9D, 0x9D9D, 0x9D9D, 0x9D9D, 0x9D9D, 0x9D9D, 0x9D9D, 0x9D9D, 0x9D9D, 0x9D9D,
    0x9D9D, 0x9D9D, 0x9D9D, 0x9D9D, 0x9D9D, 0x9D9B, 0x9D9D, 0x0026, 0x9C9D, 0x9D9B, 0x9D9D, 0x0026,
    0x9B9D, 0x9D9C, 0x9D9D, 0x0026, 0x9B9D, 0x9D9C, 0x9D9D, 0x0026, 0x9B9D, 0x9D9C, 0x9D9D, 0x0026,
    0x9B9D, 0x9D9C, 0x9D9D, 0x0026, 0x9C9D, 0x9D9B, 0x9D9D, 0x0026, 0x9D9D, 0x9C9B, 0x9D9D, 0x0026,
    0x0000, 0x0000, 0x0000, 0x0000, 0x0000, 0x0000, 0x0000, 0x0000, 0x0000, 0x0000, 0x0000, 0x0000,
    0x0000, 0x0000, 0x0000, 0x0000, 0x0000, 0x0000, 0x0000, 0x0000, 0x0000, 0x0000, 0x0000, 0x0000,
    0x0000, 0x0000, 0x0000, 0x0000, 0x0000, 0x0000, 0x0000, 0x0000, 0x9B26, 0x9C9C, 0x9D9C, 0x9D9D,
    0x9B26, 0x9C9C, 0x9D9C, 0x9D9D, 0x9B26, 0x9C9C, 0x9D9C, 0x9D9D, 0x9B26, 0x9C9C, 0x9D9C, 0x9D9D,
    0x9B26, 0x9C9C, 0x9D9C, 0x9D9D, 0x9B26, 0x9C9C, 0x9D9C, 0x9D9D, 0x9B26, 0x9C9C, 0x9C9C, 0x9C9D,
    0x9B26, 0x9C9B, 0x9C9C, 0x9C9C, 0x269D, 0x2600, 0x2727, 0x2F27, 0x269D, 0x2600, 0x2727, 0x2F27,
    0x269D, 0x2600, 0x2727, 0x2F27, 0x269D, 0x2600, 0x2727, 0x2F2F, 0x269D, 0x2600, 0x2727, 0x2F2F,
    0x269D, 0x2600, 0x2727, 0x2F2F, 0x269D, 0x2600, 0x2727, 0x2F2F, 0x269C, 0x2600, 0x2727, 0x2F2F,
    0x2F2F, 0x2F2F, 0x272F, 0x2727, 0x2F2F, 0x2F2F, 0x2F2F, 0x2F2F, 0x2F2F, 0x2F2F, 0x2F2F, 0x2F27,
    0x2F2F, 0x2F2F, 0x2F2F, 0x272F, 0x2F2F, 0x2F2F, 0x2F2F, 0x2F2F, 0x2F2F, 0x2F2F, 0x2F2F, 0x262F,
    0x2F2F, 0x2F2F, 0x2F2F, 0x262F, 0x2F2F, 0x2F2F, 0x2F2F, 0x262F, 0x2727, 0x2726, 0x2F27, 0x2F2F,
    0x2F2F, 0x2726, 0x2F2F, 0x2F2F, 0x2F2F, 0x2F26, 0x272F, 0x2F2F, 0x2627, 0x2727, 0x2726, 0x2F2F,
    0x2626, 0x2626, 0x2727, 0x2F2F, 0x0000, 0x2726, 0x2727, 0x2F2F, 0x0000, 0x2726, 0x2727, 0x2F2F,
    0x0000, 0x2726, 0x2727, 0x2F2F, 0x2F2F, 0x2F2F, 0x9B26, 0x9D9C, 0x2F2F, 0x2F2F, 0x2627, 0x9D9C,
    0x2F2F, 0x2F2F, 0x262F, 0x9D9C, 0x2F2F, 0x2F2F, 0x262F, 0x9D9C, 0x2F2F, 0x2F2F, 0x262F, 0x9C9C,
    0x2F2F, 0x2F2F, 0x262F, 0x9C9B, 0x2F2F, 0x2F2F, 0x272F, 0x9C26, 0x2F2F, 0x2F2F, 0x2F2F, 0x9C26,
    0x9D9D, 0x9D9D, 0x0026, 0x0000, 0x9D9D, 0x9D9D, 0x269B, 0x0000, 0x9D9D, 0x9D9D, 0x269D, 0x0000,
    0x9D9D, 0x9D9D, 0x269D, 0x0000, 0x9D9D, 0x9D9D, 0x269D, 0x0000, 0x9D9C, 0x9D9D, 0x269B, 0x0000,
    0x9C9C, 0x9B9D, 0x0026, 0x0000, 0x9C9C, 0x269C, 0x0026, 0x0000, 0x0000, 0x0000, 0x0000, 0x2600,
    0x0000, 0x0000, 0x0000, 0x2600, 0x0000, 0x0000, 0x0000, 0x2600, 0x0000, 0x0000, 0x0000, 0x2600,
    0x0000, 0x0000, 0x0000, 0x2726, 0x0000, 0x0000, 0x0000, 0x2726, 0x0000, 0x0000, 0x0000, 0x2726,
    0x0000, 0x0000, 0x0000, 0x2726, 0x2727, 0x2727, 0x2F2F, 0x2F2F, 0x2727, 0x2F27, 0x2F2F, 0x2F2F,
    0x2727, 0x2F2F, 0x2F2F, 0x2F2F, 0x2727, 0x2F2F, 0x2F2F, 0x2F2F, 0x2727, 0x2F2F, 0x2F2F, 0x2F2F,
    0x2F27, 0x2F2F, 0x2F2F, 0x2F2F, 0x2F27, 0x2F2F, 0x2F2F, 0x2F2F, 0x2F27, 0x2F2F, 0x2F2F, 0x2F2F,
    0x2F2F, 0x262F, 0x0000, 0x0000, 0x2F2F, 0x2627, 0x0000, 0x0000, 0x2F2F, 0x0026, 0x0000, 0x0000,
    0x2F2F, 0x0026, 0x0000, 0x0000, 0x272F, 0x0026, 0x0000, 0x0000, 0x262F, 0x0000, 0x0000, 0x0000,
    0x262F, 0x0000, 0x0000, 0x0000, 0x262F, 0x0000, 0x0000, 0x0000, 0x0000, 0x2600, 0x2727, 0x2F27,
    0x0000, 0x2600, 0x2727, 0x2F27, 0x0000, 0x2600, 0x2727, 0x2F27, 0x0000, 0x2600, 0x2727, 0x2F27,
    0x0000, 0x2600, 0x2727, 0x2F27, 0x0000, 0x2600, 0x2727, 0x2F27, 0x0000, 0x2600, 0x2727, 0x2F27,
    0x0000, 0x2600, 0x2727, 0x2F27, 0x2F2F, 0x2F2F, 0x2F2F, 0x0026, 0x2F2F, 0x2F2F, 0x2F2F, 0x0026,
    0x2F2F, 0x2F2F, 0x2F2F, 0x0026, 0x2F2F, 0x2F2F, 0x2F2F, 0x0026, 0x2F2F, 0x2F2F, 0x2F2F, 0x0026,
    0x2F2F, 0x2F2F, 0x2F2F, 0x0026, 0x2F2F, 0x2F2F, 0x2F2F, 0x0026, 0x2F2F, 0x2F2F, 0x2F2F, 0x0026,
    0x0000, 0x0000, 0x2600, 0x329E, 0x0000, 0x0000, 0x2600, 0x329E, 0x0000, 0x0000, 0x9E26, 0x329E,
    0x0000, 0x2600, 0x9E9E, 0x2626, 0x0000, 0x2626, 0x2632, 0x2F2F, 0x2600, 0x2627, 0x269E, 0x2F2F,
    0x2600, 0x2727, 0x2F26, 0x2F2F, 0x2600, 0x2727, 0x2F27, 0x2F2F, 0x9E32, 0x0026, 0x0000, 0x0000,
    0x2632, 0x0000, 0x0000, 0x0000, 0x269E, 0x0000, 0x0000, 0x0000, 0x2626, 0x0000, 0x0000, 0x0000,
    0x262F, 0x0000, 0x0000, 0x0000, 0x262F, 0x0000, 0x0000, 0x0000, 0x262F, 0x0000, 0x0000, 0x0000,
    0x262F, 0x0000, 0x0000, 0x0000, 0x0000, 0x0000, 0x0000, 0x0000, 0x0000, 0x0000, 0x0000, 0x0000,
    0x0000, 0x0000, 0x0000, 0x0000, 0x0000, 0x0000, 0x0000, 0x0000, 0x0000, 0x0000, 0x0000, 0x0000,
    0x0000, 0x0000, 0x0000, 0x0000, 0x0000, 0x0000, 0x0000, 0x0000, 0x0000, 0x0000, 0x0000, 0x0000,
    0x0000, 0x2600, 0x329E, 0x3232, 0x0000, 0x2600, 0x329E, 0x3232, 0x0000, 0x2600, 0x329E, 0x3232,
    0x0000, 0x2600, 0x329E, 0x3232, 0x0000, 0x2626, 0x3126, 0x3232, 0x2600, 0x2727, 0x262F, 0x9E32,
    0x2600, 0x2F27, 0x262F, 0x269E, 0x2600, 0x2F27, 0x2F2F, 0x2F26, 0x2632, 0x0000, 0x0000, 0x0000,
    0x2632, 0x0000, 0x0000, 0x0000, 0x269E, 0x0000, 0x0000, 0x0000, 0x0026, 0x0000, 0x0000, 0x0000,
    0x0026, 0x0000, 0x0000, 0x0000, 0x0026, 0x0000, 0x0000, 0x0000, 0x262F, 0x0000, 0x0000, 0x0000,
    0x262F, 0x0000, 0x0000, 0x0000, 0x0101, 0x0101, 0x0101, 0x0101, 0x0101, 0x0101, 0x0101, 0x0101,
    0x0101, 0x0101, 0x0101, 0x0101, 0x0101, 0x0101, 0x0101, 0x0101, 0x0101, 0x0101, 0x0101, 0x0101,
    0x0101, 0x0101, 0x0101, 0x0101, 0x0101, 0x0101, 0x0101, 0x0101, 0x0101, 0x0101, 0x0101, 0x0101,
    0x2F2F, 0x262F, 0x2734, 0x2B26, 0x2F27, 0x3427, 0x2627, 0x2B2B, 0x272F, 0x3427, 0x2A26, 0x2A2A,
    0x2827, 0x3427, 0x2626, 0x2828, 0x2826, 0x342F, 0x2F28, 0x2F28, 0x2726, 0x2627, 0x2A34, 0x2A2A,
    0x2F26, 0x2627, 0x342A, 0x3434, 0x2F26, 0x2627, 0x2A29, 0x2A2A, 0x342B, 0x292A, 0x2929, 0x2B34,
    0x2929, 0x2A34, 0x3429, 0x2A29, 0x2A26, 0x3434, 0x3434, 0x262A, 0x2601, 0x2A34, 0x342A, 0x0126,
    0x2A01, 0x2934, 0x3429, 0x2826, 0x3429, 0x292A, 0x2A29, 0x2934, 0x2A34, 0x2929, 0x262A, 0x342A,
    0x292A, 0x2929, 0x2929, 0x2A29, 0x2B2B, 0x2734, 0x0026, 0x0000, 0x2A2A, 0x3427, 0x0026, 0x0000,
    0x2626, 0x3426, 0x0026, 0x0000, 0x0128, 0x3426, 0x0000, 0x0000, 0x2A2A, 0x342A, 0x0000, 0x0000,
    0x2929, 0x2634, 0x0000, 0x0000, 0x3434, 0x2626, 0x0000, 0x0000, 0x2A2A, 0x2626, 0x0000, 0x0000,
    0x0101, 0x0101, 0x0101, 0x0101, 0x0101, 0x0101, 0x0101, 0x0101, 0x0101, 0x0101, 0x0101, 0x0101,
    0x0101, 0x0101, 0x0101, 0x0101, 0x0101, 0x0101, 0x0101, 0x0101, 0x0101, 0x0101, 0x0101, 0x0101,
    0x0101, 0x0101, 0x0101, 0x0101, 0x0101, 0x0101, 0x0101, 0x0101, 0x0101, 0x0101, 0x0101, 0x0101,
    0x0101, 0x0101, 0x0101, 0x0101, 0x0101, 0x0101, 0x0101, 0x0101, 0x0101, 0x0101, 0x0101, 0x0101,
    0x0101, 0x0101, 0x0101, 0x0101, 0x0101, 0x0101, 0x0101, 0x0101, 0x0101, 0x0101, 0x0101, 0x0101,
    0x0101, 0x0101, 0x0101, 0x0101, 0x2600, 0x2727, 0x272F, 0x2F2F, 0x2600, 0x2727, 0x2F27, 0x2F27,
    0x2600, 0x2727, 0x282F, 0x2727, 0x2600, 0x2728, 0x2727, 0x2727, 0x0000, 0x2726, 0x2728, 0x2727,
    0x0000, 0x2826, 0x2728, 0x2827, 0x0000, 0x2726, 0x2728, 0x2628, 0x0000, 0x2826, 0x2828, 0x2828,
    0x2F2F, 0x262F, 0x2734, 0x2A26, 0x2F27, 0x3427, 0x2627, 0x2B2B, 0x272F, 0x3427, 0x2626, 0x2626,
    0x2827, 0x3427, 0x0126, 0x282F, 0x2826, 0x342F, 0x2F28, 0x2F28, 0x2726, 0x2627, 0x2A34, 0x2A2A,
    0x2F26, 0x2627, 0x342A, 0x3434, 0x2F26, 0x2627, 0x2A29, 0x2A2A, 0x342A, 0x292A, 0x2929, 0x2B34,
    0x2929, 0x2A34, 0x3429, 0x2A29, 0x2A26, 0x3434, 0x3434, 0x262A, 0x2601, 0x2A34, 0x342A, 0x0126,
    0x2A01, 0x2934, 0x3429, 0x2826, 0x3429, 0x292A, 0x2A29, 0x2934, 0x2A34, 0x2929, 0x262A, 0x342A,
    0x292A, 0x2929, 0x2929, 0x2A29, 0x2B2B, 0x2734, 0x0026, 0x0000, 0x2626, 0x3427, 0x0026, 0x0000,
    0x0128, 0x3426, 0x0026, 0x0000, 0x0128, 0x3426, 0x0000, 0x0000, 0x2A2A, 0x3428, 0x0000, 0x0000,
    0x2929, 0x2634, 0x0000, 0x0000, 0x3434, 0x2626, 0x0000, 0x0000, 0x2A2A, 0x2626, 0x0000, 0x0000,
    0x0000, 0x0000, 0x0000, 0x9B26, 0x0000, 0x0000, 0x0000, 0x9C26, 0x0000, 0x0000, 0x0000, 0x9C26,
    0x0000, 0x0000, 0x0000, 0x9C26, 0x0000, 0x0000, 0x0000, 0x9C26, 0x0000, 0x0000, 0x0000, 0x9C26,
    0x0000, 0x0000, 0x0000, 0x9C26, 0x0000, 0x0000, 0x2600, 0x9C9B, 0x9D9C, 0x9D9D, 0x9D9D, 0x9D9B,
    0x9D9C, 0x9D9D, 0x9D9D, 0x9D9C, 0x9D9D, 0x9D9D, 0x9D9D, 0x9C9B, 0x9D9D, 0x9D9D, 0x9D9D, 0x9C9B,
    0x9D9D, 0x9D9D, 0x9D9D, 0x9C9C, 0x9D9D, 0x9D9D, 0x9B9D, 0x9C9C, 0x9D9D, 0x9D9D, 0x9B9D, 0x9C9C,
    0x9D9D, 0x9D9D, 0x9B9D, 0x9C9C, 0x9D9D, 0x9D9D, 0x9D9D, 0x9D9D, 0x9D9D, 0x9D9D, 0x9D9D, 0x9D9D,
    0x9D9D, 0x9D9D, 0x9D9D, 0x9D9D, 0x9D9C, 0x9D9D, 0x9D9D, 0x9D9D, 0x9D9C, 0x9D9D, 0x9D9D, 0x9D9D,
    0x9D9C, 0x9D9D, 0x9D9D, 0x9D9B, 0x9B9C, 0x9D9D, 0x9D9D, 0x9D9B, 0x9C9B, 0x9D9D, 0x9B9D, 0x9D9D,
    0x9D9D, 0x9D9D, 0x9D9D, 0x9D9D, 0x9D9D, 0x9D9D, 0x9D9D, 0x9D9D, 0x9D9D, 0x9D9D, 0x9D9D, 0x9D9D,
    0x9D9D, 0x9D9D, 0x9D9D, 0x9D9D, 0x9D9D, 0x9D9D, 0x9D9D, 0x9D9D, 0x9D9D, 0x9D9D, 0x9D9D, 0x9D9D,
    0x9D9D, 0x9D9D, 0x9D9D, 0x9D9D, 0x9D9D, 0x9D9D, 0x9D9D, 0x9D9D, 0x9D9D, 0x9B9C, 0x9D9D, 0x269B,
    0x9D9D, 0x9B9D, 0x9D9D, 0x269D, 0x9D9D, 0x9B9D, 0x9D9D, 0x269D, 0x9D9D, 0x9B9D, 0x9D9D, 0x269D,
    0x9D9D, 0x9B9D, 0x9D9D, 0x269D, 0x9D9D, 0x9B9D, 0x9D9D, 0x269D, 0x9D9D, 0x9B9D, 0x9D9D, 0x269D,
    0x9D9D, 0x9B9D, 0x9D9D, 0x269D, 0x0000, 0x0000, 0x0000, 0x0000, 0x0000, 0x0000, 0x0000, 0x0000,
    0x0000, 0x0000, 0x0000, 0x0000, 0x0000, 0x0000, 0x0000, 0x0000, 0x0000, 0x0000, 0x0000, 0x0000,
    0x0000, 0x0000, 0x0000, 0x0000, 0x0000, 0x0000, 0x0000, 0x0000, 0x0000, 0x0000, 0x0000, 0x0000,
    0x9B26, 0x9B9B, 0x9C9C, 0x9C9C, 0x2600, 0x9B9B, 0x9B9B, 0x2626, 0x0000, 0x2626, 0x2626, 0x292A,
    0x2600, 0x2A2A, 0x2A2A, 0x2926, 0x2600, 0x2A2A, 0x2929, 0x292A, 0x2600, 0x292A, 0x2A29, 0x2929,
    0x2B26, 0x292A, 0x2626, 0x2A29, 0x2B26, 0x262A, 0x262A, 0x262A, 0x0026, 0x2600, 0x2727, 0x2F2F,
    0x262A, 0x2600, 0x2727, 0x2F2F, 0x2629, 0x2600, 0x2727, 0x2F2F, 0x2629, 0x2600, 0x2727, 0x2F2F,
    0x262A, 0x2600, 0x2727, 0x2F2F, 0x0026, 0x2626, 0x2F27, 0x2F2F, 0x0026, 0x2726, 0x2F27, 0x2F2F,
    0x0000, 0x2726, 0x2F27, 0x2F2F, 0x2F2F, 0x2F2F, 0x2F2F, 0x262F, 0x2F2F, 0x2F2F, 0x2F2F, 0x262F,
    0x2F2F, 0x2F2F, 0x2F2F, 0x262F, 0x2F2F, 0x2F2F, 0x2F2F, 0x262F, 0x2F2F, 0x2F2F, 0x2F2F, 0x262F,
    0x2F2F, 0x2F2F, 0x2F2F, 0x262F, 0x2F2F, 0x2F2F, 0x2F2F, 0x262F, 0x2F2F, 0x2F2F, 0x2F2F, 0x262F,
    0x0000, 0x2726, 0x2727, 0x2F2F, 0x0000, 0x2726, 0x2727, 0x2F2F, 0x0000, 0x2726, 0x2727, 0x2F2F,
    0x0000, 0x2726, 0x2727, 0x2F2F, 0x0000, 0x2600, 0x2727, 0x2F2F, 0x0000, 0x2600, 0x2727, 0x2F27,
    0x0000, 0x2600, 0x2727, 0x2F27, 0x0000, 0x2600, 0x2727, 0x2F27, 0x2F2F, 0x2F2F, 0x2F2F, 0x9B26,
    0x2F2F, 0x2F2F, 0x2F2F, 0x2626, 0x2F2F, 0x2F2F, 0x2F2F, 0x2A26, 0x2F2F, 0x2F2F, 0x2F2F, 0x2A26,
    0x2F2F, 0x2F2F, 0x2F2F, 0x2626, 0x2F2F, 0x2F2F, 0x2F2F, 0x0026, 0x2F2F, 0x2F2F, 0x2F2F, 0x0026,
    0x2F2F, 0x2F2F, 0x2F2F, 0x0026, 0x2626, 0x2A26, 0x0026, 0x0000, 0x2A26, 0x292A, 0x0026, 0x0000,
    0x2A26, 0x2929, 0x262A, 0x0000, 0x2926, 0x2929, 0x2629, 0x0000, 0x2A26, 0x2929, 0x2629, 0x0026,
    0x2626, 0x292A, 0x2629, 0x0026, 0x2600, 0x2926, 0x2629, 0x0026, 0x2600, 0x2926, 0x2A26, 0x0026,
    0x0000, 0x0000, 0x0000, 0x2726, 0x0000, 0x0000, 0x0000, 0x2726, 0x0000, 0x0000, 0x2600, 0x2727,
    0x0000, 0x0000, 0x2600, 0x2727, 0x0000, 0x0000, 0x2600, 0x2727, 0x0000, 0x0000, 0x2600, 0x2727,
    0x0000, 0x0000, 0x2600, 0x2727, 0x0000, 0x0000, 0x2726, 0x2727, 0x2F2F, 0x2F2F, 0x2F2F, 0x2F2F,
    0x2F2F, 0x2F2F, 0x2F2F, 0x2F2F, 0x2F2F, 0x2F2F, 0x2F2F, 0x2F2F, 0x2F2F, 0x2F2F, 0x2F2F, 0x2F2F,
    0x2F2F, 0x2F2F, 0x2F2F, 0x2F2F, 0x2F2F, 0x2F2F, 0x2F2F, 0x272F, 0x2F2F, 0x2F2F, 0x2F2F, 0x262F,
    0x2F2F, 0x2F2F, 0x2F2F, 0x262F, 0x2627, 0x0000, 0x0000, 0x0000, 0x0026, 0x0000, 0x0000, 0x0000,
    0x0026, 0x0000, 0x0000, 0x0000, 0x0026, 0x0000, 0x0000, 0x0000, 0x0026, 0x0000, 0x0000, 0x0000,
    0x0026, 0x0000, 0x0000, 0x0000, 0x0000, 0x0000, 0x0000, 0x0000, 0x0000, 0x0000, 0x0000, 0x0000,
    0x0000, 0x2600, 0x2727, 0x2F2F, 0x0000, 0x2600, 0x2727, 0x2F2F, 0x0000, 0x2600, 0x2727, 0x2F2F,
    0x0000, 0x2600, 0x2727, 0x2F2F, 0x0000, 0x2726, 0x2727, 0x2F2F, 0x0000, 0x2726, 0x2727, 0x2F2F,
    0x0000, 0x2726, 0x2727, 0x2F2F, 0x0000, 0x2726, 0x2727, 0x2F2F, 0x2F2F, 0x2F2F, 0x2F2F, 0x0026,
    0x2F2F, 0x2F2F, 0x2F2F, 0x0026, 0x2F2F, 0x2F2F, 0x2F2F, 0x0026, 0x2F2F, 0x2F2F, 0x2F2F, 0x0026,
    0x2F2F, 0x2F2F, 0x2F2F, 0x0026, 0x2F2F, 0x2F2F, 0x2F2F, 0x0026, 0x2F2F, 0x2F2F, 0x2F2F, 0x0026,
    0x2F2F, 0x2F2F, 0x2F2F, 0x0026, 0x2600, 0x2F27, 0x2F27, 0x2F2F, 0x2600, 0x2F27, 0x2F27, 0x0101,
    0x2600, 0x2726, 0x2727, 0x262F, 0x2600, 0x2726, 0x2727, 0x0126, 0x2600, 0x262F, 0x2627, 0x0101,
    0x2600, 0x2F2F, 0x2F26, 0x0101, 0x2600, 0x2F2F, 0x2601, 0x0101, 0x0000, 0x2F26, 0x0101, 0x2626,
    0x262F, 0x0000, 0x0000, 0x0000, 0x2F01, 0x0026, 0x0000, 0x0000, 0x2626, 0x0026, 0x0000, 0x0000,
    0x0101, 0x2601, 0x0000, 0x0000, 0x0101, 0x0101, 0x0026, 0x0000, 0x0101, 0x0101, 0x0026, 0x0000,
    0x0101, 0x0101, 0x0026, 0x0000, 0x2626, 0x2626, 0x0026, 0x0000, 0x0000, 0x0000, 0x0000, 0x0000,
    0x0000, 0x0000, 0x0000, 0x0000, 0x0000, 0x0000, 0x0000, 0x0000, 0x0000, 0x0000, 0x0000, 0x0000,
    0x0000, 0x0000, 0x0000, 0x2600, 0x0000, 0x0000, 0x0000, 0x2F26, 0x0000, 0x0000, 0x0000, 0x2F26,
    0x0000, 0x0000, 0x0000, 0x2F26, 0x2600, 0x2F27, 0x2F2F, 0x2F27, 0x2600, 0x0101, 0x2F01, 0x2F27,
    0x2726, 0x2727, 0x2F2F, 0x2F27, 0x2626, 0x2626, 0x2727, 0x2F2F, 0x012F, 0x0101, 0x2726, 0x2F2F,
    0x0101, 0x0101, 0x2601, 0x2627, 0x0101, 0x0101, 0x0101, 0x0126, 0x0101, 0x0101, 0x2601, 0x0101,
    0x262F, 0x0000, 0x0000, 0x0000, 0x262F, 0x0000, 0x0000, 0x0000, 0x262F, 0x0000, 0x0000, 0x0000,
    0x2626, 0x0000, 0x0000, 0x0000, 0x2626, 0x0000, 0x0000, 0x0000, 0x2601, 0x0000, 0x0000, 0x0000,
    0x2601, 0x0000, 0x0000, 0x0000, 0x2601, 0x0000, 0x0000, 0x0000, 0x0101, 0x0101, 0x0101, 0x0101,
    0x0101, 0x0101, 0x0101, 0x0101, 0x0101, 0x0101, 0x0101, 0x0101, 0x0101, 0x0101, 0x0101, 0x0101,
    0x0101, 0x0101, 0x0101, 0x0101, 0x0101, 0x0101, 0x0101, 0x0101, 0x0101, 0x0101, 0x0101, 0x0101,
    0x0101, 0x0101, 0x0101, 0x0101, 0x2F2F, 0x262F, 0x2734, 0x2B26, 0x2F27, 0x3427, 0x2627, 0x2B2B,
    0x272F, 0x3427, 0x2A26, 0x2B2A, 0x2827, 0x3427, 0x2626, 0x2626, 0x2826, 0x342F, 0x2F26, 0x2F28,
    0x2726, 0x2627, 0x2A34, 0x2A2A, 0x2F26, 0x2627, 0x342A, 0x3434, 0x2F26, 0x2627, 0x2A29, 0x2A2A,
    0x342B, 0x292A, 0x2929, 0x2B34, 0x2929, 0x2A34, 0x3429, 0x2A29, 0x292B, 0x3434, 0x3434, 0x292A,
    0x2B26, 0x2A34, 0x342A, 0x262A, 0x2601, 0x2934, 0x3429, 0x2826, 0x3429, 0x292A, 0x2A29, 0x2934,
    0x2A34, 0x2929, 0x262A, 0x342A, 0x292A, 0x2929, 0x2929, 0x2A29, 0x2B2B, 0x2734, 0x0026, 0x0000,
    0x2B2B, 0x3427, 0x0026, 0x0000, 0x262A, 0x3426, 0x0026, 0x0000, 0x0128, 0x3426, 0x0000, 0x0000,
    0x2A2A, 0x342A, 0x0000, 0x0000, 0x2929, 0x2634, 0x0000, 0x0000, 0x3434, 0x2626, 0x0000, 0x0000,
    0x2A2A, 0x2626, 0x0000, 0x0000, 0x0101, 0x0101, 0x0101, 0x0101, 0x0101, 0x0101, 0x0101, 0x0101,
    0x0101, 0x0101, 0x0101, 0x0101, 0x0101, 0x0101, 0x0101, 0x0101, 0x0101, 0x0101, 0x0101, 0x0101,
    0x0101, 0x0101, 0x0101, 0x0101, 0x0101, 0x0101, 0x0101, 0x0101, 0x0101, 0x0101, 0x0101, 0x0101,
    0x0101, 0x0101, 0x0101, 0x0101, 0x0101, 0x0101, 0x0101, 0x0101, 0x0101, 0x0101, 0x0101, 0x0101,
    0x0101, 0x0101, 0x0101, 0x0101, 0x0101, 0x0101, 0x0101, 0x0101, 0x0101, 0x0101, 0x0101, 0x0101,
    0x0101, 0x0101, 0x0101, 0x0101, 0x0101, 0x0101, 0x0101, 0x0101, 0x0000, 0x2600, 0x2828, 0x2827,
    0x0000, 0x2600, 0x2728, 0x2827, 0x0000, 0x2826, 0x2728, 0x2827, 0x2600, 0x2626, 0x2728, 0x2827,
    0x0000, 0x0000, 0x2826, 0x2827, 0x0000, 0x0000, 0x2826, 0x2828, 0x0000, 0x2600, 0x2727, 0x2826,
    0x0000, 0x2626, 0x2626, 0x2600, 0x2728, 0x2628, 0x292A, 0x2929, 0x2728, 0x2827, 0x2A26, 0x2929,
    0x2728, 0x2728, 0x2626, 0x292A, 0x2828, 0x2828, 0x2626, 0x2A26, 0x2728, 0x2728, 0x2626, 0x262A,
    0x2828, 0x2828, 0x2628, 0x2A2A, 0x2827, 0x2828, 0x2628, 0x2A26, 0x2827, 0x2828, 0x2627, 0x262A,
    0x2929, 0x2929, 0x2929, 0x2929, 0x2629, 0x362A, 0x2636, 0x2929, 0x2929, 0x2929, 0x2929, 0x2929,
    0x2929, 0x2A29, 0x292A, 0x2929, 0x2A26, 0x2929, 0x2929, 0x2629, 0x262A, 0x2A26, 0x2A29, 0x2826,
    0x2A2A, 0x2626, 0x2626, 0x2828, 0x2626, 0x2826, 0x2828, 0x2728, 0x2929, 0x2826, 0x0026, 0x0000,
    0x2A29, 0x2726, 0x0026, 0x0000, 0x2629, 0x2827, 0x2628, 0x0000, 0x2726, 0x2628, 0x2626, 0x0026,
    0x2828, 0x0026, 0x0000, 0x0000, 0x2828, 0x0026, 0x0000, 0x0000, 0x2826, 0x0026, 0x0000, 0x0000,
    0x2626, 0x0026, 0x0000, 0x0000, 0x0000, 0x0000, 0x2600, 0x9C9C, 0x0000, 0x0000, 0x9B26, 0x9C9C,
    0x0000, 0x0000, 0x9C26, 0x9C9C, 0x0000, 0x2600, 0x9C9B, 0x9C9C, 0x0000, 0x2600, 0x9C9C, 0x9D9D,
    0x0000, 0x9B26, 0x9C9C, 0x9D9D, 0x0000, 0x9C26, 0x9D9C, 0x9D9D, 0x0000, 0x9C26, 0x9D9C, 0x9D9D,
    0x9D9D, 0x9D9D, 0x9B9D, 0x9C9C, 0x9D9D, 0x9D9D, 0x9B9D, 0x9C9C, 0x9D9D, 0x9D9C, 0x9B9D, 0x9C9C,
    0x9C9C, 0x9D9D, 0x9B9D, 0x9C9C, 0x9D9D, 0x9D9D, 0x9C9B, 0x9C9C, 0x9D9D, 0x9D9D, 0x9B9B, 0x9C9C,
    0x9D9D, 0x9D9D, 0x0026, 0x2626, 0x9D9D, 0x9D9D, 0x0026, 0x2726, 0x9C9B, 0x9D9C, 0x9B9D, 0x9D9D,
    0x9C9B, 0x9D9C, 0x9B9D, 0x9D9D, 0x9C9B, 0x9D9C, 0x9D9C, 0x9D9D, 0x9C9C, 0x9D9C, 0x9D9C, 0x9D9D,
    0x9C9C, 0x9D9D, 0x9D9D, 0x9D9D, 0x9D9C, 0x9D9D, 0x9D9D, 0x9D9D, 0x2626, 0x2626, 0x2626, 0x2626,
    0x2727, 0x2727, 0x2727, 0x2727, 0x9D9D, 0x9D9D, 0x9D9D, 0x9D9D, 0x9D9D, 0x9D9D, 0x9D9D, 0x9D9D,
    0x9D9D, 0x9D9D, 0x9D9D, 0x9D9D, 0x9D9D, 0x9D9D, 0x9D9D, 0x9D9D, 0x9D9D, 0x9D9D, 0x9D9D, 0x9D9D,
    0x9D9D, 0x9D9D, 0x9D9D, 0x269C, 0x2626, 0x2626, 0x2626, 0x2726, 0x2626, 0x0194, 0x2727, 0x2F2F,
    0x9D9D, 0x9B9D, 0x9D9D, 0x269D, 0x9D9D, 0x9B9D, 0x9C9D, 0x269C, 0x9D9D, 0x9B9D, 0x9B9B, 0x269C,
    0x9D9D, 0x9B9C, 0x9D9D, 0x269D, 0x9D9D, 0x9D9B, 0x9D9D, 0x9C9D, 0x2626, 0x9C9C, 0x9D9D, 0x9D9D,
    0x262F, 0x9C9C, 0x9D9D, 0x9D9D, 0x262F, 0x9C9B, 0x9D9D, 0x9D9D, 0x0000, 0x0000, 0x0000, 0x0000,
    0x0000, 0x0000, 0x0000, 0x0000, 0x0000, 0x0000, 0x0000, 0x0000, 0x0000, 0x0000, 0x0000, 0x0000,
    0x0026, 0x0000, 0x0000, 0x0000, 0x0026, 0x0000, 0x0000, 0x0000, 0x269B, 0x0000, 0x0000, 0x0000,
    0x269D, 0x0000, 0x0000, 0x0000, 0x2B26, 0x262A, 0x2A2A, 0x2626, 0x2B26, 0x2A2B, 0x2A26, 0x262A,
    0x2600, 0x2A26, 0x2629, 0x0026, 0x0000, 0x2600, 0x2A2A, 0x0026, 0x0000, 0x0000, 0x2626, 0x0026,
    0x0000, 0x0000, 0x0000, 0x0000, 0x0000, 0x0000, 0x0000, 0x0000, 0x0000, 0x0000, 0x0000, 0x0000,
    0x0000, 0x2726, 0x2F27, 0x2F2F, 0x0000, 0x2726, 0x2F27, 0x2F2F, 0x0000, 0x2726, 0x2F27, 0x2F2F,
    0x2600, 0x2727, 0x2F27, 0x2F2F, 0x2600, 0x2727, 0x2F27, 0x2F2F, 0x2600, 0x2727, 0x2F27, 0x2F2F,
    0x2600, 0x2727, 0x2F27, 0x2F2F, 0x2600, 0x2727, 0x2F27, 0x2F2F, 0x2F2F, 0x2F2F, 0x2F2F, 0x262F,
    0x2F2F, 0x2F2F, 0x2F2F, 0x262F, 0x2F2F, 0x2F2F, 0x2F2F, 0x2627, 0x2F2F, 0x2F2F, 0x2F2F, 0x0026,
    0x2F2F, 0x2F2F, 0x2F2F, 0x0026, 0x2F2F, 0x2F2F, 0x272F, 0x0026, 0x2F2F, 0x2F2F, 0x262F, 0x0000,
    0x2F2F, 0x2F2F, 0x262F, 0x0000, 0x0000, 0x2600, 0x2727, 0x2F27, 0x0000, 0x2600, 0x2727, 0x2F27,
    0x0000, 0x2600, 0x2727, 0x2F27, 0x0000, 0x2600, 0x2727, 0x2F27, 0x0000, 0x2600, 0x2727, 0x2F27,
    0x0000, 0x2600, 0x2727, 0x2F27, 0x0000, 0x2600, 0x2727, 0x2F27, 0x0000, 0x2600, 0x2727, 0x2F27,
    0x2F2F, 0x2F2F, 0x2F2F, 0x0026, 0x2F2F, 0x2F2F, 0x2F2F, 0x0026, 0x2F2F, 0x2F2F, 0x2F2F, 0x0026,
    0x2F2F, 0x2F2F, 0x2F2F, 0x0026, 0x2F2F, 0x2F2F, 0x2F2F, 0x0026, 0x2F2F, 0x2F2F, 0x2F2F, 0x0026,
    0x2F2F, 0x2F2F, 0x2F2F, 0x0026, 0x2F2F, 0x2F2F, 0x2F2F, 0x0026, 0x2A26, 0x2926, 0x2A26, 0x0026,
    0x2626, 0x2A26, 0x2626, 0x0000, 0x2A26, 0x262A, 0x2626, 0x0000, 0x2A26, 0x2926, 0x262A, 0x0000,
    0x2600, 0x292A, 0x0026, 0x0000, 0x0000, 0x2626, 0x0000, 0x0000, 0x0000, 0x0000, 0x0000, 0x0000,
    0x0000, 0x0000, 0x0000, 0x0000, 0x0000, 0x0000, 0x2726, 0x2727, 0x0000, 0x0000, 0x2726, 0x2727,
    0x0000, 0x0000, 0x2726, 0x2727, 0x0000, 0x0000, 0x2726, 0x2727, 0x0000, 0x2600, 0x2727, 0x2F27,
    0x0000, 0x2600, 0x2727, 0x2F27, 0x0000, 0x2626, 0x2727, 0x2727, 0x0000, 0x2726, 0x2626, 0x2626,
    0x2F2F, 0x2F2F, 0x2F2F, 0x262F, 0x2F2F, 0x2F2F, 0x2F2F, 0x262F, 0x2F2F, 0x2F2F, 0x2F2F, 0x262F,
    0x2F2F, 0x2F2F, 0x2F2F, 0x2627, 0x2F2F, 0x2F2F, 0x2F2F, 0x0026, 0x2F2F, 0x2F2F, 0x2F2F, 0x0026,
    0x2F27, 0x2F2F, 0x272F, 0x0026, 0x2626, 0x2626, 0x2626, 0x0000, 0x0000, 0x0000, 0x0000, 0x0000,
    0x0000, 0x0000, 0x0000, 0x0000, 0x0000, 0x0000, 0x0000, 0x0000, 0x0000, 0x0000, 0x0000, 0x0000,
    0x0000, 0x0000, 0x0000, 0x0000, 0x0000, 0x0000, 0x0000, 0x0000, 0x0000, 0x0000, 0x0000, 0x0000,
    0x0000, 0x0000, 0x0000, 0x0000, 0x0000, 0x2726, 0x2F27, 0x2F2F, 0x0000, 0x2726, 0x2F27, 0x2F2F,
    0x0000, 0x2726, 0x2F27, 0x2F2F, 0x0000, 0x2726, 0x2F27, 0x2F2F, 0x2600, 0x2727, 0x2F27, 0x2F2F,
    0x2600, 0x2727, 0x2F27, 0x2F2F, 0x2600, 0x2727, 0x2F27, 0x2F2F, 0x2600, 0x2727, 0x2727, 0x2F2F,
    0x2F2F, 0x2F2F, 0x2F2F, 0x0026, 0x2F2F, 0x2F2F, 0x2F2F, 0x0026, 0x2F2F, 0x2F2F, 0x272F, 0x0026,
    0x2F2F, 0x2F2F, 0x262F, 0x0000, 0x2F2F, 0x2F2F, 0x262F, 0x0000, 0x2F2F, 0x2F2F, 0x262F, 0x0000,
    0x2F2F, 0x2F2F, 0x262F, 0x0000, 0x2F2F, 0x2F2F, 0x262F, 0x0000, 0x0000, 0x2600, 0x012F, 0x0101,
    0x0000, 0x0000, 0x2F26, 0x0101, 0x0000, 0x0000, 0x2600, 0x2626, 0x0000, 0x0000, 0x0000, 0x0000,
    0x0000, 0x0000, 0x0000, 0x0000, 0x0000, 0x0000, 0x0000, 0x0000, 0x0000, 0x0000, 0x0000, 0x0000,
    0x0000, 0x0000, 0x0000, 0x0000, 0x0101, 0x0101, 0x0026, 0x0000, 0x0101, 0x0101, 0x0026, 0x0000,
    0x2626, 0x2626, 0x0000, 0x0000, 0x0000, 0x0000, 0x0000, 0x0000, 0x0000, 0x0000, 0x0000, 0x0000,
    0x0000, 0x0000, 0x0000, 0x0000, 0x0000, 0x0000, 0x0000, 0x0000, 0x0000, 0x0000, 0x0000, 0x0000,
    0x0000, 0x0000, 0x0000, 0x2626, 0x0000, 0x0000, 0x0000, 0x2F26, 0x0000, 0x0000, 0x0000, 0x2F26,
    0x0000, 0x0000, 0x0000, 0x2600, 0x0000, 0x0000, 0x0000, 0x0000, 0x0000, 0x0000, 0x0000, 0x0000,
    0x0000, 0x0000, 0x0000, 0x0000, 0x0000, 0x0000, 0x0000, 0x0000, 0x2626, 0x2626, 0x0126, 0x0101,
    0x0101, 0x0101, 0x0101, 0x2601, 0x0101, 0x0101, 0x0101, 0x0026, 0x2626, 0x2626, 0x2626, 0x0000,
    0x0000, 0x0000, 0x0000, 0x0000, 0x0000, 0x0000, 0x0000, 0x0000, 0x0000, 0x0000, 0x0000, 0x0000,
    0x0000, 0x0000, 0x0000, 0x0000, 0x0026, 0x0000, 0x0000, 0x0000, 0x0000, 0x0000, 0x0000, 0x0000,
    0x0000, 0x0000, 0x0000, 0x0000, 0x0000, 0x0000, 0x0000, 0x0000, 0x0000, 0x0000, 0x0000, 0x0000,
    0x0000, 0x0000, 0x0000, 0x0000, 0x0000, 0x0000, 0x0000, 0x0000, 0x0000, 0x0000, 0x0000, 0x0000,
    0x0101, 0x0101, 0x0101, 0x0101, 0x0101, 0x0101, 0x0101, 0x0101, 0x0101, 0x0101, 0x0101, 0x0101,
    0x0101, 0x0101, 0x0101, 0x0101, 0x0101, 0x0101, 0x0101, 0x0101, 0x0101, 0x0101, 0x0101, 0x0101,
    0x0101, 0x0101, 0x0101, 0x0101, 0x0101, 0x0101, 0x0101, 0x0101, 0x2F2F, 0x262F, 0x2734, 0x2B26,
    0x2F27, 0x3427, 0x2627, 0x2B2B, 0x272F, 0x3427, 0x2926, 0x2929, 0x2827, 0x3427, 0x2926, 0x2929,
    0x2826, 0x342F, 0x2626, 0x2626, 0x2726, 0x2627, 0x2A34, 0x2A2A, 0x2F26, 0x2627, 0x342A, 0x3434,
    0x2F26, 0x2627, 0x2A29, 0x2A2A, 0x342B, 0x292A, 0x2929, 0x2B34, 0x2929, 0x2A34, 0x3429, 0x2A29,
    0x292A, 0x3434, 0x3434, 0x292A, 0x262A, 0x2A34, 0x342A, 0x292A, 0x2A26, 0x2934, 0x3429, 0x2626,
    0x3429, 0x292A, 0x2A29, 0x2934, 0x2A34, 0x2929, 0x262A, 0x342A, 0x292A, 0x2929, 0x2929, 0x2A29,
    0x2B2B, 0x2734, 0x0026, 0x0000, 0x2A2A, 0x3427, 0x0026, 0x0000, 0x2A29, 0x3426, 0x0026, 0x0000,
    0x2629, 0x3426, 0x0000, 0x0000, 0x2A26, 0x342A, 0x0000, 0x0000, 0x2929, 0x2634, 0x0000, 0x0000,
    0x3434, 0x2626, 0x0000, 0x0000, 0x2A2A, 0x2626, 0x0000, 0x0000, 0x0101, 0x0101, 0x0101, 0x0101,
    0x0101, 0x0101, 0x0101, 0x0101, 0x0101, 0x0101, 0x0101, 0x0101, 0x0101, 0x0101, 0x0101, 0x0101,
    0x0101, 0x0101, 0x0101, 0x0101, 0x0101, 0x0101, 0x0101, 0x0101, 0x0101, 0x0101, 0x0101, 0x0101,
    0x0101, 0x0101, 0x0101, 0x0101, 0x0101, 0x0101, 0x0101, 0x0101, 0x0101, 0x0101, 0x0101, 0x0101,
    0x0101, 0x0101, 0x0101, 0x0101, 0x0101, 0x0101, 0x0101, 0x0101, 0x0101, 0x0101, 0x0101, 0x0101,
    0x0101, 0x0101, 0x0101, 0x0101, 0x0101, 0x0101, 0x0101, 0x0101, 0x0101, 0x0101, 0x0101, 0x0101,
    0x0000, 0x0000, 0x0000, 0x0000, 0x0000, 0x0000, 0x0000, 0x0000, 0x0000, 0x0000, 0x0000, 0x0000,
    0x0000, 0x0000, 0x0000, 0x0000, 0x0000, 0x0000, 0x0000, 0x0000, 0x0000, 0x0000, 0x0000, 0x2600,
    0x0000, 0x0000, 0x0000, 0x2726, 0x0000, 0x0000, 0x2600, 0x2F2F, 0x0000, 0x0000, 0x0000, 0x0000,
    0x0000, 0x0000, 0x0000, 0x0000, 0x0000, 0x0000, 0x0000, 0x0000, 0x0000, 0x0000, 0x0000, 0x0000,
    0x2600, 0x2626, 0x2626, 0x2626, 0x2726, 0x2F2F, 0x2F2F, 0x2F2F, 0x2F2F, 0x2F2F, 0x012F, 0x2F2F,
    0x2F2F, 0x2F2F, 0x2F01, 0x2F2F, 0x0000, 0x0000, 0x0000, 0x0000, 0x0000, 0x0000, 0x0000, 0x0000,
    0x0000, 0x0000, 0x0000, 0x0000, 0x0000, 0x0000, 0x0000, 0x0000, 0x2626, 0x2626, 0x0000, 0x0000,
    0x2F2F, 0x2F2F, 0x2626, 0x0000, 0x2F2F, 0x2F2F, 0x2727, 0x2626, 0x2F2F, 0x2F2F, 0x2F27, 0x272F,
    0x0000, 0x0000, 0x0000, 0x0000, 0x0000, 0x0000, 0x0000, 0x0000, 0x0000, 0x0000, 0x0000, 0x0000,
    0x0000, 0x0000, 0x0000, 0x0000, 0x0000, 0x0000, 0x0000, 0x0000, 0x0000, 0x0000, 0x0000, 0x0000,
    0x0000, 0x0000, 0x0000, 0x0000, 0x0026, 0x0000, 0x0000, 0x0000, 0x0000, 0x0000, 0x0000, 0x0000,
    0x0000, 0x0000, 0x0000, 0x0000, 0x0000, 0x0000, 0x0000, 0x0000, 0x0000, 0x0000, 0x0000, 0x0000,
    0x0000, 0x0000, 0x0000, 0x0000, 0x0000, 0x0000, 0x0000, 0x0000, 0x0000, 0x0000, 0x0000, 0x2600,
    0x0000, 0x0000, 0x0000, 0x2600, 0x0000, 0x0000, 0x0000, 0x2600, 0x0000, 0x0000, 0x0000, 0x2600,
    0x0000, 0x0000, 0x2600, 0x2626, 0x0000, 0x2626, 0x3226, 0x269E, 0x2600, 0x9E9E, 0x3232, 0x9E9E,
    0x3126, 0x9E31, 0x3232, 0x9E9E, 0x319E, 0x3131, 0x9E9E, 0x3131, 0x319E, 0x3131, 0x9E9E, 0x3131,
    0x2627, 0x2828, 0x2628, 0x2A29, 0x2626, 0x2727, 0x2926, 0x2929, 0x2626, 0x2627, 0x2A26, 0x2929,
    0x269E, 0x9E26, 0x269E, 0x292A, 0x9E26, 0x329E, 0x9E32, 0x269E, 0x2632, 0x3232, 0x3232, 0x319E,
    0x9E9E, 0x3226, 0x9E32, 0x9E9E, 0x9E9E, 0x2631, 0x9E9E, 0x269E, 0x2A2A, 0x262A, 0x2727, 0x2726,
    0x2929, 0x2A29, 0x2626, 0x2726, 0x2929, 0x2629, 0x269E, 0x9E26, 0x2929, 0x262A, 0x9E9E, 0x9E26,
    0x2A26, 0x3126, 0x329E, 0x9E26, 0x2631, 0x3131, 0x329E, 0x9E26, 0x3126, 0x9E26, 0x9E9E, 0x3126,
    0x3131, 0x2626, 0x9E9E, 0x3126, 0x0026, 0x0026, 0x0000, 0x0000, 0x0026, 0x0000, 0x0000, 0x0000,
    0x2626, 0x2626, 0x0000, 0x0000, 0x3232, 0x9E9E, 0x0026, 0x0000, 0x3232, 0x9E9E, 0x269E, 0x0000,
    0x3232, 0x3131, 0x9E9E, 0x0026, 0x9E9E, 0x3131, 0x9E9E, 0x0026, 0x9E9E, 0x3131, 0x9E9E, 0x0026,
    0x0000, 0x0000, 0x0000, 0x0000, 0x0000, 0x0000, 0x0000, 0x0000, 0x0000, 0x0000, 0x0000, 0x0000,
    0x0000, 0x0000, 0x0000, 0x0000, 0x0000, 0x0000, 0x0000, 0x0000, 0x0000, 0x0000, 0x0000, 0x0000,
    0x0000, 0x0000, 0x0000, 0x0000, 0x0000, 0x0000, 0x0000, 0x0000, 0x0000, 0x2600, 0x329E, 0x319E,
    0x0000, 0x2600, 0x329E, 0x9E9E, 0x0000, 0x3126, 0x9E9E, 0x3131, 0x0000, 0x3126, 0x9E9E, 0x3131,
    0x0000, 0x3126, 0x319E, 0x3131, 0x0000, 0x9E26, 0x9E32, 0x3131, 0x0000, 0x9E26, 0x9E32, 0x9E9E,
    0x0000, 0x9E26, 0x9E32, 0x9E9E, 0x3131, 0x269E, 0x0000, 0x3126, 0x329E, 0x2632, 0x0000, 0x3126,
    0x329E, 0x0026, 0x2600, 0x9E9E, 0x9E31, 0x0026, 0x2600, 0x9E9E, 0x9E31, 0x0026, 0x9E26, 0x9E9E,
    0x9E31, 0x0026, 0x3126, 0x3131, 0x3232, 0x0026, 0x3126, 0x3131, 0x3232, 0x2626, 0x3131, 0x3131,
    0x9E9E, 0x3131, 0x3131, 0x9E9E, 0x9E9E, 0x3131, 0x9E31, 0x9E9E, 0x3232, 0x9E9E, 0x329E, 0x3232,
    0x3232, 0x9E9E, 0x329E, 0x3232, 0x3232, 0x9E9E, 0x329E, 0x3232, 0x9E9E, 0x3131, 0x9E31, 0x9E9E,
    0x9E9E, 0x3131, 0x9E31, 0x9E9E, 0x9E9E, 0x3131, 0x9E31, 0x9E9E, 0x3131, 0x2631, 0x9E9E, 0x3131,
    0x3131, 0x2631, 0x9E9E, 0x3131, 0x9E9E, 0x269E, 0x3232, 0x9E9E, 0x329E, 0x3226, 0x3232, 0x9E9E,
    0x9E9E, 0x3226, 0x3232, 0x3131, 0x3131, 0x9E26, 0x9E9E, 0x3131, 0x3131, 0x9E26, 0x9E9E, 0x3131,
    0x3131, 0x9E26, 0x9E9E, 0x3131, 0x3131, 0x9E9E, 0x3126, 0x9E9E, 0x3131, 0x9E9E, 0x3126, 0x3232,
    0x329E, 0x3232, 0x9E26, 0x3232, 0x329E, 0x3232, 0x9E26, 0x3232, 0x3131, 0x9E9E, 0x3126, 0x9E31,
    0x3131, 0x9E9E, 0x3126, 0x9E31, 0x3131, 0x9E9E, 0x269E, 0x9E31, 0x3131, 0x3232, 0x2632, 0x3231,
    0x2631, 0x0000, 0x0000, 0x0000, 0x269E, 0x0000, 0x0000, 0x0000, 0x9E9E, 0x0026, 0x0000, 0x0000,
    0x319E, 0x0026, 0x0000, 0x0000, 0x319E, 0x0026, 0x0000, 0x0000, 0x319E, 0x0026, 0x0000, 0x0000,
    0x319E, 0x0026, 0x0000, 0x0000, 0x9E32, 0x0026, 0x0000, 0x0000, 0x0000, 0x0000, 0x0000, 0x0000,
    0x0000, 0x0000, 0x0000, 0x0000, 0x0000, 0x0000, 0x0000, 0x0000, 0x0000, 0x0000, 0x0000, 0x0000,
    0x0000, 0x0000, 0x0000, 0x0000, 0x0000, 0x0000, 0x0000, 0x0000, 0x0000, 0x0000, 0x0000, 0x0000,
    0x0000, 0x0000, 0x0000, 0x0000, 0x0000, 0x2626, 0x3126, 0x3131, 0x0000, 0x2626, 0x3126, 0x3131,
    0x0000, 0x2626, 0x3126, 0x3131, 0x0000, 0x2626, 0x3126, 0x3131, 0x2600, 0x2626, 0x3126, 0x3131,
    0x2600, 0x2626, 0x3126, 0x3131, 0x2626, 0x2626, 0x3131, 0x3131, 0x2626, 0x2626, 0x3131, 0x3131,
    0x3131, 0x3131, 0x3131, 0x0000, 0x3131, 0x3131, 0x2631, 0x0000, 0x3131, 0x3131, 0x2631, 0x0000,
    0x3131, 0x3131, 0x2631, 0x0000, 0x3131, 0x3131, 0x0026, 0x0000, 0x3131, 0x3131, 0x0026, 0x0000,
    0x3131, 0x3131, 0x0026, 0x0000, 0x3131, 0x3131, 0x0026, 0x0000, 0x0000, 0x2600, 0x2626, 0x3131,
    0x0000, 0x2600, 0x2626, 0x3131, 0x0000, 0x2600, 0x2626, 0x3131, 0x0000, 0x2600, 0x2626, 0x3131,
    0x0000, 0x0000, 0x2626, 0x3131, 0x0000, 0x0000, 0x2626, 0x3131, 0x0000, 0x0000, 0x2626, 0x3131,
    0x0000, 0x0000, 0x2626, 0x3131, 0x3131, 0x3131, 0x3131, 0x0026, 0x3131, 0x3131, 0x3131, 0x0026,
    0x3131, 0x3131, 0x2631, 0x0000, 0x3131, 0x3131, 0x2631, 0x0000, 0x3131, 0x3131, 0x2631, 0x0000,
    0x3131, 0x3131, 0x2631, 0x0000, 0x3131, 0x3131, 0x3131, 0x0026, 0x3131, 0x3131, 0x3131, 0x0026,
    0x0000, 0x0000, 0x2626, 0x3126, 0x0000, 0x0000, 0x2626, 0x3126, 0x0000, 0x0000, 0x2626, 0x3131,
    0x0000, 0x0000, 0x2626, 0x3131, 0x0000, 0x2600, 0x2626, 0x3131, 0x0000, 0x2600, 0x2626, 0x3131,
    0x0000, 0x2600, 0x2626, 0x3131, 0x0000, 0x2600, 0x2626, 0x3131, 0x3131, 0x3131, 0x0026, 0x0000,
    0x3131, 0x3131, 0x0026, 0x0000, 0x3131, 0x2631, 0x0000, 0x0000, 0x3131, 0x2631, 0x0000, 0x0000,
    0x3131, 0x2631, 0x0000, 0x0000, 0x3131, 0x2631, 0x0000, 0x0000, 0x3131, 0x0026, 0x0000, 0x0000,
    0x3131, 0x0026, 0x0000, 0x0000, 0x0000, 0x0000, 0x0000, 0x0000, 0x0000, 0x0000, 0x0000, 0x0000,
    0x0000, 0x0000, 0x0000, 0x0000, 0x0000, 0x0000, 0x0000, 0x0000, 0x0000, 0x0000, 0x0000, 0x0000,
    0x0000, 0x0000, 0x0000, 0x0000, 0x0000, 0x0000, 0x0000, 0x0000, 0x0000, 0x0000, 0x0000, 0x0000,
    0x0000, 0x2600, 0x2626, 0x3131, 0x0000, 0x2600, 0x2626, 0x3131, 0x0000, 0x2600, 0x2626, 0x3131,
    0x0000, 0x2600, 0x3126, 0x3131, 0x0000, 0x2600, 0x3126, 0x3131, 0x0000, 0x2600, 0x3126, 0x3131,
    0x0000, 0x2600, 0x3126, 0x3131, 0x0000, 0x2600, 0x3126, 0x3131, 0x3131, 0x3131, 0x0026, 0x0000,
    0x3131, 0x3131, 0x0026, 0x0000, 0x3131, 0x3131, 0x0026, 0x0000, 0x3131, 0x2631, 0x0000, 0x0000,
    0x3131, 0x2631, 0x0000, 0x0000, 0x3131, 0x2631, 0x0000, 0x0000, 0x3131, 0x2631, 0x0000, 0x0000,
    0x3131, 0x2631, 0x0000, 0x0000, 0x0000, 0x0000, 0x0000, 0x0000, 0x0000, 0x0000, 0x0000, 0x0000,
    0x0000, 0x0000, 0x0000, 0x0000, 0x0000, 0x0000, 0x0000, 0x0000, 0x0000, 0x0000, 0x0000, 0x0000,
    0x0000, 0x0000, 0x0000, 0x0000, 0x0000, 0x0000, 0x0000, 0x0000, 0x0000, 0x0000, 0x0000, 0x0000,
    0x2F2F, 0x262F, 0x2727, 0x2B26, 0x2F27, 0x2727, 0x2627, 0x2B2B, 0x272F, 0x2727, 0x2626, 0x2626,
    0x2827, 0x2627, 0x0126, 0x282F, 0x2826, 0x262F, 0x2F28, 0x2F28, 0x2726, 0x2627, 0x2A2A, 0x2A2A,
    0x2F26, 0x2627, 0x292A, 0x2929, 0x2F26, 0x2627, 0x2929, 0x2929, 0x2A2B, 0x292A, 0x2929, 0x2B2A,
    0x2929, 0x2A29, 0x2929, 0x2A29, 0x2A26, 0x2929, 0x2929, 0x262A, 0x2601, 0x2929, 0x2929, 0x0126,
    0x2A01, 0x2929, 0x2929, 0x2826, 0x2929, 0x2929, 0x2929, 0x2929, 0x2929, 0x2929, 0x262A, 0x2929,
    0x2929, 0x2929, 0x2929, 0x2929, 0x2B2B, 0x2726, 0x0026, 0x0000, 0x2626, 0x2727, 0x0026, 0x0000,
    0x0128, 0x2726, 0x0026, 0x0000, 0x0128, 0x2626, 0x0000, 0x0000, 0x2A2A, 0x262A, 0x0000, 0x0000,
    0x2929, 0x2626, 0x0000, 0x0000, 0x2929, 0x2626, 0x0000, 0x0000, 0x2929, 0x2626, 0x0000, 0x0000,
    0x0101, 0x0101, 0x0101, 0x0101, 0x0101, 0x0101, 0x0101, 0x0101, 0x0101, 0x0101, 0x0101, 0x0101,
    0x0101, 0x0101, 0x0101, 0x0101, 0x0101, 0x0101, 0x0101, 0x0101, 0x0101, 0x0101, 0x0101, 0x0101,
    0x0101, 0x0101, 0x0101, 0x0101, 0x0101, 0x0101, 0x0101, 0x0101, 0x0101, 0x0101, 0x0101, 0x0101,
    0x0101, 0x0101, 0x0101, 0x0101, 0x0101, 0x0101, 0x0101, 0x0101, 0x0101, 0x0101, 0x0101, 0x0101,
    0x0101, 0x0101, 0x0101, 0x0101, 0x0101, 0x0101, 0x0101, 0x0101, 0x0101, 0x0101, 0x0101, 0x0101,
    0x0101, 0x0101, 0x0101, 0x0101, 0x0000, 0x0000, 0x2F26, 0x2F2F, 0x0000, 0x2600, 0x2F2F, 0x272F,
    0x0000, 0x2726, 0x2F2F, 0x2F27, 0x0000, 0x2F26, 0x2F2F, 0x2F28, 0x2600, 0x2F27, 0x282F, 0x2F2F,
    0x2600, 0x2F2F, 0x2727, 0x2F2F, 0x2600, 0x2F2F, 0x272F, 0x272F, 0x2600, 0x2F27, 0x2727, 0x2F2F,
    0x2F2F, 0x2F2F, 0x2F2F, 0x2F27, 0x2F2F, 0x2F2F, 0x2728, 0x2F2F, 0x2F2F, 0x282F, 0x2F2F, 0x2F2F,
    0x2F2F, 0x2F28, 0x2F2F, 0x2F2F, 0x282F, 0x2F2F, 0x2F2F, 0x2F2F, 0x2F27, 0x2F2F, 0x2F2F, 0x272F,
    0x2F2F, 0x2F2F, 0x2F2F, 0x2626, 0x2F2F, 0x2F2F, 0x2626, 0x2626, 0x2F2F, 0x2F2F, 0x2F2F, 0x2F2F,
    0x2F2F, 0x272F, 0x2F2F, 0x272F, 0x2F2F, 0x2F28, 0x2F2F, 0x2627, 0x2827, 0x2F27, 0x272F, 0x2A26,
    0x2728, 0x2F2F, 0x2627, 0x2929, 0x2726, 0x272F, 0x2926, 0x2629, 0x2626, 0x2626, 0x292A, 0x2626,
    0x2626, 0x2A26, 0x2929, 0x2626, 0x262F, 0x0000, 0x0000, 0x0000, 0x2726, 0x0026, 0x0000, 0x0000,
    0x262A, 0x2627, 0x0000, 0x0000, 0x2629, 0x262F, 0x0000, 0x0000, 0x2A29, 0x2F26, 0x0026, 0x0000,
    0x2626, 0x2F26, 0x0026, 0x0000, 0x2B26, 0x2F26, 0x0026, 0x0000, 0x2B2B, 0x2F26, 0x0026, 0x0000,
    0x0000, 0x0000, 0x0000, 0x3226, 0x0000, 0x0000, 0x0000, 0x3226, 0x0000, 0x0000, 0x0000, 0x3226,
    0x0000, 0x0000, 0x0000, 0x9E26, 0x0000, 0x0000, 0x0000, 0x9E26, 0x0000, 0x0000, 0x0000, 0x9E26,
    0x0000, 0x0000, 0x0000, 0x3226, 0x0000, 0x0000, 0x0000, 0x3226, 0x9E32, 0x3131, 0x9E9E, 0x3131,
    0x9E32, 0x9E9E, 0x3232, 0x9E9E, 0x9E32, 0x9E9E, 0x3232, 0x9E9E, 0x9E32, 0x9E9E, 0x3232, 0x9E9E,
    0x319E, 0x3131, 0x9E9E, 0x3131, 0x319E, 0x3131, 0x9E9E, 0x3131, 0x319E, 0x3131, 0x319E, 0x3131,
    0x9E32, 0x329E, 0x9E32, 0x269E, 0x9E9E, 0x3131, 0x9E26, 0x9E26, 0x3232, 0x9E9E, 0x269E, 0x9E9E,
    0x3232, 0x9E9E, 0x329E, 0x3232, 0x3232, 0x9E9E, 0x329E, 0x3232, 0x9E9E, 0x9E31, 0x329E, 0x3232,
    0x9E9E, 0x3131, 0x9E31, 0x9E9E, 0x9E9E, 0x3131, 0x9E31, 0x9E9E, 0x9E9E, 0x3131, 0x9E31, 0x9E9E,
    0x3131, 0x9E26, 0x9E26, 0x3126, 0x3231, 0x9E26, 0x269E, 0x9E9E, 0x9E9E, 0x3226, 0x3232, 0x9E9E,
    0x9E9E, 0x3226, 0x3232, 0x9E9E, 0x9E9E, 0x3226, 0x3232, 0x319E, 0x3131, 0x2631, 0x9E9E, 0x3131,
    0x3131, 0x2631, 0x9E9E, 0x3131, 0x3131, 0x2631, 0x9E9E, 0x319E, 0x9E9E, 0x3131, 0x3232, 0x0026,
    0x3232, 0x9E9E, 0x3232, 0x0026, 0x3232, 0x9E9E, 0x9E32, 0x0026, 0x3232, 0x3126, 0x9E31, 0x0026,
    0x9E31, 0x3126, 0x9E31, 0x0026, 0x9E31, 0x3126, 0x9E31, 0x0026, 0x9E31, 0x2632, 0x9E31, 0x0026,
    0x3231, 0x2632, 0x329E, 0x0026, 0x0000, 0x0000, 0x0000, 0x0000, 0x0000, 0x0000, 0x0000, 0x0000,
    0x0000, 0x0000, 0x0000, 0x0000, 0x0000, 0x0000, 0x0000, 0x0000, 0x0000, 0x0000, 0x0000, 0x0000,
    0x0000, 0x0000, 0x0000, 0x0000, 0x0000, 0x0000, 0x0000, 0x0000, 0x0000, 0x0000, 0x0000, 0x0000,
    0x0000, 0x3126, 0x319E, 0x9E9E, 0x0000, 0x3126, 0x319E, 0x3131, 0x0000, 0x3126, 0x319E, 0x3131,
    0x0000, 0x9E26, 0x3132, 0x9E31, 0x0000, 0x9E26, 0x9E32, 0x9E9E, 0x0000, 0x2626, 0x9E26, 0x9E9E,
    0x0000, 0x9E26, 0x269E, 0x2626, 0x0000, 0x9E26, 0x9E9E, 0x9E9E, 0x2632, 0x2600, 0x9E9E, 0x9E9E,
    0x269E, 0x2600, 0x9E9E, 0x329E, 0x269E, 0x3126, 0x3131, 0x9E31, 0x2632, 0x3126, 0x3131, 0x9E31,
    0x2632, 0x9E26, 0x3131, 0x9E31, 0x2632, 0x9E26, 0x3131, 0x9E31, 0x2632, 0x9E26, 0x9E9E, 0x329E,
    0x2626, 0x3226, 0x9E9E, 0x3232, 0x3232, 0x9E9E, 0x329E, 0x3232, 0x3232, 0x9E9E, 0x329E, 0x3232,
    0x9E9E, 0x3131, 0x329E, 0x3232, 0x9E9E, 0x3131, 0x9E31, 0x9E9E, 0x9E9E, 0x3131, 0x9E31, 0x9E9E,
    0x9E9E, 0x3131, 0x9E31, 0x9E9E, 0x3232, 0x9E9E, 0x329E, 0x3232, 0x3232, 0x9E9E, 0x329E, 0x3232,
    0x9E9E, 0x3226, 0x3232, 0x9E9E, 0x9E9E, 0x3226, 0x3232, 0x9E9E, 0x329E, 0x329E, 0x3232, 0x9E9E,
    0x3131, 0x9E31, 0x9E9E, 0x3131, 0x3131, 0x9E26, 0x9E9E, 0x3131, 0x3131, 0x9E26, 0x9E9E, 0x319E,
    0x9E9E, 0x3226, 0x3232, 0x9E32, 0x9E9E, 0x3226, 0x3232, 0x9E32, 0x9E9E, 0x3232, 0x2632, 0x329E,
    0x9E9E, 0x3232, 0x2632, 0x329E, 0x9E9E, 0x9E32, 0x269E, 0x3131, 0x3131, 0x9E9E, 0x269E, 0x3131,
    0x3131, 0x9E9E, 0x269E, 0x3131, 0x3131, 0x9E9E, 0x9E32, 0x9E26, 0x9E9E, 0x3232, 0x9E32, 0x9E26,
    0x9E9E, 0x3232, 0x9E32, 0x2626, 0x9E32, 0x0026, 0x0000, 0x0000, 0x9E32, 0x0026, 0x0000, 0x0000,
    0x9E9E, 0x2631, 0x0000, 0x0000, 0x9E9E, 0x2631, 0x0000, 0x0000, 0x9E9E, 0x2631, 0x0000, 0x0000,
    0x3232, 0x269E, 0x0026, 0x0000, 0x2632, 0x2626, 0x0026, 0x0000, 0x9E26, 0x9E9E, 0x0026, 0x0000,
    0x0000, 0x0000, 0x0000, 0x2600, 0x0000, 0x0000, 0x0000, 0x2600, 0x0000, 0x0000, 0x0000, 0x2626,
    0x0000, 0x0000, 0x0000, 0x2626, 0x0000, 0x0000, 0x0000, 0x2626, 0x0000, 0x0000, 0x0000, 0x2626,
    0x0000, 0x0000, 0x2600, 0x2626, 0x0000, 0x0000, 0x2600, 0x2626, 0x2626, 0x3126, 0x3131, 0x3131,
    0x2626, 0x3126, 0x3131, 0x3131, 0x2626, 0x2626, 0x3131, 0x3131, 0x2626, 0x2626, 0x2626, 0x3131,
    0x2626, 0x2626, 0x2626, 0x2626, 0x3126, 0x2A26, 0x2A2A, 0x2A2A, 0x3126, 0x2631, 0x292A, 0x2929,
    0x3126, 0x3131, 0x2626, 0x2626, 0x3131, 0x2631, 0x0000, 0x0000, 0x3131, 0x2631, 0x0000, 0x0000,
    0x3131, 0x0026, 0x0000, 0x0000, 0x3131, 0x0026, 0x0000, 0x0000, 0x3131, 0x0026, 0x0000, 0x0000,
    0x2626, 0x0000, 0x0000, 0x0000, 0x262A, 0x0000, 0x0000, 0x0000, 0x2626, 0x0000, 0x0000, 0x0000,
    0x0000, 0x0000, 0x2626, 0x2626, 0x0000, 0x0000, 0x2626, 0x2A2A, 0x0000, 0x0000, 0x2626, 0x2A26,
    0x0000, 0x0000, 0x2626, 0x2626, 0x0000, 0x0000, 0x2626, 0x2626, 0x0000, 0x2600, 0x2626, 0x2626,
    0x0000, 0x2600, 0x2626, 0x3126, 0x0000, 0x2600, 0x2626, 0x3131, 0x2626, 0x3126, 0x3131, 0x0026,
    0x2A2A, 0x2626, 0x3126, 0x0026, 0x2929, 0x262A, 0x262A, 0x0026, 0x2626, 0x2626, 0x3126, 0x0026,
    0x2626, 0x3126, 0x3131, 0x0026, 0x2626, 0x3126, 0x3131, 0x0026, 0x3131, 0x3131, 0x3131, 0x0026,
    0x3131, 0x3131, 0x3131, 0x0026, 0x0000, 0x2600, 0x3126, 0x3131, 0x0000, 0x2600, 0x3126, 0x3131,
    0x0000, 0x2626, 0x3126, 0x3131, 0x0000, 0x2626, 0x3126, 0x2626, 0x0000, 0x2626, 0x2626, 0x9E9E,
    0x2600, 0x2631, 0x262A, 0x9E9E, 0x2600, 0x3131, 0x9E26, 0x9E9E, 0x2600, 0x3131, 0x9E31, 0x9E9E,
    0x3131, 0x0026, 0x0000, 0x0000, 0x2631, 0x0000, 0x0000, 0x0000, 0x2631, 0x0000, 0x0000, 0x0000,
    0x2626, 0x0000, 0x0000, 0x0000, 0x269E, 0x0000, 0x0000, 0x0000, 0x269E, 0x0000, 0x0000, 0x0000,
    0x269E, 0x0000, 0x0000, 0x0000, 0x269E, 0x0000, 0x0000, 0x0000, 0x0000, 0x0000, 0x0000, 0x0000,
    0x0000, 0x0000, 0x0000, 0x0000, 0x0000, 0x0000, 0x0000, 0x0000, 0x0000, 0x0000, 0x0000, 0x0000,
    0x0000, 0x0000, 0x0000, 0x0000, 0x0000, 0x0000, 0x0000, 0x0000, 0x0000, 0x0000, 0x0000, 0x0000,
    0x0000, 0x0000, 0x0000, 0x0000, 0x0000, 0x2600, 0x3126, 0x3131, 0x0000, 0x2600, 0x3126, 0x3131,
    0x0000, 0x2600, 0x3126, 0x3131, 0x0000, 0x2600, 0x3126, 0x3131, 0x0000, 0x2626, 0x3126, 0x3131,
    0x2600, 0x3131, 0x269E, 0x2626, 0x2600, 0x9E31, 0x269E, 0x262A, 0x2600, 0x9E31, 0x9E9E, 0x9E26,
    0x3131, 0x2631, 0x0000, 0x0000, 0x3131, 0x0026, 0x0000, 0x0000, 0x3131, 0x0026, 0x0000, 0x0000,
    0x3131, 0x0026, 0x0000, 0x0000, 0x3131, 0x0026, 0x0000, 0x0000, 0x2626, 0x0026, 0x0000, 0x0000,
    0x269E, 0x0000, 0x0000, 0x0000, 0x269E, 0x0000, 0x0000, 0x0000, 0x0101, 0x0101, 0x0101, 0x0101,
    0x0101, 0x0101, 0x0101, 0x0101, 0x0101, 0x0101, 0x0101, 0x0101, 0x0101, 0x0101, 0x0101, 0x0101,
    0x0101, 0x0101, 0x0101, 0x0101, 0x0101, 0x0101, 0x0101, 0x0101, 0x0101, 0x0101, 0x0101, 0x0101,
    0x0101, 0x0101, 0x0101, 0x0101, 0x2F2F, 0x262F, 0x2727, 0x2B26, 0x2F27, 0x2727, 0x2627, 0x2B2B,
    0x272F, 0x2727, 0x2A26, 0x2A2A, 0x2827, 0x2627, 0x2626, 0x2828, 0x2826, 0x262F, 0x2F28, 0x2F28,
    0x2726, 0x2627, 0x2A2A, 0x2A2A, 0x2F26, 0x2627, 0x292A, 0x2929, 0x2F26, 0x2627, 0x2929, 0x2929,
    0x2A2B, 0x292A, 0x2929, 0x2B2A, 0x2929, 0x2A29, 0x2929, 0x2A29, 0x2A26, 0x2929, 0x2929, 0x262A,
    0x2601, 0x2929, 0x2929, 0x0126, 0x2A01, 0x2929, 0x2929, 0x2826, 0x2929, 0x2929, 0x2929, 0x2929,
    0x2929, 0x2929, 0x262A, 0x2929, 0x2929, 0x2929, 0x2929, 0x2929, 0x2B2B, 0x2726, 0x0026, 0x0000,
    0x2A2A, 0x2727, 0x0026, 0x0000, 0x2626, 0x2726, 0x0026, 0x0000, 0x0128, 0x2626, 0x0000, 0x0000,
    0x2A2A, 0x262A, 0x0000, 0x0000, 0x2929, 0x2626, 0x0000, 0x0000, 0x2929, 0x2626, 0x0000, 0x0000,
    0x2929, 0x2626, 0x0000, 0x0000, 0x0101, 0x0101, 0x0101, 0x0101, 0x0101, 0x0101, 0x0101, 0x0101,
    0x0101, 0x0101, 0x0101, 0x0101, 0x0101, 0x0101, 0x0101, 0x0101, 0x0101, 0x0101, 0x0101, 0x0101,
    0x0101, 0x0101, 0x0101, 0x0101, 0x0101, 0x0101, 0x0101, 0x0101, 0x0101, 0x0101, 0x0101, 0x0101,
    0x0101, 0x0101, 0x0101, 0x0101, 0x0101, 0x0101, 0x0101, 0x0101, 0x0101, 0x0101, 0x0101, 0x0101,
    0x0101, 0x0101, 0x0101, 0x0101, 0x0101, 0x0101, 0x0101, 0x0101, 0x0101, 0x0101, 0x0101, 0x0101,
    0x0101, 0x0101, 0x0101, 0x0101, 0x0101, 0x0101, 0x0101, 0x0101, 0x2600, 0x2727, 0x272F, 0x2F2F,
    0x2600, 0x2727, 0x2F27, 0x2F27, 0x2600, 0x2727, 0x282F, 0x2727, 0x2600, 0x2728, 0x2727, 0x2727,
    0x0000, 0x2726, 0x2728, 0x2727, 0x0000, 0x2826, 0x2728, 0x2827, 0x0000, 0x2726, 0x2728, 0x2628,
    0x0000, 0x2826, 0x2828, 0x2828, 0x2F2F, 0x262F, 0x2727, 0x2B26, 0x2F27, 0x2727, 0x2627, 0x2B2B,
    0x272F, 0x2727, 0x2626, 0x2626, 0x2827, 0x2627, 0x0126, 0x282F, 0x2826, 0x262F, 0x2F28, 0x2F28,
    0x2726, 0x2627, 0x2A2A, 0x2A2A, 0x2F26, 0x2627, 0x292A, 0x2929, 0x2F26, 0x2627, 0x2929, 0x2929,
    0x2A2B, 0x292A, 0x2929, 0x2B2A, 0x2929, 0x2A29, 0x2929, 0x2A29, 0x2A26, 0x2929, 0x2929, 0x262A,
    0x2601, 0x2929, 0x2929, 0x0126, 0x2A01, 0x2929, 0x2929, 0x2826, 0x2929, 0x2929, 0x2929, 0x2929,
    0x2929, 0x2929, 0x262A, 0x2929, 0x2929, 0x2929, 0x2929, 0x2929, 0x2B2B, 0x2726, 0x0026, 0x0000,
    0x2626, 0x2727, 0x0026, 0x0000, 0x0128, 0x2726, 0x0026, 0x0000, 0x0128, 0x2626, 0x0000, 0x0000,
    0x2A2A, 0x262A, 0x0000, 0x0000, 0x2929, 0x2626, 0x0000, 0x0000, 0x2929, 0x2626, 0x0000, 0x0000,
    0x2929, 0x2626, 0x0000, 0x0000, 0x0000, 0x0000, 0x0000, 0x3226, 0x0000, 0x0000, 0x2600, 0x3231,
    0x0000, 0x0000, 0x2600, 0x9E31, 0x0000, 0x0000, 0x2600, 0x9E31, 0x0000, 0x0000, 0x2600, 0x9E31,
    0x0000, 0x0000, 0x2600, 0x3232, 0x0000, 0x0000, 0x3226, 0x3232, 0x0000, 0x0000, 0x3126, 0x3232,
    0x9E9E, 0x329E, 0x9E32, 0x269E, 0x9E9E, 0x329E, 0x9E32, 0x269E, 0x3131, 0x9E31, 0x319E, 0x269E,
    0x3131, 0x9E31, 0x319E, 0x2626, 0x3131, 0x9E31, 0x319E, 0x2626, 0x319E, 0x9E31, 0x319E, 0x2600,
    0x9E9E, 0x329E, 0x2632, 0x2600, 0x9E9E, 0x329E, 0x2632, 0x2600, 0x3232, 0x9E9E, 0x329E, 0x3232,
    0x3232, 0x9E9E, 0x329E, 0x3232, 0x3232, 0x9E9E, 0x329E, 0x3232, 0x9E9E, 0x3131, 0x3131, 0x9E9E,
    0x9E9E, 0x319E, 0x3131, 0x9E9E, 0x9E9E, 0x319E, 0x3131, 0x9E9E, 0x3232, 0x9E32, 0x9E9E, 0x3232,
    0x3232, 0x9E9E, 0x9E9E, 0x3232, 0x9E9E, 0x2632, 0x3232, 0x9E9E, 0x9E9E, 0x269E, 0x3232, 0x9E9E,
    0x9E32, 0x269E, 0x3232, 0x9E9E, 0x319E, 0x2631, 0x9E9E, 0x3131, 0x319E, 0x2631, 0x9E9E, 0x3131,
    0x319E, 0x2631, 0x9E9E, 0x319E, 0x9E32, 0x269E, 0x3232, 0x9E32, 0x9E32, 0x2632, 0x3232, 0x9E32,
    0x329E, 0x2632, 0x329E, 0x0026, 0x329E, 0x2632, 0x329E, 0x2632, 0x329E, 0x269E, 0x9E31, 0x269E,
    0x3131, 0x269E, 0x9E31, 0x269E, 0x3131, 0x269E, 0x9E31, 0x269E, 0x3131, 0x269E, 0x3231, 0x9E32,
    0x9E9E, 0x2632, 0x329E, 0x9E32, 0x9E9E, 0x2632, 0x329E, 0x3132, 0x0000, 0x0000, 0x0000, 0x0000,
    0x0000, 0x0000, 0x0000, 0x0000, 0x0000, 0x0000, 0x0000, 0x0000, 0x0000, 0x0000, 0x0000, 0x0000,
    0x0000, 0x0000, 0x0000, 0x0000, 0x0026, 0x0000, 0x0000, 0x0000, 0x0026, 0x0000, 0x0000, 0x0000,
    0x0026, 0x0000, 0x0000, 0x0000, 0x2600, 0x9E9E, 0x9E9E, 0x9E9E, 0x2600, 0x9E9E, 0x9E9E, 0x9E9E,
    0x2600, 0x2626, 0x9E26, 0x9E9E, 0x2600, 0x292A, 0x2629, 0x2626, 0x2600, 0x292A, 0x2929, 0x292A,
    0x2600, 0x292A, 0x2A29, 0x2929, 0x2B26, 0x292A, 0x2626, 0x2A29, 0x2B26, 0x262A, 0x262A, 0x262A,
    0x269E, 0x2600, 0x3131, 0x3231, 0x269E, 0x2600, 0x3126, 0x9E31, 0x269E, 0x2600, 0x2626, 0x9E31,
    0x2626, 0x2600, 0x2626, 0x9E26, 0x262A, 0x2600, 0x2626, 0x2626, 0x0026, 0x2600, 0x2626, 0x2626,
    0x0026, 0x2600, 0x2626, 0x3126, 0x0000, 0x2600, 0x2626, 0x3131, 0x3232, 0x9E9E, 0x329E, 0x3232,
    0x9E9E, 0x3131, 0x9E31, 0x9E9E, 0x9E9E, 0x3131, 0x9E31, 0x9E9E, 0x9E9E, 0x3131, 0x9E31, 0x9E9E,
    0x2626, 0x2626, 0x2626, 0x2626, 0x2626, 0x2626, 0x3131, 0x3131, 0x3131, 0x3131, 0x3131, 0x3131,
    0x3131, 0x3131, 0x3131, 0x3131, 0x269E, 0x3226, 0x3232, 0x9E32, 0x2631, 0x9E26, 0x9E9E, 0x319E,
    0x2631, 0x9E26, 0x9E9E, 0x319E, 0x0026, 0x2626, 0x9E9E, 0x319E, 0x0026, 0x2600, 0x2626, 0x2626,
    0x0026, 0x2600, 0x2626, 0x2626, 0x0026, 0x2600, 0x2626, 0x2626, 0x0026, 0x2600, 0x2626, 0x3126,
    0x9E9E, 0x3232, 0x9E32, 0x2626, 0x3131, 0x9E9E, 0x319E, 0x9E26, 0x3131, 0x9E9E, 0x319E, 0x9E26,
    0x3131, 0x9E9E, 0x2626, 0x9E26, 0x2626, 0x2626, 0x3131, 0x2626, 0x2626, 0x3131, 0x3131, 0x0026,
    0x3131, 0x3131, 0x3131, 0x0026, 0x3131, 0x3131, 0x3131, 0x0026, 0x9E9E, 0x9E9E, 0x0026, 0x0000,
    0x9E9E, 0x9E9E, 0x0026, 0x0000, 0x9E9E, 0x269E, 0x2626, 0x0000, 0x269E, 0x2926, 0x2629, 0x0000,
    0x2A26, 0x2929, 0x2629, 0x0026, 0x2A26, 0x292A, 0x2629, 0x0026, 0x2600, 0x2926, 0x2629, 0x0026,
    0x2600, 0x2926, 0x2A26, 0x0026, 0x0000, 0x0000, 0x2600, 0x2626, 0x0000, 0x0000, 0x2600, 0x2626,
    0x0000, 0x0000, 0x2600, 0x2626, 0x0000, 0x0000, 0x2600, 0x2626, 0x0000, 0x0000, 0x2600, 0x2626,
    0x0000, 0x0000, 0x2600, 0x2626, 0x0000, 0x0000, 0x2600, 0x2626, 0x0000, 0x0000, 0x2600, 0x2626,
    0x3126, 0x3131, 0x3131, 0x3131, 0x3126, 0x3131, 0x3131, 0x3131, 0x3126, 0x3131, 0x3131, 0x2631,
    0x3131, 0x3131, 0x3131, 0x2631, 0x3131, 0x3131, 0x3131, 0x2631, 0x3131, 0x3131, 0x3131, 0x2631,
    0x3131, 0x3131, 0x3131, 0x0026, 0x3131, 0x3131, 0x3131, 0x0026, 0x0026, 0x0000, 0x0000, 0x0000,
    0x0026, 0x0000, 0x0000, 0x0000, 0x0000, 0x0000, 0x0000, 0x0000, 0x0000, 0x0000, 0x0000, 0x0000,
    0x0000, 0x0000, 0x0000, 0x0000, 0x0000, 0x0000, 0x0000, 0x0000, 0x0000, 0x0000, 0x0000, 0x0000,
    0x0000, 0x0000, 0x0000, 0x0000, 0x0000, 0x2600, 0x2626, 0x3131, 0x0000, 0x2600, 0x2626, 0x3131,
    0x0000, 0x2600, 0x2626, 0x3131, 0x0000, 0x2600, 0x2626, 0x3131, 0x0000, 0x2600, 0x2626, 0x3131,
    0x0000, 0x2600, 0x2626, 0x3131, 0x0000, 0x2600, 0x2626, 0x3131, 0x0000, 0x2600, 0x2626, 0x3131,
    0x3131, 0x3131, 0x3131, 0x0026, 0x3131, 0x3131, 0x3131, 0x0026, 0x3131, 0x3131, 0x3131, 0x0026,
    0x3131, 0x3131, 0x3131, 0x0026, 0x3131, 0x3131, 0x3131, 0x0026, 0x3131, 0x3131, 0x3131, 0x0026,
    0x3131, 0x3131, 0x3131, 0x0026, 0x3131, 0x3131, 0x2631, 0x0000, 0x2600, 0x9E31, 0x9E31, 0x9E9E,
    0x2600, 0x9E31, 0x9E31, 0x0101, 0x2600, 0x3126, 0x3131, 0x269E, 0x2600, 0x3126, 0x3131, 0x0126,
    0x2600, 0x2632, 0x2631, 0x0101, 0x2600, 0x3232, 0x3226, 0x0101, 0x2600, 0x3232, 0x2601, 0x0101,
    0x0000, 0x3226, 0x0101, 0x2626, 0x269E, 0x0000, 0x0000, 0x0000, 0x9E01, 0x0026, 0x0000, 0x0000,
    0x2626, 0x0026, 0x0000, 0x0000, 0x0101, 0x2601, 0x0000, 0x0000, 0x0101, 0x0101, 0x0026, 0x0000,
    0x0101, 0x0101, 0x0026, 0x0000, 0x0101, 0x0101, 0x0026, 0x0000, 0x2626, 0x2626, 0x0026, 0x0000,
    0x0000, 0x0000, 0x0000, 0x0000, 0x0000, 0x0000, 0x0000, 0x0000, 0x0000, 0x0000, 0x0000, 0x0000,
    0x0000, 0x0000, 0x0000, 0x0000, 0x0000, 0x0000, 0x0000, 0x2600, 0x0000, 0x0000, 0x0000, 0x3226,
    0x0000, 0x0000, 0x0000, 0x3226, 0x0000, 0x0000, 0x0000, 0x3226, 0x2600, 0x9E31, 0x9E9E, 0x9E31,
    0x2600, 0x0101, 0x9E01, 0x9E31, 0x3126, 0x3131, 0x9E9E, 0x9E31, 0x2626, 0x2626, 0x3131, 0x9E9E,
    0x0132, 0x0101, 0x3126, 0x9E9E, 0x0101, 0x0101, 0x2601, 0x2631, 0x0101, 0x0101, 0x0101, 0x0126,
    0x0101, 0x0101, 0x2601, 0x0101, 0x269E, 0x0000, 0x0000, 0x0000, 0x269E, 0x0000, 0x0000, 0x0000,
    0x269E, 0x0000, 0x0000, 0x0000, 0x2626, 0x0000, 0x0000, 0x0000, 0x2626, 0x0000, 0x0000, 0x0000,
    0x2601, 0x0000, 0x0000, 0x0000, 0x2601, 0x0000, 0x0000, 0x0000, 0x2601, 0x0000, 0x0000, 0x0000,
    0x0101, 0x0101, 0x0101, 0x0101, 0x0101, 0x0101, 0x0101, 0x0101, 0x0101, 0x0101, 0x0101, 0x0101,
    0x0101, 0x0101, 0x0101, 0x0101, 0x0101, 0x0101, 0x0101, 0x0101, 0x0101, 0x0101, 0x0101, 0x0101,
    0x0101, 0x0101, 0x0101, 0x0101, 0x0101, 0x0101, 0x0101, 0x0101, 0x2F2F, 0x262F, 0x2727, 0x2B26,
    0x2F27, 0x2727, 0x2627, 0x2B2B, 0x272F, 0x2727, 0x2A26, 0x2B2A, 0x2827, 0x2627, 0x2626, 0x2626,
    0x2826, 0x262F, 0x2F26, 0x2F28, 0x2726, 0x2627, 0x2A2A, 0x2A2A, 0x2F26, 0x2627, 0x292A, 0x2929,
    0x2F26, 0x2627, 0x2929, 0x2929, 0x2A2B, 0x292A, 0x2929, 0x2B2A, 0x2929, 0x2A29, 0x2929, 0x2A29,
    0x292B, 0x2929, 0x2929, 0x292A, 0x2B26, 0x2929, 0x2929, 0x262A, 0x2601, 0x2929, 0x2929, 0x2826,
    0x2929, 0x2929, 0x2929, 0x2929, 0x2929, 0x2929, 0x262A, 0x2929, 0x2929, 0x2929, 0x2929, 0x2929,
    0x2B2B, 0x2726, 0x0026, 0x0000, 0x2B2B, 0x2727, 0x0026, 0x0000, 0x262A, 0x2726, 0x0026, 0x0000,
    0x0128, 0x2626, 0x0000, 0x0000, 0x2A2A, 0x262A, 0x0000, 0x0000, 0x2929, 0x2626, 0x0000, 0x0000,
    0x2929, 0x2626, 0x0000, 0x0000, 0x2929, 0x2626, 0x0000, 0x0000, 0x0101, 0x0101, 0x0101, 0x0101,
    0x0101, 0x0101, 0x0101, 0x0101, 0x0101, 0x0101, 0x0101, 0x0101, 0x0101, 0x0101, 0x0101, 0x0101,
    0x0101, 0x0101, 0x0101, 0x0101, 0x0101, 0x0101, 0x0101, 0x0101, 0x0101, 0x0101, 0x0101, 0x0101,
    0x0101, 0x0101, 0x0101, 0x0101, 0x0101, 0x0101, 0x0101, 0x0101, 0x0101, 0x0101, 0x0101, 0x0101,
    0x0101, 0x0101, 0x0101, 0x0101, 0x0101, 0x0101, 0x0101, 0x0101, 0x0101, 0x0101, 0x0101, 0x0101,
    0x0101, 0x0101, 0x0101, 0x0101, 0x0101, 0x0101, 0x0101, 0x0101, 0x0101, 0x0101, 0x0101, 0x0101,
    0x0000, 0x2600, 0x2828, 0x2827, 0x0000, 0x2600, 0x2728, 0x2827, 0x0000, 0x2826, 0x2728, 0x2827,
    0x2600, 0x2626, 0x2728, 0x2827, 0x0000, 0x0000, 0x2826, 0x2827, 0x0000, 0x0000, 0x2826, 0x2828,
    0x0000, 0x2600, 0x2727, 0x2826, 0x0000, 0x2626, 0x2626, 0x2600, 0x2728, 0x2628, 0x292A, 0x2929,
    0x2728, 0x2827, 0x2A26, 0x2929, 0x2728, 0x2728, 0x2626, 0x292A, 0x2828, 0x2828, 0x2626, 0x2A26,
    0x2728, 0x2728, 0x2626, 0x262A, 0x2828, 0x2828, 0x2628, 0x2A2A, 0x2827, 0x2828, 0x2628, 0x2A26,
    0x2827, 0x2828, 0x2627, 0x262A, 0x2929, 0x2929, 0x2929, 0x2929, 0x2629, 0x362A, 0x2636, 0x2929,
    0x2929, 0x2929, 0x2929, 0x2929, 0x2929, 0x2A29, 0x292A, 0x2929, 0x2A26, 0x2929, 0x2929, 0x2629,
    0x262A, 0x2A26, 0x2A29, 0x2826, 0x2A2A, 0x2626, 0x2626, 0x2828, 0x2626, 0x2826, 0x2828, 0x2728,
    0x2929, 0x2826, 0x0026, 0x0000, 0x2A29, 0x2726, 0x0026, 0x0000, 0x2629, 0x2827, 0x2628, 0x0000,
    0x2726, 0x2628, 0x2626, 0x0026, 0x2828, 0x0026, 0x0000, 0x0000, 0x2828, 0x0026, 0x0000, 0x0000,
    0x2826, 0x0026, 0x0000, 0x0000, 0x2626, 0x0026, 0x0000, 0x0000, 0x0000, 0x0000, 0x3126, 0x9E9E,
    0x0000, 0x0000, 0x3126, 0x319E, 0x0000, 0x0000, 0x3226, 0x319E, 0x0000, 0x2600, 0x329E, 0x9E32,
    0x0000, 0x2600, 0x329E, 0x9E9E, 0x0000, 0x2600, 0x9E31, 0x3131, 0x0000, 0x2600, 0x9E31, 0x3131,
    0x0000, 0x2600, 0x9E31, 0x3131, 0x3131, 0x9E31, 0x269E, 0x2600, 0x3131, 0x9E31, 0x0026, 0x2600,
    0x3131, 0x9E31, 0x0026, 0x2600, 0x9E9E, 0x3232, 0x0026, 0x2600, 0x9E9E, 0x3232, 0x0026, 0x2600,
    0x9E31, 0x2632, 0x0000, 0x2600, 0x3131, 0x269E, 0x0000, 0x2600, 0x3131, 0x269E, 0x0000, 0x3126,
    0x9E9E, 0x9E9E, 0x9E9E, 0x3232, 0x9E9E, 0x3131, 0x3131, 0x9E9E, 0x9E9E, 0x3131, 0x3131, 0x9E9E,
    0x3232, 0x9E9E, 0x3131, 0x9E9E, 0x3232, 0x9E9E, 0x9E9E, 0x3232, 0x3232, 0x9E9E, 0x9E9E, 0x3232,
    0x329E, 0x9E31, 0x9E9E, 0x3232, 0x9E9E, 0x3131, 0x3131, 0x9E9E, 0x9E32, 0x269E, 0x3232, 0x9E32,
    0x319E, 0x2631, 0x9E9E, 0x319E, 0x319E, 0x2631, 0x9E9E, 0x319E, 0x319E, 0x2631, 0x9E9E, 0x319E,
    0x9E32, 0x269E, 0x3232, 0x9E32, 0x9E9E, 0x2632, 0x3232, 0x9E32, 0x9E9E, 0x269E, 0x3232, 0x9E32,
    0x3131, 0x2631, 0x9E9E, 0x319E, 0x3131, 0x269E, 0x9E31, 0x319E, 0x3131, 0x269E, 0x9E31, 0x319E,
    0x3131, 0x269E, 0x9E31, 0x329E, 0x9E31, 0x2632, 0x329E, 0x3232, 0x9E9E, 0x2632, 0x329E, 0x3232,
    0x9E9E, 0x2632, 0x329E, 0x9E32, 0x9E9E, 0x269E, 0x3131, 0x9E9E, 0x3131, 0x269E, 0x3131, 0x9E9E,
    0x0026, 0x0000, 0x0000, 0x0000, 0x0026, 0x0000, 0x0000, 0x0000, 0x0026, 0x0000, 0x0000, 0x0000,
    0x269E, 0x0000, 0x0000, 0x0000, 0x269E, 0x0000, 0x0000, 0x0000, 0x2631, 0x0000, 0x0000, 0x0000,
    0x2631, 0x0000, 0x0000, 0x0000, 0x2631, 0x0000, 0x0000, 0x0000, 0x2B26, 0x262A, 0x2A2A, 0x2626,
    0x2B26, 0x2A2B, 0x2A26, 0x262A, 0x2600, 0x2A26, 0x2629, 0x0026, 0x0000, 0x2600, 0x2A2A, 0x0026,
    0x0000, 0x0000, 0x2626, 0x0026, 0x0000, 0x0000, 0x0000, 0x0000, 0x0000, 0x0000, 0x0000, 0x0000,
    0x0000, 0x0000, 0x0000, 0x0000, 0x0000, 0x2600, 0x3126, 0x3131, 0x0000, 0x2600, 0x3126, 0x3131,
    0x0000, 0x2600, 0x3126, 0x3131, 0x0000, 0x2600, 0x3126, 0x3131, 0x0000, 0x2600, 0x3126, 0x3131,
    0x0000, 0x2600, 0x3126, 0x3131, 0x0000, 0x2600, 0x3126, 0x3131, 0x0000, 0x2600, 0x3126, 0x3131,
    0x3131, 0x3131, 0x3131, 0x3131, 0x3131, 0x3131, 0x3131, 0x3131, 0x3131, 0x3131, 0x3131, 0x2631,
    0x3131, 0x3131, 0x3131, 0x2631, 0x3131, 0x3131, 0x3131, 0x2631, 0x3131, 0x3131, 0x3131, 0x2631,
    0x3131, 0x3131, 0x3131, 0x0026, 0x3131, 0x3131, 0x3131, 0x0026, 0x0026, 0x2600, 0x2626, 0x3131,
    0x0026, 0x2600, 0x2626, 0x3131, 0x0000, 0x2600, 0x2626, 0x3131, 0x0000, 0x2600, 0x2626, 0x3131,
    0x0000, 0x2600, 0x2626, 0x3131, 0x0000, 0x2600, 0x2626, 0x3131, 0x0000, 0x2600, 0x2626, 0x3131,
    0x0000, 0x2600, 0x2626, 0x3131, 0x3131, 0x3131, 0x3131, 0x0026, 0x3131, 0x3131, 0x3131, 0x0026,
    0x3131, 0x3131, 0x3131, 0x0026, 0x3131, 0x3131, 0x3131, 0x0026, 0x3131, 0x3131, 0x3131, 0x0026,
    0x3131, 0x3131, 0x3131, 0x0026, 0x3131, 0x3131, 0x3131, 0x0026, 0x3131, 0x3131, 0x3131, 0x0026,
    0x2A26, 0x2926, 0x2A26, 0x0026, 0x2626, 0x2A26, 0x2626, 0x0000, 0x2A26, 0x262A, 0x2626, 0x0000,
    0x2A26, 0x2926, 0x262A, 0x0000, 0x2600, 0x292A, 0x0026, 0x0000, 0x0000, 0x2626, 0x0000, 0x0000,
    0x0000, 0x0000, 0x0000, 0x0000, 0x0000, 0x0000, 0x0000, 0x0000, 0x0000, 0x0000, 0x2600, 0x2626,
    0x0000, 0x0000, 0x2600, 0x2626, 0x0000, 0x0000, 0x2600, 0x2626, 0x0000, 0x0000, 0x2626, 0x2626,
    0x0000, 0x0000, 0x2626, 0x3126, 0x0000, 0x0000, 0x2626, 0x3126, 0x0000, 0x0000, 0x2626, 0x3126,
    0x0000, 0x0000, 0x2626, 0x3126, 0x3131, 0x3131, 0x3131, 0x0026, 0x3131, 0x3131, 0x3131, 0x0026,
    0x3131, 0x3131, 0x2631, 0x0000, 0x3131, 0x3131, 0x2631, 0x0000, 0x3131, 0x3131, 0x2631, 0x0000,
    0x3131, 0x3131, 0x2631, 0x0000, 0x3131, 0x3131, 0x0026, 0x0000, 0x3131, 0x3131, 0x0026, 0x0000,
    0x0000, 0x0000, 0x0000, 0x0000, 0x0000, 0x0000, 0x0000, 0x0000, 0x0000, 0x0000, 0x0000, 0x0000,
    0x0000, 0x0000, 0x0000, 0x0000, 0x0000, 0x0000, 0x0000, 0x0000, 0x0000, 0x0000, 0x0000, 0x0000,
    0x0000, 0x0000, 0x0000, 0x0000, 0x0000, 0x0000, 0x0000, 0x0000, 0x0000, 0x2600, 0x2626, 0x3131,
    0x0000, 0x2600, 0x2626, 0x3131, 0x0000, 0x2600, 0x2626, 0x3131, 0x0000, 0x2600, 0x2626, 0x3131,
    0x0000, 0x2600, 0x2626, 0x3131, 0x0000, 0x2600, 0x2626, 0x3131, 0x0000, 0x2600, 0x2626, 0x3131,
    0x0000, 0x2600, 0x2626, 0x3131, 0x3131, 0x3131, 0x2631, 0x0000, 0x3131, 0x3131, 0x2631, 0x0000,
    0x3131, 0x3131, 0x2631, 0x0000, 0x3131, 0x3131, 0x2631, 0x0000, 0x3131, 0x3131, 0x2631, 0x0000,
    0x3131, 0x3131, 0x0026, 0x0000, 0x3131, 0x3131, 0x0026, 0x0000, 0x3131, 0x3131, 0x0026, 0x0000,
    0x0000, 0x2600, 0x0132, 0x0101, 0x0000, 0x0000, 0x3226, 0x0101, 0x0000, 0x0000, 0x2600, 0x2626,
    0x0000, 0x0000, 0x0000, 0x0000, 0x0000, 0x0000, 0x0000, 0x0000, 0x0000, 0x0000, 0x0000, 0x0000,
    0x0000, 0x0000, 0x0000, 0x0000, 0x0000, 0x0000, 0x0000, 0x0000, 0x0101, 0x0101, 0x0026, 0x0000,
    0x0101, 0x0101, 0x0026, 0x0000, 0x2626, 0x2626, 0x0000, 0x0000, 0x0000, 0x0000, 0x0000, 0x0000,
    0x0000, 0x0000, 0x0000, 0x0000, 0x0000, 0x0000, 0x0000, 0x0000, 0x0000, 0x0000, 0x0000, 0x0000,
    0x0000, 0x0000, 0x0000, 0x0000, 0x0000, 0x0000, 0x0000, 0x2626, 0x0000, 0x0000, 0x0000, 0x3226,
    0x0000, 0x0000, 0x0000, 0x3226, 0x0000, 0x0000, 0x0000, 0x2600, 0x0000, 0x0000, 0x0000, 0x0000,
    0x0000, 0x0000, 0x0000, 0x0000, 0x0000, 0x0000, 0x0000, 0x0000, 0x0000, 0x0000, 0x0000, 0x0000,
    0x2626, 0x2626, 0x0126, 0x0101, 0x0101, 0x0101, 0x0101, 0x2601, 0x0101, 0x0101, 0x0101, 0x0026,
    0x2626, 0x2626, 0x2626, 0x0000, 0x0000, 0x0000, 0x0000, 0x0000, 0x0000, 0x0000, 0x0000, 0x0000,
    0x0000, 0x0000, 0x0000, 0x0000, 0x0000, 0x0000, 0x0000, 0x0000, 0x0026, 0x0000, 0x0000, 0x0000,
    0x0000, 0x0000, 0x0000, 0x0000, 0x0000, 0x0000, 0x0000, 0x0000, 0x0000, 0x0000, 0x0000, 0x0000,
    0x0000, 0x0000, 0x0000, 0x0000, 0x0000, 0x0000, 0x0000, 0x0000, 0x0000, 0x0000, 0x0000, 0x0000,
    0x0000, 0x0000, 0x0000, 0x0000, 0x0101, 0x0101, 0x0101, 0x0101, 0x0101, 0x0101, 0x0101, 0x0101,
    0x0101, 0x0101, 0x0101, 0x0101, 0x0101, 0x0101, 0x0101, 0x0101, 0x0101, 0x0101, 0x0101, 0x0101,
    0x0101, 0x0101, 0x0101, 0x0101, 0x0101, 0x0101, 0x0101, 0x0101, 0x0101, 0x0101, 0x0101, 0x0101,
    0x2F2F, 0x262F, 0x2727, 0x2B26, 0x2F27, 0x2727, 0x2627, 0x2B2B, 0x272F, 0x2727, 0x2926, 0x2929,
    0x2827, 0x2627, 0x2926, 0x2929, 0x2826, 0x262F, 0x2626, 0x2626, 0x2726, 0x2627, 0x2A2A, 0x2A2A,
    0x2F26, 0x2627, 0x292A, 0x2929, 0x2F26, 0x2627, 0x2929, 0x2929, 0x2A2B, 0x292A, 0x2929, 0x2B2A,
    0x2929, 0x2A29, 0x2929, 0x2A29, 0x292A, 0x2929, 0x2929, 0x292A, 0x262A, 0x2929, 0x2929, 0x292A,
    0x2A26, 0x2929, 0x2929, 0x2626, 0x2929, 0x2929, 0x2929, 0x2929, 0x2929, 0x2929, 0x262A, 0x2929,
    0x2929, 0x2929, 0x2929, 0x2929, 0x2B2B, 0x2726, 0x0026, 0x0000, 0x2A2A, 0x2727, 0x0026, 0x0000,
    0x2A29, 0x2726, 0x0026, 0x0000, 0x2629, 0x2626, 0x0000, 0x0000, 0x2A26, 0x262A, 0x0000, 0x0000,
    0x2929, 0x2626, 0x0000, 0x0000, 0x2929, 0x2626, 0x0000, 0x0000, 0x2929, 0x2626, 0x0000, 0x0000,
    0x0101, 0x0101, 0x0101, 0x0101, 0x0101, 0x0101, 0x0101, 0x0101, 0x0101, 0x0101, 0x0101, 0x0101,
    0x0101, 0x0101, 0x0101, 0x0101, 0x0101, 0x0101, 0x0101, 0x0101, 0x0101, 0x0101, 0x0101, 0x0101,
    0x0101, 0x0101, 0x0101, 0x0101, 0x0101, 0x0101, 0x0101, 0x0101, 0x0101, 0x0101, 0x0101, 0x0101,
    0x0101, 0x0101, 0x0101, 0x0101, 0x0101, 0x0101, 0x0101, 0x0101, 0x0101, 0x0101, 0x0101, 0x0101,
    0x0101, 0x0101, 0x0101, 0x0101, 0x0101, 0x0101, 0x0101, 0x0101, 0x0101, 0x0101, 0x0101, 0x0101,
    0x0101, 0x0101, 0x0101, 0x0101, 0x0000, 0x0000, 0x0000, 0x0000, 0x0000, 0x0000, 0x0000, 0x0000,
    0x0000, 0x0000, 0x0000, 0x0000, 0x0000, 0x0000, 0x0000, 0x0000, 0x0000, 0x0000, 0x0000, 0x0000,
    0x0000, 0x0000, 0x0000, 0x2600, 0x0000, 0x0000, 0x0000, 0x2726, 0x0000, 0x0000, 0x2600, 0x2F2F,
    0x0000, 0x0000, 0x0000, 0x0000, 0x0000, 0x0000, 0x0000, 0x0000, 0x0000, 0x0000, 0x0000, 0x0000,
    0x0000, 0x0000, 0x0000, 0x0000, 0x2600, 0x2626, 0x2626, 0x2626, 0x2726, 0x2F2F, 0x2F2F, 0x2F2F,
    0x2F2F, 0x2F2F, 0x012F, 0x2F2F, 0x2F2F, 0x2F2F, 0x2F01, 0x2F2F, 0x0000, 0x0000, 0x0000, 0x0000,
    0x0000, 0x0000, 0x0000, 0x0000, 0x0000, 0x0000, 0x0000, 0x0000, 0x0000, 0x0000, 0x0000, 0x0000,
    0x2626, 0x2626, 0x0000, 0x0000, 0x2F2F, 0x2F2F, 0x2626, 0x0000, 0x2F2F, 0x2F2F, 0x2727, 0x2626,
    0x2F2F, 0x2F2F, 0x2F27, 0x272F, 0x0000, 0x0000, 0x0000, 0x0000, 0x0000, 0x0000, 0x0000, 0x0000,
    0x0000, 0x0000, 0x0000, 0x0000, 0x0000, 0x0000, 0x0000, 0x0000, 0x0000, 0x0000, 0x0000, 0x0000,
    0x0000, 0x0000, 0x0000, 0x0000, 0x0000, 0x0000, 0x0000, 0x0000, 0x0026, 0x0000, 0x0000, 0x0000,
    0x0000, 0x0000, 0x0000, 0x0000, 0x0000, 0x0000, 0x0000, 0x0000, 0x0000, 0x0000, 0x0000, 0x0000,
    0x0000, 0x0000, 0x0000, 0x0000, 0x0000, 0x0000, 0x0000, 0x0000, 0x0000, 0x0000, 0x0000, 0x0000,
    0x0000, 0x0000, 0x0000, 0x2600, 0x0000, 0x0000, 0x0000, 0x2600, 0x0000, 0x0000, 0x0000, 0x2600,
    0x0000, 0x0000, 0x0000, 0x2600, 0x0000, 0x0000, 0x2600, 0x2626, 0x0000, 0x2626, 0x9B26, 0x269F,
    0x2600, 0x9F9F, 0x9B9B, 0x9F9F, 0x3126, 0x9F31, 0x9B9B, 0x9F9F, 0x319F, 0x3131, 0x9F9F, 0x3131,
    0x319F, 0x3131, 0x9F9F, 0x3131, 0x2627, 0x2828, 0x2628, 0x2A29, 0x2626, 0x2727, 0x2926, 0x2929,
    0x2626, 0x2627, 0x2A26, 0x2929, 0x269F, 0x9F26, 0x269F, 0x292A, 0x9F26, 0x9B9F, 0x9F9B, 0x269F,
    0x269B, 0x9B9B, 0x9B9B, 0x319F, 0x9F9F, 0x9B26, 0x9F9B, 0x9F9F, 0x9F9F, 0x2631, 0x9F9F, 0x269F,
    0x2A2A, 0x262A, 0x2727, 0x2726, 0x2929, 0x2A29, 0x2626, 0x2726, 0x2929, 0x2629, 0x269F, 0x9F26,
    0x2929, 0x262A, 0x9F9F, 0x9F26, 0x2A26, 0x3126, 0x9B9F, 0x9F26, 0x2631, 0x3131, 0x9B9F, 0x9F26,
    0x3126, 0x9F26, 0x9F9F, 0x3126, 0x3131, 0x2626, 0x9F9F, 0x3126, 0x0026, 0x0026, 0x0000, 0x0000,
    0x0026, 0x0000, 0x0000, 0x0000, 0x2626, 0x2626, 0x0000, 0x0000, 0x9B9B, 0x9F9F, 0x0026, 0x0000,
    0x9B9B, 0x9F9F, 0x269F, 0x0000, 0x9B9B, 0x3131, 0x9F9F, 0x0026, 0x9F9F, 0x3131, 0x9F9F, 0x0026,
    0x9F9F, 0x3131, 0x9F9F, 0x0026, 0x0000, 0x0000, 0x0000, 0x0000, 0x0000, 0x0000, 0x0000, 0x0000,
    0x0000, 0x0000, 0x0000, 0x0000, 0x0000, 0x0000, 0x0000, 0x0000, 0x0000, 0x0000, 0x0000, 0x0000,
    0x0000, 0x0000, 0x0000, 0x0000, 0x0000, 0x0000, 0x0000, 0x0000, 0x0000, 0x0000, 0x0000, 0x0000,
    0x0000, 0x2600, 0x9B9F, 0x319F, 0x0000, 0x2600, 0x9B9F, 0x9F9F, 0x0000, 0x3126, 0x9F9F, 0x3131,
    0x0000, 0x3126, 0x9F9F, 0x3131, 0x0000, 0x3126, 0x319F, 0x3131, 0x0000, 0x9F26, 0x9F9B, 0x3131,
    0x0000, 0x9F26, 0x9F9B, 0x9F9F, 0x0000, 0x9F26, 0x9F9B, 0x9F9F, 0x3131, 0x269F, 0x0000, 0x3126,
    0x9B9F, 0x269B, 0x0000, 0x3126, 0x9B9F, 0x0026, 0x2600, 0x9F9F, 0x9F31, 0x0026, 0x2600, 0x9F9F,
    0x9F31, 0x0026, 0x9F26, 0x9F9F, 0x9F31, 0x0026, 0x3126, 0x3131, 0x9B9B, 0x0026, 0x3126, 0x3131,
    0x9B9B, 0x2626, 0x3131, 0x3131, 0x9F9F, 0x3131, 0x3131, 0x9F9F, 0x9F9F, 0x3131, 0x9F31, 0x9F9F,
    0x9B9B, 0x9F9F, 0x9B9F, 0x9B9B, 0x9B9B, 0x9F9F, 0x9B9F, 0x9B9B, 0x9B9B, 0x9F9F, 0x9B9F, 0x9B9B,
    0x9F9F, 0x3131, 0x9F31, 0x9F9F, 0x9F9F, 0x3131, 0x9F31, 0x9F9F, 0x9F9F, 0x3131, 0x9F31, 0x9F9F,
    0x3131, 0x2631, 0x9F9F, 0x3131, 0x3131, 0x2631, 0x9F9F, 0x3131, 0x9F9F, 0x269F, 0x9B9B, 0x9F9F,
    0x329F, 0x9B26, 0x9B9B, 0x9F9F, 0x9F9F, 0x9B26, 0x9B9B, 0x3131, 0x3131, 0x9F26, 0x9F9F, 0x3131,
    0x3131, 0x9F26, 0x9F9F, 0x3131, 0x3131, 0x9F26, 0x9F9F, 0x3131, 0x3131, 0x9F9F, 0x3126, 0x9F9F,
    0x3131, 0x9F9F, 0x3126, 0x9B9B, 0x9B9F, 0x9B9B, 0x9F26, 0x9B9B, 0x9B9F, 0x9B9B, 0x9F26, 0x9B9B,
    0x3131, 0x9F9F, 0x3126, 0x9F31, 0x3131, 0x9F9F, 0x3126, 0x9F31, 0x3131, 0x9F9F, 0x269F, 0x9F31,
    0x3131, 0x9B9B, 0x269B, 0x9B31, 0x2631, 0x0000, 0x0000, 0x0000, 0x269F, 0x0000, 0x0000, 0x0000,
    0x9F9F, 0x0026, 0x0000, 0x0000, 0x319F, 0x0026, 0x0000, 0x0000, 0x319F, 0x0026, 0x0000, 0x0000,
    0x319F, 0x0026, 0x0000, 0x0000, 0x319F, 0x0026, 0x0000, 0x0000, 0x9F9B, 0x0026, 0x0000, 0x0000,
    0x0000, 0x0000, 0x0000, 0x0000, 0x0000, 0x0000, 0x0000, 0x0000, 0x0000, 0x0000, 0x0000, 0x0000,
    0x0000, 0x0000, 0x0000, 0x0000, 0x0000, 0x0000, 0x0000, 0x0000, 0x0000, 0x0000, 0x0000, 0x0000,
    0x0000, 0x0000, 0x0000, 0x0000, 0x0000, 0x0000, 0x0000, 0x0000, 0x0000, 0x2626, 0x3126, 0x3131,
    0x0000, 0x2626, 0x3126, 0x3131, 0x0000, 0x2626, 0x3126, 0x3131, 0x0000, 0x2626, 0x3126, 0x3131,
    0x2600, 0x2626, 0x3126, 0x3131, 0x2600, 0x2626, 0x3126, 0x3131, 0x2626, 0x2626, 0x3131, 0x3131,
    0x2626, 0x2626, 0x3131, 0x3131, 0x3131, 0x3131, 0x3131, 0x0000, 0x3131, 0x3131, 0x2631, 0x0000,
    0x3131, 0x3131, 0x2631, 0x0000, 0x3131, 0x3131, 0x2631, 0x0000, 0x3131, 0x3131, 0x0026, 0x0000,
    0x3131, 0x3131, 0x0026, 0x0000, 0x3131, 0x3131, 0x0026, 0x0000, 0x3131, 0x3131, 0x0026, 0x0000,
    0x0000, 0x2600, 0x2626, 0x3131, 0x0000, 0x2600, 0x2626, 0x3131, 0x0000, 0x2600, 0x2626, 0x3131,
    0x0000, 0x2600, 0x2626, 0x3131, 0x0000, 0x0000, 0x2626, 0x3131, 0x0000, 0x0000, 0x2626, 0x3131,
    0x0000, 0x0000, 0x2626, 0x3131, 0x0000, 0x0000, 0x2626, 0x3131, 0x3131, 0x3131, 0x3131, 0x0026,
    0x3131, 0x3131, 0x3131, 0x0026, 0x3131, 0x3131, 0x2631, 0x0000, 0x3131, 0x3131, 0x2631, 0x0000,
    0x3131, 0x3131, 0x2631, 0x0000, 0x3131, 0x3131, 0x2631, 0x0000, 0x3131, 0x3131, 0x3131, 0x0026,
    0x3131, 0x3131, 0x3131, 0x0026, 0x0000, 0x0000, 0x2626, 0x3126, 0x0000, 0x0000, 0x2626, 0x3126,
    0x0000, 0x0000, 0x2626, 0x3131, 0x0000, 0x0000, 0x2626, 0x3131, 0x0000, 0x2600, 0x2626, 0x3131,
    0x0000, 0x2600, 0x2626, 0x3131, 0x0000, 0x2600, 0x2626, 0x3131, 0x0000, 0x2600, 0x2626, 0x3131,
    0x3131, 0x3131, 0x0026, 0x0000, 0x3131, 0x3131, 0x0026, 0x0000, 0x3131, 0x2631, 0x0000, 0x0000,
    0x3131, 0x2631, 0x0000, 0x0000, 0x3131, 0x2631, 0x0000, 0x0000, 0x3131, 0x2631, 0x0000, 0x0000,
    0x3131, 0x0026, 0x0000, 0x0000, 0x3131, 0x0026, 0x0000, 0x0000, 0x0000, 0x0000, 0x0000, 0x0000,
    0x0000, 0x0000, 0x0000, 0x0000, 0x0000, 0x0000, 0x0000, 0x0000, 0x0000, 0x0000, 0x0000, 0x0000,
    0x0000, 0x0000, 0x0000, 0x0000, 0x0000, 0x0000, 0x0000, 0x0000, 0x0000, 0x0000, 0x0000, 0x0000,
    0x0000, 0x0000, 0x0000, 0x0000, 0x0000, 0x2600, 0x2626, 0x3131, 0x0000, 0x2600, 0x2626, 0x3131,
    0x0000, 0x2600, 0x2626, 0x3131, 0x0000, 0x2600, 0x3126, 0x3131, 0x0000, 0x2600, 0x3126, 0x3131,
    0x0000, 0x2600, 0x3126, 0x3131, 0x0000, 0x2600, 0x3126, 0x3131, 0x0000, 0x2600, 0x3126, 0x3131,
    0x3131, 0x3131, 0x0026, 0x0000, 0x3131, 0x3131, 0x0026, 0x0000, 0x3131, 0x3131, 0x0026, 0x0000,
    0x3131, 0x2631, 0x0000, 0x0000, 0x3131, 0x2631, 0x0000, 0x0000, 0x3131, 0x2631, 0x0000, 0x0000,
    0x3131, 0x2631, 0x0000, 0x0000, 0x3131, 0x2631, 0x0000, 0x0000, 0x0000, 0x0000, 0x0000, 0x0000,
    0x0000, 0x0000, 0x0000, 0x0000, 0x0000, 0x0000, 0x0000, 0x0000, 0x0000, 0x0000, 0x0000, 0x0000,
    0x0000, 0x0000, 0x0000, 0x0000, 0x0000, 0x0000, 0x0000, 0x0000, 0x0000, 0x0000, 0x0000, 0x0000,
    0x0000, 0x0000, 0x0000, 0x0000, 0x2F2F, 0x262F, 0x2727, 0x2B26, 0x2F27, 0x2727, 0x2627, 0x2B2B,
    0x272F, 0x2727, 0x2626, 0x2626, 0x2827, 0x2627, 0x0126, 0x282F, 0x2826, 0x262F, 0x2F28, 0x2F28,
    0x2726, 0x2627, 0x2A2A, 0x2A2A, 0x2F26, 0x2627, 0x292A, 0x2929, 0x2F26, 0x2627, 0x2929, 0x2929,
    0x2A2B, 0x292A, 0x2929, 0x2B2A, 0x2929, 0x2A29, 0x2929, 0x2A29, 0x2A26, 0x2929, 0x2929, 0x262A,
    0x2601, 0x2929, 0x2929, 0x0126, 0x2A01, 0x2929, 0x2929, 0x2826, 0x2929, 0x2929, 0x2929, 0x2929,
    0x2929, 0x2929, 0x262A, 0x2929, 0x2929, 0x2929, 0x2929, 0x2929, 0x2B2B, 0x2726, 0x0026, 0x0000,
    0x2626, 0x2727, 0x0026, 0x0000, 0x0128, 0x2726, 0x0026, 0x0000, 0x0128, 0x2626, 0x0000, 0x0000,
    0x2A2A, 0x262A, 0x0000, 0x0000, 0x2929, 0x2626, 0x0000, 0x0000, 0x2929, 0x2626, 0x0000, 0x0000,
    0x2929, 0x2626, 0x0000, 0x0000, 0x0101, 0x0101, 0x0101, 0x0101, 0x0101, 0x0101, 0x0101, 0x0101,
    0x0101, 0x0101, 0x0101, 0x0101, 0x0101, 0x0101, 0x0101, 0x0101, 0x0101, 0x0101, 0x0101, 0x0101,
    0x0101, 0x0101, 0x0101, 0x0101, 0x0101, 0x0101, 0x0101, 0x0101, 0x0101, 0x0101, 0x0101, 0x0101,
    0x0101, 0x0101, 0x0101, 0x0101, 0x0101, 0x0101, 0x0101, 0x0101, 0x0101, 0x0101, 0x0101, 0x0101,
    0x0101, 0x0101, 0x0101, 0x0101, 0x0101, 0x0101, 0x0101, 0x0101, 0x0101, 0x0101, 0x0101, 0x0101,
    0x0101, 0x0101, 0x0101, 0x0101, 0x0101, 0x0101, 0x0101, 0x0101, 0x0000, 0x0000, 0x2F26, 0x2F2F,
    0x0000, 0x2600, 0x2F2F, 0x272F, 0x0000, 0x2726, 0x2F2F, 0x2F27, 0x0000, 0x2F26, 0x2F2F, 0x2F28,
    0x2600, 0x2F27, 0x282F, 0x2F2F, 0x2600, 0x2F2F, 0x2727, 0x2F2F, 0x2600, 0x2F2F, 0x272F, 0x272F,
    0x2600, 0x2F27, 0x2727, 0x2F2F, 0x2F2F, 0x2F2F, 0x2F2F, 0x2F27, 0x2F2F, 0x2F2F, 0x2728, 0x2F2F,
    0x2F2F, 0x282F, 0x2F2F, 0x2F2F, 0x2F2F, 0x2F28, 0x2F2F, 0x2F2F, 0x282F, 0x2F2F, 0x2F2F, 0x2F2F,
    0x2F27, 0x2F2F, 0x2F2F, 0x272F, 0x2F2F, 0x2F2F, 0x2F2F, 0x2626, 0x2F2F, 0x2F2F, 0x2626, 0x2626,
    0x2F2F, 0x2F2F, 0x2F2F, 0x2F2F, 0x2F2F, 0x272F, 0x2F2F, 0x272F, 0x2F2F, 0x2F28, 0x2F2F, 0x2627,
    0x2827, 0x2F27, 0x272F, 0x2A26, 0x2728, 0x2F2F, 0x2627, 0x2929, 0x2726, 0x272F, 0x2926, 0x2629,
    0x2626, 0x2626, 0x292A, 0x2626, 0x2626, 0x2A26, 0x2929, 0x2626, 0x262F, 0x0000, 0x0000, 0x0000,
    0x2726, 0x0026, 0x0000, 0x0000, 0x262A, 0x2627, 0x0000, 0x0000, 0x2629, 0x262F, 0x0000, 0x0000,
    0x2A29, 0x2F26, 0x0026, 0x0000, 0x2626, 0x2F26, 0x0026, 0x0000, 0x2B26, 0x2F26, 0x0026, 0x0000,
    0x2B2B, 0x2F26, 0x0026, 0x0000, 0x0000, 0x0000, 0x0000, 0x9B26, 0x0000, 0x0000, 0x0000, 0x9B26,
    0x0000, 0x0000, 0x0000, 0x9B26, 0x0000, 0x0000, 0x0000, 0x9F26, 0x0000, 0x0000, 0x0000, 0x9F26,
    0x0000, 0x0000, 0x0000, 0x9F26, 0x0000, 0x0000, 0x0000, 0x9B26, 0x0000, 0x0000, 0x0000, 0x9B26,
    0x9F9B, 0x3131, 0x9F9F, 0x3131, 0x9F9B, 0x9F9F, 0x9B9B, 0x9F9F, 0x9F9B, 0x9F9F, 0x9B9B, 0x9F9F,
    0x9F9B, 0x9F9F, 0x9B9B, 0x9F9F, 0x319F, 0x3131, 0x9F9F, 0x3131, 0x319F, 0x3131, 0x9F9F, 0x3131,
    0x319F, 0x3131, 0x319F, 0x3131, 0x9F9B, 0x9B9F, 0x9F9B, 0x269F, 0x9F9F, 0x3131, 0x9F26, 0x9F26,
    0x9B9B, 0x9F9F, 0x269F, 0x9F9F, 0x9B9B, 0x9F9F, 0x9B9F, 0x9B9B, 0x9B9B, 0x9F9F, 0x9B9F, 0x9B9B,
    0x9F9F, 0x9F31, 0x9B9F, 0x9B9B, 0x9F9F, 0x3131, 0x9F31, 0x9F9F, 0x9F9F, 0x3131, 0x9F31, 0x9F9F,
    0x9F9F, 0x3131, 0x9F31, 0x9F9F, 0x3131, 0x9F26, 0x9F26, 0x3126, 0x3231, 0x9F26, 0x269F, 0x9F9F,
    0x9F9F, 0x9B26, 0x9B9B, 0x9F9F, 0x9F9F, 0x9B26, 0x9B9B, 0x9F9F, 0x9F9F, 0x9B26, 0x9B9B, 0x319F,
    0x3131, 0x2631, 0x9F9F, 0x3131, 0x3131, 0x2631, 0x9F9F, 0x3131, 0x3131, 0x2631, 0x9F9F, 0x319F,
    0x9F9F, 0x3131, 0x9B9B, 0x0026, 0x9B9B, 0x9F9F, 0x9B9B, 0x0026, 0x9B9B, 0x9F9F, 0x9F9B, 0x0026,
    0x9B9B, 0x3126, 0x9F31, 0x0026, 0x9F31, 0x3126, 0x9F31, 0x0026, 0x9F31, 0x3126, 0x9F31, 0x0026,
    0x9F31, 0x269B, 0x9F31, 0x0026, 0x9B31, 0x269B, 0x9B9F, 0x0026, 0x0000, 0x0000, 0x0000, 0x0000,
    0x0000, 0x0000, 0x0000, 0x0000, 0x0000, 0x0000, 0x0000, 0x0000, 0x0000, 0x0000, 0x0000, 0x0000,
    0x0000, 0x0000, 0x0000, 0x0000, 0x0000, 0x0000, 0x0000, 0x0000, 0x0000, 0x0000, 0x0000, 0x0000,
    0x0000, 0x0000, 0x0000, 0x0000, 0x0000, 0x3126, 0x319F, 0x9F9F, 0x0000, 0x3126, 0x319F, 0x3131,
    0x0000, 0x3126, 0x319F, 0x3131, 0x0000, 0x9F26, 0x319B, 0x9F31, 0x0000, 0x9F26, 0x9F9B, 0x9F9F,
    0x0000, 0x2626, 0x9F26, 0x9F9F, 0x0000, 0x9F26, 0x269F, 0x2626, 0x0000, 0x9F26, 0x9F9F, 0x9F9F,
    0x269B, 0x2600, 0x9F9F, 0x9F9F, 0x269F, 0x2600, 0x9F9F, 0x9B9F, 0x269F, 0x3126, 0x3131, 0x9F31,
    0x269B, 0x3126, 0x3131, 0x9F31, 0x269B, 0x9F26, 0x3131, 0x9F31, 0x269B, 0x9F26, 0x3131, 0x9F31,
    0x269B, 0x9F26, 0x9F9F, 0x9B9F, 0x2626, 0x9B26, 0x9F9F, 0x9B9B, 0x9B9B, 0x9F9F, 0x9B9F, 0x9B9B,
    0x9B9B, 0x9F9F, 0x9B9F, 0x9B9B, 0x9F9F, 0x3131, 0x9B9F, 0x9B9B, 0x9F9F, 0x3131, 0x9F31, 0x9F9F,
    0x9F9F, 0x3131, 0x9F31, 0x9F9F, 0x9F9F, 0x3131, 0x9F31, 0x9F9F, 0x9B9B, 0x9F9F, 0x9B9F, 0x9B9B,
    0x9B9B, 0x9F9F, 0x9B9F, 0x9B9B, 0x9F9F, 0x9B26, 0x9B9B, 0x9F9F, 0x9F9F, 0x9B26, 0x9B9B, 0x9F9F,
    0x329F, 0x9B9F, 0x9B9B, 0x9F9F, 0x3131, 0x9F31, 0x9F9F, 0x3131, 0x3131, 0x9F26, 0x9F9F, 0x3131,
    0x3131, 0x9F26, 0x9F9F, 0x319F, 0x9F9F, 0x9B26, 0x9B9B, 0x9F9B, 0x9F9F, 0x9B26, 0x9B9B, 0x9F9B,
    0x9F9F, 0x9B9B, 0x269B, 0x9B9F, 0x9F9F, 0x9B9B, 0x269B, 0x9B9F, 0x9F9F, 0x9F9B, 0x269F, 0x3131,
    0x3131, 0x9F9F, 0x269F, 0x3131, 0x3131, 0x9F9F, 0x269F, 0x3131, 0x3131, 0x9F9F, 0x9F9B, 0x9F26,
    0x9F9F, 0x9B9B, 0x9F9B, 0x9F26, 0x9F9F, 0x9B9B, 0x9F9B, 0x2626, 0x9F9B, 0x0026, 0x0000, 0x0000,
    0x9F9B, 0x0026, 0x0000, 0x0000, 0x9F9F, 0x2631, 0x0000, 0x0000, 0x9F9F, 0x2631, 0x0000, 0x0000,
    0x9F9F, 0x2631, 0x0000, 0x0000, 0x9B9B, 0x269F, 0x0026, 0x0000, 0x269B, 0x2626, 0x0026, 0x0000,
    0x9F26, 0x9F9F, 0x0026, 0x0000, 0x0000, 0x0000, 0x0000, 0x2600, 0x0000, 0x0000, 0x0000, 0x2600,
    0x0000, 0x0000, 0x0000, 0x2626, 0x0000, 0x0000, 0x0000, 0x2626, 0x0000, 0x0000, 0x0000, 0x2626,
    0x0000, 0x0000, 0x0000, 0x2626, 0x0000, 0x0000, 0x2600, 0x2626, 0x0000, 0x0000, 0x2600, 0x2626,
    0x2626, 0x3126, 0x3131, 0x3131, 0x2626, 0x3126, 0x3131, 0x3131, 0x2626, 0x2626, 0x3131, 0x3131,
    0x2626, 0x2626, 0x2626, 0x3131, 0x2626, 0x3131, 0x3131, 0x3131, 0x3126, 0x3131, 0x3131, 0x3131,
    0x3126, 0x3131, 0x3131, 0x3131, 0x3126, 0x3131, 0x3131, 0x3131, 0x3131, 0x2631, 0x0000, 0x0000,
    0x3131, 0x2631, 0x0000, 0x0000, 0x3131, 0x0026, 0x0000, 0x0000, 0x3131, 0x0026, 0x0000, 0x0000,
    0x3131, 0x0026, 0x0000, 0x0000, 0x2631, 0x0000, 0x0000, 0x0000, 0x2631, 0x0000, 0x0000, 0x0000,
    0x2631, 0x0000, 0x0000, 0x0000, 0x0000, 0x0000, 0x2626, 0x3126, 0x0000, 0x0000, 0x2626, 0x3126,
    0x0000, 0x0000, 0x2626, 0x2626, 0x0000, 0x0000, 0x2626, 0x2626, 0x0000, 0x0000, 0x2626, 0x2626,
    0x0000, 0x2600, 0x2626, 0x2626, 0x0000, 0x2600, 0x2626, 0x3126, 0x0000, 0x2600, 0x2626, 0x3131,
    0x3131, 0x3131, 0x3131, 0x0026, 0x3131, 0x3131, 0x3131, 0x0026, 0x3131, 0x3131, 0x3131, 0x0026,
    0x3131, 0x2631, 0x3131, 0x0026, 0x2626, 0x3126, 0x3131, 0x0026, 0x2626, 0x3126, 0x3131, 0x0026,
    0x3131, 0x3131, 0x3131, 0x0026, 0x3131, 0x3131, 0x3131, 0x0026, 0x0000, 0x2600, 0x3126, 0x3131,
    0x0000, 0x2600, 0x3126, 0x3131, 0x0000, 0x2626, 0x3126, 0x3131, 0x0000, 0x2626, 0x3126, 0x2626,
    0x0000, 0x2626, 0x2626, 0x2F2F, 0x2600, 0x2627, 0x262A, 0x2F2F, 0x2600, 0x2727, 0x2F26, 0x2F2F,
    0x2600, 0x2727, 0x2F27, 0x2F2F, 0x3131, 0x0026, 0x0000, 0x0000, 0x2631, 0x0000, 0x0000, 0x0000,
    0x2631, 0x0000, 0x0000, 0x0000, 0x2626, 0x0000, 0x0000, 0x0000, 0x262F, 0x0000, 0x0000, 0x0000,
    0x262F, 0x0000, 0x0000, 0x0000, 0x262F, 0x0000, 0x0000, 0x0000, 0x262F, 0x0000, 0x0000, 0x0000,
    0x0000, 0x0000, 0x0000, 0x0000, 0x0000, 0x0000, 0x0000, 0x0000, 0x0000, 0x0000, 0x0000, 0x0000,
    0x0000, 0x0000, 0x0000, 0x0000, 0x0000, 0x0000, 0x0000, 0x0000, 0x0000, 0x0000, 0x0000, 0x0000,
    0x0000, 0x0000, 0x0000, 0x0000, 0x0000, 0x0000, 0x0000, 0x0000, 0x0000, 0x2600, 0x3126, 0x3131,
    0x0000, 0x2600, 0x3126, 0x3131, 0x0000, 0x2600, 0x3126, 0x3131, 0x0000, 0x2600, 0x3126, 0x3131,
    0x0000, 0x2626, 0x3126, 0x3131, 0x2600, 0x2727, 0x262F, 0x2626, 0x2600, 0x2F27, 0x262F, 0x262A,
    0x2600, 0x2F27, 0x2F2F, 0x2F26, 0x3131, 0x2631, 0x0000, 0x0000, 0x3131, 0x0026, 0x0000, 0x0000,
    0x3131, 0x0026, 0x0000, 0x0000, 0x3131, 0x0026, 0x0000, 0x0000, 0x3131, 0x0026, 0x0000, 0x0000,
    0x2626, 0x0026, 0x0000, 0x0000, 0x262F, 0x0000, 0x0000, 0x0000, 0x262F, 0x0000, 0x0000, 0x0000,
    0x0101, 0x0101, 0x0101, 0x0101, 0x0101, 0x0101, 0x0101, 0x0101, 0x0101, 0x0101, 0x0101, 0x0101,
    0x0101, 0x0101, 0x0101, 0x0101, 0x0101, 0x0101, 0x0101, 0x0101, 0x0101, 0x0101, 0x0101, 0x0101,
    0x0101, 0x0101, 0x0101, 0x0101, 0x0101, 0x0101, 0x0101, 0x0101, 0x2F2F, 0x262F, 0x2727, 0x2B26,
    0x2F27, 0x2727, 0x2627, 0x2B2B, 0x272F, 0x2727, 0x2A26, 0x2A2A, 0x2827, 0x2627, 0x2626, 0x2828,
    0x2826, 0x262F, 0x2F28, 0x2F28, 0x2726, 0x2627, 0x2A2A, 0x2A2A, 0x2F26, 0x2627, 0x292A, 0x2929,
    0x2F26, 0x2627, 0x2929, 0x2929, 0x2A2B, 0x292A, 0x2929, 0x2B2A, 0x2929, 0x2A29, 0x2929, 0x2A29,
    0x2A26, 0x2929, 0x2929, 0x262A, 0x2601, 0x2929, 0x2929, 0x0126, 0x2A01, 0x2929, 0x2929, 0x2826,
    0x2929, 0x2929, 0x2929, 0x2929, 0x2929, 0x2929, 0x262A, 0x2929, 0x2929, 0x2929, 0x2929, 0x2929,
    0x2B2B, 0x2726, 0x0026, 0x0000, 0x2A2A, 0x2727, 0x0026, 0x0000, 0x2626, 0x2726, 0x0026, 0x0000,
    0x0128, 0x2626, 0x0000, 0x0000, 0x2A2A, 0x262A, 0x0000, 0x0000, 0x2929, 0x2626, 0x0000, 0x0000,
    0x2929, 0x2626, 0x0000, 0x0000, 0x2929, 0x2626, 0x0000, 0x0000, 0x0101, 0x0101, 0x0101, 0x0101,
    0x0101, 0x0101, 0x0101, 0x0101, 0x0101, 0x0101, 0x0101, 0x0101, 0x0101, 0x0101, 0x0101, 0x0101,
    0x0101, 0x0101, 0x0101, 0x0101, 0x0101, 0x0101, 0x0101, 0x0101, 0x0101, 0x0101, 0x0101, 0x0101,
    0x0101, 0x0101, 0x0101, 0x0101, 0x0101, 0x0101, 0x0101, 0x0101, 0x0101, 0x0101, 0x0101, 0x0101,
    0x0101, 0x0101, 0x0101, 0x0101, 0x0101, 0x0101, 0x0101, 0x0101, 0x0101, 0x0101, 0x0101, 0x0101,
    0x0101, 0x0101, 0x0101, 0x0101, 0x0101, 0x0101, 0x0101, 0x0101, 0x0101, 0x0101, 0x0101, 0x0101,
    0x2600, 0x2727, 0x272F, 0x2F2F, 0x2600, 0x2727, 0x2F27, 0x2F27, 0x2600, 0x2727, 0x282F, 0x2727,
    0x2600, 0x2728, 0x2727, 0x2727, 0x0000, 0x2726, 0x2728, 0x2727, 0x0000, 0x2826, 0x2728, 0x2827,
    0x0000, 0x2726, 0x2728, 0x2628, 0x0000, 0x2826, 0x2828, 0x2828, 0x2F2F, 0x262F, 0x2727, 0x2B26,
    0x2F27, 0x2727, 0x2627, 0x2B2B, 0x272F, 0x2727, 0x2626, 0x2626, 0x2827, 0x2627, 0x0126, 0x282F,
    0x2826, 0x262F, 0x2F28, 0x2F28, 0x2726, 0x2627, 0x2A2A, 0x2A2A, 0x2F26, 0x2627, 0x292A, 0x2929,
    0x2F26, 0x2627, 0x2929, 0x2929, 0x2A2B, 0x292A, 0x2929, 0x2B2A, 0x2929, 0x2A29, 0x2929, 0x2A29,
    0x2A26, 0x2929, 0x2929, 0x262A, 0x2601, 0x2929, 0x2929, 0x0126, 0x2A01, 0x2929, 0x2929, 0x2826,
    0x2929, 0x2929, 0x2929, 0x2929, 0x2929, 0x2929, 0x262A, 0x2929, 0x2929, 0x2929, 0x2929, 0x2929,
    0x2B2B, 0x2726, 0x0026, 0x0000, 0x2626, 0x2727, 0x0026, 0x0000, 0x0128, 0x2726, 0x0026, 0x0000,
    0x0128, 0x2626, 0x0000, 0x0000, 0x2A2A, 0x262A, 0x0000, 0x0000, 0x2929, 0x2626, 0x0000, 0x0000,
    0x2929, 0x2626, 0x0000, 0x0000, 0x2929, 0x2626, 0x0000, 0x0000, 0x0000, 0x0000, 0x0000, 0x9B26,
    0x0000, 0x0000, 0x2600, 0x9B31, 0x0000, 0x0000, 0x2600, 0x9F31, 0x0000, 0x0000, 0x2600, 0x9F31,
    0x0000, 0x0000, 0x2600, 0x9F31, 0x0000, 0x0000, 0x2600, 0x9B9B, 0x0000, 0x0000, 0x9B26, 0x9B9B,
    0x0000, 0x0000, 0x3126, 0x9B9B, 0x9F9F, 0x9B9F, 0x9F9B, 0x269F, 0x9F9F, 0x9B9F, 0x9F9B, 0x269F,
    0x3131, 0x9F31, 0x319F, 0x269F, 0x3131, 0x9F31, 0x319F, 0x2626, 0x3131, 0x9F31, 0x319F, 0x2626,
    0x319F, 0x9F31, 0x319F, 0x2600, 0x9F9F, 0x9B9F, 0x269B, 0x2600, 0x9F9F, 0x9B9F, 0x269B, 0x2600,
    0x9B9B, 0x9F9F, 0x9B9F, 0x9B9B, 0x9B9B, 0x9F9F, 0x9B9F, 0x9B9B, 0x9B9B, 0x9F9F, 0x9B9F, 0x9B9B,
    0x9F9F, 0x3131, 0x3131, 0x9F9F, 0x9F9F, 0x319F, 0x3131, 0x9F9F, 0x9F9F, 0x319F, 0x3131, 0x9F9F,
    0x9B9B, 0x9F9B, 0x9F9F, 0x9B9B, 0x9B9B, 0x9F9F, 0x9F9F, 0x9B9B, 0x9F9F, 0x2632, 0x9B9B, 0x9F9F,
    0x9F9F, 0x269F, 0x9B9B, 0x9F9F, 0x9F9B, 0x269F, 0x9B9B, 0x9F9F, 0x319F, 0x2631, 0x9F9F, 0x3131,
    0x319F, 0x2631, 0x9F9F, 0x3131, 0x319F, 0x2631, 0x9F9F, 0x319F, 0x9F9B, 0x269F, 0x9B9B, 0x9F9B,
    0x9F9B, 0x2632, 0x9B9B, 0x9F9B, 0x9B9F, 0x269B, 0x9B9F, 0x0026, 0x9B9F, 0x269B, 0x9B9F, 0x269B,
    0x9B9F, 0x269F, 0x9F31, 0x269F, 0x3131, 0x269F, 0x9F31, 0x269F, 0x3131, 0x269F, 0x9F31, 0x269F,
    0x3131, 0x269F, 0x9B31, 0x9F9B, 0x9F9F, 0x269B, 0x9B9F, 0x9F9B, 0x9F9F, 0x269B, 0x9B9F, 0x319B,
    0x0000, 0x0000, 0x0000, 0x0000, 0x0000, 0x0000, 0x0000, 0x0000, 0x0000, 0x0000, 0x0000, 0x0000,
    0x0000, 0x0000, 0x0000, 0x0000, 0x0000, 0x0000, 0x0000, 0x0000, 0x0026, 0x0000, 0x0000, 0x0000,
    0x0026, 0x0000, 0x0000, 0x0000, 0x0026, 0x0000, 0x0000, 0x0000, 0x2600, 0x9F9F, 0x9F9F, 0x9F9F,
    0x2600, 0x9F9F, 0x9F9F, 0x9F9F, 0x2600, 0x2626, 0x9F26, 0x9F9F, 0x2600, 0x292A, 0x2629, 0x2626,
    0x2600, 0x292A, 0x2929, 0x292A, 0x2600, 0x292A, 0x2A29, 0x2929, 0x2B26, 0x292A, 0x2626, 0x2A29,
    0x2B26, 0x262A, 0x262A, 0x262A, 0x269F, 0x2600, 0x3131, 0x9B31, 0x269F, 0x2600, 0x3126, 0x9F31,
    0x269F, 0x2600, 0x2626, 0x9F31, 0x2626, 0x2600, 0x2626, 0x9F26, 0x262A, 0x2600, 0x2626, 0x2626,
    0x0026, 0x2600, 0x2626, 0x2626, 0x0026, 0x2600, 0x2626, 0x3126, 0x0000, 0x2600, 0x2626, 0x3131,
    0x9B9B, 0x9F9F, 0x9B9F, 0x9B9B, 0x9F9F, 0x3131, 0x9F31, 0x9F9F, 0x9F9F, 0x3131, 0x9F31, 0x9F9F,
    0x9F9F, 0x3131, 0x9F31, 0x9F9F, 0x2626, 0x2626, 0x2626, 0x2626, 0x2626, 0x2626, 0x3131, 0x3131,
    0x3131, 0x3131, 0x3131, 0x3131, 0x3131, 0x3131, 0x3131, 0x3131, 0x269F, 0x9B26, 0x9B9B, 0x9F9B,
    0x2631, 0x9F26, 0x9F9F, 0x319F, 0x2631, 0x9F26, 0x9F9F, 0x319F, 0x0026, 0x2626, 0x9F9F, 0x319F,
    0x0026, 0x2600, 0x2626, 0x2626, 0x0026, 0x2600, 0x2626, 0x2626, 0x0026, 0x2600, 0x2626, 0x2626,
    0x0026, 0x2600, 0x2626, 0x3126, 0x9F9F, 0x9B9B, 0x9F9B, 0x2626, 0x3131, 0x9F9F, 0x319F, 0x9F26,
    0x3131, 0x9F9F, 0x319F, 0x9F26, 0x3131, 0x9F9F, 0x2626, 0x9F26, 0x2626, 0x2626, 0x3131, 0x2626,
    0x2626, 0x3131, 0x3131, 0x0026, 0x3131, 0x3131, 0x3131, 0x0026, 0x3131, 0x3131, 0x3131, 0x0026,
    0x9F9F, 0x9F9F, 0x0026, 0x0000, 0x9F9F, 0x9F9F, 0x0026, 0x0000, 0x9F9F, 0x269F, 0x2626, 0x0000,
    0x269F, 0x2926, 0x2629, 0x0000, 0x2A26, 0x2929, 0x2629, 0x0026, 0x2A26, 0x292A, 0x2629, 0x0026,
    0x2600, 0x2926, 0x2629, 0x0026, 0x2600, 0x2926, 0x2A26, 0x0026, 0x0000, 0x0000, 0x2600, 0x2626,
    0x0000, 0x0000, 0x2600, 0x2626, 0x0000, 0x0000, 0x2600, 0x2626, 0x0000, 0x0000, 0x2600, 0x2626,
    0x0000, 0x0000, 0x2600, 0x2626, 0x0000, 0x0000, 0x2600, 0x2626, 0x0000, 0x0000, 0x2600, 0x2626,
    0x0000, 0x0000, 0x2600, 0x2626, 0x3126, 0x3131, 0x3131, 0x3131, 0x3126, 0x3131, 0x3131, 0x3131,
    0x3126, 0x3131, 0x3131, 0x2631, 0x3131, 0x3131, 0x3131, 0x2631, 0x3131, 0x3131, 0x3131, 0x2631,
    0x3131, 0x3131, 0x3131, 0x2631, 0x3131, 0x3131, 0x3131, 0x0026, 0x3131, 0x3131, 0x3131, 0x0026,
    0x0026, 0x0000, 0x0000, 0x0000, 0x0026, 0x0000, 0x0000, 0x0000, 0x0000, 0x0000, 0x0000, 0x0000,
    0x0000, 0x0000, 0x0000, 0x0000, 0x0000, 0x0000, 0x0000, 0x0000, 0x0000, 0x0000, 0x0000, 0x0000,
    0x0000, 0x0000, 0x0000, 0x0000, 0x0000, 0x0000, 0x0000, 0x0000, 0x0000, 0x2600, 0x2626, 0x3131,
    0x0000, 0x2600, 0x2626, 0x3131, 0x0000, 0x2600, 0x2626, 0x3131, 0x0000, 0x2600, 0x2626, 0x3131,
    0x0000, 0x2600, 0x2626, 0x3131, 0x0000, 0x2600, 0x2626, 0x3131, 0x0000, 0x2600, 0x2626, 0x3131,
    0x0000, 0x2600, 0x2626, 0x3131, 0x3131, 0x3131, 0x3131, 0x0026, 0x3131, 0x3131, 0x3131, 0x0026,
    0x3131, 0x3131, 0x3131, 0x0026, 0x3131, 0x3131, 0x3131, 0x0026, 0x3131, 0x3131, 0x3131, 0x0026,
    0x3131, 0x3131, 0x3131, 0x0026, 0x3131, 0x3131, 0x3131, 0x0026, 0x3131, 0x3131, 0x2631, 0x0000,
    0x2600, 0x2F27, 0x2F27, 0x2F2F, 0x2600, 0x2F27, 0x2F27, 0x0101, 0x2600, 0x2726, 0x2727, 0x262F,
    0x2600, 0x2726, 0x2727, 0x0126, 0x2600, 0x262F, 0x2627, 0x0101, 0x2600, 0x2F2F, 0x2F26, 0x0101,
    0x2600, 0x2F2F, 0x2601, 0x0101, 0x0000, 0x2F26, 0x0101, 0x2626, 0x262F, 0x0000, 0x0000, 0x0000,
    0x2F01, 0x0026, 0x0000, 0x0000, 0x2626, 0x0026, 0x0000, 0x0000, 0x0101, 0x2601, 0x0000, 0x0000,
    0x0101, 0x0101, 0x0026, 0x0000, 0x0101, 0x0101, 0x0026, 0x0000, 0x0101, 0x0101, 0x0026, 0x0000,
    0x2626, 0x2626, 0x0026, 0x0000, 0x0000, 0x0000, 0x0000, 0x0000, 0x0000, 0x0000, 0x0000, 0x0000,
    0x0000, 0x0000, 0x0000, 0x0000, 0x0000, 0x0000, 0x0000, 0x0000, 0x0000, 0x0000, 0x0000, 0x2600,
    0x0000, 0x0000, 0x0000, 0x2F26, 0x0000, 0x0000, 0x0000, 0x2F26, 0x0000, 0x0000, 0x0000, 0x2F26,
    0x2600, 0x2F27, 0x2F2F, 0x2F27, 0x2600, 0x0101, 0x2F01, 0x2F27, 0x2726, 0x2727, 0x2F2F, 0x2F27,
    0x2626, 0x2626, 0x2727, 0x2F2F, 0x012F, 0x0101, 0x2726, 0x2F2F, 0x0101, 0x0101, 0x2601, 0x2627,
    0x0101, 0x0101, 0x0101, 0x0126, 0x0101, 0x0101, 0x2601, 0x0101, 0x262F, 0x0000, 0x0000, 0x0000,
    0x262F, 0x0000, 0x0000, 0x0000, 0x262F, 0x0000, 0x0000, 0x0000, 0x2626, 0x0000, 0x0000, 0x0000,
    0x2626, 0x0000, 0x0000, 0x0000, 0x2601, 0x0000, 0x0000, 0x0000, 0x2601, 0x0000, 0x0000, 0x0000,
    0x2601, 0x0000, 0x0000, 0x0000, 0x0101, 0x0101, 0x0101, 0x0101, 0x0101, 0x0101, 0x0101, 0x0101,
    0x0101, 0x0101, 0x0101, 0x0101, 0x0101, 0x0101, 0x0101, 0x0101, 0x0101, 0x0101, 0x0101, 0x0101,
    0x0101, 0x0101, 0x0101, 0x0101, 0x0101, 0x0101, 0x0101, 0x0101, 0x0101, 0x0101, 0x0101, 0x0101,
    0x2F2F, 0x262F, 0x2727, 0x2B26, 0x2F27, 0x2727, 0x2627, 0x2B2B, 0x272F, 0x2727, 0x2A26, 0x2B2A,
    0x2827, 0x2627, 0x2626, 0x2626, 0x2826, 0x262F, 0x2F26, 0x2F28, 0x2726, 0x2627, 0x2A2A, 0x2A2A,
    0x2F26, 0x2627, 0x292A, 0x2929, 0x2F26, 0x2627, 0x2929, 0x2929, 0x2A2B, 0x292A, 0x2929, 0x2B2A,
    0x2929, 0x2A29, 0x2929, 0x2A29, 0x292B, 0x2929, 0x2929, 0x292A, 0x2B26, 0x2929, 0x2929, 0x262A,
    0x2601, 0x2929, 0x2929, 0x2826, 0x2929, 0x2929, 0x2929, 0x2929, 0x2929, 0x2929, 0x262A, 0x2929,
    0x2929, 0x2929, 0x2929, 0x2929, 0x2B2B, 0x2726, 0x0026, 0x0000, 0x2B2B, 0x2727, 0x0026, 0x0000,
    0x262A, 0x2726, 0x0026, 0x0000, 0x0128, 0x2626, 0x0000, 0x0000, 0x2A2A, 0x262A, 0x0000, 0x0000,
    0x2929, 0x2626, 0x0000, 0x0000, 0x2929, 0x2626, 0x0000, 0x0000, 0x2929, 0x2626, 0x0000, 0x0000,
    0x0101, 0x0101, 0x0101, 0x0101, 0x0101, 0x0101, 0x0101, 0x0101, 0x0101, 0x0101, 0x0101, 0x0101,
    0x0101, 0x0101, 0x0101, 0x0101, 0x0101, 0x0101, 0x0101, 0x0101, 0x0101, 0x0101, 0x0101, 0x0101,
    0x0101, 0x0101, 0x0101, 0x0101, 0x0101, 0x0101, 0x0101, 0x0101, 0x0101, 0x0101, 0x0101, 0x0101,
    0x0101, 0x0101, 0x0101, 0x0101, 0x0101, 0x0101, 0x0101, 0x0101, 0x0101, 0x0101, 0x0101, 0x0101,
    0x0101, 0x0101, 0x0101, 0x0101, 0x0101, 0x0101, 0x0101, 0x0101, 0x0101, 0x0101, 0x0101, 0x0101,
    0x0101, 0x0101, 0x0101, 0x0101, 0x0000, 0x2600, 0x2828, 0x2827, 0x0000, 0x2600, 0x2728, 0x2827,
    0x0000, 0x2826, 0x2728, 0x2827, 0x2600, 0x2626, 0x2728, 0x2827, 0x0000, 0x0000, 0x2826, 0x2827,
    0x0000, 0x0000, 0x2826, 0x2828, 0x0000, 0x2600, 0x2727, 0x2826, 0x0000, 0x2626, 0x2626, 0x2600,
    0x2728, 0x2628, 0x292A, 0x2929, 0x2728, 0x2827, 0x2A26, 0x2929, 0x2728, 0x2728, 0x2626, 0x292A,
    0x2828, 0x2828, 0x2626, 0x2A26, 0x2728, 0x2728, 0x2626, 0x262A, 0x2828, 0x2828, 0x2628, 0x2A2A,
    0x2827, 0x2828, 0x2628, 0x2A26, 0x2827, 0x2828, 0x2627, 0x262A, 0x2929, 0x2929, 0x2929, 0x2929,
    0x2629, 0x362A, 0x2636, 0x2929, 0x2929, 0x2929, 0x2929, 0x2929, 0x2929, 0x2A29, 0x292A, 0x2929,
    0x2A26, 0x2929, 0x2929, 0x2629, 0x262A, 0x2A26, 0x2A29, 0x2826, 0x2A2A, 0x2626, 0x2626, 0x2828,
    0x2626, 0x2826, 0x2828, 0x2728, 0x2929, 0x2826, 0x0026, 0x0000, 0x2A29, 0x2726, 0x0026, 0x0000,
    0x2629, 0x2827, 0x2628, 0x0000, 0x2726, 0x2628, 0x2626, 0x0026, 0x2828, 0x0026, 0x0000, 0x0000,
    0x2828, 0x0026, 0x0000, 0x0000, 0x2826, 0x0026, 0x0000, 0x0000, 0x2626, 0x0026, 0x0000, 0x0000,
    0x0000, 0x0000, 0x3126, 0x9F9F, 0x0000, 0x0000, 0x3126, 0x319F, 0x0000, 0x0000, 0x9B26, 0x319F,
    0x0000, 0x2600, 0x9B9F, 0x9F9B, 0x0000, 0x2600, 0x9B9F, 0x9F9F, 0x0000, 0x2600, 0x9F31, 0x3131,
    0x0000, 0x2600, 0x9F31, 0x3131, 0x0000, 0x2600, 0x9F31, 0x3131, 0x3131, 0x9F31, 0x269F, 0x2600,
    0x3131, 0x9F31, 0x0026, 0x2600, 0x3131, 0x9F31, 0x0026, 0x2600, 0x9F9F, 0x9B9B, 0x0026, 0x2600,
    0x9F9F, 0x9B9B, 0x0026, 0x2600, 0x9F31, 0x269B, 0x0000, 0x2600, 0x3131, 0x269F, 0x0000, 0x2600,
    0x3131, 0x269F, 0x0000, 0x3126, 0x9F9F, 0x9F9F, 0x9F9F, 0x9B9B, 0x9F9F, 0x3131, 0x3131, 0x9F9F,
    0x9F9F, 0x3131, 0x3131, 0x9F9F, 0x9B9B, 0x9F9F, 0x3131, 0x9F9F, 0x9B9B, 0x9F9F, 0x9F9F, 0x9B9B,
    0x9B9B, 0x9F9F, 0x9F9F, 0x9B9B, 0x9B9F, 0x9F31, 0x9F9F, 0x9B9B, 0x9F9F, 0x3131, 0x3131, 0x9F9F,
    0x9F9B, 0x269F, 0x9B9B, 0x9F9B, 0x319F, 0x2631, 0x9F9F, 0x319F, 0x319F, 0x2631, 0x9F9F, 0x319F,
    0x319F, 0x2631, 0x9F9F, 0x319F, 0x9F9B, 0x269F, 0x9B9B, 0x9F9B, 0x9F9F, 0x2632, 0x9B9B, 0x9F9B,
    0x9F9F, 0x269F, 0x9B9B, 0x9F9B, 0x3131, 0x2631, 0x9F9F, 0x319F, 0x3131, 0x269F, 0x9F31, 0x319F,
    0x3131, 0x269F, 0x9F31, 0x319F, 0x3131, 0x269F, 0x9F31, 0x9B9F, 0x9F31, 0x269B, 0x9B9F, 0x9B9B,
    0x9F9F, 0x269B, 0x9B9F, 0x9B9B, 0x9F9F, 0x269B, 0x9B9F, 0x9F9B, 0x9F9F, 0x269F, 0x3131, 0x9F9F,
    0x3131, 0x269F, 0x3131, 0x9F9F, 0x0026, 0x0000, 0x0000, 0x0000, 0x0026, 0x0000, 0x0000, 0x0000,
    0x0026, 0x0000, 0x0000, 0x0000, 0x269F, 0x0000, 0x0000, 0x0000, 0x269F, 0x0000, 0x0000, 0x0000,
    0x2631, 0x0000, 0x0000, 0x0000, 0x2631, 0x0000, 0x0000, 0x0000, 0x2631, 0x0000, 0x0000, 0x0000,
    0x2B26, 0x262A, 0x2A2A, 0x2626, 0x2B26, 0x2A2B, 0x2A26, 0x262A, 0x2600, 0x2A26, 0x2629, 0x0026,
    0x0000, 0x2600, 0x2A2A, 0x0026, 0x0000, 0x0000, 0x2626, 0x0026, 0x0000, 0x0000, 0x0000, 0x0000,
    0x0000, 0x0000, 0x0000, 0x0000, 0x0000, 0x0000, 0x0000, 0x0000, 0x0000, 0x2600, 0x3126, 0x3131,
    0x0000, 0x2600, 0x3126, 0x3131, 0x0000, 0x2600, 0x3126, 0x3131, 0x0000, 0x2600, 0x3126, 0x3131,
    0x0000, 0x2600, 0x3126, 0x3131, 0x0000, 0x2600, 0x3126, 0x3131, 0x0000, 0x2600, 0x3126, 0x3131,
    0x0000, 0x2600, 0x3126, 0x3131, 0x3131, 0x3131, 0x3131, 0x3131, 0x3131, 0x3131, 0x3131, 0x3131,
    0x3131, 0x3131, 0x3131, 0x2631, 0x3131, 0x3131, 0x3131, 0x2631, 0x3131, 0x3131, 0x3131, 0x2631,
    0x3131, 0x3131, 0x3131, 0x2631, 0x3131, 0x3131, 0x3131, 0x0026, 0x3131, 0x3131, 0x3131, 0x0026,
    0x0026, 0x2600, 0x2626, 0x3131, 0x0026, 0x2600, 0x2626, 0x3131, 0x0000, 0x2600, 0x2626, 0x3131,
    0x0000, 0x2600, 0x2626, 0x3131, 0x0000, 0x2600, 0x2626, 0x3131, 0x0000, 0x2600, 0x2626, 0x3131,
    0x0000, 0x2600, 0x2626, 0x3131, 0x0000, 0x2600, 0x2626, 0x3131, 0x3131, 0x3131, 0x3131, 0x0026,
    0x3131, 0x3131, 0x3131, 0x0026, 0x3131, 0x3131, 0x3131, 0x0026, 0x3131, 0x3131, 0x3131, 0x0026,
    0x3131, 0x3131, 0x3131, 0x0026, 0x3131, 0x3131, 0x3131, 0x0026, 0x3131, 0x3131, 0x3131, 0x0026,
    0x3131, 0x3131, 0x3131, 0x0026, 0x2A26, 0x2926, 0x2A26, 0x0026, 0x2626, 0x2A26, 0x2626, 0x0000,
    0x2A26, 0x262A, 0x2626, 0x0000, 0x2A26, 0x2926, 0x262A, 0x0000, 0x2600, 0x292A, 0x0026, 0x0000,
    0x0000, 0x2626, 0x0000, 0x0000, 0x0000, 0x0000, 0x0000, 0x0000, 0x0000, 0x0000, 0x0000, 0x0000,
    0x0000, 0x0000, 0x2600, 0x2626, 0x0000, 0x0000, 0x2600, 0x2626, 0x0000, 0x0000, 0x2600, 0x2626,
    0x0000, 0x0000, 0x2626, 0x2626, 0x0000, 0x0000, 0x2626, 0x3126, 0x0000, 0x0000, 0x2626, 0x3126,
    0x0000, 0x0000, 0x2626, 0x3126, 0x0000, 0x0000, 0x2626, 0x3126, 0x3131, 0x3131, 0x3131, 0x0026,
    0x3131, 0x3131, 0x3131, 0x0026, 0x3131, 0x3131, 0x2631, 0x0000, 0x3131, 0x3131, 0x2631, 0x0000,
    0x3131, 0x3131, 0x2631, 0x0000, 0x3131, 0x3131, 0x2631, 0x0000, 0x3131, 0x3131, 0x0026, 0x0000,
    0x3131, 0x3131, 0x0026, 0x0000, 0x0000, 0x0000, 0x0000, 0x0000, 0x0000, 0x0000, 0x0000, 0x0000,
    0x0000, 0x0000, 0x0000, 0x0000, 0x0000, 0x0000, 0x0000, 0x0000, 0x0000, 0x0000, 0x0000, 0x0000,
    0x0000, 0x0000, 0x0000, 0x0000, 0x0000, 0x0000, 0x0000, 0x0000, 0x0000, 0x0000, 0x0000, 0x0000,
    0x0000, 0x2600, 0x2626, 0x3131, 0x0000, 0x2600, 0x2626, 0x3131, 0x0000, 0x2600, 0x2626, 0x3131,
    0x0000, 0x2600, 0x2626, 0x3131, 0x0000, 0x2600, 0x2626, 0x3131, 0x0000, 0x2600, 0x2626, 0x3131,
    0x0000, 0x2600, 0x2626, 0x3131, 0x0000, 0x2600, 0x2626, 0x3131, 0x3131, 0x3131, 0x2631, 0x0000,
    0x3131, 0x3131, 0x2631, 0x0000, 0x3131, 0x3131, 0x2631, 0x0000, 0x3131, 0x3131, 0x2631, 0x0000,
    0x3131, 0x3131, 0x2631, 0x0000, 0x3131, 0x3131, 0x0026, 0x0000, 0x3131, 0x3131, 0x0026, 0x0000,
    0x3131, 0x3131, 0x0026, 0x0000, 0x0000, 0x2600, 0x012F, 0x0101, 0x0000, 0x0000, 0x2F26, 0x0101,
    0x0000, 0x0000, 0x2600, 0x2626, 0x0000, 0x0000, 0x0000, 0x0000, 0x0000, 0x0000, 0x0000, 0x0000,
    0x0000, 0x0000, 0x0000, 0x0000, 0x0000, 0x0000, 0x0000, 0x0000, 0x0000, 0x0000, 0x0000, 0x0000,
    0x0101, 0x0101, 0x0026, 0x0000, 0x0101, 0x0101, 0x0026, 0x0000, 0x2626, 0x2626, 0x0000, 0x0000,
    0x0000, 0x0000, 0x0000, 0x0000, 0x0000, 0x0000, 0x0000, 0x0000, 0x0000, 0x0000, 0x0000, 0x0000,
    0x0000, 0x0000, 0x0000, 0x0000, 0x0000, 0x0000, 0x0000, 0x0000, 0x0000, 0x0000, 0x0000, 0x2626,
    0x0000, 0x0000, 0x0000, 0x2F26, 0x0000, 0x0000, 0x0000, 0x2F26, 0x0000, 0x0000, 0x0000, 0x2600,
    0x0000, 0x0000, 0x0000, 0x0000, 0x0000, 0x0000, 0x0000, 0x0000, 0x0000, 0x0000, 0x0000, 0x0000,
    0x0000, 0x0000, 0x0000, 0x0000, 0x2626, 0x2626, 0x0126, 0x0101, 0x0101, 0x0101, 0x0101, 0x2601,
    0x0101, 0x0101, 0x0101, 0x0026, 0x2626, 0x2626, 0x2626, 0x0000, 0x0000, 0x0000, 0x0000, 0x0000,
    0x0000, 0x0000, 0x0000, 0x0000, 0x0000, 0x0000, 0x0000, 0x0000, 0x0000, 0x0000, 0x0000, 0x0000,
    0x0026, 0x0000, 0x0000, 0x0000, 0x0000, 0x0000, 0x0000, 0x0000, 0x0000, 0x0000, 0x0000, 0x0000,
    0x0000, 0x0000, 0x0000, 0x0000, 0x0000, 0x0000, 0x0000, 0x0000, 0x0000, 0x0000, 0x0000, 0x0000,
    0x0000, 0x0000, 0x0000, 0x0000, 0x0000, 0x0000, 0x0000, 0x0000, 0x0101, 0x0101, 0x0101, 0x0101,
    0x0101, 0x0101, 0x0101, 0x0101, 0x0101, 0x0101, 0x0101, 0x0101, 0x0101, 0x0101, 0x0101, 0x0101,
    0x0101, 0x0101, 0x0101, 0x0101, 0x0101, 0x0101, 0x0101, 0x0101, 0x0101, 0x0101, 0x0101, 0x0101,
    0x0101, 0x0101, 0x0101, 0x0101, 0x2F2F, 0x262F, 0x2727, 0x2B26, 0x2F27, 0x2727, 0x2627, 0x2B2B,
    0x272F, 0x2727, 0x2926, 0x2929, 0x2827, 0x2627, 0x2926, 0x2929, 0x2826, 0x262F, 0x2626, 0x2626,
    0x2726, 0x2627, 0x2A2A, 0x2A2A, 0x2F26, 0x2627, 0x292A, 0x2929, 0x2F26, 0x2627, 0x2929, 0x2929,
    0x2A2B, 0x292A, 0x2929, 0x2B2A, 0x2929, 0x2A29, 0x2929, 0x2A29, 0x292A, 0x2929, 0x2929, 0x292A,
    0x262A, 0x2929, 0x2929, 0x292A, 0x2A26, 0x2929, 0x2929, 0x2626, 0x2929, 0x2929, 0x2929, 0x2929,
    0x2929, 0x2929, 0x262A, 0x2929, 0x2929, 0x2929, 0x2929, 0x2929, 0x2B2B, 0x2726, 0x0026, 0x0000,
    0x2A2A, 0x2727, 0x0026, 0x0000, 0x2A29, 0x2726, 0x0026, 0x0000, 0x2629, 0x2626, 0x0000, 0x0000,
    0x2A26, 0x262A, 0x0000, 0x0000, 0x2929, 0x2626, 0x0000, 0x0000, 0x2929, 0x2626, 0x0000, 0x0000,
    0x2929, 0x2626, 0x0000, 0x0000, 0x0101, 0x0101, 0x0101, 0x0101, 0x0101, 0x0101, 0x0101, 0x0101,
    0x0101, 0x0101, 0x0101, 0x0101, 0x0101, 0x0101, 0x0101, 0x0101, 0x0101, 0x0101, 0x0101, 0x0101,
    0x0101, 0x0101, 0x0101, 0x0101, 0x0101, 0x0101, 0x0101, 0x0101, 0x0101, 0x0101, 0x0101, 0x0101,
    0x0101, 0x0101, 0x0101, 0x0101, 0x0101, 0x0101, 0x0101, 0x0101, 0x0101, 0x0101, 0x0101, 0x0101,
    0x0101, 0x0101, 0x0101, 0x0101, 0x0101, 0x0101, 0x0101, 0x0101, 0x0101, 0x0101, 0x0101, 0x0101,
    0x0101, 0x0101, 0x0101, 0x0101, 0x0101, 0x0101, 0x0101, 0x0101, 0x0000, 0x0000, 0x0000, 0x0000,
    0x0000, 0x0000, 0x0000, 0x0000, 0x0000, 0x0000, 0x0000, 0x0000, 0x0000, 0x0000, 0x0000, 0x0000,
    0x0000, 0x0000, 0x0000, 0x0000, 0x0000, 0x0000, 0x0000, 0x2600, 0x0000, 0x0000, 0x0000, 0x2726,
    0x0000, 0x0000, 0x2600, 0x2F2F, 0x0000, 0x0000, 0x0000, 0x0000, 0x0000, 0x0000, 0x0000, 0x0000,
    0x0000, 0x0000, 0x0000, 0x0000, 0x0000, 0x0000, 0x0000, 0x0000, 0x2600, 0x2626, 0x2626, 0x2626,
    0x2726, 0x2F2F, 0x2F2F, 0x2F2F, 0x2F2F, 0x2F2F, 0x012F, 0x2F2F, 0x2F2F, 0x2F2F, 0x2F01, 0x2F2F,
    0x0000, 0x0000, 0x0000, 0x0000, 0x0000, 0x0000, 0x0000, 0x0000, 0x0000, 0x0000, 0x0000, 0x0000,
    0x0000, 0x0000, 0x0000, 0x0000, 0x2626, 0x2626, 0x0000, 0x0000, 0x2F2F, 0x2F2F, 0x2626, 0x0000,
    0x2F2F, 0x2F2F, 0x2727, 0x2626, 0x2F2F, 0x2F2F, 0x2F27, 0x272F, 0x0000, 0x0000, 0x0000, 0x0000,
    0x0000, 0x0000, 0x0000, 0x0000, 0x0000, 0x0000, 0x0000, 0x0000, 0x0000, 0x0000, 0x0000, 0x0000,
    0x0000, 0x0000, 0x0000, 0x0000, 0x0000, 0x0000, 0x0000, 0x0000, 0x0000, 0x0000, 0x0000, 0x0000,
    0x0026, 0x0000, 0x0000, 0x0000, 0x0000, 0x0000, 0x0000, 0x0000, 0x0000, 0x0000, 0x0000, 0x0000,
    0x0000, 0x0000, 0x0000, 0x0000, 0x0000, 0x0000, 0x0000, 0x0000, 0x0000, 0x0000, 0x0000, 0x0000,
    0x0000, 0x0000, 0x0000, 0x0000, 0x0000, 0x0000, 0x0000, 0x0000, 0x0000, 0x0000, 0x0000, 0x2600,
    0x0000, 0x0000, 0x0000, 0x2600, 0x0000, 0x0000, 0x0000, 0x2600, 0x0000, 0x0000, 0x2600, 0x2626,
    0x0000, 0x2600, 0x3126, 0x26A0, 0x0000, 0x3126, 0xA0A0, 0xA0A0, 0x2600, 0xA0A0, 0xA0A0, 0xA0A0,
    0xA026, 0xA0A0, 0xA0A0, 0xA0A0, 0xA031, 0xA0A0, 0xA0A0, 0xA0A0, 0x2627, 0x2828, 0x2628, 0x2A29,
    0x2626, 0x2727, 0x2926, 0x2929, 0x2626, 0x2627, 0x2926, 0x2929, 0x2626, 0x2A26, 0x2929, 0x2929,
    0x2631, 0x2626, 0x292A, 0x2929, 0xA0A0, 0x31A0, 0x2626, 0x2626, 0xA0A0, 0x26A0, 0xA133, 0xA1A1,
    0xA0A0, 0xA126, 0xA1A1, 0xA1A1, 0x2A2A, 0x262A, 0x2727, 0x2726, 0x2929, 0x2929, 0x2626, 0x2726,
    0x2929, 0x2929, 0x2629, 0x2626, 0x2929, 0x2929, 0x2929, 0x2A29, 0x2929, 0x2929, 0x262A, 0x2626,
    0x2626, 0x2626, 0x3126, 0xA0A0, 0xA1A1, 0xA1A1, 0x2633, 0xA0A0, 0xA1A1, 0xA1A1, 0xA1A1, 0xA026,
    0x0026, 0x0026, 0x0000, 0x0000, 0x0026, 0x0000, 0x0000, 0x0000, 0x2626, 0x0026, 0x0000, 0x0000,
    0x3126, 0x2631, 0x0000, 0x0000, 0xA031, 0x31A0, 0x0026, 0x0000, 0xA0A0, 0xA0A0, 0x26A0, 0x0000,
    0xA0A0, 0xA0A0, 0x31A0, 0x0026, 0xA0A0, 0xA031, 0xA0A0, 0x0026, 0x0000, 0x0000, 0x0000, 0x0000,
    0x0000, 0x0000, 0x0000, 0x0000, 0x0000, 0x0000, 0x0000, 0x0000, 0x0000, 0x0000, 0x0000, 0x0000,
    0x0000, 0x0000, 0x0000, 0x0000, 0x0000, 0x0000, 0x0000, 0x0000, 0x0000, 0x0000, 0x0000, 0x0000,
    0x0000, 0x0000, 0x0000, 0x0000, 0x0000, 0x2600, 0x292B, 0x2929, 0x0000, 0x2600, 0x292B, 0x2929,
    0x0000, 0x2600, 0x292B, 0x2929, 0x0000, 0x2600, 0x292B, 0x2929, 0x0000, 0x2600, 0x292A, 0x2929,
    0x0000, 0x2600, 0x292A, 0x2A29, 0x0000, 0x2600, 0x292A, 0x2629, 0x0000, 0x2600, 0x292A, 0x2629,
    0x2A29, 0x0026, 0x0000, 0x2600, 0x2629, 0x0000, 0x0000, 0x3126, 0x2629, 0x0000, 0x0000, 0x3126,
    0x262A, 0x0000, 0x2600, 0x3131, 0x0026, 0x0000, 0x3126, 0x3131, 0x0026, 0x0000, 0x3126, 0x3131,
    0x0000, 0x2600, 0x3131, 0x3131, 0x0000, 0x2600, 0x3131, 0x3131, 0x3131, 0x3131, 0x3126, 0x3131,
    0x3131, 0x2631, 0x3131, 0x3131, 0x3131, 0x2631, 0x3131, 0x3131, 0x3131, 0x3131, 0x3131, 0x3131,
    0x3131, 0x3131, 0x3131, 0x3131, 0x3131, 0x3126, 0x3131, 0x3131, 0x3131, 0x3126, 0x3131, 0x3131,
    0x3131, 0x3126, 0x3131, 0x3131, 0x2631, 0x3131, 0x3131, 0x3131, 0x2631, 0x3131, 0x3131, 0x3131,
    0x3131, 0x3126, 0x3131, 0x3131, 0x3131, 0x3126, 0x3131, 0x3131, 0x3131, 0x3126, 0x3131, 0x3131,
    0x3131, 0x3126, 0x3131, 0x3131, 0x3131, 0x3126, 0x3131, 0x3131, 0x3131, 0x3126, 0x3131, 0x3131,
    0x3126, 0x2A26, 0x2929, 0x2929, 0x3126, 0x2B26, 0x292A, 0x2929, 0x3126, 0x2631, 0x292A, 0x2929,
    0x2631, 0x2631, 0x292A, 0x2929, 0x2631, 0x2631, 0x292A, 0x2929, 0x2631, 0x3131, 0x2A26, 0x2929,
    0x2631, 0x3131, 0x2631, 0x2929, 0x3131, 0x3126, 0x2631, 0x2929, 0x2629, 0x0000, 0x0000, 0x0000,
    0x2629, 0x0000, 0x0000, 0x0000, 0x2629, 0x0000, 0x0000, 0x0000, 0x2929, 0x0026, 0x0000, 0x0000,
    0x2929, 0x0026, 0x0000, 0x0000, 0x2929, 0x0026, 0x0000, 0x0000, 0x2929, 0x0026, 0x0000, 0x0000,
    0x2929, 0x0026, 0x0000, 0x0000, 0x0000, 0x0000, 0x0000, 0x0000, 0x0000, 0x0000, 0x0000, 0x0000,
    0x0000, 0x0000, 0x0000, 0x0000, 0x0000, 0x0000, 0x0000, 0x0000, 0x0000, 0x0000, 0x0000, 0x0000,
    0x0000, 0x0000, 0x0000, 0x0000, 0x0000, 0x0000, 0x0000, 0x0000, 0x0000, 0x0000, 0x0000, 0x0000,
    0x0000, 0x2600, 0x2632, 0x2926, 0x0000, 0x2600, 0x3332, 0x2633, 0x0000, 0x2600, 0x3332, 0x3333,
    0x0000, 0x3226, 0x3332, 0x3333, 0x0000, 0x3226, 0x3333, 0x3333, 0x0000, 0x3226, 0x3333, 0x3333,
    0x2600, 0x3232, 0x3333, 0x3333, 0x2600, 0x3232, 0x3333, 0x3333, 0x2929, 0x2929, 0x262A, 0x0000,
    0x2626, 0x2626, 0x0026, 0x0000, 0x3333, 0x3333, 0x0026, 0x0000, 0x3333, 0x3333, 0x0026, 0x0000,
    0x3333, 0x3233, 0x0026, 0x0000, 0x3333, 0x2633, 0x0000, 0x0000, 0x3333, 0x2633, 0x0000, 0x0000,
    0x3333, 0x2632, 0x0000, 0x0000, 0x0000, 0x0000, 0x2926, 0x2929, 0x0000, 0x0000, 0x2626, 0x2929,
    0x0000, 0x0000, 0x3226, 0x2626, 0x0000, 0x0000, 0x3226, 0x3333, 0x0000, 0x0000, 0x3226, 0x3333,
    0x0000, 0x0000, 0x3226, 0x3333, 0x0000, 0x0000, 0x3226, 0x3333, 0x0000, 0x0000, 0x3226, 0x3332,
    0x2929, 0x2929, 0x2929, 0x0026, 0x2929, 0x2929, 0x2629, 0x0026, 0x2626, 0x2626, 0x2626, 0x0000,
    0x3333, 0x3333, 0x2633, 0x0000, 0x3333, 0x3333, 0x2633, 0x0000, 0x3333, 0x3333, 0x2633, 0x0000,
    0x3333, 0x3333, 0x2633, 0x0000, 0x3333, 0x3333, 0x2633, 0x0000, 0x0000, 0x0000, 0x2600, 0x3332,
    0x0000, 0x0000, 0x2600, 0x3332, 0x0000, 0x0000, 0x2600, 0x3332, 0x0000, 0x0000, 0x2600, 0x3332,
    0x0000, 0x0000, 0x2600, 0x3332, 0x0000, 0x0000, 0x2600, 0x3332, 0x0000, 0x0000, 0x2600, 0x3332,
    0x0000, 0x0000, 0x2600, 0x3332, 0x3333, 0x3333, 0x0026, 0x0000, 0x3333, 0x3233, 0x0026, 0x0000,
    0x3333, 0x2633, 0x0000, 0x0000, 0x3333, 0x2633, 0x0000, 0x0000, 0x3333, 0x2633, 0x0000, 0x0000,
    0x3333, 0x2632, 0x0000, 0x0000, 0x3333, 0x0026, 0x0000, 0x0000, 0x3333, 0x0026, 0x0000, 0x0000,
    0x0000, 0x0000, 0x0000, 0x0000, 0x0000, 0x0000, 0x0000, 0x0000, 0x0000, 0x0000, 0x0000, 0x0000,
    0x0000, 0x0000, 0x0000, 0x0000, 0x0000, 0x0000, 0x0000, 0x0000, 0x0000, 0x0000, 0x0000, 0x0000,
    0x0000, 0x0000, 0x0000, 0x0000, 0x0000, 0x0000, 0x0000, 0x0000, 0x0000, 0x2600, 0x3332, 0x3333,
    0x0000, 0x2600, 0x3332, 0x3333, 0x0000, 0x2600, 0x3332, 0x3333, 0x0000, 0x2600, 0x3332, 0x3333,
    0x0000, 0x2600, 0x3332, 0x3333, 0x0000, 0x2600, 0x3332, 0x3333, 0x0000, 0x2600, 0x3332, 0x3333,
    0x0000, 0x2600, 0x3332, 0x3333, 0x3333, 0x2633, 0x0000, 0x0000, 0x3333, 0x2632, 0x0000, 0x0000,
    0x3333, 0x0026, 0x0000, 0x0000, 0x3333, 0x0026, 0x0000, 0x0000, 0x3333, 0x0026, 0x0000, 0x0000,
    0x3233, 0x0026, 0x0000, 0x0000, 0x2633, 0x0000, 0x0000, 0x0000, 0x2633, 0x0000, 0x0000, 0x0000,
    0x0000, 0x0000, 0x0000, 0x0000, 0x0000, 0x0000, 0x0000, 0x0000, 0x0000, 0x0000, 0x0000, 0x0000,
    0x0000, 0x0000, 0x0000, 0x0000, 0x0000, 0x0000, 0x0000, 0x0000, 0x0000, 0x0000, 0x0000, 0x0000,
    0x0000, 0x0000, 0x0000, 0x0000, 0x0000, 0x0000, 0x0000, 0x0000, 0x2F2F, 0x262F, 0x2727, 0x2B26,
    0x2F27, 0x2727, 0x2627, 0x2B2B, 0x272F, 0x2727, 0x2626, 0x2626, 0x2827, 0x2627, 0x0126, 0x282F,
    0x2826, 0x262F, 0x2F28, 0x2F28, 0x2726, 0x2627, 0x2A2A, 0x2A2A, 0x2F26, 0x2627, 0x292A, 0x2929,
    0x2F26, 0x2627, 0x2929, 0x2929, 0x2A2B, 0x292A, 0x2929, 0x2B2A, 0x2929, 0x2A29, 0x2929, 0x2A29,
    0x2A26, 0x2929, 0x2929, 0x262A, 0x2601, 0x2929, 0x2929, 0x0126, 0x2A01, 0x2929, 0x2929, 0x2826,
    0x2929, 0x2929, 0x2929, 0x2929, 0x2929, 0x2929, 0x262A, 0x2929, 0x2929, 0x2929, 0x2929, 0x2929,
    0x2B2B, 0x2726, 0x0026, 0x0000, 0x2626, 0x2727, 0x0026, 0x0000, 0x0128, 0x2726, 0x0026, 0x0000,
    0x0128, 0x2626, 0x0000, 0x0000, 0x2A2A, 0x262A, 0x0000, 0x0000, 0x2929, 0x2626, 0x0000, 0x0000,
    0x2929, 0x2626, 0x0000, 0x0000, 0x2929, 0x2626, 0x0000, 0x0000, 0x0101, 0x0101, 0x0101, 0x0101,
    0x0101, 0x0101, 0x0101, 0x0101, 0x0101, 0x0101, 0x0101, 0x0101, 0x0101, 0x0101, 0x0101, 0x0101,
    0x0101, 0x0101, 0x0101, 0x0101, 0x0101, 0x0101, 0x0101, 0x0101, 0x0101, 0x0101, 0x0101, 0x0101,
    0x0101, 0x0101, 0x0101, 0x0101, 0x0101, 0x0101, 0x0101, 0x0101, 0x0101, 0x0101, 0x0101, 0x0101,
    0x0101, 0x0101, 0x0101, 0x0101, 0x0101, 0x0101, 0x0101, 0x0101, 0x0101, 0x0101, 0x0101, 0x0101,
    0x0101, 0x0101, 0x0101, 0x0101, 0x0101, 0x0101, 0x0101, 0x0101, 0x0101, 0x0101, 0x0101, 0x0101,
    0x0000, 0x0000, 0x2F26, 0x2F2F, 0x0000, 0x2600, 0x2F2F, 0x272F, 0x0000, 0x2726, 0x2F2F, 0x2F27,
    0x0000, 0x2F26, 0x2F2F, 0x2F28, 0x2600, 0x2F27, 0x282F, 0x2F2F, 0x2600, 0x2F2F, 0x2727, 0x2F2F,
    0x2600, 0x2F2F, 0x272F, 0x272F, 0x2600, 0x2F27, 0x2727, 0x2F2F, 0x2F2F, 0x2F2F, 0x2F2F, 0x2F27,
    0x2F2F, 0x2F2F, 0x2728, 0x2F2F, 0x2F2F, 0x282F, 0x2F2F, 0x2F2F, 0x2F2F, 0x2F28, 0x2F2F, 0x2F2F,
    0x282F, 0x2F2F, 0x2F2F, 0x2F2F, 0x2F27, 0x2F2F, 0x2F2F, 0x272F, 0x2F2F, 0x2F2F, 0x2F2F, 0x2626,
    0x2F2F, 0x2F2F, 0x2626, 0x2626, 0x2F2F, 0x2F2F, 0x2F2F, 0x2F2F, 0x2F2F, 0x272F, 0x2F2F, 0x272F,
    0x2F2F, 0x2F28, 0x2F2F, 0x2627, 0x2827, 0x2F27, 0x272F, 0x2A26, 0x2728, 0x2F2F, 0x2627, 0x2929,
    0x2726, 0x272F, 0x2926, 0x2629, 0x2626, 0x2626, 0x292A, 0x2626, 0x2626, 0x2A26, 0x2929, 0x2626,
    0x262F, 0x0000, 0x0000, 0x0000, 0x2726, 0x0026, 0x0000, 0x0000, 0x262A, 0x2627, 0x0000, 0x0000,
    0x2629, 0x262F, 0x0000, 0x0000, 0x2A29, 0x2F26, 0x0026, 0x0000, 0x2626, 0x2F26, 0x0026, 0x0000,
    0x2B26, 0x2F26, 0x0026, 0x0000, 0x2B2B, 0x2F26, 0x0026, 0x0000, 0x0000, 0x0000, 0x0000, 0x2600,
    0x0000, 0x0000, 0x0000, 0x2600, 0x0000, 0x0000, 0x0000, 0x2600, 0x0000, 0x0000, 0x0000, 0x2600,
    0x0000, 0x0000, 0x0000, 0x3126, 0x0000, 0x0000, 0x0000, 0xA026, 0x0000, 0x0000, 0x0000, 0xA026,
    0x0000, 0x0000, 0x0000, 0xA026, 0xA0A0, 0xA0A0, 0x31A0, 0xA0A0, 0xA0A0, 0xA0A0, 0x26A0, 0xA0A0,
    0xA0A0, 0xA0A0, 0x31A0, 0x2631, 0xA0A0, 0xA0A0, 0xA0A0, 0x3326, 0xA0A0, 0xA0A0, 0xA0A0, 0x3326,
    0xA0A0, 0xA0A0, 0xA0A0, 0x2631, 0xA0A0, 0x31A0, 0xA031, 0x26A0, 0xA0A0, 0xA0A0, 0x31A0, 0x26A0,
    0x26A0, 0xA1A1, 0xA1A1, 0xA1A1, 0xA126, 0xA1A1, 0xA1A1, 0xA1A1, 0xA133, 0xA1A1, 0xA1A1, 0xA1A1,
    0xA133, 0xA1A1, 0xA1A1, 0xA1A1, 0xA133, 0xA1A1, 0xA1A1, 0xA1A1, 0xA133, 0xA1A1, 0xA1A1, 0xA1A1,
    0xA133, 0xA1A1, 0xA1A1, 0xA1A1, 0xA133, 0xA1A1, 0xA1A1, 0xA1A1, 0xA1A1, 0xA1A1, 0xA1A1, 0x26A1,
    0xA1A1, 0xA1A1, 0xA1A1, 0xA1A1, 0xA1A1, 0xA1A1, 0xA1A1, 0xA1A1, 0xA1A1, 0xA1A1, 0xA1A1, 0xA1A1,
    0xA1A1, 0xA1A1, 0xA1A1, 0xA1A1, 0xA1A1, 0xA1A1, 0xA1A1, 0xA1A1, 0xA1A1, 0xA1A1, 0xA1A1, 0xA1A1,
    0xA1A1, 0xA1A1, 0xA1A1, 0xA1A1, 0xA0A0, 0xA026, 0xA0A0, 0x0026, 0x3126, 0xA026, 0xA0A0, 0x0026,
    0x26A1, 0xA0A0, 0xA0A0, 0x0026, 0x26A1, 0xA0A0, 0xA0A0, 0x0026, 0x26A1, 0xA0A0, 0xA0A0, 0x0026,
    0x26A1, 0xA031, 0xA0A0, 0x2631, 0x33A1, 0xA026, 0xA026, 0x26A0, 0xA1A1, 0x3126, 0xA0A0, 0x26A0,
    0x0000, 0x0000, 0x0000, 0x0000, 0x0000, 0x0000, 0x0000, 0x0000, 0x0000, 0x0000, 0x0000, 0x0000,
    0x0000, 0x0000, 0x0000, 0x0000, 0x0000, 0x0000, 0x0000, 0x0000, 0x0000, 0x0000, 0x0000, 0x0000,
    0x0000, 0x0000, 0x0000, 0x0000, 0x0000, 0x0000, 0x0000, 0x0000, 0x0000, 0x2600, 0x292A, 0x2629,
    0x0000, 0x2600, 0x292A, 0x2629, 0x0000, 0x2600, 0x292A, 0x2629, 0x0000, 0x2600, 0x292A, 0x2629,
    0x0000, 0x2600, 0x292A, 0x2629, 0x0000, 0x2600, 0x292A, 0x2629, 0x0000, 0x2600, 0x292A, 0x2A29,
    0x0000, 0x2600, 0x2929, 0x2929, 0x0000, 0x2600, 0x3131, 0x3131, 0x0000, 0x2600, 0x3131, 0x3131,
    0x0000, 0x3126, 0x3131, 0x3131, 0x0000, 0x3126, 0x3131, 0x3131, 0x0000, 0x3126, 0x3131, 0x3131,
    0x0000, 0x3126, 0x3131, 0x3131, 0x2626, 0x3131, 0x3131, 0x3131, 0x2626, 0x3131, 0x3131, 0x3131,
    0x3131, 0x3126, 0x3131, 0x3131, 0x2631, 0x3131, 0x3131, 0x3131, 0x2631, 0x3131, 0x3131, 0x3131,
    0x2631, 0x3131, 0x3131, 0x3131, 0x2631, 0x3131, 0x3131, 0x3131, 0x2631, 0x3131, 0x3131, 0x3131,
    0x3126, 0x3131, 0x3131, 0x3131, 0x3126, 0x3131, 0x3131, 0x3131, 0x3131, 0x3126, 0x3131, 0x3131,
    0x3131, 0x3126, 0x3131, 0x3131, 0x3131, 0x3126, 0x3131, 0x3131, 0x3131, 0x3126, 0x3131, 0x3131,
    0x3131, 0x3126, 0x3131, 0x3131, 0x3131, 0x3126, 0x3131, 0x3131, 0x3131, 0x3126, 0x3131, 0x3131,
    0x3131, 0x3126, 0x3131, 0x3131, 0x3131, 0x3126, 0x3131, 0x2926, 0x3131, 0x3126, 0x3131, 0x2926,
    0x3131, 0x3126, 0x3131, 0x2926, 0x3131, 0x3126, 0x3131, 0x2926, 0x3131, 0x3126, 0x3131, 0x2631,
    0x3131, 0x3126, 0x3131, 0x2631, 0x3131, 0x3126, 0x3131, 0x2631, 0x3131, 0x3126, 0x3131, 0x2631,
    0x2929, 0x0026, 0x0000, 0x0000, 0x2929, 0x0026, 0x0000, 0x0000, 0x2929, 0x0026, 0x0000, 0x0000,
    0x2929, 0x262A, 0x0000, 0x0000, 0x2929, 0x262A, 0x0000, 0x0000, 0x2929, 0x2629, 0x0000, 0x0000,
    0x2929, 0x2629, 0x0000, 0x0000, 0x2929, 0x2929, 0x0026, 0x0000, 0x0000, 0x0000, 0x0000, 0x0000,
    0x0000, 0x0000, 0x0000, 0x0000, 0x0000, 0x0000, 0x0000, 0x2600, 0x0000, 0x0000, 0x0000, 0x2600,
    0x0000, 0x0000, 0x0000, 0x3226, 0x0000, 0x0000, 0x0000, 0x3226, 0x0000, 0x0000, 0x0000, 0x3226,
    0x0000, 0x0000, 0x0000, 0x3226, 0x3226, 0x3232, 0x3333, 0x3333, 0x3226, 0x3232, 0x3333, 0x3333,
    0x3232, 0x3232, 0x3332, 0x3333, 0x3332, 0x3233, 0x3232, 0x3332, 0x3333, 0x3333, 0x3333, 0x3333,
    0x3333, 0x3333, 0x3333, 0x3333, 0x3333, 0x3333, 0x3333, 0x3333, 0x3333, 0x3333, 0x3333, 0x3333,
    0x3333, 0x0026, 0x0000, 0x0000, 0x3233, 0x0026, 0x0000, 0x0000, 0x2633, 0x0000, 0x0000, 0x0000,
    0x2633, 0x0000, 0x0000, 0x0000, 0x2633, 0x0000, 0x0000, 0x0000, 0x2632, 0x0000, 0x0000, 0x0000,
    0x0026, 0x0000, 0x0000, 0x0000, 0x0026, 0x0000, 0x0000, 0x0000, 0x0000, 0x0000, 0x3226, 0x3332,
    0x0000, 0x0000, 0x2600, 0x3232, 0x0000, 0x0000, 0x2600, 0x3232, 0x0000, 0x0000, 0x2600, 0x3232,
    0x0000, 0x0000, 0x3226, 0x3232, 0x0000, 0x0000, 0x3226, 0x3232, 0x0000, 0x0000, 0x3226, 0x3332,
    0x0000, 0x0000, 0x3226, 0x3333, 0x3333, 0x3333, 0x2633, 0x0000, 0x3333, 0x3333, 0x3233, 0x0026,
    0x3333, 0x3333, 0x3333, 0x0026, 0x3332, 0x3233, 0x3333, 0x0026, 0x3232, 0x3332, 0x3333, 0x0026,
    0x3232, 0x3333, 0x3333, 0x0026, 0x3333, 0x3333, 0x3333, 0x0026, 0x3333, 0x3333, 0x3333, 0x0026,
    0x0000, 0x0000, 0x2600, 0x3332, 0x0000, 0x0000, 0x2600, 0x3332, 0x0000, 0x0000, 0x3226, 0x3332,
    0x0000, 0x2600, 0x3232, 0x2626, 0x0000, 0x2626, 0x2633, 0x3434, 0x2600, 0x2635, 0x2632, 0x3434,
    0x2600, 0x3535, 0x3426, 0x3434, 0x2600, 0x3535, 0x3435, 0x0101, 0x3233, 0x0026, 0x0000, 0x0000,
    0x2633, 0x0000, 0x0000, 0x0000, 0x2632, 0x0000, 0x0000, 0x0000, 0x2626, 0x0000, 0x0000, 0x0000,
    0x2634, 0x0000, 0x0000, 0x0000, 0x2634, 0x0000, 0x0000, 0x0000, 0x2634, 0x0000, 0x0000, 0x0000,
    0x2601, 0x0000, 0x0000, 0x0000, 0x0000, 0x0000, 0x0000, 0x0000, 0x0000, 0x0000, 0x0000, 0x0000,
    0x0000, 0x0000, 0x0000, 0x0000, 0x0000, 0x0000, 0x0000, 0x0000, 0x0000, 0x0000, 0x0000, 0x0000,
    0x0000, 0x0000, 0x0000, 0x0000, 0x0000, 0x0000, 0x0000, 0x0000, 0x0000, 0x0000, 0x0000, 0x0000,
    0x0000, 0x2600, 0x3332, 0x3333, 0x0000, 0x2600, 0x3332, 0x3333, 0x0000, 0x2600, 0x3332, 0x3333,
    0x0000, 0x2600, 0x3332, 0x3333, 0x0000, 0x2626, 0x3226, 0x3333, 0x2600, 0x3535, 0x2634, 0x3233,
    0x2600, 0x3435, 0x2634, 0x2632, 0x2600, 0x0101, 0x3401, 0x3426, 0x2633, 0x0000, 0x0000, 0x0000,
    0x2633, 0x0000, 0x0000, 0x0000, 0x2632, 0x0000, 0x0000, 0x0000, 0x0026, 0x0000, 0x0000, 0x0000,
    0x0026, 0x0000, 0x0000, 0x0000, 0x0026, 0x0000, 0x0000, 0x0000, 0x2634, 0x0000, 0x0000, 0x0000,
    0x2634, 0x0000, 0x0000, 0x0000, 0x0101, 0x0101, 0x0101, 0x0101, 0x0101, 0x0101, 0x0101, 0x0101,
    0x0101, 0x0101, 0x0101, 0x0101, 0x0101, 0x0101, 0x0101, 0x0101, 0x0101, 0x0101, 0x0101, 0x0101,
    0x0101, 0x0101, 0x0101, 0x0101, 0x0101, 0x0101, 0x0101, 0x0101, 0x0101, 0x0101, 0x0101, 0x0101,
    0x2F2F, 0x262F, 0x2727, 0x2B26, 0x2F27, 0x2727, 0x2627, 0x2B2B, 0x272F, 0x2727, 0x2A26, 0x2A2A,
    0x2827, 0x2627, 0x2626, 0x2828, 0x2826, 0x262F, 0x2F28, 0x2F28, 0x2726, 0x2627, 0x2A2A, 0x2A2A,
    0x2F26, 0x2627, 0x292A, 0x2929, 0x2F26, 0x2627, 0x2929, 0x2929, 0x2A2B, 0x292A, 0x2929, 0x2B2A,
    0x2929, 0x2A29, 0x2929, 0x2A29, 0x2A26, 0x2929, 0x2929, 0x262A, 0x2601, 0x2929, 0x2929, 0x0126,
    0x2A01, 0x2929, 0x2929, 0x2826, 0x2929, 0x2929, 0x2929, 0x2929, 0x2929, 0x2929, 0x262A, 0x2929,
    0x2929, 0x2929, 0x2929, 0x2929, 0x2B2B, 0x2726, 0x0026, 0x0000, 0x2A2A, 0x2727, 0x0026, 0x0000,
    0x2626, 0x2726, 0x0026, 0x0000, 0x0128, 0x2626, 0x0000, 0x0000, 0x2A2A, 0x262A, 0x0000, 0x0000,
    0x2929, 0x2626, 0x0000, 0x0000, 0x2929, 0x2626, 0x0000, 0x0000, 0x2929, 0x2626, 0x0000, 0x0000,
    0x0101, 0x0101, 0x0101, 0x0101, 0x0101, 0x0101, 0x0101, 0x0101, 0x0101, 0x0101, 0x0101, 0x0101,
    0x0101, 0x0101, 0x0101, 0x0101, 0x0101, 0x0101, 0x0101, 0x0101, 0x0101, 0x0101, 0x0101, 0x0101,
    0x0101, 0x0101, 0x0101, 0x0101, 0x0101, 0x0101, 0x0101, 0x0101, 0x0101, 0x0101, 0x0101, 0x0101,
    0x0101, 0x0101, 0x0101, 0x0101, 0x0101, 0x0101, 0x0101, 0x0101, 0x0101, 0x0101, 0x0101, 0x0101,
    0x0101, 0x0101, 0x0101, 0x0101, 0x0101, 0x0101, 0x0101, 0x0101, 0x0101, 0x0101, 0x0101, 0x0101,
    0x0101, 0x0101, 0x0101, 0x0101, 0x2600, 0x2727, 0x272F, 0x2F2F, 0x2600, 0x2727, 0x2F27, 0x2F27,
    0x2600, 0x2727, 0x282F, 0x2727, 0x2600, 0x2728, 0x2727, 0x2727, 0x0000, 0x2726, 0x2728, 0x2727,
    0x0000, 0x2826, 0x2728, 0x2827, 0x0000, 0x2726, 0x2728, 0x2628, 0x0000, 0x2826, 0x2828, 0x2828,
    0x2F2F, 0x262F, 0x2727, 0x2B26, 0x2F27, 0x2727, 0x2627, 0x2B2B, 0x272F, 0x2727, 0x2626, 0x2626,
    0x2827, 0x2627, 0x0126, 0x282F, 0x2826, 0x262F, 0x2F28, 0x2F28, 0x2726, 0x2627, 0x2A2A, 0x2A2A,
    0x2F26, 0x2627, 0x292A, 0x2929, 0x2F26, 0x2627, 0x2929, 0x2929, 0x2A2B, 0x292A, 0x2929, 0x2B2A,
    0x2929, 0x2A29, 0x2929, 0x2A29, 0x2A26, 0x2929, 0x2929, 0x262A, 0x2601, 0x2929, 0x2929, 0x0126,
    0x2A01, 0x2929, 0x2929, 0x2826, 0x2929, 0x2929, 0x2929, 0x2929, 0x2929, 0x2929, 0x262A, 0x2929,
    0x2929, 0x2929, 0x2929, 0x2929, 0x2B2B, 0x2726, 0x0026, 0x0000, 0x2626, 0x2727, 0x0026, 0x0000,
    0x0128, 0x2726, 0x0026, 0x0000, 0x0128, 0x2626, 0x0000, 0x0000, 0x2A2A, 0x262A, 0x0000, 0x0000,
    0x2929, 0x2626, 0x0000, 0x0000, 0x2929, 0x2626, 0x0000, 0x0000, 0x2929, 0x2626, 0x0000, 0x0000,
    0x0000, 0x0000, 0x0000, 0xA026, 0x0000, 0x0000, 0x0000, 0xA026, 0x0000, 0x0000, 0x0000, 0x3126,
    0x0000, 0x0000, 0x0000, 0x2626, 0x0000, 0x0000, 0x0000, 0x2600, 0x0000, 0x0000, 0x0000, 0x2B26,
    0x0000, 0x0000, 0x0000, 0x2B26, 0x0000, 0x0000, 0x0000, 0x2B26, 0xA0A0, 0xA0A0, 0xA0A0, 0x2626,
    0xA0A0, 0xA0A0, 0xA0A0, 0x26A0, 0x2626, 0x2626, 0x2626, 0x2631, 0x2929, 0x2929, 0x2629, 0x0026,
    0x2929, 0x2929, 0x2629, 0x0000, 0x2929, 0x2929, 0x262A, 0x0000, 0x2929, 0x2929, 0x0026, 0x0000,
    0x2929, 0x2929, 0x0026, 0x2600, 0x3333, 0xA133, 0xA1A1, 0xA1A1, 0x3333, 0x3333, 0xA1A1, 0xA1A1,
    0x3332, 0x3333, 0x3333, 0x3333, 0x3326, 0x3333, 0x3333, 0xA133, 0x3326, 0xA133, 0xA1A1, 0xA1A1,
    0x3326, 0xA133, 0xA1A1, 0xA1A1, 0x3326, 0xA133, 0xA1A1, 0xA1A1, 0x3333, 0x3333, 0xA1A1, 0xA1A1,
    0xA1A1, 0xA1A1, 0xA1A1, 0xA1A1, 0xA1A1, 0xA1A1, 0xA1A1, 0xA1A1, 0xA1A1, 0xA1A1, 0xA1A1, 0xA1A1,
    0xA1A1, 0xA1A1, 0xA1A1, 0xA1A1, 0xA1A1, 0xA1A1, 0xA1A1, 0xA1A1, 0xA1A1, 0xA1A1, 0xA1A1, 0xA1A1,
    0xA1A1, 0xA1A1, 0xA1A1, 0xA1A1, 0xA1A1, 0xA1A1, 0xA1A1, 0xA1A1, 0xA1A1, 0xA026, 0xA0A0, 0x26A0,
    0xA1A1, 0x3126, 0xA0A0, 0x2631, 0xA1A1, 0x2626, 0x2626, 0x2626, 0x33A1, 0x2A26, 0x2929, 0x0026,
    0x26A1, 0x2A2A, 0x2929, 0x0026, 0x26A1, 0x2A2A, 0x2929, 0x0026, 0x26A1, 0x2A2A, 0x2929, 0x0026,
    0x26A1, 0x292A, 0x2929, 0x0026, 0x0000, 0x0000, 0x0000, 0x0000, 0x0000, 0x0000, 0x0000, 0x0000,
    0x0000, 0x0000, 0x0000, 0x0000, 0x0000, 0x0000, 0x0000, 0x0000, 0x0000, 0x0000, 0x0000, 0x0000,
    0x0000, 0x0000, 0x0000, 0x0000, 0x0000, 0x0000, 0x0000, 0x0000, 0x0000, 0x0000, 0x0000, 0x0000,
    0x0000, 0x2A26, 0x2929, 0x2929, 0x0000, 0x2926, 0x2929, 0x2929, 0x0000, 0x2926, 0x2929, 0x292A,
    0x2600, 0x292A, 0x2929, 0x2926, 0x2600, 0x292A, 0x2929, 0x292A, 0x2600, 0x292A, 0x2A29, 0x2929,
    0x2B26, 0x292A, 0x2626, 0x2A29, 0x2B26, 0x262A, 0x262A, 0x262A, 0x2626, 0x3131, 0x3131, 0x3131,
    0x2629, 0x3131, 0x3131, 0x3131, 0x2629, 0x3131, 0x3131, 0x3131, 0x2629, 0x3131, 0x3131, 0x3131,
    0x262A, 0x3131, 0x3131, 0x3131, 0x2626, 0x3131, 0x3131, 0x3131, 0x2626, 0x3233, 0x3131, 0x2631,
    0x2600, 0x3333, 0xA133, 0x26A1, 0x3126, 0x3131, 0x3131, 0x3131, 0x3126, 0x3131, 0x3131, 0x3131,
    0x3126, 0x3131, 0x3131, 0x3131, 0x3126, 0x3131, 0x3131, 0x3131, 0x3126, 0x3131, 0x3131, 0x3131,
    0x3126, 0x3131, 0x3131, 0x3131, 0x3131, 0x3131, 0x3131, 0x3131, 0x3131, 0x3131, 0x3131, 0x3131,
    0x3131, 0x3126, 0x3131, 0x3131, 0x3131, 0x3126, 0x3131, 0x3131, 0x3131, 0x3126, 0x3131, 0x3131,
    0x3131, 0x3126, 0x3131, 0x3131, 0x3131, 0x3126, 0x3131, 0x3131, 0x3131, 0x3126, 0x3131, 0x3131,
    0x3131, 0x3126, 0x3131, 0x3131, 0x3131, 0x3126, 0x3131, 0x3131, 0x3131, 0x2631, 0x3131, 0x3131,
    0x3131, 0x2631, 0x3131, 0x3131, 0x3131, 0x2631, 0x3131, 0x3131, 0x3131, 0x2631, 0x3131, 0x3131,
    0x3131, 0x2631, 0x3131, 0x3131, 0x3131, 0x2631, 0x3131, 0x3131, 0x3131, 0x2631, 0x3131, 0x3131,
    0x3131, 0x2631, 0x3131, 0x3131, 0x2926, 0x2929, 0x0026, 0x0000, 0x2926, 0x2929, 0x0026, 0x0000,
    0x2926, 0x2929, 0x262A, 0x0000, 0x2926, 0x2929, 0x2629, 0x0000, 0x2A26, 0x2929, 0x2629, 0x0026,
    0x2A26, 0x292A, 0x2629, 0x0026, 0x2626, 0x2926, 0x2629, 0x0026, 0x2626, 0x2926, 0x2A26, 0x0026,
    0x0000, 0x0000, 0x0000, 0x3226, 0x0000, 0x0000, 0x0000, 0x3226, 0x0000, 0x0000, 0x2600, 0x3332,
    0x0000, 0x0000, 0x2600, 0x3332, 0x0000, 0x0000, 0x2600, 0x3332, 0x0000, 0x0000, 0x2600, 0x3332,
    0x0000, 0x0000, 0x2600, 0x3332, 0x0000, 0x0000, 0x2600, 0x3332, 0x3333, 0x3333, 0x3333, 0x3333,
    0x3333, 0x3333, 0x3333, 0x3233, 0x3333, 0x3333, 0x3333, 0x2633, 0x3333, 0x3333, 0x3333, 0x2633,
    0x3333, 0x3333, 0x3333, 0x2633, 0x3333, 0x3333, 0x3333, 0x2632, 0x3333, 0x3333, 0x3333, 0x0026,
    0x3333, 0x3333, 0x3333, 0x0026, 0x0026, 0x0000, 0x0000, 0x0000, 0x0026, 0x0000, 0x0000, 0x0000,
    0x0000, 0x0000, 0x0000, 0x0000, 0x0000, 0x0000, 0x0000, 0x0000, 0x0000, 0x0000, 0x0000, 0x0000,
    0x0000, 0x0000, 0x0000, 0x0000, 0x0000, 0x0000, 0x0000, 0x0000, 0x0000, 0x0000, 0x0000, 0x0000,
    0x0000, 0x0000, 0x3226, 0x3333, 0x0000, 0x0000, 0x3226, 0x3333, 0x0000, 0x0000, 0x3226, 0x3333,
    0x0000, 0x0000, 0x3226, 0x3333, 0x0000, 0x2600, 0x3232, 0x3333, 0x0000, 0x2600, 0x3332, 0x3333,
    0x0000, 0x2600, 0x3332, 0x3333, 0x0000, 0x2600, 0x3332, 0x3333, 0x3333, 0x3333, 0x3333, 0x0026,
    0x3333, 0x3333, 0x3333, 0x0026, 0x3333, 0x3333, 0x3333, 0x0026, 0x3333, 0x3333, 0x3333, 0x0026,
    0x3333, 0x3333, 0x3333, 0x0026, 0x3333, 0x3333, 0x3233, 0x0026, 0x3333, 0x3333, 0x2633, 0x0000,
    0x3333, 0x3333, 0x2633, 0x0000, 0x2600, 0x3435, 0x0135, 0x3434, 0x2600, 0x3435, 0x3435, 0x0101,
    0x2600, 0x3526, 0x3535, 0x2634, 0x2600, 0x3526, 0x3535, 0x0126, 0x2600, 0x262F, 0x2635, 0x0101,
    0x2600, 0x2F2F, 0x2626, 0x0101, 0x2600, 0x2F2F, 0x0101, 0x2626, 0x0000, 0x2F26, 0x0101, 0x0101,
    0x2634, 0x0000, 0x0000, 0x0000, 0x3401, 0x0026, 0x0000, 0x0000, 0x2626, 0x0026, 0x0000, 0x0000,
    0x0101, 0x2601, 0x0000, 0x0000, 0x0101, 0x0101, 0x0026, 0x0000, 0x0101, 0x0101, 0x0026, 0x0000,
    0x2626, 0x2626, 0x0026, 0x0000, 0x0101, 0x0101, 0x0026, 0x0000, 0x0000, 0x0000, 0x0000, 0x0000,
    0x0000, 0x0000, 0x0000, 0x0000, 0x0000, 0x0000, 0x0000, 0x0000, 0x0000, 0x0000, 0x0000, 0x0000,
    0x0000, 0x0000, 0x0000, 0x2600, 0x0000, 0x0000, 0x0000, 0x2F26, 0x0000, 0x0000, 0x0000, 0x2F26,
    0x0000, 0x0000, 0x0000, 0x2626, 0x2600, 0x3435, 0x3434, 0x3435, 0x2600, 0x0101, 0x3401, 0x3435,
    0x3526, 0x3535, 0x3434, 0x3435, 0x2626, 0x2626, 0x3535, 0x3434, 0x012F, 0x0101, 0x3526, 0x3434,
    0x0101, 0x0101, 0x2601, 0x2635, 0x0101, 0x0101, 0x2601, 0x0126, 0x2626, 0x2626, 0x0126, 0x0101,
    0x2634, 0x0000, 0x0000, 0x0000, 0x2634, 0x0000, 0x0000, 0x0000, 0x2634, 0x0000, 0x0000, 0x0000,
    0x2626, 0x0000, 0x0000, 0x0000, 0x2626, 0x0000, 0x0000, 0x0000, 0x2601, 0x0000, 0x0000, 0x0000,
    0x2601, 0x0000, 0x0000, 0x0000, 0x2601, 0x0000, 0x0000, 0x0000, 0x0101, 0x0101, 0x0101, 0x0101,
    0x0101, 0x0101, 0x0101, 0x0101, 0x0101, 0x0101, 0x0101, 0x0101, 0x0101, 0x0101, 0x0101, 0x0101,
    0x0101, 0x0101, 0x0101, 0x0101, 0x0101, 0x0101, 0x0101, 0x0101, 0x0101, 0x0101, 0x0101, 0x0101,
    0x0101, 0x0101, 0x0101, 0x0101, 0x2F2F, 0x262F, 0x2727, 0x2B26, 0x2F27, 0x2727, 0x2627, 0x2B2B,
    0x272F, 0x2727, 0x2A26, 0x2B2A, 0x2827, 0x2627, 0x2626, 0x2626, 0x2826, 0x262F, 0x2F26, 0x2F28,
    0x2726, 0x2627, 0x2A2A, 0x2A2A, 0x2F26, 0x2627, 0x292A, 0x2929, 0x2F26, 0x2627, 0x2929, 0x2929,
    0x2A2B, 0x292A, 0x2929, 0x2B2A, 0x2929, 0x2A29, 0x2929, 0x2A29, 0x292B, 0x2929, 0x2929, 0x292A,
    0x2B26, 0x2929, 0x2929, 0x262A, 0x2601, 0x2929, 0x2929, 0x2826, 0x2929, 0x2929, 0x2929, 0x2929,
    0x2929, 0x2929, 0x262A, 0x2929, 0x2929, 0x2929, 0x2929, 0x2929, 0x2B2B, 0x2726, 0x0026, 0x0000,
    0x2B2B, 0x2727, 0x0026, 0x0000, 0x262A, 0x2726, 0x0026, 0x0000, 0x0128, 0x2626, 0x0000, 0x0000,
    0x2A2A, 0x262A, 0x0000, 0x0000, 0x2929, 0x2626, 0x0000, 0x0000, 0x2929, 0x2626, 0x0000, 0x0000,
    0x2929, 0x2626, 0x0000, 0x0000, 0x0101, 0x0101, 0x0101, 0x0101, 0x0101, 0x0101, 0x0101, 0x0101,
    0x0101, 0x0101, 0x0101, 0x0101, 0x0101, 0x0101, 0x0101, 0x0101, 0x0101, 0x0101, 0x0101, 0x0101,
    0x0101, 0x0101, 0x0101, 0x0101, 0x0101, 0x0101, 0x0101, 0x0101, 0x0101, 0x0101, 0x0101, 0x0101,
    0x0101, 0x0101, 0x0101, 0x0101, 0x0101, 0x0101, 0x0101, 0x0101, 0x0101, 0x0101, 0x0101, 0x0101,
    0x0101, 0x0101, 0x0101, 0x0101, 0x0101, 0x0101, 0x0101, 0x0101, 0x0101, 0x0101, 0x0101, 0x0101,
    0x0101, 0x0101, 0x0101, 0x0101, 0x0101, 0x0101, 0x0101, 0x0101, 0x0000, 0x2600, 0x2828, 0x2827,
    0x0000, 0x2600, 0x2728, 0x2827, 0x0000, 0x2826, 0x2728, 0x2827, 0x2600, 0x2626, 0x2728, 0x2827,
    0x0000, 0x0000, 0x2826, 0x2827, 0x0000, 0x0000, 0x2826, 0x2828, 0x0000, 0x2600, 0x2727, 0x2826,
    0x0000, 0x2626, 0x2626, 0x2600, 0x2728, 0x2628, 0x292A, 0x2929, 0x2728, 0x2827, 0x2A26, 0x2929,
    0x2728, 0x2728, 0x2626, 0x292A, 0x2828, 0x2828, 0x2626, 0x2A26, 0x2728, 0x2728, 0x2626, 0x262A,
    0x2828, 0x2828, 0x2628, 0x2A2A, 0x2827, 0x2828, 0x2628, 0x2A26, 0x2827, 0x2828, 0x2627, 0x262A,
    0x2929, 0x2929, 0x2929, 0x2929, 0x2629, 0x362A, 0x2636, 0x2929, 0x2929, 0x2929, 0x2929, 0x2929,
    0x2929, 0x2A29, 0x292A, 0x2929, 0x2A26, 0x2929, 0x2929, 0x2629, 0x262A, 0x2A26, 0x2A29, 0x2826,
    0x2A2A, 0x2626, 0x2626, 0x2828, 0x2626, 0x2826, 0x2828, 0x2728, 0x2929, 0x2826, 0x0026, 0x0000,
    0x2A29, 0x2726, 0x0026, 0x0000, 0x2629, 0x2827, 0x2628, 0x0000, 0x2726, 0x2628, 0x2626, 0x0026,
    0x2828, 0x0026, 0x0000, 0x0000, 0x2828, 0x0026, 0x0000, 0x0000, 0x2826, 0x0026, 0x0000, 0x0000,
    0x2626, 0x0026, 0x0000, 0x0000, 0x0000, 0x0000, 0x0000, 0x2A26, 0x0000, 0x0000, 0x2600, 0x2A2B,
    0x0000, 0x0000, 0x2600, 0x2A2A, 0x0000, 0x0000, 0x2600, 0x2A2A, 0x0000, 0x0000, 0x2B26, 0x2929,
    0x0000, 0x0000, 0x2A26, 0x2929, 0x0000, 0x2600, 0x292B, 0x2929, 0x0000, 0x2600, 0x292B, 0x2929,
    0x2929, 0x2929, 0x0026, 0x2600, 0x2929, 0x2A29, 0x0000, 0x2600, 0x2929, 0x262A, 0x0000, 0x0000,
    0x2A26, 0x2629, 0x0000, 0x0000, 0x2929, 0x2629, 0x0000, 0x0000, 0x2929, 0x2629, 0x0000, 0x0000,
    0x2929, 0x262A, 0x0000, 0x0000, 0x2929, 0x0026, 0x0000, 0x2600, 0x3333, 0x3333, 0xA133, 0xA1A1,
    0x3333, 0x3333, 0x3333, 0x3333, 0x3326, 0x2633, 0x2626, 0x2626, 0x2600, 0x3126, 0x3131, 0x3131,
    0x2600, 0x2631, 0x2626, 0x2626, 0x2626, 0x3126, 0x3126, 0x3131, 0x3126, 0x3131, 0x3126, 0x3131,
    0x3131, 0x3131, 0x3126, 0x3131, 0xA1A1, 0xA1A1, 0xA1A1, 0xA1A1, 0x3333, 0xA133, 0xA1A1, 0xA1A1,
    0x2626, 0x2626, 0x2626, 0x2626, 0x3131, 0x3131, 0x3131, 0x3131, 0x2626, 0x2626, 0x2626, 0x2626,
    0x2631, 0x3131, 0x3131, 0x3126, 0x2631, 0x3131, 0x3131, 0x2631, 0x2631, 0x3131, 0x3131, 0x2631,
    0x2633, 0x292A, 0x2929, 0x0026, 0x2633, 0x292A, 0x2A29, 0x0026, 0x2626, 0x2A2A, 0x2A2A, 0x262A,
    0x2626, 0x2A2A, 0x2929, 0x2629, 0x2631, 0x292A, 0x2929, 0x2A29, 0x2626, 0x2A2B, 0x2929, 0x2929,
    0x2631, 0x2A2B, 0x2929, 0x2929, 0x2631, 0x2A2B, 0x2929, 0x2929, 0x0000, 0x0000, 0x0000, 0x0000,
    0x0000, 0x0000, 0x0000, 0x0000, 0x0000, 0x0000, 0x0000, 0x0000, 0x0000, 0x0000, 0x0000, 0x0000,
    0x0026, 0x0000, 0x0000, 0x0000, 0x0026, 0x0000, 0x0000, 0x0000, 0x2629, 0x0000, 0x0000, 0x0000,
    0x2629, 0x0000, 0x0000, 0x0000, 0x2B26, 0x262A, 0x2A2A, 0x2626, 0x2B26, 0x2A2B, 0x2A26, 0x262A,
    0x2600, 0x2A26, 0x2629, 0x0026, 0x0000, 0x2600, 0x2A2A, 0x0026, 0x0000, 0x0000, 0x2626, 0x0026,
    0x0000, 0x0000, 0x0000, 0x0000, 0x0000, 0x0000, 0x0000, 0x0000, 0x0000, 0x0000, 0x0000, 0x0000,
    0x2600, 0x3332, 0xA133, 0x26A1, 0x2600, 0x3131, 0x3131, 0x2631, 0x2600, 0x3126, 0x3131, 0x2631,
    0x0000, 0x2600, 0x2626, 0x3126, 0x0000, 0x2600, 0x292A, 0x2629, 0x0000, 0x2600, 0x292A, 0x2929,
    0x0000, 0x2600, 0x292A, 0x2929, 0x0000, 0x2600, 0x2926, 0x2929, 0x3232, 0x3333, 0x3132, 0x3131,
    0x3232, 0x3333, 0xA133, 0x3133, 0x3131, 0x3131, 0x3331, 0xA1A1, 0x3131, 0x3131, 0x3131, 0x3331,
    0x3126, 0x3131, 0x3131, 0x3131, 0x2629, 0x2626, 0x2626, 0x3126, 0x2929, 0x2929, 0x2629, 0x2600,
    0x2929, 0x2929, 0x2629, 0x0000, 0x3131, 0x3126, 0x3131, 0x3131, 0x3131, 0x3126, 0x3231, 0xA1A1,
    0x33A1, 0x3226, 0x3333, 0xA1A1, 0x33A1, 0x3226, 0x3233, 0x3131, 0x3131, 0x3126, 0x3131, 0x3131,
    0x3131, 0x2626, 0x2626, 0x2626, 0x2626, 0x0026, 0x2926, 0x2929, 0x0000, 0x0000, 0x2926, 0x2929,
    0x3131, 0x2631, 0x3231, 0x3233, 0xA1A1, 0x26A1, 0x3332, 0x3233, 0xA1A1, 0x26A1, 0x3332, 0x3132,
    0x3131, 0x2631, 0x3131, 0x3131, 0x3131, 0x2631, 0x2626, 0x2626, 0x2626, 0x2626, 0x2929, 0x0026,
    0x2929, 0x2929, 0x2929, 0x0026, 0x2929, 0x2929, 0x2929, 0x0026, 0x2A26, 0x2926, 0x2A26, 0x0026,
    0x2626, 0x2A26, 0x2626, 0x0000, 0x2A26, 0x262A, 0x2626, 0x0000, 0x2A26, 0x2926, 0x262A, 0x0000,
    0x2626, 0x292A, 0x0026, 0x0000, 0x0000, 0x2626, 0x0000, 0x0000, 0x0000, 0x0000, 0x0000, 0x0000,
    0x0000, 0x0000, 0x0000, 0x0000, 0x0000, 0x0000, 0x2600, 0x3332, 0x0000, 0x0000, 0x2600, 0x3332,
    0x0000, 0x0000, 0x2600, 0x3332, 0x0000, 0x0000, 0x2600, 0x3332, 0x0000, 0x0000, 0x2600, 0x3332,
    0x0000, 0x0000, 0x2600, 0x3332, 0x0000, 0x0000, 0x2600, 0x3332, 0x0000, 0x0000, 0x2600, 0x3332,
    0x3333, 0x3333, 0x3333, 0x0026, 0x3333, 0x3333, 0x3233, 0x0026, 0x3333, 0x3333, 0x2633, 0x0000,
    0x3333, 0x3333, 0x2633, 0x0000, 0x3333, 0x3333, 0x2633, 0x0000, 0x3333, 0x3333, 0x2632, 0x0000,
    0x3333, 0x3333, 0x0026, 0x0000, 0x3333, 0x3333, 0x0026, 0x0000, 0x0000, 0x0000, 0x0000, 0x0000,
    0x0000, 0x0000, 0x0000, 0x0000, 0x0000, 0x0000, 0x0000, 0x0000, 0x0000, 0x0000, 0x0000, 0x0000,
    0x0000, 0x0000, 0x0000, 0x0000, 0x0000, 0x0000, 0x0000, 0x0000, 0x0000, 0x0000, 0x0000, 0x0000,
    0x0000, 0x0000, 0x0000, 0x0000, 0x0000, 0x2600, 0x3332, 0x3333, 0x0000, 0x2600, 0x3332, 0x3333,
    0x0000, 0x2600, 0x3332, 0x3333, 0x0000, 0x2600, 0x3332, 0x3333, 0x0000, 0x2600, 0x3332, 0x3333,
    0x0000, 0x2600, 0x3332, 0x3333, 0x0000, 0x2600, 0x3332, 0x3333, 0x0000, 0x2600, 0x3332, 0x3333,
    0x3333, 0x3333, 0x2633, 0x0000, 0x3333, 0x3333, 0x2632, 0x0000, 0x3333, 0x3333, 0x0026, 0x0000,
    0x3333, 0x3333, 0x0026, 0x0000, 0x3333, 0x3333, 0x0026, 0x0000, 0x3333, 0x3233, 0x0026, 0x0000,
    0x3333, 0x2633, 0x0000, 0x0000, 0x3333, 0x2633, 0x0000, 0x0000, 0x0000, 0x2600, 0x012F, 0x0101,
    0x0000, 0x0000, 0x2F26, 0x0101, 0x0000, 0x0000, 0x2600, 0x2626, 0x0000, 0x0000, 0x0000, 0x0000,
    0x0000, 0x0000, 0x0000, 0x0000, 0x0000, 0x0000, 0x0000, 0x0000, 0x0000, 0x0000, 0x0000, 0x0000,
    0x0000, 0x0000, 0x0000, 0x0000, 0x0101, 0x0101, 0x0026, 0x0000, 0x0101, 0x0101, 0x0026, 0x0000,
    0x2626, 0x2626, 0x0000, 0x0000, 0x0000, 0x0000, 0x0000, 0x0000, 0x0000, 0x0000, 0x0000, 0x0000,
    0x0000, 0x0000, 0x0000, 0x0000, 0x0000, 0x0000, 0x0000, 0x0000, 0x0000, 0x0000, 0x0000, 0x0000,
    0x0000, 0x0000, 0x0000, 0x0126, 0x0000, 0x0000, 0x0000, 0x2F26, 0x0000, 0x0000, 0x0000, 0x2F26,
    0x0000, 0x0000, 0x0000, 0x2600, 0x0000, 0x0000, 0x0000, 0x0000, 0x0000, 0x0000, 0x0000, 0x0000,
    0x0000, 0x0000, 0x0000, 0x0000, 0x0000, 0x0000, 0x0000, 0x0000, 0x0101, 0x0101, 0x0101, 0x0101,
    0x0101, 0x0101, 0x0101, 0x2601, 0x0101, 0x0101, 0x0101, 0x0026, 0x2626, 0x2626, 0x2626, 0x0000,
    0x0000, 0x0000, 0x0000, 0x0000, 0x0000, 0x0000, 0x0000, 0x0000, 0x0000, 0x0000, 0x0000, 0x0000,
    0x0000, 0x0000, 0x0000, 0x0000, 0x0026, 0x0000, 0x0000, 0x0000, 0x0000, 0x0000, 0x0000, 0x0000,
    0x0000, 0x0000, 0x0000, 0x0000, 0x0000, 0x0000, 0x0000, 0x0000, 0x0000, 0x0000, 0x0000, 0x0000,
    0x0000, 0x0000, 0x0000, 0x0000, 0x0000, 0x0000, 0x0000, 0x0000, 0x0000, 0x0000, 0x0000, 0x0000,
    0x0101, 0x0101, 0x0101, 0x0101, 0x0101, 0x0101, 0x0101, 0x0101, 0x0101, 0x0101, 0x0101, 0x0101,
    0x0101, 0x0101, 0x0101, 0x0101, 0x0101, 0x0101, 0x0101, 0x0101, 0x0101, 0x0101, 0x0101, 0x0101,
    0x0101, 0x0101, 0x0101, 0x0101, 0x0101, 0x0101, 0x0101, 0x0101, 0x2F2F, 0x262F, 0x2727, 0x2B26,
    0x2F27, 0x2727, 0x2627, 0x2B2B, 0x272F, 0x2727, 0x2926, 0x2929, 0x2827, 0x2627, 0x2926, 0x2929,
    0x2826, 0x262F, 0x2626, 0x2626, 0x2726, 0x2627, 0x2A2A, 0x2A2A, 0x2F26, 0x2627, 0x292A, 0x2929,
    0x2F26, 0x2627, 0x2929, 0x2929, 0x2A2B, 0x292A, 0x2929, 0x2B2A, 0x2929, 0x2A29, 0x2929, 0x2A29,
    0x292A, 0x2929, 0x2929, 0x292A, 0x262A, 0x2929, 0x2929, 0x292A, 0x2A26, 0x2929, 0x2929, 0x2626,
    0x2929, 0x2929, 0x2929, 0x2929, 0x2929, 0x2929, 0x262A, 0x2929, 0x2929, 0x2929, 0x2929, 0x2929,
    0x2B2B, 0x2726, 0x0026, 0x0000, 0x2A2A, 0x2727, 0x0026, 0x0000, 0x2A29, 0x2726, 0x0026, 0x0000,
    0x2629, 0x2626, 0x0000, 0x0000, 0x2A26, 0x262A, 0x0000, 0x0000, 0x2929, 0x2626, 0x0000, 0x0000,
    0x2929, 0x2626, 0x0000, 0x0000, 0x2929, 0x2626, 0x0000, 0x0000, 0x0101, 0x0101, 0x0101, 0x0101,
    0x0101, 0x0101, 0x0101, 0x0101, 0x0101, 0x0101, 0x0101, 0x0101, 0x0101, 0x0101, 0x0101, 0x0101,
    0x0101, 0x0101, 0x0101, 0x0101, 0x0101, 0x0101, 0x0101, 0x0101, 0x0101, 0x0101, 0x0101, 0x0101,
    0x0101, 0x0101, 0x0101, 0x0101, 0x0101, 0x0101, 0x0101, 0x0101, 0x0101, 0x0101, 0x0101, 0x0101,
    0x0101, 0x0101, 0x0101, 0x0101, 0x0101, 0x0101, 0x0101, 0x0101, 0x0101, 0x0101, 0x0101, 0x0101,
    0x0101, 0x0101, 0x0101, 0x0101, 0x0101, 0x0101, 0x0101, 0x0101, 0x0101, 0x0101, 0x0101, 0x0101,
    0x0101, 0x0101, 0x0101, 0x0101, 0x0101, 0x0101, 0x0101, 0x0101, 0x0101, 0x0101, 0x0101, 0x0101,
    0x0101, 0x0101, 0x0101, 0x0101, 0x0101, 0x0101, 0x0101, 0x0101, 0x0101, 0x0101, 0x0101, 0x0101,
    0x0101, 0x0101, 0x0101, 0x0101, 0x0101, 0x0101, 0x0101, 0x0101, 0x0101, 0x0101, 0x0101, 0x0101,
    0x0101, 0x0101, 0x0101, 0x0101, 0x0101, 0x0101, 0x0101, 0x0101, 0x0101, 0x0101, 0x0101, 0x0101,
    0x0101, 0x0101, 0x0101, 0x0101, 0x0101, 0x0101, 0x0101, 0x0101, 0x0101, 0x0101, 0x0101, 0x0101,
    0x0101, 0x0101, 0x0101, 0x0101, 0x0101, 0x0101, 0x0101, 0x0101, 0x0101, 0x0101, 0x0101, 0x0101,
    0x0101, 0x0101, 0x0101, 0x0101, 0x0101, 0x0101, 0x0101, 0x0101, 0x0101, 0x0101, 0x0101, 0x0101,
    0x0101, 0x0101, 0x0101, 0x0101, 0x0101, 0x0101, 0x0101, 0x0101, 0x0101, 0x0101, 0x0101, 0x0101,
    0x0101, 0x0101, 0x0101, 0x0101, 0x0101, 0x0101, 0x0101, 0x0101, 0x0101, 0x0101, 0x0101, 0x0101,
    0x0101, 0x0101, 0x0101, 0x0101, 0x0101, 0x0101, 0x0101, 0x0101, 0x0101, 0x0101, 0x0101, 0x0101,
    0x0101, 0x0101, 0x0101, 0x0101, 0x0101, 0x0101, 0x0101, 0x0101, 0x0101, 0x0101, 0x0101, 0x0101,
    0x0101, 0x0101, 0x0101, 0x0101, 0x0101, 0x0101, 0x0101, 0x0101, 0x0101, 0x0101, 0x0101, 0x0101,
    0x0101, 0x0101, 0x0101, 0x0101, 0x0101, 0x0101, 0x0101, 0x0101, 0x0101, 0x0101, 0x0101, 0x0101,
    0x0101, 0x0101, 0x0101, 0x0101, 0x0101, 0x0101, 0x0101, 0x0101, 0x0101, 0x0101, 0x0101, 0x0101,
    0x0101, 0x0101, 0x0101, 0x0101, 0x0101, 0x0101, 0x0101, 0x0101, 0x0101, 0x0101, 0x0101, 0x0101,
    0x0101, 0x0101, 0x0101, 0x0101, 0x0101, 0x0101, 0x0101, 0x0101, 0x0101, 0x0101, 0x0101, 0x0101,
    0x0101, 0x0101, 0x0101, 0x0101, 0x0101, 0x0101, 0x0101, 0x0101, 0x0101, 0x0101, 0x0101, 0x0101,
    0x0101, 0x0101, 0x0101, 0x0101, 0x0101, 0x0101, 0x0101, 0x0101, 0x0101, 0x0101, 0x0101, 0x0101,
    0x0101, 0x0101, 0x0101, 0x0101, 0x0101, 0x0101, 0x0101, 0x0101, 0x0101, 0x0101, 0x0101, 0x0101,
    0x0101, 0x0101, 0x0101, 0x0101, 0x0101, 0x0101, 0x0101, 0x0101, 0x0101, 0x0101, 0x0101, 0x0101,
    0x0101, 0x0101, 0x0101, 0x0101, 0x0101, 0x0101, 0x0101, 0x0101, 0x0101, 0x0101, 0x0101, 0x0101,
    0x0101, 0x0101, 0x0101, 0x0101, 0x0101, 0x0101, 0x0101, 0x0101, 0x0101, 0x0101, 0x0101, 0x0101,
    0x0101, 0x0101, 0x0101, 0x0101, 0x0101, 0x0101, 0x0101, 0x0101, 0x0101, 0x0101, 0x0101, 0x0101,
    0x0101, 0x0101, 0x0101, 0x0101, 0x0101, 0x0101, 0x0101, 0x0101, 0x0101, 0x0101, 0x0101, 0x0101,
    0x0101, 0x0101, 0x0101, 0x0101, 0x0101, 0x0101, 0x0101, 0x0101, 0x0101, 0x0101, 0x0101, 0x0101,
    0x0101, 0x0101, 0x0101, 0x0101, 0x0101, 0x0101, 0x0101, 0x0101, 0x0101, 0x0101, 0x0101, 0x0101,
    0x0101, 0x0101, 0x0101, 0x0101, 0x0101, 0x0101, 0x0101, 0x0101, 0x0101, 0x0101, 0x0101, 0x0101,
    0x0101, 0x0101, 0x0101, 0x0101, 0x0101, 0x0101, 0x0101, 0x0101, 0x0101, 0x0101, 0x0101, 0x0101,
    0x0101, 0x0101, 0x0101, 0x0101, 0x0101, 0x0101, 0x0101, 0x0101, 0x0101, 0x0101, 0x0101, 0x0101,
    0x0101, 0x0101, 0x0101, 0x0101, 0x0101, 0x0101, 0x0101, 0x0101, 0x0101, 0x0101, 0x0101, 0x0101,
    0x0101, 0x0101, 0x0101, 0x0101, 0x0101, 0x0101, 0x0101, 0x0101, 0x0101, 0x0101, 0x0101, 0x0101,
    0x0101, 0x0101, 0x0101, 0x0101, 0x0101, 0x0101, 0x0101, 0x0101, 0x0101, 0x0101, 0x0101, 0x0101,
    0x0101, 0x0101, 0x0101, 0x0101, 0x0101, 0x0101, 0x0101, 0x0101, 0x0101, 0x0101, 0x0101, 0x0101,
    0x0101, 0x0101, 0x0101, 0x0101, 0x0101, 0x0101, 0x0101, 0x0101, 0x0101, 0x0101, 0x0101, 0x0101,
    0x0101, 0x0101, 0x0101, 0x0101, 0x0101, 0x0101, 0x0101, 0x0101, 0x0101, 0x0101, 0x0101, 0x0101,
    0x0101, 0x0101, 0x0101, 0x0101, 0x0101, 0x0101, 0x0101, 0x0101, 0x0101, 0x0101, 0x0101, 0x0101,
    0x0101, 0x0101, 0x0101, 0x0101, 0x0101, 0x0101, 0x0101, 0x0101, 0x0101, 0x0101, 0x0101, 0x0101,
    0x0101, 0x0101, 0x0101, 0x0101, 0x0101, 0x0101, 0x0101, 0x0101, 0x0101, 0x0101, 0x0101, 0x0101,
    0x0101, 0x0101, 0x0101, 0x0101, 0x0101, 0x0101, 0x0101, 0x0101, 0x0101, 0x0101, 0x0101, 0x0101,
    0x0101, 0x0101, 0x0101, 0x0101, 0x0101, 0x0101, 0x0101, 0x0101, 0x0101, 0x0101, 0x0101, 0x0101,
    0x0101, 0x0101, 0x0101, 0x0101, 0x0101, 0x0101, 0x0101, 0x0101, 0x0101, 0x0101, 0x0101, 0x0101,
    0x0101, 0x0101, 0x0101, 0x0101, 0x0101, 0x0101, 0x0101, 0x0101, 0x0101, 0x0101, 0x0101, 0x0101,
    0x0101, 0x0101, 0x0101, 0x0101, 0x0101, 0x0101, 0x0101, 0x0101, 0x0101, 0x0101, 0x0101, 0x0101,
    0x0101, 0x0101, 0x0101, 0x0101, 0x0101, 0x0101, 0x0101, 0x0101, 0x0101, 0x0101, 0x0101, 0x0101,
    0x0101, 0x0101, 0x0101, 0x0101, 0x0101, 0x0101, 0x0101, 0x0101, 0x0101, 0x0101, 0x0101, 0x0101,
    0x0101, 0x0101, 0x0101, 0x0101, 0x0101, 0x0101, 0x0101, 0x0101, 0x0101, 0x0101, 0x0101, 0x0101,
    0x0101, 0x0101, 0x0101, 0x0101, 0x0101, 0x0101, 0x0101, 0x0101, 0x0101, 0x0101, 0x0101, 0x0101,
    0x0101, 0x0101, 0x0101, 0x0101, 0x0101, 0x0101, 0x0101, 0x0101, 0x0101, 0x0101, 0x0101, 0x0101,
    0x0101, 0x0101, 0x0101, 0x0101, 0x0101, 0x0101, 0x0101, 0x0101, 0x0101, 0x0101, 0x0101, 0x0101,
    0x0101, 0x0101, 0x0101, 0x0101, 0x0101, 0x0101, 0x0101, 0x0101, 0x0101, 0x0101, 0x0101, 0x0101,
    0x0101, 0x0101, 0x0101, 0x0101, 0x0101, 0x0101, 0x0101, 0x0101, 0x0101, 0x0101, 0x0101, 0x0101,
    0x0101, 0x0101, 0x0101, 0x0101, 0x0101, 0x0101, 0x0101, 0x0101, 0x0101, 0x0101, 0x0101, 0x0101,
    0x0101, 0x0101, 0x0101, 0x0101, 0x0101, 0x0101, 0x0101, 0x0101, 0x0101, 0x0101, 0x0101, 0x0101,
    0x0101, 0x0101, 0x0101, 0x0101, 0x0101, 0x0101, 0x0101, 0x0101, 0x0101, 0x0101, 0x0101, 0x0101,
    0x0101, 0x0101, 0x0101, 0x0101, 0x0101, 0x0101, 0x0101, 0x0101, 0x0101, 0x0101, 0x0101, 0x0101,
    0x0101, 0x0101, 0x0101, 0x0101, 0x0101, 0x0101, 0x0101, 0x0101, 0x0101, 0x0101, 0x0101, 0x0101,
    0x0101, 0x0101, 0x0101, 0x0101, 0x0101, 0x0101, 0x0101, 0x0101, 0x0101, 0x0101, 0x0101, 0x0101,
    0x0101, 0x0101, 0x0101, 0x0101, 0x0101, 0x0101, 0x0101, 0x0101, 0x0101, 0x0101, 0x0101, 0x0101,
    0x0101, 0x0101, 0x0101, 0x0101, 0x0101, 0x0101, 0x0101, 0x0101, 0x0101, 0x0101, 0x0101, 0x0101,
    0x0101, 0x0101, 0x0101, 0x0101, 0x0101, 0x0101, 0x0101, 0x0101, 0x0101, 0x0101, 0x0101, 0x0101,
    0x0101, 0x0101, 0x0101, 0x0101, 0x0101, 0x0101, 0x0101, 0x0101, 0x0101, 0x0101, 0x0101, 0x0101,
    0x0101, 0x0101, 0x0101, 0x0101, 0x0101, 0x0101, 0x0101, 0x0101, 0x0101, 0x0101, 0x0101, 0x0101,
    0x0101, 0x0101, 0x0101, 0x0101, 0x0101, 0x0101, 0x0101, 0x0101, 0x0101, 0x0101, 0x0101, 0x0101,
    0x0101, 0x0101, 0x0101, 0x0101, 0x0101, 0x0101, 0x0101, 0x0101, 0x0101, 0x0101, 0x0101, 0x0101,
    0x0101, 0x0101, 0x0101, 0x0101, 0x0101, 0x0101, 0x0101, 0x0101, 0x0101, 0x0101, 0x0101, 0x0101,
    0x0101, 0x0101, 0x0101, 0x0101, 0x0101, 0x0101, 0x0101, 0x0101, 0x0101, 0x0101, 0x0101, 0x0101,
    0x0101, 0x0101, 0x0101, 0x0101, 0x0101, 0x0101, 0x0101, 0x0101, 0x0101, 0x0101, 0x0101, 0x0101,
    0x0101, 0x0101, 0x0101, 0x0101, 0x0101, 0x0101, 0x0101, 0x0101, 0x0101, 0x0101, 0x0101, 0x0101,
    0x0101, 0x0101, 0x0101, 0x0101, 0x0101, 0x0101, 0x0101, 0x0101, 0x0101, 0x0101, 0x0101, 0x0101,
    0x0101, 0x0101, 0x0101, 0x0101, 0x0101, 0x0101, 0x0101, 0x0101, 0x0101, 0x0101, 0x0101, 0x0101,
    0x0101, 0x0101, 0x0101, 0x0101, 0x0101, 0x0101, 0x0101, 0x0101, 0x0101, 0x0101, 0x0101, 0x0101,
    0x0101, 0x0101, 0x0101, 0x0101, 0x0101, 0x0101, 0x0101, 0x0101, 0x0101, 0x0101, 0x0101, 0x0101,
    0x0101, 0x0101, 0x0101, 0x0101, 0x0101, 0x0101, 0x0101, 0x0101, 0x0101, 0x0101, 0x0101, 0x0101,
    0x0101, 0x0101, 0x0101, 0x0101, 0x0101, 0x0101, 0x0101, 0x0101, 0x0101, 0x0101, 0x0101, 0x0101,
    0x0101, 0x0101, 0x0101, 0x0101, 0x0101, 0x0101, 0x0101, 0x0101, 0x0101, 0x0101, 0x0101, 0x0101,
    0x0101, 0x0101, 0x0101, 0x0101, 0x0101, 0x0101, 0x0101, 0x0101, 0x0101, 0x0101, 0x0101, 0x0101,
    0x0101, 0x0101, 0x0101, 0x0101, 0x0101, 0x0101, 0x0101, 0x0101, 0x0101, 0x0101, 0x0101, 0x0101,
    0x0101, 0x0101, 0x0101, 0x0101, 0x0101, 0x0101, 0x0101, 0x0101, 0x0101, 0x0101, 0x0101, 0x0101,
    0x0101, 0x0101, 0x0101, 0x0101, 0x0101, 0x0101, 0x0101, 0x0101, 0x0101, 0x0101, 0x0101, 0x0101,
    0x0101, 0x0101, 0x0101, 0x0101, 0x0101, 0x0101, 0x0101, 0x0101, 0x0101, 0x0101, 0x0101, 0x0101,
    0x0101, 0x0101, 0x0101, 0x0101, 0x0101, 0x0101, 0x0101, 0x0101, 0x0101, 0x0101, 0x0101, 0x0101,
    0x0101, 0x0101, 0x0101, 0x0101, 0x0101, 0x0101, 0x0101, 0x0101, 0x0101, 0x0101, 0x0101, 0x0101,
    0x0101, 0x0101, 0x0101, 0x0101, 0x0101, 0x0101, 0x0101, 0x0101, 0x0101, 0x0101, 0x0101, 0x0101,
    0x0101, 0x0101, 0x0101, 0x0101, 0x0101, 0x0101, 0x0101, 0x0101, 0x0101, 0x0101, 0x0101, 0x0101,
    0x0101, 0x0101, 0x0101, 0x0101, 0x0101, 0x0101, 0x0101, 0x0101, 0x0101, 0x0101, 0x0101, 0x0101,
    0x0101, 0x0101, 0x0101, 0x0101, 0x0101, 0x0101, 0x0101, 0x0101, 0x0101, 0x0101, 0x0101, 0x0101,
    0x0101, 0x0101, 0x0101, 0x0101, 0x0101, 0x0101, 0x0101, 0x0101, 0x0101, 0x0101, 0x0101, 0x0101,
    0x0101, 0x0101, 0x0101, 0x0101, 0x0101, 0x0101, 0x0101, 0x0101, 0x0101, 0x0101, 0x0101, 0x0101,
    0x0101, 0x0101, 0x0101, 0x0101, 0x0101, 0x0101, 0x0101, 0x0101, 0x0101, 0x0101, 0x0101, 0x0101,
    0x0101, 0x0101, 0x0101, 0x0101, 0x0101, 0x0101, 0x0101, 0x0101, 0x0101, 0x0101, 0x0101, 0x0101,
    0x0101, 0x0101, 0x0101, 0x0101, 0x0101, 0x0101, 0x0101, 0x0101, 0x0101, 0x0101, 0x0101, 0x0101,
    0x0101, 0x0101, 0x0101, 0x0101, 0x0101, 0x0101, 0x0101, 0x0101, 0x0101, 0x0101, 0x0101, 0x0101,
    0x0101, 0x0101, 0x0101, 0x0101, 0x0101, 0x0101, 0x0101, 0x0101, 0x0101, 0x0101, 0x0101, 0x0101,
    0x0101, 0x0101, 0x0101, 0x0101, 0x0101, 0x0101, 0x0101, 0x0101, 0x0101, 0x0101, 0x0101, 0x0101,
    0x0101, 0x0101, 0x0101, 0x0101, 0x0101, 0x0101, 0x0101, 0x0101, 0x0101, 0x0101, 0x0101, 0x0101,
    0x0101, 0x0101, 0x0101, 0x0101, 0x0101, 0x0101, 0x0101, 0x0101, 0x0101, 0x0101, 0x0101, 0x0101,
    0x0101, 0x0101, 0x0101, 0x0101, 0x0101, 0x0101, 0x0101, 0x0101, 0x0101, 0x0101, 0x0101, 0x0101,
    0x0101, 0x0101, 0x0101, 0x0101, 0x0101, 0x0101, 0x0101, 0x0101, 0x0101, 0x0101, 0x0101, 0x0101,
    0x0101, 0x0101, 0x0101, 0x0101, 0x0101, 0x0101, 0x0101, 0x0101, 0x0101, 0x0101, 0x0101, 0x0101,
    0x0101, 0x0101, 0x0101, 0x0101, 0x0101, 0x0101, 0x0101, 0x0101, 0x0101, 0x0101, 0x0101, 0x0101,
    0x0101, 0x0101, 0x0101, 0x0101, 0x0101, 0x0101, 0x0101, 0x0101, 0x0101, 0x0101, 0x0101, 0x0101,
    0x0101, 0x0101, 0x0101, 0x0101, 0x0101, 0x0101, 0x0101, 0x0101, 0x0101, 0x0101, 0x0101, 0x0101,
    0x0101, 0x0101, 0x0101, 0x0101, 0x0101, 0x0101, 0x0101, 0x0101, 0x0101, 0x0101, 0x0101, 0x0101,
    0x0101, 0x0101, 0x0101, 0x0101, 0x0101, 0x0101, 0x0101, 0x0101, 0x0101, 0x0101, 0x0101, 0x0101,
    0x0101, 0x0101, 0x0101, 0x0101, 0x0101, 0x0101, 0x0101, 0x0101, 0x0101, 0x0101, 0x0101, 0x0101,
    0x0101, 0x0101, 0x0101, 0x0101, 0x0101, 0x0101, 0x0101, 0x0101, 0x0101, 0x0101, 0x0101, 0x0101,
    0x0101, 0x0101, 0x0101, 0x0101, 0x0101, 0x0101, 0x0101, 0x0101, 0x0101, 0x0101, 0x0101, 0x0101,
    0x0101, 0x0101, 0x0101, 0x0101, 0x0101, 0x0101, 0x0101, 0x0101, 0x0101, 0x0101, 0x0101, 0x0101,
    0x0101, 0x0101, 0x0101, 0x0101, 0x0101, 0x0101, 0x0101, 0x0101, 0x0101, 0x0101, 0x0101, 0x0101,
    0x0101, 0x0101, 0x0101, 0x0101, 0x0101, 0x0101, 0x0101, 0x0101, 0x0101, 0x0101, 0x0101, 0x0101,
    0x0101, 0x0101, 0x0101, 0x0101, 0x0101, 0x0101, 0x0101, 0x0101, 0x0101, 0x0101, 0x0101, 0x0101,
    0x0101, 0x0101, 0x0101, 0x0101, 0x0101, 0x0101, 0x0101, 0x0101, 0x0101, 0x0101, 0x0101, 0x0101,
    0x0101, 0x0101, 0x0101, 0x0101, 0x0101, 0x0101, 0x0101, 0x0101, 0x0101, 0x0101, 0x0101, 0x0101,
    0x0101, 0x0101, 0x0101, 0x0101, 0x0101, 0x0101, 0x0101, 0x0101, 0x0101, 0x0101, 0x0101, 0x0101,
    0x0101, 0x0101, 0x0101, 0x0101, 0x0101, 0x0101, 0x0101, 0x0101, 0x0101, 0x0101, 0x0101, 0x0101,
    0x0101, 0x0101, 0x0101, 0x0101, 0x0101, 0x0101, 0x0101, 0x0101, 0x0101, 0x0101, 0x0101, 0x0101,
    0x0101, 0x0101, 0x0101, 0x0101, 0x0101, 0x0101, 0x0101, 0x0101, 0x0101, 0x0101, 0x0101, 0x0101,
    0x0101, 0x0101, 0x0101, 0x0101, 0x0101, 0x0101, 0x0101, 0x0101, 0x0101, 0x0101, 0x0101, 0x0101,
    0x0101, 0x0101, 0x0101, 0x0101, 0x0101, 0x0101, 0x0101, 0x0101, 0x0101, 0x0101, 0x0101, 0x0101,
    0x0101, 0x0101, 0x0101, 0x0101, 0x0101, 0x0101, 0x0101, 0x0101, 0x0101, 0x0101, 0x0101, 0x0101,
    0x0101, 0x0101, 0x0101, 0x0101, 0x0101, 0x0101, 0x0101, 0x0101, 0x0101, 0x0101, 0x0101, 0x0101,
    0x0101, 0x0101, 0x0101, 0x0101, 0x0101, 0x0101, 0x0101, 0x0101, 0x0101, 0x0101, 0x0101, 0x0101,
    0x0101, 0x0101, 0x0101, 0x0101, 0x0101, 0x0101, 0x0101, 0x0101, 0x0101, 0x0101, 0x0101, 0x0101,
    0x0101, 0x0101, 0x0101, 0x0101, 0x0101, 0x0101, 0x0101, 0x0101, 0x0101, 0x0101, 0x0101, 0x0101,
    0x0101, 0x0101, 0x0101, 0x0101, 0x0101, 0x0101, 0x0101, 0x0101, 0x0101, 0x0101, 0x0101, 0x0101,
    0x0101, 0x0101, 0x0101, 0x0101, 0x0101, 0x0101, 0x0101, 0x0101, 0x0101, 0x0101, 0x0101, 0x0101,
    0x0101, 0x0101, 0x0101, 0x0101, 0x0101, 0x0101, 0x0101, 0x0101, 0x0101, 0x0101, 0x0101, 0x0101,
    0x0101, 0x0101, 0x0101, 0x0101, 0x0101, 0x0101, 0x0101, 0x0101, 0x0101, 0x0101, 0x0101, 0x0101,
    0x0101, 0x0101, 0x0101, 0x0101, 0x0101, 0x0101, 0x0101, 0x0101, 0x0101, 0x0101, 0x0101, 0x0101,
    0x0101, 0x0101, 0x0101, 0x0101, 0x0101, 0x0101, 0x0101, 0x0101, 0x0101, 0x0101, 0x0101, 0x0101,
    0x0101, 0x0101, 0x0101, 0x0101, 0x0101, 0x0101, 0x0101, 0x0101, 0x0101, 0x0101, 0x0101, 0x0101,
    0x0101, 0x0101, 0x0101, 0x0101, 0x0101, 0x0101, 0x0101, 0x0101, 0x0101, 0x0101, 0x0101, 0x0101,
    0x0101, 0x0101, 0x0101, 0x0101, 0x0101, 0x0101, 0x0101, 0x0101, 0x0101, 0x0101, 0x0101, 0x0101,
    0x0101, 0x0101, 0x0101, 0x0101, 0x0101, 0x0101, 0x0101, 0x0101, 0x0101, 0x0101, 0x0101, 0x0101,
    0x0101, 0x0101, 0x0101, 0x0101, 0x0101, 0x0101, 0x0101, 0x0101, 0x0101, 0x0101, 0x0101, 0x0101,
    0x0101, 0x0101, 0x0101, 0x0101, 0x0101, 0x0101, 0x0101, 0x0101, 0x0101, 0x0101, 0x0101, 0x0101,
    0x0101, 0x0101, 0x0101, 0x0101, 0x0101, 0x0101, 0x0101, 0x0101, 0x0101, 0x0101, 0x0101, 0x0101,
    0x0101, 0x0101, 0x0101, 0x0101, 0x0101, 0x0101, 0x0101, 0x0101, 0x0101, 0x0101, 0x0101, 0x0101,
    0x0101, 0x0101, 0x0101, 0x0101, 0x0101, 0x0101, 0x0101, 0x0101, 0x0101, 0x0101, 0x0101, 0x0101,
    0x0101, 0x0101, 0x0101, 0x0101, 0x0101, 0x0101, 0x0101, 0x0101, 0x0101, 0x0101, 0x0101, 0x0101,
    0x0101, 0x0101, 0x0101, 0x0101, 0x0101, 0x0101, 0x0101, 0x0101, 0x0101, 0x0101, 0x0101, 0x0101,
    0x0101, 0x0101, 0x0101, 0x0101, 0x0101, 0x0101, 0x0101, 0x0101, 0x0101, 0x0101, 0x0101, 0x0101,
    0x0101, 0x0101, 0x0101, 0x0101, 0x0101, 0x0101, 0x0101, 0x0101, 0x0101, 0x0101, 0x0101, 0x0101,
    0x0101, 0x0101, 0x0101, 0x0101, 0x0101, 0x0101, 0x0101, 0x0101, 0x0101, 0x0101, 0x0101, 0x0101,
    0x0101, 0x0101, 0x0101, 0x0101, 0x0101, 0x0101, 0x0101, 0x0101, 0x0101, 0x0101, 0x0101, 0x0101,
    0x0101, 0x0101, 0x0101, 0x0101, 0x0101, 0x0101, 0x0101, 0x0101, 0x0101, 0x0101, 0x0101, 0x0101,
    0x0101, 0x0101, 0x0101, 0x0101, 0x0101, 0x0101, 0x0101, 0x0101, 0x0101, 0x0101, 0x0101, 0x0101,
    0x0101, 0x0101, 0x0101, 0x0101, 0x0101, 0x0101, 0x0101, 0x0101, 0x0101, 0x0101, 0x0101, 0x0101,
    0x0101, 0x0101, 0x0101, 0x0101, 0x0101, 0x0101, 0x0101, 0x0101, 0x0101, 0x0101, 0x0101, 0x0101,
    0x0101, 0x0101, 0x0101, 0x0101, 0x0101, 0x0101, 0x0101, 0x0101, 0x0101, 0x0101, 0x0101, 0x0101,
    0x0101, 0x0101, 0x0101, 0x0101, 0x0101, 0x0101, 0x0101, 0x0101, 0x0101, 0x0101, 0x0101, 0x0101,
    0x0101, 0x0101, 0x0101, 0x0101, 0x0101, 0x0101, 0x0101, 0x0101, 0x0101, 0x0101, 0x0101, 0x0101,
    0x0101, 0x0101, 0x0101, 0x0101, 0x0101, 0x0101, 0x0101, 0x0101, 0x0101, 0x0101, 0x0101, 0x0101,
    0x0101, 0x0101, 0x0101, 0x0101, 0x0101, 0x0101, 0x0101, 0x0101, 0x0101, 0x0101, 0x0101, 0x0101,
    0x0101, 0x0101, 0x0101, 0x0101, 0x0101, 0x0101, 0x0101, 0x0101, 0x0101, 0x0101, 0x0101, 0x0101,
    0x0101, 0x0101, 0x0101, 0x0101, 0x0101, 0x0101, 0x0101, 0x0101, 0x0101, 0x0101, 0x0101, 0x0101,
    0x0101, 0x0101, 0x0101, 0x0101, 0x0101, 0x0101, 0x0101, 0x0101, 0x0101, 0x0101, 0x0101, 0x0101,
    0x0101, 0x0101, 0x0101, 0x0101, 0x0101, 0x0101, 0x0101, 0x0101, 0x0101, 0x0101, 0x0101, 0x0101,
    0x0101, 0x0101, 0x0101, 0x0101, 0x0101, 0x0101, 0x0101, 0x0101, 0x0101, 0x0101, 0x0101, 0x0101,
    0x0101, 0x0101, 0x0101, 0x0101, 0x0101, 0x0101, 0x0101, 0x0101, 0x0101, 0x0101, 0x0101, 0x0101,
    0x0101, 0x0101, 0x0101, 0x0101, 0x0101, 0x0101, 0x0101, 0x0101, 0x0101, 0x0101, 0x0101, 0x0101,
    0x0101, 0x0101, 0x0101, 0x0101, 0x0101, 0x0101, 0x0101, 0x0101, 0x0101, 0x0101, 0x0101, 0x0101,
    0x0101, 0x0101, 0x0101, 0x0101, 0x0101, 0x0101, 0x0101, 0x0101, 0x0101, 0x0101, 0x0101, 0x0101,
    0x0101, 0x0101, 0x0101, 0x0101, 0x0101, 0x0101, 0x0101, 0x0101, 0x0101, 0x0101, 0x0101, 0x0101,
    0x0101, 0x0101, 0x0101, 0x0101, 0x0101, 0x0101, 0x0101, 0x0101, 0x0101, 0x0101, 0x0101, 0x0101,
    0x0101, 0x0101, 0x0101, 0x0101, 0x0101, 0x0101, 0x0101, 0x0101, 0x0101, 0x0101, 0x0101, 0x0101,
    0x0101, 0x0101, 0x0101, 0x0101, 0x0101, 0x0101, 0x0101, 0x0101, 0x0101, 0x0101, 0x0101, 0x0101,
    0x0101, 0x0101, 0x0101, 0x0101, 0x0101, 0x0101, 0x0101, 0x0101, 0x0101, 0x0101, 0x0101, 0x0101,
    0x0101, 0x0101, 0x0101, 0x0101, 0x0101, 0x0101, 0x0101, 0x0101, 0x0101, 0x0101, 0x0101, 0x0101,
    0x0101, 0x0101, 0x0101, 0x0101, 0x0101, 0x0101, 0x0101, 0x0101, 0x0101, 0x0101, 0x0101, 0x0101,
    0x0101, 0x0101, 0x0101, 0x0101, 0x0101, 0x0101, 0x0101, 0x0101, 0x0101, 0x0101, 0x0101, 0x0101,
    0x0101, 0x0101, 0x0101, 0x0101, 0x0101, 0x0101, 0x0101, 0x0101, 0x0101, 0x0101, 0x0101, 0x0101,
    0x0101, 0x0101, 0x0101, 0x0101, 0x0101, 0x0101, 0x0101, 0x0101, 0x0101, 0x0101, 0x0101, 0x0101,
    0x0101, 0x0101, 0x0101, 0x0101, 0x0101, 0x0101, 0x0101, 0x0101, 0x0101, 0x0101, 0x0101, 0x0101,
    0x0101, 0x0101, 0x0101, 0x0101, 0x0101, 0x0101, 0x0101, 0x0101, 0x0101, 0x0101, 0x0101, 0x0101,
    0x0101, 0x0101, 0x0101, 0x0101, 0x0101, 0x0101, 0x0101, 0x0101, 0x0101, 0x0101, 0x0101, 0x0101,
    0x0101, 0x0101, 0x0101, 0x0101, 0x0101, 0x0101, 0x0101, 0x0101, 0x0101, 0x0101, 0x0101, 0x0101,
    0x0101, 0x0101, 0x0101, 0x0101, 0x0101, 0x0101, 0x0101, 0x0101, 0x0101, 0x0101, 0x0101, 0x0101,
    0x0101, 0x0101, 0x0101, 0x0101, 0x0101, 0x0101, 0x0101, 0x0101, 0x0101, 0x0101, 0x0101, 0x0101,
    0x0101, 0x0101, 0x0101, 0x0101, 0x0101, 0x0101, 0x0101, 0x0101, 0x0101, 0x0101, 0x0101, 0x0101,
    0x0101, 0x0101, 0x0101, 0x0101, 0x0101, 0x0101, 0x0101, 0x0101, 0x0101, 0x0101, 0x0101, 0x0101,
    0x0101, 0x0101, 0x0101, 0x0101, 0x0101, 0x0101, 0x0101, 0x0101, 0x0101, 0x0101, 0x0101, 0x0101,
    0x0101, 0x0101, 0x0101, 0x0101, 0x0101, 0x0101, 0x0101, 0x0101, 0x0101, 0x0101, 0x0101, 0x0101,
    0x0101, 0x0101, 0x0101, 0x0101, 0x0101, 0x0101, 0x0101, 0x0101, 0x0101, 0x0101, 0x0101, 0x0101,
    0x0101, 0x0101, 0x0101, 0x0101, 0x0101, 0x0101, 0x0101, 0x0101, 0x0101, 0x0101, 0x0101, 0x0101,
    0x0101, 0x0101, 0x0101, 0x0101, 0x0101, 0x0101, 0x0101, 0x0101, 0x0101, 0x0101, 0x0101, 0x0101,
    0x0101, 0x0101, 0x0101, 0x0101, 0x0101, 0x0101, 0x0101, 0x0101, 0x0101, 0x0101, 0x0101, 0x0101,
    0x0101, 0x0101, 0x0101, 0x0101, 0x0101, 0x0101, 0x0101, 0x0101, 0x0101, 0x0101, 0x0101, 0x0101,
    0x0101, 0x0101, 0x0101, 0x0101, 0x0101, 0x0101, 0x0101, 0x0101, 0x0101, 0x0101, 0x0101, 0x0101,
    0x0101, 0x0101, 0x0101, 0x0101, 0x0101, 0x0101, 0x0101, 0x0101, 0x0101, 0x0101, 0x0101, 0x0101,
    0x0101, 0x0101, 0x0101, 0x0101, 0x0101, 0x0101, 0x0101, 0x0101, 0x0101, 0x0101, 0x0101, 0x0101,
    0x0101, 0x0101, 0x0101, 0x0101, 0x0101, 0x0101, 0x0101, 0x0101, 0x0101, 0x0101, 0x0101, 0x0101,
    0x0101, 0x0101, 0x0101, 0x0101, 0x0101, 0x0101, 0x0101, 0x0101, 0x0101, 0x0101, 0x0101, 0x0101,
    0x0101, 0x0101, 0x0101, 0x0101, 0x0101, 0x0101, 0x0101, 0x0101, 0x0101, 0x0101, 0x0101, 0x0101,
    0x0101, 0x0101, 0x0101, 0x0101, 0x0101, 0x0101, 0x0101, 0x0101, 0x0101, 0x0101, 0x0101, 0x0101,
    0x0101, 0x0101, 0x0101, 0x0101, 0x0101, 0x0101, 0x0101, 0x0101, 0x0101, 0x0101, 0x0101, 0x0101,
    0x0101, 0x0101, 0x0101, 0x0101, 0x0101, 0x0101, 0x0101, 0x0101, 0x0101, 0x0101, 0x0101, 0x0101,
    0x0101, 0x0101, 0x0101, 0x0101, 0x0101, 0x0101, 0x0101, 0x0101, 0x0101, 0x0101, 0x0101, 0x0101,
    0x0101, 0x0101, 0x0101, 0x0101, 0x0101, 0x0101, 0x0101, 0x0101, 0x0101, 0x0101, 0x0101, 0x0101,
    0x0101, 0x0101, 0x0101, 0x0101, 0x0101, 0x0101, 0x0101, 0x0101, 0x0101, 0x0101, 0x0101, 0x0101,
    0x0101, 0x0101, 0x0101, 0x0101, 0x0101, 0x0101, 0x0101, 0x0101, 0x0101, 0x0101, 0x0101, 0x0101,
    0x0101, 0x0101, 0x0101, 0x0101, 0x0101, 0x0101, 0x0101, 0x0101, 0x0101, 0x0101, 0x0101, 0x0101,
    0x0101, 0x0101, 0x0101, 0x0101, 0x0101, 0x0101, 0x0101, 0x0101, 0x0101, 0x0101, 0x0101, 0x0101,
    0x0101, 0x0101, 0x0101, 0x0101, 0x0101, 0x0101, 0x0101, 0x0101, 0x0101, 0x0101, 0x0101, 0x0101,
    0x0101, 0x0101, 0x0101, 0x0101, 0x0101, 0x0101, 0x0101, 0x0101, 0x0101, 0x0101, 0x0101, 0x0101,
    0x0101, 0x0101, 0x0101, 0x0101, 0x0101, 0x0101, 0x0101, 0x0101, 0x0101, 0x0101, 0x0101, 0x0101,
    0x0101, 0x0101, 0x0101, 0x0101, 0x0101, 0x0101, 0x0101, 0x0101, 0x0101, 0x0101, 0x0101, 0x0101,
    0x0101, 0x0101, 0x0101, 0x0101, 0x0101, 0x0101, 0x0101, 0x0101, 0x0101, 0x0101, 0x0101, 0x0101,
    0x0101, 0x0101, 0x0101, 0x0101, 0x0101, 0x0101, 0x0101, 0x0101, 0x0101, 0x0101, 0x0101, 0x0101,
    0x0101, 0x0101, 0x0101, 0x0101, 0x0101, 0x0101, 0x0101, 0x0101, 0x0101, 0x0101, 0x0101, 0x0101,
    0x0101, 0x0101, 0x0101, 0x0101, 0x0101, 0x0101, 0x0101, 0x0101, 0x0101, 0x0101, 0x0101, 0x0101,
    0x0101, 0x0101, 0x0101, 0x0101, 0x0101, 0x0101, 0x0101, 0x0101, 0x0101, 0x0101, 0x0101, 0x0101,
    0x0101, 0x0101, 0x0101, 0x0101, 0x0101, 0x0101, 0x0101, 0x0101, 0x0101, 0x0101, 0x0101, 0x0101,
    0x0101, 0x0101, 0x0101, 0x0101, 0x0101, 0x0101, 0x0101, 0x0101, 0x0101, 0x0101, 0x0101, 0x0101,
    0x0101, 0x0101, 0x0101, 0x0101, 0x0101, 0x0101, 0x0101, 0x0101, 0x0101, 0x0101, 0x0101, 0x0101,
    0x0101, 0x0101, 0x0101, 0x0101, 0x0101, 0x0101, 0x0101, 0x0101, 0x0101, 0x0101, 0x0101, 0x0101,
    0x0101, 0x0101, 0x0101, 0x0101, 0x0101, 0x0101, 0x0101, 0x0101, 0x0101, 0x0101, 0x0101, 0x0101,
    0x0101, 0x0101, 0x0101, 0x0101, 0x0101, 0x0101, 0x0101, 0x0101, 0x0101, 0x0101, 0x0101, 0x0101,
    0x0101, 0x0101, 0x0101, 0x0101, 0x0101, 0x0101, 0x0101, 0x0101, 0x0101, 0x0101, 0x0101, 0x0101,
    0x0101, 0x0101, 0x0101, 0x0101, 0x0101, 0x0101, 0x0101, 0x0101, 0x0101, 0x0101, 0x0101, 0x0101,
    0x0101, 0x0101, 0x0101, 0x0101, 0x0101, 0x0101, 0x0101, 0x0101, 0x0101, 0x0101, 0x0101, 0x0101,
    0x0101, 0x0101, 0x0101, 0x0101, 0x0101, 0x0101, 0x0101, 0x0101, 0x0101, 0x0101, 0x0101, 0x0101,
    0x0101, 0x0101, 0x0101, 0x0101, 0x0101, 0x0101, 0x0101, 0x0101, 0x0101, 0x0101, 0x0101, 0x0101,
    0x0101, 0x0101, 0x0101, 0x0101, 0x0101, 0x0101, 0x0101, 0x0101, 0x0101, 0x0101, 0x0101, 0x0101,
    0x0101, 0x0101, 0x0101, 0x0101, 0x0101, 0x0101, 0x0101, 0x0101, 0x0101, 0x0101, 0x0101, 0x0101,
    0x0101, 0x0101, 0x0101, 0x0101, 0x0101, 0x0101, 0x0101, 0x0101, 0x0101, 0x0101, 0x0101, 0x0101,
    0x0101, 0x0101, 0x0101, 0x0101, 0x0101, 0x0101, 0x0101, 0x0101, 0x0101, 0x0101, 0x0101, 0x0101,
    0x0101, 0x0101, 0x0101, 0x0101, 0x0101, 0x0101, 0x0101, 0x0101, 0x0101, 0x0101, 0x0101, 0x0101,
    0x0101, 0x0101, 0x0101, 0x0101, 0x0101, 0x0101, 0x0101, 0x0101, 0x0101, 0x0101, 0x0101, 0x0101,
    0x0101, 0x0101, 0x0101, 0x0101, 0x0101, 0x0101, 0x0101, 0x0101, 0x0101, 0x0101, 0x0101, 0x0101,
    0x0101, 0x0101, 0x0101, 0x0101, 0x0101, 0x0101, 0x0101, 0x0101, 0x0101, 0x0101, 0x0101, 0x0101,
    0x0101, 0x0101, 0x0101, 0x0101, 0x0101, 0x0101, 0x0101, 0x0101, 0x0101, 0x0101, 0x0101, 0x0101,
    0x0101, 0x0101, 0x0101, 0x0101, 0x0101, 0x0101, 0x0101, 0x0101, 0x0101, 0x0101, 0x0101, 0x0101,
    0x0101, 0x0101, 0x0101, 0x0101, 0x0101, 0x0101, 0x0101, 0x0101, 0x0101, 0x0101, 0x0101, 0x0101,
    0x0101, 0x0101, 0x0101, 0x0101, 0x0101, 0x0101, 0x0101, 0x0101, 0x0101, 0x0101, 0x0101, 0x0101,
    0x0101, 0x0101, 0x0101, 0x0101, 0x0101, 0x0101, 0x0101, 0x0101, 0x0101, 0x0101, 0x0101, 0x0101,
    0x0101, 0x0101, 0x0101, 0x0101, 0x0101, 0x0101, 0x0101, 0x0101, 0x0101, 0x0101, 0x0101, 0x0101,
    0x0101, 0x0101, 0x0101, 0x0101, 0x0101, 0x0101, 0x0101, 0x0101, 0x0101, 0x0101, 0x0101, 0x0101,
    0x0101, 0x0101, 0x0101, 0x0101, 0x0101, 0x0101, 0x0101, 0x0101, 0x0101, 0x0101, 0x0101, 0x0101,
    0x0101, 0x0101, 0x0101, 0x0101, 0x0101, 0x0101, 0x0101, 0x0101, 0x0101, 0x0101, 0x0101, 0x0101,
    0x0101, 0x0101, 0x0101, 0x0101, 0x0101, 0x0101, 0x0101, 0x0101, 0x0101, 0x0101, 0x0101, 0x0101,
    0x0101, 0x0101, 0x0101, 0x0101, 0x0101, 0x0101, 0x0101, 0x0101, 0x0101, 0x0101, 0x0101, 0x0101,
    0x0101, 0x0101, 0x0101, 0x0101, 0x0101, 0x0101, 0x0101, 0x0101, 0x0101, 0x0101, 0x0101, 0x0101,
    0x0101, 0x0101, 0x0101, 0x0101, 0x0101, 0x0101, 0x0101, 0x0101, 0x0101, 0x0101, 0x0101, 0x0101,
    0x0101, 0x0101, 0x0101, 0x0101, 0x0101, 0x0101, 0x0101, 0x0101, 0x0101, 0x0101, 0x0101, 0x0101,
    0x0101, 0x0101, 0x0101, 0x0101, 0x0101, 0x0101, 0x0101, 0x0101, 0x0101, 0x0101, 0x0101, 0x0101,
    0x0101, 0x0101, 0x0101, 0x0101, 0x0101, 0x0101, 0x0101, 0x0101, 0x0101, 0x0101, 0x0101, 0x0101,
    0x0101, 0x0101, 0x0101, 0x0101, 0x0101, 0x0101, 0x0101, 0x0101, 0x0101, 0x0101, 0x0101, 0x0101,
    0x0101, 0x0101, 0x0101, 0x0101, 0x0101, 0x0101, 0x0101, 0x0101, 0x0101, 0x0101, 0x0101, 0x0101,
    0x0101, 0x0101, 0x0101, 0x0101, 0x0101, 0x0101, 0x0101, 0x0101, 0x0101, 0x0101, 0x0101, 0x0101,
    0x0101, 0x0101, 0x0101, 0x0101, 0x0101, 0x0101, 0x0101, 0x0101, 0x0101, 0x0101, 0x0101, 0x0101,
    0x0101, 0x0101, 0x0101, 0x0101, 0x0101, 0x0101, 0x0101, 0x0101, 0x0101, 0x0101, 0x0101, 0x0101,
    0x0101, 0x0101, 0x0101, 0x0101, 0x0101, 0x0101, 0x0101, 0x0101, 0x0101, 0x0101, 0x0101, 0x0101,
    0x0101, 0x0101, 0x0101, 0x0101, 0x0101, 0x0101, 0x0101, 0x0101, 0x0101, 0x0101, 0x0101, 0x0101,
    0x0101, 0x0101, 0x0101, 0x0101, 0x0101, 0x0101, 0x0101, 0x0101, 0x0101, 0x0101, 0x0101, 0x0101,
    0x0101, 0x0101, 0x0101, 0x0101, 0x0101, 0x0101, 0x0101, 0x0101, 0x0101, 0x0101, 0x0101, 0x0101,
    0x0101, 0x0101, 0x0101, 0x0101, 0x0101, 0x0101, 0x0101, 0x0101, 0x0101, 0x0101, 0x0101, 0x0101,
    0x0101, 0x0101, 0x0101, 0x0101, 0x0101, 0x0101, 0x0101, 0x0101, 0x0101, 0x0101, 0x0101, 0x0101,
    0x0101, 0x0101, 0x0101, 0x0101, 0x0101, 0x0101, 0x0101, 0x0101, 0x0101, 0x0101, 0x0101, 0x0101,
    0x0101, 0x0101, 0x0101, 0x0101, 0x0101, 0x0101, 0x0101, 0x0101, 0x0101, 0x0101, 0x0101, 0x0101,
    0x0101, 0x0101, 0x0101, 0x0101, 0x0101, 0x0101, 0x0101, 0x0101, 0x0101, 0x0101, 0x0101, 0x0101,
    0x0101, 0x0101, 0x0101, 0x0101, 0x0101, 0x0101, 0x0101, 0x0101, 0x0101, 0x0101, 0x0101, 0x0101,
    0x0101, 0x0101, 0x0101, 0x0101, 0x0101, 0x0101, 0x0101, 0x0101, 0x0101, 0x0101, 0x0101, 0x0101,
    0x0101, 0x0101, 0x0101, 0x0101, 0x0101, 0x0101, 0x0101, 0x0101, 0x0101, 0x0101, 0x0101, 0x0101,
    0x0101, 0x0101, 0x0101, 0x0101, 0x0101, 0x0101, 0x0101, 0x0101, 0x0101, 0x0101, 0x0101, 0x0101,
    0x0101, 0x0101, 0x0101, 0x0101, 0x0101, 0x0101, 0x0101, 0x0101, 0x0101, 0x0101, 0x0101, 0x0101,
    0x0101, 0x0101, 0x0101, 0x0101, 0x0101, 0x0101, 0x0101, 0x0101, 0x0101, 0x0101, 0x0101, 0x0101,
    0x0101, 0x0101, 0x0101, 0x0101, 0x0101, 0x0101, 0x0101, 0x0101, 0x0101, 0x0101, 0x0101, 0x0101,
    0x0101, 0x0101, 0x0101, 0x0101, 0x0101, 0x0101, 0x0101, 0x0101, 0x0101, 0x0101, 0x0101, 0x0101,
    0x0101, 0x0101, 0x0101, 0x0101, 0x0101, 0x0101, 0x0101, 0x0101, 0x0101, 0x0101, 0x0101, 0x0101,
    0x0101, 0x0101, 0x0101, 0x0101, 0x0101, 0x0101, 0x0101, 0x0101, 0x0101, 0x0101, 0x0101, 0x0101,
    0x0101, 0x0101, 0x0101, 0x0101, 0x0101, 0x0101, 0x0101, 0x0101, 0x0101, 0x0101, 0x0101, 0x0101,
    0x0101, 0x0101, 0x0101, 0x0101, 0x0101, 0x0101, 0x0101, 0x0101, 0x0101, 0x0101, 0x0101, 0x0101,
    0x0101, 0x0101, 0x0101, 0x0101, 0x0101, 0x0101, 0x0101, 0x0101, 0x0101, 0x0101, 0x0101, 0x0101,
    0x0101, 0x0101, 0x0101, 0x0101, 0x0101, 0x0101, 0x0101, 0x0101, 0x0101, 0x0101, 0x0101, 0x0101,
    0x0101, 0x0101, 0x0101, 0x0101, 0x0101, 0x0101, 0x0101, 0x0101, 0x0101, 0x0101, 0x0101, 0x0101,
    0x0101, 0x0101, 0x0101, 0x0101, 0x0101, 0x0101, 0x0101, 0x0101, 0x0101, 0x0101, 0x0101, 0x0101,
    0x0101, 0x0101, 0x0101, 0x0101, 0x0101, 0x0101, 0x0101, 0x0101, 0x0101, 0x0101, 0x0101, 0x0101,
    0x0101, 0x0101, 0x0101, 0x0101, 0x0101, 0x0101, 0x0101, 0x0101, 0x0101, 0x0101, 0x0101, 0x0101,
    0x0101, 0x0101, 0x0101, 0x0101, 0x0101, 0x0101, 0x0101, 0x0101, 0x0101, 0x0101, 0x0101, 0x0101,
    0x0101, 0x0101, 0x0101, 0x0101, 0x0101, 0x0101, 0x0101, 0x0101, 0x0101, 0x0101, 0x0101, 0x0101,
    0x0101, 0x0101, 0x0101, 0x0101, 0x0101, 0x0101, 0x0101, 0x0101, 0x0101, 0x0101, 0x0101, 0x0101,
    0x0101, 0x0101, 0x0101, 0x0101, 0x0101, 0x0101, 0x0101, 0x0101, 0x0101, 0x0101, 0x0101, 0x0101,
    0x0101, 0x0101, 0x0101, 0x0101, 0x0101, 0x0101, 0x0101, 0x0101, 0x0101, 0x0101, 0x0101, 0x0101,
    0x0101, 0x0101, 0x0101, 0x0101, 0x0101, 0x0101, 0x0101, 0x0101, 0x0101, 0x0101, 0x0101, 0x0101,
    0x0101, 0x0101, 0x0101, 0x0101, 0x0101, 0x0101, 0x0101, 0x0101, 0x0101, 0x0101, 0x0101, 0x0101,
    0x0101, 0x0101, 0x0101, 0x0101, 0x0101, 0x0101, 0x0101, 0x0101, 0x0101, 0x0101, 0x0101, 0x0101,
    0x0101, 0x0101, 0x0101, 0x0101, 0x0101, 0x0101, 0x0101, 0x0101, 0x0101, 0x0101, 0x0101, 0x0101,
    0x0101, 0x0101, 0x0101, 0x0101, 0x0101, 0x0101, 0x0101, 0x0101, 0x0101, 0x0101, 0x0101, 0x0101,
    0x0101, 0x0101, 0x0101, 0x0101, 0x0101, 0x0101, 0x0101, 0x0101, 0x0101, 0x0101, 0x0101, 0x0101,
    0x0101, 0x0101, 0x0101, 0x0101, 0x0101, 0x0101, 0x0101, 0x0101, 0x0101, 0x0101, 0x0101, 0x0101,
    0x0101, 0x0101, 0x0101, 0x0101, 0x0101, 0x0101, 0x0101, 0x0101, 0x0101, 0x0101, 0x0101, 0x0101,
    0x0101, 0x0101, 0x0101, 0x0101, 0x0101, 0x0101, 0x0101, 0x0101, 0x0101, 0x0101, 0x0101, 0x0101,
    0x0101, 0x0101, 0x0101, 0x0101, 0x0101, 0x0101, 0x0101, 0x0101, 0x0101, 0x0101, 0x0101, 0x0101,
    0x0101, 0x0101, 0x0101, 0x0101, 0x0101, 0x0101, 0x0101, 0x0101, 0x0101, 0x0101, 0x0101, 0x0101,
    0x0101, 0x0101, 0x0101, 0x0101, 0x0101, 0x0101, 0x0101, 0x0101, 0x0101, 0x0101, 0x0101, 0x0101,
    0x0101, 0x0101, 0x0101, 0x0101, 0x0101, 0x0101, 0x0101, 0x0101, 0x0101, 0x0101, 0x0101, 0x0101,
    0x0101, 0x0101, 0x0101, 0x0101, 0x0101, 0x0101, 0x0101, 0x0101, 0x0101, 0x0101, 0x0101, 0x0101,
    0x0101, 0x0101, 0x0101, 0x0101, 0x0101, 0x0101, 0x0101, 0x0101, 0x0101, 0x0101, 0x0101, 0x0101,
    0x0101, 0x0101, 0x0101, 0x0101, 0x0101, 0x0101, 0x0101, 0x0101, 0x0101, 0x0101, 0x0101, 0x0101,
    0x0101, 0x0101, 0x0101, 0x0101, 0x0101, 0x0101, 0x0101, 0x0101, 0x0101, 0x0101, 0x0101, 0x0101,
    0x0101, 0x0101, 0x0101, 0x0101, 0x0101, 0x0101, 0x0101, 0x0101, 0x0101, 0x0101, 0x0101, 0x0101,
    0x0101, 0x0101, 0x0101, 0x0101, 0x0101, 0x0101, 0x0101, 0x0101, 0x0101, 0x0101, 0x0101, 0x0101,
    0x0101, 0x0101, 0x0101, 0x0101, 0x0101, 0x0101, 0x0101, 0x0101, 0x0101, 0x0101, 0x0101, 0x0101,
    0x0101, 0x0101, 0x0101, 0x0101, 0x0101, 0x0101, 0x0101, 0x0101, 0x0101, 0x0101, 0x0101, 0x0101,
    0x0101, 0x0101, 0x0101, 0x0101, 0x0101, 0x0101, 0x0101, 0x0101, 0x0101, 0x0101, 0x0101, 0x0101,
    0x0101, 0x0101, 0x0101, 0x0101, 0x0101, 0x0101, 0x0101, 0x0101, 0x0101, 0x0101, 0x0101, 0x0101,
    0x0101, 0x0101, 0x0101, 0x0101, 0x0101, 0x0101, 0x0101, 0x0101, 0x0101, 0x0101, 0x0101, 0x0101,
    0x0101, 0x0101, 0x0101, 0x0101, 0x0101, 0x0101, 0x0101, 0x0101, 0x0101, 0x0101, 0x0101, 0x0101,
    0x0101, 0x0101, 0x0101, 0x0101, 0x0101, 0x0101, 0x0101, 0x0101, 0x0101, 0x0101, 0x0101, 0x0101,
    0x0101, 0x0101, 0x0101, 0x0101, 0x0101, 0x0101, 0x0101, 0x0101, 0x0101, 0x0101, 0x0101, 0x0101,
    0x0101, 0x0101, 0x0101, 0x0101, 0x0101, 0x0101, 0x0101, 0x0101, 0x0101, 0x0101, 0x0101, 0x0101,
    0x0101, 0x0101, 0x0101, 0x0101, 0x0101, 0x0101, 0x0101, 0x0101, 0x0101, 0x0101, 0x0101, 0x0101,
    0x0101, 0x0101, 0x0101, 0x0101, 0x0101, 0x0101, 0x0101, 0x0101, 0x0101, 0x0101, 0x0101, 0x0101,
    0x0101, 0x0101, 0x0101, 0x0101, 0x0101, 0x0101, 0x0101, 0x0101, 0x0101, 0x0101, 0x0101, 0x0101,
    0x0101, 0x0101, 0x0101, 0x0101, 0x0101, 0x0101, 0x0101, 0x0101, 0x0101, 0x0101, 0x0101, 0x0101,
    0x0101, 0x0101, 0x0101, 0x0101, 0x0101, 0x0101, 0x0101, 0x0101, 0x0101, 0x0101, 0x0101, 0x0101,
    0x0101, 0x0101, 0x0101, 0x0101, 0x0101, 0x0101, 0x0101, 0x0101, 0x0101, 0x0101, 0x0101, 0x0101,
    0x0101, 0x0101, 0x0101, 0x0101, 0x0101, 0x0101, 0x0101, 0x0101, 0x0101, 0x0101, 0x0101, 0x0101,
    0x0101, 0x0101, 0x0101, 0x0101, 0x0101, 0x0101, 0x0101, 0x0101, 0x0101, 0x0101, 0x0101, 0x0101,
    0x0101, 0x0101, 0x0101, 0x0101, 0x0101, 0x0101, 0x0101, 0x0101, 0x0101, 0x0101, 0x0101, 0x0101,
    0x0101, 0x0101, 0x0101, 0x0101, 0x0101, 0x0101, 0x0101, 0x0101, 0x0101, 0x0101, 0x0101, 0x0101,
    0x0101, 0x0101, 0x0101, 0x0101, 0x0101, 0x0101, 0x0101, 0x0101, 0x0101, 0x0101, 0x0101, 0x0101,
    0x0101, 0x0101, 0x0101, 0x0101, 0x0101, 0x0101, 0x0101, 0x0101, 0x0101, 0x0101, 0x0101, 0x0101,
    0x0101, 0x0101, 0x0101, 0x0101, 0x0101, 0x0101, 0x0101, 0x0101, 0x0101, 0x0101, 0x0101, 0x0101,
    0x0101, 0x0101, 0x0101, 0x0101, 0x0101, 0x0101, 0x0101, 0x0101, 0x0101, 0x0101, 0x0101, 0x0101,
    0x0101, 0x0101, 0x0101, 0x0101, 0x0101, 0x0101, 0x0101, 0x0101, 0x0101, 0x0101, 0x0101, 0x0101,
    0x0101, 0x0101, 0x0101, 0x0101, 0x0101, 0x0101, 0x0101, 0x0101, 0x0101, 0x0101, 0x0101, 0x0101,
    0x0101, 0x0101, 0x0101, 0x0101, 0x0101, 0x0101, 0x0101, 0x0101, 0x0101, 0x0101, 0x0101, 0x0101,
    0x0101, 0x0101, 0x0101, 0x0101, 0x0101, 0x0101, 0x0101, 0x0101, 0x0101, 0x0101, 0x0101, 0x0101,
    0x0101, 0x0101, 0x0101, 0x0101, 0x0101, 0x0101, 0x0101, 0x0101, 0x0101, 0x0101, 0x0101, 0x0101,
    0x0101, 0x0101, 0x0101, 0x0101, 0x0101, 0x0101, 0x0101, 0x0101, 0x0101, 0x0101, 0x0101, 0x0101,
    0x0101, 0x0101, 0x0101, 0x0101, 0x0101, 0x0101, 0x0101, 0x0101, 0x0101, 0x0101, 0x0101, 0x0101,
    0x0101, 0x0101, 0x0101, 0x0101, 0x0101, 0x0101, 0x0101, 0x0101, 0x0101, 0x0101, 0x0101, 0x0101,
    0x0101, 0x0101, 0x0101, 0x0101, 0x0101, 0x0101, 0x0101, 0x0101, 0x0101, 0x0101, 0x0101, 0x0101,
    0x0101, 0x0101, 0x0101, 0x0101, 0x0101, 0x0101, 0x0101, 0x0101, 0x0101, 0x0101, 0x0101, 0x0101,
    0x0101, 0x0101, 0x0101, 0x0101, 0x0101, 0x0101, 0x0101, 0x0101, 0x0101, 0x0101, 0x0101, 0x0101,
    0x0101, 0x0101, 0x0101, 0x0101, 0x0101, 0x0101, 0x0101, 0x0101, 0x0101, 0x0101, 0x0101, 0x0101,
    0x0101, 0x0101, 0x0101, 0x0101, 0x0101, 0x0101, 0x0101, 0x0101, 0x0101, 0x0101, 0x0101, 0x0101,
    0x0101, 0x0101, 0x0101, 0x0101, 0x0101, 0x0101, 0x0101, 0x0101, 0x0101, 0x0101, 0x0101, 0x0101,
    0x0101, 0x0101, 0x0101, 0x0101, 0x0101, 0x0101, 0x0101, 0x0101, 0x0101, 0x0101, 0x0101, 0x0101,
    0x0101, 0x0101, 0x0101, 0x0101, 0x0743, 0x0000, 0x0000, 0x0001, 0x0002, 0x0003, 0x0004, 0x0005,
    0x0006, 0x0007, 0x0008, 0x0009, 0x000A, 0x000B, 0x000C, 0x000D, 0x000E, 0x000F, 0x0010, 0x0011,
    0x0012, 0x0013, 0x0014, 0x0015, 0x0016, 0x0017, 0x0018, 0x0019, 0x001A, 0x001B, 0x001C, 0x001D,
    0x001E, 0x001F, 0x0020, 0x0021, 0x0022, 0x0023, 0x0024, 0x0025, 0x0026, 0x0027, 0x0028, 0x0029,
    0x002A, 0x002B, 0x002C, 0x002D, 0x002E, 0x002F, 0x0030, 0x0031, 0x0032, 0x0033, 0x0034, 0x0035,
    0x0036, 0x0037, 0x0038, 0x0039, 0x003A, 0x003B, 0x003C, 0x003D, 0x003E, 0x003F, 0x0040, 0x0041,
    0x0042, 0x0043, 0x0044, 0x0045, 0x0046, 0x0047, 0x0048, 0x0049, 0x004A, 0x004B, 0x004C, 0x004D,
    0x004E, 0x004F, 0x0050, 0x0051, 0x0052, 0x0053, 0x0054, 0x0055, 0x0056, 0x0057, 0x0058, 0x0059,
    0x005A, 0x005B, 0x005C, 0x005D, 0x005E, 0x005F, 0x0060, 0x0061, 0x0062, 0x0063, 0x0064, 0x0065,
    0x0066, 0x0067, 0x0068, 0x0069, 0x006A, 0x006B, 0x006C, 0x006D, 0x006E, 0x006F, 0x0070, 0x0071,
    0x0072, 0x0073, 0x0074, 0x0075, 0x0076, 0x0077, 0x0078, 0x0079, 0x007A, 0x007B, 0x007C, 0x007D,
    0x007E, 0x007F, 0x0080, 0x0081, 0x0082, 0x0083, 0x0084, 0x0085, 0x0086, 0x0087, 0x0088, 0x0089,
    0x008A, 0x008B, 0x008C, 0x008D, 0x008E, 0x008F, 0x0090, 0x0091, 0x0092, 0x0093, 0x0094, 0x0095,
    0x0096, 0x0097, 0x0098, 0x0099, 0x009A, 0x009B, 0x009C, 0x009D, 0x009E, 0x009F, 0x00A0, 0x00A1,
    0x00A2, 0x00A3, 0x00A4, 0x00A5, 0x00A6, 0x00A7, 0x00A8, 0x00A9, 0x00AA, 0x00AB, 0x00AC, 0x00AD,
    0x00AE, 0x00AF, 0x00B0, 0x00B1, 0x00B2, 0x00B3, 0x00B4, 0x00B5, 0x00B6, 0x00B7, 0x00B8, 0x00B9,
    0x00BA, 0x00BB, 0x00BC, 0x00BD, 0x00BE, 0x00BF, 0x00C0, 0x00C1, 0x00C2, 0x00C3, 0x00C4, 0x00C5,
    0x00C6, 0x00C7, 0x00C8, 0x00C9, 0x00CA, 0x00CB, 0x00CC, 0x00CD, 0x00CE, 0x00CF, 0x00D0, 0x00D1,
    0x00D2, 0x00D3, 0x00D4, 0x00D5, 0x00D6, 0x00D7, 0x00D8, 0x00D9, 0x00DA, 0x00DB, 0x00DC, 0x00DD,
    0x00DE, 0x00DF, 0x00E0, 0x00E1, 0x00E2, 0x00E3, 0x00E4, 0x00E5, 0x00E6, 0x00E7, 0x00E8, 0x00E9,
    0x00EA, 0x00EB, 0x00EC, 0x00ED, 0x00EE, 0x00EF, 0x00F0, 0x00F1, 0x00F2, 0x00F3, 0x00F4, 0x00F5,
    0x00F6, 0x00F7, 0x00F8, 0x00F9, 0x00FA, 0x00FB, 0x00FC, 0x00FD, 0x00FE, 0x00FF, 0x0100, 0x0101,
    0x0102, 0x0103, 0x0104, 0x0105, 0x0106, 0x0107, 0x0108, 0x0109, 0x010A, 0x010B, 0x010C, 0x010D,
    0x010E, 0x010F, 0x0110, 0x0111, 0x0112, 0x0113, 0x0114, 0x0115, 0x0116, 0x0117, 0x0118, 0x0119,
    0x011A, 0x011B, 0x011C, 0x011D, 0x011E, 0x011F, 0x0120, 0x0121, 0x0122, 0x0123, 0x0124, 0x0125,
    0x0126, 0x0127, 0x0128, 0x0129, 0x012A, 0x012B, 0x012C, 0x012D, 0x012E, 0x012F, 0x0130, 0x0131,
    0x0132, 0x0133, 0x0134, 0x0135, 0x0136, 0x0137, 0x0138, 0x0139, 0x013A, 0x013B, 0x013C, 0x013D,
    0x013E, 0x013F, 0x0140, 0x0141, 0x0142, 0x0143, 0x0144, 0x0145, 0x0146, 0x0147, 0x0148, 0x0149,
    0x014A, 0x014B, 0x014C, 0x014D, 0x014E, 0x014F, 0x0150, 0x0151, 0x0152, 0x0153, 0x0154, 0x0155,
    0x0156, 0x0157, 0x0158, 0x0159, 0x015A, 0x015B, 0x015C, 0x015D, 0x0002, 0x0002, 0x0140, 0x0141,
    0x0142, 0x0143, 0x0144, 0x0145, 0x015E, 0x015F, 0x0160, 0x0161, 0x0162, 0x0163, 0x0164, 0x0165,
    0x0166, 0x0167, 0x0150, 0x0168, 0x0169, 0x016A, 0x016B, 0x016C, 0x016D, 0x0157, 0x0158, 0x0159,
    0x015A, 0x016E, 0x016F, 0x0170, 0x0002, 0x0002, 0x0171, 0x0172, 0x0173, 0x0174, 0x0175, 0x0145,
    0x0176, 0x0177, 0x0178, 0x0179, 0x017A, 0x017B, 0x017C, 0x017D, 0x017E, 0x017F, 0x0150, 0x0180,
    0x0181, 0x0182, 0x0183, 0x0184, 0x0185, 0x0186, 0x0187, 0x0188, 0x0189, 0x018A, 0x018B, 0x018C,
    0x0002, 0x0002, 0x018D, 0x018E, 0x018F, 0x0190, 0x0191, 0x0145, 0x0192, 0x0193, 0x0194, 0x0195,
    0x0196, 0x0197, 0x0198, 0x0199, 0x019A, 0x019B, 0x0150, 0x0180, 0x0181, 0x019C, 0x019D, 0x019E,
    0x019F, 0x01A0, 0x01A1, 0x01A2, 0x01A3, 0x01A4, 0x01A5, 0x01A6, 0x0002, 0x0002, 0x01A7, 0x01A8,
    0x01A9, 0x01AA, 0x01AB, 0x0145, 0x01AC, 0x01AD, 0x01AE, 0x01AF, 0x01B0, 0x01B1, 0x01B2, 0x01B3,
    0x01B4, 0x01B5, 0x0150, 0x0180, 0x01B6, 0x01B7, 0x01B8, 0x01B9, 0x01BA, 0x01BB, 0x01BC, 0x01BD,
    0x01BE, 0x01BF, 0x01C0, 0x01C1, 0x0002, 0x0002, 0x01C2, 0x01C3, 0x01C4, 0x01C5, 0x01C6, 0x0145,
    0x01C7, 0x01C8, 0x01C9, 0x01CA, 0x01B0, 0x01CB, 0x01CC, 0x01CD, 0x01CE, 0x01CF, 0x01D0, 0x0180,
    0x01D1, 0x01D2, 0x01D3, 0x01D4, 0x01D5, 0x01D6, 0x01D7, 0x01D8, 0x01D9, 0x01BF, 0x01C0, 0x01C1,
    0x0002, 0x0002, 0x01DA, 0x01DB, 0x01DC, 0x01DD, 0x01DE, 0x01DF, 0x01E0, 0x01E1, 0x01E2, 0x01E3,
    0x01E4, 0x01E5, 0x01E6, 0x01E7, 0x01E8, 0x01E9, 0x01D0, 0x0180, 0x01EA, 0x01EB, 0x01EC, 0x01ED,
    0x01EE, 0x01D6, 0x01EF, 0x01D8, 0x01D9, 0x01BF, 0x01C0, 0x01C1, 0x0002, 0x0002, 0x01F0, 0x01F1,
    0x01F2, 0x01F3, 0x01F4, 0x01F5, 0x01F6, 0x01F7, 0x01F8, 0x01F9, 0x01FA, 0x01FB, 0x01FC, 0x01FD,
    0x01FE, 0x01FF, 0x01D0, 0x0180, 0x0200, 0x0201, 0x0202, 0x0203, 0x01EE, 0x01D6, 0x0204, 0x01D8,
    0x01D9, 0x01BF, 0x01C0, 0x01C1, 0x0002, 0x0002, 0x0205, 0x0206, 0x0207, 0x0208, 0x0209, 0x020A,
    0x020B, 0x020C, 0x020D, 0x020E, 0x020F, 0x0210, 0x0211, 0x0212, 0x0213, 0x0214, 0x0215, 0x0180,
    0x0216, 0x0217, 0x0218, 0x0219, 0x01EE, 0x01D6, 0x021A, 0x01D8, 0x01D9, 0x01BF, 0x01C0, 0x01C1,
    0x0002, 0x0002, 0x021B, 0x021C, 0x021D, 0x021E, 0x021F, 0x0220, 0x0221, 0x0222, 0x0223, 0x0224,
    0x0225, 0x0212, 0x0212, 0x0212, 0x0226, 0x0227, 0x0228, 0x0180, 0x0229, 0x022A, 0x022B, 0x022C,
    0x022D, 0x022E, 0x022F, 0x0230, 0x0231, 0x01BF, 0x01C0, 0x01C1, 0x0002, 0x0002, 0x0232, 0x0233,
    0x0234, 0x0235, 0x0236, 0x0237, 0x0238, 0x0239, 0x023A, 0x023B, 0x023C, 0x0212, 0x0212, 0x0212,
    0x023D, 0x023E, 0x023F, 0x0180, 0x0240, 0x0241, 0x0242, 0x0243, 0x0244, 0x022E, 0x0245, 0x0246,
    0x0247, 0x01BF, 0x01C0, 0x01C1, 0x0002, 0x0002, 0x0248, 0x0249, 0x024A, 0x024B, 0x024C, 0x024D,
    0x024E, 0x024F, 0x0250, 0x0251, 0x0252, 0x0253, 0x0254, 0x0255, 0x0256, 0x0257, 0x0258, 0x0180,
    0x0259, 0x025A, 0x025B, 0x025C, 0x025D, 0x025E, 0x025F, 0x0260, 0x0261, 0x0262, 0x0263, 0x0264,
    0x0002, 0x0002, 0x0265, 0x0266, 0x0267, 0x0268, 0x0269, 0x026A, 0x026B, 0x026C, 0x026D, 0x026E,
    0x026F, 0x0270, 0x0271, 0x0272, 0x0273, 0x0274, 0x0275, 0x0276, 0x0277, 0x0278, 0x0279, 0x027A,
    0x027B, 0x027C, 0x027D, 0x027E, 0x027F, 0x0280, 0x0281, 0x0282, 0x0002, 0x0002, 0x0283, 0x0284,
    0x0285, 0x0286, 0x0287, 0x0288, 0x0289, 0x028A, 0x028B, 0x028C, 0x028D, 0x028E, 0x028F, 0x0290,
    0x0291, 0x0292, 0x0293, 0x0294, 0x0295, 0x0296, 0x0297, 0x0298, 0x0299, 0x029A, 0x029B, 0x027E,
    0x027F, 0x029C, 0x029D, 0x029E, 0x0002, 0x0002, 0x029F, 0x02A0, 0x02A1, 0x02A2, 0x02A3, 0x02A4,
    0x02A5, 0x02A6, 0x02A7, 0x02A8, 0x02A9, 0x02AA, 0x02AB, 0x02AC, 0x02AD, 0x02AE, 0x02AF, 0x02B0,
    0x02B1, 0x02B2, 0x0297, 0x0298, 0x02B3, 0x02B4, 0x02B5, 0x027E, 0x027F, 0x02B6, 0x02B7, 0x02B8,
    0x0002, 0x0002, 0x02B9, 0x02BA, 0x02BB, 0x02BC, 0x02BD, 0x02BE, 0x02BF, 0x02C0, 0x02C1, 0x02C2,
    0x02C3, 0x02C4, 0x02C5, 0x02C6, 0x02C7, 0x02C8, 0x02C9, 0x02CA, 0x02CB, 0x02CC, 0x02CD, 0x02CE,
    0x02CF, 0x02D0, 0x02D1, 0x027E, 0x027F, 0x02B6, 0x02D2, 0x02D3, 0x0002, 0x0002, 0x02D4, 0x02D5,
    0x02D6, 0x02D7, 0x02D8, 0x02D8, 0x02D8, 0x02D9, 0x02DA, 0x02DB, 0x02DC, 0x02DD, 0x02DE, 0x02DF,
    0x02E0, 0x02E1, 0x02E2, 0x02E3, 0x02E4, 0x02E5, 0x02E6, 0x02E7, 0x02E8, 0x02E9, 0x02EA, 0x02EB,
    0x02EC, 0x02ED, 0x02EE, 0x02EF, 0x0002, 0x0002, 0x02F0, 0x02F1, 0x02F2, 0x02F3, 0x02F4, 0x02F5,
    0x02F6, 0x02F7, 0x02F8, 0x02F9, 0x02FA, 0x02FB, 0x02FC, 0x02FD, 0x02FE, 0x02FF, 0x0300, 0x0301,
    0x0302, 0x0303, 0x0304, 0x0305, 0x0306, 0x0307, 0x0308, 0x0309, 0x030A, 0x030B, 0x030C, 0x030D,
    0x0002, 0x0002, 0x030E, 0x030F, 0x0310, 0x0311, 0x0312, 0x0313, 0x0314, 0x0315, 0x0316, 0x0317,
    0x0318, 0x0319, 0x031A, 0x031B, 0x031C, 0x031D, 0x031E, 0x031F, 0x0320, 0x0321, 0x0322, 0x0323,
    0x0324, 0x0325, 0x0326, 0x0327, 0x0328, 0x0329, 0x032A, 0x032B, 0x0002, 0x0002, 0x032C, 0x032D,
    0x032E, 0x032F, 0x0330, 0x0331, 0x0332, 0x0333, 0x0334, 0x0335, 0x0336, 0x0337, 0x0338, 0x0339,
    0x033A, 0x033B, 0x033C, 0x033D, 0x033D, 0x033D, 0x033E, 0x033E, 0x033E, 0x033E, 0x033F, 0x033F,
    0x033F, 0x0340, 0x0341, 0x0342, 0x0002, 0x0002, 0x0343, 0x0344, 0x0345, 0x0346, 0x0347, 0x0348,
    0x0349, 0x034A, 0x034B, 0x034C, 0x034D, 0x034E, 0x034F, 0x0350, 0x0351, 0x0352, 0x0353, 0x0354,
    0x0355, 0x0356, 0x0357, 0x0358, 0x0359, 0x035A, 0x035B, 0x035C, 0x035D, 0x035E, 0x035F, 0x0360,
    0x0361, 0x0362, 0x0363, 0x0364, 0x0365, 0x0366, 0x0367, 0x0368, 0x0369, 0x036A, 0x036B, 0x036C,
    0x036D, 0x036E, 0x036F, 0x0370, 0x0371, 0x0372, 0x0373, 0x0374, 0x0375, 0x0376, 0x0377, 0x0378,
    0x0379, 0x037A, 0x037B, 0x037C, 0x037D, 0x037E, 0x037F, 0x0380, 0x0381, 0x0382, 0x0383, 0x0384,
    0x0385, 0x0386, 0x0387, 0x0388, 0x0389, 0x038A, 0x038B, 0x038C, 0x038D, 0x038E, 0x038F, 0x0390,
    0x0391, 0x0392, 0x0393, 0x0394, 0x0395, 0x0396, 0x0397, 0x0398, 0x0399, 0x039A, 0x039B, 0x039C,
    0x039D, 0x039E, 0x039F, 0x03A0, 0x03A1, 0x03A2, 0x03A3, 0x03A4, 0x03A5, 0x03A6, 0x03A7, 0x03A8,
    0x03A9, 0x03AA, 0x03AB, 0x03AC, 0x03AD, 0x03AE, 0x03AF, 0x03B0, 0x03B1, 0x03B2, 0x03B3, 0x03B4,
    0x03B5, 0x03B6, 0x03B7, 0x03B8, 0x03B9, 0x03BA, 0x03BB, 0x03BC, 0x03BD, 0x03BE, 0x03BF, 0x03C0,
    0x03C1, 0x03C2, 0x03C3, 0x03C4, 0x03C5, 0x03C6, 0x03C7, 0x03C8, 0x03C9, 0x03CA, 0x03CB, 0x03CC,
    0x03CD, 0x03CE, 0x03CF, 0x03D0, 0x03D1, 0x03D2, 0x03D3, 0x03D4, 0x03D5, 0x03D6, 0x03D7, 0x03D8,
    0x03D9, 0x03DA, 0x03DB, 0x03DC, 0x03DD, 0x03DE, 0x03DF, 0x03E0, 0x03E1, 0x03E2, 0x03E3, 0x03E4,
    0x03E5, 0x03E6, 0x03E7, 0x03E8, 0x03E9, 0x03EA, 0x03EB, 0x03EC, 0x03ED, 0x03EE, 0x03EF, 0x03F0,
    0x03F1, 0x03F2, 0x03F3, 0x03F4, 0x03F5, 0x03F6, 0x03F7, 0x03F8, 0x03F9, 0x03FA, 0x03FB, 0x03FC,
    0x03FD, 0x03FE, 0x03FF, 0x0400, 0x0401, 0x0402, 0x0403, 0x0404, 0x0405, 0x0406, 0x0407, 0x0408,
    0x0409, 0x040A, 0x040B, 0x040C, 0x040D, 0x040E, 0x040F, 0x0410, 0x0411, 0x0412, 0x0413, 0x0414,
    0x0415, 0x0416, 0x0417, 0x0418, 0x0419, 0x041A, 0x041B, 0x041C, 0x041D, 0x041E, 0x041F, 0x0420,
    0x0421, 0x0422, 0x0423, 0x0424, 0x0425, 0x0426, 0x0427, 0x0428, 0x0429, 0x042A, 0x042B, 0x042C,
    0x042D, 0x042E, 0x042F, 0x0430, 0x0431, 0x0432, 0x0433, 0x0434, 0x0435, 0x0436, 0x0437, 0x0438,
    0x0439, 0x043A, 0x043B, 0x043C, 0x043D, 0x043E, 0x043F, 0x0440, 0x0441, 0x0442, 0x0443, 0x0444,
    0x0445, 0x0446, 0x0447, 0x0448, 0x0449, 0x044A, 0x044B, 0x044C, 0x044D, 0x044E, 0x044F, 0x0450,
    0x0451, 0x0452, 0x0453, 0x0454, 0x0455, 0x0456, 0x0457, 0x0458, 0x0459, 0x045A, 0x045B, 0x045C,
    0x045D, 0x045E, 0x045F, 0x0460, 0x0461, 0x0462, 0x0463, 0x0464, 0x0465, 0x0466, 0x0467, 0x0468,
    0x0469, 0x046A, 0x046B, 0x046C, 0x046D, 0x046E, 0x046F, 0x0470, 0x0471, 0x0472, 0x0473, 0x0474,
    0x0475, 0x0476, 0x0477, 0x0478, 0x0479, 0x047A, 0x047B, 0x047C, 0x047D, 0x047E, 0x047F, 0x0480,
    0x0481, 0x0482, 0x0483, 0x0484, 0x0485, 0x0486, 0x0487, 0x0488, 0x0489, 0x048A, 0x048B, 0x048C,
    0x048D, 0x048E, 0x048F, 0x0490, 0x0491, 0x0492, 0x0493, 0x0494, 0x0495, 0x0496, 0x0497, 0x0498,
    0x0499, 0x049A, 0x049B, 0x049C, 0x049D, 0x049E, 0x049F, 0x04A0, 0x04A1, 0x04A2, 0x04A3, 0x04A4,
    0x04A5, 0x04A6, 0x04A7, 0x04A8, 0x04A9, 0x04AA, 0x04AB, 0x04AC, 0x04AD, 0x04AE, 0x04AF, 0x04B0,
    0x04B1, 0x04B2, 0x04B3, 0x04B4, 0x04B5, 0x04B6, 0x04B7, 0x04B8, 0x04B9, 0x04BA, 0x04BB, 0x04BC,
    0x04BD, 0x04BE, 0x04BF, 0x04C0, 0x04C1, 0x04C2, 0x04C3, 0x04C4, 0x04C5, 0x04C6, 0x04C7, 0x04C8,
    0x04C9, 0x04CA, 0x04CB, 0x04CC, 0x04CD, 0x04CE, 0x04CF, 0x04D0, 0x04D1, 0x04D2, 0x04D3, 0x04D4,
    0x04D5, 0x04D6, 0x04D7, 0x04D8, 0x04D9, 0x04DA, 0x04DB, 0x04DC, 0x04DD, 0x04DE, 0x04DF, 0x04E0,
    0x04E1, 0x04E2, 0x04E3, 0x04E4, 0x04E5, 0x04E6, 0x04E7, 0x04E8, 0x04E9, 0x04EA, 0x04EB, 0x04EC,
    0x04ED, 0x04EE, 0x04EF, 0x04F0, 0x04F1, 0x04F2, 0x04F3, 0x04F4, 0x04F5, 0x04F6, 0x04F7, 0x04F8,
    0x04F9, 0x04FA, 0x04FB, 0x04FC, 0x04FD, 0x04FE, 0x04FF, 0x0500, 0x0501, 0x0502, 0x0503, 0x0504,
    0x0505, 0x0506, 0x0507, 0x0508, 0x0509, 0x050A, 0x050B, 0x050C, 0x050D, 0x050E, 0x050F, 0x0510,
    0x0511, 0x0512, 0x0513, 0x0514, 0x0515, 0x0516, 0x0517, 0x0518, 0x0519, 0x051A, 0x051B, 0x051C,
    0x051D, 0x051E, 0x051F, 0x0520, 0x0521, 0x0522, 0x0523, 0x0524, 0x0525, 0x0526, 0x0527, 0x0528,
    0x0529, 0x052A, 0x052B, 0x052C, 0x052D, 0x052E, 0x052F, 0x0530, 0x0531, 0x0532, 0x0533, 0x0534,
    0x0535, 0x0536, 0x0537, 0x0538, 0x0539, 0x053A, 0x053B, 0x053C, 0x053D, 0x053E, 0x053F, 0x0540,
    0x0541, 0x0542, 0x0543, 0x0544, 0x0545, 0x0546, 0x0547, 0x0548, 0x0549, 0x054A, 0x054B, 0x054C,
    0x054D, 0x054E, 0x054F, 0x0550, 0x0551, 0x0552, 0x0553, 0x0554, 0x0555, 0x0556, 0x0557, 0x0558,
    0x0559, 0x055A, 0x055B, 0x055C, 0x055D, 0x055E, 0x055F, 0x0560, 0x0561, 0x0562, 0x0563, 0x0564,
    0x0565, 0x0566, 0x0567, 0x0568, 0x0569, 0x056A, 0x056B, 0x056C, 0x056D, 0x056E, 0x056F, 0x0570,
    0x0571, 0x0572, 0x0573, 0x0574, 0x0575, 0x0576, 0x0577, 0x0578, 0x0579, 0x057A, 0x057B, 0x057C,
    0x057D, 0x057E, 0x057F, 0x0580, 0x0581, 0x0582, 0x0583, 0x0584, 0x0585, 0x0586, 0x0587, 0x0588,
    0x0589, 0x058A, 0x058B, 0x058C, 0x058D, 0x058E, 0x058F, 0x0590, 0x0591, 0x0592, 0x0593, 0x0594,
    0x0595, 0x0596, 0x0597, 0x0598, 0x0599, 0x059A, 0x059B, 0x059C, 0x059D, 0x059E, 0x059F, 0x05A0,
    0x05A1, 0x05A2, 0x05A3, 0x05A4, 0x05A5, 0x05A6, 0x05A7, 0x05A8, 0x05A9, 0x05AA, 0x05AB, 0x05AC,
    0x05AD, 0x05AE, 0x05AF, 0x05B0, 0x05B1, 0x05B2, 0x05B3, 0x05B4, 0x05B5, 0x05B6, 0x05B7, 0x05B8,
    0x05B9, 0x05BA, 0x05BB, 0x05BC, 0x05BD, 0x05BE, 0x05BF, 0x05C0, 0x05C1, 0x05C2, 0x05C3, 0x05C4,
    0x05C5, 0x05C6, 0x05C7, 0x05C8, 0x05C9, 0x05CA, 0x05CB, 0x05CC, 0x05CD, 0x05CE, 0x05CF, 0x05D0,
    0x05D1, 0x05D2, 0x05D3, 0x05D4, 0x05D5, 0x05D6, 0x05D7, 0x05D8, 0x05D9, 0x05DA, 0x05DB, 0x05DC,
    0x05DD, 0x05DE, 0x05DF, 0x05E0, 0x05E1, 0x05E2, 0x05E3, 0x05E4, 0x05E5, 0x05E6, 0x05E7, 0x05E8,
    0x05E9, 0x05EA, 0x05EB, 0x05EC, 0x05ED, 0x05EE, 0x05EF, 0x05F0, 0x05F1, 0x05F2, 0x05F3, 0x05F4,
    0x05F5, 0x05F6, 0x05F7, 0x05F8, 0x05F9, 0x05FA, 0x05FB, 0x05FC, 0x05FD, 0x05FE, 0x05FF, 0x0600,
    0x0601, 0x0602, 0x0603, 0x0604, 0x0605, 0x0606, 0x0607, 0x0608, 0x0609, 0x060A, 0x060B, 0x060C,
    0x060D, 0x060E, 0x060F, 0x0610, 0x0611, 0x0612, 0x0613, 0x0614, 0x0615, 0x0616, 0x0617, 0x0618,
    0x0619, 0x061A, 0x061B, 0x061C, 0x061D, 0x061E, 0x061F, 0x0620, 0x0621, 0x0622, 0x0623, 0x0624,
    0x0625, 0x0626, 0x0627, 0x0628, 0x0629, 0x062A, 0x062B, 0x062C, 0x062D, 0x062E, 0x062F, 0x0630,
    0x0631, 0x0632, 0x0633, 0x0634, 0x0635, 0x0636, 0x0637, 0x0638, 0x0639, 0x063A, 0x063B, 0x063C,
    0x063D, 0x063E, 0x063F, 0x0640, 0x0641, 0x0642, 0x0643, 0x0644, 0x0645, 0x0646, 0x0647, 0x0648,
    0x0649, 0x064A, 0x064B, 0x064C, 0x064D, 0x064E, 0x064F, 0x0650, 0x0651, 0x0652, 0x0653, 0x0654,
    0x0655, 0x0656, 0x0657, 0x0658, 0x0659, 0x065A, 0x065B, 0x065C, 0x065D, 0x065E, 0x065F, 0x0660,
    0x0661, 0x0662, 0x0663, 0x0664, 0x0665, 0x0666, 0x0667, 0x0668, 0x0669, 0x066A, 0x066B, 0x066C,
    0x066D, 0x066E, 0x066F, 0x0670, 0x0671, 0x0672, 0x0673, 0x0674, 0x0675, 0x0676, 0x0677, 0x0678,
    0x0679, 0x067A, 0x067B, 0x067C, 0x067D, 0x067E, 0x067F, 0x0680, 0x0681, 0x0682, 0x0683, 0x0684,
    0x0685, 0x0686, 0x0687, 0x0688, 0x0689, 0x068A, 0x068B, 0x068C, 0x068D, 0x068E, 0x068F, 0x0690,
    0x0691, 0x0692, 0x0693, 0x0694, 0x0695, 0x0696, 0x0697, 0x0698, 0x0699, 0x069A, 0x069B, 0x069C,
    0x069D, 0x069E, 0x069F, 0x06A0, 0x06A1, 0x06A2, 0x06A3, 0x06A4, 0x06A5, 0x06A6, 0x06A7, 0x06A8,
    0x06A9, 0x06AA, 0x06AB, 0x06AC, 0x06AD, 0x06AE, 0x06AF, 0x06B0, 0x06B1, 0x06B2, 0x06B3, 0x06B4,
    0x06B5, 0x06B6, 0x06B7, 0x06B8, 0x06B9, 0x06BA, 0x06BB, 0x06BC, 0x06BD, 0x06BE, 0x06BF, 0x06C0,
    0x06C1, 0x06C2, 0x06C3, 0x06C4, 0x06C5, 0x06C6, 0x06C7, 0x06C8, 0x06C9, 0x06CA, 0x06CB, 0x06CC,
    0x06CD, 0x06CE, 0x06CF, 0x06D0, 0x06D1, 0x06D2, 0x06D3, 0x06D4, 0x06D5, 0x06D6, 0x06D7, 0x06D8,
    0x06D9, 0x06DA, 0x06DB, 0x06DC, 0x06DD, 0x06DE, 0x06DF, 0x06E0, 0x06E1, 0x06E2, 0x06E3, 0x06E4,
    0x06E5, 0x06E6, 0x06E7, 0x06E8, 0x06E9, 0x06EA, 0x06EB, 0x06EC, 0x06ED, 0x06EE, 0x06EF, 0x06F0,
    0x06F1, 0x06F2, 0x06F3, 0x06F4, 0x06F5, 0x06F6, 0x06F7, 0x06F8, 0x06F9, 0x06FA, 0x06FB, 0x06FC,
    0x06FD, 0x06FE, 0x06FF, 0x0700, 0x0701, 0x0702, 0x0703, 0x0704, 0x0705, 0x0706, 0x0707, 0x0708,
    0x0709, 0x070A, 0x070B, 0x070C, 0x070D, 0x070E, 0x070F, 0x0710, 0x0711, 0x0712, 0x0713, 0x0714,
    0x0715, 0x0716, 0x0717, 0x0718, 0x0719, 0x071A, 0x071B, 0x071C, 0x071D, 0x071E, 0x071F, 0x0720,
    0x0721, 0x0722, 0x0723, 0x0724, 0x0725, 0x0726, 0x0727, 0x0728, 0x0729, 0x072A, 0x072B, 0x072C,
    0x072D, 0x072E, 0x072F, 0x0730, 0x0731, 0x0732, 0x0733, 0x0734, 0x0735, 0x0736, 0x0737, 0x0738,
    0x0739, 0x073A, 0x073B, 0x073C, 0x073D, 0x073E, 0x073F, 0x0740, 0x0741, 0x0742, 0x07C0, 0x0000,
    0x7C1F, 0x7FFF, 0x0000, 0x7F7B, 0x3004, 0x16FF, 0x14BF, 0x7F13, 0x6D8A, 0x7E50, 0x1865, 0x370C,
    0x3188, 0x1DDF, 0x27BF, 0x3108, 0x3D4B, 0x2D6C, 0x41A9, 0x2E8A, 0x56F2, 0x2B4F, 0x32C9, 0x3627,
    0x4B92, 0x476D, 0x25B1, 0x29B0, 0x29C7, 0x6313, 0x3B2A, 0x2A67, 0x2806, 0x6405, 0x4801, 0x2527,
    0x5805, 0x4C03, 0x1002, 0x6185, 0x40A2, 0x573E, 0x2DDD, 0x567E, 0x10E9, 0x194C, 0x45CC, 0x7E49,
    0x0E5A, 0x1444, 0x318C, 0x62F7, 0x1098, 0x102C, 0x206F, 0x4C8A, 0x5108, 0x60C9, 0x5D2A, 0x4507,
    0x5128, 0x40E6, 0x3063, 0x3D07, 0x492B, 0x3928, 0x4928, 0x55AC, 0x556B, 0x514A, 0x34C6, 0x28A5,
    0x410B, 0x60CC, 0x70D2, 0x38CA, 0x30A8, 0x0421, 0x1423, 0x1C25, 0x092C, 0x050B, 0x0E9B, 0x0A59,
    0x0A5A, 0x1636, 0x5E94, 0x10CB, 0x04CD, 0x41CF, 0x4E96, 0x0C63, 0x1884, 0x14C4, 0x1CA6, 0x458B,
    0x4E32, 0x0087, 0x0445, 0x04A9, 0x0DD4, 0x12BB, 0x192C, 0x0C89, 0x0E59, 0x0E7A, 0x0A39, 0x0D91,
    0x3EDA, 0x2172, 0x25D4, 0x3A14, 0x22DC, 0x2C45, 0x314A, 0x2E98, 0x0111, 0x66F9, 0x55EE, 0x0A38,
    0x1A2D, 0x7BBF, 0x3885, 0x34E6, 0x398C, 0x08A3, 0x7AD4, 0x4468, 0x4EB7, 0x2908, 0x24E7, 0x1147,
    0x0574, 0x44A4, 0x61CC, 0x15CB, 0x2042, 0x4083, 0x0A18, 0x60A6, 0x5084, 0x50A4, 0x1589, 0x5D45,
    0x09F6, 0x0D04, 0x7F16, 0x6A2F, 0x2B1F, 0x479F, 0x08AF, 0x19B9, 0x123F, 0x12FF, 0x1B5F, 0x1123,
    0x0DA6, 0x160B, 0x14A5, 0x10A2, 0x1C85, 0x7BBC, 0x00A2, 0x0000, 0x0000, 0x0000, 0x0000, 0x0000,
    0x0000, 0x0000, 0x0000, 0x0000, 0x0000, 0x0000, 0x0000, 0x0000, 0x0000, 0x0000, 0x0000, 0x0000,
    0x0000, 0x0000, 0x0000, 0x0000, 0x0000, 0x0000, 0x0000, 0x0000, 0x0000, 0x0000, 0x0000, 0x0000,
    0x0000, 0x0000, 0x0000, 0x0000, 0x0201, 0x0403, 0x0605, 0x0807, 0x0B0B, 0x0B0B, 0x0B0B, 0x0B0B,
    0x0B0B, 0x0B0B, 0x0B0B, 0x0B0B, 0x0B0B, 0x0B0B, 0x0B0B, 0x0B0B, 0x0B0B, 0x0B0B, 0x0B0B, 0x0B0B,
    0x0B0B, 0x0B0B, 0x0B0B, 0x0B0B, 0x0B0B, 0x0B0B, 0x0B0B, 0x0B0B, 0x0B0B, 0x0B0B, 0x0B0B, 0x0B0B,
    0x0909, 0x0909, 0x0909, 0x0909, 0x0909, 0x0909, 0x0909, 0x0909, 0x0909, 0x0909, 0x0909, 0x0909,
    0x0909, 0x0909, 0x0909, 0x0909, 0x0909, 0x0909, 0x0909, 0x0909, 0x0909, 0x0909, 0x0909, 0x0909,
    0x0909, 0x0909, 0x0909, 0x0909, 0x0909, 0x0909, 0x0909, 0x0909, 0x0A00, 0x0109, 0x0101, 0x0101,
    0x0A00, 0x0109, 0x0101, 0x0101, 0x0A00, 0x0109, 0x0101, 0x0101, 0x0A00, 0x0109, 0x0101, 0x0101,
    0x0A00, 0x0109, 0x0101, 0x0101, 0x0A00, 0x0109, 0x0101, 0x0101, 0x0A00, 0x0109, 0x0101, 0x0101,
    0x0A00, 0x0109, 0x0101, 0x0101, 0x0A00, 0x0109, 0x0101, 0x0101, 0x0A00, 0x0109, 0x0101, 0x0101,
    0x0000, 0x090A, 0x0101, 0x0101, 0x0000, 0x090A, 0x0101, 0x0101, 0x0000, 0x0A00, 0x0109, 0x0101,
    0x0000, 0x0000, 0x090A, 0x0109, 0x0000, 0x0000, 0x0A00, 0x090A, 0x0000, 0x0000, 0x0000, 0x0A00,
    0x0101, 0x0101, 0x0101, 0x0101, 0x0101, 0x0101, 0x0101, 0x0101, 0x0101, 0x0101, 0x0101, 0x0101,
    0x0101, 0x0101, 0x0101, 0x0101, 0x0101, 0x0101, 0x0101, 0x0101, 0x0101, 0x0101, 0x0101, 0x0101,
    0x0909, 0x0909, 0x0909, 0x0909, 0x0A0A, 0x0A0A, 0x0A0A, 0x0A0A, 0x0A00, 0x0109, 0x0101, 0x0101,
    0x0A00, 0x0109, 0x0101, 0x0101, 0x0109, 0x0101, 0x0101, 0x0101, 0x090A, 0x0101, 0x0101, 0x0101,
    0x0A00, 0x0109, 0x0101, 0x0101, 0x0A00, 0x0109, 0x0101, 0x0101, 0x0A00, 0x0109, 0x0101, 0x0101,
    0x0A00, 0x0109, 0x0101, 0x0101, 0x0303, 0x0303, 0x0303, 0x0403, 0x0303, 0x0303, 0x0303, 0x0404,
    0x0303, 0x0303, 0x0303, 0x0404, 0x0303, 0x0303, 0x0403, 0x0404, 0x0303, 0x0303, 0x0403, 0x0404,
    0x0303, 0x0303, 0x0403, 0x0404, 0x0303, 0x0303, 0x0404, 0x0404, 0x0303, 0x0303, 0x0404, 0x0404,
    0x0303, 0x0303, 0x0303, 0x0303, 0x0303, 0x0303, 0x0303, 0x0303, 0x0303, 0x0303, 0x0303, 0x0303,
    0x0303, 0x0303, 0x0303, 0x0303, 0x0404, 0x0303, 0x0303, 0x0303, 0x0404, 0x0404, 0x0304, 0x0303,
    0x0404, 0x0404, 0x0404, 0x0304, 0x0404, 0x0404, 0x0404, 0x0404, 0x0B0B, 0x0B0B, 0x0B0B, 0x0B0B,
    0x180B, 0x0B0B, 0x0B0B, 0x0B0B, 0x0B0B, 0x0B0B, 0x0B0B, 0x0B0B, 0x0B0B, 0x0B0B, 0x1818, 0x0B0B,
    0x0B0B, 0x0B0B, 0x1818, 0x0B0B, 0x0B0B, 0x0B0B, 0x0B0B, 0x0B0B, 0x0B0B, 0x0B0B, 0x0B0B, 0x0B0B,
    0x0B0B, 0x180B, 0x0B0B, 0x0B0B, 0x0B0B, 0x0B0B, 0x0B0B, 0x0B0B, 0x0B0B, 0x190B, 0x0B0B, 0x0B0B,
    0x0B0B, 0x0B0B, 0x0B0B, 0x0B0B, 0x0B0B, 0x0B0B, 0x0B0B, 0x0B0B, 0x0B0B, 0x0B0B, 0x190B, 0x0B19,
    0x0B0B, 0x0B0B, 0x190B, 0x0B19, 0x1E1E, 0x0B0B, 0x0B0B, 0x0B0B, 0x1E1E, 0x0B0B, 0x0B0B, 0x0B0B,
    0x0C0B, 0x0C0C, 0x0C0C, 0x0C0C, 0x180B, 0x0C0C, 0x0C0C, 0x0C0C, 0x0C0B, 0x0C0C, 0x0C0C, 0x0C0C,
    0x0C0B, 0x0C0C, 0x0C0C, 0x0C0C, 0x0C0B, 0x0C0C, 0x0C0C, 0x0C0C, 0x0C0B, 0x0C0C, 0x0C0C, 0x0C0C,
    0x1E1E, 0x0C0C, 0x0C0C, 0x0C0C, 0x1F1E, 0x0C0C, 0x0C0C, 0x0C0C, 0x0A00, 0x0409, 0x0404, 0x0404,
    0x0A00, 0x0409, 0x0404, 0x0404, 0x0A00, 0x0409, 0x0404, 0x0404, 0x0A00, 0x0409, 0x0404, 0x0404,
    0x0A00, 0x0409, 0x0404, 0x0404, 0x0A00, 0x0409, 0x0404, 0x0404, 0x0A00, 0x0409, 0x0404, 0x0404,
    0x0A00, 0x0409, 0x0404, 0x0404, 0x0404, 0x0404, 0x0404, 0x0404, 0x0404, 0x0404, 0x0404, 0x0404,
    0x0404, 0x0404, 0x0404, 0x0404, 0x0404, 0x0404, 0x0404, 0x0404, 0x0404, 0x0404, 0x0404, 0x0404,
    0x0404, 0x0404, 0x0404, 0x0404, 0x0404, 0x0404, 0x0404, 0x0404, 0x0404, 0x0404, 0x0404, 0x0404,
    0x0A00, 0x0309, 0x0303, 0x0303, 0x0A00, 0x0309, 0x0303, 0x0303, 0x0A00, 0x0309, 0x0303, 0x0303,
    0x0A00, 0x0309, 0x0303, 0x0303, 0x0A00, 0x0309, 0x0303, 0x0303, 0x0A00, 0x0309, 0x0303, 0x0303,
    0x0A00, 0x0309, 0x0303, 0x0303, 0x0A00, 0x0309, 0x0303, 0x0303, 0x0303, 0x0303, 0x0303, 0x0303,
    0x0303, 0x0303, 0x0303, 0x0303, 0x0303, 0x0303, 0x0303, 0x0303, 0x0303, 0x0303, 0x0303, 0x0303,
    0x0303, 0x0303, 0x0303, 0x0303, 0x0303, 0x0303, 0x0303, 0x0303, 0x0303, 0x0303, 0x0303, 0x0303,
    0x0303, 0x0303, 0x0303, 0x0303, 0x0A00, 0x0109, 0x0101, 0x0101, 0x0A00, 0x0109, 0x0101, 0x0101,
    0x0A00, 0x0109, 0x0101, 0x0101, 0x0A00, 0x0109, 0x0101, 0x0101, 0x0A00, 0x0109, 0x0101, 0x0101,
    0x0A00, 0x0109, 0x0101, 0x0101, 0x0A00, 0x0109, 0x0101, 0x0101, 0x0A00, 0x0109, 0x0101, 0x0101,
    0x0101, 0x0101, 0x0101, 0x0101, 0x0101, 0x0101, 0x0101, 0x0101, 0x0101, 0x0101, 0x0101, 0x0101,
    0x0101, 0x0101, 0x0101, 0x0101, 0x0101, 0x0101, 0x0101, 0x0101, 0x0101, 0x0101, 0x0101, 0x0101,
    0x0101, 0x0101, 0x0101, 0x0101, 0x0101, 0x0101, 0x0101, 0x0101, 0x0303, 0x0303, 0x0303, 0x0303,
    0x0A0A, 0x0A0A, 0x0A0A, 0x0A0A, 0x050A, 0x0E0E, 0x0E0E, 0x0A05, 0x0E0A, 0x0E05, 0x050E, 0x0A0E,
    0x0E0A, 0x0505, 0x0505, 0x0A0E, 0x050A, 0x0E0E, 0x0E0E, 0x0A05, 0x0A0A, 0x0A0A, 0x0A0A, 0x0A0A,
    0x0303, 0x0303, 0x0303, 0x0303, 0x0505, 0x0505, 0x0505, 0x0505, 0x0505, 0x0505, 0x0505, 0x0505,
    0x0505, 0x0505, 0x0505, 0x0505, 0x0505, 0x0505, 0x0505, 0x0505, 0x0505, 0x0505, 0x0505, 0x0505,
    0x0505, 0x0505, 0x0505, 0x0505, 0x0505, 0x0505, 0x0505, 0x0505, 0x0505, 0x0505, 0x0505, 0x0505,
    0x0A03, 0x0E0D, 0x050E, 0x0505, 0x0A03, 0x0E0D, 0x050E, 0x0505, 0x0A03, 0x0E0D, 0x050E, 0x0505,
    0x0A03, 0x0E0D, 0x050E, 0x0505, 0x0A03, 0x0E0D, 0x050E, 0x0505, 0x0A03, 0x0E0D, 0x050E, 0x0505,
    0x0A03, 0x0E0D, 0x050E, 0x0505, 0x0A03, 0x0E0D, 0x050E, 0x0505, 0x0505, 0x0505, 0x0D05, 0x030A,
    0x0505, 0x0505, 0x0D05, 0x030A, 0x0505, 0x0505, 0x0D05, 0x030A, 0x0505, 0x0505, 0x0D05, 0x030A,
    0x0505, 0x0505, 0x0D05, 0x030A, 0x0505, 0x0505, 0x0D05, 0x030A, 0x0505, 0x0505, 0x0D05, 0x030A,
    0x0505, 0x0505, 0x0D05, 0x030A, 0x0A03, 0x0109, 0x0101, 0x0101, 0x0A03, 0x0109, 0x0101, 0x0101,
    0x0A03, 0x0109, 0x0101, 0x0101, 0x0A03, 0x0109, 0x0101, 0x0101, 0x0A03, 0x0109, 0x0101, 0x0101,
    0x0A03, 0x0109, 0x0101, 0x0101, 0x0A03, 0x0109, 0x0101, 0x0101, 0x0A03, 0x0109, 0x0101, 0x0101,
    0x0A0A, 0x0A0A, 0x0A0A, 0x0A0A, 0x0909, 0x0909, 0x0A09, 0x090A, 0x0303, 0x0303, 0x090A, 0x0109,
    0x0303, 0x0A03, 0x0109, 0x0101, 0x0303, 0x090A, 0x0101, 0x0101, 0x0303, 0x090A, 0x0101, 0x0101,
    0x0A03, 0x0109, 0x0101, 0x0101, 0x0A03, 0x0109, 0x0101, 0x0101, 0x0B0C, 0x0C0C, 0x0C0C, 0x0C0B,
    0x0C0C, 0x170C, 0x0C0C, 0x0B0B, 0x0C0B, 0x0C0C, 0x0C0C, 0x0B0C, 0x0B0B, 0x0C0C, 0x0C0C, 0x0B0C,
    0x0B0B, 0x0C0B, 0x100C, 0x0C10, 0x0B0B, 0x0C0B, 0x120C, 0x0C12, 0x1E1E, 0x0B0B, 0x120C, 0x1112,
    0x1E1E, 0x0B0B, 0x0C0C, 0x110C, 0x100F, 0x1110, 0x0B0F, 0x1111, 0x1011, 0x0F1A, 0x110F, 0x0F11,
    0x1B11, 0x0F0F, 0x0F0F, 0x0B0F, 0x1111, 0x0F10, 0x0F0F, 0x0B0B, 0x1A0F, 0x0F10, 0x0B0F, 0x0B0B,
    0x1B11, 0x0F11, 0x0B0B, 0x0B0B, 0x1010, 0x0F11, 0x0B0B, 0x0B0B, 0x1010, 0x0F0F, 0x0B18, 0x0B0B,
    0x0B0B, 0x0C0C, 0x0C0B, 0x0B0C, 0x0C0B, 0x170C, 0x0C0C, 0x0C0C, 0x0B0B, 0x0C0C, 0x0C0C, 0x0C0C,
    0x0C0B, 0x0C0C, 0x0C0C, 0x0C0C, 0x0C0B, 0x0C0C, 0x120C, 0x0C12, 0x0C0B, 0x0C0C, 0x120C, 0x0C12,
    0x1E1E, 0x0C0C, 0x0C0C, 0x0C0C, 0x1F1E, 0x0C0C, 0x0C0C, 0x0C0C, 0x1312, 0x1413, 0x1313, 0x1314,
    0x1513, 0x1315, 0x1515, 0x1513, 0x1312, 0x1C15, 0x1313, 0x1515, 0x1C13, 0x1313, 0x1315, 0x1515,
    0x1513, 0x161C, 0x1C15, 0x1315, 0x1513, 0x151C, 0x1C15, 0x1C13, 0x1312, 0x1313, 0x1C13, 0x1C1C,
    0x1513, 0x151C, 0x1C13, 0x1C13, 0x1312, 0x1513, 0x1315, 0x1313, 0x1513, 0x1315, 0x1515, 0x1513,
    0x1312, 0x1C15, 0x1313, 0x1515, 0x1C13, 0x1313, 0x1315, 0x1516, 0x1513, 0x151C, 0x1C15, 0x1315,
    0x1513, 0x151C, 0x1C15, 0x1C13, 0x1312, 0x1313, 0x1C13, 0x1C1C, 0x1513, 0x151C, 0x1C13, 0x1C13,
    0x1313, 0x1513, 0x1315, 0x1313, 0x1513, 0x1315, 0x1513, 0x1315, 0x1513, 0x1C13, 0x1513, 0x131C,
    0x131C, 0x1513, 0x1C15, 0x1315, 0x1513, 0x1513, 0x1316, 0x1315, 0x1515, 0x151C, 0x1C13, 0x1413,
    0x1515, 0x131C, 0x1513, 0x1315, 0x1315, 0x1513, 0x151C, 0x1C15, 0x0B0B, 0x0B0B, 0x1616, 0x1717,
    0x180B, 0x0B0B, 0x1616, 0x1717, 0x0B0B, 0x0B0B, 0x1616, 0x1717, 0x0B0B, 0x1D0B, 0x161D, 0x1717,
    0x0B0B, 0x1D0B, 0x161D, 0x1717, 0x0B0B, 0x0B0B, 0x1616, 0x1717, 0x0B0B, 0x0B0B, 0x1616, 0x1717,
    0x0B0B, 0x0B19, 0x1616, 0x1717, 0x0C0C, 0x0C0C, 0x0C0C, 0x0C0C, 0x0C0C, 0x120C, 0x0C0C, 0x0C0C,
    0x0C0C, 0x0C17, 0x0C0C, 0x0C0C, 0x0C0C, 0x0C0C, 0x0C0C, 0x0C0C, 0x0C0C, 0x0C0C, 0x120C, 0x0C12,
    0x0C0C, 0x0C0C, 0x120C, 0x0C12, 0x0C0C, 0x0C12, 0x0C0C, 0x0C0C, 0x0C0C, 0x0C0C, 0x0C0C, 0x0C0C,
    0x0000, 0x0000, 0x0000, 0x0A00, 0x0000, 0x0000, 0x0A00, 0x090A, 0x0000, 0x0000, 0x090A, 0x2109,
    0x0000, 0x0A00, 0x2409, 0x2424, 0x0000, 0x090A, 0x2424, 0x2424, 0x0000, 0x090A, 0x2424, 0x2424,
    0x0A00, 0x2509, 0x2525, 0x2525, 0x0A00, 0x2509, 0x2525, 0x2525, 0x0A0A, 0x0A0A, 0x0A0A, 0x0A0A,
    0x0909, 0x0909, 0x0909, 0x0909, 0x2121, 0x2121, 0x2121, 0x2121, 0x2424, 0x2424, 0x2424, 0x2424,
    0x2424, 0x2424, 0x2424, 0x2424, 0x2424, 0x2424, 0x2424, 0x2424, 0x2525, 0x2525, 0x2525, 0x2525,
    0x2525, 0x2525, 0x2525, 0x2525, 0x0000, 0x0000, 0x0000, 0x0A00, 0x0000, 0x0000, 0x0A00, 0x090A,
    0x0000, 0x0000, 0x090A, 0x0309, 0x0000, 0x0A00, 0x0309, 0x0303, 0x0000, 0x090A, 0x0303, 0x0303,
    0x0000, 0x090A, 0x0303, 0x0303, 0x0A00, 0x0309, 0x0303, 0x0303, 0x0A00, 0x0309, 0x0303, 0x0303,
    0x0A0A, 0x0A0A, 0x0A0A, 0x0A0A, 0x0909, 0x0909, 0x0909, 0x0909, 0x0303, 0x0303, 0x0303, 0x0303,
    0x0303, 0x0303, 0x0303, 0x0303, 0x0303, 0x0303, 0x0303, 0x0303, 0x0303, 0x0303, 0x0303, 0x0303,
    0x0303, 0x0303, 0x0303, 0x0303, 0x0303, 0x0303, 0x0303, 0x0303, 0x0000, 0x0000, 0x0000, 0x0A00,
    0x0000, 0x0000, 0x0A00, 0x090A, 0x0000, 0x0000, 0x090A, 0x0109, 0x0000, 0x0A00, 0x0109, 0x0101,
    0x0000, 0x090A, 0x0101, 0x0101, 0x0000, 0x090A, 0x0101, 0x0101, 0x0A00, 0x0109, 0x0101, 0x0101,
    0x0A00, 0x0109, 0x0101, 0x0101, 0x0A0A, 0x0A0A, 0x0A0A, 0x0A0A, 0x0909, 0x0909, 0x0909, 0x0909,
    0x0101, 0x0101, 0x0101, 0x0101, 0x0101, 0x0101, 0x0101, 0x0101, 0x0101, 0x0101, 0x0101, 0x0101,
    0x0101, 0x0101, 0x0101, 0x0101, 0x0101, 0x0101, 0x0101, 0x0101, 0x0101, 0x0101, 0x0101, 0x0101,
    0x0503, 0x0505, 0x0505, 0x0505, 0x0A0A, 0x0A0A, 0x0A0A, 0x0A0A, 0x050A, 0x0E0E, 0x0E0E, 0x0A05,
    0x0E0A, 0x0E05, 0x050E, 0x0A0E, 0x0E0A, 0x0505, 0x0505, 0x0A0E, 0x050A, 0x0E0E, 0x0E0E, 0x0A05,
    0x0A0A, 0x0A0A, 0x0A0A, 0x0A0A, 0x0503, 0x0505, 0x0505, 0x0505, 0x030A, 0x0303, 0x0303, 0x0303,
    0x0A0D, 0x030A, 0x0303, 0x0303, 0x0D05, 0x0A0D, 0x0303, 0x0303, 0x0505, 0x0D05, 0x030A, 0x0303,
    0x0505, 0x0505, 0x0A0D, 0x0303, 0x0505, 0x0505, 0x0A0D, 0x0303, 0x0505, 0x0505, 0x0D05, 0x030A,
    0x0505, 0x0505, 0x0D05, 0x030A, 0x0303, 0x0303, 0x0303, 0x0A03, 0x0303, 0x0303, 0x0A03, 0x0D0A,
    0x0303, 0x0303, 0x0D0A, 0x0E0D, 0x0303, 0x0A03, 0x010D, 0x0E01, 0x0303, 0x0D0A, 0x0101, 0x0501,
    0x0303, 0x0D0A, 0x0101, 0x0505, 0x0A03, 0x0E0D, 0x050E, 0x0505, 0x0A03, 0x0E0D, 0x050E, 0x0505,
    0x0A0A, 0x0A0A, 0x0A0A, 0x0A0A, 0x0D0D, 0x0D0D, 0x0D0D, 0x0D0D, 0x0E0E, 0x0E0E, 0x0E0E, 0x0E0E,
    0x0E0E, 0x0E0E, 0x0E0E, 0x0E0E, 0x0505, 0x0505, 0x0505, 0x0505, 0x0505, 0x0505, 0x0505, 0x0505,
    0x0505, 0x0505, 0x0505, 0x0505, 0x0505, 0x0505, 0x0505, 0x0505, 0x0303, 0x0303, 0x0303, 0x0A03,
    0x0303, 0x0303, 0x0A03, 0x090A, 0x0303, 0x0303, 0x090A, 0x0109, 0x0303, 0x0A03, 0x0109, 0x0101,
    0x0303, 0x090A, 0x0101, 0x0101, 0x0303, 0x090A, 0x0101, 0x0101, 0x0A03, 0x0109, 0x0101, 0x0101,
    0x0A03, 0x0109, 0x0101, 0x0101, 0x0A0A, 0x0A0A, 0x0A0A, 0x0A0A, 0x0909, 0x0909, 0x0909, 0x0909,
    0x0101, 0x0101, 0x0101, 0x0101, 0x0101, 0x0101, 0x0101, 0x0101, 0x0101, 0x0101, 0x0101, 0x0101,
    0x0101, 0x0101, 0x0101, 0x0101, 0x0101, 0x0101, 0x0101, 0x0101, 0x0101, 0x0101, 0x0101, 0x0101,
    0x0A00, 0x2009, 0x2020, 0x2020, 0x0A00, 0x0409, 0x0404, 0x0404, 0x0000, 0x090A, 0x2222, 0x2222,
    0x0000, 0x090A, 0x2222, 0x2222, 0x0000, 0x0A00, 0x2209, 0x2222, 0x0000, 0x0000, 0x090A, 0x2209,
    0x0000, 0x0000, 0x0A00, 0x090A, 0x0000, 0x0000, 0x0000, 0x0A00, 0x2020, 0x2020, 0x2020, 0x2020,
    0x0404, 0x0404, 0x0404, 0x0404, 0x2222, 0x2222, 0x2222, 0x2222, 0x2222, 0x2222, 0x2222, 0x2222,
    0x2222, 0x2222, 0x2222, 0x2222, 0x2222, 0x2222, 0x2222, 0x2222, 0x0909, 0x0909, 0x0909, 0x0909,
    0x0A0A, 0x0A0A, 0x0A0A, 0x0A0A, 0x0000, 0x2121, 0x2121, 0x2121, 0x0000, 0x2100, 0x2121, 0x2121,
    0x0000, 0x0000, 0x2121, 0x2121, 0x0000, 0x0000, 0x0000, 0x0000, 0x0000, 0x0000, 0x0000, 0x0000,
    0x0000, 0x0000, 0x0000, 0x0000, 0x0000, 0x0000, 0x0000, 0x0000, 0x0000, 0x0000, 0x0000, 0x0000,
    0x2121, 0x2121, 0x2121, 0x2121, 0x2121, 0x2121, 0x2121, 0x2121, 0x2121, 0x2121, 0x2121, 0x2121,
    0x0000, 0x0000, 0x0000, 0x0000, 0x0000, 0x0000, 0x0000, 0x0000, 0x0000, 0x0000, 0x0000, 0x0000,
    0x0000, 0x0000, 0x0000, 0x0000, 0x0000, 0x0000, 0x0000, 0x0000, 0x0000, 0x0000, 0x0000, 0x0000,
    0x0000, 0x0000, 0x0000, 0x0000, 0x0000, 0x0000, 0x0000, 0x0A00, 0x0000, 0x0000, 0x0A00, 0x090A,
    0x0000, 0x0000, 0x090A, 0x0109, 0x0000, 0x0A00, 0x0109, 0x0101, 0x0000, 0x090A, 0x0101, 0x0101,
    0x0000, 0x090A, 0x0101, 0x0101, 0x0000, 0x0000, 0x0000, 0x0000, 0x0000, 0x0000, 0x0000, 0x0000,
    0x0A0A, 0x0A0A, 0x0A0A, 0x0A0A, 0x0909, 0x0909, 0x0909, 0x0909, 0x0101, 0x0101, 0x0101, 0x0101,
    0x0101, 0x0101, 0x0101, 0x0101, 0x0101, 0x0101, 0x0101, 0x0101, 0x0101, 0x0101, 0x0101, 0x0101,
    0x0505, 0x0505, 0x0505, 0x0A05, 0x0505, 0x0505, 0x0505, 0x0E0A, 0x0505, 0x0505, 0x0A0A, 0x0E05,
    0x0505, 0x0505, 0x0E05, 0x0E0E, 0x0505, 0x0505, 0x050A, 0x0505, 0x0505, 0x0505, 0x0A05, 0x0505,
    0x0505, 0x0505, 0x0A05, 0x0A05, 0x0505, 0x0505, 0x0A05, 0x050A, 0x0A0A, 0x050D, 0x0505, 0x0505,
    0x060A, 0x0A0A, 0x050D, 0x0505, 0x0D0A, 0x060D, 0x0A0A, 0x050D, 0x0D0A, 0x0D0D, 0x060D, 0x050A,
    0x0D0A, 0x060D, 0x0A0A, 0x050D, 0x060A, 0x0A0A, 0x050D, 0x0505, 0x0A0A, 0x050D, 0x0505, 0x0505,
    0x0505, 0x0505, 0x0505, 0x0505, 0x0A03, 0x050D, 0x0505, 0x0505, 0x0A03, 0x050D, 0x0505, 0x0505,
    0x0303, 0x0D0A, 0x0505, 0x0505, 0x0303, 0x0D0A, 0x0505, 0x0505, 0x0303, 0x0A03, 0x050D, 0x0505,
    0x0303, 0x0303, 0x0D0A, 0x050D, 0x0303, 0x0303, 0x0A03, 0x0D0A, 0x0303, 0x0303, 0x0303, 0x0A03,
    0x0505, 0x0505, 0x0505, 0x0505, 0x0505, 0x0505, 0x0505, 0x0505, 0x0505, 0x0505, 0x0505, 0x0505,
    0x0505, 0x0505, 0x0505, 0x0505, 0x0505, 0x0505, 0x0505, 0x0505, 0x0505, 0x0505, 0x0505, 0x0505,
    0x0D0D, 0x0D0D, 0x0D0D, 0x0D0D, 0x0A0A, 0x0A0A, 0x0A0A, 0x0A0A, 0x0A0A, 0x0A0A, 0x0A0A, 0x0A0A,
    0x0909, 0x0909, 0x0A09, 0x0D0A, 0x0303, 0x0303, 0x0D0A, 0x0E0D, 0x0303, 0x0A03, 0x010D, 0x0E01,
    0x0303, 0x0D0A, 0x0101, 0x0501, 0x0303, 0x0D0A, 0x0101, 0x0505, 0x0A03, 0x0E0D, 0x050E, 0x0505,
    0x0A03, 0x0E0D, 0x050E, 0x0505, 0x0A0A, 0x0A0A, 0x0A0A, 0x0A0A, 0x0A0D, 0x090A, 0x0909, 0x0909,
    0x0D05, 0x0A0D, 0x0303, 0x0303, 0x0505, 0x0D05, 0x030A, 0x0303, 0x0505, 0x0505, 0x0A0D, 0x0303,
    0x0505, 0x0505, 0x0A0D, 0x0303, 0x0505, 0x0505, 0x0D05, 0x030A, 0x0505, 0x0505, 0x0D05, 0x030A,
    0x0404, 0x0404, 0x0804, 0x0505, 0x0404, 0x0804, 0x0A05, 0x0505, 0x0804, 0x0505, 0x0A05, 0x0505,
    0x0505, 0x0505, 0x0A05, 0x0505, 0x0D06, 0x0505, 0x0A05, 0x0505, 0x0404, 0x0D06, 0x0A05, 0x0A0A,
    0x0404, 0x0404, 0x0D06, 0x0505, 0x0404, 0x0404, 0x0404, 0x0D06, 0x0505, 0x0408, 0x0404, 0x0404,
    0x0A05, 0x0D0A, 0x0408, 0x0404, 0x0A05, 0x0A0D, 0x0505, 0x0408, 0x0A05, 0x0D0A, 0x0505, 0x0505,
    0x0A05, 0x0A0D, 0x0505, 0x060D, 0x0A05, 0x0A05, 0x060D, 0x0404, 0x0505, 0x060D, 0x0404, 0x0404,
    0x060D, 0x0404, 0x0404, 0x0404, 0x0C0B, 0x0C0C, 0x0C0C, 0x0C0C, 0x170B, 0x0C0C, 0x0C0C, 0x0C0C,
    0x0C0B, 0x0C0C, 0x0C0C, 0x0C0C, 0x0C0B, 0x0C0C, 0x1212, 0x0C0C, 0x0C0B, 0x0C0C, 0x1212, 0x0C0C,
    0x0B0B, 0x0C0B, 0x0C0C, 0x0C0C, 0x0B0B, 0x0B0B, 0x0C0B, 0x0C0C, 0x0B0B, 0x180B, 0x0B0B, 0x0C0B,
    0x1513, 0x151C, 0x1C15, 0x1315, 0x1312, 0x131C, 0x1315, 0x1515, 0x231C, 0x131C, 0x1C13, 0x1515,
    0x1C15, 0x1515, 0x1313, 0x151C, 0x1315, 0x1515, 0x1513, 0x1313, 0x1C13, 0x1513, 0x151C, 0x1C16,
    0x1515, 0x1313, 0x151C, 0x1C15, 0x1515, 0x151C, 0x1313, 0x1C15, 0x1513, 0x151C, 0x1C15, 0x1315,
    0x1312, 0x131C, 0x1315, 0x1515, 0x231C, 0x131C, 0x1C13, 0x1615, 0x1C23, 0x1C13, 0x2313, 0x1C15,
    0x1323, 0x2313, 0x1C1C, 0x2313, 0x131C, 0x2313, 0x1C13, 0x2323, 0x1C1C, 0x2313, 0x1C13, 0x1C23,
    0x1C23, 0x231C, 0x2323, 0x231C, 0x1C13, 0x1515, 0x131C, 0x1513, 0x131C, 0x1315, 0x1513, 0x1513,
    0x231C, 0x1C13, 0x1516, 0x1513, 0x151C, 0x1323, 0x131C, 0x1513, 0x1515, 0x1323, 0x1C13, 0x131C,
    0x1313, 0x131C, 0x1C13, 0x1C23, 0x1C13, 0x1C23, 0x1313, 0x1C23, 0x1C1C, 0x1C23, 0x1C1C, 0x141C,
    0x0B0B, 0x0B0B, 0x1616, 0x1717, 0x180B, 0x0B0B, 0x1616, 0x1717, 0x0B0B, 0x0B0B, 0x160B, 0x1717,
    0x0B0B, 0x0B0B, 0x1818, 0x170B, 0x0B0B, 0x0B0B, 0x1818, 0x0B0B, 0x0B0B, 0x0B0B, 0x0B0B, 0x0B0B,
    0x0B0B, 0x0B0B, 0x0B0B, 0x0B0B, 0x0B0B, 0x180B, 0x0B0B, 0x0B0B, 0x0C0C, 0x0C0C, 0x0C0C, 0x0C0C,
    0x0C0C, 0x120C, 0x0C0C, 0x0C0C, 0x0C0C, 0x0C17, 0x0C0C, 0x0C0C, 0x0C0C, 0x0C0C, 0x0C0C, 0x0C0C,
    0x0C0B, 0x0C0C, 0x120C, 0x0C12, 0x0B0B, 0x0C0B, 0x120C, 0x0C12, 0x1E1E, 0x0B0B, 0x0C0B, 0x0C0C,
    0x1E1E, 0x0B0B, 0x0B0B, 0x0C0B, 0x0000, 0x0000, 0x0000, 0x0000, 0x0000, 0x0000, 0x0000, 0x0000,
    0x0000, 0x0000, 0x0000, 0x0000, 0x0000, 0x0000, 0x0000, 0x0000, 0x0000, 0x0000, 0x0000, 0x0000,
    0x0000, 0x0000, 0x0000, 0x0000, 0x0000, 0x0000, 0x0000, 0x0000, 0x0000, 0x0000, 0x0000, 0x0000,
    0x0201, 0x0403, 0x0605, 0x0807, 0x0B0B, 0x0B0B, 0x0B0B, 0x0B0B, 0x0B0B, 0x0B0B, 0x0B0B, 0x0B0B,
    0x0B0B, 0x0B0B, 0x0B0B, 0x0B0B, 0x0B0B, 0x0B0B, 0x0B0B, 0x0B0B, 0x0B0B, 0x0B0B, 0x0B0B, 0x0B0B,
    0x0B0B, 0x0B0B, 0x0B0B, 0x0B0B, 0x0B0B, 0x0B0B, 0x0B0B, 0x0B0B, 0x0909, 0x0909, 0x0409, 0x0804,
    0x0909, 0x0909, 0x0009, 0x0404, 0x0909, 0x0909, 0x0000, 0x0400, 0x0909, 0x0009, 0x0000, 0x0000,
    0x0909, 0x0000, 0x0000, 0x0000, 0x0009, 0x0000, 0x0000, 0x0000, 0x0000, 0x0000, 0x0000, 0x0000,
    0x0000, 0x0000, 0x0000, 0x0000, 0x0000, 0x0000, 0x0904, 0x0909, 0x0000, 0x0000, 0x0804, 0x0909,
    0x0000, 0x0000, 0x0404, 0x0909, 0x0000, 0x0000, 0x0400, 0x0909, 0x0000, 0x0000, 0x0400, 0x0908,
    0x0000, 0x0000, 0x0400, 0x0904, 0x0000, 0x0000, 0x0000, 0x0804, 0x0000, 0x0000, 0x0000, 0x0404,
    0x0000, 0x0000, 0x0000, 0x0000, 0x0000, 0x0000, 0x0000, 0x0000, 0x0000, 0x0000, 0x0000, 0x0000,
    0x0000, 0x0000, 0x0000, 0x0000, 0x0000, 0x0000, 0x0000, 0x0404, 0x0000, 0x0400, 0x0404, 0x0707,
    0x0400, 0x0704, 0x0707, 0x0909, 0x0704, 0x0907, 0x0909, 0x0909, 0x0000, 0x0000, 0x0000, 0x0000,
    0x0000, 0x0000, 0x0000, 0x0000, 0x0000, 0x0000, 0x0000, 0x0000, 0x0000, 0x0000, 0x0000, 0x0000,
    0x0000, 0x0000, 0x0000, 0x0000, 0x0000, 0x0000, 0x0000, 0x0000, 0x0000, 0x0000, 0x0000, 0x0000,
    0x0000, 0x0000, 0x0000, 0x0400, 0x0000, 0x0000, 0x0904, 0x0909, 0x0000, 0x0000, 0x0804, 0x0909,
    0x0000, 0x0000, 0x0404, 0x0909, 0x0000, 0x0000, 0x0404, 0x0909, 0x0000, 0x0404, 0x0408, 0x0908,
    0x0400, 0x0908, 0x0809, 0x0904, 0x0804, 0x0909, 0x0809, 0x0804, 0x0908, 0x0909, 0x0909, 0x0409,
    0x0000, 0x0000, 0x0000, 0x0000, 0x0000, 0x0000, 0x0000, 0x0000, 0x0000, 0x0000, 0x0000, 0x0000,
    0x0000, 0x0000, 0x0000, 0x0000, 0x0000, 0x0000, 0x0000, 0x0000, 0x0404, 0x0404, 0x0404, 0x0404,
    0x0101, 0x0101, 0x0101, 0x0101, 0x0707, 0x0707, 0x0707, 0x0707, 0x0909, 0x0909, 0x0909, 0x0408,
    0x0909, 0x0909, 0x0408, 0x0804, 0x0809, 0x0404, 0x0804, 0x0909, 0x0404, 0x0404, 0x0908, 0x0909,
    0x0404, 0x0400, 0x0904, 0x0909, 0x0000, 0x0000, 0x0804, 0x0909, 0x0000, 0x0000, 0x0404, 0x0908,
    0x0000, 0x0000, 0x0400, 0x0804, 0x0B0B, 0x0B0B, 0x0B0B, 0x0B0B, 0x180B, 0x0B0B, 0x0B0B, 0x0B0B,
    0x0B0B, 0x0B0B, 0x0B0B, 0x0B0B, 0x0B0B, 0x0B0B, 0x1818, 0x0B0B, 0x0B0B, 0x0B0B, 0x1818, 0x0B0B,
    0x0B0B, 0x0B0B, 0x0B0B, 0x0B0B, 0x0B0B, 0x0B0B, 0x0B0B, 0x0B0B, 0x0B0B, 0x180B, 0x0B0B, 0x0B0B,
    0x0B0B, 0x0B0B, 0x0B0B, 0x0B0B, 0x0B0B, 0x190B, 0x0B0B, 0x0B0B, 0x0B0B, 0x0B0B, 0x0B0B, 0x0B0B,
    0x0B0B, 0x0B0B, 0x0B0B, 0x0B0B, 0x0B0B, 0x0B0B, 0x190B, 0x0B19, 0x0B0B, 0x0B0B, 0x190B, 0x0B19,
    0x1E1E, 0x0B0B, 0x0B0B, 0x0B0B, 0x1E1E, 0x0B0B, 0x0B0B, 0x0B0B, 0x0C0B, 0x0C0C, 0x0C0C, 0x0C0C,
    0x180B, 0x0C0C, 0x0C0C, 0x0C0C, 0x0C0B, 0x0C0C, 0x0C0C, 0x0C0C, 0x0C0B, 0x0C0C, 0x0C0C, 0x0C0C,
    0x0C0B, 0x0C0C, 0x0C0C, 0x0C0C, 0x0C0B, 0x0C0C, 0x0C0C, 0x0C0C, 0x1E1E, 0x0C0C, 0x0C0C, 0x0C0C,
    0x1F1E, 0x0C0C, 0x0C0C, 0x0C0C, 0x0909, 0x0909, 0x0909, 0x0909, 0x0909, 0x0909, 0x0909, 0x0909,
    0x0909, 0x0909, 0x0909, 0x0909, 0x0909, 0x0809, 0x0808, 0x0808, 0x0909, 0x0409, 0x0404, 0x0404,
    0x0909, 0x0408, 0x0809, 0x0004, 0x0909, 0x0404, 0x0909, 0x0408, 0x0809, 0x0904, 0x0909, 0x0809,
    0x0804, 0x0909, 0x0909, 0x0909, 0x0000, 0x0900, 0x0909, 0x0909, 0x0000, 0x0000, 0x0909, 0x0909,
    0x0000, 0x0000, 0x0900, 0x0909, 0x0000, 0x0000, 0x0000, 0x0909, 0x0000, 0x0000, 0x0000, 0x0900,
    0x0000, 0x0000, 0x0000, 0x0400, 0x0000, 0x0000, 0x0000, 0x0104, 0x0408, 0x0000, 0x0000, 0x0000,
    0x0809, 0x0004, 0x0000, 0x0000, 0x0909, 0x0408, 0x0000, 0x0000, 0x0909, 0x0409, 0x0404, 0x0404,
    0x0909, 0x0404, 0x0101, 0x0101, 0x0404, 0x0101, 0x0707, 0x0909, 0x0101, 0x0907, 0x0909, 0x0909,
    0x0907, 0x0909, 0x0909, 0x0909, 0x0004, 0x0000, 0x0000, 0x0000, 0x0000, 0x0000, 0x0000, 0x0000,
    0x0000, 0x0000, 0x0000, 0x0000, 0x0009, 0x0000, 0x0000, 0x0000, 0x0909, 0x0000, 0x0000, 0x0000,
    0x0909, 0x0009, 0x0000, 0x0000, 0x0909, 0x0909, 0x0000, 0x0400, 0x0909, 0x0909, 0x0009, 0x0104,
    0x0000, 0x0000, 0x0000, 0x0400, 0x0000, 0x0000, 0x0000, 0x0000, 0x0000, 0x0000, 0x0000, 0x0000,
    0x0000, 0x0000, 0x0000, 0x0900, 0x0000, 0x0000, 0x0000, 0x0909, 0x0404, 0x0404, 0x0404, 0x0404,
    0x0101, 0x0101, 0x0101, 0x0101, 0x0707, 0x0707, 0x0707, 0x0707, 0x0804, 0x0909, 0x0909, 0x0909,
    0x0408, 0x0804, 0x0909, 0x0909, 0x0909, 0x0408, 0x0404, 0x0908, 0x0909, 0x0809, 0x0404, 0x0404,
    0x0909, 0x0409, 0x0004, 0x0404, 0x0404, 0x0404, 0x0404, 0x0404, 0x0101, 0x0101, 0x0101, 0x0101,
    0x0707, 0x0707, 0x0707, 0x0707, 0x0000, 0x0000, 0x0000, 0x0804, 0x0000, 0x0000, 0x0400, 0x0908,
    0x0000, 0x0000, 0x0804, 0x0909, 0x0404, 0x0404, 0x0904, 0x0909, 0x0101, 0x0101, 0x0404, 0x0909,
    0x0909, 0x0707, 0x0101, 0x0404, 0x0909, 0x0909, 0x0909, 0x0101, 0x0909, 0x0909, 0x0909, 0x0709,
    0x0909, 0x0909, 0x0909, 0x0408, 0x0909, 0x0909, 0x0009, 0x0000, 0x0909, 0x0909, 0x0000, 0x0000,
    0x0909, 0x0009, 0x0000, 0x0000, 0x0909, 0x0000, 0x0000, 0x0000, 0x0404, 0x0404, 0x0404, 0x0404,
    0x0101, 0x0101, 0x0101, 0x0101, 0x0707, 0x0707, 0x0707, 0x0707, 0x0804, 0x0909, 0x0909, 0x0909,
    0x0404, 0x0804, 0x0909, 0x0909, 0x0400, 0x0404, 0x0404, 0x0908, 0x0000, 0x0400, 0x0404, 0x0404,
    0x0000, 0x0000, 0x0000, 0x0404, 0x0404, 0x0404, 0x0404, 0x0404, 0x0101, 0x0101, 0x0101, 0x0101,
    0x0707, 0x0707, 0x0707, 0x0707, 0x0000, 0x0000, 0x0000, 0x0000, 0x0000, 0x0000, 0x0000, 0x0000,
    0x0000, 0x0000, 0x0000, 0x0000, 0x0000, 0x0000, 0x0000, 0x0000, 0x0000, 0x0000, 0x0000, 0x0000,
    0x0000, 0x0000, 0x0000, 0x0000, 0x0000, 0x0000, 0x0000, 0x0400, 0x0000, 0x0000, 0x0000, 0x0104,
    0x0000, 0x0000, 0x0000, 0x0000, 0x0000, 0x0000, 0x0000, 0x0000, 0x0000, 0x0000, 0x0000, 0x0000,
    0x0000, 0x0000, 0x0404, 0x0404, 0x0000, 0x0404, 0x0101, 0x0101, 0x0404, 0x0101, 0x0707, 0x0909,
    0x0101, 0x0907, 0x0909, 0x0909, 0x0907, 0x0909, 0x0909, 0x0909, 0x0000, 0x0400, 0x0909, 0x0909,
    0x0000, 0x0400, 0x0909, 0x0909, 0x0000, 0x0400, 0x0909, 0x0909, 0x0000, 0x0400, 0x0908, 0x0909,
    0x0000, 0x0400, 0x0904, 0x0909, 0x0000, 0x0000, 0x0804, 0x0909, 0x0000, 0x0000, 0x0404, 0x0909,
    0x0000, 0x0000, 0x0400, 0x0908, 0x0B0C, 0x0C0C, 0x0C0C, 0x0C0B, 0x0C0C, 0x170C, 0x0C0C, 0x0B0B,
    0x0C0B, 0x0C0C, 0x0C0C, 0x0B0C, 0x0B0B, 0x0C0C, 0x0C0C, 0x0B0C, 0x0B0B, 0x0C0B, 0x100C, 0x0C10,
    0x0B0B, 0x0C0B, 0x120C, 0x0C12, 0x1E1E, 0x0B0B, 0x120C, 0x1112, 0x1E1E, 0x0B0B, 0x0C0C, 0x110C,
    0x100F, 0x1110, 0x0B0F, 0x1111, 0x1011, 0x0F1A, 0x110F, 0x0F11, 0x1B11, 0x0F0F, 0x0F0F, 0x0B0F,
    0x1111, 0x0F10, 0x0F0F, 0x0B0B, 0x1A0F, 0x0F10, 0x0B0F, 0x0B0B, 0x1B11, 0x0F11, 0x0B0B, 0x0B0B,
    0x1010, 0x0F11, 0x0B0B, 0x0B0B, 0x1010, 0x0F0F, 0x0B18, 0x0B0B, 0x0B0B, 0x0C0C, 0x0C0B, 0x0B0C,
    0x0C0B, 0x170C, 0x0C0C, 0x0C0C, 0x0B0B, 0x0C0C, 0x0C0C, 0x0C0C, 0x0C0B, 0x0C0C, 0x0C0C, 0x0C0C,
    0x0C0B, 0x0C0C, 0x120C, 0x0C12, 0x0C0B, 0x0C0C, 0x120C, 0x0C12, 0x1E1E, 0x0C0C, 0x0C0C, 0x0C0C,
    0x1F1E, 0x0C0C, 0x0C0C, 0x0C0C, 0x0000, 0x0400, 0x0909, 0x0909, 0x0000, 0x0400, 0x0909, 0x0909,
    0x0000, 0x0400, 0x0909, 0x0909, 0x0000, 0x0400, 0x0908, 0x0909, 0x0000, 0x0404, 0x0904, 0x0909,
    0x0400, 0x0908, 0x0804, 0x0909, 0x0804, 0x0909, 0x0404, 0x0909, 0x0908, 0x0909, 0x0409, 0x0908,
    0x1312, 0x1513, 0x1315, 0x1313, 0x1513, 0x1315, 0x1515, 0x1513, 0x1312, 0x1C15, 0x1313, 0x1515,
    0x1C13, 0x1313, 0x1315, 0x1516, 0x1513, 0x151C, 0x1C15, 0x1315, 0x1513, 0x151C, 0x1C15, 0x1C13,
    0x1312, 0x1313, 0x1C13, 0x1C1C, 0x1513, 0x151C, 0x1C13, 0x1C13, 0x1313, 0x1513, 0x1315, 0x1313,
    0x1513, 0x1315, 0x1513, 0x1315, 0x1513, 0x1C13, 0x1513, 0x131C, 0x131C, 0x1513, 0x1C15, 0x1315,
    0x1513, 0x1513, 0x1316, 0x1315, 0x1515, 0x151C, 0x1C13, 0x1413, 0x1515, 0x131C, 0x1513, 0x1315,
    0x1315, 0x1513, 0x151C, 0x1C15, 0x0B0B, 0x0B0B, 0x1616, 0x1717, 0x180B, 0x0B0B, 0x1616, 0x1717,
    0x0B0B, 0x0B0B, 0x1616, 0x1717, 0x0B0B, 0x1D0B, 0x161D, 0x1717, 0x0B0B, 0x1D0B, 0x161D, 0x1717,
    0x0B0B, 0x0B0B, 0x1616, 0x1717, 0x0B0B, 0x0B0B, 0x1616, 0x1717, 0x0B0B, 0x0B19, 0x1616, 0x1717,
    0x0C0C, 0x0C0C, 0x0C0C, 0x0C0C, 0x0C0C, 0x120C, 0x0C0C, 0x0C0C, 0x0C0C, 0x0C17, 0x0C0C, 0x0C0C,
    0x0C0C, 0x0C0C, 0x0C0C, 0x0C0C, 0x0C0C, 0x0C0C, 0x120C, 0x0C12, 0x0C0C, 0x0C0C, 0x120C, 0x0C12,
    0x0C0C, 0x0C12, 0x0C0C, 0x0C0C, 0x0C0C, 0x0C0C, 0x0C0C, 0x0C0C, 0x0004, 0x0000, 0x0000, 0x0000,
    0x0000, 0x0000, 0x0000, 0x0000, 0x0000, 0x0000, 0x0000, 0x0000, 0x0009, 0x0000, 0x0000, 0x0000,
    0x0909, 0x0000, 0x0000, 0x0000, 0x0909, 0x0009, 0x0000, 0x0000, 0x0909, 0x0909, 0x0000, 0x0000,
    0x0909, 0x0909, 0x0009, 0x0000, 0x0000, 0x0000, 0x0000, 0x0000, 0x0000, 0x0000, 0x0000, 0x0000,
    0x0000, 0x0000, 0x0000, 0x0000, 0x0000, 0x0000, 0x0000, 0x0000, 0x0000, 0x0000, 0x0000, 0x0000,
    0x0004, 0x0000, 0x0000, 0x0000, 0x0407, 0x0000, 0x0000, 0x0000, 0x0707, 0x0004, 0x0000, 0x0000,
    0x0909, 0x0004, 0x0000, 0x0000, 0x0909, 0x0004, 0x0000, 0x0000, 0x0909, 0x0004, 0x0000, 0x0000,
    0x0909, 0x0004, 0x0000, 0x0000, 0x0909, 0x0004, 0x0000, 0x0000, 0x0909, 0x0004, 0x0000, 0x0000,
    0x0909, 0x0004, 0x0000, 0x0000, 0x0909, 0x0004, 0x0000, 0x0000, 0x0000, 0x0000, 0x0000, 0x0400,
    0x0000, 0x0000, 0x0000, 0x0704, 0x0000, 0x0000, 0x0000, 0x0904, 0x0000, 0x0000, 0x0400, 0x0909,
    0x0000, 0x0000, 0x0400, 0x0909, 0x0000, 0x0000, 0x0400, 0x0909, 0x0000, 0x0000, 0x0904, 0x0909,
    0x0000, 0x0000, 0x0904, 0x0909, 0x0909, 0x0909, 0x0909, 0x0909, 0x0909, 0x0909, 0x0909, 0x0909,
    0x0909, 0x0909, 0x0909, 0x0909, 0x0909, 0x0909, 0x0909, 0x0909, 0x0909, 0x0909, 0x0909, 0x0909,
    0x0909, 0x0909, 0x0909, 0x0909, 0x0909, 0x0909, 0x0909, 0x0909, 0x0909, 0x0909, 0x0909, 0x0909,
    0x0000, 0x0000, 0x0000, 0x0804, 0x0000, 0x0000, 0x0400, 0x0908, 0x0000, 0x0000, 0x0804, 0x0909,
    0x0000, 0x0000, 0x0904, 0x0909, 0x0404, 0x0400, 0x0908, 0x0909, 0x0707, 0x0404, 0x0804, 0x0909,
    0x0909, 0x0707, 0x0407, 0x0804, 0x0909, 0x0909, 0x0709, 0x0407, 0x0909, 0x0909, 0x0909, 0x0408,
    0x0909, 0x0909, 0x0009, 0x0000, 0x0909, 0x0909, 0x0000, 0x0000, 0x0909, 0x0009, 0x0000, 0x0000,
    0x0909, 0x0000, 0x0000, 0x0000, 0x0009, 0x0000, 0x0000, 0x0000, 0x0000, 0x0000, 0x0000, 0x0000,
    0x0000, 0x0000, 0x0000, 0x0000, 0x0804, 0x0909, 0x0909, 0x0909, 0x0404, 0x0804, 0x0909, 0x0909,
    0x0400, 0x0404, 0x0404, 0x0908, 0x0000, 0x0400, 0x0404, 0x0404, 0x0000, 0x0000, 0x0000, 0x0404,
    0x0000, 0x0000, 0x0000, 0x0000, 0x0000, 0x0000, 0x0000, 0x0000, 0x0000, 0x0000, 0x0000, 0x0000,
    0x0000, 0x0000, 0x0000, 0x0404, 0x0000, 0x0000, 0x0000, 0x0400, 0x0000, 0x0000, 0x0000, 0x0000,
    0x0000, 0x0000, 0x0000, 0x0000, 0x0000, 0x0000, 0x0000, 0x0000, 0x0000, 0x0000, 0x0000, 0x0000,
    0x0000, 0x0000, 0x0000, 0x0000, 0x0000, 0x0000, 0x0000, 0x0000, 0x0908, 0x0909, 0x0909, 0x0409,
    0x0804, 0x0909, 0x0909, 0x0704, 0x0404, 0x0908, 0x0909, 0x0904, 0x0400, 0x0404, 0x0408, 0x0909,
    0x0000, 0x0404, 0x0404, 0x0909, 0x0000, 0x0000, 0x0404, 0x0909, 0x0000, 0x0000, 0x0904, 0x0909,
    0x0000, 0x0000, 0x0904, 0x0909, 0x0909, 0x0909, 0x0909, 0x0909, 0x0909, 0x0909, 0x0909, 0x0909,
    0x0909, 0x0909, 0x0909, 0x0909, 0x0808, 0x0808, 0x0808, 0x0808, 0x0404, 0x0404, 0x0404, 0x0404,
    0x0000, 0x0000, 0x0000, 0x0000, 0x0000, 0x0000, 0x0000, 0x0000, 0x0000, 0x0000, 0x0000, 0x0000,
    0x0909, 0x0004, 0x0000, 0x0000, 0x0909, 0x0004, 0x0000, 0x0000, 0x0809, 0x0004, 0x0000, 0x0000,
    0x0408, 0x0000, 0x0000, 0x0000, 0x0004, 0x0000, 0x0000, 0x0000, 0x0000, 0x0000, 0x0000, 0x0000,
    0x0000, 0x0000, 0x0000, 0x0000, 0x0000, 0x0000, 0x0000, 0x0000, 0x0408, 0x0000, 0x0000, 0x0000,
    0x0809, 0x0004, 0x0000, 0x0000, 0x0909, 0x0408, 0x0000, 0x0000, 0x0909, 0x0409, 0x0000, 0x0000,
    0x0909, 0x0809, 0x0004, 0x0404, 0x0404, 0x0404, 0x0404, 0x0404, 0x0101, 0x0101, 0x0101, 0x0101,
    0x0707, 0x0707, 0x0707, 0x0707, 0x0000, 0x0000, 0x0400, 0x0804, 0x0000, 0x0000, 0x0000, 0x0404,
    0x0000, 0x0000, 0x0000, 0x0400, 0x0000, 0x0000, 0x0000, 0x0900, 0x0000, 0x0000, 0x0000, 0x0909,
    0x0000, 0x0000, 0x0900, 0x0909, 0x0000, 0x0000, 0x0909, 0x0909, 0x0000, 0x0900, 0x0909, 0x0909,
    0x0909, 0x0909, 0x0909, 0x0909, 0x0908, 0x0909, 0x0909, 0x0909, 0x0404, 0x0908, 0x0909, 0x0909,
    0x0404, 0x0404, 0x0808, 0x0808, 0x0909, 0x0404, 0x0404, 0x0404, 0x0909, 0x0408, 0x0404, 0x0404,
    0x0809, 0x0404, 0x0000, 0x0000, 0x0408, 0x0004, 0x0000, 0x0000, 0x0908, 0x0909, 0x0409, 0x0701,
    0x0804, 0x0909, 0x0409, 0x0907, 0x0404, 0x0908, 0x0104, 0x0909, 0x0400, 0x0404, 0x0704, 0x0909,
    0x0000, 0x0404, 0x0901, 0x0909, 0x0000, 0x0400, 0x0907, 0x0909, 0x0000, 0x0400, 0x0909, 0x0909,
    0x0000, 0x0400, 0x0909, 0x0909, 0x0909, 0x0909, 0x0909, 0x0408, 0x0909, 0x0909, 0x0408, 0x0404,
    0x0809, 0x0404, 0x0404, 0x0004, 0x0404, 0x0404, 0x0004, 0x0000, 0x0404, 0x0000, 0x0000, 0x0000,
    0x0404, 0x0404, 0x0404, 0x0404, 0x0101, 0x0101, 0x0101, 0x0101, 0x0707, 0x0707, 0x0707, 0x0707,
    0x0000, 0x0000, 0x0000, 0x0000, 0x0000, 0x0000, 0x0000, 0x0000, 0x0000, 0x0000, 0x0000, 0x0000,
    0x0000, 0x0000, 0x0000, 0x0000, 0x0404, 0x0000, 0x0000, 0x0000, 0x0404, 0x0404, 0x0404, 0x0404,
    0x0101, 0x0101, 0x0101, 0x0101, 0x0707, 0x0707, 0x0707, 0x0707, 0x0909, 0x0909, 0x0909, 0x0909,
    0x0909, 0x0909, 0x0909, 0x0909, 0x0909, 0x0909, 0x0909, 0x0909, 0x0909, 0x0809, 0x0808, 0x0808,
    0x0909, 0x0409, 0x0404, 0x0404, 0x0909, 0x0408, 0x0000, 0x0000, 0x0909, 0x0404, 0x0000, 0x0000,
    0x0809, 0x0004, 0x0000, 0x0000, 0x0909, 0x0909, 0x0909, 0x0909, 0x0909, 0x0909, 0x0909, 0x0909,
    0x0909, 0x0909, 0x0909, 0x0909, 0x0808, 0x0808, 0x0808, 0x0808, 0x0404, 0x0404, 0x0404, 0x0404,
    0x0000, 0x0000, 0x0400, 0x0904, 0x0000, 0x0000, 0x0000, 0x0804, 0x0000, 0x0000, 0x0000, 0x0404,
    0x0909, 0x0909, 0x0909, 0x0909, 0x0909, 0x0909, 0x0909, 0x0909, 0x0909, 0x0909, 0x0909, 0x0909,
    0x0808, 0x0808, 0x0808, 0x0808, 0x0404, 0x0404, 0x0404, 0x0404, 0x0909, 0x0909, 0x0909, 0x0909,
    0x0909, 0x0909, 0x0909, 0x0909, 0x0908, 0x0909, 0x0909, 0x0909, 0x0000, 0x0000, 0x0400, 0x0701,
    0x0000, 0x0000, 0x0400, 0x0907, 0x0000, 0x0000, 0x0104, 0x0909, 0x0000, 0x0000, 0x0704, 0x0909,
    0x0000, 0x0400, 0x0901, 0x0909, 0x0000, 0x0400, 0x0907, 0x0909, 0x0000, 0x0400, 0x0909, 0x0909,
    0x0000, 0x0400, 0x0909, 0x0909, 0x0000, 0x0000, 0x0400, 0x0804, 0x0000, 0x0000, 0x0000, 0x0404,
    0x0000, 0x0000, 0x0000, 0x0400, 0x0000, 0x0000, 0x0000, 0x0000, 0x0000, 0x0000, 0x0000, 0x0000,
    0x0000, 0x0000, 0x0000, 0x0000, 0x0000, 0x0000, 0x0000, 0x0000, 0x0000, 0x0000, 0x0000, 0x0000,
    0x0909, 0x0909, 0x0909, 0x0909, 0x0908, 0x0909, 0x0909, 0x0909, 0x0404, 0x0908, 0x0909, 0x0909,
    0x0404, 0x0404, 0x0808, 0x0808, 0x0000, 0x0404, 0x0404, 0x0404, 0x0000, 0x0000, 0x0404, 0x0404,
    0x0000, 0x0000, 0x0000, 0x0000, 0x0000, 0x0000, 0x0000, 0x0000, 0x0B0B, 0x0B0B, 0x0C0C, 0x0F0C,
    0x180B, 0x0B0B, 0x0C0C, 0x0F0C, 0x0B0B, 0x0B0B, 0x0C0B, 0x110F, 0x0B0B, 0x0B0B, 0x1212, 0x110F,
    0x0B0B, 0x0B0B, 0x1218, 0x110F, 0x0B0B, 0x0B0B, 0x0C0B, 0x110F, 0x0B0B, 0x0B0B, 0x0B0B, 0x0F0F,
    0x0B0B, 0x180B, 0x0B0B, 0x0F0B, 0x1010, 0x110F, 0x0B0B, 0x0B0B, 0x1110, 0x110F, 0x0B0B, 0x0B0B,
    0x1110, 0x0B0F, 0x0B0B, 0x0B0B, 0x1111, 0x0B0F, 0x0B0B, 0x0B0B, 0x0F0F, 0x0B0F, 0x190B, 0x0B19,
    0x0F11, 0x0B0F, 0x190B, 0x0B19, 0x0F0F, 0x0B0F, 0x0B0B, 0x0B0B, 0x0F0F, 0x0B0B, 0x0B0B, 0x0B0B,
    0x0C0B, 0x0C0C, 0x0C0C, 0x0C0C, 0x170B, 0x0C0C, 0x0C0C, 0x0C0C, 0x0C0B, 0x0C0C, 0x0C0C, 0x0C0C,
    0x0C0B, 0x0C0C, 0x1212, 0x0C0C, 0x0C0B, 0x0C0C, 0x1212, 0x0C0C, 0x0B0B, 0x0C0B, 0x0C0C, 0x0C0C,
    0x0B0B, 0x0B0B, 0x0C0B, 0x0C0C, 0x0B0B, 0x180B, 0x0B0B, 0x0C0B, 0x1513, 0x151C, 0x1C15, 0x1315,
    0x1312, 0x131C, 0x1315, 0x1515, 0x231C, 0x131C, 0x1C13, 0x1515, 0x1C15, 0x1515, 0x1313, 0x151C,
    0x1315, 0x1515, 0x1513, 0x1313, 0x1C13, 0x1513, 0x151C, 0x1C16, 0x1515, 0x1313, 0x151C, 0x1C15,
    0x1515, 0x151C, 0x1313, 0x1C15, 0x1513, 0x151C, 0x1C15, 0x1315, 0x1312, 0x131C, 0x1315, 0x1515,
    0x231C, 0x131C, 0x1C13, 0x1615, 0x1C23, 0x1C13, 0x2313, 0x1C15, 0x1323, 0x2313, 0x1C1C, 0x2313,
    0x131C, 0x2313, 0x1C13, 0x2323, 0x1C1C, 0x2313, 0x1C13, 0x1C23, 0x1C23, 0x231C, 0x2323, 0x231C,
    0x1C13, 0x1515, 0x131C, 0x1513, 0x131C, 0x1315, 0x1513, 0x1513, 0x231C, 0x1C13, 0x1516, 0x1513,
    0x151C, 0x1323, 0x131C, 0x1513, 0x1515, 0x1323, 0x1C13, 0x131C, 0x1313, 0x131C, 0x1C13, 0x1C23,
    0x1C13, 0x1C23, 0x1313, 0x1C23, 0x1C1C, 0x1C23, 0x1C1C, 0x141C, 0x0B0B, 0x0B0B, 0x1616, 0x1717,
    0x180B, 0x0B0B, 0x1616, 0x1717, 0x0B0B, 0x0B0B, 0x160B, 0x1717, 0x0B0B, 0x0B0B, 0x1818, 0x170B,
    0x0B0B, 0x0B0B, 0x1818, 0x0B0B, 0x0B0B, 0x0B0B, 0x0B0B, 0x0B0B, 0x0B0B, 0x0B0B, 0x0B0B, 0x0B0B,
    0x0B0B, 0x180B, 0x0B0B, 0x0B0B, 0x0C0C, 0x0C0C, 0x0C0C, 0x0C0C, 0x0C0C, 0x120C, 0x0C0C, 0x0C0C,
    0x0C0C, 0x0C17, 0x0C0C, 0x0C0C, 0x0C0C, 0x0C0C, 0x0C0C, 0x0C0C, 0x0C0B, 0x0C0C, 0x120C, 0x0C12,
    0x0B0B, 0x0C0B, 0x120C, 0x0C12, 0x1E1E, 0x0B0B, 0x0C0B, 0x0C0C, 0x1E1E, 0x0B0B, 0x0B0B, 0x0C0B,
    0x0080, 0x0000, 0x7C1F, 0x7FFF, 0x0000, 0x7F7B, 0x3004, 0x16FF, 0x14BF, 0x7F13, 0x6D8A, 0x7E50,
    0x1865, 0x370C, 0x3188, 0x1DDF, 0x27BF, 0x3108, 0x3D4B, 0x2D6C, 0x41A9, 0x2E8A, 0x56F2, 0x2B4F,
    0x32C9, 0x3627, 0x4B92, 0x476D, 0x25B1, 0x29B0, 0x29C7, 0x6313, 0x3B2A, 0x2A67, 0x2806, 0x6405,
    0x4801, 0x2527, 0x5805, 0x4C03, 0x0026, 0x0000, 0x0000, 0x0000, 0x0000, 0x0000, 0x0000, 0x0000,
    0x0000, 0x0000, 0x0000, 0x0000, 0x0000, 0x0000, 0x0000, 0x0000, 0x0000, 0x0000, 0x0000, 0x0000,
    0x0000, 0x0000, 0x0000, 0x0000, 0x0000, 0x0000, 0x0000, 0x0000, 0x0000, 0x0000, 0x0000, 0x0000,
    0x0000, 0x0000, 0x0000, 0x0000, 0x0000, 0x0000, 0x0000, 0x0000, 0x0000, 0x0000, 0x0000, 0x0000,
    0x0000, 0x0000, 0x0000, 0x0000, 0x0000, 0x0000, 0x0000, 0x0000, 0x0000, 0x0000, 0x0000, 0x0000,
    0x0000, 0x0000, 0x0000, 0x0000, 0x0000, 0x0101, 0x0000, 0x0000, 0x0100, 0x0708, 0x0000, 0x0000,
    0x0000, 0x0000, 0x0000, 0x0000, 0x0000, 0x0100, 0x0000, 0x0000, 0x0100, 0x0801, 0x0000, 0x0100,
    0x0801, 0x0707, 0x0100, 0x0801, 0x0707, 0x0707, 0x0801, 0x0707, 0x0707, 0x0707, 0x0708, 0x0707,
    0x0707, 0x0707, 0x0707, 0x0707, 0x0707, 0x0707, 0x0100, 0x0101, 0x0101, 0x0101, 0x0801, 0x0707,
    0x0707, 0x0707, 0x0707, 0x0707, 0x0707, 0x0707, 0x0707, 0x0707, 0x0707, 0x0707, 0x0707, 0x0707,
    0x0707, 0x0707, 0x0707, 0x0707, 0x0707, 0x0707, 0x0707, 0x0707, 0x0707, 0x0707, 0x0707, 0x0707,
    0x0707, 0x0707, 0x0001, 0x0000, 0x0000, 0x0000, 0x0108, 0x0101, 0x0101, 0x0001, 0x0707, 0x0707,
    0x0707, 0x0108, 0x0707, 0x0707, 0x0707, 0x0707, 0x0707, 0x0707, 0x0707, 0x0707, 0x0707, 0x0707,
    0x0707, 0x0707, 0x0707, 0x0707, 0x0707, 0x0707, 0x0707, 0x0707, 0x0707, 0x0707, 0x0000, 0x0000,
    0x0000, 0x0000, 0x0000, 0x0000, 0x0000, 0x0000, 0x0001, 0x0000, 0x0000, 0x0000, 0x0108, 0x0001,
    0x0000, 0x0000, 0x0707, 0x0108, 0x0000, 0x0000, 0x0707, 0x0807, 0x0001, 0x0000, 0x0707, 0x0707,
    0x0108, 0x0000, 0x0707, 0x0707, 0x0107, 0x0000, 0x0000, 0x0000, 0x0000, 0x0000, 0x0000, 0x0000,
    0x0000, 0x0000, 0x0000, 0x0000, 0x0000, 0x0000, 0x0000, 0x0000, 0x0000, 0x0000, 0x0000, 0x0000,
    0x0000, 0x0000, 0x0000, 0x0000, 0x0000, 0x0000, 0x0000, 0x0000, 0x0000, 0x0000, 0x0000, 0x0000,
    0x0000, 0x0000, 0x0000, 0x0000, 0x0000, 0x0000, 0x0000, 0x0000, 0x0000, 0x0000, 0x0000, 0x0000,
    0x0000, 0x0000, 0x0000, 0x0000, 0x0000, 0x0000, 0x0000, 0x0000, 0x0000, 0x0000, 0x0000, 0x0000,
    0x0000, 0x0000, 0x0000, 0x0000, 0x0000, 0x0000, 0x0000, 0x0000, 0x0000, 0x0000, 0x0000, 0x0000,
    0x0000, 0x0000, 0x0000, 0x0000, 0x0000, 0x0000, 0x0000, 0x0000, 0x0000, 0x0000, 0x0000, 0x0000,
    0x0000, 0x0203, 0x0000, 0x0300, 0x0302, 0x0404, 0x0300, 0x0403, 0x0404, 0x0404, 0x0403, 0x0404,
    0x0404, 0x0404, 0x0402, 0x0404, 0x0404, 0x0404, 0x0000, 0x0200, 0x0403, 0x0404, 0x0200, 0x0302,
    0x0204, 0x0606, 0x0302, 0x0204, 0x0403, 0x0606, 0x0403, 0x0404, 0x0404, 0x0202, 0x0404, 0x0404,
    0x0204, 0x0404, 0x0404, 0x0404, 0x0404, 0x0404, 0x0404, 0x0404, 0x0404, 0x0202, 0x0404, 0x0404,
    0x0404, 0x0404, 0x0404, 0x0404, 0x0203, 0x0505, 0x0202, 0x0402, 0x0304, 0x0502, 0x0404, 0x0203,
    0x0403, 0x0203, 0x0202, 0x0404, 0x0203, 0x0303, 0x0404, 0x0202, 0x0304, 0x0202, 0x0404, 0x0404,
    0x0302, 0x0502, 0x0302, 0x0403, 0x0203, 0x0502, 0x0204, 0x0202, 0x0502, 0x0505, 0x0402, 0x0404,
    0x0404, 0x0304, 0x0205, 0x0404, 0x0404, 0x0404, 0x0105, 0x0402, 0x0404, 0x0404, 0x0502, 0x0201,
    0x0403, 0x0404, 0x0505, 0x0101, 0x0202, 0x0403, 0x0505, 0x0101, 0x0101, 0x0202, 0x0505, 0x0101,
    0x0101, 0x0101, 0x0501, 0x0101, 0x0101, 0x0101, 0x0606, 0x0606, 0x0403, 0x0404, 0x0404, 0x0404,
    0x0404, 0x0404, 0x0404, 0x0404, 0x0404, 0x0404, 0x0404, 0x0404, 0x0404, 0x0304, 0x0404, 0x0404,
    0x0304, 0x0202, 0x0403, 0x0304, 0x0202, 0x0303, 0x0202, 0x0202, 0x0303, 0x0303, 0x0707, 0x0606,
    0x0302, 0x0203, 0x0404, 0x0404, 0x0502, 0x0505, 0x0404, 0x0204, 0x0505, 0x0508, 0x0304, 0x0202,
    0x0505, 0x0505, 0x0202, 0x0203, 0x0505, 0x0105, 0x0303, 0x0203, 0x0105, 0x0501, 0x0303, 0x0203,
    0x0701, 0x0501, 0x0203, 0x0606, 0x0707, 0x0107, 0x0606, 0x0606, 0x0707, 0x0707, 0x0505, 0x0505,
    0x0505, 0x0105, 0x0508, 0x0508, 0x0508, 0x0101, 0x0505, 0x0505, 0x0105, 0x0107, 0x0505, 0x0505,
    0x0701, 0x0107, 0x0505, 0x0101, 0x0707, 0x0700, 0x0101, 0x0707, 0x0007, 0x0700, 0x0707, 0x0707,
    0x0000, 0x0000, 0x0007, 0x0000, 0x0000, 0x0000, 0x0505, 0x0701, 0x0007, 0x0000, 0x0508, 0x0701,
    0x0007, 0x0000, 0x0105, 0x0707, 0x0000, 0x0000, 0x0105, 0x0007, 0x0000, 0x0000, 0x0701, 0x0007,
    0x0000, 0x0000, 0x0707, 0x0000, 0x0000, 0x0000, 0x0007, 0x0000, 0x0000, 0x0000, 0x0000, 0x0000,
    0x0000, 0x0000, 0x0000, 0x0000, 0x0000, 0x0000, 0x0000, 0x0000, 0x0000, 0x0000, 0x0000, 0x0000,
    0x0000, 0x0000, 0x0000, 0x0000, 0x0000, 0x0000, 0x0000, 0x0000, 0x0000, 0x0000, 0x0000, 0x0000,
    0x0000, 0x0100, 0x0000, 0x0000, 0x0000, 0x0801, 0x0000, 0x0000, 0x0100, 0x0708, 0x0000, 0x0000,
    0x0801, 0x0707, 0x0000, 0x0100, 0x0708, 0x0707, 0x0000, 0x0801, 0x0707, 0x0907, 0x0100, 0x0708,
    0x0707, 0x0909, 0x0801, 0x0707, 0x0709, 0x0909, 0x0708, 0x0907, 0x0909, 0x0909, 0x0707, 0x0907,
    0x0709, 0x0707, 0x0707, 0x0907, 0x0707, 0x0707, 0x0707, 0x0707, 0x0707, 0x0707, 0x0907, 0x0707,
    0x0707, 0x0707, 0x0709, 0x0707, 0x0707, 0x0707, 0x0709, 0x0707, 0x0707, 0x0707, 0x0707, 0x0707,
    0x0709, 0x0707, 0x0707, 0x0909, 0x0707, 0x0707, 0x0707, 0x0909, 0x0707, 0x0707, 0x0707, 0x0707,
    0x0707, 0x0707, 0x0707, 0x0707, 0x0707, 0x0707, 0x0707, 0x0707, 0x0707, 0x0707, 0x0707, 0x0707,
    0x0707, 0x0707, 0x0707, 0x0707, 0x0707, 0x0707, 0x0707, 0x0707, 0x0707, 0x0707, 0x0707, 0x0707,
    0x0707, 0x0707, 0x0909, 0x0707, 0x0707, 0x0707, 0x0909, 0x0907, 0x0707, 0x0707, 0x0707, 0x0707,
    0x0707, 0x0707, 0x0707, 0x0707, 0x0707, 0x0707, 0x0707, 0x0707, 0x0707, 0x0707, 0x0707, 0x0707,
    0x0707, 0x0707, 0x0707, 0x0707, 0x0707, 0x0707, 0x0707, 0x0707, 0x0707, 0x0707, 0x0707, 0x0707,
    0x0707, 0x0707, 0x0707, 0x0709, 0x0707, 0x0707, 0x0707, 0x0707, 0x0107, 0x0000, 0x0707, 0x0707,
    0x0807, 0x0001, 0x0707, 0x0707, 0x0707, 0x0001, 0x0707, 0x0707, 0x0707, 0x0108, 0x0707, 0x0707,
    0x0707, 0x0707, 0x0707, 0x0707, 0x0707, 0x0709, 0x0707, 0x0807, 0x0907, 0x0909, 0x0707, 0x0708,
    0x0907, 0x0909, 0x0000, 0x0000, 0x0000, 0x0000, 0x0000, 0x0000, 0x0000, 0x0000, 0x0000, 0x0000,
    0x0000, 0x0000, 0x0001, 0x0000, 0x0000, 0x0000, 0x0108, 0x0000, 0x0000, 0x0000, 0x0807, 0x0001,
    0x0000, 0x0000, 0x0707, 0x0108, 0x0000, 0x0000, 0x0709, 0x0807, 0x0001, 0x0000, 0x0000, 0x0000,
    0x0000, 0x0000, 0x0000, 0x0000, 0x0000, 0x0000, 0x0000, 0x0000, 0x0000, 0x0000, 0x0000, 0x0000,
    0x0000, 0x0000, 0x0000, 0x0000, 0x0000, 0x0000, 0x0000, 0x0000, 0x0000, 0x0000, 0x0000, 0x0000,
    0x0000, 0x0000, 0x0000, 0x0000, 0x0000, 0x0000, 0x0402, 0x0404, 0x0404, 0x0404, 0x0402, 0x0404,
    0x0404, 0x0404, 0x0403, 0x0404, 0x0402, 0x0404, 0x0300, 0x0404, 0x0304, 0x0202, 0x0200, 0x0404,
    0x0304, 0x0203, 0x0200, 0x0404, 0x0404, 0x0303, 0x0200, 0x0404, 0x0404, 0x0304, 0x0300, 0x0404,
    0x0404, 0x0304, 0x0404, 0x0404, 0x0404, 0x0304, 0x0404, 0x0404, 0x0304, 0x0402, 0x0404, 0x0203,
    0x0202, 0x0202, 0x0302, 0x0707, 0x0707, 0x0707, 0x0707, 0x0707, 0x0707, 0x0707, 0x0707, 0x0000,
    0x0000, 0x0000, 0x0703, 0x0000, 0x0000, 0x0600, 0x0702, 0x0000, 0x0000, 0x0600, 0x0204, 0x0505,
    0x0501, 0x0505, 0x0204, 0x0505, 0x0501, 0x0505, 0x0502, 0x0105, 0x010A, 0x0505, 0x0501, 0x0105,
    0x010A, 0x0505, 0x0107, 0x0105, 0x0A0A, 0x0501, 0x0106, 0x0105, 0x0A0A, 0x010A, 0x010A, 0x0105,
    0x0B0B, 0x0B0B, 0x0B0B, 0x0A01, 0x0B0B, 0x0B0B, 0x0101, 0x0101, 0x0101, 0x0101, 0x0701, 0x0101,
    0x0707, 0x0201, 0x0601, 0x0606, 0x0206, 0x0302, 0x0A01, 0x0A06, 0x0306, 0x0303, 0x0A01, 0x0A06,
    0x0606, 0x0302, 0x0B0A, 0x0A0A, 0x0306, 0x0603, 0x0B0B, 0x0A0A, 0x0306, 0x0404, 0x0B0B, 0x060A,
    0x060A, 0x0403, 0x0207, 0x0606, 0x0606, 0x0606, 0x0302, 0x0202, 0x0606, 0x0606, 0x0303, 0x0302,
    0x0303, 0x0403, 0x0303, 0x0403, 0x0404, 0x0404, 0x0404, 0x0404, 0x0404, 0x0404, 0x0202, 0x0403,
    0x0404, 0x0404, 0x0404, 0x0203, 0x0404, 0x0404, 0x0404, 0x0404, 0x0404, 0x0404, 0x0606, 0x0302,
    0x0702, 0x0000, 0x0402, 0x0404, 0x0203, 0x0007, 0x0404, 0x0404, 0x0304, 0x0606, 0x0404, 0x0404,
    0x0404, 0x0304, 0x0404, 0x0404, 0x0404, 0x0203, 0x0404, 0x0204, 0x0302, 0x0404, 0x0204, 0x0403,
    0x0404, 0x0304, 0x0404, 0x0404, 0x0404, 0x0603, 0x0000, 0x0000, 0x0000, 0x0000, 0x0000, 0x0000,
    0x0000, 0x0000, 0x0606, 0x0007, 0x0000, 0x0000, 0x0B06, 0x0606, 0x0606, 0x0606, 0x0B06, 0x0B06,
    0x0B0B, 0x0B0B, 0x0B06, 0x0B06, 0x0B0B, 0x0B0B, 0x0B06, 0x0B06, 0x0B0B, 0x0B0B, 0x060B, 0x0B0B,
    0x0B0B, 0x0B0B, 0x0000, 0x0000, 0x0000, 0x0000, 0x0000, 0x0000, 0x0000, 0x0000, 0x0000, 0x0000,
    0x0000, 0x0000, 0x0606, 0x0007, 0x0000, 0x0000, 0x0B0B, 0x060B, 0x0706, 0x0000, 0x0B0B, 0x0B0B,
    0x060B, 0x0706, 0x0A0B, 0x0B0B, 0x0B0B, 0x060B, 0x060B, 0x0B0B, 0x0B0B, 0x0B0B, 0x0000, 0x0000,
    0x0801, 0x0707, 0x0000, 0x0000, 0x0701, 0x0707, 0x0000, 0x0100, 0x0708, 0x0707, 0x0000, 0x0100,
    0x0707, 0x0707, 0x0000, 0x0801, 0x0707, 0x0707, 0x0000, 0x0701, 0x0707, 0x0707, 0x0000, 0x0701,
    0x0707, 0x0707, 0x0000, 0x0701, 0x0707, 0x0707, 0x0707, 0x0707, 0x0707, 0x0707, 0x0707, 0x0707,
    0x0707, 0x0707, 0x0707, 0x0707, 0x0707, 0x0707, 0x0707, 0x0707, 0x0707, 0x0707, 0x0707, 0x0707,
    0x0707, 0x0707, 0x0707, 0x0707, 0x0707, 0x0707, 0x0707, 0x0707, 0x0707, 0x0807, 0x0707, 0x0707,
    0x0707, 0x0608, 0x0707, 0x0707, 0x0807, 0x0707, 0x0707, 0x0707, 0x0708, 0x0707, 0x0707, 0x0807,
    0x0707, 0x0707, 0x0707, 0x0708, 0x0707, 0x0707, 0x0807, 0x0701, 0x0707, 0x0707, 0x0108, 0x0701,
    0x0707, 0x0807, 0x0101, 0x0701, 0x0707, 0x0507, 0x0606, 0x0606, 0x0707, 0x0308, 0x0707, 0x0707,
    0x0707, 0x0707, 0x0707, 0x0707, 0x0707, 0x0807, 0x0707, 0x0707, 0x0707, 0x0708, 0x0707, 0x0807,
    0x0101, 0x0707, 0x0108, 0x0301, 0x0803, 0x0707, 0x0305, 0x0404, 0x0702, 0x0507, 0x0403, 0x0404,
    0x0801, 0x0401, 0x0404, 0x0404, 0x0103, 0x0404, 0x0707, 0x0707, 0x0707, 0x0707, 0x0707, 0x0707,
    0x0707, 0x0508, 0x0707, 0x0807, 0x0305, 0x0404, 0x0807, 0x0405, 0x0404, 0x0404, 0x0405, 0x0404,
    0x0404, 0x0804, 0x0404, 0x0404, 0x0404, 0x0704, 0x0404, 0x0404, 0x0404, 0x0304, 0x0404, 0x0404,
    0x0404, 0x0404, 0x0801, 0x0807, 0x0707, 0x0707, 0x0708, 0x0708, 0x0707, 0x0707, 0x0807, 0x0807,
    0x0707, 0x0707, 0x0708, 0x0708, 0x0707, 0x0707, 0x0807, 0x0807, 0x0707, 0x0707, 0x0708, 0x0708,
    0x0707, 0x0707, 0x0807, 0x0807, 0x0707, 0x0707, 0x0705, 0x0708, 0x0707, 0x0707, 0x0709, 0x0707,
    0x0001, 0x0000, 0x0707, 0x0707, 0x0108, 0x0000, 0x0707, 0x0707, 0x0107, 0x0000, 0x0707, 0x0707,
    0x0807, 0x0001, 0x0707, 0x0707, 0x0707, 0x0001, 0x0707, 0x0707, 0x0707, 0x0001, 0x0707, 0x0707,
    0x0707, 0x0001, 0x0707, 0x0707, 0x0707, 0x0001, 0x0000, 0x0000, 0x0000, 0x0000, 0x0000, 0x0000,
    0x0000, 0x0000, 0x0000, 0x0000, 0x0000, 0x0000, 0x0000, 0x0000, 0x0000, 0x0000, 0x0000, 0x0000,
    0x0000, 0x0000, 0x0000, 0x0000, 0x0000, 0x0000, 0x0007, 0x0000, 0x0000, 0x0000, 0x0706, 0x0000,
    0x0000, 0x0000, 0x0000, 0x0403, 0x0404, 0x0404, 0x0000, 0x0402, 0x0404, 0x0404, 0x0000, 0x0402,
    0x0404, 0x0404, 0x0000, 0x0402, 0x0404, 0x0404, 0x0000, 0x0403, 0x0404, 0x0404, 0x0000, 0x0300,
    0x0404, 0x0404, 0x0000, 0x0200, 0x0404, 0x0404, 0x0000, 0x0200, 0x0404, 0x0404, 0x0702, 0x0000,
    0x0000, 0x0B06, 0x0702, 0x0000, 0x0600, 0x0B0A, 0x0203, 0x0007, 0x0B06, 0x0B0B, 0x0204, 0x0007,
    0x0B06, 0x0B0B, 0x0204, 0x0607, 0x0B0A, 0x0B0B, 0x0304, 0x0607, 0x0B0B, 0x0B0B, 0x0404, 0x0A03,
    0x0B0B, 0x0B0B, 0x0404, 0x0B02, 0x0B0B, 0x0B0B, 0x0B0B, 0x0B0B, 0x0B0B, 0x0B0B, 0x060B, 0x0B0B,
    0x0B0B, 0x0B0B, 0x0A0B, 0x0B0B, 0x0B0B, 0x0B0B, 0x060B, 0x0B0B, 0x0B0B, 0x0A0B, 0x060B, 0x0B0B,
    0x0B0B, 0x0C0A, 0x060B, 0x0B0B, 0x0A0B, 0x0C0C, 0x0A0B, 0x0A0B, 0x0C06, 0x0C0C, 0x0A0B, 0x060A,
    0x0C07, 0x0C0C, 0x0B0B, 0x0706, 0x0A06, 0x0306, 0x0A0B, 0x0C07, 0x0A07, 0x060A, 0x0C0A, 0x0C0C,
    0x070C, 0x0B0A, 0x0C0C, 0x0C0C, 0x0C0C, 0x0A07, 0x0C0C, 0x0C0C, 0x0C0C, 0x0C0C, 0x0C0C, 0x0C0C,
    0x0C0C, 0x0C0C, 0x0C0C, 0x0C0C, 0x0C0C, 0x0C0C, 0x0C0C, 0x0C0C, 0x0C0C, 0x0C0C, 0x0404, 0x0404,
    0x0404, 0x0404, 0x0306, 0x0404, 0x0404, 0x0404, 0x0A0B, 0x0606, 0x0403, 0x0404, 0x0B06, 0x0B0B,
    0x060A, 0x0606, 0x0A07, 0x0A06, 0x0B0B, 0x0B0B, 0x0C0C, 0x070C, 0x060A, 0x0606, 0x0C0C, 0x0C0C,
    0x0C0C, 0x0C0C, 0x0C0C, 0x0C0C, 0x0C0C, 0x0C0C, 0x0404, 0x0404, 0x0304, 0x0B06, 0x0404, 0x0304,
    0x0606, 0x060B, 0x0603, 0x0A06, 0x0B0B, 0x070A, 0x0B0A, 0x0B0B, 0x0A06, 0x0C07, 0x0A0B, 0x0A06,
    0x0C07, 0x0C0C, 0x070A, 0x0C0C, 0x0C0C, 0x0C0C, 0x0C0C, 0x0C0C, 0x0C0C, 0x0C0C, 0x0C0C, 0x0C0C,
    0x0C0C, 0x0C0C, 0x0B06, 0x0B0B, 0x0B0B, 0x0B0B, 0x0B0B, 0x0B0B, 0x0B0B, 0x0B0B, 0x0B0A, 0x0B0B,
    0x0B0B, 0x0B0B, 0x0607, 0x0B0B, 0x0B0B, 0x0B0B, 0x0C0C, 0x0B0A, 0x0B0B, 0x0A0B, 0x0C0C, 0x0A0C,
    0x0B0B, 0x060B, 0x0C0C, 0x0C0C, 0x0B0A, 0x0A0B, 0x0C0C, 0x0C0C, 0x0607, 0x0B0A, 0x0A0B, 0x0B0B,
    0x0B0B, 0x0B0B, 0x0B0A, 0x0B0B, 0x0B0B, 0x0B0B, 0x0B06, 0x0B0B, 0x0B0B, 0x0B0B, 0x0B0A, 0x0B0B,
    0x0B0B, 0x0A0B, 0x0B0B, 0x0B0B, 0x0B0B, 0x0A06, 0x0B0B, 0x0A0B, 0x0A0B, 0x0A0A, 0x0B0B, 0x0B0B,
    0x0B0B, 0x0B0B, 0x0B0B, 0x0B0B, 0x0B0B, 0x0B0B, 0x0000, 0x0701, 0x0707, 0x0707, 0x0000, 0x0701,
    0x0707, 0x0707, 0x0000, 0x0701, 0x0707, 0x0707, 0x0000, 0x0701, 0x0707, 0x0707, 0x0000, 0x0701,
    0x0707, 0x0707, 0x0000, 0x0701, 0x0707, 0x0707, 0x0000, 0x0801, 0x0807, 0x0807, 0x0000, 0x0501,
    0x0707, 0x0707, 0x0707, 0x0707, 0x0608, 0x0606, 0x0707, 0x0807, 0x0306, 0x0303, 0x0707, 0x0607,
    0x0303, 0x0403, 0x0707, 0x0807, 0x0301, 0x0303, 0x0707, 0x0707, 0x0301, 0x0403, 0x0707, 0x0707,
    0x0606, 0x0606, 0x0807, 0x0807, 0x0606, 0x0706, 0x0707, 0x0707, 0x0606, 0x0907, 0x0606, 0x0606,
    0x0706, 0x0405, 0x0606, 0x0606, 0x0806, 0x0403, 0x0303, 0x0608, 0x0806, 0x0404, 0x0303, 0x0803,
    0x0808, 0x0404, 0x0404, 0x0304, 0x0808, 0x0404, 0x0606, 0x0303, 0x0404, 0x0404, 0x0107, 0x0606,
    0x0403, 0x0404, 0x0509, 0x0105, 0x0306, 0x0404, 0x0404, 0x0404, 0x0404, 0x0404, 0x0404, 0x0603,
    0x0606, 0x0606, 0x0304, 0x0606, 0x0606, 0x0606, 0x0604, 0x0606, 0x0606, 0x0403, 0x0404, 0x0404,
    0x0404, 0x0404, 0x0404, 0x0404, 0x0404, 0x0303, 0x0404, 0x0404, 0x0304, 0x0404, 0x0404, 0x0404,
    0x0404, 0x0204, 0x0404, 0x0404, 0x0404, 0x0404, 0x0606, 0x0606, 0x0306, 0x0404, 0x0606, 0x0606,
    0x0606, 0x0406, 0x0404, 0x0404, 0x0304, 0x0602, 0x0404, 0x0404, 0x0404, 0x0404, 0x0303, 0x0303,
    0x0403, 0x0404, 0x0604, 0x0606, 0x0306, 0x0404, 0x0106, 0x0101, 0x0101, 0x0606, 0x0504, 0x0807,
    0x0707, 0x0707, 0x0404, 0x0705, 0x0707, 0x0707, 0x0404, 0x0803, 0x0707, 0x0707, 0x0404, 0x0504,
    0x0707, 0x0707, 0x0406, 0x0504, 0x0807, 0x0807, 0x0404, 0x0504, 0x0707, 0x0707, 0x0404, 0x0104,
    0x0708, 0x0708, 0x0406, 0x0804, 0x0707, 0x0707, 0x0707, 0x0707, 0x0707, 0x0001, 0x0707, 0x0707,
    0x0707, 0x0001, 0x0707, 0x0707, 0x0707, 0x0001, 0x0707, 0x0707, 0x0807, 0x0001, 0x0807, 0x0807,
    0x0507, 0x0001, 0x0707, 0x0707, 0x0107, 0x0000, 0x0708, 0x0708, 0x0108, 0x0000, 0x0707, 0x0707,
    0x0105, 0x0000, 0x0706, 0x0000, 0x0000, 0x0000, 0x0706, 0x0000, 0x0000, 0x0000, 0x060B, 0x0007,
    0x0000, 0x0000, 0x060B, 0x0007, 0x0000, 0x0000, 0x0B0A, 0x0706, 0x0000, 0x0000, 0x0B0A, 0x0706,
    0x0000, 0x0000, 0x0B0B, 0x060B, 0x0007, 0x0000, 0x0B0B, 0x0B0B, 0x0706, 0x0000, 0x0000, 0x0200,
    0x0404, 0x0404, 0x0000, 0x0200, 0x0404, 0x0404, 0x0000, 0x0200, 0x0404, 0x0404, 0x0000, 0x0200,
    0x0404, 0x0404, 0x0000, 0x0200, 0x0404, 0x0404, 0x0000, 0x0200, 0x0404, 0x0404, 0x0000, 0x0000,
    0x0000, 0x0000, 0x0000, 0x0000, 0x0000, 0x0000, 0x0404, 0x0B02, 0x0B0B, 0x0B0B, 0x0404, 0x0A03,
    0x0B0B, 0x0B0B, 0x0404, 0x0203, 0x0B0B, 0x0B0B, 0x0404, 0x0204, 0x0B0B, 0x0B0B, 0x0404, 0x0204,
    0x0B0B, 0x0B0B, 0x0404, 0x0204, 0x0B0B, 0x0B0B, 0x0000, 0x0000, 0x0000, 0x0000, 0x0000, 0x0000,
    0x0000, 0x0000, 0x0A0B, 0x070A, 0x0C0C, 0x0C0C, 0x0A0A, 0x070A, 0x0C07, 0x0C0C, 0x0A0A, 0x0706,
    0x070C, 0x0C0C, 0x0A0A, 0x0706, 0x0C07, 0x0C0C, 0x0A0A, 0x0706, 0x070C, 0x0C0C, 0x0A0A, 0x0706,
    0x0C07, 0x0C0C, 0x0000, 0x0000, 0x0000, 0x0000, 0x0000, 0x0000, 0x0000, 0x0000, 0x0C0C, 0x0C0C,
    0x0C0C, 0x0C0C, 0x0C0C, 0x0C0C, 0x0C0C, 0x0C0C, 0x0C0C, 0x0C0C, 0x0C0C, 0x0C0C, 0x0C0C, 0x0C0C,
    0x0C0C, 0x0C0C, 0x0C0C, 0x0C0C, 0x0C0C, 0x0C0C, 0x0C0C, 0x0C0C, 0x0C0C, 0x0C0C, 0x0000, 0x0000,
    0x0000, 0x0000, 0x0000, 0x0000, 0x0000, 0x0000, 0x0C0C, 0x0C0C, 0x0C0C, 0x0C0C, 0x0C0C, 0x0C0C,
    0x0C0C, 0x0C0C, 0x0C0C, 0x0C0C, 0x0C0C, 0x0C0C, 0x0C0C, 0x0C0C, 0x0C0C, 0x0C0C, 0x0C0C, 0x0C0C,
    0x0C0C, 0x0C0C, 0x0C0C, 0x0C0C, 0x0C0C, 0x0C0C, 0x0000, 0x0000, 0x0000, 0x0000, 0x0000, 0x0000,
    0x0000, 0x0000, 0x0C0C, 0x0C0C, 0x0C0C, 0x0C0C, 0x0C0C, 0x0C0C, 0x0C0C, 0x0C0C, 0x0C0C, 0x0C0C,
    0x0C0C, 0x0C0C, 0x0C0C, 0x0C0C, 0x0C0C, 0x0C0C, 0x0C0C, 0x0C0C, 0x0C0C, 0x0C0C, 0x0C0C, 0x0C0C,
    0x0C0C, 0x0C0C, 0x0000, 0x0000, 0x0000, 0x0000, 0x0000, 0x0000, 0x0000, 0x0000, 0x0C0C, 0x0C0C,
    0x070C, 0x0B06, 0x0C0C, 0x0C0C, 0x0707, 0x0B06, 0x0C0C, 0x0C0C, 0x070C, 0x0B06, 0x0C0C, 0x0C0C,
    0x0707, 0x0B06, 0x0C0C, 0x0C0C, 0x070C, 0x0B06, 0x0C0C, 0x0C0C, 0x070C, 0x0B06, 0x0000, 0x0000,
    0x0000, 0x0000, 0x0000, 0x0000, 0x0000, 0x0000, 0x0B0B, 0x0B0B, 0x0B0B, 0x0B0B, 0x0B0B, 0x0B0B,
    0x0B0B, 0x0B0B, 0x0B0B, 0x0B0B, 0x0B0B, 0x0B0B, 0x0B0B, 0x0B0B, 0x060B, 0x0606, 0x0B0B, 0x060B,
    0x0306, 0x0303, 0x0B0B, 0x0306, 0x0303, 0x0404, 0x0000, 0x0000, 0x0000, 0x0000, 0x0000, 0x0000,
    0x0000, 0x0000, 0x0000, 0x0100, 0x0708, 0x0708, 0x0000, 0x0100, 0x0805, 0x0707, 0x0000, 0x0000,
    0x0501, 0x0708, 0x0000, 0x0000, 0x0100, 0x0807, 0x0000, 0x0000, 0x0100, 0x0808, 0x0000, 0x0000,
    0x0100, 0x0805, 0x0000, 0x0000, 0x0000, 0x0801, 0x0000, 0x0000, 0x0000, 0x0701, 0x0708, 0x0708,
    0x0601, 0x0909, 0x0707, 0x0707, 0x0601, 0x0909, 0x0708, 0x0708, 0x0301, 0x0706, 0x0807, 0x0807,
    0x0301, 0x0303, 0x0808, 0x0808, 0x0308, 0x0404, 0x0807, 0x0807, 0x0107, 0x0404, 0x0808, 0x0808,
    0x0808, 0x0403, 0x0708, 0x0708, 0x0708, 0x0301, 0x0909, 0x0109, 0x0601, 0x0404, 0x0109, 0x0105,
    0x0601, 0x0403, 0x0909, 0x0701, 0x0207, 0x0403, 0x0909, 0x0109, 0x0402, 0x0404, 0x0403, 0x0404,
    0x0404, 0x0404, 0x0404, 0x0404, 0x0404, 0x0404, 0x0404, 0x0404, 0x0404, 0x0304, 0x0404, 0x0404,
    0x0404, 0x0603, 0x0404, 0x0404, 0x0304, 0x0706, 0x0404, 0x0404, 0x0603, 0x0907, 0x0404, 0x0404,
    0x0703, 0x0909, 0x0404, 0x0404, 0x0204, 0x0909, 0x0404, 0x0404, 0x0404, 0x0904, 0x0404, 0x0404,
    0x0404, 0x0404, 0x0403, 0x0404, 0x0404, 0x0404, 0x0306, 0x0304, 0x0404, 0x0404, 0x0901, 0x0109,
    0x0101, 0x0605, 0x0501, 0x0101, 0x0101, 0x0605, 0x0507, 0x0108, 0x0101, 0x0605, 0x0109, 0x0708,
    0x0907, 0x0306, 0x0709, 0x0101, 0x0601, 0x0403, 0x0304, 0x0303, 0x0403, 0x0404, 0x0404, 0x0404,
    0x0404, 0x0404, 0x0404, 0x0404, 0x0404, 0x0404, 0x0406, 0x0703, 0x0708, 0x0708, 0x0406, 0x0801,
    0x0807, 0x0807, 0x0403, 0x0701, 0x0208, 0x0202, 0x0404, 0x0801, 0x0401, 0x0304, 0x0404, 0x0104,
    0x0203, 0x0202, 0x0404, 0x0304, 0x0302, 0x0303, 0x0404, 0x0204, 0x0303, 0x0303, 0x0404, 0x0404,
    0x0303, 0x0403, 0x0708, 0x0708, 0x0001, 0x0000, 0x0807, 0x0807, 0x0001, 0x0000, 0x0708, 0x0708,
    0x0001, 0x0000, 0x0802, 0x0808, 0x0001, 0x0000, 0x0203, 0x0708, 0x0001, 0x0000, 0x0204, 0x0808,
    0x0001, 0x0000, 0x0204, 0x0807, 0x0107, 0x0000, 0x0503, 0x0808, 0x0108, 0x0000, 0x0B0B, 0x0B0B,
    0x0706, 0x0000, 0x0B0B, 0x0B0B, 0x060B, 0x0007, 0x0606, 0x0606, 0x0606, 0x0706, 0x0303, 0x0303,
    0x0603, 0x0706, 0x0303, 0x0303, 0x0603, 0x0706, 0x0404, 0x0404, 0x0204, 0x0000, 0x0000, 0x0000,
    0x0000, 0x0000, 0x0000, 0x0000, 0x0000, 0x0000, 0x0000, 0x0000, 0x0000, 0x0000, 0x0000, 0x0000,
    0x0000, 0x0000, 0x0000, 0x0000, 0x0000, 0x0000, 0x0000, 0x0000, 0x0000, 0x0000, 0x0000, 0x0000,
    0x0000, 0x0000, 0x0000, 0x0000, 0x0000, 0x0000, 0x0000, 0x0000, 0x0000, 0x0000, 0x0000, 0x0000,
    0x0000, 0x0000, 0x0000, 0x0000, 0x0000, 0x0000, 0x0000, 0x0000, 0x0000, 0x0000, 0x0000, 0x0000,
    0x0000, 0x0000, 0x0000, 0x0000, 0x0000, 0x0000, 0x0000, 0x0000, 0x0000, 0x0000, 0x0000, 0x0000,
    0x0000, 0x0000, 0x0000, 0x0000, 0x0000, 0x0000, 0x0000, 0x0000, 0x0000, 0x0000, 0x0000, 0x0000,
    0x0000, 0x0000, 0x0000, 0x0000, 0x0000, 0x0000, 0x0000, 0x0000, 0x0000, 0x0000, 0x0000, 0x0000,
    0x0000, 0x0000, 0x0000, 0x0000, 0x0000, 0x0000, 0x0000, 0x0000, 0x0000, 0x0000, 0x0000, 0x0000,
    0x0000, 0x0000, 0x0000, 0x0000, 0x0000, 0x0000, 0x0000, 0x0000, 0x0000, 0x0000, 0x0000, 0x0000,
    0x0000, 0x0000, 0x0000, 0x0000, 0x0000, 0x0000, 0x0000, 0x0000, 0x0000, 0x0000, 0x0000, 0x0000,
    0x0000, 0x0000, 0x0000, 0x0000, 0x0000, 0x0000, 0x0000, 0x0000, 0x0000, 0x0000, 0x0000, 0x0000,
    0x0000, 0x0000, 0x0000, 0x0000, 0x0000, 0x0000, 0x0000, 0x0D00, 0x0000, 0x0000, 0x0000, 0x0D0D,
    0x000D, 0x0000, 0x0D00, 0x0E0D, 0x0D0D, 0x0000, 0x0D00, 0x0E0E, 0x0D0E, 0x0000, 0x0E00, 0x0E0E,
    0x000E, 0x0000, 0x0000, 0x0E0E, 0x0000, 0x0000, 0x0000, 0x0000, 0x0000, 0x0000, 0x0000, 0x0000,
    0x0000, 0x0000, 0x0000, 0x0000, 0x0000, 0x0000, 0x0000, 0x0D0D, 0x000D, 0x0000, 0x0D00, 0x0E0D,
    0x0E0E, 0x0000, 0x0D00, 0x0E0D, 0x0E0E, 0x0000, 0x0000, 0x0E0E, 0x000E, 0x0000, 0x0000, 0x0000,
    0x0000, 0x0000, 0x0000, 0x0000, 0x0000, 0x0000, 0x0000, 0x0000, 0x0000, 0x0000, 0x0000, 0x0000,
    0x0000, 0x0000, 0x0600, 0x0606, 0x0606, 0x0006, 0x0206, 0x0F0F, 0x0F0F, 0x0602, 0x0F06, 0x060F,
    0x0F06, 0x060F, 0x0F06, 0x060F, 0x0F06, 0x060F, 0x0F06, 0x060F, 0x0606, 0x0606, 0x0F06, 0x060F,
    0x0606, 0x0606, 0x0000, 0x0000, 0x0000, 0x0000, 0x0000, 0x0000, 0x0000, 0x0000, 0x0000, 0x0000,
    0x0000, 0x0000, 0x0000, 0x0000, 0x0000, 0x0000, 0x0000, 0x0000, 0x0000, 0x0000, 0x0000, 0x0000,
    0x0000, 0x0000, 0x0606, 0x0606, 0x0606, 0x0000, 0x0F02, 0x0F0F, 0x020F, 0x0006, 0x0000, 0x0000,
    0x0000, 0x0801, 0x0000, 0x0000, 0x0000, 0x0801, 0x0000, 0x0000, 0x0000, 0x0801, 0x0000, 0x0000,
    0x0000, 0x0801, 0x0000, 0x0000, 0x0000, 0x0801, 0x0000, 0x0000, 0x0000, 0x0501, 0x0000, 0x0000,
    0x0000, 0x0801, 0x0000, 0x0000, 0x0202, 0x0202, 0x0808, 0x0808, 0x0801, 0x0108, 0x0808, 0x0808,
    0x0101, 0x0808, 0x0808, 0x0808, 0x0301, 0x0801, 0x0805, 0x0805, 0x0301, 0x0103, 0x0808, 0x0808,
    0x0208, 0x0403, 0x0508, 0x0508, 0x0208, 0x0403, 0x0805, 0x0805, 0x0505, 0x0402, 0x0202, 0x0202,
    0x0502, 0x0205, 0x0403, 0x0404, 0x0404, 0x0603, 0x0401, 0x0404, 0x0404, 0x0304, 0x0401, 0x0404,
    0x0404, 0x0404, 0x0403, 0x0404, 0x0404, 0x0404, 0x0404, 0x0404, 0x0604, 0x0606, 0x0404, 0x0404,
    0x0404, 0x0603, 0x0404, 0x0404, 0x0404, 0x0603, 0x0404, 0x0404, 0x0404, 0x0604, 0x0606, 0x0406,
    0x0404, 0x0404, 0x0606, 0x0404, 0x0404, 0x0404, 0x0404, 0x0404, 0x0404, 0x0404, 0x0404, 0x0404,
    0x0404, 0x0404, 0x0606, 0x0606, 0x0306, 0x0403, 0x0902, 0x0909, 0x0209, 0x0406, 0x0606, 0x0606,
    0x0606, 0x0403, 0x0606, 0x0606, 0x0606, 0x0404, 0x0404, 0x0404, 0x0404, 0x0404, 0x0404, 0x0404,
    0x0404, 0x0404, 0x0404, 0x0404, 0x0404, 0x0404, 0x0404, 0x0404, 0x0404, 0x0304, 0x0404, 0x0404,
    0x0404, 0x0204, 0x0404, 0x0404, 0x0404, 0x0203, 0x0404, 0x0404, 0x0404, 0x0502, 0x0404, 0x0404,
    0x0204, 0x0805, 0x0404, 0x0404, 0x0302, 0x0404, 0x0203, 0x0603, 0x0406, 0x0204, 0x0502, 0x0602,
    0x0306, 0x0502, 0x0802, 0x0602, 0x0206, 0x0805, 0x0805, 0x0805, 0x0805, 0x0805, 0x0808, 0x0808,
    0x0808, 0x0808, 0x0508, 0x0508, 0x0508, 0x0508, 0x0805, 0x0805, 0x0805, 0x0105, 0x0802, 0x0808,
    0x0508, 0x0001, 0x0805, 0x0808, 0x0808, 0x0001, 0x0808, 0x0808, 0x0805, 0x0105, 0x0808, 0x0808,
    0x0101, 0x0701, 0x0805, 0x0805, 0x0701, 0x0707, 0x0808, 0x0808, 0x0701, 0x0007, 0x0508, 0x0508,
    0x0001, 0x0000, 0x0805, 0x0105, 0x0007, 0x0000, 0x0000, 0x0000, 0x0000, 0x0000, 0x0000, 0x0000,
    0x0000, 0x0000, 0x0007, 0x0000, 0x0000, 0x0000, 0x0007, 0x0000, 0x0000, 0x0000, 0x0000, 0x0000,
    0x0000, 0x0000, 0x0000, 0x0000, 0x0000, 0x0000, 0x0000, 0x0000, 0x0000, 0x0000, 0x0000, 0x0000,
    0x0000, 0x0000, 0x0000, 0x0000, 0x0000, 0x0000, 0x0000, 0x0000, 0x0000, 0x0000, 0x0000, 0x0000,
    0x0000, 0x0000, 0x0000, 0x0000, 0x0000, 0x0000, 0x0000, 0x0000, 0x0000, 0x0000, 0x0000, 0x0000,
    0x0000, 0x0000, 0x0000, 0x0000, 0x0000, 0x0000, 0x0000, 0x0000, 0x0000, 0x0000, 0x0000, 0x0000,
    0x0000, 0x0000, 0x0000, 0x0000, 0x0000, 0x0000, 0x0000, 0x0000, 0x0000, 0x0000, 0x0000, 0x0000,
    0x0000, 0x0000, 0x0000, 0x0000, 0x0000, 0x0000, 0x0000, 0x0000, 0x0000, 0x0000, 0x0000, 0x0000,
    0x0000, 0x0000, 0x0000, 0x0000, 0x0000, 0x0000, 0x0000, 0x0000, 0x0000, 0x0000, 0x0000, 0x0000,
    0x0000, 0x0000, 0x0000, 0x0000, 0x0000, 0x0000, 0x0000, 0x0000, 0x0000, 0x0000, 0x0000, 0x0000,
    0x0000, 0x0000, 0x0000, 0x0000, 0x0000, 0x0000, 0x0000, 0x0000, 0x0000, 0x0000, 0x0000, 0x0000,
    0x0000, 0x0000, 0x0000, 0x0000, 0x0000, 0x0000, 0x0000, 0x0000, 0x0000, 0x0000, 0x0000, 0x0000,
    0x0000, 0x0000, 0x0000, 0x0000, 0x0000, 0x0000, 0x0000, 0x0000, 0x0000, 0x0000, 0x0000, 0x0000,
    0x0000, 0x0000, 0x0000, 0x0000, 0x0000, 0x0000, 0x0000, 0x0000, 0x0000, 0x0000, 0x0000, 0x0000,
    0x0000, 0x0000, 0x0000, 0x0000, 0x0000, 0x0000, 0x0000, 0x0000, 0x0000, 0x0000, 0x0000, 0x0E0D,
    0x0000, 0x0000, 0x0D00, 0x0D0D, 0x0E0E, 0x0000, 0x0D00, 0x0D0D, 0x000D, 0x0000, 0x0000, 0x0000,
    0x0000, 0x0000, 0x0000, 0x0000, 0x0000, 0x0000, 0x0000, 0x0000, 0x0000, 0x0000, 0x0000, 0x0000,
    0x0000, 0x0000, 0x0000, 0x0D00, 0x0000, 0x0000, 0x0D00, 0x0D0D, 0x000D, 0x0000, 0x0D00, 0x0D0D,
    0x0D0D, 0x0000, 0x0E00, 0x0D0E, 0x000D, 0x0000, 0x0E00, 0x0E0E, 0x0000, 0x0000, 0x0000, 0x0000,
    0x0000, 0x0000, 0x0F06, 0x060F, 0x0F0F, 0x060F, 0x1002, 0x0210, 0x1002, 0x0210, 0x0F06, 0x060F,
    0x0F06, 0x060F, 0x0F06, 0x060F, 0x0F06, 0x060F, 0x0206, 0x0F0F, 0x0F0F, 0x0602, 0x0600, 0x0606,
    0x0606, 0x0606, 0x0000, 0x0202, 0x0202, 0x0202, 0x0000, 0x0000, 0x0000, 0x0000, 0x0F0F, 0x0606,
    0x0F0F, 0x0206, 0x1010, 0x0202, 0x1010, 0x0202, 0x0F0F, 0x0606, 0x0F0F, 0x0206, 0x0F0F, 0x0606,
    0x0F0F, 0x0206, 0x0F0F, 0x0606, 0x0F0F, 0x0206, 0x0F02, 0x0F0F, 0x020F, 0x0206, 0x0606, 0x0606,
    0x0606, 0x0202, 0x0200, 0x0202, 0x0202, 0x0002, 0x0000, 0x0000, 0x0000, 0x0808, 0x0000, 0x0000,
    0x0808, 0x0707, 0x0000, 0x0800, 0x0707, 0x0707, 0x0000, 0x0708, 0x1107, 0x0707, 0x0000, 0x0708,
    0x0711, 0x0807, 0x0800, 0x0707, 0x0711, 0x1208, 0x0800, 0x0707, 0x1307, 0x1212, 0x0800, 0x0707,
    0x0208, 0x1212, 0x0808, 0x0008, 0x0000, 0x0000, 0x0707, 0x0807, 0x0008, 0x0000, 0x0707, 0x0707,
    0x0807, 0x0000, 0x0808, 0x0707, 0x0707, 0x0008, 0x1212, 0x0708, 0x0711, 0x0008, 0x1212, 0x0708,
    0x1107, 0x0008, 0x1313, 0x0813, 0x0707, 0x0008, 0x0202, 0x0802, 0x0708, 0x0008, 0x0000, 0x0000,
    0x0800, 0x0808, 0x0000, 0x0000, 0x0708, 0x0707, 0x0000, 0x0800, 0x0707, 0x0707, 0x0000, 0x0708,
    0x0711, 0x0707, 0x0800, 0x1107, 0x0707, 0x0808, 0x0800, 0x1107, 0x0807, 0x1212, 0x0800, 0x0707,
    0x1308, 0x1212, 0x0800, 0x0707, 0x0202, 0x1212, 0x0808, 0x0008, 0x0000, 0x0000, 0x0707, 0x0807,
    0x0008, 0x0000, 0x0707, 0x0707, 0x0807, 0x0000, 0x0808, 0x0707, 0x0707, 0x0008, 0x1212, 0x0708,
    0x0711, 0x0008, 0x1212, 0x0708, 0x1107, 0x0008, 0x1313, 0x0708, 0x0707, 0x0008, 0x0202, 0x0802,
    0x0708, 0x0008, 0x0000, 0x0000, 0x0800, 0x0808, 0x0000, 0x0800, 0x0708, 0x0707, 0x0000, 0x0708,
    0x0707, 0x0707, 0x0800, 0x0707, 0x1111, 0x0807, 0x0800, 0x1107, 0x0807, 0x1208, 0x0708, 0x0711,
    0x1208, 0x1208, 0x0708, 0x0707, 0x1313, 0x1212, 0x0708, 0x0707, 0x0202, 0x1212, 0x0808, 0x0008,
    0x0000, 0x0000, 0x0707, 0x0807, 0x0008, 0x0000, 0x0707, 0x0707, 0x0807, 0x0000, 0x0808, 0x0707,
    0x0707, 0x0008, 0x1212, 0x0708, 0x0711, 0x0008, 0x1212, 0x0708, 0x1107, 0x0008, 0x1313, 0x0708,
    0x0707, 0x0008, 0x0202, 0x0808, 0x0707, 0x0008, 0x0000, 0x0000, 0x0800, 0x0808, 0x0000, 0x0000,
    0x0708, 0x0707, 0x0000, 0x0800, 0x0707, 0x0707, 0x0000, 0x0708, 0x1107, 0x0807, 0x0800, 0x0707,
    0x0811, 0x1208, 0x0800, 0x1107, 0x1208, 0x1208, 0x0800, 0x0707, 0x1313, 0x1212, 0x0708, 0x0707,
    0x0202, 0x1212, 0x0808, 0x0008, 0x0000, 0x0000, 0x0707, 0x0807, 0x0008, 0x0000, 0x0707, 0x0707,
    0x0807, 0x0000, 0x0808, 0x0707, 0x0707, 0x0008, 0x1212, 0x0708, 0x0711, 0x0008, 0x1212, 0x0708,
    0x1107, 0x0008, 0x1313, 0x0708, 0x0707, 0x0008, 0x0202, 0x0802, 0x0707, 0x0008, 0x0000, 0x0000,
    0x0000, 0x0808, 0x0000, 0x0000, 0x0808, 0x0707, 0x0000, 0x0800, 0x0707, 0x0707, 0x0000, 0x0708,
    0x1107, 0x0707, 0x0000, 0x0708, 0x0711, 0x0807, 0x0800, 0x0707, 0x0711, 0x1208, 0x0800, 0x0707,
    0x1307, 0x1212, 0x0800, 0x0707, 0x0208, 0x1212, 0x0808, 0x0008, 0x0000, 0x0000, 0x0707, 0x0807,
    0x0008, 0x0000, 0x0707, 0x0707, 0x0807, 0x0000, 0x0808, 0x0707, 0x0707, 0x0008, 0x1212, 0x0708,
    0x0711, 0x0008, 0x1212, 0x0708, 0x1107, 0x0008, 0x1313, 0x0813, 0x0707, 0x0008, 0x0202, 0x0802,
    0x0708, 0x0008, 0x0000, 0x0000, 0x0800, 0x0808, 0x0000, 0x0000, 0x0708, 0x0707, 0x0000, 0x0800,
    0x0707, 0x0707, 0x0000, 0x0708, 0x0711, 0x0707, 0x0800, 0x1107, 0x0707, 0x0808, 0x0800, 0x1107,
    0x0807, 0x1212, 0x0800, 0x0707, 0x1208, 0x1212, 0x0800, 0x0707, 0x1313, 0x1212, 0x0808, 0x0008,
    0x0000, 0x0000, 0x0707, 0x0807, 0x0008, 0x0000, 0x0707, 0x0707, 0x0807, 0x0000, 0x0808, 0x0707,
    0x0707, 0x0008, 0x1212, 0x0708, 0x0711, 0x0008, 0x1212, 0x0708, 0x1107, 0x0008, 0x1212, 0x0708,
    0x0707, 0x0008, 0x1313, 0x0813, 0x0708, 0x0008, 0x0000, 0x0000, 0x0800, 0x0808, 0x0000, 0x0800,
    0x0708, 0x0707, 0x0000, 0x0708, 0x0707, 0x0707, 0x0800, 0x0707, 0x1111, 0x0807, 0x0800, 0x1107,
    0x0807, 0x1208, 0x0708, 0x0711, 0x1208, 0x1208, 0x0708, 0x0707, 0x1212, 0x1212, 0x0708, 0x0707,
    0x1313, 0x1212, 0x0808, 0x0008, 0x0000, 0x0000, 0x0707, 0x0807, 0x0008, 0x0000, 0x0707, 0x0707,
    0x0807, 0x0000, 0x0808, 0x0707, 0x0707, 0x0008, 0x1212, 0x0708, 0x0711, 0x0008, 0x1212, 0x0708,
    0x1107, 0x0008, 0x1212, 0x0708, 0x0707, 0x0008, 0x1313, 0x0808, 0x0707, 0x0008, 0x0000, 0x0000,
    0x0800, 0x0808, 0x0000, 0x0000, 0x0708, 0x0707, 0x0000, 0x0800, 0x0707, 0x0707, 0x0000, 0x0708,
    0x1107, 0x0807, 0x0800, 0x0707, 0x0811, 0x1208, 0x0800, 0x1107, 0x1208, 0x1208, 0x0800, 0x0707,
    0x1212, 0x1212, 0x0708, 0x0707, 0x1313, 0x1212, 0x0808, 0x0008, 0x0000, 0x0000, 0x0707, 0x0807,
    0x0008, 0x0000, 0x0707, 0x0707, 0x0807, 0x0000, 0x0808, 0x0707, 0x0707, 0x0008, 0x1212, 0x0708,
    0x0711, 0x0008, 0x1212, 0x0708, 0x1107, 0x0008, 0x1212, 0x0708, 0x0707, 0x0008, 0x1313, 0x0813,
    0x0707, 0x0008, 0x0800, 0x0807, 0x0609, 0x1212, 0x0800, 0x0807, 0x0609, 0x1212, 0x0800, 0x0808,
    0x1212, 0x1212, 0x0800, 0x0808, 0x1212, 0x0606, 0x0000, 0x1308, 0x1202, 0x1212, 0x0000, 0x1300,
    0x0200, 0x0202, 0x0000, 0x0000, 0x0000, 0x0306, 0x0000, 0x0000, 0x0600, 0x0B06, 0x0609, 0x0806,
    0x0808, 0x0008, 0x0609, 0x1206, 0x0808, 0x0008, 0x1212, 0x1212, 0x0813, 0x0000, 0x1212, 0x1313,
    0x0813, 0x0000, 0x0612, 0x1306, 0x1300, 0x0000, 0x0602, 0x1313, 0x0000, 0x0000, 0x0603, 0x0006,
    0x0000, 0x0000, 0x0B0B, 0x060B, 0x0000, 0x0000, 0x0800, 0x0807, 0x0609, 0x1212, 0x0800, 0x0807,
    0x0609, 0x1212, 0x0800, 0x0808, 0x1212, 0x1212, 0x0000, 0x1308, 0x1212, 0x0606, 0x0000, 0x0013,
    0x1202, 0x1212, 0x0000, 0x0000, 0x0200, 0x0202, 0x0000, 0x0000, 0x0000, 0x0306, 0x0000, 0x0000,
    0x060B, 0x0B06, 0x0609, 0x0806, 0x0808, 0x0008, 0x0609, 0x1206, 0x0808, 0x0008, 0x1212, 0x1212,
    0x0813, 0x0000, 0x1212, 0x1313, 0x1313, 0x0000, 0x0612, 0x1306, 0x0000, 0x0000, 0x0602, 0x0013,
    0x0000, 0x0000, 0x0603, 0x0006, 0x0000, 0x0000, 0x0B0B, 0x060B, 0x0000, 0x0000, 0x0800, 0x0807,
    0x0609, 0x1212, 0x0800, 0x0207, 0x0609, 0x1212, 0x0800, 0x0208, 0x1212, 0x1212, 0x1300, 0x0213,
    0x1212, 0x0606, 0x1300, 0x0000, 0x1202, 0x1212, 0x0000, 0x0000, 0x0200, 0x0202, 0x0000, 0x0000,
    0x0000, 0x0306, 0x0000, 0x0000, 0x060B, 0x0B06, 0x0609, 0x0806, 0x0808, 0x0000, 0x0609, 0x1206,
    0x0808, 0x0000, 0x1212, 0x1212, 0x0013, 0x0000, 0x1212, 0x1313, 0x0013, 0x0000, 0x0612, 0x1306,
    0x0000, 0x0000, 0x0602, 0x0000, 0x0000, 0x0000, 0x0603, 0x0006, 0x0000, 0x0000, 0x0B0B, 0x060B,
    0x0000, 0x0000, 0x0708, 0x0807, 0x0609, 0x1212, 0x0708, 0x0207, 0x0609, 0x1212, 0x0700, 0x0208,
    0x1212, 0x1212, 0x0700, 0x0213, 0x1212, 0x0606, 0x0800, 0x1300, 0x1202, 0x1212, 0x1300, 0x0000,
    0x0200, 0x0202, 0x0000, 0x0000, 0x0000, 0x0306, 0x0000, 0x0000, 0x0600, 0x0B06, 0x0609, 0x0806,
    0x0708, 0x0008, 0x0609, 0x1206, 0x0808, 0x0008, 0x1212, 0x1212, 0x0813, 0x0000, 0x1212, 0x1313,
    0x0013, 0x0000, 0x0612, 0x1306, 0x0013, 0x0000, 0x0602, 0x1313, 0x0000, 0x0000, 0x0603, 0x0006,
    0x0000, 0x0000, 0x0B0B, 0x060B, 0x0000, 0x0000, 0x0800, 0x0807, 0x0609, 0x1212, 0x0800, 0x0807,
    0x0609, 0x1212, 0x0800, 0x0808, 0x1212, 0x1212, 0x0800, 0x0808, 0x1212, 0x0606, 0x0000, 0x1308,
    0x1202, 0x1212, 0x0000, 0x1300, 0x0200, 0x0202, 0x0000, 0x0000, 0x0000, 0x0306, 0x0000, 0x0000,
    0x0600, 0x0B06, 0x0609, 0x0806, 0x0808, 0x0008, 0x0609, 0x1206, 0x0808, 0x0008, 0x1212, 0x1212,
    0x0813, 0x0000, 0x1212, 0x1313, 0x0813, 0x0000, 0x0612, 0x1306, 0x1300, 0x0000, 0x0602, 0x1313,
    0x0000, 0x0000, 0x0603, 0x0006, 0x0000, 0x0000, 0x0B0B, 0x060B, 0x0000, 0x0000, 0x0800, 0x0807,
    0x0202, 0x1212, 0x0800, 0x0807, 0x0609, 0x1212, 0x0800, 0x0808, 0x1212, 0x1212, 0x0000, 0x1308,
    0x1212, 0x0606, 0x0000, 0x0013, 0x1202, 0x1212, 0x0000, 0x0000, 0x0200, 0x0202, 0x0000, 0x0000,
    0x0000, 0x0306, 0x0000, 0x0000, 0x060B, 0x0B06, 0x0202, 0x0802, 0x0808, 0x0008, 0x0609, 0x1206,
    0x0808, 0x0008, 0x1212, 0x1212, 0x0813, 0x0000, 0x1212, 0x1313, 0x1313, 0x0000, 0x0612, 0x1306,
    0x0000, 0x0000, 0x0602, 0x0013, 0x0000, 0x0000, 0x0603, 0x0006, 0x0000, 0x0000, 0x0B0B, 0x060B,
    0x0000, 0x0000, 0x0800, 0x0807, 0x1212, 0x1212, 0x0800, 0x0207, 0x0202, 0x1212, 0x0800, 0x0208,
    0x1212, 0x1212, 0x1300, 0x0213, 0x1212, 0x0606, 0x1300, 0x0000, 0x1202, 0x1212, 0x0000, 0x0000,
    0x0200, 0x0202, 0x0000, 0x0000, 0x0000, 0x0306, 0x0000, 0x0000, 0x060B, 0x0B06, 0x1212, 0x0812,
    0x0808, 0x0000, 0x0202, 0x1202, 0x0808, 0x0000, 0x1212, 0x1212, 0x0013, 0x0000, 0x1212, 0x1313,
    0x0013, 0x0000, 0x0612, 0x1306, 0x0000, 0x0000, 0x0602, 0x0000, 0x0000, 0x0000, 0x0603, 0x0006,
    0x0000, 0x0000, 0x0B0B, 0x060B, 0x0000, 0x0000, 0x0708, 0x0807, 0x0202, 0x1212, 0x0708, 0x0207,
    0x0609, 0x1212, 0x0700, 0x0208, 0x1212, 0x1212, 0x0700, 0x0213, 0x1212, 0x0606, 0x0800, 0x1300,
    0x1202, 0x1212, 0x1300, 0x0000, 0x0200, 0x0202, 0x0000, 0x0000, 0x0000, 0x0306, 0x0000, 0x0000,
    0x0600, 0x0B06, 0x0202, 0x0802, 0x0708, 0x0008, 0x0609, 0x1206, 0x0808, 0x0008, 0x1212, 0x1212,
    0x0813, 0x0000, 0x1212, 0x1313, 0x0013, 0x0000, 0x0612, 0x1306, 0x0013, 0x0000, 0x0602, 0x1313,
    0x0000, 0x0000, 0x0603, 0x0006, 0x0000, 0x0000, 0x0B0B, 0x060B, 0x0000, 0x0000, 0x0000, 0x0000,
    0x060B, 0x0C0C, 0x0000, 0x0600, 0x0B0B, 0x0C0C, 0x0000, 0x0600, 0x0B06, 0x0C0C, 0x0000, 0x0000,
    0x1502, 0x1414, 0x0000, 0x0200, 0x1503, 0x1414, 0x0000, 0x0302, 0x0B12, 0x060B, 0x0000, 0x1202,
    0x0602, 0x0006, 0x0000, 0x0200, 0x0300, 0x0012, 0x060C, 0x060B, 0x0000, 0x0000, 0x140C, 0x0B0B,
    0x0006, 0x0000, 0x140C, 0x0606, 0x0006, 0x0000, 0x1414, 0x0302, 0x0002, 0x0000, 0x1615, 0x0206,
    0x0212, 0x0000, 0x0B0B, 0x0206, 0x0212, 0x0000, 0x0606, 0x0206, 0x1203, 0x0002, 0x1203, 0x0000,
    0x0202, 0x0000, 0x0000, 0x0000, 0x060B, 0x0C0C, 0x0000, 0x0600, 0x0B0B, 0x0C0C, 0x0000, 0x0600,
    0x1506, 0x0C0C, 0x0000, 0x0000, 0x1502, 0x1414, 0x0000, 0x0200, 0x1603, 0x1606, 0x0000, 0x0302,
    0x0B12, 0x060B, 0x0000, 0x1202, 0x0602, 0x0006, 0x0000, 0x0200, 0x0300, 0x0012, 0x060C, 0x060B,
    0x0000, 0x0000, 0x140C, 0x060B, 0x0006, 0x0000, 0x140C, 0x0206, 0x0006, 0x0000, 0x1414, 0x0302,
    0x0002, 0x0000, 0x1616, 0x0206, 0x0212, 0x0000, 0x0B0B, 0x0206, 0x0212, 0x0000, 0x0606, 0x0206,
    0x1203, 0x0002, 0x1203, 0x0000, 0x0202, 0x0000, 0x0000, 0x0600, 0x060B, 0x0C0C, 0x0000, 0x0600,
    0x150B, 0x0C0C, 0x0000, 0x0000, 0x1406, 0x0C0C, 0x0000, 0x0000, 0x1502, 0x1414, 0x0000, 0x0200,
    0x1603, 0x1606, 0x0000, 0x0302, 0x0B12, 0x060B, 0x0000, 0x1202, 0x0602, 0x0006, 0x0000, 0x0200,
    0x0300, 0x0012, 0x060C, 0x060B, 0x0000, 0x0000, 0x060C, 0x0B0B, 0x0006, 0x0000, 0x140C, 0x0206,
    0x0000, 0x0000, 0x1514, 0x0302, 0x0002, 0x0000, 0x1616, 0x0206, 0x0212, 0x0000, 0x0B0B, 0x0206,
    0x0212, 0x0000, 0x0606, 0x0206, 0x1203, 0x0002, 0x1203, 0x0000, 0x0202, 0x0000, 0x0000, 0x0000,
    0x060B, 0x0C0C, 0x0000, 0x0600, 0x0B0B, 0x0C0C, 0x0000, 0x0600, 0x1506, 0x0C0C, 0x0000, 0x0000,
    0x1502, 0x140C, 0x0000, 0x0200, 0x1503, 0x1614, 0x0000, 0x0302, 0x0B12, 0x060B, 0x0000, 0x1202,
    0x0602, 0x0006, 0x0000, 0x0200, 0x0300, 0x0012, 0x060C, 0x060B, 0x0000, 0x0000, 0x140C, 0x0B0B,
    0x0006, 0x0000, 0x140C, 0x0606, 0x0000, 0x0000, 0x1514, 0x0302, 0x0002, 0x0000, 0x1616, 0x0206,
    0x0212, 0x0000, 0x0B0B, 0x0206, 0x0212, 0x0000, 0x0606, 0x0206, 0x1203, 0x0002, 0x1203, 0x0000,
    0x0202, 0x0000, 0x0000, 0x0000, 0x060B, 0x0C0C, 0x0000, 0x0600, 0x0B0B, 0x0C0C, 0x0000, 0x0600,
    0x0B06, 0x0C0C, 0x0000, 0x0000, 0x1502, 0x1414, 0x0000, 0x0200, 0x1503, 0x1414, 0x0000, 0x0302,
    0x0B12, 0x060B, 0x0000, 0x1202, 0x0602, 0x0006, 0x0000, 0x0200, 0x0300, 0x0012, 0x060C, 0x060B,
    0x0000, 0x0000, 0x140C, 0x0B0B, 0x0006, 0x0000, 0x140C, 0x0606, 0x0006, 0x0000, 0x1414, 0x0302,
    0x0002, 0x0000, 0x1615, 0x0206, 0x0212, 0x0000, 0x0B0B, 0x0206, 0x0212, 0x0000, 0x0606, 0x0206,
    0x1203, 0x0002, 0x1203, 0x0000, 0x0202, 0x0000, 0x0000, 0x0000, 0x060B, 0x0C0C, 0x0000, 0x0600,
    0x0B0B, 0x0C0C, 0x0000, 0x0600, 0x1506, 0x0C0C, 0x0000, 0x0000, 0x1502, 0x1414, 0x0000, 0x0200,
    0x1603, 0x1606, 0x0000, 0x0302, 0x0B12, 0x060B, 0x0000, 0x1202, 0x0602, 0x0006, 0x0000, 0x0200,
    0x0300, 0x0012, 0x060C, 0x060B, 0x0000, 0x0000, 0x140C, 0x060B, 0x0006, 0x0000, 0x140C, 0x0206,
    0x0006, 0x0000, 0x1414, 0x0302, 0x0002, 0x0000, 0x1616, 0x0206, 0x0212, 0x0000, 0x0B0B, 0x0206,
    0x0212, 0x0000, 0x0606, 0x0206, 0x1203, 0x0002, 0x1203, 0x0000, 0x0202, 0x0000, 0x0000, 0x0600,
    0x060B, 0x0C0C, 0x0000, 0x0600, 0x150B, 0x0C0C, 0x0000, 0x0000, 0x1406, 0x0C0C, 0x0000, 0x0000,
    0x1502, 0x1414, 0x0000, 0x0200, 0x1603, 0x1606, 0x0000, 0x0302, 0x0B12, 0x060B, 0x0000, 0x1202,
    0x0602, 0x0006, 0x0000, 0x0200, 0x0300, 0x0012, 0x060C, 0x060B, 0x0000, 0x0000, 0x060C, 0x0B0B,
    0x0006, 0x0000, 0x140C, 0x0206, 0x0000, 0x0000, 0x1514, 0x0302, 0x0002, 0x0000, 0x1616, 0x0206,
    0x0212, 0x0000, 0x0B0B, 0x0206, 0x0212, 0x0000, 0x0606, 0x0206, 0x1203, 0x0002, 0x1203, 0x0000,
    0x0202, 0x0000, 0x0000, 0x0000, 0x060B, 0x0C0C, 0x0000, 0x0600, 0x0B0B, 0x0C0C, 0x0000, 0x0600,
    0x1506, 0x0C0C, 0x0000, 0x0000, 0x1502, 0x140C, 0x0000, 0x0200, 0x1503, 0x1614, 0x0000, 0x0302,
    0x0B12, 0x060B, 0x0000, 0x1202, 0x0602, 0x0006, 0x0000, 0x0200, 0x0300, 0x0012, 0x060C, 0x060B,
    0x0000, 0x0000, 0x140C, 0x0B0B, 0x0006, 0x0000, 0x140C, 0x0606, 0x0000, 0x0000, 0x1514, 0x0302,
    0x0002, 0x0000, 0x1616, 0x0206, 0x0212, 0x0000, 0x0B0B, 0x0206, 0x0212, 0x0000, 0x0606, 0x0206,
    0x1203, 0x0002, 0x1203, 0x0000, 0x0202, 0x0000, 0x0000, 0x0000, 0x0600, 0x0016, 0x0000, 0x0000,
    0x0600, 0x0016, 0x0000, 0x0000, 0x0600, 0x1616, 0x0000, 0x0000, 0x0000, 0x1606, 0x0000, 0x0000,
    0x0000, 0x1606, 0x0000, 0x0000, 0x0000, 0x1606, 0x0000, 0x0000, 0x0900, 0x0809, 0x0000, 0x0000,
    0x0900, 0x1109, 0x1616, 0x0000, 0x0000, 0x0000, 0x1606, 0x0000, 0x0000, 0x0000, 0x1606, 0x0016,
    0x0000, 0x0000, 0x0600, 0x0016, 0x0000, 0x0000, 0x0600, 0x0006, 0x0000, 0x0000, 0x0600, 0x0006,
    0x0000, 0x0000, 0x0909, 0x0008, 0x0000, 0x0000, 0x0909, 0x0011, 0x0000, 0x0000, 0x0000, 0x0000,
    0x0600, 0x0016, 0x0000, 0x0000, 0x0600, 0x0016, 0x0000, 0x0000, 0x0600, 0x1616, 0x0000, 0x0000,
    0x0000, 0x1606, 0x0000, 0x0000, 0x0000, 0x1606, 0x0000, 0x0000, 0x0000, 0x1606, 0x0000, 0x0000,
    0x0900, 0x0809, 0x0000, 0x0000, 0x0900, 0x1109, 0x1616, 0x0000, 0x0000, 0x0000, 0x1606, 0x0000,
    0x0000, 0x0000, 0x1606, 0x0016, 0x0000, 0x0000, 0x0600, 0x0016, 0x0000, 0x0000, 0x0600, 0x0006,
    0x0000, 0x0000, 0x0600, 0x0006, 0x0000, 0x0000, 0x0909, 0x0008, 0x0000, 0x0000, 0x0909, 0x0011,
    0x0000, 0x0000, 0x0000, 0x0000, 0x0600, 0x0016, 0x0000, 0x0000, 0x0600, 0x0016, 0x0000, 0x0000,
    0x0600, 0x1616, 0x0000, 0x0000, 0x0000, 0x1606, 0x0000, 0x0000, 0x0000, 0x1606, 0x0000, 0x0000,
    0x0000, 0x1606, 0x0000, 0x0000, 0x0900, 0x0809, 0x0000, 0x0000, 0x0900, 0x1109, 0x1616, 0x0000,
    0x0000, 0x0000, 0x1606, 0x0000, 0x0000, 0x0000, 0x1606, 0x0016, 0x0000, 0x0000, 0x0600, 0x0016,
    0x0000, 0x0000, 0x0600, 0x0006, 0x0000, 0x0000, 0x0600, 0x0006, 0x0000, 0x0000, 0x0909, 0x0008,
    0x0000, 0x0000, 0x0909, 0x0011, 0x0000, 0x0000, 0x0000, 0x0000, 0x0600, 0x0016, 0x0000, 0x0000,
    0x0600, 0x0016, 0x0000, 0x0000, 0x0600, 0x1616, 0x0000, 0x0000, 0x0000, 0x1606, 0x0000, 0x0000,
    0x0000, 0x1606, 0x0000, 0x0000, 0x0000, 0x1606, 0x0000, 0x0000, 0x0900, 0x0809, 0x0000, 0x0000,
    0x0900, 0x1109, 0x1616, 0x0000, 0x0000, 0x0000, 0x1606, 0x0000, 0x0000, 0x0000, 0x1606, 0x0016,
    0x0000, 0x0000, 0x0600, 0x0016, 0x0000, 0x0000, 0x0600, 0x0006, 0x0000, 0x0000, 0x0600, 0x0006,
    0x0000, 0x0000, 0x0909, 0x0008, 0x0000, 0x0000, 0x0909, 0x0011, 0x0000, 0x0000, 0x0000, 0x0000,
    0x0600, 0x0016, 0x0000, 0x0000, 0x0600, 0x0016, 0x0000, 0x0000, 0x0600, 0x1616, 0x0000, 0x0000,
    0x0000, 0x1606, 0x0000, 0x0000, 0x0000, 0x1606, 0x0000, 0x0000, 0x0000, 0x1606, 0x0000, 0x0000,
    0x0900, 0x0809, 0x0000, 0x0000, 0x0900, 0x1109, 0x1616, 0x0000, 0x0000, 0x0000, 0x1606, 0x0000,
    0x0000, 0x0000, 0x1606, 0x0016, 0x0000, 0x0000, 0x0600, 0x0016, 0x0000, 0x0000, 0x0600, 0x0006,
    0x0000, 0x0000, 0x0600, 0x0006, 0x0000, 0x0000, 0x0909, 0x0008, 0x0000, 0x0000, 0x0909, 0x0011,
    0x0000, 0x0000, 0x0000, 0x0000, 0x0600, 0x0016, 0x0000, 0x0000, 0x0600, 0x0016, 0x0000, 0x0000,
    0x0600, 0x1616, 0x0000, 0x0000, 0x0000, 0x1606, 0x0000, 0x0000, 0x0000, 0x1606, 0x0000, 0x0000,
    0x0000, 0x1606, 0x0000, 0x0000, 0x0900, 0x0809, 0x0000, 0x0000, 0x0900, 0x1109, 0x1616, 0x0000,
    0x0000, 0x0000, 0x1606, 0x0000, 0x0000, 0x0000, 0x1606, 0x0016, 0x0000, 0x0000, 0x0600, 0x0016,
    0x0000, 0x0000, 0x0600, 0x0006, 0x0000, 0x0000, 0x0600, 0x0006, 0x0000, 0x0000, 0x0909, 0x0008,
    0x0000, 0x0000, 0x0909, 0x0011, 0x0000, 0x0000, 0x0000, 0x0000, 0x0600, 0x0016, 0x0000, 0x0000,
    0x0600, 0x0016, 0x0000, 0x0000, 0x0600, 0x1616, 0x0000, 0x0000, 0x0000, 0x1606, 0x0000, 0x0000,
    0x0000, 0x1606, 0x0000, 0x0000, 0x0000, 0x1606, 0x0000, 0x0000, 0x0900, 0x0809, 0x0000, 0x0000,
    0x0900, 0x1109, 0x1616, 0x0000, 0x0000, 0x0000, 0x1606, 0x0000, 0x0000, 0x0000, 0x1606, 0x0016,
    0x0000, 0x0000, 0x0600, 0x0016, 0x0000, 0x0000, 0x0600, 0x0006, 0x0000, 0x0000, 0x0600, 0x0006,
    0x0000, 0x0000, 0x0909, 0x0008, 0x0000, 0x0000, 0x0909, 0x0011, 0x0000, 0x0000, 0x0000, 0x0000,
    0x0600, 0x0016, 0x0000, 0x0000, 0x0600, 0x0016, 0x0000, 0x0000, 0x0600, 0x1616, 0x0000, 0x0000,
    0x0000, 0x1606, 0x0000, 0x0000, 0x0000, 0x1606, 0x0000, 0x0000, 0x0000, 0x1606, 0x0000, 0x0000,
    0x0900, 0x0809, 0x0000, 0x0000, 0x0900, 0x1109, 0x1616, 0x0000, 0x0000, 0x0000, 0x1606, 0x0000,
    0x0000, 0x0000, 0x1606, 0x0016, 0x0000, 0x0000, 0x0600, 0x0016, 0x0000, 0x0000, 0x0600, 0x0006,
    0x0000, 0x0000, 0x0600, 0x0006, 0x0000, 0x0000, 0x0909, 0x0008, 0x0000, 0x0000, 0x0909, 0x0011,
    0x0000, 0x0000, 0x0000, 0x0000, 0x0800, 0x0808, 0x0000, 0x0800, 0x0708, 0x0707, 0x0000, 0x0708,
    0x0707, 0x0707, 0x0000, 0x0708, 0x1107, 0x0707, 0x0800, 0x0707, 0x0711, 0x0807, 0x0800, 0x0707,
    0x0711, 0x1208, 0x0800, 0x0707, 0x1307, 0x1212, 0x0800, 0x0707, 0x0208, 0x1212, 0x0808, 0x0008,
    0x0000, 0x0000, 0x0707, 0x0807, 0x0008, 0x0000, 0x0707, 0x0707, 0x0807, 0x0000, 0x0808, 0x0707,
    0x0707, 0x0008, 0x1212, 0x0708, 0x0711, 0x0008, 0x1212, 0x0708, 0x1107, 0x0008, 0x1313, 0x0813,
    0x0707, 0x0008, 0x0202, 0x0802, 0x0708, 0x0008, 0x0000, 0x0000, 0x0000, 0x0000, 0x0000, 0x0000,
    0x0800, 0x0808, 0x0000, 0x0000, 0x0708, 0x0707, 0x0000, 0x0800, 0x0707, 0x0707, 0x0000, 0x0708,
    0x1107, 0x0707, 0x0800, 0x0707, 0x0711, 0x0807, 0x0800, 0x0707, 0x0711, 0x1208, 0x0800, 0x0707,
    0x1307, 0x1212, 0x0000, 0x0000, 0x0000, 0x0000, 0x0808, 0x0008, 0x0000, 0x0000, 0x0707, 0x0807,
    0x0008, 0x0000, 0x0707, 0x0707, 0x0807, 0x0000, 0x0808, 0x0707, 0x0707, 0x0008, 0x1212, 0x0708,
    0x0711, 0x0008, 0x1212, 0x0708, 0x1107, 0x0008, 0x1313, 0x0813, 0x0707, 0x0008, 0x0000, 0x0000,
    0x0000, 0x0808, 0x0000, 0x0000, 0x0808, 0x0707, 0x0000, 0x0800, 0x0707, 0x0707, 0x0000, 0x0708,
    0x1107, 0x0707, 0x0000, 0x0708, 0x0711, 0x0807, 0x0800, 0x0707, 0x0711, 0x1208, 0x0800, 0x0707,
    0x1307, 0x1212, 0x0800, 0x0707, 0x0208, 0x1212, 0x0808, 0x0008, 0x0000, 0x0000, 0x0707, 0x0807,
    0x0008, 0x0000, 0x0707, 0x0707, 0x0807, 0x0000, 0x0808, 0x0707, 0x0707, 0x0008, 0x1212, 0x0708,
    0x0711, 0x0008, 0x1212, 0x0708, 0x1107, 0x0008, 0x1313, 0x0813, 0x0707, 0x0008, 0x0202, 0x0802,
    0x0708, 0x0008, 0x0000, 0x0000, 0x0800, 0x0808, 0x0000, 0x0000, 0x0708, 0x0707, 0x0000, 0x0800,
    0x0707, 0x0707, 0x0000, 0x0708, 0x1107, 0x0707, 0x0800, 0x0707, 0x0711, 0x0807, 0x0800, 0x0707,
    0x0711, 0x1208, 0x0800, 0x0707, 0x1307, 0x1212, 0x0800, 0x0707, 0x0208, 0x1212, 0x0808, 0x0008,
    0x0000, 0x0000, 0x0707, 0x0807, 0x0008, 0x0000, 0x0707, 0x0707, 0x0807, 0x0000, 0x0808, 0x0707,
    0x0707, 0x0008, 0x1212, 0x0708, 0x0711, 0x0008, 0x1212, 0x0708, 0x1107, 0x0008, 0x1313, 0x0813,
    0x0707, 0x0008, 0x0202, 0x0802, 0x0708, 0x0008, 0x0000, 0x0000, 0x0000, 0x0000, 0x0000, 0x0000,
    0x0800, 0x0808, 0x0000, 0x0000, 0x0708, 0x0707, 0x0000, 0x0800, 0x0707, 0x0707, 0x0000, 0x0708,
    0x1107, 0x0707, 0x0800, 0x0707, 0x0711, 0x0807, 0x0800, 0x0707, 0x0711, 0x1208, 0x0800, 0x0707,
    0x1307, 0x1212, 0x0000, 0x0000, 0x0000, 0x0000, 0x0808, 0x0008, 0x0000, 0x0000, 0x0707, 0x0807,
    0x0008, 0x0000, 0x0707, 0x0707, 0x0807, 0x0000, 0x0808, 0x0707, 0x0707, 0x0008, 0x1212, 0x0708,
    0x0711, 0x0008, 0x1212, 0x0708, 0x1107, 0x0008, 0x1313, 0x0813, 0x0707, 0x0008, 0x0000, 0x0000,
    0x0000, 0x0808, 0x0000, 0x0000, 0x0808, 0x0707, 0x0000, 0x0800, 0x0707, 0x0707, 0x0000, 0x0708,
    0x1107, 0x0707, 0x0000, 0x0708, 0x0711, 0x0807, 0x0800, 0x0707, 0x0711, 0x1208, 0x0800, 0x0707,
    0x1307, 0x1212, 0x0800, 0x0707, 0x0208, 0x1212, 0x0808, 0x0008, 0x0000, 0x0000, 0x0707, 0x0807,
    0x0008, 0x0000, 0x0707, 0x0707, 0x0807, 0x0000, 0x0808, 0x0707, 0x0707, 0x0008, 0x1212, 0x0708,
    0x0711, 0x0008, 0x1212, 0x0708, 0x1107, 0x0008, 0x1313, 0x0813, 0x0707, 0x0008, 0x0202, 0x0802,
    0x0708, 0x0008, 0x0000, 0x0000, 0x0000, 0x0000, 0x0000, 0x0000, 0x0000, 0x0000, 0x0000, 0x0000,
    0x0000, 0x0000, 0x0000, 0x0000, 0x0000, 0x0000, 0x0000, 0x0000, 0x0000, 0x0000, 0x0000, 0x0000,
    0x0000, 0x0000, 0x0000, 0x0000, 0x0000, 0x0000, 0x0000, 0x0000, 0x0000, 0x0000, 0x0000, 0x0000,
    0x0000, 0x0000, 0x0000, 0x0000, 0x0000, 0x0000, 0x0000, 0x0000, 0x0000, 0x0000, 0x0000, 0x0000,
    0x0000, 0x0000, 0x0000, 0x0000, 0x0000, 0x0000, 0x0000, 0x0000, 0x0000, 0x0000, 0x0000, 0x0000,
    0x0000, 0x0000, 0x0000, 0x0000, 0x0000, 0x0000, 0x0000, 0x0000, 0x0000, 0x0000, 0x0000, 0x0000,
    0x0000, 0x0000, 0x0000, 0x0000, 0x0000, 0x0000, 0x0000, 0x0000, 0x0000, 0x0000, 0x0000, 0x0000,
    0x0000, 0x0000, 0x0000, 0x0000, 0x0000, 0x0000, 0x0000, 0x0000, 0x0000, 0x0000, 0x0000, 0x0000,
    0x0000, 0x0000, 0x0000, 0x0000, 0x0000, 0x0000, 0x0000, 0x0000, 0x0000, 0x0000, 0x0000, 0x0000,
    0x0000, 0x0000, 0x0000, 0x0000, 0x0000, 0x0000, 0x0000, 0x0000, 0x0000, 0x0000, 0x0000, 0x0000,
    0x0000, 0x0000, 0x0000, 0x0000, 0x0000, 0x0000, 0x0000, 0x0000, 0x0000, 0x0000, 0x0800, 0x0807,
    0x0609, 0x1212, 0x0800, 0x0807, 0x0609, 0x1212, 0x0800, 0x0808, 0x1212, 0x1212, 0x0000, 0x0808,
    0x1212, 0x0606, 0x0000, 0x1313, 0x1202, 0x1212, 0x0000, 0x0013, 0x0200, 0x0202, 0x0000, 0x0000,
    0x0000, 0x0306, 0x0000, 0x0000, 0x0600, 0x0B06, 0x0606, 0x0809, 0x0808, 0x0008, 0x0606, 0x1209,
    0x0808, 0x0008, 0x1212, 0x1212, 0x0813, 0x0008, 0x1212, 0x1313, 0x0813, 0x0008, 0x0612, 0x1306,
    0x0000, 0x0013, 0x0602, 0x1313, 0x0000, 0x0000, 0x0603, 0x0006, 0x0000, 0x0000, 0x0B0B, 0x060B,
    0x0000, 0x0000, 0x0800, 0x0707, 0x0208, 0x1212, 0x0800, 0x0807, 0x0609, 0x1212, 0x0800, 0x0807,
    0x0609, 0x1212, 0x0800, 0x0808, 0x1212, 0x1212, 0x0800, 0x0808, 0x1212, 0x0606, 0x0800, 0x0013,
    0x1202, 0x1212, 0x0000, 0x0013, 0x0200, 0x0202, 0x0000, 0x0000, 0x0000, 0x0306, 0x0202, 0x0802,
    0x0708, 0x0008, 0x0606, 0x0809, 0x0808, 0x0008, 0x0606, 0x1209, 0x0808, 0x0008, 0x1212, 0x1212,
    0x0813, 0x0000, 0x1212, 0x1313, 0x0813, 0x0000, 0x0612, 0x1306, 0x1300, 0x0000, 0x0602, 0x1313,
    0x0000, 0x0000, 0x0603, 0x0006, 0x0000, 0x0000, 0x0800, 0x0807, 0x0609, 0x1212, 0x0800, 0x0807,
    0x0609, 0x1212, 0x0800, 0x0808, 0x1212, 0x1212, 0x0800, 0x0808, 0x1212, 0x0606, 0x0000, 0x1308,
    0x1202, 0x1212, 0x0000, 0x1300, 0x0200, 0x0202, 0x0000, 0x0000, 0x0000, 0x0306, 0x0000, 0x0000,
    0x0600, 0x0B06, 0x0606, 0x0809, 0x0808, 0x0008, 0x0606, 0x1209, 0x0808, 0x0008, 0x1212, 0x1212,
    0x0813, 0x0008, 0x1212, 0x1313, 0x0813, 0x0000, 0x0612, 0x1306, 0x1300, 0x0000, 0x0602, 0x1313,
    0x0000, 0x0000, 0x0603, 0x0006, 0x0000, 0x0000, 0x0B0B, 0x060B, 0x0000, 0x0000, 0x0800, 0x0807,
    0x0609, 0x1212, 0x0800, 0x0807, 0x0609, 0x1212, 0x0800, 0x0808, 0x1212, 0x1212, 0x0800, 0x0008,
    0x1212, 0x0606, 0x0000, 0x0013, 0x1202, 0x1212, 0x0000, 0x0013, 0x0200, 0x0202, 0x0000, 0x0000,
    0x0000, 0x0306, 0x0000, 0x0000, 0x0600, 0x0B06, 0x0606, 0x0809, 0x0808, 0x0008, 0x0606, 0x1209,
    0x0808, 0x0008, 0x1212, 0x1212, 0x0813, 0x0008, 0x1212, 0x1313, 0x0813, 0x0008, 0x0612, 0x1306,
    0x0000, 0x0013, 0x0602, 0x1313, 0x0000, 0x0000, 0x0603, 0x0006, 0x0000, 0x0000, 0x0B0B, 0x060B,
    0x0000, 0x0000, 0x0800, 0x0707, 0x0208, 0x1212, 0x0800, 0x0807, 0x0609, 0x1212, 0x0800, 0x0807,
    0x0609, 0x1212, 0x0800, 0x0808, 0x1212, 0x1212, 0x0800, 0x0808, 0x1212, 0x0606, 0x0800, 0x0013,
    0x1202, 0x1212, 0x0000, 0x0013, 0x0200, 0x0202, 0x0000, 0x0000, 0x0000, 0x0306, 0x0202, 0x0802,
    0x0707, 0x0008, 0x0606, 0x0809, 0x0708, 0x0008, 0x0606, 0x1209, 0x0808, 0x0008, 0x1212, 0x1212,
    0x0813, 0x0008, 0x1212, 0x1313, 0x0813, 0x0008, 0x0612, 0x1306, 0x0000, 0x0013, 0x0602, 0x1313,
    0x0000, 0x0000, 0x0603, 0x0006, 0x0000, 0x0000, 0x0800, 0x0807, 0x0609, 0x1212, 0x0800, 0x0807,
    0x0609, 0x1212, 0x0800, 0x0808, 0x1212, 0x1212, 0x0800, 0x0808, 0x1212, 0x0606, 0x0000, 0x1308,
    0x1202, 0x1212, 0x0000, 0x1300, 0x0200, 0x0202, 0x0000, 0x0000, 0x0000, 0x0306, 0x0000, 0x0000,
    0x0600, 0x0B06, 0x0606, 0x0809, 0x0808, 0x0008, 0x0606, 0x1209, 0x0808, 0x0008, 0x1212, 0x1212,
    0x0813, 0x0000, 0x1212, 0x1313, 0x0813, 0x0000, 0x0612, 0x1306, 0x1300, 0x0000, 0x0602, 0x1313,
    0x0000, 0x0000, 0x0603, 0x0006, 0x0000, 0x0000, 0x0B0B, 0x060B, 0x0000, 0x0000, 0x0000, 0x0000,
    0x0000, 0x0000, 0x0000, 0x0000, 0x0000, 0x0000, 0x0000, 0x0000, 0x0000, 0x0000, 0x0000, 0x0000,
    0x0000, 0x0000, 0x0000, 0x0000, 0x0000, 0x0000, 0x0000, 0x0000, 0x0000, 0x0000, 0x0000, 0x0000,
    0x0000, 0x0000, 0x0000, 0x0000, 0x0000, 0x0000, 0x0000, 0x0000, 0x0000, 0x0000, 0x0000, 0x0000,
    0x0000, 0x0000, 0x0000, 0x0000, 0x0000, 0x0000, 0x0000, 0x0000, 0x0000, 0x0000, 0x0000, 0x0000,
    0x0000, 0x0000, 0x0000, 0x0000, 0x0000, 0x0000, 0x0000, 0x0000, 0x0000, 0x0000, 0x0000, 0x0000,
    0x0000, 0x0000, 0x0000, 0x0000, 0x0000, 0x0000, 0x0000, 0x0000, 0x0000, 0x0000, 0x0000, 0x0000,
    0x0000, 0x0000, 0x0000, 0x0000, 0x0000, 0x0000, 0x0000, 0x0000, 0x0000, 0x0000, 0x0000, 0x0000,
    0x0000, 0x0000, 0x0000, 0x0000, 0x0000, 0x0000, 0x0000, 0x0000, 0x0000, 0x0000, 0x0000, 0x0000,
    0x0000, 0x0000, 0x0000, 0x0000, 0x0000, 0x0000, 0x0000, 0x0000, 0x0000, 0x0000, 0x0000, 0x0000,
    0x0000, 0x0000, 0x0000, 0x0000, 0x0000, 0x0000, 0x0000, 0x0000, 0x0000, 0x0000, 0x0000, 0x0000,
    0x0000, 0x0000, 0x0000, 0x0000, 0x0000, 0x0000, 0x0000, 0x0000, 0x0600, 0x0C0C, 0x0000, 0x0000,
    0x0B0B, 0x0C0C, 0x0000, 0x0000, 0x0B06, 0x0C0C, 0x0000, 0x0000, 0x1500, 0x1414, 0x0000, 0x0000,
    0x0B02, 0x140B, 0x0000, 0x0000, 0x0603, 0x0606, 0x0000, 0x0000, 0x0300, 0x0012, 0x0000, 0x0000,
    0x0600, 0x0016, 0x060C, 0x060B, 0x0000, 0x0000, 0x140C, 0x0B0B, 0x0006, 0x0000, 0x140C, 0x0606,
    0x0006, 0x0000, 0x1414, 0x0302, 0x0000, 0x0000, 0x1615, 0x0302, 0x0000, 0x0000, 0x0B0B, 0x1202,
    0x0002, 0x0000, 0x0606, 0x0302, 0x0212, 0x0000, 0x1203, 0x0200, 0x0002, 0x0000, 0x0000, 0x0000,
    0x0600, 0x0B06, 0x0000, 0x0000, 0x060B, 0x0C0C, 0x0000, 0x0000, 0x0B0B, 0x0C0C, 0x0000, 0x0000,
    0x0B06, 0x0C0C, 0x0000, 0x0000, 0x1502, 0x1414, 0x0000, 0x0000, 0x0B0B, 0x140B, 0x0000, 0x0000,
    0x0B06, 0x060B, 0x0000, 0x0000, 0x1203, 0x0006, 0x0B0B, 0x060B, 0x0000, 0x0000, 0x060C, 0x060B,
    0x0000, 0x0000, 0x140C, 0x0B0B, 0x0006, 0x0000, 0x140C, 0x0606, 0x0006, 0x0000, 0x1414, 0x0302,
    0x0002, 0x0000, 0x1615, 0x0206, 0x0212, 0x0000, 0x0B0B, 0x0206, 0x0212, 0x0000, 0x0606, 0x0206,
    0x1203, 0x0002, 0x0000, 0x0000, 0x060B, 0x0C0C, 0x0000, 0x0600, 0x0B06, 0x0C0C, 0x0000, 0x0000,
    0x0B02, 0x0C0C, 0x0000, 0x0000, 0x1502, 0x1414, 0x0000, 0x0000, 0x0B0B, 0x060B, 0x0000, 0x0300,
    0x0B06, 0x060B, 0x0000, 0x0200, 0x0606, 0x0006, 0x0000, 0x0000, 0x0300, 0x0012, 0x060C, 0x060B,
    0x0000, 0x0000, 0x140C, 0x0B0B, 0x0006, 0x0000, 0x140C, 0x0206, 0x0002, 0x0000, 0x1414, 0x0015,
    0x0203, 0x0000, 0x1616, 0x0006, 0x0212, 0x0000, 0x0606, 0x0006, 0x1202, 0x0002, 0x1203, 0x0000,
    0x0302, 0x0002, 0x1616, 0x0000, 0x0200, 0x0000, 0x0000, 0x0000, 0x060B, 0x0C0C, 0x0000, 0x0600,
    0x0B06, 0x0C0C, 0x0000, 0x0000, 0x0B02, 0x0C0C, 0x0000, 0x0200, 0x1503, 0x1414, 0x0000, 0x0302,
    0x0B0B, 0x060B, 0x0000, 0x0200, 0x0B06, 0x060B, 0x0000, 0x0000, 0x0606, 0x0306, 0x0000, 0x0000,
    0x0300, 0x1612, 0x060C, 0x060B, 0x0000, 0x0000, 0x140C, 0x0B0B, 0x0006, 0x0000, 0x140C, 0x0206,
    0x0203, 0x0000, 0x1414, 0x0015, 0x0212, 0x0000, 0x1616, 0x0006, 0x1203, 0x0002, 0x0606, 0x0006,
    0x0202, 0x0000, 0x0012, 0x0000, 0x0000, 0x0000, 0x0016, 0x0000, 0x0000, 0x0000, 0x0000, 0x0000,
    0x0600, 0x0B0B, 0x0000, 0x0000, 0x1506, 0x0C0C, 0x0000, 0x0600, 0x150B, 0x0C0C, 0x0000, 0x0200,
    0x1503, 0x0C0C, 0x0000, 0x1202, 0x1502, 0x1515, 0x0200, 0x0312, 0x0B02, 0x160B, 0x0000, 0x0202,
    0x0600, 0x0306, 0x0000, 0x0000, 0x0300, 0x1603, 0x0B0B, 0x060B, 0x0000, 0x0000, 0x060C, 0x060B,
    0x0000, 0x0000, 0x140C, 0x0B0B, 0x0006, 0x0000, 0x1514, 0x0206, 0x0203, 0x0000, 0x1615, 0x0000,
    0x0302, 0x0002, 0x1616, 0x0006, 0x1203, 0x0002, 0x0312, 0x0000, 0x0202, 0x0000, 0x0016, 0x0000,
    0x0000, 0x0000, 0x0000, 0x0000, 0x060B, 0x0C0C, 0x0000, 0x0600, 0x0B0B, 0x0C0C, 0x0000, 0x0600,
    0x0B06, 0x0C0C, 0x0000, 0x0000, 0x1502, 0x1414, 0x0000, 0x0200, 0x0B03, 0x1514, 0x0000, 0x0302,
    0x0612, 0x0B06, 0x0000, 0x1202, 0x0602, 0x0606, 0x0000, 0x0200, 0x0000, 0x0306, 0x060C, 0x060B,
    0x0000, 0x0000, 0x140C, 0x0B0B, 0x0006, 0x0000, 0x140C, 0x0606, 0x0006, 0x0000, 0x1414, 0x0302,
    0x0002, 0x0000, 0x0616, 0x0200, 0x0212, 0x0000, 0x060B, 0x0200, 0x0212, 0x0000, 0x0606, 0x0200,
    0x1203, 0x0002, 0x0012, 0x0000, 0x0202, 0x0000, 0x0000, 0x0000, 0x0000, 0x0000, 0x0000, 0x0000,
    0x0000, 0x0000, 0x0000, 0x0000, 0x0000, 0x0000, 0x0000, 0x0000, 0x0000, 0x0000, 0x0000, 0x0000,
    0x0000, 0x0000, 0x0000, 0x0000, 0x0000, 0x0000, 0x0000, 0x0000, 0x0000, 0x0000, 0x0000, 0x0000,
    0x0000, 0x0000, 0x0000, 0x0000, 0x0000, 0x0000, 0x0000, 0x0000, 0x0000, 0x0000, 0x0000, 0x0000,
    0x0000, 0x0000, 0x0000, 0x0000, 0x0000, 0x0000, 0x0000, 0x0000, 0x0000, 0x0000, 0x0000, 0x0000,
    0x0000, 0x0000, 0x0000, 0x0000, 0x0000, 0x0000, 0x0000, 0x0000, 0x0000, 0x0000, 0x0000, 0x0000,
    0x0000, 0x0000, 0x0000, 0x0000, 0x0000, 0x0000, 0x0000, 0x0000, 0x0000, 0x0000, 0x0000, 0x0000,
    0x0000, 0x0000, 0x0000, 0x0000, 0x0000, 0x0000, 0x0000, 0x0000, 0x0000, 0x0000, 0x0000, 0x0000,
    0x0000, 0x0000, 0x0000, 0x0000, 0x0000, 0x0000, 0x0000, 0x0000, 0x0000, 0x0000, 0x0000, 0x0000,
    0x0000, 0x0000, 0x0000, 0x0000, 0x0000, 0x0000, 0x0000, 0x0000, 0x0000, 0x0000, 0x0000, 0x0000,
    0x0000, 0x0000, 0x0000, 0x0000, 0x0000, 0x0000, 0x0000, 0x0000, 0x0000, 0x0000, 0x0000, 0x0000,
    0x0000, 0x0000, 0x0000, 0x0000, 0x0600, 0x0016, 0x0000, 0x0000, 0x0600, 0x1616, 0x0000, 0x0000,
    0x0000, 0x1600, 0x0000, 0x0000, 0x0000, 0x0900, 0x0000, 0x0000, 0x0000, 0x0900, 0x0000, 0x0000,
    0x0000, 0x0000, 0x0000, 0x0000, 0x0000, 0x0000, 0x0000, 0x0000, 0x0000, 0x0000, 0x1616, 0x0000,
    0x0000, 0x0000, 0x1606, 0x0000, 0x0000, 0x0000, 0x1606, 0x0016, 0x0000, 0x0000, 0x0611, 0x0016,
    0x0000, 0x0000, 0x0609, 0x0006, 0x0000, 0x0000, 0x0600, 0x0006, 0x0000, 0x0000, 0x0909, 0x0008,
    0x0000, 0x0000, 0x0909, 0x0011, 0x0000, 0x0000, 0x0000, 0x0000, 0x1606, 0x0000, 0x0000, 0x0600,
    0x1616, 0x0000, 0x0000, 0x0600, 0x0016, 0x0000, 0x0000, 0x0000, 0x1606, 0x0000, 0x0000, 0x0900,
    0x0809, 0x0000, 0x0000, 0x0900, 0x1109, 0x0000, 0x0000, 0x0000, 0x0000, 0x0000, 0x0000, 0x0000,
    0x0000, 0x0000, 0x0300, 0x0012, 0x0202, 0x0000, 0x1600, 0x0016, 0x0000, 0x0000, 0x0600, 0x0016,
    0x0000, 0x0000, 0x0600, 0x1616, 0x0000, 0x0000, 0x0000, 0x0606, 0x0000, 0x0000, 0x0000, 0x0606,
    0x0000, 0x0000, 0x0900, 0x0809, 0x0000, 0x0000, 0x0900, 0x1109, 0x0000, 0x0000, 0x0000, 0x0000,
    0x1600, 0x0016, 0x0000, 0x0000, 0x0600, 0x0016, 0x0000, 0x0000, 0x0600, 0x0016, 0x0000, 0x0000,
    0x0600, 0x0016, 0x0000, 0x0000, 0x0600, 0x0006, 0x0000, 0x0000, 0x0600, 0x0006, 0x0000, 0x0000,
    0x0909, 0x0008, 0x0000, 0x0000, 0x0909, 0x0011, 0x1606, 0x0016, 0x0000, 0x0000, 0x0600, 0x1616,
    0x0000, 0x0000, 0x0000, 0x1616, 0x0000, 0x0000, 0x0000, 0x0606, 0x0000, 0x0000, 0x0000, 0x0808,
    0x0000, 0x0000, 0x0900, 0x1109, 0x0000, 0x0000, 0x0900, 0x0009, 0x0000, 0x0000, 0x0000, 0x0000,
    0x0000, 0x0000, 0x0000, 0x0000, 0x1600, 0x0616, 0x0000, 0x0000, 0x0600, 0x0016, 0x0000, 0x0000,
    0x0000, 0x1606, 0x0000, 0x0000, 0x0000, 0x1606, 0x0000, 0x0000, 0x0000, 0x0606, 0x0000, 0x0000,
    0x0000, 0x0606, 0x0000, 0x0000, 0x0900, 0x0809, 0x0000, 0x0000, 0x0900, 0x1109, 0x1616, 0x0000,
    0x0000, 0x0000, 0x1606, 0x0016, 0x0000, 0x0000, 0x1600, 0x0016, 0x0000, 0x0000, 0x0909, 0x0008,
    0x0000, 0x0000, 0x0909, 0x0011, 0x0000, 0x0000, 0x0000, 0x0000, 0x0000, 0x0000, 0x0000, 0x0000,
    0x0000, 0x0000, 0x0000, 0x0000, 0x0000, 0x0000, 0x0000, 0x0000, 0x0600, 0x1606, 0x0000, 0x0000,
    0x0600, 0x1606, 0x0000, 0x0000, 0x0000, 0x1606, 0x0000, 0x0000, 0x0000, 0x0606, 0x0000, 0x0000,
    0x0900, 0x0809, 0x0000, 0x0000, 0x0900, 0x1109, 0x0000, 0x0000, 0x0000, 0x0000, 0x0000, 0x0000,
    0x0000, 0x0000, 0x0016, 0x0000, 0x0000, 0x0000, 0x0000, 0x0000, 0x0000, 0x0000, 0x0006, 0x0000,
    0x0000, 0x0000, 0x0606, 0x0000, 0x0000, 0x0000, 0x0606, 0x0000, 0x0000, 0x0000, 0x1108, 0x0000,
    0x0000, 0x0000, 0x0909, 0x0000, 0x0000, 0x0000, 0x0909, 0x0000, 0x0000, 0x0000, 0x0000, 0x0000,
    0x0000, 0x1603, 0x0000, 0x0000, 0x0000, 0x0606, 0x0000, 0x0000, 0x0000, 0x0600, 0x0000, 0x0000,
    0x0000, 0x0000, 0x0000, 0x0000, 0x0000, 0x0000, 0x0000, 0x0000, 0x0000, 0x0000, 0x0000, 0x0000,
    0x0000, 0x0900, 0x0000, 0x0000, 0x0000, 0x0900, 0x0016, 0x0000, 0x0000, 0x0000, 0x0016, 0x0000,
    0x0000, 0x0000, 0x1616, 0x0000, 0x0000, 0x0000, 0x1606, 0x0008, 0x0000, 0x0000, 0x0606, 0x0008,
    0x0000, 0x0000, 0x0606, 0x0011, 0x0000, 0x0000, 0x0809, 0x0000, 0x0000, 0x0000, 0x1109, 0x0000,
    0x0000, 0x0000, 0x0000, 0x0000, 0x0000, 0x0000, 0x0000, 0x0000, 0x0000, 0x0000, 0x0000, 0x0000,
    0x0000, 0x0000, 0x0000, 0x0000, 0x0000, 0x0000, 0x0000, 0x0000, 0x0000, 0x0000, 0x0000, 0x0000,
    0x0000, 0x0000, 0x0000, 0x0000, 0x0000, 0x0000, 0x0000, 0x0000, 0x0000, 0x0000, 0x0000, 0x0000,
    0x0000, 0x0000, 0x0000, 0x0000, 0x0000, 0x0000, 0x0000, 0x0000, 0x0000, 0x0000, 0x0000, 0x0000,
    0x0000, 0x0000, 0x0000, 0x0000, 0x0000, 0x0000, 0x0000, 0x0000, 0x0000, 0x0000, 0x0000, 0x0000,
    0x0000, 0x0000, 0x0000, 0x0000, 0x0000, 0x0000, 0x0000, 0x0000, 0x0000, 0x0000, 0x0000, 0x0000,
    0x0000, 0x0000, 0x0000, 0x0000, 0x0000, 0x0000, 0x0000, 0x0000, 0x0000, 0x0000, 0x0000, 0x0000,
    0x0000, 0x0000, 0x0000, 0x0000, 0x0000, 0x0000, 0x0000, 0x0000, 0x0000, 0x0000, 0x0000, 0x0000,
    0x0000, 0x0000, 0x0000, 0x0000, 0x0000, 0x0000, 0x0000, 0x0000, 0x0000, 0x0000, 0x0000, 0x0000,
    0x0000, 0x0000, 0x0000, 0x0000, 0x0000, 0x0000, 0x0000, 0x0000, 0x0000, 0x0000, 0x0000, 0x0000,
    0x0000, 0x0000, 0x0000, 0x0000, 0x0000, 0x0000, 0x0000, 0x0000, 0x0000, 0x0000, 0x0000, 0x0000,
    0x0800, 0x0808, 0x0000, 0x0000, 0x0708, 0x0707, 0x0000, 0x0800, 0x0707, 0x0707, 0x0000, 0x0708,
    0x1107, 0x0707, 0x0800, 0x0707, 0x0711, 0x0707, 0x0800, 0x0707, 0x0711, 0x0707, 0x0800, 0x0707,
    0x0707, 0x0707, 0x0800, 0x0707, 0x0707, 0x0707, 0x0808, 0x0008, 0x0000, 0x0000, 0x0707, 0x0807,
    0x0008, 0x0000, 0x0707, 0x0707, 0x0807, 0x0000, 0x0707, 0x0707, 0x0707, 0x0008, 0x0707, 0x0707,
    0x0711, 0x0008, 0x0707, 0x0707, 0x1107, 0x0008, 0x0707, 0x0707, 0x0707, 0x0008, 0x0707, 0x0807,
    0x0708, 0x0008, 0x0000, 0x0000, 0x0000, 0x0000, 0x0000, 0x0000, 0x0800, 0x0808, 0x0000, 0x0000,
    0x0708, 0x0707, 0x0000, 0x0800, 0x0707, 0x0707, 0x0000, 0x0708, 0x1107, 0x0707, 0x0800, 0x0707,
    0x0711, 0x0707, 0x0800, 0x0707, 0x0711, 0x0707, 0x0800, 0x0707, 0x0707, 0x0707, 0x0000, 0x0000,
    0x0000, 0x0000, 0x0808, 0x0008, 0x0000, 0x0000, 0x0707, 0x0807, 0x0008, 0x0000, 0x0707, 0x0707,
    0x0807, 0x0000, 0x0707, 0x0707, 0x0707, 0x0008, 0x0707, 0x0707, 0x0711, 0x0008, 0x0707, 0x0707,
    0x1107, 0x0008, 0x0707, 0x0707, 0x0707, 0x0008, 0x0000, 0x0000, 0x0000, 0x0808, 0x0000, 0x0000,
    0x0808, 0x0707, 0x0000, 0x0800, 0x0707, 0x0707, 0x0000, 0x0708, 0x1107, 0x0707, 0x0000, 0x0708,
    0x0711, 0x0707, 0x0800, 0x0707, 0x0711, 0x0707, 0x0800, 0x0707, 0x0707, 0x0707, 0x0800, 0x0707,
    0x0707, 0x0707, 0x0808, 0x0008, 0x0000, 0x0000, 0x0707, 0x0807, 0x0008, 0x0000, 0x0707, 0x0707,
    0x0807, 0x0000, 0x0707, 0x0707, 0x0707, 0x0008, 0x0707, 0x0707, 0x0711, 0x0008, 0x0707, 0x0707,
    0x1107, 0x0008, 0x0707, 0x0707, 0x0707, 0x0008, 0x0707, 0x0807, 0x0708, 0x0008, 0x0000, 0x0000,
    0x0800, 0x0808, 0x0000, 0x0000, 0x0708, 0x0707, 0x0000, 0x0800, 0x0707, 0x0707, 0x0000, 0x0708,
    0x1107, 0x0707, 0x0800, 0x0707, 0x0711, 0x0707, 0x0800, 0x0707, 0x0711, 0x0707, 0x0800, 0x0707,
    0x0707, 0x0707, 0x0800, 0x0707, 0x0707, 0x0707, 0x0808, 0x0008, 0x0000, 0x0000, 0x0707, 0x0807,
    0x0008, 0x0000, 0x0707, 0x0707, 0x0807, 0x0000, 0x0707, 0x0707, 0x0707, 0x0008, 0x0707, 0x0707,
    0x0711, 0x0008, 0x0707, 0x0707, 0x1107, 0x0008, 0x0707, 0x0707, 0x0707, 0x0008, 0x0707, 0x0807,
    0x0708, 0x0008, 0x0000, 0x0000, 0x0000, 0x0000, 0x0000, 0x0000, 0x0800, 0x0808, 0x0000, 0x0000,
    0x0708, 0x0707, 0x0000, 0x0800, 0x0707, 0x0707, 0x0000, 0x0708, 0x1107, 0x0707, 0x0800, 0x0707,
    0x0711, 0x0707, 0x0800, 0x0707, 0x0711, 0x0707, 0x0800, 0x0707, 0x0707, 0x0707, 0x0000, 0x0000,
    0x0000, 0x0000, 0x0808, 0x0008, 0x0000, 0x0000, 0x0707, 0x0807, 0x0008, 0x0000, 0x0707, 0x0707,
    0x0807, 0x0000, 0x0707, 0x0707, 0x0707, 0x0008, 0x0707, 0x0707, 0x0711, 0x0008, 0x0707, 0x0707,
    0x1107, 0x0008, 0x0707, 0x0707, 0x0707, 0x0008, 0x0000, 0x0000, 0x0000, 0x0808, 0x0000, 0x0000,
    0x0808, 0x0707, 0x0000, 0x0800, 0x0707, 0x0707, 0x0000, 0x0708, 0x1107, 0x0707, 0x0000, 0x0708,
    0x0711, 0x0707, 0x0800, 0x0707, 0x0711, 0x0707, 0x0800, 0x0707, 0x0707, 0x0707, 0x0800, 0x0707,
    0x0707, 0x0707, 0x0808, 0x0008, 0x0000, 0x0000, 0x0707, 0x0807, 0x0008, 0x0000, 0x0707, 0x0707,
    0x0807, 0x0000, 0x0707, 0x0707
};

const u16 gb_level06_translation[958] = {
    0x0000, 0x0001, 0x0002, 0x0003, 0x0004, 0x0005, 0x0006, 0x0007, 0x0008, 0x0009, 0x000A, 0x000B,
    0x000C, 0x000D, 0x000E, 0x000F, 0x0010, 0x0011, 0x0012, 0x0013, 0x0014, 0x0015, 0x0016, 0x0017,
    0x0018, 0x0019, 0x001A, 0x001B, 0x001C, 0x001D, 0x001E, 0x001F, 0x0020, 0x0021, 0x0022, 0x0023,
    0x0024, 0x0025, 0x0026, 0x0027, 0x0028, 0x0029, 0x002A, 0x002B, 0x002C, 0x002D, 0x002E, 0x002F,
    0x0030, 0x0031, 0x0032, 0x0033, 0x0034, 0x0035, 0x0036, 0x0037, 0x0038, 0x0039, 0x003A, 0x003B,
    0x003C, 0x003D, 0x003E, 0x003F, 0x0040, 0x0041, 0x0042, 0x0043, 0x0044, 0x0045, 0x0046, 0x0047,
    0x0048, 0x0049, 0x004A, 0x004B, 0x004C, 0x004D, 0x004E, 0x004F, 0x0050, 0x0051, 0x0052, 0x0053,
    0x0054, 0x0055, 0x0056, 0x0057, 0x0058, 0x0059, 0x005A, 0x005B, 0x005C, 0x005D, 0x005E, 0x005F,
    0x0060, 0x0061, 0x0062, 0x0063, 0x0064, 0x0065, 0x0066, 0x0067, 0x0068, 0x0069, 0x006A, 0x006B,
    0x006C, 0x006D, 0x006E, 0x006F, 0x0070, 0x0071, 0x0072, 0x0073, 0x0074, 0x0075, 0x0076, 0x0077,
    0x0078, 0x0079, 0x007A, 0x007B, 0x007C, 0x007D, 0x007E, 0x007F, 0x0080, 0x0081, 0x0082, 0x0083,
    0x0084, 0x0085, 0x0086, 0x0087, 0x0088, 0x0089, 0x008A, 0x008B, 0x008C, 0x008D, 0x008E, 0x008F,
    0x0090, 0x0091, 0x0092, 0x0093, 0x0094, 0x0095, 0x0096, 0x0097, 0x0098, 0x0099, 0x009A, 0x009B,
    0x009C, 0x009D, 0x009E, 0x009F, 0x00A0, 0x00A1, 0x00A2, 0x00A3, 0x00A4, 0x00A5, 0x00A6, 0x00A7,
    0x00A8, 0x00A9, 0x00AA, 0x00AB, 0x00AC, 0x00AD, 0x00AE, 0x00AF, 0x00B0, 0x00B1, 0x00B2, 0x00B3,
    0x00B4, 0x00B5, 0x00B6, 0x00B7, 0x00B8, 0x00B9, 0x00BA, 0x00BB, 0x00BC, 0x00BD, 0x00BE, 0x00BF,
    0x00C0, 0x00C1, 0x00C2, 0x00C3, 0x00C4, 0x00C5, 0x00C6, 0x00C7, 0x00C8, 0x00C9, 0x00CA, 0x00CB,
    0x00CC, 0x00CD, 0x00CE, 0x00CF, 0x00D0, 0x00D1, 0x00D2, 0x00D3, 0x00D4, 0x00D5, 0x00D6, 0x00D7,
    0x00D8, 0x00D9, 0x00DA, 0x00DB, 0x00DC, 0x00DD, 0x00DE, 0x00DF, 0x00E0, 0x00E1, 0x00E2, 0x00E3,
    0x00E4, 0x00E5, 0x00E6, 0x00E7, 0x00E8, 0x00E9, 0x00EA, 0x00EB, 0x00EC, 0x00ED, 0x00EE, 0x00EF,
    0x00F0, 0x00F1, 0x00F2, 0x00F3, 0x00F4, 0x00F5, 0x00F6, 0x00F7, 0x00F8, 0x00F9, 0x00FA, 0x00FB,
    0x00FC, 0x00FD, 0x00FE, 0x00FF, 0x0100, 0x0101, 0x0102, 0x0103, 0x0104, 0x0105, 0x0106, 0x0107,
    0x0108, 0x0109, 0x010A, 0x010B, 0x010C, 0x010D, 0x010E, 0x010F, 0x0110, 0x0111, 0x0112, 0x0113,
    0x0114, 0x0115, 0x0116, 0x0117, 0x0118, 0x0119, 0x011A, 0x011B, 0x011C, 0x011D, 0x011E, 0x011F,
    0x0120, 0x0121, 0x0122, 0x0123, 0x0124, 0x0125, 0x0126, 0x0127, 0x0128, 0x0129, 0x012A, 0x012B,
    0x012C, 0x012D, 0x012E, 0x012F, 0x0130, 0x0131, 0x0132, 0x0133, 0x0134, 0x0135, 0x0136, 0x0137,
    0x0138, 0x0139, 0x013A, 0x013B, 0x013C, 0x013D, 0x013E, 0x013F, 0x0140, 0x0141, 0x0142, 0x0143,
    0x0144, 0x0145, 0x0146, 0x0147, 0x0148, 0x0149, 0x014A, 0x014B, 0x014C, 0x014D, 0x014E, 0x014F,
    0x0150, 0x0151, 0x0152, 0x0153, 0x0154, 0x0155, 0x0156, 0x0157, 0x0158, 0x0159, 0x015A, 0x015B,
    0x015C, 0x015D, 0x0002, 0x0002, 0x0140, 0x0141, 0x0142, 0x0143, 0x0144, 0x0145, 0x015E, 0x015F,
    0x0160, 0x0161, 0x0162, 0x0163, 0x0164, 0x0165, 0x0166, 0x0167, 0x0150, 0x0168, 0x0169, 0x016A,
    0x016B, 0x016C, 0x016D, 0x0157, 0x0158, 0x0159, 0x015A, 0x016E, 0x016F, 0x0170, 0x0002, 0x0002,
    0x0171, 0x0172, 0x0173, 0x0174, 0x0175, 0x0145, 0x0176, 0x0177, 0x0178, 0x0179, 0x017A, 0x017B,
    0x017C, 0x017D, 0x017E, 0x017F, 0x0150, 0x0180, 0x0181, 0x0182, 0x0183, 0x0184, 0x0185, 0x0186,
    0x0187, 0x0188, 0x0189, 0x018A, 0x018B, 0x018C, 0x0002, 0x0002, 0x018D, 0x018E, 0x018F, 0x0190,
    0x0191, 0x0145, 0x0192, 0x0193, 0x0194, 0x0195, 0x0196, 0x0197, 0x0198, 0x0199, 0x019A, 0x019B,
    0x0150, 0x0180, 0x0181, 0x019C, 0x019D, 0x019E, 0x019F, 0x01A0, 0x01A1, 0x01A2, 0x01A3, 0x01A4,
    0x01A5, 0x01A6, 0x0002, 0x0002, 0x01A7, 0x01A8, 0x01A9, 0x01AA, 0x01AB, 0x0145, 0x01AC, 0x01AD,
    0x01AE, 0x01AF, 0x01B0, 0x01B1, 0x01B2, 0x01B3, 0x01B4, 0x01B5, 0x0150, 0x0180, 0x01B6, 0x01B7,
    0x01B8, 0x01B9, 0x01BA, 0x01BB, 0x01BC, 0x01BD, 0x01BE, 0x01BF, 0x01C0, 0x01C1, 0x0002, 0x0002,
    0x01C2, 0x01C3, 0x01C4, 0x01C5, 0x01C6, 0x0145, 0x01C7, 0x01C8, 0x01C9, 0x01CA, 0x01B0, 0x01CB,
    0x01CC, 0x01CD, 0x01CE, 0x01CF, 0x01D0, 0x0180, 0x01D1, 0x01D2, 0x01D3, 0x01D4, 0x01D5, 0x01D6,
    0x01D7, 0x01D8, 0x01D9, 0x01BF, 0x01C0, 0x01C1, 0x0002, 0x0002, 0x01DA, 0x01DB, 0x01DC, 0x01DD,
    0x01DE, 0x01DF, 0x01E0, 0x01E1, 0x01E2, 0x01E3, 0x01E4, 0x01E5, 0x01E6, 0x01E7, 0x01E8, 0x01E9,
    0x01D0, 0x0180, 0x01EA, 0x01EB, 0x01EC, 0x01ED, 0x01EE, 0x01D6, 0x01EF, 0x01D8, 0x01D9, 0x01BF,
    0x01C0, 0x01C1, 0x0002, 0x0002, 0x01F0, 0x01F1, 0x01F2, 0x01F3, 0x01F4, 0x01F5, 0x01F6, 0x01F7,
    0x01F8, 0x01F9, 0x01FA, 0x01FB, 0x01FC, 0x01FD, 0x01FE, 0x01FF, 0x01D0, 0x0180, 0x0200, 0x0201,
    0x0202, 0x0203, 0x01EE, 0x01D6, 0x0204, 0x01D8, 0x01D9, 0x01BF, 0x01C0, 0x01C1, 0x0002, 0x0002,
    0x0205, 0x0206, 0x0207, 0x0208, 0x0209, 0x020A, 0x020B, 0x020C, 0x020D, 0x020E, 0x020F, 0x0210,
    0x0211, 0x0212, 0x0213, 0x0214, 0x0215, 0x0180, 0x0216, 0x0217, 0x0218, 0x0219, 0x01EE, 0x01D6,
    0x021A, 0x01D8, 0x01D9, 0x01BF, 0x01C0, 0x01C1, 0x0002, 0x0002, 0x021B, 0x021C, 0x021D, 0x021E,
    0x021F, 0x0220, 0x0221, 0x0222, 0x0223, 0x0224, 0x0225, 0x0212, 0x0212, 0x0212, 0x0226, 0x0227,
    0x0228, 0x0180, 0x0229, 0x022A, 0x022B, 0x022C, 0x022D, 0x022E, 0x022F, 0x0230, 0x0231, 0x01BF,
    0x01C0, 0x01C1, 0x0002, 0x0002, 0x0232, 0x0233, 0x0234, 0x0235, 0x0236, 0x0237, 0x0238, 0x0239,
    0x023A, 0x023B, 0x023C, 0x0212, 0x0212, 0x0212, 0x023D, 0x023E, 0x023F, 0x0180, 0x0240, 0x0241,
    0x0242, 0x0243, 0x0244, 0x022E, 0x0245, 0x0246, 0x0247, 0x01BF, 0x01C0, 0x01C1, 0x0002, 0x0002,
    0x0248, 0x0249, 0x024A, 0x024B, 0x024C, 0x024D, 0x024E, 0x024F, 0x0250, 0x0251, 0x0252, 0x0253,
    0x0254, 0x0255, 0x0256, 0x0257, 0x0258, 0x0180, 0x0259, 0x025A, 0x025B, 0x025C, 0x025D, 0x025E,
    0x025F, 0x0260, 0x0261, 0x0262, 0x0263, 0x0264, 0x0002, 0x0002, 0x0265, 0x0266, 0x0267, 0x0268,
    0x0269, 0x026A, 0x026B, 0x026C, 0x026D, 0x026E, 0x026F, 0x0270, 0x0271, 0x0272, 0x0273, 0x0274,
    0x0275, 0x0276, 0x0277, 0x0278, 0x0279, 0x027A, 0x027B, 0x027C, 0x027D, 0x027E, 0x027F, 0x0280,
    0x0281, 0x0282, 0x0002, 0x0002, 0x0283, 0x0284, 0x0285, 0x0286, 0x0287, 0x0288, 0x0289, 0x028A,
    0x028B, 0x028C, 0x028D, 0x028E, 0x028F, 0x0290, 0x0291, 0x0292, 0x0293, 0x0294, 0x0295, 0x0296,
    0x0297, 0x0298, 0x0299, 0x029A, 0x029B, 0x027E, 0x027F, 0x029C, 0x029D, 0x029E, 0x0002, 0x0002,
    0x029F, 0x02A0, 0x02A1, 0x02A2, 0x02A3, 0x02A4, 0x02A5, 0x02A6, 0x02A7, 0x02A8, 0x02A9, 0x02AA,
    0x02AB, 0x02AC, 0x02AD, 0x02AE, 0x02AF, 0x02B0, 0x02B1, 0x02B2, 0x0297, 0x0298, 0x02B3, 0x02B4,
    0x02B5, 0x027E, 0x027F, 0x02B6, 0x02B7, 0x02B8, 0x0002, 0x0002, 0x02B9, 0x02BA, 0x02BB, 0x02BC,
    0x02BD, 0x02BE, 0x02BF, 0x02C0, 0x02C1, 0x02C2, 0x02C3, 0x02C4, 0x02C5, 0x02C6, 0x02C7, 0x02C8,
    0x02C9, 0x02CA, 0x02CB, 0x02CC, 0x02CD, 0x02CE, 0x02CF, 0x02D0, 0x02D1, 0x027E, 0x027F, 0x02B6,
    0x02D2, 0x02D3, 0x0002, 0x0002, 0x02D4, 0x02D5, 0x02D6, 0x02D7, 0x02D8, 0x02D8, 0x02D8, 0x02D9,
    0x02DA, 0x02DB, 0x02DC, 0x02DD, 0x02DE, 0x02DF, 0x02E0, 0x02E1, 0x02E2, 0x02E3, 0x02E4, 0x02E5,
    0x02E6, 0x02E7, 0x02E8, 0x02E9, 0x02EA, 0x02EB, 0x02EC, 0x02ED, 0x02EE, 0x02EF, 0x0002, 0x0002,
    0x02F0, 0x02F1, 0x02F2, 0x02F3, 0x02F4, 0x02F5, 0x02F6, 0x02F7, 0x02F8, 0x02F9, 0x02FA, 0x02FB,
    0x02FC, 0x02FD, 0x02FE, 0x02FF, 0x0300, 0x0301, 0x0302, 0x0303, 0x0304, 0x0305, 0x0306, 0x0307,
    0x0308, 0x0309, 0x030A, 0x030B, 0x030C, 0x030D, 0x0002, 0x0002, 0x030E, 0x030F, 0x0310, 0x0311,
    0x0312, 0x0313, 0x0314, 0x0315, 0x0316, 0x0317, 0x0318, 0x0319, 0x031A, 0x031B, 0x031C, 0x031D,
    0x031E, 0x031F, 0x0320, 0x0321, 0x0322, 0x0323, 0x0324, 0x0325, 0x0326, 0x0327, 0x0328, 0x0329,
    0x032A, 0x032B, 0x0002, 0x0002, 0x032C, 0x032D, 0x032E, 0x032F, 0x0330, 0x0331, 0x0332, 0x0333,
    0x0334, 0x0335, 0x0336, 0x0337, 0x0338, 0x0339, 0x033A, 0x033B, 0x033C, 0x033D, 0x033D, 0x033D,
    0x033E, 0x033E, 0x033E, 0x033E, 0x033F, 0x033F, 0x033F, 0x0340, 0x0341, 0x0342
};

const u16 gb_level06_layer_a[600] = {
    320, 321, 322, 323, 324, 325, 326, 327, 328, 329, 330, 331, 332, 333, 334, 335, 336, 337, 338, 339,
    340, 341, 342, 343, 344, 345, 346, 347, 348, 349, 352, 353, 354, 355, 356, 357, 358, 359, 360, 361,
    362, 363, 364, 365, 366, 367, 368, 369, 370, 371, 372, 373, 374, 375, 376, 377, 378, 379, 380, 381,
    384, 385, 386, 387, 388, 389, 390, 391, 392, 393, 394, 395, 396, 397, 398, 399, 400, 401, 402, 403,
    404, 405, 406, 407, 408, 409, 410, 411, 412, 413, 416, 417, 418, 419, 420, 421, 422, 423, 424, 425,
    426, 427, 428, 429, 430, 431, 432, 433, 434, 435, 436, 437, 438, 439, 440, 441, 442, 443, 444, 445,
    448, 449, 450, 451, 452, 453, 454, 455, 456, 457, 458, 459, 460, 461, 462, 463, 464, 465, 466, 467,
    468, 469, 470, 471, 472, 473, 474, 475, 476, 477, 480, 481, 482, 483, 484, 485, 486, 487, 488, 489,
    490, 491, 492, 493, 494, 495, 496, 497, 498, 499, 500, 501, 502, 503, 504, 505, 506, 507, 508, 509,
    512, 513, 514, 515, 516, 517, 518, 519, 520, 521, 522, 523, 524, 525, 526, 527, 528, 529, 530, 531,
    532, 533, 534, 535, 536, 537, 538, 539, 540, 541, 544, 545, 546, 547, 548, 549, 550, 551, 552, 553,
    554, 555, 556, 557, 558, 559, 560, 561, 562, 563, 564, 565, 566, 567, 568, 569, 570, 571, 572, 573,
    576, 577, 578, 579, 580, 581, 582, 583, 584, 585, 586, 587, 588, 589, 590, 591, 592, 593, 594, 595,
    596, 597, 598, 599, 600, 601, 602, 603, 604, 605, 608, 609, 610, 611, 612, 613, 614, 615, 616, 617,
    618, 619, 620, 621, 622, 623, 624, 625, 626, 627, 628, 629, 630, 631, 632, 633, 634, 635, 636, 637,
    640, 641, 642, 643, 644, 645, 646, 647, 648, 649, 650, 651, 652, 653, 654, 655, 656, 657, 658, 659,
    660, 661, 662, 663, 664, 665, 666, 667, 668, 669, 672, 673, 674, 675, 676, 677, 678, 679, 680, 681,
    682, 683, 684, 685, 686, 687, 688, 689, 690, 691, 692, 693, 694, 695, 696, 697, 698, 699, 700, 701,
    704, 705, 706, 707, 708, 709, 710, 711, 712, 713, 714, 715, 716, 717, 718, 719, 720, 721, 722, 723,
    724, 725, 726, 727, 728, 729, 730, 731, 732, 733, 736, 737, 738, 739, 740, 741, 742, 743, 744, 745,
    746, 747, 748, 749, 750, 751, 752, 753, 754, 755, 756, 757, 758, 759, 760, 761, 762, 763, 764, 765,
    768, 769, 770, 771, 772, 773, 774, 775, 776, 777, 778, 779, 780, 781, 782, 783, 784, 785, 786, 787,
    788, 789, 790, 791, 792, 793, 794, 795, 796, 797, 800, 801, 802, 803, 804, 805, 806, 807, 808, 809,
    810, 811, 812, 813, 814, 815, 816, 817, 818, 819, 820, 821, 822, 823, 824, 825, 826, 827, 828, 829,
    832, 833, 834, 835, 836, 837, 838, 839, 840, 841, 842, 843, 844, 845, 846, 847, 848, 849, 850, 851,
    852, 853, 854, 855, 856, 857, 858, 859, 860, 861, 864, 865, 866, 867, 868, 869, 870, 871, 872, 873,
    874, 875, 876, 877, 878, 879, 880, 881, 882, 883, 884, 885, 886, 887, 888, 889, 890, 891, 892, 893,
    896, 897, 898, 899, 900, 901, 902, 903, 904, 905, 906, 907, 908, 909, 910, 911, 912, 913, 914, 915,
    916, 917, 918, 919, 920, 921, 922, 923, 924, 925, 928, 929, 930, 931, 932, 933, 934, 935, 936, 937,
    938, 939, 940, 941, 942, 943, 944, 945, 946, 947, 948, 949, 950, 951, 952, 953, 954, 955, 956, 957
};

const u16 gb_level06_layer_b[600] = {
    0, 0, 0, 0, 0, 0, 0, 0, 0, 0, 0, 0, 0, 0, 0, 0, 0, 0, 0, 0,
    0, 192, 193, 194, 195, 0, 0, 0, 0, 0, 0, 0, 0, 0, 0, 0, 0, 0, 0, 0,
    0, 0, 0, 0, 0, 0, 0, 0, 0, 0, 0, 224, 225, 226, 227, 0, 0, 0, 0, 0,
    0, 0, 0, 0, 0, 0, 0, 0, 0, 0, 0, 0, 0, 0, 0, 0, 0, 0, 0, 0,
    0, 256, 257, 258, 259, 0, 0, 0, 0, 0, 0, 0, 0, 0, 0, 0, 0, 0, 0, 0,
    0, 0, 0, 0, 0, 0, 0, 0, 0, 0, 0, 288, 289, 290, 291, 0, 0, 0, 0, 0,
    0, 0, 0, 0, 0, 0, 0, 0, 0, 0, 0, 0, 0, 0, 0, 0, 0, 0, 0, 0,
    196, 197, 198, 199, 200, 201, 0, 0, 0, 0, 0, 0, 0, 0, 0, 0, 0, 0, 0, 0,
    0, 0, 0, 0, 0, 0, 0, 0, 0, 0, 228, 229, 230, 231, 232, 233, 0, 0, 0, 0,
    0, 0, 0, 0, 0, 0, 0, 0, 0, 0, 0, 0, 0, 0, 0, 0, 0, 0, 0, 0,
    260, 261, 262, 263, 264, 265, 0, 0, 0, 0, 0, 0, 0, 0, 0, 0, 0, 0, 0, 0,
    0, 0, 0, 0, 0, 0, 0, 0, 0, 0, 292, 293, 294, 295, 296, 297, 0, 0, 0, 0,
    0, 0, 0, 0, 0, 0, 0, 0, 0, 0, 0, 0, 0, 0, 0, 0, 0, 0, 0, 0,
    202, 203, 204, 205, 206, 207, 0, 0, 0, 0, 0, 0, 0, 0, 0, 0, 0, 0, 0, 0,
    0, 0, 0, 0, 0, 0, 0, 0, 0, 0, 234, 235, 236, 237, 238, 239, 0, 0, 0, 0,
    0, 0, 0, 0, 0, 0, 0, 0, 0, 0, 0, 0, 0, 0, 0, 0, 0, 0, 0, 0,
    266, 267, 268, 269, 270, 271, 0, 0, 0, 0, 0, 0, 0, 0, 0, 0, 0, 0, 0, 0,
    0, 0, 0, 0, 0, 0, 0, 0, 0, 0, 298, 299, 300, 301, 302, 303, 0, 0, 0, 0,
    0, 0, 0, 0, 0, 0, 0, 0, 0, 0, 0, 0, 0, 0, 0, 0, 0, 0, 0, 0,
    208, 209, 210, 211, 212, 0, 0, 0, 0, 0, 0, 0, 0, 0, 0, 0, 0, 0, 0, 0,
    0, 0, 0, 0, 0, 0, 0, 0, 0, 0, 240, 241, 242, 243, 244, 0, 0, 0, 0, 0,
    0, 0, 0, 0, 0, 0, 0, 0, 0, 0, 0, 0, 0, 0, 0, 0, 0, 0, 0, 0,
    272, 273, 274, 275, 276, 0, 0, 0, 0, 0, 0, 0, 0, 0, 0, 0, 0, 0, 0, 0,
    0, 0, 0, 0, 0, 0, 0, 0, 0, 0, 304, 305, 306, 307, 308, 0, 0, 0, 0, 0,
    0, 0, 0, 0, 0, 0, 0, 0, 0, 0, 0, 0, 0, 0, 0, 0, 0, 0, 0, 0,
    213, 214, 215, 216, 217, 0, 0, 0, 0, 0, 0, 0, 0, 0, 0, 0, 0, 0, 0, 0,
    0, 0, 0, 0, 0, 0, 0, 0, 0, 0, 245, 246, 247, 248, 249, 0, 0, 0, 0, 0,
    0, 0, 0, 0, 0, 0, 0, 0, 0, 0, 0, 0, 0, 0, 0, 0, 0, 0, 0, 218,
    277, 278, 279, 280, 281, 0, 0, 0, 0, 0, 0, 0, 0, 0, 0, 0, 0, 0, 0, 0,
    0, 0, 0, 0, 0, 0, 0, 0, 0, 0, 309, 310, 311, 312, 313, 0, 0, 0, 0, 0
};

const u16 gb_level06_layer_a_guard[32] = {
    0x0000, 0x0014, 0x0000, 0x001E, 0x0000, 0x0909, 0x0B0B, 0x0000, 0x0018, 0x0000, 0x0000, 0x0F0F, 0x000F, 0x0000, 0x0000, 0x1111,
    0x0019, 0x0000, 0x0909, 0x0D0A, 0x0000, 0x0000, 0x0909, 0x020D, 0x0000, 0x0000, 0x0909, 0x1800, 0x0000, 0x0000, 0x0909, 0x0000
};

const u16 gb_level06_layer_b_guard[32] = {
    0x032B, 0x0140, 0x0141, 0x0142, 0x0143, 0x0144, 0x0145, 0x0146, 0x0147, 0x0148, 0x0149, 0x014A, 0x014B, 0x014C, 0x014D, 0x014E,
    0x014F, 0x0150, 0x0151, 0x0152, 0x0153, 0x0154, 0x0155, 0x0156, 0x0157, 0x0158, 0x0159, 0x015A, 0x015B, 0x015C, 0x015D, 0x0140
};

const u16 gb_level06_fixed_map[600] = {
    320, 321, 322, 323, 324, 325, 326, 327, 328, 329, 330, 331, 332, 333, 334, 335, 336, 337, 338, 339,
    340, 341, 342, 343, 344, 345, 346, 347, 348, 349, 352, 353, 354, 355, 356, 357, 358, 359, 360, 361,
    362, 363, 364, 365, 366, 367, 368, 369, 370, 371, 372, 373, 374, 375, 376, 377, 378, 379, 380, 381,
    384, 385, 386, 387, 388, 389, 390, 391, 392, 393, 394, 395, 396, 397, 398, 399, 400, 401, 402, 403,
    404, 405, 406, 407, 408, 409, 410, 411, 412, 413, 416, 417, 418, 419, 420, 421, 422, 423, 424, 425,
    426, 427, 428, 429, 430, 431, 432, 433, 434, 435, 436, 437, 438, 439, 440, 441, 442, 443, 444, 445,
    448, 449, 450, 451, 452, 453, 454, 455, 456, 457, 458, 459, 460, 461, 462, 463, 464, 465, 466, 467,
    468, 469, 470, 471, 472, 473, 474, 475, 476, 477, 480, 481, 482, 483, 484, 485, 486, 487, 488, 489,
    490, 491, 492, 493, 494, 495, 496, 497, 498, 499, 500, 501, 502, 503, 504, 505, 506, 507, 508, 509,
    512, 513, 514, 515, 516, 517, 518, 519, 520, 521, 522, 523, 524, 525, 526, 527, 528, 529, 530, 531,
    532, 533, 534, 535, 536, 537, 538, 539, 540, 541, 544, 545, 546, 547, 548, 549, 550, 551, 552, 553,
    554, 555, 556, 557, 558, 559, 560, 561, 562, 563, 564, 565, 566, 567, 568, 569, 570, 571, 572, 573,
    576, 577, 578, 579, 580, 581, 582, 583, 584, 585, 586, 587, 588, 589, 590, 591, 592, 593, 594, 595,
    596, 597, 598, 599, 600, 601, 602, 603, 604, 605, 608, 609, 610, 611, 612, 613, 614, 615, 616, 617,
    618, 619, 620, 621, 622, 623, 624, 625, 626, 627, 628, 629, 630, 631, 632, 633, 634, 635, 636, 637,
    640, 641, 642, 643, 644, 645, 646, 647, 648, 649, 650, 651, 652, 653, 654, 655, 656, 657, 658, 659,
    660, 661, 662, 663, 664, 665, 666, 667, 668, 669, 672, 673, 674, 675, 676, 677, 678, 679, 680, 681,
    682, 683, 684, 685, 686, 687, 688, 689, 690, 691, 692, 693, 694, 695, 696, 697, 698, 699, 700, 701,
    704, 705, 706, 707, 708, 709, 710, 711, 712, 713, 714, 715, 716, 717, 718, 719, 720, 721, 722, 723,
    724, 725, 726, 727, 728, 729, 730, 731, 732, 733, 736, 737, 738, 739, 740, 741, 742, 743, 744, 745,
    746, 747, 748, 749, 750, 751, 752, 753, 754, 755, 756, 757, 758, 759, 760, 761, 762, 763, 764, 765,
    768, 769, 770, 771, 772, 773, 774, 775, 776, 777, 778, 779, 780, 781, 782, 783, 784, 785, 786, 787,
    788, 789, 790, 791, 792, 793, 794, 795, 796, 797, 800, 801, 802, 803, 804, 805, 806, 807, 808, 809,
    810, 811, 812, 813, 814, 815, 816, 817, 818, 819, 820, 821, 822, 823, 824, 825, 826, 827, 828, 829,
    832, 833, 834, 835, 836, 837, 838, 839, 840, 841, 842, 843, 844, 845, 846, 847, 848, 849, 850, 851,
    852, 853, 854, 855, 856, 857, 858, 859, 860, 861, 864, 865, 866, 867, 868, 869, 870, 871, 872, 873,
    874, 875, 876, 877, 878, 879, 880, 881, 882, 883, 884, 885, 886, 887, 888, 889, 890, 891, 892, 893,
    896, 897, 898, 899, 900, 901, 902, 903, 904, 905, 906, 907, 908, 909, 910, 911, 912, 913, 914, 915,
    916, 917, 918, 919, 920, 921, 922, 923, 924, 925, 928, 929, 930, 931, 932, 933, 934, 935, 936, 937,
    938, 939, 940, 941, 942, 943, 944, 945, 946, 947, 948, 949, 950, 951, 952, 953, 954, 955, 956, 957
};

const u16 gb_level06_collision[600] = {
    0, 0, 0, 0, 0, 0, 0, 0, 0, 0, 0, 0, 0, 0, 0, 0, 0, 0, 0, 0, 0, 192, 193, 194,
    195, 0, 0, 0, 0, 0, 0, 0, 0, 0, 0, 0, 0, 0, 0, 0, 0, 0, 0, 0, 0, 0, 0, 0,
    0, 0, 0, 224, 225, 226, 227, 0, 0, 0, 0, 0, 0, 0, 0, 0, 0, 0, 0, 0, 0, 0, 0, 0,
    0, 0, 0, 0, 0, 0, 0, 0, 0, 256, 257, 258, 259, 0, 0, 0, 0, 0, 0, 0, 0, 0, 0, 0,
    0, 0, 0, 0, 0, 0, 0, 0, 0, 0, 0, 0, 0, 0, 0, 288, 289, 290, 291, 0, 0, 0, 0, 0,
    0, 0, 0, 0, 0, 0, 0, 0, 0, 0, 0, 0, 0, 0, 0, 0, 0, 0, 0, 0, 196, 197, 198, 199,
    200, 201, 0, 0, 0, 0, 0, 0, 0, 0, 0, 0, 0, 0, 0, 0, 0, 0, 0, 0, 0, 0, 0, 0,
    0, 0, 228, 229, 230, 231, 232, 233, 0, 0, 0, 0, 0, 0, 0, 0, 0, 0, 0, 0, 0, 0, 0, 0,
    0, 0, 0, 0, 0, 0, 0, 0, 260, 261, 262, 263, 264, 265, 0, 0, 0, 0, 0, 0, 0, 0, 0, 0,
    0, 0, 0, 0, 0, 0, 0, 0, 0, 0, 0, 0, 0, 0, 292, 293, 294, 295, 296, 297, 0, 0, 0, 0,
    0, 0, 0, 0, 0, 0, 0, 0, 0, 0, 0, 0, 0, 0, 0, 0, 0, 0, 0, 0, 202, 203, 204, 205,
    206, 207, 0, 0, 0, 0, 0, 0, 0, 0, 0, 0, 0, 0, 0, 0, 0, 0, 0, 0, 0, 0, 0, 0,
    0, 0, 234, 235, 236, 237, 238, 239, 0, 0, 0, 0, 0, 0, 0, 0, 0, 0, 0, 0, 0, 0, 0, 0,
    0, 0, 0, 0, 0, 0, 0, 0, 266, 267, 268, 269, 270, 271, 0, 0, 0, 0, 0, 0, 0, 0, 0, 0,
    0, 0, 0, 0, 0, 0, 0, 0, 0, 0, 0, 0, 0, 0, 298, 299, 300, 301, 302, 303, 0, 0, 0, 0,
    0, 0, 0, 0, 0, 0, 0, 0, 0, 0, 0, 0, 0, 0, 0, 0, 0, 0, 0, 0, 208, 209, 210, 211,
    212, 0, 0, 0, 0, 0, 0, 0, 0, 0, 0, 0, 0, 0, 0, 0, 0, 0, 0, 0, 0, 0, 0, 0,
    0, 0, 240, 241, 242, 243, 244, 0, 0, 0, 0, 0, 0, 0, 0, 0, 0, 0, 0, 0, 0, 0, 0, 0,
    0, 0, 0, 0, 0, 0, 0, 0, 272, 273, 274, 275, 276, 0, 0, 0, 0, 0, 0, 0, 0, 0, 0, 0,
    0, 0, 0, 0, 0, 0, 0, 0, 0, 0, 0, 0, 0, 0, 304, 305, 306, 307, 308, 0, 0, 0, 0, 0,
    0, 0, 0, 0, 0, 0, 0, 0, 0, 0, 0, 0, 0, 0, 0, 0, 0, 0, 0, 0, 213, 214, 215, 216,
    217, 0, 0, 0, 0, 0, 0, 0, 0, 0, 0, 0, 0, 0, 0, 0, 0, 0, 0, 0, 0, 0, 0, 0,
    0, 0, 245, 246, 247, 248, 249, 0, 0, 0, 0, 0, 0, 0, 0, 0, 0, 0, 0, 0, 0, 0, 0, 0,
    0, 0, 0, 0, 0, 0, 0, 218, 277, 278, 279, 280, 281, 0, 0, 0, 0, 0, 0, 0, 0, 0, 0, 0,
    0, 0, 0, 0, 0, 0, 0, 0, 0, 0, 0, 0, 0, 0, 309, 310, 311, 312, 313, 0, 0, 0, 0, 0
};

const u16 gb_level06_bg0_ui_tiles[GB_BG0_UI_TILE_COUNT] = {
    1, 9, 10, 11, 24, 25, 26, 28, 29, 30, 31, 48, 56, 57, 58, 59,
    60, 61, 62, 63, 64, 65, 66, 67, 68, 69, 70, 71, 72, 73, 74, 75,
    76, 77, 78, 79, 80, 81, 82, 83, 84, 85, 86, 87, 88, 89, 90, 91,
    92, 93, 94, 95, 96, 97, 98, 99, 100, 101, 102, 103, 104, 105, 106, 107,
    108, 109, 110, 111, 112, 113, 114, 115, 116, 117, 118, 119, 120, 121, 122, 123,
    124, 125, 126, 127, 128, 129, 130
};

const GbPortal gb_level06_portals[4] = {
    { 407, 1716, 16, 16, 2, 150, 9 },
    { 455, 406, 16, 16, 1, 150, 45 },
    { 511, 408, 16, 16, 6, 150, 46 },
    { 480, 408, 16, 16, 8, 150, 49 }
};

const GbLevelAssets gb_level06_assets = {
    .level_id = 6,
    .graphics_variant = 0,
    .world_width_tiles = 30,
    .world_height_tiles = 20,
    .fixed_width_tiles = 30,
    .fixed_height_tiles = 20,
    .spawn_x = 482,
    .spawn_y = 418,
    .player_idle_selector = 1,
    .bg_tile_halfwords = 27648,
    .bg_patch_source_halfwords = 46432,
    .translation_count = 958,
    .bg_palette = gb_level06_bg_palette,
    .bg_tiles = gb_level06_bg_tiles,
    .bg_patch_source = gb_level06_bg_patch_source,
    .translation = gb_level06_translation,
    .layer_a = gb_level06_layer_a,
    .layer_b = gb_level06_layer_b,
    .layer_a_guard = gb_level06_layer_a_guard,
    .layer_b_guard = gb_level06_layer_b_guard,
    .fixed_map = gb_level06_fixed_map,
    .collision = gb_level06_collision,
    .bg0_ui_tiles = gb_level06_bg0_ui_tiles,
    .portals = gb_level06_portals,
    .portal_count = 4,
};
