#include <graveblood/assets.h>

const u16 gb_level01_bg_palette[256] = {
    0x7C1F, 0x7FFF, 0x0000, 0x7EE7, 0x1865, 0x7E50, 0x30A9, 0x20CD, 0x24EE, 0x250F,
    0x2D71, 0x3192, 0x20AB, 0x20D0, 0x2553, 0x2994, 0x2197, 0x2DB6, 0x25D8, 0x21B8,
    0x2598, 0x29FA, 0x21FA, 0x2A1A, 0x3619, 0x25FA, 0x25D9, 0x2DD8, 0x29B8, 0x31F8,
    0x25B8, 0x21D9, 0x2D53, 0x1D34, 0x20AD, 0x2CEE, 0x2CE7, 0x20F1, 0x2DFA, 0x35B3,
    0x2111, 0x4ADE, 0x4EFF, 0x4EFE, 0x4ADF, 0x42FD, 0x42FE, 0x3ABC, 0x471D, 0x575F,
    0x4B3E, 0x471E, 0x577F, 0x416C, 0x3A17, 0x467A, 0x3E5A, 0x3E38, 0x3E7C, 0x3E9C,
    0x42DD, 0x573F, 0x3A9D, 0x46FD, 0x263D, 0x36BE, 0x2E9E, 0x3AFF, 0x1D55, 0x327D,
    0x36DE, 0x1D13, 0x0806, 0x1DD9, 0x1DB8, 0x0C25, 0x0C47, 0x5E9E, 0x5AFF, 0x5ABE,
    0x24AC, 0x2175, 0x29D9, 0x261B, 0x2198, 0x2D32, 0x4AFD, 0x2532, 0x1E17, 0x35D4,
    0x46DD, 0x46BE, 0x3EDD, 0x4F5F, 0x4AFF, 0x3A9C, 0x2A3B, 0x18D1, 0x148B, 0x5B5F,
    0x56FF, 0x52DF, 0x631F, 0x148E, 0x2950, 0x1C8D, 0x1CAF, 0x2113, 0x2577, 0x2157,
    0x2178, 0x25B9, 0x1D97, 0x4F1E, 0x3A9B, 0x46DC, 0x42FC, 0x3EBC, 0x2136, 0x352F,
    0x4AFE, 0x3ABD, 0x1028, 0x4F1F, 0x0804, 0x0403, 0x4EDE, 0x4EBE, 0x52BE, 0x38CF,
    0x4F9F, 0x45D3, 0x52B9, 0x2E5B, 0x467D, 0x3E9D, 0x42DE, 0x3ABF, 0x3E9E, 0x3E7D,
    0x3A5D, 0x365C, 0x3A3C, 0x2199, 0x3D73, 0x4ABD, 0x3A7C, 0x633F, 0x5F3F, 0x4A9E,
    0x2E3C, 0x2E1B, 0x21B9, 0x21BA, 0x4EDB, 0x3A5C, 0x5F5F, 0x327C, 0x367D, 0x144A,
    0x529D, 0x1E59, 0x427D, 0x679F, 0x637F, 0x639F, 0x675F, 0x0C07, 0x327B, 0x5B3F,
    0x429D, 0x0803, 0x3A19, 0x4A38, 0x527D, 0x5F7F, 0x0805, 0x467E, 0x425D, 0x0C29,
    0x1C6A, 0x3A3B, 0x4E3C, 0x4A5C, 0x3EBD, 0x0400, 0x3A1B, 0x361B, 0x3E1B, 0x423A,
    0x6B9F, 0x3A7D, 0x573E, 0x363B, 0x6FDF, 0x321B, 0x67BF, 0x77FF, 0x425C, 0x3DD7,
    0x4218, 0x3951, 0x31D8, 0x144C, 0x67DF, 0x39FA, 0x31FA, 0x3A1A, 0x5F9F, 0x361A,
    0x3E3A, 0x56FA, 0x63BF, 0x3E3B, 0x5B7F, 0x3E5C, 0x49BF, 0x0001, 0x671E, 0x5B9F,
    0x5FBF, 0x7BBD, 0x73DD, 0x7A09, 0x59C9, 0x620A, 0x624C, 0x5E72, 0x6AB5, 0x7A2B,
    0x61EA, 0x5E8D, 0x73B3, 0x766C, 0x5F90, 0x3E47, 0x76AF, 0x4B4E, 0x31A5, 0x1844,
    0x00F0, 0x0000, 0x0000, 0x0000, 0x0000, 0x0000, 0x0000, 0x0000, 0x0000, 0x0000,
    0x0000, 0x0000, 0x0000, 0x0000, 0x0000, 0x0000
};

const u16 gb_level01_bg_tiles[27648] = {
    0x0000, 0x0000, 0x0000, 0x0000, 0x0000, 0x0000, 0x0000, 0x0000, 0x0000, 0x0000, 0x0000, 0x0000,
    0x0000, 0x0000, 0x0000, 0x0000, 0x0000, 0x0000, 0x0000, 0x0000, 0x0000, 0x0000, 0x0000, 0x0000,
    0x0000, 0x0000, 0x0000, 0x0000, 0x0000, 0x0000, 0x0000, 0x0000, 0x0201, 0x0101, 0x0101, 0x0101,
    0x0101, 0x0101, 0x0101, 0x0101, 0x0101, 0x0101, 0x0101, 0x0101, 0x0101, 0x0101, 0x0101, 0x0101,
    0x0101, 0x0101, 0x0101, 0x0101, 0x0101, 0x0101, 0x0101, 0x0101, 0x0101, 0x0101, 0x0101, 0x0101,
    0x0101, 0x0101, 0x0101, 0x0101, 0x0202, 0x0202, 0x0202, 0x0202, 0x0202, 0x0202, 0x0202, 0x0202,
    0x0202, 0x0202, 0x0202, 0x0202, 0x0202, 0x0202, 0x0202, 0x0202, 0x0202, 0x0202, 0x0202, 0x0202,
    0x0202, 0x0202, 0x0202, 0x0202, 0x0202, 0x0202, 0x0202, 0x0202, 0x0202, 0x0202, 0x0202, 0x0202,
    0x0303, 0x0303, 0x0303, 0x0303, 0x0303, 0x0303, 0x0303, 0x0303, 0x0303, 0x0303, 0x0303, 0x0303,
    0x0303, 0x0303, 0x0303, 0x0303, 0x0303, 0x0303, 0x0303, 0x0303, 0x0303, 0x0303, 0x0303, 0x0303,
    0x0303, 0x0303, 0x0303, 0x0303, 0x0303, 0x0303, 0x0303, 0x0303, 0x0101, 0x0101, 0x0101, 0x0101,
    0x0101, 0x0101, 0x0101, 0x0101, 0x0101, 0x0101, 0x0101, 0x0101, 0x0101, 0x0101, 0x0101, 0x0101,
    0x0101, 0x0101, 0x0101, 0x0101, 0x0101, 0x0101, 0x0101, 0x0101, 0x0101, 0x0101, 0x0101, 0x0101,
    0x0101, 0x0101, 0x0101, 0x0101, 0x0400, 0x0105, 0x0101, 0x0101, 0x0400, 0x0105, 0x0101, 0x0101,
    0x0400, 0x0105, 0x0101, 0x0101, 0x0400, 0x0105, 0x0101, 0x0101, 0x0400, 0x0105, 0x0101, 0x0101,
    0x0400, 0x0105, 0x0101, 0x0101, 0x0400, 0x0105, 0x0101, 0x0101, 0x0400, 0x0105, 0x0101, 0x0101,
    0x0400, 0x0105, 0x0101, 0x0101, 0x0400, 0x0105, 0x0101, 0x0101, 0x0000, 0x0504, 0x0101, 0x0101,
    0x0000, 0x0504, 0x0101, 0x0101, 0x0000, 0x0400, 0x0105, 0x0101, 0x0000, 0x0000, 0x0504, 0x0105,
    0x0000, 0x0000, 0x0400, 0x0504, 0x0000, 0x0000, 0x0000, 0x0400, 0x0101, 0x0101, 0x0101, 0x0101,
    0x0101, 0x0101, 0x0101, 0x0101, 0x0101, 0x0101, 0x0101, 0x0101, 0x0101, 0x0101, 0x0101, 0x0101,
    0x0101, 0x0101, 0x0101, 0x0101, 0x0101, 0x0101, 0x0101, 0x0101, 0x0505, 0x0505, 0x0505, 0x0505,
    0x0404, 0x0404, 0x0404, 0x0404, 0x0400, 0x0105, 0x0101, 0x0101, 0x0400, 0x0105, 0x0101, 0x0101,
    0x0105, 0x0101, 0x0101, 0x0101, 0x0504, 0x0101, 0x0101, 0x0101, 0x0400, 0x0105, 0x0101, 0x0101,
    0x0400, 0x0105, 0x0101, 0x0101, 0x0400, 0x0105, 0x0101, 0x0101, 0x0400, 0x0105, 0x0101, 0x0101,
    0x0606, 0x0606, 0x0606, 0x0606, 0x0606, 0x0606, 0x0606, 0x0606, 0x0606, 0x0606, 0x0606, 0x0606,
    0x0606, 0x0606, 0x0606, 0x0606, 0x0606, 0x0606, 0x0606, 0x0606, 0x0606, 0x0606, 0x0606, 0x0606,
    0x0606, 0x0606, 0x0606, 0x0606, 0x0606, 0x0606, 0x0606, 0x0606, 0x0807, 0x0808, 0x0808, 0x0908,
    0x0808, 0x0808, 0x0808, 0x0708, 0x0808, 0x0707, 0x0807, 0x0707, 0x0909, 0x0909, 0x0809, 0x0708,
    0x0807, 0x0908, 0x0808, 0x0807, 0x0808, 0x0709, 0x0707, 0x0908, 0x6868, 0x0A68, 0x0809, 0x0A09,
    0x0B11, 0x2711, 0x2759, 0x0B59, 0x0807, 0x0707, 0x0908, 0x0B0A, 0x0808, 0x0708, 0x0809, 0x0B0A,
    0x0707, 0x0767, 0x6809, 0x0B57, 0x0809, 0x0809, 0x6809, 0x2027, 0x0909, 0x6809, 0x0A68, 0x0B0B,
    0x0968, 0x0A0A, 0x570A, 0x2759, 0x0A68, 0x0B0A, 0x0B0A, 0x590B, 0x0A0A, 0x0A0A, 0x770A, 0x2807,
    0x070C, 0x0807, 0x0E0D, 0x100F, 0x500C, 0x5007, 0x2809, 0x5110, 0x0C0C, 0x6A69, 0x6B08, 0x1021,
    0x0C24, 0x5007, 0x5581, 0x7021, 0x0C4C, 0x680C, 0x2847, 0x0E6B, 0x0C0C, 0x0808, 0x0E68, 0x5751,
    0x070C, 0x0807, 0x0E09, 0x7670, 0x070C, 0x2807, 0x2157, 0x704A, 0x1211, 0x1413, 0x1511, 0x1716,
    0x1E10, 0x1114, 0x1F1E, 0x1A15, 0x6C10, 0x106D, 0x1414, 0x531E, 0x0F11, 0x0F14, 0x1B11, 0x1A12,
    0x100E, 0x1910, 0x1E1A, 0x1214, 0x100F, 0x1A16, 0x1952, 0x1E1A, 0x1A0F, 0x1313, 0x1954, 0x1215,
    0x1F54, 0x1914, 0x1253, 0x1A53, 0x1518, 0x1A19, 0x1913, 0x1915, 0x1552, 0x1319, 0x1F1A, 0x1A53,
    0x1A15, 0x1410, 0x141E, 0x1713, 0x1315, 0x131A, 0x521C, 0x1F6F, 0x1A13, 0x171E, 0x1316, 0x1E14,
    0x1F1A, 0x1953, 0x1519, 0x1E1F, 0x536F, 0x1A19, 0x151A, 0x6F53, 0x5316, 0x151A, 0x9853, 0x1AA1,
    0x171B, 0x1A16, 0x151C, 0x1719, 0x1952, 0x141A, 0x1F1A, 0x1A15, 0x1C16, 0x546E, 0x131E, 0x531E,
    0x1E52, 0x101A, 0x521C, 0x1A1A, 0x6F11, 0x5313, 0x1E19, 0x1214, 0x1A12, 0x1953, 0x1515, 0x131A,
    0x536F, 0x1A16, 0x1998, 0x1217, 0x5316, 0x151A, 0x1AA1, 0x1A53, 0x151D, 0x1E1A, 0x1F10, 0x1011,
    0x1952, 0x541F, 0x101E, 0x101E, 0x6F19, 0x6E6E, 0x6C10, 0x1E6D, 0x1319, 0x706F, 0x116C, 0x106C,
    0x1C13, 0x151E, 0x1049, 0x0E51, 0x1F1A, 0x1A53, 0x1A1A, 0x0E10, 0x536F, 0x6F1A, 0x1213, 0x0F49,
    0x1616, 0x191A, 0x5419, 0x1049, 0x0F20, 0x0821, 0x2322, 0x240C, 0x0E0F, 0x0D55, 0x0708, 0x0C07,
    0x5770, 0x0D0D, 0x2250, 0x240C, 0x570F, 0x0D55, 0x5007, 0x0C0C, 0x5755, 0x5728, 0x5009, 0x0C0C,
    0x570E, 0x280F, 0x0809, 0x0C07, 0x100E, 0x2857, 0x076A, 0x0C50, 0x7070, 0x5755, 0x0728, 0x0C07,
    0x1518, 0x110F, 0x0F0B, 0x1525, 0x1952, 0x5634, 0x3C2E, 0x0E57, 0x1A19, 0x3371, 0x3C71, 0x0E68,
    0x1315, 0x5151, 0x2170, 0x2807, 0x1A13, 0x7051, 0x0F0F, 0x2867, 0x1F1A, 0x0F22, 0x611B, 0x6722,
    0x536F, 0x2867, 0x696A, 0x527A, 0x5316, 0x3C5D, 0x3630, 0x9757, 0x171B, 0x1A16, 0x261C, 0x1719,
    0x1212, 0x121B, 0x1212, 0x121F, 0x7272, 0x2D73, 0x3C74, 0x7575, 0x7272, 0x3232, 0x5D5D, 0x5D5D,
    0x2861, 0x5761, 0x5747, 0x5747, 0x966F, 0x9796, 0x4919, 0x8F4A, 0x459D, 0x458D, 0x9696, 0x4A99,
    0x9645, 0x968D, 0x9745, 0x5413, 0x1518, 0x1A19, 0x1913, 0x1915, 0x1212, 0x121F, 0x1212, 0x1258,
    0x3C75, 0x755F, 0x3C75, 0x3C3C, 0x5D5D, 0x5D5D, 0x5D5D, 0x5D5D, 0x4728, 0x4747, 0x5747, 0x2147,
    0x9715, 0x9645, 0x9696, 0x1360, 0x4519, 0x9E45, 0x9E45, 0x1997, 0x8D53, 0x9D45, 0x9645, 0x9853,
    0x171B, 0x1A16, 0x261C, 0x1719, 0x121B, 0x121B, 0x121B, 0x1219, 0x2F3C, 0x5F75, 0x7575, 0x3C75,
    0x5D5D, 0x5D5D, 0x5D82, 0x5D31, 0x2147, 0x0E47, 0x0E47, 0x5728, 0x9854, 0x8D60, 0x9645, 0x1945,
    0x9749, 0x4596, 0x9E8D, 0x538D, 0x1F4A, 0x9697, 0x8D45, 0x4A96, 0x1518, 0x1A19, 0x1913, 0x1919,
    0x121A, 0x121A, 0x111B, 0x5911, 0x2F75, 0x3C75, 0x3C3C, 0x753C, 0x3482, 0x5D34, 0x5D82, 0x565D,
    0x5747, 0x4761, 0x5761, 0x0E57, 0x994A, 0x9796, 0x2697, 0x6D45, 0x978F, 0x6097, 0x9797, 0x1953,
    0x194A, 0x9797, 0x9760, 0x9953, 0x271B, 0x110F, 0x280A, 0x1719, 0x3159, 0x5A33, 0x283C, 0x1A15,
    0x320A, 0x3356, 0x5775, 0x171E, 0x570F, 0x5151, 0x6A51, 0x1A12, 0x5761, 0x110F, 0x6A51, 0x1213,
    0x6722, 0x1158, 0x6961, 0x131A, 0x6A6E, 0x6108, 0x9F69, 0x1217, 0x5D4A, 0x3F3F, 0x57A1, 0x1A53,
    0x2A29, 0x2A2B, 0x2B2C, 0x2B2C, 0x292C, 0x5B29, 0x5B29, 0x5B29, 0x6E6E, 0x6D6D, 0x6E76, 0x6E6D,
    0x6E6D, 0x766E, 0x6D6D, 0x6D6E, 0x6D6E, 0x7621, 0x7644, 0x8F44, 0x446C, 0x766E, 0x6D76, 0x6E6D,
    0x6E44, 0x8F6D, 0x6D8F, 0x6D76, 0x6E6E, 0x5498, 0x8F8F, 0x6D6E, 0x2A2C, 0x2A2C, 0x2A2C, 0x292A,
    0x5B29, 0x2929, 0x5B29, 0x2929, 0x6E6D, 0x7644, 0x6E76, 0x6E44, 0x6E6D, 0x766D, 0x6D6D, 0x6D6E,
    0x6D6E, 0x7647, 0x4476, 0x5444, 0x6D6E, 0x766E, 0x6D6D, 0x6E6D, 0x6E6D, 0x8F44, 0x6D8F, 0x6D76,
    0x6E6E, 0x5498, 0x8F8F, 0x6D70, 0x2E2D, 0x302F, 0x3231, 0x2E2D, 0x5C5C, 0x2F2D, 0x5D32, 0x2E2D,
    0x5C2D, 0x5C2F, 0x5D32, 0x2E2E, 0x5C32, 0x5C5C, 0x2E82, 0x325C, 0x3F2F, 0x5D2E, 0x5C32, 0x5D30,
    0x5D2D, 0x2D32, 0x2E2D, 0x5C82, 0x5D5D, 0x335C, 0x5D33, 0x5C2E, 0x3333, 0x5D2D, 0x5C5D, 0x5C2D,
    0x2D2D, 0x3433, 0x2F2E, 0x2D2E, 0x5C30, 0x325D, 0x2D2F, 0x5C2D, 0x302D, 0x5D32, 0x5C2F, 0x2D2F,
    0x2D5D, 0x312D, 0x2F2E, 0x335C, 0x3232, 0x325C, 0x335D, 0x5C2D, 0x5D5C, 0x5C33, 0x332D, 0x2D82,
    0x302F, 0x3332, 0x2D30, 0x5D32, 0x2D2D, 0x335C, 0x2D82, 0x2D33, 0x2735, 0x3627, 0x3837, 0x3A39,
    0x0B0A, 0x5936, 0x3739, 0x3738, 0x0B77, 0x3627, 0x3739, 0x3838, 0x0B83, 0x3659, 0x3984, 0x8685,
    0x9077, 0x3759, 0x3639, 0x7338, 0x830A, 0x3639, 0x3936, 0x389A, 0x590B, 0x3659, 0x3739, 0x3938,
    0x830B, 0x3959, 0x3937, 0x3838, 0x3B37, 0x3D3C, 0x3E3C, 0x2D3F, 0x3A3A, 0x3F5E, 0x5C5F, 0x5C5C,
    0x3B3A, 0x5E78, 0x795F, 0x2D2F, 0x3A73, 0x7B87, 0x2F88, 0x335C, 0x7391, 0x2E92, 0x2E71, 0x5C3C,
    0x2B9B, 0x3B3C, 0x563C, 0x2D31, 0x3B38, 0x3F3F, 0x5C5A, 0x5D7B, 0xA23A, 0x3F3B, 0x3C5D, 0x2D30,
    0x4140, 0x4342, 0x432D, 0x4343, 0x4216, 0x4043, 0x1660, 0x4916, 0x6261, 0x6247, 0x4C4C, 0x7A4B,
    0x5344, 0x4040, 0x4042, 0x4045, 0x4047, 0x4060, 0x4040, 0x4B4C, 0x4070, 0x4040, 0x4040, 0x4B4B,
    0x4070, 0x4040, 0x5353, 0x4642, 0x4058, 0x5340, 0x4040, 0x4040, 0x4544, 0x4645, 0x4346, 0x4746,
    0x474C, 0x6261, 0x4362, 0x6243, 0x4C4B, 0x624C, 0x7A4C, 0x4B62, 0x5340, 0x4040, 0x1640, 0x4B53,
    0x4B7C, 0x404C, 0x4053, 0x6253, 0x4B4B, 0x424C, 0x5353, 0x4C53, 0x4642, 0x5340, 0x5353, 0x4B53,
    0x4045, 0x4040, 0x5340, 0x4C53, 0x4948, 0x4949, 0x4B4A, 0x4949, 0x4B63, 0x494C, 0x4B16, 0x4916,
    0x3D7B, 0x7C7B, 0x4C7D, 0x7C7D, 0x8A89, 0x8B8A, 0x8A89, 0x8C89, 0x9393, 0x7B94, 0x642A, 0x2A65,
    0x939C, 0x6493, 0x2A64, 0x6564, 0x9393, 0x6466, 0x6464, 0x6565, 0x8A89, 0x8C89, 0x8C41, 0x8C45,
    0x4949, 0x4C4B, 0x4E4D, 0x4F4D, 0x4B4C, 0x6564, 0x4F66, 0x4F4E, 0x657E, 0x297F, 0x4F4F, 0x8080,
    0x8C89, 0x8D8C, 0x8D8C, 0x8E8C, 0x657E, 0x7F7F, 0x7F95, 0x9595, 0x7F64, 0x7F65, 0x957F, 0x957F,
    0x6565, 0x8080, 0x807F, 0x80A0, 0x8C41, 0x968C, 0x8E45, 0x8E8C, 0x0606, 0xA306, 0xA4A4, 0xA5A4,
    0x0606, 0xA406, 0xA963, 0xA963, 0x0606, 0xA506, 0xA93D, 0x63A9, 0x0606, 0xA406, 0x9CAF, 0x6363,
    0x0606, 0xA406, 0x63A9, 0xA363, 0x0606, 0xA406, 0x3D63, 0xA463, 0x0606, 0xA406, 0x63A9, 0xA33D,
    0x0606, 0xA406, 0x3D63, 0xA463, 0xA4A4, 0xA3A4, 0xA3A4, 0xA3A4, 0x3D63, 0x6363, 0xA963, 0x6363,
    0x6363, 0x63A9, 0xA9A9, 0xA93D, 0x6363, 0x639C, 0x6363, 0x639C, 0xA4A4, 0xA3A4, 0xA4A4, 0xA5A4,
    0x5B5B, 0x5B5B, 0x5B5B, 0x5B5B, 0x2C29, 0x2929, 0x2C29, 0x2C29, 0x5B88, 0x5B5B, 0x5B88, 0x5B5B,
    0xA3A3, 0xA3A3, 0xA4A4, 0xA4A4, 0xA963, 0x6363, 0xA963, 0x3D63, 0x63A9, 0xA93D, 0x633D, 0x63A9,
    0x639C, 0x9CAF, 0x6363, 0x6363, 0xA4A4, 0xA3A4, 0xA4A4, 0xA3A4, 0x5B5B, 0x5B5B, 0x5B5B, 0x5B5B,
    0x2C29, 0x2C29, 0x2929, 0x2929, 0x5B88, 0x5B5B, 0x5B88, 0x5B5B, 0xA4A4, 0xA3A4, 0x06A6, 0x0606,
    0xA9A9, 0x6363, 0x06A4, 0x0606, 0x6363, 0xA93D, 0x06A4, 0x0606, 0x6363, 0x9CAF, 0x06A3, 0x0606,
    0x63A4, 0x6363, 0x06A4, 0x0606, 0xA9A3, 0x6363, 0x06A4, 0x0606, 0xA9A4, 0x63A9, 0x06A4, 0x0606,
    0x63A3, 0x6363, 0x06A4, 0x0606, 0x7A7A, 0x7A4C, 0xA7A7, 0xA7A7, 0x7A9F, 0x7A9F, 0xA77A, 0xA77A,
    0x7C7D, 0xABAB, 0x7CAB, 0xABAB, 0xA7A7, 0xB0A7, 0xA7A7, 0xB0A7, 0x7AB3, 0x7A7A, 0x7A7A, 0xA7A7,
    0xABAB, 0xAB7C, 0xAB7C, 0xAB7C, 0x6859, 0x0B0B, 0x0B0A, 0x270A, 0x5968, 0x0A27, 0x0B0B, 0x5927,
    0xA7A7, 0xA7A7, 0xA7A7, 0x0BA7, 0xA77A, 0xA7A7, 0xA7A7, 0x0BA7, 0xA7AB, 0xA77C, 0xA77C, 0x0BAB,
    0xA7A7, 0xB0A7, 0xA7A7, 0x0A7C, 0x7A7C, 0xB49F, 0x7A4C, 0x20AB, 0x7AAB, 0xB462, 0x7AB4, 0x277C,
    0x7A59, 0xB44C, 0x7A7A, 0x59B9, 0x7C68, 0x7A7A, 0xA77A, 0x28AB, 0x0762, 0x2822, 0x5728, 0x1070,
    0x070C, 0x0808, 0x0A28, 0x0E70, 0x0C0C, 0x2807, 0x0E57, 0x7021, 0x0C0C, 0x0807, 0x2828, 0x0E0E,
    0xB40C, 0x0750, 0x286A, 0x100D, 0x0C50, 0x2350, 0x0D08, 0x1051, 0x070C, 0x0750, 0x570D, 0x6D51,
    0x5007, 0x5008, 0x0A55, 0x100E, 0x1F6D, 0x6F54, 0x1F6F, 0x1A19, 0x1E0F, 0x1E1F, 0x166F, 0x1A53,
    0x0F0E, 0x1913, 0x1619, 0x1A13, 0x7010, 0x1E54, 0x131A, 0x1E1A, 0x7670, 0x1010, 0x5420, 0x190F,
    0x1011, 0x140F, 0x6E14, 0x1919, 0x1E6D, 0x1310, 0x5210, 0x1A19, 0x1012, 0x101A, 0x1B1B, 0x171A,
    0x5312, 0x191F, 0x161A, 0x1A17, 0x1712, 0x1F53, 0x191A, 0x6F53, 0x1E1E, 0x5316, 0x1916, 0x1F13,
    0x131B, 0x1A1A, 0x6F19, 0x1A52, 0x0F1A, 0x1E13, 0x136C, 0x1651, 0x1F17, 0x6F14, 0x6E49, 0x1619,
    0x191A, 0x6F1A, 0x1913, 0x1F16, 0x1B17, 0x1217, 0x191A, 0x1919, 0x531F, 0x191F, 0x1F1F, 0x1A17,
    0x196F, 0x1AA1, 0x161A, 0x1A53, 0x1E1E, 0x531A, 0x1615, 0x1A13, 0x981A, 0x1A49, 0x1319, 0x1E1A,
    0x101F, 0x1349, 0x8F0F, 0x190F, 0x1F15, 0x6F1E, 0x6E1E, 0x1919, 0x1998, 0x121F, 0x1913, 0x1A19,
    0x1A53, 0x1E17, 0x151D, 0x1719, 0x5312, 0x1A49, 0x131E, 0x1013, 0x1912, 0x1319, 0x1214, 0x0E12,
    0x131E, 0x191A, 0x1A1F, 0x706D, 0x131B, 0x1E6F, 0x1012, 0x0F11, 0x0F1A, 0x1013, 0x100E, 0x1055,
    0x1F17, 0x1410, 0x764A, 0x101E, 0x191A, 0x141F, 0x1210, 0x704A, 0x1B17, 0x1115, 0x1211, 0x1011,
    0x1044, 0x2847, 0x0707, 0x0C07, 0x510E, 0x0951, 0x0708, 0x0C07, 0x5757, 0x5757, 0x0709, 0x0C0C,
    0x210F, 0x0957, 0x2208, 0x0C22, 0x2551, 0x0728, 0x2269, 0x0CB4, 0x440F, 0x2308, 0x6907, 0x0C07,
    0x5144, 0x0828, 0x0750, 0x0C0C, 0x5712, 0x230A, 0x0708, 0x0C07, 0x5312, 0x2F5D, 0x1B3C, 0x1528,
    0x6463, 0x3C5D, 0x125C, 0x440E, 0x39AC, 0x3C71, 0x1275, 0x2128, 0x0F0E, 0x7531, 0x1B3F, 0x2128,
    0x1E10, 0x3C5D, 0x1275, 0x4757, 0x1B17, 0x3C5D, 0x105C, 0x6128, 0x0F0A, 0x755D, 0x1275, 0x4728,
    0x1B97, 0x725D, 0x122F, 0x610E, 0x9717, 0x9717, 0x1F26, 0x4744, 0x131E, 0x1E12, 0x4470, 0x4744,
    0x7021, 0x7051, 0x4451, 0x4761, 0x5151, 0x2151, 0x4751, 0x6161, 0x476B, 0x4747, 0x2828, 0x6161,
    0x6147, 0x2547, 0x6128, 0x6A61, 0x4A61, 0x7070, 0x4744, 0x4747, 0x7047, 0x104A, 0x1312, 0x4770,
    0x1970, 0x9717, 0x9717, 0x441F, 0x7044, 0x4470, 0x7010, 0x4770, 0x7047, 0x1E70, 0x1010, 0x4444,
    0x2121, 0x5151, 0x0E51, 0x2151, 0x4761, 0x5728, 0x476B, 0x4728, 0x6161, 0x2547, 0x6147, 0x6128,
    0x7047, 0x4A10, 0x7010, 0x4721, 0x104A, 0x4949, 0x4A12, 0x7013, 0x7047, 0x1A1F, 0x1F19, 0x7044,
    0x4444, 0x704A, 0x1013, 0x7013, 0x4447, 0x1051, 0x1010, 0x7070, 0x4721, 0x2151, 0x4451, 0x2151,
    0x2861, 0x4725, 0x4725, 0x4747, 0x6A61, 0x6147, 0x6128, 0x6147, 0x4A44, 0x1F13, 0x1F49, 0x4770,
    0x1F4A, 0x4916, 0x491F, 0x701F, 0x7044, 0x1A13, 0x191A, 0x9813, 0x4444, 0x1313, 0x1012, 0x4470,
    0x7047, 0x1310, 0x1013, 0x4744, 0x4447, 0x1010, 0x4411, 0x4744, 0x476A, 0x5144, 0x4747, 0x2825,
    0x0761, 0x250D, 0x6147, 0x6147, 0x4761, 0x4747, 0x7044, 0x4744, 0x4747, 0x4770, 0x4744, 0x6147,
    0x5D47, 0x3C75, 0x2812, 0x1A17, 0x5D47, 0x753C, 0x5712, 0x3D5E, 0x5D61, 0x3C75, 0x2810, 0x3836,
    0x5D61, 0x752F, 0x2812, 0x570E, 0x716A, 0x7572, 0x0A12, 0x1E1E, 0x3061, 0x5F5C, 0x2812, 0x3617,
    0x7461, 0x7572, 0x0A12, 0x110E, 0x3061, 0x5C3C, 0x2812, 0x1715, 0x996E, 0x1014, 0x8F6E, 0x6E8F,
    0x984A, 0x9854, 0x6E99, 0x5499, 0x9954, 0x8F54, 0x138F, 0x8F99, 0x9914, 0x541F, 0x6F8F, 0x541F,
    0x6E6E, 0x9998, 0x6F49, 0x5470, 0x5414, 0x8F8F, 0x5498, 0x146F, 0x6C13, 0x1054, 0x546D, 0x9876,
    0x9819, 0x8F10, 0x6D4A, 0x1F1F, 0x996E, 0x7054, 0x8F44, 0x708F, 0x988F, 0x988F, 0x6E99, 0x5499,
    0x9954, 0x8F54, 0x8F8F, 0x5499, 0x9954, 0x5449, 0x498F, 0x541F, 0x106E, 0x994A, 0x986F, 0x8F6E,
    0x6E13, 0x8F4A, 0x5498, 0x1498, 0x6D98, 0x5454, 0x546D, 0x1F76, 0x9819, 0x1410, 0x6D14, 0x1A1F,
    0x3F2D, 0x3430, 0x2F3F, 0x2D2D, 0x5C30, 0x325D, 0x2D2F, 0x5C2D, 0x302D, 0x5D32, 0x5C5C, 0x2D5C,
    0x2D5D, 0x5D2D, 0x2F30, 0x305C, 0x325D, 0x325C, 0x335D, 0x5C2D, 0x5D2D, 0x5C33, 0x332D, 0x2D82,
    0x2D5C, 0x3332, 0x2D33, 0x3132, 0x2D2D, 0x332D, 0x2D82, 0x2E33, 0x2E5C, 0x2E2F, 0x3231, 0x2E2D,
    0x5C5C, 0x2F2D, 0x5D32, 0x2D2D, 0x5C2D, 0x5C2F, 0x5D32, 0x2E2D, 0x5C33, 0x2D2F, 0x2D82, 0x322D,
    0x2D2F, 0x5D2E, 0x5C33, 0x5D33, 0x5D2D, 0x2D32, 0x2E2D, 0x5C5D, 0x325D, 0x335C, 0x5D33, 0x5C2D,
    0x3333, 0x5D2D, 0x5C32, 0x5C2E, 0x9077, 0x8483, 0x3636, 0x3838, 0x0B0B, 0x3984, 0x3936, 0x3838,
    0x2735, 0xAD36, 0x1836, 0x3818, 0x0B83, 0x3959, 0x3639, 0x3A39, 0x5935, 0x3927, 0x3939, 0x3839,
    0x8368, 0x5936, 0x3936, 0x389A, 0x9077, 0x3983, 0x3939, 0x9A37, 0x0B0A, 0x3959, 0x3984, 0x3738,
    0x3B38, 0x3CA8, 0x333D, 0x4388, 0x3A9B, 0x92AA, 0x325E, 0x2D5C, 0x3A38, 0x5F92, 0x327B, 0x2E2D,
    0x92AA, 0xAA72, 0x3C5D, 0x325C, 0x3BB5, 0x7BAA, 0x2F3F, 0x5D71, 0x2B92, 0xAA5A, 0x3FB8, 0x5C5D,
    0x5A7E, 0x5A3A, 0x323F, 0x5C3C, 0xAA3B, 0x7B87, 0xB833, 0x5C2E, 0x4044, 0x4040, 0x5353, 0x5353,
    0x4949, 0x4A49, 0x4A49, 0x4A49, 0x164A, 0x4949, 0x4949, 0x4949, 0x4C61, 0x4C4B, 0x4C62, 0x4C4C,
    0x7E9A, 0x7E7F, 0x644F, 0x7E80, 0x917F, 0xA07F, 0x4F64, 0x804F, 0x80A0, 0xA0A0, 0x4F4D, 0xA0A0,
    0x8EB2, 0x8E8E, 0xBA8E, 0xBBBA, 0x5353, 0x5353, 0x1699, 0x4C53, 0x4A49, 0x4A49, 0x4949, 0x4C49,
    0x4949, 0x4949, 0x494A, 0x4B49, 0x4C4C, 0x4C4C, 0x7C62, 0x7C4B, 0x7E80, 0x7E9A, 0x7EA0, 0x644F,
    0x8080, 0x8080, 0x8080, 0x804F, 0xA0A0, 0x4DA0, 0x80A0, 0x4F4D, 0xBBBA, 0xBBBA, 0xBA8E, 0x8E8E,
    0xA966, 0x4E4E, 0x6464, 0x644F, 0x644E, 0x4E4E, 0x4F4E, 0x4F64, 0x4E4E, 0x4E4F, 0x644F, 0x4F4F,
    0x8B8B, 0x8C8B, 0x8CB1, 0x8E8C, 0x4F4F, 0x644F, 0x9595, 0x9595, 0x4F4F, 0x4F4F, 0xA07F, 0xA07F,
    0x4F4F, 0x4F4D, 0xA095, 0x95AE, 0x8E8E, 0xBA8E, 0xBA8E, 0xBA8E, 0x4E4F, 0x4E4F, 0x7F4F, 0x7F95,
    0x4F65, 0x4F65, 0x954F, 0x9595, 0x4F4F, 0x4F4F, 0x7F4D, 0xA0AE, 0x8E8C, 0x8E8C, 0x8EB2, 0x8E8E,
    0x9595, 0x9586, 0x95B6, 0x95B7, 0x95A0, 0x95A0, 0xB795, 0xB795, 0x95AE, 0xAEB7, 0xAEAE, 0xAEB7,
    0xBA8E, 0xBA8E, 0xBA8E, 0xBC8E, 0x0606, 0xA406, 0x3D63, 0xA3A9, 0x0606, 0xA406, 0xA963, 0xA363,
    0x0606, 0xA406, 0x6363, 0xA3A9, 0x0606, 0xA406, 0x639C, 0xA363, 0x0606, 0xA406, 0x6363, 0xA33D,
    0x0606, 0xA406, 0xA99C, 0xA3A9, 0x0606, 0xA406, 0x6363, 0xA33D, 0x0606, 0xA406, 0xA99C, 0xA363,
    0x0606, 0xA406, 0xA9A9, 0xA3A9, 0x0606, 0xA406, 0xA963, 0xA463, 0x0606, 0xA406, 0xA963, 0xA3A9,
    0x0606, 0xA406, 0x3D63, 0xA363, 0x0606, 0xA406, 0x63A9, 0xA3A9, 0x0606, 0xA406, 0xA963, 0xA363,
    0x0606, 0xA406, 0x6363, 0xA33D, 0x0606, 0xA406, 0x639C, 0xA363, 0x63A3, 0x633D, 0x069C, 0x0606,
    0xA9A3, 0x6363, 0x06A4, 0x0606, 0x63A3, 0x63A9, 0x069C, 0x0606, 0xA9BE, 0x6363, 0x06A3, 0x0606,
    0x3DA3, 0x6363, 0x06A4, 0x0606, 0x3DBE, 0x6363, 0x06A5, 0x0606, 0xA9A3, 0x9CA9, 0x06A4, 0x0606,
    0x63BE, 0x6363, 0x06A5, 0x0606, 0x63A6, 0x633D, 0x069C, 0x0606, 0xA963, 0x63A9, 0x06A4, 0x0606,
    0x6363, 0x633D, 0x06A4, 0x0606, 0x639C, 0x63A9, 0x06A5, 0x0606, 0xA4A6, 0xA3AF, 0x06A4, 0x0606,
    0x5B5B, 0x5B5B, 0x065B, 0x0606, 0x2C2C, 0x2B29, 0x065B, 0x0606, 0x5B5B, 0x5B5B, 0x065B, 0x0606,
    0x0606, 0xA406, 0x3D63, 0xA363, 0x0606, 0xA406, 0x6363, 0xA363, 0x0606, 0xA406, 0x6363, 0xA3A9,
    0x0606, 0xA406, 0x639C, 0xA363, 0x0606, 0xA406, 0x6363, 0xA33D, 0x0606, 0xA406, 0x639C, 0xA3A9,
    0x0606, 0xA406, 0x6363, 0xA33D, 0x0606, 0xA406, 0xA99C, 0xA363, 0x500C, 0x076A, 0x0E61, 0x700E,
    0x0C0C, 0x6A07, 0x2828, 0x766D, 0x0C0C, 0x50B4, 0x250D, 0x1047, 0x690C, 0x226A, 0x6B81, 0x446B,
    0x69B4, 0x0969, 0x2547, 0x6B6B, 0x69B4, 0x0D07, 0x2128, 0x6B76, 0x22B4, 0x6A22, 0x470D, 0x7644,
    0x4958, 0x4240, 0x4246, 0x4542, 0x130F, 0x1054, 0x526C, 0x151F, 0x546C, 0x6D10, 0x1354, 0x6F19,
    0x6C70, 0x6D76, 0x6E6E, 0x1954, 0x6D70, 0x766E, 0x146C, 0x6F14, 0x6D55, 0x9844, 0x6E8F, 0x146E,
    0x6D76, 0x1413, 0x6F8F, 0x104A, 0x5476, 0x6E6E, 0x8F6D, 0x5499, 0x4044, 0x4242, 0x4442, 0x6258,
    0x191B, 0x1E1F, 0x1614, 0x1952, 0x996F, 0x541F, 0x1398, 0x1319, 0x8F19, 0x6E6E, 0x1414, 0x1954,
    0x546F, 0x6E8F, 0x146C, 0x9814, 0x1470, 0x1954, 0x7049, 0x6C6E, 0x5414, 0x6F19, 0x9998, 0x6E8F,
    0x996E, 0x148F, 0x6F54, 0x5499, 0x494A, 0x6F54, 0x6E99, 0x5499, 0x191A, 0x131F, 0x1914, 0x1516,
    0x996F, 0x1498, 0x1313, 0x6F19, 0x1449, 0x6E6D, 0x5414, 0x1954, 0x546F, 0x6D8F, 0x8F14, 0x6F14,
    0x546E, 0x166E, 0x5499, 0x146E, 0x5414, 0x6F19, 0x996F, 0x1098, 0x9954, 0x548F, 0x6F6E, 0x5499,
    0x994A, 0x998F, 0x1499, 0x5499, 0x191B, 0x1499, 0x136E, 0x106C, 0x996F, 0x6E13, 0x6E14, 0x514A,
    0x1419, 0x6D6D, 0x6D6E, 0x1044, 0x546F, 0x6D54, 0x6E6C, 0x446D, 0x1470, 0x6F6E, 0x6D8F, 0x7676,
    0x5414, 0x141F, 0x1454, 0x216D, 0x996E, 0x6C8F, 0x546E, 0x766E, 0x494A, 0x8F70, 0x448F, 0x7654,
    0x5120, 0x0D57, 0x0750, 0x0C0C, 0x7651, 0x0D6B, 0x0C6A, 0x0C07, 0x6B51, 0x6A6A, 0x6950, 0x0CB4,
    0x6B51, 0x6A6B, 0x226A, 0x0C0C, 0x476B, 0x4761, 0x690D, 0xB4B4, 0x6B76, 0x0D0E, 0x500D, 0xB40C,
    0x6D21, 0x0D6B, 0x2267, 0xB40C, 0x4444, 0x2525, 0x6928, 0xB422, 0x5909, 0x3C5D, 0x1272, 0x4709,
    0x090A, 0x7531, 0x125C, 0x470E, 0x0A57, 0x3F71, 0x123C, 0x4468, 0x0A0E, 0x755D, 0x1B74, 0x700A,
    0x0B0A, 0x337B, 0x7556, 0x4428, 0x8327, 0x6125, 0x2525, 0x4425, 0x0959, 0x7044, 0x4447, 0x706A,
    0x0A28, 0x4751, 0x6147, 0x7061, 0x4970, 0x1F49, 0x1916, 0x7012, 0x1753, 0x6060, 0x8560, 0x1F96,
    0x4585, 0x4540, 0x4240, 0x1F9E, 0x4545, 0x4141, 0x4189, 0x7045, 0x4149, 0x8941, 0x458C, 0x704A,
    0x4549, 0x9645, 0x5396, 0x7060, 0x4596, 0x418C, 0x89BF, 0x1F41, 0x4189, 0x4189, 0x8989, 0x4589,
    0x4910, 0x1F49, 0x491F, 0x1349, 0x5353, 0x6060, 0x1796, 0x1960, 0x4160, 0x4145, 0x4545, 0x1645,
    0x4540, 0x4142, 0x4541, 0x4A40, 0x1970, 0x4540, 0x9645, 0x9816, 0x4160, 0x4189, 0x4189, 0x7053,
    0x899E, 0x8941, 0x8941, 0x49BF, 0x8941, 0x8989, 0x8988, 0x6089, 0x1913, 0x161A, 0x161F, 0x491F,
    0x8519, 0x6040, 0x6060, 0x5396, 0x4153, 0x4545, 0x4245, 0x4545, 0x9E60, 0x4545, 0x6045, 0x1F96,
    0x4013, 0x4545, 0x9697, 0x979D, 0x4519, 0x8946, 0x8989, 0x4589, 0x8896, 0x8989, 0x8989, 0x4141,
    0x8845, 0x8988, 0x8988, 0x4189, 0x1047, 0x4A10, 0x7070, 0x4410, 0x534A, 0x4A16, 0x494A, 0x491F,
    0x4098, 0x1619, 0x5319, 0x5353, 0x5349, 0x5360, 0x6040, 0x5360, 0x7070, 0x4597, 0x4060, 0x4060,
    0x704A, 0x5353, 0x9760, 0x1F96, 0x1970, 0x601F, 0x6097, 0x7026, 0x9640, 0x9645, 0x9696, 0x5396,
    0x3261, 0x5C3C, 0x5710, 0x0A0A, 0x3247, 0x5C3F, 0x6811, 0x0A0A, 0x5D44, 0x5C2D, 0x5711, 0x0A0A,
    0x5D49, 0x3C3C, 0x5736, 0x0A0A, 0x5D70, 0x333F, 0x2875, 0x0A0B, 0x6144, 0x6128, 0x6147, 0x0B59,
    0x7044, 0x4470, 0x6147, 0x5908, 0x444A, 0x4744, 0x6147, 0x090A, 0x1613, 0x8F1F, 0x1A54, 0x9899,
    0x1215, 0x1E15, 0x191E, 0x191A, 0x1518, 0x1A16, 0x1913, 0x1912, 0x1952, 0x131A, 0x1F1A, 0x1219,
    0x1E19, 0x5410, 0x1413, 0x1513, 0x131A, 0x101A, 0x6F1E, 0x1F1E, 0x1213, 0x171E, 0x1316, 0x1E14,
    0x1F1A, 0x1A53, 0x1719, 0x1E1F, 0x1A54, 0x1398, 0x1A54, 0x981A, 0x6F19, 0x1319, 0x5212, 0x151A,
    0x1715, 0x1E1A, 0x151C, 0x1716, 0x191A, 0x141A, 0x1F1A, 0x1A19, 0x1C16, 0x106E, 0x141E, 0x1713,
    0x131A, 0x101A, 0x121E, 0x1A12, 0x1E11, 0x534A, 0x1E19, 0x1110, 0x1A1A, 0x1953, 0x1515, 0x131A,
    0x2E2D, 0x2E2F, 0x3231, 0x2E2D, 0x79B8, 0x5F88, 0x7B2E, 0x885C, 0x798A, 0x2F5F, 0x325E, 0x885C,
    0x872E, 0x795F, 0xB85D, 0x2E79, 0xB892, 0x5EB8, 0x3E29, 0x5E88, 0x5E79, 0x872E, 0x8A87, 0x3E5E,
    0x2E78, 0x8A92, 0x2E3C, 0x9EAA, 0x8A8A, 0x29BF, 0x9E5A, 0x9287, 0x2D2D, 0x3433, 0x2F2D, 0x2D2E,
    0x792D, 0x2E32, 0xB82F, 0x79B8, 0x88B8, 0x325E, 0x793E, 0xB85F, 0x795E, 0x7BB8, 0x9E89, 0x5A79,
    0x2E71, 0x2E9E, 0x882B, 0x3E8A, 0x5E3E, 0x3E88, 0x8879, 0x877B, 0x8A92, 0x885B, 0x3E8A, 0x5E5B,
    0xBFBF, 0x5B9E, 0x925E, 0xBF8A, 0x3839, 0x1D36, 0x3837, 0x3739, 0x7172, 0x1B32, 0x3739, 0x38A8,
    0x34A8, 0x1734, 0x3739, 0x38BD, 0xA836, 0x089D, 0x3984, 0x8685, 0x080D, 0x0D07, 0x3639, 0x7338,
    0x9251, 0x1228, 0x3936, 0x9A37, 0x3219, 0x2838, 0x3739, 0xA3C0, 0x8511, 0x2885, 0x9A28, 0xC2A3,
    0x3A37, 0x3D3C, 0x5F88, 0x2D2D, 0x3A3A, 0x3F5E, 0x3C5F, 0x5C5C, 0x3B3A, 0x5E78, 0x795F, 0x2D2F,
    0x3A73, 0x7B87, 0x2F88, 0x335C, 0x7391, 0x2E92, 0x2E7B, 0x5C3C, 0x2B9B, 0x3B3C, 0x563C, 0x2D31,
    0x379A, 0x3F5A, 0x5C5A, 0x5D7B, 0xC0C0, 0x379A, 0x3737, 0x3837, 0x2E5C, 0x432F, 0x3231, 0x2E2D,
    0x5C5C, 0x2F2D, 0x5D32, 0x2D2D, 0x5C5C, 0x5C2F, 0x5D32, 0x2D2D, 0x5C32, 0x5C79, 0x2D82, 0x3246,
    0x2D2F, 0x5D2E, 0x5C32, 0x5D30, 0x5D2D, 0x2D32, 0x2D2D, 0x5C31, 0xA8C1, 0xA838, 0x546E, 0x6F10,
    0xA89B, 0x6EA8, 0x8F6F, 0x97C3, 0x2D2D, 0x3433, 0x2F2D, 0x2D2D, 0x5C2E, 0x335D, 0x2D2F, 0x5C2D,
    0x302D, 0x5D32, 0x5C2F, 0x2D2F, 0x2D5D, 0x5D2D, 0x2F43, 0x335C, 0x3332, 0x332F, 0x305D, 0x5C2D,
    0x5D5C, 0x5C33, 0x332D, 0x2D82, 0x6F8F, 0x6F8F, 0x6F6F, 0x6F8F, 0x97C3, 0x97C3, 0x97C3, 0x97C3,
    0x2E5C, 0x2D2F, 0x3331, 0x2E2D, 0x5C5C, 0x2F2D, 0x5D33, 0x2D2D, 0x5C5C, 0x2F2F, 0x5D32, 0x2D2D,
    0x5C32, 0x5C2F, 0x2D82, 0x325C, 0x2D2F, 0x5D2E, 0x5C33, 0x5D2E, 0x5D2D, 0x2D32, 0x2D2D, 0x5C31,
    0x6F6F, 0x6F8F, 0x6F6F, 0x6F8F, 0x97C3, 0x97C3, 0x97C3, 0x97C3, 0x2D2D, 0x3433, 0x2F2D, 0x2D2E,
    0x5C2E, 0x335D, 0x2D2F, 0x5C2D, 0x2E2D, 0x5D32, 0x5C2F, 0x2D2F, 0x5C32, 0x5D2D, 0x2F2D, 0x335C,
    0x3332, 0x332F, 0x305D, 0x5C2D, 0x5D5C, 0x5C33, 0x332D, 0x2D82, 0x6F6F, 0x6F8F, 0x518F, 0x5D7B,
    0xC385, 0x97C3, 0x1985, 0x2E6F, 0x0606, 0xA406, 0x3D63, 0xA3A9, 0x0606, 0xA406, 0x3D63, 0xA363,
    0x0606, 0xA406, 0x6363, 0xA363, 0x0606, 0xA406, 0xA963, 0xA463, 0x0606, 0xA406, 0x63A9, 0xA33D,
    0x0606, 0xA406, 0x3D63, 0xA463, 0x0606, 0xA406, 0xA963, 0xA3A9, 0x0606, 0xA406, 0x6363, 0xA363,
    0xA4A4, 0xA3A4, 0x06A6, 0x0606, 0xA963, 0x6363, 0x06A4, 0x0606, 0x6363, 0xA93D, 0xA3A4, 0xA3A4,
    0x6363, 0x9CAF, 0x3D63, 0x3D3D, 0x63A4, 0x6363, 0xA9A9, 0x63A9, 0xA9A3, 0x6363, 0x639C, 0x6363,
    0xA3A4, 0xA49C, 0xA4A3, 0xA49C, 0x5B88, 0x5B5B, 0x5B5B, 0x5B5B, 0x0606, 0xA406, 0x6363, 0xA33D,
    0x0606, 0xA406, 0xA99C, 0xA363, 0xA3A4, 0xA4A3, 0x6363, 0xA3A9, 0x6363, 0x6363, 0x3D63, 0xA363,
    0x3D3D, 0x63A9, 0x63A9, 0xA363, 0x6363, 0x6363, 0x3D63, 0xA463, 0xA49C, 0xA3A4, 0xA4A4, 0xA3A4,
    0x5B88, 0x5B5B, 0x5B88, 0x5B5B, 0x63A6, 0x633D, 0x06A4, 0x0606, 0x63A3, 0x633D, 0x06A4, 0x0606,
    0x63A4, 0x63A9, 0x06A4, 0x0606, 0xA9A3, 0x6363, 0x06A4, 0x0606, 0x3DA4, 0x63A9, 0x06A4, 0x0606,
    0xA9A3, 0x6363, 0x06A4, 0x0606, 0x63A3, 0x633D, 0x069C, 0x0606, 0x63BE, 0x6363, 0x06A5, 0x0606,
    0x63A6, 0x633D, 0x06A4, 0x0606, 0x63A3, 0x633D, 0x06A4, 0x0606, 0x63A4, 0x6363, 0x06A4, 0x0606,
    0xA9A3, 0x6363, 0x06A4, 0x0606, 0x3DA4, 0x63A9, 0x06A4, 0x0606, 0x63A3, 0x6363, 0x06A4, 0x0606,
    0x63A3, 0x633D, 0x069C, 0x0606, 0x63BE, 0x6363, 0x06A5, 0x0606, 0x0606, 0xA406, 0x3D63, 0xA363,
    0x0606, 0xA406, 0x3D63, 0xA363, 0x0606, 0xA406, 0x6363, 0xA363, 0x0606, 0xA406, 0xA963, 0xA463,
    0x0606, 0xA406, 0x63A9, 0xA33D, 0x0606, 0xA406, 0x3D63, 0xA463, 0x0606, 0xA406, 0xA963, 0xA394,
    0x0606, 0xA406, 0x6363, 0xA363, 0x4249, 0x4642, 0x4641, 0x4246, 0x424A, 0x4646, 0x4646, 0x4246,
    0x4616, 0x4346, 0x4346, 0x4246, 0x4640, 0x4646, 0x4343, 0x4243, 0x4653, 0x4346, 0x4346, 0x4246,
    0x4645, 0x4346, 0x4343, 0x4243, 0x4645, 0x4346, 0x4343, 0x462E, 0x4642, 0x4346, 0x4343, 0x4643,
    0x404A, 0x4242, 0x4240, 0x6240, 0x4049, 0x4242, 0x4242, 0x6242, 0x4253, 0x4242, 0x4642, 0x6246,
    0x4240, 0x4242, 0x4642, 0x6243, 0x4253, 0x4242, 0x4642, 0x0746, 0x4240, 0x4242, 0x4642, 0x4743,
    0x424A, 0x4142, 0x4342, 0x6146, 0x4261, 0x4241, 0x4346, 0x4743, 0x996E, 0x8F6E, 0x5454, 0x548F,
    0x957F, 0xB195, 0xB1B2, 0x95B2, 0xCACA, 0x1CCA, 0x1111, 0x6D11, 0x6B6B, 0x2547, 0x6B25, 0x6B6B,
    0x4447, 0x2147, 0x7676, 0x7621, 0x6D6C, 0x6C1E, 0x6D14, 0x6D14, 0x6B0D, 0x6B25, 0x2525, 0x6B6B,
    0x6D6C, 0x766E, 0x6D76, 0x6D6D, 0x996E, 0x8F6E, 0x546E, 0x5498, 0x8E5B, 0xB2B1, 0xB265, 0x95B1,
    0x6CCA, 0x1111, 0x1CCA, 0x1D11, 0x256B, 0x6B6B, 0x6B47, 0x2547, 0x7676, 0x7621, 0x7647, 0x7676,
    0x1114, 0x6E6C, 0x6D11, 0x6C10, 0x7621, 0x7621, 0x250D, 0x6B25, 0x446E, 0x766E, 0x6D76, 0x6E6D,
    0x496E, 0x546E, 0x706E, 0x766E, 0xB17F, 0x8695, 0xB6C6, 0xBCBC, 0xCACA, 0x11CA, 0x6C6C, 0x6B0E,
    0x6B6B, 0x256B, 0x0D0D, 0x6A0D, 0x766B, 0x6B6B, 0x6B6B, 0x2525, 0x6D6C, 0x6D6C, 0x766C, 0x6B0F,
    0x6B0D, 0x250D, 0x0D0D, 0x0D0D, 0x766C, 0x6B6D, 0x7676, 0x6B6B, 0x4447, 0x0D61, 0x6967, 0xB462,
    0xC7B6, 0x5918, 0xC9C8, 0x77C9, 0x6B55, 0x0D0D, 0x500D, 0x5006, 0x696A, 0xB469, 0xB469, 0x7AB4,
    0x0D61, 0x6969, 0xB4CB, 0xB4B4, 0x6B0E, 0x6A25, 0x696A, 0xB450, 0x0D0D, 0x6969, 0xB4B4, 0xB47A,
    0x0D47, 0x690D, 0x6950, 0xB4B4, 0x0B09, 0x4747, 0x6147, 0x4A6A, 0x5968, 0x4744, 0x6121, 0x8F61,
    0x090A, 0x4747, 0x4747, 0x616A, 0x0A0A, 0x4747, 0x6147, 0x6761, 0x0B0A, 0x6147, 0x6767, 0x6A67,
    0x830B, 0x6761, 0xCB69, 0x6961, 0x0959, 0x6969, 0xCBCB, 0x7A69, 0x5928, 0x226A, 0x6A6A, 0x5961,
    0x89BF, 0x8989, 0x898A, 0x9E89, 0x8945, 0x8988, 0x8989, 0x4588, 0x1B44, 0xC31B, 0x1517, 0x7013,
    0x5747, 0x2857, 0x6157, 0x6761, 0x0767, 0x6A6A, 0x2267, 0x6969, 0x6967, 0x6967, 0x6967, 0x6967,
    0xCB9F, 0x9F9F, 0x9F9F, 0x9F9F, 0x0A09, 0x0A0A, 0x0A0A, 0x090A, 0x89BF, 0x8889, 0x8889, 0x9689,
    0x8989, 0x8988, 0x8989, 0x9789, 0x8D97, 0x9696, 0x1F15, 0x7010, 0x2828, 0x2847, 0x2857, 0x6147,
    0x6A62, 0x0D6A, 0x6A6A, 0x6969, 0x6967, 0x6967, 0x6967, 0x6967, 0x9F9F, 0x9F9F, 0xCBCB, 0xCB9F,
    0x5928, 0x0A0B, 0x0A0B, 0x590B, 0x8896, 0x8989, 0x8989, 0x4189, 0x8996, 0x8941, 0x4189, 0x969E,
    0x1070, 0x1910, 0x1A19, 0x104A, 0x2828, 0x6B47, 0x4747, 0x6157, 0x0762, 0x616A, 0x076A, 0x676A,
    0x6967, 0x6967, 0x6967, 0x6967, 0xCB9F, 0xCB9F, 0xCB9F, 0xCB9F, 0x0A09, 0x0A0B, 0x0A0A, 0x090E,
    0x8997, 0x9696, 0x9696, 0x9696, 0xBF40, 0x9696, 0x9796, 0x9696, 0x4447, 0x1E70, 0x1310, 0x5170,
    0x6161, 0x5757, 0x2151, 0x6A47, 0x6769, 0x2822, 0x6A6A, 0x2222, 0x6967, 0x6967, 0x6967, 0x6922,
    0xCB9F, 0x9F9F, 0x9F9F, 0x9F9F, 0x5928, 0x0A0B, 0x0A0B, 0x590B, 0x448F, 0x4747, 0x6A61, 0x0A0B,
    0x2149, 0x4721, 0x6A47, 0x0B0A, 0x4428, 0x4747, 0x6161, 0x0A68, 0x4707, 0x6147, 0x6161, 0x0A0A,
    0x4769, 0x6767, 0x6A67, 0x0A0B, 0x6167, 0xCB67, 0x6A69, 0x0B59, 0x67A7, 0xCBCB, 0x229F, 0x5908,
    0x6A09, 0x226A, 0x6A6A, 0x080A, 0x531E, 0x1A19, 0x1912, 0x6F16, 0x161F, 0x151A, 0x1353, 0x1FA1,
    0x5312, 0x1949, 0x191A, 0x1A19, 0x1912, 0x1253, 0x191A, 0x1E17, 0x1313, 0x531F, 0x1916, 0x494A,
    0x131B, 0x1A1A, 0x131A, 0x1252, 0x0F12, 0x1313, 0x136C, 0x1A51, 0x1F17, 0x1E10, 0x1012, 0x1A19,
    0x5313, 0x1F1A, 0x1913, 0x4919, 0x191F, 0x191A, 0x1253, 0x1A53, 0x531F, 0x1649, 0x1F1F, 0x1A19,
    0x196F, 0x1F19, 0x161A, 0x1253, 0x1E13, 0x531A, 0x1619, 0x1A13, 0x131A, 0x1A49, 0x131A, 0x1E1A,
    0x101F, 0x4A13, 0x130F, 0x1920, 0x1F15, 0x6F11, 0x101E, 0x1919, 0xBF92, 0x2AAA, 0x8D8B, 0xBFBF,
    0x8D8B, 0xAA5A, 0x928D, 0x9B9E, 0xB195, 0xB1B1, 0x958C, 0x958E, 0x1C1D, 0x111D, 0x11CA, 0x76CA,
    0x6B61, 0x6B28, 0x6B25, 0x6B25, 0x7676, 0x6B76, 0x7676, 0x7676, 0x6C6D, 0x6C6C, 0x6C6C, 0x0F6E,
    0x6B25, 0x256B, 0x256B, 0x6B76, 0x8B92, 0x3E96, 0x8A2C, 0x8792, 0x9B92, 0xC19E, 0x5B8A, 0x929E,
    0x8E95, 0xB2B2, 0xB17F, 0x95B2, 0x0F1B, 0x6CCA, 0x111D, 0x1DCA, 0x2525, 0x6B25, 0x6B25, 0x2525,
    0x7676, 0x2176, 0x2176, 0x7676, 0x1C6C, 0x6C6D, 0x6C6C, 0x6C6D, 0x7676, 0x0E76, 0x2525, 0x6B25,
    0x3339, 0x2871, 0x9A25, 0xC5C4, 0x71A1, 0x5832, 0xC06A, 0xC5C2, 0x3236, 0x1D56, 0xC022, 0xC5C2,
    0x3385, 0x5832, 0xA39A, 0xC5C5, 0x3236, 0x1D56, 0xC5A5, 0xC5C2, 0x1B85, 0x5836, 0xC09A, 0xC5C5,
    0xA839, 0x5836, 0xC037, 0xC5C4, 0x3272, 0x1B32, 0x9A37, 0xC5C2, 0xA5C4, 0x3771, 0x9AA4, 0xA8C1,
    0xC2C5, 0xC0A3, 0xA89A, 0x719A, 0xC5C2, 0xC0A4, 0xA8C0, 0x7171, 0xC5C5, 0xA4C2, 0x73C0, 0x6364,
    0xC5C2, 0xA5C2, 0x7371, 0x6371, 0xC5C5, 0xC2C5, 0xAFC0, 0xCCCC, 0xC5C2, 0xC2C2, 0x63C0, 0xCCC4,
    0xC5C5, 0xA4C2, 0x63C0, 0xCCCC, 0x9A73, 0x9738, 0x9797, 0x9E9E, 0x73C0, 0x8A98, 0x882E, 0x8889,
    0x7371, 0x2E26, 0x2E2B, 0x2E8A, 0x7334, 0x88C3, 0x5E5E, 0x5E2E, 0x7363, 0x5E97, 0x5E78, 0x5E88,
    0x7363, 0x5EC3, 0x7B7B, 0x7B7B, 0x7363, 0x7B97, 0x7B7B, 0x7B7B, 0x7334, 0x7BC3, 0x7B7B, 0x7B7B,
    0x9792, 0x9E26, 0x9E92, 0x9E9E, 0x885E, 0x8889, 0x5E5E, 0x5E2E, 0x2E2B, 0x2E8A, 0x5E2B, 0x5E78,
    0x885E, 0x5E2E, 0x7B32, 0x5E5E, 0x5E78, 0x5E88, 0x7B5E, 0x5E78, 0x5E7B, 0x5E5E, 0x7B7B, 0x7B7B,
    0x7B5E, 0x5E78, 0x7B56, 0x7B7B, 0x7B32, 0x5E5E, 0x7B5E, 0x7B7B, 0x9E9E, 0x979E, 0x9792, 0x5F9E,
    0x5E5E, 0x5E2E, 0x5E2E, 0x5E5E, 0x5E56, 0x5E88, 0x5E56, 0x5E78, 0x5E5E, 0x5E5E, 0x7B5E, 0x7B7B,
    0x5E78, 0x5E78, 0x7B5E, 0x5E7B, 0x7B7B, 0x7B32, 0x7B7B, 0x7B7B, 0x7B7B, 0x7B5E, 0x7B5E, 0x7B7B,
    0x7B7B, 0x5E7B, 0x7B32, 0x7B7B, 0x9792, 0x5F9E, 0xC392, 0x6F97, 0x882E, 0x882E, 0x9E2E, 0x6F85,
    0x2E56, 0x2E88, 0x3E88, 0x6F97, 0x885E, 0x5E2E, 0x9E2E, 0x6FC3, 0x8878, 0x5E78, 0x9E88, 0x6F97,
    0x7B7B, 0x7B7B, 0x9E2E, 0x6F85, 0x7B7B, 0x7B5E, 0x3E88, 0x6F97, 0x7B7B, 0x5E7B, 0x9E2E, 0x6FC3,
    0x0606, 0xA406, 0x3D63, 0xA363, 0x0606, 0xA406, 0x3D63, 0x6363, 0x0606, 0xA406, 0x3DA9, 0x63A9,
    0x0606, 0xA406, 0xA963, 0x6363, 0x0606, 0xA306, 0xA4A6, 0xA3A4, 0x0606, 0x5B06, 0x5B5B, 0x5B5B,
    0x0606, 0x5B06, 0x2C2C, 0x2C29, 0x0606, 0x5B06, 0x5B29, 0x5B5B, 0xA4A4, 0xA3A4, 0xA3A3, 0xA3A3,
    0x3DA9, 0x3D3D, 0xA963, 0x6363, 0x633D, 0xA9A9, 0x633D, 0x63A9, 0x6363, 0x6363, 0x6363, 0x6363,
    0xA49C, 0xA4A4, 0xA49C, 0xA49C, 0x5B5B, 0x5B5B, 0x5B5B, 0x5B5B, 0x2C29, 0x2C29, 0x2C2C, 0x2C29,
    0x5B5B, 0x5B5B, 0x5B5B, 0x5B5B, 0xA3A3, 0xA3A3, 0xA3A6, 0xA3A4, 0xA963, 0x6363, 0xA963, 0xA963,
    0x6363, 0xA9A9, 0x3D3D, 0x3D3D, 0x639C, 0x639C, 0x6363, 0x6363, 0xA4A4, 0xA4A4, 0xA4A4, 0xA49C,
    0x5B5B, 0x5B5B, 0x5B5B, 0x5B5B, 0x2C29, 0x2C29, 0x2C2C, 0x2C29, 0x5B5B, 0x5B5B, 0x5B5B, 0x5B5B,
    0xA3A3, 0xA3A3, 0xA3A6, 0xA3A3, 0x6363, 0xA963, 0xA963, 0x6363, 0x63A9, 0x63A9, 0x63A9, 0x3DA9,
    0x6363, 0x639C, 0x639C, 0x639C, 0xA4A4, 0xA4A4, 0xA4A4, 0xA4A4, 0x5B5B, 0x5B5B, 0x5B5B, 0x5B5B,
    0x2C29, 0x2C29, 0x2C29, 0x2C29, 0x5B5B, 0x5B5B, 0x5B5B, 0x5B5B, 0xA3A6, 0xA5A4, 0xA4A4, 0xA3A4,
    0xA963, 0xA963, 0xA963, 0xA463, 0x3D3D, 0x633D, 0xA9A9, 0xA33D, 0x6363, 0x6363, 0x9C63, 0x63AF,
    0xA49C, 0xA3A4, 0x6363, 0x6363, 0x5B5B, 0xA45B, 0x3D63, 0x6363, 0x2C2C, 0xA378, 0xA4A4, 0xA3A4,
    0x5B5B, 0x5B5B, 0x5B5B, 0x5B5B, 0xA4A6, 0xA5A4, 0xA4A4, 0xA3A4, 0x63A4, 0x6363, 0x3D63, 0x3D3D,
    0xA9A4, 0x633D, 0xA963, 0x63A9, 0x9C63, 0x63AF, 0x6363, 0x6363, 0x63A9, 0x6363, 0xA4A4, 0xA4AF,
    0x639C, 0xA963, 0x5BA3, 0x5B5B, 0xA4A3, 0xA39C, 0x2CA4, 0x2C29, 0x5B5B, 0x5B5B, 0x5B5B, 0x5B5B,
    0xA3A6, 0xA3A3, 0xA3A3, 0xA3A3, 0xA9A9, 0x6363, 0xA963, 0x6363, 0xA93D, 0x63A9, 0x6363, 0x6394,
    0x6363, 0x6363, 0x639C, 0x639C, 0xA49C, 0xA4A4, 0xA4A4, 0xA4A4, 0x5B5B, 0x5B5B, 0x5B5B, 0x5B5B,
    0x2C2C, 0x2C78, 0x2C2C, 0x2C29, 0x5B5B, 0x5B5B, 0x5B29, 0x5B29, 0x63A3, 0x633D, 0x069C, 0x0606,
    0x63A3, 0x6363, 0x06A4, 0x0606, 0x63A3, 0x6394, 0x06AF, 0x0606, 0xA9BE, 0x6363, 0x06A3, 0x0606,
    0x3DA3, 0x9C63, 0x06A4, 0x0606, 0x3DBE, 0x6363, 0x06A3, 0x0606, 0xA9A3, 0x9C94, 0x06A4, 0x0606,
    0x63BE, 0x6363, 0x06A5, 0x0606, 0x0606, 0xA406, 0x3D63, 0xA363, 0x0606, 0xA406, 0xA963, 0x639C,
    0x0606, 0xA406, 0xA963, 0x6363, 0x0606, 0xA406, 0xA99C, 0x6363, 0x0606, 0xA306, 0xA4A6, 0xA3A4,
    0x0606, 0x5B06, 0x5B29, 0x5B29, 0x0606, 0x5B06, 0x2A2A, 0x2A2C, 0x0606, 0x5B06, 0x5B29, 0x5B29,
    0x4253, 0x4342, 0x432D, 0x4343, 0x4216, 0x4046, 0x1653, 0x4916, 0x6267, 0x6247, 0x4C4C, 0x4C4B,
    0x5344, 0x4040, 0x4042, 0x4045, 0x4047, 0x4053, 0x4040, 0x4B4C, 0x4070, 0x4040, 0x4040, 0x4B4B,
    0x4070, 0x4040, 0x5353, 0x4642, 0x4058, 0x5340, 0x4040, 0x4040, 0x4047, 0x4140, 0x4346, 0x4746,
    0x474C, 0x6261, 0x4662, 0x6243, 0x4C4B, 0x624C, 0x4C4C, 0x4B62, 0x5340, 0x4040, 0x1640, 0x4B16,
    0x4B7C, 0x404C, 0x4053, 0x6216, 0xB04B, 0x424C, 0x5353, 0x4C53, 0x4642, 0x5340, 0x5353, 0x4B16,
    0x4040, 0x4040, 0x5340, 0x4B53, 0xC611, 0x1818, 0xC8C7, 0x11BC, 0x1C18, 0xACC6, 0xC6AC, 0x181B,
    0x18CE, 0xC612, 0x1BC6, 0xAC18, 0xCEBB, 0x12B5, 0xAC1D, 0xD2AC, 0xB5CE, 0x52C6, 0xD218, 0xACD2,
    0x869B, 0xCF15, 0xD2C1, 0xACBB, 0x1586, 0xB5CF, 0xBBB5, 0xD5D1, 0xC119, 0xB5B5, 0xC1B5, 0x86D7,
    0xC610, 0x18CD, 0xCE1D, 0x1D1D, 0x1118, 0xCFC6, 0x1818, 0x1818, 0xACAC, 0xC61E, 0xD1BA, 0x18CE,
    0xACD2, 0x1ED2, 0xBA86, 0xD1D1, 0xD2AC, 0x1AC6, 0x8613, 0xBBBA, 0x86D5, 0xC31A, 0x1ABB, 0x8E86,
    0x1586, 0xC3C3, 0xC1BB, 0xB11A, 0x9B15, 0xC38D, 0x8E8D, 0x198D, 0x7676, 0x6D6D, 0x6D76, 0x766D,
    0x0D0D, 0x256B, 0x0D25, 0x256B, 0x18CE, 0xC612, 0x1BC6, 0xAC36, 0xCEBB, 0x12B5, 0xAC36, 0xD2AC,
    0xB5CE, 0x52C6, 0xD218, 0xACD2, 0x868E, 0xCF15, 0xD2C1, 0xACBB, 0x1586, 0xB5CF, 0xCFB5, 0xD5D1,
    0xC119, 0xB5B5, 0xC1B5, 0x86D7, 0x6C6D, 0x6D76, 0x766D, 0x6D76, 0x6B76, 0x6B76, 0x0D0D, 0x2525,
    0xACAC, 0xC61E, 0xD1CF, 0x18CE, 0xACD2, 0x1ED2, 0xBA86, 0xD1D1, 0xD2AC, 0x1AC6, 0x861E, 0xBBBA,
    0x86D5, 0xCE1A, 0x1AC3, 0xB586, 0x1586, 0xC3C3, 0xC1BB, 0x861A, 0x9B15, 0xC38D, 0x8E8D, 0x198D,
    0x0909, 0x0808, 0x4A23, 0x4A49, 0x090A, 0x0909, 0x6208, 0x494B, 0x6857, 0x0909, 0x0808, 0x4C08,
    0x680A, 0x0968, 0x0809, 0x0708, 0x680A, 0x6809, 0x6809, 0x6809, 0x0A0B, 0x680A, 0x0968, 0x0968,
    0x0B27, 0x0968, 0x0909, 0x0809, 0x0909, 0x0A27, 0x0A0B, 0x0A0A, 0x5370, 0x4053, 0x5353, 0x4C16,
    0x4A49, 0x5349, 0x1653, 0x4B53, 0x494C, 0x4A4A, 0x534A, 0x4C53, 0x4B08, 0x4A4C, 0x4958, 0x4C4A,
    0x7709, 0x4B08, 0x494B, 0x4B49, 0x0809, 0x0708, 0x7D07, 0x4C4B, 0x0923, 0x0909, 0x6809, 0x0909,
    0x0A0B, 0x0B0B, 0x0B0B, 0x0B0B, 0x5316, 0x4040, 0x5353, 0x4A4A, 0x1653, 0x5340, 0x4A49, 0x4949,
    0x5353, 0x4A4A, 0x494A, 0x4C4C, 0x4958, 0x4A49, 0x4B4C, 0x0708, 0x4949, 0x4B4B, 0x0808, 0x0807,
    0x7D4B, 0x0709, 0x0707, 0x0808, 0x0809, 0x0807, 0x0707, 0x0807, 0x0A0B, 0x0B0B, 0x0B0B, 0x0B27,
    0x4A49, 0x0707, 0x0707, 0x0807, 0x624B, 0x0708, 0x0707, 0x0707, 0x0707, 0x0762, 0x0807, 0x0707,
    0x0808, 0x0708, 0x0808, 0x0708, 0x0707, 0x070C, 0x0807, 0x0807, 0x0707, 0x0708, 0x0707, 0x0808,
    0x0908, 0x0808, 0x0808, 0x0908, 0x0A27, 0x0A0A, 0x0B0A, 0x0B0B, 0x0823, 0x0808, 0x0823, 0x0808,
    0x0707, 0x0707, 0x0707, 0x0708, 0x0707, 0x0807, 0x0807, 0x0707, 0x0708, 0x0707, 0x0707, 0x0707,
    0x0807, 0x0808, 0x0823, 0x0808, 0x0808, 0x0808, 0x0808, 0x0808, 0x6809, 0x6809, 0x0909, 0x0809,
    0x0A0F, 0x680A, 0x0A0A, 0x0B0B, 0x0707, 0x0707, 0x0707, 0x0707, 0x0808, 0x0808, 0x0708, 0x0708,
    0x0707, 0x0807, 0x0723, 0x0707, 0x0707, 0x0707, 0x0707, 0x0808, 0x0707, 0x0707, 0x070C, 0x0707,
    0x0708, 0x0707, 0x0707, 0x0708, 0x0808, 0x0808, 0x6809, 0x6809, 0x0B27, 0x0B0B, 0x0B0B, 0x0B0B,
    0x1612, 0x1E12, 0x1A10, 0x1216, 0x1B17, 0x1217, 0x1912, 0x1919, 0x1915, 0x1E1F, 0x1654, 0x1F1A,
    0x1A1A, 0x5449, 0x1313, 0x131F, 0x1499, 0x6E6E, 0x6C10, 0x1954, 0x101E, 0x1013, 0x146C, 0x9814,
    0x1410, 0x5210, 0x5449, 0x6C6E, 0x5414, 0x131F, 0x9998, 0x6E8F, 0x1913, 0x4912, 0x1A54, 0x1A19,
    0x1A17, 0x1E15, 0x151B, 0x171A, 0x1952, 0x131F, 0x5214, 0x151F, 0x1A1A, 0x6C13, 0x1313, 0x131A,
    0x1449, 0x706D, 0x5410, 0x1954, 0x1013, 0x6D13, 0x1410, 0x1E14, 0x546C, 0x1F70, 0x5499, 0x6C6E,
    0x5414, 0x9819, 0x996F, 0x704A, 0x8150, 0x8123, 0x8150, 0x8150, 0x8177, 0x8155, 0x8177, 0x8155,
    0x2055, 0x2081, 0x90C9, 0xC981, 0x5555, 0x5555, 0x5520, 0x5555, 0xC883, 0xC7C7, 0xC790, 0xC790,
    0xC8AD, 0xC7AD, 0xC7C8, 0xC7CD, 0xB6AD, 0xC8C8, 0xC8C8, 0xC8C8, 0xCECD, 0x52CD, 0xCACE, 0xCA52,
    0x8150, 0x8181, 0x8106, 0x8106, 0x8177, 0x8177, 0x81C9, 0x81C9, 0xC955, 0xC981, 0x90C9, 0x9081,
    0x5555, 0x5576, 0x5555, 0x5555, 0xCA90, 0xCA90, 0x5990, 0x5990, 0xC7C8, 0xC71D, 0xC7C7, 0xC7C7,
    0xC8C8, 0xC8C7, 0xC8C8, 0xC8C7, 0xCACD, 0xCACA, 0xCACA, 0xCACA, 0x3438, 0x1834, 0x3738, 0xA3C0,
    0xA836, 0x089D, 0x3737, 0x9A37, 0x2828, 0x6A6A, 0x3737, 0x3737, 0x726C, 0x1228, 0x3771, 0x3737,
    0x3218, 0x1292, 0x9A9A, 0x379A, 0x8511, 0x2885, 0x9A37, 0xA3C0, 0xA810, 0x2812, 0x9A37, 0xC09A,
    0xA812, 0x2885, 0x3736, 0x9A37, 0xC071, 0x379A, 0x71BD, 0xCCAF, 0x9A9A, 0x3737, 0x7137, 0xCCD0,
    0x9A9A, 0x379A, 0x7337, 0xCC31, 0x3737, 0x9AD3, 0x6337, 0xCCD4, 0x3738, 0x9A38, 0x7138, 0xCCAF,
    0xC2C2, 0xC0A3, 0x739A, 0xD6C0, 0xC0A5, 0x9A9A, 0xA837, 0x7373, 0x9A9A, 0x379A, 0xA837, 0x7373,
    0x7363, 0x7B97, 0x7B5E, 0x7B5E, 0x7363, 0x7BC3, 0x7B7B, 0x7B32, 0x7363, 0x7B97, 0x7B7B, 0x7B5E,
    0x7334, 0x5EC3, 0x7B7B, 0x7B7B, 0x7331, 0x5E97, 0x7B5E, 0x7B5E, 0xA873, 0x8AC3, 0x8A89, 0x8A88,
    0xA873, 0x978F, 0x9E97, 0x9E92, 0xA89A, 0x196D, 0x9719, 0x97C3, 0x7B7B, 0x5E78, 0x5E78, 0x7B7B,
    0x7B7B, 0x5E5E, 0x5E5E, 0x7B32, 0x7B7B, 0x5E78, 0x5E56, 0x7B78, 0x7B7B, 0x5E5E, 0x5E5E, 0x5E5E,
    0x7B5E, 0x5E78, 0x5E78, 0x5E78, 0x2B5E, 0x882E, 0x882E, 0x5E2E, 0x9E9E, 0x9E92, 0x5F9E, 0x9E9E,
    0x97C3, 0x97C3, 0x97C3, 0x97C3, 0x7B5E, 0x5E7B, 0x7B78, 0x7B7B, 0x7B7B, 0x5E7B, 0x5E5E, 0x7B7B,
    0x7B7B, 0x5E7B, 0x5E56, 0x7B78, 0x7B32, 0x7B7B, 0x5E5E, 0x5E5E, 0x7B78, 0x7B7B, 0x5E78, 0x5E78,
    0x785E, 0x5E5E, 0x885E, 0x882E, 0x5F9E, 0x9E92, 0x3E9E, 0x9E92, 0x97C3, 0x97C3, 0x97C3, 0x97C3,
    0x7B5E, 0x5E78, 0x9E88, 0x6F97, 0x7B7B, 0x5E5E, 0x9E2E, 0x6F85, 0x7B7B, 0x5E78, 0x3E88, 0x6F97,
    0x7B7B, 0x882E, 0x9E88, 0x6FC3, 0x7B5E, 0x2E88, 0x9E8A, 0x6F97, 0x882E, 0x8A2E, 0x973E, 0x6F85,
    0x3E9E, 0x9792, 0x1997, 0x6F8F, 0x97C3, 0x97C3, 0x1926, 0x5199, 0x0606, 0x5B06, 0x2C2C, 0x2C78,
    0x0606, 0x5B06, 0x5B5B, 0x5B5B, 0x0606, 0x0606, 0x0606, 0x0606, 0x0606, 0x0606, 0x0606, 0x0606,
    0x0606, 0x0606, 0x0606, 0x0606, 0x0606, 0x0606, 0x0606, 0x0606, 0x0606, 0x0606, 0x0606, 0x0606,
    0x0606, 0x0606, 0x0606, 0x0606, 0x2C7E, 0x2A2C, 0x06B1, 0x0606, 0x5B5B, 0x5B5B, 0x065B, 0x0606,
    0x0606, 0x0606, 0x0606, 0x0606, 0x0606, 0x0606, 0x0606, 0x0606, 0x0606, 0x0606, 0x0606, 0x0606,
    0x0606, 0x0606, 0x0606, 0x0606, 0x0606, 0x0606, 0x0606, 0x0606, 0x0606, 0x0606, 0x0606, 0x0606,
    0x63A6, 0x633D, 0x06A4, 0x0606, 0x63A3, 0x63A9, 0x06A4, 0x0606, 0x63A4, 0x6363, 0x06A4, 0x0606,
    0xA9A3, 0x6363, 0x06A4, 0x0606, 0x3DA4, 0x63A9, 0x06A4, 0x0606, 0x63A3, 0x6363, 0x06A4, 0x0606,
    0x63A3, 0x633D, 0x06A4, 0x0606, 0x63C4, 0x6363, 0x06A3, 0x0606, 0x4070, 0x4053, 0x5353, 0x5353,
    0x4949, 0x4A49, 0x4A4A, 0x4A4A, 0x164A, 0x494A, 0x494A, 0x494A, 0x4C61, 0x4C4B, 0x4C62, 0x4C4C,
    0xBA52, 0x1AB6, 0xBBCE, 0xC3BB, 0xD5BA, 0xCD1C, 0xCEBB, 0xBBCD, 0x1EB6, 0xCF18, 0xBB18, 0x8ECD,
    0xC66F, 0x18BC, 0xBBBA, 0x868E, 0x5399, 0x5353, 0x1699, 0x4C53, 0x4A49, 0x4A4A, 0x4A4A, 0x4C49,
    0x494A, 0x4A4A, 0x494A, 0x4B49, 0x4C4C, 0x4C4C, 0x7C62, 0x7C4B, 0x8ECE, 0x19B1, 0x911F, 0x8D8C,
    0xB18E, 0xC315, 0x1996, 0x8B29, 0x26B1, 0x96BB, 0x8DC1, 0x2917, 0xC115, 0x968D, 0x8D8D, 0x979B,
    0xD715, 0xB5B5, 0xD7B5, 0x1586, 0x9197, 0xB53A, 0x913A, 0xB517, 0x978D, 0x3A91, 0x9791, 0x9BD5,
    0x8D92, 0x9160, 0x9B97, 0x9B3A, 0x879B, 0x607F, 0x3A38, 0x9B9B, 0x29AA, 0x3A85, 0x9B3A, 0x929B,
    0x6078, 0x3A3A, 0x9292, 0xAA9B, 0x2B85, 0x3AAA, 0x3A3B, 0x2BAA, 0x9112, 0x8DD7, 0x8DC3, 0x8D9B,
    0x19B5, 0x3A91, 0xC18D, 0x9B9B, 0x9B9B, 0x9119, 0x9B3A, 0x9BC1, 0x389B, 0x19A2, 0x8B78, 0x8D92,
    0x86C1, 0x537F, 0x2919, 0x9287, 0x293B, 0x8D60, 0x179D, 0x8778, 0x8578, 0x928D, 0x929D, 0x2B17,
    0x9285, 0x925F, 0x9292, 0x6072, 0xD715, 0xB5B5, 0xD7B5, 0x1586, 0x9197, 0xB53A, 0x913A, 0xB517,
    0x978D, 0x3A91, 0x1791, 0x9BB5, 0x8D92, 0x9160, 0x9B97, 0x9B92, 0x879B, 0x607F, 0x3A38, 0x9B9B,
    0x29AA, 0x3A85, 0x9B3A, 0x929B, 0x6078, 0x3A3A, 0x9292, 0xAAD7, 0x2B85, 0x3AAA, 0x3A3B, 0x2BAA,
    0x9112, 0x8DD7, 0x8DC3, 0x8DD7, 0x19C1, 0x3A91, 0xC18D, 0x9B9B, 0x9B9B, 0x9119, 0x9B3A, 0x9BC1,
    0x389B, 0x1986, 0x8B78, 0x8D92, 0x86C1, 0x537F, 0x2919, 0x92A2, 0x293B, 0x8D60, 0x179D, 0x8778,
    0x8578, 0x928D, 0x929D, 0x2B17, 0x9285, 0x925F, 0x9292, 0x6072, 0x4B09, 0x4BA7, 0x7AA7, 0x7AA7,
    0xA768, 0xA74B, 0xA74B, 0xA77A, 0x7C0A, 0xA77C, 0xA77C, 0xAB7C, 0xAB0A, 0xA7A7, 0xA74B, 0xB0A7,
    0x7C0A, 0xB47A, 0x9F4C, 0xA77A, 0xAB0B, 0x9F7A, 0x7AB4, 0xAB7A, 0xAB27, 0x0C7A, 0xB4B4, 0x0B4C,
    0xAB08, 0x7A4B, 0x7A9F, 0x83A7, 0x7AA7, 0x7AA7, 0x4BA7, 0x7AA7, 0x7A7A, 0x7A7A, 0x7A7A, 0x9F7A,
    0x7CAB, 0x7CAB, 0x7CAB, 0x7CAB, 0xA7A7, 0xA7A7, 0xA74B, 0xA74B, 0xA77C, 0x7AA7, 0x7AA7, 0x7A7A,
    0xAB7C, 0x7C7C, 0xAB7C, 0x7C7C, 0x0959, 0x0A68, 0x0A68, 0x5908, 0x0A09, 0x0A0A, 0x0A0A, 0x080A,
    0x9F4C, 0x7A7A, 0x7A4C, 0x7A7A, 0x9FB4, 0x7AB4, 0x7AB4, 0x7AB4, 0x7CAB, 0x7CAB, 0x7CAB, 0x7CAB,
    0xA77A, 0xA74B, 0xA77A, 0xA74B, 0x7A4C, 0x7A7A, 0x7A7A, 0x7A7A, 0x7C7C, 0x7C7C, 0x7C7C, 0x7C7C,
    0x0959, 0x0AC9, 0x0A68, 0x0B77, 0x5909, 0x0A0B, 0x0A0B, 0x830B, 0x7A7A, 0x9F7A, 0x9F7A, 0x9F7A,
    0x7A9F, 0x7A9F, 0x7A9F, 0x7AB4, 0x7CAB, 0x7CAB, 0x7CAB, 0x7CAB, 0xA74B, 0xA7A7, 0xA74B, 0xA7A7,
    0x7A7A, 0x9F7A, 0x7A7A, 0x7A7A, 0x7C7C, 0x7C7C, 0x7C7C, 0x7C7C, 0x0983, 0x0A68, 0x0A68, 0x5908,
    0x0A09, 0x0A0A, 0x0A0A, 0x080A, 0x9F4C, 0x9F7A, 0x9F4C, 0x7A7A, 0x7AB4, 0x7AB4, 0x7A9F, 0x7AB4,
    0x7CAB, 0x7CAB, 0x7CAB, 0x7CAB, 0xA74B, 0xA7A7, 0xA74B, 0xA7A7, 0x7A7A, 0x7A7A, 0x7A7A, 0x7A7A,
    0x7C7C, 0x7C7C, 0x7C7C, 0x7C7C, 0x0959, 0x0AC9, 0x0A68, 0x0B77, 0x5909, 0x0A0B, 0x0A0B, 0x830B,
    0x7A7A, 0x7A7A, 0x7A4C, 0x9F7A, 0x7AB4, 0x7AB4, 0x7AB4, 0x7AB4, 0x7CAB, 0x7CAB, 0x7CAB, 0xABAB,
    0xA74B, 0xA7A7, 0xA7A7, 0xA7A7, 0x7A7A, 0x7A7A, 0x7AA7, 0x7A7A, 0x7C7C, 0x7C7C, 0x7C7C, 0xAB7C,
    0x0927, 0x5568, 0x0A68, 0x5908, 0x0A09, 0x0A0A, 0x0A0A, 0x080A, 0x996E, 0x548F, 0x9854, 0x5449,
    0x4965, 0x9854, 0x6E99, 0x5499, 0x497F, 0x8F6E, 0x4A14, 0x5498, 0x1329, 0x6E13, 0x8F6E, 0x6E98,
    0x9595, 0xB1B1, 0xB1D8, 0xB18E, 0x11CA, 0x11CA, 0x6C11, 0x76CA, 0x6B0D, 0x2528, 0x6B25, 0x2825,
    0x7676, 0x6B76, 0x7676, 0x2176, 0x9954, 0x548F, 0x986E, 0x5499, 0x988F, 0x9854, 0x5499, 0x5499,
    0x996E, 0x8F6E, 0x8F54, 0x5498, 0x8F70, 0x6E4A, 0x8F54, 0x6E98, 0x8EB1, 0xB2B2, 0xB27F, 0xB1B2,
    0x0FCA, 0x6CCA, 0x6C1D, 0x1DCA, 0x2525, 0x6B25, 0x6B28, 0x0D25, 0x7676, 0x4776, 0x2176, 0x6B76,
    0xB7B6, 0xB6B6, 0xB6B6, 0xB6B6, 0xB7AE, 0xB7AE, 0xB6B7, 0xB686, 0xA0A0, 0xA0AE, 0xAEAE, 0xAEAE,
    0x8C8C, 0x8E8C, 0x8E8C, 0xBB8D, 0x6480, 0x4F4F, 0x95B1, 0x2C65, 0x644E, 0x644E, 0x643D, 0x2A7B,
    0x9494, 0xA6A6, 0x3D7B, 0x6464, 0x2E88, 0x892E, 0x8A89, 0x8B89, 0xB6BC, 0xB6B6, 0xD8C8, 0x807F,
    0xB6B7, 0xB6B7, 0x7F4E, 0x957F, 0xAEB7, 0x4E4E, 0x804F, 0xA0A0, 0x8C89, 0x8CB1, 0x8CB2, 0x8E8C,
    0x657F, 0x7F7F, 0x7F95, 0x9595, 0x7E64, 0x7F2C, 0x917F, 0x957F, 0x6565, 0x657E, 0x8080, 0x7F7F,
    0xBF89, 0x8C89, 0x8C8B, 0x8C8C, 0xA851, 0x2817, 0x3759, 0xC09A, 0x1228, 0x250F, 0x1D39, 0x3736,
    0x120D, 0x2557, 0x3739, 0x3937, 0x5128, 0x250E, 0x3908, 0x9A37, 0x510D, 0x2557, 0x510D, 0x0E0E,
    0x0E28, 0x250E, 0x0E6A, 0x0E0E, 0x0E0D, 0x2557, 0x6A6A, 0x0D61, 0x2528, 0x2528, 0x6A58, 0x0E0E,
    0xC0C0, 0x379A, 0xA859, 0x9A38, 0x3737, 0x3737, 0x3636, 0x36A1, 0x3939, 0x39AC, 0x3939, 0x39AC,
    0x9A71, 0x9A9A, 0x9AD3, 0x9A9A, 0x5728, 0x0E28, 0x5721, 0x5728, 0x210E, 0x0E51, 0x5151, 0x0E0F,
    0x6A6A, 0x6A6A, 0x0D0D, 0x0D61, 0x0F11, 0x0F27, 0x1159, 0x5959, 0xA891, 0x5444, 0x6F8F, 0x1952,
    0x3617, 0x5170, 0x446D, 0x5454, 0x3939, 0x39AC, 0x3939, 0x39AC, 0x9AD3, 0x9A9A, 0x9AD3, 0x9A9A,
    0x0E21, 0x5728, 0x5728, 0x570E, 0x0E51, 0x0E51, 0x0E0E, 0x5151, 0x6A6A, 0x6A6A, 0x0D6A, 0x0D0D,
    0x5958, 0x1159, 0x1159, 0x1159, 0x196F, 0x6F52, 0x198F, 0x1952, 0x5454, 0x5170, 0x4470, 0x5470,
    0x3939, 0x39AC, 0x3939, 0x39AC, 0x9A9A, 0x9A9A, 0x9A9A, 0x9A9A, 0x5728, 0x576B, 0x0E21, 0x5728,
    0x0E0F, 0x0E51, 0x0E51, 0x5151, 0x6A0D, 0x0D6A, 0x0D6A, 0x616A, 0x1159, 0x5959, 0x5958, 0x5959,
    0x1952, 0x6F52, 0x198F, 0x1952, 0x5114, 0x6D70, 0x5414, 0x5414, 0x3939, 0x3939, 0x3939, 0x3939,
    0x9A9A, 0x9A9A, 0x9A9A, 0x9A9A, 0x576B, 0x0E6B, 0x0E0E, 0x576B, 0x0E51, 0x516C, 0x0E0F, 0x5151,
    0x0D6A, 0x0D0D, 0x250D, 0x250D, 0x5936, 0x5959, 0x1158, 0x2759, 0x1952, 0x1919, 0x6F8F, 0x6D8F,
    0x516D, 0x5414, 0x516D, 0x3970, 0x3939, 0x3939, 0x3939, 0x3837, 0x9A9A, 0x9AD3, 0x379A, 0x0D37,
    0x0E6B, 0x5151, 0x0F0F, 0x0D0E, 0x510F, 0x5111, 0x0F10, 0x6A0F, 0x250D, 0x616A, 0x0D0D, 0x0D6A,
    0x0F11, 0x6A27, 0x250F, 0x596A, 0x1B11, 0x1111, 0x110F, 0x0E0F, 0x6711, 0x6767, 0xCB67, 0x6161,
    0x4711, 0x6161, 0x6767, 0x6767, 0x670F, 0x6761, 0x6761, 0x6761, 0x6111, 0x6A67, 0x6767, 0x6767,
    0x6159, 0x6147, 0x6161, 0x6161, 0x6127, 0x6767, 0x6767, 0x2567, 0x2536, 0x6761, 0x6761, 0xCB67,
    0x0E21, 0x5151, 0x0F0E, 0x4C0F, 0x2147, 0x2121, 0x2547, 0x7A47, 0x67CB, 0x2567, 0x4761, 0x7A61,
    0x6761, 0xCBCB, 0xCBCB, 0x48CB, 0x6167, 0x4761, 0x2147, 0x7A21, 0x6161, 0xCB6A, 0xCB67, 0x4C67,
    0x216B, 0x2147, 0x4725, 0x7A28, 0x6767, 0x6161, 0x6147, 0x7A47, 0xB0B3, 0x7D7D, 0xB3B0, 0xB348,
    0x48CB, 0x7D7D, 0x4848, 0xA7B3, 0xB3CB, 0x7D7D, 0x48B0, 0xB3B0, 0x4867, 0x7D7D, 0x48B0, 0xB3B0,
    0xB367, 0x7DD9, 0x48B0, 0xB3B0, 0xB361, 0x7D7D, 0xB0B0, 0xA748, 0xB3CB, 0x7DD9, 0x48B0, 0xB348,
    0xB367, 0x7D7D, 0x4848, 0xA7B3, 0xB0A7, 0xB048, 0xAB7C, 0xA7A7, 0xB0A7, 0xB048, 0xABB0, 0xA77A,
    0x4848, 0x48B0, 0xAB7C, 0xB3B3, 0xB0A7, 0x4848, 0xABB0, 0xA79F, 0xB048, 0xA7B0, 0xAB7C, 0xB3B3,
    0xB048, 0x4848, 0xABB0, 0x48CB, 0xB048, 0x48B0, 0xAB7C, 0xB3B3, 0xB0B3, 0xB048, 0xAB4B, 0xA7CB,
    0x5C3C, 0x5C3C, 0x3C3C, 0x5A3C, 0xB8B8, 0x3C3C, 0x3C3C, 0x3C3C, 0x5C2F, 0x5CB8, 0x5C3C, 0xB875,
    0x96A8, 0xA8A8, 0x9D9D, 0xA89D, 0x563F, 0x5C3F, 0x3C3C, 0x3C3C, 0x5656, 0x3C56, 0x3C3C, 0x3C3C,
    0x7156, 0x5A56, 0x5A3C, 0x3C3C, 0x9D9D, 0x9D9D, 0xA845, 0xA8A8, 0x5A3C, 0x2D3C, 0x7156, 0x7156,
    0x3C3C, 0x3C3C, 0x7171, 0x5671, 0x5C75, 0x5C75, 0x5656, 0x563F, 0xA89D, 0xA89D, 0xA89D, 0xA89D,
    0x5C3C, 0x5C3C, 0x5C3C, 0x5C75, 0x3C5A, 0x5C3C, 0x5C3C, 0x5C3C, 0x3F3C, 0x5A3C, 0x3F3C, 0x3F3F,
    0x9D9D, 0x859D, 0x9D9D, 0x9D9D, 0x7171, 0x7156, 0x5656, 0x7156, 0x5656, 0x3F56, 0x3F56, 0x3F3F,
    0x5656, 0x3F3F, 0x3F3F, 0x3F3C, 0xA89D, 0xA89D, 0xA89D, 0xA89D, 0x5C75, 0x5C3C, 0x5675, 0x3F3F,
    0x3C3C, 0x3C2E, 0x563C, 0x5656, 0x3F3F, 0x3F3F, 0x713C, 0x5656, 0x9D9D, 0x9D9E, 0x9D9D, 0x9D9D,
    0x7156, 0xB875, 0xB875, 0xB875, 0x5656, 0xB8B8, 0xB8B8, 0xB85C, 0x563F, 0x2F5F, 0x792F, 0xB875,
    0xA89D, 0x85A8, 0x8585, 0x85A8, 0x3F2D, 0x3F3F, 0x3F2D, 0x563F, 0x3F56, 0x3F3F, 0x3F3F, 0x5656,
    0x5656, 0x563F, 0x563F, 0x7156, 0x9D9D, 0x859D, 0x9D9D, 0x9D9D, 0xCBCB, 0xCBCB, 0x9FB3, 0xB3B3,
    0xB39F, 0xB3CB, 0xB39F, 0xB39F, 0x67CB, 0x67CB, 0xCBCB, 0xB3CB, 0xCB67, 0x6767, 0xCB67, 0xB3CB,
    0xCBCB, 0x6767, 0x67CB, 0xB3CB, 0xCB67, 0xCB67, 0xCBCB, 0xB367, 0x6767, 0xCB9F, 0xCBCB, 0xB3CB,
    0x6761, 0x9FCB, 0xCBCB, 0xB3CB, 0xD7A2, 0xD58E, 0xC6C6, 0xBDBD, 0x9B3B, 0x8E9B, 0xC637, 0xBDD5,
    0x67CB, 0x6767, 0x6767, 0x67CB, 0x4444, 0x4747, 0x4747, 0x4747, 0x6E44, 0x6E6E, 0x4444, 0x4444,
    0xCBCB, 0x6767, 0x6767, 0x6767, 0xCBB3, 0xCB9F, 0xCB9F, 0xCB9F, 0xB34C, 0xB3B3, 0xB34C, 0xA7B3,
    0xC611, 0xACAC, 0xB5AC, 0x1586, 0x1CCE, 0xD2C6, 0x86D5, 0xC115, 0x181D, 0x8611, 0x1BC6, 0xB5D1,
    0x18CD, 0x12BA, 0xAC15, 0x8EB5, 0xCF1D, 0x1BC6, 0xD218, 0xB5B5, 0xC6AC, 0xAC1B, 0xD2D2, 0xBBC1,
    0x12B6, 0xAC18, 0xACD2, 0x9BD1, 0x181E, 0xACAC, 0xACC1, 0x86D5, 0x911A, 0x9B3A, 0x928D, 0x9292,
    0x19B5, 0x8B29, 0x9292, 0x3A92, 0x8D8E, 0x2919, 0x9287, 0x5F92, 0x9B9B, 0x17A2, 0x8778, 0x925F,
    0xD7B5, 0x9791, 0x7E19, 0x3A87, 0x91D7, 0x8D53, 0x179D, 0xAA2B, 0x17B1, 0x8DC1, 0x929B, 0x2B17,
    0x3A17, 0x8D9B, 0x3A92, 0x605F, 0x6485, 0x7573, 0x7337, 0x8571, 0x855F, 0x737B, 0x713C, 0x75A8,
    0x5F5F, 0x6485, 0xA871, 0x753B, 0x5F79, 0x855A, 0x75A8, 0x7373, 0x3C5F, 0x8571, 0xAA3A, 0x75AA,
    0x713C, 0x75A8, 0x7373, 0x3B75, 0x8571, 0x7575, 0x3B73, 0x7372, 0x3B85, 0x75AA, 0x3B73, 0x713C,
    0x64A1, 0x753C, 0x3B5F, 0x5F5F, 0x8575, 0x3C7B, 0x3B2F, 0x755F, 0x7575, 0x64A1, 0x2F3C, 0x755F,
    0x7573, 0x853C, 0x3CC0, 0x3B2F, 0x7337, 0x8571, 0x64A1, 0x753C, 0x713C, 0x9E85, 0x855F, 0x3C7B,
    0xA871, 0x5F92, 0x753B, 0x6485, 0x3C85, 0x5F2F, 0xAA5F, 0x85AA, 0x6485, 0x7573, 0x7337, 0x8571,
    0x855F, 0x737B, 0x713C, 0x75A8, 0x5F5F, 0x6485, 0xA871, 0x753B, 0x5F79, 0x855A, 0x75A8, 0x7373,
    0x3C5F, 0x8571, 0xAA3A, 0x7573, 0x713C, 0x75A8, 0x7373, 0x3B75, 0x8571, 0xAA3B, 0x3B73, 0x7372,
    0x7585, 0x75AA, 0x3B73, 0x713C, 0x64A1, 0x753C, 0x3B5F, 0x925F, 0x8575, 0x3C7B, 0x3B2F, 0x9292,
    0x7575, 0x64A1, 0x5F3C, 0x9292, 0x7573, 0x853C, 0xAA2B, 0x9B92, 0x7337, 0x8571, 0x7E17, 0x92A2,
    0x713C, 0x9D85, 0x179D, 0xBF29, 0x8571, 0x9D9B, 0x929B, 0x9117, 0xAA85, 0x8D92, 0x8C9B, 0x159B,
    0xBDBC, 0xC6BD, 0x3AC6, 0xAA3A, 0xBDBD, 0xD5D5, 0xC6D7, 0xA2A2, 0xD5BC, 0xD5BD, 0xD7C6, 0xA2C6,
    0x1C1B, 0x5252, 0x1515, 0x2626, 0xCF18, 0xC1D1, 0x3ABB, 0xA2C6, 0xCFCF, 0xB5B5, 0x37D5, 0x8686,
    0xB5CF, 0xD5BA, 0x868E, 0x8637, 0x5252, 0x1526, 0x1526, 0x2626, 0x9186, 0xBF92, 0x5F92, 0x875F,
    0xAAAA, 0x92BF, 0x5F87, 0x8779, 0xAAA2, 0x928D, 0x9E92, 0x3E92, 0x1797, 0x2697, 0x9760, 0x9785,
    0x3BA2, 0xAA87, 0x3CAA, 0x7891, 0xA2AA, 0xAAAA, 0xAA5B, 0x785A, 0xAA86, 0x91AA, 0x2991, 0x5673,
    0x9740, 0x9797, 0x9696, 0x96A8, 0xACAC, 0xACAC, 0x39C8, 0xD2D2, 0x18AC, 0xACAC, 0xACD2, 0xD2D2,
    0xAC18, 0xAC18, 0xACAC, 0xACAC, 0x111B, 0x1B1B, 0x1B1B, 0x1B1B, 0xBD39, 0xACD2, 0xACAC, 0xACAC,
    0xBDBD, 0xACBD, 0xACD2, 0xD2D2, 0xBDBD, 0xD2BD, 0xD2D2, 0xD2AC, 0x1B52, 0x1B1D, 0x1B1B, 0x1B1B,
    0xD2C8, 0xD2BC, 0xBDAD, 0xBDBD, 0xD2D2, 0xD2D2, 0xBDB6, 0xBDBD, 0xAC18, 0xAC18, 0xBDBD, 0xBDBD,
    0x1B1B, 0x1B1B, 0x1B1D, 0x1B1B, 0xACAC, 0xACAC, 0xACAC, 0xAC18, 0xACD2, 0xACAC, 0xACAC, 0xACD2,
    0xD2BC, 0xD239, 0xD2BC, 0xD2D2, 0x1B1B, 0x1B1B, 0x1B1B, 0x1B1B, 0xB83B, 0x8787, 0x873A, 0x8B3A,
    0x8779, 0x87B8, 0x8B87, 0x3A8B, 0x793B, 0x875F, 0x8B8B, 0x9B9B, 0x9785, 0x9785, 0x9796, 0x2697,
    0x5A73, 0x8791, 0x8B92, 0x9292, 0x5A78, 0x8729, 0x8B87, 0x3A8B, 0x7878, 0xAA91, 0x8787, 0x3A3A,
    0x969D, 0x96A8, 0x9796, 0x2697, 0xD7D7, 0xD58E, 0xC6C6, 0xBDBD, 0x9B92, 0x8E9B, 0xC637, 0xBCD5,
    0x9B8D, 0xB5C1, 0xC6C6, 0xD2D2, 0x2697, 0x5226, 0x5226, 0x1C52, 0x9B9B, 0xC1B5, 0xBBCF, 0xAC18,
    0x9B3A, 0xB59B, 0xBBB5, 0xACBA, 0xD7D7, 0xD5D5, 0xB5B5, 0xBCBC, 0x2697, 0x5226, 0x5215, 0x1C52,
    0x6363, 0x6363, 0x3D3D, 0x3D3D, 0x6331, 0x6363, 0x3D63, 0x3D3D, 0x3163, 0x633D, 0x3D3D, 0x6464,
    0x882E, 0x8888, 0x8888, 0x8A5B, 0xA5A3, 0x63A4, 0x3D3D, 0x3D64, 0xA3C4, 0x63A3, 0x3D63, 0x3D3D,
    0xBEBE, 0x63A3, 0xA963, 0x3D3D, 0x2E33, 0x882E, 0x8A88, 0x8A8A, 0x6464, 0x6464, 0x664D, 0x4D4D,
    0x643D, 0x6464, 0x4D66, 0x4D4E, 0x2A2A, 0x7E7E, 0x4E4E, 0x4D4D, 0x8B8A, 0x8C8B, 0xD73A, 0xBA8E,
    0x642A, 0x7E7E, 0x7FA0, 0xA095, 0x2A3D, 0x7E2A, 0x7F7E, 0xAE7F, 0x4E64, 0x6464, 0x4F80, 0x4DA0,
    0x8A8A, 0x8C8B, 0x9B8C, 0xBA8D, 0x2E5C, 0x3C5F, 0x5A7B, 0x3A3A, 0x5C5C, 0x5F3C, 0x2B3F, 0x3A3B,
    0x5C5C, 0x3B75, 0x7171, 0x3AA2, 0x5C32, 0xB82F, 0xAA5D, 0x913A, 0x2D2F, 0x7B2D, 0x3A3F, 0x29AA,
    0x5D2D, 0x3C32, 0xAA79, 0x9B2B, 0x5D5D, 0x2E75, 0x785A, 0xA83B, 0x2E33, 0x7B5C, 0x3B5E, 0x9B3B,
    0x3938, 0x3739, 0x2783, 0x350B, 0x393A, 0x3937, 0x5959, 0x7790, 0x3838, 0x3737, 0x2759, 0x68C9,
    0x3973, 0x3739, 0x2736, 0xC90B, 0x3786, 0x3936, 0x5936, 0x770B, 0xB738, 0x3638, 0x5936, 0x7736,
    0x3839, 0x3938, 0x5936, 0x8383, 0xD2A8, 0x3939, 0x2784, 0x7783, 0xBACD, 0xBA1D, 0xD586, 0xBACD,
    0xD1BB, 0xCEBA, 0xB2D5, 0xC1C1, 0xBBBA, 0xC3D1, 0xA2B2, 0xB5B5, 0xC13A, 0xC1C1, 0x8D5B, 0x8BC1,
    0x66C3, 0x6666, 0x664E, 0x6666, 0x669B, 0x6694, 0x6666, 0x66DA, 0x935B, 0x6466, 0x6464, 0x6464,
    0x938B, 0x6493, 0x9393, 0x9493, 0xBBD1, 0x86BA, 0xCECF, 0xBBCF, 0xD1B5, 0x8EA2, 0xBBCE, 0xD1BB,
    0xB5C1, 0xA2D7, 0xC3D1, 0xC1D1, 0xC1A2, 0x918D, 0xC39B, 0xD7C1, 0x664E, 0x6666, 0x664D, 0x6666,
    0x66DA, 0x6694, 0x6666, 0x66DA, 0x6464, 0x6464, 0x6464, 0x6464, 0x9393, 0x9493, 0x9393, 0x9393,
    0xBACD, 0xBA1D, 0xD586, 0xBACD, 0xD1BB, 0xCEC1, 0xB2D5, 0xC1C1, 0xBBC1, 0xC3D1, 0xA2D7, 0xB5B5,
    0xC13A, 0xC1C1, 0xB55B, 0x8BC1, 0x664D, 0x6666, 0x664D, 0x664E, 0x6666, 0x66DA, 0x66DA, 0x66DA,
    0x6464, 0x6464, 0x6464, 0x644F, 0x9393, 0x9393, 0x9393, 0x9393, 0xBBD1, 0x86BA, 0xCECF, 0xBBCF,
    0xD1B5, 0x8EA2, 0xBBCE, 0xD1BB, 0xB5C1, 0xA23A, 0xC3D1, 0xC1D1, 0xC1A2, 0x918D, 0xC39B, 0xD7C1,
    0x664D, 0x664E, 0x664D, 0x664E, 0x6666, 0x6694, 0x66DA, 0x66DA, 0x6464, 0x644F, 0x6464, 0x644F,
    0x9393, 0x9393, 0x9393, 0x9393, 0xBACD, 0xBA26, 0xD586, 0xBACD, 0xD1BB, 0xCEC1, 0xA2D5, 0xC1C1,
    0xC1C1, 0xC3D1, 0x86B2, 0xB5B5, 0xC13A, 0xC1C1, 0xB55B, 0x8BC1, 0x664D, 0x664E, 0x664D, 0x664E,
    0x6666, 0x66DA, 0x6666, 0x6694, 0x6464, 0x644F, 0x6464, 0x644F, 0x9393, 0x9393, 0x9393, 0x9393,
    0xBBD1, 0x95B5, 0xCECF, 0xBABC, 0xD1B5, 0xD5A2, 0xBB18, 0xD1C1, 0xB5C1, 0xA2D7, 0xC3D1, 0xC1D1,
    0xC1A2, 0x918D, 0xC39B, 0xD7C1, 0x664D, 0x6666, 0x664D, 0x6666, 0x66DA, 0x6694, 0x66DA, 0x66DA,
    0x6464, 0x644F, 0xB17F, 0x9466, 0x9393, 0x9393, 0x9564, 0x9393, 0x670E, 0x6767, 0x6767, 0x6167,
    0x611D, 0x6761, 0x6767, 0x6767, 0x6111, 0x6161, 0x6161, 0x6161, 0x4758, 0x6147, 0x6161, 0x6761,
    0x2111, 0x5747, 0x476B, 0x4747, 0x5736, 0x2121, 0x5721, 0x5721, 0x0E58, 0x5121, 0x0E21, 0x5757,
    0x2136, 0x6147, 0x6161, 0x4761, 0x6767, 0xCBCB, 0xCBB3, 0xA7B3, 0x6161, 0x4747, 0x2121, 0x4C51,
    0x6161, 0x6767, 0x6767, 0x4CCB, 0x6767, 0x6767, 0x6767, 0xA761, 0x6767, 0x6167, 0x2561, 0x4C25,
    0x4721, 0x5721, 0x0E0E, 0x7A0E, 0x0A57, 0x2157, 0x2147, 0x4C61, 0x0F0E, 0x0B0F, 0x0F11, 0x4C0F,
    0xB3B3, 0xB07D, 0x4848, 0xB348, 0x48CB, 0x7D7D, 0x4848, 0xA7B3, 0xB3B3, 0x7DD9, 0xB0B0, 0xA748,
    0xA7CB, 0x7D7D, 0x48A7, 0xA7B3, 0xB3B0, 0xB07D, 0xB348, 0xB348, 0x4844, 0x7DB0, 0xB3B3, 0xA7B3,
    0xB3CB, 0x7D7D, 0xB348, 0xB348, 0xA767, 0x7D7D, 0xB3A7, 0xA7B3, 0xB048, 0x4848, 0xAB7C, 0xB3B3,
    0xB048, 0x4848, 0xABB0, 0xB3CB, 0x4848, 0x48B0, 0x7CAB, 0xA7B3, 0xB048, 0x4848, 0xB0B0, 0xA7CB,
    0x4848, 0xB048, 0x7CAB, 0xB3B0, 0x48B3, 0xB048, 0xA7B0, 0xB344, 0x4848, 0x4848, 0x7C7C, 0xB3B3,
    0x48B3, 0xB048, 0xABA7, 0xB3CB, 0x5656, 0x3F3F, 0x3F3F, 0x3F3F, 0x3F3F, 0x3F3F, 0x3F3F, 0x3F56,
    0x563F, 0x563F, 0x563F, 0x563F, 0x9D5F, 0x9D5F, 0x9D5F, 0xA89D, 0x563F, 0x5656, 0xB83C, 0xB875,
    0x3F3F, 0x5656, 0x3C3C, 0x5C3C, 0x7156, 0x5656, 0x3C3C, 0x3C3C, 0x9D9E, 0xA89E, 0xA845, 0xA89D,
    0x563F, 0x7156, 0x5A56, 0x2D3C, 0x3F56, 0x5633, 0x3C56, 0x5C3C, 0x563F, 0x7156, 0x5A56, 0x3F3C,
    0x9D9D, 0x9D9E, 0x9D5F, 0x9D9D, 0x3C75, 0xB875, 0x3C75, 0x5C3C, 0x3C3C, 0x3C3C, 0xB85C, 0x5C5C,
    0x3C3C, 0x3C3C, 0x5A3C, 0x3C3C, 0xA845, 0x9D9D, 0x9D9D, 0x9D9E, 0x3C3C, 0x3F3C, 0x3F3C, 0x3C3C,
    0xB83C, 0x2F5C, 0x75B8, 0x7979, 0x3C3C, 0x3C3C, 0x3CB8, 0xB875, 0x9D5F, 0xA89D, 0xA89D, 0x859D,
    0x5C3C, 0x5CB8, 0x3F3F, 0x3C73, 0xB85C, 0x2F5C, 0x3F56, 0x3C3F, 0x5A3C, 0x3C3C, 0x7856, 0x3C73,
    0x9D2F, 0x9D9E, 0xA89D, 0x85A8, 0x3C3C, 0x3F3C, 0x713C, 0x7156, 0x7579, 0x2FB8, 0x56B8, 0x3F33,
    0x5C2F, 0x5CB8, 0x56B8, 0x5656, 0x8585, 0xA89D, 0xA89D, 0xA89D, 0x5C75, 0x3C3C, 0x3C75, 0x3F73,
    0x3C3C, 0x3C3C, 0x3C3C, 0x3F3F, 0x3C3C, 0x3C3C, 0x3F3C, 0x3F3F, 0x8596, 0x8585, 0x8545, 0x9D9D,
    0x67CB, 0xCBB3, 0xCB9F, 0xB3CB, 0xCB67, 0xB39F, 0xB3CB, 0xB3CB, 0xCB67, 0xB3B3, 0xB3B3, 0xB3B3,
    0xCB67, 0xB3B3, 0xB39F, 0xB39F, 0x9FCB, 0xB3B3, 0xB3B3, 0xB3B3, 0x9FCB, 0xB3CB, 0xB39F, 0xB3CB,
    0x9F9F, 0xB3B3, 0xB3B3, 0xB3B3, 0xCBCB, 0xB39F, 0xB3CB, 0xB39F, 0x9186, 0x61B3, 0x6161, 0xD5B3,
    0x8691, 0x619F, 0x6176, 0xD29F, 0xB348, 0x61B3, 0x4747, 0x48B3, 0xA74C, 0x61B3, 0x6176, 0x48B3,
    0xB348, 0x6148, 0x6147, 0x9FB3, 0x6761, 0xCB67, 0xCB67, 0x6162, 0x1C11, 0x116C, 0x116C, 0x1414,
    0x9F62, 0x9FCB, 0x9F62, 0x9FCB, 0xAC11, 0xAC18, 0xB5D1, 0x1586, 0xB61B, 0xACD2, 0x86D5, 0xC117,
    0x1218, 0xD2C6, 0x15C6, 0xC1CF, 0x1818, 0xC61B, 0xAC1D, 0xC1C1, 0xCFC7, 0x1BC6, 0xBA18, 0xC3CF,
    0xB6AC, 0xAC1B, 0xACD2, 0xC1C3, 0x1EBC, 0xAC18, 0xAC18, 0x9BD1, 0xC61E, 0x18D2, 0xCFC1, 0x86D5,
    0x9112, 0x9B3A, 0x928D, 0x3A3B, 0x19C1, 0x8B29, 0x9B92, 0x3B5F, 0x8DB5, 0x2919, 0x9287, 0x5F9B,
    0xC185, 0x19A2, 0x8778, 0x9292, 0xD7D1, 0x1791, 0x7E19, 0x9287, 0x91D7, 0x9653, 0x17A8, 0xAA2B,
    0x17B1, 0x8DC1, 0x9D8D, 0x2B17, 0x8D17, 0x8D9B, 0x929D, 0x6092, 0x7385, 0x7575, 0x7337, 0x8571,
    0x719D, 0x753C, 0x713C, 0x3BA8, 0x853B, 0x7371, 0xA871, 0x753B, 0x5F2F, 0x71A8, 0x75A8, 0x7575,
    0x3C3B, 0xA871, 0x7572, 0x7275, 0x713C, 0x7585, 0x3B73, 0x3B72, 0x8571, 0x7575, 0x753B, 0x733B,
    0x7185, 0x3B3C, 0x7573, 0x713C, 0x6417, 0x753C, 0x759D, 0x7573, 0x603B, 0x3C7B, 0x5F2F, 0xAA2F,
    0x7575, 0x64A1, 0x3B3C, 0x7592, 0x725F, 0x603C, 0x3CC0, 0x5F2F, 0x7337, 0x8571, 0x64A1, 0x753C,
    0x713C, 0x9285, 0x6072, 0x3C7B, 0xA871, 0x5F92, 0x5F72, 0x64A1, 0x5FA8, 0x5F2F, 0x5F5F, 0x8575,
    0x7385, 0x7575, 0x7337, 0x8571, 0x719D, 0x753C, 0x713C, 0x9285, 0x853B, 0x7371, 0x8571, 0x3A92,
    0x5F2F, 0x71A8, 0x3A85, 0xD73A, 0x3C3B, 0x8571, 0x3A38, 0x8D9B, 0x713C, 0x3A85, 0x9B3A, 0xB5A8,
    0x8571, 0x3A3A, 0x9B9B, 0xD7B5, 0x7885, 0x9BAA, 0x9B3A, 0x953A, 0x7E19, 0x9BA2, 0x8DC1, 0xC19B,
    0x1792, 0xBF29, 0xC38D, 0xB58D, 0x9B9B, 0x9119, 0xC1D7, 0xBBC3, 0xB59B, 0x1A3A, 0x8E91, 0xCEBB,
    0xD7C1, 0x19B1, 0x8649, 0xCEBA, 0x953A, 0xC315, 0x1217, 0xBB86, 0x15B1, 0xC3C3, 0xCECE, 0xC61E,
    0xC117, 0xCEC1, 0x1817, 0x1E18, 0xBCCD, 0xD5BA, 0xD7B5, 0xD79B, 0x18AC, 0xBBBB, 0xC1C1, 0xB58D,
    0xBBCD, 0xC1D1, 0xB5BA, 0x8DC1, 0x1B52, 0x5252, 0x1526, 0x1515, 0xD118, 0xC1D1, 0xD7D5, 0xD79B,
    0x18CD, 0xBBBB, 0xD7D7, 0xD73A, 0xBACF, 0xB5BA, 0xD7C6, 0xD79B, 0x5252, 0x5226, 0x1526, 0x1526,
    0x8BD7, 0xAAA2, 0x7887, 0x569A, 0x8D8D, 0x929E, 0x735F, 0x5A5A, 0x928D, 0x8792, 0x29BF, 0x7873,
    0x2626, 0x9797, 0x9796, 0x9696, 0x3AD7, 0x8792, 0xAA3A, 0x3CAA, 0x3A3A, 0xA287, 0x8787, 0x5B3C,
    0x3A8C, 0x873A, 0x3CAA, 0x5AAA, 0x1526, 0x1753, 0x6096, 0x9696, 0xBDAD, 0xBDD2, 0xBDD2, 0xBDD2,
    0xD2BD, 0xBDBD, 0xD2BD, 0xBDBD, 0xBDD2, 0xBDD2, 0xBDBD, 0xBDD2, 0x1B1D, 0x1B1D, 0x1BCE, 0x1B1D,
    0xBDD2, 0xBDBD, 0xACAC, 0xAC18, 0xD2BD, 0xBDBD, 0xACAC, 0xACD2, 0xBDBD, 0xBDBD, 0xD2AC, 0x39AC,
    0x521D, 0x1B26, 0x1B1B, 0x1B1B, 0xBD39, 0xBDBD, 0xD2AD, 0xD2AC, 0xBDBD, 0xBD38, 0xACBD, 0xACAC,
    0xBDD2, 0xBDBD, 0xD2BD, 0xD239, 0x1B1D, 0x1B15, 0x1B17, 0x1B1B, 0xAC18, 0xAC18, 0xAC18, 0xACAC,
    0xACD2, 0xACAC, 0xACAC, 0xACAC, 0xACAC, 0x39AC, 0xD2D2, 0xD2AC, 0x1B1B, 0x1B52, 0x1B1D, 0x5252,
    0x5A73, 0x5B91, 0xAAAA, 0xA2A2, 0x3C5A, 0xAA5A, 0xAAAA, 0xA2AA, 0x5A5A, 0x5BAA, 0xAAAA, 0xA2A2,
    0x8D9D, 0x96A8, 0xC396, 0x17C3, 0x5A73, 0x5B73, 0x923A, 0x9B9B, 0x5A5A, 0x735A, 0x8B87, 0x8C8B,
    0x785A, 0x7391, 0x873B, 0x3A92, 0x8D9D, 0x978D, 0x9796, 0x9797, 0xA2C6, 0x3AC6, 0xB538, 0xCFCF,
    0xD7A2, 0xC6A2, 0xBBC6, 0xACBB, 0x86A2, 0x37C6, 0xB5D5, 0xCFCF, 0x2697, 0x2697, 0x52CE, 0xCA1B,
    0x8DB5, 0xC1C1, 0xBBD1, 0xACD1, 0x9B92, 0xC19B, 0xCFBA, 0x18CF, 0x9BD7, 0xB5B5, 0xB5B5, 0xCFCF,
    0x2697, 0x1526, 0x5226, 0x5252, 0xA3A3, 0xA4A4, 0x9C9C, 0x9494, 0xAFA5, 0xAFA4, 0x949C, 0xA963,
    0xA5A5, 0xA4AF, 0x9C9C, 0x9494, 0x5E33, 0x2E5E, 0x882E, 0x8A88, 0xA3A4, 0xA4A4, 0x7B3D, 0x6464,
    0xA4A5, 0xA4A3, 0x3D63, 0x7B3D, 0xBEA3, 0xA4A3, 0x3D63, 0x3D64, 0x2E33, 0x882E, 0x8A88, 0x8A88,
    0x944E, 0x6666, 0x804D, 0xA0A0, 0x4E94, 0x4E94, 0xA04E, 0xAEA0, 0x944E, 0x664E, 0x804E, 0xA0A0,
    0xB18A, 0x8B8A, 0xD7A2, 0x8E8E, 0x2A7E, 0x7E7E, 0xA091, 0x9595, 0x2A7B, 0x7E64, 0xA07E, 0xAEA0,
    0x6464, 0x647E, 0x8080, 0xA0A0, 0x8B89, 0xBF8A, 0x8C8B, 0x8EB2, 0x2D2D, 0x5D3F, 0x923C, 0x3A3B,
    0x5C30, 0x565D, 0x3B72, 0x9B3B, 0x2E2D, 0x327B, 0x725F, 0x9238, 0x3C32, 0x7B5C, 0x923C, 0xA23A,
    0x3232, 0x2E2F, 0x7371, 0x383A, 0x325C, 0xB830, 0x3CB8, 0x3A2B, 0x2D5C, 0x2E7B, 0x3B5A, 0x78AA,
    0x2D2D, 0x3F5C, 0x3B5D, 0x3AAA, 0x3838, 0x391D, 0x3639, 0xC90B, 0x3938, 0x5939, 0x3639, 0xC990,
    0x3938, 0x3636, 0x3639, 0xC90B, 0x393B, 0x3618, 0x5984, 0xC90B, 0x38AC, 0x3739, 0x2736, 0x2727,
    0x7338, 0x3637, 0x5936, 0x7736, 0x3791, 0x3936, 0x3636, 0x77C9, 0x3872, 0x3739, 0x59AD, 0x7783,
    0x93BF, 0x3D93, 0xA993, 0x9393, 0x9C87, 0x3DA4, 0xA9A4, 0x3DA6, 0xA687, 0xA993, 0x94A6, 0x64A6,
    0xA62E, 0xA9A3, 0xA6A3, 0x64A3, 0xA371, 0x9CA6, 0x9CA6, 0x3DA6, 0xA379, 0x63BE, 0x9CBE, 0x3DBE,
    0xBE87, 0x9CA3, 0xA4A3, 0xA9A3, 0xBE5C, 0x9CC4, 0xA4C4, 0x63C4, 0x9393, 0x9393, 0x9393, 0x9393,
    0x4E3D, 0x3DA9, 0x4EA9, 0x3D3D, 0x0000, 0x0000, 0x0000, 0x0000, 0x0000, 0x0000, 0x0000, 0x0000,
    0x0000, 0x0000, 0x0000, 0x0000, 0x0000, 0x0000, 0x0000, 0x0000, 0x0000, 0x0000, 0x0000, 0x0000,
    0x0000, 0x0000, 0x0000, 0x0000, 0x9393, 0x9393, 0x9393, 0x9393, 0x4EA9, 0x3DA9, 0x4E3D, 0x9C3D,
    0x0000, 0x0000, 0x0000, 0xA64E, 0x0000, 0x0000, 0x0000, 0xA6A9, 0x0000, 0x0000, 0x0000, 0xA3A9,
    0x0000, 0x0000, 0x0000, 0xA39C, 0x0000, 0x0000, 0x0000, 0xBE63, 0x0000, 0x0000, 0x0000, 0xBEAF,
    0x934E, 0x9393, 0x9393, 0x9393, 0x9394, 0x3D3D, 0x4EA9, 0x3DA9, 0xA694, 0x0064, 0x0000, 0x0000,
    0xA6BE, 0x007B, 0x0000, 0x0000, 0xA39C, 0x0064, 0x0000, 0x0000, 0xA3A4, 0x003D, 0x0000, 0x0000,
    0xBEAF, 0x003D, 0x0000, 0x0000, 0xBEA5, 0x0063, 0x0000, 0x0000, 0x9393, 0x9393, 0x9393, 0x9393,
    0x4E3D, 0x3DA9, 0x4E3D, 0x3D3D, 0x0000, 0x0000, 0x0000, 0x0000, 0x0000, 0x0000, 0x0000, 0x0000,
    0x0000, 0x0000, 0x0000, 0x0000, 0x0000, 0x0000, 0x0000, 0x0000, 0x0000, 0x0000, 0x0000, 0x0000,
    0x0000, 0x0000, 0x0000, 0x0000, 0x9393, 0x934E, 0x5B7E, 0x9393, 0x93A9, 0x9C94, 0x7F64, 0x9CA6,
    0xA65C, 0xA694, 0x6564, 0xA6A6, 0xA62D, 0xA6A3, 0x2C3D, 0xA6A3, 0xA35C, 0xA39C, 0x2A7B, 0xA3A6,
    0xA33C, 0xA3A4, 0x2A3D, 0xA3BE, 0xBE5C, 0xBE9C, 0x2A3D, 0xBEA3, 0xBE74, 0xBEA5, 0x2A31, 0xBEC4,
    0x4411, 0x4747, 0x4761, 0x4447, 0x6158, 0x6761, 0x6767, 0x6767, 0x6139, 0x6161, 0x6161, 0x6161,
    0x4758, 0x6147, 0x6161, 0x6761, 0x2111, 0x5747, 0x476B, 0x476B, 0x5736, 0x2121, 0x5721, 0x5721,
    0x0E58, 0x5121, 0x0E21, 0x5757, 0x2136, 0x6147, 0x6161, 0x4761, 0x5144, 0x4747, 0x2121, 0xA747,
    0x6161, 0x4747, 0x2121, 0x4C51, 0x6161, 0x6767, 0x6767, 0x4CCB, 0x6767, 0x6767, 0x6767, 0xA761,
    0x6767, 0x6167, 0x2561, 0x4C61, 0x4721, 0x5721, 0x0E0E, 0x7A0E, 0x0A57, 0x2157, 0x2147, 0x4C61,
    0x0F0E, 0x0E0F, 0x0F11, 0x4C0F, 0x48CB, 0x7D7D, 0xB3B0, 0xB348, 0x48CB, 0x7D7D, 0x4848, 0xB3B3,
    0xA7CB, 0x7D7D, 0xA7B0, 0xB3B0, 0x48CB, 0xD97D, 0x48B0, 0xB3B0, 0x48B3, 0x7D7D, 0xA77D, 0xB348,
    0xB0CB, 0x7DB0, 0x48B0, 0xA7B3, 0xB0B3, 0x7D7D, 0xB3B0, 0xB348, 0xB0CB, 0x7D7D, 0xB348, 0xA7B3,
    0x48A7, 0xB048, 0xAB7C, 0xB3B3, 0xB0A7, 0x4848, 0xABB0, 0xB3CB, 0xB048, 0x48B0, 0xAB7C, 0xB39F,
    0x48A7, 0x4848, 0xABB0, 0xB3CB, 0x48A7, 0x4848, 0xAB7C, 0xB0B3, 0x48B3, 0x48B3, 0xABA7, 0xB0CB,
    0x48A7, 0x4848, 0xABB0, 0xB0B3, 0x48B3, 0xB0A7, 0xABA7, 0xB0B3, 0xC2C2, 0xC2C2, 0xC2C4, 0xC2C4,
    0xC4C2, 0xC4C4, 0xC4C4, 0xC4C4, 0xC4C4, 0xC4C4, 0xC4C4, 0xC4D4, 0x3333, 0x3333, 0x3333, 0x3333,
    0xDB34, 0xDBDB, 0xCC34, 0xC4D4, 0xA5DC, 0xD0D4, 0xC2D0, 0xC4C2, 0xCCD4, 0xD4D4, 0xC2D4, 0xC2C2,
    0x3332, 0x3232, 0x3332, 0x3333, 0xC2C2, 0x3434, 0x3434, 0x3434, 0xC4C2, 0x3434, 0x3434, 0x34DB,
    0xC4C4, 0x315D, 0x3131, 0x3431, 0x2E33, 0x2D30, 0x2D33, 0x2E33, 0xD4D4, 0xD4D4, 0xC4A3, 0xC2D4,
    0xC4C4, 0xD4C4, 0xC4C4, 0xC4C4, 0xCCC4, 0xC4C4, 0xC2C4, 0xC2C4, 0x3332, 0x3333, 0x3333, 0x3333,
    0xD0D6, 0xD0D0, 0xD0DB, 0xDCD0, 0x3434, 0xD0D0, 0xD0D0, 0xD0D0, 0xDB34, 0xD034, 0xD0D0, 0xDB34,
    0x2E33, 0x3333, 0x3333, 0x3333, 0xC4C4, 0xDBC4, 0xD0D6, 0xD0DB, 0xC4C2, 0xD0C2, 0xD0D0, 0xD0D0,
    0xC2C2, 0xDCC4, 0xDCD0, 0xDCD0, 0x3332, 0x3332, 0x4333, 0x3333, 0xD4A5, 0xD4A5, 0xC2C2, 0xC2C2,
    0xD0D0, 0xD0D0, 0xC2C2, 0xC4C2, 0xDB34, 0xDB34, 0xC2C2, 0xC4C4, 0x3333, 0x3333, 0x3333, 0x3333,
    0xD0D6, 0xDBD0, 0xDBD6, 0xDB34, 0xD0A5, 0xDBDB, 0xDBD0, 0xD0D0, 0xD4A5, 0xD4A5, 0xD4A5, 0xCCD4,
    0x3333, 0x4333, 0x3333, 0x3333, 0xBDBC, 0xC6BD, 0xB2C6, 0x913A, 0xBDBD, 0xD538, 0xD7D7, 0x86A2,
    0x6767, 0x6767, 0x6767, 0x67CB, 0x4747, 0x4747, 0x4747, 0x4444, 0x4444, 0x4444, 0x6E44, 0x446E,
    0x6767, 0x6767, 0xCB67, 0xB3CB, 0xCB9F, 0xCB9F, 0xCB9F, 0x9FB3, 0xB34C, 0xB3B3, 0xB34C, 0xB3B3,
    0xCBB3, 0xCBB3, 0xCBCB, 0xCB9F, 0xB39F, 0xB39F, 0xB39F, 0xB39F, 0xCBB3, 0xCBCB, 0x67CB, 0xCBCB,
    0xCBCB, 0x6767, 0x6767, 0x6767, 0xCBB3, 0x67CB, 0x67CB, 0x67CB, 0xCBB3, 0xCB62, 0xCB67, 0x6767,
    0xCBB3, 0xCB9F, 0xCB9F, 0x67CB, 0xCB9F, 0xCBCB, 0x9FCB, 0x6767, 0xB7B6, 0xAEB7, 0xAEB6, 0xAEB7,
    0x9591, 0xA0A0, 0xA0A0, 0xA07F, 0xA091, 0x8091, 0x80A0, 0xA0A0, 0x8D8C, 0x9B9B, 0x8C92, 0x8C3A,
    0x4E4E, 0x7E4E, 0x7E7E, 0x7E7E, 0x4E94, 0x6494, 0x7E64, 0x6464, 0x9366, 0x6466, 0x6464, 0x6464,
    0x8A89, 0x8A8A, 0xBF89, 0xBF8A, 0xAEAE, 0xAEAE, 0x4DAE, 0x4D4D, 0xA0A0, 0xA080, 0x4DDA, 0x4F4E,
    0xA091, 0x7F91, 0x4E4F, 0x4F4F, 0x8C3A, 0x8C3A, 0x8C3A, 0x8C8B, 0x7E7E, 0x7E7E, 0x7E7E, 0x7E7F,
    0x7E64, 0x2A2A, 0x7E64, 0x6464, 0x4E64, 0x4E64, 0x3D64, 0x3D4E, 0x8A89, 0xBF8A, 0x8A89, 0x8A8A,
    0x2B97, 0x3A3B, 0xAA3A, 0x8578, 0x9792, 0x3B2B, 0x78AA, 0x3A85, 0x929B, 0x7817, 0x8529, 0x3A38,
    0x9B9E, 0x1787, 0x9B85, 0x3A3A, 0x8B8D, 0x9791, 0x3AC1, 0xD73A, 0x918B, 0x9B97, 0xD7D7, 0xB59B,
    0x1791, 0x9BB5, 0xC1D7, 0xD7C1, 0xC119, 0xD59B, 0xC19B, 0x91D7, 0x2B17, 0x5FAA, 0x9292, 0x9292,
    0x173A, 0xAA2B, 0x923A, 0x9292, 0x3A3A, 0x7E17, 0x9287, 0x929B, 0x3A3A, 0x173B, 0x8778, 0x9B92,
    0x3A38, 0x9791, 0x2919, 0x9D3A, 0x913A, 0x9653, 0x178D, 0x3A29, 0x1791, 0x8DC1, 0x9B8D, 0x9115,
    0xD717, 0xC18D, 0x9B8D, 0x159B, 0x78C3, 0x923A, 0x3A9B, 0x1591, 0x9792, 0xA256, 0x91A2, 0xB517,
    0x9292, 0x2917, 0x1791, 0xB5C1, 0x925F, 0x17AA, 0x9B85, 0x38D7, 0xAA92, 0x6029, 0xD7C1, 0xB5C6,
    0x78B8, 0x9B85, 0xD73A, 0xC19B, 0x602B, 0x3A9B, 0x8D3A, 0xD7C1, 0x9260, 0x3A3A, 0x8D3A, 0x953A,
    0x8612, 0xBBB5, 0xCECE, 0x1D18, 0x1AC1, 0xB586, 0x18D1, 0xCE18, 0xC1B5, 0x8612, 0xD1BA, 0x181D,
    0xB5B5, 0x12D5, 0xBA86, 0x1D18, 0xD5D2, 0x1A86, 0xC613, 0x18CD, 0x869B, 0xCE52, 0x1E17, 0xCDC6,
    0x1586, 0xD1CE, 0xACD1, 0xB611, 0x9B15, 0xCEC1, 0xCFD1, 0x11AC, 0xC6BC, 0xD7D5, 0xB2C6, 0x86D7,
    0x8ED5, 0xD5D5, 0xD7D7, 0x3AB2, 0x8EBC, 0xD5BC, 0xD78E, 0xB28E, 0x6F52, 0x5252, 0x5219, 0x1926,
    0xBB26, 0xBABB, 0xD7C3, 0x8C8E, 0xBBBB, 0xBABA, 0xC6BA, 0xD7B2, 0xBABC, 0xBABC, 0xB2BA, 0xD7C6,
    0x5252, 0x5252, 0x5226, 0x5219, 0xAAA2, 0x928D, 0x928D, 0xBF92, 0xA2A2, 0x8D8C, 0x929E, 0xBFBF,
    0xA23A, 0x8DC1, 0x8D8D, 0x9E8D, 0x2626, 0x1926, 0x2653, 0x5397, 0xB2D7, 0x8BB2, 0xA28B, 0xAAA2,
    0xD7B2, 0xB28B, 0xA28B, 0xB1AA, 0x3AD7, 0xA2B2, 0xA23A, 0xAAA2, 0x2626, 0x1926, 0x2626, 0x2697,
    0xB887, 0xB8AA, 0xB875, 0x3CAA, 0x8787, 0xAAB8, 0xAAB8, 0xAAB8, 0x878B, 0xAA5F, 0xAA3B, 0x873B,
    0x9785, 0x9760, 0x8596, 0xC396, 0xAAAA, 0x87AA, 0x8792, 0x873A, 0xAA91, 0x8B91, 0x8B87, 0xA287,
    0x91AA, 0x8B86, 0x8B3A, 0x8B3A, 0x97C3, 0x9797, 0x2697, 0x1797, 0x3CAA, 0x3CAA, 0x569A, 0x5678,
    0xAAB8, 0xAAB8, 0x7856, 0x5A56, 0x875F, 0x875F, 0x2973, 0x5A73, 0xC396, 0x9796, 0x8596, 0xC396,
    0x8792, 0x5F8B, 0x8792, 0x873A, 0x3A87, 0xBF87, 0x3A87, 0xBF87, 0xA28B, 0xA23A, 0x878B, 0x87A2,
    0x9797, 0x2697, 0x9797, 0x9797, 0x873E, 0x8B8B, 0xBF8C, 0x3A8C, 0x92BF, 0xBF87, 0x8CBF, 0xD792,
    0xBF92, 0xBF8C, 0x8C8C, 0x8D8E, 0x2697, 0x2697, 0x9740, 0x2653, 0xB1A2, 0x8CA2, 0x9B8D, 0x8D8E,
    0xA2AA, 0x8CAA, 0x8D8C, 0x8E8C, 0xAA86, 0x8CA2, 0x8C8E, 0x8E8E, 0x2640, 0x26BB, 0x1953, 0x1926,
    0x9B8E, 0x8E8E, 0xC6C6, 0xD5BD, 0x8E8C, 0xB58D, 0xD5C6, 0xD2D5, 0x8DBA, 0xC1BB, 0xD5D5, 0xD2BC,
    0x1526, 0x5226, 0x5226, 0x6F52, 0x8EBA, 0xBBBA, 0xBBBB, 0xBBCE, 0xBA8D, 0xBA8D, 0xBBBA, 0xCDBA,
    0x8E8E, 0x8EBA, 0xBABA, 0xBABC, 0x2626, 0x5219, 0x5252, 0x6F52, 0xBEBE, 0xC4BE, 0xBEA3, 0xC4A3,
    0xA3BE, 0xA4A3, 0xA4A5, 0xA4A5, 0xA4A4, 0xA4AF, 0xA4AF, 0xA49C, 0x882E, 0x8888, 0x882E, 0x8888,
    0x3D3D, 0x3D3D, 0xA47B, 0x9C9C, 0xA9A9, 0xA963, 0xA663, 0x9CA4, 0x63A9, 0xA9A9, 0xA6A9, 0x9C93,
    0x8A88, 0x8988, 0x8A88, 0x8A8A, 0xBEBE, 0x3163, 0x313D, 0x313D, 0xA3A3, 0x5D31, 0x3D31, 0x6331,
    0xA4A4, 0x3D7B, 0x5D7B, 0x5D7B, 0x8888, 0x8A88, 0xB889, 0xB888, 0x9C63, 0x9C63, 0x9C94, 0xA49C,
    0x949C, 0x639C, 0x9463, 0x9C9C, 0x9C94, 0x9394, 0x9C94, 0x9C93, 0x8A88, 0x8A8A, 0x8A89, 0x8A5B,
    0x2E5C, 0x3C5F, 0x5A7B, 0x3A3A, 0x79B8, 0x92B8, 0x2988, 0xD73A, 0x7979, 0x92BF, 0x295A, 0x9BD7,
    0x3E2E, 0x8B9E, 0x3A5E, 0xA29B, 0x8A92, 0x2CAA, 0x8DAA, 0xAAB2, 0x5E87, 0xBF5A, 0x8C92, 0xBB5B,
    0x2E78, 0x879B, 0xAAA2, 0xD18E, 0xAA87, 0x5B9E, 0xB58A, 0xD1B5, 0x3838, 0x3739, 0x2783, 0xC927,
    0xAC38, 0x3937, 0x2759, 0x770B, 0xD2D2, 0x39BD, 0x2711, 0x77C9, 0xAC86, 0xADAC, 0x0B36, 0xC90A,
    0x38C6, 0xAC1D, 0x5936, 0x77C9, 0xC6AC, 0x1DAC, 0x59CA, 0x77C7, 0xAC18, 0x36C8, 0x2759, 0xC990,
    0x18AC, 0x361D, 0x0B39, 0x230B, 0xC25C, 0xA5C2, 0xD4C2, 0xAFC2, 0xC25C, 0xD0C2, 0xA3C2, 0xD6C2,
    0xC25C, 0xA5C2, 0xD4C2, 0xD6C2, 0xC232, 0xD0C2, 0xA3C2, 0xD0C2, 0xC22F, 0xA5C2, 0xC2C2, 0xC4C2,
    0xC22D, 0xD0C2, 0xA3C2, 0x63C2, 0xC25D, 0xA5C2, 0xD4C2, 0xD6C2, 0xC233, 0xD0C2, 0xD4C2, 0xD6C2,
    0x0000, 0x0000, 0x0000, 0x0000, 0x0000, 0x0000, 0x0000, 0x0000, 0x0000, 0x0000, 0x0000, 0x0000,
    0xA5A5, 0xD0A5, 0xA5A5, 0xA5A5, 0xC2BE, 0xC4C4, 0xC2C4, 0xC2C4, 0x3F3F, 0x3F56, 0x563F, 0x3F56,
    0x0000, 0x0000, 0x0000, 0x0000, 0x0000, 0x0000, 0x0000, 0x0000, 0x0000, 0x0000, 0x0000, 0xC2D0,
    0x0000, 0x0000, 0x0000, 0xC2A5, 0x0000, 0x0000, 0x0000, 0xC2A4, 0xA5A5, 0xA5A5, 0xA5A5, 0xC2A5,
    0xC4C4, 0xC2C4, 0xC2BE, 0xC2D0, 0x7456, 0x563F, 0x3F56, 0xC2A5, 0x0000, 0x0000, 0x0000, 0xC2A4,
    0x0000, 0x0000, 0x0000, 0xC2A5, 0xC2A3, 0x0063, 0x0000, 0x0000, 0xC2C4, 0x00AF, 0x0000, 0x0000,
    0xC2A3, 0x0063, 0x0000, 0x0000, 0xC2C4, 0xA5A5, 0xA5A5, 0xA5A5, 0xC2C2, 0xC2C4, 0xC4C4, 0xC2C4,
    0xC2D4, 0x3F63, 0x7356, 0x563F, 0xC2A3, 0x0063, 0x0000, 0x0000, 0xC2D4, 0x00D6, 0x0000, 0x0000,
    0x0000, 0x0000, 0x0000, 0x0000, 0x0000, 0x0000, 0x0000, 0x0000, 0x0000, 0x0000, 0x0000, 0x0000,
    0xA5A5, 0xD0A5, 0xA5A5, 0xA5A5, 0xC2BE, 0xC4C4, 0xC2C4, 0xC2C4, 0x3F56, 0x3F56, 0x3F3F, 0x7156,
    0x0000, 0x0000, 0x0000, 0x0000, 0x0000, 0x0000, 0x0000, 0x0000, 0xC25C, 0xC2A3, 0x7BD6, 0xC2C2,
    0xC23C, 0xC2C4, 0x7BDB, 0xC2C2, 0xC25C, 0xC2A3, 0x7BD6, 0xC2C2, 0xC2C4, 0xC2C4, 0x7BDB, 0xC2C2,
    0xC2BE, 0xC2C2, 0x3DD6, 0xC2C2, 0xC42D, 0xC2C4, 0x7BAF, 0xC2C2, 0xC45C, 0xC2A3, 0x3DD6, 0xC2C2,
    0xC22D, 0xC2C4, 0x7BAF, 0xC2C2, 0x4411, 0x4747, 0x4761, 0x5147, 0x5139, 0x0F6C, 0x1111, 0x0F11,
    0x1139, 0x1111, 0x1111, 0x0F0F, 0x8474, 0x3737, 0x3774, 0x3837, 0x670F, 0x7D7D, 0xB3B0, 0xB3A7,
    0x670F, 0x7DB0, 0xB348, 0xA7B3, 0xB0B0, 0x7D7D, 0xB3B0, 0xB348, 0x7D67, 0x7D7D, 0xB3A7, 0xA7B3,
    0x5144, 0x4747, 0x2121, 0xA747, 0x0F0F, 0x0F11, 0x0F11, 0x4C0F, 0x110F, 0x0F0F, 0x110F, 0x4C0F,
    0x3872, 0x3837, 0x3772, 0x7A37, 0xB3A7, 0x4848, 0xAB7C, 0x4C51, 0x48B3, 0x48B3, 0xABA7, 0x4C10,
    0x48A7, 0x4848, 0xABB0, 0xA748, 0x48B3, 0xB0A7, 0xABA7, 0x7DCB, 0x48B3, 0x7D7D, 0xB3B0, 0xB348,
    0x48B3, 0x7D7D, 0x4848, 0xA7B3, 0x48A7, 0x7D7D, 0x48B0, 0xB3B0, 0xB0B3, 0xD97D, 0x48B0, 0xB3B0,
    0xB048, 0x7DD9, 0xB07D, 0xB3B0, 0xB0B3, 0xD97D, 0xB0B0, 0xB348, 0xB0B3, 0xD9D9, 0xB07D, 0xA7B0,
    0xB0B3, 0x0A27, 0x0A0B, 0x590B, 0x48A7, 0xB048, 0xAB7C, 0xB0B3, 0xB0A7, 0xB048, 0xABB0, 0xB0B3,
    0x4848, 0x48B0, 0xAB7C, 0xB048, 0xB0A7, 0x4848, 0xABB0, 0xB0B3, 0xB048, 0xA7B0, 0xAB7C, 0x4848,
    0xB048, 0x48B0, 0xABB0, 0xB0B3, 0xB0B0, 0x487D, 0xAB7D, 0xB048, 0x0A09, 0x0A0B, 0x0A0A, 0x7D48,
    0xD4A5, 0xD4A5, 0xD4D4, 0xD0D0, 0x34DB, 0x34DB, 0x34DB, 0x6334, 0xD0DC, 0xD0D0, 0xDBAF, 0x3434,
    0x325D, 0x3332, 0x3332, 0x2D33, 0xDBD6, 0xDBDB, 0xC4C4, 0xD0A5, 0x34DB, 0x34DB, 0xD4C4, 0xA5D4,
    0xDCDC, 0xD0D0, 0xC4C4, 0xA5A5, 0x325D, 0x3332, 0x3332, 0x2E33, 0xA5DB, 0xD4A5, 0xC2A5, 0xC2C2,
    0x3134, 0x3434, 0xC434, 0xC4C4, 0xDB34, 0xDB34, 0xC2DB, 0xC4C4, 0x2E33, 0x3333, 0x3333, 0x3333,
    0xDBD6, 0xD0DB, 0xD0D6, 0xD4A5, 0xD0DC, 0xD0A5, 0xD0D0, 0xD4DC, 0xD0D0, 0xDCD0, 0xD4D4, 0xC4D4,
    0x2E43, 0x2D43, 0x3333, 0x3333, 0xC4C4, 0xC4C4, 0xC4D4, 0xC4D4, 0xD4C4, 0xC4C4, 0xC4C4, 0xC4C4,
    0xC4C4, 0xC4C4, 0xC4C4, 0xC4C4, 0x3232, 0x325D, 0x325D, 0x3332, 0xC4D4, 0xCCC4, 0xDB34, 0xDBD6,
    0xC4C4, 0xC4C4, 0xD0D0, 0xD0D0, 0xC2C4, 0xC2C4, 0xD0D0, 0xD0DB, 0x3232, 0x3332, 0x3333, 0x3333,
    0xC2C4, 0xC2C4, 0xDCC4, 0xDCD0, 0xC4C4, 0xC4C2, 0xDBC2, 0xDBD0, 0xC2C4, 0xC2C4, 0xDCC4, 0xD4A5,
    0x3332, 0x3232, 0x3232, 0x3232, 0xDBD6, 0xDB34, 0xDB34, 0xDBDB, 0xDBD0, 0xDBDB, 0x34DB, 0xDBDB,
    0xD0D0, 0xD0AF, 0xA5D0, 0xDCA5, 0x3333, 0x3333, 0x3332, 0x3232, 0xB3D2, 0x6161, 0xB367, 0xA23A,
    0xB3D2, 0x4761, 0xB361, 0xD73A, 0x9F48, 0x2161, 0xB361, 0xA748, 0xB34C, 0x4747, 0xB361, 0xA74C,
    0xB3B3, 0x7661, 0xB361, 0xB348, 0xCB25, 0x67CB, 0xCBCB, 0x6767, 0x1414, 0x116C, 0x1111, 0x1C11,
    0x9FCB, 0x9FCB, 0x9F62, 0x9FCB, 0xCBB3, 0xCB9F, 0x9FB3, 0x67CB, 0xB3B3, 0x9F9F, 0xB39F, 0x6767,
    0x9FB3, 0x9FB3, 0xB3B3, 0x67CB, 0xB34C, 0xB3B3, 0xB37A, 0x67CB, 0x9F48, 0xB3B3, 0xB3B3, 0x67B3,
    0xB3B3, 0xB39F, 0xB39F, 0xCBCB, 0x9FA7, 0xB3B3, 0xB3B3, 0xCBB3, 0xB34C, 0xB39F, 0xB39F, 0xCBCB,
    0x9493, 0x9494, 0x944E, 0x94A9, 0xA99C, 0x9463, 0x9463, 0x949C, 0x9C9C, 0x9C93, 0x9C9C, 0x9C93,
    0x2E2E, 0x882E, 0x882E, 0x882E, 0xA49C, 0xA4A4, 0x3D3D, 0x5D3D, 0xA4A4, 0xA3A3, 0x6363, 0x6363,
    0xBEA3, 0xA3A3, 0xD663, 0xD663, 0x5E33, 0x2E33, 0x2E43, 0x2E43, 0x9366, 0x9C93, 0x3D93, 0x3D4E,
    0x939C, 0x9C9C, 0x7B9C, 0x7B3D, 0xA49C, 0xA49C, 0x63A6, 0x63A9, 0x8888, 0x5B2E, 0x882E, 0x8888,
    0x3D3D, 0x5D3D, 0x3D7B, 0x313D, 0x6363, 0x6363, 0x3D31, 0x6331, 0x639C, 0xD663, 0xAF63, 0xAFD6,
    0x2E43, 0x2E43, 0x2E33, 0x2E33, 0xA3A6, 0xA3A4, 0xA3A4, 0xA3A4, 0x63A3, 0x639C, 0x6363, 0xA963,
    0x63A4, 0x63A9, 0x6363, 0x6363, 0x9CA3, 0x63AF, 0x639C, 0x9C63, 0x63A4, 0x6363, 0xA3A4, 0xA3A4,
    0x63A4, 0x6363, 0x5BA3, 0x5B29, 0x63A4, 0xA9A9, 0x2CA4, 0x2C2C, 0x63A4, 0x6363, 0x5BA3, 0x5B5B,
    0xA3A6, 0xA3A4, 0xA3A4, 0xA3A4, 0xA963, 0xA963, 0x639C, 0xA49C, 0x6363, 0x6363, 0x63A9, 0xA3A9,
    0x63AF, 0x6363, 0x9C9C, 0xA3A4, 0xA4A6, 0xA3A4, 0x6363, 0xA463, 0x5B5B, 0xA329, 0xA963, 0xA49C,
    0x2C2C, 0xA32C, 0x63A9, 0xA463, 0x5B29, 0xA329, 0xA99C, 0xA463, 0xAA97, 0x3A3A, 0x3A38, 0x1591,
    0x78A8, 0x9BAA, 0x91A2, 0xB517, 0x6092, 0x865A, 0x1791, 0xB5B5, 0x925F, 0x2985, 0x9B97, 0xB59B,
    0xAA92, 0x6029, 0x9B38, 0xC1B5, 0x78B8, 0x3A85, 0xB53A, 0xC1C1, 0x602B, 0x3A3A, 0x9B9B, 0xD7B5,
    0x7885, 0x9BAA, 0x9B3A, 0x913A, 0x8612, 0xBBB5, 0x1826, 0x18AC, 0x1AC1, 0xB5B1, 0x18C3, 0x1818,
    0xC1B5, 0x8612, 0xD1BA, 0x181D, 0xD185, 0x12D5, 0xBA86, 0x1D18, 0xD5D1, 0x1A86, 0xC613, 0x18CD,
    0x86D7, 0xCE19, 0x13CE, 0xCDC6, 0x1586, 0xC3D1, 0x18CE, 0xB61E, 0xC117, 0xD1C1, 0x18D1, 0x1E18,
    0xBACD, 0xBABB, 0x8EBA, 0xBABB, 0xCEBB, 0xCDBB, 0xBBBB, 0xC3BB, 0xBBCD, 0xBBCD, 0xBBCD, 0xBBCE,
    0x5252, 0x1C52, 0x5252, 0x6F52, 0xCD18, 0xBB18, 0xBCBC, 0xBBCF, 0x1818, 0x18CD, 0xBCBC, 0xCFBA,
    0xACCD, 0xACCD, 0xBCBC, 0xCFCD, 0xCA52, 0x1CCA, 0x1C1B, 0x141C, 0x8EBB, 0x9B8E, 0xA28E, 0x86A2,
    0xC3BB, 0xBB96, 0xD78D, 0xD7A2, 0xBBBB, 0xC1BB, 0xD7BA, 0xD7C6, 0x1C52, 0x5252, 0x5226, 0x5215,
    0xBBCD, 0xBACD, 0xBACD, 0xD5BA, 0xCFBA, 0xBBBA, 0xCFBA, 0xBAB5, 0xCFCF, 0xBCCF, 0xBACF, 0xD5BC,
    0x141C, 0x1C1C, 0x1C1C, 0xCA1B, 0x86A2, 0xA2A2, 0xA2B2, 0xA23A, 0xD7A2, 0xB2A2, 0xD7A2, 0xB2A2,
    0x3AC6, 0x3AC6, 0x3AC6, 0xD7C6, 0x26CE, 0x26C3, 0x26C3, 0x2626, 0xC6D5, 0xC6BD, 0xBACF, 0xBABB,
    0xBDD5, 0x38C6, 0xBABA, 0xBAB5, 0xD5BD, 0xBDBC, 0xBACF, 0xBACF, 0x52CE, 0xCA52, 0x1B52, 0x1B1B,
    0x863A, 0xAA86, 0x3AA2, 0x3AD7, 0x3AA2, 0xA286, 0x9B86, 0x9B9B, 0xA2C6, 0xA2C6, 0x9BC6, 0x9BD5,
    0x2626, 0x26CE, 0x26C3, 0x2626, 0xC1D1, 0xC1BB, 0xC1D1, 0xC1BA, 0xBAB5, 0xCFC1, 0xCFBB, 0xBABA,
    0xBACF, 0xBACF, 0xBACF, 0xBACF, 0x1B52, 0x1B52, 0x1B52, 0x5252, 0xA2B2, 0x8CD7, 0xD78E, 0x8E8E,
    0x9BB2, 0xD7B2, 0x8ED7, 0x8ED7, 0xD7C6, 0xD7D5, 0xD5D5, 0xD58E, 0x2626, 0x2626, 0x52CE, 0x5226,
    0xD58E, 0xD5D5, 0xBBD1, 0xBBCD, 0xBDD5, 0xD5D5, 0xD1BA, 0xCFBA, 0xD5BD, 0xBDBC, 0xCFCF, 0xCFCD,
    0x52CE, 0x1B52, 0x1B52, 0x1C52, 0xD58E, 0xD5BC, 0xBABC, 0xBCCD, 0x8ED5, 0x8ED5, 0xBBD5, 0xCDBB,
    0xD5BA, 0xD5BC, 0xBABC, 0xBACD, 0x5226, 0x52CE, 0x52CE, 0x1C52, 0xBBCE, 0xCDCE, 0xCDCE, 0xD1CD,
    0xCDBA, 0xCDBB, 0x18CF, 0x18CF, 0xCFCD, 0xCF18, 0xCFCD, 0xCD18, 0x1C52, 0x1C1B, 0x1C52, 0xCA52,
    0x3D64, 0x3D64, 0x3D64, 0x6464, 0x7E64, 0x2B64, 0x652A, 0x292C, 0x6464, 0x647E, 0x7E7E, 0x7E7F,
    0x8BB1, 0x8C8B, 0x3A8B, 0x8D92, 0x7E7F, 0x7E7F, 0x644F, 0x7E80, 0x917F, 0x917F, 0x4F4F, 0x804F,
    0x80A0, 0xA0A0, 0x4F4D, 0xA0A0, 0x8EB2, 0x8EB2, 0xBA8E, 0xBA8E, 0x642A, 0x3D64, 0x9364, 0x9394,
    0x297E, 0x7E2C, 0x4E2B, 0x4E94, 0x7E29, 0x2A7E, 0x947E, 0x664E, 0x9B8C, 0x8C92, 0x8C8B, 0x8B92,
    0x7E80, 0x7EA0, 0x7EA0, 0x6480, 0x8080, 0x807E, 0x8080, 0x804F, 0xA0A0, 0xA0A0, 0x80A0, 0x4FA0,
    0xBBBA, 0xBBBA, 0xBA8E, 0x8E8E, 0x9292, 0x298B, 0xBBD7, 0xBAB5, 0x8D8B, 0x8B5B, 0xC1BB, 0x18BA,
    0xB195, 0xB1D8, 0xB7BC, 0xB6CD, 0x1C1D, 0x6CCA, 0x6CCA, 0x6B6C, 0x570D, 0x6B6B, 0x6B0D, 0x0D0D,
    0x4476, 0x6B76, 0x7676, 0x6B76, 0x6C6C, 0x6C6C, 0x6C6D, 0x7676, 0x6B6B, 0x6B6B, 0x256B, 0x256B,
    0xAC18, 0x1D59, 0x5936, 0x7777, 0x1D18, 0x2736, 0x59C7, 0x7755, 0xCDBC, 0xC7C7, 0x90C7, 0xC955,
    0x6B6C, 0x8155, 0x6A55, 0x5081, 0x6A6A, 0x6969, 0xB4B4, 0x7A9F, 0x256B, 0x6A25, 0x6969, 0xB469,
    0x6D76, 0x8125, 0x500D, 0xB4B4, 0x256B, 0x6A0D, 0xB469, 0xB4B4, 0xC22D, 0xA5C2, 0xD4C2, 0xD6C2,
    0xC230, 0xD0C2, 0xA3C2, 0xD6C2, 0xC22D, 0xA5C2, 0xD4C2, 0xD6C2, 0xC232, 0xD0C2, 0xA5C2, 0x63C2,
    0xC232, 0xA5C2, 0xA5C2, 0x63C2, 0xC25C, 0xD0C2, 0xA5C2, 0x63C2, 0xC25C, 0xA5C2, 0xA5C2, 0x63C2,
    0xC22D, 0xD0C2, 0xC2C2, 0x63C2, 0x0000, 0x0000, 0x0000, 0xC2D0, 0x0000, 0x0000, 0x0000, 0xC2A5,
    0x0000, 0x0000, 0x0000, 0xC2A4, 0x0000, 0x0000, 0x0000, 0xC2A5, 0x0000, 0x0000, 0x0000, 0xC2D0,
    0x0000, 0x0000, 0x0000, 0xC2A5, 0x0000, 0x0000, 0x0000, 0xC2A4, 0x0000, 0x0000, 0x0000, 0xC2A5,
    0xC2A5, 0x0063, 0x0000, 0x0000, 0xC2D4, 0x00D6, 0x0000, 0x0202, 0xC2A5, 0x0063, 0x0200, 0xC5C5,
    0xC2D4, 0x0063, 0x0200, 0xBEDD, 0xC2A5, 0x0063, 0xB900, 0x4B4D, 0xC2A5, 0x0031, 0xB900, 0xDEBE,
    0xC2A4, 0x00C0, 0xB900, 0xD8D8, 0xC2C5, 0x0031, 0xB900, 0xDAD8, 0x0000, 0x0000, 0x0000, 0x0000,
    0xB9B9, 0xB9B9, 0x0202, 0x020B, 0xC5C5, 0xC5C5, 0xC5C5, 0xC5C5, 0xA6AD, 0xA6A6, 0xA6DE, 0xA6BE,
    0x4BBE, 0x4B93, 0x4B66, 0xA493, 0xA6C2, 0x93DD, 0x4E93, 0x4E93, 0xAED8, 0x9393, 0xC566, 0xCA93,
    0xD8D8, 0xBE4E, 0xC201, 0xBDA6, 0xC45C, 0xC2A3, 0x7B63, 0xC2C2, 0x8435, 0xC484, 0x7B63, 0xC2C2,
    0xC5C5, 0x84C5, 0x7B63, 0xC2C2, 0xDAA4, 0x84DD, 0x7B63, 0xC2C2, 0xA6DA, 0x35DA, 0x7B63, 0xC2C2,
    0xDAA6, 0x8446, 0x7B63, 0xC2C2, 0xC04E, 0x35DA, 0x7B63, 0xC2C2, 0xD33D, 0x0282, 0x7B63, 0xC2C2,
    0xB4B4, 0x69B4, 0x0D69, 0x6B25, 0xB4B4, 0x6969, 0x6A6A, 0x2547, 0xB4B4, 0x69CB, 0x6A69, 0x7661,
    0xB4B4, 0x6969, 0x0D50, 0x4725, 0xB47A, 0x0DB4, 0x6161, 0x6B0D, 0xB4B4, 0x6A6A, 0x6B25, 0x6B47,
    0x22B4, 0x6A69, 0x6B0D, 0x2144, 0x2262, 0x0D69, 0x2547, 0x7644, 0x446B, 0x7676, 0x6D76, 0x6E6D,
    0x766B, 0x2176, 0x6D44, 0x6D6E, 0x2176, 0x766B, 0x4476, 0x5476, 0x6B76, 0x6B76, 0x6D76, 0x6E6D,
    0x766B, 0x5476, 0x6D6E, 0x6D76, 0x4476, 0x6E54, 0x8F6E, 0x6E6E, 0x5476, 0x6E6D, 0x8F44, 0x708F,
    0x706D, 0x8F6E, 0x6E99, 0x5499, 0x6E6D, 0x6D6D, 0x6E76, 0x6E6D, 0x6E6D, 0x766E, 0x6D6D, 0x6D6E,
    0x6D6E, 0x7621, 0x766D, 0x5444, 0x6D6C, 0x766E, 0x6D6D, 0x6E6D, 0x6E44, 0x8F6D, 0x6D6E, 0x6D76,
    0x6E6E, 0x5498, 0x8F8F, 0x6D6E, 0x996E, 0x5414, 0x8F6E, 0x6E8F, 0x494A, 0x8F54, 0x6E99, 0x5499,
    0x6E6D, 0x7644, 0x6D76, 0x6E44, 0x6E6D, 0x766D, 0x446D, 0x6D6E, 0x6D6E, 0x766B, 0x4476, 0x5476,
    0x6D6E, 0x766D, 0x6D6D, 0x6E6D, 0x6E6D, 0x8F44, 0x6D54, 0x6D76, 0x6E6E, 0x5498, 0x8F8F, 0x6D70,
    0x996E, 0x7054, 0x8F6E, 0x708F, 0x984A, 0x8F8F, 0x5499, 0x5499, 0x6D6D, 0x7644, 0x47AD, 0xADAD,
    0x6D6D, 0x216D, 0xADCA, 0x2576, 0x446E, 0x766B, 0xAD6B, 0x4736, 0x4410, 0x6B6D, 0xCA1D, 0xC8C7,
    0x6D44, 0x1476, 0x116E, 0xAD20, 0x6E6E, 0x6E4A, 0x6E6E, 0x2039, 0x996E, 0x6E6E, 0x6E6D, 0x116E,
    0x4A4A, 0x8F6E, 0x448F, 0x4454, 0x6B0D, 0x6961, 0x69B4, 0xB4CB, 0x83E4, 0x6983, 0xB469, 0xB469,
    0x0D47, 0x9069, 0xB4C9, 0xB4B4, 0xADAD, 0x69E3, 0xC969, 0xB4B4, 0x90AD, 0x2567, 0x2383, 0xB481,
    0x90C7, 0x7720, 0x8381, 0x8183, 0x846B, 0x8390, 0x8390, 0x3569, 0x4444, 0x5559, 0xC9C7, 0x3522,
    0xDFDF, 0xDFDF, 0xDFDF, 0xDFDF, 0xDFDF, 0xDFDF, 0xDFDF, 0xDFE5, 0xDFDF, 0xDFDF, 0xDFDF, 0xDFDF,
    0xDFE5, 0xDFE5, 0xDFE5, 0xDFE5, 0xDFDF, 0xDFDF, 0xDFDF, 0xDFDF, 0xDFE5, 0xDFE5, 0xDFE5, 0xDFE5,
    0xE5DF, 0xE5DF, 0xE5DF, 0xE5DF, 0xE5E9, 0xDFE5, 0xE5E9, 0xDFE5, 0xDFDF, 0xDFDF, 0xDFDF, 0xDFDF,
    0xDFDF, 0xDFE5, 0xDFDF, 0xDFDF, 0xDFDF, 0xDFDF, 0xDFDF, 0xDFDF, 0xDFE5, 0xDFE5, 0xDFE5, 0xDFE5,
    0xDFDF, 0xDFDF, 0xDFDF, 0xDFDF, 0xDFE5, 0xDFE5, 0xDFE5, 0xDFE5, 0xE5DF, 0xE5DF, 0xE5DF, 0xE5DF,
    0xE1E5, 0xDFE5, 0xE5E9, 0xDFE5, 0xDFDF, 0xDFDF, 0xDFDF, 0xDFDF, 0xDFDF, 0xDFDF, 0xDFDF, 0xDFDF,
    0xDFDF, 0xDFDF, 0xDFDF, 0xDFDF, 0xDFDF, 0xDFDF, 0xDFDF, 0xDFDF, 0xDFDF, 0xDFDF, 0xDFDF, 0xDFDF,
    0xDFDF, 0xDFDF, 0xDFDF, 0xDFDF, 0xDFDF, 0xDFDF, 0xDFDF, 0xDFDF, 0xDFDF, 0xDFDF, 0xDFDF, 0xDFDF,
    0xE0E0, 0xE0E0, 0xE1E0, 0xE2E1, 0xE0E0, 0xE0E0, 0xE0E0, 0xE0E0, 0xE0E0, 0xE0E0, 0xE0E0, 0xE0E0,
    0xE0E0, 0xE0E0, 0xE0E0, 0xE0E0, 0xE0E0, 0xE0E0, 0xE0E0, 0xE0E0, 0xE8E8, 0xE8E8, 0xE8E8, 0xE8E8,
    0xE8E8, 0xE8E8, 0xE8E8, 0xE8E8, 0xE8E8, 0xE8E8, 0xE8E8, 0xE8DE, 0xE2E0, 0xE2E1, 0xE1E0, 0xE0E0,
    0xE6E1, 0xE1E1, 0xE6E0, 0xE1E1, 0xE6E6, 0xE0E0, 0xE0E0, 0xE0E0, 0xE6E2, 0xE0E1, 0xE0E0, 0xE0E0,
    0xE6E0, 0xE0E0, 0xE0E0, 0xE0E0, 0xE8E8, 0xE8E8, 0xE8E8, 0xE8E8, 0xE8E8, 0xE8E8, 0xE8E8, 0xE8E8,
    0xE8E8, 0xE8DD, 0xE8E8, 0xE8E8, 0xE383, 0xE383, 0xE383, 0xE383, 0xE3E3, 0xE3E4, 0xE3E3, 0xE3E4,
    0xE3E7, 0xE383, 0xE3E7, 0xE383, 0xE3E4, 0xE7E3, 0xE3E4, 0xE3E3, 0xE3E3, 0xE3E3, 0xE383, 0xE383,
    0xE3E3, 0xE3E4, 0xE3E3, 0xE3E4, 0xE3E3, 0xE383, 0xE3E3, 0xE383, 0xE3E4, 0xE3E3, 0xE3E4, 0xE7E3,
    0xE383, 0xE383, 0xE383, 0xE383, 0xE7E3, 0xE3E4, 0xE7E3, 0xE3E4, 0xE3E3, 0xE3E3, 0xE3E3, 0xE3E3,
    0xE3E4, 0xE7E3, 0xE3E4, 0xE7E3, 0xE383, 0xE3E3, 0xE3E3, 0xE383, 0xE7E3, 0xE3E4, 0xE3E3, 0xE3E4,
    0xE3E3, 0xE383, 0xE3E7, 0xE383, 0xE3E4, 0xE3E3, 0xE3E4, 0xE3E3, 0xC12D, 0xB5C1, 0xC1D2, 0xB5C1,
    0xC3B8, 0x5A3A, 0x5B29, 0x5A29, 0xC179, 0x5B5B, 0x5A5B, 0x5B5B, 0x9B2E, 0x5B5A, 0x5B5A, 0x5B5A,
    0xC392, 0x5BAA, 0x5BB1, 0x5BAA, 0x8E79, 0xAA5B, 0xB15B, 0xAA5B, 0x8E78, 0xB1B1, 0xAAB1, 0xB1B1,
    0xBA8A, 0xB1B1, 0xB18A, 0xB1B1, 0xC1D2, 0xB5C1, 0xC1D2, 0xB5C1, 0x5B29, 0x5A29, 0x5B29, 0x5A29,
    0x5A5B, 0x5B5B, 0x5A5B, 0x5B5B, 0x5B5A, 0x5B5A, 0x5B5A, 0x5B5A, 0x5BB1, 0x5BAA, 0x5BB1, 0x66AA,
    0xB15B, 0xAA5B, 0xB15B, 0xAA5B, 0xAAB1, 0xB1B1, 0xAAB1, 0x3936, 0xB18A, 0xB1B1, 0xB18A, 0x59AC,
    0xC1D2, 0xB5C1, 0xC1D2, 0xC1C1, 0x5B29, 0x5A29, 0x5B29, 0x5A29, 0x5A5B, 0x935B, 0x5B66, 0x5B5B,
    0x665A, 0x0093, 0x6600, 0x5B5B, 0x6666, 0x0000, 0x6600, 0x5B4F, 0x4E4E, 0x0000, 0x8064, 0x4E66,
    0x64AC, 0x807F, 0x0000, 0x6600, 0x1D1D, 0x4F66, 0x0000, 0xA066, 0xC13A, 0xB53A, 0xB93A, 0xD8D8,
    0x5B29, 0x5A29, 0x0229, 0xD8D8, 0x5A5B, 0x5B5B, 0x025B, 0x8484, 0x5B5A, 0x5B5A, 0x365A, 0x0202,
    0x5BB1, 0x5BAA, 0x84B1, 0xD3D3, 0xB15B, 0xAA5B, 0x8439, 0x020B, 0xAA4E, 0xB1B1, 0xD3AC, 0xB902,
    0xB180, 0xB1B1, 0xD339, 0x0202, 0xD8D8, 0x9320, 0x93BE, 0xA9B7, 0xD8D8, 0x4EBE, 0x66BE, 0x94A0,
    0x8484, 0x8484, 0x8484, 0x8484, 0x02B9, 0x02B9, 0x02B9, 0x02B9, 0xD3D3, 0xD3D3, 0xD3D3, 0xD3D3,
    0x02B9, 0x35B9, 0x77B9, 0x35B9, 0xB902, 0xB902, 0xB902, 0xB902, 0xC9B9, 0x77B9, 0x680B, 0x77B9,
    0xBEDA, 0x02A6, 0xC1D1, 0xC1C1, 0xDDA6, 0x02DD, 0x5B29, 0xC33A, 0x8484, 0x0284, 0x5B5B, 0xC35B,
    0x02B9, 0x3602, 0x5B5A, 0x9B5B, 0xD3D3, 0x84D3, 0x5BB1, 0xC3AA, 0x02B9, 0x840B, 0xB15B, 0x8E5B,
    0xB902, 0xD302, 0xAAB1, 0x8EB1, 0xC9B9, 0x8402, 0xB18A, 0xBAB1, 0x22B4, 0x0D67, 0x4725, 0x4444,
    0x0CB4, 0x6A07, 0x6B25, 0x766D, 0x69B4, 0x2822, 0x2147, 0x446B, 0x6924, 0x0D50, 0x6B28, 0x7676,
    0xB4B4, 0x6A22, 0x2550, 0x6D0D, 0x0C50, 0x0D50, 0x0D25, 0x706D, 0x0762, 0x0722, 0x570D, 0x6D51,
    0x5007, 0x6A08, 0x5728, 0x100E, 0x5444, 0x546E, 0x8F6E, 0x8F99, 0x6E76, 0x6E4A, 0x4A54, 0x141F,
    0x6D76, 0x9854, 0x496F, 0x8F6E, 0x6D70, 0x546E, 0x5498, 0x148F, 0x766D, 0x6E6E, 0x6E6D, 0x1F6D,
    0x6E10, 0x146D, 0x6D54, 0x1A1F, 0x146D, 0x5454, 0x6F54, 0x6F6F, 0x6C13, 0x106F, 0x521C, 0x151F,
    0x9954, 0x8F54, 0x4A14, 0x8F99, 0x9914, 0x541F, 0x6F8F, 0x541F, 0x5454, 0x9998, 0x6F99, 0x8F6E,
    0x541C, 0x8F8F, 0x5498, 0x146F, 0x6D13, 0x548F, 0x546D, 0x986D, 0x9819, 0x8F10, 0x6D4A, 0x1F1F,
    0x1698, 0x8F99, 0x1A54, 0x9899, 0x5217, 0x1E15, 0x196F, 0x191A, 0x996E, 0x8F54, 0x8F54, 0x5499,
    0x6F54, 0x5499, 0x988F, 0x541F, 0x546E, 0x998F, 0x4999, 0x8F6E, 0x546F, 0x8F4A, 0x5498, 0x544A,
    0x6D98, 0x548F, 0x6E6D, 0x1F6D, 0x9852, 0x8F10, 0x6D14, 0x1A1F, 0x198F, 0x1398, 0x1A54, 0x1E99,
    0x6F53, 0x8F19, 0x5212, 0x151A, 0x9954, 0x146E, 0x6E6E, 0x6D6E, 0x9814, 0x706F, 0x546E, 0x7654,
    0x6E54, 0x988F, 0x548F, 0x4444, 0x541C, 0x5454, 0x6D54, 0x6D6C, 0x6D13, 0x7054, 0x6D76, 0x6E6B,
    0x9819, 0x1470, 0x7670, 0x7054, 0x1F13, 0x5413, 0x136E, 0x6E54, 0x1217, 0x1119, 0x1E14, 0x5410,
    0x5921, 0x2761, 0x2383, 0x620C, 0x4476, 0x8327, 0xC96A, 0xB422, 0x6B21, 0x2747, 0x22C9, 0x6281,
    0x216D, 0x2547, 0x2327, 0xB40C, 0x2544, 0x616B, 0x8369, 0x23B4, 0x766C, 0x2525, 0x356A, 0x2322,
    0x6D44, 0x0857, 0x076A, 0x0C0C, 0x0E14, 0x0D0E, 0x0708, 0x0C23, 0xE5DF, 0xE5DF, 0xE5DF, 0xE5DF,
    0xDFE5, 0xE5E9, 0xDFE5, 0xE5E9, 0xE5DF, 0xE5DF, 0xE5DF, 0xE5DF, 0xE5E9, 0xE5E9, 0xE5E9, 0xE5E9,
    0xE5E5, 0xE5E5, 0xE5E5, 0xE0E5, 0xE5E5, 0xE5E9, 0xE5E5, 0xEBE9, 0xE9E5, 0xE5E5, 0xE0E5, 0xE0E0,
    0xE5E9, 0xE5E9, 0xE0E9, 0xE0E2, 0xE0E0, 0xE5DF, 0xE5DF, 0xE5DF, 0xE0E5, 0xE5E2, 0xDFE5, 0xE5E9,
    0xE1E0, 0xE5E0, 0xE5DF, 0xE5DF, 0xE0E9, 0xE5E0, 0xE5E9, 0xE5E9, 0xE0E0, 0xE5E0, 0xE5E5, 0xE5E5,
    0xE0E0, 0xE0E1, 0xE5E5, 0xE5E9, 0xE0E0, 0xE1E0, 0xE0E0, 0xE5E5, 0xE0E9, 0xE0E0, 0xE5E0, 0xE5E9,
    0xE8E8, 0xE8E8, 0xE8E8, 0xE8E8, 0xE8E8, 0xE8E8, 0xE8E8, 0xE8E8, 0xCCEA, 0xE8EA, 0xE8EA, 0xE8EA,
    0xE8E8, 0xEAE8, 0xE8DE, 0xEAE8, 0xEAEA, 0xE8EA, 0xEAEA, 0xE8EA, 0xEAEA, 0xE8E8, 0xEAEA, 0xEAE8,
    0xEAEA, 0xEAEA, 0xEAEA, 0xEAEA, 0xEAEA, 0xEAEA, 0xEAEA, 0xEAEA, 0xE8E8, 0xE8E8, 0xE8E8, 0xE8E8,
    0xE8E8, 0xE8E8, 0xE8E8, 0xE8E8, 0xE8EA, 0xE8EA, 0xE8EA, 0xE8EA, 0xE8E8, 0xEAE8, 0xE8E8, 0xEAE8,
    0xEAEA, 0xE8EA, 0xE8EA, 0xE8EA, 0xEAE8, 0xEAE8, 0xEAEA, 0xEAE8, 0xEAEA, 0xEAEA, 0xEAEA, 0xEAEA,
    0xEAEA, 0xEAEA, 0xEAEA, 0xEADE, 0xE3E3, 0xE3E3, 0xE383, 0xE383, 0xE3E3, 0xE3E4, 0xE3E3, 0xE3E4,
    0xE3E7, 0xE3E3, 0xE3E7, 0xE383, 0xE3E4, 0xE3E3, 0xE3E4, 0xE3E3, 0xE383, 0xE383, 0xE383, 0xE3E3,
    0xE3E3, 0xE3E4, 0xE3E3, 0xE3E4, 0xE3E7, 0xE3E3, 0xE3E7, 0xE383, 0xE3E4, 0xE3E3, 0xE3E4, 0xE3E3,
    0xE383, 0xE383, 0xE3E3, 0xE383, 0xE7E3, 0xE3E4, 0xE3E3, 0xE3E4, 0xE3E7, 0xE3E3, 0xE3E3, 0xE383,
    0xE3E4, 0xE3E3, 0xE3E4, 0xE3E4, 0xE3E3, 0xE383, 0xE383, 0xE3E3, 0xE3E3, 0xE3E4, 0xE3E3, 0xE3E4,
    0xE3E3, 0xE3E3, 0xE3E3, 0xE383, 0xE3E4, 0xE3E4, 0xE3E4, 0xE3E3, 0xBABF, 0xB18B, 0xB1B2, 0xB18B,
    0x528B, 0x8BB1, 0xB2B1, 0x8BB1, 0xCE7F, 0xB2B2, 0x8BB2, 0xB2B2, 0x1D1D, 0xB2B2, 0xB2B2, 0xB2B2,
    0x1D25, 0xB2CD, 0xB2D5, 0x95D5, 0x1D6D, 0x1D1D, 0x1D1D, 0x1D1D, 0x1D6C, 0x1DCA, 0x1DCA, 0x1DCA,
    0xCA25, 0xCACA, 0xCACA, 0xCACA, 0xB1B2, 0xB18B, 0xB1B2, 0xACA2, 0xB2B1, 0x8BB1, 0xB2B1, 0x8BB1,
    0x8BB2, 0xB2B2, 0x8BB2, 0xB2B2, 0xB2B2, 0xB2B2, 0xB2B2, 0xB2B2, 0x958E, 0x9595, 0x9586, 0x9586,
    0x1D1D, 0x1D1D, 0x1D1D, 0x1D1D, 0x1DCA, 0x1DCA, 0x1DCA, 0x1DCA, 0xCACA, 0xCACA, 0xCACA, 0xCACA,
    0x5911, 0x4EAE, 0xA04D, 0xC8A0, 0x36B1, 0xA0CA, 0x36A0, 0x8BB1, 0x8BB2, 0xB2B2, 0x8BB2, 0xB2B2,
    0xB2B2, 0xB2B2, 0xB2B2, 0xB2B2, 0x9586, 0x9586, 0x9586, 0xB295, 0x1D1D, 0x1D1D, 0x1D1D, 0x1D1D,
    0x1DCA, 0x1DCA, 0x1DCA, 0x1DCA, 0xCACA, 0xCACA, 0xCACA, 0xCACA, 0xB1B2, 0xB18B, 0x8436, 0xB923,
    0xB2B1, 0x8BB1, 0x8418, 0x849A, 0x8BB2, 0xB2B2, 0xDA36, 0x84B7, 0xB2B2, 0xB2B2, 0x02B2, 0xDADA,
    0xB295, 0xB295, 0x59C6, 0x0202, 0x1D1D, 0x1D1D, 0xCACF, 0xCDCD, 0x1DCA, 0x1DCA, 0x1DCA, 0x1DCA,
    0xCACA, 0xCACA, 0xCACA, 0xCACA, 0xB902, 0xB902, 0xB902, 0xB902, 0x8484, 0xDA9A, 0xDAA6, 0x849A,
    0x8484, 0xE3B7, 0x8439, 0x84B7, 0xDADA, 0xDADA, 0xDADA, 0xDADA, 0x0202, 0x0202, 0x0202, 0x0202,
    0xCDCD, 0x1DCF, 0x1D1D, 0x1D1D, 0x1DCA, 0x1DCA, 0x1DCA, 0x1DCA, 0xCACA, 0xCACA, 0xCACA, 0xCACA,
    0x0202, 0x8423, 0xB1B2, 0xBAA2, 0x8484, 0x849A, 0xB2B1, 0xCEB1, 0x8484, 0xDA84, 0xA2B2, 0xCEB2,
    0xDADA, 0x02DA, 0xB2B2, 0x1DB2, 0x0202, 0x5902, 0xB2C6, 0x1DCD, 0xCA1D, 0x1D1D, 0x1D1D, 0x1DCE,
    0x1DCA, 0x1DCA, 0x1DCA, 0x1DCA, 0xCACA, 0xCACA, 0xCACA, 0xCACA, 0x7735, 0x9081, 0xC7C7, 0x1DCA,
    0x810A, 0x0A20, 0xC7CA, 0x1DC7, 0x77C9, 0x2055, 0xC8C7, 0x18C7, 0x7783, 0x900A, 0xC7C8, 0xD21D,
    0xC977, 0xC720, 0xCAC7, 0xBD18, 0x900B, 0x11CA, 0x1DCA, 0x1DBD, 0x2783, 0xCA20, 0x39C7, 0x1836,
    0x0B83, 0x3611, 0x1DAC, 0x1818, 0x18C7, 0xB2CD, 0xCECD, 0xBBBB, 0x18C8, 0xBCC6, 0xBBCE, 0xBBBB,
    0xAC18, 0xB2BC, 0xBBCE, 0xC1C3, 0x18D2, 0x86BB, 0xC38D, 0xD7C1, 0xBABC, 0xD5CE, 0xD7B2, 0x8D8E,
    0xC618, 0xBB8E, 0x3A8D, 0x8D29, 0xBA18, 0x8CC6, 0x8DD7, 0x5AB1, 0xBACF, 0x8B8D, 0x8D5B, 0x9287,
    0xBACD, 0xBA1D, 0x8EB2, 0xBACD, 0xBBBB, 0xCEBA, 0xB2D5, 0xC1BB, 0xBBC1, 0xC3C3, 0xB1B2, 0xB5B5,
    0xC13A, 0xC1C1, 0x8D5B, 0x8B8D, 0x9BC3, 0xAAD7, 0xC13A, 0xAA8C, 0x5B9B, 0x8DAA, 0xD78D, 0x8D5B,
    0x5B5B, 0xBF8D, 0x5B8B, 0x8D92, 0x8787, 0x5B9E, 0x9B88, 0x9BBF, 0xBBBB, 0xB1B5, 0xCEBA, 0xBBBA,
    0xBBB5, 0x8EA2, 0xBBCE, 0xC3BB, 0x8DC1, 0xA23A, 0xBBC3, 0xC1C3, 0xC1A2, 0x918D, 0xC38D, 0xD78D,
    0x8BB1, 0x8BBB, 0x92B1, 0x8D8E, 0x5B8D, 0x8DBF, 0xA29B, 0x8D29, 0x928D, 0x87AA, 0x9B3A, 0x5AB1,
    0x92BF, 0xAA9E, 0x9B2E, 0x9287, 0xBACE, 0xBB1D, 0xBCB6, 0x18C7, 0xCEBB, 0x1DBA, 0xBCBA, 0x1DCD,
    0xBBC1, 0xCECE, 0xB28E, 0x18CD, 0xC13A, 0xBBC3, 0xBBB1, 0xBC18, 0x8DC3, 0xB18E, 0xCE8E, 0xC6BC,
    0x919B, 0xC1A2, 0xBAC1, 0x1886, 0x5B5B, 0x8CC1, 0xA2D7, 0x18BA, 0x8B8B, 0x919B, 0xBAB1, 0xD1BA,
    0xCACA, 0xC759, 0x5520, 0x2381, 0xCA18, 0x59C8, 0x5520, 0x2355, 0x1DC7, 0xC7C7, 0x5520, 0x2323,
    0x1DD2, 0x36C7, 0x55CA, 0x7755, 0xC8BC, 0x1D59, 0x9059, 0x2377, 0xBC18, 0x1118, 0x9059, 0x2359,
    0x181D, 0x1DC8, 0x2759, 0xC90B, 0x18AC, 0x1D1D, 0x27C8, 0x7790, 0xE9E5, 0xE9E5, 0xE9E5, 0xE0E0,
    0xE9E9, 0xE9E9, 0xE9E9, 0xE9E9, 0xE9E9, 0xE9E9, 0xE9E9, 0xE0E9, 0xE9EC, 0xE9E9, 0xE9E9, 0xE0E0,
    0xE9E5, 0xE9E9, 0xE9E5, 0xE0E0, 0xE9EC, 0xE9EC, 0xE0EC, 0xE0E0, 0xECE9, 0xECE9, 0xE0E9, 0xE2E0,
    0xE9EC, 0xE9EC, 0xE0E0, 0xE9E2, 0xE0E0, 0xE0E0, 0xE9E0, 0xE9E5, 0xE0E6, 0xE0E0, 0xE9E0, 0xE9E9,
    0xE0E0, 0xE0E0, 0xE0E0, 0xE9E0, 0xE0E0, 0xE0E0, 0xE0E0, 0xE9E0, 0xE0E0, 0xE0E0, 0xE2E0, 0xE0E0,
    0xE0E0, 0xEBE0, 0xE0E0, 0xE0E0, 0xE0E0, 0xE0E0, 0xE0E0, 0xECE9, 0xE0E0, 0xE0E0, 0xE0E1, 0xE9E0,
    0xECE9, 0xE0E0, 0xE0E0, 0xE0E9, 0xE9E4, 0xE0E1, 0xE0E6, 0xE0E0, 0xE0E9, 0xE0E0, 0xE0E0, 0xE0E0,
    0xE0E8, 0xECE2, 0xE0E0, 0xE1E1, 0xECE0, 0xE0EC, 0xE0E0, 0xE1E0, 0xECE4, 0xE0E8, 0xE0E6, 0xE0E1,
    0xE4EC, 0xE0E0, 0xE0E0, 0xE1E1, 0xE0E8, 0xE0E1, 0xE1E0, 0xE1E0, 0xE0E0, 0xE0E0, 0xE0E0, 0xE0E0,
    0xE0E0, 0xE0E0, 0xE0E0, 0xE0E0, 0xE0E0, 0xE0E0, 0xE0E0, 0xECE0, 0xE0E8, 0xE0E1, 0xE0E0, 0xE0E1,
    0xE1E6, 0xE0E1, 0xE0E0, 0xE0E0, 0xE1E2, 0xE1E1, 0xE0E1, 0xE0E0, 0xE5E6, 0xE6E0, 0xE0E6, 0xE0E0,
    0xE1E1, 0xE1E1, 0xE1E1, 0xE0E8, 0xEAED, 0xEAED, 0xEAED, 0xEAED, 0xEDEA, 0xEDEA, 0xEDEA, 0xEDEA,
    0xEDED, 0xEDED, 0xEAED, 0xEDEA, 0xEDEA, 0xEDEA, 0xEAEA, 0xEDEA, 0xEDED, 0xEDED, 0xEDEB, 0xEDED,
    0xEDED, 0xEDEA, 0xEDED, 0xEDEA, 0xEDED, 0xEDED, 0xEDED, 0xEDED, 0xEDED, 0xEDED, 0xEDED, 0xEDED,
    0xEAED, 0xEAED, 0xEAED, 0xEAED, 0xEDEA, 0xE8DE, 0xEDEA, 0xEDEA, 0xEDED, 0xE8EA, 0xEDED, 0xEDED,
    0xEDEA, 0xEDEA, 0xEDEA, 0xEDEA, 0xEDEB, 0xEDED, 0xEDEB, 0xEDED, 0xEDED, 0xEDEA, 0xEDDE, 0xEDEA,
    0xEDED, 0xEDED, 0xEDED, 0xEDED, 0xEDED, 0xEDED, 0xEDED, 0xEDED, 0xCA4D, 0xCDBC, 0xBCBC, 0xBCBC,
    0xCA66, 0xCDCD, 0xCDCD, 0xCDCD, 0x1D4F, 0xCD1D, 0xCDCD, 0x951D, 0x1D3A, 0xCDD1, 0xCDD1, 0xCDD1,
    0x1D9A, 0x1D1D, 0x1D1D, 0x1D1D, 0x1D64, 0xCD86, 0xB286, 0x1D6C, 0xCE4E, 0xBACD, 0xBACD, 0x8BB2,
    0xCE89, 0xBABA, 0xBABA, 0xBABA, 0xBCCD, 0xBCBC, 0xC7BC, 0xCACA, 0xCDCD, 0xCDCD, 0xCDCD, 0xCACD,
    0xCDB7, 0xCD1D, 0xCDCD, 0x1D1D, 0xCDD1, 0xCDD1, 0xCDD1, 0x1DCF, 0x1D1D, 0x1D1D, 0x1D1D, 0x1D1D,
    0x6C6C, 0x6B6C, 0x6B76, 0x1D6B, 0xB1B2, 0xCECD, 0xCE1D, 0xCE1D, 0xBABA, 0x86BA, 0xBABA, 0xCEBA,
    0x8150, 0x8181, 0x810D, 0x8181, 0x7755, 0x5590, 0x8120, 0x7790, 0x9020, 0x9020, 0x9020, 0x20C9,
    0x5520, 0x2020, 0x2020, 0x2020, 0xC883, 0xC783, 0xC759, 0xC7C7, 0xC8AD, 0xC8AD, 0xC8C8, 0xC8C8,
    0xB6AD, 0xBDAD, 0xBDC8, 0xADC8, 0x18CD, 0x18CD, 0x1D18, 0xCECE, 0x8181, 0x8181, 0x8181, 0x8181,
    0x8120, 0x5590, 0xC990, 0xC990, 0x9020, 0x90C9, 0x9090, 0x9090, 0x2020, 0x2020, 0x2020, 0x2020,
    0xC790, 0xC7C7, 0xC759, 0xC759, 0xC8C8, 0xC8C8, 0xC8C8, 0xC8C8, 0xBDC8, 0xADC8, 0xBDC8, 0xBDC8,
    0x1818, 0x1D18, 0xCECD, 0x1818, 0x8181, 0x8181, 0x8181, 0x8181, 0x8190, 0xC990, 0x8190, 0xC990,
    0x9090, 0x9090, 0x9090, 0x9090, 0x2020, 0x2020, 0x2020, 0x2020, 0xC759, 0xC759, 0xC890, 0xC8C7,
    0xC8C8, 0xC8AD, 0xADC8, 0xADAD, 0xBDAD, 0xBDC8, 0xB6AD, 0xADAD, 0x18CD, 0xCED1, 0xCECD, 0xCE18,
    0x8181, 0x816A, 0xCA50, 0xCABC, 0xC990, 0x77C9, 0xCA55, 0xCACD, 0x9090, 0x20C9, 0x1D20, 0x1D1D,
    0x2020, 0x5520, 0x1D20, 0x1DCF, 0xC783, 0xC7C7, 0x1D83, 0x1DCD, 0xC8AD, 0xC8AD, 0x1DAD, 0x1DBA,
    0xB6AD, 0xADAD, 0xCEAD, 0xCECD, 0x18CD, 0x1D18, 0xCE18, 0xCEBA, 0x0B35, 0x3959, 0x1DC7, 0xAC18,
    0x0A27, 0x3636, 0x36CA, 0x18AC, 0x27C9, 0xC883, 0x1D59, 0xAC36, 0x0B83, 0x3959, 0x1D18, 0xB518,
    0x590B, 0x3627, 0xAC39, 0xACAC, 0x830B, 0x5936, 0x3936, 0xD286, 0x2735, 0x3636, 0xAC36, 0x91BD,
    0x270B, 0x3659, 0xAC37, 0xD538, 0xB5D1, 0x8CC3, 0xAA7F, 0x878C, 0xBABB, 0xBB9B, 0x5B8A, 0x879E,
    0xC1BA, 0x8DBB, 0x295B, 0x8A3E, 0xC1B2, 0x8C8D, 0xBF5E, 0x883E, 0x9BD1, 0x29A2, 0xBFAA, 0x5E5B,
    0x7FB5, 0xBFAA, 0xAA5F, 0x7932, 0xAA91, 0x8A9B, 0x5E3C, 0x79B8, 0xA23A, 0x2A87, 0x792E, 0xB888,
    0xBFBF, 0x5EAA, 0x8D8B, 0xBFBF, 0x928A, 0x5B2E, 0xBF9D, 0x925F, 0x8A87, 0x2C29, 0x9E92, 0x3E92,
    0x872E, 0x5E87, 0x9DB8, 0x88BF, 0x2E56, 0x2E5F, 0x8871, 0x3E79, 0x5E79, 0x793C, 0x5AB8, 0xB832,
    0x8987, 0x2E5E, 0xB82E, 0x322E, 0x5C5C, 0x2EB8, 0x5C5D, 0x882E, 0x8792, 0x878D, 0x8A2C, 0x8792,
    0x92BF, 0x8D87, 0x2988, 0x87BF, 0x9EBF, 0x9E8D, 0x2E2E, 0x8A87, 0x9E88, 0x879E, 0x3E7B, 0x8887,
    0x8A92, 0x5E3C, 0x3E5B, 0x5E5B, 0x7BB8, 0xB82E, 0x3C79, 0x7932, 0x5E7B, 0x2E79, 0x332E, 0x79B8,
    0x2E43, 0x3288, 0x7933, 0xB888, 0x3ABF, 0x658B, 0xC3D7, 0xBAC1, 0x8C8A, 0xB129, 0x8E96, 0xBB8D,
    0x7987, 0x295B, 0x8D8D, 0xBABA, 0x3E2E, 0x78BF, 0xC18B, 0xD5C1, 0x2E71, 0x5B92, 0xA229, 0xBB8E,
    0x5E79, 0xBF88, 0x8787, 0xB529, 0xB887, 0x5B2E, 0x3AAA, 0x91A2, 0xB85C, 0x8879, 0x8B7B, 0xD7A2,
    0xAC18, 0x1D59, 0x5936, 0x77C9, 0x18AC, 0x1118, 0xC736, 0x770B, 0x18AC, 0x1D1B, 0x3636, 0xC920,
    0x18D5, 0x1D1D, 0x11AD, 0xC90B, 0xAC18, 0xBDAC, 0x1136, 0x2790, 0x37C1, 0x36BD, 0x591D, 0x7736,
    0x3786, 0xAC36, 0x3636, 0x7790, 0x389B, 0x3739, 0x59AD, 0x7727, 0xECE5, 0xECE9, 0xE0E0, 0xE0E0,
    0xE9EC, 0xE0EC, 0xE0EC, 0xEBE1, 0xECE9, 0xECE9, 0xE0E9, 0xE0E0, 0xECEC, 0xE0EC, 0xE1E1, 0xE0E1,
    0xECE9, 0xECE9, 0xE0E9, 0xE0E9, 0xE9EC, 0xE0E8, 0xE0E0, 0xE0E1, 0xE4E9, 0xE0E9, 0xE0E0, 0xE0E0,
    0xECE8, 0xE0E0, 0xE0E2, 0xE0E0, 0xE6E0, 0xE0E0, 0xE0E0, 0xE0E0, 0xE0E0, 0xE0E0, 0xE0E6, 0xE0E1,
    0xE0E0, 0xE0E0, 0xE0E0, 0xE0E1, 0xE0E1, 0xE0E0, 0xE0E0, 0xECE0, 0xE0E0, 0xE0E0, 0xE0E0, 0xECE0,
    0xE0E0, 0xEBE0, 0xE0E0, 0xE0E0, 0xE0E0, 0xE0E0, 0xE0E0, 0xE0E0, 0xE0E1, 0xE0E0, 0xE0E2, 0xE0E0,
    0xE0E0, 0xE1E0, 0xE1E0, 0xE1E1, 0xE0E0, 0xE1E0, 0xE0E0, 0xE1E1, 0xE4EC, 0xE0E0, 0xE5E6, 0xE1E1,
    0xE0E0, 0xE0E0, 0xE1E0, 0xE1E1, 0xE0E0, 0xE1E0, 0xE2E6, 0xE2E2, 0xE0E0, 0xE0E0, 0xE6E1, 0xE2E1,
    0xE0E0, 0xE4E0, 0xE1E0, 0xE7E7, 0xE0E8, 0xE1E0, 0xE1E6, 0xE1E1, 0xE1E6, 0xE1E6, 0xE2E6, 0xE0EC,
    0xE1E2, 0xE2E6, 0xE6E2, 0xE1E1, 0xE7E1, 0xE1E7, 0xE1E6, 0xE1E1, 0xE1E2, 0xE2E2, 0xE1E1, 0xE1E2,
    0xE6E6, 0xE7E2, 0xE1E6, 0xE1E2, 0xE6E1, 0xE1E2, 0xE6E6, 0xE0E0, 0xE6E1, 0xE1E1, 0xE1E1, 0xE1E1,
    0xE2E1, 0xE1E2, 0xE1E1, 0xE0E0, 0xEBEB, 0xEDEE, 0xEEEB, 0xEBEB, 0x24EB, 0xED83, 0x35EB, 0xEBEB,
    0xE4E4, 0xE4E3, 0xE4E4, 0xE4E3, 0x0635, 0x0606, 0x0635, 0x0606, 0x3535, 0x3535, 0x3535, 0x3535,
    0x83E3, 0xE3E3, 0xE7E3, 0xE3E3, 0xE3E7, 0xE3E2, 0xE3E7, 0xE335, 0xE3E3, 0xE7E3, 0xE3E3, 0xE7E3,
    0xEDEE, 0xEDEE, 0xEEEB, 0xEDEB, 0xEB27, 0xEBE0, 0x35EB, 0xEDEB, 0xE4E4, 0xE4E3, 0xE4E4, 0xE4E3,
    0x0635, 0x0606, 0x0635, 0x0606, 0x3535, 0x3535, 0x3535, 0x3535, 0x83E3, 0xE3E3, 0xE7E3, 0xE3E3,
    0xE3E7, 0xE383, 0xE3E7, 0xE383, 0xE3E4, 0xE7E3, 0xE3E3, 0xE7E3, 0xCE4E, 0xBABA, 0xBABA, 0x65BA,
    0xCE3D, 0xCECE, 0xCECE, 0xB58E, 0xC363, 0x8EB1, 0x5BB1, 0xCECE, 0xC32C, 0x8E9B, 0x8ED7, 0x8E9B,
    0xBB63, 0x9B8E, 0x9B8E, 0x648E, 0xBB31, 0x9BD7, 0x9BD7, 0x9BD7, 0xC1AF, 0xC1D1, 0xC1D1, 0xC1D1,
    0x3232, 0x882E, 0x8888, 0x8A88, 0xBA7F, 0xBABA, 0xBABA, 0xCEBA, 0xC18E, 0xB58E, 0xB5B5, 0xCE8E,
    0xC3CE, 0x8E26, 0x8EB5, 0xC3B5, 0x8ED7, 0xCE9B, 0xC3BB, 0xD1C3, 0x9B2A, 0xD78E, 0x9B8E, 0xBB8E,
    0x9BD7, 0x9BD7, 0x9BD7, 0xC3D7, 0xC1D1, 0xC1D1, 0xC1D1, 0xC1D1, 0x8A8A, 0x8A8A, 0x8888, 0x8888,
    0xAEAD, 0xB7B6, 0xB7B6, 0xB7B7, 0xAEA0, 0xAE9A, 0xAEA0, 0xAE9A, 0x8080, 0x80A0, 0x80A0, 0x80A0,
    0xB28B, 0x8C8B, 0x8C8B, 0xD73A, 0x4E64, 0x4E4E, 0x7E7E, 0x7E29, 0x4EA9, 0x9494, 0x6464, 0x647B,
    0x9C93, 0x9C93, 0x3D7B, 0x3D64, 0x882E, 0x882E, 0x8888, 0x8888, 0xAEB6, 0xAE84, 0xB7B6, 0xB7C6,
    0xAEA0, 0xAE4D, 0xB74D, 0x8686, 0x80D3, 0x4FD3, 0xA0D3, 0xA091, 0x8C92, 0x8C8B, 0x8C8B, 0x8C92,
    0x7E29, 0x7E29, 0x7E7F, 0x7E7E, 0x2A7B, 0x2A64, 0x7E2A, 0x2A64, 0x3D64, 0x3D64, 0x3DC0, 0x3D64,
    0x8888, 0x8888, 0x882E, 0x882E, 0xB7B6, 0xB7B6, 0xB7B6, 0xC6C6, 0xC686, 0x3786, 0xC686, 0xC6A2,
    0xA091, 0x91B7, 0x9586, 0xB186, 0x8C8B, 0x9B92, 0x9B92, 0x8E8D, 0x7E29, 0x7E7E, 0x6464, 0x7E7E,
    0x7E2A, 0x2B2B, 0x4EA9, 0x643D, 0x3D3D, 0x3D64, 0x9494, 0x3D64, 0x882E, 0x882E, 0xB888, 0x8A88,
    0xC6BD, 0xB7C6, 0xCEB6, 0xCEBA, 0xC6D7, 0xC686, 0xCE86, 0xCE8E, 0x9586, 0x91B7, 0xC395, 0xC3B5,
    0x8E8D, 0x8D9B, 0xC38C, 0xD19B, 0x7E7E, 0x7E7E, 0xC3A0, 0xC38E, 0x647B, 0x6464, 0xD164, 0xC3D7,
    0x3D64, 0x3D64, 0xC1A9, 0xC1D1, 0x8A8A, 0x8A8A, 0x8888, 0x295A, 0x0101, 0x0201, 0x0101, 0x0101,
    0x0101, 0x0201, 0x0101, 0x0101, 0x0101, 0x0201, 0x0101, 0x0101, 0x0101, 0x0201, 0x0101, 0x0101,
    0x0101, 0x0201, 0x0101, 0x0101, 0x0101, 0x0101, 0x0101, 0x0101, 0x0101, 0x0201, 0x0101, 0x0101,
    0x0101, 0x0101, 0x0101, 0x0101, 0x0101, 0x0102, 0x0201, 0x0101, 0x0101, 0x0102, 0x0201, 0x0101,
    0x0101, 0x0102, 0x0201, 0x0101, 0x0101, 0x0101, 0x0101, 0x0101, 0x0101, 0x0101, 0x0101, 0x0101,
    0x0101, 0x0101, 0x0101, 0x0101, 0x0101, 0x0101, 0x0101, 0x0101, 0x0101, 0x0101, 0x0101, 0x0101,
    0x0101, 0x0102, 0x0201, 0x0101, 0x0101, 0x0102, 0x0201, 0x0101, 0x0201, 0x0202, 0x0202, 0x0102,
    0x0101, 0x0102, 0x0201, 0x0101, 0x0201, 0x0202, 0x0202, 0x0102, 0x0101, 0x0102, 0x0201, 0x0101,
    0x0101, 0x0102, 0x0201, 0x0101, 0x0101, 0x0101, 0x0101, 0x0101, 0x0101, 0x0201, 0x0102, 0x0101,
    0x0101, 0x0202, 0x0202, 0x0102, 0x0201, 0x0101, 0x0101, 0x0101, 0x0101, 0x0202, 0x0202, 0x0101,
    0x0101, 0x0101, 0x0101, 0x0102, 0x0201, 0x0202, 0x0202, 0x0101, 0x0101, 0x0201, 0x0102, 0x0101,
    0x0101, 0x0101, 0x0101, 0x0101, 0x0101, 0x0101, 0x0101, 0x0101, 0x0201, 0x0102, 0x0101, 0x0102,
    0x0201, 0x0102, 0x0201, 0x0101, 0x0101, 0x0101, 0x0102, 0x0101, 0x0101, 0x0201, 0x0101, 0x0101,
    0x0101, 0x0102, 0x0201, 0x0102, 0x0201, 0x0101, 0x0201, 0x0102, 0x0101, 0x0101, 0x0101, 0x0101,
    0x0101, 0x0202, 0x0101, 0x0101, 0x0201, 0x0101, 0x0102, 0x0101, 0x0101, 0x0202, 0x0101, 0x0101,
    0x0201, 0x0201, 0x0201, 0x0102, 0x0102, 0x0101, 0x0102, 0x0101, 0x0102, 0x0101, 0x0102, 0x0101,
    0x0201, 0x0202, 0x0201, 0x0102, 0x0101, 0x0101, 0x0101, 0x0101, 0x0101, 0x0201, 0x0101, 0x0101,
    0x0101, 0x0201, 0x0101, 0x0101, 0x0101, 0x0102, 0x0101, 0x0101, 0x0101, 0x0101, 0x0101, 0x0101,
    0x0101, 0x0101, 0x0101, 0x0101, 0x0101, 0x0101, 0x0101, 0x0101, 0x0101, 0x0101, 0x0101, 0x0101,
    0x0101, 0x0101, 0x0101, 0x0101, 0x0101, 0x0201, 0x0101, 0x0101, 0x0101, 0x0102, 0x0101, 0x0101,
    0x0201, 0x0101, 0x0101, 0x0101, 0x0201, 0x0101, 0x0101, 0x0101, 0x0201, 0x0101, 0x0101, 0x0101,
    0x0101, 0x0102, 0x0101, 0x0101, 0x0101, 0x0201, 0x0101, 0x0101, 0x0101, 0x0101, 0x0101, 0x0101,
    0x0101, 0x0102, 0x0101, 0x0101, 0x0101, 0x0201, 0x0101, 0x0101, 0x0101, 0x0101, 0x0102, 0x0101,
    0x0101, 0x0101, 0x0102, 0x0101, 0x0101, 0x0101, 0x0102, 0x0101, 0x0101, 0x0201, 0x0101, 0x0101,
    0x0101, 0x0102, 0x0101, 0x0101, 0x0101, 0x0101, 0x0101, 0x0101, 0x0101, 0x0101, 0x0101, 0x0101,
    0x0201, 0x0101, 0x0201, 0x0101, 0x0101, 0x0202, 0x0102, 0x0101, 0x0202, 0x0202, 0x0202, 0x0102,
    0x0101, 0x0202, 0x0102, 0x0101, 0x0201, 0x0101, 0x0201, 0x0101, 0x0101, 0x0101, 0x0101, 0x0101,
    0x0101, 0x0101, 0x0101, 0x0101, 0x0101, 0x0101, 0x0101, 0x0101, 0x0101, 0x0201, 0x0101, 0x0101,
    0x0101, 0x0201, 0x0101, 0x0101, 0x0201, 0x0202, 0x0202, 0x0101, 0x0101, 0x0201, 0x0101, 0x0101,
    0x0101, 0x0201, 0x0101, 0x0101, 0x0101, 0x0101, 0x0101, 0x0101, 0x0101, 0x0101, 0x0101, 0x0101,
    0x0101, 0x0101, 0x0101, 0x0101, 0x0101, 0x0101, 0x0101, 0x0101, 0x0101, 0x0101, 0x0101, 0x0101,
    0x0101, 0x0101, 0x0101, 0x0101, 0x0101, 0x0101, 0x0101, 0x0101, 0x0101, 0x0201, 0x0101, 0x0101,
    0x0101, 0x0201, 0x0101, 0x0101, 0x0101, 0x0102, 0x0101, 0x0101, 0x0101, 0x0101, 0x0101, 0x0101,
    0x0101, 0x0101, 0x0101, 0x0101, 0x0101, 0x0101, 0x0101, 0x0101, 0x0201, 0x0202, 0x0202, 0x0102,
    0x0101, 0x0101, 0x0101, 0x0101, 0x0101, 0x0101, 0x0101, 0x0101, 0x0101, 0x0101, 0x0101, 0x0101,
    0x0101, 0x0101, 0x0101, 0x0101, 0x0101, 0x0101, 0x0101, 0x0101, 0x0101, 0x0101, 0x0101, 0x0101,
    0x0101, 0x0101, 0x0101, 0x0101, 0x0101, 0x0101, 0x0101, 0x0101, 0x0101, 0x0101, 0x0101, 0x0101,
    0x0101, 0x0201, 0x0101, 0x0101, 0x0101, 0x0201, 0x0101, 0x0101, 0x0101, 0x0101, 0x0101, 0x0101,
    0x0101, 0xEC01, 0xEFEF, 0x0000, 0x0101, 0xEC01, 0xEFEF, 0x0000, 0x0101, 0xEC01, 0xEFEF, 0x0000,
    0x0101, 0xEC01, 0xEFEF, 0x0000, 0x0101, 0xEC01, 0xEFEF, 0x0000, 0x0101, 0xEC01, 0xEFEF, 0x0000,
    0x0101, 0xEC01, 0xEFEF, 0x0000, 0x0101, 0xEC01, 0xEFEF, 0x0000, 0x0101, 0x0202, 0x0202, 0x0101,
    0x0201, 0x0101, 0x0101, 0x0102, 0x0201, 0x0101, 0x0201, 0x0102, 0x0201, 0x0101, 0x0102, 0x0102,
    0x0201, 0x0201, 0x0101, 0x0102, 0x0201, 0x0102, 0x0101, 0x0102, 0x0101, 0x0202, 0x0202, 0x0101,
    0x0101, 0x0101, 0x0101, 0x0101, 0x0101, 0x0201, 0x0101, 0x0101, 0x0101, 0x0202, 0x0101, 0x0101,
    0x0201, 0x0201, 0x0101, 0x0101, 0x0101, 0x0201, 0x0101, 0x0101, 0x0101, 0x0201, 0x0101, 0x0101,
    0x0101, 0x0201, 0x0101, 0x0101, 0x0201, 0x0202, 0x0202, 0x0101, 0x0101, 0x0101, 0x0101, 0x0101,
    0x0101, 0x0202, 0x0202, 0x0101, 0x0201, 0x0101, 0x0101, 0x0102, 0x0101, 0x0101, 0x0101, 0x0102,
    0x0101, 0x0101, 0x0202, 0x0101, 0x0101, 0x0202, 0x0101, 0x0101, 0x0201, 0x0101, 0x0101, 0x0102,
    0x0201, 0x0202, 0x0202, 0x0102, 0x0101, 0x0101, 0x0101, 0x0101, 0x0101, 0x0202, 0x0202, 0x0101,
    0x0201, 0x0101, 0x0101, 0x0102, 0x0101, 0x0101, 0x0101, 0x0102, 0x0101, 0x0201, 0x0202, 0x0101,
    0x0101, 0x0101, 0x0101, 0x0102, 0x0201, 0x0101, 0x0101, 0x0102, 0x0101, 0x0202, 0x0202, 0x0101,
    0x0101, 0x0101, 0x0101, 0x0101, 0x0101, 0x0101, 0x0102, 0x0101, 0x0101, 0x0201, 0x0102, 0x0101,
    0x0101, 0x0102, 0x0102, 0x0101, 0x0201, 0x0101, 0x0102, 0x0101, 0x0202, 0x0202, 0x0202, 0x0102,
    0x0101, 0x0101, 0x0102, 0x0101, 0x0101, 0x0201, 0x0202, 0x0101, 0x0101, 0x0101, 0x0101, 0x0101,
    0x0201, 0x0202, 0x0202, 0x0102, 0x0201, 0x0101, 0x0101, 0x0101, 0x0201, 0x0202, 0x0202, 0x0101,
    0x0101, 0x0101, 0x0101, 0x0102, 0x0101, 0x0101, 0x0101, 0x0102, 0x0201, 0x0101, 0x0101, 0x0102,
    0x0101, 0x0202, 0x0202, 0x0101, 0x0101, 0x0101, 0x0101, 0x0101, 0x0101, 0x0201, 0x0202, 0x0101,
    0x0101, 0x0102, 0x0101, 0x0101, 0x0201, 0x0101, 0x0101, 0x0101, 0x0201, 0x0202, 0x0202, 0x0101,
    0x0201, 0x0101, 0x0101, 0x0102, 0x0201, 0x0101, 0x0101, 0x0102, 0x0101, 0x0202, 0x0202, 0x0101,
    0x0101, 0x0101, 0x0101, 0x0101, 0x0201, 0x0202, 0x0202, 0x0102, 0x0201, 0x0101, 0x0101, 0x0102,
    0x0101, 0x0101, 0x0201, 0x0101, 0x0101, 0x0101, 0x0102, 0x0101, 0x0101, 0x0201, 0x0101, 0x0101,
    0x0101, 0x0201, 0x0101, 0x0101, 0x0101, 0x0201, 0x0101, 0x0101, 0x0101, 0x0101, 0x0101, 0x0101,
    0x0101, 0x0202, 0x0202, 0x0101, 0x0201, 0x0101, 0x0101, 0x0102, 0x0201, 0x0101, 0x0101, 0x0102,
    0x0101, 0x0202, 0x0202, 0x0101, 0x0201, 0x0101, 0x0101, 0x0102, 0x0201, 0x0101, 0x0101, 0x0102,
    0x0101, 0x0202, 0x0202, 0x0101, 0x0101, 0x0101, 0x0101, 0x0101, 0x0101, 0x0202, 0x0202, 0x0101,
    0x0201, 0x0101, 0x0101, 0x0102, 0x0201, 0x0101, 0x0101, 0x0102, 0x0101, 0x0202, 0x0202, 0x0102,
    0x0101, 0x0101, 0x0101, 0x0102, 0x0101, 0x0101, 0x0201, 0x0101, 0x0101, 0x0202, 0x0102, 0x0101,
    0x0101, 0x0101, 0x0101, 0x0101, 0x0101, 0x0101, 0x0101, 0x0101, 0x0101, 0x0201, 0x0101, 0x0101,
    0x0101, 0x0201, 0x0101, 0x0101, 0x0101, 0x0101, 0x0101, 0x0101, 0x0101, 0x0101, 0x0101, 0x0101,
    0x0101, 0x0201, 0x0101, 0x0101, 0x0101, 0x0201, 0x0101, 0x0101, 0x0101, 0x0101, 0x0101, 0x0101,
    0x0000, 0xECEF, 0x0101, 0x0101, 0x0000, 0xECEF, 0x0101, 0x0101, 0x0000, 0xECEF, 0x0101, 0x0101,
    0x0000, 0xECEF, 0x0101, 0x0101, 0x0000, 0xECEF, 0x0101, 0x0101, 0x0000, 0xECEF, 0x0101, 0x0101,
    0x0000, 0xECEF, 0x0101, 0x0101, 0x0000, 0xECEF, 0x0101, 0x0101, 0x0000, 0xECEF, 0x0101, 0x0101,
    0x0000, 0xECEF, 0x0101, 0x0101, 0x0000, 0xEF00, 0x01EC, 0x0101, 0x0000, 0xEF00, 0x01EC, 0x0101,
    0x0000, 0x0000, 0xECEF, 0x01EC, 0x0000, 0x0000, 0xEF00, 0xECEF, 0x0000, 0x0000, 0x0000, 0xEFEF,
    0x0000, 0x0000, 0x0000, 0x0000, 0x0101, 0x0101, 0x0101, 0x0101, 0x0101, 0x0101, 0x0101, 0x0101,
    0x0101, 0x0101, 0x0101, 0x0101, 0x0101, 0x0101, 0x0101, 0x0101, 0x0101, 0x0101, 0x0101, 0x0101,
    0xECEC, 0xECEC, 0xECEC, 0xECEC, 0xEFEF, 0xEFEF, 0xEFEF, 0xEFEF, 0xEFEF, 0xEFEF, 0xEFEF, 0xEFEF,
    0x0101, 0xEC01, 0xEFEF, 0x0000, 0x0101, 0xEC01, 0xEFEF, 0x0000, 0x0101, 0xEFEC, 0xEFEF, 0x0000,
    0x0101, 0xEFEC, 0x00EF, 0x0000, 0xECEC, 0xEFEF, 0x00EF, 0x0000, 0xEFEF, 0xEFEF, 0x0000, 0x0000,
    0xEFEF, 0x00EF, 0x0000, 0x0000, 0x00EF, 0x0004, 0x0000, 0x0000, 0x0101, 0x0202, 0x0202, 0x0101,
    0x0201, 0x0101, 0x0101, 0x0102, 0x0101, 0x0101, 0x0101, 0x0102, 0x0101, 0x0101, 0x0201, 0x0101,
    0x0101, 0x0101, 0x0102, 0x0101, 0x0101, 0x0101, 0x0101, 0x0101, 0x0101, 0x0101, 0x0102, 0x0101,
    0x0101, 0x0101, 0x0101, 0x0101, 0x0101, 0x0202, 0x0202, 0x0101, 0x0201, 0x0101, 0x0101, 0x0102,
    0x0201, 0x0201, 0x0202, 0x0102, 0x0201, 0x0201, 0x0101, 0x0102, 0x0201, 0x0201, 0x0202, 0x0102,
    0x0201, 0x0101, 0x0101, 0x0101, 0x0101, 0x0202, 0x0202, 0x0101, 0x0101, 0x0101, 0x0101, 0x0101,
    0x0101, 0x0201, 0x0102, 0x0101, 0x0101, 0x0102, 0x0201, 0x0101, 0x0201, 0x0101, 0x0101, 0x0102,
    0x0201, 0x0101, 0x0101, 0x0102, 0x0201, 0x0202, 0x0202, 0x0102, 0x0201, 0x0101, 0x0101, 0x0102,
    0x0201, 0x0101, 0x0101, 0x0102, 0x0101, 0x0101, 0x0101, 0x0101, 0x0201, 0x0202, 0x0202, 0x0101,
    0x0101, 0x0102, 0x0101, 0x0102, 0x0101, 0x0102, 0x0101, 0x0102, 0x0101, 0x0202, 0x0202, 0x0101,
    0x0101, 0x0102, 0x0101, 0x0102, 0x0101, 0x0102, 0x0101, 0x0102, 0x0201, 0x0202, 0x0202, 0x0101,
    0x0101, 0x0101, 0x0101, 0x0101, 0x0101, 0x0201, 0x0202, 0x0101, 0x0101, 0x0102, 0x0101, 0x0102,
    0x0201, 0x0101, 0x0101, 0x0101, 0x0201, 0x0101, 0x0101, 0x0101, 0x0201, 0x0101, 0x0101, 0x0101,
    0x0101, 0x0102, 0x0101, 0x0102, 0x0101, 0x0201, 0x0202, 0x0101, 0x0101, 0x0101, 0x0101, 0x0101,
    0x0201, 0x0202, 0x0102, 0x0101, 0x0101, 0x0102, 0x0201, 0x0101, 0x0101, 0x0102, 0x0101, 0x0102,
    0x0101, 0x0102, 0x0101, 0x0102, 0x0101, 0x0102, 0x0101, 0x0102, 0x0101, 0x0102, 0x0201, 0x0101,
    0x0201, 0x0202, 0x0102, 0x0101, 0x0101, 0x0101, 0x0101, 0x0101, 0x0201, 0x0202, 0x0202, 0x0102,
    0x0101, 0x0102, 0x0101, 0x0102, 0x0101, 0x0102, 0x0102, 0x0101, 0x0101, 0x0202, 0x0102, 0x0101,
    0x0101, 0x0102, 0x0102, 0x0101, 0x0101, 0x0102, 0x0101, 0x0102, 0x0201, 0x0202, 0x0202, 0x0102,
    0x0101, 0x0101, 0x0101, 0x0101, 0x0201, 0x0202, 0x0202, 0x0102, 0x0101, 0x0102, 0x0101, 0x0102,
    0x0101, 0x0102, 0x0102, 0x0101, 0x0101, 0x0202, 0x0102, 0x0101, 0x0101, 0x0102, 0x0102, 0x0101,
    0x0101, 0x0102, 0x0101, 0x0101, 0x0201, 0x0202, 0x0101, 0x0101, 0x0101, 0x0101, 0x0101, 0x0101,
    0x0101, 0x0201, 0x0202, 0x0101, 0x0101, 0x0102, 0x0101, 0x0102, 0x0201, 0x0101, 0x0101, 0x0101,
    0x0201, 0x0101, 0x0101, 0x0101, 0x0201, 0x0101, 0x0202, 0x0102, 0x0101, 0x0102, 0x0101, 0x0102,
    0x0101, 0x0201, 0x0202, 0x0102, 0x0101, 0x0101, 0x0101, 0x0101, 0x0201, 0x0101, 0x0101, 0x0102,
    0x0201, 0x0101, 0x0101, 0x0102, 0x0201, 0x0101, 0x0101, 0x0102, 0x0201, 0x0202, 0x0202, 0x0102,
    0x0201, 0x0101, 0x0101, 0x0102, 0x0201, 0x0101, 0x0101, 0x0102, 0x0201, 0x0101, 0x0101, 0x0102,
    0x0101, 0x0101, 0x0101, 0x0101, 0x0101, 0x0202, 0x0102, 0x0101, 0x0101, 0x0201, 0x0101, 0x0101,
    0x0101, 0x0201, 0x0101, 0x0101, 0x0101, 0x0201, 0x0101, 0x0101, 0x0101, 0x0201, 0x0101, 0x0101,
    0x0101, 0x0201, 0x0101, 0x0101, 0x0101, 0x0202, 0x0102, 0x0101, 0x0101, 0x0101, 0x0101, 0x0101,
    0x0101, 0x0101, 0x0202, 0x0102, 0x0101, 0x0101, 0x0201, 0x0101, 0x0101, 0x0101, 0x0201, 0x0101,
    0x0101, 0x0101, 0x0201, 0x0101, 0x0201, 0x0101, 0x0201, 0x0101, 0x0201, 0x0101, 0x0201, 0x0101,
    0x0101, 0x0202, 0x0102, 0x0101, 0x0101, 0x0101, 0x0101, 0x0101, 0x0201, 0x0102, 0x0101, 0x0102,
    0x0101, 0x0102, 0x0201, 0x0101, 0x0101, 0x0102, 0x0102, 0x0101, 0x0101, 0x0202, 0x0101, 0x0101,
    0x0101, 0x0102, 0x0102, 0x0101, 0x0101, 0x0102, 0x0201, 0x0101, 0x0201, 0x0102, 0x0101, 0x0202,
    0x0101, 0x0101, 0x0101, 0x0101, 0x0201, 0x0202, 0x0101, 0x0101, 0x0101, 0x0102, 0x0101, 0x0101,
    0x0101, 0x0102, 0x0101, 0x0101, 0x0101, 0x0102, 0x0101, 0x0101, 0x0101, 0x0102, 0x0101, 0x0101,
    0x0101, 0x0102, 0x0101, 0x0102, 0x0201, 0x0202, 0x0202, 0x0102, 0x0101, 0x0101, 0x0101, 0x0101,
    0x0201, 0x0102, 0x0101, 0x0202, 0x0201, 0x0201, 0x0201, 0x0201, 0x0201, 0x0101, 0x0102, 0x0201,
    0x0201, 0x0101, 0x0101, 0x0201, 0x0201, 0x0101, 0x0101, 0x0201, 0x0201, 0x0101, 0x0101, 0x0201,
    0x0201, 0x0101, 0x0101, 0x0201, 0x0101, 0x0101, 0x0101, 0x0101, 0x0201, 0x0102, 0x0101, 0x0102,
    0x0201, 0x0201, 0x0101, 0x0102, 0x0201, 0x0101, 0x0102, 0x0102, 0x0201, 0x0101, 0x0201, 0x0102,
    0x0201, 0x0101, 0x0101, 0x0102, 0x0201, 0x0101, 0x0101, 0x0102, 0x0201, 0x0101, 0x0101, 0x0102,
    0x0101, 0x0101, 0x0101, 0x0101, 0x0101, 0x0202, 0x0202, 0x0101, 0x0201, 0x0101, 0x0101, 0x0102,
    0x0201, 0x0101, 0x0101, 0x0102, 0x0201, 0x0101, 0x0101, 0x0102, 0x0201, 0x0101, 0x0101, 0x0102,
    0x0201, 0x0101, 0x0101, 0x0102, 0x0101, 0x0202, 0x0202, 0x0101, 0x0101, 0x0101, 0x0101, 0x0101,
    0x0201, 0x0202, 0x0202, 0x0101, 0x0101, 0x0102, 0x0101, 0x0102, 0x0101, 0x0102, 0x0101, 0x0102,
    0x0101, 0x0202, 0x0202, 0x0101, 0x0101, 0x0102, 0x0101, 0x0101, 0x0101, 0x0102, 0x0101, 0x0101,
    0x0201, 0x0202, 0x0101, 0x0101, 0x0101, 0x0101, 0x0101, 0x0101, 0x0101, 0x0202, 0x0202, 0x0101,
    0x0201, 0x0101, 0x0101, 0x0102, 0x0201, 0x0101, 0x0101, 0x0102, 0x0201, 0x0101, 0x0101, 0x0102,
    0x0201, 0x0101, 0x0102, 0x0102, 0x0101, 0x0202, 0x0202, 0x0101, 0x0101, 0x0101, 0x0101, 0x0202,
    0x0101, 0x0101, 0x0101, 0x0101, 0x0201, 0x0202, 0x0202, 0x0101, 0x0101, 0x0102, 0x0101, 0x0102,
    0x0101, 0x0102, 0x0101, 0x0102, 0x0101, 0x0202, 0x0202, 0x0101, 0x0101, 0x0102, 0x0102, 0x0101,
    0x0101, 0x0102, 0x0201, 0x0101, 0x0201, 0x0202, 0x0101, 0x0102, 0x0101, 0x0101, 0x0101, 0x0101,
    0x0101, 0x0202, 0x0202, 0x0101, 0x0201, 0x0101, 0x0101, 0x0102, 0x0201, 0x0101, 0x0101, 0x0101,
    0x0101, 0x0202, 0x0202, 0x0101, 0x0101, 0x0101, 0x0101, 0x0102, 0x0201, 0x0101, 0x0101, 0x0102,
    0x0101, 0x0202, 0x0202, 0x0101, 0x0101, 0x0101, 0x0101, 0x0101, 0x0201, 0x0202, 0x0202, 0x0202,
    0x0201, 0x0101, 0x0102, 0x0201, 0x0101, 0x0101, 0x0102, 0x0101, 0x0101, 0x0101, 0x0102, 0x0101,
    0x0101, 0x0101, 0x0102, 0x0101, 0x0101, 0x0101, 0x0102, 0x0101, 0x0101, 0x0201, 0x0202, 0x0101,
    0x0101, 0x0101, 0x0101, 0x0101, 0x0201, 0x0101, 0x0101, 0x0102, 0x0201, 0x0101, 0x0101, 0x0102,
    0x0201, 0x0101, 0x0101, 0x0102, 0x0201, 0x0101, 0x0101, 0x0102, 0x0201, 0x0101, 0x0101, 0x0102,
    0x0201, 0x0101, 0x0101, 0x0102, 0x0101, 0x0202, 0x0202, 0x0101, 0x0101, 0x0101, 0x0101, 0x0101,
    0x0201, 0x0101, 0x0101, 0x0201, 0x0201, 0x0101, 0x0101, 0x0201, 0x0201, 0x0101, 0x0101, 0x0201,
    0x0201, 0x0101, 0x0101, 0x0201, 0x0101, 0x0102, 0x0101, 0x0102, 0x0101, 0x0201, 0x0201, 0x0101,
    0x0101, 0x0101, 0x0102, 0x0101, 0x0101, 0x0101, 0x0101, 0x0101, 0x0201, 0x0101, 0x0101, 0x0201,
    0x0201, 0x0101, 0x0101, 0x0201, 0x0201, 0x0101, 0x0101, 0x0201, 0x0201, 0x0101, 0x0102, 0x0201,
    0x0201, 0x0101, 0x0102, 0x0201, 0x0201, 0x0101, 0x0102, 0x0201, 0x0101, 0x0202, 0x0201, 0x0102,
    0x0101, 0x0101, 0x0101, 0x0101, 0x0201, 0x0101, 0x0101, 0x0201, 0x0101, 0x0102, 0x0101, 0x0102,
    0x0101, 0x0201, 0x0201, 0x0101, 0x0101, 0x0101, 0x0102, 0x0101, 0x0101, 0x0201, 0x0201, 0x0101,
    0x0101, 0x0102, 0x0101, 0x0102, 0x0201, 0x0101, 0x0101, 0x0201, 0x0101, 0x0101, 0x0101, 0x0101,
    0x0201, 0x0101, 0x0101, 0x0201, 0x0101, 0x0102, 0x0101, 0x0102, 0x0101, 0x0201, 0x0201, 0x0101,
    0x0101, 0x0101, 0x0102, 0x0101, 0x0101, 0x0101, 0x0102, 0x0101, 0x0101, 0x0101, 0x0102, 0x0101,
    0x0101, 0x0201, 0x0202, 0x0101, 0x0101, 0x0101, 0x0101, 0x0101, 0x0201, 0x0202, 0x0202, 0x0202,
    0x0201, 0x0101, 0x0101, 0x0102, 0x0101, 0x0101, 0x0201, 0x0101, 0x0101, 0x0101, 0x0102, 0x0101,
    0x0101, 0x0201, 0x0101, 0x0101, 0x0101, 0x0102, 0x0101, 0x0201, 0x0201, 0x0202, 0x0202, 0x0202,
    0x0101, 0x0101, 0x0101, 0x0101, 0x0000, 0x0000, 0x0000, 0xEF00, 0x0000, 0x0000, 0xEF00, 0xECEF,
    0x0000, 0x0000, 0xECEF, 0x01EC, 0x0000, 0xEF00, 0x01EC, 0x0101, 0x0000, 0xEF00, 0x01EC, 0x0101,
    0x0000, 0xECEF, 0x0101, 0x0101, 0x0000, 0xECEF, 0x0101, 0x0101, 0x0000, 0xECEF, 0x0101, 0x0101,
    0x0101, 0xEC01, 0xEFEF, 0x0000, 0x0101, 0xEC01, 0xEFEF, 0xEFEF, 0x0101, 0x0101, 0x0101, 0xEFEC,
    0x0101, 0x0101, 0xEC01, 0x00EF, 0x0101, 0x0101, 0xEFEC, 0x0000, 0x0101, 0xEC01, 0xEFEF, 0x0000,
    0x0101, 0xEC01, 0xEFEF, 0x0000, 0x0101, 0xEC01, 0xEFEF, 0x0000, 0x0000, 0x0000, 0x0000, 0x0000,
    0xEFEF, 0x0000, 0x0000, 0x0000, 0xECEC, 0x00EF, 0x0000, 0x0000, 0x0101, 0xEFEC, 0x0000, 0x0000,
    0x0101, 0xEFEC, 0x00EF, 0x0000, 0x0101, 0xEC01, 0x00EF, 0x0000, 0x0101, 0xEC01, 0xEFEF, 0x0000,
    0x0101, 0xEC01, 0xEFEF, 0x0000, 0xEFEF, 0xEF04, 0xEFEF, 0xEFEF, 0xECEC, 0x0404, 0xECEC, 0xECEC,
    0x0101, 0x0401, 0x0101, 0x0101, 0x0101, 0x0401, 0x0101, 0x0101, 0x0101, 0x0401, 0x0104, 0x0101,
    0x0101, 0x0401, 0x0101, 0x0101, 0x0101, 0x0101, 0x0101, 0x0101, 0x0101, 0x0101, 0x0101, 0x0101,
    0x0101, 0x0101, 0x0101, 0x0101, 0x0101, 0x0101, 0x0101, 0x0101, 0x0101, 0x0101, 0x0101, 0x0101,
    0x0101, 0x0101, 0x0101, 0x0101, 0x0101, 0x0101, 0x0101, 0x0101, 0x0101, 0x0101, 0x0101, 0x0101,
    0x0101, 0x0101, 0x0101, 0x0101, 0x0201, 0x0202, 0x0202, 0x0102, 0x0101, 0x0101, 0x0101, 0x0101,
    0x0101, 0x0101, 0x0101, 0x0101, 0x0101, 0x0201, 0x0202, 0x0101, 0x0101, 0x0101, 0x0101, 0x0102,
    0x0101, 0x0201, 0x0202, 0x0102, 0x0101, 0x0102, 0x0101, 0x0102, 0x0101, 0x0201, 0x0202, 0x0102,
    0x0101, 0x0101, 0x0101, 0x0101, 0x0101, 0x0101, 0x0101, 0x0101, 0x0101, 0x0102, 0x0101, 0x0101,
    0x0101, 0x0102, 0x0101, 0x0101, 0x0101, 0x0202, 0x0202, 0x0101, 0x0101, 0x0102, 0x0101, 0x0102,
    0x0101, 0x0102, 0x0101, 0x0102, 0x0101, 0x0202, 0x0202, 0x0101, 0x0101, 0x0101, 0x0101, 0x0101,
    0x0101, 0x0101, 0x0101, 0x0101, 0x0101, 0x0101, 0x0101, 0x0101, 0x0101, 0x0201, 0x0202, 0x0101,
    0x0101, 0x0102, 0x0101, 0x0102, 0x0101, 0x0102, 0x0101, 0x0101, 0x0101, 0x0102, 0x0101, 0x0102,
    0x0101, 0x0201, 0x0202, 0x0101, 0x0101, 0x0101, 0x0101, 0x0101, 0x0101, 0x0101, 0x0101, 0x0101,
    0x0101, 0x0101, 0x0101, 0x0102, 0x0101, 0x0101, 0x0101, 0x0102, 0x0101, 0x0201, 0x0202, 0x0102,
    0x0101, 0x0102, 0x0101, 0x0102, 0x0101, 0x0102, 0x0101, 0x0102, 0x0101, 0x0201, 0x0202, 0x0102,
    0x0101, 0x0101, 0x0101, 0x0101, 0x0101, 0x0101, 0x0101, 0x0101, 0x0101, 0x0101, 0x0101, 0x0101,
    0x0101, 0x0201, 0x0202, 0x0101, 0x0101, 0x0102, 0x0101, 0x0102, 0x0101, 0x0202, 0x0202, 0x0101,
    0x0101, 0x0102, 0x0101, 0x0101, 0x0101, 0x0201, 0x0202, 0x0102, 0x0101, 0x0101, 0x0101, 0x0101,
    0x0101, 0x0101, 0x0101, 0x0101, 0x0101, 0x0101, 0x0202, 0x0101, 0x0101, 0x0201, 0x0101, 0x0101,
    0x0101, 0x0202, 0x0202, 0x0101, 0x0101, 0x0201, 0x0101, 0x0101, 0x0101, 0x0201, 0x0101, 0x0101,
    0x0101, 0x0201, 0x0101, 0x0101, 0x0101, 0x0101, 0x0101, 0x0101, 0x0101, 0x0101, 0x0101, 0x0101,
    0x0101, 0x0101, 0x0101, 0x0101, 0x0101, 0x0201, 0x0202, 0x0102, 0x0101, 0x0102, 0x0101, 0x0102,
    0x0101, 0x0102, 0x0101, 0x0102, 0x0101, 0x0201, 0x0202, 0x0102, 0x0101, 0x0101, 0x0101, 0x0102,
    0x0101, 0x0201, 0x0202, 0x0101, 0x0101, 0x0101, 0x0101, 0x0101, 0x0101, 0x0102, 0x0101, 0x0101,
    0x0101, 0x0102, 0x0101, 0x0101, 0x0101, 0x0202, 0x0202, 0x0101, 0x0101, 0x0102, 0x0101, 0x0102,
    0x0101, 0x0102, 0x0101, 0x0102, 0x0101, 0x0102, 0x0101, 0x0102, 0x0101, 0x0101, 0x0101, 0x0101,
    0x0101, 0x0101, 0x0101, 0x0101, 0x0101, 0x0101, 0x0101, 0x0101, 0x0101, 0x0201, 0x0101, 0x0101,
    0x0101, 0x0101, 0x0101, 0x0101, 0x0101, 0x0201, 0x0101, 0x0101, 0x0101, 0x0201, 0x0101, 0x0101,
    0x0101, 0x0201, 0x0101, 0x0101, 0x0101, 0x0101, 0x0101, 0x0101, 0x0101, 0x0101, 0x0101, 0x0101,
    0x0101, 0x0101, 0x0101, 0x0101, 0x0101, 0x0101, 0x0101, 0x0102, 0x0101, 0x0101, 0x0101, 0x0101,
    0x0101, 0x0101, 0x0101, 0x0102, 0x0101, 0x0101, 0x0101, 0x0102, 0x0101, 0x0101, 0x0101, 0x0102,
    0x0101, 0x0201, 0x0202, 0x0101, 0x0101, 0x0101, 0x0101, 0x0101, 0x0101, 0x0102, 0x0101, 0x0101,
    0x0101, 0x0102, 0x0201, 0x0101, 0x0101, 0x0102, 0x0102, 0x0101, 0x0101, 0x0202, 0x0201, 0x0101,
    0x0101, 0x0102, 0x0101, 0x0102, 0x0101, 0x0102, 0x0101, 0x0102, 0x0101, 0x0101, 0x0101, 0x0101,
    0x0101, 0x0101, 0x0101, 0x0101, 0x0101, 0x0102, 0x0101, 0x0101, 0x0101, 0x0102, 0x0101, 0x0101,
    0x0101, 0x0102, 0x0101, 0x0101, 0x0101, 0x0102, 0x0101, 0x0101, 0x0101, 0x0102, 0x0101, 0x0101,
    0x0101, 0x0201, 0x0101, 0x0101, 0x0101, 0x0101, 0x0101, 0x0101, 0x0101, 0x0101, 0x0101, 0x0101,
    0x0101, 0x0101, 0x0101, 0x0101, 0x0101, 0x0202, 0x0201, 0x0101, 0x0101, 0x0102, 0x0102, 0x0102,
    0x0101, 0x0102, 0x0102, 0x0102, 0x0101, 0x0102, 0x0102, 0x0102, 0x0101, 0x0102, 0x0102, 0x0102,
    0x0101, 0x0101, 0x0101, 0x0101, 0x0101, 0x0101, 0x0101, 0x0101, 0x0101, 0x0101, 0x0101, 0x0101,
    0x0101, 0x0202, 0x0202, 0x0101, 0x0101, 0x0102, 0x0101, 0x0102, 0x0101, 0x0102, 0x0101, 0x0102,
    0x0101, 0x0102, 0x0101, 0x0102, 0x0101, 0x0102, 0x0101, 0x0102, 0x0101, 0x0101, 0x0101, 0x0101,
    0x0101, 0x0101, 0x0101, 0x0101, 0x0101, 0x0101, 0x0101, 0x0101, 0x0101, 0x0201, 0x0202, 0x0101,
    0x0101, 0x0102, 0x0101, 0x0102, 0x0101, 0x0102, 0x0101, 0x0102, 0x0101, 0x0102, 0x0101, 0x0102,
    0x0101, 0x0201, 0x0202, 0x0101, 0x0101, 0x0101, 0x0101, 0x0101, 0x0101, 0x0101, 0x0101, 0x0101,
    0x0101, 0x0101, 0x0101, 0x0101, 0x0101, 0x0202, 0x0202, 0x0101, 0x0101, 0x0102, 0x0101, 0x0102,
    0x0101, 0x0102, 0x0101, 0x0102, 0x0101, 0x0202, 0x0202, 0x0101, 0x0101, 0x0102, 0x0101, 0x0101,
    0x0101, 0x0102, 0x0101, 0x0101, 0x0101, 0x0101, 0x0101, 0x0101, 0x0101, 0x0101, 0x0101, 0x0101,
    0x0101, 0x0201, 0x0202, 0x0102, 0x0101, 0x0102, 0x0101, 0x0102, 0x0101, 0x0102, 0x0101, 0x0102,
    0x0101, 0x0201, 0x0202, 0x0102, 0x0101, 0x0101, 0x0101, 0x0102, 0x0101, 0x0101, 0x0101, 0x0102,
    0x0101, 0x0101, 0x0101, 0x0101, 0x0101, 0x0101, 0x0101, 0x0101, 0x0101, 0x0102, 0x0202, 0x0101,
    0x0101, 0x0202, 0x0101, 0x0102, 0x0101, 0x0102, 0x0101, 0x0101, 0x0101, 0x0102, 0x0101, 0x0101,
    0x0101, 0x0102, 0x0101, 0x0101, 0x0101, 0x0101, 0x0101, 0x0101, 0x0101, 0x0101, 0x0101, 0x0101,
    0x0101, 0x0101, 0x0101, 0x0101, 0x0101, 0x0201, 0x0202, 0x0102, 0x0101, 0x0102, 0x0101, 0x0101,
    0x0101, 0x0201, 0x0202, 0x0101, 0x0101, 0x0101, 0x0101, 0x0102, 0x0101, 0x0202, 0x0202, 0x0101,
    0x0101, 0x0101, 0x0101, 0x0101, 0x0101, 0x0101, 0x0101, 0x0101, 0x0101, 0x0201, 0x0101, 0x0101,
    0x0101, 0x0201, 0x0101, 0x0101, 0x0101, 0x0202, 0x0102, 0x0101, 0x0101, 0x0201, 0x0101, 0x0101,
    0x0101, 0x0201, 0x0101, 0x0101, 0x0101, 0x0101, 0x0202, 0x0101, 0x0101, 0x0101, 0x0101, 0x0101,
    0x0101, 0x0101, 0x0101, 0x0101, 0x0101, 0x0101, 0x0101, 0x0101, 0x0101, 0x0102, 0x0101, 0x0102,
    0x0101, 0x0102, 0x0101, 0x0102, 0x0101, 0x0102, 0x0101, 0x0102, 0x0101, 0x0102, 0x0101, 0x0102,
    0x0101, 0x0201, 0x0202, 0x0101, 0x0101, 0x0101, 0x0101, 0x0101, 0x0101, 0x0101, 0x0101, 0x0101,
    0x0101, 0x0101, 0x0101, 0x0101, 0x0101, 0x0102, 0x0101, 0x0102, 0x0101, 0x0102, 0x0101, 0x0102,
    0x0101, 0x0201, 0x0201, 0x0101, 0x0101, 0x0201, 0x0201, 0x0101, 0x0101, 0x0101, 0x0102, 0x0101,
    0x0101, 0x0101, 0x0101, 0x0101, 0x0101, 0x0101, 0x0101, 0x0101, 0x0101, 0x0101, 0x0101, 0x0101,
    0x0101, 0x0102, 0x0101, 0x0102, 0x0101, 0x0102, 0x0101, 0x0102, 0x0101, 0x0102, 0x0102, 0x0102,
    0x0101, 0x0102, 0x0102, 0x0102, 0x0101, 0x0201, 0x0201, 0x0101, 0x0101, 0x0101, 0x0101, 0x0101,
    0x0101, 0x0101, 0x0101, 0x0101, 0x0101, 0x0101, 0x0101, 0x0101, 0x0101, 0x0102, 0x0101, 0x0102,
    0x0101, 0x0201, 0x0201, 0x0101, 0x0101, 0x0101, 0x0102, 0x0101, 0x0101, 0x0201, 0x0201, 0x0101,
    0x0101, 0x0102, 0x0101, 0x0102, 0x0101, 0x0101, 0x0101, 0x0101, 0x0101, 0x0101, 0x0101, 0x0101,
    0x0101, 0x0101, 0x0101, 0x0101, 0x0101, 0x0102, 0x0101, 0x0102, 0x0101, 0x0102, 0x0101, 0x0102,
    0x0101, 0x0102, 0x0101, 0x0102, 0x0101, 0x0201, 0x0202, 0x0102, 0x0101, 0x0101, 0x0101, 0x0102,
    0x0101, 0x0201, 0x0202, 0x0101, 0x0101, 0x0101, 0x0101, 0x0101, 0x0101, 0x0101, 0x0101, 0x0101,
    0x0101, 0x0201, 0x0202, 0x0202, 0x0101, 0x0101, 0x0101, 0x0102, 0x0101, 0x0101, 0x0201, 0x0101,
    0x0101, 0x0101, 0x0102, 0x0101, 0x0101, 0x0201, 0x0202, 0x0202, 0x0101, 0x0101, 0x0101, 0x0101,
    0x01CE, 0x0000, 0x0000, 0x0001, 0x0002, 0x0003, 0x0004, 0x0004, 0x0004, 0x0004, 0x0004, 0x0004,
    0x0004, 0x0004, 0x0004, 0x0004, 0x0005, 0x0006, 0x0007, 0x0008, 0x0004, 0x0004, 0x0004, 0x0004,
    0x0004, 0x0004, 0x0004, 0x0004, 0x0004, 0x0004, 0x0004, 0x0004, 0x0004, 0x0004, 0x0004, 0x0004,
    0x0004, 0x0004, 0x0004, 0x0004, 0x0004, 0x0004, 0x0004, 0x0004, 0x0004, 0x0004, 0x0004, 0x0004,
    0x0004, 0x0004, 0x0004, 0x0004, 0x0004, 0x0004, 0x0004, 0x0004, 0x0004, 0x0004, 0x0004, 0x0004,
    0x0004, 0x0004, 0x0004, 0x0004, 0x0004, 0x0004, 0x0009, 0x0009, 0x0009, 0x0009, 0x0009, 0x0009,
    0x0009, 0x0009, 0x000A, 0x000B, 0x000C, 0x000D, 0x000E, 0x000F, 0x0010, 0x0011, 0x0012, 0x0013,
    0x0014, 0x0015, 0x0016, 0x0017, 0x0018, 0x0019, 0x001A, 0x001B, 0x001C, 0x001D, 0x001E, 0x001F,
    0x0020, 0x0021, 0x0009, 0x0022, 0x0023, 0x0024, 0x0025, 0x0009, 0x0009, 0x0009, 0x0026, 0x0027,
    0x0028, 0x0029, 0x002A, 0x002B, 0x002C, 0x002D, 0x002E, 0x002F, 0x0030, 0x0031, 0x0032, 0x0033,
    0x0034, 0x0035, 0x0036, 0x0037, 0x0038, 0x0039, 0x003A, 0x003B, 0x003C, 0x003D, 0x0009, 0x003E,
    0x0009, 0x003F, 0x0040, 0x0009, 0x0041, 0x0009, 0x0040, 0x0042, 0x0043, 0x0044, 0x0045, 0x0046,
    0x0047, 0x0048, 0x0049, 0x004A, 0x004B, 0x004C, 0x004D, 0x004E, 0x004F, 0x0050, 0x0051, 0x0052,
    0x0053, 0x0054, 0x0055, 0x0056, 0x0057, 0x0058, 0x0009, 0x0059, 0x005A, 0x005B, 0x005C, 0x0009,
    0x0009, 0x0009, 0x005D, 0x005E, 0x005F, 0x0060, 0x0061, 0x0062, 0x0063, 0x0064, 0x0065, 0x0066,
    0x0067, 0x0068, 0x0069, 0x006A, 0x006B, 0x006C, 0x006D, 0x006E, 0x006F, 0x0070, 0x0071, 0x0072,
    0x0073, 0x0074, 0x0009, 0x0075, 0x0076, 0x0077, 0x0078, 0x0079, 0x007A, 0x007B, 0x007C, 0x007D,
    0x007E, 0x007F, 0x0080, 0x0081, 0x0082, 0x0083, 0x0084, 0x0085, 0x0086, 0x0087, 0x0088, 0x0089,
    0x008A, 0x008B, 0x008C, 0x008D, 0x008E, 0x008F, 0x0090, 0x0091, 0x0092, 0x0093, 0x0009, 0x0009,
    0x0009, 0x0009, 0x0009, 0x0094, 0x0095, 0x0009, 0x0096, 0x0009, 0x0097, 0x0098, 0x0099, 0x009A,
    0x009B, 0x009C, 0x009D, 0x009E, 0x009F, 0x00A0, 0x00A1, 0x00A2, 0x00A3, 0x00A4, 0x00A5, 0x00A6,
    0x00A7, 0x00A8, 0x00A9, 0x00AA, 0x00AB, 0x00AC, 0x00AD, 0x00AE, 0x00AF, 0x00B0, 0x00B1, 0x00B2,
    0x00B3, 0x00B4, 0x00B5, 0x00B6, 0x00B7, 0x00B8, 0x00B9, 0x00BA, 0x00BB, 0x00BC, 0x00BD, 0x00BE,
    0x00BF, 0x00C0, 0x00C1, 0x00C2, 0x00C3, 0x00C4, 0x00C5, 0x00C6, 0x00C7, 0x00C8, 0x00C9, 0x00CA,
    0x00CB, 0x00CC, 0x00CD, 0x00CE, 0x00CF, 0x00D0, 0x00D1, 0x00D2, 0x00D3, 0x00D4, 0x00D5, 0x00D6,
    0x00D7, 0x00D8, 0x00D9, 0x00DA, 0x00DB, 0x00DC, 0x00DD, 0x00DE, 0x00DF, 0x00E0, 0x00E1, 0x00E2,
    0x00E3, 0x00E4, 0x00E5, 0x00E6, 0x00E7, 0x00E8, 0x00E9, 0x00EA, 0x00EB, 0x00EC, 0x00ED, 0x00EE,
    0x00EF, 0x00F0, 0x00F1, 0x00F2, 0x00F3, 0x00F4, 0x00F5, 0x00F6, 0x00F7, 0x00F8, 0x00F9, 0x00FA,
    0x00FB, 0x00FC, 0x00FD, 0x00FE, 0x00FF, 0x0100, 0x0101, 0x0102, 0x0103, 0x0104, 0x0105, 0x0106,
    0x0107, 0x0108, 0x0109, 0x010A, 0x010B, 0x010C, 0x010D, 0x010E, 0x010F, 0x0110, 0x0111, 0x0112,
    0x0113, 0x0114, 0x0115, 0x0116, 0x0117, 0x0118, 0x0119, 0x011A, 0x011B, 0x011C, 0x011D, 0x011E,
    0x011F, 0x0120, 0x0121, 0x0122, 0x0123, 0x0124, 0x0125, 0x0126, 0x0127, 0x0000, 0x0128, 0x0129,
    0x012A, 0x012B, 0x012C, 0x012D, 0x012E, 0x012F, 0x0130, 0x0131, 0x0009, 0x0009, 0x0009, 0x0009,
    0x0009, 0x0009, 0x0009, 0x0009, 0x0009, 0x0009, 0x0009, 0x0009, 0x0132, 0x0133, 0x0134, 0x0134,
    0x0135, 0x0136, 0x0137, 0x0138, 0x0139, 0x013A, 0x013B, 0x013C, 0x013D, 0x013E, 0x013F, 0x0140,
    0x0141, 0x0142, 0x0143, 0x0144, 0x0009, 0x0009, 0x0009, 0x0009, 0x0009, 0x0009, 0x0009, 0x0009,
    0x0009, 0x0009, 0x0009, 0x0009, 0x0145, 0x0146, 0x0134, 0x0134, 0x0147, 0x0148, 0x0149, 0x014A,
    0x014B, 0x014C, 0x014D, 0x014E, 0x014F, 0x0150, 0x0151, 0x0152, 0x0153, 0x0154, 0x0155, 0x0156,
    0x0009, 0x0009, 0x0009, 0x0009, 0x0009, 0x0009, 0x0009, 0x0009, 0x0009, 0x0009, 0x0009, 0x0009,
    0x0157, 0x0158, 0x0159, 0x015A, 0x015B, 0x015C, 0x0004, 0x0004, 0x015D, 0x015E, 0x015F, 0x0160,
    0x0161, 0x0162, 0x0163, 0x0164, 0x0165, 0x0166, 0x0167, 0x0168, 0x0009, 0x0009, 0x0009, 0x0009,
    0x0009, 0x0009, 0x0009, 0x0009, 0x0009, 0x0009, 0x0009, 0x0009, 0x0169, 0x016A, 0x016B, 0x016C,
    0x016D, 0x016E, 0x0004, 0x0004, 0x016F, 0x0170, 0x0171, 0x0172, 0x0173, 0x0174, 0x0004, 0x0004,
    0x0004, 0x0004, 0x0004, 0x0004, 0x0004, 0x0004, 0x0004, 0x0004, 0x0004, 0x0004, 0x0004, 0x0004,
    0x0004, 0x0004, 0x0004, 0x0004, 0x0004, 0x0004, 0x0004, 0x0004, 0x0004, 0x0004, 0x0004, 0x0004,
    0x0004, 0x0004, 0x0004, 0x0004, 0x0004, 0x0004, 0x0004, 0x0004, 0x0004, 0x0004, 0x0004, 0x0004,
    0x0004, 0x0004, 0x0004, 0x0004, 0x0004, 0x0004, 0x0004, 0x0004, 0x0004, 0x0004, 0x0004, 0x0004,
    0x0004, 0x0004, 0x0004, 0x0004, 0x0004, 0x0004, 0x0004, 0x0004, 0x0004, 0x0004, 0x0004, 0x0004,
    0x0004, 0x0004, 0x0004, 0x0004, 0x0004, 0x0004, 0x0004, 0x0004, 0x0004, 0x0004, 0x0004, 0x0004,
    0x0004, 0x0004, 0x0004, 0x0004, 0x0004, 0x0004, 0x0004, 0x0004, 0x0004, 0x0004, 0x0004, 0x0004,
    0x0004, 0x0004, 0x0004, 0x0004, 0x0004, 0x0004, 0x0004, 0x0004, 0x0004, 0x0004, 0x0004, 0x0004,
    0x0004, 0x0004, 0x0004, 0x0004, 0x0004, 0x0004, 0x0004, 0x0004, 0x0004, 0x0004, 0x0004, 0x0004,
    0x0004, 0x0004, 0x0004, 0x0004, 0x0004, 0x0004, 0x0004, 0x0004, 0x0004, 0x0004, 0x0004, 0x0004,
    0x0004, 0x0004, 0x0004, 0x0004, 0x0004, 0x0004, 0x0004, 0x0004, 0x0004, 0x0004, 0x0004, 0x0004,
    0x0004, 0x0004, 0x0004, 0x0004, 0x0004, 0x0004, 0x0004, 0x0004, 0x0004, 0x0004, 0x0004, 0x0004,
    0x0004, 0x0004, 0x0004, 0x0004, 0x0004, 0x0004, 0x0004, 0x0004, 0x0004, 0x0004, 0x0004, 0x0004,
    0x0004, 0x0004, 0x0004, 0x0004, 0x0004, 0x0004, 0x0004, 0x0004, 0x0004, 0x0004, 0x0004, 0x0004,
    0x0004, 0x0004, 0x0004, 0x0004, 0x0004, 0x0004, 0x0004, 0x0004, 0x0004, 0x0004, 0x0004, 0x0004,
    0x0004, 0x0004, 0x0004, 0x0004, 0x0004, 0x0004, 0x0004, 0x0004, 0x0004, 0x0004, 0x0004, 0x0004,
    0x0004, 0x0004, 0x0004, 0x0004, 0x0004, 0x0004, 0x0004, 0x0004, 0x0004, 0x0004, 0x0004, 0x0004,
    0x0004, 0x0004, 0x0004, 0x0004, 0x0004, 0x0004, 0x0004, 0x0004, 0x0004, 0x0004, 0x0004, 0x0004,
    0x0004, 0x0004, 0x0004, 0x0004, 0x0004, 0x0004, 0x0004, 0x0004, 0x0004, 0x0004, 0x0004, 0x0004,
    0x0004, 0x0004, 0x0004, 0x0004, 0x0004, 0x0004, 0x0004, 0x0004, 0x0004, 0x0004, 0x0004, 0x0004,
    0x0004, 0x0004, 0x0004, 0x0004, 0x0004, 0x0004, 0x0004, 0x0004, 0x0004, 0x0004, 0x0004, 0x0004,
    0x0004, 0x0004, 0x0004, 0x0004, 0x0004, 0x0004, 0x0004, 0x0004, 0x0004, 0x0004, 0x0004, 0x0004,
    0x0004, 0x0004, 0x0004, 0x0004, 0x0004, 0x0004, 0x0004, 0x0004, 0x0004, 0x0004, 0x0004, 0x0004,
    0x0004, 0x0004, 0x0004, 0x0004, 0x0004, 0x0004, 0x0004, 0x0004, 0x0004, 0x0004, 0x0004, 0x0004,
    0x0004, 0x0004, 0x0004, 0x0004, 0x0004, 0x0004, 0x0004, 0x0004, 0x0004, 0x0004, 0x0004, 0x0004,
    0x0004, 0x0004, 0x0004, 0x0004, 0x0004, 0x0004, 0x0004, 0x0004, 0x0004, 0x0004, 0x0004, 0x0004,
    0x0004, 0x0004, 0x0004, 0x0004, 0x0004, 0x0004, 0x0004, 0x0004, 0x0004, 0x0004, 0x0004, 0x0004,
    0x0004, 0x0004, 0x0004, 0x0004, 0x0004, 0x0004, 0x0004, 0x0004, 0x0004, 0x0004, 0x0004, 0x0004,
    0x0004, 0x0004, 0x0004, 0x0004, 0x0004, 0x0004, 0x0004, 0x0004, 0x0004, 0x0004, 0x0004, 0x0004,
    0x0004, 0x0004, 0x0004, 0x0004, 0x0004, 0x0004, 0x0004, 0x0004, 0x0004, 0x0004, 0x0004, 0x0004,
    0x0004, 0x0004, 0x0004, 0x0004, 0x0004, 0x0004, 0x0004, 0x0004, 0x0004, 0x0004, 0x0004, 0x0004,
    0x0004, 0x0004, 0x0004, 0x0004, 0x0004, 0x0004, 0x0004, 0x0004, 0x0004, 0x0004, 0x0004, 0x0004,
    0x0004, 0x0004, 0x0004, 0x0004, 0x0004, 0x0004, 0x0004, 0x0004, 0x0004, 0x0004, 0x0004, 0x0004,
    0x0004, 0x0004, 0x0004, 0x0004, 0x0004, 0x0004, 0x0004, 0x0004, 0x0004, 0x0004, 0x0004, 0x0004,
    0x0004, 0x0004, 0x0004, 0x0004, 0x0004, 0x0004, 0x0004, 0x0004, 0x0004, 0x0004, 0x0004, 0x0004,
    0x0004, 0x0004, 0x0004, 0x0004, 0x0004, 0x0004, 0x0004, 0x0004, 0x0004, 0x0004, 0x0004, 0x0004,
    0x0004, 0x0004, 0x0004, 0x0004, 0x0004, 0x0004, 0x0004, 0x0004, 0x0004, 0x0004, 0x0004, 0x0004,
    0x0004, 0x0004, 0x0009, 0x0009, 0x0009, 0x0009, 0x0009, 0x0009, 0x0009, 0x0009, 0x0009, 0x0009,
    0x0009, 0x0009, 0x0009, 0x0009, 0x0009, 0x0009, 0x0009, 0x0009, 0x0009, 0x0009, 0x0009, 0x0009,
    0x0009, 0x0009, 0x0009, 0x0009, 0x0009, 0x0009, 0x0009, 0x0009, 0x0009, 0x0009, 0x0004, 0x0175,
    0x0176, 0x0177, 0x0178, 0x0179, 0x017A, 0x017B, 0x017C, 0x017D, 0x017E, 0x017F, 0x0180, 0x0181,
    0x0182, 0x0183, 0x0184, 0x0185, 0x0186, 0x0187, 0x0188, 0x0189, 0x018A, 0x018B, 0x018C, 0x018D,
    0x018E, 0x018F, 0x0190, 0x0191, 0x0192, 0x0193, 0x0194, 0x0195, 0x0196, 0x0197, 0x0198, 0x0199,
    0x019A, 0x019B, 0x019C, 0x019D, 0x019E, 0x019F, 0x01A0, 0x01A1, 0x01A2, 0x01A3, 0x01A4, 0x01A5,
    0x01A6, 0x01A7, 0x01A8, 0x01A9, 0x01AA, 0x01AB, 0x01AC, 0x01AD, 0x01AE, 0x01AF, 0x01B0, 0x01B1,
    0x01B2, 0x01B3, 0x0004, 0x01B4, 0x01B5, 0x01B6, 0x01B7, 0x01B8, 0x01B9, 0x01BA, 0x01BB, 0x01BC,
    0x01BD, 0x01BE, 0x01BF, 0x01C0, 0x01C1, 0x01C2, 0x01C3, 0x01C4, 0x01C5, 0x01C6, 0x01C7, 0x01C8,
    0x01C9, 0x01CA, 0x01CB, 0x01CC, 0x01CD, 0x0004, 0x0004, 0x0004, 0x0004, 0x0004, 0x0009, 0x0009,
    0x0009, 0x0009, 0x0009, 0x0009, 0x0009, 0x0009, 0x0009, 0x0009, 0x0009, 0x0009, 0x0009, 0x0009,
    0x0009, 0x0009, 0x0132, 0x0133, 0x0134, 0x0134, 0x0135, 0x0136, 0x0137, 0x0138, 0x0009, 0x0009,
    0x0009, 0x0009, 0x0009, 0x0009, 0x0009, 0x0009, 0x0004, 0x0004, 0x0004, 0x0004, 0x0004, 0x0004,
    0x0004, 0x0004, 0x0004, 0x0004, 0x0004, 0x0004, 0x0004, 0x0004, 0x0004, 0x0004, 0x0145, 0x0146,
    0x0134, 0x0134, 0x0147, 0x0148, 0x0149, 0x014A, 0x0004, 0x0004, 0x0004, 0x0004, 0x0004, 0x0004,
    0x0004, 0x0004, 0x0004, 0x0004, 0x0004, 0x0004, 0x0004, 0x0004, 0x0004, 0x0004, 0x0004, 0x0004,
    0x0004, 0x0004, 0x0004, 0x0004, 0x0004, 0x0004, 0x0157, 0x0158, 0x0159, 0x015A, 0x015B, 0x015C,
    0x0004, 0x0004, 0x0004, 0x0004, 0x0004, 0x0004, 0x0004, 0x0004, 0x0004, 0x0004, 0x0004, 0x0004,
    0x0004, 0x0004, 0x0004, 0x0004, 0x0004, 0x0004, 0x0004, 0x0004, 0x0004, 0x0004, 0x0004, 0x0004,
    0x0004, 0x0004, 0x0169, 0x016A, 0x016B, 0x016C, 0x016D, 0x016E, 0x0004, 0x0004, 0x0004, 0x0004,
    0x0004, 0x0004, 0x0004, 0x0004, 0x0004, 0x0004, 0x0004, 0x0004, 0x0004, 0x0004, 0x0004, 0x0004,
    0x0004, 0x0004, 0x0004, 0x0004, 0x0004, 0x0004, 0x0004, 0x0004, 0x0004, 0x0004, 0x0004, 0x0004,
    0x0004, 0x0004, 0x0004, 0x0004, 0x0004, 0x0004, 0x0004, 0x0004, 0x0004, 0x0004, 0x0004, 0x0004,
    0x0004, 0x0004, 0x0004, 0x0004, 0x0004, 0x0004, 0x0004, 0x0004, 0x0004, 0x0004, 0x0004, 0x0004,
    0x0004, 0x0004, 0x0004, 0x0004, 0x0004, 0x0004, 0x0004, 0x0004, 0x0004, 0x0004, 0x0004, 0x0004,
    0x0004, 0x0004, 0x0004, 0x0004, 0x0004, 0x0004, 0x0004, 0x0004, 0x0004, 0x0004, 0x0004, 0x0004,
    0x0004, 0x0004, 0x0004, 0x0004, 0x0004, 0x0004, 0x0004, 0x0004, 0x0004, 0x0004, 0x0004, 0x0004,
    0x0004, 0x0004, 0x0004, 0x0004, 0x0004, 0x0004, 0x0004, 0x0004, 0x0004, 0x0004, 0x0004, 0x0004,
    0x0004, 0x0004, 0x0004, 0x0004, 0x0004, 0x0004, 0x0004, 0x0004, 0x0004, 0x0004, 0x0004, 0x0004,
    0x0004, 0x0004, 0x0004, 0x0004, 0x0004, 0x0004, 0x0004, 0x0004, 0x0004, 0x0004, 0x0004, 0x0004,
    0x0004, 0x0004, 0x0004, 0x0004, 0x0004, 0x0004, 0x0004, 0x0004, 0x0004, 0x0004, 0x0004, 0x0004,
    0x0004, 0x0004, 0x0004, 0x0004, 0x0004, 0x0004, 0x0004, 0x0004, 0x0004, 0x0004, 0x0004, 0x0004,
    0x0004, 0x0004, 0x0004, 0x0004, 0x0004, 0x0004, 0x0004, 0x0004, 0x0004, 0x0004, 0x0004, 0x0004,
    0x0004, 0x0004, 0x0004, 0x0004, 0x0004, 0x0004, 0x0004, 0x0004, 0x0004, 0x0004, 0x0004, 0x0004,
    0x0004, 0x0004, 0x0004, 0x0004, 0x0004, 0x0004, 0x0004, 0x0004, 0x0004, 0x0004, 0x0004, 0x0004,
    0x0004, 0x0004, 0x0004, 0x0004, 0x0004, 0x0004, 0x0004, 0x0004, 0x0004, 0x0004, 0x0004, 0x0004,
    0x0004, 0x0004, 0x0004, 0x0004, 0x0004, 0x0004, 0x0004, 0x0004, 0x0004, 0x0004, 0x0004, 0x0004,
    0x0004, 0x0004, 0x0004, 0x0004, 0x0004, 0x0004, 0x0004, 0x0004, 0x0004, 0x0004, 0x0004, 0x0004,
    0x0004, 0x0004, 0x0004, 0x0004, 0x0004, 0x0004, 0x0004, 0x0004, 0x0004, 0x0004, 0x0004, 0x0004,
    0x0004, 0x0004, 0x0004, 0x0004, 0x0004, 0x0004, 0x0004, 0x0004, 0x0004, 0x0004, 0x0004, 0x0004,
    0x0004, 0x0004, 0x0004, 0x0004, 0x0004, 0x0004, 0x0004, 0x0004, 0x0004, 0x0004, 0x0004, 0x0004,
    0x0004, 0x0004, 0x0004, 0x0004, 0x0004, 0x0004, 0x0004, 0x0004, 0x0004, 0x0004, 0x0004, 0x0004,
    0x0004, 0x0004, 0x0004, 0x0004, 0x0004, 0x0004, 0x0004, 0x0004, 0x0004, 0x0004, 0x0004, 0x0004,
    0x0004, 0x0004, 0x0004, 0x0004, 0x0004, 0x0004, 0x0004, 0x0004, 0x0004, 0x0004, 0x0004, 0x0004,
    0x0004, 0x0004, 0x0004, 0x0004, 0x0004, 0x0004, 0x0004, 0x0004, 0x0004, 0x0004, 0x0004, 0x0004,
    0x0004, 0x0004, 0x0004, 0x0004, 0x0004, 0x0004, 0x0004, 0x0004, 0x0004, 0x0004, 0x0004, 0x0004,
    0x0004, 0x0004, 0x0004, 0x0004, 0x0004, 0x0004, 0x0004, 0x0004, 0x0004, 0x0004, 0x0004, 0x0004,
    0x0004, 0x0004, 0x0004, 0x0004, 0x0004, 0x0004, 0x0004, 0x0004, 0x0004, 0x0004, 0x0004, 0x0004,
    0x0004, 0x0004, 0x0004, 0x0004, 0x0004, 0x0004, 0x0004, 0x0004, 0x0004, 0x0004, 0x0004, 0x0004,
    0x0004, 0x0004, 0x0004, 0x0004, 0x0004, 0x0004, 0x0004, 0x0004, 0x0004, 0x0004, 0x0004, 0x0004,
    0x0004, 0x0004, 0x0004, 0x0004, 0x0004, 0x0004, 0x0004, 0x0004, 0x0004, 0x0004, 0x0004, 0x0004,
    0x0004, 0x0004, 0x0004, 0x0004, 0x0004, 0x0004, 0x0004, 0x0004, 0x0004, 0x0004, 0x0004, 0x0004,
    0x0004, 0x0004, 0x0004, 0x0004, 0x0004, 0x0004, 0x0004, 0x0004, 0x0004, 0x0004, 0x0004, 0x0004,
    0x0004, 0x0004, 0x0004, 0x0004, 0x0004, 0x0004, 0x0004, 0x0004, 0x0004, 0x0004, 0x0004, 0x0004,
    0x0004, 0x0004, 0x0004, 0x0004, 0x0004, 0x0004, 0x0004, 0x0004, 0x0004, 0x0004, 0x0004, 0x0004,
    0x0004, 0x0004, 0x0004, 0x0004, 0x0004, 0x0004, 0x0004, 0x0004, 0x0004, 0x0004, 0x0004, 0x0004,
    0x0004, 0x0004, 0x0004, 0x0004, 0x0004, 0x0004, 0x0004, 0x0004, 0x0004, 0x0004, 0x0004, 0x0004,
    0x0004, 0x0004, 0x0004, 0x0004, 0x0004, 0x0004, 0x0004, 0x0004, 0x0004, 0x0004, 0x0004, 0x0004,
    0x0004, 0x0004, 0x0004, 0x0004, 0x0004, 0x0004, 0x0004, 0x0004, 0x0004, 0x0004, 0x0004, 0x0004,
    0x0004, 0x0004, 0x0004, 0x0004, 0x0004, 0x0004, 0x0004, 0x0004, 0x0004, 0x0004, 0x0004, 0x0004,
    0x0004, 0x0004, 0x0004, 0x0004, 0x0004, 0x0004, 0x0004, 0x0004, 0x0004, 0x0004, 0x0004, 0x0004,
    0x0004, 0x0004, 0x0004, 0x0004, 0x0004, 0x0004, 0x0004, 0x0004, 0x0004, 0x0004, 0x0004, 0x0004,
    0x0004, 0x0004, 0x0004, 0x0004, 0x0004, 0x0004, 0x0004, 0x0004, 0x0004, 0x0004, 0x0004, 0x0004,
    0x0004, 0x0004, 0x0004, 0x0004, 0x0004, 0x0004, 0x0004, 0x0004, 0x0004, 0x0004, 0x0004, 0x0004,
    0x0004, 0x0004, 0x0004, 0x0004, 0x0004, 0x0004, 0x0004, 0x0004, 0x0004, 0x0004, 0x0004, 0x0004,
    0x0004, 0x0004, 0x0004, 0x0004, 0x0004, 0x0004, 0x0004, 0x0004, 0x0004, 0x0004, 0x0004, 0x0004,
    0x0004, 0x0004, 0x0004, 0x0004, 0x0004, 0x0004, 0x0004, 0x0004, 0x0004, 0x0004, 0x0004, 0x0004,
    0x0004, 0x0004, 0x0004, 0x0004, 0x0004, 0x0004, 0x0004, 0x0004, 0x0004, 0x0004, 0x0004, 0x0004,
    0x0004, 0x0004, 0x0004, 0x0004, 0x0004, 0x0004, 0x0004, 0x0004, 0x0004, 0x0004, 0x0004, 0x0004,
    0x0004, 0x0004, 0x0004, 0x0004, 0x0004, 0x0004, 0x0004, 0x0004, 0x0004, 0x0004, 0x0004, 0x0004,
    0x0004, 0x0004, 0x0004, 0x0004, 0x0004, 0x0004, 0x0004, 0x0004, 0x0004, 0x0004, 0x0004, 0x0004,
    0x0004, 0x0004, 0x0004, 0x0004, 0x0004, 0x0004, 0x0004, 0x0004, 0x0004, 0x0004, 0x0004, 0x0004,
    0x0004, 0x0004, 0x0004, 0x0004, 0x0004, 0x0004, 0x0004, 0x0004, 0x0004, 0x0004, 0x0004, 0x0004,
    0x0004, 0x0004, 0x0004, 0x0004, 0x0004, 0x0004, 0x0004, 0x0004, 0x0004, 0x0004, 0x0004, 0x0004,
    0x0004, 0x0004, 0x0004, 0x0004, 0x0004, 0x0004, 0x0004, 0x0004, 0x0004, 0x0004, 0x0004, 0x0004,
    0x0004, 0x0004, 0x0004, 0x0004, 0x0004, 0x0004, 0x0004, 0x0004, 0x0004, 0x0004, 0x0004, 0x0004,
    0x0004, 0x0004, 0x0004, 0x0004, 0x0004, 0x0004, 0x0004, 0x0004, 0x0004, 0x0004, 0x0004, 0x0004,
    0x0004, 0x0004, 0x0004, 0x0004, 0x0004, 0x0004, 0x0004, 0x0004, 0x0004, 0x0004, 0x0004, 0x0004,
    0x0004, 0x0004, 0x0004, 0x0004, 0x0004, 0x0004, 0x0004, 0x0004, 0x0004, 0x0004, 0x0004, 0x0004,
    0x0004, 0x0004, 0x0004, 0x0004, 0x0004, 0x0004, 0x0004, 0x0004, 0x0004, 0x0004, 0x0004, 0x0004,
    0x0004, 0x0004, 0x0004, 0x0004, 0x0004, 0x0004, 0x0004, 0x0004, 0x0004, 0x0004, 0x0004, 0x0004,
    0x0004, 0x0004, 0x0004, 0x0004, 0x0004, 0x0004, 0x0004, 0x0004, 0x0004, 0x0004, 0x0004, 0x0004,
    0x0004, 0x0004, 0x0004, 0x0004, 0x0004, 0x0004, 0x0004, 0x0004, 0x0004, 0x0004, 0x0004, 0x0004,
    0x0004, 0x0004, 0x0004, 0x0004, 0x0004, 0x0004, 0x0004, 0x0004, 0x0004, 0x0004, 0x0004, 0x0004,
    0x0004, 0x0004, 0x0004, 0x0004, 0x0004, 0x0004, 0x0004, 0x0004, 0x0004, 0x0004, 0x0004, 0x0004,
    0x0004, 0x0004, 0x0004, 0x0004, 0x0004, 0x0004, 0x0004, 0x0004, 0x0004, 0x0004, 0x0004, 0x0004,
    0x0004, 0x0004, 0x0004, 0x0004, 0x0004, 0x0004, 0x0004, 0x0004, 0x0004, 0x0004, 0x0004, 0x0004,
    0x0004, 0x0004, 0x0004, 0x0004, 0x0004, 0x0004, 0x0004, 0x0004, 0x0004, 0x0004, 0x0004, 0x0004,
    0x0004, 0x0004, 0x0004, 0x0004, 0x0004, 0x0004, 0x0004, 0x0004, 0x0004, 0x0004, 0x0004, 0x0004,
    0x0004, 0x0004, 0x0004, 0x0004, 0x0004, 0x0004, 0x0004, 0x0004, 0x0004, 0x0004, 0x0800, 0x0000,
    0x7C1F, 0x7FFF, 0x0000, 0x7EE7, 0x1865, 0x7E50, 0x30A9, 0x20CD, 0x24EE, 0x250F, 0x2D71, 0x3192,
    0x20AB, 0x20D0, 0x2553, 0x2994, 0x2197, 0x2DB6, 0x25D8, 0x21B8, 0x2598, 0x29FA, 0x21FA, 0x2A1A,
    0x3619, 0x25FA, 0x25D9, 0x2DD8, 0x29B8, 0x31F8, 0x25B8, 0x21D9, 0x2D53, 0x1D34, 0x20AD, 0x2CEE,
    0x2CE7, 0x20F1, 0x2DFA, 0x35B3, 0x2111, 0x4ADE, 0x4EFF, 0x4EFE, 0x4ADF, 0x42FD, 0x42FE, 0x3ABC,
    0x471D, 0x575F, 0x4B3E, 0x471E, 0x577F, 0x416C, 0x3A17, 0x467A, 0x3E5A, 0x3E38, 0x3E7C, 0x3E9C,
    0x42DD, 0x573F, 0x3A9D, 0x46FD, 0x263D, 0x36BE, 0x2E9E, 0x3AFF, 0x1D55, 0x327D, 0x36DE, 0x1D13,
    0x0806, 0x1DD9, 0x1DB8, 0x0C25, 0x0C47, 0x5E9E, 0x5AFF, 0x5ABE, 0x24AC, 0x2175, 0x29D9, 0x261B,
    0x2198, 0x2D32, 0x4AFD, 0x2532, 0x1E17, 0x35D4, 0x46DD, 0x46BE, 0x3EDD, 0x4F5F, 0x4AFF, 0x3A9C,
    0x2A3B, 0x18D1, 0x148B, 0x5B5F, 0x56FF, 0x52DF, 0x631F, 0x148E, 0x2950, 0x1C8D, 0x1CAF, 0x2113,
    0x2577, 0x2157, 0x2178, 0x25B9, 0x1D97, 0x4F1E, 0x3A9B, 0x46DC, 0x42FC, 0x3EBC, 0x2136, 0x352F,
    0x4AFE, 0x3ABD, 0x1028, 0x4F1F, 0x0804, 0x0403, 0x4EDE, 0x4EBE, 0x52BE, 0x38CF, 0x4F9F, 0x45D3,
    0x52B9, 0x2E5B, 0x467D, 0x3E9D, 0x42DE, 0x3ABF, 0x3E9E, 0x3E7D, 0x3A5D, 0x365C, 0x3A3C, 0x2199,
    0x3D73, 0x4ABD, 0x3A7C, 0x633F, 0x5F3F, 0x4A9E, 0x2E3C, 0x2E1B, 0x21B9, 0x21BA, 0x4EDB, 0x3A5C,
    0x5F5F, 0x327C, 0x367D, 0x144A, 0x529D, 0x1E59, 0x427D, 0x679F, 0x637F, 0x639F, 0x675F, 0x0C07,
    0x327B, 0x5B3F, 0x429D, 0x0803, 0x3A19, 0x4A38, 0x527D, 0x5F7F, 0x0805, 0x467E, 0x425D, 0x0C29,
    0x1C6A, 0x3A3B, 0x4E3C, 0x4A5C, 0x3EBD, 0x0400, 0x3A1B, 0x361B, 0x3E1B, 0x423A, 0x6B9F, 0x3A7D,
    0x573E, 0x363B, 0x6FDF, 0x321B, 0x67BF, 0x77FF, 0x425C, 0x3DD7, 0x4218, 0x3951, 0x31D8, 0x144C,
    0x67DF, 0x39FA, 0x31FA, 0x3A1A, 0x5F9F, 0x361A, 0x3E3A, 0x56FA, 0x63BF, 0x3E3B, 0x5B7F, 0x3E5C,
    0x49BF, 0x0001, 0x671E, 0x5B9F, 0x5FBF, 0x7BBD, 0x73DD, 0x7A09, 0x59C9, 0x620A, 0x624C, 0x5E72,
    0x6AB5, 0x7A2B, 0x61EA, 0x5E8D, 0x73B3, 0x766C, 0x5F90, 0x3E47, 0x76AF, 0x4B4E, 0x31A5, 0x1844,
    0x00F0, 0x0000, 0x0000, 0x0000, 0x0000, 0x0000, 0x0000, 0x0000, 0x0000, 0x0000, 0x0000, 0x0000,
    0x0000, 0x0000, 0x0000, 0x0000, 0x0000, 0x0000, 0x0000, 0x0000, 0x0000, 0x0000, 0x0000, 0x0000,
    0x0000, 0x0000, 0x0000, 0x0000, 0x0000, 0x0000, 0x0000, 0x0000, 0x0000, 0x0000, 0x0101, 0x0202,
    0x0301, 0x0301, 0x0302, 0x0102, 0x0303, 0x0302, 0x0301, 0x0103, 0x0103, 0x0202, 0x0103, 0x0103,
    0x0102, 0x0203, 0x0103, 0x0102, 0x0102, 0x0103, 0x0201, 0x0301, 0x0301, 0x0201, 0x0103, 0x0303,
    0x0302, 0x0103, 0x0101, 0x0103, 0x0102, 0x0103, 0x0504, 0x0604, 0x0404, 0x0404, 0x0406, 0x0405,
    0x0605, 0x0604, 0x0604, 0x0606, 0x2D04, 0x0606, 0x2D04, 0x0404, 0x0604, 0x0404, 0x0404, 0x0605,
    0x3306, 0x0605, 0x0405, 0x2D04, 0x0504, 0x0404, 0x0604, 0x0406, 0x0404, 0x0606, 0x0504, 0x0604,
    0x0504, 0x0633, 0x0101, 0x0102, 0x0301, 0x0707, 0x0302, 0x0102, 0x0303, 0x2B07, 0x0301, 0x0103,
    0x0103, 0x0707, 0x0103, 0x0103, 0x0102, 0x0707, 0x0103, 0x0202, 0x0301, 0x1402, 0x0201, 0x0301,
    0x0102, 0x0A01, 0x0103, 0x0303, 0x0202, 0x0A03, 0x0101, 0x0103, 0x0102, 0x0B03, 0x0908, 0x0A09,
    0x030B, 0x0A0A, 0x090A, 0x0B14, 0x0A0B, 0x0B0A, 0x2C0A, 0x0B08, 0x0B0B, 0x020B, 0x0A0A, 0x0B09,
    0x0B0B, 0x0303, 0x1408, 0x0B09, 0x030B, 0x0303, 0x0909, 0x0B35, 0x0102, 0x0101, 0x0909, 0x0B0B,
    0x0202, 0x0303, 0x0A09, 0x010B, 0x0102, 0x0303, 0x0D0C, 0x0F0E, 0x0E10, 0x0D0E, 0x0E0C, 0x0E0F,
    0x0E0E, 0x0E0E, 0x0D0C, 0x0E0E, 0x0E0E, 0x0F0E, 0x0F0C, 0x0E0E, 0x0E0E, 0x0E0F, 0x0E30, 0x0E0E,
    0x0F0E, 0x0E0F, 0x0E0C, 0x0E0E, 0x0F0F, 0x0F0E, 0x0D30, 0x0E0E, 0x0E0E, 0x0F0F, 0x100C, 0x0E0E,
    0x0E0E, 0x0E0F, 0x030E, 0x0D03, 0x0303, 0x030D, 0x1103, 0x0311, 0x1111, 0x1103, 0x030E, 0x0711,
    0x0303, 0x1111, 0x0703, 0x0303, 0x0311, 0x1111, 0x1103, 0x0307, 0x0711, 0x0311, 0x1103, 0x1107,
    0x0711, 0x0703, 0x030E, 0x0303, 0x0703, 0x0707, 0x1103, 0x1107, 0x0703, 0x0703, 0x0101, 0x0102,
    0x0201, 0x0702, 0x0302, 0x0102, 0x0203, 0x0207, 0x0301, 0x0103, 0x0103, 0x0702, 0x0103, 0x0103,
    0x0102, 0x0303, 0x0103, 0x0202, 0x0301, 0x0303, 0x0201, 0x0301, 0x0102, 0x0101, 0x0103, 0x0303,
    0x0202, 0x0303, 0x0101, 0x0103, 0x0102, 0x0303, 0x030E, 0x1103, 0x0311, 0x0303, 0x1103, 0x0311,
    0x1111, 0x1103, 0x030E, 0x0711, 0x0303, 0x1111, 0x0703, 0x0303, 0x0311, 0x1103, 0x1103, 0x1107,
    0x0711, 0x0311, 0x1103, 0x1107, 0x0711, 0x0703, 0x030E, 0x0303, 0x0703, 0x0707, 0x1103, 0x1107,
    0x0703, 0x0703, 0x0303, 0x1103, 0x0311, 0x0303, 0x1103, 0x0311, 0x1103, 0x0311, 0x1103, 0x0703,
    0x1103, 0x0307, 0x0307, 0x1103, 0x0711, 0x0311, 0x1103, 0x1103, 0x0303, 0x0311, 0x1111, 0x1107,
    0x0703, 0x0D03, 0x1111, 0x0307, 0x1103, 0x0311, 0x0311, 0x1103, 0x1107, 0x0711, 0x0C10, 0x0C10,
    0x0D10, 0x1010, 0x100C, 0x100D, 0x1010, 0x1010, 0x1010, 0x0C10, 0x0C10, 0x0C0C, 0x1010, 0x100D,
    0x1010, 0x300C, 0x0D0D, 0x100D, 0x0C0C, 0x3010, 0x0D1E, 0x300C, 0x0C0C, 0x3010, 0x0D10, 0x0C0C,
    0x300C, 0x0C10, 0x100C, 0x3030, 0x1030, 0x3010, 0x100C, 0x0D0C, 0x0C10, 0x0D10, 0x0C0C, 0x0D0D,
    0x0C0C, 0x100C, 0x0D0C, 0x1010, 0x100C, 0x0D10, 0x0D0C, 0x100D, 0x100C, 0x0D0D, 0x0C30, 0x0D0C,
    0x0D0D, 0x0D0D, 0x100C, 0x0C0D, 0x0D0D, 0x0D10, 0x0D30, 0x100D, 0x100C, 0x0D0D, 0x100C, 0x0C0C,
    0x100C, 0x0D0D, 0x1212, 0x0E06, 0x0E0E, 0x130E, 0x1212, 0x0E06, 0x0E0E, 0x130E, 0x0606, 0x1309,
    0x1313, 0x0913, 0x1405, 0x1212, 0x1506, 0x0E16, 0x1405, 0x1212, 0x1506, 0x0E16, 0x0914, 0x3306,
    0x1609, 0x0E09, 0x0E2C, 0x130E, 0x0505, 0x1314, 0x0E14, 0x130E, 0x0505, 0x122C, 0x0505, 0x1514,
    0x1216, 0x1212, 0x0505, 0x152C, 0x1216, 0x1212, 0x142C, 0x1609, 0x0609, 0x0606, 0x130E, 0x1212,
    0x0612, 0x052D, 0x130E, 0x1212, 0x0612, 0x0505, 0x090E, 0x0606, 0x3606, 0x2C14, 0x0913, 0x1515,
    0x1515, 0x0516, 0x0612, 0x1515, 0x1515, 0x0516, 0x1817, 0x1817, 0x1817, 0x1817, 0x1718, 0x1718,
    0x1718, 0x1718, 0x1817, 0x1817, 0x1817, 0x1817, 0x1718, 0x1718, 0x1718, 0x1718, 0x1817, 0x1817,
    0x1817, 0x1817, 0x1718, 0x1718, 0x1718, 0x1718, 0x1817, 0x1817, 0x1817, 0x1817, 0x1718, 0x1718,
    0x1718, 0x1718, 0x0000, 0x0000, 0x0000, 0x1800, 0x0000, 0x0000, 0x0000, 0x1718, 0x0000, 0x0000,
    0x1800, 0x1817, 0x0000, 0x0000, 0x1718, 0x1718, 0x0000, 0x1800, 0x1817, 0x1817, 0x0000, 0x1718,
    0x1718, 0x1718, 0x1800, 0x1817, 0x1817, 0x1817, 0x1718, 0x1718, 0x1718, 0x1718, 0x0017, 0x0000,
    0x0000, 0x0000, 0x1718, 0x0000, 0x0000, 0x0000, 0x1817, 0x0017, 0x0000, 0x0000, 0x1718, 0x1718,
    0x0000, 0x0000, 0x1817, 0x1817, 0x0017, 0x0000, 0x1718, 0x1718, 0x1718, 0x0000, 0x1817, 0x1817,
    0x1817, 0x0017, 0x1718, 0x1718, 0x1718, 0x1718, 0x1817, 0x1817, 0x1817, 0x1817, 0x1817, 0x2718,
    0x1827, 0x1718, 0x1817, 0x2704, 0x2727, 0x1818, 0x2717, 0x1827, 0x2718, 0x1727, 0x2717, 0x2727,
    0x2704, 0x1827, 0x2718, 0x2737, 0x2727, 0x1737, 0x2717, 0x1804, 0x2718, 0x1804, 0x1718, 0x1718,
    0x1718, 0x1718, 0x100C, 0x0D0C, 0x1A19, 0x1B1A, 0x0C0C, 0x0D0D, 0x1A19, 0x1B1A, 0x0D0C, 0x1010,
    0x1919, 0x1A1A, 0x0D0C, 0x100D, 0x2727, 0x1919, 0x0C30, 0x0D0C, 0x1A19, 0x1B1B, 0x100C, 0x0C0D,
    0x1A19, 0x1B1A, 0x0D30, 0x100D, 0x1A19, 0x1B1A, 0x100C, 0x0C0C, 0x1A19, 0x1B1A, 0x1A1B, 0x191A,
    0x0D10, 0x1010, 0x1A1B, 0x191A, 0x1010, 0x1010, 0x1A1A, 0x1919, 0x0C10, 0x0C0C, 0x1919, 0x2727,
    0x1010, 0x300C, 0x1B1B, 0x191A, 0x0C0C, 0x3010, 0x1A1B, 0x191A, 0x0C0C, 0x3010, 0x1A1B, 0x191A,
    0x300C, 0x0C10, 0x1A1B, 0x191A, 0x1030, 0x3010, 0x1D1C, 0x1E1E, 0x1C1C, 0x1E1C, 0x1D1C, 0x1C1C,
    0x1E1C, 0x1E1E, 0x1D1D, 0x1C1C, 0x1E1E, 0x1E1E, 0x1D1D, 0x1F1F, 0x1C1C, 0x1E1C, 0x1F1F, 0x1F1F,
    0x1F1D, 0x1D1D, 0x3232, 0x1F1F, 0x1D1F, 0x1D1D, 0x1A2E, 0x191A, 0x1F1F, 0x1F1D, 0x1A1A, 0x191A,
    0x3232, 0x1F1F, 0x1E1E, 0x1E1E, 0x1E1E, 0x1E1C, 0x1C1E, 0x1E1E, 0x1C1C, 0x1E1E, 0x1C1C, 0x1E1E,
    0x1E1E, 0x1E1E, 0x1C1E, 0x1E1C, 0x1E1C, 0x1E1E, 0x1C1E, 0x1C1C, 0x1E1C, 0x1E1E, 0x1C1D, 0x1D1E,
    0x1E1E, 0x1E1E, 0x1D1D, 0x1D1D, 0x1C1D, 0x1C1E, 0x1F1D, 0x1D1D, 0x1C1D, 0x1D1E, 0x201F, 0x1F1F,
    0x1F1F, 0x1F1F, 0x1F1F, 0x2020, 0x1F1F, 0x1F20, 0x1F1F, 0x1F1F, 0x1F1F, 0x2020, 0x1F1F, 0x201F,
    0x201F, 0x1F20, 0x1F1F, 0x201F, 0x2020, 0x1F20, 0x1F1F, 0x1F1F, 0x1F20, 0x2020, 0x1F20, 0x2020,
    0x2020, 0x2020, 0x1F20, 0x2020, 0x2020, 0x200E, 0x201F, 0x2020, 0x1F1F, 0x2020, 0x1F1F, 0x201F,
    0x2020, 0x2020, 0x1F1F, 0x1F1F, 0x2020, 0x2020, 0x201F, 0x2020, 0x0E0E, 0x2020, 0x2020, 0x200E,
    0x0E0E, 0x0E0E, 0x2020, 0x0E20, 0x0E0E, 0x3131, 0x200E, 0x0E0E, 0x1A34, 0x1A1A, 0x0E0E, 0x3131,
    0x1A34, 0x1A1A, 0x1E1E, 0x1C1C, 0x1E1E, 0x1E1C, 0x1C1E, 0x1E1E, 0x1E1E, 0x1E1E, 0x1E1C, 0x1E1E,
    0x1C1E, 0x1E1C, 0x1C1C, 0x1E1E, 0x1E1E, 0x1C1E, 0x1C1E, 0x1C1E, 0x1E1C, 0x1E1E, 0x1E1C, 0x1E1E,
    0x1E1E, 0x1C1E, 0x1E1E, 0x1C1C, 0x1E1E, 0x1E1C, 0x1E1C, 0x1E1E, 0x1E1C, 0x1E1C, 0x1D1D, 0x1D21,
    0x211D, 0x2221, 0x211D, 0x1D21, 0x1C22, 0x211D, 0x1C1C, 0x1C21, 0x1D1D, 0x211D, 0x1D1D, 0x1D21,
    0x2121, 0x1D1D, 0x1D1D, 0x1D1D, 0x1D1D, 0x211D, 0x1D21, 0x1D1D, 0x1D1C, 0x1D1D, 0x1D1D, 0x1C1D,
    0x1C1D, 0x1C22, 0x2121, 0x1D21, 0x2121, 0x1D1D, 0x2020, 0x1F1F, 0x1F20, 0x201F, 0x201F, 0x1F1F,
    0x1F20, 0x1F1F, 0x2020, 0x201F, 0x201F, 0x1F1F, 0x1F1F, 0x2020, 0x1F1F, 0x1F1F, 0x1F1F, 0x1F1F,
    0x1F1F, 0x1F1F, 0x1F1F, 0x1F1F, 0x1F1F, 0x1F1F, 0x201F, 0x1F1F, 0x2020, 0x1F1F, 0x2020, 0x1F1F,
    0x1F20, 0x1F1F, 0x1023, 0x2424, 0x0E25, 0x2510, 0x2323, 0x100E, 0x1010, 0x2525, 0x2323, 0x2423,
    0x2424, 0x2525, 0x2323, 0x2323, 0x2424, 0x2524, 0x2323, 0x2423, 0x2424, 0x2525, 0x2323, 0x2323,
    0x2424, 0x2524, 0x2323, 0x2423, 0x2424, 0x2524, 0x2323, 0x2323, 0x2424, 0x2524, 0x1E1E, 0x0D26,
    0x0D0D, 0x261E, 0x1E26, 0x0D0D, 0x260D, 0x0D26, 0x0D0D, 0x261C, 0x2626, 0x261C, 0x0D0D, 0x1E26,
    0x261E, 0x1E1E, 0x0D26, 0x1C26, 0x1E1C, 0x2727, 0x0D0D, 0x0D0D, 0x2727, 0x1A19, 0x0D0D, 0x3927,
    0x191A, 0x1A1A, 0x2727, 0x3927, 0x1A31, 0x3131, 0x0D0D, 0x0D1E, 0x0D26, 0x2727, 0x0D26, 0x1E26,
    0x2727, 0x1A1A, 0x0D0D, 0x2727, 0x1A1A, 0x1A1A, 0x2727, 0x1A1A, 0x1A1A, 0x3131, 0x1A1A, 0x2D1A,
    0x3131, 0x3434, 0x1A1A, 0x3131, 0x3434, 0x0909, 0x3131, 0x3434, 0x0909, 0x0E0E, 0x3434, 0x0909,
    0x0E0E, 0x200E, 0x1A1A, 0x2928, 0x2929, 0x282A, 0x1A1A, 0x1A1A, 0x2929, 0x2928, 0x2E2E, 0x1A1A,
    0x1A1A, 0x280C, 0x3232, 0x1A1A, 0x1A1A, 0x1A19, 0x1919, 0x3232, 0x2E2E, 0x1A1A, 0x1338, 0x1919,
    0x3232, 0x2E1A, 0x3A1F, 0x3813, 0x1919, 0x3232, 0x1F1D, 0x1F1F, 0x3813, 0x1919, 0x2929, 0x292A,
    0x2928, 0x2828, 0x2929, 0x2A29, 0x2928, 0x2829, 0x2F28, 0x2929, 0x2F29, 0x2929, 0x2928, 0x2F2A,
    0x2829, 0x2929, 0x1A1A, 0x282A, 0x2929, 0x2F29, 0x1A1A, 0x1A19, 0x2F2A, 0x2A29, 0x2E2E, 0x2E1A,
    0x1A27, 0x2A29, 0x3232, 0x322E, 0x1A27, 0x1919, 0x3C3B, 0x3E3D, 0x3B3E, 0x3B3D, 0x3B3F, 0x3D3C,
    0x3E3E, 0x3D3B, 0x3F0C, 0x3C3B, 0x3E3D, 0x3B3E, 0x0C10, 0x3B3F, 0x3D3C, 0x3E3E, 0x410D, 0x3F41,
    0x3D3C, 0x3E3D, 0x0D44, 0x0D0C, 0x3D3F, 0x3D3C, 0x0C41, 0x1010, 0x3F0D, 0x3C3B, 0x0C0C, 0x0C0C,
    0x0C44, 0x3B3F, 0x3C3B, 0x3E3D, 0x3B3E, 0x3B3D, 0x3B3B, 0x3D3C, 0x3E3E, 0x3D3B, 0x3B3D, 0x3C3B,
    0x3E3D, 0x3B3E, 0x3D3B, 0x3B3B, 0x3D3C, 0x3E3E, 0x3D3B, 0x3B3D, 0x3D3C, 0x3E3D, 0x3D3B, 0x3D3B,
    0x3D3C, 0x3D3C, 0x3D3D, 0x3B3E, 0x3D3D, 0x3C3B, 0x3D3C, 0x3E3E, 0x3D3B, 0x3B3B, 0x0E0C, 0x0E0E,
    0x0F0E, 0x0E0F, 0x260C, 0x0E0E, 0x0F0F, 0x0E0E, 0x0F0C, 0x0E0F, 0x0E0F, 0x0E0E, 0x0E26, 0x0E0F,
    0x0E0E, 0x0F0F, 0x0E26, 0x0E0E, 0x0F0E, 0x0E0F, 0x0E0C, 0x0F0E, 0x0E0E, 0x0E0E, 0x0C26, 0x0F0F,
    0x0E0E, 0x0F0F, 0x0E0C, 0x0E0F, 0x0E0E, 0x0F0F, 0x0101, 0x0102, 0x0301, 0x0A0B, 0x0302, 0x0102,
    0x0303, 0x0A0B, 0x0301, 0x0103, 0x0103, 0x0A0B, 0x0103, 0x0103, 0x0102, 0x0B0B, 0x0103, 0x0202,
    0x0301, 0x0B03, 0x0201, 0x0301, 0x0102, 0x0101, 0x0103, 0x0303, 0x0202, 0x0303, 0x0101, 0x0103,
    0x0102, 0x0303, 0x0A09, 0x010B, 0x0301, 0x0103, 0x0B08, 0x010B, 0x0303, 0x0201, 0x0B0A, 0x010B,
    0x0103, 0x0202, 0x0B0B, 0x010B, 0x0102, 0x0303, 0x0B0B, 0x0202, 0x0301, 0x0303, 0x0201, 0x0301,
    0x0102, 0x0101, 0x0103, 0x0303, 0x0202, 0x0303, 0x0101, 0x0103, 0x0102, 0x0303, 0x0E0C, 0x0E0F,
    0x0E0E, 0x0E0E, 0x0C0C, 0x0F0E, 0x0E0E, 0x0E0E, 0x0E0C, 0x0E0E, 0x0E0E, 0x0E0E, 0x0E10, 0x0E0E,
    0x0E0E, 0x0E0E, 0x0E0D, 0x0E0F, 0x0E0E, 0x0E0E, 0x0D0D, 0x0F10, 0x0E0F, 0x0F0E, 0x0C0D, 0x1010,
    0x0E0D, 0x0E0E, 0x1010, 0x100C, 0x100D, 0x0F30, 0x1103, 0x1107, 0x0711, 0x0311, 0x030E, 0x0307,
    0x0311, 0x1111, 0x2B07, 0x0307, 0x0703, 0x1111, 0x0711, 0x1111, 0x0303, 0x1107, 0x0311, 0x1111,
    0x1103, 0x0303, 0x0703, 0x1103, 0x1107, 0x0703, 0x1111, 0x0303, 0x1107, 0x0711, 0x1111, 0x1107,
    0x0303, 0x0711, 0x0703, 0x1111, 0x1107, 0x0D03, 0x0307, 0x0311, 0x0303, 0x0311, 0x2B07, 0x0703,
    0x1103, 0x0311, 0x0311, 0x0311, 0x0703, 0x0303, 0x0711, 0x1111, 0x1107, 0x0303, 0x0703, 0x0311,
    0x1107, 0x0D03, 0x0707, 0x0303, 0x0303, 0x030E, 0x0703, 0x1103, 0x1107, 0x0703, 0x1103, 0x1107,
    0x0711, 0x0311, 0x030E, 0x0307, 0x0311, 0x1111, 0x2B07, 0x0307, 0x0703, 0x0311, 0x072B, 0x0703,
    0x2B03, 0x0711, 0x032B, 0x2B03, 0x0707, 0x2B03, 0x0307, 0x2B03, 0x0703, 0x2B2B, 0x0707, 0x2B03,
    0x0703, 0x072B, 0x072B, 0x2B07, 0x2B2B, 0x2B07, 0x0703, 0x1111, 0x0307, 0x1103, 0x0307, 0x0311,
    0x1103, 0x1103, 0x2B07, 0x0703, 0x1103, 0x1103, 0x1107, 0x032B, 0x0307, 0x1103, 0x1111, 0x032B,
    0x0703, 0x0307, 0x0303, 0x0307, 0x0703, 0x072B, 0x0703, 0x072B, 0x0303, 0x072B, 0x0707, 0x072B,
    0x0707, 0x0D07, 0x0D0D, 0x0C10, 0x0C30, 0x100D, 0x0D10, 0x0C0C, 0x0C0C, 0x0C10, 0x3030, 0x1026,
    0x1010, 0x100D, 0x3030, 0x0D10, 0x100D, 0x0D0D, 0x0C10, 0x2610, 0x0D26, 0x0D0D, 0x0C30, 0x3030,
    0x260D, 0x0D0D, 0x3030, 0x0C10, 0x100D, 0x0D0D, 0x0C0D, 0x0C30, 0x0C0D, 0x0D0D, 0x0C0C, 0x0C0D,
    0x0C10, 0x1010, 0x0C0C, 0x0D0C, 0x3010, 0x100C, 0x0C0C, 0x3030, 0x0C0C, 0x0C30, 0x0C10, 0x3010,
    0x300C, 0x3030, 0x0D0D, 0x100D, 0x3030, 0x0C30, 0x0D0D, 0x0D0C, 0x0C0D, 0x0D30, 0x0C0D, 0x1010,
    0x300D, 0x0D30, 0x100C, 0x100C, 0x100D, 0x1030, 0x0E2C, 0x130E, 0x0505, 0x1214, 0x1309, 0x0913,
    0x2C14, 0x0609, 0x1513, 0x1515, 0x1615, 0x0E0E, 0x1513, 0x1515, 0x1615, 0x0E0E, 0x1609, 0x1616,
    0x0916, 0x1313, 0x1212, 0x0612, 0x0505, 0x1214, 0x1212, 0x0612, 0x0505, 0x122C, 0x0606, 0x0906,
    0x1414, 0x3309, 0x0612, 0x1515, 0x1515, 0x0516, 0x0933, 0x1616, 0x1616, 0x1409, 0x0513, 0x0505,
    0x0E14, 0x0F0E, 0x0513, 0x0505, 0x0E2C, 0x0E0E, 0x1409, 0x142C, 0x1309, 0x1313, 0x0612, 0x0E42,
    0x0E0E, 0x1213, 0x0612, 0x0E0E, 0x0E0E, 0x1213, 0x0906, 0x1313, 0x1313, 0x0609, 0x1D1D, 0x1C1D,
    0x1E1E, 0x100D, 0x1D1D, 0x1C1D, 0x0D1E, 0x100D, 0x1D1D, 0x1C1D, 0x0D1E, 0x0C10, 0x1D1D, 0x1C1D,
    0x0D1E, 0x3010, 0x423A, 0x1C43, 0x0D26, 0x300D, 0x4342, 0x1E1C, 0x0D26, 0x300D, 0x431D, 0x1E1D,
    0x0D26, 0x0C0D, 0x1D1D, 0x1E1C, 0x0D26, 0x300D, 0x0D0C, 0x0D10, 0x0C10, 0x0D10, 0x0C0C, 0x0D0D,
    0x0C0C, 0x1040, 0x0D0C, 0x1010, 0x1140, 0x0D40, 0x0D0C, 0x4040, 0x1111, 0x0D40, 0x4030, 0x1111,
    0x1140, 0x0D40, 0x400C, 0x1111, 0x1140, 0x0D40, 0x2630, 0x4040, 0x4040, 0x0D40, 0x450C, 0x4343,
    0x4340, 0x0D26, 0x0C0C, 0x0C0D, 0x0C10, 0x1010, 0x0C0C, 0x0D0C, 0x3010, 0x100C, 0x0C0C, 0x4040,
    0x0C0C, 0x0C30, 0x4010, 0x4040, 0x1111, 0x1111, 0x400D, 0x4040, 0x1140, 0x2640, 0x430D, 0x4040,
    0x4040, 0x4543, 0x0C0D, 0x2626, 0x2626, 0x0D30, 0x100C, 0x100C, 0x100D, 0x0D30, 0x0D0D, 0x0C10,
    0x0C30, 0x100D, 0x0D10, 0x0C0C, 0x0C0C, 0x0C10, 0x3030, 0x1026, 0x1111, 0x1011, 0x4030, 0x1111,
    0x1111, 0x0D11, 0x2610, 0x4040, 0x1111, 0x0D40, 0x4530, 0x4043, 0x4040, 0x0D43, 0x3030, 0x2610,
    0x2626, 0x0D0D, 0x0C0D, 0x0C30, 0x0C0D, 0x0D0D, 0x0C0C, 0x0C0D, 0x1A19, 0x1B1A, 0x0C0C, 0x0D0C,
    0x1A19, 0x1B1A, 0x0C0C, 0x3030, 0x1A19, 0x1B1A, 0x0C10, 0x3010, 0x1A19, 0x1B1A, 0x0D0D, 0x100D,
    0x1A19, 0x1B1A, 0x0D0D, 0x0D0C, 0x1A19, 0x1B1A, 0x0C0D, 0x1010, 0x1A19, 0x1B1A, 0x100C, 0x100C,
    0x1A19, 0x1B1A, 0x1A1B, 0x191A, 0x0C30, 0x100D, 0x1A1B, 0x191A, 0x0C0C, 0x0C10, 0x1A1B, 0x191A,
    0x1010, 0x100D, 0x1A1B, 0x191A, 0x100D, 0x0D0D, 0x1A1B, 0x191A, 0x0D26, 0x0D0D, 0x1A1B, 0x191A,
    0x260D, 0x0D0D, 0x1A1B, 0x191A, 0x100D, 0x0D0D, 0x1A1B, 0x191A, 0x0C0D, 0x0D0D, 0x1919, 0x271A,
    0x2E32, 0x3232, 0x2829, 0x271A, 0x1A2E, 0x2E2E, 0x2828, 0x2928, 0x191A, 0x1A1A, 0x2828, 0x282A,
    0x2828, 0x1A1A, 0x0C2A, 0x280C, 0x2929, 0x2928, 0x2A0D, 0x2929, 0x2F29, 0x2928, 0x2A28, 0x2F29,
    0x2929, 0x2F28, 0x2829, 0x2829, 0x2829, 0x2828, 0x1F1F, 0x1F1D, 0x1F1F, 0x1D1D, 0x3232, 0x1F1F,
    0x1F1F, 0x1D1D, 0x1A2E, 0x3232, 0x1F1F, 0x1D1F, 0x1A1A, 0x2E2E, 0x3232, 0x1F1F, 0x191A, 0x1A1A,
    0x1A1A, 0x3232, 0x2829, 0x1A1A, 0x1A1A, 0x2E2E, 0x2A29, 0x282A, 0x1A1A, 0x1A1A, 0x2829, 0x2929,
    0x2829, 0x1A1A, 0x2020, 0x0E0E, 0x200E, 0x0E0E, 0x200E, 0x0E0E, 0x0E0E, 0x3131, 0x0E20, 0x0E0E,
    0x3131, 0x1A1A, 0x0E0E, 0x3131, 0x1A2D, 0x1A1A, 0x3131, 0x1A1A, 0x1A1A, 0x2727, 0x1A1A, 0x1A1A,
    0x2727, 0x0D26, 0x1A1A, 0x2727, 0x0D0D, 0x0D26, 0x2727, 0x0D0D, 0x260D, 0x0D26, 0x3131, 0x311A,
    0x2739, 0x2727, 0x1A1A, 0x1A19, 0x2739, 0x260D, 0x191A, 0x2727, 0x260D, 0x1E26, 0x2727, 0x261E,
    0x260D, 0x1E1E, 0x0D0D, 0x1E0D, 0x1E1E, 0x1E1E, 0x260D, 0x0D1E, 0x1C1E, 0x1E26, 0x1E0D, 0x261E,
    0x260D, 0x1E1E, 0x260D, 0x0D0D, 0x2626, 0x1E1E, 0x0000, 0x0000, 0x0000, 0x0000, 0x0000, 0x0000,
    0x0000, 0x0000, 0x0000, 0x0000, 0x0000, 0x0000, 0x0000, 0x0000, 0x0000, 0x0000, 0x0000, 0x2524,
    0x2525, 0x0000, 0x2300, 0x2525, 0x2525, 0x0025, 0x2300, 0x2524, 0x2525, 0x0024, 0x2300, 0x2423,
    0x2424, 0x000E, 0x2300, 0x2424, 0x0E25, 0x240E, 0x2524, 0x2424, 0x0E25, 0x2510, 0x2424, 0x2423,
    0x1025, 0x0E25, 0x2424, 0x2423, 0x1025, 0x0E25, 0x2424, 0x2423, 0x1025, 0x0E25, 0x2423, 0x2423,
    0x1025, 0x2525, 0x2300, 0x2424, 0x1025, 0x250E, 0x2300, 0x2424, 0x1025, 0x000E, 0x2300, 0x2424,
    0x1025, 0x000E, 0x2300, 0x2424, 0x1025, 0x000E, 0x2300, 0x2424, 0x1025, 0x000E, 0x2300, 0x2424,
    0x1025, 0x000E, 0x2300, 0x2424, 0x1025, 0x000E, 0x2300, 0x2424, 0x1025, 0x000E, 0x2300, 0x2424,
    0x1025, 0x000E, 0x2300, 0x2424, 0x1025, 0x000E, 0x2323, 0x2423, 0x2423, 0x2424, 0x2323, 0x2323,
    0x2523, 0x2524, 0x2323, 0x2323, 0x2424, 0x2524, 0x2323, 0x2323, 0x2424, 0x2524, 0x2323, 0x2423,
    0x2423, 0x2524, 0x2323, 0x2323, 0x2424, 0x2325, 0x2346, 0x2323, 0x2423, 0x4623, 0x4646, 0x2323,
    0x2323, 0x4646, 0x1A1A, 0x341A, 0x3131, 0x3434, 0x1A1A, 0x341A, 0x3434, 0x0909, 0x3131, 0x3434,
    0x0909, 0x0E0E, 0x3434, 0x0909, 0x0E0E, 0x0E20, 0x0909, 0x0E0E, 0x200E, 0x2020, 0x0E0E, 0x0E0E,
    0x0E20, 0x2020, 0x2020, 0x0E0E, 0x2020, 0x1F20, 0x2020, 0x2020, 0x1F1F, 0x1F1F, 0x0909, 0x0E0E,
    0x0E0E, 0x0E20, 0x0E0E, 0x0E20, 0x0E0E, 0x2020, 0x0E20, 0x2020, 0x2020, 0x201F, 0x2020, 0x2020,
    0x2020, 0x201F, 0x2020, 0x201F, 0x1F1F, 0x1F1F, 0x201F, 0x2020, 0x1F20, 0x1F1F, 0x201F, 0x1F20,
    0x1F20, 0x1F1F, 0x2020, 0x1F1F, 0x1F1F, 0x1F1F, 0x1D1D, 0x1F1F, 0x1F1F, 0x3813, 0x1D1D, 0x1F1F,
    0x1D1F, 0x1F1F, 0x1E1D, 0x1D1C, 0x1D1D, 0x1D1F, 0x1E1C, 0x1D1C, 0x1D1D, 0x1D1D, 0x1E1E, 0x1E1E,
    0x1E1D, 0x1D1C, 0x1E1E, 0x1C1E, 0x1C1C, 0x1E1C, 0x1E1E, 0x1C1E, 0x1C1E, 0x1E1C, 0x1E1E, 0x1E1E,
    0x1E1E, 0x1C1C, 0x1919, 0x3232, 0x1A19, 0x1A1A, 0x1338, 0x1919, 0x1A19, 0x2E1A, 0x3A1F, 0x3813,
    0x1919, 0x3232, 0x1D1F, 0x1F1F, 0x3813, 0x1919, 0x1D1D, 0x1F1D, 0x1F1F, 0x3813, 0x1D1D, 0x1D1F,
    0x1F1F, 0x1F1F, 0x1C1E, 0x1C1C, 0x1F1F, 0x1D1D, 0x1E1E, 0x1E1E, 0x1C1C, 0x1D1D, 0x191D, 0x1934,
    0x1919, 0x1919, 0x2929, 0x341D, 0x1934, 0x1919, 0x2928, 0x2928, 0x341D, 0x1934, 0x2828, 0x282A,
    0x2828, 0x341D, 0x0C2A, 0x280C, 0x2929, 0x2928, 0x2A0D, 0x2929, 0x2929, 0x2928, 0x2A28, 0x2929,
    0x292F, 0x2F28, 0x2829, 0x292F, 0x2828, 0x2828, 0x1919, 0x1919, 0x1919, 0x1919, 0x1A19, 0x1A1A,
    0x1A1A, 0x1A1A, 0x1B1A, 0x1A1B, 0x1A1A, 0x1A1A, 0x1934, 0x1B1A, 0x1B1B, 0x1B1B, 0x341D, 0x1934,
    0x1919, 0x1919, 0x2829, 0x341D, 0x3434, 0x3434, 0x2A29, 0x282A, 0x4747, 0x4945, 0x2829, 0x2929,
    0x2829, 0x472A, 0x4547, 0x4845, 0x4949, 0x4A48, 0x302A, 0x4247, 0x4848, 0x4742, 0x2929, 0x280C,
    0x4547, 0x4545, 0x2929, 0x3028, 0x282A, 0x4547, 0x2928, 0x0C28, 0x300C, 0x2A2A, 0x2F29, 0x2929,
    0x1030, 0x2A2A, 0x2929, 0x292A, 0x2A2A, 0x2A0C, 0x292A, 0x2929, 0x292A, 0x302A, 0x474A, 0x4747,
    0x4747, 0x4945, 0x4247, 0x4545, 0x4545, 0x4842, 0x4948, 0x4949, 0x4548, 0x1D45, 0x4948, 0x4949,
    0x4548, 0x4545, 0x4847, 0x4848, 0x4842, 0x4848, 0x2A0C, 0x4547, 0x4545, 0x4A48, 0x292A, 0x2828,
    0x452A, 0x4A48, 0x2829, 0x2829, 0x2830, 0x4729, 0x4549, 0x4747, 0x4747, 0x1847, 0x4248, 0x4545,
    0x4545, 0x4742, 0x451D, 0x4845, 0x4949, 0x4849, 0x4545, 0x4845, 0x4949, 0x4849, 0x4848, 0x4248,
    0x4848, 0x1E48, 0x484A, 0x4545, 0x1C45, 0x1E1E, 0x484A, 0x0D45, 0x261E, 0x1E1C, 0x0D47, 0x0D0D,
    0x0D1E, 0x1E1E, 0x4818, 0x4949, 0x4548, 0x2645, 0x4247, 0x4848, 0x0D42, 0x260D, 0x4545, 0x0D45,
    0x0D0D, 0x0D0D, 0x0D45, 0x0D26, 0x0D0D, 0x0D0D, 0x1E1E, 0x261E, 0x0D0D, 0x0D0D, 0x1E1C, 0x1E0D,
    0x0D1E, 0x1E0D, 0x0D1E, 0x2626, 0x0D1E, 0x1E0D, 0x260D, 0x260D, 0x261E, 0x1E0D, 0x1919, 0x1919,
    0x1919, 0x1919, 0x1A1A, 0x1A1A, 0x1A1A, 0x191A, 0x1A1A, 0x1A1A, 0x1B1A, 0x1A1B, 0x1B1B, 0x1B1B,
    0x1A1B, 0x3419, 0x1919, 0x1919, 0x3419, 0x1D34, 0x3434, 0x3434, 0x1D34, 0x0D26, 0x4549, 0x0D47,
    0x0D0D, 0x0D26, 0x2649, 0x0D0D, 0x260D, 0x0D26, 0x1919, 0x1919, 0x3419, 0x1D0E, 0x1919, 0x3419,
    0x1D34, 0x260D, 0x3419, 0x1D34, 0x260D, 0x1E26, 0x1D34, 0x261E, 0x2626, 0x1E1E, 0x260D, 0x1E0D,
    0x1E1E, 0x1E1E, 0x260D, 0x0D1E, 0x1C1E, 0x1E26, 0x1E0D, 0x261E, 0x260D, 0x1E1E, 0x260D, 0x0D0D,
    0x2626, 0x1E1E, 0x1919, 0x1919, 0x1919, 0x1919, 0x1A1A, 0x1A1A, 0x1A1A, 0x1A1A, 0x1A1A, 0x1A1A,
    0x1A1A, 0x1A1A, 0x1B1B, 0x1B1B, 0x1B1B, 0x1B1B, 0x1919, 0x1919, 0x1919, 0x1919, 0x3434, 0x3434,
    0x3434, 0x3434, 0x4548, 0x4845, 0x4949, 0x4848, 0x4548, 0x4845, 0x4949, 0x4A48, 0x1919, 0x1919,
    0x1927, 0x1919, 0x1A1A, 0x1A1A, 0x1927, 0x1A1A, 0x1A1A, 0x1B1A, 0x1A19, 0x1A1A, 0x1B1B, 0x1B1B,
    0x1A19, 0x1B1B, 0x1919, 0x1919, 0x1919, 0x1919, 0x3434, 0x3434, 0x3434, 0x3434, 0x4248, 0x4747,
    0x4747, 0x4945, 0x474A, 0x4747, 0x4747, 0x4945, 0x0612, 0x1212, 0x0612, 0x1212, 0x0612, 0x1212,
    0x0612, 0x1212, 0x0612, 0x1212, 0x0612, 0x1212, 0x1406, 0x0633, 0x1406, 0x0606, 0x1212, 0x0612,
    0x1212, 0x3312, 0x1212, 0x0612, 0x1212, 0x0612, 0x1212, 0x0612, 0x1212, 0x0612, 0x0606, 0x1406,
    0x0633, 0x1406, 0x0C02, 0x2A2A, 0x2A2A, 0x0C2A, 0x4502, 0x0C10, 0x0C0C, 0x450C, 0x4507, 0x300C,
    0x300C, 0x4530, 0x4502, 0x0C0C, 0x300C, 0x450C, 0x4502, 0x0C0C, 0x0C0C, 0x450C, 0x4507, 0x100C,
    0x0C0C, 0x4510, 0x2107, 0x4545, 0x4545, 0x2145, 0x0202, 0x2B07, 0x0707, 0x022B, 0x4C4B, 0x2929,
    0x284B, 0x2A28, 0x2829, 0x282A, 0x2828, 0x2828, 0x2828, 0x2928, 0x2928, 0x2929, 0x2828, 0x282A,
    0x2828, 0x292F, 0x0C2A, 0x280C, 0x2929, 0x2928, 0x2A0D, 0x2929, 0x2F29, 0x2928, 0x2A28, 0x2F29,
    0x2929, 0x2F2A, 0x2829, 0x2929, 0x2829, 0x2928, 0x2929, 0x2A29, 0x2928, 0x2A28, 0x2929, 0x2A2A,
    0x2929, 0x2829, 0x2A2F, 0x2828, 0x2829, 0x3028, 0x2A29, 0x282A, 0x2829, 0x2A2A, 0x2928, 0x2A29,
    0x2A2A, 0x2A2A, 0x2829, 0x292A, 0x0C2A, 0x2A28, 0x2A29, 0x282A, 0x2829, 0x302A, 0x2829, 0x2929,
    0x2829, 0x2A2A, 0x0E02, 0x0E2A, 0x0E0E, 0x1313, 0x4502, 0x0E0E, 0x0E0E, 0x130E, 0x4507, 0x300C,
    0x0E0E, 0x130E, 0x4502, 0x0E0E, 0x0E0E, 0x130E, 0x4502, 0x0E0C, 0x0E0E, 0x130E, 0x4507, 0x100C,
    0x0E0C, 0x130E, 0x2107, 0x4545, 0x4545, 0x2545, 0x0202, 0x2B07, 0x2B07, 0x2B2B, 0x0E2B, 0x0E0E,
    0x0E0E, 0x0E0E, 0x132B, 0x0E0E, 0x0E0E, 0x0E0E, 0x132B, 0x0E0E, 0x0E0E, 0x0E0E, 0x132B, 0x0E0E,
    0x0E0E, 0x0E0E, 0x132B, 0x0E0E, 0x0E0E, 0x0E0E, 0x132B, 0x0E0E, 0x0E0E, 0x0E0E, 0x252B, 0x1313,
    0x1313, 0x2513, 0x2B2B, 0x2B2B, 0x2B2B, 0x2B2B, 0x3419, 0x1B1A, 0x1F20, 0x1F1F, 0x1A19, 0x1B1A,
    0x1F20, 0x1F1F, 0x1A19, 0x1B27, 0x2020, 0x1D20, 0x1A19, 0x271A, 0x2020, 0x1F20, 0x1A19, 0x271A,
    0x0909, 0x1F25, 0x1A19, 0x2727, 0x0909, 0x1D09, 0x1A19, 0x271A, 0x0909, 0x251F, 0x1A19, 0x2727,
    0x2009, 0x1F09, 0x211F, 0x211F, 0x2121, 0x1F1C, 0x211F, 0x1D21, 0x1F1F, 0x1D1D, 0x211D, 0x1F21,
    0x211D, 0x211C, 0x1D1D, 0x1C21, 0x1D1F, 0x1D1C, 0x1F1D, 0x1D1F, 0x1F21, 0x1D21, 0x1325, 0x211F,
    0x1F1D, 0x1D21, 0x2525, 0x2525, 0x211F, 0x2121, 0x2525, 0x2525, 0x2125, 0x1D1D, 0x1A19, 0x271A,
    0x0909, 0x2525, 0x1A19, 0x2727, 0x0909, 0x2509, 0x3419, 0x1B27, 0x2020, 0x1D20, 0x1A4D, 0x1B1A,
    0x2020, 0x1F20, 0x3419, 0x1B1A, 0x2020, 0x1F1F, 0x1A19, 0x271A, 0x0909, 0x1D20, 0x1A19, 0x2727,
    0x0909, 0x2509, 0x1A19, 0x2727, 0x2009, 0x2509, 0x251F, 0x2525, 0x2525, 0x1F1C, 0x211F, 0x2525,
    0x2525, 0x1D1D, 0x211D, 0x1F21, 0x211D, 0x211C, 0x1D1D, 0x1C21, 0x1D1F, 0x1D1C, 0x1F1D, 0x1D1F,
    0x1F21, 0x1D21, 0x1C1D, 0x211F, 0x1F1D, 0x1D21, 0x1D1F, 0x1F1C, 0x211F, 0x2121, 0x211D, 0x1D1D,
    0x211D, 0x1D1D, 0x3419, 0x271A, 0x0909, 0x1F25, 0x1A19, 0x1B1A, 0x0909, 0x2509, 0x1A19, 0x2727,
    0x0909, 0x2509, 0x1A19, 0x2727, 0x2009, 0x2509, 0x1A19, 0x1B1A, 0x0920, 0x2525, 0x1A19, 0x1B1A,
    0x1F20, 0x2509, 0x1A19, 0x1B1A, 0x1F20, 0x1F1F, 0x1A19, 0x1B1A, 0x2020, 0x1F1F, 0x211F, 0x211F,
    0x2521, 0x1F25, 0x211F, 0x2521, 0x2525, 0x2525, 0x2525, 0x2525, 0x2525, 0x2525, 0x2525, 0x1325,
    0x2525, 0x2513, 0x2525, 0x2525, 0x1F25, 0x2525, 0x1325, 0x2525, 0x1F25, 0x2521, 0x1D1F, 0x2525,
    0x211F, 0x2121, 0x211D, 0x1D1D, 0x211D, 0x1D1D, 0x1B1B, 0x1B1B, 0x1B1B, 0x1B1B, 0x1A1B, 0x1A1A,
    0x1A1A, 0x1A1A, 0x1A1B, 0x1A1A, 0x1A1A, 0x1A1A, 0x1A1B, 0x191A, 0x1919, 0x1919, 0x1A1B, 0x191A,
    0x0D46, 0x1010, 0x1A1B, 0x191A, 0x4630, 0x0C10, 0x1A1B, 0x191A, 0x0C0D, 0x100C, 0x1A1B, 0x191A,
    0x0D0C, 0x0C0C, 0x1B1B, 0x191A, 0x1B1B, 0x1B1B, 0x1A1A, 0x191A, 0x1A1B, 0x1A1A, 0x1A1A, 0x2719,
    0x1A1A, 0x1A1A, 0x1919, 0x2719, 0x1919, 0x1919, 0x0D0D, 0x1010, 0x0C0D, 0x0C10, 0x0D0C, 0x0D10,
    0x0D0C, 0x0C0D, 0x0C10, 0x0D0D, 0x100C, 0x100D, 0x0C0C, 0x0C0C, 0x0C30, 0x0C30, 0x1B1B, 0x1B1B,
    0x1B1B, 0x1B1B, 0x1A1A, 0x1A1A, 0x1A1A, 0x1A1A, 0x1A1A, 0x1A1A, 0x1A1A, 0x1A1A, 0x1919, 0x1919,
    0x1919, 0x1919, 0x0D0C, 0x3030, 0x0D10, 0x1010, 0x0C0D, 0x1030, 0x0C0D, 0x0C10, 0x0C0C, 0x0C0C,
    0x0D0D, 0x100C, 0x0C0C, 0x100C, 0x0D0D, 0x0C0D, 0x1B1B, 0x1B1B, 0x1B1B, 0x1B1B, 0x1A1A, 0x1A1A,
    0x1A1A, 0x1B1A, 0x1A1A, 0x1A1A, 0x1A1A, 0x1B1A, 0x1919, 0x1919, 0x1A19, 0x1B1A, 0x0D0C, 0x4630,
    0x1A19, 0x1B1A, 0x0C0D, 0x0D46, 0x1A19, 0x1B1A, 0x0C0C, 0x1010, 0x1A19, 0x1B1A, 0x100C, 0x100C,
    0x1A19, 0x1B1A, 0x0000, 0x2525, 0x2525, 0x0024, 0x2500, 0x2525, 0x2525, 0x2325, 0x2400, 0x2525,
    0x2525, 0x2324, 0x0E00, 0x244E, 0x2424, 0x234E, 0x0E00, 0x254F, 0x244E, 0x234F, 0x0E00, 0x254E,
    0x244F, 0x234E, 0x0E00, 0x250E, 0x244E, 0x2324, 0x0000, 0x2323, 0x2323, 0x0023, 0x0000, 0x2400,
    0x2424, 0x0000, 0x0000, 0x2400, 0x2424, 0x0000, 0x0000, 0x2500, 0x250E, 0x0024, 0x0000, 0x2500,
    0x0E10, 0x2425, 0x0000, 0x0000, 0x1025, 0x250E, 0x0000, 0x0000, 0x2500, 0x0E25, 0x0000, 0x0000,
    0x0000, 0x2500, 0x0000, 0x0000, 0x0000, 0x0000, 0x0000, 0x0000, 0x2400, 0x2424, 0x0000, 0x2400,
    0x2524, 0x2525, 0x0000, 0x2524, 0x0E25, 0x0E0E, 0x2424, 0x0E25, 0x0E0E, 0x0E0E, 0x2525, 0x100E,
    0x2510, 0x0E10, 0x0E0E, 0x0025, 0x0000, 0x2500, 0x2525, 0x0000, 0x0000, 0x0000, 0x0000, 0x0000,
    0x0000, 0x0000, 0x5050, 0x0050, 0x0000, 0x0000, 0x5050, 0x0050, 0x0000, 0x0000, 0x5140, 0x0052,
    0x0000, 0x0000, 0x5140, 0x0052, 0x0000, 0x0000, 0x5140, 0x0052, 0x0000, 0x0000, 0x5140, 0x0052,
    0x0000, 0x0000, 0x5140, 0x5252, 0x5252, 0x5252, 0x5140, 0x5152, 0x5151, 0x5151, 0x0000, 0x0000,
    0x0000, 0x0000, 0x0000, 0x0000, 0x0000, 0x0000, 0x0000, 0x0000, 0x0000, 0x0000, 0x0000, 0x0000,
    0x0000, 0x0000, 0x0000, 0x0000, 0x0000, 0x0000, 0x0000, 0x0000, 0x0000, 0x0000, 0x5252, 0x5252,
    0x5252, 0x5252, 0x5151, 0x5151, 0x5151, 0x5151, 0x0000, 0x0000, 0x5000, 0x5050, 0x0000, 0x0000,
    0x5000, 0x5050, 0x0000, 0x0000, 0x4000, 0x5251, 0x0000, 0x0000, 0x4000, 0x5251, 0x0000, 0x0000,
    0x4000, 0x5251, 0x0000, 0x0000, 0x4000, 0x5251, 0x5252, 0x5351, 0x4053, 0x5251, 0x5351, 0x4040,
    0x4040, 0x5251, 0x3131, 0x3131, 0x3131, 0x3131, 0x3131, 0x3131, 0x3131, 0x3131, 0x3131, 0x3131,
    0x3131, 0x3131, 0x3131, 0x3131, 0x3131, 0x3131, 0x3131, 0x3131, 0x3131, 0x3131, 0x3131, 0x3131,
    0x3131, 0x3131, 0x3131, 0x3131, 0x3131, 0x3131, 0x3131, 0x3131, 0x3131, 0x3131, 0x5140, 0x5252,
    0x423A, 0x5242, 0x5140, 0x3A52, 0x4252, 0x3A52, 0x5140, 0x4252, 0x5242, 0x420E, 0x5140, 0x0E52,
    0x4252, 0x0E52, 0x5140, 0x5252, 0x0E0E, 0x520E, 0x5140, 0x3A52, 0x0E52, 0x4252, 0x5140, 0x4252,
    0x5242, 0x0E0E, 0x5140, 0x3A52, 0x3A51, 0x0E52, 0x423A, 0x520E, 0x4242, 0x5242, 0x3A52, 0x0E52,
    0x3A52, 0x4252, 0x5242, 0x423A, 0x523A, 0x3A42, 0x4252, 0x3A52, 0x3A52, 0x3A52, 0x420E, 0x5242,
    0x3A42, 0x5242, 0x0E52, 0x0E52, 0x3A52, 0x4252, 0x5242, 0x4242, 0x510E, 0x423A, 0x4252, 0x4252,
    0x4253, 0x4253, 0x420D, 0x5242, 0x423A, 0x5142, 0x0D52, 0x3A52, 0x4252, 0x3A51, 0x5230, 0x1026,
    0x5210, 0x420E, 0x3052, 0x0D52, 0x1052, 0x0E52, 0x0C10, 0x5210, 0x0D26, 0x520D, 0x0C52, 0x3052,
    0x2652, 0x0D52, 0x5230, 0x0C10, 0x520D, 0x0D0D, 0x0C52, 0x0C52, 0x0C52, 0x0D53, 0x423A, 0x530E,
    0x4042, 0x5251, 0x3A51, 0x0E53, 0x4040, 0x5251, 0x5142, 0x423A, 0x403A, 0x5251, 0x4251, 0x3A51,
    0x4040, 0x5251, 0x420D, 0x5342, 0x4042, 0x5251, 0x0D51, 0x0E53, 0x4040, 0x5251, 0x530D, 0x1010,
    0x400D, 0x5251, 0x1053, 0x1053, 0x4040, 0x5251, 0x0D0C, 0x5310, 0x0C10, 0x5210, 0x0C52, 0x0D52,
    0x0C53, 0x1052, 0x520C, 0x1010, 0x520C, 0x0D10, 0x0D52, 0x1052, 0x1052, 0x0D52, 0x1030, 0x520C,
    0x0D0D, 0x520D, 0x1052, 0x0C52, 0x0D52, 0x0D51, 0x5230, 0x100D, 0x510C, 0x0D0D, 0x1052, 0x0C52,
    0x1052, 0x0D51, 0x0D0C, 0x5310, 0x4010, 0x5251, 0x0C51, 0x0D53, 0x4040, 0x5251, 0x510C, 0x1010,
    0x400C, 0x5251, 0x0D51, 0x1053, 0x4040, 0x5251, 0x1030, 0x530C, 0x400D, 0x5251, 0x1053, 0x0C53,
    0x4040, 0x5251, 0x5330, 0x100D, 0x400C, 0x5251, 0x1053, 0x0C53, 0x4040, 0x5251, 0x3A43, 0x4242,
    0x0604, 0x5406, 0x4343, 0x4242, 0x0604, 0x5454, 0x4243, 0x3A3A, 0x0404, 0x0606, 0x4243, 0x4242,
    0x0414, 0x0404, 0x3A43, 0x4242, 0x0604, 0x5454, 0x3A43, 0x3A42, 0x0604, 0x5406, 0x4243, 0x4242,
    0x5404, 0x5406, 0x4243, 0x433A, 0x0604, 0x5406, 0x4848, 0x433A, 0x0604, 0x5406, 0x4343, 0x4243,
    0x0604, 0x5406, 0x433A, 0x4343, 0x0604, 0x5406, 0x433A, 0x433A, 0x0604, 0x5406, 0x4242, 0x4242,
    0x0604, 0x5454, 0x4242, 0x423A, 0x0604, 0x5406, 0x4342, 0x3A42, 0x5404, 0x5406, 0x3A42, 0x3A43,
    0x0604, 0x5406, 0x4343, 0x4342, 0x0604, 0x5406, 0x4343, 0x4243, 0x0604, 0x5454, 0x433A, 0x4343,
    0x0604, 0x5406, 0x4342, 0x433A, 0x0604, 0x5406, 0x420D, 0x4242, 0x0604, 0x5406, 0x0D0D, 0x420C,
    0x0604, 0x5454, 0x0C0D, 0x1010, 0x0619, 0x5406, 0x100C, 0x100C, 0x1A19, 0x541A, 0x0909, 0x0909,
    0x0909, 0x0909, 0x0909, 0x0909, 0x0909, 0x0909, 0x0909, 0x0909, 0x0909, 0x0909, 0x0909, 0x0909,
    0x0909, 0x0909, 0x2727, 0x2727, 0x2727, 0x2727, 0x2727, 0x2727, 0x2727, 0x2727, 0x3434, 0x3434,
    0x3434, 0x3434, 0x4D4D, 0x4D4D, 0x4D4D, 0x4D4D, 0x072B, 0x0107, 0x0301, 0x0103, 0x0207, 0x0707,
    0x0303, 0x0201, 0x0207, 0x0702, 0x0103, 0x0202, 0x0702, 0x0102, 0x0102, 0x0303, 0x0103, 0x0202,
    0x0301, 0x0303, 0x0201, 0x0301, 0x0102, 0x0101, 0x0102, 0x0203, 0x0207, 0x0303, 0x0107, 0x0703,
    0x012B, 0x0303, 0x0101, 0x0102, 0x0207, 0x0102, 0x0302, 0x0702, 0x0202, 0x0707, 0x0301, 0x0203,
    0x0702, 0x2B07, 0x0103, 0x0103, 0x0707, 0x0202, 0x0103, 0x0202, 0x0301, 0x0202, 0x0201, 0x0301,
    0x0102, 0x0201, 0x0103, 0x0303, 0x0202, 0x0303, 0x0101, 0x0103, 0x0102, 0x0303, 0x0707, 0x072B,
    0x0207, 0x0702, 0x0207, 0x0707, 0x0202, 0x0207, 0x0307, 0x0702, 0x0702, 0x072B, 0x0103, 0x0103,
    0x0102, 0x0303, 0x0103, 0x0202, 0x0301, 0x0303, 0x0201, 0x0301, 0x0102, 0x0101, 0x0103, 0x0303,
    0x0202, 0x0303, 0x0101, 0x0103, 0x0102, 0x0303, 0x0101, 0x0102, 0x0301, 0x0103, 0x0302, 0x0102,
    0x0303, 0x0201, 0x0301, 0x0103, 0x0103, 0x0202, 0x0103, 0x0103, 0x0102, 0x0303, 0x0103, 0x0202,
    0x0207, 0x0302, 0x0707, 0x0201, 0x0707, 0x0207, 0x0702, 0x0202, 0x0707, 0x0202, 0x2B07, 0x0707,
    0x072B, 0x0202, 0x0707, 0x2B2B, 0x0207, 0x0703, 0x0202, 0x0707, 0x0302, 0x0201, 0x0301, 0x0103,
    0x0103, 0x0707, 0x0103, 0x0103, 0x0102, 0x0202, 0x0103, 0x0202, 0x0201, 0x0202, 0x0207, 0x0301,
    0x0707, 0x0707, 0x0702, 0x0303, 0x0202, 0x0202, 0x2B07, 0x0103, 0x0102, 0x0702, 0x0107, 0x0102,
    0x0301, 0x0103, 0x0302, 0x0102, 0x0303, 0x0201, 0x0301, 0x0103, 0x0703, 0x0707, 0x0702, 0x0202,
    0x0707, 0x0202, 0x0702, 0x2B07, 0x0207, 0x0202, 0x072B, 0x0207, 0x0707, 0x0207, 0x0702, 0x0202,
    0x0707, 0x0202, 0x0701, 0x0707, 0x012B, 0x0203, 0x0101, 0x0102, 0x0301, 0x0103, 0x0307, 0x0102,
    0x0303, 0x0201, 0x0207, 0x0702, 0x0102, 0x0202, 0x0702, 0x0702, 0x0702, 0x0302, 0x0103, 0x0707,
    0x0207, 0x0202, 0x0701, 0x0207, 0x0707, 0x0707, 0x0703, 0x0202, 0x0207, 0x0203, 0x0101, 0x0103,
    0x0707, 0x0702, 0x0101, 0x0707, 0x0207, 0x0702, 0x0302, 0x0102, 0x0202, 0x0707, 0x0301, 0x0103,
    0x0103, 0x0707, 0x0103, 0x0103, 0x0102, 0x0303, 0x0102, 0x0202, 0x0301, 0x0303, 0x0707, 0x0301,
    0x0102, 0x0101, 0x0702, 0x0203, 0x0707, 0x0302, 0x2B07, 0x0707, 0x0707, 0x0202, 0x4D4D, 0x4D4D,
    0x4D4D, 0x4D4D, 0x3434, 0x3434, 0x3434, 0x3434, 0x2727, 0x2727, 0x2727, 0x2727, 0x2727, 0x2727,
    0x2727, 0x2727, 0x4D4D, 0x4D4D, 0x4D4D, 0x4D4D, 0x2424, 0x2424, 0x2424, 0x2424, 0x0909, 0x0909,
    0x0909, 0x0909, 0x0909, 0x0909, 0x0909, 0x0909, 0x0707, 0x0707, 0x0207, 0x0102, 0x0207, 0x0707,
    0x0202, 0x0207, 0x0207, 0x0202, 0x0702, 0x0207, 0x0702, 0x0202, 0x0707, 0x0303, 0x2B02, 0x0707,
    0x0301, 0x0303, 0x0707, 0x0207, 0x0102, 0x0101, 0x0702, 0x0202, 0x0207, 0x0203, 0x0707, 0x0707,
    0x0702, 0x0202, 0x0101, 0x0102, 0x0301, 0x0103, 0x0302, 0x0102, 0x0303, 0x0201, 0x0301, 0x0103,
    0x0103, 0x0202, 0x0103, 0x0103, 0x0102, 0x0303, 0x0103, 0x0202, 0x0207, 0x0303, 0x0201, 0x0201,
    0x0707, 0x0107, 0x0702, 0x0303, 0x0707, 0x0202, 0x0707, 0x0702, 0x0702, 0x0702, 0x0101, 0x0102,
    0x0301, 0x0103, 0x0302, 0x0102, 0x0303, 0x0707, 0x0301, 0x0103, 0x0103, 0x0707, 0x0103, 0x0103,
    0x0102, 0x0203, 0x0103, 0x0202, 0x0301, 0x0303, 0x0201, 0x0207, 0x0102, 0x0201, 0x0103, 0x0202,
    0x0707, 0x0202, 0x0101, 0x0707, 0x072B, 0x0203, 0x0101, 0x0702, 0x0207, 0x0702, 0x0307, 0x0102,
    0x0202, 0x0207, 0x0207, 0x0702, 0x0103, 0x0702, 0x0702, 0x0702, 0x0702, 0x0202, 0x0703, 0x0707,
    0x0207, 0x0202, 0x2B07, 0x0207, 0x0707, 0x0707, 0x0702, 0x0202, 0x2B07, 0x0202, 0x0707, 0x0702,
    0x0707, 0x0702, 0x0101, 0x0707, 0x0301, 0x0703, 0x0202, 0x0707, 0x0302, 0x0707, 0x0207, 0x0203,
    0x0702, 0x0707, 0x0702, 0x0102, 0x0707, 0x0203, 0x0702, 0x0707, 0x0301, 0x0203, 0x2B07, 0x0207,
    0x0702, 0x0207, 0x0702, 0x0202, 0x0702, 0x0202, 0x0701, 0x0107, 0x0707, 0x0202, 0x072B, 0x0707,
    0x0207, 0x0702, 0x0207, 0x0707, 0x0202, 0x0207, 0x0207, 0x0702, 0x0702, 0x0707, 0x0702, 0x0702,
    0x0702, 0x0202, 0x0702, 0x2B07, 0x0207, 0x0202, 0x2B07, 0x0207, 0x0707, 0x0707, 0x0702, 0x0202,
    0x0707, 0x0202, 0x0707, 0x0702, 0x0707, 0x0702, 0x0707, 0x0707, 0x0207, 0x0702, 0x0207, 0x0707,
    0x0202, 0x0707, 0x0207, 0x0202, 0x0702, 0x0707, 0x0702, 0x0202, 0x0707, 0x0302, 0x0702, 0x0707,
    0x0207, 0x0202, 0x0707, 0x0207, 0x0707, 0x0107, 0x0103, 0x0303, 0x0202, 0x0303, 0x0107, 0x0103,
    0x0102, 0x0303, 0x0707, 0x0707, 0x0207, 0x0102, 0x0207, 0x0707, 0x0202, 0x0207, 0x0207, 0x0702,
    0x0702, 0x0707, 0x0702, 0x0702, 0x0702, 0x0202, 0x0103, 0x0202, 0x0201, 0x0202, 0x0201, 0x0301,
    0x0102, 0x0707, 0x0103, 0x0303, 0x0202, 0x0303, 0x0101, 0x0103, 0x0102, 0x0303, 0x0101, 0x0102,
    0x0201, 0x0102, 0x0302, 0x0702, 0x0202, 0x0707, 0x0207, 0x0202, 0x0702, 0x0707, 0x0702, 0x0202,
    0x0707, 0x0202, 0x0702, 0x0707, 0x0307, 0x0202, 0x0707, 0x0207, 0x0107, 0x0201, 0x0103, 0x0202,
    0x0202, 0x0303, 0x0101, 0x0103, 0x0102, 0x0303, 0x5140, 0x5252, 0x0000, 0x5200, 0x5140, 0x0052,
    0x0052, 0x0052, 0x5140, 0x0052, 0x5200, 0x0000, 0x5140, 0x0052, 0x0052, 0x0052, 0x5140, 0x5252,
    0x0000, 0x5200, 0x5140, 0x0052, 0x0052, 0x0051, 0x5140, 0x0052, 0x5200, 0x0000, 0x5140, 0x0052,
    0x0052, 0x0051, 0x0000, 0x5200, 0x0000, 0x5200, 0x0052, 0x0052, 0x0052, 0x0052, 0x5200, 0x0000,
    0x5200, 0x0000, 0x0052, 0x0052, 0x0052, 0x0051, 0x0000, 0x5200, 0x0000, 0x5100, 0x0052, 0x0052,
    0x0052, 0x0053, 0x5200, 0x0000, 0x5300, 0x0000, 0x0052, 0x0052, 0x0052, 0x0051, 0x0000, 0x5300,
    0x4000, 0x5251, 0x0051, 0x0053, 0x4040, 0x5251, 0x5100, 0x0000, 0x4000, 0x5251, 0x0051, 0x0053,
    0x4040, 0x5251, 0x0000, 0x5300, 0x4000, 0x5251, 0x0053, 0x0053, 0x4040, 0x5251, 0x5300, 0x0000,
    0x4000, 0x5251, 0x0053, 0x0053, 0x4040, 0x5251, 0x5140, 0x5252, 0x0E42, 0x5242, 0x5140, 0x4252,
    0x4252, 0x4252, 0x5140, 0x0C52, 0x5210, 0x3A42, 0x5140, 0x1052, 0x1052, 0x3A52, 0x5140, 0x5252,
    0x0C0C, 0x5210, 0x5140, 0x3052, 0x0C52, 0x3052, 0x5140, 0x0C52, 0x520C, 0x0C10, 0x5140, 0x3052,
    0x1052, 0x3052, 0x423A, 0x5342, 0x3A42, 0x5242, 0x3A52, 0x4252, 0x4253, 0x4252, 0x5242, 0x4242,
    0x523A, 0x0E42, 0x0E52, 0x4252, 0x4252, 0x4252, 0x4230, 0x5242, 0x0E42, 0x520E, 0x1052, 0x4252,
    0x0E52, 0x0E51, 0x5230, 0x100D, 0x510C, 0x0E42, 0x1052, 0x0C52, 0x1052, 0x4251, 0x3A42, 0x5242,
    0x0E42, 0x5242, 0x4252, 0x4252, 0x4252, 0x4252, 0x5242, 0x4242, 0x5242, 0x3A42, 0x4252, 0x4252,
    0x4252, 0x3A51, 0x0E0E, 0x520E, 0x423A, 0x5142, 0x0E52, 0x3A52, 0x3A52, 0x4253, 0x5242, 0x3A42,
    0x5342, 0x3A42, 0x4252, 0x3A52, 0x4252, 0x4251, 0x423A, 0x5342, 0x4042, 0x5251, 0x3A51, 0x4253,
    0x4040, 0x5251, 0x5142, 0x4242, 0x403A, 0x5251, 0x0E51, 0x4253, 0x4040, 0x5251, 0x423A, 0x5342,
    0x4042, 0x5251, 0x4253, 0x4253, 0x4040, 0x5251, 0x533A, 0x4242, 0x403A, 0x5251, 0x4253, 0x3A53,
    0x4040, 0x5251, 0x1212, 0x0E06, 0x0E0E, 0x250F, 0x1212, 0x0E06, 0x0F0F, 0x250F, 0x0606, 0x1309,
    0x2525, 0x2409, 0x1405, 0x1212, 0x1606, 0x0962, 0x1405, 0x5612, 0x5514, 0x1B5F, 0x092C, 0x1406,
    0x5F24, 0x1A1B, 0x0F14, 0x0913, 0x1B2C, 0x1A1A, 0x0F2C, 0x2425, 0x1A1B, 0x191A, 0x0606, 0x162C,
    0x5655, 0x5656, 0x3306, 0x5535, 0x0555, 0x0505, 0x5E5E, 0x5F24, 0x2C24, 0x2C2C, 0x1B1B, 0x1B1B,
    0x1A19, 0x1B1B, 0x1A1A, 0x1B1A, 0x1A19, 0x1A1A, 0x1A1A, 0x1A1A, 0x1927, 0x1A1A, 0x1919, 0x1919,
    0x1927, 0x1919, 0x2727, 0x2727, 0x2727, 0x2727, 0x5656, 0x0F06, 0x0F0F, 0x250F, 0x0505, 0x2514,
    0x2525, 0x0925, 0x2C2C, 0x2424, 0x2424, 0x2424, 0x1B1B, 0x1B1B, 0x1B1B, 0x1B1B, 0x1A1A, 0x1A1A,
    0x1A1A, 0x1A1A, 0x1A1A, 0x1A1A, 0x1A1A, 0x1A1A, 0x1919, 0x1919, 0x1919, 0x1919, 0x2727, 0x2727,
    0x2727, 0x2727, 0x0506, 0x1514, 0x1216, 0x1212, 0x0606, 0x152C, 0x1216, 0x1212, 0x355E, 0x5524,
    0x0609, 0x0606, 0x241B, 0x0505, 0x0656, 0x052D, 0x1B1A, 0x0606, 0x0605, 0x0505, 0x1A1A, 0x2C1B,
    0x2414, 0x142C, 0x1A19, 0x1B1A, 0x5562, 0x0555, 0x1927, 0x1A1A, 0x041B, 0x0655, 0x252C, 0x1B09,
    0x1A1A, 0x2719, 0x0909, 0x1924, 0x1A1B, 0x191A, 0x1625, 0x2555, 0x1B19, 0x1A1A, 0x1625, 0x6255,
    0x1925, 0x1A1B, 0x5509, 0x6255, 0x255F, 0x1B19, 0x1212, 0x1456, 0x142C, 0x1925, 0x1212, 0x0612,
    0x2C33, 0x255E, 0x0606, 0x0906, 0x2C2C, 0x2C24, 0x2727, 0x2727, 0x2727, 0x2727, 0x1919, 0x1919,
    0x1919, 0x1919, 0x1A1A, 0x1A1A, 0x1A1A, 0x1A1A, 0x1A1A, 0x1A1A, 0x1A1A, 0x1A1A, 0x1B1B, 0x1B1B,
    0x1B1B, 0x1B1B, 0x1919, 0x1919, 0x1919, 0x1919, 0x2525, 0x2525, 0x2525, 0x2525, 0x2414, 0x2424,
    0x2424, 0x2C24, 0x3B3B, 0x3B3B, 0x3B3B, 0x3B3B, 0x5757, 0x5757, 0x5757, 0x5757, 0x5555, 0x5555,
    0x5555, 0x5555, 0x6363, 0x6363, 0x6363, 0x6363, 0x5555, 0x5555, 0x5555, 0x5555, 0x3C3C, 0x3C3C,
    0x3C3C, 0x553C, 0x3C3C, 0x3C3C, 0x3C3C, 0x3C3C, 0x5555, 0x5555, 0x5555, 0x5555, 0x3B3B, 0x3B3B,
    0x3B3B, 0x3B3B, 0x5757, 0x5757, 0x5757, 0x5757, 0x5555, 0x5555, 0x5555, 0x5555, 0x6363, 0x6363,
    0x6363, 0x6363, 0x5757, 0x573B, 0x3B57, 0x5757, 0x5555, 0x553B, 0x3B55, 0x5555, 0x5555, 0x553B,
    0x3B55, 0x5555, 0x5555, 0x553B, 0x3B55, 0x5555, 0x3C16, 0x5716, 0x3C57, 0x1658, 0x163C, 0x5757,
    0x583C, 0x1616, 0x5716, 0x3C57, 0x1658, 0x3C16, 0x5757, 0x583C, 0x1616, 0x163C, 0x3C57, 0x583C,
    0x3C16, 0x163C, 0x583C, 0x583C, 0x163C, 0x163C, 0x1658, 0x3C3C, 0x5716, 0x3C3C, 0x1616, 0x163C,
    0x5757, 0x583C, 0x3C3C, 0x3C3C, 0x3C3C, 0x553C, 0x5757, 0x573B, 0x3B57, 0x5757, 0x5555, 0x553B,
    0x3B55, 0x5555, 0x5555, 0x553B, 0x3B55, 0x5555, 0x5555, 0x553B, 0x3B55, 0x5555, 0x5555, 0x553B,
    0x3B55, 0x5555, 0x5555, 0x5555, 0x5555, 0x5555, 0x3C3C, 0x3C3C, 0x3C3C, 0x553C, 0x5555, 0x553B,
    0x3B55, 0x5555, 0x5555, 0x5555, 0x5555, 0x5555, 0x3C3C, 0x3C3C, 0x3C3C, 0x553C, 0x3C3C, 0x3C3C,
    0x3C3C, 0x3C3C, 0x5555, 0x5555, 0x5555, 0x5555, 0x3C3C, 0x3C3C, 0x3C3C, 0x553C, 0x3C3C, 0x3C3C,
    0x3C3C, 0x3C3C, 0x3B3B, 0x3B3B, 0x3B3B, 0x3B3B, 0x3C16, 0x5716, 0x3C57, 0x1658, 0x163C, 0x5757,
    0x583C, 0x5C16, 0x5716, 0x3C57, 0x1658, 0x105C, 0x5757, 0x583C, 0x5C16, 0x0D41, 0x3C57, 0x583C,
    0x0D5C, 0x0D0D, 0x583C, 0x5C3C, 0x450D, 0x410D, 0x1658, 0x465C, 0x4141, 0x0D44, 0x5C16, 0x4630,
    0x0C0D, 0x440D, 0x5959, 0x5959, 0x5959, 0x5959, 0x5959, 0x5959, 0x5959, 0x5959, 0x5959, 0x2828,
    0x2828, 0x2828, 0x5959, 0x5928, 0x5959, 0x5959, 0x5959, 0x5928, 0x5929, 0x5959, 0x5959, 0x5928,
    0x2865, 0x2828, 0x5959, 0x5928, 0x6829, 0x6868, 0x5959, 0x5928, 0x6865, 0x6868, 0x5959, 0x5959,
    0x5959, 0x5959, 0x5959, 0x5959, 0x5959, 0x5959, 0x2828, 0x2828, 0x2828, 0x2828, 0x5959, 0x5959,
    0x5959, 0x5959, 0x5959, 0x5959, 0x5959, 0x5959, 0x2828, 0x2828, 0x2828, 0x2828, 0x6969, 0x6969,
    0x6969, 0x6969, 0x6969, 0x6969, 0x6969, 0x6969, 0x5959, 0x5928, 0x0528, 0x5A5A, 0x5959, 0x5928,
    0x5A28, 0x5A5A, 0x5959, 0x5928, 0x5A28, 0x5A5A, 0x5959, 0x5928, 0x2959, 0x6029, 0x5959, 0x5928,
    0x5928, 0x5959, 0x5959, 0x6060, 0x6060, 0x6060, 0x5959, 0x5959, 0x5959, 0x5959, 0x5959, 0x5959,
    0x5959, 0x5959, 0x5A5A, 0x5A5A, 0x5A5A, 0x5A5A, 0x5A5A, 0x5A5A, 0x5A5A, 0x5A5A, 0x5A5A, 0x5A5A,
    0x5A5A, 0x5A5A, 0x6060, 0x6060, 0x6060, 0x6060, 0x5959, 0x5959, 0x5959, 0x5959, 0x6060, 0x6060,
    0x6060, 0x6060, 0x5959, 0x5959, 0x5959, 0x5959, 0x5959, 0x5959, 0x5959, 0x5959, 0x5959, 0x5959,
    0x5959, 0x5959, 0x5959, 0x5959, 0x5959, 0x5959, 0x2828, 0x2828, 0x0C60, 0x5959, 0x5959, 0x5959,
    0x4660, 0x5959, 0x5959, 0x5965, 0x4660, 0x5959, 0x2828, 0x5965, 0x4660, 0x5959, 0x6868, 0x5968,
    0x4660, 0x5959, 0x6868, 0x5968, 0x4660, 0x5959, 0x5B5B, 0x5B5B, 0x5B5B, 0x5B5B, 0x5D5D, 0x5D5D,
    0x5D5D, 0x5D5D, 0x6161, 0x6161, 0x6161, 0x6161, 0x5B5B, 0x6461, 0x6464, 0x6464, 0x5D5D, 0x6661,
    0x6666, 0x6666, 0x5D5D, 0x6661, 0x6666, 0x5967, 0x5D5D, 0x6661, 0x6666, 0x5966, 0x5D5D, 0x6661,
    0x6666, 0x5966, 0x5B5B, 0x5B5B, 0x5B5B, 0x5B5B, 0x5D5D, 0x5D5D, 0x5D5D, 0x5D5D, 0x6161, 0x6161,
    0x6161, 0x6161, 0x6464, 0x6464, 0x6464, 0x6464, 0x6666, 0x6666, 0x6666, 0x6666, 0x5959, 0x6667,
    0x6666, 0x5967, 0x6659, 0x6766, 0x6766, 0x6659, 0x5959, 0x6659, 0x5966, 0x6659, 0x5B5B, 0x5B5B,
    0x5B5B, 0x5B5B, 0x5D5D, 0x5D5D, 0x5D5D, 0x5D5D, 0x6161, 0x6161, 0x6161, 0x6161, 0x6464, 0x6464,
    0x6464, 0x6464, 0x6666, 0x6666, 0x6666, 0x6666, 0x6667, 0x6766, 0x5959, 0x6766, 0x6766, 0x6666,
    0x5959, 0x6666, 0x5966, 0x6666, 0x5959, 0x6666, 0x5B5B, 0x5B5B, 0x5B5B, 0x5B5B, 0x5D5D, 0x5D5D,
    0x5D5D, 0x5D5D, 0x6161, 0x6161, 0x6161, 0x6161, 0x6464, 0x6464, 0x6464, 0x6464, 0x6666, 0x6666,
    0x6666, 0x6666, 0x6659, 0x5959, 0x5959, 0x5959, 0x6659, 0x6667, 0x5959, 0x6766, 0x6659, 0x6666,
    0x5959, 0x6666, 0x5B5B, 0x5B5B, 0x5B5B, 0x5B5B, 0x5D5D, 0x5D5D, 0x5D5D, 0x5D5D, 0x6161, 0x6161,
    0x6161, 0x6161, 0x6464, 0x6464, 0x6464, 0x6464, 0x6666, 0x6666, 0x6666, 0x6666, 0x6766, 0x5959,
    0x6667, 0x6766, 0x6666, 0x5959, 0x6666, 0x5967, 0x6666, 0x5959, 0x6666, 0x5959, 0x5B5B, 0x5B5B,
    0x5B5B, 0x5B5B, 0x5D5D, 0x5D5D, 0x5D5D, 0x5D5D, 0x6161, 0x6161, 0x6161, 0x6161, 0x6464, 0x6464,
    0x6464, 0x6464, 0x6666, 0x6666, 0x6666, 0x6666, 0x6759, 0x6666, 0x5967, 0x6659, 0x6666, 0x6667,
    0x5966, 0x6659, 0x6666, 0x6659, 0x5966, 0x6659, 0x5B5B, 0x5B5B, 0x5B5B, 0x5B5B, 0x5D5D, 0x5D5D,
    0x5D5D, 0x5D5D, 0x6161, 0x6161, 0x6161, 0x6161, 0x6464, 0x6464, 0x6464, 0x6464, 0x6666, 0x6666,
    0x6666, 0x6666, 0x5967, 0x6766, 0x5959, 0x5959, 0x5966, 0x6666, 0x5959, 0x6666, 0x5966, 0x6666,
    0x5959, 0x6667, 0x5B5B, 0x5B5B, 0x5B5B, 0x5B5B, 0x5D5D, 0x5D5D, 0x5D5D, 0x5D5D, 0x6161, 0x6161,
    0x6161, 0x6161, 0x6464, 0x6464, 0x6164, 0x5B5B, 0x6666, 0x6666, 0x6166, 0x5D5D, 0x6659, 0x6666,
    0x6166, 0x5D5D, 0x6667, 0x6666, 0x6166, 0x5D5D, 0x6666, 0x6666, 0x6166, 0x5D5D, 0x5140, 0x5252,
    0x0000, 0x5200, 0x5140, 0x0052, 0x0052, 0x0052, 0x5140, 0x0052, 0x5200, 0x0000, 0x5140, 0x0052,
    0x0052, 0x0052, 0x5140, 0x5252, 0x0000, 0x5200, 0x5140, 0x0052, 0x0052, 0x0052, 0x5140, 0x5252,
    0x5252, 0x5252, 0x5140, 0x5152, 0x5151, 0x5151, 0x0000, 0x5200, 0x0000, 0x5100, 0x0052, 0x0052,
    0x0052, 0x0051, 0x5200, 0x0000, 0x5200, 0x0000, 0x0052, 0x0052, 0x0052, 0x0052, 0x0000, 0x5200,
    0x0000, 0x5200, 0x0052, 0x0052, 0x0052, 0x0052, 0x5252, 0x5252, 0x5252, 0x5252, 0x5151, 0x5151,
    0x5151, 0x5151, 0x0000, 0x5300, 0x4000, 0x5251, 0x0051, 0x0053, 0x4040, 0x5251, 0x5100, 0x0000,
    0x4000, 0x5251, 0x0051, 0x0051, 0x4040, 0x5251, 0x0000, 0x5300, 0x4000, 0x5251, 0x0051, 0x0053,
    0x4040, 0x5251, 0x5252, 0x5351, 0x4053, 0x5251, 0x5351, 0x4040, 0x4040, 0x5251, 0x5140, 0x5252,
    0x0D10, 0x5210, 0x5140, 0x1052, 0x1052, 0x1052, 0x5140, 0x0C52, 0x5210, 0x0C0C, 0x5140, 0x1052,
    0x1052, 0x3052, 0x5140, 0x5252, 0x0C0C, 0x5210, 0x5140, 0x3052, 0x0C52, 0x3052, 0x5140, 0x0C52,
    0x520C, 0x0C10, 0x5140, 0x3052, 0x1052, 0x3052, 0x0C0C, 0x0C0D, 0x0C10, 0x260D, 0x0C0C, 0x0D0C,
    0x1010, 0x1E0D, 0x0C0C, 0x3030, 0x0D10, 0x1C1E, 0x0C10, 0x1010, 0x1E0D, 0x1D1C, 0x0D0D, 0x260D,
    0x1C1E, 0x1B1D, 0x0D0D, 0x1E0D, 0x1C1C, 0x1A1B, 0x100D, 0x1E26, 0x1B1D, 0x1A1A, 0x260D, 0x1D1E,
    0x1A1B, 0x191A, 0x0D26, 0x100D, 0x0D0C, 0x0D0D, 0x1E26, 0x0D0D, 0x260D, 0x0D26, 0x261E, 0x1E1D,
    0x1E1E, 0x211D, 0x1B1B, 0x1B1B, 0x1A19, 0x1B1B, 0x1A1A, 0x1B1A, 0x1A19, 0x1A1A, 0x1A1A, 0x1A1A,
    0x1927, 0x1A1A, 0x1919, 0x1919, 0x1927, 0x1919, 0x2727, 0x2727, 0x2727, 0x2727, 0x1010, 0x100D,
    0x0D0D, 0x0D0D, 0x260D, 0x1E0D, 0x0D26, 0x260D, 0x1E1E, 0x1E1E, 0x1E1E, 0x1E1E, 0x1B1B, 0x1B1B,
    0x1B1B, 0x1B1B, 0x1A1A, 0x1A1A, 0x1A1A, 0x1A1A, 0x1A1A, 0x1A1A, 0x1A1A, 0x1A1A, 0x1919, 0x1919,
    0x1919, 0x1919, 0x2727, 0x2727, 0x2727, 0x2727, 0x0D26, 0x0C10, 0x0C30, 0x100D, 0x2626, 0x0C0C,
    0x0C0C, 0x0C10, 0x0D1E, 0x0D1E, 0x1010, 0x100D, 0x1E1B, 0x1E26, 0x100D, 0x0D0D, 0x1B1A, 0x1D1E,
    0x261C, 0x0D0D, 0x1A1A, 0x1C1B, 0x1C1C, 0x0D0D, 0x1A19, 0x1B1A, 0x1C1D, 0x0D1E, 0x1927, 0x1A1A,
    0x1D1B, 0x1E1C, 0x1E0D, 0x1B1D, 0x1A1A, 0x2719, 0x0D10, 0x191C, 0x1A1B, 0x191A, 0x0D0C, 0x2526,
    0x1B19, 0x1A1A, 0x0D0C, 0x260D, 0x1925, 0x1A1B, 0x0C30, 0x0D0C, 0x2526, 0x1B19, 0x100C, 0x0C0D,
    0x260D, 0x1925, 0x0D30, 0x100D, 0x100C, 0x250D, 0x100C, 0x0C0C, 0x100C, 0x260D, 0x2727, 0x2727,
    0x2727, 0x2727, 0x1919, 0x1919, 0x1919, 0x1919, 0x1A1A, 0x1A1A, 0x1A1A, 0x1A1A, 0x1A1A, 0x1A1A,
    0x1A1A, 0x1A1A, 0x1B1B, 0x1B1B, 0x1B1B, 0x1B1B, 0x1919, 0x1919, 0x1919, 0x1919, 0x2525, 0x2525,
    0x2525, 0x2525, 0x260D, 0x0D0D, 0x260D, 0x0D26, 0x2727, 0x2727, 0x2727, 0x2727, 0x1919, 0x2719,
    0x1919, 0x1919, 0x1A1A, 0x2719, 0x1A1A, 0x1A1A, 0x1A1A, 0x191A, 0x1A1B, 0x1A1A, 0x1B1B, 0x191A,
    0x1B1B, 0x1B1B, 0x1919, 0x1919, 0x1919, 0x1919, 0x2525, 0x2525, 0x2525, 0x2525, 0x260D, 0x0D0D,
    0x260D, 0x261E, 0x1927, 0x1A1A, 0x1C1B, 0x0D26, 0x1A19, 0x1B1A, 0x2619, 0x100D, 0x1A1A, 0x191B,
    0x1025, 0x0C0C, 0x1B1A, 0x2519, 0x0D26, 0x300C, 0x191B, 0x2625, 0x0C0D, 0x3010, 0x2519, 0x100D,
    0x0C0C, 0x3010, 0x2625, 0x0C0D, 0x300C, 0x0C10, 0x0D0D, 0x3030, 0x1030, 0x3010, 0x1C0D, 0x1B1D,
    0x1A1A, 0x2719, 0x1E0D, 0x1B1D, 0x1A1A, 0x2719, 0x1C26, 0x1B1D, 0x1A1A, 0x2719, 0x1C0D, 0x1B1D,
    0x1A1A, 0x2719, 0x1E0D, 0x1B1D, 0x1A1A, 0x2719, 0x1E0D, 0x1B1D, 0x1A1A, 0x2719, 0x1C0D, 0x1B1D,
    0x1A1A, 0x2719, 0x1E0D, 0x1B1D, 0x1A1A, 0x2719, 0x1E0D, 0x1B1D, 0x1A1A, 0x2719, 0x1E0D, 0x1B1D,
    0x1A1A, 0x2719, 0x1E26, 0x1A1C, 0x191A, 0x2719, 0x1E26, 0x191D, 0x2719, 0x2727, 0x1C1E, 0x1B1D,
    0x1A1B, 0x2719, 0x1C1E, 0x1B1D, 0x1A1A, 0x2719, 0x1E26, 0x1B1D, 0x1A1A, 0x2719, 0x1E26, 0x1B1D,
    0x1A1A, 0x2719, 0x1927, 0x1A1A, 0x1E1B, 0x0D26, 0x1927, 0x1A1A, 0x1E1B, 0x1026, 0x1927, 0x1A1A,
    0x1E1B, 0x0D1E, 0x1927, 0x1A1A, 0x1E1B, 0x2626, 0x1927, 0x1A1A, 0x1C1B, 0x0D1E, 0x1927, 0x1A1A,
    0x1D1B, 0x0D1E, 0x1927, 0x1A1A, 0x1C1B, 0x0D1E, 0x1927, 0x1A1A, 0x1E1B, 0x261E, 0x1927, 0x1A1A,
    0x1C1B, 0x0D26, 0x1927, 0x1A1A, 0x1C1B, 0x0D26, 0x1927, 0x1A1A, 0x1E1B, 0x0C0D, 0x1927, 0x1B1A,
    0x1E1B, 0x100D, 0x2727, 0x1927, 0x1E19, 0x1026, 0x1927, 0x1A19, 0x1E1A, 0x1026, 0x1927, 0x1A1A,
    0x1E1B, 0x1026, 0x1927, 0x1A1A, 0x1E1B, 0x3026, 0x3C3C, 0x3C3C, 0x3C3C, 0x3C3C, 0x5555, 0x5555,
    0x5555, 0x5555, 0x3C3C, 0x3C3C, 0x3C3C, 0x553C, 0x3C3C, 0x3C3C, 0x3C3C, 0x3C3C, 0x3B3B, 0x3B3B,
    0x3B3B, 0x3B3B, 0x5757, 0x5757, 0x5757, 0x5757, 0x5555, 0x5555, 0x5555, 0x5555, 0x6363, 0x6363,
    0x6363, 0x6363, 0x5757, 0x573B, 0x3B57, 0x5757, 0x5555, 0x553B, 0x3B55, 0x5555, 0x5555, 0x553B,
    0x3B55, 0x5555, 0x5555, 0x553B, 0x3B55, 0x5555, 0x3B3B, 0x3B3B, 0x3B3B, 0x3B3B, 0x5757, 0x5757,
    0x5757, 0x5757, 0x5555, 0x5555, 0x5555, 0x5555, 0x6363, 0x6363, 0x6363, 0x6363, 0x5555, 0x5555,
    0x6357, 0x5555, 0x6363, 0x6363, 0x6363, 0x6363, 0x6355, 0x5555, 0x5555, 0x5555, 0x6355, 0x3C3C,
    0x3C3C, 0x3C3C, 0x6355, 0x3C3C, 0x3C3C, 0x3C3C, 0x6363, 0x6363, 0x6363, 0x6363, 0x5757, 0x5757,
    0x6357, 0x5757, 0x5555, 0x5555, 0x6357, 0x5555, 0x5959, 0x5928, 0x6865, 0x6868, 0x5959, 0x5928,
    0x6865, 0x6868, 0x5959, 0x5928, 0x6829, 0x6868, 0x5959, 0x5928, 0x6829, 0x6868, 0x5959, 0x5928,
    0x6865, 0x6868, 0x5959, 0x5928, 0x6865, 0x6868, 0x5959, 0x5928, 0x6865, 0x6868, 0x5959, 0x5928,
    0x6865, 0x6868, 0x5959, 0x5928, 0x6865, 0x6868, 0x5959, 0x5928, 0x6865, 0x6868, 0x5959, 0x5928,
    0x6829, 0x6868, 0x5959, 0x5928, 0x6829, 0x6868, 0x5959, 0x5928, 0x6828, 0x0568, 0x5959, 0x5928,
    0x6828, 0x5A68, 0x5959, 0x5928, 0x6828, 0x5A05, 0x5959, 0x5928, 0x6828, 0x5A5A, 0x5A5A, 0x5905,
    0x0C30, 0x5959, 0x5A5A, 0x595A, 0x0C30, 0x5959, 0x5A5A, 0x595A, 0x0C30, 0x5959, 0x2960, 0x5959,
    0x0C30, 0x5959, 0x5959, 0x5959, 0x0C67, 0x5959, 0x6060, 0x6060, 0x0C46, 0x5959, 0x5959, 0x5959,
    0x5959, 0x5959, 0x5959, 0x5959, 0x5959, 0x5959, 0x6868, 0x5968, 0x6A30, 0x5959, 0x6868, 0x5968,
    0x0C30, 0x5959, 0x6868, 0x5968, 0x0C30, 0x5959, 0x6868, 0x5968, 0x0C30, 0x5959, 0x6805, 0x5968,
    0x0C30, 0x5959, 0x685A, 0x5968, 0x0C30, 0x5959, 0x055A, 0x5968, 0x0C30, 0x5959, 0x5A5A, 0x5968,
    0x0C30, 0x5959, 0x6868, 0x5968, 0x6760, 0x5959, 0x6868, 0x5968, 0x6760, 0x5959, 0x6868, 0x5968,
    0x4660, 0x5959, 0x6868, 0x5968, 0x6760, 0x5959, 0x6868, 0x5968, 0x4660, 0x5959, 0x6868, 0x5968,
    0x4660, 0x5959, 0x6868, 0x5968, 0x0C30, 0x5959, 0x6868, 0x5968, 0x0C30, 0x5959, 0x5D5D, 0x6661,
    0x6666, 0x5966, 0x5D5D, 0x6661, 0x6666, 0x5966, 0x5D5D, 0x6661, 0x6666, 0x5967, 0x5D5D, 0x6661,
    0x6666, 0x6666, 0x6161, 0x5B5D, 0x5B5B, 0x5B5B, 0x5D5D, 0x5D5D, 0x5D5D, 0x5D5D, 0x6161, 0x6161,
    0x6161, 0x6161, 0x3D3D, 0x3D3D, 0x6C6B, 0x3D3D, 0x6659, 0x5966, 0x5966, 0x6659, 0x6659, 0x6766,
    0x6766, 0x6659, 0x5959, 0x6667, 0x6666, 0x5967, 0x6666, 0x6666, 0x6666, 0x6666, 0x5B5B, 0x5B5B,
    0x5B5B, 0x5B5B, 0x5D5D, 0x5D5D, 0x5D5D, 0x5D5D, 0x6161, 0x6161, 0x6161, 0x6161, 0x3D3D, 0x3D3D,
    0x6C6B, 0x3D3D, 0x5966, 0x6666, 0x5959, 0x6666, 0x6766, 0x6666, 0x5967, 0x6666, 0x6667, 0x6666,
    0x6766, 0x6759, 0x6666, 0x6666, 0x6666, 0x6666, 0x5B5B, 0x5B5B, 0x5B5B, 0x5B5B, 0x5D5D, 0x5D5D,
    0x5D5D, 0x5D5D, 0x6161, 0x6161, 0x6161, 0x6161, 0x3D3D, 0x3D3D, 0x6C6B, 0x3D3D, 0x6659, 0x6666,
    0x5959, 0x6666, 0x6667, 0x6666, 0x5959, 0x6666, 0x6666, 0x6766, 0x5959, 0x6667, 0x6666, 0x6666,
    0x6666, 0x6666, 0x5B5B, 0x5B5B, 0x5B5B, 0x5B5B, 0x5D5D, 0x5D5D, 0x5D5D, 0x5D5D, 0x6161, 0x6161,
    0x6161, 0x6161, 0x3D3D, 0x3D3D, 0x6C6B, 0x3D3D, 0x6666, 0x5959, 0x6666, 0x5959, 0x6666, 0x5959,
    0x6666, 0x5967, 0x6766, 0x5959, 0x6667, 0x6766, 0x6666, 0x6666, 0x6666, 0x6666, 0x5B5B, 0x5B5B,
    0x5B5B, 0x5B5B, 0x5D5D, 0x5D5D, 0x5D5D, 0x5D5D, 0x6161, 0x6161, 0x6161, 0x6161, 0x3D3D, 0x3D3D,
    0x6C6B, 0x3D3D, 0x6766, 0x6659, 0x5966, 0x6659, 0x6666, 0x6667, 0x6766, 0x6659, 0x6759, 0x6766,
    0x6666, 0x5967, 0x6666, 0x6666, 0x6666, 0x6666, 0x5B5B, 0x5B5B, 0x5B5B, 0x5B5B, 0x5D5D, 0x5D5D,
    0x5D5D, 0x5D5D, 0x6161, 0x6161, 0x6161, 0x6161, 0x3D3D, 0x3D3D, 0x6C6B, 0x3D3D, 0x5966, 0x6666,
    0x5959, 0x6666, 0x6766, 0x6666, 0x5959, 0x6666, 0x6667, 0x6766, 0x5959, 0x5959, 0x6666, 0x6666,
    0x6666, 0x6666, 0x5B5B, 0x5B5B, 0x5B5B, 0x5B5B, 0x5D5D, 0x5D5D, 0x5D5D, 0x5D5D, 0x6161, 0x6161,
    0x6161, 0x6161, 0x3D3D, 0x3D3D, 0x6C6B, 0x3D3D, 0x6666, 0x6666, 0x6166, 0x5D5D, 0x6667, 0x6666,
    0x6166, 0x5D5D, 0x6659, 0x6666, 0x6166, 0x5D5D, 0x6666, 0x6666, 0x6166, 0x5D5D, 0x5B5B, 0x5B5B,
    0x5D5B, 0x6161, 0x5D5D, 0x5D5D, 0x5D5D, 0x5D5D, 0x6161, 0x6161, 0x6161, 0x6161, 0x3D3D, 0x3D3D,
    0x6C6B, 0x3D3D, 0x0C10, 0x0C10, 0x0D10, 0x1010, 0x100C, 0x0E0D, 0x0E0F, 0x0E0E, 0x1010, 0x0C10,
    0x0E0E, 0x0E0E, 0x1010, 0x100D, 0x0E0E, 0x0E0E, 0x0D0D, 0x100D, 0x0C0C, 0x0E10, 0x0D1E, 0x300C,
    0x0C0C, 0x3010, 0x0D10, 0x0C0C, 0x300C, 0x0E10, 0x100C, 0x3030, 0x1030, 0x0E0F, 0x100C, 0x0D0C,
    0x0E10, 0x0D0F, 0x0C0C, 0x0D0D, 0x0E0E, 0x0E0E, 0x0F0E, 0x1010, 0x100C, 0x0F0F, 0x0F0E, 0x100D,
    0x0F0C, 0x0F0F, 0x0E0E, 0x0F0E, 0x0F0F, 0x0F0F, 0x0E0E, 0x0E0F, 0x0F0F, 0x0F0E, 0x0D0E, 0x0E0F,
    0x0E0E, 0x0F0F, 0x0E0E, 0x0E0E, 0x0E0E, 0x0F0F, 0x0E0F, 0x0C0E, 0x0D10, 0x1010, 0x0E0E, 0x0E0F,
    0x1010, 0x1010, 0x0E0E, 0x0E0E, 0x0C10, 0x0C0C, 0x0F0E, 0x100F, 0x1010, 0x300C, 0x0D0D, 0x100D,
    0x0C0C, 0x3010, 0x0D1E, 0x300C, 0x0C0C, 0x3010, 0x0D0F, 0x0E0C, 0x300E, 0x0C10, 0x100E, 0x0E30,
    0x100E, 0x3010, 0x100C, 0x0D0C, 0x0E0E, 0x0D0F, 0x0C0C, 0x0F0D, 0x0E0E, 0x0E0E, 0x0D0C, 0x0E10,
    0x0E0E, 0x0F0F, 0x0D0C, 0x100D, 0x0F0E, 0x0F0F, 0x0C30, 0x0D0C, 0x0D0D, 0x0F0F, 0x100C, 0x0C0D,
    0x0D0D, 0x0F10, 0x0D30, 0x100D, 0x100C, 0x0D0D, 0x100C, 0x0C0C, 0x100C, 0x0D0D, 0x0C10, 0x0C10,
    0x0F0E, 0x0E0E, 0x100C, 0x0E0D, 0x0E0F, 0x0E0E, 0x100E, 0x0E10, 0x0E0E, 0x0E0E, 0x0F0E, 0x0E0F,
    0x0E0E, 0x300E, 0x0F0F, 0x0E0F, 0x0E0E, 0x0E0E, 0x0F0F, 0x0E0E, 0x0E0E, 0x300E, 0x0F10, 0x0E0E,
    0x0E0E, 0x0E0E, 0x0F0C, 0x0E0E, 0x0E30, 0x0E0F, 0x0E0E, 0x0F0E, 0x0E0E, 0x0D10, 0x0E0E, 0x0F0F,
    0x0E0E, 0x100E, 0x0F0E, 0x0E0E, 0x0E0E, 0x0F0F, 0x0F0E, 0x0E0F, 0x100E, 0x0D0D, 0x0C30, 0x0F0C,
    0x0F0F, 0x0D0F, 0x100C, 0x0E0F, 0x0F0F, 0x0F0E, 0x0F30, 0x0E0F, 0x0E0E, 0x0F0F, 0x0E0E, 0x0E0E,
    0x0E0E, 0x0F0F, 0x0C10, 0x0E0E, 0x0D10, 0x1010, 0x0E0E, 0x0E0F, 0x100F, 0x1010, 0x0E0E, 0x0E0E,
    0x0E0E, 0x0C0E, 0x100E, 0x0E0F, 0x0E0E, 0x300E, 0x0F0F, 0x100F, 0x0E0E, 0x0E0E, 0x0F0F, 0x300E,
    0x0E0C, 0x300E, 0x0F0F, 0x0E0E, 0x0E0E, 0x0C10, 0x0F0E, 0x0E0E, 0x0E0E, 0x3010, 0x100C, 0x0D0C,
    0x0C10, 0x0F0F, 0x0C0C, 0x0D0D, 0x0E0C, 0x0E0E, 0x0D0C, 0x1010, 0x100C, 0x0F0F, 0x0D0E, 0x100D,
    0x100C, 0x0F0F, 0x0E0E, 0x0D0E, 0x0D0D, 0x0F0F, 0x0E0E, 0x0C0F, 0x0F0D, 0x0F0E, 0x0F0E, 0x100F,
    0x0E0E, 0x0F0F, 0x0E0E, 0x0E0E, 0x0E0C, 0x0F0F, 0x0C10, 0x0C10, 0x0F0E, 0x0E0E, 0x100C, 0x100D,
    0x0E0F, 0x0E0E, 0x1010, 0x0C10, 0x0E10, 0x0E0E, 0x1010, 0x100D, 0x0E10, 0x0E0E, 0x0D0D, 0x100D,
    0x0C0C, 0x0E10, 0x0D1E, 0x300C, 0x0C0C, 0x3010, 0x0D10, 0x0C0C, 0x300C, 0x0C10, 0x100C, 0x3030,
    0x1030, 0x3010, 0x0E0E, 0x0F0E, 0x0E0E, 0x0F0F, 0x0E0E, 0x0F0F, 0x0E0E, 0x0E0E, 0x0F0E, 0x0E0E,
    0x0E0E, 0x0F0F, 0x0F0E, 0x0E0F, 0x0F0E, 0x0F0F, 0x0E0E, 0x0F0C, 0x0F0F, 0x0F0F, 0x100C, 0x0C0D,
    0x0F0F, 0x0F0E, 0x0D30, 0x100D, 0x100C, 0x0F0F, 0x100C, 0x0C0C, 0x100C, 0x0D0D, 0x0E0F, 0x0E0E,
    0x0F0E, 0x0E0E, 0x0E0E, 0x0E0F, 0x0E0F, 0x0E0E, 0x0E0E, 0x0E0E, 0x0E0E, 0x0E0E, 0x0F0E, 0x0E0F,
    0x100E, 0x0E0C, 0x0D0D, 0x0E0F, 0x0E0E, 0x300E, 0x0D1E, 0x0E0E, 0x0E0E, 0x3010, 0x0D10, 0x0C0C,
    0x0E0E, 0x0C10, 0x100C, 0x3030, 0x1030, 0x3010, 0x0E0E, 0x0F0E, 0x0E0E, 0x0F10, 0x0E0E, 0x0F0F,
    0x0E0E, 0x0E0E, 0x0F0C, 0x0E0E, 0x0E0E, 0x0F10, 0x0F0C, 0x0E0F, 0x100E, 0x0D0D, 0x0E0E, 0x0D0E,
    0x0D0D, 0x0D0D, 0x0E0E, 0x0E0F, 0x0D0D, 0x0D10, 0x0F0E, 0x0E0F, 0x0E0E, 0x0D0F, 0x0E0E, 0x0E0E,
    0x0E0C, 0x0F0F, 0x0E0F, 0x0C0E, 0x0D10, 0x1010, 0x0E0E, 0x100D, 0x1010, 0x1010, 0x0E0E, 0x0C10,
    0x0C10, 0x0C0C, 0x1010, 0x100D, 0x1010, 0x300C, 0x0F0D, 0x0E0F, 0x0E0E, 0x300E, 0x0F0F, 0x0E0E,
    0x0E0E, 0x300E, 0x0F0F, 0x0E0E, 0x0E0E, 0x0E0E, 0x0F0E, 0x0E0E, 0x0E0E, 0x300F, 0x100C, 0x0D0C,
    0x0C10, 0x0D10, 0x0C0C, 0x0D0D, 0x0C0C, 0x100C, 0x0D0C, 0x1010, 0x100C, 0x0D10, 0x0D0C, 0x100D,
    0x100C, 0x0D0D, 0x0C30, 0x0D0C, 0x0D0D, 0x0D0D, 0x0E0E, 0x0C0D, 0x0D0D, 0x0D10, 0x0F0E, 0x0E0F,
    0x100C, 0x0D0D, 0x0E0E, 0x0E0E, 0x100C, 0x0D0D, 0x0C10, 0x0C10, 0x0F10, 0x0E0E, 0x100C, 0x100D,
    0x0E10, 0x0E0E, 0x1010, 0x0C10, 0x0C10, 0x0E0C, 0x1010, 0x100D, 0x1010, 0x300C, 0x0D0D, 0x100D,
    0x0C0C, 0x3010, 0x0D1E, 0x300C, 0x0C0C, 0x3010, 0x0D10, 0x0C0C, 0x300C, 0x0C10, 0x100C, 0x3030,
    0x1030, 0x3010, 0x0E0E, 0x0D0C, 0x0E10, 0x0D0F, 0x0C0E, 0x0D0D, 0x0E0E, 0x0E0E, 0x0D0E, 0x1010,
    0x0E0C, 0x0F0F, 0x0D0C, 0x100D, 0x100C, 0x0D0D, 0x0C30, 0x0D0C, 0x0D0D, 0x0D0D, 0x100C, 0x0C0D,
    0x0D0D, 0x0D10, 0x0D30, 0x100D, 0x100C, 0x0D0D, 0x100C, 0x0C0C, 0x100C, 0x0D0D, 0x0E0E, 0x0E0E,
    0x0F0E, 0x0E0E, 0x0E0E, 0x0E0F, 0x0E0F, 0x0E0E, 0x100E, 0x0E0E, 0x0E0E, 0x0E0E, 0x1010, 0x100D,
    0x1010, 0x300C, 0x0D0D, 0x100D, 0x0C0C, 0x3010, 0x0D1E, 0x300C, 0x0C0C, 0x3010, 0x0D10, 0x0C0C,
    0x300C, 0x0C10, 0x100C, 0x3030, 0x1030, 0x3010, 0x100C, 0x0D0C, 0x0C10, 0x0D10, 0x0C0C, 0x0D0D,
    0x0C0C, 0x100C, 0x0D0C, 0x1010, 0x100C, 0x0D10, 0x0D0C, 0x100D, 0x100C, 0x0D0D, 0x0C30, 0x0D0C,
    0x0F0F, 0x0D0F, 0x0E0E, 0x0E0D, 0x0F0F, 0x0F0E, 0x0F0E, 0x0E0F, 0x0E0E, 0x0F0F, 0x0E0E, 0x0E0E,
    0x0E0E, 0x0F0F, 0x0E0F, 0x0E0E, 0x0F0E, 0x0E10, 0x0E0C, 0x0E0F, 0x100F, 0x0E10, 0x1010, 0x0C10,
    0x0C10, 0x0E0E, 0x1010, 0x100D, 0x1010, 0x0E0E, 0x0D0D, 0x100D, 0x0E0C, 0x0E0E, 0x0D0F, 0x300C,
    0x0E0E, 0x0E0E, 0x0F0F, 0x0C0C, 0x300C, 0x0E0E, 0x0F0E, 0x3030, 0x1030, 0x0E0F, 0x100E, 0x0D0C,
    0x0C10, 0x1010, 0x0C0C, 0x0D0D, 0x0C0C, 0x100C, 0x0D0C, 0x1010, 0x0E0C, 0x0F0F, 0x0F0E, 0x0E0F,
    0x0F0E, 0x0F0F, 0x0E0E, 0x0F0E, 0x0F0F, 0x0F0F, 0x0E0E, 0x0E0F, 0x0F0F, 0x0F0E, 0x0F0E, 0x0E0F,
    0x0E0E, 0x0F0F, 0x0E0C, 0x0E0E, 0x100E, 0x0F0D, 0x300C, 0x300C, 0x0D10, 0x0C10, 0x100E, 0x100D,
    0x1010, 0x1010, 0x0E0E, 0x0E0E, 0x0C0E, 0x0C0C, 0x0F0E, 0x0E0F, 0x0E0E, 0x300E, 0x0D0D, 0x0E0F,
    0x0E0E, 0x0E0E, 0x0F1E, 0x0E0E, 0x0E0E, 0x0E0E, 0x0F10, 0x0E0E, 0x300E, 0x0E10, 0x100C, 0x3030,
    0x0E0E, 0x0E0F, 0x1030, 0x0F0E, 0x0E0E, 0x0F0F, 0x0C0C, 0x0D0D, 0x0E0E, 0x0E0E, 0x0D0C, 0x1010,
    0x100C, 0x0F0F, 0x0D0C, 0x100D, 0x100C, 0x0D0D, 0x0C0E, 0x0D0C, 0x0D0D, 0x0D0D, 0x0E0E, 0x0C0D,
    0x0D0D, 0x0D10, 0x0F0E, 0x0E0D, 0x0E0E, 0x0D0F, 0x0E0E, 0x0E0E, 0x0E0E, 0x0F0F, 0x0E0F, 0x0E0E,
    0x0F0E, 0x0E0E, 0x0E0E, 0x0E0F, 0x0E0F, 0x0E0E, 0x0E0E, 0x0E0E, 0x0E0E, 0x0E0E, 0x0F0E, 0x0E0F,
    0x0E0E, 0x0E0E, 0x0D0D, 0x0E0F, 0x0E0E, 0x0E0E, 0x0D1E, 0x0E0E, 0x0E0E, 0x0E0E, 0x0D10, 0x0C0C,
    0x0E0E, 0x0E0E, 0x100E, 0x0E0E, 0x0E0E, 0x0E0F, 0x0E0E, 0x0F0E, 0x0E0E, 0x100F, 0x0E0E, 0x0F0F,
    0x0E0E, 0x100E, 0x0F0E, 0x0E0E, 0x0E0E, 0x0D0F, 0x0F0E, 0x0E0F, 0x0F0E, 0x0D0D, 0x0E0E, 0x0F0E,
    0x0D0D, 0x0D0D, 0x0E0E, 0x0E0F, 0x0D0D, 0x0D10, 0x0F0E, 0x0E0F, 0x100E, 0x0F0D, 0x0E0E, 0x0E0E,
    0x0E0C, 0x0F0F, 0x300C, 0x0C10, 0x0D10, 0x1010, 0x100C, 0x100D, 0x1010, 0x1010, 0x1010, 0x0C10,
    0x0C10, 0x0C0C, 0x1010, 0x100D, 0x1010, 0x300C, 0x0D0D, 0x100D, 0x0E0E, 0x3010, 0x0D1E, 0x0E0C,
    0x0E0E, 0x300E, 0x0F0F, 0x0C0C, 0x0E0E, 0x0E0E, 0x0F0E, 0x0E0E, 0x0E30, 0x0E0F, 0x100C, 0x0D0C,
    0x0C10, 0x0D10, 0x0C0C, 0x0D0D, 0x0C0C, 0x0E0E, 0x0D0C, 0x1010, 0x100C, 0x0F0F, 0x0D0C, 0x100D,
    0x100C, 0x0F0D, 0x0C30, 0x0D0C, 0x0D0D, 0x0D0D, 0x100C, 0x0E0F, 0x0D0D, 0x0F10, 0x0D30, 0x0E0F,
    0x0E0E, 0x0F0F, 0x100C, 0x0E0E, 0x0E0E, 0x0F0D, 0x0C10, 0x0E10, 0x0F0E, 0x0E0E, 0x100E, 0x100D,
    0x0E0F, 0x0E0E, 0x0E0E, 0x0E0E, 0x0C10, 0x0E0C, 0x0F0E, 0x0E0F, 0x0E0E, 0x0E0E, 0x0F0D, 0x0E0F,
    0x0E0E, 0x0E0E, 0x0F0F, 0x0E0E, 0x0E0E, 0x0E0E, 0x0F0F, 0x0E0E, 0x0E0E, 0x0E0E, 0x0F0E, 0x0E0E,
    0x0E0E, 0x0E0F, 0x1030, 0x0F0E, 0x0C10, 0x0F10, 0x0E0C, 0x0F0F, 0x0C0E, 0x0E0E, 0x0F0E, 0x0E10,
    0x0E0E, 0x0F0F, 0x0F0E, 0x100F, 0x0F0E, 0x0F0D, 0x0E0E, 0x0F0E, 0x0D0D, 0x0F0D, 0x0E0E, 0x0E0F,
    0x0F0D, 0x0F0E, 0x0F0E, 0x0E0F, 0x0E0C, 0x0F0F, 0x0E0C, 0x0C0E, 0x0E0E, 0x0F0F, 0x0E0E, 0x0E0E,
    0x0F0E, 0x0E0E, 0x0E0E, 0x0E0F, 0x0E0F, 0x0E0E, 0x0E0E, 0x0E0E, 0x0E0E, 0x0E0E, 0x0F0E, 0x0E0F,
    0x0E0E, 0x0E0E, 0x0F0F, 0x0E0F, 0x0E0E, 0x0E0E, 0x0F0F, 0x0E0E, 0x0E0E, 0x0E0E, 0x0F0F, 0x0E0E,
    0x0E0E, 0x0E0E, 0x0F0E, 0x0E0E, 0x0E0E, 0x0E0F, 0x0E0E, 0x0F0E, 0x0E0E, 0x0F0F, 0x0E0E, 0x0F0F,
    0x0E0E, 0x0E0E, 0x0F0E, 0x0E0E, 0x0E0E, 0x0F0F, 0x0F0E, 0x0E0F, 0x0F0E, 0x0D0F, 0x0E0E, 0x0F0E,
    0x0F0F, 0x0F0F, 0x0E0E, 0x0E0F, 0x0F0F, 0x0D0E, 0x0D30, 0x100D, 0x100C, 0x0D0D, 0x100E, 0x0C0C,
    0x100C, 0x0D0D, 0x0E0F, 0x0E0E, 0x0F0E, 0x100E, 0x0E0E, 0x0E0F, 0x0E0F, 0x0E0E, 0x0E0E, 0x0E0E,
    0x0E0E, 0x0E0E, 0x0F0E, 0x0E0F, 0x0E0E, 0x0E0E, 0x0D0D, 0x100D, 0x0E0C, 0x0E0E, 0x0D1E, 0x300C,
    0x0C0C, 0x0E0E, 0x0D10, 0x0C0C, 0x300C, 0x0C10, 0x100C, 0x3030, 0x1030, 0x3010, 0x100C, 0x0D0C,
    0x0E10, 0x0D0F, 0x0C0C, 0x0F0D, 0x0E0E, 0x0E0E, 0x0F0E, 0x0E0E, 0x0E0E, 0x0F0F, 0x0F0E, 0x0E0F,
    0x0F0E, 0x0F0F, 0x0E0E, 0x0F0E, 0x0D0F, 0x0F0F, 0x0E0E, 0x0E0F, 0x0D0F, 0x0F10, 0x0D30, 0x0E0F,
    0x100C, 0x0D0D, 0x100C, 0x0C0C, 0x100C, 0x0D0D, 0x1212, 0x0E06, 0x0E0E, 0x130E, 0x1212, 0x2406,
    0x2424, 0x6E24, 0x0606, 0x1309, 0x6E6E, 0x236E, 0x1405, 0x1212, 0x6C6D, 0x246C, 0x1405, 0x1212,
    0x1506, 0x2416, 0x092C, 0x3306, 0x1609, 0x0E09, 0x0E14, 0x130E, 0x0505, 0x6E14, 0x0E2C, 0x130E,
    0x0505, 0x2C6F, 0x0505, 0x1514, 0x2C16, 0x122C, 0x0505, 0x152C, 0x2C6C, 0x2C2C, 0x6F6F, 0x1609,
    0x0609, 0x6D6D, 0x6E24, 0x1212, 0x6D12, 0x5E5E, 0x6E24, 0x2C2C, 0x6D2C, 0x5E5E, 0x2324, 0x6D6D,
    0x236D, 0x6F6F, 0x096E, 0x6C6C, 0x6C6C, 0x5E6C, 0x6D2C, 0x6C6C, 0x6C6C, 0x5E6C, 0x2C2C, 0x0E6D,
    0x0E0E, 0x130E, 0x2C2C, 0x246D, 0x0E0E, 0x130E, 0x6D6D, 0x6E23, 0x1313, 0x0913, 0x6F5E, 0x122C,
    0x1506, 0x0E16, 0x1405, 0x1212, 0x1506, 0x0E16, 0x092C, 0x0606, 0x1609, 0x0E09, 0x0E6F, 0x6E42,
    0x055E, 0x1314, 0x0E6F, 0x6E0E, 0x055E, 0x122C, 0x0505, 0x1514, 0x2C6C, 0x122C, 0x0505, 0x6C2C,
    0x2C6C, 0x2C2C, 0x142C, 0x6C09, 0x6D23, 0x6D6D, 0x130E, 0x1212, 0x6D2C, 0x5E5E, 0x130E, 0x1212,
    0x0612, 0x5E5E, 0x090E, 0x0606, 0x0906, 0x6F14, 0x0913, 0x1515, 0x1515, 0x0516, 0x0612, 0x1515,
    0x1515, 0x0516, 0x1212, 0x0E06, 0x2424, 0x6E24, 0x1212, 0x2406, 0x2424, 0x6E24, 0x066D, 0x6E09,
    0x6E6E, 0x236E, 0x6F5E, 0x2C2C, 0x6C6D, 0x0E6C, 0x6F5E, 0x2C2C, 0x6C6D, 0x246C, 0x236F, 0x6D6D,
    0x6C23, 0x0E23, 0x2414, 0x6E24, 0x5E5E, 0x6E6F, 0x242C, 0x6E24, 0x5E05, 0x2C6F, 0x5E5E, 0x6C6F,
    0x2C6C, 0x1212, 0x5E5E, 0x6C6F, 0x2C6C, 0x122C, 0x6F6F, 0x6C23, 0x6D23, 0x6D6D, 0x6E24, 0x2C2C,
    0x062C, 0x0505, 0x130E, 0x2C12, 0x6D2C, 0x055E, 0x090E, 0x6D6D, 0x236D, 0x6F6F, 0x2313, 0x6C6C,
    0x6C6C, 0x5E6C, 0x6D2C, 0x6C6C, 0x6C6C, 0x5E6C, 0x1212, 0x246D, 0x0E0E, 0x130E, 0x2C2C, 0x246D,
    0x0E24, 0x130E, 0x6D6D, 0x6E23, 0x6E6E, 0x096E, 0x145E, 0x2C2C, 0x6C6D, 0x0E6C, 0x6F5E, 0x122C,
    0x6C6D, 0x246C, 0x236F, 0x066D, 0x6C09, 0x0E23, 0x246F, 0x6E24, 0x5E5E, 0x1314, 0x246F, 0x6E24,
    0x5E5E, 0x122C, 0x0505, 0x1514, 0x1216, 0x2C2C, 0x0505, 0x152C, 0x2C16, 0x2C2C, 0x142C, 0x1609,
    0x0609, 0x6D6D, 0x1324, 0x1212, 0x0612, 0x5E5E, 0x6E24, 0x122C, 0x0612, 0x5E5E, 0x2324, 0x066D,
    0x6E06, 0x6F6F, 0x236E, 0x156C, 0x6C6C, 0x5E6C, 0x6D2C, 0x6C6C, 0x6C15, 0x5E6C, 0x1212, 0x0E06,
    0x2424, 0x6E24, 0x1212, 0x0E06, 0x2424, 0x6E24, 0x0606, 0x1309, 0x6E13, 0x236E, 0x1405, 0x1212,
    0x6C06, 0x246C, 0x1405, 0x1212, 0x1506, 0x2416, 0x0914, 0x3306, 0x1609, 0x0E09, 0x0E2C, 0x130E,
    0x0505, 0x1314, 0x0E14, 0x130E, 0x0505, 0x122C, 0x5E5E, 0x6C6F, 0x2C6C, 0x2C2C, 0x5E5E, 0x6C6F,
    0x2C6C, 0x2C2C, 0x6F6F, 0x6C23, 0x6D23, 0x6D6D, 0x6E24, 0x2C2C, 0x6D2C, 0x5E5E, 0x6E24, 0x2C12,
    0x6D2C, 0x5E5E, 0x090E, 0x0606, 0x236D, 0x6F6F, 0x0913, 0x1515, 0x1515, 0x5E6C, 0x0612, 0x1515,
    0x1515, 0x0516, 0x2C2C, 0x246D, 0x2424, 0x6E24, 0x2C2C, 0x246D, 0x2424, 0x6E24, 0x6D6D, 0x6E23,
    0x6E6E, 0x236E, 0x6F5E, 0x2C2C, 0x156D, 0x2416, 0x1405, 0x2C2C, 0x6C6D, 0x0E6C, 0x092C, 0x6D6D,
    0x6C23, 0x0E09, 0x0E14, 0x130E, 0x5E5E, 0x1314, 0x0E2C, 0x130E, 0x0505, 0x122C, 0x5E5E, 0x6C6F,
    0x2C6C, 0x2C12, 0x5E5E, 0x6C6F, 0x2C6C, 0x2C2C, 0x6F14, 0x6C23, 0x6D23, 0x6D06, 0x6E0E, 0x2C2C,
    0x062C, 0x0505, 0x6E24, 0x122C, 0x0612, 0x052D, 0x2324, 0x6D6D, 0x0906, 0x2C14, 0x236E, 0x6C6C,
    0x6C6C, 0x056C, 0x6D2C, 0x6C6C, 0x6C15, 0x5E6C, 0x2C2C, 0x0E6D, 0x0E0E, 0x130E, 0x2C2C, 0x0E06,
    0x0E0E, 0x130E, 0x6D6D, 0x1309, 0x1313, 0x0913, 0x1405, 0x1212, 0x1506, 0x0E16, 0x6F05, 0x2C2C,
    0x6C6D, 0x0E6C, 0x236F, 0x6D6D, 0x6C23, 0x0E23, 0x246F, 0x6E24, 0x5E5E, 0x6E6F, 0x246F, 0x6E24,
    0x5E5E, 0x126F, 0x0505, 0x1514, 0x1216, 0x1212, 0x0505, 0x152C, 0x1216, 0x1212, 0x142C, 0x1609,
    0x0609, 0x0606, 0x130E, 0x1212, 0x0612, 0x052D, 0x130E, 0x1212, 0x0612, 0x0505, 0x2324, 0x0606,
    0x3606, 0x2C14, 0x236E, 0x6C6C, 0x1515, 0x0516, 0x6D2C, 0x6C6C, 0x1515, 0x0516, 0x1212, 0x0E06,
    0x240E, 0x6E24, 0x1212, 0x0E06, 0x240E, 0x6E24, 0x0606, 0x1309, 0x1313, 0x2313, 0x142D, 0x1212,
    0x1506, 0x0E16, 0x2C05, 0x1212, 0x1506, 0x0E16, 0x0914, 0x3306, 0x1609, 0x0E09, 0x0E14, 0x130E,
    0x0505, 0x1314, 0x0E36, 0x130E, 0x0505, 0x122C, 0x5E5E, 0x1514, 0x2C16, 0x122C, 0x055E, 0x152C,
    0x2C6C, 0x2C2C, 0x146F, 0x1609, 0x6D09, 0x6D6D, 0x130E, 0x1212, 0x0612, 0x0505, 0x130E, 0x1212,
    0x0612, 0x0505, 0x090E, 0x0606, 0x3606, 0x2C14, 0x0913, 0x1515, 0x1515, 0x0516, 0x0612, 0x1515,
    0x1515, 0x0516, 0x2C2C, 0x246D, 0x2424, 0x6E24, 0x2C2C, 0x246D, 0x2424, 0x6E24, 0x066D, 0x6E23,
    0x6E6E, 0x236E, 0x1405, 0x1212, 0x1506, 0x0E16, 0x2C05, 0x1212, 0x1506, 0x0E16, 0x0914, 0x3306,
    0x1609, 0x0E09, 0x0E14, 0x130E, 0x0505, 0x1314, 0x0E36, 0x130E, 0x0505, 0x122C, 0x0505, 0x1514,
    0x1216, 0x1212, 0x0505, 0x152C, 0x1216, 0x1212, 0x142C, 0x1609, 0x0609, 0x0606, 0x130E, 0x1212,
    0x0612, 0x2D05, 0x130E, 0x1212, 0x6D2C, 0x055E, 0x2324, 0x6D06, 0x236D, 0x6F6F, 0x236E, 0x6C6C,
    0x6C6C, 0x5E6C, 0x6D2C, 0x6C6C, 0x6C6C, 0x5E6C, 0x2C2C, 0x246D, 0x2424, 0x6E0E, 0x2C12, 0x246D,
    0x0E24, 0x6E0E, 0x0606, 0x1309, 0x1313, 0x236E, 0x1405, 0x1212, 0x1506, 0x246C, 0x1405, 0x1212,
    0x6C06, 0x246C, 0x096F, 0x3306, 0x6C23, 0x2423, 0x246F, 0x130E, 0x0505, 0x6E6F, 0x246F, 0x130E,
    0x0505, 0x2C6F, 0x055E, 0x1514, 0x1216, 0x1212, 0x0505, 0x152C, 0x1216, 0x1212, 0x142C, 0x1609,
    0x6D09, 0x6D6D, 0x6E24, 0x2C2C, 0x6D2C, 0x5E5E, 0x6E24, 0x2C2C, 0x6D2C, 0x5E5E, 0x2324, 0x6D6D,
    0x236D, 0x6F6F, 0x236E, 0x6C6C, 0x6C6C, 0x5E6C, 0x6D12, 0x6C6C, 0x156C, 0x5E16, 0x1212, 0x0E06,
    0x0E0E, 0x130E, 0x122C, 0x0E06, 0x0E0E, 0x130E, 0x6D6D, 0x6E23, 0x136E, 0x0913, 0x6F5E, 0x2C2C,
    0x6C6D, 0x0E6C, 0x1405, 0x2C2C, 0x6C6D, 0x246C, 0x232C, 0x6D6D, 0x6C23, 0x2423, 0x2414, 0x6E24,
    0x055E, 0x6E14, 0x0E2C, 0x130E, 0x5E5E, 0x2C6F, 0x0505, 0x6C6F, 0x2C6C, 0x2C2C, 0x0505, 0x1514,
    0x2C6C, 0x2C2C, 0x2C14, 0x1609, 0x0609, 0x6D6D, 0x130E, 0x1212, 0x0612, 0x0505, 0x1324, 0x1212,
    0x0612, 0x0505, 0x2324, 0x0606, 0x3606, 0x2C14, 0x236E, 0x6C15, 0x6C6C, 0x056C, 0x6D2C, 0x6C6C,
    0x6C6C, 0x5E6C, 0x2C2C, 0x246D, 0x2424, 0x6E24, 0x2C2C, 0x246D, 0x2424, 0x6E24, 0x6D6D, 0x6E23,
    0x6E6E, 0x236E, 0x6F5E, 0x2C2C, 0x6C6D, 0x246C, 0x1405, 0x2C2C, 0x6C6D, 0x246C, 0x0914, 0x6D6D,
    0x6C23, 0x2423, 0x0E2C, 0x130E, 0x5E5E, 0x6E6F, 0x0E6F, 0x6E24, 0x5E5E, 0x2C6F, 0x5E5E, 0x6C6F,
    0x2C6C, 0x122C, 0x5E5E, 0x6C6F, 0x2C6C, 0x122C, 0x6F6F, 0x6C23, 0x6D23, 0x066D, 0x6E24, 0x2C2C,
    0x6D2C, 0x0505, 0x6E24, 0x2C2C, 0x0612, 0x0505, 0x2324, 0x6D6D, 0x0906, 0x2C14, 0x236E, 0x6C6C,
    0x156C, 0x5E16, 0x6D2C, 0x6C6C, 0x6C15, 0x5E6C, 0x1212, 0x0E06, 0x0E0E, 0x130E, 0x1212, 0x0E06,
    0x0E0E, 0x130E, 0x0606, 0x1309, 0x1313, 0x0913, 0x142D, 0x1212, 0x1506, 0x0E16, 0x2C05, 0x1212,
    0x6C6D, 0x0E16, 0x0914, 0x6D06, 0x6C23, 0x0E23, 0x246F, 0x130E, 0x5E5E, 0x6E6F, 0x246F, 0x6E24,
    0x5E05, 0x2C6F, 0x0505, 0x1514, 0x1216, 0x1212, 0x0505, 0x152C, 0x1216, 0x2C2C, 0x142C, 0x1609,
    0x0609, 0x6D6D, 0x130E, 0x1212, 0x0612, 0x5E05, 0x130E, 0x1212, 0x0612, 0x0505, 0x090E, 0x6D6D,
    0x0906, 0x6F14, 0x0913, 0x6C6C, 0x6C6C, 0x5E6C, 0x0612, 0x6C6C, 0x6C6C, 0x5E16, 0x1212, 0x2406,
    0x2424, 0x6E24, 0x122C, 0x0E06, 0x2424, 0x6E24, 0x6D6D, 0x6E23, 0x1313, 0x2313, 0x6F5E, 0x2C2C,
    0x6C6D, 0x246C, 0x6F05, 0x2C2C, 0x6C6D, 0x246C, 0x236F, 0x6D6D, 0x6C23, 0x2423, 0x246F, 0x6E24,
    0x5E5E, 0x6E6F, 0x246F, 0x6E24, 0x5E5E, 0x2C6F, 0x6F2C, 0x5E5E, 0x246E, 0x6F24, 0x6F6E, 0x5E5E,
    0x246E, 0x6F24, 0x2324, 0x236C, 0x6D6D, 0x6F23, 0x6C24, 0x6D6C, 0x2C2C, 0x5E6F, 0x6C24, 0x6D6C,
    0x2C2C, 0x5E6F, 0x6E23, 0x6E6E, 0x236E, 0x6D6D, 0x246E, 0x2424, 0x6D24, 0x2C2C, 0x246E, 0x2424,
    0x6D24, 0x2C2C, 0x5A70, 0x5A05, 0x5A5A, 0x5A5A, 0x5A70, 0x5A05, 0x5A5A, 0x5A5A, 0x5A70, 0x5A05,
    0x5A5A, 0x5A5A, 0x5A70, 0x5A05, 0x5A5A, 0x5A5A, 0x5A70, 0x5A05, 0x5A5A, 0x5A5A, 0x5A70, 0x5A05,
    0x5A5A, 0x5A5A, 0x5A70, 0x5A05, 0x5A5A, 0x5A5A, 0x5A70, 0x5A05, 0x5A5A, 0x5A5A, 0x5A5A, 0x5A5A,
    0x685A, 0x5A5A, 0x5A5A, 0x5A5A, 0x685A, 0x5A5A, 0x5A5A, 0x5A5A, 0x685A, 0x5A5A, 0x5A5A, 0x715A,
    0x685A, 0x5A5A, 0x5A5A, 0x715A, 0x685A, 0x5A5A, 0x5A5A, 0x5A5A, 0x6856, 0x5A5A, 0x5A5A, 0x5A5A,
    0x685A, 0x5A5A, 0x5A5A, 0x5A5A, 0x725A, 0x5A5A, 0x0202, 0x0207, 0x0102, 0x0201, 0x0107, 0x2B07,
    0x0707, 0x072B, 0x0102, 0x0201, 0x2B07, 0x2B2B, 0x0201, 0x0201, 0x2B07, 0x0707, 0x0201, 0x0707,
    0x0102, 0x0701, 0x0702, 0x0102, 0x0207, 0x0202, 0x0201, 0x0101, 0x0707, 0x0701, 0x0202, 0x0201,
    0x0207, 0x2B07, 0x0202, 0x0207, 0x0702, 0x0207, 0x0107, 0x0207, 0x0707, 0x2B2B, 0x072B, 0x0201,
    0x0201, 0x2B2B, 0x2B07, 0x0201, 0x2B07, 0x0707, 0x2B07, 0x2B2B, 0x072B, 0x0707, 0x2B2B, 0x072B,
    0x2B2B, 0x072B, 0x0207, 0x0707, 0x2B2B, 0x0707, 0x2B2B, 0x2B2B, 0x2B2B, 0x0707, 0x0202, 0x0207,
    0x072B, 0x2B07, 0x0107, 0x2B07, 0x0707, 0x072B, 0x012B, 0x2B01, 0x2B07, 0x2B2B, 0x2B07, 0x2B07,
    0x2B07, 0x0107, 0x2B07, 0x2B2B, 0x072B, 0x0707, 0x2B2B, 0x072B, 0x2B2B, 0x022B, 0x2B01, 0x0707,
    0x2B2B, 0x0707, 0x2B02, 0x2B07, 0x2B07, 0x2B07, 0x2B2B, 0x2B2B, 0x072B, 0x0201, 0x072B, 0x2B2B,
    0x0707, 0x072B, 0x072B, 0x0707, 0x2B07, 0x2B2B, 0x2B07, 0x0707, 0x022B, 0x0101, 0x0201, 0x2B07,
    0x072B, 0x0107, 0x0702, 0x072B, 0x2B2B, 0x072B, 0x2B01, 0x0707, 0x2B2B, 0x0707, 0x2B2B, 0x2B2B,
    0x2B2B, 0x0707, 0x0202, 0x2B2B, 0x0102, 0x0201, 0x072B, 0x2B2B, 0x0107, 0x0702, 0x072B, 0x2B07,
    0x2B07, 0x072B, 0x0207, 0x2B07, 0x2B07, 0x0107, 0x2B07, 0x072B, 0x072B, 0x0707, 0x2B2B, 0x012B,
    0x2B07, 0x022B, 0x2B07, 0x0707, 0x2B2B, 0x0101, 0x2B2B, 0x2B07, 0x2B2B, 0x0101, 0x0202, 0x0207,
    0x0102, 0x2B07, 0x0107, 0x0207, 0x0701, 0x2B2B, 0x0102, 0x0201, 0x0201, 0x2B2B, 0x0207, 0x0201,
    0x0207, 0x0707, 0x2B07, 0x072B, 0x0102, 0x0707, 0x2B2B, 0x012B, 0x2B07, 0x072B, 0x2B07, 0x0107,
    0x2B2B, 0x0707, 0x2B2B, 0x2B2B, 0x2B07, 0x0707, 0x0202, 0x0207, 0x072B, 0x2B07, 0x0107, 0x0207,
    0x0707, 0x072B, 0x0102, 0x0201, 0x2B01, 0x2B2B, 0x0201, 0x0201, 0x2B07, 0x0707, 0x0201, 0x0707,
    0x0102, 0x0701, 0x0702, 0x0102, 0x0207, 0x0202, 0x0201, 0x0101, 0x0707, 0x0101, 0x0202, 0x0201,
    0x0207, 0x0101, 0x2B2B, 0x2B2B, 0x072B, 0x2B07, 0x072B, 0x2B2B, 0x0707, 0x2B2B, 0x072B, 0x0707,
    0x2B07, 0x2B2B, 0x2B07, 0x0707, 0x2B2B, 0x0707, 0x2B07, 0x2B07, 0x072B, 0x0707, 0x0702, 0x0102,
    0x2B2B, 0x072B, 0x0201, 0x0101, 0x0707, 0x0707, 0x0202, 0x0201, 0x0207, 0x0101, 0x2B2B, 0x2B2B,
    0x072B, 0x2B07, 0x072B, 0x2B2B, 0x0707, 0x072B, 0x072B, 0x2B07, 0x2B07, 0x2B2B, 0x2B07, 0x2B07,
    0x0207, 0x0701, 0x0201, 0x2B2B, 0x072B, 0x0107, 0x0702, 0x072B, 0x2B2B, 0x0202, 0x0201, 0x0101,
    0x2B2B, 0x0101, 0x0202, 0x0201, 0x0207, 0x0101, 0x2B2B, 0x2B2B, 0x072B, 0x2B01, 0x072B, 0x2B2B,
    0x0707, 0x2B2B, 0x0702, 0x0707, 0x2B07, 0x2B07, 0x2B01, 0x0707, 0x022B, 0x0101, 0x2B07, 0x072B,
    0x0102, 0x0101, 0x2B2B, 0x072B, 0x0207, 0x0202, 0x2B07, 0x0707, 0x2B2B, 0x0107, 0x2B2B, 0x2B2B,
    0x2B07, 0x0707, 0x2B2B, 0x022B, 0x0102, 0x0201, 0x072B, 0x0207, 0x0101, 0x0702, 0x072B, 0x0201,
    0x0201, 0x0707, 0x0201, 0x0201, 0x0207, 0x0101, 0x2B01, 0x2B2B, 0x072B, 0x0107, 0x2B2B, 0x072B,
    0x2B2B, 0x022B, 0x2B07, 0x0707, 0x2B2B, 0x0707, 0x2B2B, 0x2B07, 0x2B2B, 0x0107, 0x0202, 0x0207,
    0x0102, 0x0201, 0x0107, 0x0207, 0x0101, 0x0702, 0x0102, 0x0201, 0x0201, 0x0707, 0x0201, 0x0201,
    0x0207, 0x0101, 0x0201, 0x0707, 0x0102, 0x0101, 0x2B2B, 0x0102, 0x0207, 0x0202, 0x2B07, 0x0707,
    0x0707, 0x0101, 0x2B2B, 0x2B2B, 0x0207, 0x0101, 0x4C55, 0x4C4C, 0x4C4C, 0x4C4C, 0x4C63, 0x794A,
    0x7979, 0x7979, 0x4C63, 0x4C18, 0x4C7B, 0x4C4C, 0x4C63, 0x7D18, 0x7373, 0x4873, 0x4C63, 0x8218,
    0x7D7D, 0x7D7D, 0x4C63, 0x7318, 0x7474, 0x7374, 0x4C63, 0x7318, 0x7474, 0x7374, 0x4C63, 0x7318,
    0x7474, 0x7374, 0x4C4C, 0x4C4C, 0x4C4C, 0x4C4C, 0x7979, 0x7979, 0x7979, 0x4C4A, 0x4C7C, 0x4C4C,
    0x4C7B, 0x4C18, 0x487E, 0x7373, 0x7D73, 0x4C18, 0x7D7F, 0x7D7D, 0x827D, 0x4C18, 0x7375, 0x7474,
    0x7374, 0x4C18, 0x7375, 0x7474, 0x7374, 0x4C18, 0x7375, 0x7474, 0x7374, 0x4C18, 0x4C63, 0x7318,
    0x7474, 0x7374, 0x4C63, 0x734A, 0x7474, 0x7374, 0x4C63, 0x7318, 0x7474, 0x7374, 0x4C63, 0x7F79,
    0x8080, 0x7E75, 0x4C63, 0x8218, 0x7D7D, 0x737D, 0x4C63, 0x7318, 0x7474, 0x7374, 0x4C63, 0x7318,
    0x7474, 0x7374, 0x4C63, 0x7318, 0x7474, 0x7374, 0x7375, 0x7474, 0x7374, 0x4C18, 0x7375, 0x7474,
    0x7374, 0x4C4A, 0x7375, 0x7474, 0x7374, 0x4C18, 0x7E49, 0x8075, 0x7F80, 0x4C79, 0x7380, 0x7D7D,
    0x827D, 0x4C18, 0x7375, 0x7474, 0x7374, 0x4C18, 0x7375, 0x7474, 0x7374, 0x4C18, 0x7375, 0x7474,
    0x7374, 0x4C18, 0x4C63, 0x7318, 0x7474, 0x7374, 0x4C63, 0x7318, 0x7474, 0x7374, 0x4C63, 0x7318,
    0x7474, 0x7374, 0x4C63, 0x7D18, 0x7373, 0x7D73, 0x4C63, 0x4879, 0x7F7F, 0x4845, 0x4C63, 0x1859,
    0x1818, 0x1818, 0x4C63, 0x4C4C, 0x4C4C, 0x4C4C, 0x7C63, 0x4C4C, 0x4C4C, 0x4C4C, 0x7375, 0x7474,
    0x7374, 0x4C18, 0x7375, 0x7474, 0x7374, 0x4C18, 0x7375, 0x7474, 0x7374, 0x4C18, 0x7D80, 0x7373,
    0x7D73, 0x4C18, 0x4883, 0x7F45, 0x487F, 0x4C79, 0x184A, 0x1818, 0x1818, 0x4C59, 0x4C4C, 0x4C4C,
    0x4C4C, 0x4C4C, 0x4C4C, 0x4C4C, 0x4C4C, 0x7C4C, 0x5A70, 0x5A05, 0x7776, 0x7777, 0x5A70, 0x5A05,
    0x7705, 0x7777, 0x5A70, 0x5A05, 0x7705, 0x7777, 0x5A70, 0x5A05, 0x7776, 0x7777, 0x5A70, 0x5A05,
    0x0505, 0x0505, 0x5A70, 0x5A05, 0x5A5A, 0x5A5A, 0x5A70, 0x5A05, 0x0505, 0x0505, 0x5A70, 0x5A05,
    0x5A5A, 0x5A5A, 0x7777, 0x7077, 0x1470, 0x7070, 0x7777, 0x7077, 0x1470, 0x7070, 0x7777, 0x7077,
    0x1470, 0x7070, 0x7777, 0x7077, 0x8170, 0x7070, 0x0505, 0x8405, 0x8685, 0x7070, 0x5A5A, 0x5A5A,
    0x8605, 0x7070, 0x0505, 0x5A05, 0x845A, 0x8784, 0x5A5A, 0x5A5A, 0x685A, 0x5A5A, 0x7070, 0x7014,
    0x7770, 0x7777, 0x7070, 0x7014, 0x7770, 0x7777, 0x7070, 0x7014, 0x7770, 0x7777, 0x7070, 0x7081,
    0x7770, 0x7777, 0x7070, 0x8586, 0x8570, 0x8585, 0x7070, 0x8586, 0x7070, 0x7070, 0x7070, 0x7085,
    0x1470, 0x1414, 0x7A88, 0x8489, 0x8484, 0x5A7A, 0x7777, 0x2C77, 0x0578, 0x705A, 0x7777, 0x2C77,
    0x057A, 0x705A, 0x7777, 0x0677, 0x055A, 0x705A, 0x7777, 0x7677, 0x055A, 0x705A, 0x8585, 0x0505,
    0x055A, 0x705A, 0x8470, 0x5A5A, 0x055A, 0x705A, 0x0576, 0x0505, 0x055A, 0x705A, 0x5A5A, 0x5A5A,
    0x055A, 0x705A, 0x2020, 0x1925, 0x1A1B, 0x1919, 0x1F1F, 0x2520, 0x1B19, 0x1A1A, 0x1F1F, 0x2020,
    0x1925, 0x1A1B, 0x1F1F, 0x201F, 0x2520, 0x1B19, 0x1D1D, 0x201F, 0x2020, 0x1925, 0x1F1D, 0x201F,
    0x2020, 0x2520, 0x1D1D, 0x1F1F, 0x1F1F, 0x201F, 0x2121, 0x1F1D, 0x201F, 0x1F20, 0x1919, 0x1919,
    0x1919, 0x1919, 0x1A1A, 0x1A1A, 0x1A1A, 0x1A1A, 0x1A1A, 0x1A1A, 0x1A1A, 0x1A1A, 0x1B1B, 0x1B1B,
    0x1B1B, 0x1B1B, 0x1919, 0x1919, 0x1919, 0x1919, 0x2525, 0x2525, 0x2525, 0x2525, 0x2020, 0x2020,
    0x2020, 0x2020, 0x1F20, 0x201F, 0x2020, 0x1F1F, 0x1919, 0x1919, 0x1927, 0x1919, 0x1A1A, 0x1A1A,
    0x1927, 0x1A1A, 0x1A1A, 0x1B1A, 0x1A19, 0x1A1A, 0x1B1B, 0x1B1B, 0x1A19, 0x1B1B, 0x1919, 0x1919,
    0x1919, 0x1919, 0x2525, 0x2525, 0x2525, 0x2525, 0x2020, 0x2020, 0x2020, 0x2020, 0x1F20, 0x201F,
    0x2020, 0x1F1F, 0x1A1A, 0x1B1A, 0x2519, 0x2020, 0x1A1A, 0x191B, 0x2025, 0x1F1F, 0x1B1A, 0x2519,
    0x2020, 0x1F1F, 0x191B, 0x2025, 0x1F20, 0x1F1F, 0x2519, 0x2020, 0x1F20, 0x1D1D, 0x2025, 0x2020,
    0x1F1F, 0x1D1F, 0x1F20, 0x1F1F, 0x1F1F, 0x1D1D, 0x1F1F, 0x1F1F, 0x1F1F, 0x1D1D, 0x201F, 0x2020,
    0x2020, 0x2020, 0x201F, 0x2020, 0x1F20, 0x1F20, 0x1F1F, 0x2020, 0x1F1F, 0x1F1F, 0x1F1D, 0x1F1D,
    0x1F1F, 0x1F1D, 0x1D21, 0x1F1D, 0x211F, 0x1D1F, 0x1D1D, 0x1D20, 0x1D1D, 0x211D, 0x1D1D, 0x1D1D,
    0x1D1C, 0x1D1D, 0x1D1D, 0x1D5C, 0x1D21, 0x1D1D, 0x2020, 0x2020, 0x2020, 0x2020, 0x1F20, 0x201F,
    0x2020, 0x1F1F, 0x1F1F, 0x1F20, 0x2020, 0x1F1F, 0x1F1F, 0x1D1D, 0x1D1D, 0x1F1D, 0x1D1D, 0x201D,
    0x1D1D, 0x1D1F, 0x1D21, 0x1D1C, 0x211D, 0x2121, 0x1C1D, 0x1D1F, 0x1C21, 0x1D21, 0x1D1D, 0x1D1C,
    0x1D1E, 0x211D, 0x1D1D, 0x1D1D, 0x1D21, 0x1F1F, 0x1D1D, 0x1D1D, 0x1D1D, 0x1F1D, 0x1D1D, 0x1D1D,
    0x211D, 0x1F1F, 0x1C21, 0x1C5C, 0x1F1D, 0x1F1F, 0x1D1D, 0x1D1D, 0x1F1D, 0x201F, 0x1D1D, 0x2021,
    0x1D1D, 0x201D, 0x1D1D, 0x1D1D, 0x1D1D, 0x1F1F, 0x2121, 0x1D21, 0x1F1D, 0x1F1F, 0x1F1F, 0x201F,
    0x1A1B, 0x191A, 0x1F20, 0x2020, 0x1A1B, 0x191A, 0x1F1F, 0x201F, 0x1A1B, 0x191A, 0x1F1F, 0x2020,
    0x1A1B, 0x191A, 0x1F1F, 0x2020, 0x1A1B, 0x191A, 0x1F1F, 0x2020, 0x1A1B, 0x191A, 0x1F1F, 0x2020,
    0x1A1B, 0x191A, 0x201F, 0x201F, 0x1A1B, 0x191A, 0x201F, 0x201F, 0x1A1B, 0x191A, 0x1F1F, 0x201F,
    0x1A1B, 0x191A, 0x201D, 0x2020, 0x1A1A, 0x191A, 0x201F, 0x2020, 0x1919, 0x2727, 0x1F1F, 0x2020,
    0x1B1B, 0x191A, 0x201D, 0x201F, 0x1A1B, 0x191A, 0x1F1F, 0x201F, 0x1A1B, 0x191A, 0x1F1F, 0x2020,
    0x1A1B, 0x191A, 0x1A19, 0x1B1A, 0x1F20, 0x1F1F, 0x1A19, 0x1B1A, 0x1F20, 0x1F1F, 0x1919, 0x1A1A,
    0x2020, 0x1D20, 0x2727, 0x1919, 0x2020, 0x1F20, 0x1A19, 0x1B1B, 0x2020, 0x1F1F, 0x1A19, 0x1B1A,
    0x1F20, 0x1D20, 0x1A19, 0x1B1A, 0x1F20, 0x1F1F, 0x1A19, 0x1B1A, 0x2020, 0x1F1F, 0x1A19, 0x1B1A,
    0x1F20, 0x1F1F, 0x1A19, 0x1B1A, 0x2020, 0x1F1F, 0x1A19, 0x1B1A, 0x1F20, 0x1F1F, 0x1A19, 0x1B1A,
    0x2020, 0x1F1F, 0x1A19, 0x1B1A, 0x2020, 0x1F20, 0x1A19, 0x1B1A, 0x2020, 0x1F20, 0x1A19, 0x1B1A,
    0x2020, 0x201F, 0x1A19, 0x1B1A, 0x1F20, 0x1F20, 0x1F1F, 0x211D, 0x1D1D, 0x1D1D, 0x1D1F, 0x1D1D,
    0x1D1D, 0x1D1D, 0x221F, 0x1D1D, 0x1D1D, 0x1D1D, 0x1F1F, 0x1D1F, 0x1D1C, 0x1D1C, 0x1F20, 0x1D1F,
    0x1D1F, 0x1D1F, 0x1D20, 0x1D1D, 0x1D1D, 0x1D1D, 0x1F1F, 0x201D, 0x1D1D, 0x1D1D, 0x1F1F, 0x1D1F,
    0x2121, 0x1D21, 0x211C, 0x1D1F, 0x1D21, 0x1D1D, 0x1C1C, 0x1D1D, 0x211D, 0x1C1D, 0x1D1D, 0x1D20,
    0x1C1D, 0x1C1F, 0x1D21, 0x2121, 0x1D5C, 0x1D1D, 0x1D1F, 0x1C21, 0x1D21, 0x1D1D, 0x1D1C, 0x211D,
    0x1D21, 0x201D, 0x1D21, 0x2121, 0x221F, 0x1F1F, 0x1D1C, 0x1D1C, 0x1F1D, 0x201F, 0x211D, 0x1F1D,
    0x203A, 0x1F20, 0x201D, 0x1F1F, 0x1F1F, 0x201F, 0x1F1D, 0x1F1F, 0x2020, 0x2020, 0x1D1D, 0x201F,
    0x2020, 0x2020, 0x1F1F, 0x201F, 0x2020, 0x1B20, 0x1F1F, 0x2020, 0x2020, 0x1A1B, 0x1F1F, 0x2020,
    0x1B20, 0x1A1A, 0x2020, 0x2020, 0x1A1B, 0x191A, 0x1F20, 0x201F, 0x2020, 0x1F1F, 0x2020, 0x2020,
    0x2020, 0x2020, 0x2020, 0x2020, 0x2020, 0x2020, 0x2020, 0x2020, 0x2020, 0x2020, 0x1B1B, 0x1B1B,
    0x1B1B, 0x1B1B, 0x1A1A, 0x1A1A, 0x1A1A, 0x1A1A, 0x1A1A, 0x1A1A, 0x1A1A, 0x1A1A, 0x1919, 0x1A19,
    0x1919, 0x1919, 0x1F20, 0x201F, 0x2020, 0x1F1F, 0x2020, 0x2020, 0x2020, 0x2020, 0x2020, 0x2020,
    0x2020, 0x2020, 0x2020, 0x2020, 0x2020, 0x2020, 0x1B1B, 0x1B1B, 0x1A19, 0x1B1B, 0x1A1A, 0x1B1A,
    0x1A19, 0x1A1A, 0x1A1A, 0x1A1A, 0x1927, 0x1A1A, 0x1919, 0x1919, 0x1927, 0x1919, 0x1F1F, 0x1F1F,
    0x1F1F, 0x1D1D, 0x1F20, 0x1F1F, 0x201F, 0x1D1D, 0x2020, 0x2020, 0x1F1F, 0x1D1F, 0x2020, 0x2020,
    0x1F20, 0x1D1D, 0x201B, 0x2020, 0x1F20, 0x1F1F, 0x1B1A, 0x2020, 0x2020, 0x1F1F, 0x1A1A, 0x201B,
    0x2020, 0x1F1F, 0x1A1A, 0x1B1A, 0x2020, 0x2020, 0x211F, 0x1D21, 0x1D21, 0x1D1C, 0x1D21, 0x1D1D,
    0x1D1D, 0x1D1D, 0x1C1D, 0x201D, 0x1D1D, 0x1D21, 0x221D, 0x1D1D, 0x1C1D, 0x1D1D, 0x1D1D, 0x1D21,
    0x1D1D, 0x1D1C, 0x2121, 0x1D21, 0x1D1D, 0x1D1D, 0x1C1D, 0x1D1C, 0x1D1D, 0x1D1D, 0x1D1D, 0x1D1C,
    0x211D, 0x1D1D, 0x1D1D, 0x1D1D, 0x1D1D, 0x1D1D, 0x1D21, 0x1D1D, 0x1D1C, 0x1D20, 0x1D22, 0x1D1D,
    0x1D22, 0x211D, 0x1D1F, 0x1F1D, 0x211F, 0x1D1D, 0x1D1F, 0x1F1D, 0x211F, 0x1D1F, 0x1D1F, 0x1F1D,
    0x1D1F, 0x1D1D, 0x1F1F, 0x1F1F, 0x221F, 0x1F1F, 0x1F1F, 0x2020, 0x1F1F, 0x1F1F, 0x1D1D, 0x1D21,
    0x1D1C, 0x211D, 0x1C1D, 0x1D1D, 0x211C, 0x1D1C, 0x1D21, 0x1D1C, 0x211D, 0x2121, 0x1D1D, 0x1D1D,
    0x1D1D, 0x1D1D, 0x1D1D, 0x1D1D, 0x1D1D, 0x1D1F, 0x1D1D, 0x1D1D, 0x201D, 0x1D1D, 0x1F1F, 0x1D1D,
    0x1D1D, 0x1D1F, 0x1F1F, 0x1F20, 0x2020, 0x1F1F, 0x1A19, 0x1A1A, 0x201B, 0x2020, 0x1930, 0x1A1A,
    0x1B1A, 0x2020, 0x3030, 0x1A19, 0x1A1A, 0x201B, 0x0C10, 0x1910, 0x1A1A, 0x1B1A, 0x3030, 0x0D10,
    0x1A19, 0x1A1A, 0x3030, 0x100C, 0x1910, 0x1A1A, 0x0D10, 0x0C0C, 0x0C0C, 0x1A19, 0x0D0D, 0x0C10,
    0x0C30, 0x190D, 0x1F20, 0x1F1F, 0x1D1F, 0x1D1D, 0x2020, 0x1F20, 0x1F1F, 0x1D1D, 0x2020, 0x2020,
    0x201F, 0x1D1D, 0x2020, 0x2020, 0x1F1F, 0x2121, 0x201B, 0x2020, 0x1F20, 0x1D1F, 0x1B1A, 0x2020,
    0x1F20, 0x1F1F, 0x1A1A, 0x201B, 0x2020, 0x1F20, 0x1A1A, 0x1B1A, 0x2020, 0x1F20, 0x1D1D, 0x1F1D,
    0x1F1F, 0x1F1F, 0x1D1D, 0x1F1F, 0x201F, 0x2020, 0x1D1D, 0x1F1D, 0x2120, 0x2020, 0x1F21, 0x1F1F,
    0x2020, 0x2020, 0x1F1D, 0x201F, 0x2020, 0x1B20, 0x1F1F, 0x201F, 0x2020, 0x1A1B, 0x201F, 0x2020,
    0x1B20, 0x1A1A, 0x201F, 0x2020, 0x1A1B, 0x1A1A, 0x2020, 0x1B20, 0x1A1A, 0x191A, 0x2020, 0x1A1B,
    0x1A1A, 0x0D19, 0x1B20, 0x1A1A, 0x191A, 0x0C0C, 0x1A1B, 0x1A1A, 0x1019, 0x300D, 0x1A1A, 0x191A,
    0x100D, 0x0C0C, 0x1A1A, 0x1019, 0x0C10, 0x100C, 0x191A, 0x0C30, 0x0D0D, 0x0D0D, 0x3019, 0x100D,
    0x3030, 0x0D10, 0x100D, 0x3030, 0x3010, 0x1930, 0x0D0D, 0x3030, 0x300C, 0x1A19, 0x0C10, 0x100C,
    0x1910, 0x1A1A, 0x0C0C, 0x0D10, 0x1A19, 0x1A1A, 0x0C0C, 0x1910, 0x1A1A, 0x1B1A, 0x0C0C, 0x1A19,
    0x1A1A, 0x191B, 0x190D, 0x1A1A, 0x1B1A, 0x2519, 0x1A19, 0x1A1A, 0x191B, 0x2025, 0x1A1A, 0x1B1A,
    0x2519, 0x1F20, 0x1A1A, 0x191B, 0x2025, 0x1F20, 0x1B1A, 0x2519, 0x1F20, 0x1F1F, 0x191B, 0x2025,
    0x1F20, 0x1D1F, 0x2519, 0x2020, 0x1F1F, 0x211F, 0x2025, 0x2020, 0x1D1F, 0x1D1D, 0x2020, 0x1F20,
    0x1F1F, 0x1D1D, 0x1F1F, 0x1F1F, 0x1D1F, 0x1D1D, 0x201F, 0x1925, 0x1A1B, 0x1A1A, 0x201F, 0x2520,
    0x1B19, 0x1A1A, 0x1F1F, 0x201F, 0x1925, 0x1A1B, 0x1F1D, 0x201F, 0x2520, 0x1B19, 0x1F21, 0x1F1F,
    0x2020, 0x1925, 0x1F1D, 0x1F1F, 0x2020, 0x2520, 0x1F1D, 0x1F1F, 0x201F, 0x2020, 0x1F1D, 0x1F1D,
    0x1F1F, 0x1F1F, 0x0D19, 0x300C, 0x100C, 0x0D0D, 0x191A, 0x0C0C, 0x0C0C, 0x100D, 0x1A1A, 0x1019,
    0x2610, 0x3030, 0x1A1A, 0x191A, 0x100D, 0x3030, 0x1A1B, 0x1A1A, 0x1019, 0x100C, 0x1B19, 0x1A1A,
    0x191A, 0x3030, 0x1925, 0x1A1B, 0x1A1A, 0x3019, 0x2520, 0x1B19, 0x1A1A, 0x191A, 0x423A, 0x3A0E,
    0x4242, 0x4242, 0x3A3A, 0x0E42, 0x3A42, 0x4242, 0x4242, 0x423A, 0x423A, 0x3A3A, 0x3A42, 0x3A42,
    0x0E42, 0x423A, 0x420E, 0x4242, 0x423A, 0x423A, 0x0E0E, 0x0E42, 0x3A42, 0x4242, 0x3A42, 0x4242,
    0x420E, 0x423A, 0x4242, 0x4242, 0x420E, 0x423A, 0x420E, 0x3A42, 0x4242, 0x4242, 0x0E42, 0x423A,
    0x423A, 0x3A42, 0x3A42, 0x420E, 0x4242, 0x420E, 0x3A3A, 0x0E42, 0x4242, 0x0E42, 0x4242, 0x0E42,
    0x0E0E, 0x0E0E, 0x423A, 0x3A3A, 0x0E0E, 0x420E, 0x3A42, 0x420E, 0x4242, 0x0E0E, 0x3A0E, 0x3A42,
    0x3A0E, 0x0E0E, 0x1919, 0x1919, 0x3434, 0x3434, 0x1A19, 0x1A1A, 0x341A, 0x3434, 0x1A19, 0x1A1A,
    0x341A, 0x3434, 0x1A19, 0x1B1A, 0x1B1B, 0x1919, 0x1A19, 0x1B1A, 0x1919, 0x3434, 0x1A19, 0x1B1A,
    0x0A06, 0x0A0A, 0x1A19, 0x1B1A, 0x0A06, 0x0A0A, 0x1A19, 0x1B1A, 0x6C06, 0x0B0A, 0x1408, 0x0A14,
    0x190B, 0x0A0A, 0x140A, 0x0B14, 0x0A0B, 0x0B0A, 0x140A, 0x0B35, 0x0B0B, 0x190B, 0x0A0A, 0x0B09,
    0x0B0B, 0x191A, 0x1408, 0x0B09, 0x1A0B, 0x191A, 0x0909, 0x0B35, 0x1A1B, 0x191A, 0x0909, 0x0B0B,
    0x1A1B, 0x191A, 0x0A09, 0x0A0B, 0x1A1B, 0x191A, 0x4B21, 0x4B28, 0x4B28, 0x214B, 0x281D, 0x2828,
    0x4B28, 0x1D4B, 0x4B21, 0x4B4B, 0x4B28, 0x1D28, 0x4B1D, 0x284B, 0x284B, 0x1D28, 0x4B1F, 0x4B28,
    0x2828, 0x1C4B, 0x4B1D, 0x2828, 0x284B, 0x1D28, 0x4B21, 0x4B28, 0x4B28, 0x1D28, 0x281C, 0x284B,
    0x284B, 0x1D2A, 0x1D21, 0x1D1D, 0x1D21, 0x1D1D, 0x284B, 0x2828, 0x284B, 0x304B, 0x4B4B, 0x4B28,
    0x4B28, 0x284B, 0x2828, 0x284B, 0x284B, 0x284B, 0x2828, 0x4B28, 0x284B, 0x4B28, 0x2828, 0x284B,
    0x2828, 0x284B, 0x4B4B, 0x4B4B, 0x4B4B, 0x4B4B, 0x1D21, 0x1D1C, 0x1D1D, 0x2121, 0x2719, 0x1A1A,
    0x451A, 0x0D10, 0x1A1A, 0x1A1A, 0x1F1B, 0x100C, 0x1A1A, 0x1B1B, 0x1025, 0x0D10, 0x1B1B, 0x2519,
    0x100C, 0x0D0D, 0x1919, 0x0D25, 0x0D0D, 0x0D0D, 0x2525, 0x0C0D, 0x0D0D, 0x0D10, 0x1D1D, 0x211C,
    0x1C1C, 0x1D1D, 0x1D21, 0x1C21, 0x211D, 0x1D1D, 0x0C10, 0x0C10, 0x0D10, 0x1010, 0x0C0C, 0x100D,
    0x100D, 0x1010, 0x0C10, 0x0C10, 0x0C10, 0x0C0C, 0x1010, 0x100D, 0x1010, 0x300C, 0x260D, 0x100D,
    0x0C0C, 0x3010, 0x0D1E, 0x3030, 0x0C0C, 0x3010, 0x1D1D, 0x1D21, 0x211D, 0x1D21, 0x211F, 0x1D21,
    0x1C1F, 0x211D, 0x0C10, 0x1A10, 0x1A1A, 0x1927, 0x0C0C, 0x1B1F, 0x1A1A, 0x1A1A, 0x0C10, 0x2542,
    0x1B1B, 0x1A1A, 0x1010, 0x420D, 0x1925, 0x1B1B, 0x260D, 0x100D, 0x2542, 0x1919, 0x0D1E, 0x3030,
    0x420C, 0x2525, 0x1D1D, 0x1D21, 0x211D, 0x1D21, 0x211F, 0x1D21, 0x1C1F, 0x211D, 0x0C10, 0x0C10,
    0x8B8A, 0x1D1D, 0x100C, 0x100D, 0x8A8D, 0x1D1D, 0x1F45, 0x0C10, 0x8B8A, 0x211C, 0x1B31, 0x1020,
    0x8A8D, 0x1D1C, 0x1A1A, 0x201B, 0x8B8D, 0x1C21, 0x1A1A, 0x201B, 0x8A21, 0x211C, 0x1A27, 0x1B1A,
    0x2020, 0x1D1D, 0x1A27, 0x1B1A, 0x2020, 0x211D, 0x0D0D, 0x0C10, 0x8A8A, 0x211D, 0x0D10, 0x0C0C,
    0x8A8A, 0x1D21, 0x3030, 0x1026, 0x908A, 0x1C21, 0x3030, 0x0D10, 0x908A, 0x1F1D, 0x0C10, 0x2610,
    0x8A8A, 0x1D1D, 0x3030, 0x3030, 0x908D, 0x2121, 0x3030, 0x0C10, 0x908D, 0x211D, 0x300D, 0x3030,
    0x8B8D, 0x1F1D, 0x1A19, 0x1B1A, 0x1F1D, 0x211D, 0x1A27, 0x1B1A, 0x1F1D, 0x1D21, 0x1A1A, 0x191B,
    0x901D, 0x1C21, 0x1A1A, 0x251B, 0x8A8A, 0x1F1D, 0x1B1A, 0x2625, 0x8A8A, 0x1D1D, 0x1F1A, 0x3030,
    0x908D, 0x211F, 0x3030, 0x0C10, 0x908D, 0x211D, 0x300D, 0x3030, 0x8B8D, 0x1F1D, 0x1D21, 0x1C21,
    0x211D, 0x1D1D, 0x1D1D, 0x211C, 0x1C1F, 0x1D1D, 0x1D21, 0x1C21, 0x211D, 0x1D1D, 0x1D1D, 0x211C,
    0x1C1C, 0x1D1D, 0x1B1B, 0x1010, 0x100C, 0x0D0D, 0x1A1A, 0x1B1B, 0x1010, 0x0D10, 0x1A1A, 0x1A1A,
    0x101B, 0x100C, 0x2719, 0x1A1A, 0x451A, 0x0D10, 0x211F, 0x1D1F, 0x1C1F, 0x211D, 0x1D1D, 0x1D1F,
    0x211D, 0x1D21, 0x211F, 0x1D1F, 0x1C1F, 0x211D, 0x1D1D, 0x1D21, 0x211D, 0x1D21, 0x1010, 0x100D,
    0x1010, 0x300C, 0x0C10, 0x0C10, 0x0C10, 0x0C0C, 0x0C0C, 0x100D, 0x100D, 0x1010, 0x0C10, 0x0C10,
    0x0D10, 0x1010, 0x211F, 0x1D21, 0x1C1F, 0x211D, 0x1D1D, 0x1D21, 0x211D, 0x1D21, 0x211F, 0x1D21,
    0x1F1F, 0x211D, 0x1D1D, 0x1D21, 0x211D, 0x1D21, 0x1010, 0x100D, 0x0D10, 0x1B1B, 0x0C10, 0x1010,
    0x1B1B, 0x1A1A, 0x0C0C, 0x1B10, 0x1A1A, 0x1A1A, 0x0C10, 0x1A10, 0x1A1A, 0x1927, 0x1D21, 0x1D1F,
    0x1A1B, 0x191A, 0x211D, 0x1D1F, 0x1A1B, 0x271A, 0x211C, 0x1D90, 0x1B19, 0x1A1A, 0x1D1F, 0x8A8A,
    0x1B25, 0x1A1A, 0x1D1D, 0x8A1F, 0x2526, 0x1A1B, 0x2121, 0x8D1F, 0x3030, 0x451F, 0x1D21, 0x8D1F,
    0x100C, 0x3030, 0x1D1F, 0x8D8B, 0x3030, 0x0D30, 0x1D21, 0x8A8A, 0x100C, 0x0D0D, 0x211D, 0x8A1F,
    0x0C0C, 0x100D, 0x211C, 0x8A90, 0x2610, 0x3030, 0x1D1F, 0x8A90, 0x100D, 0x3030, 0x1D1D, 0x8A8A,
    0x1026, 0x100C, 0x2121, 0x8D90, 0x3030, 0x3030, 0x1D21, 0x8D90, 0x100C, 0x3030, 0x1D1F, 0x8D8B,
    0x3030, 0x0D30, 0x1D1D, 0x8A8B, 0x100C, 0x100C, 0x1D1D, 0x8D8A, 0x0D10, 0x0C10, 0x1C21, 0x8A8B,
    0x100C, 0x451F, 0x1C1D, 0x8D1F, 0x2010, 0x311B, 0x211C, 0x8D8B, 0x1B20, 0x1A1A, 0x1C21, 0x218A,
    0x1B20, 0x1A1A, 0x1D1D, 0x2020, 0x1A1B, 0x271A, 0x1D21, 0x2020, 0x1A1B, 0x191A, 0x1D1D, 0x1C1D,
    0x1D1D, 0x211F, 0x211C, 0x1D1D, 0x211D, 0x211D, 0x1C1D, 0x1F21, 0x1C1C, 0x1C1D, 0x211D, 0x1D1F,
    0x1C21, 0x1D1D, 0x2020, 0x1F1F, 0x1F1F, 0x211F, 0x201F, 0x201F, 0x1F1F, 0x091F, 0x1F20, 0x0B1F,
    0x096F, 0x1F1F, 0x1F20, 0x6F0B, 0x2007, 0x1D1F, 0x1E1E, 0x1E1E, 0x1E1E, 0x1E1E, 0x1E1E, 0x258E,
    0x258E, 0x258E, 0x1E1E, 0x258E, 0x258E, 0x258E, 0x1E1E, 0x258E, 0x258E, 0x258E, 0x1E1E, 0x258E,
    0x258E, 0x258E, 0x1E1E, 0x258E, 0x258E, 0x258E, 0x1E1E, 0x1E1E, 0x1E1E, 0x1E1E, 0x2525, 0x2525,
    0x2525, 0x2525, 0x1E1E, 0x1E1E, 0x1E1E, 0x251E, 0x258E, 0x258E, 0x258E, 0x251E, 0x258E, 0x258E,
    0x258E, 0x251E, 0x258E, 0x258E, 0x258E, 0x251E, 0x258E, 0x258E, 0x258E, 0x251E, 0x258E, 0x258E,
    0x258E, 0x251E, 0x1E1E, 0x1E1E, 0x1E1E, 0x251E, 0x2525, 0x2525, 0x2525, 0x2525, 0x0202, 0x0207,
    0x0102, 0x0201, 0x0107, 0x0207, 0x0101, 0x0702, 0x9291, 0x0201, 0x0201, 0x0B91, 0x0B0B, 0x0201,
    0x0291, 0x0B01, 0x0B25, 0x9191, 0x2525, 0x2592, 0x2543, 0x0B91, 0x4325, 0x4325, 0x4380, 0x2525,
    0x4343, 0x4380, 0x8080, 0x0B25, 0x4325, 0x2543, 0x0202, 0x0207, 0x0102, 0x0201, 0x0107, 0x0207,
    0x0101, 0x0702, 0x0191, 0x0201, 0x0201, 0x0707, 0x0225, 0x0201, 0x0207, 0x0192, 0x2543, 0x0791,
    0x9291, 0x010B, 0x4325, 0x920B, 0x0B91, 0x0B43, 0x0B25, 0x2543, 0x430B, 0x4325, 0x0B0B, 0x4325,
    0x2580, 0x4325, 0x4343, 0x0B25, 0x2525, 0x0B25, 0x2525, 0x0B0B, 0x430B, 0x4380, 0x8043, 0x0B25,
    0x2525, 0x2543, 0x2525, 0x0B0B, 0x250B, 0x2525, 0x0B0B, 0x250B, 0x0B0B, 0x0B0B, 0x2525, 0x8025,
    0x0B25, 0x4325, 0x2580, 0x4343, 0x2543, 0x4343, 0x4343, 0x4325, 0x2525, 0x4325, 0x0B0B, 0x2525,
    0x4343, 0x0B25, 0x0B25, 0x250B, 0x2525, 0x0B25, 0x0B0B, 0x4325, 0x4343, 0x0B0B, 0x0B0B, 0x2525,
    0x2543, 0x0B25, 0x0B0B, 0x250B, 0x0B25, 0x250B, 0x2580, 0x0B0B, 0x0B0B, 0x2525, 0x8080, 0x2543,
    0x0B0B, 0x8025, 0x4343, 0x2525, 0x250B, 0x4343, 0x4343, 0x2525, 0x0B0B, 0x0B0B, 0x0B43, 0x2525,
    0x0B0B, 0x4325, 0x8025, 0x0B43, 0x250B, 0x4343, 0x4325, 0x0B25, 0x0B0B, 0x2525, 0x2525, 0x0B25,
    0x0B25, 0x2525, 0x0B0B, 0x250B, 0x0B43, 0x250B, 0x0B0B, 0x9243, 0x250B, 0x920B, 0x0B43, 0x0243,
    0x0B07, 0x0192, 0x2525, 0x0B0B, 0x250B, 0x4343, 0x8080, 0x2543, 0x0B0B, 0x4325, 0x2543, 0x2525,
    0x250B, 0x2525, 0x2525, 0x2525, 0x250B, 0x8043, 0x2525, 0x0B25, 0x250B, 0x2525, 0x2525, 0x250B,
    0x0B0B, 0x2525, 0x0B0B, 0x0B0B, 0x0B91, 0x0B25, 0x430B, 0x0243, 0x4307, 0x010B, 0x8C8C, 0x8C8C,
    0x8C8C, 0x8C8C, 0x8C8F, 0x8C40, 0x8C06, 0x8C8C, 0x8C8C, 0x8C06, 0x8C8C, 0x8C40, 0x938C, 0x8C8C,
    0x8C8C, 0x8F8C, 0x8C8C, 0x8C06, 0x8C06, 0x9440, 0x8C40, 0x8C8C, 0x408C, 0x8C04, 0x938F, 0x9394,
    0x8C93, 0x8C8C, 0x8C8C, 0x8C8C, 0x408C, 0x8C8C, 0x5A70, 0x5A05, 0x5A5A, 0x5A5A, 0x5A70, 0x5A05,
    0x5A5A, 0x5A5A, 0x5A70, 0x5A05, 0x5A5A, 0x5A5A, 0x5A70, 0x5A05, 0x5A5A, 0x5A5A, 0x5A70, 0x5A05,
    0x5A5A, 0x5A5A, 0x5A70, 0x6868, 0x6868, 0x6868, 0x5A70, 0x5A5A, 0x5A5A, 0x5A5A, 0x5A70, 0x5A5A,
    0x5A5A, 0x5A5A, 0x5A5A, 0x5A5A, 0x725A, 0x5A5A, 0x5A5A, 0x5A5A, 0x725A, 0x5A5A, 0x5A5A, 0x5A5A
};

const u16 gb_level01_translation[3254] = {
    0x0000, 0x0001, 0x0002, 0x0003, 0x0004, 0x0004, 0x0004, 0x0004, 0x0004, 0x0004, 0x0004, 0x0004,
    0x0004, 0x0004, 0x0005, 0x0006, 0x0007, 0x0008, 0x0004, 0x0004, 0x0004, 0x0004, 0x0004, 0x0004,
    0x0004, 0x0004, 0x0004, 0x0004, 0x0004, 0x0004, 0x0004, 0x0004, 0x0004, 0x0004, 0x0004, 0x0004,
    0x0004, 0x0004, 0x0004, 0x0004, 0x0004, 0x0004, 0x0004, 0x0004, 0x0004, 0x0004, 0x0004, 0x0004,
    0x0004, 0x0004, 0x0004, 0x0004, 0x0004, 0x0004, 0x0004, 0x0004, 0x0004, 0x0004, 0x0004, 0x0004,
    0x0004, 0x0004, 0x0004, 0x0004, 0x0009, 0x0009, 0x0009, 0x0009, 0x0009, 0x0009, 0x0009, 0x0009,
    0x000A, 0x000B, 0x000C, 0x000D, 0x000E, 0x000F, 0x0010, 0x0011, 0x0012, 0x0013, 0x0014, 0x0015,
    0x0016, 0x0017, 0x0018, 0x0019, 0x001A, 0x001B, 0x001C, 0x001D, 0x001E, 0x001F, 0x0020, 0x0021,
    0x0009, 0x0022, 0x0023, 0x0024, 0x0025, 0x0009, 0x0009, 0x0009, 0x0026, 0x0027, 0x0028, 0x0029,
    0x002A, 0x002B, 0x002C, 0x002D, 0x002E, 0x002F, 0x0030, 0x0031, 0x0032, 0x0033, 0x0034, 0x0035,
    0x0036, 0x0037, 0x0038, 0x0039, 0x003A, 0x003B, 0x003C, 0x003D, 0x0009, 0x003E, 0x0009, 0x003F,
    0x0040, 0x0009, 0x0041, 0x0009, 0x0040, 0x0042, 0x0043, 0x0044, 0x0045, 0x0046, 0x0047, 0x0048,
    0x0049, 0x004A, 0x004B, 0x004C, 0x004D, 0x004E, 0x004F, 0x0050, 0x0051, 0x0052, 0x0053, 0x0054,
    0x0055, 0x0056, 0x0057, 0x0058, 0x0009, 0x0059, 0x005A, 0x005B, 0x005C, 0x0009, 0x0009, 0x0009,
    0x005D, 0x005E, 0x005F, 0x0060, 0x0061, 0x0062, 0x0063, 0x0064, 0x0065, 0x0066, 0x0067, 0x0068,
    0x0069, 0x006A, 0x006B, 0x006C, 0x006D, 0x006E, 0x006F, 0x0070, 0x0071, 0x0072, 0x0073, 0x0074,
    0x0009, 0x0075, 0x0076, 0x0077, 0x0078, 0x0079, 0x007A, 0x007B, 0x007C, 0x007D, 0x007E, 0x007F,
    0x0080, 0x0081, 0x0082, 0x0083, 0x0084, 0x0085, 0x0086, 0x0087, 0x0088, 0x0089, 0x008A, 0x008B,
    0x008C, 0x008D, 0x008E, 0x008F, 0x0090, 0x0091, 0x0092, 0x0093, 0x0009, 0x0009, 0x0009, 0x0009,
    0x0009, 0x0094, 0x0095, 0x0009, 0x0096, 0x0009, 0x0097, 0x0098, 0x0099, 0x009A, 0x009B, 0x009C,
    0x009D, 0x009E, 0x009F, 0x00A0, 0x00A1, 0x00A2, 0x00A3, 0x00A4, 0x00A5, 0x00A6, 0x00A7, 0x00A8,
    0x00A9, 0x00AA, 0x00AB, 0x00AC, 0x00AD, 0x00AE, 0x00AF, 0x00B0, 0x00B1, 0x00B2, 0x00B3, 0x00B4,
    0x00B5, 0x00B6, 0x00B7, 0x00B8, 0x00B9, 0x00BA, 0x00BB, 0x00BC, 0x00BD, 0x00BE, 0x00BF, 0x00C0,
    0x00C1, 0x00C2, 0x00C3, 0x00C4, 0x00C5, 0x00C6, 0x00C7, 0x00C8, 0x00C9, 0x00CA, 0x00CB, 0x00CC,
    0x00CD, 0x00CE, 0x00CF, 0x00D0, 0x00D1, 0x00D2, 0x00D3, 0x00D4, 0x00D5, 0x00D6, 0x00D7, 0x00D8,
    0x00D9, 0x00DA, 0x00DB, 0x00DC, 0x00DD, 0x00DE, 0x00DF, 0x00E0, 0x00E1, 0x00E2, 0x00E3, 0x00E4,
    0x00E5, 0x00E6, 0x00E7, 0x00E8, 0x00E9, 0x00EA, 0x00EB, 0x00EC, 0x00ED, 0x00EE, 0x00EF, 0x00F0,
    0x00F1, 0x00F2, 0x00F3, 0x00F4, 0x00F5, 0x00F6, 0x00F7, 0x00F8, 0x00F9, 0x00FA, 0x00FB, 0x00FC,
    0x00FD, 0x00FE, 0x00FF, 0x0100, 0x0101, 0x0102, 0x0103, 0x0104, 0x0105, 0x0106, 0x0107, 0x0108,
    0x0109, 0x010A, 0x010B, 0x010C, 0x010D, 0x010E, 0x010F, 0x0110, 0x0111, 0x0112, 0x0113, 0x0114,
    0x0115, 0x0116, 0x0117, 0x0118, 0x0119, 0x011A, 0x011B, 0x011C, 0x011D, 0x011E, 0x011F, 0x0120,
    0x0121, 0x0122, 0x0123, 0x0124, 0x0125, 0x0126, 0x0127, 0x0000, 0x0128, 0x0129, 0x012A, 0x012B,
    0x012C, 0x012D, 0x012E, 0x012F, 0x0130, 0x0131, 0x0009, 0x0009, 0x0009, 0x0009, 0x0009, 0x0009,
    0x0009, 0x0009, 0x0009, 0x0009, 0x0009, 0x0009, 0x0132, 0x0133, 0x0134, 0x0134, 0x0135, 0x0136,
    0x0137, 0x0138, 0x0139, 0x013A, 0x013B, 0x013C, 0x013D, 0x013E, 0x013F, 0x0140, 0x0141, 0x0142,
    0x0143, 0x0144, 0x0009, 0x0009, 0x0009, 0x0009, 0x0009, 0x0009, 0x0009, 0x0009, 0x0009, 0x0009,
    0x0009, 0x0009, 0x0145, 0x0146, 0x0134, 0x0134, 0x0147, 0x0148, 0x0149, 0x014A, 0x014B, 0x014C,
    0x014D, 0x014E, 0x014F, 0x0150, 0x0151, 0x0152, 0x0153, 0x0154, 0x0155, 0x0156, 0x0009, 0x0009,
    0x0009, 0x0009, 0x0009, 0x0009, 0x0009, 0x0009, 0x0009, 0x0009, 0x0009, 0x0009, 0x0157, 0x0158,
    0x0159, 0x015A, 0x015B, 0x015C, 0x0004, 0x0004, 0x015D, 0x015E, 0x015F, 0x0160, 0x0161, 0x0162,
    0x0163, 0x0164, 0x0165, 0x0166, 0x0167, 0x0168, 0x0009, 0x0009, 0x0009, 0x0009, 0x0009, 0x0009,
    0x0009, 0x0009, 0x0009, 0x0009, 0x0009, 0x0009, 0x0169, 0x016A, 0x016B, 0x016C, 0x016D, 0x016E,
    0x0004, 0x0004, 0x016F, 0x0170, 0x0171, 0x0172, 0x0173, 0x0174, 0x0004, 0x0004, 0x0004, 0x0004,
    0x0004, 0x0004, 0x0004, 0x0004, 0x0004, 0x0004, 0x0004, 0x0004, 0x0004, 0x0004, 0x0004, 0x0004,
    0x0004, 0x0004, 0x0004, 0x0004, 0x0004, 0x0004, 0x0004, 0x0004, 0x0004, 0x0004, 0x0004, 0x0004,
    0x0004, 0x0004, 0x0004, 0x0004, 0x0004, 0x0004, 0x0004, 0x0004, 0x0004, 0x0004, 0x0004, 0x0004,
    0x0004, 0x0004, 0x0004, 0x0004, 0x0004, 0x0004, 0x0004, 0x0004, 0x0004, 0x0004, 0x0004, 0x0004,
    0x0004, 0x0004, 0x0004, 0x0004, 0x0004, 0x0004, 0x0004, 0x0004, 0x0004, 0x0004, 0x0004, 0x0004,
    0x0004, 0x0004, 0x0004, 0x0004, 0x0004, 0x0004, 0x0004, 0x0004, 0x0004, 0x0004, 0x0004, 0x0004,
    0x0004, 0x0004, 0x0004, 0x0004, 0x0004, 0x0004, 0x0004, 0x0004, 0x0004, 0x0004, 0x0004, 0x0004,
    0x0004, 0x0004, 0x0004, 0x0004, 0x0004, 0x0004, 0x0004, 0x0004, 0x0004, 0x0004, 0x0004, 0x0004,
    0x0004, 0x0004, 0x0004, 0x0004, 0x0004, 0x0004, 0x0004, 0x0004, 0x0004, 0x0004, 0x0004, 0x0004,
    0x0004, 0x0004, 0x0004, 0x0004, 0x0004, 0x0004, 0x0004, 0x0004, 0x0004, 0x0004, 0x0004, 0x0004,
    0x0004, 0x0004, 0x0004, 0x0004, 0x0004, 0x0004, 0x0004, 0x0004, 0x0004, 0x0004, 0x0004, 0x0004,
    0x0004, 0x0004, 0x0004, 0x0004, 0x0004, 0x0004, 0x0004, 0x0004, 0x0004, 0x0004, 0x0004, 0x0004,
    0x0004, 0x0004, 0x0004, 0x0004, 0x0004, 0x0004, 0x0004, 0x0004, 0x0004, 0x0004, 0x0004, 0x0004,
    0x0004, 0x0004, 0x0004, 0x0004, 0x0004, 0x0004, 0x0004, 0x0004, 0x0004, 0x0004, 0x0004, 0x0004,
    0x0004, 0x0004, 0x0004, 0x0004, 0x0004, 0x0004, 0x0004, 0x0004, 0x0004, 0x0004, 0x0004, 0x0004,
    0x0004, 0x0004, 0x0004, 0x0004, 0x0004, 0x0004, 0x0004, 0x0004, 0x0004, 0x0004, 0x0004, 0x0004,
    0x0004, 0x0004, 0x0004, 0x0004, 0x0004, 0x0004, 0x0004, 0x0004, 0x0004, 0x0004, 0x0004, 0x0004,
    0x0004, 0x0004, 0x0004, 0x0004, 0x0004, 0x0004, 0x0004, 0x0004, 0x0004, 0x0004, 0x0004, 0x0004,
    0x0004, 0x0004, 0x0004, 0x0004, 0x0004, 0x0004, 0x0004, 0x0004, 0x0004, 0x0004, 0x0004, 0x0004,
    0x0004, 0x0004, 0x0004, 0x0004, 0x0004, 0x0004, 0x0004, 0x0004, 0x0004, 0x0004, 0x0004, 0x0004,
    0x0004, 0x0004, 0x0004, 0x0004, 0x0004, 0x0004, 0x0004, 0x0004, 0x0004, 0x0004, 0x0004, 0x0004,
    0x0004, 0x0004, 0x0004, 0x0004, 0x0004, 0x0004, 0x0004, 0x0004, 0x0004, 0x0004, 0x0004, 0x0004,
    0x0004, 0x0004, 0x0004, 0x0004, 0x0004, 0x0004, 0x0004, 0x0004, 0x0004, 0x0004, 0x0004, 0x0004,
    0x0004, 0x0004, 0x0004, 0x0004, 0x0004, 0x0004, 0x0004, 0x0004, 0x0004, 0x0004, 0x0004, 0x0004,
    0x0004, 0x0004, 0x0004, 0x0004, 0x0004, 0x0004, 0x0004, 0x0004, 0x0004, 0x0004, 0x0004, 0x0004,
    0x0004, 0x0004, 0x0004, 0x0004, 0x0004, 0x0004, 0x0004, 0x0004, 0x0004, 0x0004, 0x0004, 0x0004,
    0x0004, 0x0004, 0x0004, 0x0004, 0x0004, 0x0004, 0x0004, 0x0004, 0x0004, 0x0004, 0x0004, 0x0004,
    0x0004, 0x0004, 0x0004, 0x0004, 0x0004, 0x0004, 0x0004, 0x0004, 0x0004, 0x0004, 0x0004, 0x0004,
    0x0004, 0x0004, 0x0004, 0x0004, 0x0004, 0x0004, 0x0004, 0x0004, 0x0004, 0x0004, 0x0004, 0x0004,
    0x0004, 0x0004, 0x0004, 0x0004, 0x0004, 0x0004, 0x0004, 0x0004, 0x0004, 0x0004, 0x0004, 0x0004,
    0x0004, 0x0004, 0x0004, 0x0004, 0x0004, 0x0004, 0x0004, 0x0004, 0x0004, 0x0004, 0x0004, 0x0004,
    0x0004, 0x0004, 0x0004, 0x0004, 0x0004, 0x0004, 0x0004, 0x0004, 0x0004, 0x0004, 0x0004, 0x0004,
    0x0004, 0x0004, 0x0004, 0x0004, 0x0004, 0x0004, 0x0004, 0x0004, 0x0004, 0x0004, 0x0004, 0x0004,
    0x0004, 0x0004, 0x0004, 0x0004, 0x0004, 0x0004, 0x0004, 0x0004, 0x0004, 0x0004, 0x0004, 0x0004,
    0x0004, 0x0004, 0x0004, 0x0004, 0x0004, 0x0004, 0x0004, 0x0004, 0x0004, 0x0004, 0x0004, 0x0004,
    0x0004, 0x0004, 0x0004, 0x0004, 0x0004, 0x0004, 0x0004, 0x0004, 0x0004, 0x0004, 0x0004, 0x0004,
    0x0004, 0x0004, 0x0004, 0x0004, 0x0004, 0x0004, 0x0004, 0x0004, 0x0004, 0x0004, 0x0004, 0x0004,
    0x0009, 0x0009, 0x0009, 0x0009, 0x0009, 0x0009, 0x0009, 0x0009, 0x0009, 0x0009, 0x0009, 0x0009,
    0x0009, 0x0009, 0x0009, 0x0009, 0x0009, 0x0009, 0x0009, 0x0009, 0x0009, 0x0009, 0x0009, 0x0009,
    0x0009, 0x0009, 0x0009, 0x0009, 0x0009, 0x0009, 0x0009, 0x0009, 0x0004, 0x0175, 0x0176, 0x0177,
    0x0178, 0x0179, 0x017A, 0x017B, 0x017C, 0x017D, 0x017E, 0x017F, 0x0180, 0x0181, 0x0182, 0x0183,
    0x0184, 0x0185, 0x0186, 0x0187, 0x0188, 0x0189, 0x018A, 0x018B, 0x018C, 0x018D, 0x018E, 0x018F,
    0x0190, 0x0191, 0x0192, 0x0193, 0x0194, 0x0195, 0x0196, 0x0197, 0x0198, 0x0199, 0x019A, 0x019B,
    0x019C, 0x019D, 0x019E, 0x019F, 0x01A0, 0x01A1, 0x01A2, 0x01A3, 0x01A4, 0x01A5, 0x01A6, 0x01A7,
    0x01A8, 0x01A9, 0x01AA, 0x01AB, 0x01AC, 0x01AD, 0x01AE, 0x01AF, 0x01B0, 0x01B1, 0x01B2, 0x01B3,
    0x0004, 0x01B4, 0x01B5, 0x01B6, 0x01B7, 0x01B8, 0x01B9, 0x01BA, 0x01BB, 0x01BC, 0x01BD, 0x01BE,
    0x01BF, 0x01C0, 0x01C1, 0x01C2, 0x01C3, 0x01C4, 0x01C5, 0x01C6, 0x01C7, 0x01C8, 0x01C9, 0x01CA,
    0x01CB, 0x01CC, 0x01CD, 0x0004, 0x0004, 0x0004, 0x0004, 0x0004, 0x0009, 0x0009, 0x0009, 0x0009,
    0x0009, 0x0009, 0x0009, 0x0009, 0x0009, 0x0009, 0x0009, 0x0009, 0x0009, 0x0009, 0x0009, 0x0009,
    0x0132, 0x0133, 0x0134, 0x0134, 0x0135, 0x0136, 0x0137, 0x0138, 0x0009, 0x0009, 0x0009, 0x0009,
    0x0009, 0x0009, 0x0009, 0x0009, 0x0004, 0x0004, 0x0004, 0x0004, 0x0004, 0x0004, 0x0004, 0x0004,
    0x0004, 0x0004, 0x0004, 0x0004, 0x0004, 0x0004, 0x0004, 0x0004, 0x0145, 0x0146, 0x0134, 0x0134,
    0x0147, 0x0148, 0x0149, 0x014A, 0x0004, 0x0004, 0x0004, 0x0004, 0x0004, 0x0004, 0x0004, 0x0004,
    0x0004, 0x0004, 0x0004, 0x0004, 0x0004, 0x0004, 0x0004, 0x0004, 0x0004, 0x0004, 0x0004, 0x0004,
    0x0004, 0x0004, 0x0004, 0x0004, 0x0157, 0x0158, 0x0159, 0x015A, 0x015B, 0x015C, 0x0004, 0x0004,
    0x0004, 0x0004, 0x0004, 0x0004, 0x0004, 0x0004, 0x0004, 0x0004, 0x0004, 0x0004, 0x0004, 0x0004,
    0x0004, 0x0004, 0x0004, 0x0004, 0x0004, 0x0004, 0x0004, 0x0004, 0x0004, 0x0004, 0x0004, 0x0004,
    0x0169, 0x016A, 0x016B, 0x016C, 0x016D, 0x016E, 0x0004, 0x0004, 0x0004, 0x0004, 0x0004, 0x0004,
    0x0004, 0x0004, 0x0004, 0x0004, 0x0004, 0x0004, 0x0004, 0x0004, 0x0004, 0x0004, 0x0004, 0x0004,
    0x0004, 0x0004, 0x0004, 0x0004, 0x0004, 0x0004, 0x0004, 0x0004, 0x0004, 0x0004, 0x0004, 0x0004,
    0x0004, 0x0004, 0x0004, 0x0004, 0x0004, 0x0004, 0x0004, 0x0004, 0x0004, 0x0004, 0x0004, 0x0004,
    0x0004, 0x0004, 0x0004, 0x0004, 0x0004, 0x0004, 0x0004, 0x0004, 0x0004, 0x0004, 0x0004, 0x0004,
    0x0004, 0x0004, 0x0004, 0x0004, 0x0004, 0x0004, 0x0004, 0x0004, 0x0004, 0x0004, 0x0004, 0x0004,
    0x0004, 0x0004, 0x0004, 0x0004, 0x0004, 0x0004, 0x0004, 0x0004, 0x0004, 0x0004, 0x0004, 0x0004,
    0x0004, 0x0004, 0x0004, 0x0004, 0x0004, 0x0004, 0x0004, 0x0004, 0x0004, 0x0004, 0x0004, 0x0004,
    0x0004, 0x0004, 0x0004, 0x0004, 0x0004, 0x0004, 0x0004, 0x0004, 0x0004, 0x0004, 0x0004, 0x0004,
    0x0004, 0x0004, 0x0004, 0x0004, 0x0004, 0x0004, 0x0004, 0x0004, 0x0004, 0x0004, 0x0004, 0x0004,
    0x0004, 0x0004, 0x0004, 0x0004, 0x0004, 0x0004, 0x0004, 0x0004, 0x0004, 0x0004, 0x0004, 0x0004,
    0x0004, 0x0004, 0x0004, 0x0004, 0x0004, 0x0004, 0x0004, 0x0004, 0x0004, 0x0004, 0x0004, 0x0004,
    0x0004, 0x0004, 0x0004, 0x0004, 0x0004, 0x0004, 0x0004, 0x0004, 0x0004, 0x0004, 0x0004, 0x0004,
    0x0004, 0x0004, 0x0004, 0x0004, 0x0004, 0x0004, 0x0004, 0x0004, 0x0004, 0x0004, 0x0004, 0x0004,
    0x0004, 0x0004, 0x0004, 0x0004, 0x0004, 0x0004, 0x0004, 0x0004, 0x0004, 0x0004, 0x0004, 0x0004,
    0x0004, 0x0004, 0x0004, 0x0004, 0x0004, 0x0004, 0x0004, 0x0004, 0x0004, 0x0004, 0x0004, 0x0004,
    0x0004, 0x0004, 0x0004, 0x0004, 0x0004, 0x0004, 0x0004, 0x0004, 0x0004, 0x0004, 0x0004, 0x0004,
    0x0004, 0x0004, 0x0004, 0x0004, 0x0004, 0x0004, 0x0004, 0x0004, 0x0004, 0x0004, 0x0004, 0x0004,
    0x0004, 0x0004, 0x0004, 0x0004, 0x0004, 0x0004, 0x0004, 0x0004, 0x0004, 0x0004, 0x0004, 0x0004,
    0x0004, 0x0004, 0x0004, 0x0004, 0x0004, 0x0004, 0x0004, 0x0004, 0x0004, 0x0004, 0x0004, 0x0004,
    0x0004, 0x0004, 0x0004, 0x0004, 0x0004, 0x0004, 0x0004, 0x0004, 0x0004, 0x0004, 0x0004, 0x0004,
    0x0004, 0x0004, 0x0004, 0x0004, 0x0004, 0x0004, 0x0004, 0x0004, 0x0004, 0x0004, 0x0004, 0x0004,
    0x0004, 0x0004, 0x0004, 0x0004, 0x0004, 0x0004, 0x0004, 0x0004, 0x0004, 0x0004, 0x0004, 0x0004,
    0x0004, 0x0004, 0x0004, 0x0004, 0x0004, 0x0004, 0x0004, 0x0004, 0x0004, 0x0004, 0x0004, 0x0004,
    0x0004, 0x0004, 0x0004, 0x0004, 0x0004, 0x0004, 0x0004, 0x0004, 0x0004, 0x0004, 0x0004, 0x0004,
    0x0004, 0x0004, 0x0004, 0x0004, 0x0004, 0x0004, 0x0004, 0x0004, 0x0004, 0x0004, 0x0004, 0x0004,
    0x0004, 0x0004, 0x0004, 0x0004, 0x0004, 0x0004, 0x0004, 0x0004, 0x0004, 0x0004, 0x0004, 0x0004,
    0x0004, 0x0004, 0x0004, 0x0004, 0x0004, 0x0004, 0x0004, 0x0004, 0x0004, 0x0004, 0x0004, 0x0004,
    0x0004, 0x0004, 0x0004, 0x0004, 0x0004, 0x0004, 0x0004, 0x0004, 0x0004, 0x0004, 0x0004, 0x0004,
    0x0004, 0x0004, 0x0004, 0x0004, 0x0004, 0x0004, 0x0004, 0x0004, 0x0004, 0x0004, 0x0004, 0x0004,
    0x0004, 0x0004, 0x0004, 0x0004, 0x0004, 0x0004, 0x0004, 0x0004, 0x0004, 0x0004, 0x0004, 0x0004,
    0x0004, 0x0004, 0x0004, 0x0004, 0x0004, 0x0004, 0x0004, 0x0004, 0x0004, 0x0004, 0x0004, 0x0004,
    0x0004, 0x0004, 0x0004, 0x0004, 0x0004, 0x0004, 0x0004, 0x0004, 0x0004, 0x0004, 0x0004, 0x0004,
    0x0004, 0x0004, 0x0004, 0x0004, 0x0004, 0x0004, 0x0004, 0x0004, 0x0004, 0x0004, 0x0004, 0x0004,
    0x0004, 0x0004, 0x0004, 0x0004, 0x0004, 0x0004, 0x0004, 0x0004, 0x0004, 0x0004, 0x0004, 0x0004,
    0x0004, 0x0004, 0x0004, 0x0004, 0x0004, 0x0004, 0x0004, 0x0004, 0x0004, 0x0004, 0x0004, 0x0004,
    0x0004, 0x0004, 0x0004, 0x0004, 0x0004, 0x0004, 0x0004, 0x0004, 0x0004, 0x0004, 0x0004, 0x0004,
    0x0004, 0x0004, 0x0004, 0x0004, 0x0004, 0x0004, 0x0004, 0x0004, 0x0004, 0x0004, 0x0004, 0x0004,
    0x0004, 0x0004, 0x0004, 0x0004, 0x0004, 0x0004, 0x0004, 0x0004, 0x0004, 0x0004, 0x0004, 0x0004,
    0x0004, 0x0004, 0x0004, 0x0004, 0x0004, 0x0004, 0x0004, 0x0004, 0x0004, 0x0004, 0x0004, 0x0004,
    0x0004, 0x0004, 0x0004, 0x0004, 0x0004, 0x0004, 0x0004, 0x0004, 0x0004, 0x0004, 0x0004, 0x0004,
    0x0004, 0x0004, 0x0004, 0x0004, 0x0004, 0x0004, 0x0004, 0x0004, 0x0004, 0x0004, 0x0004, 0x0004,
    0x0004, 0x0004, 0x0004, 0x0004, 0x0004, 0x0004, 0x0004, 0x0004, 0x0004, 0x0004, 0x0004, 0x0004,
    0x0004, 0x0004, 0x0004, 0x0004, 0x0004, 0x0004, 0x0004, 0x0004, 0x0004, 0x0004, 0x0004, 0x0004,
    0x0004, 0x0004, 0x0004, 0x0004, 0x0004, 0x0004, 0x0004, 0x0004, 0x0004, 0x0004, 0x0004, 0x0004,
    0x0004, 0x0004, 0x0004, 0x0004, 0x0004, 0x0004, 0x0004, 0x0004, 0x0004, 0x0004, 0x0004, 0x0004,
    0x0004, 0x0004, 0x0004, 0x0004, 0x0004, 0x0004, 0x0004, 0x0004, 0x0004, 0x0004, 0x0004, 0x0004,
    0x0004, 0x0004, 0x0004, 0x0004, 0x0004, 0x0004, 0x0004, 0x0004, 0x0004, 0x0004, 0x0004, 0x0004,
    0x0004, 0x0004, 0x0004, 0x0004, 0x0004, 0x0004, 0x0004, 0x0004, 0x0004, 0x0004, 0x0004, 0x0004,
    0x0004, 0x0004, 0x0004, 0x0004, 0x0004, 0x0004, 0x0004, 0x0004, 0x0004, 0x0004, 0x0004, 0x0004,
    0x0004, 0x0004, 0x0004, 0x0004, 0x0004, 0x0004, 0x0004, 0x0004, 0x0004, 0x0004, 0x0004, 0x0004,
    0x0004, 0x0004, 0x0004, 0x0004, 0x0004, 0x0004, 0x0004, 0x0004, 0x0004, 0x0004, 0x0004, 0x0004,
    0x0004, 0x0004, 0x0004, 0x0004, 0x0004, 0x0004, 0x0004, 0x0004, 0x0004, 0x0004, 0x0004, 0x0004,
    0x0004, 0x0004, 0x0004, 0x0004, 0x0004, 0x0004, 0x0004, 0x0004, 0x0004, 0x0004, 0x0004, 0x0004,
    0x0004, 0x0004, 0x0004, 0x0004, 0x0004, 0x0004, 0x0004, 0x0004, 0x0004, 0x0004, 0x0004, 0x0004,
    0x0004, 0x0004, 0x0004, 0x0004, 0x0004, 0x0004, 0x0004, 0x0004, 0x0004, 0x0004, 0x0004, 0x0004,
    0x0004, 0x0004, 0x0004, 0x0004, 0x0004, 0x0004, 0x0004, 0x0004, 0x0004, 0x0004, 0x0004, 0x0004,
    0x0004, 0x0004, 0x0004, 0x0004, 0x0004, 0x0004, 0x0004, 0x0004, 0x0004, 0x0004, 0x0004, 0x0004,
    0x0004, 0x0004, 0x0004, 0x0004, 0x0004, 0x0004, 0x0004, 0x0004, 0x0004, 0x0004, 0x0004, 0x0004,
    0x0004, 0x0004, 0x0004, 0x0004, 0x0004, 0x0004, 0x0004, 0x0004, 0x0004, 0x0004, 0x0004, 0x0004,
    0x0004, 0x0004, 0x0004, 0x0004, 0x0004, 0x0004, 0x0004, 0x0004, 0x0004, 0x0004, 0x0004, 0x0004,
    0x0004, 0x0004, 0x0004, 0x0004, 0x0004, 0x0004, 0x0004, 0x0004, 0x0004, 0x0004, 0x0004, 0x0004,
    0x0004, 0x0004, 0x0004, 0x0004, 0x0004, 0x0004, 0x0004, 0x0004, 0x0004, 0x0004, 0x0004, 0x0004,
    0x0004, 0x0004, 0x0004, 0x0004, 0x0004, 0x0004, 0x0004, 0x0004, 0x0004, 0x0004, 0x0004, 0x0004,
    0x0004, 0x0004, 0x0004, 0x0004, 0x0004, 0x0004, 0x0004, 0x0004, 0x0004, 0x0004, 0x0004, 0x0004,
    0x0004, 0x0004, 0x0004, 0x0004, 0x0004, 0x0004, 0x0004, 0x0004, 0x0004, 0x0004, 0x0004, 0x0004,
    0x0004, 0x0004, 0x0004, 0x0004, 0x0004, 0x0004, 0x0004, 0x0004, 0x0004, 0x0004, 0x0004, 0x0004,
    0x0004, 0x0004, 0x0004, 0x0004, 0x0004, 0x0004, 0x0004, 0x0004, 0x0004, 0x0004, 0x0004, 0x0004,
    0x0004, 0x0004, 0x0004, 0x0004, 0x0004, 0x0004, 0x0004, 0x0004, 0x0004, 0x0004, 0x0004, 0x0004,
    0x0004, 0x0004, 0x0004, 0x0004, 0x0004, 0x0004, 0x0004, 0x0004, 0x0004, 0x0004, 0x0004, 0x0004,
    0x0004, 0x0004, 0x0004, 0x0004, 0x0004, 0x0004, 0x0004, 0x0004, 0x0800, 0x0000, 0x7C1F, 0x7FFF,
    0x0000, 0x7EE7, 0x1865, 0x7E50, 0x30A9, 0x20CD, 0x24EE, 0x250F, 0x2D71, 0x3192, 0x20AB, 0x20D0,
    0x2553, 0x2994, 0x2197, 0x2DB6, 0x25D8, 0x21B8, 0x2598, 0x29FA, 0x21FA, 0x2A1A, 0x3619, 0x25FA,
    0x25D9, 0x2DD8, 0x29B8, 0x31F8, 0x25B8, 0x21D9, 0x2D53, 0x1D34, 0x20AD, 0x2CEE, 0x2CE7, 0x20F1,
    0x2DFA, 0x35B3, 0x2111, 0x4ADE, 0x4EFF, 0x4EFE, 0x4ADF, 0x42FD, 0x42FE, 0x3ABC, 0x471D, 0x575F,
    0x4B3E, 0x471E, 0x577F, 0x416C, 0x3A17, 0x467A, 0x3E5A, 0x3E38, 0x3E7C, 0x3E9C, 0x42DD, 0x573F,
    0x3A9D, 0x46FD, 0x263D, 0x36BE, 0x2E9E, 0x3AFF, 0x1D55, 0x327D, 0x36DE, 0x1D13, 0x0806, 0x1DD9,
    0x1DB8, 0x0C25, 0x0C47, 0x5E9E, 0x5AFF, 0x5ABE, 0x24AC, 0x2175, 0x29D9, 0x261B, 0x2198, 0x2D32,
    0x4AFD, 0x2532, 0x1E17, 0x35D4, 0x46DD, 0x46BE, 0x3EDD, 0x4F5F, 0x4AFF, 0x3A9C, 0x2A3B, 0x18D1,
    0x148B, 0x5B5F, 0x56FF, 0x52DF, 0x631F, 0x148E, 0x2950, 0x1C8D, 0x1CAF, 0x2113, 0x2577, 0x2157,
    0x2178, 0x25B9, 0x1D97, 0x4F1E, 0x3A9B, 0x46DC, 0x42FC, 0x3EBC, 0x2136, 0x352F, 0x4AFE, 0x3ABD,
    0x1028, 0x4F1F, 0x0804, 0x0403, 0x4EDE, 0x4EBE, 0x52BE, 0x38CF, 0x4F9F, 0x45D3, 0x52B9, 0x2E5B,
    0x467D, 0x3E9D, 0x42DE, 0x3ABF, 0x3E9E, 0x3E7D, 0x3A5D, 0x365C, 0x3A3C, 0x2199, 0x3D73, 0x4ABD,
    0x3A7C, 0x633F, 0x5F3F, 0x4A9E, 0x2E3C, 0x2E1B, 0x21B9, 0x21BA, 0x4EDB, 0x3A5C, 0x5F5F, 0x327C,
    0x367D, 0x144A, 0x529D, 0x1E59, 0x427D, 0x679F, 0x637F, 0x639F, 0x675F, 0x0C07, 0x327B, 0x5B3F,
    0x429D, 0x0803, 0x3A19, 0x4A38, 0x527D, 0x5F7F, 0x0805, 0x467E, 0x425D, 0x0C29, 0x1C6A, 0x3A3B,
    0x4E3C, 0x4A5C, 0x3EBD, 0x0400, 0x3A1B, 0x361B, 0x3E1B, 0x423A, 0x6B9F, 0x3A7D, 0x573E, 0x363B,
    0x6FDF, 0x321B, 0x67BF, 0x77FF, 0x425C, 0x3DD7, 0x4218, 0x3951, 0x31D8, 0x144C, 0x67DF, 0x39FA,
    0x31FA, 0x3A1A, 0x5F9F, 0x361A, 0x3E3A, 0x56FA, 0x63BF, 0x3E3B, 0x5B7F, 0x3E5C, 0x49BF, 0x0001,
    0x671E, 0x5B9F, 0x5FBF, 0x7BBD, 0x73DD, 0x7A09, 0x59C9, 0x620A, 0x624C, 0x5E72, 0x6AB5, 0x7A2B,
    0x61EA, 0x5E8D, 0x73B3, 0x766C, 0x5F90, 0x3E47, 0x76AF, 0x4B4E, 0x31A5, 0x1844, 0x00F0, 0x0000,
    0x0000, 0x0000, 0x0000, 0x0000, 0x0000, 0x0000, 0x0000, 0x0000, 0x0000, 0x0000, 0x0000, 0x0000,
    0x0000, 0x0000, 0x0000, 0x0000, 0x0000, 0x0000, 0x0000, 0x0000, 0x0000, 0x0000, 0x0000, 0x0000,
    0x0000, 0x0000, 0x0000, 0x0000, 0x0000, 0x0000, 0x0000, 0x0000, 0x0101, 0x0202, 0x0301, 0x0301,
    0x0302, 0x0102, 0x0303, 0x0302, 0x0301, 0x0103, 0x0103, 0x0202, 0x0103, 0x0103, 0x0102, 0x0203,
    0x0103, 0x0102, 0x0102, 0x0103, 0x0201, 0x0301, 0x0301, 0x0201, 0x0103, 0x0303, 0x0302, 0x0103,
    0x0101, 0x0103, 0x0102, 0x0103, 0x0504, 0x0604, 0x0404, 0x0404, 0x0406, 0x0405, 0x0605, 0x0604,
    0x0604, 0x0606, 0x2D04, 0x0606, 0x2D04, 0x0404, 0x0604, 0x0404, 0x0404, 0x0605, 0x3306, 0x0605,
    0x0405, 0x2D04, 0x0504, 0x0404, 0x0604, 0x0406, 0x0404, 0x0606, 0x0504, 0x0604, 0x0504, 0x0633,
    0x0101, 0x0102, 0x0301, 0x0707, 0x0302, 0x0102, 0x0303, 0x2B07, 0x0301, 0x0103, 0x0103, 0x0707,
    0x0103, 0x0103, 0x0102, 0x0707, 0x0103, 0x0202, 0x0301, 0x1402, 0x0201, 0x0301, 0x0102, 0x0A01,
    0x0103, 0x0303, 0x0202, 0x0A03, 0x0101, 0x0103, 0x0102, 0x0B03, 0x0908, 0x0A09, 0x030B, 0x0A0A,
    0x090A, 0x0B14, 0x0A0B, 0x0B0A, 0x2C0A, 0x0B08, 0x0B0B, 0x020B, 0x0A0A, 0x0B09, 0x0B0B, 0x0303,
    0x1408, 0x0B09, 0x030B, 0x0303, 0x0909, 0x0B35, 0x0102, 0x0101, 0x0909, 0x0B0B, 0x0202, 0x0303,
    0x0A09, 0x010B, 0x0102, 0x0303, 0x0D0C, 0x0F0E, 0x0E10, 0x0D0E, 0x0E0C, 0x0E0F, 0x0E0E, 0x0E0E,
    0x0D0C, 0x0E0E, 0x0E0E, 0x0F0E, 0x0F0C, 0x0E0E, 0x0E0E, 0x0E0F, 0x0E30, 0x0E0E, 0x0F0E, 0x0E0F,
    0x0E0C, 0x0E0E, 0x0F0F, 0x0F0E, 0x0D30, 0x0E0E, 0x0E0E, 0x0F0F, 0x100C, 0x0E0E, 0x0E0E, 0x0E0F,
    0x030E, 0x0D03, 0x0303, 0x030D, 0x1103, 0x0311, 0x1111, 0x1103, 0x030E, 0x0711, 0x0303, 0x1111,
    0x0703, 0x0303, 0x0311, 0x1111, 0x1103, 0x0307, 0x0711, 0x0311, 0x1103, 0x1107, 0x0711, 0x0703,
    0x030E, 0x0303, 0x0703, 0x0707, 0x1103, 0x1107, 0x0703, 0x0703, 0x0101, 0x0102, 0x0201, 0x0702,
    0x0302, 0x0102, 0x0203, 0x0207, 0x0301, 0x0103, 0x0103, 0x0702, 0x0103, 0x0103, 0x0102, 0x0303,
    0x0103, 0x0202, 0x0301, 0x0303, 0x0201, 0x0301, 0x0102, 0x0101, 0x0103, 0x0303, 0x0202, 0x0303,
    0x0101, 0x0103, 0x0102, 0x0303, 0x030E, 0x1103, 0x0311, 0x0303, 0x1103, 0x0311, 0x1111, 0x1103,
    0x030E, 0x0711, 0x0303, 0x1111, 0x0703, 0x0303, 0x0311, 0x1103, 0x1103, 0x1107, 0x0711, 0x0311,
    0x1103, 0x1107, 0x0711, 0x0703, 0x030E, 0x0303, 0x0703, 0x0707, 0x1103, 0x1107, 0x0703, 0x0703,
    0x0303, 0x1103, 0x0311, 0x0303, 0x1103, 0x0311, 0x1103, 0x0311, 0x1103, 0x0703, 0x1103, 0x0307,
    0x0307, 0x1103, 0x0711, 0x0311, 0x1103, 0x1103, 0x0303, 0x0311, 0x1111, 0x1107, 0x0703, 0x0D03,
    0x1111, 0x0307, 0x1103, 0x0311, 0x0311, 0x1103, 0x1107, 0x0711, 0x0C10, 0x0C10, 0x0D10, 0x1010,
    0x100C, 0x100D, 0x1010, 0x1010, 0x1010, 0x0C10, 0x0C10, 0x0C0C, 0x1010, 0x100D, 0x1010, 0x300C,
    0x0D0D, 0x100D, 0x0C0C, 0x3010, 0x0D1E, 0x300C, 0x0C0C, 0x3010, 0x0D10, 0x0C0C, 0x300C, 0x0C10,
    0x100C, 0x3030, 0x1030, 0x3010, 0x100C, 0x0D0C, 0x0C10, 0x0D10, 0x0C0C, 0x0D0D, 0x0C0C, 0x100C,
    0x0D0C, 0x1010, 0x100C, 0x0D10, 0x0D0C, 0x100D, 0x100C, 0x0D0D, 0x0C30, 0x0D0C, 0x0D0D, 0x0D0D,
    0x100C, 0x0C0D, 0x0D0D, 0x0D10, 0x0D30, 0x100D, 0x100C, 0x0D0D, 0x100C, 0x0C0C, 0x100C, 0x0D0D,
    0x1212, 0x0E06, 0x0E0E, 0x130E, 0x1212, 0x0E06, 0x0E0E, 0x130E, 0x0606, 0x1309, 0x1313, 0x0913,
    0x1405, 0x1212, 0x1506, 0x0E16, 0x1405, 0x1212, 0x1506, 0x0E16, 0x0914, 0x3306, 0x1609, 0x0E09,
    0x0E2C, 0x130E, 0x0505, 0x1314, 0x0E14, 0x130E, 0x0505, 0x122C, 0x0505, 0x1514, 0x1216, 0x1212,
    0x0505, 0x152C, 0x1216, 0x1212, 0x142C, 0x1609, 0x0609, 0x0606, 0x130E, 0x1212, 0x0612, 0x052D,
    0x130E, 0x1212, 0x0612, 0x0505, 0x090E, 0x0606, 0x3606, 0x2C14, 0x0913, 0x1515, 0x1515, 0x0516,
    0x0612, 0x1515, 0x1515, 0x0516, 0x1817, 0x1817, 0x1817, 0x1817, 0x1718, 0x1718, 0x1718, 0x1718,
    0x1817, 0x1817, 0x1817, 0x1817, 0x1718, 0x1718, 0x1718, 0x1718, 0x1817, 0x1817, 0x1817, 0x1817,
    0x1718, 0x1718, 0x1718, 0x1718, 0x1817, 0x1817, 0x1817, 0x1817, 0x1718, 0x1718, 0x1718, 0x1718,
    0x0000, 0x0000, 0x0000, 0x1800, 0x0000, 0x0000, 0x0000, 0x1718, 0x0000, 0x0000, 0x1800, 0x1817,
    0x0000, 0x0000, 0x1718, 0x1718, 0x0000, 0x1800, 0x1817, 0x1817, 0x0000, 0x1718, 0x1718, 0x1718,
    0x1800, 0x1817, 0x1817, 0x1817, 0x1718, 0x1718, 0x1718, 0x1718, 0x0017, 0x0000, 0x0000, 0x0000,
    0x1718, 0x0000, 0x0000, 0x0000, 0x1817, 0x0017, 0x0000, 0x0000, 0x1718, 0x1718, 0x0000, 0x0000,
    0x1817, 0x1817, 0x0017, 0x0000, 0x1718, 0x1718, 0x1718, 0x0000, 0x1817, 0x1817, 0x1817, 0x0017,
    0x1718, 0x1718, 0x1718, 0x1718, 0x1817, 0x1817, 0x1817, 0x1817, 0x1817, 0x2718, 0x1827, 0x1718,
    0x1817, 0x2704, 0x2727, 0x1818, 0x2717, 0x1827, 0x2718, 0x1727, 0x2717, 0x2727, 0x2704, 0x1827,
    0x2718, 0x2737, 0x2727, 0x1737, 0x2717, 0x1804, 0x2718, 0x1804, 0x1718, 0x1718, 0x1718, 0x1718,
    0x100C, 0x0D0C, 0x1A19, 0x1B1A, 0x0C0C, 0x0D0D, 0x1A19, 0x1B1A, 0x0D0C, 0x1010, 0x1919, 0x1A1A,
    0x0D0C, 0x100D, 0x2727, 0x1919, 0x0C30, 0x0D0C, 0x1A19, 0x1B1B, 0x100C, 0x0C0D, 0x1A19, 0x1B1A,
    0x0D30, 0x100D, 0x1A19, 0x1B1A, 0x100C, 0x0C0C, 0x1A19, 0x1B1A, 0x1A1B, 0x191A, 0x0D10, 0x1010,
    0x1A1B, 0x191A, 0x1010, 0x1010, 0x1A1A, 0x1919, 0x0C10, 0x0C0C, 0x1919, 0x2727, 0x1010, 0x300C,
    0x1B1B, 0x191A, 0x0C0C, 0x3010, 0x1A1B, 0x191A, 0x0C0C, 0x3010, 0x1A1B, 0x191A, 0x300C, 0x0C10,
    0x1A1B, 0x191A, 0x1030, 0x3010, 0x1D1C, 0x1E1E, 0x1C1C, 0x1E1C, 0x1D1C, 0x1C1C, 0x1E1C, 0x1E1E,
    0x1D1D, 0x1C1C, 0x1E1E, 0x1E1E, 0x1D1D, 0x1F1F, 0x1C1C, 0x1E1C, 0x1F1F, 0x1F1F, 0x1F1D, 0x1D1D,
    0x3232, 0x1F1F, 0x1D1F, 0x1D1D, 0x1A2E, 0x191A, 0x1F1F, 0x1F1D, 0x1A1A, 0x191A, 0x3232, 0x1F1F,
    0x1E1E, 0x1E1E, 0x1E1E, 0x1E1C, 0x1C1E, 0x1E1E, 0x1C1C, 0x1E1E, 0x1C1C, 0x1E1E, 0x1E1E, 0x1E1E,
    0x1C1E, 0x1E1C, 0x1E1C, 0x1E1E, 0x1C1E, 0x1C1C, 0x1E1C, 0x1E1E, 0x1C1D, 0x1D1E, 0x1E1E, 0x1E1E,
    0x1D1D, 0x1D1D, 0x1C1D, 0x1C1E, 0x1F1D, 0x1D1D, 0x1C1D, 0x1D1E, 0x201F, 0x1F1F, 0x1F1F, 0x1F1F,
    0x1F1F, 0x2020, 0x1F1F, 0x1F20, 0x1F1F, 0x1F1F, 0x1F1F, 0x2020, 0x1F1F, 0x201F, 0x201F, 0x1F20,
    0x1F1F, 0x201F, 0x2020, 0x1F20, 0x1F1F, 0x1F1F, 0x1F20, 0x2020, 0x1F20, 0x2020, 0x2020, 0x2020,
    0x1F20, 0x2020, 0x2020, 0x200E, 0x201F, 0x2020, 0x1F1F, 0x2020, 0x1F1F, 0x201F, 0x2020, 0x2020,
    0x1F1F, 0x1F1F, 0x2020, 0x2020, 0x201F, 0x2020, 0x0E0E, 0x2020, 0x2020, 0x200E, 0x0E0E, 0x0E0E,
    0x2020, 0x0E20, 0x0E0E, 0x3131, 0x200E, 0x0E0E, 0x1A34, 0x1A1A, 0x0E0E, 0x3131, 0x1A34, 0x1A1A,
    0x1E1E, 0x1C1C, 0x1E1E, 0x1E1C, 0x1C1E, 0x1E1E, 0x1E1E, 0x1E1E, 0x1E1C, 0x1E1E, 0x1C1E, 0x1E1C,
    0x1C1C, 0x1E1E, 0x1E1E, 0x1C1E, 0x1C1E, 0x1C1E, 0x1E1C, 0x1E1E, 0x1E1C, 0x1E1E, 0x1E1E, 0x1C1E,
    0x1E1E, 0x1C1C, 0x1E1E, 0x1E1C, 0x1E1C, 0x1E1E, 0x1E1C, 0x1E1C, 0x1D1D, 0x1D21, 0x211D, 0x2221,
    0x211D, 0x1D21, 0x1C22, 0x211D, 0x1C1C, 0x1C21, 0x1D1D, 0x211D, 0x1D1D, 0x1D21, 0x2121, 0x1D1D,
    0x1D1D, 0x1D1D, 0x1D1D, 0x211D, 0x1D21, 0x1D1D, 0x1D1C, 0x1D1D, 0x1D1D, 0x1C1D, 0x1C1D, 0x1C22,
    0x2121, 0x1D21, 0x2121, 0x1D1D, 0x2020, 0x1F1F, 0x1F20, 0x201F, 0x201F, 0x1F1F, 0x1F20, 0x1F1F,
    0x2020, 0x201F, 0x201F, 0x1F1F, 0x1F1F, 0x2020, 0x1F1F, 0x1F1F, 0x1F1F, 0x1F1F, 0x1F1F, 0x1F1F,
    0x1F1F, 0x1F1F, 0x1F1F, 0x1F1F, 0x201F, 0x1F1F, 0x2020, 0x1F1F, 0x2020, 0x1F1F, 0x1F20, 0x1F1F,
    0x1023, 0x2424, 0x0E25, 0x2510, 0x2323, 0x100E, 0x1010, 0x2525, 0x2323, 0x2423, 0x2424, 0x2525,
    0x2323, 0x2323, 0x2424, 0x2524, 0x2323, 0x2423, 0x2424, 0x2525, 0x2323, 0x2323, 0x2424, 0x2524,
    0x2323, 0x2423, 0x2424, 0x2524, 0x2323, 0x2323, 0x2424, 0x2524, 0x1E1E, 0x0D26, 0x0D0D, 0x261E,
    0x1E26, 0x0D0D, 0x260D, 0x0D26, 0x0D0D, 0x261C, 0x2626, 0x261C, 0x0D0D, 0x1E26, 0x261E, 0x1E1E,
    0x0D26, 0x1C26, 0x1E1C, 0x2727, 0x0D0D, 0x0D0D, 0x2727, 0x1A19, 0x0D0D, 0x3927, 0x191A, 0x1A1A,
    0x2727, 0x3927, 0x1A31, 0x3131, 0x0D0D, 0x0D1E, 0x0D26, 0x2727, 0x0D26, 0x1E26, 0x2727, 0x1A1A,
    0x0D0D, 0x2727, 0x1A1A, 0x1A1A, 0x2727, 0x1A1A, 0x1A1A, 0x3131, 0x1A1A, 0x2D1A, 0x3131, 0x3434,
    0x1A1A, 0x3131, 0x3434, 0x0909, 0x3131, 0x3434, 0x0909, 0x0E0E, 0x3434, 0x0909, 0x0E0E, 0x200E,
    0x1A1A, 0x2928
};

const u16 gb_level01_layer_a[4096] = {
    70, 71, 70, 71, 70, 71, 70, 71, 70, 71, 70, 71, 70, 71, 70, 71, 70, 71, 70, 71,
    70, 71, 70, 71, 70, 71, 70, 71, 70, 71, 70, 71, 70, 71, 70, 71, 70, 71, 70, 71,
    70, 71, 70, 71, 70, 71, 70, 71, 70, 71, 70, 71, 70, 71, 70, 71, 70, 71, 70, 71,
    70, 71, 70, 71, 102, 103, 102, 103, 102, 103, 102, 103, 102, 103, 102, 103, 102, 103, 102, 103,
    102, 103, 102, 103, 102, 103, 102, 103, 102, 103, 102, 103, 102, 103, 102, 103, 102, 103, 102, 103,
    102, 103, 102, 103, 102, 103, 102, 103, 102, 103, 102, 103, 102, 103, 102, 103, 102, 103, 102, 103,
    102, 103, 102, 103, 102, 103, 102, 103, 70, 71, 70, 71, 70, 71, 70, 71, 70, 71, 70, 71,
    70, 71, 70, 71, 70, 71, 70, 71, 70, 71, 70, 71, 70, 71, 70, 71, 70, 71, 70, 71,
    70, 71, 70, 71, 70, 71, 70, 71, 70, 71, 70, 71, 70, 71, 70, 71, 70, 71, 70, 71,
    70, 71, 70, 71, 70, 71, 70, 71, 70, 71, 70, 71, 102, 103, 102, 103, 102, 103, 102, 103,
    102, 103, 102, 103, 102, 103, 102, 103, 102, 103, 102, 103, 102, 103, 102, 103, 102, 103, 102, 103,
    102, 103, 102, 103, 102, 103, 102, 103, 102, 103, 102, 103, 102, 103, 102, 103, 102, 103, 102, 103,
    102, 103, 102, 103, 102, 103, 102, 103, 102, 103, 102, 103, 102, 103, 102, 103, 70, 71, 70, 71,
    70, 71, 70, 71, 70, 71, 70, 71, 70, 71, 70, 71, 70, 71, 70, 71, 70, 71, 70, 71,
    70, 71, 70, 71, 70, 71, 70, 71, 70, 71, 70, 71, 70, 71, 70, 71, 70, 71, 70, 71,
    70, 71, 70, 71, 70, 71, 70, 71, 70, 71, 70, 71, 70, 71, 70, 71, 70, 71, 70, 71,
    102, 103, 102, 103, 102, 103, 102, 103, 102, 103, 102, 103, 102, 103, 102, 103, 102, 103, 102, 103,
    102, 103, 102, 103, 102, 103, 102, 103, 102, 103, 102, 103, 102, 103, 102, 103, 102, 103, 102, 103,
    102, 103, 102, 103, 102, 103, 102, 103, 102, 103, 102, 103, 102, 103, 102, 103, 102, 103, 102, 103,
    102, 103, 102, 103, 70, 71, 70, 71, 70, 71, 70, 71, 70, 71, 70, 71, 70, 71, 70, 71,
    70, 71, 70, 71, 70, 71, 70, 71, 70, 71, 70, 71, 70, 71, 70, 71, 70, 71, 70, 71,
    70, 71, 70, 71, 70, 71, 70, 71, 70, 71, 70, 71, 70, 71, 70, 71, 70, 71, 70, 71,
    70, 71, 70, 71, 70, 71, 70, 71, 102, 103, 102, 103, 102, 103, 102, 103, 102, 103, 102, 103,
    102, 103, 102, 103, 102, 103, 102, 103, 102, 103, 102, 103, 102, 103, 102, 103, 102, 103, 102, 103,
    102, 103, 102, 103, 102, 103, 102, 103, 102, 103, 102, 103, 102, 103, 102, 103, 102, 103, 102, 103,
    102, 103, 102, 103, 102, 103, 102, 103, 102, 103, 102, 103, 70, 71, 70, 71, 70, 71, 70, 71,
    70, 71, 70, 71, 70, 71, 70, 71, 70, 71, 70, 71, 70, 71, 70, 71, 70, 71, 70, 71,
    70, 71, 70, 71, 70, 71, 70, 71, 70, 71, 70, 71, 70, 71, 70, 71, 70, 71, 70, 71,
    70, 71, 70, 71, 70, 71, 70, 71, 70, 71, 70, 71, 70, 71, 70, 71, 102, 103, 102, 103,
    102, 103, 102, 103, 102, 103, 102, 103, 102, 103, 102, 103, 102, 103, 102, 103, 102, 103, 102, 103,
    102, 103, 102, 103, 102, 103, 102, 103, 102, 103, 102, 103, 102, 103, 102, 103, 102, 103, 102, 103,
    102, 103, 102, 103, 102, 103, 102, 103, 102, 103, 102, 103, 102, 103, 102, 103, 102, 103, 102, 103,
    70, 71, 70, 71, 70, 71, 70, 71, 70, 71, 70, 71, 70, 71, 70, 71, 70, 71, 70, 71,
    70, 71, 70, 71, 70, 71, 70, 71, 70, 71, 70, 71, 70, 71, 70, 71, 70, 71, 70, 71,
    70, 71, 70, 71, 70, 71, 70, 71, 70, 71, 70, 71, 70, 71, 70, 71, 70, 71, 70, 71,
    70, 71, 70, 71, 102, 103, 102, 103, 102, 103, 102, 103, 102, 103, 102, 103, 102, 103, 102, 103,
    102, 103, 102, 103, 102, 103, 102, 103, 102, 103, 102, 103, 102, 103, 102, 103, 102, 103, 102, 103,
    102, 103, 102, 103, 102, 103, 102, 103, 102, 103, 102, 103, 102, 103, 102, 103, 102, 103, 102, 103,
    102, 103, 102, 103, 102, 103, 102, 103, 70, 71, 70, 71, 70, 71, 70, 71, 70, 71, 70, 71,
    70, 71, 70, 71, 70, 71, 70, 71, 70, 71, 70, 71, 70, 71, 70, 71, 70, 71, 70, 71,
    70, 71, 70, 71, 70, 71, 70, 71, 70, 71, 70, 71, 70, 71, 70, 71, 70, 71, 70, 71,
    70, 71, 70, 71, 70, 71, 70, 71, 70, 71, 70, 71, 102, 103, 102, 103, 102, 103, 102, 103,
    102, 103, 102, 103, 102, 103, 102, 103, 102, 103, 102, 103, 102, 103, 102, 103, 102, 103, 102, 103,
    102, 103, 102, 103, 102, 103, 102, 103, 102, 103, 102, 103, 102, 103, 102, 103, 102, 103, 102, 103,
    102, 103, 102, 103, 102, 103, 102, 103, 102, 103, 102, 103, 102, 103, 102, 103, 70, 71, 70, 71,
    70, 71, 70, 71, 70, 71, 70, 71, 70, 71, 70, 71, 70, 71, 70, 71, 70, 71, 70, 71,
    70, 71, 70, 71, 70, 71, 70, 71, 64, 65, 66, 67, 66, 67, 66, 67, 66, 67, 66, 67,
    66, 67, 66, 67, 66, 67, 68, 69, 70, 71, 70, 71, 70, 71, 70, 71, 70, 71, 70, 71,
    102, 103, 102, 103, 102, 103, 102, 103, 102, 103, 102, 103, 102, 103, 102, 103, 102, 103, 102, 103,
    102, 103, 102, 103, 102, 103, 102, 103, 102, 103, 102, 103, 96, 97, 98, 99, 98, 99, 98, 99,
    98, 99, 98, 99, 98, 99, 98, 99, 98, 99, 100, 101, 102, 103, 102, 103, 102, 103, 102, 103,
    102, 103, 102, 103, 70, 71, 70, 71, 70, 71, 70, 71, 70, 71, 70, 71, 70, 71, 64, 65,
    66, 67, 66, 67, 66, 67, 66, 67, 66, 67, 66, 67, 66, 67, 66, 67, 130, 131, 448, 449,
    450, 451, 450, 451, 450, 451, 282, 283, 284, 285, 286, 287, 452, 453, 132, 133, 70, 71, 70, 71,
    70, 71, 70, 71, 70, 71, 70, 71, 102, 103, 102, 103, 102, 103, 102, 103, 102, 103, 102, 103,
    102, 103, 96, 97, 98, 99, 98, 99, 98, 99, 98, 99, 98, 99, 98, 99, 98, 99, 98, 99,
    162, 163, 480, 481, 482, 483, 482, 483, 482, 483, 314, 315, 316, 317, 318, 319, 484, 485, 164, 165,
    102, 103, 102, 103, 102, 103, 102, 103, 102, 103, 102, 103, 70, 71, 70, 71, 70, 71, 70, 71,
    70, 71, 70, 71, 70, 71, 128, 129, 384, 385, 386, 387, 386, 387, 386, 387, 386, 387, 386, 387,
    386, 387, 388, 389, 86, 87, 90, 91, 88, 89, 88, 89, 88, 89, 346, 347, 348, 349, 350, 351,
    280, 281, 132, 133, 70, 71, 70, 71, 70, 71, 70, 71, 70, 71, 70, 71, 102, 103, 102, 103,
    102, 103, 102, 103, 102, 103, 102, 103, 102, 103, 160, 161, 416, 417, 418, 419, 418, 419, 418, 419,
    418, 419, 418, 419, 418, 419, 420, 421, 118, 119, 122, 123, 120, 121, 120, 121, 120, 121, 378, 379,
    380, 381, 382, 383, 312, 313, 164, 165, 102, 103, 102, 103, 102, 103, 102, 103, 102, 103, 102, 103,
    70, 71, 70, 71, 70, 71, 70, 71, 70, 71, 70, 71, 70, 71, 128, 129, 74, 75, 76, 77,
    76, 77, 76, 77, 76, 77, 76, 77, 76, 77, 78, 79, 150, 151, 154, 155, 156, 157, 158, 159,
    152, 153, 410, 411, 412, 413, 414, 415, 344, 345, 132, 133, 70, 71, 70, 71, 70, 71, 70, 71,
    70, 71, 70, 71, 102, 103, 102, 103, 102, 103, 102, 103, 102, 103, 102, 103, 102, 103, 160, 161,
    106, 107, 108, 109, 108, 109, 108, 109, 108, 109, 108, 109, 108, 109, 110, 111, 182, 183, 186, 187,
    188, 189, 190, 191, 184, 185, 442, 443, 444, 445, 446, 447, 376, 377, 164, 165, 102, 103, 102, 103,
    102, 103, 102, 103, 102, 103, 102, 103, 70, 71, 70, 71, 70, 71, 70, 71, 70, 71, 70, 71,
    70, 71, 128, 129, 138, 139, 140, 141, 80, 81, 82, 83, 82, 83, 84, 85, 140, 141, 142, 143,
    214, 215, 218, 219, 220, 221, 222, 223, 330, 331, 474, 475, 476, 477, 478, 479, 216, 217, 132, 133,
    70, 71, 70, 71, 70, 71, 70, 71, 70, 71, 70, 71, 102, 103, 102, 103, 102, 103, 102, 103,
    102, 103, 102, 103, 102, 103, 160, 161, 170, 171, 172, 173, 112, 113, 114, 115, 114, 115, 116, 117,
    172, 173, 174, 175, 246, 247, 250, 251, 252, 253, 254, 255, 362, 363, 506, 507, 508, 509, 510, 511,
    248, 249, 164, 165, 102, 103, 102, 103, 102, 103, 102, 103, 102, 103, 102, 103, 70, 71, 70, 71,
    70, 71, 70, 71, 70, 71, 70, 71, 70, 71, 128, 129, 202, 203, 204, 205, 144, 145, 146, 147,
    146, 147, 148, 149, 204, 205, 204, 205, 206, 207, 324, 325, 326, 327, 324, 325, 326, 327, 324, 325,
    326, 327, 324, 325, 278, 279, 132, 133, 70, 71, 70, 71, 70, 71, 70, 71, 70, 71, 70, 71,
    102, 103, 102, 103, 102, 103, 102, 103, 102, 103, 102, 103, 102, 103, 160, 161, 234, 235, 236, 237,
    176, 177, 178, 179, 178, 179, 180, 181, 236, 237, 236, 237, 238, 239, 356, 357, 358, 359, 356, 357,
    358, 359, 356, 357, 358, 359, 356, 357, 310, 311, 164, 165, 102, 103, 102, 103, 102, 103, 102, 103,
    102, 103, 102, 103, 70, 71, 70, 71, 70, 71, 70, 71, 70, 71, 70, 71, 70, 71, 128, 129,
    266, 267, 268, 269, 204, 205, 204, 205, 204, 205, 204, 205, 268, 269, 270, 271, 332, 333, 324, 325,
    326, 327, 324, 325, 326, 327, 324, 325, 326, 327, 324, 325, 278, 279, 132, 133, 70, 71, 70, 71,
    70, 71, 70, 71, 70, 71, 70, 71, 102, 103, 102, 103, 102, 103, 102, 103, 102, 103, 102, 103,
    102, 103, 160, 161, 298, 299, 300, 301, 236, 237, 236, 237, 236, 237, 236, 237, 300, 301, 302, 303,
    332, 333, 356, 357, 358, 359, 356, 357, 358, 359, 356, 357, 358, 359, 356, 357, 310, 311, 164, 165,
    102, 103, 102, 103, 102, 103, 102, 103, 102, 103, 102, 103, 70, 71, 70, 71, 70, 71, 70, 71,
    70, 71, 70, 71, 70, 71, 128, 129, 266, 267, 268, 269, 208, 209, 210, 211, 212, 213, 72, 73,
    268, 269, 334, 335, 136, 137, 218, 219, 220, 221, 222, 223, 342, 343, 342, 343, 342, 343, 92, 93,
    94, 95, 132, 133, 70, 71, 70, 71, 70, 71, 70, 71, 70, 71, 70, 71, 102, 103, 102, 103,
    102, 103, 102, 103, 102, 103, 102, 103, 102, 103, 160, 161, 298, 299, 300, 301, 240, 241, 242, 243,
    244, 245, 104, 105, 300, 301, 366, 367, 168, 169, 250, 251, 252, 253, 254, 255, 374, 375, 374, 375,
    374, 375, 124, 125, 126, 127, 164, 165, 102, 103, 102, 103, 102, 103, 102, 103, 102, 103, 102, 103,
    70, 71, 70, 71, 70, 71, 70, 71, 70, 71, 70, 71, 70, 71, 128, 129, 256, 257, 268, 269,
    204, 205, 204, 205, 204, 205, 204, 205, 268, 269, 334, 335, 200, 201, 194, 195, 194, 195, 194, 195,
    194, 195, 194, 195, 194, 195, 194, 195, 194, 195, 134, 135, 70, 71, 70, 71, 70, 71, 70, 71,
    70, 71, 70, 71, 102, 103, 102, 103, 102, 103, 102, 103, 102, 103, 102, 103, 102, 103, 160, 161,
    288, 289, 300, 301, 236, 237, 236, 237, 236, 237, 236, 237, 300, 301, 366, 367, 232, 233, 226, 227,
    226, 227, 226, 227, 226, 227, 226, 227, 226, 227, 226, 227, 226, 227, 166, 167, 102, 103, 102, 103,
    102, 103, 102, 103, 102, 103, 102, 103, 70, 71, 70, 71, 70, 71, 70, 71, 70, 71, 70, 71,
    70, 71, 128, 129, 320, 321, 268, 269, 268, 269, 268, 269, 268, 269, 268, 269, 268, 269, 334, 335,
    132, 133, 70, 71, 70, 71, 70, 71, 70, 71, 70, 71, 70, 71, 70, 71, 70, 71, 70, 71,
    70, 71, 70, 71, 70, 71, 70, 71, 70, 71, 70, 71, 102, 103, 102, 103, 102, 103, 102, 103,
    102, 103, 102, 103, 102, 103, 160, 161, 352, 353, 300, 301, 300, 301, 300, 301, 300, 301, 300, 301,
    300, 301, 366, 367, 164, 165, 102, 103, 102, 103, 102, 103, 102, 103, 102, 103, 102, 103, 102, 103,
    102, 103, 102, 103, 102, 103, 102, 103, 102, 103, 102, 103, 102, 103, 102, 103, 70, 71, 70, 71,
    70, 71, 70, 71, 70, 71, 70, 71, 70, 71, 128, 129, 258, 259, 268, 269, 268, 269, 268, 269,
    268, 269, 268, 269, 268, 269, 334, 335, 132, 133, 70, 71, 70, 71, 70, 71, 70, 71, 70, 71,
    70, 71, 70, 71, 70, 71, 70, 71, 70, 71, 70, 71, 70, 71, 70, 71, 70, 71, 70, 71,
    102, 103, 102, 103, 102, 103, 102, 103, 102, 103, 102, 103, 102, 103, 160, 161, 290, 291, 300, 301,
    300, 301, 300, 301, 300, 301, 300, 301, 300, 301, 366, 367, 164, 165, 102, 103, 102, 103, 102, 103,
    102, 103, 102, 103, 102, 103, 102, 103, 102, 103, 102, 103, 102, 103, 102, 103, 102, 103, 102, 103,
    102, 103, 102, 103, 70, 71, 70, 71, 70, 71, 70, 71, 70, 71, 70, 71, 70, 71, 128, 129,
    322, 323, 268, 269, 268, 269, 268, 269, 268, 269, 268, 269, 268, 269, 334, 335, 132, 133, 70, 71,
    70, 71, 70, 71, 70, 71, 70, 71, 70, 71, 70, 71, 70, 71, 70, 71, 70, 71, 70, 71,
    70, 71, 70, 71, 70, 71, 70, 71, 102, 103, 102, 103, 102, 103, 102, 103, 102, 103, 102, 103,
    102, 103, 160, 161, 354, 355, 300, 301, 300, 301, 300, 301, 300, 301, 300, 301, 300, 301, 366, 367,
    164, 165, 102, 103, 102, 103, 102, 103, 102, 103, 102, 103, 102, 103, 102, 103, 102, 103, 102, 103,
    102, 103, 102, 103, 102, 103, 102, 103, 102, 103, 102, 103, 70, 71, 70, 71, 70, 71, 70, 71,
    70, 71, 70, 71, 70, 71, 128, 129, 266, 267, 268, 269, 268, 269, 268, 269, 268, 269, 268, 269,
    268, 269, 334, 335, 132, 133, 70, 71, 70, 71, 70, 71, 70, 71, 70, 71, 70, 71, 70, 71,
    70, 71, 70, 71, 70, 71, 70, 71, 70, 71, 70, 71, 70, 71, 70, 71, 102, 103, 102, 103,
    102, 103, 102, 103, 102, 103, 102, 103, 102, 103, 160, 161, 298, 299, 300, 301, 300, 301, 300, 301,
    300, 301, 300, 301, 300, 301, 366, 367, 164, 165, 102, 103, 102, 103, 102, 103, 102, 103, 102, 103,
    102, 103, 102, 103, 102, 103, 102, 103, 102, 103, 102, 103, 102, 103, 102, 103, 102, 103, 102, 103,
    70, 71, 70, 71, 70, 71, 70, 71, 70, 71, 70, 71, 70, 71, 128, 129, 328, 329, 262, 263,
    260, 261, 264, 265, 328, 329, 262, 263, 260, 261, 264, 265, 132, 133, 70, 71, 70, 71, 70, 71,
    70, 71, 70, 71, 70, 71, 70, 71, 70, 71, 70, 71, 70, 71, 70, 71, 70, 71, 70, 71,
    70, 71, 70, 71, 102, 103, 102, 103, 102, 103, 102, 103, 102, 103, 102, 103, 102, 103, 160, 161,
    360, 361, 294, 295, 292, 293, 296, 297, 360, 361, 294, 295, 292, 293, 296, 297, 164, 165, 102, 103,
    102, 103, 102, 103, 102, 103, 102, 103, 102, 103, 102, 103, 102, 103, 102, 103, 102, 103, 102, 103,
    102, 103, 102, 103, 102, 103, 102, 103, 70, 71, 70, 71, 70, 71, 70, 71, 70, 71, 70, 71,
    70, 71, 128, 129, 272, 273, 262, 263, 260, 261, 262, 263, 260, 261, 262, 263, 260, 261, 276, 277,
    132, 133, 70, 71, 70, 71, 70, 71, 70, 71, 70, 71, 70, 71, 70, 71, 70, 71, 70, 71,
    70, 71, 70, 71, 70, 71, 70, 71, 70, 71, 70, 71, 102, 103, 102, 103, 102, 103, 102, 103,
    102, 103, 102, 103, 102, 103, 160, 161, 304, 305, 294, 295, 292, 293, 294, 295, 292, 293, 294, 295,
    292, 293, 308, 309, 164, 165, 102, 103, 102, 103, 102, 103, 102, 103, 102, 103, 102, 103, 102, 103,
    102, 103, 102, 103, 102, 103, 102, 103, 102, 103, 102, 103, 102, 103, 102, 103, 70, 71, 70, 71,
    70, 71, 70, 71, 70, 71, 70, 71, 70, 71, 128, 129, 272, 273, 262, 263, 260, 261, 262, 263,
    260, 261, 262, 263, 260, 261, 276, 277, 132, 133, 70, 71, 70, 71, 70, 71, 70, 71, 70, 71,
    70, 71, 70, 71, 70, 71, 70, 71, 70, 71, 70, 71, 70, 71, 70, 71, 70, 71, 70, 71,
    102, 103, 102, 103, 102, 103, 102, 103, 102, 103, 102, 103, 102, 103, 160, 161, 304, 305, 294, 295,
    292, 293, 294, 295, 292, 293, 294, 295, 292, 293, 308, 309, 164, 165, 102, 103, 102, 103, 102, 103,
    102, 103, 102, 103, 102, 103, 102, 103, 102, 103, 102, 103, 102, 103, 102, 103, 102, 103, 102, 103,
    102, 103, 102, 103, 70, 71, 70, 71, 70, 71, 70, 71, 70, 71, 70, 71, 70, 71, 128, 129,
    336, 337, 338, 339, 338, 339, 338, 339, 338, 339, 338, 339, 338, 339, 340, 341, 132, 133, 70, 71,
    70, 71, 70, 71, 70, 71, 70, 71, 70, 71, 70, 71, 70, 71, 70, 71, 70, 71, 70, 71,
    70, 71, 70, 71, 70, 71, 70, 71, 102, 103, 102, 103, 102, 103, 102, 103, 102, 103, 102, 103,
    102, 103, 160, 161, 368, 369, 370, 371, 370, 371, 370, 371, 370, 371, 370, 371, 370, 371, 372, 373,
    164, 165, 102, 103, 102, 103, 102, 103, 102, 103, 102, 103, 102, 103, 102, 103, 102, 103, 102, 103,
    102, 103, 102, 103, 102, 103, 102, 103, 102, 103, 102, 103, 70, 71, 70, 71, 70, 71, 70, 71,
    70, 71, 70, 71, 70, 71, 192, 193, 194, 195, 194, 195, 196, 197, 274, 275, 274, 275, 198, 199,
    194, 195, 194, 195, 134, 135, 70, 71, 70, 71, 70, 71, 70, 71, 70, 71, 70, 71, 70, 71,
    70, 71, 70, 71, 70, 71, 70, 71, 70, 71, 70, 71, 70, 71, 70, 71, 102, 103, 102, 103,
    102, 103, 102, 103, 102, 103, 102, 103, 102, 103, 224, 225, 226, 227, 226, 227, 228, 229, 306, 307,
    306, 307, 230, 231, 226, 227, 226, 227, 166, 167, 102, 103, 102, 103, 102, 103, 102, 103, 102, 103,
    102, 103, 102, 103, 102, 103, 102, 103, 102, 103, 102, 103, 102, 103, 102, 103, 102, 103, 102, 103,
    70, 71, 70, 71, 70, 71, 70, 71, 70, 71, 70, 71, 70, 71, 70, 71, 70, 71, 70, 71,
    70, 71, 70, 71, 70, 71, 70, 71, 70, 71, 70, 71, 70, 71, 70, 71, 70, 71, 70, 71,
    70, 71, 70, 71, 70, 71, 70, 71, 70, 71, 70, 71, 70, 71, 70, 71, 70, 71, 70, 71,
    70, 71, 70, 71, 102, 103, 102, 103, 102, 103, 102, 103, 102, 103, 102, 103, 102, 103, 102, 103,
    102, 103, 102, 103, 102, 103, 102, 103, 102, 103, 102, 103, 102, 103, 102, 103, 102, 103, 102, 103,
    102, 103, 102, 103, 102, 103, 102, 103, 102, 103, 102, 103, 102, 103, 102, 103, 102, 103, 102, 103,
    102, 103, 102, 103, 102, 103, 102, 103, 70, 71, 70, 71, 70, 71, 70, 71, 70, 71, 70, 71,
    70, 71, 70, 71, 70, 71, 70, 71, 70, 71, 70, 71, 70, 71, 70, 71, 70, 71, 70, 71,
    70, 71, 70, 71, 70, 71, 70, 71, 70, 71, 70, 71, 70, 71, 70, 71, 70, 71, 70, 71,
    70, 71, 70, 71, 70, 71, 70, 71, 70, 71, 70, 71, 102, 103, 102, 103, 102, 103, 102, 103,
    102, 103, 102, 103, 102, 103, 102, 103, 102, 103, 102, 103, 102, 103, 102, 103, 102, 103, 102, 103,
    102, 103, 102, 103, 102, 103, 102, 103, 102, 103, 102, 103, 102, 103, 102, 103, 102, 103, 102, 103,
    102, 103, 102, 103, 102, 103, 102, 103, 102, 103, 102, 103, 102, 103, 102, 103, 70, 71, 70, 71,
    70, 71, 70, 71, 70, 71, 70, 71, 70, 71, 70, 71, 70, 71, 70, 71, 70, 71, 70, 71,
    70, 71, 70, 71, 70, 71, 70, 71, 70, 71, 70, 71, 70, 71, 70, 71, 70, 71, 70, 71,
    70, 71, 70, 71, 70, 71, 70, 71, 70, 71, 70, 71, 70, 71, 70, 71, 70, 71, 70, 71,
    102, 103, 102, 103, 102, 103, 102, 103, 102, 103, 102, 103, 102, 103, 102, 103, 102, 103, 102, 103,
    102, 103, 102, 103, 102, 103, 102, 103, 102, 103, 102, 103, 102, 103, 102, 103, 102, 103, 102, 103,
    102, 103, 102, 103, 102, 103, 102, 103, 102, 103, 102, 103, 102, 103, 102, 103, 102, 103, 102, 103,
    102, 103, 102, 103, 70, 71, 70, 71, 70, 71, 70, 71, 70, 71, 70, 71, 70, 71, 70, 71,
    70, 71, 70, 71, 70, 71, 70, 71, 70, 71, 70, 71, 70, 71, 70, 71, 70, 71, 70, 71,
    70, 71, 70, 71, 70, 71, 70, 71, 70, 71, 70, 71, 70, 71, 70, 71, 70, 71, 70, 71,
    70, 71, 70, 71, 70, 71, 70, 71, 102, 103, 102, 103, 102, 103, 102, 103, 102, 103, 102, 103,
    102, 103, 102, 103, 102, 103, 102, 103, 102, 103, 102, 103, 102, 103, 102, 103, 102, 103, 102, 103,
    102, 103, 102, 103, 102, 103, 102, 103, 102, 103, 102, 103, 102, 103, 102, 103, 102, 103, 102, 103,
    102, 103, 102, 103, 102, 103, 102, 103, 102, 103, 102, 103, 70, 71, 70, 71, 70, 71, 70, 71,
    70, 71, 70, 71, 70, 71, 70, 71, 70, 71, 70, 71, 70, 71, 70, 71, 70, 71, 70, 71,
    70, 71, 70, 71, 70, 71, 70, 71, 70, 71, 70, 71, 70, 71, 70, 71, 70, 71, 70, 71,
    70, 71, 70, 71, 70, 71, 70, 71, 70, 71, 70, 71, 70, 71, 70, 71, 102, 103, 102, 103,
    102, 103, 102, 103, 102, 103, 102, 103, 102, 103, 102, 103, 102, 103, 102, 103, 102, 103, 102, 103,
    102, 103, 102, 103, 102, 103, 102, 103, 102, 103, 102, 103, 102, 103, 102, 103, 102, 103, 102, 103,
    102, 103, 102, 103, 102, 103, 102, 103, 102, 103, 102, 103, 102, 103, 102, 103, 102, 103, 102, 103,
    70, 71, 70, 71, 70, 71, 70, 71, 70, 71, 70, 71, 70, 71, 70, 71, 70, 71, 70, 71,
    70, 71, 70, 71, 70, 71, 70, 71, 70, 71, 70, 71, 70, 71, 70, 71, 70, 71, 70, 71,
    70, 71, 70, 71, 70, 71, 70, 71, 70, 71, 70, 71, 70, 71, 70, 71, 70, 71, 70, 71,
    70, 71, 70, 71, 102, 103, 102, 103, 102, 103, 102, 103, 102, 103, 102, 103, 102, 103, 102, 103,
    102, 103, 102, 103, 102, 103, 102, 103, 102, 103, 102, 103, 102, 103, 102, 103, 102, 103, 102, 103,
    102, 103, 102, 103, 102, 103, 102, 103, 102, 103, 102, 103, 102, 103, 102, 103, 102, 103, 102, 103,
    102, 103, 102, 103, 102, 103, 102, 103, 70, 71, 70, 71, 70, 71, 70, 71, 70, 71, 70, 71,
    70, 71, 70, 71, 70, 71, 70, 71, 70, 71, 70, 71, 70, 71, 70, 71, 70, 71, 70, 71,
    70, 71, 70, 71, 70, 71, 70, 71, 70, 71, 70, 71, 70, 71, 70, 71, 70, 71, 70, 71,
    70, 71, 70, 71, 70, 71, 70, 71, 70, 71, 70, 71, 102, 103, 102, 103, 102, 103, 102, 103,
    102, 103, 102, 103, 102, 103, 102, 103, 102, 103, 102, 103, 102, 103, 102, 103, 102, 103, 102, 103,
    102, 103, 102, 103, 102, 103, 102, 103, 102, 103, 102, 103, 102, 103, 102, 103, 102, 103, 102, 103,
    102, 103, 102, 103, 102, 103, 102, 103, 102, 103, 102, 103, 102, 103, 102, 103
};

const u16 gb_level01_layer_b[4096] = {
    0, 0, 0, 0, 0, 0, 0, 0, 0, 0, 0, 0, 0, 0, 0, 0, 0, 0, 0, 0,
    0, 0, 0, 0, 0, 0, 0, 0, 0, 0, 0, 0, 0, 0, 0, 0, 0, 0, 0, 0,
    0, 0, 0, 0, 0, 0, 0, 0, 0, 0, 0, 0, 0, 0, 0, 0, 0, 0, 0, 0,
    0, 0, 0, 0, 0, 0, 0, 0, 0, 0, 0, 0, 0, 0, 0, 0, 0, 0, 0, 0,
    0, 0, 0, 0, 0, 0, 0, 0, 0, 0, 0, 0, 0, 0, 0, 0, 0, 0, 0, 0,
    0, 0, 0, 0, 0, 0, 0, 0, 0, 0, 0, 0, 0, 0, 0, 0, 0, 0, 0, 0,
    0, 0, 0, 0, 0, 0, 0, 0, 0, 0, 0, 0, 0, 0, 0, 0, 0, 0, 0, 0,
    0, 0, 0, 0, 0, 0, 0, 0, 0, 0, 0, 0, 0, 0, 0, 0, 0, 0, 0, 0,
    0, 0, 0, 0, 0, 0, 0, 0, 0, 0, 0, 0, 0, 0, 0, 0, 0, 0, 0, 0,
    0, 0, 0, 0, 0, 0, 0, 0, 0, 0, 0, 0, 0, 0, 0, 0, 0, 0, 0, 0,
    0, 0, 0, 0, 0, 0, 0, 0, 0, 0, 0, 0, 0, 0, 0, 0, 0, 0, 0, 0,
    0, 0, 0, 0, 0, 0, 0, 0, 0, 0, 0, 0, 0, 0, 0, 0, 0, 0, 0, 0,
    0, 0, 0, 0, 0, 0, 0, 0, 0, 0, 0, 0, 0, 0, 0, 0, 0, 0, 0, 0,
    0, 0, 0, 0, 0, 0, 0, 0, 0, 0, 0, 0, 0, 0, 0, 0, 0, 0, 0, 0,
    0, 0, 0, 0, 0, 0, 0, 0, 0, 0, 0, 0, 0, 0, 0, 0, 0, 0, 0, 0,
    0, 0, 0, 0, 0, 0, 0, 0, 0, 0, 0, 0, 0, 0, 0, 0, 0, 0, 0, 0,
    0, 0, 0, 0, 0, 0, 0, 0, 0, 0, 0, 0, 0, 0, 0, 0, 0, 0, 0, 0,
    0, 0, 0, 0, 0, 0, 0, 0, 0, 0, 0, 0, 0, 0, 0, 0, 0, 0, 0, 0,
    0, 0, 0, 0, 0, 0, 0, 0, 0, 0, 0, 0, 0, 0, 0, 0, 0, 0, 0, 0,
    0, 0, 0, 0, 0, 0, 0, 0, 0, 0, 0, 0, 0, 0, 0, 0, 0, 0, 0, 0,
    0, 0, 0, 0, 0, 0, 0, 0, 0, 0, 0, 0, 0, 0, 0, 0, 0, 0, 0, 0,
    0, 0, 0, 0, 0, 0, 0, 0, 0, 0, 0, 0, 0, 0, 0, 0, 0, 0, 0, 0,
    0, 0, 0, 0, 0, 0, 0, 0, 0, 0, 0, 0, 0, 0, 0, 0, 0, 0, 0, 0,
    0, 0, 0, 0, 0, 0, 0, 0, 0, 0, 0, 0, 0, 0, 0, 0, 0, 0, 0, 0,
    0, 0, 0, 0, 0, 0, 0, 0, 0, 0, 0, 0, 0, 0, 0, 0, 0, 0, 0, 0,
    0, 0, 0, 0, 0, 0, 0, 0, 0, 0, 0, 0, 0, 0, 0, 0, 0, 0, 0, 0,
    0, 0, 0, 0, 0, 0, 0, 0, 0, 0, 0, 0, 0, 0, 0, 0, 0, 0, 0, 0,
    0, 0, 0, 0, 0, 0, 0, 0, 0, 0, 0, 0, 0, 0, 0, 0, 0, 0, 0, 0,
    0, 0, 0, 0, 0, 0, 0, 0, 0, 0, 0, 0, 0, 0, 0, 0, 0, 0, 0, 0,
    0, 0, 0, 0, 0, 0, 0, 0, 0, 0, 0, 0, 0, 0, 0, 0, 0, 0, 0, 0,
    0, 0, 0, 0, 0, 0, 0, 0, 0, 0, 0, 0, 0, 0, 0, 0, 0, 0, 0, 0,
    0, 0, 0, 0, 0, 0, 0, 0, 0, 0, 0, 0, 0, 0, 0, 0, 0, 0, 0, 0,
    0, 0, 0, 0, 0, 0, 0, 0, 0, 0, 0, 0, 0, 0, 0, 0, 0, 0, 0, 0,
    0, 0, 0, 0, 0, 0, 0, 0, 0, 0, 0, 0, 0, 0, 0, 0, 0, 0, 0, 0,
    0, 0, 0, 0, 0, 0, 0, 0, 0, 0, 0, 0, 0, 0, 0, 0, 0, 0, 0, 0,
    0, 0, 0, 0, 0, 0, 0, 0, 0, 0, 0, 0, 0, 0, 0, 0, 0, 0, 0, 0,
    0, 0, 0, 0, 0, 0, 0, 0, 0, 0, 0, 0, 0, 0, 0, 0, 0, 0, 0, 0,
    0, 0, 0, 0, 0, 0, 0, 0, 0, 0, 0, 0, 0, 0, 0, 0, 0, 0, 0, 0,
    0, 0, 0, 0, 0, 0, 0, 0, 0, 0, 0, 0, 0, 0, 0, 0, 0, 0, 0, 0,
    0, 0, 0, 0, 0, 0, 0, 0, 0, 0, 0, 0, 0, 0, 0, 0, 0, 0, 0, 0,
    0, 0, 0, 0, 0, 0, 0, 0, 0, 0, 0, 0, 0, 0, 0, 0, 0, 0, 0, 0,
    0, 0, 0, 0, 0, 0, 0, 0, 0, 0, 0, 0, 0, 0, 0, 0, 0, 0, 0, 0,
    0, 0, 0, 0, 0, 0, 0, 0, 0, 0, 0, 0, 0, 0, 0, 0, 0, 0, 0, 0,
    0, 0, 0, 0, 0, 0, 0, 0, 0, 0, 0, 0, 0, 0, 0, 0, 0, 0, 0, 0,
    0, 0, 0, 0, 0, 0, 0, 0, 0, 0, 0, 0, 0, 0, 0, 0, 0, 0, 0, 0,
    0, 0, 0, 0, 0, 0, 0, 0, 0, 0, 0, 0, 0, 0, 0, 0, 0, 0, 0, 0,
    0, 0, 0, 0, 0, 0, 0, 0, 0, 0, 0, 0, 0, 0, 0, 0, 0, 0, 0, 0,
    0, 0, 0, 0, 0, 0, 0, 0, 0, 0, 0, 0, 0, 0, 0, 0, 0, 0, 0, 0,
    0, 0, 0, 0, 0, 0, 0, 0, 0, 0, 0, 0, 0, 0, 0, 0, 0, 0, 0, 0,
    0, 0, 0, 0, 0, 0, 0, 0, 0, 0, 0, 0, 0, 0, 0, 0, 0, 0, 0, 0,
    0, 0, 0, 0, 0, 0, 0, 0, 0, 0, 0, 0, 0, 0, 0, 0, 0, 0, 0, 0,
    0, 0, 0, 0, 0, 0, 0, 0, 0, 0, 0, 0, 0, 0, 0, 0, 0, 0, 0, 0,
    0, 0, 0, 0, 0, 0, 0, 0, 0, 0, 0, 0, 0, 0, 0, 0, 0, 0, 0, 0,
    0, 0, 0, 0, 0, 0, 0, 0, 0, 0, 0, 0, 0, 0, 0, 0, 0, 0, 0, 0,
    0, 0, 0, 0, 0, 0, 0, 0, 0, 0, 0, 0, 0, 0, 0, 0, 0, 0, 0, 0,
    0, 0, 0, 0, 0, 0, 0, 0, 0, 0, 0, 0, 0, 0, 0, 0, 0, 0, 0, 0,
    0, 0, 0, 0, 0, 0, 0, 0, 0, 0, 0, 0, 0, 0, 0, 0, 0, 0, 0, 0,
    0, 0, 0, 0, 0, 0, 0, 0, 0, 0, 0, 0, 0, 0, 0, 0, 0, 0, 0, 0,
    0, 0, 0, 0, 0, 0, 0, 0, 0, 0, 0, 0, 0, 0, 0, 0, 0, 0, 0, 0,
    0, 0, 0, 0, 0, 0, 0, 0, 0, 0, 0, 0, 0, 0, 0, 0, 0, 0, 0, 0,
    0, 0, 0, 0, 0, 0, 0, 0, 0, 0, 0, 0, 0, 0, 0, 0, 0, 0, 0, 0,
    0, 0, 0, 0, 0, 0, 0, 0, 0, 0, 0, 0, 0, 0, 0, 0, 0, 0, 0, 0,
    0, 0, 0, 0, 0, 0, 0, 0, 0, 0, 0, 0, 0, 0, 0, 0, 0, 0, 0, 0,
    0, 0, 0, 0, 0, 0, 0, 0, 0, 0, 0, 0, 0, 0, 0, 0, 0, 0, 0, 0,
    0, 0, 0, 0, 0, 0, 0, 0, 0, 0, 0, 0, 0, 0, 0, 0, 0, 0, 0, 0,
    0, 0, 0, 0, 0, 0, 0, 0, 0, 0, 0, 0, 0, 0, 0, 0, 0, 0, 0, 0,
    0, 0, 0, 0, 0, 0, 0, 0, 0, 0, 0, 0, 0, 0, 0, 0, 0, 0, 0, 0,
    0, 0, 0, 0, 0, 0, 0, 0, 0, 0, 0, 0, 0, 0, 0, 0, 0, 0, 0, 0,
    0, 0, 0, 0, 0, 0, 0, 0, 0, 0, 0, 0, 0, 0, 0, 0, 0, 0, 0, 0,
    0, 0, 0, 0, 0, 0, 0, 0, 0, 0, 0, 0, 0, 0, 0, 0, 0, 0, 0, 0,
    0, 0, 0, 0, 0, 0, 0, 0, 0, 0, 0, 0, 0, 0, 0, 0, 0, 0, 0, 0,
    0, 0, 0, 0, 0, 0, 0, 0, 0, 0, 0, 0, 0, 0, 0, 0, 0, 0, 0, 0,
    0, 0, 0, 0, 0, 0, 0, 0, 0, 0, 0, 0, 0, 0, 0, 0, 0, 0, 0, 0,
    0, 0, 0, 0, 0, 0, 0, 0, 0, 0, 0, 0, 0, 0, 0, 0, 0, 0, 0, 0,
    0, 0, 0, 0, 0, 0, 0, 0, 0, 0, 0, 0, 0, 0, 0, 0, 0, 0, 0, 0,
    0, 0, 0, 0, 0, 0, 0, 0, 0, 0, 0, 0, 0, 0, 0, 0, 0, 0, 0, 0,
    0, 0, 0, 0, 0, 0, 0, 0, 0, 0, 0, 0, 0, 0, 0, 0, 0, 0, 0, 0,
    0, 0, 0, 0, 0, 0, 0, 0, 0, 0, 0, 0, 0, 0, 0, 0, 0, 0, 0, 0,
    0, 0, 0, 0, 0, 0, 0, 0, 0, 0, 0, 0, 0, 0, 0, 0, 0, 0, 0, 0,
    0, 0, 0, 0, 0, 0, 0, 0, 0, 0, 0, 0, 0, 0, 0, 0, 0, 0, 0, 0,
    0, 0, 0, 0, 0, 0, 0, 0, 0, 0, 0, 0, 0, 0, 0, 0, 0, 0, 0, 0,
    0, 0, 0, 0, 0, 0, 0, 0, 0, 0, 0, 0, 0, 0, 0, 0, 0, 0, 0, 0,
    0, 0, 0, 0, 0, 0, 0, 0, 0, 0, 0, 0, 0, 0, 0, 0, 0, 0, 0, 0,
    0, 0, 0, 0, 0, 0, 0, 0, 0, 0, 0, 0, 0, 0, 0, 0, 0, 0, 0, 0,
    0, 0, 0, 0, 0, 0, 0, 0, 0, 0, 0, 0, 0, 0, 0, 0, 0, 0, 0, 0,
    0, 0, 0, 0, 0, 0, 0, 0, 0, 0, 0, 0, 0, 0, 0, 0, 0, 0, 0, 0,
    0, 0, 0, 0, 0, 0, 0, 0, 0, 0, 0, 0, 0, 0, 0, 0, 0, 0, 0, 0,
    0, 0, 0, 0, 0, 0, 0, 0, 0, 0, 0, 0, 0, 0, 0, 0, 0, 0, 0, 0,
    0, 0, 0, 0, 0, 0, 0, 0, 0, 0, 0, 0, 0, 0, 0, 0, 0, 0, 0, 0,
    0, 0, 0, 0, 0, 0, 0, 0, 0, 0, 0, 0, 0, 0, 0, 0, 0, 0, 0, 0,
    0, 0, 0, 0, 0, 0, 0, 0, 0, 0, 0, 0, 0, 0, 0, 0, 0, 0, 0, 0,
    0, 0, 0, 0, 0, 0, 0, 0, 0, 0, 0, 0, 0, 0, 0, 0, 0, 0, 0, 0,
    0, 0, 0, 0, 0, 0, 0, 0, 0, 0, 0, 0, 0, 0, 0, 0, 0, 0, 0, 0,
    0, 0, 0, 0, 0, 0, 0, 0, 0, 0, 0, 0, 0, 0, 0, 0, 0, 0, 0, 0,
    0, 0, 0, 0, 0, 0, 0, 0, 0, 0, 0, 0, 0, 0, 0, 0, 0, 0, 0, 0,
    0, 0, 0, 0, 0, 0, 0, 0, 0, 0, 0, 0, 0, 0, 0, 0, 0, 0, 0, 0,
    0, 0, 0, 0, 0, 0, 0, 0, 0, 0, 0, 0, 0, 0, 0, 0, 0, 0, 0, 0,
    0, 0, 0, 0, 0, 0, 0, 0, 0, 0, 0, 0, 0, 0, 0, 0, 0, 0, 0, 0,
    0, 0, 0, 0, 0, 0, 0, 0, 0, 0, 0, 0, 0, 0, 0, 0, 0, 0, 0, 0,
    0, 0, 0, 0, 0, 0, 0, 0, 0, 0, 0, 0, 0, 0, 0, 0, 0, 0, 0, 0,
    0, 0, 0, 0, 0, 0, 0, 0, 0, 0, 0, 0, 0, 0, 0, 0, 0, 0, 0, 0,
    0, 0, 0, 0, 0, 0, 0, 0, 0, 0, 0, 0, 0, 0, 0, 0, 0, 0, 0, 0,
    0, 0, 0, 0, 0, 0, 0, 0, 0, 0, 0, 0, 0, 0, 0, 0, 0, 0, 0, 0,
    0, 0, 0, 0, 0, 0, 0, 0, 0, 0, 0, 0, 0, 0, 0, 0, 0, 0, 0, 0,
    0, 0, 0, 0, 0, 0, 0, 0, 0, 0, 0, 0, 0, 0, 0, 0, 0, 0, 0, 0,
    0, 0, 0, 0, 0, 0, 0, 0, 0, 0, 0, 0, 0, 0, 0, 0, 0, 0, 0, 0,
    0, 0, 0, 0, 0, 0, 0, 0, 0, 0, 0, 0, 0, 0, 0, 0, 0, 0, 0, 0,
    0, 0, 0, 0, 0, 0, 0, 0, 0, 0, 0, 0, 0, 0, 0, 0, 0, 0, 0, 0,
    0, 0, 0, 0, 0, 0, 0, 0, 0, 0, 0, 0, 0, 0, 0, 0, 0, 0, 0, 0,
    0, 0, 0, 0, 0, 0, 0, 0, 0, 0, 0, 0, 0, 0, 0, 0, 0, 0, 0, 0,
    0, 0, 0, 0, 0, 0, 0, 0, 0, 0, 0, 0, 0, 0, 0, 0, 0, 0, 0, 0,
    0, 0, 0, 0, 0, 0, 0, 0, 0, 0, 0, 0, 0, 0, 0, 0, 0, 0, 0, 0,
    0, 0, 0, 0, 0, 0, 0, 0, 0, 0, 0, 0, 0, 0, 0, 0, 0, 0, 0, 0,
    0, 0, 0, 0, 0, 0, 0, 0, 0, 0, 0, 0, 0, 0, 0, 0, 0, 0, 0, 0,
    0, 0, 0, 0, 0, 0, 0, 0, 0, 0, 0, 0, 0, 0, 0, 0, 0, 0, 0, 0,
    0, 0, 0, 0, 0, 0, 0, 0, 0, 0, 0, 0, 0, 0, 0, 0, 0, 0, 0, 0,
    0, 0, 0, 0, 0, 0, 0, 0, 0, 0, 0, 0, 0, 0, 0, 0, 0, 0, 0, 0,
    0, 0, 0, 0, 0, 0, 0, 0, 0, 0, 0, 0, 0, 0, 0, 0, 0, 0, 0, 0,
    0, 0, 0, 0, 0, 0, 0, 0, 0, 0, 0, 0, 0, 0, 0, 0, 0, 0, 0, 0,
    0, 0, 0, 0, 0, 0, 0, 0, 0, 0, 0, 0, 0, 0, 0, 0, 0, 0, 0, 0,
    0, 0, 0, 0, 0, 0, 0, 0, 0, 0, 0, 0, 0, 0, 0, 0, 0, 0, 0, 0,
    0, 0, 0, 0, 0, 0, 0, 0, 0, 0, 0, 0, 0, 0, 0, 0, 0, 0, 0, 0,
    0, 0, 0, 0, 0, 0, 0, 0, 0, 0, 0, 0, 0, 0, 0, 0, 0, 0, 0, 0,
    0, 0, 0, 0, 0, 0, 0, 0, 0, 0, 0, 0, 0, 0, 0, 0, 0, 0, 0, 0,
    0, 0, 0, 0, 0, 0, 0, 0, 0, 0, 0, 0, 0, 0, 0, 0, 0, 0, 0, 0,
    0, 0, 0, 0, 0, 0, 0, 0, 0, 0, 0, 0, 0, 0, 0, 0, 0, 0, 0, 0,
    0, 0, 0, 0, 0, 0, 0, 0, 0, 0, 0, 0, 0, 0, 0, 0, 0, 0, 0, 0,
    0, 0, 0, 0, 0, 0, 0, 0, 0, 0, 0, 0, 0, 0, 0, 0, 0, 0, 0, 0,
    0, 0, 0, 0, 0, 0, 0, 0, 0, 0, 0, 0, 0, 0, 0, 0, 0, 0, 0, 0,
    0, 0, 0, 0, 0, 0, 0, 0, 0, 0, 0, 0, 0, 0, 0, 0, 0, 0, 0, 0,
    0, 0, 0, 0, 0, 0, 0, 0, 0, 0, 0, 0, 0, 0, 0, 0, 0, 0, 0, 0,
    0, 0, 0, 0, 0, 0, 0, 0, 0, 0, 0, 0, 0, 0, 0, 0, 0, 0, 0, 0,
    0, 0, 0, 0, 0, 0, 0, 0, 0, 0, 0, 0, 0, 0, 0, 0, 0, 0, 0, 0,
    0, 0, 0, 0, 0, 0, 0, 0, 0, 0, 0, 0, 0, 0, 0, 0, 0, 0, 0, 0,
    0, 0, 0, 0, 0, 0, 0, 0, 0, 0, 0, 0, 0, 0, 0, 0, 0, 0, 0, 0,
    0, 0, 0, 0, 0, 0, 0, 0, 0, 0, 0, 0, 0, 0, 0, 0, 316, 317, 318, 319,
    0, 0, 0, 0, 0, 0, 0, 0, 0, 0, 0, 0, 0, 0, 0, 0, 0, 0, 0, 0,
    0, 0, 0, 0, 0, 0, 0, 0, 0, 0, 0, 0, 0, 0, 0, 0, 0, 0, 0, 0,
    0, 0, 0, 0, 0, 0, 0, 0, 0, 0, 0, 0, 0, 0, 0, 0, 0, 0, 0, 0,
    348, 349, 350, 351, 0, 0, 0, 0, 0, 0, 0, 0, 0, 0, 0, 0, 0, 0, 0, 0,
    0, 0, 0, 0, 0, 0, 0, 0, 0, 0, 0, 0, 0, 0, 0, 0, 0, 0, 0, 0,
    0, 0, 0, 0, 0, 0, 0, 0, 0, 0, 0, 0, 0, 0, 0, 0, 0, 0, 0, 0,
    0, 0, 0, 0, 380, 381, 382, 383, 0, 0, 0, 0, 0, 0, 0, 0, 0, 0, 0, 0,
    0, 0, 0, 0, 0, 0, 0, 0, 0, 0, 0, 0, 0, 0, 0, 0, 0, 0, 0, 0,
    0, 0, 0, 0, 0, 0, 0, 0, 0, 0, 0, 0, 0, 0, 0, 0, 0, 0, 0, 0,
    0, 0, 0, 0, 0, 0, 0, 0, 0, 0, 0, 0, 0, 0, 0, 0, 0, 0, 0, 0,
    0, 0, 0, 0, 0, 0, 0, 0, 0, 0, 0, 0, 0, 0, 0, 0, 0, 0, 0, 0,
    0, 0, 0, 0, 0, 0, 0, 0, 0, 0, 0, 0, 0, 0, 0, 0, 0, 0, 0, 0,
    0, 0, 0, 0, 0, 0, 0, 0, 0, 0, 0, 0, 0, 0, 0, 0, 0, 0, 0, 0,
    0, 0, 0, 0, 0, 0, 0, 0, 0, 0, 0, 0, 0, 0, 0, 0, 0, 0, 0, 0,
    0, 0, 0, 0, 0, 0, 0, 0, 0, 0, 0, 0, 0, 0, 0, 0, 0, 0, 0, 0,
    0, 0, 0, 0, 0, 0, 0, 0, 0, 0, 0, 0, 0, 0, 0, 0, 0, 0, 0, 0,
    0, 0, 0, 0, 0, 0, 0, 0, 0, 0, 0, 0, 0, 0, 0, 0, 0, 0, 0, 0,
    0, 0, 0, 0, 0, 0, 0, 0, 0, 0, 0, 0, 0, 0, 0, 0, 0, 0, 0, 0,
    0, 0, 0, 0, 0, 0, 0, 0, 0, 0, 0, 0, 0, 0, 0, 0, 0, 0, 0, 0,
    0, 0, 0, 0, 0, 0, 0, 0, 0, 0, 0, 0, 0, 0, 0, 0, 0, 0, 0, 0,
    0, 0, 0, 0, 0, 0, 0, 0, 0, 0, 0, 0, 0, 0, 0, 0, 0, 0, 0, 0,
    0, 0, 0, 0, 0, 0, 0, 0, 0, 0, 0, 0, 0, 0, 0, 0, 0, 0, 0, 0,
    0, 0, 0, 0, 0, 0, 0, 0, 0, 0, 0, 0, 0, 0, 0, 0, 0, 0, 0, 0,
    0, 0, 0, 0, 0, 0, 0, 0, 0, 0, 0, 0, 0, 0, 0, 0, 0, 0, 0, 0,
    0, 0, 0, 0, 0, 0, 0, 0, 0, 0, 0, 0, 0, 0, 0, 0, 0, 0, 0, 0,
    0, 0, 0, 0, 0, 0, 0, 0, 0, 0, 0, 0, 0, 0, 0, 0, 0, 0, 0, 0,
    0, 0, 0, 0, 0, 0, 0, 0, 0, 0, 0, 0, 0, 0, 0, 0, 0, 0, 0, 0,
    0, 0, 0, 0, 0, 0, 0, 0, 0, 0, 0, 0, 0, 0, 0, 0, 0, 0, 0, 0,
    0, 0, 0, 0, 0, 0, 0, 0, 0, 0, 0, 0, 0, 0, 0, 0, 0, 0, 0, 0,
    0, 0, 0, 0, 0, 0, 0, 0, 0, 0, 0, 0, 0, 0, 0, 0, 0, 0, 0, 0,
    0, 0, 0, 0, 0, 0, 0, 0, 0, 0, 0, 0, 0, 0, 0, 0, 0, 0, 0, 0,
    0, 0, 0, 0, 0, 0, 0, 0, 0, 0, 0, 0, 0, 0, 0, 0, 0, 0, 0, 0,
    0, 0, 0, 0, 0, 0, 0, 0, 0, 0, 0, 0, 0, 0, 0, 0, 0, 0, 0, 0,
    0, 0, 0, 0, 0, 0, 0, 0, 0, 0, 0, 0, 0, 0, 0, 0, 0, 0, 0, 0,
    0, 0, 0, 0, 0, 0, 0, 0, 0, 0, 0, 0, 0, 0, 0, 0, 0, 0, 0, 0,
    0, 0, 0, 0, 0, 0, 0, 0, 0, 0, 0, 0, 0, 0, 0, 0, 0, 0, 0, 0,
    0, 0, 0, 0, 0, 0, 0, 0, 0, 0, 0, 0, 0, 0, 0, 0, 0, 0, 0, 0,
    0, 0, 0, 0, 0, 0, 0, 0, 0, 0, 0, 0, 0, 0, 0, 0, 0, 0, 0, 0,
    0, 0, 0, 0, 0, 0, 0, 0, 0, 0, 0, 0, 0, 0, 0, 0, 0, 0, 0, 0,
    0, 0, 0, 0, 0, 0, 0, 0, 0, 0, 0, 0, 0, 0, 0, 0, 0, 0, 0, 0,
    0, 0, 0, 0, 0, 0, 0, 0, 0, 0, 0, 0, 0, 0, 0, 0, 0, 0, 0, 0,
    0, 0, 0, 0, 0, 0, 0, 0, 0, 0, 0, 0, 0, 0, 0, 0, 0, 0, 0, 0,
    0, 0, 0, 0, 0, 0, 0, 0, 0, 0, 0, 0, 0, 0, 0, 0, 0, 0, 0, 0,
    0, 0, 0, 0, 0, 0, 0, 0, 0, 0, 0, 0, 0, 0, 0, 0, 0, 0, 0, 0,
    0, 0, 0, 0, 0, 0, 0, 0, 0, 0, 0, 0, 0, 0, 0, 0, 0, 0, 0, 0,
    0, 0, 0, 0, 0, 0, 0, 0, 0, 0, 0, 0, 0, 0, 0, 0, 0, 0, 0, 0,
    0, 0, 0, 0, 0, 0, 0, 0, 0, 0, 0, 0, 0, 0, 0, 0, 0, 0, 0, 0,
    0, 0, 0, 0, 0, 0, 0, 0, 0, 0, 0, 0, 0, 0, 0, 0, 0, 0, 0, 0,
    0, 0, 0, 0, 0, 0, 0, 0, 0, 0, 0, 0, 0, 0, 0, 0, 0, 0, 0, 0,
    0, 0, 0, 0, 0, 0, 0, 0, 0, 0, 0, 0, 0, 0, 0, 0, 0, 0, 0, 0,
    0, 0, 0, 0, 0, 0, 0, 0, 0, 0, 0, 0, 0, 0, 0, 0, 0, 0, 0, 0,
    0, 0, 0, 0, 0, 0, 0, 0, 0, 0, 0, 0, 0, 0, 0, 0, 0, 0, 0, 0,
    0, 0, 0, 0, 0, 0, 0, 0, 0, 0, 0, 0, 0, 0, 0, 0, 0, 0, 0, 0,
    0, 0, 0, 0, 0, 0, 0, 0, 0, 0, 0, 0, 0, 0, 0, 0, 0, 0, 0, 0,
    0, 0, 0, 0, 0, 0, 0, 0, 0, 0, 0, 0, 0, 0, 0, 0, 0, 0, 0, 0,
    0, 0, 0, 0, 0, 0, 0, 0, 0, 0, 0, 0, 0, 0, 0, 0, 0, 0, 0, 0,
    0, 0, 0, 0, 0, 0, 0, 0, 0, 0, 0, 0, 0, 0, 0, 0, 0, 0, 0, 0,
    0, 0, 0, 0, 0, 0, 0, 0, 0, 0, 0, 0, 0, 0, 0, 0, 0, 0, 0, 0,
    0, 0, 0, 0, 0, 0, 0, 0, 0, 0, 0, 0, 0, 0, 0, 0, 0, 0, 0, 0,
    0, 0, 0, 0, 0, 0, 0, 0, 0, 0, 0, 0, 0, 0, 0, 0, 0, 0, 0, 0,
    0, 0, 0, 0, 0, 0, 0, 0, 0, 0, 0, 0, 0, 0, 0, 0, 0, 0, 0, 0,
    0, 0, 0, 0, 0, 0, 0, 0, 0, 0, 0, 0, 0, 0, 0, 0, 0, 0, 0, 0,
    0, 0, 0, 0, 0, 0, 0, 0, 0, 0, 0, 0, 0, 0, 0, 0, 0, 0, 0, 0,
    0, 0, 0, 0, 0, 0, 0, 0, 0, 0, 0, 0, 0, 0, 0, 0, 0, 0, 0, 0,
    0, 0, 0, 0, 0, 0, 0, 0, 0, 0, 0, 0, 0, 0, 0, 0, 0, 0, 0, 0,
    0, 0, 0, 0, 0, 0, 0, 0, 0, 0, 0, 0, 0, 0, 0, 0, 0, 0, 0, 0,
    0, 0, 0, 0, 0, 0, 0, 0, 0, 0, 0, 0, 0, 0, 0, 0, 0, 0, 0, 0,
    0, 0, 0, 0, 0, 0, 0, 0, 0, 0, 0, 0, 0, 0, 0, 0, 0, 0, 0, 0,
    0, 0, 0, 0, 0, 0, 0, 0, 0, 0, 0, 0, 0, 0, 0, 0
};

const u16 gb_level01_fixed_map[2048] = {
    3154, 3155, 3154, 3155, 3154, 3155, 3154, 3155, 3154, 3155, 3154, 3155, 3154, 3155, 3154, 3155, 3154, 3155, 3154, 3155,
    3154, 3155, 3154, 3155, 3154, 3155, 3154, 3155, 3154, 3155, 3154, 3155, 3154, 3155, 3154, 3155, 3154, 3155, 3154, 3155,
    3154, 3155, 3154, 3155, 3154, 3155, 3154, 3155, 3154, 3155, 3154, 3155, 3154, 3155, 3154, 3155, 3154, 3155, 3154, 3155,
    3154, 3155, 3154, 3155, 3186, 3187, 3186, 3187, 3186, 3187, 3186, 3187, 3186, 3187, 3186, 3187, 3186, 3187, 3186, 3187,
    3186, 3187, 3186, 3187, 3186, 3187, 3186, 3187, 3186, 3187, 3186, 3187, 3186, 3187, 3186, 3187, 3186, 3187, 3186, 3187,
    3186, 3187, 3186, 3187, 3186, 3187, 3186, 3187, 3186, 3187, 3186, 3187, 3186, 3187, 3186, 3187, 3186, 3187, 3186, 3187,
    3186, 3187, 3186, 3187, 3186, 3187, 3186, 3187, 3152, 3153, 3152, 3153, 3152, 3153, 3152, 3153, 3152, 3153, 3152, 3153,
    3152, 3153, 3152, 3153, 3152, 3153, 3152, 3153, 3152, 3153, 3152, 3153, 3152, 3153, 3152, 3153, 3152, 3153, 3152, 3153,
    3152, 3153, 3152, 3153, 3152, 3153, 3152, 3153, 3152, 3153, 3152, 3153, 3152, 3153, 3152, 3153, 3152, 3153, 3152, 3153,
    3152, 3153, 3152, 3153, 3152, 3153, 3152, 3153, 3152, 3153, 3152, 3153, 3184, 3185, 3184, 3185, 3184, 3185, 3184, 3185,
    3184, 3185, 3184, 3185, 3184, 3185, 3184, 3185, 3184, 3185, 3184, 3185, 3184, 3185, 3184, 3185, 3184, 3185, 3184, 3185,
    3184, 3185, 3184, 3185, 3184, 3185, 3184, 3185, 3184, 3185, 3184, 3185, 3184, 3185, 3184, 3185, 3184, 3185, 3184, 3185,
    3184, 3185, 3184, 3185, 3184, 3185, 3184, 3185, 3184, 3185, 3184, 3185, 3184, 3185, 3184, 3185, 3216, 3217, 3216, 3217,
    3216, 3217, 3216, 3217, 3216, 3217, 3216, 3217, 3216, 3217, 3216, 3217, 3216, 3217, 3216, 3217, 3216, 3217, 3216, 3217,
    3216, 3217, 3216, 3217, 3216, 3217, 3216, 3217, 3216, 3217, 3216, 3217, 3216, 3217, 3216, 3217, 3216, 3217, 3216, 3217,
    3216, 3217, 3216, 3217, 3216, 3217, 3216, 3217, 3216, 3217, 3216, 3217, 3216, 3217, 3216, 3217, 3216, 3217, 3216, 3217,
    3248, 3249, 3248, 3249, 3248, 3249, 3248, 3249, 3248, 3249, 3248, 3249, 3248, 3249, 3248, 3249, 3248, 3249, 3248, 3249,
    3248, 3249, 3248, 3249, 3248, 3249, 3248, 3249, 3248, 3249, 3248, 3249, 3248, 3249, 3248, 3249, 3248, 3249, 3248, 3249,
    3248, 3249, 3248, 3249, 3248, 3249, 3248, 3249, 3248, 3249, 3248, 3249, 3248, 3249, 3248, 3249, 3248, 3249, 3248, 3249,
    3248, 3249, 3248, 3249, 3218, 3219, 3218, 3219, 3218, 3219, 3218, 3219, 3218, 3219, 3218, 3219, 3218, 3219, 3218, 3219,
    3218, 3219, 3218, 3219, 3218, 3219, 3218, 3219, 3218, 3219, 3218, 3219, 3218, 3219, 3218, 3219, 3218, 3219, 3218, 3219,
    3218, 3219, 3218, 3219, 3218, 3219, 3218, 3219, 3218, 3219, 3218, 3219, 3218, 3219, 3218, 3219, 3218, 3219, 3218, 3219,
    3218, 3219, 3218, 3219, 3218, 3219, 3218, 3219, 3250, 3251, 3250, 3251, 3250, 3251, 3250, 3251, 3250, 3251, 3250, 3251,
    3250, 3251, 3250, 3251, 3250, 3251, 3250, 3251, 3250, 3251, 3250, 3251, 3250, 3251, 3250, 3251, 3250, 3251, 3250, 3251,
    3250, 3251, 3250, 3251, 3250, 3251, 3250, 3251, 3250, 3251, 3250, 3251, 3250, 3251, 3250, 3251, 3250, 3251, 3250, 3251,
    3250, 3251, 3250, 3251, 3250, 3251, 3250, 3251, 3250, 3251, 3250, 3251, 3156, 3157, 3156, 3157, 3156, 3157, 3156, 3157,
    3156, 3157, 3156, 3157, 3156, 3157, 3156, 3157, 3156, 3157, 3156, 3157, 3156, 3157, 3156, 3157, 3156, 3157, 3156, 3157,
    3156, 3157, 3156, 3157, 3156, 3157, 3156, 3157, 3156, 3157, 3156, 3157, 3156, 3157, 3156, 3157, 3156, 3157, 3156, 3157,
    3156, 3157, 3156, 3157, 3156, 3157, 3156, 3157, 3156, 3157, 3156, 3157, 3156, 3157, 3156, 3157, 3188, 3189, 3188, 3189,
    3188, 3189, 3188, 3189, 3188, 3189, 3188, 3189, 3188, 3189, 3188, 3189, 3188, 3189, 3188, 3189, 3188, 3189, 3188, 3189,
    3188, 3189, 3188, 3189, 3188, 3189, 3188, 3189, 3188, 3189, 3188, 3189, 3188, 3189, 3188, 3189, 3188, 3189, 3188, 3189,
    3188, 3189, 3188, 3189, 3188, 3189, 3188, 3189, 3188, 3189, 3188, 3189, 3188, 3189, 3188, 3189, 3188, 3189, 3188, 3189,
    3220, 3221, 3220, 3221, 3220, 3221, 3220, 3221, 3220, 3221, 3220, 3221, 3220, 3221, 3220, 3221, 3220, 3221, 3220, 3221,
    3220, 3221, 3220, 3221, 3220, 3221, 3220, 3221, 3220, 3221, 3220, 3221, 3220, 3221, 3220, 3221, 3220, 3221, 3220, 3221,
    3220, 3221, 3220, 3221, 3220, 3221, 3220, 3221, 3220, 3221, 3220, 3221, 3220, 3221, 3220, 3221, 3220, 3221, 3220, 3221,
    3220, 3221, 3220, 3221, 3252, 3253, 3252, 3253, 3252, 3253, 3252, 3253, 3252, 3253, 3252, 3253, 3252, 3253, 3252, 3253,
    3252, 3253, 3252, 3253, 3252, 3253, 3252, 3253, 3252, 3253, 3252, 3253, 3252, 3253, 3252, 3253, 3252, 3253, 3252, 3253,
    3252, 3253, 3252, 3253, 3252, 3253, 3252, 3253, 3252, 3253, 3252, 3253, 3252, 3253, 3252, 3253, 3252, 3253, 3252, 3253,
    3252, 3253, 3252, 3253, 3252, 3253, 3252, 3253, 3158, 3159, 3158, 3159, 3158, 3159, 3158, 3159, 3158, 3159, 3158, 3159,
    3158, 3159, 3158, 3159, 3158, 3159, 3158, 3159, 3158, 3159, 3158, 3159, 3158, 3159, 3158, 3159, 3158, 3159, 3158, 3159,
    3158, 3159, 3158, 3159, 3158, 3159, 3158, 3159, 3158, 3159, 3158, 3159, 3158, 3159, 3158, 3159, 3158, 3159, 3158, 3159,
    3158, 3159, 3158, 3159, 3158, 3159, 3158, 3159, 3158, 3159, 3158, 3159, 3190, 3191, 3190, 3191, 3190, 3191, 3190, 3191,
    3190, 3191, 3190, 3191, 3190, 3191, 3190, 3191, 3190, 3191, 3190, 3191, 3190, 3191, 3190, 3191, 3190, 3191, 3190, 3191,
    3190, 3191, 3190, 3191, 3190, 3191, 3190, 3191, 3190, 3191, 3190, 3191, 3190, 3191, 3190, 3191, 3190, 3191, 3190, 3191,
    3190, 3191, 3190, 3191, 3190, 3191, 3190, 3191, 3190, 3191, 3190, 3191, 3190, 3191, 3190, 3191, 3158, 3159, 3158, 3159,
    3158, 3159, 3158, 3159, 3158, 3159, 3158, 3159, 3158, 3159, 3158, 3159, 3158, 3159, 3158, 3159, 3158, 3159, 3158, 3159,
    3158, 3159, 3158, 3159, 3158, 3159, 3158, 3159, 3158, 3159, 3158, 3159, 3158, 3159, 3158, 3159, 3158, 3159, 3158, 3159,
    3158, 3159, 3158, 3159, 3158, 3159, 3158, 3159, 3158, 3159, 3158, 3159, 3158, 3159, 3158, 3159, 3158, 3159, 3158, 3159,
    3190, 3191, 3190, 3191, 3190, 3191, 3190, 3191, 3190, 3191, 3190, 3191, 3190, 3191, 3190, 3191, 3190, 3191, 3190, 3191,
    3190, 3191, 3190, 3191, 3190, 3191, 3190, 3191, 3190, 3191, 3190, 3191, 3190, 3191, 3190, 3191, 3190, 3191, 3190, 3191,
    3190, 3191, 3190, 3191, 3190, 3191, 3190, 3191, 3190, 3191, 3190, 3191, 3190, 3191, 3190, 3191, 3190, 3191, 3190, 3191,
    3190, 3191, 3190, 3191, 3158, 3159, 3158, 3159, 3158, 3159, 3158, 3159, 3158, 3159, 3158, 3159, 3158, 3159, 3158, 3159,
    3158, 3159, 3158, 3159, 3158, 3159, 3158, 3159, 3158, 3159, 3158, 3159, 3158, 3159, 3158, 3159, 3158, 3159, 3158, 3159,
    3158, 3159, 3158, 3159, 3158, 3159, 3158, 3159, 3158, 3159, 3158, 3159, 3158, 3159, 3158, 3159, 3158, 3159, 3158, 3159,
    3158, 3159, 3158, 3159, 3158, 3159, 3158, 3159, 3190, 3191, 3190, 3191, 3190, 3191, 3190, 3191, 3190, 3191, 3190, 3191,
    3190, 3191, 3190, 3191, 3190, 3191, 3190, 3191, 3190, 3191, 3190, 3191, 3190, 3191, 3190, 3191, 3190, 3191, 3190, 3191,
    3190, 3191, 3190, 3191, 3190, 3191, 3190, 3191, 3190, 3191, 3190, 3191, 3190, 3191, 3190, 3191, 3190, 3191, 3190, 3191,
    3190, 3191, 3190, 3191, 3190, 3191, 3190, 3191, 3190, 3191, 3190, 3191, 3158, 3159, 3158, 3159, 3158, 3159, 3158, 3159,
    3158, 3159, 3158, 3159, 3158, 3159, 3158, 3159, 3158, 3159, 3158, 3159, 3158, 3159, 3158, 3159, 3158, 3159, 3158, 3159,
    3158, 3159, 3158, 3159, 3158, 3159, 3158, 3159, 3158, 3159, 3158, 3159, 3158, 3159, 3158, 3159, 3158, 3159, 3158, 3159,
    3158, 3159, 3158, 3159, 3158, 3159, 3158, 3159, 3158, 3159, 3158, 3159, 3158, 3159, 3158, 3159, 3190, 3191, 3190, 3191,
    3190, 3191, 3190, 3191, 3190, 3191, 3190, 3191, 3190, 3191, 3190, 3191, 3190, 3191, 3190, 3191, 3190, 3191, 3190, 3191,
    3190, 3191, 3190, 3191, 3190, 3191, 3190, 3191, 3190, 3191, 3190, 3191, 3190, 3191, 3190, 3191, 3190, 3191, 3190, 3191,
    3190, 3191, 3190, 3191, 3190, 3191, 3190, 3191, 3190, 3191, 3190, 3191, 3190, 3191, 3190, 3191, 3190, 3191, 3190, 3191,
    3158, 3159, 3158, 3159, 3158, 3159, 3158, 3159, 3158, 3159, 3158, 3159, 3158, 3159, 3158, 3159, 3158, 3159, 3158, 3159,
    3158, 3159, 3158, 3159, 3158, 3159, 3158, 3159, 3158, 3159, 3158, 3159, 3158, 3159, 3158, 3159, 3158, 3159, 3158, 3159,
    3158, 3159, 3158, 3159, 3158, 3159, 3158, 3159, 3158, 3159, 3158, 3159, 3158, 3159, 3158, 3159, 3158, 3159, 3158, 3159,
    3158, 3159, 3158, 3159, 3190, 3191, 3190, 3191, 3190, 3191, 3190, 3191, 3190, 3191, 3190, 3191, 3190, 3191, 3190, 3191,
    3190, 3191, 3190, 3191, 3190, 3191, 3190, 3191, 3190, 3191, 3190, 3191, 3190, 3191, 3190, 3191, 3190, 3191, 3190, 3191,
    3190, 3191, 3190, 3191, 3190, 3191, 3190, 3191, 3190, 3191, 3190, 3191, 3190, 3191, 3190, 3191, 3190, 3191, 3190, 3191,
    3190, 3191, 3190, 3191, 3190, 3191, 3190, 3191, 3158, 3159, 3158, 3159, 3158, 3159, 3158, 3159, 3158, 3159, 3158, 3159,
    3158, 3159, 3158, 3159, 3158, 3159, 3158, 3159, 3158, 3159, 3158, 3159, 3158, 3159, 3158, 3159, 3158, 3159, 3158, 3159,
    3158, 3159, 3158, 3159, 3158, 3159, 3158, 3159, 3158, 3159, 3158, 3159, 3158, 3159, 3158, 3159, 3158, 3159, 3158, 3159,
    3158, 3159, 3158, 3159, 3158, 3159, 3158, 3159, 3158, 3159, 3158, 3159, 3190, 3191, 3190, 3191, 3190, 3191, 3190, 3191,
    3190, 3191, 3190, 3191, 3190, 3191, 3190, 3191, 3190, 3191, 3190, 3191, 3190, 3191, 3190, 3191, 3190, 3191, 3190, 3191,
    3190, 3191, 3190, 3191, 3190, 3191, 3190, 3191, 3190, 3191, 3190, 3191, 3190, 3191, 3190, 3191, 3190, 3191, 3190, 3191,
    3190, 3191, 3190, 3191, 3190, 3191, 3190, 3191, 3190, 3191, 3190, 3191, 3190, 3191, 3190, 3191, 3158, 3159, 3158, 3159,
    3158, 3159, 3158, 3159, 3158, 3159, 3158, 3159, 3158, 3159, 3158, 3159, 3158, 3159, 3158, 3159, 3158, 3159, 3158, 3159,
    3158, 3159, 3158, 3159, 3158, 3159, 3158, 3159, 3158, 3159, 3158, 3159, 3158, 3159, 3158, 3159, 3158, 3159, 3158, 3159,
    3158, 3159, 3158, 3159, 3158, 3159, 3158, 3159, 3158, 3159, 3158, 3159, 3158, 3159, 3158, 3159, 3158, 3159, 3158, 3159,
    3190, 3191, 3190, 3191, 3190, 3191, 3190, 3191, 3190, 3191, 3190, 3191, 3190, 3191, 3190, 3191, 3190, 3191, 3190, 3191,
    3190, 3191, 3190, 3191, 3190, 3191, 3190, 3191, 3190, 3191, 3190, 3191, 3190, 3191, 3190, 3191, 3190, 3191, 3190, 3191,
    3190, 3191, 3190, 3191, 3190, 3191, 3190, 3191, 3190, 3191, 3190, 3191, 3190, 3191, 3190, 3191, 3190, 3191, 3190, 3191,
    3190, 3191, 3190, 3191, 3158, 3159, 3158, 3159, 3158, 3159, 3158, 3159, 3158, 3159, 3158, 3159, 3158, 3159, 3158, 3159,
    3158, 3159, 3158, 3159, 3158, 3159, 3158, 3159, 3158, 3159, 3158, 3159, 3158, 3159, 3158, 3159, 3158, 3159, 3158, 3159,
    3158, 3159, 3158, 3159, 3158, 3159, 3158, 3159, 3158, 3159, 3158, 3159, 3158, 3159, 3158, 3159, 3158, 3159, 3158, 3159,
    3158, 3159, 3158, 3159, 3158, 3159, 3158, 3159, 3190, 3191, 3190, 3191, 3190, 3191, 3190, 3191, 3190, 3191, 3190, 3191,
    3190, 3191, 3190, 3191, 3190, 3191, 3190, 3191, 3190, 3191, 3190, 3191, 3190, 3191, 3190, 3191, 3190, 3191, 3190, 3191,
    3190, 3191, 3190, 3191, 3190, 3191, 3190, 3191, 3190, 3191, 3190, 3191, 3190, 3191, 3190, 3191, 3190, 3191, 3190, 3191,
    3190, 3191, 3190, 3191, 3190, 3191, 3190, 3191, 3190, 3191, 3190, 3191, 3158, 3159, 3158, 3159, 3158, 3159, 3158, 3159,
    3158, 3159, 3158, 3159, 3158, 3159, 3158, 3159, 3158, 3159, 3158, 3159, 3158, 3159, 3158, 3159, 3158, 3159, 3158, 3159,
    3158, 3159, 3158, 3159, 3158, 3159, 3158, 3159, 3158, 3159, 3158, 3159, 3158, 3159, 3158, 3159, 3158, 3159, 3158, 3159,
    3158, 3159, 3158, 3159, 3158, 3159, 3158, 3159, 3158, 3159, 3158, 3159, 3158, 3159, 3158, 3159, 3190, 3191, 3190, 3191,
    3190, 3191, 3190, 3191, 3190, 3191, 3190, 3191, 3190, 3191, 3190, 3191, 3190, 3191, 3190, 3191, 3190, 3191, 3190, 3191,
    3190, 3191, 3190, 3191, 3190, 3191, 3190, 3191, 3190, 3191, 3190, 3191, 3190, 3191, 3190, 3191, 3190, 3191, 3190, 3191,
    3190, 3191, 3190, 3191, 3190, 3191, 3190, 3191, 3190, 3191, 3190, 3191, 3190, 3191, 3190, 3191, 3190, 3191, 3190, 3191,
    3158, 3159, 3158, 3159, 3158, 3159, 3158, 3159, 3158, 3159, 3158, 3159, 3158, 3159, 3158, 3159, 3158, 3159, 3158, 3159,
    3158, 3159, 3158, 3159, 3158, 3159, 3158, 3159, 3158, 3159, 3158, 3159, 3158, 3159, 3158, 3159, 3158, 3159, 3158, 3159,
    3158, 3159, 3158, 3159, 3158, 3159, 3158, 3159, 3158, 3159, 3158, 3159, 3158, 3159, 3158, 3159, 3158, 3159, 3158, 3159,
    3158, 3159, 3158, 3159, 3190, 3191, 3190, 3191, 3190, 3191, 3190, 3191, 3190, 3191, 3190, 3191, 3190, 3191, 3190, 3191,
    3190, 3191, 3190, 3191, 3190, 3191, 3190, 3191, 3190, 3191, 3190, 3191, 3190, 3191, 3190, 3191, 3190, 3191, 3190, 3191,
    3190, 3191, 3190, 3191, 3190, 3191, 3190, 3191, 3190, 3191, 3190, 3191, 3190, 3191, 3190, 3191, 3190, 3191, 3190, 3191,
    3190, 3191, 3190, 3191, 3190, 3191, 3190, 3191
};

const u16 gb_level01_collision[4096] = {
    14, 14, 14, 14, 14, 14, 14, 14, 14, 14, 14, 14, 14, 14, 14, 14, 14, 14, 14, 14, 14, 14, 14, 14,
    14, 14, 14, 14, 14, 14, 14, 14, 14, 14, 14, 14, 14, 14, 14, 14, 14, 14, 14, 14, 14, 14, 14, 14,
    14, 14, 14, 14, 14, 14, 14, 14, 14, 14, 14, 14, 14, 14, 14, 14, 14, 14, 14, 14, 14, 14, 14, 14,
    14, 14, 14, 14, 14, 14, 14, 14, 14, 14, 14, 14, 14, 14, 14, 14, 14, 14, 14, 14, 14, 14, 14, 14,
    14, 14, 14, 14, 14, 14, 14, 14, 14, 14, 14, 14, 14, 14, 14, 14, 14, 14, 14, 14, 14, 14, 14, 14,
    14, 14, 14, 14, 14, 14, 14, 14, 14, 14, 14, 14, 14, 14, 14, 14, 14, 14, 14, 14, 14, 14, 14, 14,
    14, 14, 14, 14, 14, 14, 14, 14, 14, 14, 14, 14, 14, 14, 14, 14, 14, 14, 14, 14, 14, 14, 14, 14,
    14, 14, 14, 14, 14, 14, 14, 14, 14, 14, 14, 14, 14, 14, 14, 14, 14, 14, 14, 14, 14, 14, 14, 14,
    14, 14, 14, 14, 14, 14, 14, 14, 14, 14, 14, 14, 14, 14, 14, 14, 14, 14, 14, 14, 14, 14, 14, 14,
    14, 14, 14, 14, 14, 14, 14, 14, 14, 14, 14, 14, 14, 14, 14, 14, 14, 14, 14, 14, 14, 14, 14, 14,
    14, 14, 14, 14, 14, 14, 14, 14, 14, 14, 14, 14, 14, 14, 14, 14, 14, 14, 14, 14, 14, 14, 14, 14,
    14, 14, 14, 14, 14, 14, 14, 14, 14, 14, 14, 14, 14, 14, 14, 14, 14, 14, 14, 14, 14, 14, 14, 14,
    14, 14, 14, 14, 14, 14, 14, 14, 14, 14, 14, 14, 14, 14, 14, 14, 14, 14, 14, 14, 14, 14, 14, 14,
    14, 14, 14, 14, 14, 14, 14, 14, 14, 14, 14, 14, 14, 14, 14, 14, 14, 14, 14, 14, 14, 14, 14, 14,
    14, 14, 14, 14, 14, 14, 14, 14, 14, 14, 14, 14, 14, 14, 14, 14, 14, 14, 14, 14, 14, 14, 14, 14,
    14, 14, 14, 14, 14, 14, 14, 14, 14, 14, 14, 14, 14, 14, 14, 14, 14, 14, 14, 14, 14, 14, 14, 14,
    14, 14, 14, 14, 14, 14, 14, 14, 14, 14, 14, 14, 14, 14, 14, 14, 14, 14, 14, 14, 14, 14, 14, 14,
    14, 14, 14, 14, 14, 14, 14, 14, 14, 14, 14, 14, 14, 14, 14, 14, 14, 14, 14, 14, 14, 14, 14, 14,
    14, 14, 14, 14, 14, 14, 14, 14, 14, 14, 14, 14, 14, 14, 14, 14, 14, 14, 14, 14, 14, 14, 14, 14,
    14, 14, 14, 14, 14, 14, 14, 14, 14, 14, 14, 14, 14, 14, 14, 14, 14, 14, 14, 14, 14, 14, 14, 14,
    14, 14, 14, 14, 14, 14, 14, 14, 14, 14, 14, 14, 14, 14, 14, 14, 14, 14, 14, 14, 14, 14, 14, 14,
    14, 14, 14, 14, 14, 14, 14, 14, 14, 14, 14, 14, 14, 14, 14, 14, 14, 14, 14, 14, 14, 14, 14, 14,
    14, 14, 14, 14, 14, 14, 14, 14, 14, 14, 14, 14, 14, 14, 14, 14, 14, 14, 14, 14, 14, 14, 14, 14,
    14, 14, 14, 14, 14, 14, 14, 14, 14, 14, 14, 14, 14, 14, 14, 14, 14, 14, 14, 14, 14, 14, 14, 14,
    14, 14, 14, 14, 14, 14, 14, 14, 14, 14, 14, 14, 14, 14, 14, 14, 14, 14, 14, 14, 14, 14, 14, 14,
    14, 14, 14, 14, 14, 14, 14, 14, 14, 14, 14, 14, 14, 14, 14, 14, 14, 14, 14, 14, 14, 14, 14, 14,
    14, 14, 14, 14, 14, 14, 14, 14, 14, 14, 14, 14, 14, 14, 14, 14, 14, 14, 14, 14, 14, 14, 14, 14,
    14, 14, 14, 14, 14, 14, 14, 14, 14, 14, 14, 14, 14, 14, 14, 14, 14, 14, 14, 14, 14, 14, 14, 14,
    14, 14, 14, 14, 14, 14, 14, 14, 14, 14, 14, 14, 14, 14, 14, 14, 14, 14, 14, 14, 14, 14, 14, 14,
    14, 14, 14, 14, 14, 14, 14, 14, 14, 14, 14, 14, 14, 14, 14, 14, 14, 14, 14, 14, 14, 14, 14, 14,
    14, 14, 14, 14, 14, 14, 14, 14, 14, 14, 14, 14, 14, 14, 14, 14, 14, 14, 14, 14, 14, 14, 14, 14,
    14, 14, 14, 14, 14, 14, 14, 14, 14, 14, 14, 14, 14, 14, 14, 14, 14, 14, 14, 14, 14, 14, 14, 14,
    14, 14, 14, 14, 14, 14, 14, 14, 14, 14, 14, 14, 14, 14, 14, 14, 14, 14, 14, 14, 14, 14, 14, 14,
    14, 14, 14, 14, 14, 14, 14, 14, 14, 14, 14, 14, 14, 14, 14, 14, 14, 14, 14, 14, 14, 14, 14, 14,
    14, 14, 14, 14, 14, 14, 14, 14, 14, 14, 14, 14, 14, 14, 14, 14, 14, 14, 14, 14, 14, 14, 14, 14,
    14, 14, 14, 14, 14, 14, 14, 14, 14, 14, 14, 14, 14, 14, 14, 14, 14, 14, 14, 14, 14, 14, 14, 14,
    14, 14, 14, 14, 14, 14, 14, 14, 14, 14, 14, 14, 14, 14, 14, 14, 14, 14, 14, 14, 14, 14, 14, 14,
    14, 14, 14, 14, 14, 14, 14, 14, 14, 14, 14, 14, 14, 14, 14, 14, 14, 14, 14, 14, 14, 14, 14, 14,
    14, 14, 14, 14, 14, 14, 14, 14, 14, 14, 14, 14, 14, 14, 14, 14, 14, 14, 14, 14, 14, 14, 14, 14,
    14, 14, 14, 14, 14, 14, 14, 14, 14, 14, 14, 14, 14, 14, 14, 14, 14, 14, 14, 14, 14, 14, 14, 14,
    14, 14, 14, 14, 14, 14, 14, 14, 14, 14, 14, 14, 14, 14, 14, 14, 14, 14, 14, 14, 14, 14, 14, 14,
    14, 14, 14, 14, 14, 14, 14, 14, 14, 14, 14, 14, 14, 14, 14, 14, 14, 14, 14, 14, 14, 14, 14, 14,
    14, 14, 14, 14, 14, 14, 14, 14, 14, 14, 14, 14, 14, 14, 14, 14, 14, 14, 14, 14, 14, 14, 14, 14,
    14, 14, 14, 14, 14, 14, 14, 14, 14, 14, 14, 14, 14, 14, 14, 14, 14, 14, 14, 14, 14, 14, 14, 14,
    14, 14, 14, 14, 14, 14, 14, 14, 14, 14, 14, 14, 14, 14, 14, 14, 14, 14, 14, 14, 14, 14, 14, 14,
    14, 14, 14, 14, 14, 14, 14, 14, 14, 14, 14, 14, 14, 14, 14, 14, 14, 14, 14, 14, 14, 14, 14, 14,
    14, 14, 14, 14, 14, 14, 14, 14, 14, 14, 14, 14, 14, 14, 14, 14, 14, 14, 14, 14, 14, 14, 14, 14,
    14, 14, 14, 14, 14, 14, 14, 14, 14, 14, 14, 14, 14, 14, 14, 14, 14, 14, 14, 14, 14, 14, 14, 14,
    14, 14, 14, 14, 14, 14, 14, 14, 14, 14, 14, 14, 14, 14, 14, 14, 14, 14, 14, 14, 14, 14, 14, 14,
    14, 14, 14, 14, 14, 14, 14, 14, 14, 14, 14, 14, 14, 14, 14, 14, 14, 14, 14, 14, 14, 14, 14, 14,
    14, 14, 14, 14, 14, 14, 14, 14, 14, 14, 14, 14, 14, 14, 14, 14, 14, 14, 14, 14, 14, 14, 14, 14,
    14, 14, 14, 14, 14, 14, 14, 14, 14, 14, 14, 14, 14, 14, 14, 14, 14, 14, 14, 14, 14, 14, 14, 14,
    14, 14, 14, 14, 14, 14, 14, 14, 14, 14, 14, 14, 14, 14, 14, 14, 14, 14, 14, 14, 14, 14, 14, 14,
    14, 14, 14, 14, 14, 14, 14, 14, 14, 14, 14, 14, 14, 14, 14, 14, 14, 14, 14, 14, 14, 14, 14, 14,
    14, 14, 14, 14, 14, 14, 14, 14, 14, 14, 14, 14, 14, 14, 14, 14, 14, 14, 14, 14, 14, 14, 14, 14,
    14, 14, 14, 14, 14, 14, 14, 14, 14, 14, 14, 14, 14, 14, 14, 14, 14, 14, 14, 14, 14, 14, 14, 14,
    14, 14, 14, 14, 14, 14, 14, 14, 14, 14, 14, 14, 14, 14, 14, 14, 14, 14, 14, 14, 14, 14, 14, 14,
    14, 14, 14, 14, 14, 14, 14, 14, 14, 14, 14, 14, 14, 14, 14, 14, 14, 14, 14, 14, 14, 14, 14, 14,
    14, 14, 14, 14, 14, 14, 14, 14, 14, 14, 14, 14, 14, 14, 14, 14, 14, 14, 14, 14, 14, 14, 14, 14,
    14, 14, 14, 14, 14, 14, 14, 14, 14, 14, 14, 14, 14, 14, 14, 14, 14, 14, 14, 14, 14, 14, 14, 14,
    14, 14, 14, 14, 14, 14, 14, 14, 0, 0, 14, 14, 14, 14, 14, 14, 0, 0, 14, 14, 14, 14, 14, 14,
    14, 14, 14, 14, 14, 14, 14, 14, 14, 14, 14, 14, 14, 14, 14, 14, 14, 14, 14, 14, 14, 14, 14, 14,
    14, 14, 14, 14, 14, 14, 14, 14, 14, 14, 14, 14, 14, 14, 14, 14, 14, 14, 14, 14, 14, 14, 14, 14,
    0, 0, 14, 14, 14, 14, 14, 14, 0, 0, 14, 14, 14, 14, 14, 14, 14, 14, 14, 14, 14, 14, 14, 14,
    14, 14, 14, 14, 14, 14, 14, 14, 14, 14, 14, 14, 14, 14, 14, 14, 14, 14, 0, 0, 14, 14, 14, 14,
    14, 14, 14, 14, 0, 0, 0, 0, 0, 0, 0, 0, 0, 0, 0, 0, 0, 0, 0, 0, 0, 0, 0, 0,
    0, 0, 14, 14, 14, 14, 14, 14, 14, 14, 14, 14, 14, 14, 14, 14, 14, 14, 14, 14, 14, 14, 14, 14,
    14, 14, 14, 14, 14, 14, 14, 14, 14, 14, 0, 0, 14, 14, 14, 14, 14, 14, 14, 14, 0, 0, 0, 0,
    0, 0, 0, 0, 0, 0, 0, 0, 0, 0, 0, 0, 0, 0, 0, 0, 0, 0, 14, 14, 14, 14, 14, 14,
    14, 14, 14, 14, 14, 14, 14, 14, 14, 14, 14, 14, 14, 14, 14, 14, 14, 14, 14, 14, 14, 14, 14, 14,
    0, 0, 0, 0, 0, 0, 0, 0, 0, 0, 0, 0, 0, 0, 0, 0, 0, 0, 0, 0, 0, 0, 0, 0,
    0, 0, 0, 0, 0, 0, 0, 0, 0, 0, 14, 14, 14, 14, 14, 14, 14, 14, 14, 14, 14, 14, 14, 14,
    14, 14, 14, 14, 14, 14, 14, 14, 14, 14, 14, 14, 14, 14, 14, 14, 0, 0, 0, 0, 0, 0, 0, 0,
    0, 0, 0, 0, 0, 0, 0, 0, 0, 0, 0, 0, 0, 0, 0, 0, 0, 0, 0, 0, 0, 0, 0, 0,
    0, 0, 14, 14, 14, 14, 14, 14, 14, 14, 14, 14, 14, 14, 14, 14, 14, 14, 14, 14, 14, 14, 14, 14,
    14, 14, 14, 14, 14, 14, 14, 14, 0, 0, 0, 0, 14, 14, 14, 14, 14, 14, 14, 14, 0, 0, 0, 0,
    14, 14, 14, 14, 14, 14, 14, 14, 0, 0, 0, 0, 0, 0, 14, 14, 14, 14, 14, 14, 14, 14, 14, 14,
    14, 14, 14, 14, 14, 14, 14, 14, 14, 14, 14, 14, 14, 14, 14, 14, 14, 14, 14, 14, 14, 14, 14, 14,
    0, 0, 0, 0, 14, 14, 14, 14, 14, 14, 14, 14, 0, 0, 0, 0, 14, 14, 14, 14, 14, 14, 14, 14,
    0, 0, 0, 0, 0, 0, 14, 14, 14, 14, 14, 14, 14, 14, 14, 14, 14, 14, 14, 14, 14, 14, 14, 14,
    14, 14, 14, 14, 14, 14, 14, 14, 14, 14, 14, 14, 14, 14, 14, 14, 0, 0, 0, 0, 0, 0, 0, 0,
    0, 0, 0, 0, 0, 0, 0, 0, 14, 14, 14, 14, 14, 14, 14, 14, 14, 14, 14, 14, 14, 14, 14, 14,
    14, 14, 14, 14, 14, 14, 14, 14, 14, 14, 14, 14, 14, 14, 14, 14, 14, 14, 14, 14, 14, 14, 14, 14,
    14, 14, 14, 14, 14, 14, 14, 14, 0, 0, 0, 0, 0, 0, 0, 0, 0, 0, 0, 0, 0, 0, 0, 0,
    14, 14, 14, 14, 14, 14, 14, 14, 14, 14, 14, 14, 14, 14, 14, 14, 14, 14, 14, 14, 14, 14, 14, 14,
    14, 14, 14, 14, 14, 14, 14, 14, 14, 14, 14, 14, 14, 14, 14, 14, 14, 14, 14, 14, 14, 14, 14, 14,
    14, 14, 0, 0, 0, 0, 0, 0, 0, 0, 0, 0, 0, 0, 0, 0, 14, 14, 14, 14, 14, 14, 14, 14,
    14, 14, 14, 14, 14, 14, 14, 14, 14, 14, 14, 14, 14, 14, 14, 14, 14, 14, 14, 14, 14, 14, 14, 14,
    14, 14, 14, 14, 14, 14, 14, 14, 14, 14, 14, 14, 14, 14, 14, 14, 14, 14, 0, 0, 0, 0, 0, 0,
    0, 0, 0, 0, 0, 0, 0, 0, 14, 14, 14, 14, 14, 14, 14, 14, 14, 14, 14, 14, 14, 14, 14, 14,
    14, 14, 14, 14, 14, 14, 14, 14, 14, 14, 14, 14, 14, 14, 14, 14, 14, 14, 14, 14, 14, 14, 14, 14,
    14, 14, 14, 14, 14, 14, 14, 14, 14, 14, 0, 0, 0, 0, 0, 0, 0, 0, 0, 0, 0, 0, 0, 0,
    14, 14, 14, 14, 14, 14, 14, 14, 14, 14, 14, 14, 14, 14, 14, 14, 14, 14, 14, 14, 14, 14, 14, 14,
    14, 14, 14, 14, 14, 14, 14, 14, 14, 14, 14, 14, 14, 14, 14, 14, 14, 14, 14, 14, 14, 14, 14, 14,
    14, 14, 0, 0, 0, 0, 0, 0, 0, 0, 0, 0, 0, 0, 0, 0, 14, 14, 14, 14, 14, 14, 14, 14,
    14, 14, 14, 14, 14, 14, 14, 14, 14, 14, 14, 14, 14, 14, 14, 14, 14, 14, 14, 14, 14, 14, 14, 14,
    14, 14, 14, 14, 14, 14, 14, 14, 14, 14, 14, 14, 14, 14, 14, 14, 14, 14, 0, 0, 0, 0, 0, 0,
    0, 0, 0, 0, 0, 0, 0, 0, 14, 14, 14, 14, 14, 14, 14, 14, 14, 14, 14, 14, 14, 14, 14, 14,
    14, 14, 14, 14, 14, 14, 14, 14, 14, 14, 14, 14, 14, 14, 14, 14, 14, 14, 14, 14, 14, 14, 14, 14,
    14, 14, 14, 14, 14, 14, 14, 14, 14, 14, 0, 0, 0, 0, 0, 0, 0, 0, 0, 0, 0, 0, 0, 0,
    14, 14, 14, 14, 14, 14, 14, 14, 14, 14, 14, 14, 14, 14, 14, 14, 14, 14, 14, 14, 14, 14, 14, 14,
    14, 14, 14, 14, 14, 14, 14, 14, 14, 14, 14, 14, 14, 14, 14, 14, 14, 14, 14, 14, 14, 14, 14, 14,
    0, 0, 0, 0, 0, 0, 0, 0, 0, 0, 0, 0, 0, 0, 0, 0, 14, 14, 14, 14, 14, 14, 14, 14,
    14, 14, 14, 14, 14, 14, 14, 14, 14, 14, 14, 14, 14, 14, 14, 14, 14, 14, 14, 14, 14, 14, 14, 14,
    14, 14, 14, 14, 14, 14, 14, 14, 14, 14, 14, 14, 14, 14, 14, 14, 0, 0, 0, 0, 0, 0, 0, 0,
    0, 0, 0, 0, 0, 0, 0, 0, 14, 14, 14, 14, 14, 14, 14, 14, 14, 14, 14, 14, 14, 14, 14, 14,
    14, 14, 14, 14, 14, 14, 14, 14, 14, 14, 14, 14, 14, 14, 14, 14, 14, 14, 14, 14, 14, 14, 14, 14,
    14, 14, 14, 14, 14, 14, 14, 14, 14, 14, 0, 0, 0, 0, 14, 14, 14, 14, 0, 0, 0, 0, 14, 14,
    14, 14, 14, 14, 14, 14, 14, 14, 14, 14, 14, 14, 14, 14, 14, 14, 14, 14, 14, 14, 14, 14, 14, 14,
    14, 14, 14, 14, 14, 14, 14, 14, 14, 14, 14, 14, 14, 14, 14, 14, 14, 14, 14, 14, 14, 14, 14, 14,
    14, 14, 0, 0, 0, 0, 14, 14, 14, 14, 0, 0, 0, 0, 14, 14, 14, 14, 14, 14, 14, 14, 14, 14,
    14, 14, 14, 14, 14, 14, 14, 14, 14, 14, 14, 14, 14, 14, 14, 14, 14, 14, 14, 14, 14, 14, 14, 14,
    14, 14, 14, 14, 14, 14, 14, 14, 14, 14, 14, 14, 14, 14, 14, 14, 0, 0, 0, 0, 0, 0, 0, 0,
    0, 0, 0, 0, 0, 0, 0, 0, 14, 14, 14, 14, 14, 14, 14, 14, 14, 14, 14, 14, 14, 14, 14, 14,
    14, 14, 14, 14, 14, 14, 14, 14, 14, 14, 14, 14, 14, 14, 14, 14, 14, 14, 14, 14, 14, 14, 14, 14,
    14, 14, 14, 14, 14, 14, 14, 14, 0, 0, 0, 0, 0, 0, 0, 0, 0, 0, 0, 0, 0, 0, 0, 0,
    14, 14, 14, 14, 14, 14, 14, 14, 14, 14, 14, 14, 14, 14, 14, 14, 14, 14, 14, 14, 14, 14, 14, 14,
    14, 14, 14, 14, 14, 14, 14, 14, 14, 14, 14, 14, 14, 14, 14, 14, 14, 14, 14, 14, 14, 14, 14, 14,
    0, 0, 0, 0, 0, 0, 0, 0, 0, 0, 0, 0, 0, 0, 0, 0, 14, 14, 14, 14, 14, 14, 14, 14,
    14, 14, 14, 14, 14, 14, 14, 14, 14, 14, 14, 14, 14, 14, 14, 14, 14, 14, 14, 14, 14, 14, 14, 14,
    14, 14, 14, 14, 14, 14, 14, 14, 14, 14, 14, 14, 14, 14, 14, 14, 0, 0, 0, 0, 0, 0, 0, 0,
    0, 0, 0, 0, 0, 0, 0, 0, 14, 14, 14, 14, 14, 14, 14, 14, 14, 14, 14, 14, 14, 14, 14, 14,
    14, 14, 14, 14, 14, 14, 14, 14, 14, 14, 14, 14, 14, 14, 14, 14, 14, 14, 14, 14, 14, 14, 14, 14,
    14, 14, 14, 14, 14, 14, 14, 14, 0, 0, 0, 0, 0, 0, 0, 0, 0, 0, 0, 0, 0, 0, 0, 0,
    14, 14, 14, 14, 14, 14, 14, 14, 14, 14, 14, 14, 14, 14, 14, 14, 14, 14, 14, 14, 14, 14, 14, 14,
    14, 14, 14, 14, 14, 14, 14, 14, 14, 14, 14, 14, 14, 14, 14, 14, 14, 14, 14, 14, 14, 14, 14, 14,
    0, 0, 0, 0, 0, 0, 0, 0, 0, 0, 0, 0, 0, 0, 0, 0, 14, 14, 14, 14, 14, 14, 14, 14,
    14, 14, 14, 14, 14, 14, 14, 14, 14, 14, 14, 14, 14, 14, 14, 14, 14, 14, 14, 14, 14, 14, 14, 14,
    14, 14, 14, 14, 14, 14, 14, 14, 14, 14, 14, 14, 14, 14, 14, 14, 14, 14, 14, 14, 14, 14, 0, 0,
    0, 0, 14, 14, 14, 14, 14, 14, 14, 14, 14, 14, 14, 14, 14, 14, 14, 14, 14, 14, 14, 14, 14, 14,
    14, 14, 14, 14, 14, 14, 14, 14, 14, 14, 14, 14, 14, 14, 14, 14, 14, 14, 14, 14, 14, 14, 14, 14,
    14, 14, 14, 14, 14, 14, 14, 14, 14, 14, 14, 14, 14, 14, 0, 0, 0, 0, 14, 14, 14, 14, 14, 14,
    14, 14, 14, 14, 14, 14, 14, 14, 14, 14, 14, 14, 14, 14, 14, 14, 14, 14, 14, 14, 14, 14, 14, 14,
    14, 14, 14, 14, 14, 14, 14, 14, 14, 14, 14, 14, 14, 14, 14, 14, 14, 14, 14, 14, 14, 14, 14, 14,
    14, 14, 14, 14, 14, 14, 14, 14, 14, 14, 14, 14, 14, 14, 14, 14, 14, 14, 14, 14, 14, 14, 14, 14,
    14, 14, 14, 14, 14, 14, 14, 14, 14, 14, 14, 14, 14, 14, 14, 14, 14, 14, 14, 14, 14, 14, 14, 14,
    14, 14, 14, 14, 14, 14, 14, 14, 14, 14, 14, 14, 14, 14, 14, 14, 14, 14, 14, 14, 14, 14, 14, 14,
    14, 14, 14, 14, 14, 14, 14, 14, 14, 14, 14, 14, 14, 14, 14, 14, 14, 14, 14, 14, 14, 14, 14, 14,
    14, 14, 14, 14, 14, 14, 14, 14, 14, 14, 14, 14, 14, 14, 14, 14, 14, 14, 14, 14, 14, 14, 14, 14,
    14, 14, 14, 14, 14, 14, 14, 14, 14, 14, 14, 14, 14, 14, 14, 14, 14, 14, 14, 14, 14, 14, 14, 14,
    14, 14, 14, 14, 14, 14, 14, 14, 14, 14, 14, 14, 14, 14, 14, 14, 14, 14, 14, 14, 14, 14, 14, 14,
    14, 14, 14, 14, 14, 14, 14, 14, 14, 14, 14, 14, 14, 14, 14, 14, 14, 14, 14, 14, 14, 14, 14, 14,
    14, 14, 14, 14, 14, 14, 14, 14, 14, 14, 14, 14, 14, 14, 14, 14, 14, 14, 14, 14, 14, 14, 14, 14,
    14, 14, 14, 14, 14, 14, 14, 14, 14, 14, 14, 14, 14, 14, 14, 14, 14, 14, 14, 14, 14, 14, 14, 14,
    14, 14, 14, 14, 14, 14, 14, 14, 14, 14, 14, 14, 14, 14, 14, 14, 14, 14, 14, 14, 14, 14, 14, 14,
    14, 14, 14, 14, 14, 14, 14, 14, 14, 14, 14, 14, 14, 14, 14, 14, 14, 14, 14, 14, 14, 14, 14, 14,
    14, 14, 14, 14, 14, 14, 14, 14, 14, 14, 14, 14, 14, 14, 14, 14, 14, 14, 14, 14, 14, 14, 14, 14,
    14, 14, 14, 14, 14, 14, 14, 14, 14, 14, 14, 14, 14, 14, 14, 14, 14, 14, 14, 14, 14, 14, 14, 14,
    14, 14, 14, 14, 14, 14, 14, 14, 14, 14, 14, 14, 14, 14, 14, 14, 14, 14, 14, 14, 14, 14, 14, 14,
    14, 14, 14, 14, 14, 14, 14, 14, 14, 14, 14, 14, 14, 14, 14, 14, 14, 14, 14, 14, 14, 14, 14, 14,
    14, 14, 14, 14, 14, 14, 14, 14, 14, 14, 14, 14, 14, 14, 14, 14, 14, 14, 14, 14, 14, 14, 14, 14,
    14, 14, 14, 14, 14, 14, 14, 14, 14, 14, 14, 14, 14, 14, 14, 14, 14, 14, 14, 14, 14, 14, 14, 14,
    14, 14, 14, 14, 14, 14, 14, 14, 14, 14, 14, 14, 14, 14, 14, 14, 14, 14, 14, 14, 14, 14, 14, 14,
    14, 14, 14, 14, 14, 14, 14, 14, 14, 14, 14, 14, 14, 14, 14, 14, 14, 14, 14, 14, 14, 14, 14, 14,
    14, 14, 14, 14, 14, 14, 14, 14, 14, 14, 14, 14, 14, 14, 14, 14, 14, 14, 14, 14, 14, 14, 14, 14,
    14, 14, 14, 14, 14, 14, 14, 14, 14, 14, 14, 14, 14, 14, 14, 14, 14, 14, 14, 14, 14, 14, 14, 14,
    14, 14, 14, 14, 14, 14, 14, 14, 14, 14, 14, 14, 14, 14, 14, 14, 14, 14, 14, 14, 14, 14, 14, 14,
    14, 14, 14, 14, 14, 14, 14, 14, 14, 14, 14, 14, 14, 14, 14, 14, 14, 14, 14, 14, 14, 14, 14, 14,
    14, 14, 14, 14, 14, 14, 14, 14, 14, 14, 14, 14, 14, 14, 14, 14, 14, 14, 14, 14, 14, 14, 14, 14,
    14, 14, 14, 14, 14, 14, 14, 14, 14, 14, 14, 14, 14, 14, 14, 14, 14, 14, 14, 14, 14, 14, 14, 14,
    14, 14, 14, 14, 14, 14, 14, 14, 14, 14, 14, 14, 14, 14, 14, 14, 14, 14, 14, 14, 14, 14, 14, 14,
    14, 14, 14, 14, 14, 14, 14, 14, 14, 14, 14, 14, 14, 14, 14, 14, 14, 14, 14, 14, 14, 14, 14, 14,
    14, 14, 14, 14, 14, 14, 14, 14, 14, 14, 14, 14, 14, 14, 14, 14, 14, 14, 14, 14, 14, 14, 14, 14,
    14, 14, 14, 14, 14, 14, 14, 14, 14, 14, 14, 14, 14, 14, 14, 14, 14, 14, 14, 14, 14, 14, 14, 14,
    14, 14, 14, 14, 14, 14, 14, 14, 14, 14, 14, 14, 14, 14, 14, 14, 14, 14, 14, 14, 14, 14, 14, 14,
    14, 14, 14, 14, 14, 14, 14, 14, 14, 14, 14, 14, 14, 14, 14, 14, 14, 14, 14, 14, 14, 14, 14, 14,
    14, 14, 14, 14, 14, 14, 14, 14, 14, 14, 14, 14, 14, 14, 14, 14, 14, 14, 14, 14, 14, 14, 14, 14,
    14, 14, 14, 14, 14, 14, 14, 14, 14, 14, 14, 14, 14, 14, 14, 14, 14, 14, 14, 14, 14, 14, 14, 14,
    14, 14, 14, 14, 14, 14, 14, 14, 14, 14, 14, 14, 14, 14, 14, 14, 14, 14, 14, 14, 14, 14, 14, 14,
    14, 14, 14, 14, 14, 14, 14, 14, 14, 14, 14, 14, 14, 14, 14, 14, 14, 14, 14, 14, 14, 14, 14, 14,
    14, 14, 14, 14, 14, 14, 14, 14, 14, 14, 14, 14, 14, 14, 14, 14
};

const GbPortal gb_level01_portals[6] = {
    { 176, 384, 16, 16, 0, 10 },
    { 192, 384, 16, 16, 0, 10 },
    { 128, 368, 16, 16, 2, 10 },
    { 239, 368, 16, 16, 3, 10 },
    { 240, 302, 16, 16, 4, 10 },
    { 128, 304, 16, 16, 5, 10 }
};

const GbLevelAssets gb_level01_assets = {
    .level_id = 1,
    .graphics_variant = 0,
    .world_width_tiles = 64,
    .world_height_tiles = 64,
    .fixed_width_tiles = 64,
    .fixed_height_tiles = 32,
    .spawn_x = 184,
    .spawn_y = 367,
    .bg_tile_halfwords = 27648,
    .translation_count = 3254,
    .bg_palette = gb_level01_bg_palette,
    .bg_tiles = gb_level01_bg_tiles,
    .translation = gb_level01_translation,
    .layer_a = gb_level01_layer_a,
    .layer_b = gb_level01_layer_b,
    .fixed_map = gb_level01_fixed_map,
    .collision = gb_level01_collision,
    .portals = gb_level01_portals,
    .portal_count = 6,
};
