#include <graveblood/assets.h>

const u16 gb_level04_bg_palette[256] = {
    0x7C1F, 0x7FFF, 0x0000, 0x677E, 0x6B7E, 0x1443, 0x639F, 0x63BF, 0x679E, 0x34EA,
    0x3E35, 0x3E36, 0x3E57, 0x4699, 0x429A, 0x46FC, 0x42FD, 0x431F, 0x5255, 0x4A55,
    0x4235, 0x5A54, 0x535E, 0x5B5E, 0x571C, 0x52FA, 0x52B8, 0x4257, 0x1865, 0x7E50,
    0x639E, 0x5B9F, 0x5B7F, 0x3AFF, 0x36BF, 0x3ADF, 0x535F, 0x577F, 0x473F, 0x4F7F,
    0x5FDF, 0x63DF, 0x57DF, 0x5FBF, 0x5F7E, 0x5F3E, 0x5B1E, 0x5B3E, 0x3615, 0x3616,
    0x3637, 0x3658, 0x3A7A, 0x369E, 0x4655, 0x4E56, 0x575F, 0x533D, 0x53BF, 0x3F1F,
    0x3EFF, 0x539F, 0x4F1D, 0x3E79, 0x3A9C, 0x4656, 0x4E97, 0x31F5, 0x575E, 0x631B,
    0x67FF, 0x4EDD, 0x365C, 0x39FA, 0x2DD5, 0x2D93, 0x31B4, 0x31F7, 0x35F9, 0x2D71,
    0x31D6, 0x363B, 0x361A, 0x361B, 0x4B1D, 0x4F5F, 0x4B3E, 0x46FD, 0x3E5B, 0x3ABD,
    0x3A3A, 0x4ADA, 0x531C, 0x4B5F, 0x429C, 0x425C, 0x471F, 0x3EDD, 0x4ABD, 0x5B1D,
    0x56FC, 0x4236, 0x73DF, 0x56BB, 0x56DC, 0x4A99, 0x5F1C, 0x4E76, 0x5ED8, 0x42DB,
    0x5697, 0x429E, 0x6BBF, 0x4F3E, 0x5B3D, 0x39B5, 0x675E, 0x5F5E, 0x635E, 0x633E,
    0x633D, 0x7F5D, 0x69D7, 0x6E19, 0x765A, 0x675C, 0x7279, 0x61D3, 0x4A56, 0x76FB,
    0x39B7, 0x76BA, 0x6E38, 0x6E37, 0x5590, 0x54CD, 0x5D10, 0x452D, 0x4CCC, 0x40AA,
    0x4550, 0x40CA, 0x39F8, 0x2866, 0x3488, 0x3087, 0x2468, 0x6FBF, 0x3889, 0x369F,
    0x4A58, 0x7FDF, 0x3551, 0x2D75, 0x4218, 0x2CAB, 0x1C67, 0x73BF, 0x2044, 0x69B5,
    0x6E98, 0x6172, 0x1C44, 0x733A, 0x5F3C, 0x45F2, 0x6676, 0x6EF9, 0x6B7D, 0x6F9D,
    0x77BD, 0x7BDE, 0x458F, 0x777C, 0x7BBE, 0x7B9D, 0x6AD7, 0x6234, 0x404A, 0x5657,
    0x1823, 0x4172, 0x51F1, 0x6596, 0x41D5, 0x6F5B, 0x6B3B, 0x39D6, 0x4E37, 0x737C,
    0x76AF, 0x1844, 0x00C0, 0x0000, 0x0000, 0x0000, 0x0000, 0x0000, 0x0000, 0x0000,
    0x0000, 0x0000, 0x0000, 0x0000, 0x0000, 0x0000, 0x0000, 0x0000, 0x0000, 0x0000,
    0x0000, 0x0000, 0x0000, 0x0000, 0x0000, 0x0000, 0x0000, 0x0000, 0x0000, 0x0000,
    0x0000, 0x0000, 0x0000, 0x0000, 0x0000, 0x0000, 0x0201, 0x0303, 0x0303, 0x0303,
    0x0303, 0x0303, 0x0303, 0x0303, 0x0303, 0x0303, 0x0303, 0x0303, 0x0303, 0x0303,
    0x0303, 0x0303, 0x0303, 0x0303, 0x0303, 0x0303, 0x0303, 0x0303, 0x0303, 0x0303,
    0x0303, 0x0303, 0x0303, 0x0303, 0x0303, 0x0303
};

const u16 gb_level04_bg_tiles[27648] = {
    0x0000, 0x0000, 0x0000, 0x0000, 0x0000, 0x0000, 0x0000, 0x0000, 0x0000, 0x0000, 0x0000, 0x0000,
    0x0000, 0x0000, 0x0000, 0x0000, 0x0000, 0x0000, 0x0000, 0x0000, 0x0000, 0x0000, 0x0000, 0x0000,
    0x0000, 0x0000, 0x0000, 0x0000, 0x0000, 0x0000, 0x0000, 0x0000, 0x0201, 0x0303, 0x0303, 0x0403,
    0x2E2D, 0x2F2F, 0x2D2D, 0x2F2D, 0x2D2D, 0x2D2D, 0x2F2F, 0x2E2E, 0x2D2D, 0x2D2D, 0x2D2D, 0x2D2D,
    0x0303, 0x0303, 0x0303, 0x0303, 0x5E5E, 0x5E5E, 0x5E5E, 0x5E5E, 0x6262, 0x6262, 0x6262, 0x6262,
    0x5E5E, 0x5E5E, 0x5E59, 0x5E5E, 0x0505, 0x0505, 0x0505, 0x0505, 0x0505, 0x0505, 0x0505, 0x0505,
    0x0505, 0x0505, 0x0505, 0x0505, 0x0505, 0x0505, 0x0505, 0x0505, 0x0505, 0x0505, 0x0505, 0x0505,
    0x0505, 0x0505, 0x0505, 0x0505, 0x0505, 0x0505, 0x0505, 0x0505, 0x0505, 0x0505, 0x0505, 0x0505,
    0x0303, 0x0303, 0x0303, 0x0403, 0x2E2D, 0x2F2F, 0x2D2D, 0x2F2D, 0x2D2D, 0x2D2D, 0x2F2F, 0x2E2E,
    0x2D2D, 0x2D2D, 0x2D2D, 0x2D2D, 0x0303, 0x0303, 0x0303, 0x0303, 0x5E5E, 0x5E5E, 0x5E5E, 0x5E5E,
    0x6262, 0x6262, 0x6262, 0x6262, 0x5E5E, 0x5E5E, 0x5E59, 0x5E5E, 0x0606, 0x0606, 0x0606, 0x0706,
    0x0707, 0x0607, 0x0607, 0x0404, 0x0706, 0x0706, 0x3E07, 0x0404, 0x0746, 0x0607, 0x3E06, 0x0404,
    0x0706, 0x0606, 0x3E07, 0x0404, 0x0606, 0x0606, 0x3E07, 0x0404, 0x0607, 0x0607, 0x3E06, 0x0404,
    0x0607, 0x0607, 0x3E06, 0x0404, 0x0606, 0x0607, 0x0606, 0x0706, 0x0404, 0x0404, 0x0404, 0x0404,
    0x0404, 0x0404, 0x0404, 0x0404, 0x4747, 0x4747, 0x4747, 0x4747, 0x0447, 0x0404, 0x0404, 0x0404,
    0x0447, 0x042E, 0x0404, 0x0404, 0x0447, 0x0463, 0x6447, 0x6447, 0x0447, 0x042F, 0x0447, 0x0404,
    0x0606, 0x0706, 0x0706, 0x0707, 0x0404, 0x0404, 0x0404, 0x0404, 0x0404, 0x0404, 0x0404, 0x0404,
    0x4747, 0x4747, 0x4747, 0x4948, 0x0404, 0x0404, 0x0404, 0x4948, 0x0404, 0x0404, 0x042E, 0x495F,
    0x2E64, 0x0463, 0x042E, 0x495F, 0x0404, 0x0436, 0x042F, 0x495E, 0x0608, 0x0707, 0x0708, 0x0606,
    0x0404, 0x0706, 0x0607, 0x0707, 0x0404, 0x0707, 0x0606, 0x0706, 0x0404, 0x0607, 0x0629, 0x0606,
    0x0404, 0x0706, 0x0606, 0x0606, 0x0404, 0x0606, 0x0706, 0x0706, 0x0404, 0x0706, 0x0606, 0x0707,
    0x0404, 0x0607, 0x0646, 0x0606, 0x0909, 0x0909, 0x0909, 0x0909, 0x0909, 0x0909, 0x0909, 0x0909,
    0x0909, 0x0909, 0x0909, 0x0909, 0x0909, 0x0909, 0x0909, 0x0909, 0x0909, 0x0909, 0x0909, 0x0909,
    0x0909, 0x0909, 0x0909, 0x0909, 0x0909, 0x0909, 0x0909, 0x0909, 0x0909, 0x0909, 0x0909, 0x0909,
    0x0B0A, 0x0D0C, 0x0F0E, 0x1110, 0x3130, 0x3332, 0x3434, 0x3535, 0x0B0A, 0x3F32, 0x4034, 0x2335,
    0x4B4A, 0x4C4C, 0x4E4D, 0x4D4E, 0x3130, 0x3F32, 0x5C5B, 0x1157, 0x3143, 0x3332, 0x0F19, 0x6056,
    0x650A, 0x3F0C, 0x5C19, 0x6057, 0x4B4A, 0x4C4C, 0x4D4D, 0x4D4E, 0x1212, 0x1212, 0x1213, 0x1213,
    0x1312, 0x1313, 0x3613, 0x3713, 0x1313, 0x3636, 0x3636, 0x4241, 0x4F4B, 0x4F4F, 0x4B4B, 0x4C4C,
    0x3030, 0x3030, 0x4231, 0x5B42, 0x0A0A, 0x0B0B, 0x1A0C, 0x5C19, 0x3614, 0x1B41, 0x450D, 0x1745,
    0x4B4B, 0x504C, 0x4D4D, 0x524E, 0x0A0A, 0x140A, 0x1215, 0x1212, 0x0A0B, 0x0A0A, 0x1212, 0x1312,
    0x3132, 0x3043, 0x1312, 0x1313, 0x4B50, 0x4F4B, 0x4F4B, 0x4F4B, 0x3F34, 0x3132, 0x3030, 0x3043,
    0x340F, 0x0C3F, 0x300B, 0x300A, 0x0F57, 0x0D0E, 0x410C, 0x3614, 0x4E53, 0x504D, 0x4C4C, 0x4F4B,
    0x1716, 0x1918, 0x1B1A, 0x140B, 0x3938, 0x1918, 0x0C1A, 0x300B, 0x4416, 0x1945, 0x1B1A, 0x140B,
    0x5251, 0x4D53, 0x4C4D, 0x4B4C, 0x5923, 0x3434, 0x324D, 0x3031, 0x6111, 0x3459, 0x323F, 0x300B,
    0x1011, 0x0E40, 0x1B3F, 0x0A0B, 0x4E52, 0x504E, 0x4C50, 0x4B4C, 0x1C00, 0x011D, 0x0101, 0x0101,
    0x1C00, 0x011D, 0x0101, 0x0101, 0x1C00, 0x011D, 0x0101, 0x0101, 0x1C00, 0x011D, 0x0101, 0x0101,
    0x1C00, 0x011D, 0x0101, 0x0101, 0x1C00, 0x011D, 0x0101, 0x0101, 0x1C00, 0x011D, 0x0101, 0x0101,
    0x1C00, 0x011D, 0x0101, 0x0101, 0x1C00, 0x011D, 0x0101, 0x0101, 0x1C00, 0x011D, 0x0101, 0x0101,
    0x0000, 0x1D1C, 0x0101, 0x0101, 0x0000, 0x1D1C, 0x0101, 0x0101, 0x0000, 0x1C00, 0x011D, 0x0101,
    0x0000, 0x0000, 0x1D1C, 0x011D, 0x0000, 0x0000, 0x1C00, 0x1D1C, 0x0000, 0x0000, 0x0000, 0x1C00,
    0x0101, 0x0101, 0x0101, 0x0101, 0x0101, 0x0101, 0x0101, 0x0101, 0x0101, 0x0101, 0x0101, 0x0101,
    0x0101, 0x0101, 0x0101, 0x0101, 0x0101, 0x0101, 0x0101, 0x0101, 0x0101, 0x0101, 0x0101, 0x0101,
    0x1D1D, 0x1D1D, 0x1D1D, 0x1D1D, 0x1C1C, 0x1C1C, 0x1C1C, 0x1C1C, 0x1C00, 0x011D, 0x0101, 0x0101,
    0x1C00, 0x011D, 0x0101, 0x0101, 0x011D, 0x0101, 0x0101, 0x0101, 0x1D1C, 0x0101, 0x0101, 0x0101,
    0x1C00, 0x011D, 0x0101, 0x0101, 0x1C00, 0x011D, 0x0101, 0x0101, 0x1C00, 0x011D, 0x0101, 0x0101,
    0x1C00, 0x011D, 0x0101, 0x0101, 0x1F1E, 0x1F1F, 0x201F, 0x1F20, 0x201F, 0x203A, 0x2520, 0x203A,
    0x2B1F, 0x2B1F, 0x2A1F, 0x2B1F, 0x5554, 0x5555, 0x5527, 0x5555, 0x2A3D, 0x282A, 0x462A, 0x2929,
    0x283A, 0x2829, 0x4628, 0x4646, 0x292B, 0x2929, 0x4628, 0x4666, 0x3D55, 0x3A3A, 0x3A3A, 0x3A3A,
    0x1F1E, 0x2121, 0x2322, 0x2323, 0x201F, 0x3B3B, 0x3C3B, 0x2121, 0x2B2B, 0x2626, 0x233B, 0x2222,
    0x5527, 0x5655, 0x5857, 0x4E52, 0x2929, 0x2929, 0x202B, 0x2524, 0x2946, 0x2946, 0x2528, 0x2525,
    0x4646, 0x4629, 0x2B07, 0x1F20, 0x3A3A, 0x3D3A, 0x4055, 0x5148, 0x2524, 0x1F20, 0x2620, 0x2726,
    0x2525, 0x2525, 0x1125, 0x2611, 0x2525, 0x1F20, 0x2625, 0x2726, 0x4848, 0x4835, 0x4835, 0x5940,
    0x3C21, 0x2121, 0x3C23, 0x263B, 0x1111, 0x3C3B, 0x3C3C, 0x263B, 0x1111, 0x1111, 0x2626, 0x2626,
    0x5353, 0x5151, 0x5148, 0x4848, 0x2820, 0x2928, 0x2928, 0x2828, 0x2A3D, 0x2A28, 0x2A2A, 0x2A2A,
    0x283A, 0x282A, 0x2A2A, 0x2A2A, 0x3D55, 0x3A3A, 0x3A2A, 0x3A3A, 0x2A3D, 0x2A2A, 0x2929, 0x2828,
    0x273D, 0x3D3D, 0x2B29, 0x3A2A, 0x555D, 0x555D, 0x2020, 0x5555, 0x4835, 0x5A58, 0x5148, 0x525A,
    0x282A, 0x2928, 0x2B20, 0x1F1F, 0x3A2A, 0x3A2A, 0x1F3D, 0x2525, 0x2A3A, 0x2A2A, 0x2B3D, 0x2525,
    0x3A3A, 0x3D3A, 0x4055, 0x485A, 0x2A2A, 0x2A2A, 0x553D, 0x5D26, 0x3A2A, 0x3A3A, 0x263D, 0x5526,
    0x5555, 0x555D, 0x5524, 0x2455, 0x525A, 0x5252, 0x535A, 0x5151, 0x201F, 0x2C1F, 0x2626, 0x2626,
    0x2025, 0x1F20, 0x1126, 0x1126, 0x2520, 0x2025, 0x213B, 0x213C, 0x4840, 0x4853, 0x5353, 0x5353,
    0x3B26, 0x3B3B, 0x113C, 0x3B11, 0x2626, 0x113B, 0x3B11, 0x2611, 0x5525, 0x2655, 0x265D, 0x2626,
    0x4840, 0x5351, 0x5352, 0x5151, 0x6867, 0x6867, 0x6867, 0x6867, 0x6864, 0x6864, 0x6864, 0x6864,
    0x6364, 0x6364, 0x6364, 0x6364, 0x722F, 0x7272, 0x722F, 0x7272, 0x2D72, 0x2D72, 0x2D72, 0x2D72,
    0x7575, 0x7576, 0x7575, 0x7576, 0x2C2C, 0x2C2C, 0x2C2C, 0x2C2C, 0x1E1E, 0x1E1E, 0x1E1E, 0x1E1E,
    0x0000, 0x0000, 0x0000, 0x0000, 0x0000, 0x0000, 0x0000, 0x0000, 0x0404, 0x0404, 0x0404, 0x0303,
    0x2D2F, 0x2D2D, 0x2F17, 0x2E2F, 0x2D2D, 0x2F2D, 0x2E39, 0x2E39, 0x2D2D, 0x2D77, 0x2D2D, 0x2D2D,
    0x0374, 0x7474, 0x7674, 0x7476, 0x5E59, 0x5E5E, 0x5E5E, 0x5E5E, 0x0000, 0x0000, 0x0000, 0x0000,
    0x0000, 0x0000, 0x0000, 0x0000, 0x0000, 0x0000, 0x0000, 0x0000, 0x0000, 0x0000, 0x0000, 0x0000,
    0x0303, 0x0303, 0x0303, 0x0303, 0x2D04, 0x2D77, 0x2D2D, 0x2D2D, 0x2D74, 0x722E, 0x2F2E, 0x2E2E,
    0x2F03, 0x2D2F, 0x2D17, 0x2F2D, 0x0000, 0x0000, 0x0000, 0x0000, 0x0000, 0x0000, 0x0000, 0x0000,
    0x0000, 0x0000, 0x0000, 0x0000, 0x0000, 0x0000, 0x0000, 0x0000, 0x7474, 0x0303, 0x0303, 0x0303,
    0x2D2D, 0x2D2D, 0x2D2D, 0x042D, 0x2D2F, 0x2E2E, 0x2F2E, 0x032D, 0x2F17, 0x2F2D, 0x2F2D, 0x032F,
    0x0606, 0x0706, 0x3E06, 0x0404, 0x0607, 0x0707, 0x3E06, 0x0404, 0x0606, 0x0606, 0x3E07, 0x0404,
    0x0646, 0x0607, 0x3E06, 0x0404, 0x0606, 0x0607, 0x3E06, 0x0404, 0x0607, 0x0606, 0x3E06, 0x0404,
    0x0706, 0x0706, 0x3E06, 0x0404, 0x0606, 0x0607, 0x3E06, 0x0404, 0x0447, 0x042E, 0x0469, 0x0404,
    0x0447, 0x042F, 0x0467, 0x0404, 0x0447, 0x042E, 0x0467, 0x0404, 0x0447, 0x042F, 0x0462, 0x0404,
    0x0447, 0x042E, 0x0469, 0x0404, 0x0447, 0x042F, 0x0467, 0x0404, 0x0447, 0x042E, 0x045B, 0x0404,
    0x0447, 0x042F, 0x2E2E, 0x2F72, 0x0404, 0x0465, 0x046A, 0x495F, 0x0404, 0x0441, 0x042E, 0x496F,
    0x0404, 0x0436, 0x042E, 0x495F, 0x0404, 0x0441, 0x042F, 0x496F, 0x0404, 0x0436, 0x046A, 0x495F,
    0x0404, 0x0441, 0x042E, 0x496F, 0x0404, 0x0414, 0x042E, 0x495F, 0x782D, 0x042D, 0x042F, 0x496F,
    0x0404, 0x0607, 0x0606, 0x0606, 0x0404, 0x0770, 0x0706, 0x0606, 0x0404, 0x0606, 0x0606, 0x0606,
    0x0404, 0x0606, 0x0607, 0x0606, 0x0404, 0x0606, 0x0706, 0x0706, 0x0404, 0x0606, 0x0607, 0x0706,
    0x0404, 0x0607, 0x0706, 0x0706, 0x0404, 0x0607, 0x0707, 0x0707, 0x6B12, 0x1A42, 0x186C, 0x2039,
    0x3712, 0x6942, 0x5C19, 0x2471, 0x6B13, 0x691B, 0x5C5B, 0x553E, 0x4B4B, 0x4C4C, 0x4D4D, 0x524E,
    0x3130, 0x3F32, 0x5C34, 0x553E, 0x0B0A, 0x3F1B, 0x180E, 0x3844, 0x4114, 0x0D1B, 0x1869, 0x2017,
    0x4B4B, 0x504C, 0x4D4D, 0x524E, 0x1212, 0x4343, 0x434A, 0x434A, 0x6B6B, 0x4D31, 0x3131, 0x3131,
    0x4242, 0x4D4A, 0x4D4D, 0x4D4D, 0x4C50, 0x4B4C, 0x4B73, 0x4B4C, 0x5B1A, 0x5B5B, 0x5B1A, 0x195B,
    0x5C18, 0x0F54, 0x5C5C, 0x5C18, 0x3939, 0x3939, 0x1739, 0x1739, 0x5353, 0x5253, 0x5252, 0x5353,
    0x3030, 0x0A30, 0x0A30, 0x140A, 0x3131, 0x0B0B, 0x0B0B, 0x0B0B, 0x324D, 0x0C32, 0x0C0C, 0x3232,
    0x4B73, 0x4C4C, 0x5050, 0x4A4C, 0x195B, 0x345B, 0x0E34, 0x0E34, 0x5C18, 0x6D18, 0x6D6D, 0x6D61,
    0x1717, 0x5717, 0x5710, 0x5710, 0x5353, 0x5351, 0x4E52, 0x5252, 0x5760, 0x0E6D, 0x6E1A, 0x1212,
    0x1011, 0x0E61, 0x426C, 0x136B, 0x5923, 0x3434, 0x421A, 0x1341, 0x4E52, 0x504D, 0x4B50, 0x4F4B,
    0x613C, 0x346D, 0x3233, 0x3031, 0x6160, 0x0E59, 0x323F, 0x300B, 0x5760, 0x6D0F, 0x423F, 0x3641,
    0x4E53, 0x504D, 0x4C4C, 0x4F4B, 0x1212, 0x1212, 0x1213, 0x1213, 0x1312, 0x1313, 0x3613, 0x1313,
    0x1313, 0x3636, 0x3636, 0x3614, 0x4F4B, 0x4F4F, 0x4F4B, 0x4F4F, 0x3030, 0x3030, 0x1343, 0x3636,
    0x0A0A, 0x0A0B, 0x120A, 0x1312, 0x3614, 0x1414, 0x1214, 0x1312, 0x4B4B, 0x4B4B, 0x4F4B, 0x4F4F,
    0x1212, 0x4343, 0x434A, 0x434A, 0x1313, 0x4343, 0x4343, 0x4343, 0x1313, 0x4A4C, 0x4A4A, 0x4A4A,
    0x4F4B, 0x4F4F, 0x4F4F, 0x4F4F, 0x3614, 0x1436, 0x3614, 0x1336, 0x3613, 0x1436, 0x3636, 0x1313,
    0x1313, 0x1313, 0x1313, 0x1213, 0x4B4B, 0x4F4B, 0x4F4B, 0x4F4B, 0x6666, 0x6666, 0x6666, 0x6666,
    0x6666, 0x6666, 0x6666, 0x6666, 0x6666, 0x0808, 0x0808, 0x0808, 0x6666, 0x6608, 0x6666, 0x6666,
    0x6666, 0x6608, 0x6608, 0x6666, 0x6666, 0x6608, 0x6670, 0x0808, 0x6666, 0x6608, 0x6670, 0x2A75,
    0x6666, 0x6608, 0x6666, 0x2A75, 0x6666, 0x6666, 0x6666, 0x6666, 0x6666, 0x6666, 0x6666, 0x6666,
    0x0808, 0x0808, 0x0808, 0x0808, 0x6666, 0x6666, 0x6666, 0x6666, 0x6666, 0x6666, 0x6666, 0x6666,
    0x0808, 0x0808, 0x0808, 0x0808, 0x2A2A, 0x2A2A, 0x2A2A, 0x2A2A, 0x2A2A, 0x2A2A, 0x2A2A, 0x2A2A,
    0x6666, 0x6666, 0x6666, 0x6666, 0x6666, 0x6666, 0x6666, 0x6666, 0x0808, 0x0808, 0x0808, 0x0808,
    0x6666, 0x6666, 0x6666, 0x6666, 0x6666, 0x6666, 0x6666, 0x0866, 0x0808, 0x0808, 0x0808, 0x7066,
    0x2A2A, 0x2A2A, 0x082A, 0x7066, 0x2A2A, 0x2A2A, 0x082A, 0x6666, 0x6666, 0x6666, 0x6666, 0x6666,
    0x6666, 0x6666, 0x6666, 0x6666, 0x0808, 0x0808, 0x0808, 0x0808, 0x6666, 0x6666, 0x6666, 0x6666,
    0x6666, 0x6666, 0x6666, 0x6666, 0x0866, 0x0808, 0x0808, 0x0808, 0x7566, 0x2A2A, 0x2A2A, 0x2A2A,
    0x7566, 0x2A2A, 0x2A2A, 0x2A2A, 0x6666, 0x6666, 0x6666, 0x6666, 0x6666, 0x6666, 0x6666, 0x6666,
    0x0808, 0x0808, 0x3E17, 0x6666, 0x6666, 0x6666, 0x391F, 0x6666, 0x6666, 0x6670, 0x3975, 0x6666,
    0x6608, 0x6670, 0x392C, 0x6666, 0x660E, 0x6670, 0x2E75, 0x6666, 0x666D, 0x6666, 0x391F, 0x6666,
    0x0606, 0x0606, 0x0606, 0x0606, 0x0606, 0x0606, 0x0606, 0x0606, 0x0606, 0x0606, 0x0606, 0x0606,
    0x0606, 0x0606, 0x0606, 0x0606, 0x0606, 0x0606, 0x0606, 0x0606, 0x0606, 0x0606, 0x0606, 0x0606,
    0x0606, 0x0606, 0x0606, 0x0606, 0x0606, 0x0606, 0x0606, 0x0606, 0x7575, 0x7575, 0x7575, 0x7575,
    0x7275, 0x7575, 0x7275, 0x7575, 0x727A, 0x7272, 0x7272, 0x7278, 0x727E, 0x7272, 0x722D, 0x7272,
    0x6A7A, 0x6363, 0x6363, 0x6363, 0x0781, 0x0606, 0x0607, 0x0707, 0x8383, 0x8383, 0x8384, 0x8385,
    0x8786, 0x8788, 0x8A89, 0x8B89, 0x7575, 0x7575, 0x7575, 0x7575, 0x7275, 0x7575, 0x7575, 0x7575,
    0x7272, 0x7278, 0x7272, 0x7B72, 0x7272, 0x7272, 0x7272, 0x7C72, 0x6A63, 0x6318, 0x6363, 0x7F63,
    0x0707, 0x0606, 0x0606, 0x7E06, 0x8583, 0x847E, 0x7E81, 0x8384, 0x8D8C, 0x8A89, 0x8A86, 0x8888,
    0x7979, 0x7979, 0x7979, 0x7979, 0x7979, 0x7979, 0x7979, 0x7979, 0x7C7C, 0x7C7C, 0x7C7C, 0x7C7C,
    0x7979, 0x7979, 0x7979, 0x7979, 0x7979, 0x7979, 0x7979, 0x7979, 0x7979, 0x7979, 0x7979, 0x7979,
    0x7979, 0x7979, 0x7979, 0x7979, 0x7979, 0x7979, 0x7979, 0x7979, 0x0706, 0x0607, 0x3E06, 0x0404,
    0x0607, 0x0606, 0x3E07, 0x0404, 0x0706, 0x0706, 0x3E07, 0x0404, 0x0607, 0x0607, 0x3E06, 0x0404,
    0x0606, 0x0606, 0x3E06, 0x0404, 0x0706, 0x0607, 0x3E06, 0x0404, 0x061E, 0x061E, 0x3E1E, 0x0404,
    0x1E06, 0x1E06, 0x3E2B, 0x0404, 0x0447, 0x042E, 0x0404, 0x0474, 0x0447, 0x0404, 0x6467, 0x642E,
    0x0447, 0x042E, 0x0467, 0x0404, 0x0447, 0x042F, 0x0447, 0x0404, 0x0447, 0x042E, 0x0469, 0x0404,
    0x0447, 0x042E, 0x0467, 0x0404, 0x0447, 0x042E, 0x045B, 0x0404, 0x0447, 0x042E, 0x0462, 0x0404,
    0x0474, 0x0404, 0x046A, 0x495F, 0x6464, 0x0441, 0x0404, 0x496F, 0x0404, 0x0441, 0x042E, 0x495F,
    0x0404, 0x0441, 0x042F, 0x4953, 0x0404, 0x0480, 0x2E6A, 0x507D, 0x0404, 0x0441, 0x2E2E, 0x827D,
    0x0404, 0x0480, 0x042E, 0x4E63, 0x0404, 0x0441, 0x042F, 0x8E5E, 0x0404, 0x0606, 0x0606, 0x0706,
    0x0404, 0x0707, 0x0707, 0x0606, 0x0404, 0x0707, 0x0706, 0x0606, 0x0404, 0x0606, 0x0606, 0x0607,
    0x0404, 0x0706, 0x0606, 0x0606, 0x0404, 0x0707, 0x0706, 0x0607, 0x0404, 0x061E, 0x0606, 0x061E,
    0x0404, 0x1E06, 0x1E06, 0x1E06, 0x0000, 0x0000, 0x0000, 0x0000, 0x0000, 0x0000, 0x0000, 0x0000,
    0x0000, 0x0000, 0x0000, 0x0000, 0x0000, 0x0000, 0x0000, 0x0000, 0x5858, 0x5858, 0x5858, 0x5858,
    0x0101, 0x0101, 0x0101, 0x0101, 0x2B2B, 0x2B2B, 0x2B2B, 0x2B2B, 0x2B07, 0x2B2B, 0x2B07, 0x2B2B,
    0x0B0A, 0x0D0C, 0x0F0E, 0x1110, 0x4330, 0x3231, 0x5133, 0x3535, 0x0A0A, 0x0B30, 0x3332, 0x4033,
    0x4B4A, 0x4F4B, 0x4C4C, 0x4C4C, 0x3030, 0x3043, 0x4136, 0x3F0C, 0x4343, 0x4343, 0x3636, 0x1B41,
    0x0A0A, 0x0A0A, 0x3613, 0x0B0A, 0x4B4A, 0x4F4B, 0x4F4B, 0x4F4F, 0x603C, 0x5660, 0x2060, 0x2020,
    0x3535, 0x3535, 0x3959, 0x3971, 0x4048, 0x6D40, 0x1840, 0x185C, 0x4C50, 0x5050, 0x504D, 0x4D50,
    0x3F3F, 0x3F33, 0x3F33, 0x0D3F, 0x0C1B, 0x0C0C, 0x0C0C, 0x1B1B, 0x0B0B, 0x0B0B, 0x4141, 0x4141,
    0x4F4F, 0x4F4F, 0x4F4F, 0x4F4B, 0x3844, 0x5516, 0x5516, 0x5516, 0x5471, 0x3E56, 0x3E71, 0x3E71,
    0x5C5C, 0x5C5C, 0x5C5C, 0x5C5C, 0x4D4D, 0x4D4E, 0x4D4E, 0x504D, 0x1A42, 0x1A69, 0x3333, 0x3333,
    0x4242, 0x4242, 0x0C0C, 0x0C0C, 0x6B41, 0x6B12, 0x0B0B, 0x0B31, 0x4B4B, 0x4F4B, 0x4F4B, 0x4F4B,
    0x1716, 0x1918, 0x1B1A, 0x140B, 0x5C71, 0x1A19, 0x3142, 0x3030, 0x195C, 0x6E1A, 0x0A6B, 0x140A,
    0x504D, 0x4B50, 0x4B4A, 0x4B4B, 0x3233, 0x4343, 0x304A, 0x3030, 0x310C, 0x3030, 0x4330, 0x3030,
    0x0A0B, 0x0A30, 0x0A0A, 0x0A0A, 0x4F4B, 0x4F4B, 0x4B4B, 0x4B4B, 0x0A0A, 0x0B0A, 0x140A, 0x0A0A,
    0x4330, 0x4330, 0x4343, 0x4A4A, 0x0A0A, 0x0A30, 0x3043, 0x434A, 0x4B4A, 0x4F4B, 0x4B4B, 0x4F4F,
    0x3030, 0x3043, 0x3636, 0x0A0A, 0x4343, 0x4343, 0x3636, 0x0A41, 0x0A0A, 0x0A0A, 0x3613, 0x0A0A,
    0x4B4A, 0x4F4B, 0x4F4B, 0x4F4F, 0x0A30, 0x0B0A, 0x120A, 0x1212, 0x4A4A, 0x4343, 0x1343, 0x1313,
    0x434A, 0x3043, 0x1343, 0x1313, 0x4F4F, 0x4F4F, 0x4F4B, 0x4B4F, 0x3030, 0x0A30, 0x0A30, 0x0B0A,
    0x0A0A, 0x0A0A, 0x0A0A, 0x140B, 0x0A0A, 0x0A0A, 0x3614, 0x3614, 0x4F4F, 0x4F4F, 0x4F4F, 0x4F4B,
    0x6666, 0x6608, 0x6608, 0x2A75, 0x6666, 0x6608, 0x6670, 0x2A2C, 0x6666, 0x6608, 0x6670, 0x2A7D,
    0x6666, 0x6608, 0x6670, 0x2A2C, 0x6666, 0x6608, 0x6608, 0x2A75, 0x6666, 0x6608, 0x6670, 0x2A2C,
    0x6666, 0x6608, 0x6608, 0x2A75, 0x6666, 0x6608, 0x6670, 0x0808, 0x2A2A, 0x2A2A, 0x2A2A, 0x2A2A,
    0x2A2A, 0x2A2A, 0x2A2A, 0x2A2A, 0x2A2A, 0x2A2A, 0x2A2A, 0x2A2A, 0x2A2A, 0x2A2A, 0x2A2A, 0x2A2A,
    0x2A2A, 0x2A2A, 0x2A2A, 0x2A2A, 0x2A2A, 0x2A2A, 0x2A2A, 0x2A2A, 0x2A2A, 0x2A2A, 0x2A2A, 0x2A2A,
    0x0808, 0x0808, 0x0808, 0x0808, 0x2A2A, 0x2A2A, 0x082A, 0x7066, 0x2A2A, 0x2A2A, 0x082A, 0x7066,
    0x2A2A, 0x2A2A, 0x082A, 0x7066, 0x2A2A, 0x2A2A, 0x082A, 0x0866, 0x2A2A, 0x2A2A, 0x082A, 0x7066,
    0x2A2A, 0x2A2A, 0x082A, 0x0866, 0x2A2A, 0x2A2A, 0x082A, 0x7066, 0x0808, 0x0808, 0x0808, 0x0866,
    0x2C66, 0x2A2A, 0x2A2A, 0x2A2A, 0x7566, 0x2A2A, 0x2A2A, 0x2A2A, 0x2C66, 0x2A2A, 0x2A2A, 0x2A2A,
    0x7566, 0x2A2A, 0x2A2A, 0x2A2A, 0x2C66, 0x2A2A, 0x2A2A, 0x2A2A, 0x7566, 0x2A2A, 0x2A2A, 0x2A2A,
    0x2C66, 0x2A2A, 0x2A2A, 0x2A2A, 0x0866, 0x0808, 0x0808, 0x0808, 0x660E, 0x6670, 0x3975, 0x6666,
    0x666D, 0x6670, 0x392C, 0x6666, 0x660E, 0x6670, 0x3975, 0x6666, 0x665B, 0x6670, 0x391F, 0x6666,
    0x660E, 0x6670, 0x3975, 0x6666, 0x666D, 0x6670, 0x3E2C, 0x6666, 0x660E, 0x6670, 0x3975, 0x6666,
    0x6608, 0x6670, 0x391F, 0x6666, 0x1E1E, 0x1E1E, 0x1E1E, 0x1E1E, 0x1E1E, 0x1E1E, 0x1E1E, 0x1E1E,
    0x2C2C, 0x2C2C, 0x2C2C, 0x2C2C, 0x2C2C, 0x2C2C, 0x2C2C, 0x2C2C, 0x7572, 0x7572, 0x7572, 0x7572,
    0x2D75, 0x7575, 0x2D75, 0x7575, 0x7272, 0x7272, 0x7272, 0x7272, 0x722F, 0x7272, 0x722F, 0x7272,
    0x908F, 0x9191, 0x918F, 0x918F, 0x9494, 0x9094, 0x948B, 0x9494, 0x8A8A, 0x8A8A, 0x8A8A, 0x8A8A,
    0x9091, 0x9190, 0x9190, 0x9094, 0x2555, 0x2525, 0x3C3B, 0x2121, 0x2555, 0x2525, 0x1111, 0x1111,
    0x2025, 0x2520, 0x1111, 0x1111, 0x4848, 0x5348, 0x5353, 0x5351, 0x918F, 0x9192, 0x9191, 0x9191,
    0x948B, 0x948B, 0x9494, 0x948B, 0x878A, 0x8A8A, 0x8A8A, 0x8A8A, 0x8B09, 0x8B8B, 0x9191, 0x9490,
    0x3C21, 0x2121, 0x3C23, 0x3B3B, 0x1111, 0x3C3B, 0x3C3C, 0x3B3B, 0x1111, 0x1111, 0x2626, 0x2626,
    0x5353, 0x5151, 0x5148, 0x4848, 0x7979, 0x7979, 0x7979, 0x7979, 0x7C7C, 0x7C7C, 0x7C7C, 0x7C7C,
    0x7979, 0x7979, 0x7979, 0x7979, 0x7979, 0x7979, 0x7979, 0x7979, 0x9797, 0x9797, 0x9797, 0x9797,
    0x7C7C, 0x7C7C, 0x7C7C, 0x7C7C, 0x7C7C, 0x7C7C, 0x7C7C, 0x7C7C, 0x7C7C, 0x7C7C, 0x7C7C, 0x7C7C,
    0x1E1E, 0x1E1E, 0x541E, 0x0404, 0x2C1E, 0x2C1E, 0x541E, 0x0404, 0x2C2C, 0x2C2C, 0x542C, 0x0404,
    0x2C2C, 0x752C, 0x5C2C, 0x0404, 0x7575, 0x7575, 0x0F75, 0x0404, 0x7275, 0x7575, 0x5B75, 0x0404,
    0x7272, 0x7272, 0x6272, 0x0404, 0x7272, 0x7272, 0x5B2D, 0x0404, 0x0447, 0x0463, 0x045F, 0x0404,
    0x0447, 0x042E, 0x6868, 0x6464, 0x0447, 0x0404, 0x7677, 0x0376, 0x0447, 0x042E, 0x6467, 0x6464,
    0x0447, 0x0447, 0x0469, 0x0404, 0x0447, 0x042E, 0x0467, 0x0404, 0x0447, 0x0447, 0x0469, 0x0404,
    0x0447, 0x0439, 0x0462, 0x0404, 0x0404, 0x0414, 0x046A, 0x495F, 0x6464, 0x042E, 0x042E, 0x495F,
    0x0374, 0x0474, 0x0404, 0x495F, 0x642E, 0x7796, 0x042F, 0x8E5F, 0x0404, 0x7765, 0x046A, 0x4958,
    0x0404, 0x0496, 0x2E2E, 0x8E5F, 0x0404, 0x0465, 0x042E, 0x4958, 0x0404, 0x041B, 0x042F, 0x8E5F,
    0x0404, 0x1E1E, 0x1E1E, 0x1E1E, 0x0404, 0x1E1E, 0x2C1E, 0x2C1E, 0x0404, 0x2C2C, 0x2C2C, 0x2C2C,
    0x0404, 0x2C2C, 0x2C2C, 0x2C2C, 0x0404, 0x7575, 0x7575, 0x2C75, 0x0404, 0x7575, 0x7575, 0x7575,
    0x0404, 0x7272, 0x7272, 0x7272, 0x0404, 0x3972, 0x7272, 0x7272, 0x2B2B, 0x2B2B, 0x2B2B, 0x2B2B,
    0x2B2B, 0x2B2B, 0x2B2B, 0x2B2B, 0x2B2B, 0x2B2B, 0x2B2B, 0x2B2B, 0x5555, 0x5555, 0x5555, 0x5555,
    0x8282, 0x8282, 0x8282, 0x8282, 0x8282, 0x8282, 0x8282, 0x8282, 0x9898, 0x9898, 0x9898, 0x9898,
    0x8282, 0x8282, 0x8282, 0x8282, 0x1F1E, 0x1F20, 0x2020, 0x1F25, 0x2520, 0x2525, 0x2425, 0x2524,
    0x2525, 0x2424, 0x5524, 0x2455, 0x5353, 0x5353, 0x5353, 0x5353, 0x3B3B, 0x3B3B, 0x2521, 0x5524,
    0x2611, 0x2626, 0x2011, 0x2525, 0x5555, 0x5555, 0x1F5D, 0x2520, 0x5148, 0x5148, 0x5151, 0x5153,
    0x2020, 0x2323, 0x2322, 0x2323, 0x2525, 0x2323, 0x2121, 0x2121, 0x2525, 0x9535, 0x9595, 0x2295,
    0x5353, 0x4E4E, 0x4E52, 0x4E4E, 0x5555, 0x5555, 0x2455, 0x2524, 0x2425, 0x5524, 0x2455, 0x2525,
    0x2525, 0x2525, 0x2525, 0x1F20, 0x5148, 0x5351, 0x5153, 0x5151, 0x113B, 0x1111, 0x1111, 0x2626,
    0x2121, 0x113B, 0x1111, 0x2611, 0x2123, 0x113C, 0x1111, 0x213C, 0x4E52, 0x5352, 0x5153, 0x5153,
    0x2525, 0x3B25, 0x113B, 0x113B, 0x2525, 0x1125, 0x1111, 0x2611, 0x1F20, 0x2620, 0x2626, 0x2626,
    0x5148, 0x5148, 0x5253, 0x5352, 0x2626, 0x2626, 0x1F2C, 0x1F20, 0x2611, 0x2611, 0x201F, 0x2520,
    0x3C21, 0x3B21, 0x2520, 0x2525, 0x5353, 0x5353, 0x5348, 0x5148, 0x113B, 0x3C11, 0x3B3B, 0x3B21,
    0x1126, 0x113B, 0x3B11, 0x1111, 0x2626, 0x5D26, 0x5526, 0x5555, 0x5151, 0x5253, 0x5153, 0x5151,
    0x3030, 0x0A30, 0x0A30, 0x140A, 0x4343, 0x3030, 0x300A, 0x0A0A, 0x4343, 0x0A43, 0x0A30, 0x4343,
    0x4F4F, 0x4F4F, 0x4B4B, 0x4F4F, 0x1313, 0x3013, 0x0A30, 0x0A30, 0x1312, 0x0A12, 0x300A, 0x0A0A,
    0x1212, 0x0A12, 0x0A0A, 0x0A0A, 0x4B4B, 0x4F4B, 0x4F4B, 0x4F4F, 0x0A0A, 0x140A, 0x1215, 0x1212,
    0x0A0A, 0x0A0A, 0x1212, 0x1312, 0x3043, 0x3043, 0x1312, 0x1313, 0x4F4B, 0x4F4F, 0x4F4B, 0x4F4B,
    0x3030, 0x3030, 0x3030, 0x3043, 0x300A, 0x3030, 0x300A, 0x300A, 0x140A, 0x140A, 0x650A, 0x3614,
    0x4F4B, 0x4F4F, 0x4F4F, 0x4F4B, 0x6666, 0x6608, 0x6666, 0x9393, 0x6666, 0x6608, 0x6608, 0x5B75,
    0x6666, 0x6608, 0x6608, 0x2A75, 0x6666, 0x6608, 0x6608, 0x2A2C, 0x6666, 0x6608, 0x6608, 0x2A75,
    0x6666, 0x6608, 0x6608, 0x2A2C, 0x6666, 0x6608, 0x6608, 0x2A7D, 0x6666, 0x6608, 0x6608, 0x2A75,
    0x6666, 0x6693, 0x9366, 0x6666, 0x5B0F, 0x5B0F, 0x5B0F, 0x5B0F, 0x2A2A, 0x2A2A, 0x2A2A, 0x2A2A,
    0x2A2A, 0x2A2A, 0x2A2A, 0x2A2A, 0x2A2A, 0x2A2A, 0x2A2A, 0x2A2A, 0x2A2A, 0x2A2A, 0x2A2A, 0x2A2A,
    0x2A2A, 0x2A2A, 0x2A2A, 0x2A2A, 0x2A2A, 0x2A2A, 0x2A2A, 0x2A2A, 0x6693, 0x9366, 0x0866, 0x6666,
    0x5B5B, 0x5B5C, 0x080F, 0x0866, 0x2A2A, 0x2A2A, 0x082A, 0x0866, 0x2A2A, 0x2A2A, 0x082A, 0x0866,
    0x2A2A, 0x2A2A, 0x082A, 0x0866, 0x2A2A, 0x2A2A, 0x082A, 0x0866, 0x2A2A, 0x2A2A, 0x082A, 0x0866,
    0x2A2A, 0x2A2A, 0x082A, 0x0866, 0x9366, 0x6666, 0x6693, 0x9366, 0x7566, 0x5B0F, 0x5B5B, 0x5B5C,
    0x7566, 0x2A2A, 0x2A2A, 0x2A2A, 0x7566, 0x2A2A, 0x2A2A, 0x2A2A, 0x7566, 0x2A2A, 0x2A2A, 0x2A2A,
    0x7566, 0x2A2A, 0x2A2A, 0x2A2A, 0x7566, 0x2A2A, 0x2A2A, 0x2A2A, 0x7566, 0x2A2A, 0x2A2A, 0x2A2A,
    0x6666, 0x6666, 0x3975, 0x6666, 0x936D, 0x6670, 0x392C, 0x6666, 0x936D, 0x6670, 0x3975, 0x6666,
    0x666D, 0x6670, 0x391F, 0x6666, 0x9334, 0x6670, 0x3975, 0x6666, 0x666D, 0x7070, 0x3E75, 0x6666,
    0x666D, 0x6670, 0x3975, 0x6666, 0x666D, 0x6670, 0x3920, 0x6666, 0x1F1E, 0x1F20, 0x2020, 0x2025,
    0x2520, 0x2525, 0x2425, 0x3924, 0x2525, 0x2424, 0x5524, 0x5C3E, 0x5353, 0x5353, 0x4E52, 0x504D,
    0x3B3B, 0x3C3B, 0x5C59, 0x695B, 0x2611, 0x1056, 0x196D, 0x421A, 0x5555, 0x0F54, 0x6C69, 0x6B6B,
    0x5253, 0x504E, 0x4C50, 0x4F4B, 0x2075, 0x2323, 0x2322, 0x2323, 0x3844, 0x2323, 0x2121, 0x2121,
    0x715C, 0x9535, 0x9595, 0x2295, 0x4D4D, 0x4D4D, 0x4E52, 0x4E4E, 0x5B42, 0x3E0F, 0x2456, 0x2524,
    0x6942, 0x0F5B, 0x5556, 0x2525, 0x4241, 0x1969, 0x175C, 0x1F20, 0x4B4B, 0x4C4C, 0x4D4D, 0x5352,
    0x6364, 0x6364, 0x6363, 0x6363, 0x1E1E, 0x0606, 0x0606, 0x0606, 0x8583, 0x8484, 0x7E81, 0x8384,
    0x8D8C, 0x8A89, 0x8A86, 0x8888, 0x918F, 0x918F, 0x9191, 0x9191, 0x9494, 0x948B, 0x9494, 0x948B,
    0x878A, 0x8A8A, 0x8A8A, 0x8A8A, 0x8B09, 0x8B8B, 0x9191, 0x9490, 0x0303, 0x0303, 0x0303, 0x0303,
    0x5E5E, 0x5E5E, 0x5E5E, 0x5E5E, 0x6262, 0x6262, 0x6262, 0x6262, 0x5E5E, 0x5E5E, 0x5E59, 0x5E5E,
    0x6868, 0x6868, 0x6868, 0x6867, 0x6864, 0x6845, 0x6464, 0x6464, 0x1864, 0x1864, 0x1864, 0x1864,
    0x7272, 0x7272, 0x7272, 0x7272, 0x626D, 0x6262, 0x6262, 0x6262, 0x5E5E, 0x5E62, 0x5E5E, 0x5E5E,
    0x0505, 0x0505, 0x0505, 0x0505, 0x0505, 0x0505, 0x0505, 0x0505, 0x0505, 0x0505, 0x0505, 0x0505,
    0x0505, 0x0505, 0x0505, 0x0505, 0x0505, 0x0505, 0x0505, 0x0505, 0x0505, 0x0505, 0x0505, 0x0505,
    0x7C7C, 0x7C7C, 0x7C7C, 0x7C7C, 0x7C7C, 0x7C7C, 0x7C7C, 0x7C7C, 0x7C7C, 0x7C7C, 0x7C7C, 0x7C7C,
    0x7C7C, 0x7C7C, 0x7C7C, 0x7C7C, 0x7979, 0x7979, 0x7979, 0x7979, 0x7C7C, 0x7C7C, 0x7C7C, 0x7C7C,
    0x7C7C, 0x7C7C, 0x7C7C, 0x7C7C, 0x8787, 0x8787, 0x8787, 0x8787, 0x6A64, 0x6363, 0x5E63, 0x0404,
    0x0706, 0x0606, 0x3E07, 0x0404, 0x8383, 0x8383, 0x7B84, 0x0404, 0x8786, 0x8788, 0x9B89, 0x0404,
    0x908F, 0x9191, 0x9C8F, 0x0404, 0x9494, 0x9094, 0x928B, 0x0404, 0x8A8A, 0x8A8A, 0x9B8A, 0x0404,
    0x9091, 0x9190, 0x9C90, 0x0404, 0x0447, 0x0447, 0x0496, 0x0404, 0x0447, 0x0464, 0x0467, 0x0404,
    0x0447, 0x0447, 0x0496, 0x0404, 0x0447, 0x0404, 0x2E2F, 0x2E2E, 0x0447, 0x0419, 0x0404, 0x2F04,
    0x5F5F, 0x5F5F, 0x5F5F, 0x5F5F, 0x0404, 0x0404, 0x0404, 0x0404, 0x0404, 0x0404, 0x0404, 0x0404,
    0x0404, 0x0465, 0x046A, 0x8E5A, 0x0404, 0x041B, 0x042E, 0x8E5F, 0x0404, 0x0465, 0x042E, 0x499A,
    0x2E2F, 0x042E, 0x0404, 0x4E5F, 0x0464, 0x0404, 0x046A, 0x8E9A, 0x5F5F, 0x5F5F, 0x5F5F, 0x8E5A,
    0x0404, 0x0404, 0x0404, 0x0404, 0x0404, 0x0404, 0x0404, 0x0404, 0x0404, 0x6363, 0x6363, 0x6363,
    0x0404, 0x0706, 0x0606, 0x0706, 0x0404, 0x847E, 0x7E81, 0x8384, 0x0404, 0x8A89, 0x8A86, 0x8888,
    0x0404, 0x9192, 0x9191, 0x9191, 0x0404, 0x948B, 0x9494, 0x948B, 0x0404, 0x8A8A, 0x8A8A, 0x8A8A,
    0x0404, 0x8B8B, 0x9191, 0x9490, 0x8282, 0x8282, 0x8282, 0x8282, 0x9999, 0x9999, 0x9999, 0x9999,
    0x1126, 0x1111, 0x3C3C, 0x2323, 0x4835, 0x5148, 0x4848, 0x4E52, 0x3B3B, 0x3B3C, 0x5525, 0x1126,
    0x2121, 0x2121, 0x5524, 0x2655, 0x2626, 0x2626, 0x2425, 0x2626, 0x4835, 0x5148, 0x5351, 0x4E52,
    0x2626, 0x5D26, 0x555D, 0x1126, 0x3C3B, 0x213C, 0x2321, 0x2222, 0x1126, 0x1111, 0x3C3C, 0x2323,
    0x4835, 0x5148, 0x4848, 0x4E52, 0x3B3B, 0x3B3C, 0x5525, 0x1126, 0x2121, 0x2121, 0x5524, 0x2655,
    0x2626, 0x2626, 0x2425, 0x2626, 0x4835, 0x5148, 0x5351, 0x4E52, 0x2611, 0x5D26, 0x2026, 0x1F20,
    0x2295, 0x2323, 0x2521, 0x2525, 0x2122, 0x3B3C, 0x253C, 0x2525, 0x4E52, 0x5352, 0x5353, 0x4853,
    0x1111, 0x113B, 0x263B, 0x5D26, 0x2626, 0x1111, 0x2611, 0x5526, 0x1126, 0x2626, 0x555D, 0x2455,
    0x4E52, 0x4E4E, 0x5353, 0x5151, 0x2520, 0x2425, 0x2424, 0x2424, 0x5524, 0x2424, 0x2424, 0x2424,
    0x2425, 0x2524, 0x2525, 0x2425, 0x4835, 0x4835, 0x4835, 0x5148, 0x2555, 0x2525, 0x3C3B, 0x2121,
    0x2555, 0x2525, 0x1111, 0x1111, 0x2025, 0x2520, 0x1111, 0x1111, 0x4848, 0x5348, 0x5353, 0x5351,
    0x2524, 0x1F20, 0x2620, 0x2626, 0x2525, 0x2525, 0x1125, 0x3B11, 0x2525, 0x1F20, 0x2625, 0x2626,
    0x4848, 0x4835, 0x4835, 0x4848, 0x3C21, 0x2121, 0x3C23, 0x3B3B, 0x1111, 0x3C3B, 0x3C3C, 0x3B3B,
    0x1111, 0x1111, 0x2626, 0x2626, 0x5353, 0x5151, 0x5148, 0x4848, 0x4218, 0x3613, 0x3636, 0x3636,
    0x5524, 0x423E, 0x3636, 0x3613, 0x2425, 0x2524, 0x423E, 0x3636, 0x4835, 0x4835, 0x4835, 0x4C53,
    0x2555, 0x2525, 0x3C3B, 0x2121, 0x2555, 0x2525, 0x1111, 0x1111, 0x2025, 0x2520, 0x1111, 0x1111,
    0x4848, 0x5348, 0x5353, 0x5351, 0x1336, 0x1212, 0x0A13, 0x140A, 0x1313, 0x1313, 0x3013, 0x3030,
    0x1313, 0x1212, 0x0A13, 0x140A, 0x4B4B, 0x4B4C, 0x4B4A, 0x4B4B, 0x0C40, 0x4343, 0x304A, 0x3030,
    0x1111, 0x3261, 0x4330, 0x3030, 0x1111, 0x1111, 0x3F0F, 0x0A0A, 0x5353, 0x5151, 0x5148, 0x4C52,
    0x6666, 0x6608, 0x6608, 0x2A75, 0x6666, 0x6608, 0x6608, 0x2A75, 0x6666, 0x6608, 0x661E, 0x2A72,
    0x6666, 0x6608, 0x6666, 0x2A17, 0x6666, 0x6608, 0x662C, 0x6666, 0x6666, 0x7520, 0x7520, 0x7520,
    0x6666, 0x6666, 0x6666, 0x6666, 0x9D9D, 0x9D9D, 0x9D9D, 0x9D9D, 0x2A2A, 0x2A2A, 0x2A2A, 0x2A2A,
    0x2A2A, 0x2A2A, 0x2A2A, 0x2A2A, 0x2A2A, 0x2A2A, 0x2A2A, 0x2A2A, 0x2A2A, 0x2A2A, 0x2A2A, 0x2A2A,
    0x6666, 0x6666, 0x6666, 0x6666, 0x7520, 0x7520, 0x7520, 0x7520, 0x6666, 0x6666, 0x6666, 0x6666,
    0x9D9D, 0x9D9D, 0x9D9D, 0x9D9D, 0x2A2A, 0x2A2A, 0x082A, 0x0866, 0x2A2A, 0x2A2A, 0x082A, 0x0866,
    0x2A2A, 0x2A2A, 0x082A, 0x0866, 0x2A2A, 0x2A2A, 0x082A, 0x6666, 0x6666, 0x6666, 0x6666, 0x6666,
    0x7520, 0x7520, 0x7520, 0x7520, 0x6666, 0x6666, 0x6666, 0x6666, 0x9D9D, 0x9D9D, 0x9D9D, 0x9D9D,
    0x7566, 0x2A2A, 0x2A2A, 0x2A2A, 0x7266, 0x2A2A, 0x2A2A, 0x2A2A, 0x1766, 0x2A2A, 0x2A2A, 0x2A2A,
    0x7266, 0x2A2A, 0x2A2A, 0x2A2A, 0x6666, 0x6666, 0x6666, 0x6666, 0x7520, 0x7520, 0x7520, 0x7520,
    0x6666, 0x6666, 0x6666, 0x6666, 0x9D9D, 0x9D9D, 0x9D9D, 0x9D9D, 0x666D, 0x6670, 0x3E2D, 0x6666,
    0x666D, 0x6670, 0x6475, 0x6666, 0x6634, 0x6670, 0x3917, 0x6666, 0x666D, 0x6666, 0x6475, 0x6666,
    0x6666, 0x6670, 0x642E, 0x6666, 0x7520, 0x7520, 0x6472, 0x6666, 0x6666, 0x6666, 0x6666, 0x6666,
    0x9D9D, 0x9D9D, 0x9D9D, 0x9D9D, 0x5760, 0x5B6D, 0x1B42, 0x0A0B, 0x233B, 0x4061, 0x3334, 0x4A32,
    0x1126, 0x103C, 0x3440, 0x3233, 0x4835, 0x5248, 0x4E33, 0x4B50, 0x3B3B, 0x3B3C, 0x3E16, 0x0E6D,
    0x2121, 0x2121, 0x7124, 0x6D56, 0x2626, 0x2626, 0x2425, 0x5760, 0x4835, 0x5148, 0x5351, 0x4D52,
    0x0B30, 0x0D0C, 0x180D, 0x2017, 0x4D4D, 0x4833, 0x3935, 0x2538, 0x334D, 0x6D34, 0x3859, 0x2525,
    0x4C73, 0x4E4D, 0x5352, 0x4853, 0x6D34, 0x1161, 0x263B, 0x5D26, 0x100F, 0x1160, 0x2611, 0x5526,
    0x1110, 0x2626, 0x555D, 0x2455, 0x4E4E, 0x4E4E, 0x5353, 0x5151, 0x8F9E, 0x1671, 0x4545, 0x6745,
    0x9E9E, 0xA2A2, 0x4545, 0x6745, 0x4545, 0x6745, 0x4545, 0x6745, 0x4545, 0x6745, 0x4545, 0x6745,
    0x4545, 0x6745, 0xA17F, 0x88A1, 0x4545, 0x6745, 0xA17F, 0x88A1, 0xA17F, 0x88A1, 0xA17F, 0x88A1,
    0xA17F, 0x88A1, 0xA17F, 0x88A1, 0x7070, 0x7070, 0x7070, 0x7070, 0x7070, 0x7070, 0x7070, 0x7070,
    0x1616, 0x1616, 0x7070, 0x7070, 0x1638, 0x2C16, 0x7070, 0x7070, 0x8080, 0x1671, 0x1616, 0x1616,
    0x8037, 0x3737, 0x1616, 0x2C16, 0x8080, 0x8080, 0x878A, 0x1671, 0x8037, 0x8887, 0x8F8F, 0xB4B4,
    0x0303, 0x7474, 0x0574, 0x0505, 0x2F2F, 0x2D2F, 0x0574, 0x0505, 0x2E2F, 0x2D2E, 0x0574, 0x0505,
    0x2D2E, 0x2D2E, 0x0576, 0x0505, 0x2D04, 0x2D2E, 0x0303, 0x0403, 0x2F03, 0x2D2F, 0x2D2D, 0x2F2D,
    0x2D74, 0x722E, 0x2F2E, 0x2E2E, 0x2D04, 0x2D2D, 0x2D2D, 0x2D2D, 0x859F, 0xA085, 0x859F, 0xA085,
    0x859F, 0xA0A6, 0x859F, 0xA0A6, 0x7070, 0x7070, 0x859F, 0xA085, 0x7070, 0x7070, 0x859F, 0xA084,
    0x7070, 0x7070, 0x7070, 0x7070, 0x7070, 0x7070, 0x7070, 0x7070, 0x1616, 0x1616, 0x7070, 0x7070,
    0x1638, 0x2C16, 0x7070, 0x7070, 0x908F, 0x8A8A, 0x8B94, 0x918F, 0x9091, 0x9090, 0x8A87, 0x9494,
    0x702D, 0x7070, 0x9091, 0x8A8A, 0x702C, 0x7070, 0x9190, 0x9094, 0x702D, 0x7070, 0x702D, 0x7070,
    0x702C, 0x7070, 0x702C, 0x7070, 0x859F, 0xA085, 0x702D, 0x7070, 0x859F, 0xA084, 0x702C, 0x7070,
    0x8A87, 0x847E, 0x0606, 0x6363, 0x9191, 0x8A89, 0x7E81, 0x0606, 0x8B94, 0x918F, 0x8788, 0x8384,
    0x8787, 0x948B, 0x919B, 0x8888, 0x8B8B, 0x8A8A, 0x9490, 0x9191, 0x8B8B, 0x8B8B, 0x8A87, 0x948B,
    0x702D, 0x7070, 0x9091, 0x8A8A, 0x702C, 0x7070, 0x9191, 0x9490, 0x3737, 0x8080, 0x3780, 0x8080,
    0x8037, 0x8037, 0x8037, 0x8080, 0x3780, 0x3780, 0x8080, 0x3780, 0x8080, 0x8037, 0x3737, 0x3737,
    0x8037, 0x3780, 0x3780, 0x3737, 0x8080, 0x8037, 0x3737, 0x3737, 0x3780, 0x3737, 0x3780, 0x8080,
    0x3737, 0x3780, 0x3737, 0x3737, 0x8080, 0x1671, 0x1616, 0x1616, 0x3780, 0x3780, 0x1616, 0x2C16,
    0x3780, 0x8080, 0x8080, 0x1671, 0x3737, 0x3780, 0x3780, 0x8037, 0x3737, 0x3737, 0x8037, 0x3780,
    0x8037, 0x8037, 0x8037, 0x8080, 0x3780, 0x8080, 0x3737, 0x3737, 0x3780, 0x8037, 0x8080, 0x8037,
    0x0404, 0x0303, 0x0374, 0x0403, 0x2E2F, 0x2E2F, 0x2F2D, 0x742D, 0x2E2E, 0x2D63, 0x2E2E, 0x046A,
    0x2D2D, 0x2D2D, 0x772D, 0x2D77, 0x7677, 0x0376, 0x2D78, 0x2D78, 0x5F5E, 0x035E, 0x2E2F, 0x2D2D,
    0x6262, 0x0362, 0x7403, 0x0474, 0x5E67, 0x5F5E, 0x6967, 0x5E5E, 0x061E, 0x061E, 0x071E, 0x0706,
    0x1E1E, 0x062B, 0x0606, 0x0706, 0x1E2C, 0x1E1E, 0x061E, 0x061E, 0x2C08, 0x1E1E, 0x1E08, 0x0606,
    0x2C2C, 0x1E2C, 0x1E20, 0x1E1E, 0x2C75, 0x2C2C, 0x2C2C, 0x1E1E, 0x7572, 0x2C75, 0x1E2C, 0x1E2C,
    0x7517, 0x7575, 0x2C20, 0x2C2C, 0xA17F, 0x88A1, 0xA17F, 0x88A1, 0xA17F, 0x88A1, 0xA17F, 0x88A1,
    0xA17F, 0x88A1, 0xA17F, 0x88A1, 0xA17F, 0x88A1, 0xA17F, 0x88A1, 0xA17F, 0x88A1, 0x4545, 0x4545,
    0xA17F, 0x88A1, 0x4545, 0x4545, 0x4545, 0x4545, 0x4545, 0x4545, 0x4545, 0x4545, 0x4545, 0x4545,
    0x859F, 0xA085, 0x859F, 0xA085, 0x859F, 0xA0A6, 0x859F, 0xA0A6, 0x859F, 0xA085, 0x859F, 0xA085,
    0x859F, 0xA084, 0x859F, 0xA084, 0x859F, 0xA085, 0x859F, 0xA085, 0x859F, 0xA0A6, 0x859F, 0xA0A6,
    0x7070, 0x7070, 0x859F, 0xA085, 0x7070, 0x7070, 0x859F, 0xA084, 0x0505, 0x0405, 0x0303, 0x0303,
    0x0505, 0x7405, 0x2F2D, 0x2E2D, 0x0505, 0x0305, 0x2F2E, 0x2D2E, 0x0505, 0x0305, 0x2D2D, 0x2D2D,
    0x0505, 0x7405, 0x2D2D, 0x032D, 0x0505, 0x7605, 0x2E2D, 0x032F, 0x0505, 0x7405, 0x2F2D, 0x032E,
    0x0505, 0x7605, 0x2E75, 0x042D, 0x0505, 0x7605, 0x2E2D, 0x042D, 0x0505, 0x7605, 0x2E2D, 0x2D2D,
    0x0505, 0x7405, 0x2E2D, 0x2D2D, 0x0505, 0x7405, 0x2E2D, 0x2D2D, 0x0505, 0x0305, 0x7403, 0x0474,
    0x0505, 0x5E05, 0x5E5E, 0x5E5E, 0x0505, 0x5E05, 0x6262, 0x6262, 0x0505, 0x5E05, 0x5E61, 0x5E5E,
    0x6867, 0x6468, 0x7263, 0x7572, 0x6768, 0x645C, 0x7263, 0x7575, 0x4768, 0x6468, 0x7263, 0x7572,
    0x6768, 0x6864, 0x726A, 0x7272, 0x6767, 0x6467, 0x635C, 0x7272, 0x6768, 0x6868, 0x6464, 0x7272,
    0x6767, 0x6867, 0x6368, 0x7263, 0x6768, 0x6847, 0x6464, 0x636A, 0x6796, 0x6767, 0x6767, 0x4767,
    0x6767, 0x6767, 0x6767, 0x6868, 0x6767, 0x6767, 0x6468, 0x6468, 0x6747, 0x6868, 0x6464, 0x6463,
    0x6767, 0x6867, 0x6468, 0x7218, 0x6768, 0x6864, 0x6364, 0x2D72, 0x6767, 0x6468, 0x3964, 0x7278,
    0x6868, 0x6464, 0x726A, 0x7572, 0x0303, 0x0303, 0x0374, 0x0303, 0x2D74, 0x2D2D, 0x2F2F, 0x2E2F,
    0x2F03, 0x2F2E, 0x2D2D, 0x2D2D, 0x2D03, 0x2D2D, 0x2D2D, 0x2D2D, 0x2D74, 0x2D2D, 0x0303, 0x0303,
    0x2D74, 0x2F2F, 0x5E03, 0x5E5E, 0x2D74, 0x2E2E, 0x6203, 0x6262, 0x2D76, 0x2D2E, 0x5E03, 0x5E5E,
    0x797C, 0x9779, 0x9797, 0x9797, 0x9787, 0x7997, 0x7C7C, 0x7C7C, 0x7C87, 0x797C, 0x7C7C, 0x7C7C,
    0x8787, 0x7C87, 0x7C7C, 0x7C7C, 0x7C87, 0x797C, 0x7C7C, 0x7C7C, 0x7C87, 0x797C, 0x7C7C, 0x7C7C,
    0x7C87, 0x797C, 0x7C7C, 0x7C7C, 0x7C87, 0x797C, 0x7C7C, 0x7C7C, 0x0000, 0x0000, 0x0000, 0x0000,
    0x0000, 0x0000, 0x0000, 0x0000, 0x0000, 0x0000, 0x0000, 0x0000, 0x0179, 0x0101, 0x0101, 0x0101,
    0x7997, 0x7979, 0x7979, 0x7979, 0x7997, 0x7979, 0x7979, 0x7979, 0x7997, 0x7979, 0x7C79, 0x7C7C,
    0x7997, 0x7979, 0x797C, 0x7979, 0x7979, 0x7C79, 0x7979, 0x0179, 0x7C7C, 0x797C, 0x7979, 0x0179,
    0x7979, 0x7979, 0x7979, 0x0179, 0x7979, 0x7979, 0x7979, 0x0179, 0x9797, 0x9797, 0x7997, 0x7C79,
    0x7C7C, 0x7C7C, 0x9787, 0x7997, 0x7C7C, 0x7C7C, 0x7C87, 0x797C, 0x7C7C, 0x7C7C, 0x8787, 0x7C87,
    0x0179, 0x0101, 0x0101, 0x0101, 0x7997, 0x7979, 0x7979, 0x7979, 0x7997, 0x7979, 0x7979, 0x7979,
    0x7997, 0x7979, 0x7C79, 0x7C7C, 0x7997, 0x7979, 0x797C, 0x7979, 0x7997, 0x7C79, 0x7979, 0x7979,
    0x7997, 0x7C79, 0x7979, 0x7979, 0x7997, 0x7C79, 0x7979, 0x7979, 0x2B2B, 0x2B2B, 0x2B2B, 0x2B2B,
    0x2B2B, 0x2B2B, 0x2B2B, 0x2B2B, 0x2B2B, 0x2B2B, 0x2B2B, 0x2B2B, 0x5555, 0x5555, 0x5555, 0x5555,
    0x8282, 0x528E, 0x8282, 0x828E, 0x8282, 0x8E5A, 0x8282, 0x825A, 0x9898, 0x9898, 0x9898, 0x9898,
    0x8282, 0x8282, 0x8282, 0x8298, 0x5801, 0x1F99, 0x202C, 0x1F1F, 0x5801, 0x2599, 0x2525, 0x2025,
    0x5801, 0x2499, 0x2524, 0x2525, 0x5807, 0x5399, 0x5353, 0x5353, 0x8E8E, 0x3C99, 0x3B3B, 0x3B3B,
    0x8E9A, 0x1199, 0x2626, 0x1126, 0x9998, 0x5D1F, 0x555D, 0x5555, 0x9982, 0x5151, 0x4848, 0x5148,
    0x8F9E, 0xA2A2, 0x4545, 0x6745, 0x9E9E, 0xA2A2, 0x4545, 0x6745, 0x4545, 0x6745, 0x4545, 0x6745,
    0x4545, 0x6745, 0x4545, 0x6745, 0x4545, 0x6745, 0xA17F, 0x88A1, 0x4545, 0x6745, 0xA17F, 0x88A1,
    0xA17F, 0x88A1, 0xA17F, 0x88A1, 0xA17F, 0x88A1, 0xA17F, 0x88A1, 0x1F1E, 0x2020, 0xA319, 0x0101,
    0x2520, 0x3E25, 0x016C, 0xA701, 0x2525, 0x5B71, 0x01AD, 0x8601, 0x5253, 0x128E, 0x0101, 0x8DAD,
    0x3C3C, 0xA70E, 0x0101, 0x3787, 0x5711, 0xAD0D, 0xA301, 0x5BAC, 0x5456, 0x016B, 0xA601, 0x39B3,
    0x825A, 0x016C, 0x8601, 0x5273, 0x2020, 0x2323, 0x2322, 0x2323, 0x2525, 0x2323, 0x2121, 0x2121,
    0x2525, 0x9535, 0x9595, 0x2295, 0x5353, 0x4E4E, 0x4E52, 0x4E4E, 0x5555, 0x5555, 0x2455, 0x1655,
    0x2425, 0x5524, 0x7124, 0x7D39, 0x2525, 0x2438, 0x1839, 0x01AA, 0x5148, 0x8E53, 0xAA67, 0x0101,
    0x113B, 0x1111, 0x1111, 0x6060, 0x2121, 0x113B, 0x5760, 0x5C10, 0x2123, 0x1023, 0x180F, 0x01A9,
    0x828E, 0x6A96, 0x01AE, 0x0101, 0xA85C, 0x0101, 0x0101, 0xAF97, 0x01AB, 0x0101, 0x7FAD, 0xB28C,
    0x0101, 0x86AB, 0x8DB2, 0x4189, 0xB197, 0x8B8A, 0x73B5, 0x8E82, 0x5757, 0x5457, 0x72A4, 0x7218,
    0xA872, 0xAAA9, 0x97AB, 0x0101, 0x0101, 0x0101, 0x0101, 0x0101, 0x0101, 0x81AF, 0xB1B0, 0x7FB1,
    0x8A7F, 0xB2B2, 0x8BB2, 0x8D8B, 0xAC8D, 0x0C65, 0x3F3F, 0x0D0E, 0x620D, 0x540F, 0x5657, 0x7156,
    0x535A, 0x5253, 0x5352, 0x5151, 0x1F1E, 0x2020, 0xA519, 0x0188, 0x2520, 0x3825, 0x1A16, 0xA6AC,
    0x2525, 0x2424, 0x3E55, 0x891B, 0x5353, 0x5353, 0x5253, 0x8C8E, 0x3B3B, 0x3B3B, 0x2521, 0x5B71,
    0x2611, 0x2626, 0x2011, 0x7125, 0x5555, 0x5555, 0x1F5D, 0x2520, 0x5148, 0x5148, 0x5151, 0x5353,
    0xA17F, 0x88A1, 0xA17F, 0x88A1, 0xA17F, 0x88A1, 0xA17F, 0x88A1, 0xA17F, 0x88A1, 0xA17F, 0x88A1,
    0xA17F, 0x88A1, 0xA17F, 0x88A1, 0xA17F, 0x88A1, 0xA17F, 0x88A1, 0xA17F, 0x88A1, 0xA17F, 0x88A1,
    0xA17F, 0x88A1, 0xA17F, 0x88A1, 0xA17F, 0x88A1, 0xA17F, 0x88A1, 0x8787, 0x918F, 0xB4B4, 0x9E9E,
    0x8F90, 0xA2A2, 0x9E9E, 0x8F91, 0xB4B4, 0x9E9E, 0x8F8F, 0x9E9E, 0x9E9E, 0x8F8F, 0x9E8F, 0x9E8F,
    0x8F9E, 0xA2B4, 0x4545, 0x6745, 0xB49E, 0xB4A2, 0x4545, 0x6745, 0x4545, 0x6745, 0x4545, 0x6745,
    0x4545, 0x6745, 0x4545, 0x6745, 0x2D04, 0x2D2E, 0x0303, 0x0403, 0x2F2E, 0x2D2E, 0x5E76, 0x5E5E,
    0x2E2F, 0x2D2E, 0x6274, 0x6262, 0x2F2D, 0x2D2F, 0x5E74, 0x5E5E, 0x0303, 0x7474, 0x0574, 0x0505,
    0x5E5E, 0x5E5E, 0x055E, 0x0505, 0x6262, 0x6262, 0x055E, 0x0505, 0x5E61, 0x5E5E, 0x055E, 0x0505,
    0x0404, 0x0304, 0x2E2D, 0x042D, 0x5E5E, 0x765E, 0x2E2D, 0x032D, 0x6262, 0x7462, 0x2F2D, 0x032E,
    0x5E59, 0x765E, 0x2E2D, 0x032F, 0x0505, 0x7405, 0x2D2D, 0x032D, 0x0505, 0x7605, 0x2E2D, 0x042D,
    0x0505, 0x7405, 0x2E2D, 0x042D, 0x0505, 0x7405, 0x2F77, 0x042D, 0x6868, 0x6468, 0x6464, 0x7263,
    0x6864, 0x6363, 0x6372, 0x7272, 0x6363, 0x3963, 0x2D72, 0x7517, 0x7272, 0x7272, 0x752C, 0x2C2C,
    0x7272, 0x7575, 0x2C76, 0x1E2C, 0x7575, 0x2C2C, 0x1E1E, 0x1E06, 0x2C2C, 0x1E2C, 0x061E, 0x061E,
    0x1E1E, 0x1E06, 0x0606, 0x0606, 0x7218, 0x7572, 0x2C75, 0x1E2C, 0x752D, 0x2C75, 0x1E2C, 0x1E1E,
    0x2C75, 0x1E2C, 0x1E2C, 0x061E, 0x2C2C, 0x1E1E, 0x0606, 0x0606, 0x1E2C, 0x061E, 0x0606, 0x0707,
    0x0606, 0x0606, 0x0706, 0x0607, 0x0706, 0x0607, 0x0606, 0x0606, 0x0706, 0x0707, 0x0606, 0x0706,
    0x859F, 0xA085, 0x859F, 0xA085, 0x859F, 0xA0A6, 0x859F, 0xA0A6, 0x859F, 0xA085, 0x859F, 0xA085,
    0x859F, 0xA084, 0x859F, 0xA084, 0x859F, 0xA085, 0x859F, 0xA085, 0x859F, 0xA0A6, 0x859F, 0xA0A6,
    0x859F, 0xA085, 0x859F, 0xA085, 0x859F, 0xA084, 0x859F, 0xA084, 0x702D, 0x7070, 0x702D, 0x7070,
    0x702C, 0x7070, 0x702C, 0x7070, 0x859F, 0xA085, 0x702D, 0x7070, 0x859F, 0xA084, 0x702C, 0x7070,
    0x859F, 0xA085, 0x859F, 0xA085, 0x859F, 0xA0A6, 0x859F, 0xA0A6, 0x859F, 0xA085, 0x859F, 0xA085,
    0x859F, 0xA084, 0x859F, 0xA084, 0x8080, 0x3780, 0x3737, 0x3780, 0x8037, 0x8080, 0x3737, 0x8037,
    0x3780, 0x8037, 0x3737, 0x8080, 0x3737, 0x8037, 0x8037, 0x3737, 0x8080, 0x8080, 0x8080, 0x3737,
    0x8037, 0x3737, 0x8037, 0x888A, 0x8080, 0x8080, 0x878A, 0x8F9E, 0x8037, 0x8887, 0x8F8F, 0xB4B4,
    0x3737, 0x3780, 0x8080, 0x8037, 0x3737, 0x3737, 0x8080, 0x8888, 0x3780, 0x3780, 0x8887, 0x918F,
    0x3737, 0x8A88, 0x918F, 0xB49E, 0x8A87, 0x8F8F, 0xA2B4, 0x9E9E, 0x8F8F, 0xB4A2, 0xA2A2, 0x8F8F,
    0xB4B4, 0x9E9E, 0x8F8F, 0xB4A2, 0x9E8F, 0x8F8F, 0xA29E, 0xB4A2, 0x0505, 0x5E05, 0x625B, 0x6262,
    0x0505, 0x5F05, 0x5F5E, 0x5E5E, 0x0505, 0x0505, 0x0505, 0x0505, 0x0505, 0x0505, 0x0505, 0x0505,
    0x0505, 0x0505, 0x0505, 0x0505, 0x0505, 0x0505, 0x0505, 0x0505, 0x0505, 0x0505, 0x0505, 0x0505,
    0x0505, 0x0505, 0x0505, 0x0505, 0x7272, 0x7572, 0x7572, 0x2C75, 0x7263, 0x7272, 0x2D72, 0x7575,
    0x6A06, 0x7263, 0x7272, 0x7578, 0x8381, 0x6306, 0x7272, 0x7272, 0x8787, 0x8383, 0x6306, 0x7263,
    0x9091, 0x878C, 0x8384, 0x6307, 0x8B90, 0x9191, 0x878A, 0x8385, 0x8A8A, 0x9094, 0x9191, 0x8B89,
    0x2C75, 0x2C2C, 0x1E2C, 0x1E1E, 0x752C, 0x2C2C, 0x2C1E, 0x2C08, 0x7575, 0x7575, 0x2C2C, 0x2C2C,
    0x7217, 0x7575, 0x7520, 0x2C2C, 0x7239, 0x722D, 0x7572, 0x7575, 0x632E, 0x7272, 0x7217, 0x7575,
    0x0707, 0x6364, 0x7239, 0x7272, 0x8581, 0x0606, 0x6372, 0x7272, 0x7070, 0x7070, 0x7070, 0x7070,
    0x7070, 0x7070, 0x7070, 0x7070, 0x1616, 0x1616, 0x7070, 0x7070, 0x1638, 0x2C16, 0x7070, 0x7070,
    0x8037, 0x1671, 0x1616, 0x1616, 0x3737, 0x8037, 0x1616, 0x2C16, 0x3737, 0x3737, 0x3737, 0x1671,
    0x3737, 0x8037, 0x3741, 0x3737, 0x0505, 0x7405, 0x2E2D, 0x042D, 0x0505, 0x7605, 0x2E2D, 0x042D,
    0x0505, 0x7405, 0x2D2D, 0x032D, 0x0505, 0x7605, 0x2E2D, 0x032F, 0x0505, 0x7405, 0x2F2D, 0x032E,
    0x0505, 0x7605, 0x2E2D, 0x032D, 0x0505, 0x7605, 0x2E2D, 0x042D, 0x0505, 0x7405, 0x2D2D, 0x042D,
    0x0000, 0x0000, 0x0000, 0x0000, 0x0000, 0x0000, 0x0000, 0x0000, 0x0000, 0x0000, 0x0000, 0x0000,
    0x0000, 0x0000, 0x0000, 0x0000, 0x0058, 0x0000, 0x0000, 0x0000, 0x5801, 0x0000, 0x0000, 0x0000,
    0x5801, 0x0099, 0x0000, 0x0000, 0x5801, 0x0099, 0x0000, 0x0000, 0x6767, 0x6867, 0x6468, 0x6464,
    0x6868, 0x6464, 0x7272, 0x2C75, 0xB77A, 0x7AB7, 0x7BB7, 0x7E9F, 0x8B8A, 0x8B8A, 0x8D8A, 0x948A,
    0x8F9E, 0x8F8F, 0x8F9E, 0x918F, 0x8F8F, 0x8F92, 0x9090, 0x9090, 0x9090, 0x8BB2, 0x8B8B, 0x8B8B,
    0x9091, 0x9190, 0x9190, 0x9094, 0x4767, 0x6468, 0x7218, 0x2C72, 0x6868, 0x6464, 0x7272, 0x2C75,
    0x6867, 0x6368, 0x726A, 0x2C75, 0x6845, 0x6464, 0x7272, 0x2C75, 0x6867, 0x6468, 0x2D63, 0x2C75,
    0x6868, 0x6464, 0x7272, 0x2C75, 0x6868, 0x1868, 0x7263, 0x2C75, 0x6868, 0x6464, 0x7272, 0x2C76,
    0x2D76, 0x2D39, 0x0303, 0x0303, 0x2D74, 0x2D2E, 0x2E2D, 0x2E2E, 0x2D74, 0x2D39, 0x2F2D, 0x2F2E,
    0x2D08, 0x2D2F, 0x2D2D, 0x2D2D, 0x0303, 0x7476, 0x7404, 0x7476, 0x5E5E, 0x5E5E, 0x5E5E, 0x5E5E,
    0x475E, 0x6262, 0x6262, 0x625E, 0x5E5E, 0x5E5E, 0x5E59, 0x5E5E, 0x797C, 0x7979, 0x7979, 0x7979,
    0x7C87, 0x7C7C, 0x7C7C, 0x7C7C, 0x7C87, 0x7C7C, 0x7C7C, 0x7C7C, 0x8787, 0x8787, 0x8787, 0x8787,
    0x3B3B, 0x213C, 0x2121, 0x3C3C, 0x3C3B, 0x3C3C, 0x3B3B, 0x1111, 0x2626, 0x2626, 0x1111, 0x1111,
    0x4848, 0x5148, 0x5151, 0x5353, 0x7997, 0x7C79, 0x7979, 0x7979, 0x7997, 0x7C79, 0x7979, 0x7979,
    0x7997, 0x7C79, 0x7979, 0x7979, 0x7997, 0x7C79, 0x7979, 0x7979, 0x7997, 0x7979, 0x797C, 0x7979,
    0x7997, 0x7979, 0x7C79, 0x7C7C, 0x7997, 0x7979, 0x7979, 0x7979, 0x7997, 0x7979, 0x7979, 0x7979,
    0x7C7C, 0x7C7C, 0x7C87, 0x797C, 0x7C7C, 0x7C7C, 0x7C87, 0x797C, 0x7C7C, 0x7C7C, 0x7C87, 0x797C,
    0x7C7C, 0x7C7C, 0x7C87, 0x797C, 0x7979, 0x7979, 0x7979, 0x7979, 0x7C7C, 0x7C7C, 0x7C7C, 0x797C,
    0x7C7C, 0x7C7C, 0x7C7C, 0x797C, 0x8787, 0x8787, 0x8787, 0x7C87, 0x9E05, 0x9E05, 0x9E05, 0x9E05,
    0xA29E, 0x9E9E, 0xA29E, 0x9E9E, 0x9EA2, 0x9E05, 0x9EA2, 0x9E05, 0x9E9C, 0x9E9E, 0x9E9C, 0x9E9E,
    0x9E05, 0x9E05, 0x9E05, 0x9E05, 0xA29E, 0x9E9E, 0xA29E, 0x9E9E, 0x9EA2, 0x9E05, 0x9EA2, 0x9E05,
    0x9E9C, 0x9E9E, 0x9E9C, 0x9E9E, 0x8282, 0x8282, 0x8282, 0x8298, 0x9999, 0x9999, 0x9898, 0x5898,
    0x2525, 0x3C25, 0x8299, 0x5898, 0x5348, 0x5353, 0x9953, 0x6F98, 0x265D, 0x3B26, 0x3B11, 0x6F99,
    0x2655, 0x1126, 0x1111, 0x4799, 0x5524, 0x5D5D, 0x2626, 0x9999, 0x5148, 0x5253, 0x4E52, 0x4E4E,
    0x9982, 0x5D55, 0x2626, 0x2626, 0x9958, 0x2321, 0x3C21, 0x3B3C, 0x9958, 0x3C21, 0x1111, 0x2611,
    0x996F, 0x4848, 0x4851, 0x4848, 0x996F, 0x2555, 0x3C3B, 0x3B3B, 0x9955, 0x2455, 0x2321, 0x2121,
    0x9999, 0x2524, 0x2626, 0x2626, 0x4952, 0x5353, 0x4851, 0x4848, 0x4545, 0x6745, 0xA17F, 0x88A1,
    0x4545, 0x6745, 0xA17F, 0x88A1, 0xA17F, 0x88A1, 0xA17F, 0x88A1, 0xA17F, 0x88A1, 0xA17F, 0x88A1,
    0xA17F, 0x88A1, 0xA17F, 0x88A1, 0xA17F, 0x88A1, 0xA17F, 0x88A1, 0xA17F, 0x88A1, 0xA17F, 0x88A1,
    0xA17F, 0x88A1, 0xA17F, 0x88A1, 0x2626, 0x5D26, 0x555D, 0x1126, 0x3C3B, 0x213C, 0x2321, 0x9522,
    0x1126, 0x1111, 0x3C3C, 0x2323, 0x4835, 0x5148, 0x4848, 0x8252, 0x3B3B, 0x3B3C, 0x5525, 0x1957,
    0x2121, 0x2121, 0x5624, 0xB95B, 0x2626, 0x2626, 0x5C55, 0x01BA, 0x4835, 0x5348, 0xB352, 0x0101,
    0x6011, 0x450F, 0x0197, 0xAD01, 0x4095, 0x0145, 0x9701, 0x8BB0, 0x4548, 0x0101, 0xB101, 0xA58B,
    0xAB96, 0xAB01, 0x8B15, 0x8EB5, 0x01AB, 0xB101, 0x1B8D, 0x566D, 0x0101, 0x8D7E, 0x6D1B, 0x5660,
    0xA701, 0x1B8B, 0x560F, 0x5456, 0x8797, 0xBB98, 0x5252, 0xBC52, 0x1111, 0x5B57, 0x8BA5, 0xAFB6,
    0x9595, 0x5923, 0x4140, 0xB209, 0x2122, 0x3B3C, 0x3E61, 0xA569, 0x4E52, 0x5352, 0x5253, 0x8E8E,
    0x1111, 0x113B, 0x263B, 0x5660, 0x2626, 0x1111, 0x2611, 0x5D26, 0x1126, 0x2626, 0x555D, 0x2455,
    0x4E52, 0x4E4E, 0x5353, 0x5151, 0x0101, 0xA901, 0x3EA4, 0x2439, 0x01A3, 0x0101, 0x0101, 0x5C7D,
    0x86B2, 0x0183, 0x0101, 0x0101, 0x8DB8, 0x8A8B, 0x01A3, 0x0101, 0x195C, 0xAC41, 0x8AB2, 0xB07F,
    0x1624, 0x1939, 0xAC1B, 0x8B8D, 0x2025, 0x3820, 0x6D10, 0x1B58, 0x4848, 0x5348, 0x5253, 0x8E52,
    0x2538, 0x1F20, 0x2620, 0x2626, 0x1639, 0x3838, 0x1125, 0x3B11, 0xA8A9, 0xA4A4, 0x5418, 0x570F,
    0x0101, 0x0101, 0x9701, 0x9701, 0x01A3, 0x0101, 0x0101, 0x0101, 0x8A8A, 0x8586, 0xAD81, 0x0197,
    0xA5A5, 0x8B8D, 0xB2B2, 0xB2B2, 0x828E, 0x7331, 0x7373, 0x7373, 0x8D8A, 0x69A5, 0x715C, 0x2455,
    0x1BAC, 0x3E5C, 0x2455, 0x2424, 0x3E5B, 0x1671, 0x1616, 0x2416, 0x515A, 0x6A5E, 0x0404, 0x5278,
    0x183E, 0x15A9, 0x8A8D, 0x68B0, 0xAA64, 0xB686, 0xBDBA, 0xAAAD, 0x15B9, 0xAD15, 0x8A86, 0x86B2,
    0x89A3, 0x8BA3, 0xB58C, 0x89B5, 0x6011, 0x0F57, 0xA50D, 0x878B, 0x2295, 0x2323, 0x5C59, 0xAC0D,
    0x2122, 0x3B3C, 0x383C, 0x5B3E, 0x4E52, 0x5352, 0x5353, 0x5353, 0x1111, 0x113B, 0x263B, 0x5D26,
    0x2626, 0x1111, 0x2611, 0x5526, 0x1126, 0x2626, 0x555D, 0x2455, 0x4E52, 0x4E4E, 0x5353, 0x5151,
    0xACB5, 0x2358, 0x2395, 0x6E40, 0x6989, 0x2359, 0x2323, 0x6C40, 0x3E13, 0x9535, 0x3595, 0xB051,
    0x52B8, 0x4E4E, 0x4D4E, 0xB073, 0x555C, 0x5524, 0x7155, 0xB069, 0x2416, 0x5524, 0x7155, 0xA65B,
    0x2538, 0x2538, 0x4438, 0xB619, 0x535A, 0x5252, 0x5252, 0x098E, 0xBA7F, 0x1486, 0x620E, 0x100F,
    0xAD15, 0x0E86, 0x5710, 0x6060, 0xA7A6, 0x6DA5, 0x390F, 0x5962, 0xA6A7, 0xB373, 0x0197, 0xA901,
    0xA6A7, 0x011A, 0x85A0, 0xB1A7, 0xA7A7, 0xA7AD, 0x8B8B, 0xA37F, 0x01B0, 0x8AAF, 0x65B8, 0x0189,
    0xB28B, 0x8CB2, 0xBBB8, 0xB28C, 0x6057, 0x2626, 0x1F2C, 0x1F20, 0x6011, 0x2611, 0x201F, 0x2520,
    0x3C23, 0x3B21, 0x2520, 0x2525, 0x5258, 0x5353, 0x5348, 0x5148, 0x6DBA, 0x3C11, 0x3B3B, 0x3B21,
    0x0EA7, 0x113C, 0x3B11, 0x1111, 0x69B0, 0x2657, 0x5526, 0x5555, 0xB58B, 0x4E8E, 0x5252, 0x5353,
    0x1F1E, 0x1F20, 0x2020, 0x1F25, 0x2520, 0x2525, 0x2425, 0x2524, 0x2525, 0x2424, 0x5524, 0x2455,
    0x5353, 0x5353, 0x5353, 0x5353, 0x3B3B, 0x3B3B, 0x253C, 0x2424, 0x6011, 0x5726, 0x4411, 0x1644,
    0x715D, 0xA975, 0xA9A9, 0xA9A8, 0x9A5A, 0x8B8C, 0x8B8B, 0x948B, 0x2020, 0x2323, 0x2322, 0x2323,
    0x2525, 0x2323, 0x2121, 0x2121, 0x2525, 0x9535, 0x9595, 0x2295, 0x5353, 0x4E4E, 0x4E52, 0x4E4E,
    0x5555, 0x5555, 0x2455, 0x2524, 0x7116, 0x5555, 0x2455, 0x2525, 0x70A9, 0x447D, 0x2538, 0x2020,
    0x8B8B, 0xB88C, 0x5352, 0x5151, 0x113B, 0x1111, 0x0E10, 0x8698, 0x2121, 0x113B, 0x1011, 0x090D,
    0x2123, 0x113C, 0x1111, 0x1440, 0x4E52, 0x5352, 0x5153, 0xBB52, 0x2525, 0x3B25, 0x113B, 0x103B,
    0x2525, 0x1125, 0x1111, 0x5711, 0x1F20, 0x2620, 0x2626, 0x6060, 0x535A, 0x5351, 0x4E52, 0x5252,
    0x0D57, 0x01AF, 0xACAB, 0x100E, 0x9661, 0x0101, 0xB5AD, 0x6734, 0xB30F, 0x0101, 0x0B85, 0x010C,
    0x1533, 0x0101, 0x737F, 0x0173, 0xA63F, 0x0101, 0x69AC, 0xA696, 0xA63F, 0x0101, 0x5BA5, 0x895B,
    0xB00D, 0x0101, 0x5CA5, 0x1B6D, 0xB031, 0x0101, 0x8EB5, 0x828E, 0x0139, 0x7501, 0x0118, 0x0101,
    0x8D01, 0x018D, 0x01A5, 0x8D8D, 0x8C8D, 0x868D, 0x01B5, 0x15A5, 0xB8B6, 0x0101, 0x0186, 0x0101,
    0x8601, 0x0189, 0x018D, 0x018D, 0x01A3, 0xA601, 0x016C, 0x8DA3, 0xB2B2, 0x8BB2, 0xB28D, 0xACB2,
    0x7382, 0x7373, 0x73BB, 0xBBBB, 0x421A, 0x7D42, 0x5C5C, 0xBABA, 0x6901, 0x015B, 0x0D7D, 0x016C,
    0x6901, 0x8D01, 0x4201, 0xAB89, 0x738A, 0xAB01, 0x6E01, 0xA68C, 0x426B, 0xB201, 0x01A1, 0x8DA5,
    0xAA01, 0x1201, 0x01B0, 0xA5BA, 0xB2B2, 0xACB2, 0xB28B, 0x1B94, 0x6E73, 0xB3BD, 0x7373, 0x8282,
    0xA41A, 0xAA7D, 0xAAAA, 0xAAAA, 0xA5A5, 0x8D01, 0x8D01, 0xAA8D, 0x426B, 0xA501, 0x0101, 0x8D15,
    0xA686, 0xB58D, 0x8D01, 0xB586, 0x0185, 0x0AB5, 0xA501, 0x01B8, 0x8D01, 0x010C, 0x0101, 0x0101,
    0x148B, 0x8D3F, 0xB2B2, 0xB2B2, 0x4D8E, 0x828E, 0x73BB, 0xBBBB, 0xAAAA, 0xB0AA, 0x011B, 0x6901,
    0x018D, 0x018D, 0x8DB0, 0xB801, 0x01B6, 0x8D01, 0xA68C, 0x9A01, 0x01B6, 0x018D, 0xA66C, 0xB501,
    0x01A5, 0x0189, 0xA6B0, 0x1401, 0x01AD, 0xAD01, 0x018D, 0x0101, 0xB2B2, 0xB2B2, 0xB2AC, 0xB2B2,
    0x7343, 0x73BB, 0x73BB, 0xB573, 0x0D3F, 0x0164, 0x7201, 0x7518, 0x6758, 0x8A01, 0x018A, 0x0119,
    0x015A, 0xAC8A, 0x8D8C, 0x8D01, 0x0173, 0xB5B6, 0x81B5, 0xA001, 0xA301, 0x1B01, 0x0137, 0x01B1,
    0xB601, 0x01A3, 0x7F01, 0xB18A, 0x89B2, 0xB2B2, 0x89B2, 0x8DA5, 0x7373, 0x7373, 0xB873, 0xB87D,
    0x0101, 0x3EA4, 0x0101, 0x7501, 0x8A8A, 0x1A97, 0x018A, 0xB08A, 0xAC89, 0x0194, 0x0115, 0x8AAC,
    0xB5B5, 0x01B0, 0x0115, 0x8CB5, 0x6B6B, 0x15A3, 0x01B1, 0x6EA5, 0x0101, 0x89B0, 0x0101, 0x0101,
    0x94B2, 0xA58D, 0xB2B2, 0x94B2, 0xBBB8, 0xBB8E, 0x73BB, 0xBBBB, 0x5B5C, 0x97AC, 0xAD01, 0x600D,
    0x69A8, 0xADA5, 0x0101, 0x6196, 0x1A01, 0xA613, 0x0101, 0x0F12, 0x7301, 0xB6B8, 0x0101, 0x8E15,
    0x1B01, 0x869A, 0x0101, 0x0E15, 0x3F86, 0xAC0E, 0x0101, 0x3FB0, 0x6DB5, 0xA50E, 0x0101, 0x0DA6,
    0x8E8E, 0x8C8E, 0x0101, 0xBBB0, 0xB06E, 0x0101, 0x3913, 0x2038, 0xA61A, 0x0101, 0x5C6B, 0x2524,
    0xA669, 0x0101, 0x5C12, 0x2455, 0xB6BB, 0x0101, 0xBBA6, 0x5352, 0x863F, 0x0101, 0x5BB0, 0x5571,
    0xAC6D, 0x0101, 0x1AAF, 0x3844, 0x140F, 0x0181, 0x1A97, 0x3818, 0x7352, 0x01B1, 0x1501, 0x528E,
    0x1717, 0x5959, 0x4040, 0x0E40, 0x2025, 0x2323, 0x4759, 0xA904, 0x2525, 0x3535, 0xAD78, 0x8B86,
    0x5253, 0x458E, 0x8AA6, 0xB589, 0x5455, 0xA7A4, 0x0C8D, 0x3E5B, 0x1916, 0x89AF, 0x0F0D, 0x3816,
    0x6C3E, 0x6CA7, 0x3919, 0x2020, 0x158E, 0xA6B0, 0x8EAD, 0x5153, 0x0145, 0xACA0, 0x105E, 0x570F,
    0xA3A7, 0x1BA3, 0x1061, 0x0101, 0xB2B2, 0xBDB1, 0x6D0E, 0x018D, 0x8C73, 0xA38D, 0xB8B3, 0x0186,
    0x0F5C, 0xA341, 0x0DBC, 0x01B6, 0x5C38, 0xAF19, 0x58B6, 0x0113, 0x1844, 0x7FB9, 0x0E14, 0x0101,
    0x7B52, 0x8DB0, 0xB8B8, 0xB28B, 0x5757, 0x5757, 0x1818, 0x3918, 0xA401, 0x0101, 0x01A8, 0x5C01,
    0x8986, 0x8D01, 0x0189, 0xB98D, 0x0101, 0x8901, 0x0186, 0x01B6, 0x8B8D, 0xB801, 0x01A5, 0x01B6,
    0xB5B6, 0xB601, 0x01B6, 0xA7B6, 0x4501, 0x0101, 0x01A8, 0x8A01, 0x8B8B, 0xB2B2, 0xB28B, 0x8CB2,
    0x1818, 0x3918, 0x1818, 0x1864, 0x01A9, 0x7D01, 0x01A8, 0xA408, 0x8D01, 0x018D, 0x0189, 0xAC8D,
    0x8C09, 0x8D8A, 0x0186, 0x0101, 0x6EAC, 0x0101, 0x01A6, 0x8B94, 0x8901, 0x018D, 0x0189, 0xA536,
    0x01A7, 0xB101, 0x0101, 0xA701, 0xB28B, 0x8BB2, 0xB28B, 0x8B8B, 0x3918, 0x5935, 0x9648, 0x96AD,
    0x0101, 0x2359, 0xBC59, 0x96AD, 0x8D01, 0x359A, 0x9A5F, 0xBCA3, 0xB601, 0x4DBB, 0xB58E, 0xB6AD,
    0x1501, 0x565B, 0x6954, 0x6CA7, 0x1501, 0x5619, 0x6971, 0x6CA6, 0x0101, 0x165B, 0x1916, 0xA386,
    0xB28B, 0x52B8, 0x8E52, 0xA38C, 0x1040, 0x3C10, 0x1010, 0x570F, 0x2359, 0x1111, 0x3957, 0x5756,
    0x3C40, 0x5423, 0xBDAE, 0xA8AA, 0x4E82, 0xB88E, 0x86AD, 0xA68A, 0x165C, 0x143E, 0xAF87, 0x89A5,
    0x165C, 0x6D44, 0xA0A5, 0x146E, 0x4419, 0x5720, 0x150D, 0x3615, 0x52BC, 0x5251, 0xB0BB, 0xB8B6,
    0x6060, 0x360F, 0x0101, 0x1AA6, 0x6060, 0xBC10, 0x0101, 0x1AB0, 0x615E, 0x120E, 0x0101, 0x1AB1,
    0x8E45, 0x15BB, 0x0101, 0xBB7F, 0x0EA7, 0xA71B, 0x0101, 0x0EAC, 0x3FA7, 0xAF1B, 0x0101, 0x6D86,
    0x96A7, 0x9737, 0xA301, 0x54A5, 0xB5A7, 0x0115, 0x7F01, 0x5273, 0x0E57, 0x0189, 0xB001, 0x100E,
    0x0E3C, 0xA3A5, 0xAF01, 0x3533, 0x1060, 0xB1B8, 0x0101, 0x406C, 0x5135, 0x89BB, 0x0101, 0xB897,
    0x3C3C, 0xAC0E, 0x01A6, 0x6C01, 0x2121, 0x9A59, 0xAF89, 0xAD01, 0x2626, 0x6D11, 0xA6A5, 0x0101,
    0x4835, 0x4951, 0x8AB8, 0x0197, 0xAC6D, 0x868B, 0x19A7, 0x4417, 0x4835, 0x1233, 0x5BA6, 0x5C71,
    0x2335, 0x6E58, 0x19B6, 0x195C, 0x4D8E, 0x1582, 0xBBBC, 0xB38E, 0x105E, 0x150E, 0x0EA6, 0x6C0E,
    0x0F69, 0xB66D, 0x0DB9, 0xB05B, 0x0EBA, 0xA56D, 0x45A3, 0xA642, 0xB301, 0xB5BB, 0xA38C, 0x866E,
    0xAE19, 0x6989, 0x3E5C, 0x695B, 0xB17D, 0x0F14, 0x5555, 0x5C71, 0x89A3, 0x7169, 0x2538, 0x5424,
    0xB815, 0x485A, 0x4835, 0x5248, 0x5BB6, 0x2571, 0x3C3B, 0x2321, 0x5C12, 0x2538, 0x1111, 0x1111,
    0x5C12, 0x2538, 0x1111, 0x1111, 0x8EA7, 0x5351, 0x5353, 0x5351, 0xAA1A, 0x1A6B, 0x0D6E, 0x690D,
    0xAD12, 0x5C5B, 0x1017, 0x3C3C, 0xAFA5, 0x396C, 0x2638, 0x2656, 0x7FB8, 0x5245, 0x485F, 0x4848,
    0x8958, 0x67A7, 0x3C40, 0x3B3C, 0x3F10, 0xAD86, 0x615C, 0x3B3C, 0x6D11, 0x89A5, 0x75BD, 0x570F,
    0x5253, 0x8C8E, 0xB08A, 0x6704, 0x0D0D, 0x6942, 0x690D, 0x0E0D, 0x233C, 0x5961, 0x5959, 0x3535,
    0x1126, 0x1111, 0x3C3C, 0x2323, 0x4835, 0x5148, 0x4848, 0x4E52, 0x3B3B, 0x3B3C, 0x5525, 0x1126,
    0x2121, 0x2121, 0x2424, 0x605D, 0x2660, 0x6060, 0x1638, 0x5457, 0x5F62, 0x965F, 0x6762, 0xB97D,
    0x0E3F, 0x2657, 0x3960, 0x1542, 0x3535, 0x2323, 0x1621, 0xAC5C, 0x2122, 0x3B3C, 0x383C, 0x1B5C,
    0x4E52, 0x5252, 0x9A52, 0xB967, 0x1111, 0x1010, 0xAE18, 0x89B0, 0x5411, 0xA917, 0x87BA, 0x1409,
    0xAE7D, 0x896C, 0xA58D, 0x5469, 0x8AA6, 0x8C8B, 0x82B8, 0x5352, 0x5CBA, 0x5C3E, 0xAB1A, 0xAFAC,
    0xBDB0, 0xB97D, 0xA0AF, 0x7FB9, 0xA786, 0x0101, 0xA6AB, 0x898A, 0x7F45, 0x8786, 0x8B8A, 0xBBB5,
    0x898D, 0xA589, 0x3FB8, 0x580E, 0x5B69, 0x5C5C, 0x1010, 0x0D10, 0x443E, 0x2044, 0x1111, 0xB90E,
    0x4848, 0x5348, 0x8E53, 0x0167, 0x1386, 0x01B0, 0x8997, 0x600D, 0x36AC, 0x01AB, 0xA5A3, 0x3C6D,
    0x6C41, 0x0101, 0x65B1, 0x260F, 0x97BC, 0x0101, 0xBB86, 0x485A, 0x01A0, 0xA001, 0x408C, 0x3B3C,
    0x01AA, 0x8AAB, 0x593F, 0x3B3C, 0x0101, 0xA5B1, 0x606D, 0x2626, 0xAF01, 0xB889, 0x515A, 0x4848,
    0xAF01, 0x5896, 0x87B5, 0xAD6C, 0x0101, 0x58AA, 0xA558, 0x878D, 0x01A3, 0xB901, 0x589A, 0xB58E,
    0xAD87, 0x0101, 0xB8A3, 0xBB82, 0x89A5, 0x01AF, 0xBD01, 0x3919, 0xAC19, 0xAF8A, 0x0101, 0x4597,
    0x5B39, 0x87AC, 0x01A3, 0x9701, 0x5251, 0x8ABB, 0xA78A, 0x0101, 0x45AB, 0x1162, 0x1111, 0x2626,
    0xA7A6, 0x110F, 0x1111, 0x2611, 0x8D8D, 0x1196, 0x1111, 0x213C, 0xBB82, 0x528E, 0x5153, 0x5153,
    0x1639, 0x3B38, 0x113B, 0x113B, 0x1639, 0x1125, 0x1111, 0x2611, 0x18B9, 0x6017, 0x2626, 0x2626,
    0xAE01, 0x8E5F, 0x5252, 0x5352, 0x2660, 0x0F57, 0x8D0B, 0x1587, 0x2611, 0x5711, 0x5B3E, 0xAC36,
    0x3C21, 0x3B21, 0x1620, 0x5C5C, 0x5353, 0x5353, 0x5348, 0x5351, 0x113B, 0x3C11, 0x3B3B, 0x3B21,
    0x1126, 0x113B, 0x3B11, 0x1111, 0x2626, 0x5D26, 0x5526, 0x5555, 0x5151, 0x5253, 0x5153, 0x5151,
    0xB96C, 0xB9B9, 0x156C, 0x8A89, 0x8B8D, 0x8D8D, 0xAC89, 0x4214, 0x1919, 0x5B1A, 0x5C5B, 0x3E54,
    0x5252, 0x4E52, 0x5252, 0x5253, 0x3B3C, 0x3B3C, 0x253C, 0x5524, 0x2611, 0x2626, 0x2011, 0x2525,
    0x5555, 0x5555, 0x1F5D, 0x2520, 0x5148, 0x5148, 0x5151, 0x5153, 0x368D, 0x403F, 0x2340, 0x2322,
    0x5C5C, 0x2359, 0x2123, 0x2121, 0x3816, 0x9535, 0x9595, 0x2295, 0x5353, 0x4E4E, 0x4E52, 0x4E4E,
    0x5555, 0x5555, 0x2455, 0x2024, 0x2425, 0x5524, 0x2455, 0x3E38, 0x2525, 0x2538, 0x1638, 0x7D5C,
    0x5151, 0x5253, 0x969A, 0x01AE, 0x113C, 0x1111, 0x6910, 0x01AA, 0x2121, 0x103B, 0xAD5B, 0x0101,
    0x2123, 0x5B23, 0x01B9, 0xA301, 0x4D8E, 0xA39A, 0x0101, 0xB2AD, 0x1839, 0x01BD, 0xAF01, 0xB887,
    0xAB18, 0x0101, 0x8AAF, 0x0EAC, 0x0197, 0xA301, 0xB58A, 0x570D, 0x0101, 0xB2A7, 0xBB8C, 0x528E,
    0x0101, 0x0101, 0x0101, 0x0101, 0x0101, 0x0101, 0x0101, 0x0101, 0x0101, 0x0101, 0x0101, 0x0101,
    0x0101, 0x0101, 0x0101, 0x0101, 0x0101, 0x0101, 0x0101, 0x0101, 0x0101, 0x0101, 0x0101, 0x0101,
    0x0101, 0x0101, 0x0101, 0x0101, 0x0101, 0x0101, 0x0101, 0x0101, 0x0101, 0x0201, 0x0101, 0x0101,
    0x0101, 0x0201, 0x0101, 0x0101, 0x0101, 0x0201, 0x0101, 0x0101, 0x0101, 0x0201, 0x0101, 0x0101,
    0x0101, 0x0201, 0x0101, 0x0101, 0x0101, 0x0101, 0x0101, 0x0101, 0x0101, 0x0201, 0x0101, 0x0101,
    0x0101, 0x0101, 0x0101, 0x0101, 0x0101, 0x0102, 0x0201, 0x0101, 0x0101, 0x0102, 0x0201, 0x0101,
    0x0101, 0x0102, 0x0201, 0x0101, 0x0101, 0x0101, 0x0101, 0x0101, 0x0101, 0x0101, 0x0101, 0x0101,
    0x0101, 0x0101, 0x0101, 0x0101, 0x0101, 0x0101, 0x0101, 0x0101, 0x0101, 0x0101, 0x0101, 0x0101,
    0x0101, 0x0102, 0x0201, 0x0101, 0x0101, 0x0102, 0x0201, 0x0101, 0x0201, 0x0202, 0x0202, 0x0102,
    0x0101, 0x0102, 0x0201, 0x0101, 0x0201, 0x0202, 0x0202, 0x0102, 0x0101, 0x0102, 0x0201, 0x0101,
    0x0101, 0x0102, 0x0201, 0x0101, 0x0101, 0x0101, 0x0101, 0x0101, 0x0101, 0x0201, 0x0102, 0x0101,
    0x0101, 0x0202, 0x0202, 0x0102, 0x0201, 0x0101, 0x0101, 0x0101, 0x0101, 0x0202, 0x0202, 0x0101,
    0x0101, 0x0101, 0x0101, 0x0102, 0x0201, 0x0202, 0x0202, 0x0101, 0x0101, 0x0201, 0x0102, 0x0101,
    0x0101, 0x0101, 0x0101, 0x0101, 0x0101, 0x0101, 0x0101, 0x0101, 0x0201, 0x0102, 0x0101, 0x0102,
    0x0201, 0x0102, 0x0201, 0x0101, 0x0101, 0x0101, 0x0102, 0x0101, 0x0101, 0x0201, 0x0101, 0x0101,
    0x0101, 0x0102, 0x0201, 0x0102, 0x0201, 0x0101, 0x0201, 0x0102, 0x0101, 0x0101, 0x0101, 0x0101,
    0x0101, 0x0202, 0x0101, 0x0101, 0x0201, 0x0101, 0x0102, 0x0101, 0x0101, 0x0202, 0x0101, 0x0101,
    0x0201, 0x0201, 0x0201, 0x0102, 0x0102, 0x0101, 0x0102, 0x0101, 0x0102, 0x0101, 0x0102, 0x0101,
    0x0201, 0x0202, 0x0201, 0x0102, 0x0101, 0x0101, 0x0101, 0x0101, 0x0101, 0x0201, 0x0101, 0x0101,
    0x0101, 0x0201, 0x0101, 0x0101, 0x0101, 0x0102, 0x0101, 0x0101, 0x0101, 0x0101, 0x0101, 0x0101,
    0x0101, 0x0101, 0x0101, 0x0101, 0x0101, 0x0101, 0x0101, 0x0101, 0x0101, 0x0101, 0x0101, 0x0101,
    0x0101, 0x0101, 0x0101, 0x0101, 0x0101, 0x0201, 0x0101, 0x0101, 0x0101, 0x0102, 0x0101, 0x0101,
    0x0201, 0x0101, 0x0101, 0x0101, 0x0201, 0x0101, 0x0101, 0x0101, 0x0201, 0x0101, 0x0101, 0x0101,
    0x0101, 0x0102, 0x0101, 0x0101, 0x0101, 0x0201, 0x0101, 0x0101, 0x0101, 0x0101, 0x0101, 0x0101,
    0x0101, 0x0102, 0x0101, 0x0101, 0x0101, 0x0201, 0x0101, 0x0101, 0x0101, 0x0101, 0x0102, 0x0101,
    0x0101, 0x0101, 0x0102, 0x0101, 0x0101, 0x0101, 0x0102, 0x0101, 0x0101, 0x0201, 0x0101, 0x0101,
    0x0101, 0x0102, 0x0101, 0x0101, 0x0101, 0x0101, 0x0101, 0x0101, 0x0101, 0x0101, 0x0101, 0x0101,
    0x0201, 0x0101, 0x0201, 0x0101, 0x0101, 0x0202, 0x0102, 0x0101, 0x0202, 0x0202, 0x0202, 0x0102,
    0x0101, 0x0202, 0x0102, 0x0101, 0x0201, 0x0101, 0x0201, 0x0101, 0x0101, 0x0101, 0x0101, 0x0101,
    0x0101, 0x0101, 0x0101, 0x0101, 0x0101, 0x0101, 0x0101, 0x0101, 0x0101, 0x0201, 0x0101, 0x0101,
    0x0101, 0x0201, 0x0101, 0x0101, 0x0201, 0x0202, 0x0202, 0x0101, 0x0101, 0x0201, 0x0101, 0x0101,
    0x0101, 0x0201, 0x0101, 0x0101, 0x0101, 0x0101, 0x0101, 0x0101, 0x0101, 0x0101, 0x0101, 0x0101,
    0x0101, 0x0101, 0x0101, 0x0101, 0x0101, 0x0101, 0x0101, 0x0101, 0x0101, 0x0101, 0x0101, 0x0101,
    0x0101, 0x0101, 0x0101, 0x0101, 0x0101, 0x0101, 0x0101, 0x0101, 0x0101, 0x0201, 0x0101, 0x0101,
    0x0101, 0x0201, 0x0101, 0x0101, 0x0101, 0x0102, 0x0101, 0x0101, 0x0101, 0x0101, 0x0101, 0x0101,
    0x0101, 0x0101, 0x0101, 0x0101, 0x0101, 0x0101, 0x0101, 0x0101, 0x0201, 0x0202, 0x0202, 0x0102,
    0x0101, 0x0101, 0x0101, 0x0101, 0x0101, 0x0101, 0x0101, 0x0101, 0x0101, 0x0101, 0x0101, 0x0101,
    0x0101, 0x0101, 0x0101, 0x0101, 0x0101, 0x0101, 0x0101, 0x0101, 0x0101, 0x0101, 0x0101, 0x0101,
    0x0101, 0x0101, 0x0101, 0x0101, 0x0101, 0x0101, 0x0101, 0x0101, 0x0101, 0x0101, 0x0101, 0x0101,
    0x0101, 0x0201, 0x0101, 0x0101, 0x0101, 0x0201, 0x0101, 0x0101, 0x0101, 0x0101, 0x0101, 0x0101,
    0x0101, 0xBE01, 0xBFBF, 0x0000, 0x0101, 0xBE01, 0xBFBF, 0x0000, 0x0101, 0xBE01, 0xBFBF, 0x0000,
    0x0101, 0xBE01, 0xBFBF, 0x0000, 0x0101, 0xBE01, 0xBFBF, 0x0000, 0x0101, 0xBE01, 0xBFBF, 0x0000,
    0x0101, 0xBE01, 0xBFBF, 0x0000, 0x0101, 0xBE01, 0xBFBF, 0x0000, 0x0101, 0x0202, 0x0202, 0x0101,
    0x0201, 0x0101, 0x0101, 0x0102, 0x0201, 0x0101, 0x0201, 0x0102, 0x0201, 0x0101, 0x0102, 0x0102,
    0x0201, 0x0201, 0x0101, 0x0102, 0x0201, 0x0102, 0x0101, 0x0102, 0x0101, 0x0202, 0x0202, 0x0101,
    0x0101, 0x0101, 0x0101, 0x0101, 0x0101, 0x0201, 0x0101, 0x0101, 0x0101, 0x0202, 0x0101, 0x0101,
    0x0201, 0x0201, 0x0101, 0x0101, 0x0101, 0x0201, 0x0101, 0x0101, 0x0101, 0x0201, 0x0101, 0x0101,
    0x0101, 0x0201, 0x0101, 0x0101, 0x0201, 0x0202, 0x0202, 0x0101, 0x0101, 0x0101, 0x0101, 0x0101,
    0x0101, 0x0202, 0x0202, 0x0101, 0x0201, 0x0101, 0x0101, 0x0102, 0x0101, 0x0101, 0x0101, 0x0102,
    0x0101, 0x0101, 0x0202, 0x0101, 0x0101, 0x0202, 0x0101, 0x0101, 0x0201, 0x0101, 0x0101, 0x0102,
    0x0201, 0x0202, 0x0202, 0x0102, 0x0101, 0x0101, 0x0101, 0x0101, 0x0101, 0x0202, 0x0202, 0x0101,
    0x0201, 0x0101, 0x0101, 0x0102, 0x0101, 0x0101, 0x0101, 0x0102, 0x0101, 0x0201, 0x0202, 0x0101,
    0x0101, 0x0101, 0x0101, 0x0102, 0x0201, 0x0101, 0x0101, 0x0102, 0x0101, 0x0202, 0x0202, 0x0101,
    0x0101, 0x0101, 0x0101, 0x0101, 0x0101, 0x0101, 0x0102, 0x0101, 0x0101, 0x0201, 0x0102, 0x0101,
    0x0101, 0x0102, 0x0102, 0x0101, 0x0201, 0x0101, 0x0102, 0x0101, 0x0202, 0x0202, 0x0202, 0x0102,
    0x0101, 0x0101, 0x0102, 0x0101, 0x0101, 0x0201, 0x0202, 0x0101, 0x0101, 0x0101, 0x0101, 0x0101,
    0x0201, 0x0202, 0x0202, 0x0102, 0x0201, 0x0101, 0x0101, 0x0101, 0x0201, 0x0202, 0x0202, 0x0101,
    0x0101, 0x0101, 0x0101, 0x0102, 0x0101, 0x0101, 0x0101, 0x0102, 0x0201, 0x0101, 0x0101, 0x0102,
    0x0101, 0x0202, 0x0202, 0x0101, 0x0101, 0x0101, 0x0101, 0x0101, 0x0101, 0x0201, 0x0202, 0x0101,
    0x0101, 0x0102, 0x0101, 0x0101, 0x0201, 0x0101, 0x0101, 0x0101, 0x0201, 0x0202, 0x0202, 0x0101,
    0x0201, 0x0101, 0x0101, 0x0102, 0x0201, 0x0101, 0x0101, 0x0102, 0x0101, 0x0202, 0x0202, 0x0101,
    0x0101, 0x0101, 0x0101, 0x0101, 0x0201, 0x0202, 0x0202, 0x0102, 0x0201, 0x0101, 0x0101, 0x0102,
    0x0101, 0x0101, 0x0201, 0x0101, 0x0101, 0x0101, 0x0102, 0x0101, 0x0101, 0x0201, 0x0101, 0x0101,
    0x0101, 0x0201, 0x0101, 0x0101, 0x0101, 0x0201, 0x0101, 0x0101, 0x0101, 0x0101, 0x0101, 0x0101,
    0x0101, 0x0202, 0x0202, 0x0101, 0x0201, 0x0101, 0x0101, 0x0102, 0x0201, 0x0101, 0x0101, 0x0102,
    0x0101, 0x0202, 0x0202, 0x0101, 0x0201, 0x0101, 0x0101, 0x0102, 0x0201, 0x0101, 0x0101, 0x0102,
    0x0101, 0x0202, 0x0202, 0x0101, 0x0101, 0x0101, 0x0101, 0x0101, 0x0101, 0x0202, 0x0202, 0x0101,
    0x0201, 0x0101, 0x0101, 0x0102, 0x0201, 0x0101, 0x0101, 0x0102, 0x0101, 0x0202, 0x0202, 0x0102,
    0x0101, 0x0101, 0x0101, 0x0102, 0x0101, 0x0101, 0x0201, 0x0101, 0x0101, 0x0202, 0x0102, 0x0101,
    0x0101, 0x0101, 0x0101, 0x0101, 0x0101, 0x0101, 0x0101, 0x0101, 0x0101, 0x0201, 0x0101, 0x0101,
    0x0101, 0x0201, 0x0101, 0x0101, 0x0101, 0x0101, 0x0101, 0x0101, 0x0101, 0x0101, 0x0101, 0x0101,
    0x0101, 0x0201, 0x0101, 0x0101, 0x0101, 0x0201, 0x0101, 0x0101, 0x0101, 0x0101, 0x0101, 0x0101,
    0x0000, 0xBEBF, 0x0101, 0x0101, 0x0000, 0xBEBF, 0x0101, 0x0101, 0x0000, 0xBEBF, 0x0101, 0x0101,
    0x0000, 0xBEBF, 0x0101, 0x0101, 0x0000, 0xBEBF, 0x0101, 0x0101, 0x0000, 0xBEBF, 0x0101, 0x0101,
    0x0000, 0xBEBF, 0x0101, 0x0101, 0x0000, 0xBEBF, 0x0101, 0x0101, 0x0000, 0xBEBF, 0x0101, 0x0101,
    0x0000, 0xBEBF, 0x0101, 0x0101, 0x0000, 0xBF00, 0x01BE, 0x0101, 0x0000, 0xBF00, 0x01BE, 0x0101,
    0x0000, 0x0000, 0xBEBF, 0x01BE, 0x0000, 0x0000, 0xBF00, 0xBEBF, 0x0000, 0x0000, 0x0000, 0xBFBF,
    0x0000, 0x0000, 0x0000, 0x0000, 0x0101, 0x0101, 0x0101, 0x0101, 0x0101, 0x0101, 0x0101, 0x0101,
    0x0101, 0x0101, 0x0101, 0x0101, 0x0101, 0x0101, 0x0101, 0x0101, 0x0101, 0x0101, 0x0101, 0x0101,
    0xBEBE, 0xBEBE, 0xBEBE, 0xBEBE, 0xBFBF, 0xBFBF, 0xBFBF, 0xBFBF, 0xBFBF, 0xBFBF, 0xBFBF, 0xBFBF,
    0x0101, 0xBE01, 0xBFBF, 0x0000, 0x0101, 0xBE01, 0xBFBF, 0x0000, 0x0101, 0xBFBE, 0xBFBF, 0x0000,
    0x0101, 0xBFBE, 0x00BF, 0x0000, 0xBEBE, 0xBFBF, 0x00BF, 0x0000, 0xBFBF, 0xBFBF, 0x0000, 0x0000,
    0xBFBF, 0x00BF, 0x0000, 0x0000, 0x00BF, 0x0000, 0x0000, 0x0000, 0x0101, 0x0202, 0x0202, 0x0101,
    0x0201, 0x0101, 0x0101, 0x0102, 0x0101, 0x0101, 0x0101, 0x0102, 0x0101, 0x0101, 0x0201, 0x0101,
    0x0101, 0x0101, 0x0102, 0x0101, 0x0101, 0x0101, 0x0101, 0x0101, 0x0101, 0x0101, 0x0102, 0x0101,
    0x0101, 0x0101, 0x0101, 0x0101, 0x0101, 0x0202, 0x0202, 0x0101, 0x0201, 0x0101, 0x0101, 0x0102,
    0x0201, 0x0201, 0x0202, 0x0102, 0x0201, 0x0201, 0x0101, 0x0102, 0x0201, 0x0201, 0x0202, 0x0102,
    0x0201, 0x0101, 0x0101, 0x0101, 0x0101, 0x0202, 0x0202, 0x0101, 0x0101, 0x0101, 0x0101, 0x0101,
    0x0101, 0x0201, 0x0102, 0x0101, 0x0101, 0x0102, 0x0201, 0x0101, 0x0201, 0x0101, 0x0101, 0x0102,
    0x0201, 0x0101, 0x0101, 0x0102, 0x0201, 0x0202, 0x0202, 0x0102, 0x0201, 0x0101, 0x0101, 0x0102,
    0x0201, 0x0101, 0x0101, 0x0102, 0x0101, 0x0101, 0x0101, 0x0101, 0x0201, 0x0202, 0x0202, 0x0101,
    0x0101, 0x0102, 0x0101, 0x0102, 0x0101, 0x0102, 0x0101, 0x0102, 0x0101, 0x0202, 0x0202, 0x0101,
    0x0101, 0x0102, 0x0101, 0x0102, 0x0101, 0x0102, 0x0101, 0x0102, 0x0201, 0x0202, 0x0202, 0x0101,
    0x0101, 0x0101, 0x0101, 0x0101, 0x0101, 0x0201, 0x0202, 0x0101, 0x0101, 0x0102, 0x0101, 0x0102,
    0x0201, 0x0101, 0x0101, 0x0101, 0x0201, 0x0101, 0x0101, 0x0101, 0x0201, 0x0101, 0x0101, 0x0101,
    0x0101, 0x0102, 0x0101, 0x0102, 0x0101, 0x0201, 0x0202, 0x0101, 0x0101, 0x0101, 0x0101, 0x0101,
    0x0201, 0x0202, 0x0102, 0x0101, 0x0101, 0x0102, 0x0201, 0x0101, 0x0101, 0x0102, 0x0101, 0x0102,
    0x0101, 0x0102, 0x0101, 0x0102, 0x0101, 0x0102, 0x0101, 0x0102, 0x0101, 0x0102, 0x0201, 0x0101,
    0x0201, 0x0202, 0x0102, 0x0101, 0x0101, 0x0101, 0x0101, 0x0101, 0x0201, 0x0202, 0x0202, 0x0102,
    0x0101, 0x0102, 0x0101, 0x0102, 0x0101, 0x0102, 0x0102, 0x0101, 0x0101, 0x0202, 0x0102, 0x0101,
    0x0101, 0x0102, 0x0102, 0x0101, 0x0101, 0x0102, 0x0101, 0x0102, 0x0201, 0x0202, 0x0202, 0x0102,
    0x0101, 0x0101, 0x0101, 0x0101, 0x0201, 0x0202, 0x0202, 0x0102, 0x0101, 0x0102, 0x0101, 0x0102,
    0x0101, 0x0102, 0x0102, 0x0101, 0x0101, 0x0202, 0x0102, 0x0101, 0x0101, 0x0102, 0x0102, 0x0101,
    0x0101, 0x0102, 0x0101, 0x0101, 0x0201, 0x0202, 0x0101, 0x0101, 0x0101, 0x0101, 0x0101, 0x0101,
    0x0101, 0x0201, 0x0202, 0x0101, 0x0101, 0x0102, 0x0101, 0x0102, 0x0201, 0x0101, 0x0101, 0x0101,
    0x0201, 0x0101, 0x0101, 0x0101, 0x0201, 0x0101, 0x0202, 0x0102, 0x0101, 0x0102, 0x0101, 0x0102,
    0x0101, 0x0201, 0x0202, 0x0102, 0x0101, 0x0101, 0x0101, 0x0101, 0x0201, 0x0101, 0x0101, 0x0102,
    0x0201, 0x0101, 0x0101, 0x0102, 0x0201, 0x0101, 0x0101, 0x0102, 0x0201, 0x0202, 0x0202, 0x0102,
    0x0201, 0x0101, 0x0101, 0x0102, 0x0201, 0x0101, 0x0101, 0x0102, 0x0201, 0x0101, 0x0101, 0x0102,
    0x0101, 0x0101, 0x0101, 0x0101, 0x0101, 0x0202, 0x0102, 0x0101, 0x0101, 0x0201, 0x0101, 0x0101,
    0x0101, 0x0201, 0x0101, 0x0101, 0x0101, 0x0201, 0x0101, 0x0101, 0x0101, 0x0201, 0x0101, 0x0101,
    0x0101, 0x0201, 0x0101, 0x0101, 0x0101, 0x0202, 0x0102, 0x0101, 0x0101, 0x0101, 0x0101, 0x0101,
    0x0101, 0x0101, 0x0202, 0x0102, 0x0101, 0x0101, 0x0201, 0x0101, 0x0101, 0x0101, 0x0201, 0x0101,
    0x0101, 0x0101, 0x0201, 0x0101, 0x0201, 0x0101, 0x0201, 0x0101, 0x0201, 0x0101, 0x0201, 0x0101,
    0x0101, 0x0202, 0x0102, 0x0101, 0x0101, 0x0101, 0x0101, 0x0101, 0x0201, 0x0102, 0x0101, 0x0102,
    0x0101, 0x0102, 0x0201, 0x0101, 0x0101, 0x0102, 0x0102, 0x0101, 0x0101, 0x0202, 0x0101, 0x0101,
    0x0101, 0x0102, 0x0102, 0x0101, 0x0101, 0x0102, 0x0201, 0x0101, 0x0201, 0x0102, 0x0101, 0x0202,
    0x0101, 0x0101, 0x0101, 0x0101, 0x0201, 0x0202, 0x0101, 0x0101, 0x0101, 0x0102, 0x0101, 0x0101,
    0x0101, 0x0102, 0x0101, 0x0101, 0x0101, 0x0102, 0x0101, 0x0101, 0x0101, 0x0102, 0x0101, 0x0101,
    0x0101, 0x0102, 0x0101, 0x0102, 0x0201, 0x0202, 0x0202, 0x0102, 0x0101, 0x0101, 0x0101, 0x0101,
    0x0201, 0x0102, 0x0101, 0x0202, 0x0201, 0x0201, 0x0201, 0x0201, 0x0201, 0x0101, 0x0102, 0x0201,
    0x0201, 0x0101, 0x0101, 0x0201, 0x0201, 0x0101, 0x0101, 0x0201, 0x0201, 0x0101, 0x0101, 0x0201,
    0x0201, 0x0101, 0x0101, 0x0201, 0x0101, 0x0101, 0x0101, 0x0101, 0x0201, 0x0102, 0x0101, 0x0102,
    0x0201, 0x0201, 0x0101, 0x0102, 0x0201, 0x0101, 0x0102, 0x0102, 0x0201, 0x0101, 0x0201, 0x0102,
    0x0201, 0x0101, 0x0101, 0x0102, 0x0201, 0x0101, 0x0101, 0x0102, 0x0201, 0x0101, 0x0101, 0x0102,
    0x0101, 0x0101, 0x0101, 0x0101, 0x0101, 0x0202, 0x0202, 0x0101, 0x0201, 0x0101, 0x0101, 0x0102,
    0x0201, 0x0101, 0x0101, 0x0102, 0x0201, 0x0101, 0x0101, 0x0102, 0x0201, 0x0101, 0x0101, 0x0102,
    0x0201, 0x0101, 0x0101, 0x0102, 0x0101, 0x0202, 0x0202, 0x0101, 0x0101, 0x0101, 0x0101, 0x0101,
    0x0201, 0x0202, 0x0202, 0x0101, 0x0101, 0x0102, 0x0101, 0x0102, 0x0101, 0x0102, 0x0101, 0x0102,
    0x0101, 0x0202, 0x0202, 0x0101, 0x0101, 0x0102, 0x0101, 0x0101, 0x0101, 0x0102, 0x0101, 0x0101,
    0x0201, 0x0202, 0x0101, 0x0101, 0x0101, 0x0101, 0x0101, 0x0101, 0x0101, 0x0202, 0x0202, 0x0101,
    0x0201, 0x0101, 0x0101, 0x0102, 0x0201, 0x0101, 0x0101, 0x0102, 0x0201, 0x0101, 0x0101, 0x0102,
    0x0201, 0x0101, 0x0102, 0x0102, 0x0101, 0x0202, 0x0202, 0x0101, 0x0101, 0x0101, 0x0101, 0x0202,
    0x0101, 0x0101, 0x0101, 0x0101, 0x0201, 0x0202, 0x0202, 0x0101, 0x0101, 0x0102, 0x0101, 0x0102,
    0x0101, 0x0102, 0x0101, 0x0102, 0x0101, 0x0202, 0x0202, 0x0101, 0x0101, 0x0102, 0x0102, 0x0101,
    0x0101, 0x0102, 0x0201, 0x0101, 0x0201, 0x0202, 0x0101, 0x0102, 0x0101, 0x0101, 0x0101, 0x0101,
    0x0101, 0x0202, 0x0202, 0x0101, 0x0201, 0x0101, 0x0101, 0x0102, 0x0201, 0x0101, 0x0101, 0x0101,
    0x0101, 0x0202, 0x0202, 0x0101, 0x0101, 0x0101, 0x0101, 0x0102, 0x0201, 0x0101, 0x0101, 0x0102,
    0x0101, 0x0202, 0x0202, 0x0101, 0x0101, 0x0101, 0x0101, 0x0101, 0x0201, 0x0202, 0x0202, 0x0202,
    0x0201, 0x0101, 0x0102, 0x0201, 0x0101, 0x0101, 0x0102, 0x0101, 0x0101, 0x0101, 0x0102, 0x0101,
    0x0101, 0x0101, 0x0102, 0x0101, 0x0101, 0x0101, 0x0102, 0x0101, 0x0101, 0x0201, 0x0202, 0x0101,
    0x0101, 0x0101, 0x0101, 0x0101, 0x0201, 0x0101, 0x0101, 0x0102, 0x0201, 0x0101, 0x0101, 0x0102,
    0x0201, 0x0101, 0x0101, 0x0102, 0x0201, 0x0101, 0x0101, 0x0102, 0x0201, 0x0101, 0x0101, 0x0102,
    0x0201, 0x0101, 0x0101, 0x0102, 0x0101, 0x0202, 0x0202, 0x0101, 0x0101, 0x0101, 0x0101, 0x0101,
    0x0201, 0x0101, 0x0101, 0x0201, 0x0201, 0x0101, 0x0101, 0x0201, 0x0201, 0x0101, 0x0101, 0x0201,
    0x0201, 0x0101, 0x0101, 0x0201, 0x0101, 0x0102, 0x0101, 0x0102, 0x0101, 0x0201, 0x0201, 0x0101,
    0x0101, 0x0101, 0x0102, 0x0101, 0x0101, 0x0101, 0x0101, 0x0101, 0x0201, 0x0101, 0x0101, 0x0201,
    0x0201, 0x0101, 0x0101, 0x0201, 0x0201, 0x0101, 0x0101, 0x0201, 0x0201, 0x0101, 0x0102, 0x0201,
    0x0201, 0x0101, 0x0102, 0x0201, 0x0201, 0x0101, 0x0102, 0x0201, 0x0101, 0x0202, 0x0201, 0x0102,
    0x0101, 0x0101, 0x0101, 0x0101, 0x0201, 0x0101, 0x0101, 0x0201, 0x0101, 0x0102, 0x0101, 0x0102,
    0x0101, 0x0201, 0x0201, 0x0101, 0x0101, 0x0101, 0x0102, 0x0101, 0x0101, 0x0201, 0x0201, 0x0101,
    0x0101, 0x0102, 0x0101, 0x0102, 0x0201, 0x0101, 0x0101, 0x0201, 0x0101, 0x0101, 0x0101, 0x0101,
    0x0201, 0x0101, 0x0101, 0x0201, 0x0101, 0x0102, 0x0101, 0x0102, 0x0101, 0x0201, 0x0201, 0x0101,
    0x0101, 0x0101, 0x0102, 0x0101, 0x0101, 0x0101, 0x0102, 0x0101, 0x0101, 0x0101, 0x0102, 0x0101,
    0x0101, 0x0201, 0x0202, 0x0101, 0x0101, 0x0101, 0x0101, 0x0101, 0x0201, 0x0202, 0x0202, 0x0202,
    0x0201, 0x0101, 0x0101, 0x0102, 0x0101, 0x0101, 0x0201, 0x0101, 0x0101, 0x0101, 0x0102, 0x0101,
    0x0101, 0x0201, 0x0101, 0x0101, 0x0101, 0x0102, 0x0101, 0x0201, 0x0201, 0x0202, 0x0202, 0x0202,
    0x0101, 0x0101, 0x0101, 0x0101, 0x0000, 0x0000, 0x0000, 0xBF00, 0x0000, 0x0000, 0xBF00, 0xBEBF,
    0x0000, 0x0000, 0xBEBF, 0x01BE, 0x0000, 0xBF00, 0x01BE, 0x0101, 0x0000, 0xBF00, 0x01BE, 0x0101,
    0x0000, 0xBEBF, 0x0101, 0x0101, 0x0000, 0xBEBF, 0x0101, 0x0101, 0x0000, 0xBEBF, 0x0101, 0x0101,
    0x0101, 0xBE01, 0xBFBF, 0x0000, 0x0101, 0xBE01, 0xBFBF, 0xBFBF, 0x0101, 0x0101, 0x0101, 0xBFBE,
    0x0101, 0x0101, 0xBE01, 0x00BF, 0x0101, 0x0101, 0xBFBE, 0x0000, 0x0101, 0xBE01, 0xBFBF, 0x0000,
    0x0101, 0xBE01, 0xBFBF, 0x0000, 0x0101, 0xBE01, 0xBFBF, 0x0000, 0x0000, 0x0000, 0x0000, 0x0000,
    0xBFBF, 0x0000, 0x0000, 0x0000, 0xBEBE, 0x00BF, 0x0000, 0x0000, 0x0101, 0xBFBE, 0x0000, 0x0000,
    0x0101, 0xBFBE, 0x00BF, 0x0000, 0x0101, 0xBE01, 0x00BF, 0x0000, 0x0101, 0xBE01, 0xBFBF, 0x0000,
    0x0101, 0xBE01, 0xBFBF, 0x0000, 0xBFBF, 0xBFBF, 0xBFBF, 0xBFBF, 0xBEBE, 0xBEBE, 0xBE1C, 0xBEBE,
    0x0101, 0x0101, 0x011C, 0x0101, 0x0101, 0x0101, 0x011C, 0x0101, 0x0101, 0x0101, 0x011C, 0x0101,
    0x0101, 0x0101, 0x0101, 0x0101, 0x0101, 0x0101, 0x0101, 0x0101, 0x0101, 0x0101, 0x0101, 0x0101,
    0x0101, 0x0101, 0x0101, 0x0101, 0x0101, 0x0101, 0x0101, 0x0101, 0x0101, 0x0101, 0x0101, 0x0101,
    0x0101, 0x0101, 0x0101, 0x0101, 0x0101, 0x0101, 0x0101, 0x0101, 0x0101, 0x0101, 0x0101, 0x0101,
    0x0101, 0x0101, 0x0101, 0x0101, 0x0201, 0x0202, 0x0202, 0x0102, 0x0101, 0x0101, 0x0101, 0x0101,
    0x0101, 0x0101, 0x0101, 0x0101, 0x0101, 0x0201, 0x0202, 0x0101, 0x0101, 0x0101, 0x0101, 0x0102,
    0x0101, 0x0201, 0x0202, 0x0102, 0x0101, 0x0102, 0x0101, 0x0102, 0x0101, 0x0201, 0x0202, 0x0102,
    0x0101, 0x0101, 0x0101, 0x0101, 0x0101, 0x0101, 0x0101, 0x0101, 0x0101, 0x0102, 0x0101, 0x0101,
    0x0101, 0x0102, 0x0101, 0x0101, 0x0101, 0x0202, 0x0202, 0x0101, 0x0101, 0x0102, 0x0101, 0x0102,
    0x0101, 0x0102, 0x0101, 0x0102, 0x0101, 0x0202, 0x0202, 0x0101, 0x0101, 0x0101, 0x0101, 0x0101,
    0x0101, 0x0101, 0x0101, 0x0101, 0x0101, 0x0101, 0x0101, 0x0101, 0x0101, 0x0201, 0x0202, 0x0101,
    0x0101, 0x0102, 0x0101, 0x0102, 0x0101, 0x0102, 0x0101, 0x0101, 0x0101, 0x0102, 0x0101, 0x0102,
    0x0101, 0x0201, 0x0202, 0x0101, 0x0101, 0x0101, 0x0101, 0x0101, 0x0101, 0x0101, 0x0101, 0x0101,
    0x0101, 0x0101, 0x0101, 0x0102, 0x0101, 0x0101, 0x0101, 0x0102, 0x0101, 0x0201, 0x0202, 0x0102,
    0x0101, 0x0102, 0x0101, 0x0102, 0x0101, 0x0102, 0x0101, 0x0102, 0x0101, 0x0201, 0x0202, 0x0102,
    0x0101, 0x0101, 0x0101, 0x0101, 0x0101, 0x0101, 0x0101, 0x0101, 0x0101, 0x0101, 0x0101, 0x0101,
    0x0101, 0x0201, 0x0202, 0x0101, 0x0101, 0x0102, 0x0101, 0x0102, 0x0101, 0x0202, 0x0202, 0x0101,
    0x0101, 0x0102, 0x0101, 0x0101, 0x0101, 0x0201, 0x0202, 0x0102, 0x0101, 0x0101, 0x0101, 0x0101,
    0x0101, 0x0101, 0x0101, 0x0101, 0x0101, 0x0101, 0x0202, 0x0101, 0x0101, 0x0201, 0x0101, 0x0101,
    0x0101, 0x0202, 0x0202, 0x0101, 0x0101, 0x0201, 0x0101, 0x0101, 0x0101, 0x0201, 0x0101, 0x0101,
    0x0101, 0x0201, 0x0101, 0x0101, 0x0101, 0x0101, 0x0101, 0x0101, 0x0101, 0x0101, 0x0101, 0x0101,
    0x0101, 0x0101, 0x0101, 0x0101, 0x0101, 0x0201, 0x0202, 0x0102, 0x0101, 0x0102, 0x0101, 0x0102,
    0x0101, 0x0102, 0x0101, 0x0102, 0x0101, 0x0201, 0x0202, 0x0102, 0x0101, 0x0101, 0x0101, 0x0102,
    0x0101, 0x0201, 0x0202, 0x0101, 0x0101, 0x0101, 0x0101, 0x0101, 0x0101, 0x0102, 0x0101, 0x0101,
    0x0101, 0x0102, 0x0101, 0x0101, 0x0101, 0x0202, 0x0202, 0x0101, 0x0101, 0x0102, 0x0101, 0x0102,
    0x0101, 0x0102, 0x0101, 0x0102, 0x0101, 0x0102, 0x0101, 0x0102, 0x0101, 0x0101, 0x0101, 0x0101,
    0x0101, 0x0101, 0x0101, 0x0101, 0x0101, 0x0101, 0x0101, 0x0101, 0x0101, 0x0201, 0x0101, 0x0101,
    0x0101, 0x0101, 0x0101, 0x0101, 0x0101, 0x0201, 0x0101, 0x0101, 0x0101, 0x0201, 0x0101, 0x0101,
    0x0101, 0x0201, 0x0101, 0x0101, 0x0101, 0x0101, 0x0101, 0x0101, 0x0101, 0x0101, 0x0101, 0x0101,
    0x0101, 0x0101, 0x0101, 0x0101, 0x0101, 0x0101, 0x0101, 0x0102, 0x0101, 0x0101, 0x0101, 0x0101,
    0x0101, 0x0101, 0x0101, 0x0102, 0x0101, 0x0101, 0x0101, 0x0102, 0x0101, 0x0101, 0x0101, 0x0102,
    0x0101, 0x0201, 0x0202, 0x0101, 0x0101, 0x0101, 0x0101, 0x0101, 0x0101, 0x0102, 0x0101, 0x0101,
    0x0101, 0x0102, 0x0201, 0x0101, 0x0101, 0x0102, 0x0102, 0x0101, 0x0101, 0x0202, 0x0201, 0x0101,
    0x0101, 0x0102, 0x0101, 0x0102, 0x0101, 0x0102, 0x0101, 0x0102, 0x0101, 0x0101, 0x0101, 0x0101,
    0x0101, 0x0101, 0x0101, 0x0101, 0x0101, 0x0102, 0x0101, 0x0101, 0x0101, 0x0102, 0x0101, 0x0101,
    0x0101, 0x0102, 0x0101, 0x0101, 0x0101, 0x0102, 0x0101, 0x0101, 0x0101, 0x0102, 0x0101, 0x0101,
    0x0101, 0x0201, 0x0101, 0x0101, 0x0101, 0x0101, 0x0101, 0x0101, 0x0101, 0x0101, 0x0101, 0x0101,
    0x0101, 0x0101, 0x0101, 0x0101, 0x0101, 0x0202, 0x0201, 0x0101, 0x0101, 0x0102, 0x0102, 0x0102,
    0x0101, 0x0102, 0x0102, 0x0102, 0x0101, 0x0102, 0x0102, 0x0102, 0x0101, 0x0102, 0x0102, 0x0102,
    0x0101, 0x0101, 0x0101, 0x0101, 0x0101, 0x0101, 0x0101, 0x0101, 0x0101, 0x0101, 0x0101, 0x0101,
    0x0101, 0x0202, 0x0202, 0x0101, 0x0101, 0x0102, 0x0101, 0x0102, 0x0101, 0x0102, 0x0101, 0x0102,
    0x0101, 0x0102, 0x0101, 0x0102, 0x0101, 0x0102, 0x0101, 0x0102, 0x0101, 0x0101, 0x0101, 0x0101,
    0x0101, 0x0101, 0x0101, 0x0101, 0x0101, 0x0101, 0x0101, 0x0101, 0x0101, 0x0201, 0x0202, 0x0101,
    0x0101, 0x0102, 0x0101, 0x0102, 0x0101, 0x0102, 0x0101, 0x0102, 0x0101, 0x0102, 0x0101, 0x0102,
    0x0101, 0x0201, 0x0202, 0x0101, 0x0101, 0x0101, 0x0101, 0x0101, 0x0101, 0x0101, 0x0101, 0x0101,
    0x0101, 0x0101, 0x0101, 0x0101, 0x0101, 0x0202, 0x0202, 0x0101, 0x0101, 0x0102, 0x0101, 0x0102,
    0x0101, 0x0102, 0x0101, 0x0102, 0x0101, 0x0202, 0x0202, 0x0101, 0x0101, 0x0102, 0x0101, 0x0101,
    0x0101, 0x0102, 0x0101, 0x0101, 0x0101, 0x0101, 0x0101, 0x0101, 0x0101, 0x0101, 0x0101, 0x0101,
    0x0101, 0x0201, 0x0202, 0x0102, 0x0101, 0x0102, 0x0101, 0x0102, 0x0101, 0x0102, 0x0101, 0x0102,
    0x0101, 0x0201, 0x0202, 0x0102, 0x0101, 0x0101, 0x0101, 0x0102, 0x0101, 0x0101, 0x0101, 0x0102,
    0x0101, 0x0101, 0x0101, 0x0101, 0x0101, 0x0101, 0x0101, 0x0101, 0x0101, 0x0102, 0x0202, 0x0101,
    0x0101, 0x0202, 0x0101, 0x0102, 0x0101, 0x0102, 0x0101, 0x0101, 0x0101, 0x0102, 0x0101, 0x0101,
    0x0101, 0x0102, 0x0101, 0x0101, 0x0101, 0x0101, 0x0101, 0x0101, 0x0101, 0x0101, 0x0101, 0x0101,
    0x0101, 0x0101, 0x0101, 0x0101, 0x0101, 0x0201, 0x0202, 0x0102, 0x0101, 0x0102, 0x0101, 0x0101,
    0x0101, 0x0201, 0x0202, 0x0101, 0x0101, 0x0101, 0x0101, 0x0102, 0x0101, 0x0202, 0x0202, 0x0101,
    0x0101, 0x0101, 0x0101, 0x0101, 0x0101, 0x0101, 0x0101, 0x0101, 0x0101, 0x0201, 0x0101, 0x0101,
    0x0101, 0x0201, 0x0101, 0x0101, 0x0101, 0x0202, 0x0102, 0x0101, 0x0101, 0x0201, 0x0101, 0x0101,
    0x0101, 0x0201, 0x0101, 0x0101, 0x0101, 0x0101, 0x0202, 0x0101, 0x0101, 0x0101, 0x0101, 0x0101,
    0x0101, 0x0101, 0x0101, 0x0101, 0x0101, 0x0101, 0x0101, 0x0101, 0x0101, 0x0102, 0x0101, 0x0102,
    0x0101, 0x0102, 0x0101, 0x0102, 0x0101, 0x0102, 0x0101, 0x0102, 0x0101, 0x0102, 0x0101, 0x0102,
    0x0101, 0x0201, 0x0202, 0x0101, 0x0101, 0x0101, 0x0101, 0x0101, 0x0101, 0x0101, 0x0101, 0x0101,
    0x0101, 0x0101, 0x0101, 0x0101, 0x0101, 0x0102, 0x0101, 0x0102, 0x0101, 0x0102, 0x0101, 0x0102,
    0x0101, 0x0201, 0x0201, 0x0101, 0x0101, 0x0201, 0x0201, 0x0101, 0x0101, 0x0101, 0x0102, 0x0101,
    0x0101, 0x0101, 0x0101, 0x0101, 0x0101, 0x0101, 0x0101, 0x0101, 0x0101, 0x0101, 0x0101, 0x0101,
    0x0101, 0x0102, 0x0101, 0x0102, 0x0101, 0x0102, 0x0101, 0x0102, 0x0101, 0x0102, 0x0102, 0x0102,
    0x0101, 0x0102, 0x0102, 0x0102, 0x0101, 0x0201, 0x0201, 0x0101, 0x0101, 0x0101, 0x0101, 0x0101,
    0x0101, 0x0101, 0x0101, 0x0101, 0x0101, 0x0101, 0x0101, 0x0101, 0x0101, 0x0102, 0x0101, 0x0102,
    0x0101, 0x0201, 0x0201, 0x0101, 0x0101, 0x0101, 0x0102, 0x0101, 0x0101, 0x0201, 0x0201, 0x0101,
    0x0101, 0x0102, 0x0101, 0x0102, 0x0101, 0x0101, 0x0101, 0x0101, 0x0101, 0x0101, 0x0101, 0x0101,
    0x0101, 0x0101, 0x0101, 0x0101, 0x0101, 0x0102, 0x0101, 0x0102, 0x0101, 0x0102, 0x0101, 0x0102,
    0x0101, 0x0102, 0x0101, 0x0102, 0x0101, 0x0201, 0x0202, 0x0102, 0x0101, 0x0101, 0x0101, 0x0102,
    0x0101, 0x0201, 0x0202, 0x0101, 0x0101, 0x0101, 0x0101, 0x0101, 0x0101, 0x0101, 0x0101, 0x0101,
    0x0101, 0x0201, 0x0202, 0x0202, 0x0101, 0x0101, 0x0101, 0x0102, 0x0101, 0x0101, 0x0201, 0x0101,
    0x0101, 0x0101, 0x0102, 0x0101, 0x0101, 0x0201, 0x0202, 0x0202, 0x0101, 0x0101, 0x0101, 0x0101,
    0x0126, 0x0000, 0x0000, 0x0001, 0x0002, 0x0003, 0x0004, 0x0005, 0x0006, 0x0007, 0x0008, 0x0009,
    0x000A, 0x000B, 0x000C, 0x0008, 0x000D, 0x000E, 0x000F, 0x0010, 0x0011, 0x0012, 0x0013, 0x0014,
    0x0015, 0x0415, 0x0414, 0x0413, 0x0412, 0x0411, 0x0016, 0x0416, 0x0008, 0x0008, 0x0017, 0x0018,
    0x0019, 0x001A, 0x001B, 0x001C, 0x001D, 0x001E, 0x0008, 0x001F, 0x0020, 0x0021, 0x0022, 0x0023,
    0x0024, 0x0025, 0x0026, 0x0027, 0x0028, 0x0029, 0x0008, 0x0008, 0x0008, 0x0008, 0x0008, 0x0008,
    0x0008, 0x0008, 0x0008, 0x0008, 0x0008, 0x0008, 0x002A, 0x002B, 0x002C, 0x002D, 0x002E, 0x002F,
    0x0030, 0x0031, 0x0032, 0x0033, 0x0034, 0x0035, 0x0036, 0x0037, 0x0038, 0x0039, 0x003A, 0x003B,
    0x003C, 0x003D, 0x0008, 0x0008, 0x0008, 0x0008, 0x0008, 0x0008, 0x0008, 0x0008, 0x0008, 0x0008,
    0x0008, 0x0008, 0x003E, 0x003F, 0x0040, 0x0041, 0x0042, 0x0043, 0x0044, 0x0045, 0x0046, 0x0047,
    0x0048, 0x0049, 0x004A, 0x004B, 0x004C, 0x004D, 0x004E, 0x004F, 0x0050, 0x0051, 0x0052, 0x0053,
    0x0008, 0x0008, 0x0008, 0x0008, 0x0008, 0x0008, 0x0008, 0x0008, 0x0008, 0x0008, 0x0054, 0x0055,
    0x0056, 0x0057, 0x0058, 0x0059, 0x005A, 0x005B, 0x005C, 0x005D, 0x005E, 0x005F, 0x0060, 0x0061,
    0x0062, 0x0063, 0x0064, 0x0065, 0x0066, 0x0067, 0x0068, 0x0069, 0x0008, 0x0008, 0x0008, 0x0008,
    0x0008, 0x0008, 0x0008, 0x0008, 0x0008, 0x0008, 0x006A, 0x006B, 0x0008, 0x0008, 0x006C, 0x006D,
    0x006E, 0x006F, 0x0070, 0x0071, 0x0072, 0x0073, 0x0074, 0x0075, 0x0076, 0x0077, 0x0078, 0x0079,
    0x007A, 0x007B, 0x007C, 0x007D, 0x007E, 0x007F, 0x0080, 0x0081, 0x0082, 0x0083, 0x0084, 0x0085,
    0x0086, 0x0008, 0x0087, 0x0088, 0x0089, 0x008A, 0x008B, 0x008C, 0x008D, 0x008E, 0x008F, 0x0090,
    0x0091, 0x0092, 0x0093, 0x0094, 0x0095, 0x0096, 0x0097, 0x0098, 0x0099, 0x009A, 0x009B, 0x009C,
    0x009D, 0x009E, 0x009F, 0x00A0, 0x00A1, 0x00A2, 0x00A3, 0x00A4, 0x00A5, 0x0008, 0x0008, 0x0486,
    0x0485, 0x0484, 0x0483, 0x0482, 0x0481, 0x0480, 0x047F, 0x047E, 0x047D, 0x047C, 0x047B, 0x047A,
    0x0479, 0x0478, 0x0477, 0x0476, 0x0475, 0x0474, 0x0473, 0x0472, 0x0471, 0x0470, 0x046F, 0x046E,
    0x046D, 0x046C, 0x0008, 0x0008, 0x046B, 0x046A, 0x0008, 0x04A5, 0x04A4, 0x04A3, 0x04A2, 0x04A1,
    0x04A0, 0x049F, 0x049E, 0x049D, 0x049C, 0x049B, 0x049A, 0x0499, 0x0498, 0x0497, 0x0496, 0x0495,
    0x0494, 0x0493, 0x0492, 0x0491, 0x0490, 0x048F, 0x048E, 0x048D, 0x048C, 0x048B, 0x048A, 0x0489,
    0x0488, 0x0487, 0x00A6, 0x00A7, 0x00A8, 0x00A9, 0x00AA, 0x00AB, 0x00AC, 0x00AD, 0x00AE, 0x00AF,
    0x00B0, 0x00B1, 0x00B2, 0x00B3, 0x00B4, 0x00B5, 0x00B6, 0x00B7, 0x00B8, 0x00B9, 0x00BA, 0x00BB,
    0x00BC, 0x00BD, 0x00BE, 0x00BF, 0x00C0, 0x00C1, 0x00C2, 0x00C3, 0x00C4, 0x00C5, 0x00C6, 0x00C7,
    0x00C8, 0x00C9, 0x00CA, 0x00CB, 0x0008, 0x0008, 0x0008, 0x0008, 0x0008, 0x0008, 0x0008, 0x0008,
    0x0008, 0x0008, 0x0008, 0x0008, 0x0008, 0x0008, 0x0008, 0x0008, 0x0008, 0x0008, 0x0008, 0x0008,
    0x0008, 0x0008, 0x0008, 0x0008, 0x0008, 0x0008, 0x0008, 0x0008, 0x0008, 0x0008, 0x0008, 0x0008,
    0x0008, 0x0008, 0x0008, 0x0008, 0x0008, 0x0008, 0x0008, 0x0008, 0x0008, 0x0008, 0x0008, 0x0008,
    0x0008, 0x0008, 0x0008, 0x0008, 0x0008, 0x0008, 0x0008, 0x0008, 0x0008, 0x0008, 0x0008, 0x0008,
    0x0008, 0x0008, 0x0008, 0x0008, 0x0008, 0x0008, 0x0008, 0x0008, 0x0008, 0x0008, 0x0008, 0x0008,
    0x0008, 0x0008, 0x0008, 0x0008, 0x0008, 0x0008, 0x0008, 0x0008, 0x0008, 0x0008, 0x0008, 0x0008,
    0x0008, 0x0008, 0x0008, 0x0008, 0x0008, 0x0008, 0x0008, 0x0008, 0x0008, 0x0008, 0x0008, 0x0008,
    0x0008, 0x0008, 0x0008, 0x0008, 0x0008, 0x0008, 0x0008, 0x0008, 0x0008, 0x0008, 0x0008, 0x0008,
    0x0008, 0x0008, 0x0008, 0x0008, 0x0008, 0x0008, 0x0008, 0x0008, 0x0008, 0x0008, 0x0008, 0x0008,
    0x0008, 0x0008, 0x0008, 0x0008, 0x0008, 0x0008, 0x0008, 0x0008, 0x0008, 0x0008, 0x0008, 0x0008,
    0x0008, 0x0008, 0x0008, 0x0008, 0x0008, 0x0008, 0x0008, 0x0008, 0x0008, 0x0008, 0x0008, 0x0008,
    0x0008, 0x0008, 0x0008, 0x0008, 0x0008, 0x0008, 0x0008, 0x0008, 0x0008, 0x0008, 0x0008, 0x0008,
    0x0008, 0x0008, 0x0008, 0x0008, 0x0008, 0x0008, 0x0008, 0x0008, 0x0008, 0x0008, 0x0008, 0x0008,
    0x0008, 0x0008, 0x0008, 0x0008, 0x0008, 0x0008, 0x0008, 0x0008, 0x0008, 0x0008, 0x0008, 0x0008,
    0x0008, 0x0008, 0x0008, 0x0008, 0x0008, 0x0008, 0x0008, 0x0008, 0x0008, 0x0008, 0x0008, 0x0008,
    0x0008, 0x0008, 0x0008, 0x0008, 0x0008, 0x0008, 0x0008, 0x0008, 0x0008, 0x0008, 0x0008, 0x0008,
    0x0008, 0x0008, 0x0008, 0x0008, 0x0008, 0x0008, 0x0008, 0x0008, 0x0008, 0x0008, 0x0008, 0x0008,
    0x0008, 0x0008, 0x0008, 0x0008, 0x0008, 0x0008, 0x0008, 0x0008, 0x0008, 0x0008, 0x0008, 0x0008,
    0x0008, 0x0008, 0x0008, 0x0008, 0x0008, 0x0008, 0x0008, 0x0008, 0x0008, 0x0008, 0x0008, 0x0008,
    0x0008, 0x0008, 0x0008, 0x0008, 0x0008, 0x0008, 0x0008, 0x0008, 0x0008, 0x0008, 0x0008, 0x0008,
    0x0008, 0x0008, 0x0008, 0x0008, 0x0008, 0x0008, 0x0008, 0x0008, 0x0008, 0x0008, 0x0008, 0x0008,
    0x0008, 0x0008, 0x0008, 0x0008, 0x0008, 0x0008, 0x0008, 0x0008, 0x0008, 0x0008, 0x0008, 0x0008,
    0x0008, 0x0008, 0x0008, 0x0008, 0x0008, 0x0008, 0x0008, 0x0008, 0x0008, 0x0008, 0x0008, 0x0008,
    0x0008, 0x0008, 0x0008, 0x0008, 0x0008, 0x0008, 0x0008, 0x0008, 0x0008, 0x0008, 0x0008, 0x0008,
    0x0008, 0x0008, 0x0008, 0x0008, 0x0008, 0x0008, 0x0008, 0x0008, 0x0008, 0x0008, 0x0008, 0x0008,
    0x0008, 0x0008, 0x0008, 0x0008, 0x0008, 0x0008, 0x0008, 0x0008, 0x0008, 0x0008, 0x0008, 0x0008,
    0x0008, 0x0008, 0x0008, 0x0008, 0x0008, 0x0008, 0x0008, 0x0008, 0x0008, 0x0008, 0x0008, 0x0008,
    0x0008, 0x0008, 0x0008, 0x0008, 0x0008, 0x0008, 0x0008, 0x0008, 0x0008, 0x0008, 0x0008, 0x0008,
    0x0008, 0x0008, 0x0008, 0x0008, 0x0008, 0x0008, 0x0008, 0x0008, 0x0008, 0x0008, 0x0008, 0x0008,
    0x0008, 0x0008, 0x0008, 0x0008, 0x0008, 0x0008, 0x0008, 0x0008, 0x0008, 0x0008, 0x0008, 0x0008,
    0x0008, 0x0008, 0x0008, 0x0008, 0x0008, 0x0008, 0x0008, 0x0008, 0x0008, 0x0008, 0x0008, 0x0008,
    0x0008, 0x0008, 0x0008, 0x0008, 0x0008, 0x0008, 0x0008, 0x0008, 0x0008, 0x0008, 0x0008, 0x0008,
    0x0008, 0x0008, 0x0008, 0x0008, 0x0008, 0x0008, 0x0008, 0x0008, 0x0008, 0x0008, 0x0008, 0x0008,
    0x0008, 0x0008, 0x0008, 0x0008, 0x0008, 0x0008, 0x0008, 0x0008, 0x0008, 0x0008, 0x0008, 0x0008,
    0x0008, 0x0008, 0x0008, 0x0008, 0x0008, 0x0008, 0x0008, 0x0008, 0x0008, 0x0008, 0x0008, 0x0008,
    0x0008, 0x0008, 0x0008, 0x0008, 0x0008, 0x0008, 0x0008, 0x0008, 0x0008, 0x0008, 0x0008, 0x0008,
    0x0008, 0x0008, 0x0008, 0x0008, 0x0008, 0x0008, 0x0008, 0x0008, 0x0008, 0x0008, 0x0008, 0x0008,
    0x0008, 0x0008, 0x0008, 0x0008, 0x0008, 0x0008, 0x0008, 0x0008, 0x0008, 0x0008, 0x0008, 0x0008,
    0x0008, 0x0008, 0x0008, 0x0008, 0x0008, 0x0008, 0x0008, 0x0008, 0x0008, 0x0008, 0x0008, 0x0008,
    0x0008, 0x0008, 0x0008, 0x0008, 0x0008, 0x0008, 0x0008, 0x0008, 0x0008, 0x0008, 0x0008, 0x0008,
    0x0008, 0x0008, 0x0008, 0x0008, 0x0008, 0x0008, 0x0008, 0x0008, 0x0008, 0x0008, 0x0008, 0x0008,
    0x0008, 0x0008, 0x0008, 0x0008, 0x0008, 0x0008, 0x0008, 0x0008, 0x0008, 0x0008, 0x0008, 0x0008,
    0x0008, 0x0008, 0x0008, 0x0008, 0x0008, 0x0008, 0x0008, 0x0008, 0x0008, 0x0008, 0x0008, 0x0008,
    0x0008, 0x0008, 0x0008, 0x0008, 0x0008, 0x0008, 0x0008, 0x0008, 0x0008, 0x0008, 0x0008, 0x0008,
    0x0008, 0x0008, 0x0008, 0x0008, 0x0008, 0x0008, 0x0008, 0x0008, 0x0008, 0x0008, 0x0008, 0x0008,
    0x0008, 0x0008, 0x0008, 0x0008, 0x0008, 0x0008, 0x0008, 0x0008, 0x0008, 0x0008, 0x0008, 0x0008,
    0x0008, 0x0008, 0x0008, 0x0008, 0x0008, 0x0008, 0x0008, 0x0008, 0x0008, 0x0008, 0x0008, 0x0008,
    0x0008, 0x0008, 0x0008, 0x0008, 0x0008, 0x0008, 0x0008, 0x0008, 0x0008, 0x0008, 0x0008, 0x0008,
    0x0008, 0x0008, 0x0008, 0x0008, 0x0008, 0x0008, 0x0008, 0x0008, 0x0008, 0x0008, 0x0008, 0x0008,
    0x0008, 0x0008, 0x0008, 0x0008, 0x0008, 0x0008, 0x0008, 0x0008, 0x0008, 0x0008, 0x0008, 0x0008,
    0x0008, 0x0008, 0x0008, 0x0008, 0x0008, 0x0008, 0x0008, 0x0008, 0x0008, 0x0008, 0x0008, 0x0008,
    0x0008, 0x0008, 0x0008, 0x0008, 0x0008, 0x0008, 0x0008, 0x0008, 0x0008, 0x0008, 0x0008, 0x0008,
    0x0008, 0x0008, 0x0008, 0x0008, 0x0008, 0x0008, 0x0008, 0x0008, 0x0008, 0x0008, 0x0008, 0x0008,
    0x0008, 0x0008, 0x0008, 0x0008, 0x0008, 0x0008, 0x0008, 0x0008, 0x0008, 0x0008, 0x0008, 0x0008,
    0x0008, 0x0008, 0x0008, 0x0008, 0x0008, 0x0008, 0x0008, 0x0008, 0x0008, 0x0008, 0x00CC, 0x00CD,
    0x00CE, 0x00CF, 0x00D0, 0x00D1, 0x00D2, 0x00D3, 0x00D4, 0x00D5, 0x00D6, 0x00D7, 0x00D8, 0x00D9,
    0x00DA, 0x00DB, 0x00DC, 0x00DD, 0x00DE, 0x00DF, 0x00E0, 0x00E1, 0x00E2, 0x00E3, 0x00E4, 0x00E5,
    0x00E6, 0x00E7, 0x00E8, 0x00E9, 0x00EA, 0x00EB, 0x00EC, 0x00ED, 0x00EE, 0x00EF, 0x00F0, 0x00F1,
    0x00F2, 0x00F3, 0x00F4, 0x00F5, 0x00F6, 0x00F7, 0x00F8, 0x00F9, 0x00FA, 0x00FB, 0x00FC, 0x00FD,
    0x00FE, 0x00FF, 0x0100, 0x0101, 0x0102, 0x0103, 0x0104, 0x0105, 0x0106, 0x0107, 0x0108, 0x0109,
    0x010A, 0x010B, 0x00CC, 0x010C, 0x010D, 0x010E, 0x010F, 0x0110, 0x0111, 0x0112, 0x0113, 0x0114,
    0x0115, 0x0116, 0x0117, 0x0118, 0x0119, 0x011A, 0x011B, 0x011C, 0x011D, 0x011E, 0x011F, 0x0120,
    0x0121, 0x0122, 0x0123, 0x0124, 0x0125, 0x00CC, 0x00CC, 0x00CC, 0x00CC, 0x00CC, 0x0008, 0x0008,
    0x0008, 0x0008, 0x0008, 0x0008, 0x0008, 0x0008, 0x0008, 0x0008, 0x0008, 0x0008, 0x0008, 0x0008,
    0x0008, 0x0008, 0x0008, 0x0008, 0x0008, 0x0008, 0x0008, 0x0008, 0x0008, 0x0008, 0x0008, 0x0008,
    0x0008, 0x0008, 0x0008, 0x0008, 0x0008, 0x0008, 0x0008, 0x0008, 0x0008, 0x0008, 0x0008, 0x0008,
    0x0008, 0x0008, 0x0008, 0x0008, 0x0008, 0x0008, 0x0008, 0x0008, 0x0008, 0x0008, 0x0008, 0x0008,
    0x0008, 0x0008, 0x0008, 0x0008, 0x0008, 0x0008, 0x0008, 0x0008, 0x0008, 0x0008, 0x0008, 0x0008,
    0x0008, 0x0008, 0x0008, 0x0008, 0x0008, 0x0008, 0x0008, 0x0008, 0x0008, 0x0008, 0x0008, 0x0008,
    0x0008, 0x0008, 0x0008, 0x0008, 0x0008, 0x0008, 0x0008, 0x0008, 0x0008, 0x0008, 0x0008, 0x0008,
    0x0008, 0x0008, 0x0008, 0x0008, 0x0008, 0x0008, 0x0008, 0x0008, 0x0008, 0x0008, 0x0008, 0x0008,
    0x0008, 0x0008, 0x0008, 0x0008, 0x0008, 0x0008, 0x0008, 0x0008, 0x0008, 0x0008, 0x0008, 0x0008,
    0x0008, 0x0008, 0x0008, 0x0008, 0x0008, 0x0008, 0x0008, 0x0008, 0x0008, 0x0008, 0x0008, 0x0008,
    0x0008, 0x0008, 0x0008, 0x0008, 0x0008, 0x0008, 0x0008, 0x0008, 0x0008, 0x0008, 0x0008, 0x0008,
    0x0008, 0x0008, 0x0008, 0x0008, 0x0008, 0x0008, 0x0008, 0x0008, 0x0008, 0x0008, 0x0008, 0x0008,
    0x0008, 0x0008, 0x0008, 0x0008, 0x0008, 0x0008, 0x0008, 0x0008, 0x0008, 0x0008, 0x0008, 0x0008,
    0x0008, 0x0008, 0x0008, 0x0008, 0x0008, 0x0008, 0x0008, 0x0008, 0x0008, 0x0008, 0x0008, 0x0008,
    0x0008, 0x0008, 0x0008, 0x0008, 0x0008, 0x0008, 0x0008, 0x0008, 0x0008, 0x0008, 0x0008, 0x0008,
    0x0008, 0x0008, 0x0008, 0x0008, 0x0008, 0x0008, 0x0008, 0x0008, 0x0008, 0x0008, 0x0008, 0x0008,
    0x0008, 0x0008, 0x0008, 0x0008, 0x0008, 0x0008, 0x0008, 0x0008, 0x0008, 0x0008, 0x0008, 0x0008,
    0x0008, 0x0008, 0x0008, 0x0008, 0x0008, 0x0008, 0x0008, 0x0008, 0x0008, 0x0008, 0x0008, 0x0008,
    0x0008, 0x0008, 0x0008, 0x0008, 0x0008, 0x0008, 0x0008, 0x0008, 0x0008, 0x0008, 0x0008, 0x0008,
    0x0008, 0x0008, 0x0008, 0x0008, 0x0008, 0x0008, 0x0008, 0x0008, 0x0008, 0x0008, 0x0008, 0x0008,
    0x0008, 0x0008, 0x0008, 0x0008, 0x0008, 0x0008, 0x0008, 0x0008, 0x0008, 0x0008, 0x0008, 0x0008,
    0x0008, 0x0008, 0x0008, 0x0008, 0x0008, 0x0008, 0x0008, 0x0008, 0x0008, 0x0008, 0x0008, 0x0008,
    0x0008, 0x0008, 0x0008, 0x0008, 0x0008, 0x0008, 0x0008, 0x0008, 0x0008, 0x0008, 0x0008, 0x0008,
    0x0008, 0x0008, 0x0008, 0x0008, 0x0008, 0x0008, 0x0008, 0x0008, 0x0008, 0x0008, 0x0008, 0x0008,
    0x0008, 0x0008, 0x0008, 0x0008, 0x0008, 0x0008, 0x0008, 0x0008, 0x0008, 0x0008, 0x0008, 0x0008,
    0x0008, 0x0008, 0x0008, 0x0008, 0x0008, 0x0008, 0x0008, 0x0008, 0x0008, 0x0008, 0x0008, 0x0008,
    0x0008, 0x0008, 0x0008, 0x0008, 0x0008, 0x0008, 0x0008, 0x0008, 0x0008, 0x0008, 0x0008, 0x0008,
    0x0008, 0x0008, 0x0008, 0x0008, 0x0008, 0x0008, 0x0008, 0x0008, 0x0008, 0x0008, 0x0008, 0x0008,
    0x0008, 0x0008, 0x0008, 0x0008, 0x0008, 0x0008, 0x0008, 0x0008, 0x0008, 0x0008, 0x0008, 0x0008,
    0x0008, 0x0008, 0x0008, 0x0008, 0x0008, 0x0008, 0x0008, 0x0008, 0x0008, 0x0008, 0x0008, 0x0008,
    0x0008, 0x0008, 0x0008, 0x0008, 0x0008, 0x0008, 0x0008, 0x0008, 0x0008, 0x0008, 0x0008, 0x0008,
    0x0008, 0x0008, 0x0008, 0x0008, 0x0008, 0x0008, 0x0008, 0x0008, 0x0008, 0x0008, 0x0008, 0x0008,
    0x0008, 0x0008, 0x0008, 0x0008, 0x0008, 0x0008, 0x0008, 0x0008, 0x0008, 0x0008, 0x0008, 0x0008,
    0x0008, 0x0008, 0x0008, 0x0008, 0x0008, 0x0008, 0x0008, 0x0008, 0x0008, 0x0008, 0x0008, 0x0008,
    0x0008, 0x0008, 0x0008, 0x0008, 0x0008, 0x0008, 0x0008, 0x0008, 0x0008, 0x0008, 0x0008, 0x0008,
    0x0008, 0x0008, 0x0008, 0x0008, 0x0008, 0x0008, 0x0008, 0x0008, 0x0008, 0x0008, 0x0008, 0x0008,
    0x0008, 0x0008, 0x0008, 0x0008, 0x0008, 0x0008, 0x0008, 0x0008, 0x0008, 0x0008, 0x0008, 0x0008,
    0x0008, 0x0008, 0x0008, 0x0008, 0x0008, 0x0008, 0x0008, 0x0008, 0x0008, 0x0008, 0x0008, 0x0008,
    0x0008, 0x0008, 0x0008, 0x0008, 0x0008, 0x0008, 0x0008, 0x0008, 0x0008, 0x0008, 0x0008, 0x0008,
    0x0008, 0x0008, 0x0008, 0x0008, 0x0008, 0x0008, 0x0008, 0x0008, 0x0008, 0x0008, 0x0008, 0x0008,
    0x0008, 0x0008, 0x0008, 0x0008, 0x0008, 0x0008, 0x0008, 0x0008, 0x0008, 0x0008, 0x0008, 0x0008,
    0x0008, 0x0008, 0x0008, 0x0008, 0x0008, 0x0008, 0x0008, 0x0008, 0x0008, 0x0008, 0x0008, 0x0008,
    0x0008, 0x0008, 0x0008, 0x0008, 0x0008, 0x0008, 0x0008, 0x0008, 0x0008, 0x0008, 0x0008, 0x0008,
    0x0008, 0x0008, 0x0008, 0x0008, 0x0008, 0x0008, 0x0008, 0x0008, 0x0008, 0x0008, 0x0008, 0x0008,
    0x0008, 0x0008, 0x0008, 0x0008, 0x0008, 0x0008, 0x0008, 0x0008, 0x0008, 0x0008, 0x0008, 0x0008,
    0x0008, 0x0008, 0x0008, 0x0008, 0x0008, 0x0008, 0x0008, 0x0008, 0x0008, 0x0008, 0x0008, 0x0008,
    0x0008, 0x0008, 0x0008, 0x0008, 0x0008, 0x0008, 0x0008, 0x0008, 0x0008, 0x0008, 0x0008, 0x0008,
    0x0008, 0x0008, 0x0008, 0x0008, 0x0008, 0x0008, 0x0008, 0x0008, 0x0008, 0x0008, 0x0008, 0x0008,
    0x0008, 0x0008, 0x0008, 0x0008, 0x0008, 0x0008, 0x0008, 0x0008, 0x0008, 0x0008, 0x0008, 0x0008,
    0x0008, 0x0008, 0x0008, 0x0008, 0x0008, 0x0008, 0x0008, 0x0008, 0x0008, 0x0008, 0x0008, 0x0008,
    0x0008, 0x0008, 0x0008, 0x0008, 0x0008, 0x0008, 0x0008, 0x0008, 0x0008, 0x0008, 0x0008, 0x0008,
    0x0008, 0x0008, 0x0008, 0x0008, 0x0008, 0x0008, 0x0008, 0x0008, 0x0008, 0x0008, 0x0008, 0x0008,
    0x0008, 0x0008, 0x0008, 0x0008, 0x0008, 0x0008, 0x0008, 0x0008, 0x0008, 0x0008, 0x0008, 0x0008,
    0x0008, 0x0008, 0x0008, 0x0008, 0x0008, 0x0008, 0x0008, 0x0008, 0x0008, 0x0008, 0x0008, 0x0008,
    0x0008, 0x0008, 0x0008, 0x0008, 0x0008, 0x0008, 0x0008, 0x0008, 0x0008, 0x0008, 0x0008, 0x0008,
    0x0008, 0x0008, 0x0008, 0x0008, 0x0008, 0x0008, 0x0008, 0x0008, 0x0008, 0x0008, 0x0008, 0x0008,
    0x0008, 0x0008, 0x0008, 0x0008, 0x0008, 0x0008, 0x0008, 0x0008, 0x0008, 0x0008, 0x0008, 0x0008,
    0x0008, 0x0008, 0x0008, 0x0008, 0x0008, 0x0008, 0x0008, 0x0008, 0x0008, 0x0008, 0x0008, 0x0008,
    0x0008, 0x0008, 0x0008, 0x0008, 0x0008, 0x0008, 0x0008, 0x0008, 0x0008, 0x0008, 0x0008, 0x0008,
    0x0008, 0x0008, 0x0008, 0x0008, 0x0008, 0x0008, 0x0008, 0x0008, 0x0008, 0x0008, 0x0008, 0x0008,
    0x0008, 0x0008, 0x0008, 0x0008, 0x0008, 0x0008, 0x0008, 0x0008, 0x0008, 0x0008, 0x0008, 0x0008,
    0x0008, 0x0008, 0x0008, 0x0008, 0x0008, 0x0008, 0x0008, 0x0008, 0x0008, 0x0008, 0x0008, 0x0008,
    0x0008, 0x0008, 0x0008, 0x0008, 0x0008, 0x0008, 0x0008, 0x0008, 0x0008, 0x0008, 0x0008, 0x0008,
    0x0008, 0x0008, 0x0008, 0x0008, 0x0008, 0x0008, 0x0008, 0x0008, 0x0008, 0x0008, 0x0008, 0x0008,
    0x0008, 0x0008, 0x0008, 0x0008, 0x0008, 0x0008, 0x0008, 0x0008, 0x0008, 0x0008, 0x0008, 0x0008,
    0x0008, 0x0008, 0x0008, 0x0008, 0x0008, 0x0008, 0x0008, 0x0008, 0x0008, 0x0008, 0x0008, 0x0008,
    0x0008, 0x0008, 0x0008, 0x0008, 0x0008, 0x0008, 0x0008, 0x0008, 0x0008, 0x0008, 0x0008, 0x0008,
    0x0008, 0x0008, 0x0008, 0x0008, 0x0008, 0x0008, 0x0008, 0x0008, 0x0008, 0x0008, 0x0008, 0x0008,
    0x0008, 0x0008, 0x0008, 0x0008, 0x0008, 0x0008, 0x0008, 0x0008, 0x0008, 0x0008, 0x0008, 0x0008,
    0x0008, 0x0008, 0x0008, 0x0008, 0x0008, 0x0008, 0x0008, 0x0008, 0x0008, 0x0008, 0x0008, 0x0008,
    0x0008, 0x0008, 0x0008, 0x0008, 0x0008, 0x0008, 0x0008, 0x0008, 0x0008, 0x0008, 0x0008, 0x0008,
    0x0008, 0x0008, 0x0008, 0x0008, 0x0008, 0x0008, 0x0008, 0x0008, 0x0008, 0x0008, 0x0008, 0x0008,
    0x0008, 0x0008, 0x0008, 0x0008, 0x0008, 0x0008, 0x0008, 0x0008, 0x0008, 0x0008, 0x0008, 0x0008,
    0x0008, 0x0008, 0x0008, 0x0008, 0x0008, 0x0008, 0x0008, 0x0008, 0x0008, 0x0008, 0x0008, 0x0008,
    0x0008, 0x0008, 0x0008, 0x0008, 0x0008, 0x0008, 0x0008, 0x0008, 0x0008, 0x0008, 0x0008, 0x0008,
    0x0008, 0x0008, 0x0008, 0x0008, 0x0008, 0x0008, 0x0008, 0x0008, 0x0008, 0x0008, 0x0008, 0x0008,
    0x0008, 0x0008, 0x0008, 0x0008, 0x0008, 0x0008, 0x0008, 0x0008, 0x0008, 0x0008, 0x0008, 0x0008,
    0x0008, 0x0008, 0x0008, 0x0008, 0x0008, 0x0008, 0x0008, 0x0008, 0x0008, 0x0008, 0x0008, 0x0008,
    0x0008, 0x0008, 0x0008, 0x0008, 0x0008, 0x0008, 0x0008, 0x0008, 0x0008, 0x0008, 0x0008, 0x0008,
    0x0008, 0x0008, 0x0008, 0x0008, 0x0008, 0x0008, 0x0008, 0x0008, 0x0008, 0x0008, 0x0800, 0x0000,
    0x7C1F, 0x7FFF, 0x0000, 0x677E, 0x6B7E, 0x1443, 0x639F, 0x63BF, 0x679E, 0x34EA, 0x3E35, 0x3E36,
    0x3E57, 0x4699, 0x429A, 0x46FC, 0x42FD, 0x431F, 0x5255, 0x4A55, 0x4235, 0x5A54, 0x535E, 0x5B5E,
    0x571C, 0x52FA, 0x52B8, 0x4257, 0x1865, 0x7E50, 0x639E, 0x5B9F, 0x5B7F, 0x3AFF, 0x36BF, 0x3ADF,
    0x535F, 0x577F, 0x473F, 0x4F7F, 0x5FDF, 0x63DF, 0x57DF, 0x5FBF, 0x5F7E, 0x5F3E, 0x5B1E, 0x5B3E,
    0x3615, 0x3616, 0x3637, 0x3658, 0x3A7A, 0x369E, 0x4655, 0x4E56, 0x575F, 0x533D, 0x53BF, 0x3F1F,
    0x3EFF, 0x539F, 0x4F1D, 0x3E79, 0x3A9C, 0x4656, 0x4E97, 0x31F5, 0x575E, 0x631B, 0x67FF, 0x4EDD,
    0x365C, 0x39FA, 0x2DD5, 0x2D93, 0x31B4, 0x31F7, 0x35F9, 0x2D71, 0x31D6, 0x363B, 0x361A, 0x361B,
    0x4B1D, 0x4F5F, 0x4B3E, 0x46FD, 0x3E5B, 0x3ABD, 0x3A3A, 0x4ADA, 0x531C, 0x4B5F, 0x429C, 0x425C,
    0x471F, 0x3EDD, 0x4ABD, 0x5B1D, 0x56FC, 0x4236, 0x73DF, 0x56BB, 0x56DC, 0x4A99, 0x5F1C, 0x4E76,
    0x5ED8, 0x42DB, 0x5697, 0x429E, 0x6BBF, 0x4F3E, 0x5B3D, 0x39B5, 0x675E, 0x5F5E, 0x635E, 0x633E,
    0x633D, 0x7F5D, 0x69D7, 0x6E19, 0x765A, 0x675C, 0x7279, 0x61D3, 0x4A56, 0x76FB, 0x39B7, 0x76BA,
    0x6E38, 0x6E37, 0x5590, 0x54CD, 0x5D10, 0x452D, 0x4CCC, 0x40AA, 0x4550, 0x40CA, 0x39F8, 0x2866,
    0x3488, 0x3087, 0x2468, 0x6FBF, 0x3889, 0x369F, 0x4A58, 0x7FDF, 0x3551, 0x2D75, 0x4218, 0x2CAB,
    0x1C67, 0x73BF, 0x2044, 0x69B5, 0x6E98, 0x6172, 0x1C44, 0x733A, 0x5F3C, 0x45F2, 0x6676, 0x6EF9,
    0x6B7D, 0x6F9D, 0x77BD, 0x7BDE, 0x458F, 0x777C, 0x7BBE, 0x7B9D, 0x6AD7, 0x6234, 0x404A, 0x5657,
    0x1823, 0x4172, 0x51F1, 0x6596, 0x41D5, 0x6F5B, 0x6B3B, 0x39D6, 0x4E37, 0x737C, 0x76AF, 0x1844,
    0x00C0, 0x0000, 0x0000, 0x0000, 0x0000, 0x0000, 0x0000, 0x0000, 0x0000, 0x0000, 0x0000, 0x0000,
    0x0000, 0x0000, 0x0000, 0x0000, 0x0000, 0x0000, 0x0000, 0x0000, 0x0000, 0x0000, 0x0000, 0x0000,
    0x0000, 0x0000, 0x0000, 0x0000, 0x0000, 0x0000, 0x0000, 0x0000, 0x0000, 0x0000, 0x0201, 0x0303,
    0x0303, 0x0303, 0x0303, 0x0303, 0x0303, 0x0303, 0x0303, 0x0303, 0x0303, 0x0303, 0x0303, 0x0303,
    0x0303, 0x0303, 0x0303, 0x0303, 0x0303, 0x0303, 0x0303, 0x0303, 0x0303, 0x0303, 0x0303, 0x0303,
    0x0303, 0x0303, 0x0303, 0x0303, 0x0303, 0x0303, 0x0504, 0x0404, 0x0404, 0x0706, 0x0504, 0x0405,
    0x0A04, 0x0606, 0x0505, 0x0606, 0x050A, 0x0505, 0x0A05, 0x0505, 0x0505, 0x0405, 0x0505, 0x0505,
    0x0505, 0x0404, 0x0505, 0x0505, 0x0505, 0x0404, 0x0505, 0x0505, 0x0505, 0x0505, 0x0405, 0x0404,
    0x0505, 0x0505, 0x0606, 0x0606, 0x0707, 0x0706, 0x0406, 0x0606, 0x0604, 0x0706, 0x040A, 0x0405,
    0x0604, 0x0706, 0x0505, 0x0405, 0x0A04, 0x0606, 0x0405, 0x0505, 0x0505, 0x0505, 0x0405, 0x0504,
    0x0505, 0x0505, 0x0405, 0x0504, 0x0505, 0x0505, 0x0505, 0x0505, 0x0505, 0x0505, 0x0707, 0x0806,
    0x0606, 0x0707, 0x0707, 0x0806, 0x0607, 0x0807, 0x0707, 0x0706, 0x0607, 0x0706, 0x0606, 0x0704,
    0x0607, 0x0606, 0x0406, 0x0604, 0x0A0A, 0x0504, 0x0405, 0x0504, 0x0405, 0x0504, 0x0505, 0x0504,
    0x0405, 0x0504, 0x0505, 0x0505, 0x0505, 0x0505, 0x0707, 0x0907, 0x0609, 0x0707, 0x0607, 0x0709,
    0x0807, 0x0706, 0x0806, 0x0709, 0x0809, 0x0706, 0x0906, 0x0709, 0x0809, 0x0606, 0x0706, 0x0708,
    0x1408, 0x0606, 0x0607, 0x0707, 0x0707, 0x0706, 0x0707, 0x0807, 0x0608, 0x0707, 0x0707, 0x0806,
    0x0608, 0x0707, 0x0608, 0x0707, 0x0606, 0x0606, 0x0607, 0x0406, 0x0A06, 0x0A04, 0x0607, 0x0406,
    0x0504, 0x0505, 0x0A06, 0x040A, 0x0504, 0x0405, 0x0505, 0x0505, 0x0505, 0x0404, 0x0505, 0x0505,
    0x0505, 0x0404, 0x0505, 0x0505, 0x0505, 0x0505, 0x0405, 0x0404, 0x0505, 0x0505, 0x0607, 0x0405,
    0x0504, 0x0405, 0x0606, 0x040A, 0x0504, 0x0405, 0x0505, 0x0A04, 0x0A06, 0x0505, 0x0505, 0x0505,
    0x0505, 0x0505, 0x0405, 0x0505, 0x0505, 0x0505, 0x0405, 0x0504, 0x0505, 0x0505, 0x0405, 0x0504,
    0x0505, 0x0505, 0x0505, 0x0505, 0x0505, 0x0505, 0x050A, 0x0505, 0x0A0A, 0x0A0A, 0x0A0A, 0x0505,
    0x0A0A, 0x0A0A, 0x0A0A, 0x0A0A, 0x0A0A, 0x0B0A, 0x0A05, 0x0A0A, 0x0A05, 0x110B, 0x0A05, 0x0A0A,
    0x0A05, 0x110B, 0x0A0A, 0x0A0A, 0x0A0A, 0x110B, 0x0A0A, 0x0A05, 0x0A0A, 0x110B, 0x0A0A, 0x0505,
    0x0A0A, 0x0B0A, 0x0B0A, 0x0B0B, 0x0A0B, 0x0A0A, 0x110B, 0x1212, 0x1112, 0x0A0A, 0x1211, 0x1212,
    0x1212, 0x0A0B, 0x1212, 0x1212, 0x1212, 0x0A0B, 0x1212, 0x1212, 0x1112, 0x0A0B, 0x1212, 0x1212,
    0x0B11, 0x0A0B, 0x1211, 0x1112, 0x0B0B, 0x0A0B, 0x0B0B, 0x0B0B, 0x0B0B, 0x050B, 0x0A0A, 0x0B0A,
    0x0B0B, 0x0A0B, 0x0A0A, 0x120B, 0x1212, 0x0B11, 0x0B0A, 0x1212, 0x1212, 0x1112, 0x0B05, 0x1212,
    0x1212, 0x1212, 0x0B05, 0x1211, 0x1212, 0x1212, 0x0B05, 0x110B, 0x1212, 0x1212, 0x0B05, 0x0B0B,
    0x1211, 0x1112, 0x0B0A, 0x0B0B, 0x0B0B, 0x0B0B, 0x0C0C, 0x0C0C, 0x0C0C, 0x0C0C, 0x0C0C, 0x0C0C,
    0x0C0C, 0x0C0C, 0x0C0C, 0x0C0C, 0x0C0C, 0x0C0C, 0x0C0C, 0x0C0C, 0x0C0C, 0x0C0C, 0x0C0C, 0x0C0C,
    0x0C0C, 0x0C0C, 0x0C0C, 0x0C0C, 0x0C0C, 0x0C0C, 0x0C0C, 0x0C0C, 0x0C0C, 0x0C0C, 0x0C0C, 0x0C0C,
    0x0C0C, 0x0C0C, 0x0D00, 0x010E, 0x0101, 0x0101, 0x0D00, 0x010E, 0x0101, 0x0101, 0x0D00, 0x010E,
    0x0101, 0x0101, 0x0D00, 0x010E, 0x0101, 0x0101, 0x0D00, 0x010E, 0x0101, 0x0101, 0x0D00, 0x010E,
    0x0101, 0x0101, 0x0D00, 0x010E, 0x0101, 0x0101, 0x0D00, 0x010E, 0x0101, 0x0101, 0x0D00, 0x010E,
    0x0101, 0x0101, 0x0D00, 0x010E, 0x0101, 0x0101, 0x0000, 0x0E0D, 0x0101, 0x0101, 0x0000, 0x0E0D,
    0x0101, 0x0101, 0x0000, 0x0D00, 0x010E, 0x0101, 0x0000, 0x0000, 0x0E0D, 0x010E, 0x0000, 0x0000,
    0x0D00, 0x0E0D, 0x0000, 0x0000, 0x0000, 0x0D00, 0x0101, 0x0101, 0x0101, 0x0101, 0x0101, 0x0101,
    0x0101, 0x0101, 0x0101, 0x0101, 0x0101, 0x0101, 0x0101, 0x0101, 0x0101, 0x0101, 0x0101, 0x0101,
    0x0101, 0x0101, 0x0101, 0x0101, 0x0101, 0x0101, 0x0E0E, 0x0E0E, 0x0E0E, 0x0E0E, 0x0D0D, 0x0D0D,
    0x0D0D, 0x0D0D, 0x0D00, 0x010E, 0x0101, 0x0101, 0x0D00, 0x010E, 0x0101, 0x0101, 0x010E, 0x0101,
    0x0101, 0x0101, 0x0E0D, 0x0101, 0x0101, 0x0101, 0x0D00, 0x010E, 0x0101, 0x0101, 0x0D00, 0x010E,
    0x0101, 0x0101, 0x0D00, 0x010E, 0x0101, 0x0101, 0x0D00, 0x010E, 0x0101, 0x0101, 0x0F0F, 0x0F0F,
    0x0F0F, 0x0F0F, 0x0F0F, 0x130F, 0x0F0F, 0x0F0F, 0x0F0F, 0x130F, 0x130F, 0x0F13, 0x130F, 0x0F0F,
    0x130F, 0x0F0F, 0x130F, 0x0F13, 0x0F0F, 0x0F0F, 0x130F, 0x0F13, 0x130F, 0x1313, 0x0F0F, 0x0F0F,
    0x1313, 0x0F13, 0x0F0F, 0x0F0F, 0x0F0F, 0x0F0F, 0x0F0F, 0x0F0F, 0x0F0F, 0x0F0F, 0x0F0F, 0x0F0F,
    0x0F13, 0x0F0F, 0x0F0F, 0x0F0F, 0x0F13, 0x0F0F, 0x130F, 0x0F13, 0x0F13, 0x0F13, 0x0F0F, 0x0F13,
    0x0F13, 0x0F13, 0x0F0F, 0x0F0F, 0x0F13, 0x0F0F, 0x0F0F, 0x0F0F, 0x0F0F, 0x0F0F, 0x0F0F, 0x0F0F,
    0x0F0F, 0x0F0F, 0x1010, 0x1010, 0x1010, 0x1010, 0x1010, 0x1010, 0x1010, 0x1010, 0x1010, 0x1010,
    0x1010, 0x1010, 0x1010, 0x1010, 0x1010, 0x1010, 0x1010, 0x1010, 0x1010, 0x1010, 0x1010, 0x1010,
    0x1010, 0x1010, 0x1010, 0x1010, 0x1010, 0x1010, 0x1010, 0x1010, 0x1010, 0x1010, 0x0B0B, 0x1111,
    0x0B11, 0x000B, 0x120B, 0x1212, 0x1112, 0x0B11, 0x120B, 0x1212, 0x1212, 0x0B11, 0x0B0A, 0x1212,
    0x1212, 0x0B0B, 0x0A0A, 0x0B0B, 0x0B0B, 0x0B0A, 0x050A, 0x0A05, 0x0A0A, 0x0A0A, 0x0A0A, 0x0A0A,
    0x0A0A, 0x0A0A, 0x0A0A, 0x0A0A, 0x0A05, 0x050A, 0x0004, 0x0B0B, 0x0B0B, 0x0B0B, 0x0B04, 0x1211,
    0x1212, 0x1212, 0x110B, 0x1212, 0x1212, 0x1212, 0x1211, 0x1212, 0x1212, 0x1212, 0x1211, 0x1212,
    0x1212, 0x1212, 0x110B, 0x1212, 0x1212, 0x0512, 0x0B05, 0x1205, 0x1205, 0x0505, 0x0A05, 0x1105,
    0x0505, 0x0505, 0x0B0B, 0x0000, 0x0000, 0x0000, 0x1112, 0x0B0B, 0x0400, 0x0500, 0x0B12, 0x1111,
    0x040B, 0x0500, 0x1112, 0x1212, 0x0B11, 0x050B, 0x1112, 0x1212, 0x1212, 0x0B11, 0x120B, 0x1205,
    0x1212, 0x1112, 0x0511, 0x1205, 0x0512, 0x1212, 0x0512, 0x0505, 0x0505, 0x1112, 0x0000, 0x0000,
    0x0B0B, 0x000B, 0x000B, 0x0B00, 0x1211, 0x0B11, 0x0B04, 0x110B, 0x1212, 0x1112, 0x0A04, 0x110B,
    0x1212, 0x1212, 0x0A0A, 0x110B, 0x0512, 0x0512, 0x0A0B, 0x0B0A, 0x0511, 0x0511, 0x0A0B, 0x050A,
    0x0505, 0x050B, 0x0A0B, 0x0505, 0x0A05, 0x0A0A, 0x0B00, 0x0B00, 0x040B, 0x000B, 0x040B, 0x040B,
    0x040B, 0x0B04, 0x040B, 0x0404, 0x040B, 0x0B04, 0x040B, 0x0504, 0x0A0A, 0x0B0A, 0x0A0B, 0x0505,
    0x0A0A, 0x0B0A, 0x050A, 0x0A05, 0x0A0A, 0x0A0A, 0x0A0A, 0x0A0A, 0x0A0A, 0x0A0A, 0x0A0A, 0x0A0A,
    0x0A05, 0x050A, 0x0A0A, 0x050A, 0x0A05, 0x050A, 0x0A0A, 0x0505, 0x0A05, 0x050A, 0x0A0A, 0x0505,
    0x0A0A, 0x0A0A, 0x0A0A, 0x0A0A, 0x0A0A, 0x0A0A, 0x050A, 0x0A0A, 0x0A0A, 0x0B0B, 0x050A, 0x0A05,
    0x0B0A, 0x1212, 0x050A, 0x0A05, 0x120B, 0x1212, 0x0B0A, 0x0B0B, 0x120B, 0x1212, 0x0A05, 0x0505,
    0x0505, 0x0A0A, 0x0A05, 0x050A, 0x0A05, 0x0A0A, 0x0A0A, 0x0A0A, 0x0A0A, 0x0B0B, 0x0A0A, 0x0A05,
    0x0B0A, 0x1111, 0x0B0B, 0x0B0B, 0x110B, 0x1212, 0x1212, 0x0B11, 0x1211, 0x1212, 0x1212, 0x1511,
    0x1211, 0x1212, 0x1212, 0x150B, 0x1211, 0x1212, 0x0A0A, 0x050A, 0x0A05, 0x050A, 0x0A0A, 0x0505,
    0x0A05, 0x050A, 0x0B0B, 0x0B0B, 0x0B0B, 0x0A0B, 0x1111, 0x110B, 0x1111, 0x0B11, 0x1212, 0x120B,
    0x1212, 0x1112, 0x1212, 0x120B, 0x1212, 0x1212, 0x1212, 0x1211, 0x1212, 0x1212, 0x1112, 0x1212,
    0x1212, 0x1212, 0x0A05, 0x0505, 0x0B05, 0x0B0B, 0x0A05, 0x050A, 0x110B, 0x1212, 0x0B0B, 0x0B0B,
    0x1211, 0x1212, 0x1111, 0x0B11, 0x1212, 0x1212, 0x110B, 0x0B11, 0x1211, 0x1212, 0x0B11, 0x020B,
    0x1115, 0x1212, 0x0B11, 0x0B0B, 0x1515, 0x0B0B, 0x0B11, 0x0B0B, 0x1515, 0x0B0B, 0x0B0B, 0x0B0B,
    0x0A05, 0x050A, 0x1212, 0x1211, 0x0A0B, 0x050A, 0x1212, 0x1212, 0x0B11, 0x0A0A, 0x1212, 0x1212,
    0x1112, 0x0A0B, 0x1212, 0x1212, 0x1112, 0x0B0B, 0x1212, 0x1212, 0x0B11, 0x1211, 0x1211, 0x1112,
    0x110B, 0x1212, 0x0B0B, 0x0B0B, 0x0B0B, 0x1212, 0x0A05, 0x0505, 0x0B05, 0x110B, 0x0A05, 0x050A,
    0x110B, 0x1211, 0x0A0A, 0x0A0A, 0x120B, 0x1212, 0x0A0A, 0x0B0A, 0x1211, 0x1212, 0x0A0A, 0x0B0A,
    0x1211, 0x1212, 0x0A0A, 0x0A0A, 0x110B, 0x1212, 0x0A0A, 0x0A0A, 0x0B0A, 0x1111, 0x050A, 0x0505,
    0x0A0A, 0x0B0B, 0x1111, 0x1111, 0x0B0B, 0x0515, 0x1212, 0x1212, 0x0B12, 0x050A, 0x1212, 0x1212,
    0x1212, 0x0A0B, 0x1212, 0x1212, 0x1212, 0x0A0B, 0x1212, 0x1212, 0x1112, 0x0A0B, 0x1112, 0x1111,
    0x0B11, 0x0A0B, 0x1111, 0x0B0B, 0x150B, 0x0A0B, 0x0B0B, 0x1515, 0x1515, 0x0A0A, 0x150A, 0x0B0B,
    0x1111, 0x1111, 0x0A0A, 0x120B, 0x1212, 0x1212, 0x0B0A, 0x1212, 0x1212, 0x1212, 0x0B0A, 0x1212,
    0x1212, 0x1212, 0x0B0A, 0x1211, 0x1212, 0x1212, 0x0B05, 0x110B, 0x1111, 0x1211, 0x0B0A, 0x0B15,
    0x0B0B, 0x1111, 0x0A0A, 0x1515, 0x1515, 0x0B0B, 0x0504, 0x0404, 0x0404, 0x0505, 0x0504, 0x0405,
    0x0504, 0x0505, 0x0505, 0x0505, 0x0505, 0x0505, 0x0505, 0x0505, 0x0505, 0x0405, 0x0505, 0x0505,
    0x0505, 0x0404, 0x0505, 0x0505, 0x0505, 0x0404, 0x0505, 0x0505, 0x0505, 0x0505, 0x0405, 0x0404,
    0x0505, 0x0505, 0x0505, 0x0405, 0x0504, 0x0405, 0x0505, 0x0404, 0x0504, 0x0405, 0x0505, 0x0404,
    0x0505, 0x0505, 0x0505, 0x0505, 0x0505, 0x0505, 0x0405, 0x0505, 0x0505, 0x0505, 0x0405, 0x0504,
    0x0505, 0x0505, 0x0A05, 0x0707, 0x0A07, 0x0505, 0x070A, 0x0407, 0x0707, 0x0506, 0x0504, 0x0404,
    0x0404, 0x0505, 0x0504, 0x0405, 0x0504, 0x0505, 0x0505, 0x0505, 0x0505, 0x0505, 0x0505, 0x0606,
    0x0507, 0x0405, 0x0705, 0x0607, 0x0704, 0x0404, 0x0505, 0x0505, 0x0A04, 0x0607, 0x0505, 0x0505,
    0x0505, 0x0505, 0x0405, 0x0404, 0x0505, 0x0505, 0x0505, 0x0405, 0x0504, 0x0405, 0x0505, 0x0404,
    0x0504, 0x0405, 0x0505, 0x0404, 0x0505, 0x0505, 0x0505, 0x0505, 0x0505, 0x0505, 0x0405, 0x0505,
    0x0505, 0x0505, 0x0706, 0x0504, 0x0505, 0x0505, 0x0405, 0x070A, 0x0704, 0x0505, 0x0505, 0x0505,
    0x0504, 0x0505, 0x0000, 0x0B0B, 0x0B0B, 0x0000, 0x0B00, 0x1211, 0x1212, 0x000B, 0x110B, 0x1212,
    0x1212, 0x0B12, 0x1211, 0x1212, 0x1212, 0x1212, 0x1211, 0x1212, 0x1212, 0x1212, 0x110B, 0x1212,
    0x1212, 0x0512, 0x0B0B, 0x1205, 0x1205, 0x0505, 0x0B0B, 0x1105, 0x0505, 0x0505, 0x0000, 0x0000,
    0x0000, 0x0000, 0x0000, 0x0B0B, 0x0000, 0x0000, 0x0B00, 0x1111, 0x000B, 0x0000, 0x110B, 0x1212,
    0x0B11, 0x000B, 0x1112, 0x1212, 0x1212, 0x0B11, 0x120B, 0x1205, 0x1212, 0x1112, 0x0511, 0x1205,
    0x0512, 0x1212, 0x0512, 0x0505, 0x0505, 0x1112, 0x0505, 0x0A05, 0x050A, 0x0505, 0x0A0A, 0x0A0A,
    0x0A0A, 0x0B05, 0x0A0A, 0x0A0A, 0x0A0A, 0x0A0A, 0x0A0A, 0x0A0A, 0x0A0A, 0x0B0A, 0x0A0A, 0x0A0A,
    0x0B0A, 0x120B, 0x0A0A, 0x0A0A, 0x120B, 0x1212, 0x0A05, 0x0B0A, 0x1211, 0x1212, 0x0A05, 0x110B,
    0x1211, 0x1212, 0x110B, 0x1111, 0x0B0B, 0x0B0B, 0x1211, 0x1212, 0x0B12, 0x1212, 0x120B, 0x1212,
    0x0B0B, 0x1212, 0x0B0B, 0x0B0B, 0x0B0B, 0x0B11, 0x1212, 0x1212, 0x1212, 0x0B0B, 0x1212, 0x1212,
    0x1212, 0x0B12, 0x1212, 0x1212, 0x1212, 0x0B12, 0x1212, 0x1212, 0x1212, 0x0B12, 0x0B0B, 0x1515,
    0x1211, 0x1212, 0x1511, 0x1515, 0x1115, 0x1212, 0x1511, 0x1515, 0x0B15, 0x1211, 0x110B, 0x1111,
    0x0B15, 0x110B, 0x110B, 0x1212, 0x1512, 0x0B0B, 0x0B15, 0x1212, 0x1112, 0x0B15, 0x1515, 0x1111,
    0x0B11, 0x150B, 0x1502, 0x0B0B, 0x0B0B, 0x150B, 0x1112, 0x1212, 0x1212, 0x1212, 0x1112, 0x1212,
    0x1212, 0x1212, 0x1212, 0x1211, 0x1212, 0x0B0B, 0x1111, 0x110B, 0x0B11, 0x0B0B, 0x0B0B, 0x0B0B,
    0x0B0B, 0x0B0B, 0x0B0B, 0x0B0B, 0x0B15, 0x0B0B, 0x0B0B, 0x0B0B, 0x0B15, 0x150B, 0x0B0B, 0x0B0B,
    0x1502, 0x1515, 0x0B11, 0x0B0B, 0x1515, 0x0B0B, 0x0B0B, 0x0B0B, 0x1515, 0x0B0B, 0x0B0B, 0x0B0B,
    0x0515, 0x0B0B, 0x0B0B, 0x0B0B, 0x1502, 0x1211, 0x0B0B, 0x0B0B, 0x0B15, 0x1212, 0x0B0B, 0x150B,
    0x0B15, 0x1211, 0x1515, 0x1515, 0x1502, 0x0B0B, 0x1515, 0x1515, 0x1502, 0x0B15, 0x1515, 0x1515,
    0x1115, 0x1211, 0x0B0B, 0x0B0B, 0x150B, 0x1111, 0x1211, 0x1212, 0x0B11, 0x1115, 0x1212, 0x1212,
    0x0B12, 0x1511, 0x1212, 0x1212, 0x0B11, 0x0B11, 0x1212, 0x1112, 0x0B0B, 0x1111, 0x0B0B, 0x0B0B,
    0x0B0B, 0x1111, 0x0B0B, 0x0B0B, 0x0B0B, 0x1111, 0x1212, 0x0B0B, 0x1111, 0x0B11, 0x1111, 0x120B,
    0x1212, 0x1112, 0x0B11, 0x0B0B, 0x1212, 0x0B12, 0x0B0B, 0x0B0B, 0x0B0B, 0x0B0B, 0x0B0B, 0x1212,
    0x1212, 0x1212, 0x120B, 0x1212, 0x1212, 0x1212, 0x120B, 0x1212, 0x1212, 0x1212, 0x120B, 0x1212,
    0x1212, 0x1212, 0x1616, 0x1616, 0x1616, 0x1616, 0x1616, 0x1616, 0x1616, 0x1616, 0x1616, 0x1717,
    0x1617, 0x1616, 0x1716, 0x1717, 0x1717, 0x1616, 0x1816, 0x1717, 0x1717, 0x1118, 0x1116, 0x1818,
    0x1818, 0x1811, 0x1616, 0x1103, 0x0311, 0x1811, 0x1616, 0x1616, 0x1616, 0x0316, 0x1616, 0x1616,
    0x1616, 0x1616, 0x1616, 0x1616, 0x1616, 0x1616, 0x1811, 0x1618, 0x1619, 0x1616, 0x1616, 0x1616,
    0x1616, 0x1616, 0x1718, 0x1717, 0x1417, 0x1616, 0x1717, 0x1717, 0x1418, 0x1616, 0x1818, 0x1818,
    0x1919, 0x1616, 0x1111, 0x0303, 0x1616, 0x1616, 0x1616, 0x1616, 0x1616, 0x1616, 0x1616, 0x1616,
    0x1616, 0x1616, 0x1616, 0x1916, 0x1619, 0x1616, 0x0607, 0x1A16, 0x161A, 0x1616, 0x1A16, 0x0706,
    0x0606, 0x1907, 0x1616, 0x1A16, 0x0607, 0x0706, 0x1616, 0x1616, 0x1616, 0x1A16, 0x1616, 0x1616,
    0x1616, 0x1616, 0x1616, 0x1616, 0x1616, 0x1616, 0x1616, 0x1616, 0x1616, 0x0716, 0x1616, 0x1616,
    0x1619, 0x0716, 0x1616, 0x1616, 0x1616, 0x0607, 0x1619, 0x1416, 0x1414, 0x1A06, 0x1619, 0x1416,
    0x1414, 0x1A06, 0x161A, 0x1916, 0x1919, 0x1606, 0x1616, 0x1616, 0x0607, 0x0606, 0x1616, 0x1616,
    0x1616, 0x1616, 0x1616, 0x1616, 0x1616, 0x1616, 0x1616, 0x1916, 0x1619, 0x1616, 0x1616, 0x1A16,
    0x161A, 0x1616, 0x1616, 0x1616, 0x1616, 0x1916, 0x1616, 0x1616, 0x0716, 0x0606, 0x0607, 0x0606,
    0x1A07, 0x1A1A, 0x0706, 0x1A1A, 0x161A, 0x1616, 0x1616, 0x1616, 0x1616, 0x1616, 0x1616, 0x1616,
    0x1616, 0x1616, 0x1616, 0x1616, 0x1619, 0x1616, 0x1616, 0x1616, 0x1616, 0x1616, 0x1619, 0x1416,
    0x1414, 0x1616, 0x1607, 0x1416, 0x1414, 0x1616, 0x071A, 0x0606, 0x1907, 0x1616, 0x1A16, 0x1A1A,
    0x071A, 0x1607, 0x0404, 0x0504, 0x0405, 0x0607, 0x0505, 0x0505, 0x0706, 0x0406, 0x0505, 0x0605,
    0x0A0A, 0x040A, 0x0705, 0x050A, 0x0505, 0x0405, 0x0505, 0x0505, 0x0505, 0x0505, 0x0505, 0x0505,
    0x0504, 0x0504, 0x0504, 0x0405, 0x0504, 0x0404, 0x0504, 0x0404, 0x0504, 0x0505, 0x0706, 0x0406,
    0x0706, 0x050A, 0x0606, 0x050A, 0x0505, 0x0505, 0x0505, 0x0505, 0x0505, 0x0505, 0x0505, 0x0405,
    0x0505, 0x0505, 0x0505, 0x0404, 0x0505, 0x0505, 0x0405, 0x0504, 0x0505, 0x0505, 0x0505, 0x0505,
    0x0505, 0x0505, 0x0505, 0x0505, 0x0504, 0x0405, 0x0404, 0x0704, 0x0407, 0x0404, 0x0505, 0x0605,
    0x0707, 0x0404, 0x0405, 0x0505, 0x0406, 0x0507, 0x0505, 0x0504, 0x0405, 0x0706, 0x0505, 0x0505,
    0x0505, 0x0A05, 0x0505, 0x0505, 0x0504, 0x0504, 0x0504, 0x0405, 0x0504, 0x0404, 0x0504, 0x0404,
    0x0504, 0x0505, 0x0505, 0x0505, 0x0505, 0x0505, 0x0504, 0x0505, 0x0505, 0x0505, 0x0505, 0x0505,
    0x0505, 0x0505, 0x0505, 0x0405, 0x0505, 0x0505, 0x0507, 0x0404, 0x0505, 0x0505, 0x060A, 0x0504,
    0x0505, 0x0505, 0x0505, 0x050A, 0x0505, 0x0505, 0x0505, 0x0505, 0x0504, 0x0405, 0x0B15, 0x0B0B,
    0x1111, 0x0B11, 0x150A, 0x120B, 0x1212, 0x1112, 0x050A, 0x0B0B, 0x1212, 0x0B12, 0x0505, 0x0B0B,
    0x0B0B, 0x0B0B, 0x0B0A, 0x1212, 0x1212, 0x1212, 0x120B, 0x1212, 0x1212, 0x1212, 0x120B, 0x1212,
    0x1212, 0x1212, 0x120B, 0x1212, 0x1212, 0x1212, 0x110B, 0x1111, 0x0B0B, 0x0B0B, 0x1211, 0x1212,
    0x0B12, 0x1212, 0x120B, 0x1212, 0x0B0B, 0x1205, 0x0B0B, 0x0B0B, 0x0B0B, 0x0B05, 0x1212, 0x1212,
    0x1212, 0x0B0B, 0x1212, 0x1212, 0x1212, 0x0B12, 0x1212, 0x1212, 0x1212, 0x0B12, 0x1212, 0x1212,
    0x1212, 0x0B12, 0x0A05, 0x110B, 0x1211, 0x1212, 0x0A05, 0x110B, 0x1211, 0x1212, 0x0A0A, 0x0B0A,
    0x1211, 0x1212, 0x0A0A, 0x0B0A, 0x1104, 0x1212, 0x0A0A, 0x0A0A, 0x1504, 0x1111, 0x0A0A, 0x0A0A,
    0x0A0A, 0x0415, 0x0A0A, 0x0A0A, 0x0A0A, 0x050A, 0x050A, 0x0505, 0x0A0A, 0x0A0A, 0x1212, 0x1212,
    0x1212, 0x0B11, 0x1212, 0x1212, 0x1112, 0x0B0B, 0x1212, 0x1212, 0x0B11, 0x0B0B, 0x1112, 0x1111,
    0x0B0B, 0x0B0B, 0x0B04, 0x0B0B, 0x0B0B, 0x0B0B, 0x1504, 0x0B0B, 0x0B0B, 0x150B, 0x1505, 0x0B15,
    0x0B05, 0x0A15, 0x150A, 0x0515, 0x1505, 0x0A0A, 0x1502, 0x0B0B, 0x0B0B, 0x150B, 0x1502, 0x0B0B,
    0x0B0B, 0x150B, 0x1502, 0x0B0B, 0x0B0B, 0x150B, 0x150B, 0x0B0B, 0x0B0B, 0x150B, 0x1515, 0x1515,
    0x1515, 0x1515, 0x0A0A, 0x0A0A, 0x0A0A, 0x0505, 0x0A0A, 0x0A0A, 0x0A0A, 0x0A0A, 0x050A, 0x0505,
    0x0A0A, 0x0A0A, 0x0B0B, 0x0B0B, 0x1502, 0x0202, 0x0B0B, 0x0B0B, 0x0A02, 0x050A, 0x0B0B, 0x150B,
    0x0A0A, 0x0A0A, 0x1515, 0x0A15, 0x0A0A, 0x0A0A, 0x1515, 0x0A0A, 0x0A0A, 0x0A0A, 0x050A, 0x0A05,
    0x0A0A, 0x0A0A, 0x050A, 0x0A05, 0x0A0A, 0x0A0A, 0x0A0A, 0x0A0A, 0x0A0A, 0x0A0A, 0x0202, 0x0202,
    0x1502, 0x0B15, 0x0202, 0x0202, 0x1502, 0x0B15, 0x0A0A, 0x0A0A, 0x0A0A, 0x0B15, 0x0A0A, 0x0A0A,
    0x0A0A, 0x150A, 0x0A0A, 0x0A0A, 0x0A0A, 0x0505, 0x0A0A, 0x0A0A, 0x0A0A, 0x0505, 0x0A0A, 0x0A0A,
    0x0A0A, 0x0A0A, 0x050A, 0x0505, 0x0A0A, 0x0A0A, 0x0B0B, 0x0B0B, 0x0B0B, 0x1111, 0x0B0B, 0x0B0B,
    0x0B0B, 0x0B11, 0x0B0B, 0x0B0B, 0x0B0B, 0x0B0B, 0x0B0B, 0x0B0B, 0x0B0B, 0x150B, 0x0B15, 0x0B0B,
    0x0B0B, 0x0A15, 0x050A, 0x0A05, 0x0A0A, 0x0A0A, 0x050A, 0x0A05, 0x0A0A, 0x0A0A, 0x0A0A, 0x0A0A,
    0x0A0A, 0x0A0A, 0x110B, 0x1212, 0x1212, 0x1212, 0x0B0B, 0x1211, 0x1212, 0x1212, 0x0B0B, 0x110B,
    0x1212, 0x1212, 0x0B0B, 0x0B0B, 0x1111, 0x1211, 0x0B15, 0x0B0B, 0x0B0B, 0x040B, 0x1505, 0x0B0B,
    0x0B0B, 0x0415, 0x0A0A, 0x0515, 0x150B, 0x0515, 0x0A0A, 0x050A, 0x1505, 0x0A15, 0x1616, 0x1616,
    0x1819, 0x1717, 0x1616, 0x1616, 0x1819, 0x1717, 0x1416, 0x1414, 0x111A, 0x1818, 0x1416, 0x1114,
    0x0318, 0x1111, 0x1916, 0x1919, 0x1616, 0x1616, 0x1616, 0x1616, 0x1616, 0x1616, 0x1616, 0x1916,
    0x1919, 0x1616, 0x1616, 0x1A16, 0x1A1A, 0x1616, 0x1617, 0x1616, 0x1616, 0x1616, 0x1817, 0x1616,
    0x1616, 0x1616, 0x1718, 0x1916, 0x1919, 0x1616, 0x1611, 0x1916, 0x1919, 0x1616, 0x1616, 0x1A16,
    0x1A1A, 0x1616, 0x1616, 0x1616, 0x1616, 0x1616, 0x1616, 0x1616, 0x1616, 0x1616, 0x1616, 0x1616,
    0x1616, 0x1616, 0x1616, 0x1616, 0x1919, 0x1619, 0x1616, 0x0616, 0x0606, 0x0606, 0x1416, 0x0707,
    0x0706, 0x0707, 0x1416, 0x0707, 0x0607, 0x0606, 0x1916, 0x0707, 0x0607, 0x0607, 0x1616, 0x0716,
    0x0606, 0x0706, 0x1616, 0x1916, 0x1919, 0x1616, 0x1616, 0x1A16, 0x1A1A, 0x1616, 0x1616, 0x0607,
    0x0606, 0x0606, 0x0606, 0x0606, 0x0706, 0x1A1A, 0x0706, 0x0606, 0x1A07, 0x1616, 0x0606, 0x0706,
    0x1919, 0x1616, 0x0606, 0x1A07, 0x1A1A, 0x1616, 0x1A1A, 0x1616, 0x1616, 0x1616, 0x1616, 0x1616,
    0x1616, 0x1616, 0x1616, 0x1616, 0x1616, 0x1616, 0x1A1A, 0x1616, 0x1919, 0x1619, 0x0716, 0x0707,
    0x191A, 0x1619, 0x1416, 0x1414, 0x071A, 0x161A, 0x1416, 0x1414, 0x1616, 0x071A, 0x1916, 0x1919,
    0x1616, 0x1616, 0x1616, 0x1616, 0x1616, 0x1616, 0x1616, 0x1916, 0x1919, 0x1616, 0x1616, 0x1A16,
    0x1A1A, 0x1616, 0x1616, 0x1616, 0x1A16, 0x161A, 0x1616, 0x1616, 0x1616, 0x1616, 0x0716, 0x1916,
    0x1919, 0x1616, 0x161A, 0x1916, 0x1919, 0x1616, 0x1616, 0x1A16, 0x1A1A, 0x1616, 0x1616, 0x1616,
    0x1616, 0x1616, 0x1616, 0x1616, 0x1616, 0x1616, 0x1616, 0x1616, 0x1616, 0x1616, 0x0000, 0x0000,
    0x0000, 0x0000, 0x0000, 0x0000, 0x0000, 0x0000, 0x0000, 0x0000, 0x0000, 0x0B0B, 0x0000, 0x0000,
    0x0B00, 0x1111, 0x0B0B, 0x0B0B, 0x110B, 0x1212, 0x1212, 0x0B11, 0x1211, 0x1212, 0x1212, 0x1511,
    0x1211, 0x1212, 0x1212, 0x150B, 0x1211, 0x1212, 0x0000, 0x0000, 0x0000, 0x0000, 0x0000, 0x0000,
    0x0000, 0x0000, 0x0B0B, 0x0B0B, 0x0B0B, 0x000B, 0x1111, 0x110B, 0x1111, 0x0B11, 0x1212, 0x120B,
    0x1212, 0x1112, 0x1212, 0x120B, 0x1212, 0x1212, 0x1212, 0x1211, 0x1212, 0x1212, 0x1112, 0x1212,
    0x1212, 0x1212, 0x0000, 0x0000, 0x0B00, 0x0B0B, 0x0000, 0x0000, 0x110B, 0x1212, 0x0B0B, 0x0B0B,
    0x1211, 0x1212, 0x1111, 0x0B11, 0x1212, 0x1212, 0x110B, 0x0B11, 0x1211, 0x1212, 0x0B11, 0x020B,
    0x1115, 0x1212, 0x0B11, 0x0B0B, 0x1515, 0x0B0B, 0x0B11, 0x0B0B, 0x1515, 0x0B0B, 0x0B0B, 0x0B0B,
    0x0000, 0x0000, 0x1212, 0x1211, 0x000B, 0x0000, 0x1212, 0x1212, 0x0B11, 0x0000, 0x1212, 0x1212,
    0x1112, 0x000B, 0x1212, 0x1212, 0x1112, 0x0B0B, 0x1212, 0x1212, 0x0B11, 0x1211, 0x1211, 0x1112,
    0x110B, 0x1212, 0x0B0B, 0x0B0B, 0x0B0B, 0x1212, 0x110B, 0x1212, 0x1212, 0x1212, 0x0B0B, 0x1211,
    0x1212, 0x1212, 0x0B0B, 0x110B, 0x1212, 0x1212, 0x0B0B, 0x0B0B, 0x1111, 0x1211, 0x0B15, 0x0B0B,
    0x0B0B, 0x040B, 0x1511, 0x0B0B, 0x0B0B, 0x0415, 0x110A, 0x0515, 0x150B, 0x0515, 0x050A, 0x0511,
    0x1505, 0x0A15, 0x1212, 0x1212, 0x1212, 0x0B11, 0x1212, 0x1212, 0x1112, 0x0B0B, 0x1212, 0x1212,
    0x0B11, 0x0B0B, 0x1112, 0x1111, 0x0B0B, 0x0B0B, 0x0B04, 0x0B0B, 0x0B0B, 0x0B0B, 0x1504, 0x0B0B,
    0x0B0B, 0x150B, 0x1505, 0x0B15, 0x0B05, 0x1115, 0x150A, 0x0515, 0x1505, 0x0A11, 0x0C0C, 0x0C0C,
    0x0C0C, 0x0C0C, 0x0C0C, 0x0C04, 0x0C0C, 0x1304, 0x040C, 0x0613, 0x0606, 0x0613, 0x1304, 0x0606,
    0x0404, 0x1C04, 0x0613, 0x130C, 0x0404, 0x0404, 0x0C0C, 0x1304, 0x0406, 0x0404, 0x040C, 0x0613,
    0x0606, 0x0404, 0x1304, 0x0C06, 0x0604, 0x0407, 0x0303, 0x0303, 0x0303, 0x0303, 0x0303, 0x0303,
    0x0303, 0x0303, 0x0303, 0x0303, 0x0303, 0x161A, 0x0303, 0x0303, 0x0303, 0x1616, 0x0303, 0x1A1A,
    0x1A1A, 0x1603, 0x1A03, 0x1616, 0x1616, 0x1A16, 0x0303, 0x161A, 0x1616, 0x1616, 0x0303, 0x0303,
    0x1A03, 0x1616, 0x0303, 0x0303, 0x0303, 0x0303, 0x0303, 0x0303, 0x0303, 0x0303, 0x1416, 0x0314,
    0x0303, 0x0303, 0x1416, 0x1414, 0x0303, 0x1A1A, 0x1916, 0x1919, 0x1616, 0x1616, 0x1616, 0x1616,
    0x1616, 0x1616, 0x1616, 0x1916, 0x1919, 0x1616, 0x1616, 0x1A16, 0x1A1A, 0x1616, 0x0613, 0x0606,
    0x0C06, 0x040C, 0x0606, 0x040C, 0x0C06, 0x1304, 0x0C06, 0x040C, 0x0406, 0x0613, 0x0C0C, 0x1304,
    0x0606, 0x0406, 0x1306, 0x0606, 0x061C, 0x0404, 0x1C03, 0x1C06, 0x0603, 0x0404, 0x0303, 0x0303,
    0x0603, 0x0404, 0x0303, 0x0303, 0x1C03, 0x1C04, 0x0406, 0x0C0C, 0x0C13, 0x130C, 0x1306, 0x0C04,
    0x0406, 0x040C, 0x0606, 0x0413, 0x0606, 0x1313, 0x0604, 0x0606, 0x0606, 0x0606, 0x0604, 0x0404,
    0x0606, 0x1C1C, 0x1C04, 0x0406, 0x1C04, 0x0303, 0x031C, 0x1C03, 0x031C, 0x0303, 0x0303, 0x0303,
    0x0303, 0x0303, 0x0C0C, 0x0C0C, 0x0C06, 0x0C0C, 0x0413, 0x0C0C, 0x0406, 0x0C0C, 0x1306, 0x0606,
    0x1306, 0x0C04, 0x041C, 0x0404, 0x0606, 0x0413, 0x0404, 0x0404, 0x0C13, 0x1306, 0x0404, 0x0604,
    0x0413, 0x0C0C, 0x0404, 0x0606, 0x1306, 0x0C04, 0x0704, 0x0406, 0x060C, 0x0413, 0x0C0C, 0x0C0C,
    0x0C0C, 0x0C0C, 0x0C0C, 0x0C0C, 0x0C0C, 0x0C0C, 0x0C0C, 0x0C0C, 0x0C0C, 0x0C0C, 0x0C0C, 0x0C0C,
    0x0C0C, 0x040C, 0x040C, 0x0C0C, 0x0C0C, 0x0C04, 0x040C, 0x0C04, 0x0C0C, 0x0504, 0x040C, 0x0404,
    0x0C0C, 0x0504, 0x040C, 0x0404, 0x0505, 0x0404, 0x0C0C, 0x0C0C, 0x0C0C, 0x0C0C, 0x0C0C, 0x0C0C,
    0x0C0C, 0x0C0C, 0x0C0C, 0x0C0C, 0x0C0C, 0x0C0C, 0x0C0C, 0x0C0C, 0x0C0C, 0x0C0C, 0x0C0C, 0x040C,
    0x0C0C, 0x0C0C, 0x0405, 0x0C04, 0x0C04, 0x0C0C, 0x0504, 0x0404, 0x0405, 0x0C0C, 0x0404, 0x0404,
    0x0404, 0x0404, 0x0C0C, 0x0C0C, 0x0C0C, 0x0C0C, 0x0C0C, 0x0C0C, 0x0C0C, 0x0C0C, 0x0C0C, 0x0C0C,
    0x040C, 0x0C0C, 0x0C0C, 0x0C0C, 0x0C04, 0x0C0C, 0x0C0C, 0x0C0C, 0x0C04, 0x040C, 0x0C0C, 0x0C0C,
    0x0404, 0x0404, 0x0C0C, 0x0C0C, 0x0404, 0x0404, 0x0C0C, 0x0C0C, 0x040C, 0x0404, 0x0C0C, 0x0C0C,
    0x0C0C, 0x0C0C, 0x0C0C, 0x0C0C, 0x0C0C, 0x0C0C, 0x0C0C, 0x0C0C, 0x0C0C, 0x0C0C, 0x0C0C, 0x040C,
    0x0C0C, 0x0C0C, 0x0C0C, 0x040C, 0x0C04, 0x0C0C, 0x0404, 0x0404, 0x0404, 0x0C0C, 0x0404, 0x0404,
    0x0404, 0x0404, 0x0404, 0x0404, 0x0404, 0x0404, 0x0C0C, 0x0C0C, 0x0C0C, 0x0C0C, 0x040C, 0x0C0C,
    0x0C0C, 0x0C0C, 0x0C0C, 0x0C0C, 0x040C, 0x0C04, 0x040C, 0x040C, 0x0404, 0x0C04, 0x0404, 0x040C,
    0x0404, 0x0404, 0x0404, 0x0404, 0x0404, 0x0404, 0x0404, 0x0404, 0x0404, 0x0404, 0x0404, 0x0504,
    0x0504, 0x0404, 0x0C0C, 0x0C0C, 0x0C0C, 0x0C0C, 0x0C0C, 0x0C0C, 0x0C0C, 0x0C0C, 0x0C0C, 0x0C0C,
    0x0C0C, 0x0C0C, 0x0C0C, 0x0C0C, 0x0C0C, 0x0C0C, 0x0404, 0x0C0C, 0x0C0C, 0x0C0C, 0x0404, 0x0C04,
    0x0C0C, 0x0C0C, 0x0404, 0x0404, 0x0C0C, 0x0C0C, 0x0404, 0x0404, 0x0C0C, 0x0C0C, 0x0505, 0x0505,
    0x0505, 0x0505, 0x0505, 0x050A, 0x0505, 0x130A, 0x0A05, 0x0613, 0x0606, 0x0613, 0x130A, 0x0606,
    0x0A0A, 0x1C0A, 0x0613, 0x1305, 0x0A0A, 0x0A0A, 0x0505, 0x130A, 0x0A06, 0x0A0A, 0x0A05, 0x0613,
    0x0606, 0x0A0A, 0x130A, 0x0506, 0x060A, 0x0A07, 0x0613, 0x0606, 0x0506, 0x0A05, 0x0606, 0x0A05,
    0x0506, 0x130A, 0x0506, 0x0A05, 0x0A06, 0x0613, 0x0505, 0x130A, 0x0606, 0x0A06, 0x1306, 0x0606,
    0x061C, 0x0A0A, 0x1C03, 0x1C06, 0x0603, 0x0A0A, 0x0303, 0x0303, 0x0603, 0x0A0A, 0x0303, 0x0303,
    0x1C03, 0x1C0A, 0x0A06, 0x0505, 0x0513, 0x1305, 0x1306, 0x050A, 0x0A06, 0x0A05, 0x0606, 0x0A13,
    0x0606, 0x1313, 0x060A, 0x0606, 0x0606, 0x0606, 0x060A, 0x0A0A, 0x0606, 0x1C1C, 0x1C0A, 0x0A06,
    0x1C0A, 0x0303, 0x031C, 0x1C03, 0x031C, 0x0303, 0x0303, 0x0303, 0x0303, 0x0303, 0x0505, 0x0505,
    0x0506, 0x0505, 0x0A13, 0x0505, 0x0A06, 0x0505, 0x1306, 0x0606, 0x1306, 0x050A, 0x0A1C, 0x0A0A,
    0x0606, 0x0A13, 0x0A0A, 0x0A0A, 0x0513, 0x1306, 0x0A0A, 0x060A, 0x0A13, 0x0505, 0x0A0A, 0x0606,
    0x1306, 0x050A, 0x070A, 0x0A06, 0x0605, 0x0A13, 0x0504, 0x0404, 0x0404, 0x0505, 0x0504, 0x0405,
    0x0504, 0x0505, 0x0505, 0x0505, 0x0505, 0x0505, 0x0505, 0x0505, 0x0505, 0x0505, 0x0505, 0x0505,
    0x0A05, 0x0505, 0x0505, 0x0505, 0x0A0A, 0x0505, 0x0505, 0x0A05, 0x0A0A, 0x0A0A, 0x0405, 0x0404,
    0x0A0A, 0x0A0A, 0x0505, 0x0405, 0x0504, 0x0405, 0x0505, 0x0404, 0x0504, 0x0405, 0x0505, 0x0404,
    0x0505, 0x0505, 0x0505, 0x0505, 0x0505, 0x0505, 0x0405, 0x0505, 0x0A05, 0x0505, 0x040A, 0x0A04,
    0x0A05, 0x0505, 0x040A, 0x0A04, 0x0A0A, 0x0505, 0x0A0A, 0x0A0A, 0x0A0A, 0x050A, 0x0504, 0x0404,
    0x0404, 0x0505, 0x0504, 0x0405, 0x0504, 0x0505, 0x0505, 0x0505, 0x0505, 0x0505, 0x0505, 0x0505,
    0x0505, 0x0405, 0x0505, 0x0505, 0x0505, 0x0404, 0x0505, 0x050A, 0x0505, 0x0404, 0x0A05, 0x0A0A,
    0x0505, 0x0505, 0x050A, 0x0505, 0x0505, 0x0505, 0x0404, 0x0404, 0x0404, 0x0404, 0x0505, 0x0405,
    0x0404, 0x0404, 0x0405, 0x0405, 0x0404, 0x0C04, 0x0405, 0x0404, 0x0C04, 0x0C04, 0x0404, 0x0404,
    0x040C, 0x0C04, 0x0404, 0x0C0C, 0x0C0C, 0x0C0C, 0x0404, 0x0C04, 0x0C0C, 0x0C0C, 0x0405, 0x0404,
    0x0C0C, 0x0C0C, 0x0404, 0x0404, 0x0404, 0x0404, 0x0404, 0x0404, 0x0C04, 0x0404, 0x0404, 0x0404,
    0x0C0C, 0x0404, 0x040C, 0x0404, 0x0C04, 0x0404, 0x040C, 0x0404, 0x0404, 0x0404, 0x0C0C, 0x0C04,
    0x0404, 0x0404, 0x040C, 0x0C0C, 0x0404, 0x0404, 0x0C0C, 0x0C0C, 0x0404, 0x0404, 0x0404, 0x0404,
    0x0404, 0x0405, 0x0404, 0x0404, 0x0404, 0x0505, 0x0404, 0x0405, 0x0505, 0x1B05, 0x0504, 0x0505,
    0x0A1B, 0x1B0A, 0x0404, 0x1D05, 0x1B1D, 0x1B1D, 0x0404, 0x0A05, 0x1D1D, 0x1B1D, 0x0404, 0x1D1B,
    0x1D0A, 0x1D1D, 0x0405, 0x1B0A, 0x1B1D, 0x1B1B, 0x0404, 0x0504, 0x0404, 0x0404, 0x0404, 0x0405,
    0x0404, 0x0404, 0x0505, 0x0405, 0x0404, 0x0504, 0x051B, 0x0505, 0x0404, 0x1B05, 0x1B1B, 0x1D0A,
    0x0505, 0x1B0A, 0x1B1B, 0x0A1D, 0x0A05, 0x1B1D, 0x1D1D, 0x1D1D, 0x1D0A, 0x1D1D, 0x1D1B, 0x1D1D,
    0x1D1D, 0x1B1B, 0x0404, 0x0404, 0x0405, 0x0404, 0x0405, 0x1B04, 0x0405, 0x0404, 0x051B, 0x0A1B,
    0x0505, 0x0404, 0x0A1B, 0x0A0A, 0x0505, 0x0404, 0x1D1B, 0x1D1D, 0x051D, 0x0405, 0x1D1D, 0x1D1D,
    0x050A, 0x0505, 0x1D1D, 0x0A1D, 0x0A0A, 0x0404, 0x1D1B, 0x1B1D, 0x1B1B, 0x041B, 0x0505, 0x0B05,
    0x0B0B, 0x0A0B, 0x0A0A, 0x1211, 0x1212, 0x0B11, 0x0B0A, 0x1212, 0x1212, 0x1112, 0x0B0A, 0x1212,
    0x1212, 0x1212, 0x0B0A, 0x1211, 0x1212, 0x1212, 0x0B0A, 0x110B, 0x1212, 0x1212, 0x0B05, 0x0B0B,
    0x1211, 0x1112, 0x0B05, 0x0B0B, 0x0B0B, 0x0B0B, 0x0613, 0x040C, 0x0613, 0x0306, 0x0C0C, 0x1313,
    0x0606, 0x0706, 0x0C04, 0x130C, 0x0604, 0x0706, 0x0413, 0x060C, 0x0413, 0x0307, 0x1313, 0x0604,
    0x0606, 0x0303, 0x0606, 0x0606, 0x0307, 0x0303, 0x0406, 0x0706, 0x0303, 0x0303, 0x1304, 0x0606,
    0x0706, 0x0303, 0x0303, 0x0303, 0x161A, 0x1616, 0x0303, 0x1A03, 0x1616, 0x1616, 0x0303, 0x1A03,
    0x1619, 0x1616, 0x0303, 0x1A03, 0x1616, 0x1616, 0x0303, 0x0303, 0x141A, 0x1616, 0x0303, 0x0303,
    0x1A03, 0x1616, 0x0303, 0x0303, 0x0303, 0x161A, 0x0303, 0x161A, 0x1616, 0x1616, 0x1616, 0x1616,
    0x1616, 0x1616, 0x1616, 0x1616, 0x1616, 0x1616, 0x1616, 0x1916, 0x1619, 0x1616, 0x1616, 0x1A16,
    0x161A, 0x1616, 0x1616, 0x1616, 0x1616, 0x1916, 0x1616, 0x1616, 0x1616, 0x1916, 0x1616, 0x1616,
    0x1616, 0x1A16, 0x1616, 0x1616, 0x1616, 0x1616, 0x0303, 0x0303, 0x0303, 0x0303, 0x0303, 0x0303,
    0x1A1A, 0x031A, 0x0303, 0x1A03, 0x1919, 0x1A16, 0x031A, 0x1A03, 0x1919, 0x1616, 0x1A16, 0x1A03,
    0x1A1A, 0x1616, 0x1616, 0x161A, 0x1616, 0x1616, 0x1616, 0x1616, 0x1616, 0x1616, 0x1616, 0x1616,
    0x1616, 0x1616, 0x0303, 0x0303, 0x0303, 0x0303, 0x0303, 0x1A03, 0x1A1A, 0x0303, 0x0303, 0x1A03,
    0x1A1A, 0x0303, 0x0303, 0x0303, 0x0303, 0x0303, 0x0303, 0x0303, 0x0303, 0x0303, 0x1616, 0x031A,
    0x1A03, 0x031A, 0x1616, 0x1A16, 0x1A03, 0x031A, 0x1616, 0x1A16, 0x0303, 0x0303, 0x0603, 0x1306,
    0x0C04, 0x1306, 0x0603, 0x0606, 0x1313, 0x0C0C, 0x0603, 0x0406, 0x0C13, 0x040C, 0x0703, 0x1304,
    0x0C06, 0x1304, 0x0303, 0x0606, 0x0406, 0x1313, 0x0303, 0x0703, 0x0606, 0x0606, 0x0303, 0x0303,
    0x0607, 0x0604, 0x0303, 0x0607, 0x0606, 0x0413, 0x0C0C, 0x040C, 0x0504, 0x0404, 0x0C0C, 0x0C0C,
    0x0404, 0x0C04, 0x0C0C, 0x0C0C, 0x0404, 0x0C0C, 0x0C0C, 0x0C0C, 0x0C04, 0x0C0C, 0x0C0C, 0x0C0C,
    0x0C04, 0x0C0C, 0x0C0C, 0x0C0C, 0x0C0C, 0x0C0C, 0x0C0C, 0x0C0C, 0x0C0C, 0x0C0C, 0x0C0C, 0x0C0C,
    0x0C0C, 0x0C0C, 0x0404, 0x0404, 0x0404, 0x0C04, 0x0404, 0x0404, 0x0404, 0x0C04, 0x0404, 0x0C04,
    0x0404, 0x0C04, 0x0C04, 0x0404, 0x040C, 0x0C0C, 0x0C04, 0x0404, 0x0C04, 0x0C0C, 0x0C0C, 0x0C0C,
    0x0C0C, 0x0C0C, 0x0C0C, 0x0C0C, 0x0C0C, 0x0C0C, 0x0C0C, 0x0C0C, 0x0C0C, 0x0C0C, 0x0C0C, 0x0C0C,
    0x0C0C, 0x0404, 0x0C0C, 0x0C0C, 0x0C0C, 0x0404, 0x0C0C, 0x040C, 0x0C0C, 0x0404, 0x0C0C, 0x040C,
    0x0C04, 0x0505, 0x0C0C, 0x040C, 0x0404, 0x0405, 0x0C0C, 0x0C04, 0x0404, 0x0405, 0x040C, 0x0C0C,
    0x0404, 0x0405, 0x0C0C, 0x0C0C, 0x0404, 0x0404, 0x0505, 0x0405, 0x0504, 0x0405, 0x0505, 0x0404,
    0x0504, 0x0405, 0x0505, 0x0404, 0x0505, 0x0505, 0x0505, 0x0505, 0x0505, 0x0505, 0x0405, 0x0505,
    0x0505, 0x0505, 0x0405, 0x0504, 0x0505, 0x0505, 0x0405, 0x0504, 0x0505, 0x0505, 0x0505, 0x0505,
    0x0505, 0x0505, 0x0404, 0x0404, 0x0C0C, 0x0C0C, 0x0505, 0x0405, 0x0C0C, 0x0C0C, 0x0405, 0x0405,
    0x0C0C, 0x0C0C, 0x0405, 0x0404, 0x0C0C, 0x0C0C, 0x0404, 0x0404, 0x0C0C, 0x0C0C, 0x0404, 0x0C0C,
    0x0C0C, 0x0C0C, 0x0404, 0x0C04, 0x0C0C, 0x0C0C, 0x0405, 0x0404, 0x0C0C, 0x0C0C, 0x0613, 0x0A05,
    0x0613, 0x0306, 0x0505, 0x1313, 0x0606, 0x0706, 0x050A, 0x1305, 0x060A, 0x0706, 0x0A13, 0x0605,
    0x0A13, 0x0307, 0x1313, 0x060A, 0x0606, 0x0303, 0x0606, 0x0606, 0x0307, 0x0303, 0x0A06, 0x0706,
    0x0303, 0x0303, 0x130A, 0x0606, 0x0706, 0x0303, 0x0A05, 0x0505, 0x0505, 0x0A0A, 0x0A05, 0x050A,
    0x0A05, 0x0A0A, 0x0A0A, 0x0A0A, 0x0A0A, 0x0A0A, 0x0A0A, 0x0A0A, 0x0A0A, 0x050A, 0x0A0A, 0x0A0A,
    0x0A0A, 0x0505, 0x0A0A, 0x0A0A, 0x0A0A, 0x0505, 0x0A0A, 0x0A0A, 0x0A0A, 0x0A0A, 0x050A, 0x0505,
    0x0A0A, 0x0A0A, 0x0A0A, 0x050A, 0x0A05, 0x050A, 0x0A0A, 0x0505, 0x0A05, 0x050A, 0x0A0A, 0x0505,
    0x0A0A, 0x0A0A, 0x0A0A, 0x0A0A, 0x0A0A, 0x0A0A, 0x050A, 0x0A0A, 0x0A0A, 0x0A0A, 0x050A, 0x0A05,
    0x0A0A, 0x0A0A, 0x050A, 0x0A05, 0x0A0A, 0x0A0A, 0x0A0A, 0x0A0A, 0x0A0A, 0x0A0A, 0x0603, 0x1306,
    0x050A, 0x1306, 0x0603, 0x0606, 0x1313, 0x0505, 0x0603, 0x0A06, 0x0513, 0x0A05, 0x0703, 0x130A,
    0x0506, 0x130A, 0x0303, 0x0606, 0x0A06, 0x1313, 0x0303, 0x0703, 0x0606, 0x0606, 0x0303, 0x0303,
    0x0607, 0x060A, 0x0303, 0x0607, 0x0606, 0x0A13, 0x0404, 0x0504, 0x0505, 0x0505, 0x0505, 0x0505,
    0x0A05, 0x0505, 0x0505, 0x0505, 0x0A0A, 0x0A0A, 0x0505, 0x0A05, 0x0A0A, 0x0A0A, 0x0505, 0x0A05,
    0x0A0A, 0x0A0A, 0x0505, 0x0A05, 0x0A04, 0x0A05, 0x0504, 0x040A, 0x0A04, 0x0505, 0x0504, 0x0404,
    0x0A04, 0x0A0A, 0x0A0A, 0x0A0A, 0x0A0A, 0x0A0A, 0x0A05, 0x0A0A, 0x0A0A, 0x0A0A, 0x0A0A, 0x0A0A,
    0x0A0A, 0x0A0A, 0x0A0A, 0x050A, 0x0A0A, 0x0A0A, 0x0A0A, 0x0505, 0x0A0A, 0x0A0A, 0x050A, 0x0A05,
    0x0A0A, 0x0A0A, 0x0A0A, 0x0A0A, 0x0A0A, 0x0A0A, 0x0A0A, 0x0A0A, 0x0A05, 0x050A, 0x0505, 0x0A05,
    0x0405, 0x0404, 0x0A0A, 0x0A0A, 0x0505, 0x0404, 0x0A0A, 0x050A, 0x0505, 0x0505, 0x0A0A, 0x0505,
    0x0505, 0x0505, 0x050A, 0x0505, 0x0A0A, 0x0505, 0x0A0A, 0x0505, 0x0A05, 0x0504, 0x0A04, 0x050A,
    0x0A05, 0x0404, 0x0A04, 0x0505, 0x0A05, 0x0505, 0x0504, 0x0404, 0x0C0C, 0x0C0C, 0x0404, 0x0404,
    0x0C0C, 0x0C0C, 0x0C04, 0x0C0C, 0x0C0C, 0x0C0C, 0x0404, 0x040C, 0x0C0C, 0x0C0C, 0x0405, 0x0404,
    0x0C04, 0x0C0C, 0x0405, 0x0404, 0x0404, 0x0C0C, 0x0505, 0x0404, 0x0404, 0x0404, 0x0505, 0x0404,
    0x0404, 0x0404, 0x0C0C, 0x0C0C, 0x0C04, 0x0404, 0x040C, 0x0C0C, 0x0C04, 0x0404, 0x0C0C, 0x0C0C,
    0x040C, 0x0404, 0x040C, 0x040C, 0x0404, 0x0404, 0x0404, 0x040C, 0x0404, 0x0404, 0x0404, 0x0404,
    0x0404, 0x0405, 0x0404, 0x0404, 0x0504, 0x0404, 0x0404, 0x0504, 0x0404, 0x0404, 0x0404, 0x0A05,
    0x1D1D, 0x1B1B, 0x0505, 0x0505, 0x1D1D, 0x1B1D, 0x0504, 0x0505, 0x1D0A, 0x1B1D, 0x0404, 0x1B04,
    0x1B1B, 0x1D1D, 0x0404, 0x0A04, 0x1B1B, 0x1D1D, 0x0404, 0x0504, 0x1B0A, 0x1D1D, 0x0504, 0x0505,
    0x1D1D, 0x1D1D, 0x0504, 0x1D05, 0x1D1D, 0x1B1D, 0x1B1B, 0x1D1D, 0x1D1D, 0x1B1B, 0x1B1B, 0x1D1B,
    0x1D1D, 0x1B1D, 0x1B1B, 0x1D1B, 0x1B1B, 0x1D1B, 0x1D1D, 0x1D1D, 0x1B1B, 0x1D1D, 0x1D1D, 0x1D1D,
    0x1D1D, 0x1D1D, 0x1B1D, 0x1B1D, 0x1D1B, 0x1B1D, 0x1B1B, 0x1B1D, 0x1B1B, 0x1B1D, 0x1B1B, 0x1D1D,
    0x1B1B, 0x1B1D, 0x1D1B, 0x1B1B, 0x1B1B, 0x0404, 0x1D1D, 0x1D1D, 0x1D1D, 0x0404, 0x1D1D, 0x1D1D,
    0x0A1D, 0x0404, 0x1D1D, 0x1D1D, 0x050A, 0x0405, 0x1D1D, 0x0A1D, 0x0505, 0x0505, 0x1D1D, 0x1B1B,
    0x1D1D, 0x0404, 0x1D1B, 0x1D1D, 0x0A1D, 0x0404, 0x1D1B, 0x1D1D, 0x1D0A, 0x0404, 0x1505, 0x0B0B,
    0x1111, 0x1111, 0x0A05, 0x120B, 0x1212, 0x1212, 0x0B0A, 0x1212, 0x1212, 0x1212, 0x0B0A, 0x1212,
    0x1212, 0x1212, 0x0B0A, 0x1211, 0x1212, 0x1212, 0x0B0A, 0x110B, 0x1212, 0x1212, 0x0B0A, 0x0B0B,
    0x1111, 0x1111, 0x150A, 0x0B0B, 0x0B0B, 0x0B0B, 0x0613, 0x0606, 0x0706, 0x0303, 0x0C0C, 0x0604,
    0x0307, 0x0303, 0x040C, 0x0613, 0x0606, 0x0707, 0x1304, 0x0606, 0x0707, 0x0303, 0x0C13, 0x040C,
    0x0307, 0x0303, 0x0C0C, 0x1304, 0x0606, 0x0307, 0x040C, 0x0613, 0x0606, 0x0706, 0x1304, 0x0C06,
    0x0604, 0x0307, 0x1A03, 0x1616, 0x1616, 0x1616, 0x1A03, 0x1616, 0x1616, 0x1616, 0x0303, 0x191A,
    0x1919, 0x1616, 0x0303, 0x0303, 0x191A, 0x1616, 0x0303, 0x1A03, 0x1A1A, 0x1616, 0x0303, 0x1A03,
    0x1616, 0x1616, 0x0303, 0x1A03, 0x1616, 0x1616, 0x0303, 0x0303, 0x1A03, 0x1616, 0x1616, 0x1616,
    0x1919, 0x1619, 0x1616, 0x1616, 0x1919, 0x1619, 0x1416, 0x1414, 0x1A1A, 0x161A, 0x1416, 0x1414,
    0x1616, 0x1616, 0x1916, 0x1919, 0x1616, 0x1616, 0x1616, 0x1616, 0x1616, 0x1616, 0x1616, 0x1916,
    0x1919, 0x1616, 0x1616, 0x1A16, 0x1A1A, 0x1616, 0x1616, 0x1616, 0x1616, 0x1616, 0x1616, 0x1616,
    0x1616, 0x1616, 0x1616, 0x1616, 0x1619, 0x1616, 0x1616, 0x1616, 0x1616, 0x1616, 0x1619, 0x1416,
    0x1414, 0x1616, 0x1619, 0x1416, 0x1414, 0x1616, 0x161A, 0x1916, 0x1919, 0x1616, 0x1616, 0x1616,
    0x1616, 0x1616, 0x1616, 0x1616, 0x0303, 0x0303, 0x1616, 0x1616, 0x0303, 0x0303, 0x1616, 0x1916,
    0x0303, 0x0303, 0x1616, 0x0316, 0x031A, 0x0303, 0x1616, 0x161A, 0x1A16, 0x0303, 0x1616, 0x1616,
    0x1616, 0x0303, 0x1616, 0x1616, 0x1616, 0x031A, 0x1616, 0x1616, 0x1616, 0x0316, 0x0303, 0x0607,
    0x0606, 0x1306, 0x0303, 0x0703, 0x0406, 0x0C0C, 0x0303, 0x0607, 0x1306, 0x0C04, 0x0303, 0x0703,
    0x0606, 0x0413, 0x0303, 0x0703, 0x0C04, 0x130C, 0x0703, 0x0606, 0x0413, 0x0C0C, 0x0603, 0x0606,
    0x1306, 0x0C04, 0x0703, 0x0406, 0x060C, 0x0413, 0x0C0C, 0x0C0C, 0x0C0C, 0x0C0C, 0x0C0C, 0x0C0C,
    0x0C0C, 0x0C04, 0x0C0C, 0x0C0C, 0x0C0C, 0x0C0C, 0x0C0C, 0x0C04, 0x0C0C, 0x0C0C, 0x0C0C, 0x040C,
    0x050C, 0x0505, 0x0C0C, 0x040C, 0x0405, 0x0404, 0x040C, 0x040C, 0x0404, 0x0404, 0x040C, 0x0404,
    0x0504, 0x0405, 0x0C0C, 0x0C04, 0x0C0C, 0x0C0C, 0x0C0C, 0x0C04, 0x0404, 0x0C0C, 0x0C0C, 0x0C0C,
    0x0C04, 0x0C0C, 0x0C04, 0x0C0C, 0x0C0C, 0x0C0C, 0x040C, 0x0C0C, 0x0C0C, 0x0C0C, 0x0404, 0x0C05,
    0x0C0C, 0x0C04, 0x0404, 0x0C04, 0x0C0C, 0x0C04, 0x0404, 0x0504, 0x050C, 0x0C04, 0x0C0C, 0x0C0C,
    0x0C04, 0x0404, 0x0C0C, 0x0C0C, 0x0C04, 0x0404, 0x0C0C, 0x0C0C, 0x0C0C, 0x0404, 0x0C0C, 0x0C0C,
    0x0C0C, 0x0404, 0x0C0C, 0x0C0C, 0x040C, 0x0504, 0x0C0C, 0x0C0C, 0x040C, 0x0405, 0x0C0C, 0x0C0C,
    0x050C, 0x0404, 0x0C0C, 0x0C0C, 0x040C, 0x0404, 0x0404, 0x0504, 0x0405, 0x0404, 0x0505, 0x0505,
    0x0505, 0x0404, 0x0505, 0x0505, 0x0505, 0x0505, 0x0505, 0x0505, 0x0505, 0x0505, 0x0505, 0x0505,
    0x0505, 0x0505, 0x0505, 0x0505, 0x0504, 0x0504, 0x0504, 0x0405, 0x0504, 0x0404, 0x0504, 0x0404,
    0x0504, 0x0505, 0x0505, 0x0505, 0x0505, 0x0505, 0x0504, 0x0505, 0x0505, 0x0505, 0x0505, 0x0505,
    0x0505, 0x0505, 0x0505, 0x0405, 0x0505, 0x0505, 0x0505, 0x0404, 0x0505, 0x0505, 0x0405, 0x0504,
    0x0505, 0x0505, 0x0505, 0x0505, 0x0505, 0x0505, 0x0505, 0x0505, 0x0504, 0x0405, 0x0504, 0x0404,
    0x0C0C, 0x0C0C, 0x0404, 0x0404, 0x0C0C, 0x0C0C, 0x0C04, 0x0C0C, 0x0C0C, 0x0C0C, 0x0404, 0x0C0C,
    0x0C0C, 0x0C0C, 0x0405, 0x0C04, 0x0C0C, 0x0C0C, 0x0405, 0x0404, 0x0C0C, 0x0C0C, 0x0505, 0x0404,
    0x0C0C, 0x0C0C, 0x0505, 0x0404, 0x0C0C, 0x0C0C, 0x0613, 0x0606, 0x0706, 0x0303, 0x0505, 0x060A,
    0x0307, 0x0303, 0x0A05, 0x0613, 0x0606, 0x0707, 0x130A, 0x0606, 0x0707, 0x0303, 0x0513, 0x0A05,
    0x0307, 0x0303, 0x0505, 0x130A, 0x0606, 0x0307, 0x0A05, 0x0613, 0x0606, 0x0706, 0x130A, 0x0506,
    0x060A, 0x0307, 0x0505, 0x0A05, 0x050A, 0x0505, 0x0A0A, 0x0A0A, 0x0A0A, 0x0505, 0x0A0A, 0x0A0A,
    0x0A0A, 0x0A0A, 0x0A0A, 0x0A0A, 0x0A0A, 0x0A0A, 0x0A0A, 0x0A0A, 0x0A0A, 0x0A0A, 0x0A0A, 0x0A0A,
    0x0A05, 0x0A05, 0x0A05, 0x050A, 0x0A05, 0x0505, 0x0A05, 0x0505, 0x0A05, 0x0A0A, 0x0303, 0x0607,
    0x0606, 0x1306, 0x0303, 0x0703, 0x0A06, 0x0505, 0x0303, 0x0607, 0x1306, 0x050A, 0x0303, 0x0703,
    0x0606, 0x0A13, 0x0303, 0x0703, 0x050A, 0x1305, 0x0703, 0x0606, 0x0A13, 0x0505, 0x0603, 0x0606,
    0x1306, 0x050A, 0x0703, 0x0A06, 0x0605, 0x0A13, 0x0504, 0x0404, 0x0504, 0x0A0A, 0x0504, 0x0405,
    0x0A04, 0x0505, 0x0505, 0x0505, 0x0505, 0x0A05, 0x0505, 0x0505, 0x0505, 0x040A, 0x0505, 0x0505,
    0x0505, 0x0404, 0x0505, 0x0505, 0x0505, 0x0404, 0x0505, 0x0505, 0x0505, 0x0505, 0x0405, 0x0404,
    0x0505, 0x0505, 0x0A0A, 0x050A, 0x0A05, 0x040A, 0x0A0A, 0x0505, 0x0A05, 0x040A, 0x050A, 0x0505,
    0x0505, 0x050A, 0x0505, 0x0505, 0x0505, 0x0505, 0x0405, 0x0505, 0x0505, 0x050A, 0x0405, 0x0504,
    0x0505, 0x0505, 0x0405, 0x0504, 0x0505, 0x0505, 0x0505, 0x0505, 0x0505, 0x0505, 0x0A04, 0x0505,
    0x0505, 0x0505, 0x0A04, 0x050A, 0x0505, 0x0505, 0x0A05, 0x050A, 0x0505, 0x0505, 0x0505, 0x0505,
    0x0505, 0x0405, 0x0505, 0x0505, 0x0505, 0x0404, 0x0505, 0x0505, 0x0505, 0x0404, 0x0505, 0x0505,
    0x0505, 0x0505, 0x0405, 0x0404, 0x0505, 0x0505, 0x0505, 0x1D0A, 0x1D1D, 0x1B1B, 0x0505, 0x1B1B,
    0x1B1B, 0x1D1D, 0x0505, 0x1B1B, 0x1D1B, 0x1B1B, 0x0405, 0x1B1B, 0x1D0A, 0x1B1D, 0x0504, 0x0A1B,
    0x1D0A, 0x0A1D, 0x0404, 0x0505, 0x0A0A, 0x0A1D, 0x0404, 0x0504, 0x0A04, 0x0505, 0x0404, 0x0405,
    0x0404, 0x0505, 0x1B1B, 0x1D1D, 0x1B1D, 0x1D1D, 0x1D1D, 0x1B1D, 0x1D1D, 0x1D1D, 0x1B1B, 0x1B1D,
    0x1D1D, 0x1B1B, 0x1B1B, 0x0A1D, 0x1D1D, 0x1B1D, 0x1B1B, 0x0A0A, 0x1D1D, 0x040A, 0x1B0A, 0x050A,
    0x0A1D, 0x0505, 0x0A05, 0x0505, 0x050A, 0x0404, 0x0504, 0x0404, 0x0405, 0x0404, 0x1D1B, 0x1B1B,
    0x1B1B, 0x0404, 0x1D1D, 0x1B1B, 0x041B, 0x0404, 0x1B1B, 0x1D1D, 0x050A, 0x0404, 0x1B1B, 0x1D1D,
    0x051D, 0x0505, 0x1B1B, 0x1D0A, 0x1D1D, 0x0404, 0x1B0A, 0x0A0A, 0x0505, 0x0404, 0x0505, 0x050A,
    0x0505, 0x0404, 0x0404, 0x0404, 0x0405, 0x0404, 0x0505, 0x0B15, 0x0B0B, 0x0B0B, 0x0A0A, 0x150A,
    0x110B, 0x1212, 0x0A0A, 0x0B0A, 0x1211, 0x1212, 0x0A0A, 0x0B0A, 0x1212, 0x1212, 0x0A0A, 0x0B0A,
    0x1211, 0x1212, 0x0A0A, 0x020A, 0x1115, 0x1212, 0x0B05, 0x020B, 0x1515, 0x0B0B, 0x120B, 0x0B12,
    0x1515, 0x0B0B, 0x0B0B, 0x0B0B, 0x0A05, 0x050A, 0x1212, 0x1211, 0x0A0B, 0x050A, 0x1212, 0x1212,
    0x0B11, 0x0A0A, 0x1212, 0x1212, 0x1112, 0x0A0B, 0x1212, 0x1212, 0x1112, 0x0B0B, 0x1212, 0x1212,
    0x0B11, 0x1211, 0x1211, 0x1112, 0x110B, 0x1212, 0x0B0B, 0x0B0B, 0x0B0B, 0x0512, 0x0A0A, 0x0B0B,
    0x0B0B, 0x0A15, 0x0A0A, 0x0B05, 0x150B, 0x0A0A, 0x0B0B, 0x0B0B, 0x0A0B, 0x0A0A, 0x1111, 0x110B,
    0x0B11, 0x0A0A, 0x1212, 0x120B, 0x1212, 0x0A0B, 0x1212, 0x120B, 0x1212, 0x0B12, 0x1212, 0x1211,
    0x1212, 0x0B12, 0x1112, 0x1212, 0x1212, 0x0B12, 0x0613, 0x040C, 0x0613, 0x0306, 0x0C0C, 0x0613,
    0x0C06, 0x0C0C, 0x0C0C, 0x060C, 0x0C0C, 0x0C0C, 0x0C0C, 0x040C, 0x0C0C, 0x0C0C, 0x0404, 0x0604,
    0x0C04, 0x040C, 0x1313, 0x0606, 0x1306, 0x0404, 0x0C0C, 0x0C0C, 0x0406, 0x0404, 0x0C0C, 0x0C0C,
    0x040C, 0x0404, 0x0303, 0x1A03, 0x1616, 0x1616, 0x0303, 0x161A, 0x1616, 0x1616, 0x0303, 0x161A,
    0x1619, 0x1616, 0x0303, 0x1A03, 0x1616, 0x1A16, 0x0303, 0x0303, 0x1A1A, 0x031A, 0x1A03, 0x031A,
    0x0303, 0x0303, 0x1A03, 0x031A, 0x0303, 0x0303, 0x0303, 0x0303, 0x0303, 0x0303, 0x1616, 0x1616,
    0x1616, 0x1A16, 0x161A, 0x1616, 0x1616, 0x031A, 0x1603, 0x1916, 0x1A19, 0x0303, 0x1A03, 0x1A1A,
    0x031A, 0x0303, 0x0303, 0x0303, 0x0303, 0x0303, 0x0303, 0x0303, 0x0303, 0x0303, 0x0303, 0x0303,
    0x0303, 0x0303, 0x0303, 0x0303, 0x0303, 0x0303, 0x1616, 0x1616, 0x1616, 0x1616, 0x1616, 0x1616,
    0x1616, 0x1616, 0x1616, 0x1916, 0x1919, 0x1616, 0x1616, 0x1916, 0x1919, 0x1616, 0x1616, 0x1A16,
    0x1A1A, 0x1616, 0x1616, 0x1616, 0x1616, 0x1616, 0x1616, 0x1616, 0x1616, 0x1616, 0x1616, 0x1616,
    0x1616, 0x1616, 0x1616, 0x161A, 0x1919, 0x031A, 0x1616, 0x1A16, 0x0303, 0x0303, 0x1416, 0x1414,
    0x031A, 0x0303, 0x1416, 0x1414, 0x1A16, 0x0303, 0x1916, 0x1919, 0x1616, 0x031A, 0x1616, 0x161A,
    0x1616, 0x0316, 0x1616, 0x0316, 0x1919, 0x0316, 0x1616, 0x1A16, 0x0303, 0x0303, 0x0C0C, 0x0C0C,
    0x0C0C, 0x0C0C, 0x0C0C, 0x0C0C, 0x0C0C, 0x0C0C, 0x0C0C, 0x0C0C, 0x0C04, 0x0C0C, 0x0C0C, 0x0C0C,
    0x0C04, 0x0C0C, 0x040C, 0x0C04, 0x0C04, 0x0C0C, 0x0C0C, 0x0C04, 0x0C04, 0x0C04, 0x0C0C, 0x0C0C,
    0x0C0C, 0x0C0C, 0x0C0C, 0x0C0C, 0x0C0C, 0x0C0C, 0x040C, 0x0C04, 0x0A05, 0x050A, 0x0C0C, 0x0C04,
    0x0A0C, 0x0A0A, 0x0C0C, 0x0404, 0x0C0C, 0x0A0A, 0x0C0C, 0x040C, 0x0C0C, 0x0C05, 0x0C0C, 0x0C0C,
    0x0C0C, 0x0C05, 0x0C0C, 0x0C0C, 0x0C0C, 0x0C0C, 0x0C0C, 0x0C0C, 0x0C0C, 0x0C0C, 0x0C0C, 0x0C0C,
    0x0C0C, 0x0C0C, 0x0404, 0x0404, 0x0405, 0x0C04, 0x0505, 0x0505, 0x0404, 0x0404, 0x0A05, 0x0A0A,
    0x0405, 0x0404, 0x0C05, 0x0A0A, 0x040C, 0x0C04, 0x0C05, 0x0C0A, 0x0C04, 0x0C04, 0x0C05, 0x040C,
    0x0404, 0x0C0C, 0x0C0C, 0x0C0C, 0x0C0C, 0x0C0C, 0x0C0C, 0x0C0C, 0x0C0C, 0x0C0C, 0x0C0C, 0x0C0C,
    0x0C04, 0x0404, 0x0C0C, 0x040C, 0x040C, 0x040C, 0x0C0C, 0x040C, 0x040C, 0x0C0C, 0x0C0C, 0x0C0C,
    0x0C0C, 0x0C0C, 0x0C0C, 0x0C0C, 0x0C0C, 0x0C0C, 0x0C0C, 0x0C0C, 0x0C0C, 0x0C0C, 0x0C0C, 0x0C0C,
    0x0C0C, 0x0C0C, 0x0C0C, 0x0C0C, 0x0C0C, 0x0C0C, 0x0404, 0x0404, 0x0404, 0x0404, 0x0404, 0x0404,
    0x0404, 0x0404, 0x0404, 0x040C, 0x0404, 0x0C04, 0x040C, 0x040C, 0x0C04, 0x0C04, 0x0C0C, 0x040C,
    0x040C, 0x0C04, 0x0C0C, 0x0C0C, 0x0C0C, 0x0C0C, 0x0C0C, 0x0C0C, 0x0C0C, 0x0C0C, 0x0C0C, 0x0C0C,
    0x0C0C, 0x0C0C, 0x0404, 0x0404, 0x0404, 0x0C04, 0x0404, 0x0404, 0x0C04, 0x0404, 0x0404, 0x0404,
    0x0C0C, 0x0404, 0x040C, 0x0C04, 0x0C0C, 0x0404, 0x040C, 0x0C04, 0x0C0C, 0x0C0C, 0x0C0C, 0x0C0C,
    0x0C0C, 0x0C0C, 0x0C0C, 0x0C0C, 0x0C0C, 0x0C0C, 0x0C0C, 0x0C0C, 0x0C0C, 0x0C0C, 0x0404, 0x0C04,
    0x0C0C, 0x0C0C, 0x040C, 0x0C0C, 0x0C0C, 0x0C0C, 0x0C04, 0x0C0C, 0x0C0C, 0x0C0C, 0x0C0C, 0x0C0C,
    0x0C0C, 0x0C0C, 0x0C0C, 0x0C0C, 0x0C0C, 0x0C0C, 0x0C0C, 0x0C0C, 0x0C0C, 0x0C0C, 0x0C0C, 0x0C0C,
    0x0C0C, 0x0C0C, 0x0C0C, 0x0C0C, 0x0C0C, 0x0C0C, 0x0613, 0x0A05, 0x0613, 0x0306, 0x0505, 0x0613,
    0x0506, 0x0505, 0x0505, 0x0605, 0x0505, 0x0505, 0x0505, 0x0A05, 0x0505, 0x0505, 0x0A0A, 0x060A,
    0x050A, 0x0A05, 0x1313, 0x0606, 0x1306, 0x0A0A, 0x0505, 0x0505, 0x0A06, 0x0A0A, 0x0505, 0x0505,
    0x0A05, 0x0A0A, 0x0303, 0x0303, 0x0303, 0x0303, 0x0505, 0x030A, 0x0303, 0x0303, 0x0A05, 0x0613,
    0x0A0A, 0x0303, 0x130A, 0x0A06, 0x130A, 0x0606, 0x0613, 0x0606, 0x0613, 0x0505, 0x060A, 0x0606,
    0x0506, 0x0505, 0x0A0A, 0x0606, 0x0505, 0x0505, 0x0A0A, 0x060A, 0x0505, 0x0A05, 0x0303, 0x0303,
    0x0303, 0x0303, 0x030A, 0x0303, 0x050A, 0x0505, 0x0A13, 0x0A06, 0x0505, 0x0505, 0x0606, 0x0A06,
    0x0505, 0x0505, 0x0505, 0x0A06, 0x0505, 0x0505, 0x0A05, 0x1306, 0x0A0A, 0x0A0A, 0x130A, 0x0A06,
    0x0A0A, 0x130A, 0x0613, 0x0A0A, 0x0A0A, 0x060A, 0x0603, 0x1306, 0x050A, 0x1306, 0x0505, 0x0605,
    0x1306, 0x0505, 0x0505, 0x060A, 0x0506, 0x0505, 0x0A05, 0x0606, 0x1306, 0x0505, 0x060A, 0x0606,
    0x060A, 0x0A13, 0x0606, 0x0605, 0x0A06, 0x1313, 0x0A06, 0x0605, 0x0606, 0x050A, 0x050A, 0x0605,
    0x0A06, 0x0505, 0x1010, 0x1010, 0x1010, 0x1010, 0x1010, 0x1010, 0x1010, 0x1010, 0x1000, 0x1010,
    0x1010, 0x1010, 0x0000, 0x1010, 0x1010, 0x1010, 0x0000, 0x1010, 0x1010, 0x1010, 0x1000, 0x1010,
    0x1010, 0x1010, 0x1000, 0x1010, 0x0610, 0x1010, 0x1010, 0x0610, 0x0706, 0x1010, 0x1010, 0x1010,
    0x1010, 0x1010, 0x1010, 0x1010, 0x1010, 0x1010, 0x1010, 0x1010, 0x0810, 0x1010, 0x1010, 0x1010,
    0x0810, 0x1010, 0x1010, 0x1010, 0x1410, 0x1010, 0x1010, 0x1010, 0x1007, 0x1010, 0x1010, 0x1010,
    0x1008, 0x1010, 0x1010, 0x1010, 0x1008, 0x1010, 0x1010, 0x1010, 0x1010, 0x1010, 0x1010, 0x1010,
    0x1010, 0x1010, 0x1010, 0x1010, 0x1010, 0x0010, 0x1010, 0x1010, 0x1010, 0x0000, 0x1010, 0x1010,
    0x1010, 0x0000, 0x1010, 0x1010, 0x1010, 0x0010, 0x1010, 0x1010, 0x1010, 0x0010, 0x1010, 0x1010,
    0x1010, 0x1010, 0x0000, 0x0000, 0x0000, 0x0000, 0x0000, 0x0000, 0x0000, 0x1E07, 0x0000, 0x0000,
    0x1E1E, 0x1F1F, 0x0000, 0x1E00, 0x1F1F, 0x091F, 0x0000, 0x1F07, 0x091F, 0x1F1F, 0x0000, 0x1F1E,
    0x1F09, 0x1F1F, 0x1E00, 0x091F, 0x1F1F, 0x1F1F, 0x1E00, 0x091F, 0x1F1F, 0x1F1F, 0x1E1E, 0x1E1E,
    0x1E1E, 0x1E1E, 0x1F1F, 0x1F1F, 0x1F1F, 0x1F1F, 0x0909, 0x0909, 0x0909, 0x0909, 0x1F1F, 0x1F1F,
    0x1F1F, 0x1F1F, 0x1F1F, 0x1F1F, 0x1F1F, 0x1F1F, 0x1F1F, 0x1F1F, 0x1F1F, 0x1F1F, 0x1F1F, 0x1F1F,
    0x1F1F, 0x1F1F, 0x1F1F, 0x1F1F, 0x1F1F, 0x1F1F, 0x0000, 0x0000, 0x0000, 0x0000, 0x1E1E, 0x0000,
    0x0000, 0x0000, 0x1F1F, 0x1E1E, 0x0000, 0x0000, 0x1F09, 0x1F1F, 0x001E, 0x0000, 0x1F1F, 0x1F09,
    0x1E1F, 0x0000, 0x1F1F, 0x091F, 0x1E1F, 0x0000, 0x1F1F, 0x1F1F, 0x1F09, 0x001E, 0x1F1F, 0x1F1F,
    0x1F09, 0x001E, 0x120B, 0x1212, 0x1515, 0x0B0B, 0x0B0B, 0x1212, 0x1515, 0x0B0B, 0x0B0B, 0x0B0B,
    0x0515, 0x0B0B, 0x0B0B, 0x0B0B, 0x1502, 0x1211, 0x0B02, 0x0B0B, 0x0B15, 0x1212, 0x020A, 0x0215,
    0x0B15, 0x1211, 0x0A0A, 0x0A0A, 0x1502, 0x0B0B, 0x050A, 0x0505, 0x150A, 0x0B0B, 0x1515, 0x1515,
    0x0A15, 0x0A0A, 0x0B0B, 0x0B0B, 0x150B, 0x0A0A, 0x1211, 0x1212, 0x0B11, 0x0A15, 0x1212, 0x1212,
    0x0B12, 0x1511, 0x1212, 0x1212, 0x0B11, 0x0B11, 0x1212, 0x1112, 0x0B0B, 0x1111, 0x0B0B, 0x0B0B,
    0x0B0B, 0x1111, 0x0B0B, 0x0B0B, 0x0B0B, 0x1111, 0x1112, 0x1212, 0x1212, 0x0B12, 0x1112, 0x1212,
    0x1212, 0x0B0B, 0x1212, 0x1211, 0x1212, 0x0B0B, 0x1111, 0x110B, 0x0B11, 0x0B0B, 0x0B0B, 0x0B0B,
    0x0B0B, 0x0B0B, 0x0B0B, 0x0B0B, 0x0B15, 0x0B0B, 0x0B0B, 0x0B0B, 0x0B15, 0x150B, 0x0B0B, 0x0B0B,
    0x1502, 0x0A15, 0x0C0C, 0x0C0C, 0x0C0C, 0x0C0C, 0x0C0C, 0x0C0C, 0x0C0C, 0x0C0C, 0x040C, 0x040C,
    0x0C0C, 0x040C, 0x0C0C, 0x0404, 0x040C, 0x0C0C, 0x0C0C, 0x0404, 0x040C, 0x0C0C, 0x0C0C, 0x0404,
    0x040C, 0x0C0C, 0x0C0C, 0x040C, 0x0C0C, 0x0C0C, 0x0C0C, 0x0C0C, 0x0C0C, 0x0C0C, 0x0303, 0x0303,
    0x0303, 0x0303, 0x0C0C, 0x0304, 0x0303, 0x0303, 0x040C, 0x0613, 0x0404, 0x0303, 0x1304, 0x0406,
    0x1304, 0x0606, 0x0613, 0x0606, 0x0613, 0x0C0C, 0x0604, 0x0606, 0x0C06, 0x0C0C, 0x0404, 0x0606,
    0x0C0C, 0x0C0C, 0x0404, 0x0604, 0x0C0C, 0x040C, 0x0303, 0x0303, 0x0303, 0x0303, 0x0304, 0x0303,
    0x0C04, 0x0C0C, 0x0413, 0x0406, 0x0C0C, 0x0C0C, 0x0606, 0x0406, 0x0C0C, 0x0C0C, 0x0C0C, 0x0406,
    0x0C0C, 0x0C0C, 0x040C, 0x1306, 0x0404, 0x0404, 0x1304, 0x0406, 0x0404, 0x1304, 0x0613, 0x0404,
    0x0404, 0x0604, 0x1616, 0x1616, 0x1616, 0x1616, 0x1616, 0x1616, 0x1616, 0x161A, 0x1616, 0x1616,
    0x1619, 0x0316, 0x161A, 0x1616, 0x1616, 0x031A, 0x1A03, 0x1416, 0x1A14, 0x0303, 0x0303, 0x0303,
    0x0303, 0x0303, 0x0303, 0x0303, 0x0303, 0x0303, 0x0303, 0x0303, 0x0303, 0x0303, 0x1616, 0x1616,
    0x0303, 0x0303, 0x1616, 0x031A, 0x0303, 0x0303, 0x0303, 0x0303, 0x0303, 0x0303, 0x0303, 0x0303,
    0x0303, 0x0303, 0x0303, 0x0303, 0x1A1A, 0x031A, 0x0303, 0x0303, 0x1A1A, 0x031A, 0x0303, 0x0303,
    0x0303, 0x0303, 0x0303, 0x0303, 0x0303, 0x0303, 0x0603, 0x1306, 0x0C04, 0x1306, 0x0C0C, 0x060C,
    0x1306, 0x0C0C, 0x0C0C, 0x0604, 0x0C06, 0x0C0C, 0x040C, 0x0606, 0x1306, 0x0C0C, 0x0604, 0x0606,
    0x0604, 0x0413, 0x0606, 0x060C, 0x0406, 0x1313, 0x0406, 0x060C, 0x0606, 0x0C04, 0x0C04, 0x060C,
    0x0406, 0x0C0C, 0x0C0C, 0x0C0C, 0x0C0C, 0x0C0C, 0x0C0C, 0x0C0C, 0x0C0C, 0x0C0C, 0x0C0C, 0x2121,
    0x2121, 0x0C0C, 0x210C, 0x2121, 0x2121, 0x0C21, 0x040C, 0x2021, 0x2020, 0x0C21, 0x0C0C, 0x2004,
    0x2120, 0x0C04, 0x0C0C, 0x040C, 0x0404, 0x0C0C, 0x0C0C, 0x0C0C, 0x0C0C, 0x0C0C, 0x0C0C, 0x0C0C,
    0x0C0C, 0x0C0C, 0x0C0C, 0x210C, 0x2121, 0x0C21, 0x0C0C, 0x2021, 0x2121, 0x0C0C, 0x210C, 0x2020,
    0x2121, 0x0C0C, 0x210C, 0x2020, 0x2121, 0x0C0C, 0x040C, 0x2104, 0x0421, 0x0C0C, 0x0C0C, 0x040C,
    0x0C04, 0x0C0C, 0x0C0C, 0x0C0C, 0x0C0C, 0x0C0C, 0x1010, 0x1010, 0x0707, 0x1010, 0x1000, 0x1010,
    0x0710, 0x1010, 0x1000, 0x1010, 0x1010, 0x1010, 0x1000, 0x1010, 0x0710, 0x1010, 0x1000, 0x1010,
    0x2210, 0x1010, 0x1000, 0x1010, 0x0722, 0x101E, 0x1010, 0x1010, 0x0706, 0x0707, 0x1010, 0x0610,
    0x0707, 0x0707, 0x1010, 0x0910, 0x1009, 0x1010, 0x1010, 0x0710, 0x0807, 0x1010, 0x1010, 0x0710,
    0x0809, 0x0706, 0x1010, 0x0710, 0x0809, 0x0606, 0x1010, 0x0708, 0x1408, 0x0606, 0x0610, 0x0707,
    0x0707, 0x0706, 0x0707, 0x0807, 0x0608, 0x0707, 0x0707, 0x0806, 0x0608, 0x0707, 0x1010, 0x1007,
    0x1010, 0x1010, 0x0707, 0x0707, 0x1010, 0x0010, 0x0708, 0x0707, 0x1007, 0x0010, 0x0904, 0x0707,
    0x0607, 0x0010, 0x0807, 0x0722, 0x0707, 0x0006, 0x0708, 0x061E, 0x0707, 0x0007, 0x0707, 0x0607,
    0x2222, 0x0707, 0x071E, 0x0707, 0x0606, 0x0706, 0x1E00, 0x091F, 0x1F20, 0x1F1F, 0x0600, 0x1F1E,
    0x2009, 0x1F1F, 0x0600, 0x1F1E, 0x091F, 0x2020, 0x0600, 0x1E06, 0x1F1F, 0x0909, 0x0600, 0x0707,
    0x1E1E, 0x1F1F, 0x0700, 0x0707, 0x0722, 0x1E1E, 0x0707, 0x0622, 0x0706, 0x0707, 0x0607, 0x0606,
    0x0707, 0x0707, 0x1F1F, 0x1F1F, 0x1F1F, 0x1F1F, 0x1F1F, 0x1F1F, 0x1F1F, 0x1F1F, 0x1F1F, 0x1F1F,
    0x1F1F, 0x1F1F, 0x2020, 0x2020, 0x2020, 0x2020, 0x0909, 0x0909, 0x0909, 0x0909, 0x1F1F, 0x1F1F,
    0x1F1F, 0x1F1F, 0x1E1E, 0x1E1E, 0x1E1E, 0x1E1E, 0x0707, 0x0806, 0x0608, 0x0707, 0x1F1F, 0x201F,
    0x1F09, 0x071E, 0x1F1F, 0x0920, 0x1E1F, 0x0006, 0x201F, 0x1F09, 0x1E1F, 0x0006, 0x0909, 0x1F1F,
    0x061E, 0x0006, 0x1F1F, 0x1E1E, 0x0707, 0x0006, 0x1E1E, 0x2207, 0x0707, 0x0007, 0x0707, 0x0607,
    0x2206, 0x0707, 0x0707, 0x0707, 0x0606, 0x0706, 0x0505, 0x0A05, 0x150A, 0x0B0B, 0x0A0A, 0x0A0A,
    0x150A, 0x0B0B, 0x0A0A, 0x0A0A, 0x0A0A, 0x0B15, 0x0A0A, 0x0A0A, 0x0A0A, 0x150A, 0x0A0A, 0x0A0A,
    0x0A0A, 0x0A0A, 0x0A0A, 0x0A0A, 0x0A05, 0x0A05, 0x0A05, 0x050A, 0x0A05, 0x0505, 0x0A05, 0x0505,
    0x0A05, 0x0A0A, 0x0B0B, 0x0B0B, 0x0B0B, 0x1111, 0x0B0B, 0x0B0B, 0x0B0B, 0x0B11, 0x0B0B, 0x0B0B,
    0x0B0B, 0x0B0B, 0x0B0B, 0x0B0B, 0x0B0B, 0x150B, 0x0B15, 0x0B0B, 0x0B0B, 0x0A15, 0x050A, 0x0A05,
    0x0A0A, 0x0A0A, 0x0A0A, 0x0A0A, 0x0A0A, 0x0A0A, 0x0A0A, 0x0A0A, 0x0A05, 0x050A, 0x1502, 0x0B0B,
    0x0B0B, 0x150B, 0x1502, 0x0B0B, 0x0B0B, 0x150B, 0x1502, 0x0B0B, 0x0B0B, 0x150B, 0x150B, 0x0B0B,
    0x0B0B, 0x150B, 0x1515, 0x1515, 0x1515, 0x1515, 0x0A0A, 0x0A0A, 0x0A05, 0x0A05, 0x0A05, 0x050A,
    0x0A05, 0x0505, 0x0A05, 0x0505, 0x0A05, 0x0A0A, 0x0B0B, 0x0B0B, 0x0A02, 0x0A0A, 0x0B0B, 0x0B0B,
    0x0A02, 0x0A0A, 0x0B0B, 0x150B, 0x0A0A, 0x0A0A, 0x1515, 0x0515, 0x0A0A, 0x0A0A, 0x1515, 0x0505,
    0x0A0A, 0x0A0A, 0x050A, 0x0A05, 0x0A0A, 0x0A0A, 0x0A0A, 0x0A0A, 0x0A0A, 0x0A0A, 0x0A0A, 0x0A0A,
    0x0A05, 0x050A, 0x0A1D, 0x0F0F, 0x230F, 0x2323, 0x1D1D, 0x0F0A, 0x230F, 0x2323, 0x0808, 0x071F,
    0x240F, 0x2323, 0x070A, 0x071F, 0x230F, 0x2323, 0x0A1D, 0x0607, 0x240F, 0x2323, 0x1D1D, 0x0F0F,
    0x240F, 0x2323, 0x1D1B, 0x0F0A, 0x240F, 0x2323, 0x0A1B, 0x0F0F, 0x240F, 0x2323, 0x0F0F, 0x0F0F,
    0x0F0F, 0x0F0F, 0x0F0F, 0x0F0F, 0x0F0F, 0x0F0F, 0x1F08, 0x1F1F, 0x1F1F, 0x1F1F, 0x1F08, 0x1F1F,
    0x1F1F, 0x1F1F, 0x0808, 0x0808, 0x0808, 0x0808, 0x0707, 0x1F08, 0x081F, 0x1F1F, 0x1B06, 0x0606,
    0x0707, 0x0807, 0x1B06, 0x0606, 0x0606, 0x0606, 0x0F0F, 0x0F0F, 0x0F0F, 0x0F0F, 0x0F0F, 0x0F0F,
    0x0808, 0x1F08, 0x1F1F, 0x1F1F, 0x1F1F, 0x1F1F, 0x1F1F, 0x1F1F, 0x1F1F, 0x1F1F, 0x1F08, 0x081F,
    0x0808, 0x0808, 0x1F1F, 0x1F1F, 0x1F1F, 0x1F1F, 0x0808, 0x0808, 0x0808, 0x0807, 0x0606, 0x0606,
    0x0606, 0x0606, 0x0F0F, 0x0F0F, 0x0F0F, 0x0F0F, 0x081F, 0x1F1F, 0x1F1F, 0x0F0F, 0x1F1F, 0x1F1F,
    0x1F1F, 0x071F, 0x1F1F, 0x1F1F, 0x1F1F, 0x071F, 0x1F08, 0x081F, 0x1F1F, 0x0708, 0x1F1F, 0x1F1F,
    0x1F04, 0x0707, 0x0707, 0x0704, 0x0404, 0x0606, 0x0606, 0x0604, 0x0404, 0x0606, 0x2323, 0x0F23,
    0x0F0F, 0x1D0A, 0x2323, 0x0F24, 0x0A0F, 0x1D1D, 0x2323, 0x0F23, 0x1F1F, 0x1D1D, 0x2323, 0x0F24,
    0x1F1F, 0x1D08, 0x2323, 0x0F24, 0x0706, 0x1D07, 0x2323, 0x0F24, 0x0F0F, 0x0A0F, 0x2323, 0x0F23,
    0x0F0F, 0x1D0A, 0x2323, 0x0F23, 0x0A0F, 0x1D1D, 0x0A1D, 0x0F0F, 0x230F, 0x2323, 0x1D1D, 0x0F0A,
    0x230F, 0x2323, 0x2525, 0x2726, 0x240F, 0x2323, 0x270A, 0x2726, 0x230F, 0x2323, 0x0A1D, 0x0627,
    0x240F, 0x2323, 0x1D1D, 0x0F0F, 0x240F, 0x2323, 0x1D29, 0x0F0A, 0x240F, 0x2323, 0x0A29, 0x0F0F,
    0x240F, 0x2323, 0x0F0F, 0x0F0F, 0x0F0F, 0x0F0F, 0x0F0F, 0x0F0F, 0x0F0F, 0x0F0F, 0x2625, 0x2626,
    0x1B26, 0x2626, 0x2625, 0x261B, 0x261B, 0x261B, 0x2525, 0x1B25, 0x1B25, 0x2525, 0x2727, 0x261B,
    0x250C, 0x2626, 0x0606, 0x060C, 0x0C0C, 0x2527, 0x0606, 0x060C, 0x0C0C, 0x0606, 0x0F0F, 0x0F0F,
    0x0F0F, 0x0F0F, 0x0F0F, 0x0F0F, 0x2525, 0x2625, 0x2626, 0x2626, 0x2626, 0x2626, 0x2626, 0x1B26,
    0x2626, 0x1B26, 0x2625, 0x251B, 0x251B, 0x251B, 0x1B26, 0x1B26, 0x2626, 0x1B26, 0x2525, 0x2525,
    0x251B, 0x2527, 0x0606, 0x0606, 0x0606, 0x0606, 0x0F0F, 0x0F0F, 0x0F0F, 0x0F0F, 0x2526, 0x2626,
    0x2626, 0x0F0F, 0x261B, 0x1B26, 0x2626, 0x2726, 0x1B26, 0x2626, 0x261B, 0x2726, 0x261B, 0x1B26,
    0x1B26, 0x2725, 0x2626, 0x2626, 0x261B, 0x2727, 0x2727, 0x0C27, 0x0627, 0x0606, 0x0C06, 0x0C06,
    0x060C, 0x0606, 0x2323, 0x0F23, 0x0F0F, 0x1D0A, 0x2323, 0x0F24, 0x0A0F, 0x1D1D, 0x2323, 0x0F23,
    0x261B, 0x1D1D, 0x2323, 0x0F24, 0x1B26, 0x1D25, 0x2323, 0x0F24, 0x2706, 0x1D27, 0x2323, 0x0F24,
    0x0F0F, 0x0A0F, 0x2323, 0x0F23, 0x0F0F, 0x1D0A, 0x2323, 0x0F23, 0x0A0F, 0x1D1D, 0x0A1B, 0x0F0F,
    0x240F, 0x2323, 0x0F0A, 0x070F, 0x240F, 0x2323, 0x1F0A, 0x071F, 0x240F, 0x2323, 0x081D, 0x0708,
    0x240F, 0x2323, 0x0F1D, 0x071F, 0x240F, 0x2323, 0x080A, 0x0707, 0x230F, 0x2323, 0x0F0A, 0x0F0F,
    0x240F, 0x2323, 0x0A1D, 0x0F0F, 0x230F, 0x2323, 0x0F0F, 0x0F0F, 0x0F0F, 0x0F0F, 0x0F0F, 0x080F,
    0x0808, 0x0808, 0x0808, 0x0808, 0x0808, 0x1F08, 0x1F08, 0x1F1F, 0x1F1F, 0x1F1F, 0x1F08, 0x1F1F,
    0x1F1F, 0x1F1F, 0x0406, 0x0707, 0x0808, 0x1F08, 0x0406, 0x0604, 0x0406, 0x0606, 0x040F, 0x0F04,
    0x040F, 0x0F0F, 0x0F0F, 0x0F0F, 0x0F0F, 0x0F0F, 0x0F0F, 0x0808, 0x0F08, 0x0F0F, 0x1F1F, 0x1F1F,
    0x1F1F, 0x1F1F, 0x0808, 0x0808, 0x1F08, 0x1F08, 0x1F1F, 0x1F1F, 0x1F1F, 0x1F1F, 0x041F, 0x1F1F,
    0x1F1F, 0x1F1F, 0x0407, 0x0807, 0x0807, 0x0808, 0x0406, 0x0606, 0x0606, 0x0606, 0x0F0F, 0x0F0F,
    0x0F0F, 0x0F0F, 0x0F0F, 0x0F0F, 0x0F0F, 0x070F, 0x1F1F, 0x1F1F, 0x1F1F, 0x071F, 0x1F1F, 0x1F1F,
    0x1F1F, 0x071F, 0x1F1F, 0x1F1F, 0x1F1F, 0x071F, 0x1F1F, 0x1F28, 0x0708, 0x0707, 0x0808, 0x0A07,
    0x0606, 0x0606, 0x0606, 0x0F0F, 0x0F0F, 0x0F0F, 0x2323, 0x0F23, 0x0F0F, 0x0A0A, 0x2323, 0x0F23,
    0x1F1F, 0x0A0F, 0x2323, 0x0F23, 0x1F1F, 0x0A1F, 0x2323, 0x0F23, 0x1F1F, 0x1D1F, 0x2323, 0x0F24,
    0x1F1F, 0x0A08, 0x2323, 0x0F23, 0x1F1F, 0x0A07, 0x2323, 0x0F24, 0x0706, 0x1D0A, 0x2323, 0x0F23,
    0x0F0F, 0x1D0A, 0x0F0A, 0x0F0F, 0x230F, 0x2323, 0x0F0A, 0x071F, 0x240F, 0x2323, 0x1F0A, 0x071F,
    0x230F, 0x2323, 0x081D, 0x0708, 0x230F, 0x2323, 0x081D, 0x071F, 0x230F, 0x2323, 0x0A0A, 0x0606,
    0x230F, 0x2323, 0x0A1D, 0x0F0F, 0x240F, 0x2323, 0x0A1B, 0x0F0F, 0x240F, 0x2323, 0x0F0F, 0x0F0F,
    0x0F0F, 0x0F0F, 0x0F0F, 0x0F0F, 0x0808, 0x1F08, 0x1F08, 0x1F1F, 0x1F1F, 0x1F1F, 0x0808, 0x0808,
    0x0808, 0x1F08, 0x0808, 0x1F1F, 0x1F1F, 0x1F1F, 0x0706, 0x071B, 0x0807, 0x0808, 0x1B06, 0x061B,
    0x061B, 0x0606, 0x1B0F, 0x0F1B, 0x0F1B, 0x0F0F, 0x0F0F, 0x0F0F, 0x0F0F, 0x0F0F, 0x1F1F, 0x0F1F,
    0x0F0F, 0x0F0F, 0x1F1F, 0x1F1F, 0x1F1F, 0x1F1F, 0x1F08, 0x1F1F, 0x1F1F, 0x1F1F, 0x1F1F, 0x1F1F,
    0x1F1F, 0x1F1F, 0x0808, 0x0408, 0x0708, 0x0708, 0x0606, 0x0404, 0x0606, 0x0606, 0x0F0F, 0x0404,
    0x060F, 0x0606, 0x0F0F, 0x0F0F, 0x0F0F, 0x0F0F, 0x0F0F, 0x0F0F, 0x0F0F, 0x0F0F, 0x1F1F, 0x1F1F,
    0x1F1F, 0x071F, 0x1F1F, 0x081F, 0x081F, 0x0707, 0x1F1F, 0x1F1F, 0x1F1F, 0x071F, 0x0607, 0x060A,
    0x070A, 0x0708, 0x0A06, 0x0A06, 0x0606, 0x0606, 0x0606, 0x060A, 0x0606, 0x0F0F, 0x2323, 0x0F24,
    0x0F0F, 0x1D0A, 0x2323, 0x0F23, 0x0F0F, 0x1D0F, 0x2323, 0x0F24, 0x1F1F, 0x0A0F, 0x2323, 0x0F24,
    0x0808, 0x0A08, 0x2323, 0x0F24, 0x1F1F, 0x0A1F, 0x2323, 0x0F24, 0x0706, 0x0A07, 0x2323, 0x0F24,
    0x0F0F, 0x0A0F, 0x2323, 0x0F23, 0x0A0F, 0x1D0F, 0x0F0A, 0x0F0F, 0x230F, 0x2323, 0x0F0A, 0x271B,
    0x240F, 0x2323, 0x260A, 0x1B26, 0x230F, 0x2323, 0x251D, 0x271B, 0x230F, 0x2323, 0x251D, 0x1B26,
    0x230F, 0x2323, 0x0A0A, 0x0606, 0x230F, 0x2323, 0x0A1D, 0x0F0F, 0x240F, 0x2323, 0x0A29, 0x0F0F,
    0x240F, 0x2323, 0x0F0F, 0x0F0F, 0x0F0F, 0x0F0F, 0x0F0F, 0x0F0F, 0x2525, 0x2625, 0x1B25, 0x2626,
    0x2626, 0x1B26, 0x2525, 0x251B, 0x2525, 0x261B, 0x2525, 0x2626, 0x2626, 0x1B26, 0x2706, 0x1B27,
    0x2527, 0x2525, 0x061B, 0x1B06, 0x061B, 0x061B, 0x0F1B, 0x1B0F, 0x0F1B, 0x0F1B, 0x0F0F, 0x0F0F,
    0x0F0F, 0x0F0F, 0x261B, 0x0F1B, 0x0F0F, 0x0F0F, 0x1B26, 0x1B26, 0x1B26, 0x1B26, 0x261B, 0x2626,
    0x261B, 0x261B, 0x1B26, 0x2626, 0x1B26, 0x2626, 0x2525, 0x251B, 0x2725, 0x2725, 0x0606, 0x0606,
    0x0606, 0x0606, 0x0F0F, 0x0F0F, 0x060F, 0x0606, 0x0C0F, 0x0C0F, 0x0F0C, 0x0F0F, 0x0F0F, 0x0F0F,
    0x0F0F, 0x0F0F, 0x2626, 0x2626, 0x2626, 0x2726, 0x261B, 0x2526, 0x2526, 0x2727, 0x2626, 0x2626,
    0x2626, 0x2726, 0x0627, 0x060A, 0x270A, 0x2725, 0x0A06, 0x0A06, 0x0606, 0x061B, 0x0606, 0x060A,
    0x0606, 0x0F1B, 0x2323, 0x0F24, 0x0F0F, 0x1D0A, 0x2323, 0x0F23, 0x0F0F, 0x1D0F, 0x2323, 0x0F24,
    0x2626, 0x0A0F, 0x2323, 0x0F24, 0x1B25, 0x0A25, 0x2323, 0x0F24, 0x2626, 0x0A1B, 0x2323, 0x0F24,
    0x1B06, 0x0A27, 0x2323, 0x0F24, 0x0F0F, 0x0A0F, 0x2323, 0x0F23, 0x0A0F, 0x1D0F, 0x0A29, 0x0F0F,
    0x240F, 0x2323, 0x0F0A, 0x270F, 0x240F, 0x2323, 0x260A, 0x1B26, 0x240F, 0x2323, 0x251D, 0x271B,
    0x240F, 0x2323, 0x0F1D, 0x1B26, 0x240F, 0x2323, 0x250A, 0x2727, 0x230F, 0x2323, 0x0F0A, 0x0F0F,
    0x240F, 0x2323, 0x0A1D, 0x0F0F, 0x230F, 0x2323, 0x0F0F, 0x0F0F, 0x0F0F, 0x0F0F, 0x0F0F, 0x250F,
    0x2525, 0x2525, 0x2525, 0x2525, 0x251B, 0x2625, 0x1B25, 0x1B26, 0x1B26, 0x1B26, 0x2625, 0x261B,
    0x2626, 0x261B, 0x1B06, 0x2727, 0x251B, 0x1B25, 0x0606, 0x1B06, 0x061B, 0x060C, 0x0F0F, 0x1B0F,
    0x0F1B, 0x0F0C, 0x0F0F, 0x0F0F, 0x0F0F, 0x0F0F, 0x0F0F, 0x1B25, 0x0F25, 0x0F0F, 0x261B, 0x261B,
    0x2626, 0x2626, 0x2525, 0x1B25, 0x1B25, 0x1B25, 0x261B, 0x261B, 0x2626, 0x2626, 0x1B26, 0x1B26,
    0x1B26, 0x2626, 0x271B, 0x2527, 0x2527, 0x2525, 0x0606, 0x0606, 0x0606, 0x0606, 0x0F0F, 0x0F0F,
    0x0F0F, 0x0F0F, 0x0F0F, 0x0F0F, 0x0F0F, 0x270F, 0x2626, 0x2626, 0x1B26, 0x2726, 0x1B26, 0x2626,
    0x261B, 0x271B, 0x261B, 0x2626, 0x1B26, 0x2726, 0x1B26, 0x2628, 0x271B, 0x2727, 0x2525, 0x0A27,
    0x0606, 0x0606, 0x0606, 0x0F0F, 0x0F0F, 0x0F0F, 0x2323, 0x0F23, 0x0F0F, 0x0A0A, 0x2323, 0x0F23,
    0x2626, 0x0A0F, 0x2323, 0x0F23, 0x261B, 0x0A1B, 0x2323, 0x0F23, 0x1B26, 0x1D26, 0x2323, 0x0F24,
    0x261B, 0x0A1B, 0x2323, 0x0F23, 0x1B26, 0x0A27, 0x2323, 0x0F24, 0x2706, 0x1D0A, 0x2323, 0x0F23,
    0x0F0F, 0x1D0A, 0x2A2A, 0x2A2A, 0x2A2A, 0x2A2A, 0x2A2B, 0x2A2A, 0x2A2A, 0x2A2A, 0x2A2A, 0x002A,
    0x2A2A, 0x2A2A, 0x2A2A, 0x2A2A, 0x2A2A, 0x2A2A, 0x2A2A, 0x2A2A, 0x2B2A, 0x2A2B, 0x2A2A, 0x2A2A,
    0x2A2A, 0x2A2A, 0x2A2A, 0x2B2A, 0x2A2B, 0x2A2A, 0x2B2B, 0x2B2B, 0x2B2B, 0x2B2B, 0x2A2A, 0x2A2A,
    0x2A2A, 0x2A2A, 0x2A2A, 0x2A2A, 0x2A2A, 0x2A2A, 0x2A2A, 0x002A, 0x2A2A, 0x2A2A, 0x2A2A, 0x2A2A,
    0x2A2A, 0x2A2A, 0x2A2A, 0x2B2A, 0x2A2A, 0x2A2A, 0x2A2A, 0x2A2A, 0x2A2A, 0x2A2A, 0x2A2A, 0x2A2A,
    0x2A2A, 0x2A2A, 0x2A2A, 0x2A2A, 0x2A2A, 0x2A2A, 0x2A2A, 0x2A2A, 0x2A2A, 0x2A2A, 0x2A2A, 0x2A2A,
    0x2A2A, 0x2A2A, 0x2A2A, 0x2A2A, 0x2B2B, 0x2A2A, 0x2A2A, 0x2A2A, 0x2B2B, 0x2A2A, 0x2A00, 0x2A2A,
    0x2A2A, 0x2A2A, 0x2A2A, 0x2A2A, 0x2A2A, 0x2A2A, 0x2A2A, 0x2A2A, 0x2A2A, 0x2A2A, 0x2A2A, 0x2A2A,
    0x2A2A, 0x2A2A, 0x2A2A, 0x2A2A, 0x2A2A, 0x2A2A, 0x2A2A, 0x2A2A, 0x2A2A, 0x2A2A, 0x2A2A, 0x2A2A,
    0x2A2A, 0x2A2A, 0x2A2A, 0x2A00, 0x2A2A, 0x2A2A, 0x2A2A, 0x2A2A, 0x2A2A, 0x2A2B, 0x2A2A, 0x2A2A,
    0x2A2A, 0x2A2B, 0x2A2A, 0x2A2A, 0x2A2A, 0x2A2A, 0x2A2A, 0x2A2A, 0x2A2A, 0x2A2A, 0x2B2B, 0x2B2B,
    0x2B2B, 0x2B2B, 0x2B2B, 0x2B2B, 0x2B2B, 0x2B2B, 0x2D2B, 0x002D, 0x2B2C, 0x2B2B, 0x2B2A, 0x2B2B,
    0x2C2B, 0x2C2C, 0x2B2A, 0x2B2B, 0x2A2B, 0x2C2C, 0x2C2C, 0x2C2C, 0x2C2C, 0x2B2B, 0x2B2A, 0x2B2B,
    0x2B2B, 0x2B2B, 0x2B2A, 0x2B2B, 0x2B2B, 0x2B2B, 0x2C2B, 0x2C2C, 0x2C2C, 0x0B0B, 0x2B2B, 0x2C2C,
    0x0B2C, 0x1212, 0x2C2B, 0x2C2C, 0x152C, 0x1215, 0x2C2C, 0x2C2C, 0x1500, 0x0B0B, 0x2C2C, 0x2C2C,
    0x152C, 0x0B0B, 0x2B2B, 0x152C, 0x1515, 0x1515, 0x2B2B, 0x1215, 0x1212, 0x1212, 0x2B2B, 0x1215,
    0x1212, 0x1212, 0x0B0B, 0x2A2A, 0x2A2A, 0x2C2A, 0x1212, 0x0B0B, 0x2A2A, 0x2A2C, 0x1212, 0x1212,
    0x2B0B, 0x2C2B, 0x1212, 0x1212, 0x0B12, 0x2D2D, 0x120B, 0x1212, 0x1500, 0x2D2D, 0x0B0B, 0x0B0B,
    0x150B, 0x2B2B, 0x0B15, 0x0B0B, 0x150B, 0x2B2C, 0x1212, 0x0B0B, 0x150B, 0x2A2C, 0x2B2C, 0x2B2B,
    0x2C2C, 0x2A2A, 0x2B2B, 0x2D2B, 0x2A2D, 0x2A2C, 0x2D2C, 0x2D2D, 0x2C2C, 0x2C2C, 0x2C2C, 0x2C2C,
    0x2C2C, 0x2C2C, 0x2B2B, 0x2B2B, 0x2B00, 0x2C2C, 0x2B2B, 0x2B2B, 0x2B2B, 0x2A2B, 0x2B2B, 0x2B2B,
    0x2B2B, 0x2B2B, 0x2A2A, 0x2A2A, 0x2A2A, 0x2C2A, 0x2A2C, 0x2B2B, 0x2B2B, 0x2A2B, 0x2C2C, 0x2C2C,
    0x2C2C, 0x2C2C, 0x2C2C, 0x2C2C, 0x2C2C, 0x2C2C, 0x2C2C, 0x2A2C, 0x2B2A, 0x2B2B, 0x2C2C, 0x2A2C,
    0x2B00, 0x2B2B, 0x2C2C, 0x2B2C, 0x2B00, 0x2B2B, 0x2C2C, 0x2C2C, 0x2D2D, 0x2D2D, 0x2C2C, 0x2C2C,
    0x2D2C, 0x2D2D, 0x2A2A, 0x0B15, 0x1212, 0x1212, 0x2C2C, 0x152C, 0x1515, 0x0B0B, 0x2B2B, 0x2B2B,
    0x152C, 0x0B0B, 0x2B2B, 0x2B2B, 0x2C2B, 0x0B15, 0x2B2B, 0x2B2B, 0x2B00, 0x152C, 0x2B2B, 0x2B2B,
    0x2A2B, 0x2C2C, 0x2B2B, 0x2B2B, 0x2C2A, 0x2C2C, 0x2B2B, 0x2C2C, 0x2C2C, 0x2B2C, 0x0B12, 0x0B0B,
    0x150B, 0x2C2C, 0x0B0B, 0x0B15, 0x2C15, 0x2B2B, 0x0B0B, 0x1515, 0x2B2A, 0x2B2B, 0x0B0B, 0x2C15,
    0x2A2A, 0x2B2B, 0x0B0B, 0x2A15, 0x002B, 0x2D2B, 0x0B15, 0x2C15, 0x2B2B, 0x2D2D, 0x152A, 0x2C2C,
    0x2B2A, 0x2B2B, 0x2A2A, 0x2A2A, 0x2A2A, 0x2A2A, 0x2C2C, 0x2C2C, 0x2C2C, 0x2C2C, 0x2B2B, 0x2C2C,
    0x2C2C, 0x2C2C, 0x2B2B, 0x2A2B, 0x2C2A, 0x2C2C, 0x2A2B, 0x2C2A, 0x2C2C, 0x2C2C, 0x2D2D, 0x2C2C,
    0x002C, 0x2A2A, 0x2D2D, 0x2C2B, 0x2C2C, 0x2C2C, 0x2B2B, 0x2C2C, 0x2C2C, 0x2A2A, 0x2A2A, 0x2B2B,
    0x2B2B, 0x2A2A, 0x2A2A, 0x2A2A, 0x2B2A, 0x2B2B, 0x2A2A, 0x2A2A, 0x2A2A, 0x2B2B, 0x2A2A, 0x2A2A,
    0x2A2A, 0x2A2A, 0x2A2A, 0x2A2A, 0x0000, 0x2A2A, 0x2A2A, 0x2A2A, 0x2A2A, 0x2A2A, 0x2A2A, 0x2A2A,
    0x2A2A, 0x2A2A, 0x2B2A, 0x2A2A, 0x2A2A, 0x2A2A, 0x2A2A, 0x2A2A, 0x2B2A, 0x2A2A, 0x2B2B, 0x2B2B,
    0x2B2B, 0x2A2A, 0x2B2B, 0x2B2B, 0x2A2B, 0x2A2A, 0x2A2A, 0x2A2A, 0x2A2A, 0x2A2A, 0x2A2A, 0x2A2A,
    0x2A2A, 0x2A2A, 0x2A2A, 0x2A2A, 0x2A2A, 0x2A2A, 0x2A2A, 0x002A, 0x2A2A, 0x2A2A, 0x2A2A, 0x2A2A,
    0x2A2A, 0x2B2A, 0x2B2B, 0x2B2A, 0x2A2A, 0x2A2A, 0x2A2A, 0x2A2B, 0x2A2A, 0x2A2A, 0x2A2A, 0x2B2A,
    0x2B2B, 0x2B2B, 0x2A2A, 0x2A2A, 0x2B2B, 0x2D2D, 0x2A2A, 0x2A2A, 0x2A2A, 0x2A2A, 0x2A2A, 0x2A2A,
    0x2A2A, 0x2A2A, 0x2A2A, 0x002A, 0x2A00, 0x2A2A, 0x2A2A, 0x2A2A, 0x2A2A, 0x2A2A, 0x2A2A, 0x2A2A,
    0x2A2A, 0x2A2A, 0x2A2A, 0x2B2A, 0x2A2A, 0x2A2A, 0x2A2B, 0x2A2B, 0x2A2A, 0x2A2A, 0x2B2B, 0x2A2A,
    0x2A2A, 0x2A2A, 0x2A2A, 0x2A2A, 0x2A2A, 0x2A2A, 0x2A2A, 0x002A, 0x2A2A, 0x2A2A, 0x2A2A, 0x2A2A,
    0x2A2A, 0x2A2A, 0x2A2A, 0x2A2A, 0x2A2A, 0x2A2A, 0x2A2A, 0x2A2A, 0x2A2A, 0x2A2A, 0x2A2A, 0x2A2A,
    0x2A2A, 0x2A2A, 0x2A2A, 0x2A2A, 0x2A2A, 0x2A2B, 0x2A2A, 0x2A2A, 0x2A2A, 0x2C2A, 0x2A2A, 0x2B2A,
    0x2A2A, 0x2A2A, 0x2A2A, 0x2D2B, 0x2A2B, 0x2A2A, 0x2A2A, 0x2B2A, 0x2A2C, 0x2A2A, 0x2A2A, 0x2A2A,
    0x2A2A, 0x2A2A, 0x2A2A, 0x2A2A, 0x2A2A, 0x2A2A, 0x0A05, 0x050A, 0x0A05, 0x0A0A, 0x0A05, 0x050A,
    0x0505, 0x0A0A, 0x0A0A, 0x0A0A, 0x0505, 0x0A0A, 0x0A0A, 0x0A0A, 0x0A0A, 0x0A0A, 0x0B0B, 0x0A0A,
    0x0A0A, 0x0A05, 0x1212, 0x0A0B, 0x050A, 0x0A05, 0x0512, 0x0B12, 0x050A, 0x0A05, 0x0512, 0x0B12,
    0x0B0B, 0x0A0B, 0x2C2C, 0x2C2C, 0x2C2C, 0x2C2C, 0x2C2C, 0x2C2C, 0x2C2C, 0x2C2C, 0x2C2C, 0x2C2C,
    0x2C2C, 0x2C2C, 0x2C2C, 0x2C2C, 0x2C2C, 0x2C2C, 0x2C2C, 0x2C2C, 0x2C2C, 0x2C2C, 0x2C2C, 0x2C2C,
    0x2C2C, 0x2C2C, 0x2C2C, 0x2C2C, 0x2C2C, 0x2C2C, 0x2C2C, 0x2C2C, 0x2C2C, 0x2C2C, 0x0A05, 0x0505,
    0x0B05, 0x110B, 0x0A05, 0x050A, 0x110B, 0x1211, 0x0A0A, 0x0A0A, 0x120B, 0x1212, 0x0A0A, 0x0B0A,
    0x1111, 0x1111, 0x0A0A, 0x0B0A, 0x1211, 0x1212, 0x0A0A, 0x0A0A, 0x110B, 0x1212, 0x0A0A, 0x0A0A,
    0x0B0A, 0x1111, 0x050A, 0x0505, 0x0A0A, 0x0B0B, 0x1111, 0x1111, 0x2C0B, 0x2A2A, 0x1212, 0x1212,
    0x0B12, 0x2A2A, 0x1212, 0x1212, 0x1212, 0x2C0B, 0x1211, 0x1211, 0x1212, 0x0B0B, 0x1212, 0x1212,
    0x1112, 0x110B, 0x1112, 0x1111, 0x0B11, 0x110B, 0x1111, 0x0B0B, 0x150B, 0x110B, 0x0B0B, 0x1515,
    0x1515, 0x0B15, 0x2C2C, 0x2A2C, 0x2A2A, 0x2A2A, 0x2C2C, 0x2C2C, 0x2A2A, 0x2A2A, 0x2C2C, 0x2C2C,
    0x2A2C, 0x2A2A, 0x2C2C, 0x2C2C, 0x2A00, 0x2C2C, 0x2C2C, 0x2C2C, 0x2C2C, 0x2C2C, 0x2C2C, 0x2C2C,
    0x2C2C, 0x2C2C, 0x2C2C, 0x2C2C, 0x2C2C, 0x2C2C, 0x2C2C, 0x2C2C, 0x2C2C, 0x2C2C, 0x2A2A, 0x2A2A,
    0x2A2A, 0x2A2A, 0x2A2A, 0x002A, 0x2A2A, 0x2A2A, 0x2A2A, 0x002A, 0x2A2A, 0x2A2C, 0x2A2A, 0x2A2C,
    0x2C2A, 0x2C2C, 0x2A2C, 0x2A2A, 0x2A2A, 0x2A2C, 0x2C2C, 0x2C2A, 0x2A2C, 0x2A2A, 0x2C2C, 0x2C2C,
    0x2C2C, 0x2C2A, 0x2C2C, 0x2C2C, 0x2C2C, 0x2C2C, 0x2A2A, 0x2A2A, 0x2A2A, 0x2A2A, 0x2A2A, 0x2A2A,
    0x2A2A, 0x2A2A, 0x2A2A, 0x2A2A, 0x2A2A, 0x2A2A, 0x2A2A, 0x2A2A, 0x2C2C, 0x2C2A, 0x2A2A, 0x002A,
    0x2C2C, 0x2C2C, 0x2C2C, 0x2C2A, 0x2C2C, 0x2C2C, 0x2C2C, 0x2C2C, 0x2C2C, 0x2C2C, 0x2C2C, 0x2C2C,
    0x2C2C, 0x2C2C, 0x2A2A, 0x2A2A, 0x2C2C, 0x2C2C, 0x2A2A, 0x2A2A, 0x2A2A, 0x2C2C, 0x2C2C, 0x002A,
    0x2A2A, 0x2C2C, 0x2C2C, 0x2A2C, 0x2C2A, 0x2C2C, 0x2C2C, 0x2A2C, 0x2A2A, 0x2C2C, 0x2C2C, 0x2C2A,
    0x2A2C, 0x2C2A, 0x2C2C, 0x2C2C, 0x2C2C, 0x2C2A, 0x2C2C, 0x2C2C, 0x2C2C, 0x2C2C, 0x2A2A, 0x0B2C,
    0x1111, 0x1111, 0x2A2A, 0x120B, 0x1212, 0x1212, 0x0B2C, 0x1212, 0x1212, 0x1212, 0x0B2C, 0x1212,
    0x1112, 0x1112, 0x0B2C, 0x1211, 0x1212, 0x1212, 0x0B11, 0x110B, 0x1111, 0x1211, 0x0B11, 0x0B15,
    0x0B0B, 0x1111, 0x150B, 0x1515, 0x1515, 0x0B0B, 0x0A05, 0x110B, 0x1211, 0x1212, 0x0A05, 0x110B,
    0x1211, 0x1212, 0x0A0A, 0x0B0A, 0x1211, 0x1212, 0x0A0A, 0x0B0A, 0x1104, 0x1212, 0x0A0A, 0x040A,
    0x1504, 0x1111, 0x0A0A, 0x0A0A, 0x0A0A, 0x0415, 0x0A0A, 0x0A0A, 0x0A0A, 0x050A, 0x050A, 0x0505,
    0x0A0A, 0x0A0A, 0x1212, 0x1212, 0x1212, 0x0B11, 0x1212, 0x1212, 0x1112, 0x0B0B, 0x1212, 0x1212,
    0x0B11, 0x0B0B, 0x1112, 0x1111, 0x0B0B, 0x0B0B, 0x0B04, 0x0B0B, 0x0B0B, 0x0B0B, 0x1504, 0x0B0B,
    0x0B0B, 0x150B, 0x1505, 0x0515, 0x0B0B, 0x2B15, 0x150A, 0x0515, 0x1505, 0x2C2B, 0x1502, 0x0B0B,
    0x0B0B, 0x150B, 0x1502, 0x0B0B, 0x0B0B, 0x150B, 0x1502, 0x0B0B, 0x0B0B, 0x150B, 0x150B, 0x000B,
    0x0B0B, 0x150B, 0x1515, 0x1515, 0x1515, 0x1515, 0x2C2B, 0x2B2B, 0x2D2D, 0x2D2B, 0x2C2C, 0x2C2C,
    0x2C2C, 0x2C2C, 0x2C2C, 0x2C2C, 0x2C2C, 0x2C2C, 0x0B0B, 0x0B0B, 0x1502, 0x0202, 0x0B0B, 0x0B0B,
    0x2B02, 0x2C2B, 0x0B0B, 0x150B, 0x2C2B, 0x2C2C, 0x1515, 0x2B15, 0x002C, 0x2A2C, 0x1515, 0x2C2B,
    0x002C, 0x2A2C, 0x2B2D, 0x2C2C, 0x2C2C, 0x2A2A, 0x2A2C, 0x2C2A, 0x2A2C, 0x2A2A, 0x2A2A, 0x2A2A,
    0x2A2A, 0x2A2C, 0x0202, 0x0202, 0x1502, 0x0B15, 0x0202, 0x0202, 0x1502, 0x0B15, 0x2B2C, 0x2B2B,
    0x2D2D, 0x0B15, 0x2C2A, 0x2C2C, 0x2C00, 0x152D, 0x2C2A, 0x2A2C, 0x2C2A, 0x2D2C, 0x2A2A, 0x2A2A,
    0x2A2C, 0x2C2A, 0x2A2A, 0x2C2A, 0x2C2C, 0x2C2A, 0x2A2A, 0x2A2A, 0x2A2C, 0x2A2A, 0x0B0B, 0x0B0B,
    0x0B0B, 0x1111, 0x0B0B, 0x0B0B, 0x0B0B, 0x0B11, 0x0B0B, 0x0B0B, 0x0B0B, 0x0B0B, 0x0B0B, 0x0B0B,
    0x0B00, 0x150B, 0x0B15, 0x0B0B, 0x0B0B, 0x2C15, 0x2B2C, 0x2D2D, 0x2C2B, 0x2C2B, 0x2C2C, 0x2C2C,
    0x2C2C, 0x2C2C, 0x2C2A, 0x2A2C, 0x2C2A, 0x2C2C, 0x110B, 0x1212, 0x1212, 0x1212, 0x0B0B, 0x1211,
    0x1212, 0x1212, 0x0B0B, 0x110B, 0x1212, 0x1212, 0x0B0B, 0x000B, 0x1100, 0x1211, 0x0B15, 0x0B0B,
    0x0B0B, 0x040B, 0x152B, 0x0B0B, 0x0B0B, 0x0415, 0x2B2C, 0x0515, 0x150B, 0x0515, 0x2C2C, 0x052B,
    0x1505, 0x0A15, 0x1212, 0x1112, 0x0B11, 0x050A, 0x1212, 0x1112, 0x0B11, 0x050A, 0x1212, 0x1112,
    0x0A0B, 0x0A0A, 0x1212, 0x0411, 0x000B, 0x0A0A, 0x1111, 0x0415, 0x0A0A, 0x0A0A, 0x1504, 0x0A0A,
    0x0A0A, 0x0A0A, 0x0A05, 0x0A0A, 0x0A0A, 0x0A0A, 0x0A0A, 0x0A0A, 0x0505, 0x0A05, 0x0B0B, 0x0B0B,
    0x1502, 0x2C2B, 0x0B0B, 0x0B0B, 0x2B02, 0x2C2C, 0x0B0B, 0x150B, 0x2C2B, 0x2C2C, 0x1515, 0x2B15,
    0x2C00, 0x2A2C, 0x1515, 0x2C2B, 0x2C2C, 0x2A2C, 0x2B2D, 0x2C2C, 0x2C2C, 0x2A2A, 0x2A2C, 0x2C2A,
    0x2A2C, 0x2A2A, 0x2A2A, 0x2A2A, 0x2A2A, 0x2A2C, 0x2C2C, 0x2B2C, 0x1502, 0x0B15, 0x2C2C, 0x2C2C,
    0x152B, 0x0B15, 0x2C2C, 0x2C2C, 0x2D2C, 0x0B15, 0x2C2A, 0x002C, 0x2C2C, 0x152D, 0x2C2A, 0x2A2C,
    0x2C2A, 0x2D2C, 0x2A2A, 0x2A2A, 0x2A2C, 0x2C2A, 0x2A2A, 0x2C2A, 0x2C2C, 0x2C2A, 0x2A2A, 0x2A2A,
    0x2A2C, 0x2A2A, 0x0505, 0x0B0B, 0x1111, 0x0B11, 0x050A, 0x120B, 0x1212, 0x1112, 0x0B0A, 0x0B0B,
    0x1212, 0x0B12, 0x0B0B, 0x0B0B, 0x0B0B, 0x0B0B, 0x0B0B, 0x1212, 0x1212, 0x1212, 0x120B, 0x1212,
    0x1212, 0x1212, 0x120B, 0x1212, 0x1212, 0x1212, 0x120B, 0x1212, 0x1212, 0x1212, 0x2A2A, 0x2A2A,
    0x2A2A, 0x2A2A, 0x2A2A, 0x2A2A, 0x2A2A, 0x2A2A, 0x2A2A, 0x2A2A, 0x2A2A, 0x2A2A, 0x2A2C, 0x0B2A,
    0x0B0B, 0x0B0B, 0x2C2C, 0x110B, 0x1212, 0x1212, 0x0B2C, 0x1211, 0x1212, 0x1212, 0x0B2C, 0x1212,
    0x1212, 0x1212, 0x152C, 0x1212, 0x1212, 0x0B11, 0x0B0B, 0x1111, 0x0B11, 0x0B0B, 0x120B, 0x1212,
    0x1112, 0x0B11, 0x120B, 0x1212, 0x1212, 0x0B11, 0x0B0A, 0x1212, 0x1212, 0x0B0B, 0x0A0A, 0x0B0B,
    0x0B0B, 0x0B0A, 0x050A, 0x0A05, 0x0A0A, 0x0A0A, 0x0A0A, 0x0A0A, 0x0A0A, 0x0A0A, 0x0A0A, 0x0A0A,
    0x0A05, 0x050A, 0x2C04, 0x0B0B, 0x0B0B, 0x0B0B, 0x0B04, 0x1211, 0x1212, 0x1212, 0x110B, 0x1212,
    0x1212, 0x1212, 0x1211, 0x1212, 0x1212, 0x1212, 0x1211, 0x1212, 0x1212, 0x1212, 0x110B, 0x1212,
    0x1212, 0x0512, 0x0B05, 0x1205, 0x1205, 0x0505, 0x0A05, 0x1105, 0x0505, 0x0505, 0x0B0B, 0x2C2C,
    0x2C2C, 0x2C2C, 0x1112, 0x0B0B, 0x042C, 0x052C, 0x0B12, 0x1111, 0x040B, 0x052C, 0x1112, 0x1212,
    0x0B11, 0x050B, 0x1112, 0x1212, 0x1212, 0x0B11, 0x120B, 0x1205, 0x1212, 0x1112, 0x0511, 0x1205,
    0x0512, 0x1212, 0x0512, 0x0505, 0x0505, 0x1112, 0x2C2C, 0x0A2C, 0x0B0B, 0x050B, 0x052C, 0x0B2C,
    0x1211, 0x0B11, 0x040A, 0x110B, 0x1212, 0x1112, 0x0A0A, 0x110B, 0x1212, 0x1212, 0x0A0A, 0x110B,
    0x0512, 0x0512, 0x0A0B, 0x0B0A, 0x0511, 0x0511, 0x0A0B, 0x050A, 0x0505, 0x050B, 0x0A0B, 0x0505,
    0x0A05, 0x0A0A, 0x2C2C, 0x2C2C, 0x052C, 0x2C2C, 0x042C, 0x2C2C, 0x042C, 0x2C05, 0x042C, 0x2C04,
    0x0405, 0x0B0A, 0x0B11, 0x050A, 0x0A0A, 0x0B0A, 0x0A0B, 0x0505, 0x0A0A, 0x0B0A, 0x050A, 0x0A05,
    0x0A0A, 0x0A0A, 0x0A0A, 0x0A0A, 0x0A0A, 0x0A0A, 0x0A0A, 0x0A0A, 0x0A05, 0x050A, 0x152C, 0x1111,
    0x1511, 0x0B0B, 0x022C, 0x1515, 0x1515, 0x0B0B, 0x022C, 0x0B15, 0x0515, 0x0B0B, 0x022C, 0x0B15,
    0x1502, 0x1211, 0x022C, 0x0B15, 0x0B15, 0x1212, 0x022C, 0x1515, 0x0B15, 0x1211, 0x2D2A, 0x1502,
    0x1502, 0x0B0B, 0x2A2A, 0x022D, 0x1502, 0x0B15, 0x0B0B, 0x0B0B, 0x2C0B, 0x2C2C, 0x0B0B, 0x1111,
    0x0B11, 0x2C2C, 0x0B0B, 0x1211, 0x1112, 0x2C0B, 0x0B0B, 0x1211, 0x1212, 0x0B11, 0x1111, 0x0B0B,
    0x1212, 0x0B11, 0x1212, 0x1212, 0x1211, 0x0B11, 0x1212, 0x1212, 0x1112, 0x0B11, 0x1211, 0x1212,
    0x1212, 0x2A0B, 0x0A0A, 0x050A, 0x2B05, 0x2C2C, 0x0A05, 0x0A0A, 0x2C0A, 0x2C2C, 0x0A0A, 0x0A0A,
    0x2C0A, 0x2C2C, 0x0A0A, 0x050A, 0x2B0A, 0x2C2C, 0x0A0A, 0x0505, 0x0B0B, 0x2C2C, 0x050A, 0x0B05,
    0x1111, 0x2C0B, 0x0A0A, 0x110B, 0x1212, 0x0B11, 0x0B0B, 0x0B0B, 0x1111, 0x0B0B, 0x2C2C, 0x2C2C,
    0x2C2C, 0x2C2C, 0x2C2C, 0x2A2C, 0x2C2A, 0x2A2C, 0x2C2C, 0x2C2C, 0x2A2A, 0x2A2A, 0x2A2C, 0x2C2C,
    0x2A2C, 0x2A2A, 0x2C2C, 0x2C2A, 0x2A2C, 0x2A2A, 0x2C2C, 0x2A2C, 0x2A2A, 0x2A2A, 0x2C2C, 0x2C2A,
    0x2A2C, 0x2A2A, 0x2C2C, 0x2C2C, 0x2A2C, 0x2A2A, 0x2A2A, 0x2A2A, 0x2A2A, 0x2A2A, 0x2A2A, 0x2A2A,
    0x2A2A, 0x2A2A, 0x2A2A, 0x2A2A, 0x2A2A, 0x2A2A, 0x2A2A, 0x2A2A, 0x2A2A, 0x2A2A, 0x2A2A, 0x2A2A,
    0x2A2A, 0x2A2A, 0x2A2A, 0x2A2A, 0x2A2A, 0x2A2A, 0x2A2A, 0x2A2A, 0x2A2A, 0x2A2A, 0x2A2A, 0x2A2A,
    0x2A2A, 0x2A2A, 0x2A2A, 0x2A2A, 0x2A2A, 0x2A2A, 0x2A2A, 0x2A2A, 0x2A2A, 0x2A2A, 0x2A2A, 0x2A2A,
    0x2A2B, 0x2A2A, 0x2A2A, 0x2A2A, 0x2C2A, 0x2A2A, 0x2A2A, 0x2A2A, 0x2A00, 0x2A2A, 0x2B2A, 0x2A2B,
    0x2A2A, 0x2A2A, 0x2B2A, 0x2C2B, 0x2A2A, 0x2A2A, 0x2A2A, 0x2C2C, 0x2A2A, 0x2A2A, 0x2A2A, 0x2A2A,
    0x2A2A, 0x2C2C, 0x2C2A, 0x2A2C, 0x2A2A, 0x2C2A, 0x2C2A, 0x2A2C, 0x2C2A, 0x2C2C, 0x2A2A, 0x2A2A,
    0x002A, 0x2C2C, 0x2A2A, 0x2A2A, 0x2A2A, 0x2A2A, 0x2A2A, 0x2A2A, 0x2C2C, 0x2A2C, 0x2A2A, 0x2C2A,
    0x2C2C, 0x2C2C, 0x2A2A, 0x2C2A, 0x2C2C, 0x2C2C, 0x2C2C, 0x050B, 0x0A05, 0x0A0A, 0x052C, 0x0A15,
    0x0A0A, 0x050A, 0x2B2C, 0x0A05, 0x0A0A, 0x0A0A, 0x2C2C, 0x002B, 0x0A05, 0x0A0A, 0x2C2C, 0x0B0B,
    0x0505, 0x0A0A, 0x0B2C, 0x1111, 0x050B, 0x0A05, 0x110B, 0x1212, 0x0B11, 0x0A0A, 0x0B0B, 0x1111,
    0x0B0B, 0x0B0B, 0x2C2C, 0x2C2C, 0x2C2C, 0x2C2C, 0x2C2C, 0x2C2C, 0x2C2C, 0x2C2C, 0x2C2C, 0x2C2C,
    0x2A2C, 0x2C2C, 0x2C2C, 0x2C2C, 0x2A2C, 0x2A2A, 0x2A2C, 0x2C2C, 0x002A, 0x2A2A, 0x2A2A, 0x2A2A,
    0x2A2A, 0x2A2A, 0x2A2A, 0x2A2A, 0x2A2A, 0x2A2A, 0x2A2A, 0x2A2A, 0x2A2A, 0x2A2A, 0x110B, 0x1212,
    0x1212, 0x1212, 0x0B0B, 0x1211, 0x1212, 0x1212, 0x0B0B, 0x110B, 0x1212, 0x1212, 0x0B2C, 0x0B0B,
    0x110B, 0x1112, 0x2C2C, 0x110B, 0x1212, 0x1212, 0x0B2C, 0x1211, 0x1212, 0x1212, 0x0B2C, 0x1212,
    0x1212, 0x1212, 0x152C, 0x1212, 0x1212, 0x0B11, 0x2E2E, 0x2F2F, 0x2E2E, 0x2F2F, 0x2F2E, 0x2F2F,
    0x2E2F, 0x2E2E, 0x2F2F, 0x2F2F, 0x2E2E, 0x2E2E, 0x2F2F, 0x2F2F, 0x2E2E, 0x302E, 0x2F2E, 0x2E2F,
    0x2E2E, 0x3030, 0x332E, 0x2E33, 0x2E2E, 0x3030, 0x3333, 0x2E2E, 0x2E00, 0x302E, 0x2E33, 0x2E2E,
    0x0000, 0x2E2E, 0x0000, 0x0000, 0x2E2E, 0x0000, 0x0000, 0x2E00, 0x2E2E, 0x002E, 0x0000, 0x2E00,
    0x2E2E, 0x002E, 0x0000, 0x0000, 0x2E2E, 0x002E, 0x0000, 0x2E00, 0x2E2E, 0x0000, 0x002E, 0x2E2E,
    0x2E2E, 0x002E, 0x2E2E, 0x2F2F, 0x2E2E, 0x2E2E, 0x2F2E, 0x2F2F, 0x2E2F, 0x2E2E, 0x0000, 0x0000,
    0x0000, 0x0000, 0x0000, 0x0000, 0x0000, 0x0000, 0x0000, 0x0000, 0x0000, 0x0000, 0x0000, 0x0000,
    0x2E00, 0x002E, 0x0000, 0x0000, 0x2E2E, 0x2F2E, 0x0000, 0x0000, 0x2E00, 0x2F2F, 0x0000, 0x0000,
    0x0000, 0x2F2F, 0x002E, 0x0000, 0x0000, 0x2F2F, 0x0000, 0x0000, 0x0000, 0x0000, 0x0000, 0x0000,
    0x0000, 0x0000, 0x0000, 0x0000, 0x0000, 0x0000, 0x0000, 0x0000, 0x0000, 0x0000, 0x002F, 0x0000,
    0x0000, 0x0000, 0x2F2F, 0x0000, 0x0000, 0x0000, 0x2F2F, 0x0000, 0x0000, 0x0000, 0x2F2F, 0x0000,
    0x0000, 0x0000, 0x2F2F, 0x0000, 0x0000, 0x0000, 0x0000, 0x2E2E, 0x002E, 0x0000, 0x2F2F, 0x2E2E,
    0x2E2E, 0x2F00, 0x2F2F, 0x2E2F, 0x2E2E, 0x2F2E, 0x2F2F, 0x2E2F, 0x2E2E, 0x2F2E, 0x2F2F, 0x2E2F,
    0x2E2E, 0x2F2E, 0x2F2F, 0x2E2E, 0x2E2E, 0x002E, 0x002F, 0x2E00, 0x2E2E, 0x2E00, 0x2E2E, 0x2F2F,
    0x2E2E, 0x2F2F, 0x2F2E, 0x2F2F, 0x2E2F, 0x2F2F, 0x2F2F, 0x302F, 0x2E30, 0x2F2E, 0x2F2F, 0x3030,
    0x3030, 0x2E2E, 0x2F2F, 0x3030, 0x0101, 0x2E2E, 0x2F2E, 0x0101, 0x0101, 0x0000, 0x2E30, 0x012E,
    0x0001, 0x0000, 0x3030, 0x2E2E, 0x002E, 0x0000, 0x002F, 0x0000, 0x0000, 0x0000, 0x2E2F, 0x0000,
    0x0000, 0x0000, 0x2E2E, 0x0000, 0x0000, 0x0000, 0x002E, 0x0000, 0x0000, 0x0000, 0x0000, 0x0000,
    0x0000, 0x0000, 0x0000, 0x0000, 0x0000, 0x0000, 0x0000, 0x0000, 0x2E00, 0x002E, 0x0000, 0x0000,
    0x2E2F, 0x2E2E, 0x0000, 0x0000, 0x2E00, 0x2E2E, 0x0000, 0x0000, 0x2E2E, 0x2E2E, 0x2E2E, 0x002E,
    0x2E2E, 0x2E2E, 0x2E2E, 0x2E2E, 0x2E2E, 0x2E2E, 0x2E2E, 0x2E2E, 0x2E2F, 0x2F2E, 0x2E00, 0x2F2E,
    0x2F2F, 0x2F2E, 0x0000, 0x2F00, 0x2F2F, 0x2E2F, 0x2E2E, 0x2F2E, 0x2F2F, 0x2F2F, 0x0000, 0x0000,
    0x2E00, 0x2E2E, 0x002E, 0x0000, 0x2E00, 0x2E2E, 0x2E2E, 0x0000, 0x2E00, 0x2E2E, 0x2E2E, 0x0000,
    0x0000, 0x2E2E, 0x2E2F, 0x0000, 0x0000, 0x2E2E, 0x2F2F, 0x2E2E, 0x0000, 0x2E2E, 0x2F2F, 0x2E2F,
    0x002E, 0x2E00, 0x2F2F, 0x2E2F, 0x2E2E, 0x0000, 0x0000, 0x0000, 0x2E2E, 0x2E2E, 0x0000, 0x2F00,
    0x2F2F, 0x2E2F, 0x002E, 0x2F2F, 0x2F2F, 0x2F2F, 0x3030, 0x2F2F, 0x2F30, 0x2F2F, 0x3030, 0x3030,
    0x3030, 0x2F2F, 0x3030, 0x0130, 0x3001, 0x2E30, 0x3030, 0x0101, 0x0101, 0x2E30, 0x002E, 0x0100,
    0x3001, 0x0000, 0x2F2F, 0x2E2F, 0x0000, 0x2E2E, 0x2F2F, 0x2E2F, 0x2E2E, 0x2E2E, 0x2F30, 0x2E2F,
    0x2E2E, 0x2E2E, 0x3030, 0x2E2E, 0x2E2E, 0x2E2E, 0x3030, 0x2E2E, 0x2F2E, 0x2E2F, 0x3030, 0x2E2E,
    0x2F2F, 0x2F2F, 0x2F30, 0x2F2E, 0x2F2E, 0x2F2F, 0x2E2E, 0x2F2F, 0x2E2F, 0x2E2F, 0x002E, 0x2E2F,
    0x2F30, 0x2F2F, 0x2F2E, 0x2F2F, 0x302F, 0x3030, 0x2F2F, 0x302F, 0x2F30, 0x302F, 0x2F2E, 0x3030,
    0x0101, 0x2E2F, 0x2E2E, 0x0130, 0x0101, 0x2E01, 0x2E2E, 0x2F2E, 0x0101, 0x0E2E, 0x2E2E, 0x2E2E,
    0x2E2E, 0x0E0E, 0x2E2E, 0x2E2E, 0x0E2E, 0x0E33, 0x3031, 0x2E30, 0x2E2E, 0x0000, 0x3030, 0x2E2E,
    0x002E, 0x0000, 0x2E30, 0x002E, 0x0000, 0x0000, 0x2E2E, 0x2E2E, 0x2E2E, 0x002E, 0x2E0E, 0x2E2E,
    0x2E2E, 0x2E2E, 0x2E2E, 0x2E2E, 0x2E2E, 0x2E2E, 0x2E2E, 0x2E2E, 0x2E2E, 0x002E, 0x2E00, 0x2E2E,
    0x2E2E, 0x0000, 0x2E2E, 0x2E2E, 0x0000, 0x2E00, 0x2E2F, 0x2E2E, 0x002E, 0x2E2E, 0x2F2F, 0x2E2F,
    0x2E2E, 0x2E2E, 0x2F2F, 0x2F2F, 0x2E2E, 0x2E00, 0x2F2F, 0x2F2F, 0x2E2F, 0x0000, 0x2F2F, 0x2F2F,
    0x002F, 0x0000, 0x2F2F, 0x2F2F, 0x0000, 0x0000, 0x002E, 0x0000, 0x0000, 0x0000, 0x2E2E, 0x0000,
    0x0000, 0x0000, 0x2E2E, 0x0000, 0x0000, 0x0000, 0x2E2E, 0x002E, 0x0000, 0x0000, 0x2E2E, 0x002E,
    0x0000, 0x0000, 0x2E00, 0x0000, 0x0000, 0x0000, 0x0000, 0x0000, 0x0000, 0x0000, 0x0000, 0x0000,
    0x0000, 0x0000, 0x0000, 0x0000, 0x0000, 0x0000, 0x0000, 0x0000, 0x0000, 0x0000, 0x2E00, 0x002E,
    0x0000, 0x0000, 0x2E2E, 0x2E2E, 0x0000, 0x0000, 0x2E2E, 0x2E2E, 0x2F2E, 0x002F, 0x2E00, 0x2E2E,
    0x2F2F, 0x2F2F, 0x0000, 0x2E2E, 0x2F2E, 0x2F2F, 0x0000, 0x2E00, 0x2E2E, 0x2F2F, 0x0000, 0x2E2E,
    0x2E2E, 0x2F2E, 0x0000, 0x0000, 0x2E00, 0x322E, 0x0000, 0x0000, 0x0000, 0x2E2E, 0x0000, 0x0000,
    0x0000, 0x2E00, 0x0000, 0x0000, 0x0000, 0x0000, 0x002F, 0x0000, 0x0000, 0x0000, 0x2F2F, 0x0000,
    0x0000, 0x0000, 0x2F2F, 0x0000, 0x0000, 0x0000, 0x2E2F, 0x002E, 0x0000, 0x0000, 0x3030, 0x2E2E,
    0x2E2E, 0x2E2E, 0x0E30, 0x2E0E, 0x2F2F, 0x2E2F, 0x0E2E, 0x2F0E, 0x2F2F, 0x2F2F, 0x2E2E, 0x2F0E,
    0x3030, 0x2F2F, 0x0000, 0x302E, 0x3030, 0x2F30, 0x0000, 0x2E00, 0x3030, 0x3030, 0x0000, 0x2E00,
    0x302E, 0x2E30, 0x0000, 0x2E00, 0x2E2E, 0x2E2E, 0x2E2E, 0x0E2E, 0x2E0E, 0x2E2E, 0x2E2E, 0x2E2E,
    0x0E0E, 0x2E2E, 0x2E2E, 0x2E2E, 0x0E2E, 0x2F0E, 0x2E2E, 0x2E2E, 0x2E2E, 0x2F2F, 0x2E2F, 0x2E2E,
    0x2E2E, 0x302F, 0x2E2E, 0x2F2E, 0x2E2F, 0x3030, 0x2E2E, 0x2F30, 0x2F2F, 0x3030, 0x302E, 0x3030,
    0x2E2F, 0x302E, 0x2E2E, 0x2E2E, 0x2E2E, 0x2E2E, 0x2F2F, 0x2E2F, 0x2E2E, 0x2E2E, 0x2F2F, 0x2F2F,
    0x2E2E, 0x2E2E, 0x2F2F, 0x2F2F, 0x2E2E, 0x2E2E, 0x3030, 0x2F2F, 0x2E2E, 0x2E2E, 0x3030, 0x2E30,
    0x2F2E, 0x2F2F, 0x3030, 0x2E2E, 0x2F2F, 0x2F2F, 0x2E30, 0x2F2F, 0x2F2F, 0x3030, 0x2E2E, 0x2E2E,
    0x2F2F, 0x2E2F, 0x0000, 0x2E2E, 0x2F2F, 0x2F2E, 0x002E, 0x2E00, 0x302E, 0x2E2E, 0x2E2E, 0x2E2E,
    0x3030, 0x2E30, 0x2E2E, 0x302E, 0x3030, 0x2E30, 0x2E2F, 0x302E, 0x3030, 0x2E01, 0x2F2F, 0x302E,
    0x0130, 0x2E01, 0x2F2F, 0x2F2E, 0x0101, 0x2E2E, 0x302F, 0x2F2F, 0x2E2F, 0x2E2E, 0x3030, 0x2F30,
    0x2E2E, 0x2E2E, 0x3030, 0x2E30, 0x2E2E, 0x2E2E, 0x302E, 0x2E2E, 0x2E2E, 0x2E2E, 0x2E2E, 0x2E2E,
    0x2E2E, 0x2F2F, 0x2E2E, 0x2E2E, 0x2F2E, 0x2F2F, 0x2E2E, 0x0E2E, 0x2F2F, 0x2F2F, 0x2E2E, 0x2E0E,
    0x2F2F, 0x302F, 0x2E2E, 0x2F2E, 0x2F2F, 0x332F, 0x2E2E, 0x2E2E, 0x2F2F, 0x0E33, 0x2E2E, 0x2E2E,
    0x332E, 0x2E0E, 0x2E2E, 0x2F2E, 0x2F2F, 0x2E2E, 0x2E2E, 0x2F2F, 0x2F2F, 0x2E2F, 0x2E2F, 0x2F2F,
    0x2F2F, 0x2F2F, 0x2F2F, 0x2F2F, 0x2F2F, 0x3030, 0x2F30, 0x2F2F, 0x302F, 0x3030, 0x2E2E, 0x2E2E,
    0x2F2E, 0x0000, 0x2E2E, 0x2E2E, 0x2F2F, 0x002F, 0x2E2E, 0x2F2E, 0x2F2F, 0x002F, 0x2E2E, 0x2F2E,
    0x2F2F, 0x0000, 0x2E00, 0x2E2E, 0x002F, 0x0000, 0x0000, 0x0000, 0x0000, 0x0000, 0x0000, 0x0000,
    0x0000, 0x0000, 0x0000, 0x0000, 0x0000, 0x0000, 0x2E2E, 0x3030, 0x3030, 0x3030, 0x2E2E, 0x3030,
    0x3030, 0x2F30, 0x2E00, 0x302E, 0x3030, 0x2F2E, 0x0000, 0x2E2E, 0x002E, 0x2F2F, 0x0000, 0x0000,
    0x2E00, 0x3030, 0x0000, 0x0000, 0x2E00, 0x3030, 0x0000, 0x0000, 0x0000, 0x302E, 0x2E00, 0x2E2E,
    0x0000, 0x3000, 0x2F2F, 0x2F2E, 0x2E00, 0x012F, 0x2F30, 0x2E2F, 0x2F2E, 0x2F2F, 0x2F30, 0x2E2F,
    0x2F2F, 0x2F30, 0x2F30, 0x2F2E, 0x302F, 0x3030, 0x2E2F, 0x2F2E, 0x302F, 0x3030, 0x2E2E, 0x2F2F,
    0x302F, 0x3030, 0x2E2E, 0x2F2F, 0x2F2F, 0x3030, 0x2E2F, 0x2F2E, 0x2F2F, 0x2F2F, 0x0101, 0x3001,
    0x2F30, 0x0101, 0x0101, 0x3030, 0x2F2F, 0x012F, 0x2F2F, 0x2F2F, 0x3030, 0x2F2F, 0x2F2F, 0x302F,
    0x3030, 0x2F30, 0x3030, 0x3030, 0x3001, 0x2F30, 0x2F30, 0x0130, 0x0101, 0x2E30, 0x2F2F, 0x0101,
    0x0101, 0x2E2E, 0x2F2F, 0x012F, 0x2E01, 0x2E2E, 0x0101, 0x2E2E, 0x2E2E, 0x2F2F, 0x2E01, 0x2E2E,
    0x2F2E, 0x2F2F, 0x2F2F, 0x2E2E, 0x2F2F, 0x2F2F, 0x2F2F, 0x2E2F, 0x2F2F, 0x2F30, 0x2F2F, 0x2E2F,
    0x302F, 0x3030, 0x2F2F, 0x2F2E, 0x302F, 0x3030, 0x2F2F, 0x2F2F, 0x2F2F, 0x2E30, 0x2F2F, 0x2F2F,
    0x2F2F, 0x302F, 0x0E0E, 0x2E0E, 0x2E2E, 0x2E2E, 0x2E2F, 0x2E2E, 0x2E2F, 0x2E2E, 0x2E2F, 0x2F2E,
    0x2F2F, 0x2E2E, 0x2E2F, 0x2F2F, 0x2F2F, 0x2E2E, 0x2E2F, 0x2F2F, 0x2F2F, 0x2E2E, 0x2E2E, 0x2F2E,
    0x2E2F, 0x2E2E, 0x2E2E, 0x000E, 0x2E2E, 0x2E2E, 0x0E2E, 0x002E, 0x2E00, 0x2E2E, 0x0000, 0x0000,
    0x2E00, 0x2E2E, 0x0000, 0x0000, 0x2E00, 0x2E2E, 0x0000, 0x0000, 0x0000, 0x2E2E, 0x0000, 0x0000,
    0x0000, 0x0E00, 0x0000, 0x0000, 0x2E00, 0x2E2E, 0x0000, 0x0000, 0x2F2E, 0x2F2F, 0x0000, 0x0000,
    0x2F2F, 0x2F2F, 0x0000, 0x0000, 0x2F00, 0x2F2F, 0x002E, 0x0000, 0x0000, 0x0E00, 0x2E2E, 0x0000,
    0x0000, 0x0E00, 0x2E2E, 0x0000, 0x0000, 0x0E00, 0x002E, 0x2E2E, 0x0000, 0x0E00, 0x0E0E, 0x2E2E,
    0x002E, 0x0000, 0x0E0E, 0x2E0E, 0x002E, 0x0000, 0x2E2F, 0x0E0E, 0x0000, 0x0000, 0x002F, 0x0E00,
    0x000E, 0x0000, 0x0E0E, 0x000E, 0x0000, 0x0000, 0x0E33, 0x0E0E, 0x0000, 0x2E00, 0x3333, 0x0E0E,
    0x0000, 0x0000, 0x3333, 0x0E0E, 0x0000, 0x0000, 0x330E, 0x0E0E, 0x0000, 0x0000, 0x0E0E, 0x0E33,
    0x0000, 0x0000, 0x3433, 0x0E33, 0x0000, 0x0000, 0x3433, 0x0E34, 0x000E, 0x0000, 0x0000, 0x2F00,
    0x002F, 0x2E2E, 0x0000, 0x2F2F, 0x2F2F, 0x2E2E, 0x0000, 0x2F2F, 0x2F2F, 0x2E2F, 0x0000, 0x2F00,
    0x2F2F, 0x2E2F, 0x0000, 0x0000, 0x2F2F, 0x2E2E, 0x0000, 0x0000, 0x0000, 0x0000, 0x0000, 0x0000,
    0x0000, 0x2E2E, 0x0000, 0x0000, 0x2E00, 0x2E2E, 0x2F2F, 0x2F2F, 0x2F2F, 0x2E2E, 0x2F2F, 0x2F2F,
    0x2F2F, 0x2E2E, 0x2F2E, 0x2F2F, 0x2E2F, 0x2E2E, 0x002E, 0x2F2F, 0x2E0E, 0x2F2E, 0x0000, 0x0E2E,
    0x2E0E, 0x2F2F, 0x2E00, 0x0E2E, 0x2E0E, 0x2F2F, 0x2E2E, 0x0E2E, 0x2E0E, 0x2F2E, 0x2E2E, 0x2F2F,
    0x2E0E, 0x2E2E, 0x002E, 0x0000, 0x0000, 0x2F2F, 0x2E2E, 0x2E2E, 0x0000, 0x2F2F, 0x2F2F, 0x2E2E,
    0x002E, 0x2F00, 0x2F2F, 0x2E2F, 0x2E2E, 0x2E2E, 0x2F2F, 0x2E2F, 0x2E2E, 0x2E2E, 0x2F2F, 0x2E2E,
    0x2E2E, 0x2E2E, 0x2F2E, 0x2E2E, 0x2E2E, 0x2E2E, 0x2F2F, 0x002F, 0x2E00, 0x2E2E, 0x2F2F, 0x002E,
    0x0000, 0x0000, 0x2E2F, 0x2E2E, 0x0000, 0x0000, 0x2E2E, 0x2E2E, 0x0000, 0x0000, 0x2E2E, 0x2E2E,
    0x0000, 0x0000, 0x2E2E, 0x2E2E, 0x2F2F, 0x2F2F, 0x2E2E, 0x2F2E, 0x2F2F, 0x2F2F, 0x2E2E, 0x2F00,
    0x2F2F, 0x2F2F, 0x002E, 0x2F00, 0x2F2F, 0x2F2F, 0x0000, 0x0000, 0x0000, 0x0000, 0x0000, 0x0000,
    0x0000, 0x0000, 0x0000, 0x0000, 0x0000, 0x0000, 0x0000, 0x0000, 0x0000, 0x0000, 0x0000, 0x0000,
    0x0000, 0x0000, 0x302F, 0x0000, 0x2E2E, 0x0000, 0x302F, 0x2E30, 0x2E2E, 0x002E, 0x302F, 0x2E30,
    0x2E2E, 0x002E, 0x2E30, 0x2E2E, 0x002E, 0x2E00, 0x2E2E, 0x2E2E, 0x0000, 0x2E2E, 0x2E2E, 0x2E2E,
    0x2E00, 0x2E2E, 0x2E2E, 0x2E2E, 0x2E2E, 0x2E2E, 0x2E2E, 0x2F2E, 0x2E2E, 0x2F2F, 0x2F2E, 0x2E2F,
    0x2F2E, 0x2F2F, 0x2E2E, 0x2E2E, 0x2F2E, 0x2F2F, 0x2E2E, 0x002E, 0x0000, 0x2F2F, 0x2E2E, 0x0000,
    0x2E2F, 0x2E2E, 0x2E2E, 0x002E, 0x2F2F, 0x2E2E, 0x2E2E, 0x2E2E, 0x2F00, 0x2F2F, 0x2E2E, 0x2E2E,
    0x0000, 0x2F2F, 0x2E2E, 0x2E2E, 0x002E, 0x0000, 0x2E2F, 0x2E2E, 0x2E2E, 0x0000, 0x2F2F, 0x2E2E,
    0x2E2E, 0x0000, 0x2F2F, 0x2E2E, 0x002E, 0x0000, 0x2E2E, 0x2E2E, 0x2F2F, 0x2F2F, 0x2E2E, 0x2E2E,
    0x2F2E, 0x2F2F, 0x2F2F, 0x2E2F, 0x002E, 0x2E2E, 0x2F2F, 0x2F2F, 0x002E, 0x0000, 0x2F2F, 0x2F2F,
    0x0000, 0x2E00, 0x2F2F, 0x002F, 0x0000, 0x2E2E, 0x2E2F, 0x2E2E, 0x2E00, 0x2E2E, 0x2F30, 0x2E2E,
    0x2E2E, 0x2E2E, 0x2F2F, 0x2E2E, 0x2E2E, 0x2E00, 0x2E2F, 0x2E00, 0x002E, 0x2E00, 0x2E2E, 0x002E,
    0x0000, 0x0000, 0x2E2E, 0x2E2E, 0x0000, 0x2F2F, 0x2E2E, 0x2E2E, 0x2E2E, 0x2F2F, 0x2E2E, 0x2E2E,
    0x2E2E, 0x2F2F, 0x2E2E, 0x2E2E, 0x2E2F, 0x2F2E, 0x2E2E, 0x2F2F, 0x2E2E, 0x2E2E, 0x2E2E, 0x2F2E,
    0x2F2F, 0x2E2F, 0x2E2E, 0x2F2E, 0x2F2F, 0x2E2F, 0x2E2E, 0x2F2E, 0x2F2F, 0x2E30, 0x2E2E, 0x2E2E,
    0x3030, 0x2E2E, 0x2E2F, 0x2E2E, 0x0E2E, 0x2E0E, 0x2E2F, 0x0E2E, 0x2F0E, 0x2E2F, 0x2E2F, 0x2E2E,
    0x2F2F, 0x2F2F, 0x2E2E, 0x2E2E, 0x2F2E, 0x2E2F, 0x2F2F, 0x2F2F, 0x2E2F, 0x2E2E, 0x2F2E, 0x2F2F,
    0x2E2E, 0x2E2E, 0x2E2E, 0x330E, 0x2E0E, 0x2E2E, 0x2E2E, 0x0E2E, 0x0E33, 0x2E2E, 0x2E2E, 0x2E2E,
    0x0E0E, 0x2E0E, 0x2E2E, 0x2E2E, 0x0E2E, 0x0E0E, 0x2E2E, 0x2E2E, 0x2F2E, 0x0E0E, 0x2E2E, 0x2E2E,
    0x2F2F, 0x0E2F, 0x2E2E, 0x2E2E, 0x332E, 0x2E0E, 0x2E2E, 0x2E2E, 0x0E33, 0x2E2F, 0x2E2E, 0x2E2E,
    0x2F0E, 0x2F2F, 0x2E2E, 0x0E2E, 0x2F2E, 0x2F2F, 0x2F2E, 0x0E2F, 0x2F2E, 0x2F2F, 0x2F2F, 0x2F2F,
    0x2E2E, 0x2E2F, 0x2F2F, 0x2F2F, 0x2E2E, 0x2E2E, 0x2F2F, 0x2F2F, 0x2E2F, 0x2E2E, 0x002E, 0x2E00,
    0x002E, 0x0000, 0x2E2E, 0x2E2E, 0x002E, 0x0000, 0x2E2E, 0x2E2E, 0x2E2E, 0x002E, 0x2E2E, 0x2E2E,
    0x2E2E, 0x2E2E, 0x2E2E, 0x2E2E, 0x2E2E, 0x2E2E, 0x2E2E, 0x0000, 0x2F2F, 0x002E, 0x002E, 0x2F00,
    0x2F2F, 0x002F, 0x2E2E, 0x2F2E, 0x2F2F, 0x0E2F, 0x2E2E, 0x0000, 0x0000, 0x2E00, 0x2E2E, 0x002E,
    0x2E00, 0x2E2E, 0x2E2E, 0x2E2E, 0x2E2E, 0x2E2E, 0x2E2E, 0x2F2F, 0x2E2E, 0x2E2E, 0x302E, 0x2F30,
    0x2E2F, 0x2E2E, 0x3030, 0x3030, 0x2F2F, 0x2E2E, 0x3030, 0x3030, 0x2F2F, 0x2E2E, 0x3000, 0x2F30,
    0x002F, 0x2E00, 0x2E2E, 0x002E, 0x0000, 0x0000, 0x2E2E, 0x2E2E, 0x0000, 0x0000, 0x2E2E, 0x2E2E,
    0x0000, 0x0000, 0x2E2E, 0x002E, 0x0000, 0x002F, 0x2E2E, 0x2E2E, 0x2F00, 0x2F2F, 0x2E2E, 0x2E2E,
    0x2F00, 0x2F2F, 0x2E2E, 0x002E, 0x0000, 0x002F, 0x2E2E, 0x0000, 0x0000, 0x0000, 0x2E00, 0x2E2E,
    0x002E, 0x2E00, 0x2E00, 0x2E2E, 0x2F00, 0x2F2F, 0x0000, 0x0000, 0x2F2F, 0x302F, 0x0000, 0x2F00,
    0x302F, 0x3030, 0x0000, 0x2F00, 0x0130, 0x3030, 0x0000, 0x2F00, 0x3001, 0x3030, 0x0000, 0x0000,
    0x3001, 0x3030, 0x0000, 0x0000, 0x0100, 0x3001, 0x2E2E, 0x2F00, 0x2F2F, 0x002F, 0x002F, 0x2F2F,
    0x2F2F, 0x2F2F, 0x2F30, 0x2F2F, 0x2F2F, 0x2F2F, 0x3030, 0x2F2F, 0x2F2F, 0x2F2F, 0x3030, 0x2F2F,
    0x2E2E, 0x2F2F, 0x2F30, 0x2E2E, 0x2F2F, 0x2E2E, 0x2E30, 0x2F2E, 0x2F2F, 0x2F2F, 0x2E2E, 0x302F,
    0x2F2F, 0x2F30, 0x0000, 0x0000, 0x2E2E, 0x2E2E, 0x0000, 0x0000, 0x2E2E, 0x2E2E, 0x002F, 0x2E2E,
    0x2F2E, 0x2E2E, 0x2E2F, 0x2E2E, 0x2E2E, 0x2F2F, 0x2E2E, 0x2E2E, 0x2E2E, 0x2E2E, 0x2E2E, 0x2E2E,
    0x2E2E, 0x2E00, 0x2E2E, 0x2E2E, 0x002E, 0x0000, 0x2E2F, 0x2E2E, 0x2F2F, 0x002F, 0x302F, 0x3030,
    0x2E30, 0x0E2E, 0x2F2E, 0x3030, 0x2E2E, 0x0E2E, 0x2E2E, 0x2E2E, 0x2E2E, 0x2E2E, 0x0E2E, 0x2E2E,
    0x2E2E, 0x2F2E, 0x2E2E, 0x0E0E, 0x2E2E, 0x2F2E, 0x2E2E, 0x0E2E, 0x0E0E, 0x2E2E, 0x2E2E, 0x2E2E,
    0x0E0E, 0x2E0E, 0x2E2E, 0x2E2E, 0x2E2E, 0x2F2F, 0x2F0E, 0x2F2F, 0x3030, 0x3030, 0x2F2F, 0x302F,
    0x0130, 0x0101, 0x2F2F, 0x0101, 0x0101, 0x0101, 0x012F, 0x0101, 0x0101, 0x0101, 0x0130, 0x0101,
    0x0101, 0x2F01, 0x3030, 0x0101, 0x0101, 0x2F2F, 0x302E, 0x3030, 0x2F00, 0x302F, 0x2E2F, 0x002E,
    0x0000, 0x012F, 0x2E30, 0x2E2E, 0x2E2E, 0x2E2E, 0x2F30, 0x2E2F, 0x2F2E, 0x2E2F, 0x2F30, 0x2F2F,
    0x2F2F, 0x2F2F, 0x2F2F, 0x3030, 0x2F2F, 0x302F, 0x302F, 0x3030, 0x2F30, 0x3030, 0x3001, 0x3030,
    0x3030, 0x3030, 0x0101, 0x3030, 0x3001, 0x3001, 0x0101, 0x0101, 0x3030, 0x0101, 0x0E2E, 0x2E0E,
    0x2F2F, 0x3030, 0x0E0E, 0x2E2E, 0x2F2E, 0x3030, 0x0E0E, 0x2E2E, 0x2E30, 0x302E, 0x0E2E, 0x302E,
    0x3030, 0x2E2E, 0x0E30, 0x302F, 0x3030, 0x2E2F, 0x3030, 0x2F2F, 0x2F30, 0x2E2F, 0x3030, 0x2F2F,
    0x2F2F, 0x2E2E, 0x0130, 0x2F2F, 0x2E2F, 0x0E2E, 0x3030, 0x2F30, 0x2F2E, 0x3030, 0x3030, 0x2F01,
    0x2E2F, 0x2E2E, 0x0101, 0x2F2F, 0x2E2F, 0x2E2E, 0x2F2E, 0x2F2F, 0x2F2E, 0x2E2E, 0x2E2E, 0x0E2E,
    0x2F2F, 0x2E2F, 0x2E2E, 0x2E0E, 0x2F2F, 0x2E2F, 0x0E2E, 0x2E0E, 0x2F2E, 0x2E2E, 0x0E0E, 0x0E2E,
    0x0E0E, 0x2E2E, 0x0000, 0x0000, 0x0000, 0x0000, 0x0000, 0x0000, 0x0000, 0x0000, 0x0000, 0x0000,
    0x0000, 0x0000, 0x0000, 0x0000, 0x0000, 0x0000, 0x0000, 0x2E00, 0x002E, 0x0000, 0x0000, 0x2E2E,
    0x2E2E, 0x2F00, 0x0000, 0x2E2E, 0x2E2E, 0x2F2E, 0x0000, 0x2E2E, 0x2E2E, 0x2E00, 0x2E2E, 0x2E2E,
    0x2E2E, 0x0000, 0x2E2E, 0x2E2E, 0x2E2E, 0x002E, 0x2E00, 0x2E2E, 0x2E2E, 0x2E2E, 0x0000, 0x2E2E,
    0x2E2E, 0x2F2E, 0x2F2F, 0x2F2F, 0x2E2E, 0x2F2E, 0x2F2F, 0x2F2F, 0x2E2F, 0x2E2E, 0x2F2F, 0x2F2F,
    0x2E2F, 0x0E2E, 0x2F2F, 0x2F2F, 0x2E2E, 0x0E0E, 0x2F2F, 0x2E2E, 0x2F2F, 0x2E2E, 0x2F2F, 0x2E2E,
    0x2E2E, 0x2E2E, 0x2E2F, 0x2E2E, 0x2E2E, 0x2F2F, 0x2F2E, 0x2E2F, 0x2F2F, 0x2F2F, 0x2F30, 0x2F2F,
    0x2F2F, 0x2F2F, 0x2F2F, 0x2F2F, 0x2F2F, 0x2F2F, 0x2F30, 0x2F2F, 0x2F2E, 0x2E2F, 0x3030, 0x2E30,
    0x2E2E, 0x2E2E, 0x2F2F, 0x2F2F, 0x2E2E, 0x2F2E, 0x2F2E, 0x2F2F, 0x3030, 0x2F2F, 0x2F2E, 0x302F,
    0x3030, 0x2F30, 0x2E2F, 0x3030, 0x0101, 0x2F30, 0x0E2F, 0x0130, 0x0101, 0x2F01, 0x0E0E, 0x300E,
    0x0101, 0x2F2F, 0x0E0E, 0x2F2F, 0x2F2F, 0x2F2F, 0x0E0E, 0x2F2F, 0x2F2F, 0x2F2F, 0x2F2F, 0x2F30,
    0x2F2F, 0x3030, 0x302F, 0x3030, 0x302F, 0x0130, 0x3030, 0x3030, 0x302F, 0x0101, 0x3030, 0x3030,
    0x012F, 0x0101, 0x0130, 0x3030, 0x2F30, 0x0101, 0x0101, 0x0101, 0x2F2F, 0x2F2F, 0x012F, 0x2F01,
    0x2F2F, 0x2E2E, 0x2E2F, 0x2F2E, 0x2E2F, 0x0E2E, 0x0E30, 0x2E2E, 0x2E00, 0x2E2E, 0x3030, 0x2E2E,
    0x002E, 0x2E2E, 0x3001, 0x2E2E, 0x2F2F, 0x2E2F, 0x2F01, 0x2F2E, 0x2F2F, 0x2F2F, 0x2E2F, 0x2F2E,
    0x2F2F, 0x2F2F, 0x2E0E, 0x2F2E, 0x2F2F, 0x2F2F, 0x2E0E, 0x2E2E, 0x2F2F, 0x3030, 0x2E2E, 0x2E2E,
    0x302F, 0x0E30, 0x332E, 0x3333, 0x0E0E, 0x2E2E, 0x2E2E, 0x0E0E, 0x2E00, 0x2E2E, 0x2E2F, 0x2E2E,
    0x002E, 0x2E2E, 0x2E2F, 0x2E2E, 0x002E, 0x0000, 0x2E2E, 0x2E2E, 0x0000, 0x0000, 0x0000, 0x0000,
    0x0000, 0x0000, 0x0000, 0x0000, 0x0000, 0x0000, 0x0000, 0x0000, 0x0000, 0x0000, 0x0000, 0x2E2F,
    0x0E2E, 0x0000, 0x2F00, 0x2F2F, 0x2E2E, 0x000E, 0x0000, 0x2E2F, 0x0E2E, 0x000E, 0x0000, 0x0000,
    0x0000, 0x0E0E, 0x0000, 0x0000, 0x0000, 0x330E, 0x0000, 0x0000, 0x0000, 0x0E00, 0x0000, 0x0000,
    0x0000, 0x0E00, 0x0000, 0x0000, 0x0000, 0x0000, 0x3433, 0x0E35, 0x000E, 0x2E2E, 0x3300, 0x0E36,
    0x2E0E, 0x2E2E, 0x3300, 0x0E35, 0x2E0E, 0x2E2E, 0x3300, 0x0E33, 0x000E, 0x0000, 0x330E, 0x0E33,
    0x000E, 0x0000, 0x0E33, 0x0E36, 0x000E, 0x0000, 0x3333, 0x0E35, 0x000E, 0x0000, 0x330E, 0x0E33,
    0x000E, 0x0000, 0x0000, 0x2E00, 0x002E, 0x2E2E, 0x0000, 0x0000, 0x2E00, 0x2E2E, 0x0000, 0x0000,
    0x2E2E, 0x2E2E, 0x0000, 0x0000, 0x2E2E, 0x2E2E, 0x0000, 0x0000, 0x2E2E, 0x2E2E, 0x0000, 0x0000,
    0x2E00, 0x002E, 0x0000, 0x0000, 0x0000, 0x2E00, 0x0000, 0x0000, 0x0000, 0x2E00, 0x2F2E, 0x2E2F,
    0x0E2E, 0x2F0E, 0x2E2E, 0x2E2E, 0x2E0E, 0x2F2F, 0x2E2E, 0x2E2E, 0x2E2E, 0x2F30, 0x2E2E, 0x2E2E,
    0x2E2E, 0x302E, 0x2E2E, 0x002E, 0x2E00, 0x2E2E, 0x2E2E, 0x2E2E, 0x0000, 0x2E00, 0x2E2E, 0x2E2E,
    0x0000, 0x2E2E, 0x2E2E, 0x002E, 0x2E00, 0x3030, 0x2F2E, 0x2E2E, 0x2E2E, 0x2F2F, 0x2E00, 0x2E2E,
    0x2F2E, 0x2F2F, 0x2E00, 0x2E2E, 0x2F2F, 0x2F2F, 0x2E2E, 0x2E2E, 0x2F2F, 0x2F2F, 0x2E2E, 0x002E,
    0x2F2F, 0x2F2F, 0x2E2E, 0x0000, 0x2F2E, 0x0E2F, 0x2E2E, 0x0000, 0x2E00, 0x0E2E, 0x2F2E, 0x002F,
    0x0000, 0x0E2E, 0x0E2E, 0x2F2F, 0x2F2F, 0x2F2F, 0x0E2F, 0x2F0E, 0x2F2F, 0x2F2E, 0x0E2F, 0x0E0E,
    0x2E2E, 0x2F2E, 0x0E2E, 0x2E0E, 0x2E2E, 0x2E2E, 0x330E, 0x0E0E, 0x2E2E, 0x2E2E, 0x3333, 0x0E0E,
    0x2E2E, 0x2E2E, 0x3333, 0x0E0E, 0x2E0E, 0x2E2E, 0x3333, 0x0E0E, 0x2F2E, 0x2E2F, 0x2E2E, 0x2E2E,
    0x002E, 0x2E2E, 0x2E2E, 0x2E2E, 0x2E2E, 0x2E2E, 0x2E2E, 0x2E2E, 0x2E2E, 0x2E2E, 0x2E2E, 0x2E2E,
    0x2E00, 0x2E2E, 0x2E2E, 0x002E, 0x0000, 0x0000, 0x002E, 0x0000, 0x0000, 0x0000, 0x0000, 0x0000,
    0x0000, 0x2E2E, 0x002E, 0x0000, 0x2F00, 0x2E2F, 0x2E2E, 0x0000, 0x0000, 0x0000, 0x2E2E, 0x0000,
    0x0000, 0x0000, 0x002E, 0x0000, 0x0000, 0x0000, 0x0000, 0x0000, 0x0000, 0x0000, 0x0000, 0x0000,
    0x0000, 0x0000, 0x2F2F, 0x002F, 0x0000, 0x0000, 0x2F2F, 0x2F2F, 0x0000, 0x0000, 0x2F2E, 0x2F2F,
    0x0000, 0x0000, 0x2F2E, 0x2F2F, 0x002F, 0x0000, 0x2F2F, 0x2F2F, 0x002F, 0x0000, 0x2F2F, 0x2F2F,
    0x002F, 0x2F2F, 0x2F2F, 0x2F2F, 0x2F00, 0x2F2F, 0x2F00, 0x002F, 0x2F2F, 0x2F2F, 0x0000, 0x0000,
    0x2F2F, 0x2F2F, 0x0000, 0x0000, 0x2F2F, 0x2F2F, 0x0000, 0x0000, 0x2F2F, 0x2F2F, 0x0E2E, 0x302E,
    0x2F30, 0x2F30, 0x2E2E, 0x302E, 0x3030, 0x0030, 0x2E2E, 0x2E2E, 0x3030, 0x002E, 0x2E2F, 0x2E2E,
    0x2E2E, 0x2E2E, 0x2E2F, 0x2E2E, 0x2E2E, 0x2E2E, 0x2E2F, 0x0000, 0x2E2E, 0x002E, 0x002E, 0x0000,
    0x2F2F, 0x2E00, 0x0000, 0x2F00, 0x2F2F, 0x2E2F, 0x2E2E, 0x2E0E, 0x0E2E, 0x300E, 0x2E00, 0x2E2E,
    0x2E2E, 0x300E, 0x2E2E, 0x2E2E, 0x0E0E, 0x2E2E, 0x2E2E, 0x0E2E, 0x0E0E, 0x2E0E, 0x2E2E, 0x2E2E,
    0x0E2E, 0x300E, 0x2E2E, 0x2E2E, 0x2E2E, 0x3030, 0x2E2E, 0x2E2E, 0x2E2E, 0x3030, 0x002E, 0x2E2E,
    0x2E2E, 0x300E, 0x3030, 0x3030, 0x3001, 0x2F2F, 0x3030, 0x012F, 0x0101, 0x2F2E, 0x2F30, 0x2F2F,
    0x2E01, 0x302E, 0x2F2F, 0x2F2F, 0x2E2E, 0x012E, 0x2F2F, 0x2F2F, 0x2E2E, 0x012E, 0x2F30, 0x2E2E,
    0x2E2E, 0x2F2E, 0x3030, 0x2E2E, 0x2E2E, 0x2F30, 0x2E30, 0x2E2E, 0x302E, 0x3030, 0x302F, 0x2F2F,
    0x2F2F, 0x2E2E, 0x3030, 0x2F30, 0x2F2F, 0x2E2F, 0x3030, 0x3030, 0x2F2F, 0x2F30, 0x3030, 0x3001,
    0x302F, 0x3030, 0x0101, 0x0101, 0x302F, 0x3030, 0x0101, 0x3001, 0x302E, 0x3030, 0x302F, 0x2E30,
    0x2F2E, 0x2F30, 0x2F2F, 0x2E2E, 0x2E2E, 0x2F2E, 0x0000, 0x0000, 0x0000, 0x0000, 0x0000, 0x0000,
    0x0000, 0x0000, 0x0000, 0x0000, 0x0000, 0x0000, 0x0000, 0x0000, 0x2E00, 0x002E, 0x0000, 0x0000,
    0x2E2E, 0x2E2E, 0x0000, 0x0000, 0x2E2E, 0x2E2E, 0x2E00, 0x2E2E, 0x2E00, 0x2E2E, 0x2E2E, 0x2F2F,
    0x002E, 0x2E2E, 0x2E2E, 0x0000, 0x302E, 0x3030, 0x0000, 0x0000, 0x302E, 0x2F2F, 0x0000, 0x0000,
    0x2E00, 0x2E2E, 0x0000, 0x2E2E, 0x2F2E, 0x2E2F, 0x2E00, 0x2E2E, 0x2F2F, 0x2F2F, 0x2E2E, 0x2F2E,
    0x2F2F, 0x2F2F, 0x2E2E, 0x2F0E, 0x2F2F, 0x2F2F, 0x0E00, 0x300E, 0x2F2F, 0x2F2F, 0x2F2F, 0x2F2F,
    0x2E00, 0x2E2E, 0x2F2F, 0x2F2F, 0x2E2E, 0x2E2E, 0x2F2F, 0x2F30, 0x2E2F, 0x2E2E, 0x302F, 0x3030,
    0x2E2F, 0x2F2E, 0x302F, 0x3030, 0x0E2F, 0x2F2F, 0x2F0E, 0x2F30, 0x0E2E, 0x2F2F, 0x0E0E, 0x2E2E,
    0x0E2E, 0x2F2E, 0x0E33, 0x2E0E, 0x0E2E, 0x300E, 0x3333, 0x2E0E, 0x2F2F, 0x2F2F, 0x0E33, 0x2E2E,
    0x2F2E, 0x2F2F, 0x0E0E, 0x2E2E, 0x2E2E, 0x2F2F, 0x2F2F, 0x2E2E, 0x2E2E, 0x2E2E, 0x2F2F, 0x2E2F,
    0x2F2F, 0x2E2E, 0x2F2F, 0x2F2F, 0x2F2F, 0x302F, 0x2F30, 0x2F2F, 0x2F30, 0x302F, 0x3030, 0x302F,
    0x3030, 0x302F, 0x2F2E, 0x002F, 0x2F2F, 0x2E2F, 0x2F2F, 0x2E2F, 0x2F2F, 0x2E2E, 0x2F2F, 0x2E2F,
    0x2E2F, 0x2F2E, 0x2F2F, 0x2F2F, 0x2F2E, 0x2F2F, 0x2F2E, 0x2F2F, 0x2E2E, 0x2F2F, 0x2E2E, 0x2E2F,
    0x002E, 0x2F00, 0x2E2E, 0x2E2E, 0x002E, 0x0000, 0x2F2F, 0x2E2E, 0x0000, 0x0000, 0x2E2F, 0x2F2F,
    0x2E00, 0x002E, 0x2F2F, 0x002E, 0x2E2E, 0x2E2E, 0x2F2F, 0x002E, 0x2E2E, 0x2E2E, 0x2F2F, 0x002F,
    0x2E2E, 0x2E2E, 0x2F2F, 0x002F, 0x2E00, 0x002E, 0x2F2F, 0x0000, 0x0000, 0x0000, 0x0000, 0x0000,
    0x0000, 0x0000, 0x0000, 0x0000, 0x0000, 0x0000, 0x0000, 0x2F00, 0x2F2F, 0x002F, 0x0000, 0x0000,
    0x2F2F, 0x0000, 0x0000, 0x0000, 0x0000, 0x0000, 0x0000, 0x0000, 0x0000, 0x0000, 0x0000, 0x0000,
    0x0000, 0x2E00, 0x0000, 0x0000, 0x0000, 0x0000, 0x0000, 0x0000, 0x0000, 0x0000, 0x0000, 0x0000,
    0x0000, 0x0000, 0x0000, 0x2E00, 0x0E2E, 0x2E0E, 0x2E2E, 0x0000, 0x0E00, 0x2E0E, 0x2F2E, 0x2F2F,
    0x0E2E, 0x2E2E, 0x2F2F, 0x2F2F, 0x2E2F, 0x2E0E, 0x2F2F, 0x2F2F, 0x2E2F, 0x2E0E, 0x2F2F, 0x2F2F,
    0x002E, 0x2E0E, 0x2F2E, 0x2E2F, 0x0000, 0x0E00, 0x2E2E, 0x0000, 0x0000, 0x0E00, 0x2E2E, 0x2F2E,
    0x3030, 0x3030, 0x2E2E, 0x2F2F, 0x3030, 0x3030, 0x2E2E, 0x302E, 0x3030, 0x2E30, 0x2E2E, 0x2F2E,
    0x3030, 0x2E2E, 0x2E2E, 0x0E2E, 0x2E2E, 0x0000, 0x2E2E, 0x0E2E, 0x000E, 0x0000, 0x2E2E, 0x0E0E,
    0x0000, 0x0000, 0x0E0E, 0x000E, 0x0000, 0x0000, 0x2E2F, 0x2E2E, 0x2F2E, 0x2E2F, 0x2E2E, 0x2E2E,
    0x2F2F, 0x2F2F, 0x2E2E, 0x2F2E, 0x2F2F, 0x2F2F, 0x2E2E, 0x2F2F, 0x2F2E, 0x2F2F, 0x2F2E, 0x2F2F,
    0x2E2F, 0x2F2F, 0x2F00, 0x2F2F, 0x002F, 0x0000, 0x0000, 0x2F2F, 0x0000, 0x0000, 0x2E00, 0x2E2E,
    0x002E, 0x0000, 0x3737, 0x3737, 0x3737, 0x3737, 0x3737, 0x3737, 0x3737, 0x3737, 0x3737, 0x3737,
    0x3737, 0x3737, 0x3737, 0x3737, 0x3737, 0x3737, 0x3737, 0x3737, 0x3737, 0x3737, 0x3737, 0x3737,
    0x3737, 0x3737, 0x3737, 0x3737, 0x3737, 0x3737, 0x3737, 0x3737, 0x3737, 0x3737, 0x0000, 0x0000,
    0x0000, 0x0000, 0x0000, 0x0000, 0x0000, 0x0000, 0x0000, 0x0000, 0x0000, 0x0000, 0x0000, 0x3800,
    0x3838, 0x3838, 0x0000, 0x0000, 0x3838, 0x380F, 0x0000, 0x0000, 0x3800, 0x3838, 0x0000, 0x0000,
    0x0000, 0x3838, 0x0000, 0x0000, 0x0000, 0x3800, 0x0000, 0x0000, 0x0000, 0x0000, 0x0000, 0x0000,
    0x0000, 0x0000, 0x0000, 0x0000, 0x0000, 0x0000, 0x3800, 0x3800, 0x0000, 0x0000, 0x3838, 0x3838,
    0x3838, 0x0000, 0x0F38, 0x3838, 0x3838, 0x0038, 0x3838, 0x0F38, 0x380F, 0x3838, 0x3838, 0x3838,
    0x0F38, 0x3838, 0x0000, 0x0000, 0x0000, 0x0000, 0x0000, 0x0000, 0x0000, 0x0000, 0x0000, 0x0000,
    0x0000, 0x0000, 0x0000, 0x0000, 0x0000, 0x3800, 0x0000, 0x0000, 0x0000, 0x3838, 0x0000, 0x0000,
    0x0000, 0x3838, 0x0000, 0x0000, 0x3838, 0x3838, 0x0038, 0x3838, 0x3838, 0x380F, 0x0000, 0x0000,
    0x0000, 0x0000, 0x0000, 0x0000, 0x0000, 0x0000, 0x0000, 0x0000, 0x0000, 0x0000, 0x0000, 0x0000,
    0x0000, 0x0000, 0x0000, 0x0000, 0x0000, 0x0000, 0x0000, 0x0000, 0x0000, 0x3800, 0x0000, 0x0000,
    0x0000, 0x3938, 0x0000, 0x0000, 0x3800, 0x391D, 0x0000, 0x0000, 0x0000, 0x0000, 0x0000, 0x0000,
    0x0000, 0x0000, 0x0000, 0x0000, 0x0000, 0x0038, 0x0000, 0x3800, 0x3800, 0x3938, 0x0038, 0x3938,
    0x391D, 0x3938, 0x3939, 0x391D, 0x391D, 0x3838, 0x391D, 0x391D, 0x0F1D, 0x380F, 0x391D, 0x381D,
    0x3938, 0x1D39, 0x3838, 0x3838, 0x3838, 0x380F, 0x3805, 0x3838, 0x0F38, 0x0F0F, 0x0A38, 0x0F0F,
    0x0F0F, 0x0F0F, 0x3938, 0x3838, 0x3838, 0x0F0F, 0x3838, 0x380F, 0x0F0F, 0x0F0F, 0x0F0F, 0x0F0F,
    0x0F38, 0x3838, 0x3839, 0x0F38, 0x3839, 0x3838, 0x3939, 0x3839, 0x3938, 0x3838, 0x380F, 0x3838,
    0x3838, 0x3838, 0x380F, 0x3838, 0x0F38, 0x3838, 0x0F0F, 0x3838, 0x380F, 0x3838, 0x0F0F, 0x0F0F,
    0x3838, 0x3838, 0x0F0F, 0x380F, 0x3838, 0x3838, 0x0F0F, 0x0F38, 0x0F0F, 0x0F0F, 0x0F38, 0x3839,
    0x0F0F, 0x3939, 0x0F38, 0x0F38, 0x0F39, 0x3838, 0x0038, 0x0000, 0x0000, 0x0000, 0x0000, 0x0000,
    0x0000, 0x0000, 0x0000, 0x0000, 0x0000, 0x0000, 0x0000, 0x0000, 0x0000, 0x0000, 0x0038, 0x0000,
    0x0000, 0x0000, 0x3838, 0x0000, 0x0000, 0x0000, 0x3939, 0x0038, 0x0000, 0x0000, 0x3838, 0x3838,
    0x0000, 0x0000, 0x0505, 0x0A05, 0x3938, 0x391D, 0x0A0A, 0x380A, 0x1D39, 0x3839, 0x0A0A, 0x3938,
    0x3839, 0x1D38, 0x380A, 0x3839, 0x3938, 0x1D39, 0x3838, 0x3838, 0x0F38, 0x0F38, 0x0A0A, 0x0F0F,
    0x0F0F, 0x0F0F, 0x0F05, 0x0F0F, 0x0F0F, 0x0F0F, 0x0F0F, 0x0F0F, 0x0A0F, 0x0F0A, 0x3839, 0x3938,
    0x1D39, 0x3939, 0x1D38, 0x1D39, 0x3939, 0x391D, 0x1D39, 0x3939, 0x391D, 0x1D39, 0x1D39, 0x3939,
    0x391D, 0x1D39, 0x0F38, 0x0F38, 0x391D, 0x0F0F, 0x0F0F, 0x0F0F, 0x0F0F, 0x0F0F, 0x0F0F, 0x0F0F,
    0x0F0F, 0x0A0A, 0x0F0A, 0x0F0A, 0x0A05, 0x050A, 0x391D, 0x3939, 0x390F, 0x3838, 0x1D39, 0x3939,
    0x3838, 0x3838, 0x1D39, 0x3839, 0x380F, 0x0F38, 0x0F38, 0x0F38, 0x0F0F, 0x0F0F, 0x0F0F, 0x380F,
    0x0F0F, 0x0F0F, 0x380F, 0x3838, 0x3838, 0x3838, 0x0F0F, 0x3939, 0x3839, 0x0F38, 0x380F, 0x3838,
    0x3838, 0x380F, 0x0F38, 0x3938, 0x3838, 0x390F, 0x0F0F, 0x3839, 0x3938, 0x0F39, 0x0F0F, 0x380F,
    0x1D39, 0x1D1D, 0x0F0F, 0x0F0F, 0x391D, 0x3939, 0x0F0F, 0x0F0F, 0x380F, 0x3939, 0x380F, 0x3838,
    0x0F38, 0x1D1D, 0x3938, 0x3838, 0x0F0F, 0x3838, 0x3838, 0x3839, 0x0F38, 0x0F0F, 0x3939, 0x3939,
    0x0538, 0x0505, 0x1D1D, 0x1D1D, 0x0A38, 0x0505, 0x390F, 0x3939, 0x3839, 0x0A0A, 0x0F39, 0x1D1D,
    0x381D, 0x0A0A, 0x391D, 0x3938, 0x3939, 0x0A38, 0x3939, 0x381D, 0x1D1D, 0x381D, 0x1D39, 0x1D39,
    0x3839, 0x3838, 0x0F38, 0x0F38, 0x0F38, 0x3838, 0x3938, 0x1D39, 0x1D1D, 0x3839, 0x1D0F, 0x391D,
    0x3939, 0x3938, 0x3938, 0x1D39, 0x381D, 0x1D39, 0x1D0F, 0x391D, 0x1D38, 0x3939, 0x3938, 0x3839,
    0x3939, 0x391D, 0x390F, 0x3938, 0x391D, 0x3839, 0x3838, 0x3939, 0x0F38, 0x0F38, 0x380F, 0x3838,
    0x0F0F, 0x0A0F, 0x3939, 0x3838, 0x0F38, 0x0F0A, 0x3838, 0x3839, 0x050F, 0x050A, 0x3939, 0x0F38,
    0x0A05, 0x0A0A, 0x381D, 0x0A0F, 0x0A0A, 0x0A0A, 0x0F38, 0x0A05, 0x0A0A, 0x0A0A, 0x0A0F, 0x0505,
    0x0A0A, 0x0A0A, 0x0A0A, 0x0505, 0x0A0A, 0x0A0A, 0x0A0A, 0x0A0A, 0x0A0A, 0x0A0A, 0x0F0F, 0x0F0F,
    0x0F0F, 0x0A0F, 0x0F05, 0x0F0A, 0x0F05, 0x0F0F, 0x0A0A, 0x0A0A, 0x0A0A, 0x0A0A, 0x0A0A, 0x0A0A,
    0x0A0A, 0x050A, 0x0A0A, 0x0A0A, 0x0A0A, 0x0505, 0x0A0A, 0x0A0A, 0x0A0A, 0x0505, 0x0A0A, 0x0A0A,
    0x0A0A, 0x0A0A, 0x050A, 0x0505, 0x0A0A, 0x0A0A, 0x0000, 0x0000, 0x0000, 0x0000, 0x0000, 0x0000,
    0x0000, 0x0000, 0x0000, 0x0000, 0x0000, 0x0000, 0x0000, 0x2700, 0x2727, 0x2727, 0x0000, 0x0000,
    0x2727, 0x2738, 0x0000, 0x0000, 0x2700, 0x2727, 0x0000, 0x0000, 0x0000, 0x2727, 0x0000, 0x0000,
    0x0000, 0x2700, 0x0000, 0x0000, 0x0000, 0x0000, 0x0000, 0x0000, 0x0000, 0x0000, 0x0000, 0x0000,
    0x0000, 0x0000, 0x2700, 0x2700, 0x0000, 0x0000, 0x2727, 0x2727, 0x2727, 0x0000, 0x3827, 0x2727,
    0x2727, 0x0027, 0x2727, 0x3827, 0x2738, 0x2727, 0x2727, 0x2727, 0x3827, 0x2727, 0x0000, 0x0000,
    0x0000, 0x0000, 0x0000, 0x0000, 0x0000, 0x0000, 0x0000, 0x0000, 0x0000, 0x0000, 0x0000, 0x0000,
    0x0000, 0x2700, 0x0000, 0x0000, 0x0000, 0x2727, 0x0000, 0x0000, 0x0000, 0x2727, 0x0000, 0x0000,
    0x2727, 0x2727, 0x0027, 0x2727, 0x2727, 0x2738, 0x0000, 0x0000, 0x0000, 0x0000, 0x0000, 0x0000,
    0x0000, 0x0000, 0x0000, 0x0000, 0x0000, 0x0000, 0x0000, 0x0000, 0x0000, 0x0000, 0x0000, 0x0000,
    0x0000, 0x0000, 0x0000, 0x0000, 0x0000, 0x2700, 0x0000, 0x0000, 0x0000, 0x1D27, 0x0000, 0x0000,
    0x2700, 0x1D1B, 0x0000, 0x0000, 0x0000, 0x0000, 0x0000, 0x0000, 0x0000, 0x0000, 0x0000, 0x0000,
    0x0000, 0x0027, 0x0000, 0x2700, 0x2700, 0x1D27, 0x0027, 0x1D27, 0x1D1B, 0x1D27, 0x1D1D, 0x1D1B,
    0x1D1B, 0x2727, 0x1D1B, 0x1D1B, 0x381B, 0x2738, 0x1D1B, 0x271B, 0x1D27, 0x1B1D, 0x2727, 0x2727,
    0x2727, 0x2738, 0x2705, 0x2727, 0x3827, 0x3838, 0x0527, 0x3838, 0x3838, 0x3838, 0x1D27, 0x2727,
    0x2727, 0x0F38, 0x2727, 0x2738, 0x3838, 0x3838, 0x3838, 0x3838, 0x3827, 0x2727, 0x271D, 0x3827,
    0x271D, 0x2727, 0x1D1D, 0x271D, 0x1D27, 0x2727, 0x2738, 0x2727, 0x2727, 0x2727, 0x2738, 0x2727,
    0x3827, 0x2727, 0x3838, 0x2727, 0x2738, 0x2727, 0x0F0F, 0x380F, 0x2727, 0x2727, 0x0F38, 0x2738,
    0x2727, 0x2727, 0x3838, 0x3827, 0x3838, 0x3838, 0x3827, 0x271D, 0x380F, 0x1D1D, 0x3827, 0x3827,
    0x381D, 0x2727, 0x0027, 0x0000, 0x0000, 0x0000, 0x0000, 0x0000, 0x0000, 0x0000, 0x0000, 0x0000,
    0x0000, 0x0000, 0x0000, 0x0000, 0x0000, 0x0000, 0x0027, 0x0000, 0x0000, 0x0000, 0x2727, 0x0000,
    0x0000, 0x0000, 0x1D1D, 0x0027, 0x0000, 0x0000, 0x2727, 0x2727, 0x0000, 0x0000, 0x0504, 0x0404,
    0x1D27, 0x1D1B, 0x0504, 0x2705, 0x1B1D, 0x271D, 0x0505, 0x1D27, 0x271D, 0x1B27, 0x2705, 0x271D,
    0x1D27, 0x1B1D, 0x2727, 0x2727, 0x3827, 0x3827, 0x0505, 0x3838, 0x3838, 0x3838, 0x3805, 0x3838,
    0x3838, 0x3838, 0x3838, 0x3838, 0x0538, 0x3805, 0x271D, 0x1D27, 0x1B1D, 0x1D1D, 0x1B27, 0x1B1D,
    0x1D1D, 0x1D1B, 0x1B1D, 0x1D1D, 0x1D1B, 0x1B1D, 0x1B1D, 0x1D1D, 0x1D1B, 0x1B1D, 0x3827, 0x3827,
    0x1D1B, 0x0F0F, 0x3838, 0x3838, 0x0F38, 0x3838, 0x3838, 0x3838, 0x3838, 0x0505, 0x3805, 0x3805,
    0x0505, 0x0505, 0x1D1B, 0x1D1D, 0x1D38, 0x2727, 0x1B1D, 0x1D1D, 0x2727, 0x2727, 0x1B1D, 0x271D,
    0x2738, 0x3827, 0x0F27, 0x0F27, 0x3838, 0x0F38, 0x0F0F, 0x2738, 0x3838, 0x3838, 0x2738, 0x2727,
    0x2727, 0x2727, 0x3838, 0x1D1D, 0x271D, 0x3827, 0x2738, 0x2727, 0x2727, 0x2738, 0x3827, 0x1D27,
    0x2727, 0x1D38, 0x3838, 0x271D, 0x1D27, 0x381D, 0x0F38, 0x2738, 0x1B1D, 0x1B1B, 0x0F0F, 0x380F,
    0x1D1B, 0x1D1D, 0x380F, 0x3838, 0x2738, 0x1D1D, 0x2738, 0x2727, 0x3827, 0x1B1B, 0x1D27, 0x2727,
    0x0F38, 0x2727, 0x2727, 0x271D, 0x3827, 0x3838, 0x1D1D, 0x1D1D, 0x0427, 0x0505, 0x1B1B, 0x1B1B,
    0x0527, 0x0505, 0x1D38, 0x1D1D, 0x271D, 0x0505, 0x381D, 0x1B1B, 0x271B, 0x0405, 0x1D1B, 0x1D27,
    0x1D1D, 0x0427, 0x1D1D, 0x271B, 0x1B1B, 0x271B, 0x1B1D, 0x1B1D, 0x271D, 0x2727, 0x3827, 0x3827,
    0x3827, 0x2727, 0x1D27, 0x1B1D, 0x1B1B, 0x271D, 0x1B38, 0x1D1B, 0x1D1D, 0x1D27, 0x1D27, 0x1B1D,
    0x271B, 0x1B1D, 0x1B38, 0x1D1B, 0x1B27, 0x1D1D, 0x1D27, 0x271D, 0x1D1D, 0x1D1B, 0x1D38, 0x1D27,
    0x1D1B, 0x271D, 0x2727, 0x1D1D, 0x3827, 0x3827, 0x2738, 0x2727, 0x3838, 0x0538, 0x1D1D, 0x2727,
    0x3827, 0x3805, 0x2727, 0x271D, 0x0538, 0x0505, 0x1D1D, 0x3827, 0x0505, 0x0505, 0x271B, 0x0538,
    0x0504, 0x0505, 0x3827, 0x0405, 0x0504, 0x0505, 0x0538, 0x0404, 0x0505, 0x0505, 0x0504, 0x0505,
    0x0505, 0x0505, 0x0505, 0x0505, 0x0405, 0x0405, 0x3838, 0x3838, 0x3838, 0x0438, 0x3805, 0x3805,
    0x3805, 0x3838, 0x0505, 0x0505, 0x0505, 0x0505, 0x0505, 0x0505, 0x0505, 0x0505, 0x0505, 0x0505,
    0x0505, 0x0505, 0x0505, 0x0505, 0x0504, 0x0504, 0x0504, 0x0405, 0x0504, 0x0404, 0x0504, 0x0404,
    0x0504, 0x0505, 0x0000, 0x0000, 0x0000, 0x0000, 0x0000, 0x0000, 0x0000, 0x0000, 0x0000, 0x0000,
    0x0000, 0x0000, 0x0000, 0x3900, 0x3939, 0x3939, 0x0000, 0x0000, 0x3939, 0x3938, 0x0000, 0x0000,
    0x3900, 0x3939, 0x0000, 0x0000, 0x0000, 0x3939, 0x0000, 0x0000, 0x0000, 0x3900, 0x0000, 0x0000,
    0x0000, 0x0000, 0x0000, 0x0000, 0x0000, 0x0000, 0x0000, 0x0000, 0x0000, 0x0000, 0x3900, 0x3900,
    0x0000, 0x0000, 0x3939, 0x3939, 0x3939, 0x0000, 0x3839, 0x3939, 0x3939, 0x0039, 0x3939, 0x3839,
    0x3938, 0x3939, 0x3939, 0x3939, 0x3839, 0x3939, 0x0000, 0x0000, 0x0000, 0x0000, 0x0000, 0x0000,
    0x0000, 0x0000, 0x0000, 0x0000, 0x0000, 0x0000, 0x0000, 0x0000, 0x0000, 0x3900, 0x0000, 0x0000,
    0x0000, 0x3939, 0x0000, 0x0000, 0x0000, 0x3939, 0x0000, 0x0000, 0x3939, 0x3939, 0x0039, 0x3939,
    0x3939, 0x3938, 0x0000, 0x0000, 0x0000, 0x0000, 0x0000, 0x0000, 0x0000, 0x0000, 0x0000, 0x0000,
    0x0000, 0x0000, 0x0000, 0x0000, 0x0000, 0x0000, 0x0000, 0x0000, 0x0000, 0x0000, 0x0000, 0x0000,
    0x0000, 0x3900, 0x0000, 0x0000, 0x0000, 0x2739, 0x0000, 0x0000, 0x3900, 0x271D, 0x0000, 0x0000,
    0x0000, 0x0000, 0x0000, 0x0000, 0x0000, 0x0000, 0x0000, 0x0000, 0x0000, 0x0039, 0x0000, 0x3900,
    0x3900, 0x2739, 0x0039, 0x2739, 0x271D, 0x2739, 0x2727, 0x271D, 0x271D, 0x3939, 0x271D, 0x271D,
    0x381D, 0x3938, 0x271D, 0x391D, 0x2739, 0x1D27, 0x3939, 0x3939, 0x3939, 0x3938, 0x391B, 0x3939,
    0x3839, 0x3838, 0x1B39, 0x3838, 0x3838, 0x3838, 0x2739, 0x3939, 0x3939, 0x0F38, 0x3939, 0x3938,
    0x3838, 0x3838, 0x3838, 0x3838, 0x3839, 0x3939, 0x3927, 0x3839, 0x3927, 0x3939, 0x2727, 0x3927,
    0x2739, 0x3939, 0x3938, 0x3939, 0x3939, 0x3939, 0x3938, 0x3939, 0x3839, 0x3939, 0x3838, 0x3939,
    0x3938, 0x3939, 0x0F0F, 0x380F, 0x3939, 0x3939, 0x0F38, 0x3938, 0x3939, 0x3939, 0x3838, 0x3839,
    0x3838, 0x3838, 0x3839, 0x3927, 0x380F, 0x2727, 0x3839, 0x3839, 0x3827, 0x3939, 0x0039, 0x0000,
    0x0000, 0x0000, 0x0000, 0x0000, 0x0000, 0x0000, 0x0000, 0x0000, 0x0000, 0x0000, 0x0000, 0x0000,
    0x0000, 0x0000, 0x0039, 0x0000, 0x0000, 0x0000, 0x3939, 0x0000, 0x0000, 0x0000, 0x2727, 0x0039,
    0x0000, 0x0000, 0x3939, 0x3939, 0x0000, 0x0000, 0x1B1B, 0x1D1D, 0x2739, 0x271D, 0x1B1B, 0x391B,
    0x1D27, 0x3927, 0x1B1B, 0x2739, 0x3927, 0x1D39, 0x391D, 0x3927, 0x2739, 0x1D27, 0x3939, 0x3939,
    0x3839, 0x3839, 0x1B1D, 0x3838, 0x3838, 0x3838, 0x381B, 0x3838, 0x3838, 0x3838, 0x3838, 0x3838,
    0x1B38, 0x381D, 0x3927, 0x2739, 0x1D27, 0x2727, 0x1D39, 0x1D27, 0x2727, 0x271D, 0x1D27, 0x2727,
    0x271D, 0x1D27, 0x1D27, 0x2727, 0x271D, 0x1D27, 0x3839, 0x3839, 0x271D, 0x0F0F, 0x3838, 0x3838,
    0x0F38, 0x3838, 0x3838, 0x3838, 0x3838, 0x1B1D, 0x381B, 0x381D, 0x1B1B, 0x1B1D, 0x271D, 0x2727,
    0x2738, 0x3939, 0x1D27, 0x2727, 0x3939, 0x3939, 0x1D27, 0x3927, 0x3938, 0x3839, 0x0F39, 0x0F39,
    0x3838, 0x0F38, 0x0F0F, 0x3938, 0x3838, 0x3838, 0x3938, 0x3939, 0x3939, 0x3939, 0x3838, 0x2727,
    0x3927, 0x3839, 0x3938, 0x3939, 0x3939, 0x3938, 0x3839, 0x2739, 0x3939, 0x2738, 0x3838, 0x3927,
    0x2739, 0x3827, 0x0F38, 0x3938, 0x1D27, 0x1D1D, 0x0F0F, 0x380F, 0x271D, 0x2727, 0x380F, 0x3838,
    0x3938, 0x2727, 0x3938, 0x3939, 0x3839, 0x1D1D, 0x2739, 0x3939, 0x0F38, 0x3939, 0x3939, 0x3927,
    0x3839, 0x3838, 0x2727, 0x2727, 0x1D39, 0x1B1B, 0x1D1D, 0x1D1D, 0x1D39, 0x1B1D, 0x2738, 0x2727,
    0x3927, 0x1D1B, 0x3827, 0x1D1D, 0x391D, 0x1D1D, 0x271D, 0x2739, 0x2727, 0x1D39, 0x2727, 0x391D,
    0x1D1D, 0x391D, 0x1D27, 0x1D27, 0x3927, 0x3939, 0x3839, 0x3839, 0x3839, 0x3939, 0x2739, 0x1D27,
    0x1D1D, 0x3927, 0x1D38, 0x271D, 0x2727, 0x2739, 0x2739, 0x1D27, 0x391D, 0x1D27, 0x1D38, 0x271D,
    0x1D39, 0x2727, 0x2739, 0x3927, 0x2727, 0x271D, 0x2738, 0x2739, 0x271D, 0x3927, 0x3939, 0x2727,
    0x3839, 0x3839, 0x3938, 0x3939, 0x3838, 0x1D38, 0x2727, 0x3939, 0x3839, 0x381B, 0x3939, 0x3927,
    0x1D38, 0x1B1D, 0x2727, 0x3839, 0x1B1D, 0x1D1B, 0x391D, 0x1D38, 0x1B1D, 0x1D1D, 0x3839, 0x1D1D,
    0x1D1D, 0x1D1D, 0x1D38, 0x1D1B, 0x1B1B, 0x1B1D, 0x1B1B, 0x1D1B, 0x1B1B, 0x1B1D, 0x1B1B, 0x1D1B,
    0x1B1D, 0x1B1D, 0x3838, 0x3838, 0x3838, 0x1B38, 0x381B, 0x381B, 0x381D, 0x3838, 0x1B1B, 0x1D1B,
    0x1B1B, 0x1D1B, 0x1D1D, 0x1D1D, 0x1B1B, 0x1D1D, 0x1D1D, 0x1D1D, 0x1D1D, 0x1D1D, 0x1B1D, 0x1B1D,
    0x1D1B, 0x1B1D, 0x1B1B, 0x1B1D, 0x1B1B, 0x1B1D, 0x1B1B, 0x1D1D, 0x1B1B, 0x1B1D, 0x0000, 0x0000,
    0x0000, 0x0000, 0x0000, 0x0000, 0x0000, 0x0000, 0x0000, 0x0000, 0x0000, 0x0000, 0x0000, 0x0000,
    0x0000, 0x0000, 0x0000, 0x0000, 0x0000, 0x0000, 0x0000, 0x0000, 0x0000, 0x0000, 0x0000, 0x0000,
    0x3A3A, 0x003A, 0x0000, 0x3A00, 0x2828, 0x3A28, 0x0000, 0x3A3A, 0x3B00, 0x3B3B, 0x0000, 0x0000,
    0x3B3B, 0x3B3B, 0x0000, 0x0000, 0x3A3B, 0x3B3B, 0x0000, 0x3B00, 0x3A3A, 0x3B3B, 0x0000, 0x283B,
    0x3B28, 0x3B3B, 0x3A00, 0x283D, 0x3B3A, 0x3B3A, 0x3A00, 0x3D28, 0x3B3B, 0x3B3A, 0x3B3B, 0x3B3A,
    0x3A3B, 0x3B3A, 0x3A3B, 0x3B3B, 0x3B3B, 0x3B3B, 0x3A3A, 0x3B28, 0x3B3B, 0x3B3B, 0x2828, 0x3B3B,
    0x3B3B, 0x3B3B, 0x3B28, 0x3B3B, 0x0000, 0x3B3B, 0x3B3B, 0x0000, 0x0000, 0x3B3B, 0x3B3B, 0x0000,
    0x3B00, 0x3B3B, 0x003B, 0x0000, 0x3B3B, 0x3A3B, 0x0000, 0x0000, 0x3B00, 0x3B3A, 0x3A00, 0x3A28,
    0x3B3B, 0x3C3A, 0x3A3B, 0x3A28, 0x3A3C, 0x3C3A, 0x3A3B, 0x3A28, 0x283C, 0x3C3A, 0x283B, 0x3A28,
    0x283B, 0x3E28, 0x283B, 0x3B3A, 0x2828, 0x3E28, 0x3B3B, 0x3B3B, 0x2828, 0x3E3B, 0x3B3B, 0x3B3B,
    0x3B3B, 0x3C3C, 0x3B3B, 0x3B3B, 0x3B3B, 0x3C3B, 0x3A00, 0x3A3A, 0x2828, 0x3A3A, 0x283A, 0x2828,
    0x3B28, 0x283A, 0x3A00, 0x3A3A, 0x283B, 0x3A3D, 0x0000, 0x3A00, 0x2828, 0x3A3A, 0x0000, 0x3A3A,
    0x3A3A, 0x003A, 0x0000, 0x3A00, 0x3A3A, 0x0000, 0x0000, 0x0000, 0x0000, 0x3B3B, 0x0000, 0x0000,
    0x3B3B, 0x3B3B, 0x3A3A, 0x3B3B, 0x3B00, 0x2828, 0x3B3A, 0x003B, 0x3B3B, 0x283D, 0x3B3B, 0x0000,
    0x3B3B, 0x3D3A, 0x0000, 0x3B00, 0x3B3B, 0x3B3B, 0x0000, 0x3B3B, 0x3A3B, 0x3B3B, 0x3B3B, 0x3B3B,
    0x3A3A, 0x3B3B, 0x3B3B, 0x3B3B, 0x3B3A, 0x3B3B, 0x3A3B, 0x3B3A, 0x3B3B, 0x3B3B, 0x0000, 0x0000,
    0x0000, 0x0000, 0x0000, 0x0000, 0x0000, 0x0000, 0x0000, 0x0000, 0x0000, 0x0000, 0x0000, 0x0000,
    0x0000, 0x0000, 0x0000, 0x0000, 0x0000, 0x3B3A, 0x0000, 0x0000, 0x3A00, 0x3B3D, 0x0000, 0x0000,
    0x2800, 0x3A3D, 0x0000, 0x0000, 0x2800, 0x2828, 0x3B3B, 0x3B3B, 0x3B3B, 0x3B3B, 0x3B3B, 0x3B3B,
    0x3C3C, 0x3A3B, 0x3B3B, 0x3B3B, 0x3C3C, 0x3A3C, 0x3B3B, 0x3C3B, 0x3C3C, 0x3A3B, 0x3A3B, 0x3C3C,
    0x3B3C, 0x3B3B, 0x3C3A, 0x3C3C, 0x3B3B, 0x3B3B, 0x3C3C, 0x3B3B, 0x3B3B, 0x3A3B, 0x3B3C, 0x3A3B,
    0x3B3A, 0x283B, 0x0000, 0x0000, 0x0000, 0x0000, 0x0000, 0x0000, 0x0000, 0x0000, 0x0000, 0x0000,
    0x0000, 0x0000, 0x0000, 0x0000, 0x0000, 0x0000, 0x0000, 0x0000, 0x0000, 0x3B00, 0x0000, 0x0000,
    0x3B3B, 0x3B3B, 0x0000, 0x3B00, 0x3A3B, 0x3B3A, 0x0000, 0x3B00, 0x3A3A, 0x3B3B, 0x0000, 0x0000,
    0x0000, 0x0000, 0x0000, 0x0000, 0x0000, 0x3B3B, 0x0000, 0x3B00, 0x3B3B, 0x3A3A, 0x3B00, 0x3B3B,
    0x283B, 0x3B28, 0x3B3B, 0x3B3B, 0x2828, 0x3B3B, 0x3B3B, 0x3A3B, 0x3A3A, 0x3A3A, 0x3A3B, 0x3A3A,
    0x283A, 0x3A3A, 0x3A3A, 0x283A, 0x2828, 0x3A3A, 0x3B3B, 0x3B3B, 0x3A3A, 0x3A3A, 0x3B3B, 0x2828,
    0x3A3A, 0x3A28, 0x283B, 0x2828, 0x283A, 0x3B28, 0x283B, 0x3A28, 0x2828, 0x3B28, 0x3A3A, 0x283A,
    0x3D28, 0x3B3A, 0x3A3A, 0x283A, 0x3A3D, 0x3C3A, 0x283A, 0x3A3A, 0x3A3A, 0x3C3A, 0x2828, 0x3B28,
    0x3A3A, 0x3C3A, 0x3B3A, 0x3A3A, 0x3A3B, 0x3B3A, 0x3A3B, 0x3A3A, 0x3B3B, 0x3B3A, 0x3A3B, 0x3A3A,
    0x3B3B, 0x3B3B, 0x3B3B, 0x3B3A, 0x3B3B, 0x3B3B, 0x3B3B, 0x3B3B, 0x3B3B, 0x3B3B, 0x3A3B, 0x3B3A,
    0x3B3B, 0x3B3B, 0x3A3A, 0x3B3A, 0x3B3B, 0x3B3B, 0x3A3A, 0x3B3B, 0x3B3B, 0x3B3B, 0x003B, 0x3B3B,
    0x3B3B, 0x3C3C, 0x3B3B, 0x3B3B, 0x3B3B, 0x3B3B, 0x3B3B, 0x3B3B, 0x3A3B, 0x3B3B, 0x3B3B, 0x3B3B,
    0x3B3A, 0x3A3B, 0x3B3B, 0x3B3B, 0x3B3B, 0x3A3B, 0x003B, 0x3B3B, 0x3B3B, 0x3A3A, 0x003B, 0x3B00,
    0x3B3B, 0x3A3A, 0x0000, 0x3B3B, 0x3A3B, 0x283A, 0x0000, 0x0000, 0x283A, 0x3A28, 0x0000, 0x0000,
    0x283A, 0x3B3A, 0x0000, 0x0000, 0x3B00, 0x003B, 0x0000, 0x0000, 0x0000, 0x0000, 0x0000, 0x0000,
    0x0000, 0x0000, 0x0000, 0x0000, 0x0000, 0x0000, 0x0000, 0x0000, 0x0000, 0x0000, 0x0000, 0x0000,
    0x0000, 0x0000, 0x3B3B, 0x3B00, 0x3B3B, 0x3B3B, 0x0000, 0x3A00, 0x3B3B, 0x3B3B, 0x0000, 0x3A3A,
    0x3B3A, 0x3B3B, 0x0000, 0x3A3A, 0x3B3A, 0x3B3B, 0x0000, 0x3A3A, 0x003B, 0x003B, 0x3A00, 0x3B28,
    0x0000, 0x0000, 0x3A00, 0x3B28, 0x0000, 0x0000, 0x283A, 0x3B28, 0x0000, 0x0000, 0x3B3B, 0x3B3A,
    0x3B00, 0x3B3B, 0x003B, 0x003B, 0x3B00, 0x3B3B, 0x0000, 0x0000, 0x0000, 0x003B, 0x0000, 0x0000,
    0x0000, 0x0000, 0x0000, 0x0000, 0x0000, 0x0000, 0x0000, 0x0000, 0x0000, 0x3B3B, 0x0000, 0x0000,
    0x3B3B, 0x3B3B, 0x0000, 0x3B3B, 0x3B3B, 0x3B3B, 0x3A3B, 0x3B3B, 0x3B3B, 0x3B3A, 0x3A3A, 0x3B3B,
    0x3B3B, 0x3A3A, 0x3B3A, 0x3C3B, 0x3A3B, 0x3A3A, 0x3B3B, 0x3B3C, 0x3A3B, 0x3A3A, 0x3C3B, 0x3B3C,
    0x3A3A, 0x3A3A, 0x3C3C, 0x3B3C, 0x3A3A, 0x3B3A, 0x3C3C, 0x3B3B, 0x3A3B, 0x3B3B, 0x3B3C, 0x3B3A,
    0x3B3B, 0x3B3B, 0x3B3B, 0x3A3B, 0x283A, 0x3A3A, 0x3B3B, 0x3A3B, 0x283A, 0x3A3A, 0x3A3B, 0x3A3B,
    0x3A28, 0x283A, 0x3A3A, 0x3A3B, 0x3A3A, 0x283A, 0x3B3A, 0x3A3A, 0x3A3A, 0x3B3A, 0x3B3A, 0x3A28,
    0x3A3B, 0x3B3A, 0x283B, 0x3B28, 0x3A3B, 0x3A3A, 0x283A, 0x3B3A, 0x3A28, 0x3A3A, 0x283B, 0x3A28,
    0x3B3A, 0x3A3A, 0x3B00, 0x3B3B, 0x003B, 0x3B3B, 0x0000, 0x3B3B, 0x0000, 0x0000, 0x0000, 0x0000,
    0x0000, 0x3B00, 0x0000, 0x3B3B, 0x0000, 0x3B3B, 0x3B00, 0x3B3B, 0x3B3B, 0x3B3B, 0x3B00, 0x3B3B,
    0x3B3B, 0x3A3B, 0x0000, 0x3B3B, 0x3B3B, 0x3A3A, 0x3B3B, 0x3A28, 0x283A, 0x3B28, 0x283B, 0x3A28,
    0x2828, 0x3B28, 0x283A, 0x3A28, 0x3D28, 0x3B3A, 0x2828, 0x3B28, 0x283D, 0x3B3B, 0x3D28, 0x3B3B,
    0x3B3B, 0x3B3B, 0x3B3D, 0x3B3B, 0x3B3B, 0x3B3B, 0x3B3B, 0x3B3B, 0x3B3B, 0x3B3B, 0x3B3B, 0x003B,
    0x3B3B, 0x3B3B, 0x3B3B, 0x3B3B, 0x3B3B, 0x3C3C, 0x3B3B, 0x3B3B, 0x3C3B, 0x3B3B, 0x3B3B, 0x3B3B,
    0x3B3C, 0x3B3B, 0x3B3B, 0x3B3B, 0x3B3B, 0x3B3B, 0x3B3B, 0x3B3B, 0x3B3B, 0x3B3B, 0x3B3B, 0x3B3A,
    0x3B3B, 0x3B3B, 0x3A3B, 0x3B3A, 0x3B3A, 0x3B3B, 0x3A3A, 0x3B3A, 0x3A3A, 0x3B3B, 0x0000, 0x0000,
    0x0000, 0x0600, 0x0000, 0x0000, 0x0000, 0x0606, 0x0000, 0x0000, 0x0000, 0x0000, 0x0000, 0x0000,
    0x0000, 0x0000, 0x0000, 0x0000, 0x0000, 0x0000, 0x0000, 0x0000, 0x0000, 0x0000, 0x0000, 0x0000,
    0x0000, 0x0000, 0x0000, 0x0000, 0x0000, 0x0606, 0x0706, 0x0607, 0x0706, 0x0707, 0x0707, 0x0606,
    0x0707, 0x0807, 0x0600, 0x0606, 0x0707, 0x0606, 0x0000, 0x0606, 0x071E, 0x0606, 0x0000, 0x0606,
    0x0706, 0x0606, 0x0600, 0x0606, 0x0606, 0x0607, 0x0600, 0x0606, 0x0606, 0x0707, 0x0606, 0x0607,
    0x0706, 0x0707, 0x0C0C, 0x0C0C, 0x0C0C, 0x060C, 0x0C0C, 0x0C0C, 0x0C0C, 0x0C0C, 0x0C0C, 0x0C0C,
    0x0C0C, 0x0C0C, 0x0C0C, 0x0C0C, 0x0C0C, 0x0C0C, 0x0C0C, 0x0C0C, 0x0C0C, 0x0C0C, 0x0C0C, 0x0C0C,
    0x0C0C, 0x0C0C, 0x0C0C, 0x0C0C, 0x0C0C, 0x063F, 0x0C0C, 0x0C0C, 0x0C05, 0x063F, 0x0606, 0x0706,
    0x0707, 0x0707, 0x0606, 0x0706, 0x0722, 0x0807, 0x0606, 0x0607, 0x0707, 0x0708, 0x0606, 0x1E06,
    0x0707, 0x1E07, 0x0606, 0x0607, 0x0707, 0x0907, 0x0606, 0x0607, 0x1E07, 0x0807, 0x0607, 0x2207,
    0x0707, 0x0907, 0x0607, 0x0606, 0x0722, 0x0707, 0x0000, 0x3B00, 0x003B, 0x3A3B, 0x0000, 0x0000,
    0x3B00, 0x3B3B, 0x0000, 0x0000, 0x3B00, 0x3B3B, 0x0000, 0x0000, 0x3A3B, 0x3B3A, 0x0000, 0x3B00,
    0x3A3A, 0x3B3A, 0x0000, 0x3B00, 0x3A3A, 0x003B, 0x0000, 0x0000, 0x3B3B, 0x0000, 0x0000, 0x0000,
    0x0000, 0x3C3C, 0x3B3B, 0x283D, 0x283A, 0x2828, 0x3B3B, 0x3B3B, 0x283A, 0x3A28, 0x3B3B, 0x3B3B,
    0x283D, 0x3B28, 0x3B3B, 0x3B3B, 0x3D28, 0x3B3B, 0x3B3B, 0x3B3B, 0x3B3B, 0x3B3B, 0x3B3B, 0x3B3B,
    0x3B3B, 0x3B3B, 0x3B3B, 0x3B3B, 0x3A3B, 0x3B3A, 0x3B3B, 0x3B3B, 0x3A3A, 0x3A3A, 0x0000, 0x0000,
    0x0000, 0x0000, 0x0000, 0x0000, 0x0000, 0x3B00, 0x0000, 0x0000, 0x3B00, 0x3B3B, 0x0000, 0x0000,
    0x3B3B, 0x3B3B, 0x0000, 0x3B00, 0x3B3B, 0x3A3B, 0x0000, 0x3B3B, 0x3A3B, 0x3A3A, 0x0000, 0x3B00,
    0x3A3A, 0x3A3A, 0x3B3B, 0x3B3B, 0x3A3B, 0x2828, 0x0000, 0x0000, 0x0000, 0x0000, 0x0000, 0x0000,
    0x0000, 0x0000, 0x0000, 0x0000, 0x0000, 0x0000, 0x0000, 0x0000, 0x0000, 0x0000, 0x0000, 0x0000,
    0x0000, 0x0000, 0x0000, 0x3A00, 0x3A3A, 0x3A3A, 0x3A00, 0x283A, 0x2828, 0x3A28, 0x283A, 0x2828,
    0x3A28, 0x3B3B, 0x0000, 0x0000, 0x0000, 0x3A00, 0x0000, 0x0000, 0x0000, 0x3A3A, 0x0000, 0x3A00,
    0x3A3A, 0x3A3A, 0x0000, 0x3A3A, 0x283A, 0x3A3A, 0x3A3A, 0x283A, 0x2828, 0x283A, 0x3A3A, 0x2828,
    0x3A28, 0x2828, 0x3A3A, 0x2828, 0x3B3B, 0x2828, 0x3A3A, 0x3B3A, 0x3B3B, 0x3B3B, 0x3A3A, 0x2828,
    0x3A28, 0x3A3B, 0x2828, 0x2828, 0x283A, 0x3B3A, 0x2828, 0x3B3A, 0x2828, 0x3B28, 0x3B3A, 0x283B,
    0x3D3D, 0x3A3A, 0x3A3A, 0x3D3A, 0x3A28, 0x3B3A, 0x3A28, 0x3A3A, 0x3A3A, 0x3B3B, 0x3A3A, 0x3A3A,
    0x3B3B, 0x3A3B, 0x3A3B, 0x3B3B, 0x3B3B, 0x283B, 0x0000, 0x3A00, 0x283A, 0x2828, 0x0000, 0x0000,
    0x3A3A, 0x3A3A, 0x0000, 0x0000, 0x0000, 0x0000, 0x0000, 0x0000, 0x0000, 0x0000, 0x0000, 0x0000,
    0x0000, 0x0000, 0x0000, 0x0000, 0x0000, 0x0000, 0x0000, 0x0000, 0x0000, 0x3A3A, 0x0000, 0x0000,
    0x3A3A, 0x3A3A, 0x3A28, 0x3B3B, 0x3A3B, 0x3B3B, 0x3A3A, 0x3B3A, 0x3B3B, 0x3B3B, 0x3B3B, 0x3B3B,
    0x3B3B, 0x3B3A, 0x0000, 0x3A3A, 0x3A3B, 0x3B3B, 0x3A00, 0x3B3A, 0x3B3B, 0x3B3B, 0x3A3A, 0x3B3B,
    0x3B3B, 0x3B3A, 0x3B3A, 0x3B3A, 0x3A3B, 0x3A3A, 0x3A3B, 0x3B3B, 0x3A3B, 0x3A28, 0x3B3A, 0x3A3B,
    0x3B3A, 0x283A, 0x3B3B, 0x3A3A, 0x3B28, 0x2828, 0x3B3A, 0x283A, 0x3B28, 0x2828, 0x3B3A, 0x283A,
    0x3B3A, 0x3A28, 0x283A, 0x283B, 0x3B3B, 0x3B3B, 0x2828, 0x3A3A, 0x3B3B, 0x3B3B, 0x2828, 0x3B3A,
    0x3B3B, 0x3B3B, 0x2828, 0x3B3A, 0x3B3B, 0x3B3B, 0x3B3B, 0x3B3B, 0x3B3B, 0x3B3B, 0x3B3B, 0x3B3B,
    0x3B3B, 0x3B3B, 0x3A3B, 0x3B3A, 0x3B3B, 0x3B3B, 0x3A3A, 0x3B3A, 0x3B3B, 0x3B3B, 0x3A3A, 0x3B3B,
    0x3A3B, 0x3B3B, 0x3B3B, 0x3B3B, 0x3A3A, 0x3B3B, 0x3B3B, 0x3A3B, 0x3B3A, 0x3B3B, 0x3B3B, 0x3A3B,
    0x3B3B, 0x3B3B, 0x0000, 0x3B00, 0x3B3B, 0x3B3B, 0x0000, 0x0000, 0x3B3B, 0x3A3A, 0x0000, 0x3B00,
    0x3A3B, 0x3B3A, 0x0000, 0x3B3B, 0x3A3A, 0x3B3A, 0x3B00, 0x3A3A, 0x3A3A, 0x3B3A, 0x3A3B, 0x3A3A,
    0x3A28, 0x3B3B, 0x3A28, 0x283A, 0x3A3A, 0x3B3B, 0x3B00, 0x283A, 0x3B3A, 0x3B3B, 0x283A, 0x3A28,
    0x3B3B, 0x0000, 0x3A00, 0x3B3B, 0x0000, 0x3A00, 0x0000, 0x0000, 0x0000, 0x283A, 0x0000, 0x0000,
    0x3A00, 0x2828, 0x0000, 0x0000, 0x283A, 0x2828, 0x0000, 0x0000, 0x283A, 0x3B28, 0x0000, 0x0000,
    0x3B00, 0x003B, 0x0000, 0x0000, 0x0000, 0x0000, 0x3A00, 0x0000, 0x3A00, 0x3A28, 0x283A, 0x3A3A,
    0x3B00, 0x3B28, 0x283A, 0x3A28, 0x3B3A, 0x3B3A, 0x3A00, 0x3A28, 0x3A3A, 0x3B3A, 0x0000, 0x3B3B,
    0x3A3A, 0x3B3A, 0x3A3A, 0x283A, 0x2828, 0x3A3A, 0x3A28, 0x2828, 0x3A28, 0x3B3A, 0x3A3A, 0x2828,
    0x3B3A, 0x3B3B, 0x0000, 0x0000, 0x0000, 0x0000, 0x0000, 0x0000, 0x0000, 0x0000, 0x0000, 0x0000,
    0x0000, 0x0000, 0x0000, 0x0000, 0x0000, 0x0000, 0x0000, 0x0000, 0x0000, 0x0000, 0x0000, 0x0000,
    0x0000, 0x3A00, 0x0000, 0x0000, 0x0000, 0x283A, 0x0000, 0x0000, 0x3B00, 0x3A3A, 0x0000, 0x0000,
    0x3B3B, 0x3A3B, 0x0000, 0x0000, 0x3B00, 0x3A3A, 0x0000, 0x0000, 0x3A3A, 0x283A, 0x0000, 0x3A3A,
    0x3A3A, 0x2828, 0x3A00, 0x3A3A, 0x283A, 0x3A28, 0x283A, 0x2828, 0x283A, 0x3C28, 0x2828, 0x3B3A,
    0x283B, 0x3B3B, 0x3B3A, 0x003B, 0x3B00, 0x3B3B, 0x2828, 0x3C3B, 0x3E3C, 0x3B3B, 0x3A28, 0x3C3C,
    0x3C3C, 0x3C3B, 0x3B3B, 0x3C3C, 0x3B3C, 0x3C3B, 0x3C3B, 0x3C3C, 0x3C3B, 0x3C3B, 0x3C3B, 0x3B3C,
    0x3B3C, 0x3A3A, 0x3C3B, 0x3C3C, 0x3A3C, 0x3A3A, 0x3B3B, 0x3C3C, 0x3A3A, 0x3A3A, 0x3B3B, 0x3A3C,
    0x3A3A, 0x3A3A, 0x2828, 0x3B28, 0x3A3A, 0x3B3B, 0x283B, 0x3B3A, 0x3B3B, 0x3A3B, 0x3A3B, 0x3B3A,
    0x003B, 0x3A3B, 0x3A3B, 0x3B3B, 0x003B, 0x3B3B, 0x3B3B, 0x3B3B, 0x003B, 0x3B00, 0x3B3B, 0x3B3B,
    0x0000, 0x0000, 0x3B3B, 0x3B3B, 0x0000, 0x0000, 0x003B, 0x003B, 0x0000, 0x0000, 0x3B3B, 0x3B3B,
    0x3A3B, 0x3B3B, 0x3B3B, 0x3B3B, 0x3A3A, 0x3B3B, 0x3B3A, 0x3B3B, 0x3B3A, 0x3B3B, 0x3B3A, 0x3A3B,
    0x3B3A, 0x3B3B, 0x3B3A, 0x3A3B, 0x3B3A, 0x3B3B, 0x3B3A, 0x3A3A, 0x3B3A, 0x3B3B, 0x3A3B, 0x3A28,
    0x3B3B, 0x3A3B, 0x283B, 0x3B28, 0x3B3B, 0x3A3B, 0x3B3B, 0x3B3B, 0x3A3B, 0x3B28, 0x3B3B, 0x3B3B,
    0x3B3B, 0x3B3B, 0x3B3B, 0x3B3B, 0x3B3C, 0x3B3B, 0x3B3B, 0x3C3B, 0x3B3C, 0x3B3B, 0x3B3B, 0x3C3C,
    0x3B3B, 0x3B3B, 0x3C3A, 0x3B3C, 0x3B3B, 0x3B3B, 0x3C3B, 0x3B3B, 0x3B3B, 0x3B3B, 0x3B3B, 0x3B3B,
    0x3B3B, 0x3B3B, 0x3B3B, 0x3A3B, 0x283A, 0x3A28, 0x3B3B, 0x3B3B, 0x2828, 0x3A28, 0x3B3B, 0x3B3B,
    0x2828, 0x3A3A, 0x3B3B, 0x3B3B, 0x3B3B, 0x3A3A, 0x3B3B, 0x3B3B, 0x3A3A, 0x3A3A, 0x3B3B, 0x283B,
    0x3A28, 0x3A3A, 0x3B3B, 0x2828, 0x3A28, 0x3A28, 0x3B3B, 0x3D28, 0x3A3A, 0x2828, 0x283A, 0x003B,
    0x0000, 0x0000, 0x2828, 0x003B, 0x0000, 0x3B00, 0x3B3A, 0x0000, 0x3B00, 0x3B3B, 0x0000, 0x0000,
    0x3B3B, 0x3B3B, 0x0000, 0x3B00, 0x3A3B, 0x3A3B, 0x0000, 0x3A3B, 0x3B3A, 0x3A3A, 0x3B00, 0x3A3A,
    0x283A, 0x3A3A, 0x3A3B, 0x3A3A, 0x3A28, 0x3B3A, 0x3B3B, 0x3B3B, 0x3A3B, 0x3B3A, 0x3B3B, 0x3A3B,
    0x3A3A, 0x3B3A, 0x3B3A, 0x3A3A, 0x3A3A, 0x3A3B, 0x3B3A, 0x3A3A, 0x3A3A, 0x3A3B, 0x3A3B, 0x3A3A,
    0x3A3A, 0x3A3B, 0x3A3B, 0x3A3A, 0x3B28, 0x3A3B, 0x3A3A, 0x283A, 0x3B28, 0x3B3B, 0x3A3A, 0x3D28,
    0x3B3A, 0x3B3B, 0x283A, 0x3B3B, 0x3B3B, 0x3A3B, 0x3A28, 0x3B3B, 0x3B3B, 0x3A3A, 0x3B28, 0x3B3B,
    0x3B3B, 0x283A, 0x3B3A, 0x3A3B, 0x3B3B, 0x2828, 0x3B3B, 0x3A3A, 0x3A3B, 0x3A28, 0x3A3B, 0x3B3A,
    0x3B3A, 0x3A3B, 0x3A3B, 0x3A3B, 0x3A3A, 0x3A3A, 0x3B3B, 0x3A3A, 0x3A3A, 0x3B28, 0x3A3A, 0x283A,
    0x2828, 0x3A3A, 0x3A3A, 0x283A, 0x2828, 0x3B3A, 0x3A3A, 0x3A3A, 0x283D, 0x3C3A, 0x283A, 0x3A3A,
    0x3D28, 0x3C3B, 0x283A, 0x3A28, 0x3B3B, 0x3C3B, 0x283A, 0x3B3D, 0x3B3B, 0x3C3B, 0x2828, 0x3B3D,
    0x3C3B, 0x3C3B, 0x2828, 0x3B28, 0x3C3C, 0x3B3B, 0x0000, 0x0000, 0x0000, 0x0000, 0x0000, 0x0000,
    0x0000, 0x0000, 0x0000, 0x0000, 0x0000, 0x0000, 0x0000, 0x0000, 0x0000, 0x0000, 0x0000, 0x0000,
    0x0000, 0x0000, 0x0000, 0x0000, 0x0000, 0x3B00, 0x0000, 0x0000, 0x0000, 0x283B, 0x0000, 0x0000,
    0x3A00, 0x3A28, 0x0000, 0x0000, 0x3B00, 0x3A3A, 0x0000, 0x0000, 0x3A3B, 0x3B3A, 0x0000, 0x0000,
    0x3B3B, 0x3B3B, 0x0000, 0x3B3B, 0x3B3B, 0x3B3B, 0x3B3B, 0x3A3A, 0x3B3A, 0x3A3B, 0x3A3A, 0x3A3A,
    0x3B3B, 0x2828, 0x3A3A, 0x3B3B, 0x283B, 0x2828, 0x3B3A, 0x3B3B, 0x283B, 0x3B28, 0x2828, 0x3B3B,
    0x3B3B, 0x3B3B, 0x3A3D, 0x3B3B, 0x3B3B, 0x3B3B, 0x3B28, 0x3B3B, 0x3B3B, 0x3B3B, 0x3B3B, 0x003B,
    0x3B3B, 0x3A3B, 0x003B, 0x3B00, 0x3B3B, 0x3A3A, 0x3B00, 0x3B3B, 0x3B3B, 0x3A3A, 0x3B3B, 0x3B3B,
    0x3A3B, 0x3A3A, 0x3B3B, 0x3A3B, 0x3A3B, 0x3A3A, 0x3B28, 0x3B3B, 0x3A3B, 0x283A, 0x3B3B, 0x3B3B,
    0x3A3A, 0x2828, 0x3B3B, 0x3B3B, 0x283A, 0x3A28, 0x003B, 0x3B3B, 0x2828, 0x3A28, 0x0000, 0x3B3C,
    0x2828, 0x3A3A, 0x3C00, 0x283B, 0x3D28, 0x3B3A, 0x3C00, 0x283B, 0x3A3D, 0x3B3A, 0x3B3C, 0x3A3A,
    0x3A3A, 0x3B3B, 0x0707, 0x0606, 0x0707, 0x0707, 0x0600, 0x0706, 0x0707, 0x071E, 0x0600, 0x0706,
    0x0707, 0x0807, 0x0600, 0x0706, 0x0707, 0x0908, 0x0600, 0x0707, 0x2207, 0x0709, 0x0700, 0x0707,
    0x0722, 0x081E, 0x0707, 0x0622, 0x0706, 0x0707, 0x0607, 0x0606, 0x0707, 0x0707, 0x0C0C, 0x0C05,
    0x0A0A, 0x0706, 0x050C, 0x0A05, 0x060A, 0x0606, 0x0A0C, 0x0606, 0x0406, 0x040A, 0x050C, 0x050A,
    0x0505, 0x0405, 0x0505, 0x0505, 0x0A0A, 0x0505, 0x0C0C, 0x050C, 0x0505, 0x0A0A, 0x0C40, 0x0C0C,
    0x0C0C, 0x3F3F, 0x0C0C, 0x0C0C, 0x0C0C, 0x3F3F, 0x0606, 0x0606, 0x0707, 0x0706, 0x0506, 0x0606,
    0x0606, 0x0706, 0x0A0A, 0x0A0A, 0x0604, 0x0706, 0x0505, 0x040A, 0x0504, 0x0606, 0x0A05, 0x0405,
    0x0A05, 0x0A0A, 0x050A, 0x0505, 0x0505, 0x0A0A, 0x0A0A, 0x050A, 0x0A05, 0x0505, 0x0C0C, 0x0C0C,
    0x0C04, 0x0C0C, 0x0000, 0x0000, 0x0000, 0x0000, 0x0000, 0x0000, 0x0000, 0x0000, 0x0000, 0x0000,
    0x0000, 0x3B3B, 0x0000, 0x0000, 0x3B00, 0x3A3A, 0x0000, 0x0000, 0x0000, 0x3B3B, 0x0000, 0x0000,
    0x0000, 0x0000, 0x0000, 0x0000, 0x0000, 0x3B00, 0x0000, 0x0000, 0x0000, 0x0000, 0x0000, 0x0000,
    0x3B00, 0x3A3B, 0x3B00, 0x3B3B, 0x3A3B, 0x3A3A, 0x3A3B, 0x3B3A, 0x3A3B, 0x3A3A, 0x3A3A, 0x3B3B,
    0x283A, 0x3A28, 0x3B3B, 0x283B, 0x2828, 0x3A28, 0x3A3B, 0x2828, 0x3A28, 0x3B3B, 0x3A3A, 0x2828,
    0x003B, 0x0000, 0x3A3B, 0x3B3A, 0x0000, 0x0000, 0x3A3A, 0x283A, 0x2828, 0x3A28, 0x283A, 0x2828,
    0x2828, 0x3A3A, 0x3A3A, 0x3D3D, 0x3A28, 0x3A3A, 0x3A3A, 0x3B3A, 0x3A3B, 0x283A, 0x3B3B, 0x3A3B,
    0x3A3A, 0x283A, 0x3B00, 0x2828, 0x3A3A, 0x3A3A, 0x283B, 0x2828, 0x3A3B, 0x3B3A, 0x3B00, 0x3B3B,
    0x3B3B, 0x003B, 0x3A3B, 0x3A3A, 0x3B3B, 0x3B3B, 0x3A3A, 0x3B3A, 0x003B, 0x3A3B, 0x3A28, 0x003B,
    0x0000, 0x3A3A, 0x3B28, 0x0000, 0x3A00, 0x3A3A, 0x003A, 0x0000, 0x3A00, 0x2828, 0x0000, 0x0000,
    0x283A, 0x2828, 0x0000, 0x0000, 0x283A, 0x3A3D, 0x0000, 0x0000, 0x3D3A, 0x3B3A, 0x3B3A, 0x3B3A,
    0x003B, 0x3D3B, 0x3B3A, 0x3B3A, 0x0000, 0x3D3A, 0x3A3A, 0x3B3B, 0x3A00, 0x3D28, 0x3A28, 0x003B,
    0x3A00, 0x283D, 0x3B3A, 0x0000, 0x0000, 0x3B3A, 0x3B3A, 0x0000, 0x0000, 0x0000, 0x003B, 0x0000,
    0x0000, 0x0000, 0x0000, 0x0000, 0x0000, 0x0000, 0x0707, 0x0707, 0x0606, 0x0707, 0x0707, 0x0707,
    0x0607, 0x0006, 0x0708, 0x0707, 0x0607, 0x0006, 0x0904, 0x0707, 0x0607, 0x0006, 0x0807, 0x0722,
    0x0707, 0x0006, 0x0708, 0x061E, 0x0707, 0x0007, 0x0707, 0x0607, 0x2222, 0x0707, 0x071E, 0x0707,
    0x0606, 0x0706, 0x0000, 0x0000, 0x0000, 0x0000, 0x0000, 0x0000, 0x0000, 0x0000, 0x0000, 0x0000,
    0x0000, 0x0000, 0x0000, 0x0000, 0x0000, 0x0000, 0x0000, 0x0000, 0x0000, 0x0000, 0x0000, 0x0000,
    0x0000, 0x0000, 0x0000, 0x0000, 0x1010, 0x0010, 0x0000, 0x1000, 0x1010, 0x1010, 0x0000, 0x1010,
    0x1000, 0x1010, 0x0000, 0x0000, 0x1010, 0x1010, 0x0000, 0x0000, 0x1010, 0x1010, 0x0000, 0x1000,
    0x1010, 0x1010, 0x0000, 0x1010, 0x1010, 0x1010, 0x1000, 0x1010, 0x1010, 0x1010, 0x1000, 0x1010,
    0x1010, 0x1010, 0x1010, 0x1010, 0x1010, 0x1010, 0x1010, 0x1010, 0x1010, 0x1010, 0x1010, 0x1010,
    0x1010, 0x1010, 0x1010, 0x1010, 0x1010, 0x1010, 0x1010, 0x1010, 0x0000, 0x1010, 0x1010, 0x0000,
    0x0000, 0x1010, 0x1010, 0x0000, 0x1000, 0x1010, 0x0010, 0x0000, 0x1010, 0x1010, 0x0000, 0x0000,
    0x1000, 0x1010, 0x1000, 0x1010, 0x1010, 0x1010, 0x1010, 0x1010, 0x1010, 0x1010, 0x1000, 0x1010,
    0x1010, 0x1010, 0x0000, 0x1000, 0x1010, 0x1010, 0x0000, 0x1010, 0x1010, 0x0010, 0x0000, 0x1000,
    0x1010, 0x0000, 0x0000, 0x0000, 0x0000, 0x1010, 0x0000, 0x0000, 0x1010, 0x1010, 0x1010, 0x1010,
    0x1000, 0x1010, 0x1010, 0x0010, 0x1010, 0x1010, 0x1010, 0x0000, 0x1010, 0x1010, 0x0000, 0x1000,
    0x1010, 0x1010, 0x0000, 0x1010, 0x1010, 0x1010, 0x1010, 0x1010, 0x1010, 0x1010, 0x1010, 0x1010,
    0x1010, 0x1010, 0x1010, 0x1010, 0x1010, 0x1010, 0x1010, 0x1010, 0x0010, 0x1010, 0x1010, 0x1010,
    0x0000, 0x1010, 0x1010, 0x1010, 0x1000, 0x1010, 0x1010, 0x0010, 0x1000, 0x1010, 0x1010, 0x0000,
    0x0000, 0x1010, 0x1010, 0x0000, 0x0000, 0x0000, 0x0010, 0x0000, 0x0000, 0x0000, 0x0000, 0x0000,
    0x0000, 0x0000, 0x0000, 0x0000, 0x0000, 0x0000, 0x0000, 0x0000, 0x0000, 0x0000, 0x0000, 0x0000,
    0x0000, 0x0000, 0x0000, 0x0000, 0x0000, 0x0000, 0x0000, 0x0000, 0x0000, 0x1000, 0x0000, 0x0000,
    0x1010, 0x1010, 0x0000, 0x1000, 0x1010, 0x1010, 0x0000, 0x1000, 0x1010, 0x1010, 0x0000, 0x0000,
    0x0000, 0x0000, 0x0000, 0x0000, 0x0000, 0x1010, 0x0000, 0x1000, 0x1010, 0x1010, 0x1000, 0x1010,
    0x1010, 0x1010, 0x1010, 0x1010, 0x1010, 0x1010, 0x1010, 0x1010, 0x1010, 0x1010, 0x1010, 0x1010,
    0x1010, 0x1010, 0x1010, 0x1010, 0x1010, 0x1010, 0x1010, 0x1000, 0x1010, 0x1010, 0x0000, 0x1000,
    0x1010, 0x1010, 0x0000, 0x1010, 0x1010, 0x1010, 0x0000, 0x1010, 0x1010, 0x1010, 0x0000, 0x1010,
    0x0010, 0x0010, 0x1000, 0x1010, 0x0000, 0x0000, 0x1000, 0x1010, 0x0000, 0x0000, 0x1010, 0x1010,
    0x0000, 0x0000, 0x0000, 0x1000, 0x0010, 0x1010, 0x0000, 0x0000, 0x1000, 0x1010, 0x0000, 0x0000,
    0x1000, 0x1010, 0x0000, 0x0000, 0x1010, 0x1010, 0x0000, 0x1000, 0x1010, 0x1010, 0x0000, 0x1000,
    0x1010, 0x0010, 0x0000, 0x0000, 0x1010, 0x0000, 0x0000, 0x0000, 0x0000, 0x1010, 0x0000, 0x0000,
    0x0000, 0x1000, 0x0000, 0x0000, 0x0000, 0x1010, 0x0000, 0x0000, 0x0000, 0x0000, 0x0000, 0x0000,
    0x0000, 0x0000, 0x0000, 0x0000, 0x0000, 0x0000, 0x0000, 0x0000, 0x0000, 0x0000, 0x0000, 0x0000,
    0x0000, 0x0000, 0x0000, 0x0000, 0x0000, 0x1010, 0x0000, 0x0000, 0x0000, 0x0000, 0x0000, 0x0000,
    0x0000, 0x1000, 0x0000, 0x0000, 0x1000, 0x1010, 0x0000, 0x0000, 0x1010, 0x1010, 0x0000, 0x1000,
    0x1010, 0x1010, 0x0000, 0x1010, 0x1010, 0x1010, 0x0000, 0x1000, 0x1010, 0x1010, 0x1010, 0x1010,
    0x1010, 0x1010, 0x0000, 0x0000, 0x0000, 0x0000, 0x0000, 0x0000, 0x0000, 0x0000, 0x0000, 0x0000,
    0x0000, 0x0000, 0x0000, 0x0000, 0x0000, 0x0000, 0x0000, 0x0000, 0x0000, 0x0000, 0x0000, 0x1000,
    0x1010, 0x1010, 0x1000, 0x1010, 0x1010, 0x1010, 0x1010, 0x1010, 0x1010, 0x1010, 0x0000, 0x0000,
    0x0000, 0x1000, 0x0000, 0x0000, 0x0000, 0x1010, 0x0000, 0x1000, 0x1010, 0x1010, 0x0000, 0x1010,
    0x1010, 0x1010, 0x1010, 0x1010, 0x1010, 0x1010, 0x1010, 0x1010, 0x1010, 0x1010, 0x1010, 0x1010,
    0x1010, 0x1010, 0x1010, 0x1010, 0x1010, 0x1010, 0x1010, 0x1010, 0x1010, 0x1010, 0x1010, 0x1010,
    0x1010, 0x1010, 0x1010, 0x1010, 0x1010, 0x1010, 0x1010, 0x0010, 0x1010, 0x1010, 0x0010, 0x1000,
    0x1010, 0x1010, 0x1000, 0x1010, 0x1010, 0x1010, 0x1010, 0x1010, 0x1010, 0x1010, 0x1010, 0x1010,
    0x1010, 0x1010, 0x0000, 0x1000, 0x1010, 0x1010, 0x0000, 0x0000, 0x1010, 0x1010, 0x0000, 0x0000,
    0x0000, 0x0000, 0x0000, 0x0000, 0x0000, 0x0000, 0x0000, 0x0000, 0x0000, 0x0000, 0x0000, 0x0000,
    0x0000, 0x0000, 0x0000, 0x0000, 0x0000, 0x1010, 0x0000, 0x0000, 0x1010, 0x1010, 0x1010, 0x1010,
    0x1010, 0x1010, 0x1010, 0x1010, 0x1010, 0x1010, 0x1010, 0x1010, 0x1010, 0x1010, 0x0000, 0x1010,
    0x1010, 0x1010, 0x1000, 0x1010, 0x1010, 0x1010, 0x1010, 0x1010, 0x1010, 0x1010, 0x1010, 0x1010,
    0x1010, 0x1010, 0x1010, 0x1010, 0x1010, 0x1010, 0x4141, 0x4141, 0x4141, 0x4141, 0x4141, 0x4141,
    0x4141, 0x4141, 0x4141, 0x4141, 0x4141, 0x4141, 0x4141, 0x4141, 0x4141, 0x4141, 0x4141, 0x4141,
    0x4141, 0x4141, 0x4141, 0x4141, 0x4141, 0x4141, 0x4141, 0x4141, 0x4141, 0x4141, 0x4141, 0x4141,
    0x4141, 0x4141, 0x0000, 0x1000, 0x1010, 0x1010, 0x0000, 0x0000, 0x1010, 0x1010, 0x0000, 0x1000,
    0x1010, 0x1010, 0x0000, 0x1010, 0x1010, 0x1010, 0x1000, 0x1010, 0x1010, 0x1010, 0x1010, 0x1010,
    0x1010, 0x1010, 0x1010, 0x1010, 0x1010, 0x1010, 0x1000, 0x1010, 0x1010, 0x1010, 0x1010, 0x1010,
    0x1010, 0x0000, 0x1000, 0x1010, 0x0000, 0x1000, 0x0000, 0x0000, 0x0000, 0x1010, 0x0000, 0x0000,
    0x1000, 0x1010, 0x0000, 0x0000, 0x1010, 0x1010, 0x0000, 0x0000, 0x1010, 0x1010, 0x0000, 0x0000,
    0x1000, 0x0010, 0x0000, 0x0000, 0x0000, 0x0000, 0x0000, 0x0000, 0x0000, 0x0000, 0x0000, 0x0000,
    0x0000, 0x0000, 0x0000, 0x0000, 0x0000, 0x0000, 0x0000, 0x0000, 0x0000, 0x0000, 0x0000, 0x0000,
    0x0000, 0x0000, 0x0000, 0x0000, 0x0000, 0x1000, 0x0000, 0x0000, 0x0000, 0x1010, 0x0000, 0x0000,
    0x1000, 0x1010, 0x0000, 0x0000, 0x1010, 0x1010, 0x0000, 0x0000, 0x1000, 0x1010, 0x0000, 0x0000,
    0x1010, 0x1010, 0x0000, 0x1010, 0x1010, 0x1010, 0x1000, 0x1010, 0x1010, 0x1010, 0x1010, 0x1010,
    0x1010, 0x1010, 0x1010, 0x1010, 0x1010, 0x1010, 0x1010, 0x0010, 0x1000, 0x1010, 0x1010, 0x1010,
    0x1010, 0x1010, 0x1010, 0x1010, 0x1010, 0x1010, 0x1010, 0x1010, 0x0010, 0x1010, 0x1010, 0x1010,
    0x0010, 0x1010, 0x1010, 0x1010, 0x0010, 0x1000, 0x1010, 0x1010, 0x0000, 0x0000, 0x1010, 0x1010,
    0x0000, 0x0000, 0x0010, 0x0010, 0x0000, 0x0000, 0x1010, 0x0010, 0x0000, 0x0000, 0x1010, 0x0010,
    0x0000, 0x1000, 0x1010, 0x0000, 0x1000, 0x1010, 0x0000, 0x0000, 0x1010, 0x1010, 0x0000, 0x1000,
    0x1010, 0x1010, 0x0000, 0x1010, 0x1010, 0x1010, 0x1000, 0x1010, 0x1010, 0x1010, 0x1010, 0x1010,
    0x1010, 0x1010, 0x1010, 0x1010, 0x1010, 0x1010, 0x1010, 0x1010, 0x1010, 0x1010, 0x1010, 0x1010,
    0x1010, 0x1010, 0x1010, 0x0010, 0x1000, 0x1010, 0x0010, 0x1000, 0x1010, 0x1010, 0x1000, 0x1010,
    0x1010, 0x1010, 0x1010, 0x1010, 0x1010, 0x1010, 0x1010, 0x1010, 0x1010, 0x1010, 0x1010, 0x1010,
    0x1010, 0x1010, 0x1010, 0x1010, 0x1010, 0x1010, 0x1010, 0x1010, 0x1010, 0x1010, 0x0010, 0x1010,
    0x1010, 0x1010, 0x0000, 0x1010, 0x1010, 0x1010, 0x1000, 0x1010, 0x1010, 0x1010, 0x1000, 0x1010,
    0x1010, 0x1010, 0x1010, 0x1010, 0x1010, 0x1010, 0x1010, 0x1010, 0x1010, 0x1010, 0x1000, 0x1010,
    0x1010, 0x1010, 0x1000, 0x1010, 0x1010, 0x1010, 0x1000, 0x1010, 0x1010, 0x1010, 0x1000, 0x1010,
    0x1010, 0x1010, 0x1000, 0x1010, 0x1010, 0x1010, 0x1010, 0x1010, 0x1010, 0x1010, 0x1010, 0x1010,
    0x1010, 0x1010, 0x0000, 0x0000, 0x0000, 0x0000, 0x0000, 0x0000, 0x0000, 0x0000, 0x0000, 0x0000,
    0x0000, 0x1010, 0x0000, 0x0000, 0x1000, 0x1010, 0x0000, 0x0000, 0x0000, 0x1010, 0x0000, 0x0000,
    0x0000, 0x0000, 0x0000, 0x0000, 0x0000, 0x1000, 0x0000, 0x0000, 0x0000, 0x0000, 0x0000, 0x0000,
    0x1000, 0x1010, 0x1000, 0x1010, 0x1010, 0x1010, 0x1010, 0x1010, 0x1010, 0x1010, 0x1010, 0x1010,
    0x1010, 0x1010, 0x1010, 0x1010, 0x1010, 0x1010, 0x1010, 0x1010, 0x1010, 0x1010, 0x1010, 0x1010
};

const u16 gb_level04_translation[634] = {
    0x0000, 0x0001, 0x0002, 0x0003, 0x0004, 0x0005, 0x0006, 0x0007, 0x0008, 0x0009, 0x000A, 0x000B,
    0x000C, 0x0008, 0x000D, 0x000E, 0x000F, 0x0010, 0x0011, 0x0012, 0x0013, 0x0014, 0x0015, 0x0415,
    0x0414, 0x0413, 0x0412, 0x0411, 0x0016, 0x0416, 0x0008, 0x0008, 0x0017, 0x0018, 0x0019, 0x001A,
    0x001B, 0x001C, 0x001D, 0x001E, 0x0008, 0x001F, 0x0020, 0x0021, 0x0022, 0x0023, 0x0024, 0x0025,
    0x0026, 0x0027, 0x0028, 0x0029, 0x0008, 0x0008, 0x0008, 0x0008, 0x0008, 0x0008, 0x0008, 0x0008,
    0x0008, 0x0008, 0x0008, 0x0008, 0x002A, 0x002B, 0x002C, 0x002D, 0x002E, 0x002F, 0x0030, 0x0031,
    0x0032, 0x0033, 0x0034, 0x0035, 0x0036, 0x0037, 0x0038, 0x0039, 0x003A, 0x003B, 0x003C, 0x003D,
    0x0008, 0x0008, 0x0008, 0x0008, 0x0008, 0x0008, 0x0008, 0x0008, 0x0008, 0x0008, 0x0008, 0x0008,
    0x003E, 0x003F, 0x0040, 0x0041, 0x0042, 0x0043, 0x0044, 0x0045, 0x0046, 0x0047, 0x0048, 0x0049,
    0x004A, 0x004B, 0x004C, 0x004D, 0x004E, 0x004F, 0x0050, 0x0051, 0x0052, 0x0053, 0x0008, 0x0008,
    0x0008, 0x0008, 0x0008, 0x0008, 0x0008, 0x0008, 0x0008, 0x0008, 0x0054, 0x0055, 0x0056, 0x0057,
    0x0058, 0x0059, 0x005A, 0x005B, 0x005C, 0x005D, 0x005E, 0x005F, 0x0060, 0x0061, 0x0062, 0x0063,
    0x0064, 0x0065, 0x0066, 0x0067, 0x0068, 0x0069, 0x0008, 0x0008, 0x0008, 0x0008, 0x0008, 0x0008,
    0x0008, 0x0008, 0x0008, 0x0008, 0x006A, 0x006B, 0x0008, 0x0008, 0x006C, 0x006D, 0x006E, 0x006F,
    0x0070, 0x0071, 0x0072, 0x0073, 0x0074, 0x0075, 0x0076, 0x0077, 0x0078, 0x0079, 0x007A, 0x007B,
    0x007C, 0x007D, 0x007E, 0x007F, 0x0080, 0x0081, 0x0082, 0x0083, 0x0084, 0x0085, 0x0086, 0x0008,
    0x0087, 0x0088, 0x0089, 0x008A, 0x008B, 0x008C, 0x008D, 0x008E, 0x008F, 0x0090, 0x0091, 0x0092,
    0x0093, 0x0094, 0x0095, 0x0096, 0x0097, 0x0098, 0x0099, 0x009A, 0x009B, 0x009C, 0x009D, 0x009E,
    0x009F, 0x00A0, 0x00A1, 0x00A2, 0x00A3, 0x00A4, 0x00A5, 0x0008, 0x0008, 0x0486, 0x0485, 0x0484,
    0x0483, 0x0482, 0x0481, 0x0480, 0x047F, 0x047E, 0x047D, 0x047C, 0x047B, 0x047A, 0x0479, 0x0478,
    0x0477, 0x0476, 0x0475, 0x0474, 0x0473, 0x0472, 0x0471, 0x0470, 0x046F, 0x046E, 0x046D, 0x046C,
    0x0008, 0x0008, 0x046B, 0x046A, 0x0008, 0x04A5, 0x04A4, 0x04A3, 0x04A2, 0x04A1, 0x04A0, 0x049F,
    0x049E, 0x049D, 0x049C, 0x049B, 0x049A, 0x0499, 0x0498, 0x0497, 0x0496, 0x0495, 0x0494, 0x0493,
    0x0492, 0x0491, 0x0490, 0x048F, 0x048E, 0x048D, 0x048C, 0x048B, 0x048A, 0x0489, 0x0488, 0x0487,
    0x00A6, 0x00A7, 0x00A8, 0x00A9, 0x00AA, 0x00AB, 0x00AC, 0x00AD, 0x00AE, 0x00AF, 0x00B0, 0x00B1,
    0x00B2, 0x00B3, 0x00B4, 0x00B5, 0x00B6, 0x00B7, 0x00B8, 0x00B9, 0x00BA, 0x00BB, 0x00BC, 0x00BD,
    0x00BE, 0x00BF, 0x00C0, 0x00C1, 0x00C2, 0x00C3, 0x00C4, 0x00C5, 0x00C6, 0x00C7, 0x00C8, 0x00C9,
    0x00CA, 0x00CB, 0x0008, 0x0008, 0x0008, 0x0008, 0x0008, 0x0008, 0x0008, 0x0008, 0x0008, 0x0008,
    0x0008, 0x0008, 0x0008, 0x0008, 0x0008, 0x0008, 0x0008, 0x0008, 0x0008, 0x0008, 0x0008, 0x0008,
    0x0008, 0x0008, 0x0008, 0x0008, 0x0008, 0x0008, 0x0008, 0x0008, 0x0008, 0x0008, 0x0008, 0x0008,
    0x0008, 0x0008, 0x0008, 0x0008, 0x0008, 0x0008, 0x0008, 0x0008, 0x0008, 0x0008, 0x0008, 0x0008,
    0x0008, 0x0008, 0x0008, 0x0008, 0x0008, 0x0008, 0x0008, 0x0008, 0x0008, 0x0008, 0x0008, 0x0008,
    0x0008, 0x0008, 0x0008, 0x0008, 0x0008, 0x0008, 0x0008, 0x0008, 0x0008, 0x0008, 0x0008, 0x0008,
    0x0008, 0x0008, 0x0008, 0x0008, 0x0008, 0x0008, 0x0008, 0x0008, 0x0008, 0x0008, 0x0008, 0x0008,
    0x0008, 0x0008, 0x0008, 0x0008, 0x0008, 0x0008, 0x0008, 0x0008, 0x0008, 0x0008, 0x0008, 0x0008,
    0x0008, 0x0008, 0x0008, 0x0008, 0x0008, 0x0008, 0x0008, 0x0008, 0x0008, 0x0008, 0x0008, 0x0008,
    0x0008, 0x0008, 0x0008, 0x0008, 0x0008, 0x0008, 0x0008, 0x0008, 0x0008, 0x0008, 0x0008, 0x0008,
    0x0008, 0x0008, 0x0008, 0x0008, 0x0008, 0x0008, 0x0008, 0x0008, 0x0008, 0x0008, 0x0008, 0x0008,
    0x0008, 0x0008, 0x0008, 0x0008, 0x0008, 0x0008, 0x0008, 0x0008, 0x0008, 0x0008, 0x0008, 0x0008,
    0x0008, 0x0008, 0x0008, 0x0008, 0x0008, 0x0008, 0x0008, 0x0008, 0x0008, 0x0008, 0x0008, 0x0008,
    0x0008, 0x0008, 0x0008, 0x0008, 0x0008, 0x0008, 0x0008, 0x0008, 0x0008, 0x0008, 0x0008, 0x0008,
    0x0008, 0x0008, 0x0008, 0x0008, 0x0008, 0x0008, 0x0008, 0x0008, 0x0008, 0x0008, 0x0008, 0x0008,
    0x0008, 0x0008, 0x0008, 0x0008, 0x0008, 0x0008, 0x0008, 0x0008, 0x0008, 0x0008, 0x0008, 0x0008,
    0x0008, 0x0008, 0x0008, 0x0008, 0x0008, 0x0008, 0x0008, 0x0008, 0x0008, 0x0008, 0x0008, 0x0008,
    0x0008, 0x0008, 0x0008, 0x0008, 0x0008, 0x0008, 0x0008, 0x0008, 0x0008, 0x0008, 0x0008, 0x0008,
    0x0008, 0x0008, 0x0008, 0x0008, 0x0008, 0x0008, 0x0008, 0x0008, 0x0008, 0x0008, 0x0008, 0x0008,
    0x0008, 0x0008, 0x0008, 0x0008, 0x0008, 0x0008, 0x0008, 0x0008, 0x0008, 0x0008, 0x0008, 0x0008,
    0x0008, 0x0008, 0x0008, 0x0008, 0x0008, 0x0008, 0x0008, 0x0008, 0x0008, 0x0008, 0x0008, 0x0008,
    0x0008, 0x0008, 0x0008, 0x0008, 0x0008, 0x0008, 0x0008, 0x0008, 0x0008, 0x0008, 0x0008, 0x0008,
    0x0008, 0x0008, 0x0008, 0x0008, 0x0008, 0x0008, 0x0008, 0x0008, 0x0008, 0x0008, 0x0008, 0x0008,
    0x0008, 0x0008, 0x0008, 0x0008, 0x0008, 0x0008, 0x0008, 0x0008, 0x0008, 0x0008, 0x0008, 0x0008,
    0x0008, 0x0008, 0x0008, 0x0008, 0x0008, 0x0008, 0x0008, 0x0008, 0x0008, 0x0008, 0x0008, 0x0008,
    0x0008, 0x0008, 0x0008, 0x0008, 0x0008, 0x0008, 0x0008, 0x0008, 0x0008, 0x0008
};

const u16 gb_level04_layer_a[30720] = {
    2, 2, 2, 2, 2, 2, 2, 2, 2, 2, 2, 2, 2, 2, 2, 2, 2, 2, 2, 2,
    2, 2, 2, 2, 2, 2, 2, 2, 2, 2, 2, 2, 2, 2, 2, 2, 2, 2, 2, 2,
    2, 2, 2, 2, 2, 2, 2, 2, 2, 2, 2, 2, 2, 2, 2, 2, 2, 2, 2, 2,
    2, 2, 2, 2, 2, 2, 2, 2, 2, 2, 2, 2, 2, 2, 2, 2, 2, 2, 2, 2,
    2, 2, 2, 2, 2, 2, 2, 2, 2, 2, 2, 2, 2, 2, 2, 2, 2, 2, 2, 2,
    2, 2, 2, 2, 2, 2, 2, 2, 2, 2, 2, 2, 2, 2, 2, 2, 2, 2, 2, 2,
    2, 2, 2, 2, 2, 2, 2, 2, 2, 2, 2, 2, 2, 2, 2, 2, 2, 2, 2, 2,
    2, 2, 2, 2, 2, 2, 2, 2, 2, 2, 2, 2, 2, 2, 2, 2, 2, 2, 2, 2,
    2, 2, 2, 2, 2, 2, 2, 2, 2, 2, 2, 2, 2, 2, 2, 2, 2, 2, 2, 2,
    2, 2, 2, 2, 2, 2, 2, 2, 2, 2, 2, 2, 2, 2, 2, 2, 2, 2, 2, 2,
    2, 2, 2, 2, 2, 2, 2, 2, 2, 2, 2, 2, 2, 2, 2, 2, 2, 2, 2, 2,
    2, 2, 2, 2, 2, 2, 2, 2, 2, 2, 2, 2, 2, 2, 2, 2, 2, 2, 2, 2,
    2, 2, 2, 2, 2, 2, 2, 2, 2, 2, 2, 2, 2, 2, 2, 2, 2, 2, 2, 2,
    2, 2, 2, 2, 2, 2, 2, 2, 2, 2, 2, 2, 2, 2, 2, 2, 2, 2, 2, 2,
    2, 2, 2, 2, 2, 2, 2, 2, 2, 2, 2, 2, 2, 2, 2, 2, 2, 2, 2, 2,
    2, 2, 2, 2, 2, 2, 2, 2, 2, 2, 2, 2, 2, 2, 2, 2, 2, 2, 2, 2,
    2, 2, 2, 2, 2, 2, 2, 2, 2, 2, 2, 2, 2, 2, 2, 2, 2, 2, 2, 2,
    2, 2, 2, 2, 2, 2, 2, 2, 2, 2, 2, 2, 2, 2, 2, 2, 2, 2, 2, 2,
    2, 2, 2, 2, 2, 2, 2, 2, 2, 2, 2, 2, 2, 2, 2, 2, 2, 2, 2, 2,
    2, 2, 2, 2, 2, 2, 2, 2, 2, 2, 2, 2, 2, 2, 2, 2, 2, 2, 2, 2,
    2, 2, 2, 2, 2, 2, 2, 2, 2, 2, 2, 2, 2, 2, 2, 2, 2, 2, 2, 2,
    2, 2, 2, 2, 2, 2, 2, 2, 2, 2, 2, 2, 2, 2, 2, 2, 2, 2, 2, 2,
    2, 2, 2, 2, 2, 2, 2, 2, 2, 2, 2, 2, 2, 2, 2, 2, 2, 2, 2, 2,
    2, 2, 2, 2, 2, 2, 2, 2, 2, 2, 2, 2, 2, 2, 2, 2, 2, 2, 2, 2,
    2, 2, 2, 2, 2, 2, 2, 2, 2, 2, 2, 2, 2, 2, 2, 2, 2, 2, 2, 2,
    2, 2, 2, 2, 2, 2, 2, 2, 2, 2, 2, 2, 2, 2, 2, 2, 2, 2, 2, 2,
    2, 2, 2, 2, 2, 2, 2, 2, 2, 2, 2, 2, 2, 2, 2, 2, 2, 2, 2, 2,
    2, 2, 2, 2, 2, 2, 2, 2, 2, 2, 2, 2, 2, 2, 2, 2, 2, 2, 2, 2,
    2, 2, 2, 2, 2, 2, 2, 2, 2, 2, 2, 2, 2, 2, 2, 2, 2, 2, 2, 2,
    2, 2, 2, 2, 2, 2, 2, 2, 2, 2, 2, 2, 2, 2, 2, 2, 2, 2, 2, 2,
    2, 2, 2, 2, 2, 2, 2, 2, 2, 2, 2, 2, 2, 2, 2, 2, 2, 2, 2, 2,
    2, 2, 2, 2, 2, 2, 2, 2, 2, 2, 2, 2, 2, 2, 2, 2, 2, 2, 2, 2,
    2, 2, 2, 2, 2, 2, 2, 2, 2, 2, 2, 2, 2, 2, 2, 2, 2, 2, 2, 2,
    2, 2, 2, 2, 2, 2, 2, 2, 2, 2, 2, 2, 2, 2, 2, 2, 2, 2, 2, 2,
    2, 2, 2, 2, 2, 2, 2, 2, 2, 2, 2, 2, 2, 2, 2, 2, 2, 2, 2, 2,
    2, 2, 2, 2, 2, 2, 2, 2, 2, 2, 2, 2, 2, 2, 2, 2, 2, 2, 2, 2,
    2, 2, 2, 2, 2, 2, 2, 2, 2, 2, 2, 2, 2, 2, 2, 2, 2, 2, 2, 2,
    2, 2, 2, 2, 2, 2, 2, 2, 2, 2, 2, 2, 2, 2, 2, 2, 2, 2, 2, 2,
    2, 2, 2, 2, 2, 2, 2, 2, 2, 2, 2, 2, 2, 2, 2, 2, 2, 2, 2, 2,
    2, 2, 2, 2, 2, 2, 2, 2, 2, 2, 2, 2, 2, 2, 2, 2, 2, 2, 2, 2,
    2, 2, 2, 2, 2, 2, 2, 2, 2, 2, 2, 2, 2, 2, 2, 2, 2, 2, 2, 2,
    2, 2, 2, 2, 2, 2, 2, 2, 2, 2, 2, 2, 2, 2, 2, 2, 2, 2, 2, 2,
    2, 2, 2, 2, 2, 2, 2, 2, 2, 2, 2, 2, 2, 2, 2, 2, 2, 2, 2, 2,
    2, 2, 2, 2, 2, 2, 2, 2, 2, 2, 2, 2, 2, 2, 2, 2, 2, 2, 2, 2,
    2, 2, 2, 2, 2, 2, 2, 2, 2, 2, 2, 2, 2, 2, 2, 2, 2, 2, 2, 2,
    2, 2, 2, 2, 2, 2, 2, 2, 2, 2, 2, 2, 2, 2, 2, 2, 2, 2, 2, 2,
    2, 2, 2, 2, 2, 2, 2, 2, 2, 2, 2, 2, 2, 2, 2, 2, 2, 2, 2, 2,
    2, 2, 2, 2, 2, 2, 2, 2, 2, 2, 2, 2, 2, 2, 2, 2, 2, 2, 2, 2,
    2, 2, 2, 2, 2, 2, 2, 2, 2, 2, 2, 2, 2, 2, 2, 2, 2, 2, 2, 2,
    2, 2, 2, 2, 2, 2, 2, 2, 2, 2, 2, 2, 2, 2, 2, 2, 2, 2, 2, 2,
    2, 2, 2, 2, 2, 2, 2, 2, 2, 2, 2, 2, 2, 2, 2, 2, 2, 2, 2, 2,
    2, 2, 2, 2, 2, 2, 2, 2, 2, 2, 2, 2, 2, 2, 2, 2, 2, 2, 2, 2,
    2, 2, 2, 2, 2, 2, 2, 2, 2, 2, 2, 2, 2, 2, 2, 2, 2, 2, 2, 2,
    2, 2, 2, 2, 2, 2, 2, 2, 2, 2, 2, 2, 2, 2, 2, 2, 2, 2, 2, 2,
    2, 2, 2, 2, 2, 2, 2, 2, 2, 2, 2, 2, 2, 2, 2, 2, 2, 2, 2, 2,
    2, 2, 2, 2, 2, 2, 2, 2, 2, 2, 2, 2, 2, 2, 2, 2, 2, 2, 2, 2,
    2, 2, 2, 2, 2, 2, 2, 2, 2, 2, 2, 2, 2, 2, 2, 2, 2, 2, 2, 2,
    2, 2, 2, 2, 2, 2, 2, 2, 2, 2, 2, 2, 2, 2, 2, 2, 2, 2, 2, 2,
    2, 2, 2, 2, 2, 2, 2, 2, 2, 2, 2, 2, 2, 2, 2, 2, 2, 2, 2, 2,
    2, 2, 2, 2, 2, 2, 2, 2, 2, 2, 2, 2, 2, 2, 2, 2, 2, 2, 2, 2,
    2, 2, 2, 2, 2, 2, 2, 2, 2, 2, 2, 2, 2, 2, 2, 2, 2, 2, 2, 2,
    2, 2, 2, 2, 2, 2, 2, 2, 2, 2, 2, 2, 2, 2, 2, 2, 2, 2, 2, 2,
    2, 2, 2, 2, 2, 2, 2, 2, 2, 2, 2, 2, 2, 2, 2, 2, 2, 2, 2, 2,
    2, 2, 2, 2, 2, 2, 2, 2, 2, 2, 2, 2, 2, 2, 2, 2, 2, 2, 2, 2,
    2, 2, 2, 2, 2, 2, 2, 2, 2, 2, 2, 2, 2, 2, 2, 2, 2, 2, 2, 2,
    2, 2, 2, 2, 2, 2, 2, 2, 2, 2, 2, 2, 2, 2, 2, 2, 2, 2, 2, 2,
    2, 2, 2, 2, 2, 2, 2, 2, 2, 2, 2, 2, 2, 2, 2, 2, 2, 2, 2, 2,
    2, 2, 2, 2, 2, 2, 2, 2, 2, 2, 2, 2, 2, 2, 2, 2, 2, 2, 2, 2,
    2, 2, 2, 2, 2, 2, 2, 2, 2, 2, 2, 2, 2, 2, 2, 2, 2, 2, 2, 2,
    2, 2, 2, 2, 2, 2, 2, 2, 2, 2, 2, 2, 2, 2, 2, 2, 2, 2, 2, 2,
    2, 2, 2, 2, 2, 2, 2, 2, 2, 2, 2, 2, 2, 2, 2, 2, 2, 2, 2, 2,
    2, 2, 2, 2, 2, 2, 2, 2, 2, 2, 2, 2, 2, 2, 2, 2, 2, 2, 2, 2,
    2, 2, 2, 2, 2, 2, 2, 2, 2, 2, 2, 2, 2, 2, 2, 2, 2, 2, 2, 2,
    2, 2, 2, 2, 2, 2, 2, 2, 2, 2, 2, 2, 2, 2, 2, 2, 2, 2, 2, 2,
    2, 2, 2, 2, 2, 2, 2, 2, 2, 2, 2, 2, 2, 2, 2, 2, 2, 2, 2, 2,
    2, 2, 2, 2, 2, 2, 2, 2, 2, 2, 2, 2, 2, 2, 2, 2, 2, 2, 2, 2,
    2, 2, 2, 2, 2, 2, 2, 2, 2, 2, 2, 2, 2, 2, 2, 2, 2, 2, 2, 2,
    2, 2, 2, 2, 2, 2, 2, 2, 2, 2, 2, 2, 2, 2, 2, 2, 2, 2, 2, 2,
    2, 2, 2, 2, 2, 2, 2, 2, 2, 2, 2, 2, 2, 2, 2, 2, 2, 2, 2, 2,
    2, 2, 2, 2, 2, 2, 2, 2, 2, 2, 2, 2, 2, 2, 2, 2, 2, 2, 2, 2,
    2, 2, 2, 2, 2, 2, 2, 2, 2, 2, 2, 2, 2, 2, 2, 2, 2, 2, 2, 2,
    2, 2, 2, 2, 2, 2, 2, 2, 2, 2, 2, 2, 2, 2, 2, 2, 2, 2, 2, 2,
    2, 2, 2, 2, 2, 2, 2, 2, 2, 2, 2, 2, 2, 2, 2, 2, 2, 2, 2, 2,
    2, 2, 2, 2, 2, 2, 2, 2, 2, 2, 2, 2, 2, 2, 2, 2, 2, 2, 2, 2,
    2, 2, 2, 2, 2, 2, 2, 2, 2, 2, 2, 2, 2, 2, 2, 2, 2, 2, 2, 2,
    2, 2, 2, 2, 2, 2, 2, 2, 2, 2, 2, 2, 2, 2, 2, 2, 2, 2, 2, 2,
    2, 2, 2, 2, 2, 2, 2, 2, 2, 2, 2, 2, 2, 2, 2, 2, 2, 2, 2, 2,
    2, 2, 2, 2, 2, 2, 2, 2, 2, 2, 2, 2, 2, 2, 2, 2, 2, 2, 2, 2,
    2, 2, 2, 2, 2, 2, 2, 2, 2, 2, 2, 2, 2, 2, 2, 2, 2, 2, 2, 2,
    2, 2, 2, 2, 2, 2, 2, 2, 2, 2, 2, 2, 2, 2, 2, 2, 2, 2, 2, 2,
    2, 2, 2, 2, 2, 2, 2, 2, 2, 2, 2, 2, 2, 2, 2, 2, 2, 2, 2, 2,
    2, 2, 2, 2, 2, 2, 2, 2, 2, 2, 2, 2, 2, 2, 2, 2, 2, 2, 2, 2,
    2, 2, 2, 2, 2, 2, 2, 2, 2, 2, 2, 2, 2, 2, 2, 2, 2, 2, 2, 2,
    2, 2, 2, 2, 2, 2, 2, 2, 2, 2, 2, 2, 2, 2, 2, 2, 2, 2, 2, 2,
    2, 2, 2, 2, 2, 2, 2, 2, 2, 2, 2, 2, 2, 2, 2, 2, 2, 2, 2, 2,
    2, 2, 2, 2, 2, 2, 2, 2, 2, 2, 2, 2, 2, 2, 2, 2, 2, 2, 2, 2,
    2, 2, 2, 2, 2, 2, 2, 2, 2, 2, 2, 2, 2, 2, 2, 2, 2, 2, 2, 2,
    2, 2, 2, 2, 2, 2, 2, 2, 2, 2, 2, 2, 2, 2, 2, 2, 2, 2, 2, 2,
    2, 2, 2, 2, 2, 2, 2, 2, 2, 2, 2, 2, 2, 2, 2, 2, 2, 2, 2, 2,
    2, 2, 2, 2, 2, 2, 2, 2, 2, 2, 2, 2, 2, 2, 2, 2, 2, 2, 2, 2,
    2, 2, 2, 2, 2, 2, 2, 2, 2, 2, 2, 2, 2, 2, 2, 2, 2, 2, 2, 2,
    2, 2, 2, 2, 2, 2, 2, 2, 2, 2, 2, 2, 2, 2, 2, 2, 2, 2, 2, 2,
    2, 2, 2, 2, 2, 2, 2, 2, 2, 2, 2, 2, 2, 2, 2, 2, 2, 2, 2, 2,
    2, 2, 2, 2, 2, 2, 2, 2, 2, 2, 2, 2, 2, 2, 2, 2, 2, 2, 2, 2,
    2, 2, 2, 2, 2, 2, 2, 2, 2, 2, 2, 2, 2, 2, 2, 2, 2, 2, 2, 2,
    2, 2, 2, 2, 2, 2, 2, 2, 2, 2, 2, 2, 2, 2, 2, 2, 2, 2, 2, 2,
    2, 2, 2, 2, 2, 2, 2, 2, 2, 2, 2, 2, 2, 2, 2, 2, 2, 2, 2, 2,
    2, 2, 2, 2, 2, 2, 2, 2, 2, 2, 2, 2, 2, 2, 2, 2, 2, 2, 2, 2,
    2, 2, 2, 2, 2, 2, 2, 2, 2, 2, 2, 2, 2, 2, 2, 2, 2, 2, 2, 2,
    2, 2, 2, 2, 2, 2, 2, 2, 2, 2, 2, 2, 2, 2, 2, 2, 2, 2, 2, 2,
    2, 2, 2, 2, 2, 2, 2, 2, 2, 2, 2, 2, 2, 2, 2, 2, 2, 2, 2, 2,
    2, 2, 2, 2, 2, 2, 2, 2, 2, 2, 2, 2, 2, 2, 2, 2, 2, 2, 2, 2,
    2, 2, 2, 2, 2, 2, 2, 2, 2, 2, 2, 2, 2, 2, 2, 2, 2, 2, 2, 2,
    2, 2, 2, 2, 2, 2, 2, 2, 2, 2, 2, 2, 2, 2, 2, 2, 2, 2, 2, 2,
    2, 2, 2, 2, 2, 2, 2, 2, 2, 2, 2, 2, 2, 2, 2, 2, 2, 2, 2, 2,
    2, 2, 2, 2, 2, 2, 2, 2, 2, 2, 2, 2, 2, 2, 2, 2, 2, 2, 2, 2,
    2, 2, 2, 2, 2, 2, 2, 2, 2, 2, 2, 2, 2, 2, 2, 2, 2, 2, 2, 2,
    2, 2, 2, 2, 2, 2, 2, 2, 2, 2, 2, 2, 2, 2, 2, 2, 2, 2, 2, 2,
    2, 2, 2, 2, 2, 2, 2, 2, 2, 2, 2, 2, 2, 2, 2, 2, 2, 2, 2, 2,
    2, 2, 2, 2, 2, 2, 2, 2, 2, 2, 2, 2, 2, 2, 2, 2, 2, 2, 2, 2,
    2, 2, 2, 2, 2, 2, 2, 2, 2, 2, 2, 2, 2, 2, 2, 2, 2, 2, 2, 2,
    2, 2, 2, 2, 2, 2, 2, 2, 2, 2, 2, 2, 2, 2, 2, 2, 2, 2, 2, 2,
    2, 2, 2, 2, 2, 2, 2, 2, 2, 2, 2, 2, 2, 2, 2, 2, 2, 2, 2, 2,
    2, 2, 2, 2, 2, 2, 2, 2, 2, 2, 2, 2, 2, 2, 2, 2, 2, 2, 2, 2,
    2, 2, 2, 2, 2, 2, 2, 2, 2, 2, 2, 2, 2, 2, 2, 2, 2, 2, 2, 2,
    2, 2, 2, 2, 2, 2, 2, 2, 2, 2, 2, 2, 2, 2, 2, 2, 2, 2, 2, 2,
    2, 2, 2, 2, 2, 2, 2, 2, 2, 2, 2, 2, 2, 2, 2, 2, 2, 2, 2, 2,
    2, 2, 2, 2, 2, 2, 2, 2, 2, 2, 2, 2, 2, 2, 2, 2, 2, 2, 2, 2,
    2, 2, 2, 2, 2, 2, 2, 2, 2, 2, 2, 2, 2, 2, 2, 2, 2, 2, 2, 2,
    2, 2, 2, 2, 2, 2, 2, 2, 2, 2, 2, 2, 2, 2, 2, 2, 2, 2, 2, 2,
    2, 2, 2, 2, 2, 2, 2, 2, 2, 2, 2, 2, 2, 2, 2, 2, 2, 2, 2, 2,
    2, 2, 2, 2, 2, 2, 2, 2, 2, 2, 2, 2, 2, 2, 2, 2, 2, 2, 2, 2,
    2, 2, 2, 2, 2, 2, 2, 2, 2, 2, 2, 2, 2, 2, 2, 2, 2, 2, 2, 2,
    2, 2, 2, 2, 2, 2, 2, 2, 2, 2, 2, 2, 2, 2, 2, 2, 2, 2, 2, 2,
    2, 2, 2, 2, 2, 2, 2, 2, 2, 2, 2, 2, 2, 2, 2, 2, 2, 2, 2, 2,
    2, 2, 2, 2, 2, 2, 2, 2, 2, 2, 2, 2, 2, 2, 2, 2, 2, 2, 2, 2,
    2, 2, 2, 2, 2, 2, 2, 2, 2, 2, 2, 2, 2, 2, 2, 2, 2, 2, 2, 2,
    2, 2, 2, 2, 2, 2, 2, 2, 2, 2, 2, 2, 2, 2, 2, 2, 2, 2, 2, 2,
    2, 2, 2, 2, 2, 2, 2, 2, 2, 2, 2, 2, 2, 2, 2, 2, 2, 2, 2, 2,
    2, 2, 2, 2, 2, 2, 2, 2, 2, 2, 2, 2, 2, 2, 2, 2, 2, 2, 2, 2,
    2, 2, 2, 2, 2, 2, 2, 2, 2, 2, 2, 2, 2, 2, 2, 2, 2, 2, 2, 2,
    2, 2, 2, 2, 2, 2, 2, 2, 2, 2, 2, 2, 2, 2, 2, 2, 2, 2, 2, 2,
    2, 2, 2, 2, 2, 2, 2, 2, 2, 2, 2, 2, 2, 2, 2, 2, 2, 2, 2, 2,
    2, 2, 2, 2, 2, 2, 2, 2, 2, 2, 2, 2, 2, 2, 2, 2, 2, 2, 2, 2,
    2, 2, 2, 2, 2, 2, 2, 2, 2, 2, 2, 2, 2, 2, 2, 2, 2, 2, 2, 2,
    2, 2, 2, 2, 2, 2, 2, 2, 2, 2, 2, 2, 2, 2, 2, 2, 2, 2, 2, 2,
    2, 2, 2, 2, 2, 2, 2, 2, 2, 2, 2, 2, 2, 2, 2, 2, 2, 2, 2, 2,
    2, 2, 2, 2, 2, 2, 2, 2, 2, 2, 2, 2, 2, 2, 2, 2, 2, 2, 2, 2,
    2, 2, 2, 2, 2, 2, 2, 2, 2, 2, 2, 2, 2, 2, 2, 2, 2, 2, 2, 2,
    2, 2, 2, 2, 2, 2, 2, 2, 2, 2, 2, 2, 2, 2, 2, 2, 2, 2, 2, 2,
    2, 2, 2, 2, 2, 2, 2, 2, 2, 2, 2, 2, 2, 2, 2, 2, 2, 2, 2, 2,
    2, 2, 2, 2, 2, 2, 2, 2, 2, 2, 2, 2, 2, 2, 2, 2, 2, 2, 2, 2,
    2, 2, 2, 2, 2, 2, 2, 2, 2, 2, 2, 2, 2, 2, 2, 2, 2, 2, 2, 2,
    2, 2, 2, 2, 2, 2, 2, 2, 2, 2, 2, 2, 2, 2, 2, 2, 2, 2, 2, 2,
    2, 2, 2, 2, 2, 2, 2, 2, 2, 2, 2, 2, 2, 2, 2, 2, 2, 2, 2, 2,
    2, 2, 2, 2, 2, 2, 2, 2, 2, 2, 2, 2, 2, 2, 2, 2, 2, 2, 2, 2,
    2, 2, 2, 2, 2, 2, 2, 2, 2, 2, 2, 2, 2, 2, 2, 2, 2, 2, 2, 2,
    2, 2, 2, 2, 2, 2, 2, 2, 2, 2, 2, 2, 2, 2, 2, 2, 2, 2, 2, 2,
    2, 2, 2, 2, 2, 2, 2, 2, 2, 2, 2, 2, 2, 2, 2, 2, 2, 2, 2, 2,
    2, 2, 2, 2, 2, 2, 2, 2, 2, 2, 2, 2, 2, 2, 2, 2, 2, 2, 2, 2,
    2, 2, 2, 2, 2, 2, 2, 2, 2, 2, 2, 2, 2, 2, 2, 2, 2, 2, 2, 2,
    2, 2, 2, 2, 2, 2, 2, 2, 2, 2, 2, 2, 2, 2, 2, 2, 2, 2, 2, 2,
    2, 2, 2, 2, 2, 2, 2, 2, 2, 2, 2, 2, 2, 2, 2, 2, 2, 2, 2, 2,
    2, 2, 2, 2, 2, 2, 2, 2, 2, 2, 2, 2, 2, 2, 2, 2, 2, 2, 2, 2,
    2, 2, 2, 2, 2, 2, 2, 2, 2, 2, 2, 2, 2, 2, 2, 2, 2, 2, 2, 2,
    2, 2, 2, 2, 2, 2, 2, 2, 2, 2, 2, 2, 2, 2, 2, 2, 2, 2, 2, 2,
    2, 2, 2, 2, 2, 2, 2, 2, 2, 2, 2, 2, 2, 2, 2, 2, 2, 2, 2, 2,
    2, 2, 2, 2, 2, 2, 2, 2, 2, 2, 2, 2, 2, 2, 2, 2, 2, 2, 2, 2,
    2, 2, 2, 2, 2, 2, 2, 2, 2, 2, 2, 2, 2, 2, 2, 2, 2, 2, 2, 2,
    2, 2, 2, 2, 2, 2, 2, 2, 2, 2, 2, 2, 2, 2, 2, 2, 2, 2, 2, 2,
    2, 2, 2, 2, 2, 2, 2, 2, 2, 2, 2, 2, 2, 2, 2, 2, 2, 2, 2, 2,
    2, 2, 2, 2, 2, 2, 2, 2, 2, 2, 2, 2, 2, 2, 2, 2, 2, 2, 2, 2,
    2, 2, 2, 2, 2, 2, 2, 2, 2, 2, 2, 2, 2, 2, 2, 2, 2, 2, 2, 2,
    2, 2, 2, 2, 2, 2, 2, 2, 2, 2, 2, 2, 2, 2, 2, 2, 2, 2, 2, 2,
    2, 2, 2, 2, 2, 2, 2, 2, 2, 2, 2, 2, 2, 2, 2, 2, 2, 2, 2, 2,
    2, 2, 2, 2, 2, 2, 2, 2, 2, 2, 2, 2, 2, 2, 2, 2, 2, 2, 2, 2,
    2, 2, 2, 2, 2, 2, 2, 2, 2, 2, 2, 2, 2, 2, 2, 2, 2, 2, 2, 2,
    2, 2, 2, 2, 2, 2, 2, 2, 2, 2, 2, 2, 2, 2, 2, 2, 2, 2, 2, 2,
    2, 2, 2, 2, 2, 2, 2, 2, 2, 2, 2, 2, 2, 2, 2, 2, 2, 2, 2, 2,
    2, 2, 2, 2, 2, 2, 2, 2, 2, 2, 2, 2, 2, 2, 2, 2, 2, 2, 2, 2,
    2, 2, 2, 2, 2, 2, 2, 2, 2, 2, 2, 2, 2, 2, 2, 2, 2, 2, 2, 2,
    2, 2, 2, 2, 2, 2, 2, 2, 2, 2, 2, 2, 2, 2, 2, 2, 2, 2, 2, 2,
    2, 2, 2, 2, 2, 2, 2, 2, 2, 2, 2, 2, 2, 2, 2, 2, 2, 2, 2, 2,
    2, 2, 2, 2, 2, 2, 2, 2, 2, 2, 2, 2, 2, 2, 2, 2, 2, 2, 2, 2,
    2, 2, 2, 2, 2, 2, 2, 2, 2, 2, 2, 2, 2, 2, 2, 2, 2, 2, 2, 2,
    2, 2, 2, 2, 2, 2, 2, 2, 2, 2, 2, 2, 2, 2, 2, 2, 2, 2, 2, 2,
    2, 2, 2, 2, 2, 2, 2, 2, 2, 2, 2, 2, 2, 2, 2, 2, 2, 2, 2, 2,
    2, 2, 2, 2, 2, 2, 2, 2, 2, 2, 2, 2, 2, 2, 2, 2, 2, 2, 2, 2,
    2, 2, 2, 2, 2, 2, 2, 2, 2, 2, 2, 2, 2, 2, 2, 2, 2, 2, 2, 2,
    2, 2, 2, 2, 2, 2, 2, 2, 2, 2, 2, 2, 2, 2, 2, 2, 2, 2, 2, 2,
    2, 2, 2, 2, 2, 2, 2, 2, 2, 2, 2, 2, 2, 2, 2, 2, 2, 2, 2, 2,
    2, 2, 2, 2, 2, 2, 2, 2, 2, 2, 2, 2, 2, 2, 2, 2, 2, 2, 2, 2,
    2, 2, 2, 2, 2, 2, 2, 2, 2, 2, 2, 2, 2, 2, 2, 2, 2, 2, 2, 2,
    2, 2, 2, 2, 2, 2, 2, 2, 2, 2, 2, 2, 2, 2, 2, 2, 2, 2, 2, 2,
    2, 2, 2, 2, 2, 2, 2, 2, 2, 2, 2, 2, 2, 2, 2, 2, 2, 2, 2, 2,
    2, 2, 2, 2, 2, 2, 2, 2, 2, 2, 2, 2, 2, 2, 2, 2, 2, 2, 2, 2,
    2, 2, 2, 2, 2, 2, 2, 2, 2, 2, 2, 2, 2, 2, 2, 2, 2, 2, 2, 2,
    2, 2, 2, 2, 2, 2, 2, 2, 2, 2, 2, 2, 2, 2, 2, 2, 2, 2, 2, 2,
    2, 2, 2, 2, 2, 2, 2, 2, 2, 2, 2, 2, 2, 2, 2, 2, 2, 2, 2, 2,
    2, 2, 2, 2, 2, 2, 2, 2, 2, 2, 2, 2, 2, 2, 2, 2, 2, 2, 2, 2,
    2, 2, 2, 2, 2, 2, 2, 2, 2, 2, 2, 2, 2, 2, 2, 2, 2, 2, 2, 2,
    2, 2, 2, 2, 2, 2, 2, 2, 2, 2, 2, 2, 2, 2, 2, 2, 2, 2, 2, 2,
    2, 2, 2, 2, 2, 2, 2, 2, 2, 2, 2, 2, 2, 2, 2, 2, 2, 2, 2, 2,
    2, 2, 2, 2, 2, 2, 2, 2, 2, 2, 2, 2, 2, 2, 2, 2, 2, 2, 2, 2,
    2, 2, 2, 2, 2, 2, 2, 2, 2, 2, 2, 2, 2, 2, 2, 2, 2, 2, 2, 2,
    2, 2, 2, 2, 2, 2, 2, 2, 2, 2, 2, 2, 2, 2, 2, 2, 2, 2, 2, 2,
    2, 2, 2, 2, 2, 2, 2, 2, 2, 2, 2, 2, 2, 2, 2, 2, 2, 2, 2, 2,
    2, 2, 2, 2, 2, 2, 2, 2, 2, 2, 2, 2, 2, 2, 2, 2, 2, 2, 2, 2,
    2, 2, 2, 2, 2, 2, 2, 2, 2, 2, 2, 2, 2, 2, 2, 2, 2, 2, 2, 2,
    2, 2, 2, 2, 2, 2, 2, 2, 2, 2, 2, 2, 2, 2, 2, 2, 2, 2, 2, 2,
    2, 2, 2, 2, 2, 2, 2, 2, 2, 2, 2, 2, 2, 2, 2, 2, 2, 2, 2, 2,
    2, 2, 2, 2, 2, 2, 2, 2, 2, 2, 2, 2, 2, 2, 2, 2, 2, 2, 2, 2,
    2, 2, 2, 2, 2, 2, 2, 2, 2, 2, 2, 2, 2, 2, 2, 2, 2, 2, 2, 2,
    2, 2, 2, 2, 2, 2, 2, 2, 2, 2, 2, 2, 2, 2, 2, 2, 2, 2, 2, 2,
    2, 2, 2, 2, 2, 2, 2, 2, 2, 2, 2, 2, 2, 2, 2, 2, 2, 2, 2, 2,
    2, 2, 2, 2, 2, 2, 2, 2, 2, 2, 2, 2, 2, 2, 2, 2, 2, 2, 2, 2,
    2, 2, 2, 2, 2, 2, 2, 2, 2, 2, 2, 2, 2, 2, 2, 2, 2, 2, 2, 2,
    2, 2, 2, 2, 2, 2, 2, 2, 2, 2, 2, 2, 2, 2, 2, 2, 2, 2, 2, 2,
    2, 2, 2, 2, 2, 2, 2, 2, 2, 2, 2, 2, 2, 2, 2, 2, 2, 2, 2, 2,
    2, 2, 2, 2, 2, 2, 2, 2, 2, 2, 2, 2, 2, 2, 2, 2, 2, 2, 2, 2,
    2, 2, 2, 2, 2, 2, 2, 2, 2, 2, 2, 2, 2, 2, 2, 2, 2, 2, 2, 2,
    2, 2, 2, 2, 2, 2, 2, 2, 2, 2, 2, 2, 2, 2, 2, 2, 2, 2, 2, 2,
    2, 2, 2, 2, 2, 2, 2, 2, 2, 2, 2, 2, 2, 2, 2, 2, 2, 2, 2, 2,
    2, 2, 2, 2, 2, 2, 2, 2, 2, 2, 2, 2, 2, 2, 2, 2, 2, 2, 2, 2,
    2, 2, 2, 2, 2, 2, 2, 2, 2, 2, 2, 2, 2, 2, 2, 2, 2, 2, 2, 2,
    2, 2, 2, 2, 2, 2, 2, 2, 2, 2, 2, 2, 2, 2, 2, 2, 2, 2, 2, 2,
    2, 2, 2, 2, 2, 2, 2, 2, 2, 2, 2, 2, 2, 2, 2, 2, 2, 2, 2, 2,
    2, 2, 2, 2, 2, 2, 2, 2, 2, 2, 2, 2, 2, 2, 2, 2, 2, 2, 2, 2,
    2, 2, 2, 2, 2, 2, 2, 2, 2, 2, 2, 2, 2, 2, 2, 2, 2, 2, 2, 2,
    2, 2, 2, 2, 2, 2, 2, 2, 2, 2, 2, 2, 2, 2, 2, 2, 2, 2, 2, 2,
    2, 2, 2, 2, 2, 2, 2, 2, 2, 2, 2, 2, 2, 2, 2, 2, 2, 2, 2, 2,
    2, 2, 2, 2, 2, 2, 2, 2, 2, 2, 2, 2, 2, 2, 2, 2, 2, 2, 2, 2,
    2, 2, 2, 2, 2, 2, 2, 2, 2, 2, 2, 2, 2, 2, 2, 2, 2, 2, 2, 2,
    2, 2, 2, 2, 2, 2, 2, 2, 2, 2, 2, 2, 2, 2, 2, 2, 2, 2, 2, 2,
    2, 2, 2, 2, 2, 2, 2, 2, 2, 2, 2, 2, 2, 2, 2, 2, 2, 2, 2, 2,
    2, 2, 2, 2, 2, 2, 2, 2, 2, 2, 2, 2, 2, 2, 2, 2, 2, 2, 2, 2,
    2, 2, 2, 2, 2, 2, 2, 2, 2, 2, 2, 2, 2, 2, 2, 2, 2, 2, 2, 2,
    2, 2, 2, 2, 2, 2, 2, 2, 2, 2, 2, 2, 2, 2, 2, 2, 2, 2, 2, 2,
    2, 2, 2, 2, 2, 2, 2, 2, 2, 2, 2, 2, 2, 2, 2, 2, 2, 2, 2, 2,
    2, 2, 2, 2, 2, 2, 2, 2, 2, 2, 2, 2, 2, 2, 2, 2, 2, 2, 2, 2,
    2, 2, 2, 2, 2, 2, 2, 2, 2, 2, 2, 2, 2, 2, 2, 2, 2, 2, 2, 2,
    2, 2, 2, 2, 2, 2, 2, 2, 2, 2, 2, 2, 2, 2, 2, 2, 2, 2, 2, 2,
    2, 2, 2, 2, 2, 2, 2, 2, 2, 2, 2, 2, 2, 2, 2, 2, 2, 2, 2, 2,
    2, 2, 2, 2, 2, 2, 2, 2, 2, 2, 2, 2, 2, 2, 2, 2, 2, 2, 2, 2,
    2, 2, 2, 2, 2, 2, 2, 2, 2, 2, 2, 2, 2, 2, 2, 2, 2, 2, 2, 2,
    2, 2, 2, 2, 2, 2, 2, 2, 2, 2, 2, 2, 2, 2, 2, 2, 2, 2, 2, 2,
    2, 2, 2, 2, 2, 2, 2, 2, 2, 2, 2, 2, 2, 2, 2, 2, 2, 2, 2, 2,
    2, 2, 2, 2, 2, 2, 2, 2, 2, 2, 2, 2, 2, 2, 2, 2, 2, 2, 2, 2,
    2, 2, 2, 2, 2, 2, 2, 2, 2, 2, 2, 2, 2, 2, 2, 2, 2, 2, 2, 2,
    2, 2, 2, 2, 2, 2, 2, 2, 2, 2, 2, 2, 2, 2, 2, 2, 2, 2, 2, 2,
    2, 2, 2, 2, 2, 2, 2, 2, 2, 2, 2, 2, 2, 2, 2, 2, 2, 2, 2, 2,
    2, 2, 2, 2, 2, 2, 2, 2, 2, 2, 2, 2, 2, 2, 2, 2, 2, 2, 2, 2,
    2, 2, 2, 2, 2, 2, 2, 2, 2, 2, 2, 2, 2, 2, 2, 2, 2, 2, 2, 2,
    2, 2, 2, 2, 2, 2, 2, 2, 2, 2, 2, 2, 2, 2, 2, 2, 2, 2, 2, 2,
    2, 2, 2, 2, 2, 2, 2, 2, 2, 2, 2, 2, 2, 2, 2, 2, 2, 2, 2, 2,
    2, 2, 2, 2, 2, 2, 2, 2, 2, 2, 2, 2, 2, 2, 2, 2, 2, 2, 2, 2,
    2, 2, 2, 2, 2, 2, 2, 2, 2, 2, 2, 2, 2, 2, 2, 2, 2, 2, 2, 2,
    2, 2, 2, 2, 2, 2, 2, 2, 2, 2, 2, 2, 2, 2, 2, 2, 2, 2, 2, 2,
    2, 2, 2, 2, 2, 2, 2, 2, 2, 2, 2, 2, 2, 2, 2, 2, 2, 2, 2, 2,
    2, 2, 2, 2, 2, 2, 2, 2, 2, 2, 2, 2, 2, 2, 2, 2, 2, 2, 2, 2,
    2, 2, 2, 2, 2, 2, 2, 2, 2, 2, 2, 2, 2, 2, 2, 2, 2, 2, 2, 2,
    2, 2, 2, 2, 2, 2, 2, 2, 2, 2, 2, 2, 2, 2, 2, 2, 2, 2, 2, 2,
    2, 2, 2, 2, 2, 2, 2, 2, 2, 2, 2, 2, 2, 2, 2, 2, 2, 2, 2, 2,
    2, 2, 2, 2, 2, 2, 2, 2, 2, 2, 2, 2, 2, 2, 2, 2, 2, 2, 2, 2,
    2, 2, 2, 2, 2, 2, 2, 2, 2, 2, 2, 2, 2, 2, 2, 2, 2, 2, 2, 2,
    2, 2, 2, 2, 2, 2, 2, 2, 2, 2, 2, 2, 2, 2, 2, 2, 2, 2, 2, 2,
    2, 2, 2, 2, 2, 2, 2, 2, 2, 2, 2, 2, 2, 2, 2, 2, 2, 2, 2, 2,
    2, 2, 2, 2, 2, 2, 2, 2, 2, 2, 2, 2, 2, 2, 2, 2, 2, 2, 2, 2,
    2, 2, 2, 2, 2, 2, 2, 2, 2, 2, 2, 2, 2, 2, 2, 2, 2, 2, 2, 2,
    2, 2, 2, 2, 2, 2, 2, 2, 2, 2, 2, 2, 2, 2, 2, 2, 2, 2, 2, 2,
    2, 2, 2, 2, 2, 2, 2, 2, 2, 2, 2, 2, 2, 2, 2, 2, 2, 2, 2, 2,
    2, 2, 2, 2, 2, 2, 2, 2, 2, 2, 2, 2, 2, 2, 2, 2, 2, 2, 2, 2,
    2, 2, 2, 2, 2, 2, 2, 2, 2, 2, 2, 2, 2, 2, 2, 2, 2, 2, 2, 2,
    2, 2, 2, 2, 2, 2, 2, 2, 2, 2, 2, 2, 2, 2, 2, 2, 2, 2, 2, 2,
    2, 2, 2, 2, 2, 2, 2, 2, 2, 2, 2, 2, 2, 2, 2, 2, 2, 2, 2, 2,
    2, 2, 2, 2, 2, 2, 2, 2, 2, 2, 2, 2, 2, 2, 2, 2, 2, 2, 2, 2,
    2, 2, 2, 2, 2, 2, 2, 2, 2, 2, 2, 2, 2, 2, 2, 2, 2, 2, 2, 2,
    2, 2, 2, 2, 2, 2, 2, 2, 2, 2, 2, 2, 2, 2, 2, 2, 2, 2, 2, 2,
    2, 2, 2, 2, 2, 2, 2, 2, 2, 2, 2, 2, 2, 2, 2, 2, 2, 2, 2, 2,
    2, 2, 2, 2, 2, 2, 2, 2, 2, 2, 2, 2, 2, 2, 2, 2, 2, 2, 2, 2,
    2, 2, 2, 2, 2, 2, 2, 2, 2, 2, 2, 2, 2, 2, 2, 2, 2, 2, 2, 2,
    2, 2, 2, 2, 2, 2, 2, 2, 2, 2, 2, 2, 2, 2, 2, 2, 2, 2, 2, 2,
    2, 2, 2, 2, 2, 2, 2, 2, 2, 2, 2, 2, 2, 2, 2, 2, 2, 2, 2, 2,
    2, 2, 2, 2, 2, 2, 2, 2, 2, 2, 2, 2, 2, 2, 2, 2, 2, 2, 2, 2,
    2, 2, 2, 2, 2, 2, 2, 2, 2, 2, 2, 2, 2, 2, 2, 2, 2, 2, 2, 2,
    2, 2, 2, 2, 2, 2, 2, 2, 2, 2, 2, 2, 2, 2, 2, 2, 2, 2, 2, 2,
    2, 2, 2, 2, 2, 2, 2, 2, 2, 2, 2, 2, 2, 2, 2, 2, 2, 2, 2, 2,
    2, 2, 2, 2, 2, 2, 2, 2, 2, 2, 2, 2, 2, 2, 2, 2, 2, 2, 2, 2,
    2, 2, 2, 2, 2, 2, 2, 2, 2, 2, 2, 2, 2, 2, 2, 2, 2, 2, 2, 2,
    2, 2, 2, 2, 2, 2, 2, 2, 2, 2, 2, 2, 2, 2, 2, 2, 2, 2, 2, 2,
    2, 2, 2, 2, 2, 2, 2, 2, 2, 2, 2, 2, 2, 2, 2, 2, 2, 2, 2, 2,
    2, 2, 2, 2, 2, 2, 2, 2, 2, 2, 2, 2, 2, 2, 2, 2, 2, 2, 2, 2,
    2, 2, 2, 2, 2, 2, 2, 2, 2, 2, 2, 2, 2, 2, 2, 2, 2, 2, 2, 2,
    2, 2, 2, 2, 2, 2, 2, 2, 2, 2, 2, 2, 2, 2, 2, 2, 2, 2, 2, 2,
    2, 2, 2, 2, 2, 2, 2, 2, 2, 2, 2, 2, 2, 2, 2, 2, 2, 2, 2, 2,
    2, 2, 2, 2, 2, 2, 2, 2, 2, 2, 2, 2, 2, 2, 2, 2, 2, 2, 2, 2,
    2, 2, 2, 2, 2, 2, 2, 2, 2, 2, 2, 2, 2, 2, 2, 2, 2, 2, 2, 2,
    2, 2, 2, 2, 2, 2, 2, 2, 2, 2, 2, 2, 2, 2, 2, 2, 2, 2, 2, 2,
    2, 2, 2, 2, 2, 2, 2, 2, 2, 2, 2, 2, 2, 2, 2, 2, 2, 2, 2, 2,
    2, 2, 2, 2, 2, 2, 2, 2, 2, 2, 2, 2, 2, 2, 2, 2, 2, 2, 2, 2,
    2, 2, 2, 2, 2, 2, 2, 2, 2, 2, 2, 2, 2, 2, 2, 2, 2, 2, 2, 2,
    2, 2, 2, 2, 2, 2, 2, 2, 2, 2, 2, 2, 2, 2, 2, 2, 2, 2, 2, 2,
    2, 2, 2, 2, 2, 2, 2, 2, 2, 2, 2, 2, 2, 2, 2, 2, 2, 2, 2, 2,
    2, 2, 2, 2, 2, 2, 2, 2, 2, 2, 2, 2, 2, 2, 2, 2, 2, 2, 2, 2,
    2, 2, 2, 2, 2, 2, 2, 2, 2, 2, 2, 2, 2, 2, 2, 2, 2, 2, 2, 2,
    2, 2, 2, 2, 2, 2, 2, 2, 2, 2, 2, 2, 2, 2, 2, 2, 2, 2, 2, 2,
    2, 2, 2, 2, 2, 2, 2, 2, 2, 2, 2, 2, 2, 2, 2, 2, 2, 2, 2, 2,
    2, 2, 2, 2, 2, 2, 2, 2, 2, 2, 2, 2, 2, 2, 2, 2, 2, 2, 2, 2,
    2, 2, 2, 2, 2, 2, 2, 2, 2, 2, 2, 2, 2, 2, 2, 2, 2, 2, 2, 2,
    2, 2, 2, 2, 2, 2, 2, 2, 2, 2, 2, 2, 2, 2, 2, 2, 2, 2, 2, 2,
    2, 2, 2, 2, 2, 2, 2, 2, 2, 2, 2, 2, 2, 2, 2, 2, 2, 2, 2, 2,
    2, 2, 2, 2, 2, 2, 2, 2, 2, 2, 2, 2, 2, 2, 2, 2, 2, 2, 2, 2,
    2, 2, 2, 2, 2, 2, 2, 2, 2, 2, 2, 2, 2, 2, 2, 2, 2, 2, 2, 2,
    2, 2, 2, 2, 2, 2, 2, 2, 2, 2, 2, 2, 2, 2, 2, 2, 2, 2, 2, 2,
    2, 2, 2, 2, 2, 2, 2, 2, 2, 2, 2, 2, 2, 2, 2, 2, 2, 2, 2, 2,
    2, 2, 2, 2, 2, 2, 2, 2, 2, 2, 2, 2, 2, 2, 2, 2, 2, 2, 2, 2,
    2, 2, 2, 2, 2, 2, 2, 2, 2, 2, 2, 2, 2, 2, 2, 2, 2, 2, 2, 2,
    2, 2, 2, 2, 2, 2, 2, 2, 2, 2, 2, 2, 2, 2, 2, 2, 2, 2, 2, 2,
    2, 2, 2, 2, 2, 2, 2, 2, 2, 2, 2, 2, 2, 2, 2, 2, 2, 2, 2, 2,
    2, 2, 2, 2, 2, 2, 2, 2, 2, 2, 2, 2, 2, 2, 2, 2, 2, 2, 2, 2,
    2, 2, 2, 2, 2, 2, 2, 2, 2, 2, 2, 2, 2, 2, 2, 2, 2, 2, 2, 2,
    2, 2, 2, 2, 2, 2, 2, 2, 2, 2, 2, 2, 2, 2, 2, 2, 2, 2, 2, 2,
    2, 2, 2, 2, 2, 2, 2, 2, 2, 2, 2, 2, 2, 2, 2, 2, 2, 2, 2, 2,
    2, 2, 2, 2, 2, 2, 2, 2, 2, 2, 2, 2, 2, 2, 2, 2, 2, 2, 2, 2,
    2, 2, 2, 2, 2, 2, 2, 2, 2, 2, 2, 2, 2, 2, 2, 2, 2, 2, 2, 2,
    2, 2, 2, 2, 2, 2, 2, 2, 2, 2, 2, 2, 2, 2, 2, 2, 2, 2, 2, 2,
    2, 2, 2, 2, 2, 2, 2, 2, 2, 2, 2, 2, 2, 2, 2, 2, 2, 2, 2, 2,
    2, 2, 2, 2, 2, 2, 2, 2, 2, 2, 2, 2, 2, 2, 2, 2, 2, 2, 2, 2,
    2, 2, 2, 2, 2, 2, 2, 2, 2, 2, 2, 2, 2, 2, 2, 2, 2, 2, 2, 2,
    2, 2, 2, 2, 2, 2, 2, 2, 2, 2, 2, 2, 2, 2, 2, 2, 2, 2, 2, 2,
    2, 2, 2, 2, 2, 2, 2, 2, 2, 2, 2, 2, 2, 2, 2, 2, 2, 2, 2, 2,
    2, 2, 2, 2, 2, 2, 2, 2, 2, 2, 2, 2, 2, 2, 2, 2, 2, 2, 2, 2,
    2, 2, 2, 2, 2, 2, 2, 2, 2, 2, 2, 2, 2, 2, 2, 2, 2, 2, 2, 2,
    2, 2, 2, 2, 2, 2, 2, 2, 2, 2, 2, 2, 2, 2, 2, 2, 2, 2, 2, 2,
    2, 2, 2, 2, 2, 2, 2, 2, 2, 2, 2, 2, 2, 2, 2, 2, 2, 2, 2, 2,
    2, 2, 2, 2, 2, 2, 2, 2, 2, 2, 2, 2, 2, 2, 2, 2, 2, 2, 2, 2,
    2, 2, 2, 2, 2, 2, 2, 2, 2, 2, 2, 2, 2, 2, 2, 2, 2, 2, 2, 2,
    2, 2, 2, 2, 2, 2, 2, 2, 2, 2, 2, 2, 2, 2, 2, 2, 2, 2, 2, 2,
    2, 2, 2, 2, 2, 2, 2, 2, 2, 2, 2, 2, 2, 2, 2, 2, 2, 2, 2, 2,
    2, 2, 2, 2, 2, 2, 2, 2, 2, 2, 2, 2, 2, 2, 2, 2, 2, 2, 2, 2,
    2, 2, 2, 2, 2, 2, 2, 2, 2, 2, 2, 2, 2, 2, 2, 2, 2, 2, 2, 2,
    2, 2, 2, 2, 2, 2, 2, 2, 2, 2, 2, 2, 2, 2, 2, 2, 2, 2, 2, 2,
    2, 2, 2, 2, 2, 2, 2, 2, 2, 2, 2, 2, 2, 2, 2, 2, 2, 2, 2, 2,
    2, 2, 2, 2, 2, 2, 2, 2, 2, 2, 2, 2, 2, 2, 2, 2, 2, 2, 2, 2,
    2, 2, 2, 2, 2, 2, 2, 2, 2, 2, 2, 2, 2, 2, 2, 2, 2, 2, 2, 2,
    2, 2, 2, 2, 2, 2, 2, 2, 2, 2, 2, 2, 2, 2, 2, 2, 2, 2, 2, 2,
    2, 2, 2, 2, 2, 2, 2, 2, 2, 2, 2, 2, 2, 2, 2, 2, 2, 2, 2, 2,
    2, 2, 2, 2, 2, 2, 2, 2, 2, 2, 2, 2, 2, 2, 2, 2, 2, 2, 2, 2,
    2, 2, 2, 2, 2, 2, 2, 2, 2, 2, 2, 2, 2, 2, 2, 2, 2, 2, 2, 2,
    2, 2, 2, 2, 2, 2, 2, 2, 2, 2, 2, 2, 2, 2, 2, 2, 2, 2, 2, 2,
    2, 2, 2, 2, 2, 2, 2, 2, 2, 2, 2, 2, 2, 2, 2, 2, 2, 2, 2, 2,
    2, 2, 2, 2, 2, 2, 2, 2, 2, 2, 2, 2, 2, 2, 2, 2, 2, 2, 2, 2,
    2, 2, 2, 2, 2, 2, 2, 2, 2, 2, 2, 2, 2, 2, 2, 2, 2, 2, 2, 2,
    2, 2, 2, 2, 2, 2, 2, 2, 2, 2, 2, 2, 2, 2, 2, 2, 2, 2, 2, 2,
    2, 2, 2, 2, 2, 2, 2, 2, 2, 2, 2, 2, 2, 2, 2, 2, 2, 2, 2, 2,
    2, 2, 2, 2, 2, 2, 2, 2, 2, 2, 2, 2, 2, 2, 2, 2, 2, 2, 2, 2,
    2, 2, 2, 2, 2, 2, 2, 2, 2, 2, 2, 2, 2, 2, 2, 2, 2, 2, 2, 2,
    2, 2, 2, 2, 2, 2, 2, 2, 2, 2, 2, 2, 2, 2, 2, 2, 2, 2, 2, 2,
    2, 2, 2, 2, 2, 2, 2, 2, 2, 2, 2, 2, 2, 2, 2, 2, 2, 2, 2, 2,
    2, 2, 2, 2, 2, 2, 2, 2, 2, 2, 2, 2, 2, 2, 2, 2, 2, 2, 2, 2,
    2, 2, 2, 2, 2, 2, 2, 2, 2, 2, 2, 2, 2, 2, 2, 2, 2, 2, 2, 2,
    2, 2, 2, 2, 2, 2, 2, 2, 2, 2, 2, 2, 2, 2, 2, 2, 2, 2, 2, 2,
    2, 2, 2, 2, 2, 2, 2, 2, 2, 2, 2, 2, 2, 2, 2, 2, 2, 2, 2, 2,
    2, 2, 2, 2, 2, 2, 2, 2, 2, 2, 2, 2, 2, 2, 2, 2, 2, 2, 2, 2,
    2, 2, 2, 2, 2, 2, 2, 2, 2, 2, 2, 2, 2, 2, 2, 2, 2, 2, 2, 2,
    2, 2, 2, 2, 2, 2, 2, 2, 2, 2, 2, 2, 2, 2, 2, 2, 2, 2, 2, 2,
    2, 2, 2, 2, 2, 2, 2, 2, 2, 2, 2, 2, 2, 2, 2, 2, 2, 2, 2, 2,
    2, 2, 2, 2, 2, 2, 2, 2, 2, 2, 2, 2, 2, 2, 2, 2, 2, 2, 2, 2,
    2, 2, 2, 2, 2, 2, 2, 2, 2, 2, 2, 2, 2, 2, 2, 2, 2, 2, 2, 2,
    2, 2, 2, 2, 2, 2, 2, 2, 2, 2, 2, 2, 2, 2, 2, 2, 2, 2, 2, 2,
    2, 2, 2, 2, 2, 2, 2, 2, 2, 2, 2, 2, 2, 2, 2, 2, 2, 2, 2, 2,
    2, 2, 2, 2, 2, 2, 2, 2, 2, 2, 2, 2, 2, 2, 2, 2, 2, 2, 2, 2,
    2, 2, 2, 2, 2, 2, 2, 2, 2, 2, 2, 2, 2, 2, 2, 2, 2, 2, 2, 2,
    2, 2, 2, 2, 2, 2, 2, 2, 2, 2, 2, 2, 2, 2, 2, 2, 2, 2, 2, 2,
    2, 2, 2, 2, 2, 2, 2, 2, 2, 2, 2, 2, 2, 2, 2, 2, 2, 2, 2, 2,
    2, 2, 2, 2, 2, 2, 2, 2, 2, 2, 2, 2, 2, 2, 2, 2, 2, 2, 2, 2,
    2, 2, 2, 2, 2, 2, 2, 2, 2, 2, 2, 2, 2, 2, 2, 2, 2, 2, 2, 2,
    2, 2, 2, 2, 2, 2, 2, 2, 2, 2, 2, 2, 2, 2, 2, 2, 2, 2, 2, 2,
    2, 2, 2, 2, 2, 2, 2, 2, 2, 2, 2, 2, 2, 2, 2, 2, 2, 2, 2, 2,
    2, 2, 2, 2, 2, 2, 2, 2, 2, 2, 2, 2, 2, 2, 2, 2, 2, 2, 2, 2,
    2, 2, 2, 2, 2, 2, 2, 2, 2, 2, 2, 2, 2, 2, 2, 2, 2, 2, 2, 2,
    2, 2, 2, 2, 2, 2, 2, 2, 2, 2, 2, 2, 2, 2, 2, 2, 2, 2, 2, 2,
    2, 2, 2, 2, 2, 2, 2, 2, 2, 2, 2, 2, 2, 2, 2, 2, 2, 2, 2, 2,
    2, 2, 2, 2, 2, 2, 2, 2, 2, 2, 2, 2, 2, 2, 2, 2, 2, 2, 2, 2,
    2, 2, 2, 2, 2, 2, 2, 2, 2, 2, 2, 2, 2, 2, 2, 2, 2, 2, 2, 2,
    2, 2, 2, 2, 2, 2, 2, 2, 2, 2, 2, 2, 2, 2, 2, 2, 2, 2, 2, 2,
    2, 2, 2, 2, 2, 2, 2, 2, 2, 2, 2, 2, 2, 2, 2, 2, 2, 2, 2, 2,
    2, 2, 2, 2, 2, 2, 2, 2, 2, 2, 2, 2, 2, 2, 2, 2, 2, 2, 2, 2,
    2, 2, 2, 2, 2, 2, 2, 2, 2, 2, 2, 2, 2, 2, 2, 2, 2, 2, 2, 2,
    2, 2, 2, 2, 2, 2, 2, 2, 2, 2, 2, 2, 2, 2, 2, 2, 2, 2, 2, 2,
    2, 2, 2, 2, 2, 2, 2, 2, 2, 2, 2, 2, 2, 2, 2, 2, 2, 2, 2, 2,
    2, 2, 2, 2, 2, 2, 2, 2, 2, 2, 2, 2, 2, 2, 2, 2, 2, 2, 2, 2,
    2, 2, 2, 2, 2, 2, 2, 2, 2, 2, 2, 2, 2, 2, 2, 2, 2, 2, 2, 2,
    2, 2, 2, 2, 2, 2, 2, 2, 2, 2, 2, 2, 2, 2, 2, 2, 2, 2, 2, 2,
    2, 2, 2, 2, 2, 2, 2, 2, 2, 2, 2, 2, 2, 2, 2, 2, 2, 2, 2, 2,
    2, 2, 2, 2, 2, 2, 2, 2, 2, 2, 2, 2, 2, 2, 2, 2, 2, 2, 2, 2,
    2, 2, 2, 2, 2, 2, 2, 2, 2, 2, 2, 2, 2, 2, 2, 2, 2, 2, 2, 2,
    2, 2, 2, 2, 2, 2, 2, 2, 2, 2, 2, 2, 2, 2, 2, 2, 2, 2, 2, 2,
    2, 2, 2, 2, 2, 2, 2, 2, 2, 2, 2, 2, 2, 2, 2, 2, 2, 2, 2, 2,
    2, 2, 2, 2, 2, 2, 2, 2, 2, 2, 2, 2, 2, 2, 2, 2, 2, 2, 2, 2,
    2, 2, 2, 2, 2, 2, 2, 2, 2, 2, 2, 2, 2, 2, 2, 2, 2, 2, 2, 2,
    2, 2, 2, 2, 2, 2, 2, 2, 2, 2, 2, 2, 2, 2, 2, 2, 2, 2, 2, 2,
    2, 2, 2, 2, 2, 2, 2, 2, 2, 2, 2, 2, 2, 2, 2, 2, 2, 2, 2, 2,
    2, 2, 2, 2, 2, 2, 2, 2, 2, 2, 2, 2, 2, 2, 2, 2, 2, 2, 2, 2,
    2, 2, 2, 2, 2, 2, 2, 2, 2, 2, 2, 2, 2, 2, 2, 2, 2, 2, 2, 2,
    2, 2, 2, 2, 2, 2, 2, 2, 2, 2, 2, 2, 2, 2, 2, 2, 2, 2, 2, 2,
    2, 2, 2, 2, 2, 2, 2, 2, 2, 2, 2, 2, 2, 2, 2, 2, 2, 2, 2, 2,
    2, 2, 2, 2, 2, 2, 2, 2, 2, 2, 2, 2, 2, 2, 2, 2, 2, 2, 2, 2,
    2, 2, 2, 2, 2, 2, 2, 2, 2, 2, 2, 2, 2, 2, 2, 2, 2, 2, 2, 2,
    2, 2, 2, 2, 2, 2, 2, 2, 2, 2, 2, 2, 2, 2, 2, 2, 2, 2, 2, 2,
    2, 2, 2, 2, 2, 2, 2, 2, 2, 2, 2, 2, 2, 2, 2, 2, 2, 2, 2, 2,
    2, 2, 2, 2, 2, 2, 2, 2, 2, 2, 2, 2, 2, 2, 2, 2, 2, 2, 2, 2,
    2, 2, 2, 2, 2, 2, 2, 2, 2, 2, 2, 2, 2, 2, 2, 2, 2, 2, 2, 2,
    2, 2, 2, 2, 2, 2, 2, 2, 2, 2, 2, 2, 2, 2, 2, 2, 2, 2, 2, 2,
    2, 2, 2, 2, 2, 2, 2, 2, 2, 2, 2, 2, 2, 2, 2, 2, 2, 2, 2, 2,
    2, 2, 2, 2, 2, 2, 2, 2, 2, 2, 2, 2, 2, 2, 2, 2, 2, 2, 2, 2,
    2, 2, 2, 2, 2, 2, 2, 2, 2, 2, 2, 2, 2, 2, 2, 2, 2, 2, 2, 2,
    2, 2, 2, 2, 2, 2, 2, 2, 2, 2, 2, 2, 2, 2, 2, 2, 2, 2, 2, 2,
    2, 2, 2, 2, 2, 2, 2, 2, 2, 2, 2, 2, 2, 2, 2, 2, 2, 2, 2, 2,
    2, 2, 2, 2, 2, 2, 2, 2, 2, 2, 2, 2, 2, 2, 2, 2, 2, 2, 2, 2,
    2, 2, 2, 2, 2, 2, 2, 2, 2, 2, 2, 2, 2, 2, 2, 2, 2, 2, 2, 2,
    2, 2, 2, 2, 2, 2, 2, 2, 2, 2, 2, 2, 2, 2, 2, 2, 2, 2, 2, 2,
    2, 2, 2, 2, 2, 2, 2, 2, 2, 2, 2, 2, 2, 2, 2, 2, 2, 2, 2, 2,
    2, 2, 2, 2, 2, 2, 2, 2, 2, 2, 2, 2, 2, 2, 2, 2, 2, 2, 2, 2,
    2, 2, 2, 2, 2, 2, 2, 2, 2, 2, 2, 2, 2, 2, 2, 2, 2, 2, 2, 2,
    2, 2, 2, 2, 2, 2, 2, 2, 2, 2, 2, 2, 2, 2, 2, 2, 2, 2, 2, 2,
    2, 2, 2, 2, 2, 2, 2, 2, 2, 2, 2, 2, 2, 2, 2, 2, 2, 2, 2, 2,
    2, 2, 2, 2, 2, 2, 2, 2, 2, 2, 2, 2, 2, 2, 2, 2, 2, 2, 2, 2,
    2, 2, 2, 2, 2, 2, 2, 2, 2, 2, 2, 2, 2, 2, 2, 2, 2, 2, 2, 2,
    2, 2, 2, 2, 2, 2, 2, 2, 2, 2, 2, 2, 2, 2, 2, 2, 2, 2, 2, 2,
    2, 2, 2, 2, 2, 2, 2, 2, 2, 2, 2, 2, 2, 2, 2, 2, 2, 2, 2, 2,
    2, 2, 2, 2, 2, 2, 2, 2, 2, 2, 2, 2, 2, 2, 2, 2, 2, 2, 2, 2,
    2, 2, 2, 2, 2, 2, 2, 2, 2, 2, 2, 2, 2, 2, 2, 2, 2, 2, 2, 2,
    2, 2, 2, 2, 2, 2, 2, 2, 2, 2, 2, 2, 2, 2, 2, 2, 2, 2, 2, 2,
    2, 2, 2, 2, 2, 2, 2, 2, 2, 2, 2, 2, 2, 2, 2, 2, 2, 2, 2, 2,
    2, 2, 2, 2, 2, 2, 2, 2, 2, 2, 2, 2, 2, 2, 2, 2, 2, 2, 2, 2,
    2, 2, 2, 2, 2, 2, 2, 2, 2, 2, 2, 2, 2, 2, 2, 2, 2, 2, 2, 2,
    2, 2, 2, 2, 2, 2, 2, 2, 2, 2, 2, 2, 2, 2, 2, 2, 2, 2, 2, 2,
    2, 2, 2, 2, 2, 2, 2, 2, 2, 2, 2, 2, 2, 2, 2, 2, 2, 2, 2, 2,
    2, 2, 2, 2, 2, 2, 2, 2, 2, 2, 2, 2, 2, 2, 2, 2, 2, 2, 2, 2,
    2, 2, 2, 2, 2, 2, 2, 2, 2, 2, 2, 2, 2, 2, 2, 2, 2, 2, 2, 2,
    2, 2, 2, 2, 2, 2, 2, 2, 2, 2, 2, 2, 2, 2, 2, 2, 2, 2, 2, 2,
    2, 2, 2, 2, 2, 2, 2, 2, 2, 2, 2, 2, 2, 2, 2, 2, 2, 2, 2, 2,
    2, 2, 2, 2, 2, 2, 2, 2, 2, 2, 2, 2, 2, 2, 2, 2, 2, 2, 2, 2,
    2, 2, 2, 2, 2, 2, 2, 2, 2, 2, 2, 2, 2, 2, 2, 2, 2, 2, 2, 2,
    2, 2, 2, 2, 2, 2, 2, 2, 2, 2, 2, 2, 2, 2, 2, 2, 2, 2, 2, 2,
    2, 2, 2, 2, 2, 2, 2, 2, 2, 2, 2, 2, 2, 2, 2, 2, 2, 2, 2, 2,
    2, 2, 2, 2, 2, 2, 2, 2, 2, 2, 2, 2, 2, 2, 2, 2, 2, 2, 2, 2,
    2, 2, 2, 2, 2, 2, 2, 2, 2, 2, 2, 2, 2, 2, 2, 2, 2, 2, 2, 2,
    2, 2, 2, 2, 2, 2, 2, 2, 2, 2, 2, 2, 2, 2, 2, 2, 2, 2, 2, 2,
    2, 2, 2, 2, 2, 2, 2, 2, 2, 2, 2, 2, 2, 2, 2, 2, 2, 2, 2, 2,
    2, 2, 2, 2, 2, 2, 2, 2, 2, 2, 2, 2, 2, 2, 2, 2, 2, 2, 2, 2,
    2, 2, 2, 2, 2, 2, 2, 2, 2, 2, 2, 2, 2, 2, 2, 2, 2, 2, 2, 2,
    2, 2, 2, 2, 2, 2, 2, 2, 2, 2, 2, 2, 2, 2, 2, 2, 2, 2, 2, 2,
    2, 2, 2, 2, 2, 2, 2, 2, 2, 2, 2, 2, 2, 2, 2, 2, 2, 2, 2, 2,
    2, 2, 2, 2, 2, 2, 2, 2, 2, 2, 2, 2, 2, 2, 2, 2, 2, 2, 2, 2,
    2, 2, 2, 2, 2, 2, 2, 2, 2, 2, 2, 2, 2, 2, 2, 2, 2, 2, 2, 2,
    2, 2, 2, 2, 2, 2, 2, 2, 2, 2, 2, 2, 2, 2, 2, 2, 2, 2, 2, 2,
    2, 2, 2, 2, 2, 2, 2, 2, 2, 2, 2, 2, 2, 2, 2, 2, 2, 2, 2, 2,
    2, 2, 2, 2, 2, 2, 2, 2, 2, 2, 2, 2, 2, 2, 2, 2, 2, 2, 2, 2,
    2, 2, 2, 2, 2, 2, 2, 2, 2, 2, 2, 2, 2, 2, 2, 2, 2, 2, 2, 2,
    2, 2, 2, 2, 2, 2, 2, 2, 2, 2, 2, 2, 2, 2, 2, 2, 2, 2, 2, 2,
    2, 2, 2, 2, 2, 2, 2, 2, 2, 2, 2, 2, 2, 2, 2, 2, 2, 2, 2, 2,
    2, 2, 2, 2, 2, 2, 2, 2, 2, 2, 2, 2, 2, 2, 2, 2, 2, 2, 2, 2,
    2, 2, 2, 2, 2, 2, 2, 2, 2, 2, 2, 2, 2, 2, 2, 2, 2, 2, 2, 2,
    2, 2, 2, 2, 2, 2, 2, 2, 2, 2, 2, 2, 2, 2, 2, 2, 2, 2, 2, 2,
    2, 2, 2, 2, 2, 2, 2, 2, 2, 2, 2, 2, 2, 2, 2, 2, 2, 2, 2, 2,
    2, 2, 2, 2, 2, 2, 2, 2, 2, 2, 2, 2, 2, 2, 2, 2, 2, 2, 2, 2,
    2, 2, 2, 2, 2, 2, 2, 2, 2, 2, 2, 2, 2, 2, 2, 2, 2, 2, 2, 2,
    2, 2, 2, 2, 2, 2, 2, 2, 2, 2, 2, 2, 2, 2, 2, 2, 2, 2, 2, 2,
    2, 2, 2, 2, 2, 2, 2, 2, 2, 2, 2, 2, 2, 2, 2, 2, 2, 2, 2, 2,
    2, 2, 2, 2, 2, 2, 2, 2, 2, 2, 2, 2, 2, 2, 2, 2, 2, 2, 2, 2,
    2, 2, 2, 2, 2, 2, 2, 2, 2, 2, 2, 2, 2, 2, 2, 2, 2, 2, 2, 2,
    2, 2, 2, 2, 2, 2, 2, 2, 2, 2, 2, 2, 2, 2, 2, 2, 2, 2, 2, 2,
    2, 2, 2, 2, 2, 2, 2, 2, 2, 2, 2, 2, 2, 2, 2, 2, 2, 2, 2, 2,
    2, 2, 2, 2, 2, 2, 2, 2, 2, 2, 2, 2, 2, 2, 2, 2, 2, 2, 2, 2,
    2, 2, 2, 2, 2, 2, 2, 2, 2, 2, 2, 2, 2, 2, 2, 2, 2, 2, 2, 2,
    2, 2, 2, 2, 2, 2, 2, 2, 2, 2, 2, 2, 2, 2, 2, 2, 2, 2, 2, 2,
    2, 2, 2, 2, 2, 2, 2, 2, 2, 2, 2, 2, 2, 2, 2, 2, 2, 2, 2, 2,
    2, 2, 2, 2, 2, 2, 2, 2, 2, 2, 2, 2, 2, 2, 2, 2, 2, 2, 2, 2,
    2, 2, 2, 2, 2, 2, 2, 2, 2, 2, 2, 2, 2, 2, 2, 2, 2, 2, 2, 2,
    2, 2, 2, 2, 2, 2, 2, 2, 2, 2, 2, 2, 2, 2, 2, 2, 2, 2, 2, 2,
    2, 2, 2, 2, 2, 2, 2, 2, 2, 2, 2, 2, 2, 2, 2, 2, 2, 2, 2, 2,
    2, 2, 2, 2, 2, 2, 2, 2, 2, 2, 2, 2, 2, 2, 2, 2, 2, 2, 2, 2,
    2, 2, 2, 2, 2, 2, 2, 2, 2, 2, 2, 2, 2, 2, 2, 2, 2, 2, 2, 2,
    2, 2, 2, 2, 2, 2, 2, 2, 2, 2, 2, 2, 2, 2, 2, 2, 2, 2, 2, 2,
    2, 2, 2, 2, 2, 2, 2, 2, 2, 2, 2, 2, 2, 2, 2, 2, 2, 2, 2, 2,
    2, 2, 2, 2, 2, 2, 2, 2, 2, 2, 2, 2, 2, 2, 2, 2, 2, 2, 2, 2,
    2, 2, 2, 2, 2, 2, 2, 2, 2, 2, 2, 2, 2, 2, 2, 2, 2, 2, 2, 2,
    2, 2, 2, 2, 2, 2, 2, 2, 2, 2, 2, 2, 2, 2, 2, 2, 2, 2, 2, 2,
    2, 2, 2, 2, 2, 2, 2, 2, 2, 2, 2, 2, 2, 2, 2, 2, 2, 2, 2, 2,
    2, 2, 2, 2, 2, 2, 2, 2, 2, 2, 2, 2, 2, 2, 2, 2, 2, 2, 2, 2,
    2, 2, 2, 2, 2, 2, 2, 2, 2, 2, 2, 2, 2, 2, 2, 2, 2, 2, 2, 2,
    2, 2, 2, 2, 2, 2, 2, 2, 2, 2, 2, 2, 2, 2, 2, 2, 2, 2, 2, 2,
    2, 2, 2, 2, 2, 2, 2, 2, 2, 2, 2, 2, 2, 2, 2, 2, 2, 2, 2, 2,
    2, 2, 2, 2, 2, 2, 2, 2, 2, 2, 2, 2, 2, 2, 2, 2, 2, 2, 2, 2,
    2, 2, 2, 2, 2, 2, 2, 2, 2, 2, 2, 2, 2, 2, 2, 2, 2, 2, 2, 2,
    2, 2, 2, 2, 2, 2, 2, 2, 2, 2, 2, 2, 2, 2, 2, 2, 2, 2, 2, 2,
    2, 2, 2, 2, 2, 2, 2, 2, 2, 2, 2, 2, 2, 2, 2, 2, 2, 2, 2, 2,
    2, 2, 2, 2, 2, 2, 2, 2, 2, 2, 2, 2, 2, 2, 2, 2, 2, 2, 2, 2,
    2, 2, 2, 2, 2, 2, 2, 2, 2, 2, 2, 2, 2, 2, 2, 2, 2, 2, 2, 2,
    2, 2, 2, 2, 2, 2, 2, 2, 2, 2, 2, 2, 2, 2, 2, 2, 2, 2, 2, 2,
    2, 2, 2, 2, 2, 2, 2, 2, 2, 2, 2, 2, 2, 2, 2, 2, 2, 2, 2, 2,
    2, 2, 2, 2, 2, 2, 2, 2, 2, 2, 2, 2, 2, 2, 2, 2, 2, 2, 2, 2,
    2, 2, 2, 2, 2, 2, 2, 2, 2, 2, 2, 2, 2, 2, 2, 2, 2, 2, 2, 2,
    2, 2, 2, 2, 2, 2, 2, 2, 2, 2, 2, 2, 2, 2, 2, 2, 2, 2, 2, 2,
    2, 2, 2, 2, 2, 2, 2, 2, 2, 2, 2, 2, 2, 2, 2, 2, 2, 2, 2, 2,
    2, 2, 2, 2, 2, 2, 2, 2, 2, 2, 2, 2, 2, 2, 2, 2, 2, 2, 2, 2,
    2, 2, 2, 2, 2, 2, 2, 2, 2, 2, 2, 2, 2, 2, 2, 2, 2, 2, 2, 2,
    2, 2, 2, 2, 2, 2, 2, 2, 2, 2, 2, 2, 2, 2, 2, 2, 2, 2, 2, 2,
    2, 2, 2, 2, 2, 2, 2, 2, 2, 2, 2, 2, 2, 2, 2, 2, 2, 2, 2, 2,
    2, 2, 2, 2, 2, 2, 2, 2, 2, 2, 2, 2, 2, 2, 2, 2, 2, 2, 2, 2,
    2, 2, 2, 2, 2, 2, 2, 2, 2, 2, 2, 2, 2, 2, 2, 2, 2, 2, 2, 2,
    2, 2, 2, 2, 2, 2, 2, 2, 2, 2, 2, 2, 2, 2, 2, 2, 2, 2, 2, 2,
    2, 2, 2, 2, 2, 2, 2, 2, 2, 2, 2, 2, 2, 2, 2, 2, 2, 2, 2, 2,
    2, 2, 2, 2, 2, 2, 2, 2, 2, 2, 2, 2, 2, 2, 2, 2, 2, 2, 2, 2,
    2, 2, 2, 2, 2, 2, 2, 2, 2, 2, 2, 2, 2, 2, 2, 2, 2, 2, 2, 2,
    2, 2, 2, 2, 2, 2, 2, 2, 2, 2, 2, 2, 2, 2, 2, 2, 2, 2, 2, 2,
    2, 2, 2, 2, 2, 2, 2, 2, 2, 2, 2, 2, 2, 2, 2, 2, 2, 2, 2, 2,
    2, 2, 2, 2, 2, 2, 2, 2, 2, 2, 2, 2, 2, 2, 2, 2, 2, 2, 2, 2,
    2, 2, 2, 2, 2, 2, 2, 2, 2, 2, 2, 2, 2, 2, 2, 2, 2, 2, 2, 2,
    2, 2, 2, 2, 2, 2, 2, 2, 2, 2, 2, 2, 2, 2, 2, 2, 2, 2, 2, 2,
    2, 2, 2, 2, 2, 2, 2, 2, 2, 2, 174, 3, 3, 3, 3, 3, 3, 241, 2, 2,
    2, 2, 2, 2, 2, 2, 2, 2, 2, 2, 2, 2, 2, 2, 2, 2, 2, 2, 2, 2,
    2, 2, 2, 2, 2, 2, 2, 2, 2, 2, 2, 2, 2, 2, 2, 2, 2, 2, 2, 2,
    174, 3, 3, 3, 3, 3, 3, 241, 2, 2, 2, 2, 2, 2, 2, 2, 2, 2, 2, 2,
    2, 2, 2, 2, 2, 2, 2, 2, 2, 2, 2, 2, 2, 2, 2, 2, 2, 2, 2, 2,
    2, 2, 2, 2, 2, 2, 2, 2, 2, 2, 2, 2, 2, 2, 2, 2, 2, 2, 2, 2,
    2, 2, 2, 2, 2, 2, 2, 2, 2, 2, 2, 2, 2, 2, 2, 2, 2, 2, 2, 2,
    2, 2, 2, 2, 2, 2, 2, 2, 2, 2, 2, 2, 2, 2, 2, 2, 2, 2, 2, 2,
    2, 2, 2, 2, 2, 2, 2, 2, 2, 2, 2, 2, 2, 2, 2, 2, 2, 2, 2, 2,
    2, 2, 2, 2, 2, 2, 2, 2, 2, 2, 2, 2, 2, 2, 2, 2, 2, 2, 2, 2,
    2, 2, 206, 177, 32, 32, 32, 32, 238, 273, 2, 2, 2, 2, 2, 2, 2, 2, 2, 2,
    2, 2, 2, 2, 2, 2, 2, 2, 2, 2, 2, 2, 2, 2, 2, 2, 2, 2, 2, 2,
    2, 2, 2, 2, 2, 2, 2, 2, 2, 2, 2, 2, 206, 177, 32, 32, 32, 32, 238, 273,
    2, 2, 2, 2, 2, 2, 2, 2, 2, 2, 2, 2, 2, 2, 2, 2, 2, 2, 2, 2,
    2, 2, 2, 2, 2, 2, 2, 2, 2, 2, 2, 2, 2, 2, 2, 2, 2, 2, 2, 2,
    2, 2, 2, 2, 2, 2, 2, 2, 2, 2, 2, 2, 2, 2, 2, 2, 2, 2, 2, 2,
    2, 2, 2, 2, 2, 2, 2, 2, 2, 2, 2, 2, 2, 2, 2, 2, 2, 2, 2, 2,
    2, 2, 2, 2, 2, 2, 2, 2, 2, 2, 2, 2, 2, 2, 2, 2, 2, 2, 2, 2,
    2, 2, 2, 2, 2, 2, 2, 2, 2, 2, 2, 2, 2, 2, 2, 2, 2, 2, 2, 2,
    2, 2, 2, 2, 2, 2, 2, 2, 2, 2, 2, 2, 2, 2, 206, 209, 64, 64, 64, 64,
    270, 273, 2, 2, 2, 2, 2, 2, 2, 2, 2, 2, 2, 2, 2, 2, 2, 2, 2, 2,
    2, 2, 2, 2, 2, 2, 2, 2, 2, 2, 2, 2, 2, 2, 2, 2, 2, 2, 2, 2,
    2, 2, 2, 2, 206, 209, 64, 64, 64, 64, 270, 273, 2, 2, 2, 2, 2, 2, 2, 2,
    2, 2, 2, 2, 2, 2, 2, 2, 2, 2, 2, 2, 2, 2, 2, 2, 2, 2, 2, 2,
    2, 2, 2, 2, 2, 2, 2, 2, 2, 2, 2, 2, 2, 2, 2, 2, 2, 2, 2, 2,
    2, 2, 2, 2, 2, 2, 2, 2, 2, 2, 2, 2, 2, 2, 2, 2, 2, 2, 2, 2,
    2, 2, 2, 2, 2, 2, 2, 2, 2, 2, 2, 2, 2, 2, 2, 2, 2, 2, 2, 2,
    2, 2, 2, 2, 2, 2, 2, 2, 2, 2, 2, 2, 2, 2, 2, 2, 2, 2, 2, 2,
    2, 2, 2, 2, 2, 2, 2, 2, 2, 2, 2, 2, 2, 2, 2, 2, 2, 2, 2, 2,
    2, 2, 2, 2, 2, 2, 206, 209, 64, 64, 64, 64, 270, 273, 2, 2, 2, 2, 2, 2,
    2, 2, 2, 2, 2, 2, 2, 2, 2, 2, 2, 2, 2, 2, 2, 2, 2, 2, 2, 2,
    2, 2, 2, 2, 2, 2, 2, 2, 2, 2, 2, 2, 2, 2, 2, 2, 206, 209, 64, 64,
    64, 64, 270, 273, 2, 2, 2, 2, 2, 2, 2, 2, 2, 2, 2, 2, 2, 2, 2, 2,
    2, 2, 2, 2, 2, 2, 2, 2, 2, 2, 2, 2, 2, 2, 2, 2, 2, 2, 2, 2,
    2, 2, 2, 2, 2, 2, 2, 2, 2, 2, 2, 2, 2, 2, 2, 2, 2, 2, 2, 2,
    2, 2, 2, 2, 2, 2, 2, 2, 2, 2, 2, 2, 2, 2, 2, 2, 2, 2, 2, 2,
    2, 2, 2, 2, 2, 2, 2, 2, 2, 2, 2, 2, 2, 2, 2, 2, 2, 2, 2, 2,
    2, 2, 2, 2, 2, 2, 2, 2, 2, 2, 2, 2, 2, 2, 2, 2, 2, 2, 2, 2,
    2, 2, 2, 2, 2, 2, 2, 2, 2, 2, 2, 2, 2, 2, 2, 2, 2, 2, 206, 209,
    4, 5, 6, 7, 270, 273, 2, 2, 2, 2, 2, 2, 2, 2, 2, 2, 2, 2, 2, 2,
    2, 2, 2, 2, 2, 2, 2, 2, 2, 2, 2, 2, 2, 2, 2, 2, 2, 2, 2, 2,
    2, 2, 2, 2, 2, 2, 2, 2, 206, 209, 4, 5, 6, 7, 270, 273, 2, 2, 2, 2,
    2, 2, 2, 2, 2, 2, 2, 2, 2, 2, 2, 2, 2, 2, 2, 2, 2, 2, 2, 2,
    2, 2, 2, 2, 2, 2, 2, 2, 2, 2, 2, 2, 2, 2, 2, 2, 2, 2, 2, 2,
    2, 2, 2, 2, 2, 2, 2, 2, 2, 2, 2, 2, 2, 2, 2, 2, 2, 2, 2, 2,
    2, 2, 2, 2, 2, 2, 2, 2, 2, 2, 2, 2, 2, 2, 2, 2, 2, 2, 2, 2,
    2, 2, 2, 2, 2, 2, 2, 2, 2, 2, 2, 2, 2, 2, 2, 2, 2, 2, 2, 2,
    2, 2, 2, 2, 2, 2, 2, 2, 2, 2, 2, 2, 2, 2, 2, 2, 2, 2, 2, 2,
    2, 2, 2, 2, 2, 2, 2, 2, 2, 2, 206, 209, 36, 37, 38, 39, 270, 273, 2, 2,
    2, 2, 2, 2, 2, 2, 2, 2, 2, 2, 2, 2, 2, 2, 2, 2, 2, 2, 2, 2,
    2, 2, 2, 2, 2, 2, 2, 2, 2, 2, 2, 2, 2, 2, 2, 2, 2, 2, 2, 2,
    206, 209, 36, 37, 38, 39, 270, 273, 2, 2, 2, 2, 2, 2, 2, 2, 2, 2, 2, 2,
    2, 2, 2, 2, 2, 2, 2, 2, 2, 2, 2, 2, 2, 2, 2, 2, 2, 2, 2, 2,
    2, 2, 2, 2, 2, 2, 2, 2, 2, 2, 2, 2, 2, 2, 2, 2, 2, 2, 2, 2,
    2, 2, 2, 2, 2, 2, 2, 2, 2, 2, 2, 2, 2, 2, 2, 2, 2, 2, 2, 2,
    2, 2, 2, 2, 2, 2, 2, 2, 2, 2, 2, 2, 2, 2, 2, 2, 2, 2, 2, 2,
    2, 2, 2, 2, 2, 2, 2, 2, 2, 2, 2, 2, 2, 2, 2, 2, 2, 2, 2, 2,
    2, 2, 2, 2, 2, 2, 2, 2, 2, 2, 2, 2, 2, 2, 2, 2, 2, 2, 2, 2,
    2, 2, 206, 209, 68, 69, 70, 71, 270, 273, 2, 2, 2, 2, 2, 2, 2, 2, 2, 2,
    2, 2, 2, 2, 2, 2, 2, 2, 2, 2, 2, 2, 2, 2, 2, 2, 2, 2, 2, 2,
    2, 2, 2, 2, 2, 2, 2, 2, 2, 2, 2, 2, 206, 209, 68, 69, 70, 71, 270, 273,
    2, 2, 2, 2, 2, 2, 2, 2, 2, 2, 2, 2, 2, 2, 2, 2, 2, 2, 2, 2,
    2, 2, 2, 2, 2, 2, 2, 2, 2, 2, 2, 2, 2, 2, 2, 2, 2, 2, 2, 2,
    2, 2, 2, 2, 2, 2, 2, 2, 2, 2, 2, 2, 2, 2, 2, 2, 2, 2, 2, 2,
    2, 2, 2, 2, 2, 2, 2, 2, 2, 2, 2, 2, 2, 2, 2, 2, 2, 2, 2, 2,
    2, 2, 2, 2, 2, 2, 2, 2, 2, 2, 2, 2, 2, 2, 2, 2, 2, 2, 2, 2,
    2, 2, 2, 2, 2, 2, 2, 2, 2, 2, 2, 2, 2, 2, 2, 2, 2, 2, 2, 2,
    2, 2, 2, 2, 2, 2, 2, 2, 2, 2, 2, 2, 2, 2, 206, 176, 100, 101, 102, 103,
    239, 273, 2, 2, 2, 2, 2, 2, 2, 2, 2, 2, 2, 2, 2, 2, 2, 2, 2, 2,
    2, 2, 2, 2, 2, 2, 2, 2, 2, 2, 2, 2, 2, 2, 2, 2, 2, 2, 2, 2,
    2, 2, 2, 2, 206, 176, 100, 101, 102, 103, 239, 273, 2, 2, 2, 2, 2, 2, 2, 2,
    2, 2, 2, 2, 2, 2, 2, 2, 2, 2, 2, 2, 2, 2, 2, 2, 2, 2, 2, 2,
    2, 2, 2, 2, 2, 2, 2, 2, 2, 2, 2, 2, 2, 2, 2, 2, 2, 2, 2, 2,
    2, 2, 2, 2, 2, 2, 2, 2, 2, 2, 2, 2, 2, 2, 2, 2, 2, 2, 2, 2,
    2, 2, 2, 2, 2, 2, 2, 2, 2, 2, 2, 2, 2, 2, 2, 2, 2, 2, 2, 2,
    2, 2, 2, 2, 2, 2, 2, 2, 2, 2, 2, 2, 2, 2, 2, 2, 2, 2, 2, 2,
    2, 2, 2, 2, 2, 2, 2, 2, 2, 2, 2, 2, 2, 2, 2, 2, 2, 2, 2, 2,
    2, 2, 2, 2, 2, 2, 206, 208, 132, 133, 134, 135, 271, 273, 2, 2, 2, 2, 2, 2,
    2, 2, 2, 2, 2, 2, 2, 2, 2, 2, 2, 2, 2, 2, 2, 2, 2, 2, 2, 2,
    2, 2, 2, 2, 2, 2, 2, 2, 2, 2, 2, 2, 2, 2, 2, 2, 206, 208, 132, 133,
    134, 135, 271, 273, 2, 2, 2, 2, 2, 2, 2, 2, 2, 2, 2, 2, 2, 2, 2, 2,
    2, 2, 2, 2, 2, 2, 2, 2, 2, 2, 2, 2, 2, 2, 2, 2, 2, 2, 2, 2,
    2, 2, 2, 2, 2, 2, 2, 2, 2, 2, 2, 2, 2, 2, 2, 2, 2, 2, 2, 2,
    2, 2, 2, 2, 2, 2, 2, 2, 2, 2, 2, 2, 2, 2, 2, 2, 2, 2, 2, 2,
    2, 2, 2, 2, 2, 2, 2, 2, 2, 2, 2, 2, 2, 2, 2, 2, 2, 2, 2, 2,
    2, 2, 2, 2, 2, 2, 2, 2, 2, 2, 2, 2, 2, 2, 2, 2, 2, 2, 2, 2,
    2, 2, 2, 2, 2, 2, 2, 2, 2, 2, 2, 2, 2, 2, 2, 2, 2, 2, 206, 10,
    43, 42, 11, 45, 46, 273, 2, 2, 2, 2, 2, 2, 2, 2, 2, 2, 2, 2, 2, 2,
    2, 2, 2, 2, 2, 2, 2, 2, 2, 2, 2, 2, 2, 2, 2, 2, 2, 2, 2, 2,
    2, 2, 2, 2, 2, 2, 2, 2, 206, 10, 42, 43, 11, 45, 46, 273, 2, 2, 2, 2,
    2, 2, 2, 2, 2, 2, 2, 2, 2, 2, 2, 2, 2, 2, 2, 2, 2, 2, 2, 2,
    2, 2, 2, 2, 2, 2, 2, 2, 2, 2, 2, 2, 2, 2, 2, 2, 2, 2, 2, 2,
    2, 2, 2, 2, 2, 2, 2, 2, 2, 2, 2, 2, 2, 2, 2, 2, 2, 2, 2, 2,
    2, 2, 2, 2, 2, 2, 2, 2, 2, 2, 2, 2, 2, 2, 2, 2, 2, 2, 2, 2,
    2, 2, 2, 2, 2, 2, 2, 2, 2, 2, 2, 2, 2, 2, 2, 2, 2, 2, 2, 2,
    2, 2, 2, 2, 2, 2, 2, 2, 2, 2, 2, 2, 2, 2, 2, 2, 174, 3, 3, 3,
    3, 3, 3, 3, 3, 3, 3, 3, 3, 164, 251, 9, 138, 139, 12, 77, 78, 273, 2, 2,
    2, 2, 2, 2, 2, 2, 174, 3, 3, 3, 3, 3, 3, 3, 3, 3, 3, 3, 3, 3,
    3, 3, 3, 3, 3, 3, 3, 3, 3, 3, 3, 241, 2, 2, 2, 2, 2, 2, 2, 2,
    206, 9, 140, 137, 12, 77, 78, 164, 251, 3, 3, 3, 3, 3, 3, 3, 3, 3, 3, 3,
    3, 3, 241, 2, 2, 2, 2, 2, 2, 2, 2, 2, 2, 2, 2, 2, 2, 2, 2, 2,
    2, 2, 2, 2, 2, 2, 2, 2, 2, 2, 2, 2, 2, 2, 2, 2, 2, 2, 2, 2,
    2, 2, 2, 2, 2, 2, 2, 2, 2, 2, 2, 2, 2, 2, 2, 2, 2, 2, 2, 2,
    2, 2, 2, 2, 2, 2, 2, 2, 2, 2, 2, 2, 2, 2, 2, 2, 2, 2, 2, 2,
    2, 2, 2, 2, 2, 2, 2, 2, 2, 2, 2, 2, 2, 2, 2, 2, 2, 2, 2, 2,
    2, 2, 2, 2, 2, 2, 2, 2, 206, 64, 64, 64, 64, 282, 283, 32, 32, 32, 32, 32,
    238, 129, 129, 41, 108, 105, 44, 109, 110, 273, 2, 2, 2, 2, 2, 2, 2, 2, 206, 177,
    32, 32, 32, 32, 32, 32, 32, 32, 32, 32, 32, 32, 32, 32, 32, 32, 32, 32, 32, 32,
    32, 32, 238, 273, 2, 2, 2, 2, 2, 2, 2, 2, 206, 41, 106, 107, 44, 109, 110, 129,
    129, 177, 32, 32, 32, 32, 32, 196, 197, 64, 64, 64, 64, 64, 273, 2, 2, 2, 2, 2,
    2, 2, 2, 2, 2, 2, 2, 2, 2, 2, 2, 2, 2, 2, 2, 2, 2, 2, 2, 2,
    2, 2, 2, 2, 2, 2, 2, 2, 2, 2, 2, 2, 2, 2, 2, 2, 2, 2, 2, 2,
    2, 2, 2, 2, 2, 2, 2, 2, 2, 2, 2, 2, 2, 2, 2, 2, 2, 2, 2, 2,
    2, 2, 2, 2, 2, 2, 2, 2, 2, 2, 2, 2, 2, 2, 2, 2, 2, 2, 2, 2,
    2, 2, 2, 2, 2, 2, 2, 2, 2, 2, 2, 2, 2, 2, 2, 2, 2, 2, 2, 2,
    206, 64, 64, 64, 64, 64, 64, 64, 64, 64, 64, 64, 270, 64, 64, 9, 140, 137, 12, 45,
    46, 273, 2, 2, 2, 2, 2, 2, 2, 2, 174, 209, 64, 64, 64, 64, 64, 64, 64, 64,
    64, 64, 64, 64, 64, 64, 64, 64, 64, 64, 64, 64, 64, 64, 270, 241, 2, 2, 2, 2,
    2, 2, 2, 2, 206, 9, 138, 139, 12, 45, 46, 64, 64, 209, 64, 64, 64, 64, 64, 64,
    64, 64, 64, 64, 64, 64, 273, 2, 2, 2, 2, 2, 2, 2, 2, 2, 2, 2, 2, 2,
    2, 2, 2, 2, 2, 2, 2, 2, 2, 2, 2, 2, 2, 2, 2, 2, 2, 2, 2, 2,
    2, 2, 2, 2, 2, 2, 2, 2, 2, 2, 2, 2, 2, 2, 2, 2, 2, 2, 2, 2,
    2, 2, 2, 2, 2, 2, 2, 2, 2, 2, 2, 2, 2, 2, 2, 2, 2, 2, 2, 2,
    2, 2, 2, 2, 2, 2, 2, 2, 2, 2, 2, 2, 2, 2, 2, 2, 2, 2, 2, 2,
    2, 2, 2, 2, 2, 2, 2, 2, 2, 2, 2, 2, 206, 64, 64, 64, 64, 64, 64, 64,
    64, 64, 64, 64, 270, 64, 64, 41, 106, 107, 44, 77, 78, 273, 2, 2, 2, 2, 2, 2,
    2, 2, 206, 209, 64, 47, 48, 49, 50, 48, 51, 64, 64, 64, 64, 64, 64, 64, 64, 47,
    48, 49, 50, 48, 51, 64, 270, 273, 2, 2, 2, 2, 2, 2, 2, 2, 206, 41, 108, 105,
    44, 77, 78, 64, 64, 209, 64, 64, 64, 64, 64, 64, 64, 64, 64, 64, 64, 64, 273, 2,
    2, 2, 2, 2, 2, 2, 2, 2, 2, 2, 2, 2, 2, 2, 2, 2, 2, 2, 2, 2,
    2, 2, 2, 2, 2, 2, 2, 2, 2, 2, 2, 2, 2, 2, 2, 2, 2, 2, 2, 2,
    2, 2, 2, 2, 2, 2, 2, 2, 2, 2, 2, 2, 2, 2, 2, 2, 2, 2, 2, 2,
    2, 2, 2, 2, 2, 2, 2, 2, 2, 2, 2, 2, 2, 2, 2, 2, 2, 2, 2, 2,
    2, 2, 2, 2, 2, 2, 2, 2, 2, 2, 2, 2, 2, 2, 2, 2, 2, 2, 2, 2,
    2, 2, 2, 2, 206, 171, 64, 64, 64, 64, 64, 64, 4, 5, 6, 7, 270, 64, 64, 9,
    138, 139, 12, 109, 110, 273, 2, 2, 2, 2, 2, 2, 2, 2, 206, 209, 64, 79, 80, 81,
    82, 80, 83, 64, 64, 64, 64, 64, 64, 64, 64, 79, 80, 81, 82, 80, 83, 64, 270, 273,
    2, 2, 2, 2, 2, 2, 2, 2, 206, 9, 140, 137, 12, 109, 110, 64, 64, 209, 4, 5,
    6, 7, 64, 64, 64, 64, 64, 64, 244, 275, 273, 2, 2, 2, 2, 2, 2, 2, 2, 2,
    2, 2, 2, 2, 2, 2, 2, 2, 2, 2, 2, 2, 2, 2, 2, 2, 2, 2, 2, 2,
    2, 2, 2, 2, 2, 2, 2, 2, 2, 2, 2, 2, 2, 2, 2, 2, 2, 2, 2, 2,
    2, 2, 2, 2, 2, 2, 2, 2, 2, 2, 2, 2, 2, 2, 2, 2, 2, 2, 2, 2,
    2, 2, 2, 2, 2, 2, 2, 2, 2, 2, 2, 2, 2, 2, 2, 2, 2, 2, 2, 2,
    2, 2, 2, 2, 2, 2, 2, 2, 2, 2, 2, 2, 2, 2, 2, 2, 206, 203, 204, 171,
    64, 64, 64, 64, 36, 37, 38, 39, 270, 64, 64, 41, 108, 105, 44, 109, 110, 273, 2, 2,
    2, 2, 2, 2, 2, 2, 206, 209, 64, 111, 112, 113, 114, 112, 115, 64, 64, 64, 64, 64,
    64, 64, 64, 111, 112, 113, 114, 112, 115, 64, 270, 273, 2, 2, 2, 2, 2, 2, 2, 2,
    206, 41, 106, 107, 44, 45, 46, 64, 64, 209, 36, 37, 38, 39, 64, 64, 64, 64, 244, 275,
    276, 248, 273, 2, 2, 2, 2, 2, 2, 2, 2, 2, 2, 2, 2, 2, 2, 2, 2, 2,
    2, 2, 2, 2, 2, 2, 2, 2, 2, 2, 2, 2, 2, 2, 2, 2, 2, 2, 2, 2,
    2, 2, 2, 2, 2, 2, 2, 2, 2, 2, 2, 2, 2, 2, 2, 2, 2, 2, 2, 2,
    2, 2, 2, 2, 2, 2, 2, 2, 2, 2, 2, 2, 2, 2, 2, 2, 2, 2, 2, 2,
    2, 2, 2, 2, 2, 2, 2, 2, 2, 2, 2, 2, 2, 2, 2, 2, 2, 2, 2, 2,
    2, 2, 2, 2, 2, 2, 2, 2, 206, 166, 167, 203, 204, 171, 64, 64, 68, 69, 70, 71,
    270, 64, 64, 9, 140, 137, 12, 45, 46, 273, 2, 2, 2, 2, 2, 2, 2, 2, 206, 209,
    64, 143, 144, 145, 146, 144, 147, 64, 64, 64, 64, 64, 64, 64, 64, 143, 144, 145, 146, 144,
    147, 64, 270, 273, 2, 2, 2, 2, 2, 2, 2, 2, 206, 9, 138, 139, 12, 77, 78, 64,
    64, 209, 68, 69, 70, 71, 64, 64, 244, 275, 276, 248, 249, 280, 273, 2, 2, 2, 2, 2,
    2, 2, 2, 2, 2, 2, 2, 2, 2, 2, 2, 2, 2, 2, 2, 2, 2, 2, 2, 2,
    2, 2, 2, 2, 2, 2, 2, 2, 2, 2, 2, 2, 2, 2, 2, 2, 2, 2, 2, 2,
    2, 2, 2, 2, 2, 2, 2, 2, 2, 2, 2, 2, 2, 2, 2, 2, 2, 2, 2, 2,
    2, 2, 2, 2, 2, 2, 2, 2, 2, 2, 2, 2, 2, 2, 2, 2, 2, 2, 2, 2,
    2, 2, 2, 2, 2, 2, 2, 2, 2, 2, 2, 2, 2, 2, 2, 2, 2, 2, 2, 2,
    206, 198, 199, 166, 167, 203, 204, 96, 100, 101, 102, 103, 239, 64, 64, 41, 106, 107, 44, 77,
    78, 273, 2, 2, 2, 2, 2, 2, 2, 2, 206, 176, 96, 96, 96, 96, 96, 96, 96, 96,
    96, 96, 96, 96, 96, 96, 96, 96, 96, 96, 96, 96, 96, 96, 239, 273, 2, 2, 2, 2,
    2, 2, 2, 2, 206, 41, 108, 105, 148, 109, 110, 64, 64, 176, 100, 101, 102, 103, 96, 275,
    276, 248, 249, 280, 281, 281, 273, 2, 2, 2, 2, 2, 2, 2, 2, 2, 2, 2, 2, 2,
    2, 2, 2, 2, 2, 2, 2, 2, 2, 2, 2, 2, 2, 2, 2, 2, 2, 2, 2, 2,
    2, 2, 2, 2, 2, 2, 2, 2, 2, 2, 2, 2, 2, 2, 2, 2, 2, 2, 2, 2,
    2, 2, 2, 2, 2, 2, 2, 2, 2, 2, 2, 2, 2, 2, 2, 2, 2, 2, 2, 2,
    2, 2, 2, 2, 2, 2, 2, 2, 2, 2, 2, 2, 2, 2, 2, 2, 2, 2, 2, 2,
    2, 2, 2, 2, 2, 2, 2, 2, 2, 2, 2, 2, 206, 198, 198, 198, 199, 166, 167, 128,
    132, 133, 134, 135, 271, 65, 66, 9, 138, 139, 12, 109, 110, 210, 3, 3, 3, 3, 3, 3,
    3, 3, 269, 208, 128, 182, 67, 67, 67, 67, 233, 128, 128, 128, 128, 128, 128, 128, 128, 182,
    67, 67, 67, 67, 233, 128, 271, 210, 3, 3, 3, 3, 3, 3, 3, 3, 269, 9, 140, 137,
    138, 141, 142, 65, 66, 208, 132, 133, 134, 135, 128, 248, 249, 280, 281, 281, 281, 281, 273, 2,
    2, 2, 2, 2, 2, 2, 2, 2, 2, 2, 2, 2, 2, 2, 2, 2, 2, 2, 2, 2,
    2, 2, 2, 2, 2, 2, 2, 2, 2, 2, 2, 2, 2, 2, 2, 2, 2, 2, 2, 2,
    2, 2, 2, 2, 2, 2, 2, 2, 2, 2, 2, 2, 2, 2, 2, 2, 2, 2, 2, 2,
    2, 2, 2, 2, 2, 2, 2, 2, 2, 2, 2, 2, 2, 2, 2, 2, 2, 2, 2, 2,
    2, 2, 2, 2, 2, 2, 2, 2, 2, 2, 2, 2, 2, 2, 2, 2, 2, 2, 2, 2,
    2, 2, 2, 2, 206, 173, 198, 198, 198, 198, 199, 148, 43, 42, 43, 42, 43, 97, 98, 149,
    108, 105, 44, 109, 110, 32, 32, 32, 32, 32, 32, 32, 32, 32, 32, 10, 11, 234, 99, 99,
    99, 99, 181, 10, 42, 43, 42, 43, 42, 43, 11, 234, 99, 99, 99, 99, 181, 45, 46, 32,
    32, 32, 32, 32, 32, 32, 32, 32, 32, 41, 106, 107, 108, 105, 106, 97, 98, 42, 43, 42,
    43, 42, 149, 280, 281, 281, 281, 281, 242, 250, 273, 2, 2, 2, 2, 2, 2, 2, 2, 2,
    2, 2, 2, 2, 2, 2, 2, 2, 2, 2, 2, 2, 2, 2, 2, 2, 2, 2, 2, 2,
    2, 2, 2, 2, 2, 2, 2, 2, 2, 2, 2, 2, 2, 2, 2, 2, 2, 2, 2, 2,
    2, 2, 2, 2, 2, 2, 2, 2, 2, 2, 2, 2, 2, 2, 2, 2, 2, 2, 2, 2,
    2, 2, 2, 2, 2, 2, 2, 2, 2, 2, 2, 2, 2, 2, 2, 2, 2, 2, 2, 2,
    2, 2, 2, 2, 2, 2, 2, 2, 2, 2, 2, 2, 2, 2, 2, 2, 206, 205, 165, 173,
    198, 198, 198, 139, 140, 137, 138, 139, 140, 137, 138, 139, 140, 137, 12, 45, 46, 64, 64, 64,
    64, 64, 64, 64, 64, 64, 64, 9, 12, 266, 131, 131, 131, 131, 213, 41, 138, 107, 108, 105,
    106, 139, 44, 266, 131, 131, 131, 131, 213, 77, 78, 64, 64, 64, 64, 64, 64, 64, 64, 64,
    64, 9, 138, 139, 140, 137, 138, 137, 138, 139, 140, 137, 138, 139, 140, 281, 281, 281, 242, 250,
    274, 246, 273, 2, 2, 2, 2, 2, 2, 2, 2, 2, 2, 2, 2, 2, 2, 2, 2, 2,
    2, 2, 2, 2, 2, 2, 2, 2, 2, 2, 2, 2, 2, 2, 2, 2, 2, 2, 2, 2,
    2, 2, 2, 2, 2, 2, 2, 2, 2, 2, 2, 2, 2, 2, 2, 2, 2, 2, 2, 2,
    2, 2, 2, 2, 2, 2, 2, 2, 2, 2, 2, 2, 2, 2, 2, 2, 2, 2, 2, 2,
    2, 2, 2, 2, 2, 2, 2, 2, 2, 2, 2, 2, 2, 2, 2, 2, 2, 2, 2, 2,
    2, 2, 2, 2, 2, 2, 2, 2, 206, 168, 169, 205, 165, 173, 198, 105, 106, 107, 108, 105,
    106, 107, 108, 105, 106, 107, 44, 77, 78, 64, 64, 64, 64, 64, 64, 64, 64, 64, 64, 41,
    148, 42, 43, 42, 43, 42, 43, 149, 116, 74, 75, 74, 75, 117, 148, 42, 43, 42, 43, 42,
    43, 11, 110, 64, 64, 64, 64, 64, 64, 64, 64, 64, 64, 41, 108, 105, 106, 107, 108, 107,
    108, 105, 106, 107, 108, 105, 106, 281, 242, 250, 274, 246, 247, 247, 273, 2, 2, 2, 2, 2,
    2, 2, 2, 2, 2, 2, 2, 2, 2, 2, 2, 2, 2, 2, 2, 2, 2, 2, 2, 2,
    2, 2, 2, 2, 2, 2, 2, 2, 2, 2, 2, 2, 2, 2, 2, 2, 2, 2, 2, 2,
    2, 2, 2, 2, 2, 2, 2, 2, 2, 2, 2, 2, 2, 2, 2, 2, 2, 2, 2, 2,
    2, 2, 2, 2, 2, 2, 2, 2, 2, 2, 2, 2, 2, 2, 2, 2, 2, 2, 2, 2,
    2, 2, 2, 2, 2, 2, 2, 2, 2, 2, 2, 2, 2, 2, 2, 2, 2, 2, 2, 2,
    206, 168, 168, 168, 169, 161, 165, 137, 138, 139, 140, 137, 138, 139, 140, 137, 138, 139, 12, 109,
    110, 64, 64, 64, 4, 5, 6, 7, 64, 64, 64, 9, 140, 17, 18, 19, 26, 27, 28, 139,
    148, 96, 96, 96, 96, 149, 138, 17, 18, 19, 26, 27, 28, 12, 78, 64, 64, 64, 4, 5,
    6, 7, 64, 64, 64, 9, 140, 137, 138, 139, 140, 139, 140, 137, 138, 139, 140, 137, 138, 250,
    254, 246, 247, 247, 247, 247, 273, 2, 2, 2, 2, 2, 2, 2, 2, 2, 2, 2, 2, 2,
    2, 2, 2, 2, 2, 2, 2, 2, 2, 2, 2, 2, 2, 2, 2, 2, 2, 2, 2, 2,
    2, 2, 2, 2, 2, 2, 2, 2, 2, 2, 2, 2, 2, 2, 2, 2, 2, 2, 2, 2,
    2, 2, 2, 2, 2, 2, 2, 2, 2, 2, 2, 2, 2, 2, 2, 2, 2, 2, 2, 2,
    2, 2, 2, 2, 2, 2, 2, 2, 2, 2, 2, 2, 2, 2, 2, 2, 2, 2, 2, 2,
    2, 2, 2, 2, 2, 2, 2, 2, 2, 2, 2, 2, 206, 168, 168, 200, 201, 193, 160, 107,
    108, 105, 106, 107, 108, 105, 106, 107, 108, 105, 44, 45, 46, 64, 64, 64, 36, 37, 38, 39,
    64, 64, 64, 41, 108, 20, 21, 22, 23, 24, 25, 107, 231, 232, 104, 104, 183, 184, 106, 20,
    21, 22, 23, 24, 25, 44, 110, 64, 64, 64, 36, 37, 38, 39, 64, 64, 64, 41, 106, 107,
    108, 105, 106, 105, 106, 107, 108, 105, 106, 107, 108, 255, 286, 278, 279, 247, 247, 247, 273, 2,
    2, 2, 2, 2, 2, 2, 2, 2, 2, 2, 2, 2, 2, 2, 2, 2, 2, 2, 2, 2,
    2, 2, 2, 2, 2, 2, 2, 2, 2, 2, 2, 2, 2, 2, 2, 2, 2, 2, 2, 2,
    2, 2, 2, 2, 2, 2, 2, 2, 2, 2, 2, 2, 2, 2, 2, 2, 2, 2, 2, 2,
    2, 2, 2, 2, 2, 2, 2, 2, 2, 2, 2, 2, 2, 2, 2, 2, 2, 2, 2, 2,
    2, 2, 2, 2, 2, 2, 2, 2, 2, 2, 2, 2, 2, 2, 2, 2, 2, 2, 2, 2,
    2, 2, 2, 2, 206, 200, 201, 193, 185, 217, 192, 139, 140, 137, 138, 139, 140, 137, 138, 139,
    140, 137, 12, 77, 78, 64, 64, 64, 68, 69, 70, 71, 64, 64, 64, 9, 140, 17, 18, 19,
    26, 27, 28, 139, 263, 264, 136, 136, 215, 216, 138, 17, 18, 19, 26, 27, 28, 12, 78, 64,
    64, 64, 68, 69, 70, 71, 64, 64, 64, 9, 138, 139, 140, 137, 138, 137, 138, 139, 140, 137,
    138, 139, 140, 287, 262, 230, 286, 278, 279, 247, 273, 2, 2, 2, 2, 2, 2, 2, 2, 2,
    2, 2, 2, 2, 2, 2, 2, 2, 2, 2, 2, 2, 2, 2, 2, 2, 2, 2, 2, 2,
    2, 2, 2, 2, 2, 2, 2, 2, 2, 2, 2, 2, 2, 2, 2, 2, 2, 2, 2, 2,
    2, 2, 2, 2, 2, 2, 2, 2, 2, 2, 2, 2, 2, 2, 2, 2, 2, 2, 2, 2,
    2, 2, 2, 2, 2, 2, 2, 2, 2, 2, 2, 2, 2, 2, 2, 2, 2, 2, 2, 2,
    2, 2, 2, 2, 2, 2, 2, 2, 2, 2, 2, 2, 2, 2, 2, 2, 206, 193, 185, 217,
    192, 192, 192, 105, 106, 107, 108, 105, 106, 107, 108, 105, 106, 107, 148, 109, 110, 96, 96, 96,
    100, 101, 102, 103, 96, 96, 96, 41, 106, 20, 21, 22, 23, 24, 25, 105, 187, 188, 189, 226,
    227, 228, 108, 20, 21, 22, 23, 24, 25, 44, 110, 96, 96, 96, 100, 101, 102, 103, 96, 96,
    96, 41, 108, 105, 106, 107, 108, 107, 108, 105, 106, 107, 108, 105, 106, 287, 287, 287, 262, 230,
    286, 278, 273, 2, 2, 2, 2, 2, 2, 2, 2, 2, 2, 2, 2, 2, 2, 2, 2, 2,
    2, 2, 2, 2, 2, 2, 2, 2, 2, 2, 2, 2, 2, 2, 2, 2, 2, 2, 2, 2,
    2, 2, 2, 2, 2, 2, 2, 2, 2, 2, 2, 2, 2, 2, 2, 2, 2, 2, 2, 2,
    2, 2, 2, 2, 2, 2, 2, 2, 2, 2, 2, 2, 2, 2, 2, 2, 2, 2, 2, 2,
    2, 2, 2, 2, 2, 2, 2, 2, 2, 2, 2, 2, 2, 2, 2, 2, 2, 2, 2, 2,
    2, 2, 2, 2, 2, 2, 2, 2, 206, 217, 192, 192, 192, 192, 172, 116, 74, 75, 74, 75,
    74, 75, 74, 117, 138, 139, 140, 141, 142, 212, 267, 128, 132, 133, 134, 135, 128, 212, 267, 9,
    138, 139, 140, 137, 138, 139, 140, 218, 219, 288, 138, 139, 289, 260, 261, 137, 138, 139, 140, 137,
    138, 148, 142, 212, 267, 128, 132, 133, 134, 135, 128, 212, 267, 9, 140, 137, 138, 139, 116, 74,
    75, 74, 75, 74, 75, 74, 117, 243, 287, 287, 287, 287, 262, 230, 273, 2, 2, 2, 2, 2,
    2, 2, 2, 2, 2, 2, 2, 2, 2, 2, 2, 2, 2, 2, 2, 2, 2, 2, 2, 2,
    2, 2, 2, 2, 2, 2, 2, 2, 2, 2, 2, 2, 2, 2, 2, 2, 2, 2, 2, 2,
    2, 2, 2, 2, 2, 2, 2, 2, 2, 2, 2, 2, 2, 2, 2, 2, 2, 2, 2, 2,
    2, 2, 2, 2, 2, 2, 2, 2, 2, 2, 2, 2, 2, 2, 2, 2, 2, 2, 2, 2,
    2, 2, 2, 2, 2, 2, 2, 2, 2, 2, 2, 2, 2, 2, 2, 2, 2, 2, 2, 2,
    2, 2, 2, 2, 2, 2, 2, 2, 2, 109, 110, 2, 2, 2, 2, 9, 108, 105, 106, 107,
    108, 179, 236, 10, 42, 43, 42, 43, 11, 179, 236, 41, 108, 105, 106, 107, 108, 105, 106, 186,
    290, 291, 292, 293, 294, 295, 229, 107, 108, 105, 106, 107, 108, 105, 106, 179, 236, 10, 42, 43,
    42, 43, 11, 179, 236, 41, 106, 107, 108, 105, 44, 2, 2, 2, 2, 109, 110, 2, 2, 2,
    2, 2, 2, 2, 2, 2, 2, 2, 2, 2, 2, 2, 2, 2, 2, 2, 2, 2, 2, 2,
    2, 2, 2, 2, 2, 2, 2, 2, 2, 2, 2, 2, 2, 2, 2, 2, 2, 2, 2, 2,
    2, 2, 2, 2, 2, 2, 2, 2, 2, 2, 2, 2, 2, 2, 2, 2, 2, 2, 2, 2,
    2, 2, 2, 2, 2, 2, 2, 2, 2, 2, 2, 2, 2, 2, 2, 2, 2, 2, 2, 2,
    2, 2, 2, 2, 2, 2, 2, 2, 2, 2, 2, 2, 2, 2, 2, 2, 2, 2, 2, 2,
    2, 2, 2, 2, 2, 2, 2, 2, 2, 2, 2, 2, 2, 2, 2, 2, 2, 2, 2, 2,
    2, 2, 2, 2, 2, 2, 2, 41, 140, 137, 138, 139, 140, 211, 268, 149, 140, 137, 138, 139,
    148, 211, 268, 149, 140, 137, 138, 139, 140, 137, 138, 296, 297, 298, 299, 300, 301, 302, 303, 139,
    140, 137, 138, 139, 140, 137, 138, 211, 268, 149, 140, 137, 138, 139, 148, 211, 268, 149, 138, 139,
    140, 137, 12, 2, 2, 2, 2, 2, 2, 2, 2, 2, 2, 2, 2, 2, 2, 2, 2, 2,
    2, 2, 2, 2, 2, 2, 2, 2, 2, 2, 2, 2, 2, 2, 2, 2, 2, 2, 2, 2,
    2, 2, 2, 2, 2, 2, 2, 2, 2, 2, 2, 2, 2, 2, 2, 2, 2, 2, 2, 2,
    2, 2, 2, 2, 2, 2, 2, 2, 2, 2, 2, 2, 2, 2, 2, 2, 2, 2, 2, 2,
    2, 2, 2, 2, 2, 2, 2, 2, 2, 2, 2, 2, 2, 2, 2, 2, 2, 2, 2, 2,
    2, 2, 2, 2, 2, 2, 2, 2, 2, 2, 2, 2, 2, 2, 2, 2, 2, 2, 2, 2,
    2, 2, 2, 2, 2, 2, 2, 2, 2, 2, 2, 2, 2, 2, 2, 2, 2, 2, 2, 9,
    106, 107, 108, 105, 106, 107, 108, 105, 106, 107, 108, 105, 106, 107, 108, 105, 106, 107, 108, 105,
    106, 107, 108, 304, 305, 306, 307, 308, 309, 310, 311, 105, 106, 107, 108, 105, 106, 107, 108, 105,
    106, 107, 108, 105, 106, 107, 108, 105, 106, 107, 108, 105, 106, 107, 44, 2, 2, 2, 2, 2,
    2, 2, 2, 2, 2, 2, 2, 2, 2, 2, 2, 2, 2, 2, 2, 2, 2, 2, 2, 2,
    2, 2, 2, 2, 2, 2, 2, 2, 2, 2, 2, 2, 2, 2, 2, 2, 2, 2, 2, 2,
    2, 2, 2, 2, 2, 2, 2, 2, 2, 2, 2, 2, 2, 2, 2, 2, 2, 2, 2, 2,
    2, 2, 2, 2, 2, 2, 2, 2, 2, 2, 2, 2, 2, 2, 2, 2, 2, 2, 2, 2,
    2, 2, 2, 2, 2, 2, 2, 2, 2, 2, 2, 2, 2, 2, 2, 2, 2, 2, 2, 2,
    2, 2, 2, 2, 2, 2, 2, 2, 2, 2, 2, 2, 2, 2, 2, 2, 2, 2, 2, 2,
    2, 2, 2, 2, 2, 2, 2, 2, 2, 2, 2, 41, 138, 139, 140, 137, 138, 139, 140, 137,
    138, 139, 140, 137, 138, 139, 140, 137, 138, 139, 140, 137, 138, 139, 140, 312, 313, 314, 315, 316,
    317, 318, 319, 137, 138, 139, 140, 137, 138, 139, 140, 137, 138, 139, 140, 137, 138, 139, 140, 137,
    138, 139, 140, 137, 116, 45, 46, 2, 2, 2, 2, 2, 2, 2, 2, 2, 2, 2, 2, 2,
    2, 2, 2, 2, 2, 2, 2, 2, 2, 2, 2, 2, 2, 2, 2, 2, 2, 2, 2, 2,
    2, 2, 2, 2, 2, 2, 2, 2, 2, 2, 2, 2, 2, 2, 2, 2, 2, 2, 2, 2,
    2, 2, 2, 2, 2, 2, 2, 2, 2, 2, 2, 2, 2, 2, 2, 2, 2, 2, 2, 2,
    2, 2, 2, 2, 2, 2, 2, 2, 2, 2, 2, 2, 2, 2, 2, 2, 2, 2, 2, 2,
    2, 2, 2, 2, 2, 2, 2, 2, 2, 2, 2, 2, 2, 2, 2, 2, 2, 2, 2, 2,
    2, 2, 2, 2, 2, 2, 2, 2, 2, 2, 2, 2, 2, 2, 2, 2, 2, 2, 2, 2,
    2, 2, 2, 9, 108, 105, 106, 107, 108, 105, 106, 107, 108, 105, 106, 107, 108, 105, 106, 107,
    108, 105, 106, 107, 108, 105, 106, 190, 320, 321, 322, 323, 324, 325, 225, 107, 108, 105, 106, 107,
    108, 105, 106, 107, 108, 105, 106, 107, 108, 105, 106, 107, 108, 105, 106, 107, 12, 77, 78, 2,
    2, 2, 2, 2, 2, 2, 2, 2, 2, 2, 2, 2, 2, 2, 2, 2, 2, 2, 2, 2,
    2, 2, 2, 2, 2, 2, 2, 2, 2, 2, 2, 2, 2, 2, 2, 2, 2, 2, 2, 2,
    2, 2, 2, 2, 2, 2, 2, 2, 2, 2, 2, 2, 2, 2, 2, 2, 2, 2, 2, 2,
    2, 2, 2, 2, 2, 2, 2, 2, 2, 2, 2, 2, 2, 2, 2, 2, 2, 2, 2, 2,
    2, 2, 2, 2, 2, 2, 2, 2, 2, 2, 2, 2, 2, 2, 2, 2, 2, 2, 2, 2,
    2, 2, 2, 2, 2, 2, 2, 2, 2, 2, 2, 2, 2, 2, 2, 2, 2, 2, 2, 2,
    2, 2, 2, 2, 2, 2, 2, 2, 2, 2, 2, 2, 2, 2, 2, 73, 74, 75, 74, 75,
    74, 75, 74, 75, 74, 75, 74, 75, 74, 75, 74, 75, 74, 75, 74, 75, 74, 75, 74, 117,
    220, 221, 222, 257, 258, 259, 116, 74, 75, 74, 75, 74, 75, 74, 75, 74, 75, 74, 75, 74,
    75, 74, 75, 74, 75, 74, 75, 74, 76, 109, 110, 2, 2, 2, 2, 2, 2, 2, 2, 2,
    2, 2, 2, 2, 2, 2, 2, 2, 2, 2, 2, 2, 2, 2, 2, 2, 2, 2, 2, 2,
    2, 2, 2, 2, 2, 2, 2, 2, 2, 2, 2, 2, 2, 2, 2, 2, 2, 2, 2, 2,
    2, 2, 2, 2, 2, 2, 2, 2, 2, 2, 2, 2, 2, 2, 2, 2, 2, 2, 2, 2,
    2, 2, 2, 2, 2, 2, 2, 2, 2, 2, 2, 2, 2, 2, 2, 2, 2, 2, 2, 2,
    2, 2, 2, 2, 2, 2, 2, 2, 2, 2, 2, 2, 2, 2, 2, 2, 2, 2, 2, 2,
    2, 2, 2, 2, 2, 2, 2, 2, 2, 2, 2, 2, 2, 2, 2, 2, 2, 2, 2, 2,
    2, 2, 2, 2, 2, 2, 2, 2, 2, 2, 2, 45, 46, 2, 2, 2, 2, 2, 2, 2,
    2, 2, 2, 45, 46, 2, 2, 2, 2, 2, 2, 9, 106, 107, 108, 105, 106, 107, 12, 2,
    2, 2, 2, 2, 2, 45, 46, 2, 2, 2, 2, 2, 2, 2, 2, 2, 2, 45, 46, 2,
    2, 2, 2, 2, 2, 2, 2, 2, 2, 2, 2, 2, 2, 2, 2, 2, 2, 2, 2, 2,
    2, 2, 2, 2, 2, 2, 2, 2, 2, 2, 2, 2, 2, 2, 2, 2, 2, 2, 2, 2,
    2, 2, 2, 2, 2, 2, 2, 2, 2, 2, 2, 2, 2, 2, 2, 2, 2, 2, 2, 2,
    2, 2, 2, 2, 2, 2, 2, 2, 2, 2, 2, 2, 2, 2, 2, 2, 2, 2, 2, 2,
    2, 2, 2, 2, 2, 2, 2, 2, 2, 2, 2, 2, 2, 2, 2, 2, 2, 2, 2, 2,
    2, 2, 2, 2, 2, 2, 2, 2, 2, 2, 2, 2, 2, 2, 2, 2, 2, 2, 2, 2,
    2, 2, 2, 2, 2, 2, 2, 2, 2, 2, 2, 2, 2, 2, 2, 2, 2, 2, 2, 2,
    2, 2, 2, 2, 2, 2, 2, 2, 2, 2, 2, 2, 2, 2, 2, 2, 2, 2, 2, 2,
    2, 2, 2, 41, 138, 139, 140, 137, 138, 139, 44, 2, 2, 2, 2, 2, 2, 2, 2, 2,
    2, 2, 2, 2, 2, 2, 2, 2, 2, 2, 2, 2, 2, 2, 2, 2, 2, 2, 2, 2,
    2, 2, 2, 2, 2, 2, 2, 2, 2, 2, 2, 2, 2, 2, 2, 2, 2, 2, 2, 2,
    2, 2, 2, 2, 2, 2, 2, 2, 2, 2, 2, 2, 2, 2, 2, 2, 2, 2, 2, 2,
    2, 2, 2, 2, 2, 2, 2, 2, 2, 2, 2, 2, 2, 2, 2, 2, 2, 2, 2, 2,
    2, 2, 2, 2, 2, 2, 2, 2, 2, 2, 2, 2, 2, 2, 2, 2, 2, 2, 2, 2,
    2, 2, 2, 2, 2, 2, 2, 2, 2, 2, 2, 2, 2, 2, 2, 2, 2, 2, 2, 2,
    2, 2, 2, 2, 2, 2, 2, 2, 2, 2, 2, 2, 2, 2, 2, 2, 2, 2, 2, 2,
    2, 2, 2, 2, 2, 2, 2, 2, 2, 2, 2, 2, 2, 2, 2, 2, 2, 2, 2, 2,
    2, 2, 2, 2, 2, 2, 2, 2, 2, 2, 2, 2, 2, 2, 2, 9, 108, 105, 106, 107,
    108, 105, 12, 2, 2, 2, 2, 2, 2, 2, 2, 2, 2, 2, 2, 2, 2, 2, 2, 2,
    2, 2, 2, 2, 2, 2, 2, 2, 2, 2, 2, 2, 2, 2, 2, 2, 2, 2, 2, 2,
    2, 2, 2, 2, 2, 2, 2, 2, 2, 2, 2, 2, 2, 2, 2, 2, 2, 2, 2, 2,
    2, 2, 2, 2, 2, 2, 2, 2, 2, 2, 2, 2, 2, 2, 2, 2, 2, 2, 2, 2,
    2, 2, 2, 2, 2, 2, 2, 2, 2, 2, 2, 2, 2, 2, 2, 2, 2, 2, 2, 2,
    2, 2, 2, 2, 2, 2, 2, 2, 2, 2, 2, 2, 2, 2, 2, 2, 2, 2, 2, 2,
    2, 2, 2, 2, 2, 2, 2, 2, 2, 2, 2, 2, 2, 2, 2, 2, 2, 2, 2, 2,
    2, 2, 2, 2, 2, 2, 2, 2, 2, 2, 2, 2, 2, 2, 2, 2, 2, 2, 2, 2,
    2, 2, 2, 2, 2, 2, 2, 2, 2, 2, 2, 2, 2, 2, 2, 2, 2, 2, 2, 2,
    2, 2, 2, 2, 2, 2, 2, 41, 140, 137, 138, 139, 140, 137, 44, 2, 2, 2, 2, 2,
    2, 2, 2, 2, 2, 2, 2, 2, 2, 2, 2, 2, 2, 2, 2, 2, 2, 2, 2, 2,
    2, 2, 2, 2, 2, 2, 2, 2, 2, 2, 2, 2, 2, 2, 2, 2, 2, 2, 2, 2,
    2, 2, 2, 2, 2, 2, 2, 2, 2, 2, 2, 2, 2, 2, 2, 2, 2, 2, 2, 2,
    2, 2, 2, 2, 2, 2, 2, 2, 2, 2, 2, 2, 2, 2, 2, 2, 2, 2, 2, 2,
    2, 2, 2, 2, 2, 2, 2, 2, 2, 2, 2, 2, 2, 2, 2, 2, 2, 2, 2, 2,
    2, 2, 2, 2, 2, 2, 2, 2, 2, 2, 2, 2, 2, 2, 2, 2, 2, 2, 2, 2,
    2, 2, 2, 2, 2, 2, 2, 2, 2, 2, 2, 2, 2, 2, 2, 2, 2, 2, 2, 2,
    2, 2, 2, 2, 2, 2, 2, 2, 2, 2, 2, 2, 2, 2, 2, 2, 2, 2, 2, 2,
    2, 2, 2, 2, 2, 2, 2, 2, 2, 2, 2, 2, 2, 2, 2, 2, 2, 2, 2, 9,
    106, 107, 108, 105, 116, 109, 110, 2, 2, 2, 2, 2, 2, 2, 2, 2, 2, 2, 2, 2,
    2, 2, 2, 2, 2, 2, 2, 2, 2, 2, 2, 2, 2, 2, 2, 2, 2, 2, 2, 2,
    2, 2, 2, 2, 2, 2, 2, 2, 2, 2, 2, 2, 2, 2, 2, 2, 2, 2, 2, 2,
    2, 2, 2, 2, 2, 2, 2, 2, 2, 2, 2, 2, 2, 2, 2, 2, 2, 2, 2, 2,
    2, 2, 2, 2, 2, 2, 2, 2, 2, 2, 2, 2, 2, 2, 2, 2, 2, 2, 2, 2,
    2, 2, 2, 2, 2, 2, 2, 2, 2, 2, 2, 2, 2, 2, 2, 2, 2, 2, 2, 2,
    2, 2, 2, 2, 2, 2, 2, 2, 2, 2, 2, 2, 2, 2, 2, 2, 2, 2, 2, 2,
    2, 2, 2, 2, 2, 2, 2, 2, 2, 2, 2, 2, 2, 2, 2, 2, 2, 2, 2, 2,
    2, 2, 2, 2, 2, 2, 2, 2, 2, 2, 2, 2, 2, 2, 2, 2, 2, 2, 2, 2,
    2, 2, 2, 2, 2, 2, 2, 2, 2, 2, 2, 41, 138, 139, 140, 137, 12, 45, 46, 2,
    2, 2, 2, 2, 2, 2, 2, 2, 2, 2, 2, 2, 2, 2, 2, 2, 2, 2, 2, 2,
    2, 2, 2, 2, 2, 2, 2, 2, 2, 2, 2, 2, 2, 2, 2, 2, 2, 2, 2, 2,
    2, 2, 2, 2, 2, 2, 2, 2, 2, 2, 2, 2, 2, 2, 2, 2, 2, 2, 2, 2,
    2, 2, 2, 2, 2, 2, 2, 2, 2, 2, 2, 2, 2, 2, 2, 2, 2, 2, 2, 2,
    2, 2, 2, 2, 2, 2, 2, 2, 2, 2, 2, 2, 2, 2, 2, 2, 2, 2, 2, 2,
    2, 2, 2, 2, 2, 2, 2, 2, 2, 2, 2, 2, 2, 2, 2, 2, 2, 2, 2, 2,
    2, 2, 2, 2, 2, 2, 2, 2, 2, 2, 2, 2, 2, 2, 2, 2, 2, 2, 2, 2,
    2, 2, 2, 2, 2, 2, 2, 2, 2, 2, 2, 2, 2, 2, 2, 2, 2, 2, 2, 2,
    2, 2, 2, 2, 2, 2, 2, 2, 2, 2, 2, 2, 2, 2, 2, 2, 2, 2, 2, 2,
    2, 2, 2, 9, 108, 105, 106, 107, 44, 77, 78, 2, 2, 2, 2, 2, 2, 2, 2, 2,
    2, 2, 2, 2, 2, 2, 2, 2, 2, 2, 2, 2, 2, 2, 2, 2, 2, 2, 2, 2,
    2, 2, 2, 2, 2, 2, 2, 2, 2, 2, 2, 2, 2, 2, 2, 2, 2, 2, 2, 2,
    2, 2, 2, 2, 2, 2, 2, 2, 2, 2, 2, 2, 2, 2, 2, 2, 2, 2, 2, 2,
    2, 2, 2, 2, 2, 2, 2, 2, 2, 2, 2, 2, 2, 2, 2, 2, 2, 2, 2, 2,
    2, 2, 2, 2, 2, 2, 2, 2, 2, 2, 2, 2, 2, 2, 2, 2, 2, 2, 2, 2,
    2, 2, 2, 2, 2, 2, 2, 2, 2, 2, 2, 2, 2, 2, 2, 2, 2, 2, 2, 2,
    2, 2, 2, 2, 2, 2, 2, 2, 2, 2, 2, 2, 2, 2, 2, 2, 2, 2, 2, 2,
    2, 2, 2, 2, 2, 2, 2, 2, 2, 2, 2, 2, 2, 2, 2, 2, 2, 2, 2, 2,
    2, 2, 2, 2, 2, 2, 2, 2, 2, 2, 2, 2, 2, 2, 2, 73, 74, 75, 74, 74,
    76, 109, 110, 2, 2, 2, 2, 2, 2, 2, 2, 2, 2, 2, 2, 2, 2, 2, 2, 2,
    2, 2, 2, 2, 2, 2, 2, 2, 2, 2, 2, 2, 2, 2, 2, 2, 2, 2, 2, 2,
    2, 2, 2, 2, 2, 2, 2, 2, 2, 2, 2, 2, 2, 2, 2, 2, 2, 2, 2, 2,
    2, 2, 2, 2, 2, 2, 2, 2, 2, 2, 2, 2, 2, 2, 2, 2, 2, 2, 2, 2,
    2, 2, 2, 2, 2, 2, 2, 2, 2, 2, 2, 2, 2, 2, 2, 2, 2, 2, 2, 2,
    2, 2, 2, 2, 2, 2, 2, 2, 2, 2, 2, 2, 2, 2, 2, 2, 2, 2, 2, 2,
    2, 2, 2, 2, 2, 2, 2, 2, 2, 2, 2, 2, 2, 2, 2, 2, 2, 2, 2, 2,
    2, 2, 2, 2, 2, 2, 2, 2, 2, 2, 2, 2, 2, 2, 2, 2, 2, 2, 2, 2,
    2, 2, 2, 2, 2, 2, 2, 2, 2, 2, 2, 2, 2, 2, 2, 2, 2, 2, 2, 2,
    2, 2, 2, 2, 2, 2, 2, 2, 2, 2, 45, 46, 2, 2, 2, 2, 2, 2, 2, 2,
    2, 2, 2, 2, 2, 2, 2, 2, 2, 2, 2, 2, 2, 2, 2, 2, 2, 2, 2, 2,
    2, 2, 2, 2, 2, 2, 2, 2, 2, 2, 2, 2, 2, 2, 2, 2, 2, 2, 2, 2,
    2, 2, 2, 2, 2, 2, 2, 2, 2, 2, 2, 2, 2, 2, 2, 2, 2, 2, 2, 2,
    2, 2, 2, 2, 2, 2, 2, 2, 2, 2, 2, 2, 2, 2, 2, 2, 2, 2, 2, 2,
    2, 2, 2, 2, 2, 2, 2, 2, 2, 2, 2, 2, 2, 2, 2, 2, 2, 2, 2, 2,
    2, 2, 2, 2, 2, 2, 2, 2, 2, 2, 2, 2, 2, 2, 2, 2, 2, 2, 2, 2,
    2, 2, 2, 2, 2, 2, 2, 2, 2, 2, 2, 2, 2, 2, 2, 2, 2, 2, 2, 2,
    2, 2, 2, 2, 2, 2, 2, 2, 2, 2, 2, 2, 2, 2, 2, 2, 2, 2, 2, 2,
    2, 2, 2, 2, 2, 2, 2, 2, 2, 2, 2, 2, 2, 2, 2, 2, 2, 2, 2, 2,
    2, 2, 2, 2, 2, 2, 2, 2, 2, 2, 2, 2, 2, 2, 2, 2, 2, 2, 2, 2,
    2, 2, 2, 2, 2, 2, 2, 2, 2, 2, 2, 2, 2, 2, 2, 2, 2, 2, 2, 2,
    2, 2, 2, 2, 2, 2, 2, 2, 2, 2, 2, 2, 2, 2, 2, 2, 2, 2, 2, 2,
    2, 2, 2, 2, 2, 2, 2, 2, 2, 2, 2, 2, 2, 2, 2, 2, 2, 2, 2, 2,
    2, 2, 2, 2, 2, 2, 2, 2, 2, 2, 2, 2, 2, 2, 2, 2, 2, 2, 2, 2,
    2, 2, 2, 2, 2, 2, 2, 2, 2, 2, 2, 2, 2, 2, 2, 2, 2, 2, 2, 2,
    2, 2, 2, 2, 2, 2, 2, 2, 2, 2, 2, 2, 2, 2, 2, 2, 2, 2, 2, 2,
    2, 2, 2, 2, 2, 2, 2, 2, 2, 2, 2, 2, 2, 2, 2, 2, 2, 2, 2, 2,
    2, 2, 2, 2, 2, 2, 2, 2, 2, 2, 2, 2, 2, 2, 2, 2, 2, 2, 2, 2,
    2, 2, 2, 2, 2, 2, 2, 2, 2, 2, 2, 2, 2, 2, 2, 2, 2, 2, 2, 2,
    2, 2, 2, 2, 2, 2, 2, 2, 2, 2, 2, 2, 2, 2, 2, 2, 2, 2, 2, 2,
    2, 2, 2, 2, 2, 2, 2, 2, 2, 2, 2, 2, 2, 2, 2, 2, 2, 2, 2, 2,
    2, 2, 2, 2, 2, 2, 2, 2, 2, 2, 2, 2, 2, 2, 2, 2, 2, 2, 2, 2,
    2, 2, 2, 2, 2, 2, 2, 2, 2, 2, 2, 2, 2, 2, 2, 2, 2, 2, 2, 2,
    2, 2, 2, 2, 2, 2, 2, 2, 2, 2, 2, 2, 2, 2, 2, 2, 2, 2, 2, 2,
    2, 2, 2, 2, 2, 2, 2, 2, 2, 2, 2, 2, 2, 2, 2, 2, 2, 2, 2, 2,
    2, 2, 2, 2, 2, 2, 2, 2, 2, 2, 2, 2, 2, 2, 2, 2, 2, 2, 2, 2,
    2, 2, 2, 2, 2, 2, 2, 2, 2, 2, 2, 2, 2, 2, 2, 2, 2, 2, 2, 2,
    2, 2, 2, 2, 2, 2, 2, 2, 2, 2, 2, 2, 2, 2, 2, 2, 2, 2, 2, 2,
    2, 2, 2, 2, 2, 2, 2, 2, 2, 2, 2, 2, 2, 2, 2, 2, 2, 2, 2, 2,
    2, 2, 2, 2, 2, 2, 2, 2, 2, 2, 2, 2, 2, 2, 2, 2, 2, 2, 2, 2,
    2, 2, 2, 2, 2, 2, 2, 2, 2, 2, 2, 2, 2, 2, 2, 2, 2, 2, 2, 2,
    2, 2, 2, 2, 2, 2, 2, 2, 2, 2, 2, 2, 2, 2, 2, 2, 2, 2, 2, 2,
    2, 2, 2, 2, 2, 2, 2, 2, 2, 2, 2, 2, 2, 2, 2, 2, 2, 2, 2, 2,
    2, 2, 2, 2, 2, 2, 2, 2, 2, 2, 2, 2, 2, 2, 2, 2, 2, 2, 2, 2,
    2, 2, 2, 2, 2, 2, 2, 2, 2, 2, 2, 2, 2, 2, 2, 2, 2, 2, 2, 2,
    2, 2, 2, 2, 2, 2, 2, 2, 2, 2, 2, 2, 2, 2, 2, 2, 2, 2, 2, 2,
    2, 2, 2, 2, 2, 2, 2, 2, 2, 2, 2, 2, 2, 2, 2, 2, 2, 2, 2, 2,
    2, 2, 2, 2, 2, 2, 2, 2, 2, 2, 2, 2, 2, 2, 2, 2, 2, 2, 2, 2,
    2, 2, 2, 2, 2, 2, 2, 2, 2, 2, 2, 2, 2, 2, 2, 2, 2, 2, 2, 2,
    2, 2, 2, 2, 2, 2, 2, 2, 2, 2, 2, 2, 2, 2, 2, 2, 2, 2, 2, 2,
    2, 2, 2, 2, 2, 2, 2, 2, 2, 2, 2, 2, 2, 2, 2, 2, 2, 2, 2, 2,
    2, 2, 2, 2, 2, 2, 2, 2, 2, 2, 2, 2, 2, 2, 2, 2, 2, 2, 2, 2,
    2, 2, 2, 2, 2, 2, 2, 2, 2, 2, 2, 2, 2, 2, 2, 2, 2, 2, 2, 2,
    2, 2, 2, 2, 2, 2, 2, 2, 2, 2, 2, 2, 2, 2, 2, 2, 2, 2, 2, 2,
    2, 2, 2, 2, 2, 2, 2, 2, 2, 2, 2, 2, 2, 2, 2, 2, 2, 2, 2, 2,
    2, 2, 2, 2, 2, 2, 2, 2, 2, 2, 2, 2, 2, 2, 2, 2, 2, 2, 2, 2,
    2, 2, 2, 2, 2, 2, 2, 2, 2, 2, 2, 2, 2, 2, 2, 2, 2, 2, 2, 2,
    2, 2, 2, 2, 2, 2, 2, 2, 2, 2, 2, 2, 2, 2, 2, 2, 2, 2, 2, 2,
    2, 2, 2, 2, 2, 2, 2, 2, 2, 2, 2, 2, 2, 2, 2, 2, 2, 2, 2, 2,
    2, 2, 2, 2, 2, 2, 2, 2, 2, 2, 2, 2, 2, 2, 2, 2, 2, 2, 2, 2,
    2, 2, 2, 2, 2, 2, 2, 2, 2, 2, 2, 2, 2, 2, 2, 2, 2, 2, 2, 2,
    2, 2, 2, 2, 2, 2, 2, 2, 2, 2, 2, 2, 2, 2, 2, 2, 2, 2, 2, 2,
    2, 2, 2, 2, 2, 2, 2, 2, 2, 2, 2, 2, 2, 2, 2, 2, 2, 2, 2, 2,
    2, 2, 2, 2, 2, 2, 2, 2, 2, 2, 2, 2, 2, 2, 2, 2, 2, 2, 2, 2,
    2, 2, 2, 2, 2, 2, 2, 2, 2, 2, 2, 2, 2, 2, 2, 2, 2, 2, 2, 2,
    2, 2, 2, 2, 2, 2, 2, 2, 2, 2, 2, 2, 2, 2, 2, 2, 2, 2, 2, 2,
    2, 2, 2, 2, 2, 2, 2, 2, 2, 2, 2, 2, 2, 2, 2, 2, 2, 2, 2, 2,
    2, 2, 2, 2, 2, 2, 2, 2, 2, 2, 2, 2, 2, 2, 2, 2, 2, 2, 2, 2,
    2, 2, 2, 2, 2, 2, 2, 2, 2, 2, 2, 2, 2, 2, 2, 2, 2, 2, 2, 2,
    2, 2, 2, 2, 2, 2, 2, 2, 2, 2, 2, 2, 2, 2, 2, 2, 2, 2, 2, 2,
    2, 2, 2, 2, 2, 2, 2, 2, 2, 2, 2, 2, 2, 2, 2, 2, 2, 2, 2, 2,
    2, 2, 2, 2, 2, 2, 2, 2, 2, 2, 2, 2, 2, 2, 2, 2, 2, 2, 2, 2,
    2, 2, 2, 2, 2, 2, 2, 2, 2, 2, 2, 2, 2, 2, 2, 2, 2, 2, 2, 2,
    2, 2, 2, 2, 2, 2, 2, 2, 2, 2, 2, 2, 2, 2, 2, 2, 2, 2, 2, 2,
    2, 2, 2, 2, 2, 2, 2, 2, 2, 2, 2, 2, 2, 2, 2, 2, 2, 2, 2, 2,
    2, 2, 2, 2, 2, 2, 2, 2, 2, 2, 2, 2, 2, 2, 2, 2, 2, 2, 2, 2,
    2, 2, 2, 2, 2, 2, 2, 2, 2, 2, 2, 2, 2, 2, 2, 2, 2, 2, 2, 2,
    2, 2, 2, 2, 2, 2, 2, 2, 2, 2, 2, 2, 2, 2, 2, 2, 2, 2, 2, 2,
    2, 2, 2, 2, 2, 2, 2, 2, 2, 2, 2, 2, 2, 2, 2, 2, 2, 2, 2, 2,
    2, 2, 2, 2, 2, 2, 2, 2, 2, 2, 2, 2, 2, 2, 2, 2, 2, 2, 2, 2,
    2, 2, 2, 2, 2, 2, 2, 2, 2, 2, 2, 2, 2, 2, 2, 2, 2, 2, 2, 2,
    2, 2, 2, 2, 2, 2, 2, 2, 2, 2, 2, 2, 2, 2, 2, 2, 2, 2, 2, 2,
    2, 2, 2, 2, 2, 2, 2, 2, 2, 2, 2, 2, 2, 2, 2, 2, 2, 2, 2, 2,
    2, 2, 2, 2, 2, 2, 2, 2, 2, 2, 2, 2, 2, 2, 2, 2, 2, 2, 2, 2,
    2, 2, 2, 2, 2, 2, 2, 2, 2, 2, 2, 2, 2, 2, 2, 2, 2, 2, 2, 2,
    2, 2, 2, 2, 2, 2, 2, 2, 2, 2, 2, 2, 2, 2, 2, 2, 2, 2, 2, 2,
    2, 2, 2, 2, 2, 2, 2, 2, 2, 2, 2, 2, 2, 2, 2, 2, 2, 2, 2, 2,
    2, 2, 2, 2, 2, 2, 2, 2, 2, 2, 2, 2, 2, 2, 2, 2, 2, 2, 2, 2,
    2, 2, 2, 2, 2, 2, 2, 2, 2, 2, 2, 2, 2, 2, 2, 2, 2, 2, 2, 2,
    2, 2, 2, 2, 2, 2, 2, 2, 2, 2, 2, 2, 2, 2, 2, 2, 2, 2, 2, 2,
    2, 2, 2, 2, 2, 2, 2, 2, 2, 2, 2, 2, 2, 2, 2, 2, 2, 2, 2, 2,
    2, 2, 2, 2, 2, 2, 2, 2, 2, 2, 2, 2, 2, 2, 2, 2, 2, 2, 2, 2,
    2, 2, 2, 2, 2, 2, 2, 2, 2, 2, 2, 2, 2, 2, 2, 2, 2, 2, 2, 2,
    2, 2, 2, 2, 2, 2, 2, 2, 2, 2, 2, 2, 2, 2, 2, 2, 2, 2, 2, 2,
    2, 2, 2, 2, 2, 2, 2, 2, 2, 2, 2, 2, 2, 2, 2, 2, 2, 2, 2, 2,
    2, 2, 2, 2, 2, 2, 2, 2, 2, 2, 2, 2, 2, 2, 2, 2, 2, 2, 2, 2,
    2, 2, 2, 2, 2, 2, 2, 2, 2, 2, 2, 2, 2, 2, 2, 2, 2, 2, 2, 2,
    2, 2, 2, 2, 2, 2, 2, 2, 2, 2, 2, 2, 2, 2, 2, 2, 2, 2, 2, 2,
    2, 2, 2, 2, 2, 2, 2, 2, 2, 2, 2, 2, 2, 2, 2, 2, 2, 2, 2, 2,
    2, 2, 2, 2, 2, 2, 2, 2, 2, 2, 2, 2, 2, 2, 2, 2, 2, 2, 2, 2,
    2, 2, 2, 2, 2, 2, 2, 2, 2, 2, 2, 2, 2, 2, 2, 2, 2, 2, 2, 2,
    2, 2, 2, 2, 2, 2, 2, 2, 2, 2, 2, 2, 2, 2, 2, 2, 2, 2, 2, 2,
    2, 2, 2, 2, 2, 2, 2, 2, 2, 2, 2, 2, 2, 2, 2, 2, 2, 2, 2, 2,
    2, 2, 2, 2, 2, 2, 2, 2, 2, 2, 2, 2, 2, 2, 2, 2, 2, 2, 2, 2,
    2, 2, 2, 2, 2, 2, 2, 2, 2, 2, 2, 2, 2, 2, 2, 2, 2, 2, 2, 2,
    2, 2, 2, 2, 2, 2, 2, 2, 2, 2, 2, 2, 2, 2, 2, 2, 2, 2, 2, 2,
    2, 2, 2, 2, 2, 2, 2, 2, 2, 2, 2, 2, 2, 2, 2, 2, 2, 2, 2, 2,
    2, 2, 2, 2, 2, 2, 2, 2, 2, 2, 2, 2, 2, 2, 2, 2, 2, 2, 2, 2,
    2, 2, 2, 2, 2, 2, 2, 2, 2, 2, 2, 2, 2, 2, 2, 2, 2, 2, 2, 2,
    2, 2, 2, 2, 2, 2, 2, 2, 2, 2, 2, 2, 2, 2, 2, 2, 2, 2, 2, 2,
    2, 2, 2, 2, 2, 2, 2, 2, 2, 2, 2, 2, 2, 2, 2, 2, 2, 2, 2, 2,
    2, 2, 2, 2, 2, 2, 2, 2, 2, 2, 2, 2, 2, 2, 2, 2, 2, 2, 2, 2,
    2, 2, 2, 2, 2, 2, 2, 2, 2, 2, 2, 2, 2, 2, 2, 2, 2, 2, 2, 2,
    2, 2, 2, 2, 2, 2, 2, 2, 2, 2, 2, 2, 2, 2, 2, 2, 2, 2, 2, 2,
    2, 2, 2, 2, 2, 2, 2, 2, 2, 2, 2, 2, 2, 2, 2, 2, 2, 2, 2, 2,
    2, 2, 2, 2, 2, 2, 2, 2, 2, 2, 2, 2, 2, 2, 2, 2, 2, 2, 2, 2,
    2, 2, 2, 2, 2, 2, 2, 2, 2, 2, 2, 2, 2, 2, 2, 2, 2, 2, 2, 2,
    2, 2, 2, 2, 2, 2, 2, 2, 2, 2, 2, 2, 2, 2, 2, 2, 2, 2, 2, 2,
    2, 2, 2, 2, 2, 2, 2, 2, 2, 2, 2, 2, 2, 2, 2, 2, 2, 2, 2, 2,
    2, 2, 2, 2, 2, 2, 2, 2, 2, 2, 2, 2, 2, 2, 2, 2, 2, 2, 2, 2,
    2, 2, 2, 2, 2, 2, 2, 2, 2, 2, 2, 2, 2, 2, 2, 2, 2, 2, 2, 2,
    2, 2, 2, 2, 2, 2, 2, 2, 2, 2, 2, 2, 2, 2, 2, 2, 2, 2, 2, 2,
    2, 2, 2, 2, 2, 2, 2, 2, 2, 2, 2, 2, 2, 2, 2, 2, 2, 2, 2, 2,
    2, 2, 2, 2, 2, 2, 2, 2, 2, 2, 2, 2, 2, 2, 2, 2, 2, 2, 2, 2,
    2, 2, 2, 2, 2, 2, 2, 2, 2, 2, 2, 2, 2, 2, 2, 2, 2, 2, 2, 2,
    2, 2, 2, 2, 2, 2, 2, 2, 2, 2, 2, 2, 2, 2, 2, 2, 2, 2, 2, 2,
    2, 2, 2, 2, 2, 2, 2, 2, 2, 2, 2, 2, 2, 2, 2, 2, 2, 2, 2, 2,
    2, 2, 2, 2, 2, 2, 2, 2, 2, 2, 2, 2, 2, 2, 2, 2, 2, 2, 2, 2,
    2, 2, 2, 2, 2, 2, 2, 2, 2, 2, 2, 2, 2, 2, 2, 2, 2, 2, 2, 2,
    2, 2, 2, 2, 2, 2, 2, 2, 2, 2, 2, 2, 2, 2, 2, 2, 2, 2, 2, 2,
    2, 2, 2, 2, 2, 2, 2, 2, 2, 2, 2, 2, 2, 2, 2, 2, 2, 2, 2, 2,
    2, 2, 2, 2, 2, 2, 2, 2, 2, 2, 2, 2, 2, 2, 2, 2, 2, 2, 2, 2,
    2, 2, 2, 2, 2, 2, 2, 2, 2, 2, 2, 2, 2, 2, 2, 2, 2, 2, 2, 2,
    2, 2, 2, 2, 2, 2, 2, 2, 2, 2, 2, 2, 2, 2, 2, 2, 2, 2, 2, 2,
    2, 2, 2, 2, 2, 2, 2, 2, 2, 2, 2, 2, 2, 2, 2, 2, 2, 2, 2, 2,
    2, 2, 2, 2, 2, 2, 2, 2, 2, 2, 2, 2, 2, 2, 2, 2, 2, 2, 2, 2,
    2, 2, 2, 2, 2, 2, 2, 2, 2, 2, 2, 2, 2, 2, 2, 2, 2, 2, 2, 2,
    2, 2, 2, 2, 2, 2, 2, 2, 2, 2, 2, 2, 2, 2, 2, 2, 2, 2, 2, 2,
    2, 2, 2, 2, 2, 2, 2, 2, 2, 2, 2, 2, 2, 2, 2, 2, 2, 2, 2, 2,
    2, 2, 2, 2, 2, 2, 2, 2, 2, 2, 2, 2, 2, 2, 2, 2, 2, 2, 2, 2,
    2, 2, 2, 2, 2, 2, 2, 2, 2, 2, 2, 2, 2, 2, 2, 2, 2, 2, 2, 2,
    2, 2, 2, 2, 2, 2, 2, 2, 2, 2, 2, 2, 2, 2, 2, 2, 2, 2, 2, 2,
    2, 2, 2, 2, 2, 2, 2, 2, 2, 2, 2, 2, 2, 2, 2, 2, 2, 2, 2, 2,
    2, 2, 2, 2, 2, 2, 2, 2, 2, 2, 2, 2, 2, 2, 2, 2, 2, 2, 2, 2,
    2, 2, 2, 2, 2, 2, 2, 2, 2, 2, 2, 2, 2, 2, 2, 2, 2, 2, 2, 2,
    2, 2, 2, 2, 2, 2, 2, 2, 2, 2, 2, 2, 2, 2, 2, 2, 2, 2, 2, 2,
    2, 2, 2, 2, 2, 2, 2, 2, 2, 2, 2, 2, 2, 2, 2, 2, 2, 2, 2, 2,
    2, 2, 2, 2, 2, 2, 2, 2, 2, 2, 2, 2, 2, 2, 2, 2, 2, 2, 2, 2,
    2, 2, 2, 2, 2, 2, 2, 2, 2, 2, 2, 2, 2, 2, 2, 2, 2, 2, 2, 2,
    2, 2, 2, 2, 2, 2, 2, 2, 2, 2, 2, 2, 2, 2, 2, 2, 2, 2, 2, 2,
    2, 2, 2, 2, 2, 2, 2, 2, 2, 2, 2, 2, 2, 2, 2, 2, 2, 2, 2, 2,
    2, 2, 2, 2, 2, 2, 2, 2, 2, 2, 2, 2, 2, 2, 2, 2, 2, 2, 2, 2,
    2, 2, 2, 2, 2, 2, 2, 2, 2, 2, 2, 2, 2, 2, 2, 2, 2, 2, 2, 2,
    2, 2, 2, 2, 2, 2, 2, 2, 2, 2, 2, 2, 2, 2, 2, 2, 2, 2, 2, 2,
    2, 2, 2, 2, 2, 2, 2, 2, 2, 2, 2, 2, 2, 2, 2, 2, 2, 2, 2, 2,
    2, 2, 2, 2, 2, 2, 2, 2, 2, 2, 2, 2, 2, 2, 2, 2, 2, 2, 2, 2,
    2, 2, 2, 2, 2, 2, 2, 2, 2, 2, 2, 2, 2, 2, 2, 2, 2, 2, 2, 2,
    2, 2, 2, 2, 2, 2, 2, 2, 2, 2, 2, 2, 2, 2, 2, 2, 2, 2, 2, 2,
    2, 2, 2, 2, 2, 2, 2, 2, 2, 2, 2, 2, 2, 2, 2, 2, 2, 2, 2, 2,
    2, 2, 2, 2, 2, 2, 2, 2, 2, 2, 2, 2, 2, 2, 2, 2, 2, 2, 2, 2,
    2, 2, 2, 2, 2, 2, 2, 2, 2, 2, 2, 2, 2, 2, 2, 2, 2, 2, 2, 2,
    2, 2, 2, 2, 2, 2, 2, 2, 2, 2, 2, 2, 2, 2, 2, 2, 2, 2, 2, 2,
    2, 2, 2, 2, 2, 2, 2, 2, 2, 2, 2, 2, 2, 2, 2, 2, 2, 2, 2, 2,
    2, 2, 2, 2, 2, 2, 2, 2, 2, 2, 2, 2, 2, 2, 2, 2, 2, 2, 2, 2,
    2, 2, 2, 2, 2, 2, 2, 2, 2, 2, 2, 2, 2, 2, 2, 2, 2, 2, 2, 2,
    2, 2, 2, 2, 2, 2, 2, 2, 2, 2, 2, 2, 2, 2, 2, 2, 2, 2, 2, 2,
    2, 2, 2, 2, 2, 2, 2, 2, 2, 2, 2, 2, 2, 2, 2, 2, 2, 2, 2, 2,
    2, 2, 2, 2, 2, 2, 2, 2, 2, 2, 2, 2, 2, 2, 2, 2, 2, 2, 2, 2,
    2, 2, 2, 2, 2, 2, 2, 2, 2, 2, 2, 2, 2, 2, 2, 2, 2, 2, 2, 2,
    2, 2, 2, 2, 2, 2, 2, 2, 2, 2, 2, 2, 2, 2, 2, 2, 2, 2, 2, 2,
    2, 2, 2, 2, 2, 2, 2, 2, 2, 2, 2, 2, 2, 2, 2, 2, 2, 2, 2, 2,
    2, 2, 2, 2, 2, 2, 2, 2, 2, 2, 2, 2, 2, 2, 2, 2, 2, 2, 2, 2,
    2, 2, 2, 2, 2, 2, 2, 2, 2, 2, 2, 2, 2, 2, 2, 2, 2, 2, 2, 2,
    2, 2, 2, 2, 2, 2, 2, 2, 2, 2, 2, 2, 2, 2, 2, 2, 2, 2, 2, 2,
    2, 2, 2, 2, 2, 2, 2, 2, 2, 2, 2, 2, 2, 2, 2, 2, 2, 2, 2, 2,
    2, 2, 2, 2, 2, 2, 2, 2, 2, 2, 2, 2, 2, 2, 2, 2, 2, 2, 2, 2,
    2, 2, 2, 2, 2, 2, 2, 2, 2, 2, 2, 2, 2, 2, 2, 2, 2, 2, 2, 2,
    2, 2, 2, 2, 2, 2, 2, 2, 2, 2, 2, 2, 2, 2, 2, 2, 2, 2, 2, 2,
    2, 2, 2, 2, 2, 2, 2, 2, 2, 2, 2, 2, 2, 2, 2, 2, 2, 2, 2, 2,
    2, 2, 2, 2, 2, 2, 2, 2, 2, 2, 2, 2, 2, 2, 2, 2, 2, 2, 2, 2,
    2, 2, 2, 2, 2, 2, 2, 2, 2, 2, 2, 2, 2, 2, 2, 2, 2, 2, 2, 2,
    2, 2, 2, 2, 2, 2, 2, 2, 2, 2, 2, 2, 2, 2, 2, 2, 2, 2, 2, 2,
    2, 2, 2, 2, 2, 2, 2, 2, 2, 2, 2, 2, 2, 2, 2, 2, 2, 2, 2, 2,
    2, 2, 2, 2, 2, 2, 2, 2, 2, 2, 2, 2, 2, 2, 2, 2, 2, 2, 2, 2,
    2, 2, 2, 2, 2, 2, 2, 2, 2, 2, 2, 2, 2, 2, 2, 2, 2, 2, 2, 2,
    2, 2, 2, 2, 2, 2, 2, 2, 2, 2, 2, 2, 2, 2, 2, 2, 2, 2, 2, 2,
    2, 2, 2, 2, 2, 2, 2, 2, 2, 2, 2, 2, 2, 2, 2, 2, 2, 2, 2, 2,
    2, 2, 2, 2, 2, 2, 2, 2, 2, 2, 2, 2, 2, 2, 2, 2, 2, 2, 2, 2,
    2, 2, 2, 2, 2, 2, 2, 2, 2, 2, 2, 2, 2, 2, 2, 2, 2, 2, 2, 2,
    2, 2, 2, 2, 2, 2, 2, 2, 2, 2, 2, 2, 2, 2, 2, 2, 2, 2, 2, 2,
    2, 2, 2, 2, 2, 2, 2, 2, 2, 2, 2, 2, 2, 2, 2, 2, 2, 2, 2, 2,
    2, 2, 2, 2, 2, 2, 2, 2, 2, 2, 2, 2, 2, 2, 2, 2, 2, 2, 2, 2,
    2, 2, 2, 2, 2, 2, 2, 2, 2, 2, 2, 2, 2, 2, 2, 2, 2, 2, 2, 2,
    2, 2, 2, 2, 2, 2, 2, 2, 2, 2, 2, 2, 2, 2, 2, 2, 2, 2, 2, 2,
    2, 2, 2, 2, 2, 2, 2, 2, 2, 2, 2, 2, 2, 2, 2, 2, 2, 2, 2, 2,
    2, 2, 2, 2, 2, 2, 2, 2, 2, 2, 2, 2, 2, 2, 2, 2, 2, 2, 2, 2,
    2, 2, 2, 2, 2, 2, 2, 2, 2, 2, 2, 2, 2, 2, 2, 2, 2, 2, 2, 2,
    2, 2, 2, 2, 2, 2, 2, 2, 2, 2, 2, 2, 2, 2, 2, 2, 2, 2, 2, 2,
    2, 2, 2, 2, 2, 2, 2, 2, 2, 2, 2, 2, 2, 2, 2, 2, 2, 2, 2, 2,
    2, 2, 2, 2, 2, 2, 2, 2, 2, 2, 2, 2, 2, 2, 2, 2, 2, 2, 2, 2,
    2, 2, 2, 2, 2, 2, 2, 2, 2, 2, 2, 2, 2, 2, 2, 2, 2, 2, 2, 2,
    2, 2, 2, 2, 2, 2, 2, 2, 2, 2, 2, 2, 2, 2, 2, 2, 2, 2, 2, 2,
    2, 2, 2, 2, 2, 2, 2, 2, 2, 2, 2, 2, 2, 2, 2, 2, 2, 2, 2, 2,
    2, 2, 2, 2, 2, 2, 2, 2, 2, 2, 2, 2, 2, 2, 2, 2, 2, 2, 2, 2,
    2, 2, 2, 2, 2, 2, 2, 2, 2, 2, 2, 2, 2, 2, 2, 2, 2, 2, 2, 2,
    2, 2, 2, 2, 2, 2, 2, 2, 2, 2, 2, 2, 2, 2, 2, 2, 2, 2, 2, 2,
    2, 2, 2, 2, 2, 2, 2, 2, 2, 2, 2, 2, 2, 2, 2, 2, 2, 2, 2, 2,
    2, 2, 2, 2, 2, 2, 2, 2, 2, 2, 2, 2, 2, 2, 2, 2, 2, 2, 2, 2,
    2, 2, 2, 2, 2, 2, 2, 2, 2, 2, 2, 2, 2, 2, 2, 2, 2, 2, 2, 2,
    2, 2, 2, 2, 2, 2, 2, 2, 2, 2, 2, 2, 2, 2, 2, 2, 2, 2, 2, 2,
    2, 2, 2, 2, 2, 2, 2, 2, 2, 2, 2, 2, 2, 2, 2, 2, 2, 2, 2, 2,
    2, 2, 2, 2, 2, 2, 2, 2, 2, 2, 2, 2, 2, 2, 2, 2, 2, 2, 2, 2,
    2, 2, 2, 2, 2, 2, 2, 2, 2, 2, 2, 2, 2, 2, 2, 2, 2, 2, 2, 2,
    2, 2, 2, 2, 2, 2, 2, 2, 2, 2, 2, 2, 2, 2, 2, 2, 2, 2, 2, 2,
    2, 2, 2, 2, 2, 2, 2, 2, 2, 2, 2, 2, 2, 2, 2, 2, 2, 2, 2, 2,
    2, 2, 2, 2, 2, 2, 2, 2, 2, 2, 2, 2, 2, 2, 2, 2, 2, 2, 2, 2,
    2, 2, 2, 2, 2, 2, 2, 2, 2, 2, 2, 2, 2, 2, 2, 2, 2, 2, 2, 2,
    2, 2, 2, 2, 2, 2, 2, 2, 2, 2, 2, 2, 2, 2, 2, 2, 2, 2, 2, 2,
    2, 2, 2, 2, 2, 2, 2, 2, 2, 2, 2, 2, 2, 2, 2, 2, 2, 2, 2, 2,
    2, 2, 2, 2, 2, 2, 2, 2, 2, 2, 2, 2, 2, 2, 2, 2, 2, 2, 2, 2,
    2, 2, 2, 2, 2, 2, 2, 2, 2, 2, 2, 2, 2, 2, 2, 2, 2, 2, 2, 2,
    2, 2, 2, 2, 2, 2, 2, 2, 2, 2, 2, 2, 2, 2, 2, 2, 2, 2, 2, 2,
    2, 2, 2, 2, 2, 2, 2, 2, 2, 2, 2, 2, 2, 2, 2, 2, 2, 2, 2, 2,
    2, 2, 2, 2, 2, 2, 2, 2, 2, 2, 2, 2, 2, 2, 2, 2, 2, 2, 2, 2,
    2, 2, 2, 2, 2, 2, 2, 2, 2, 2, 2, 2, 2, 2, 2, 2, 2, 2, 2, 2,
    2, 2, 2, 2, 2, 2, 2, 2, 2, 2, 2, 2, 2, 2, 2, 2, 2, 2, 2, 2,
    2, 2, 2, 2, 2, 2, 2, 2, 2, 2, 2, 2, 2, 2, 2, 2, 2, 2, 2, 2,
    2, 2, 2, 2, 2, 2, 2, 2, 2, 2, 2, 2, 2, 2, 2, 2, 2, 2, 2, 2,
    2, 2, 2, 2, 2, 2, 2, 2, 2, 2, 2, 2, 2, 2, 2, 2, 2, 2, 2, 2,
    2, 2, 2, 2, 2, 2, 2, 2, 2, 2, 2, 2, 2, 2, 2, 2, 2, 2, 2, 2,
    2, 2, 2, 2, 2, 2, 2, 2, 2, 2, 2, 2, 2, 2, 2, 2, 2, 2, 2, 2,
    2, 2, 2, 2, 2, 2, 2, 2, 2, 2, 2, 2, 2, 2, 2, 2, 2, 2, 2, 2,
    2, 2, 2, 2, 2, 2, 2, 2, 2, 2, 2, 2, 2, 2, 2, 2, 2, 2, 2, 2,
    2, 2, 2, 2, 2, 2, 2, 2, 2, 2, 2, 2, 2, 2, 2, 2, 2, 2, 2, 2,
    2, 2, 2, 2, 2, 2, 2, 2, 2, 2, 2, 2, 2, 2, 2, 2, 2, 2, 2, 2,
    2, 2, 2, 2, 2, 2, 2, 2, 2, 2, 2, 2, 2, 2, 2, 2, 2, 2, 2, 2,
    2, 2, 2, 2, 2, 2, 2, 2, 2, 2, 2, 2, 2, 2, 2, 2, 2, 2, 2, 2,
    2, 2, 2, 2, 2, 2, 2, 2, 2, 2, 2, 2, 2, 2, 2, 2, 2, 2, 2, 2,
    2, 2, 2, 2, 2, 2, 2, 2, 2, 2, 2, 2, 2, 2, 2, 2, 2, 2, 2, 2,
    2, 2, 2, 2, 2, 2, 2, 2, 2, 2, 2, 2, 2, 2, 2, 2, 2, 2, 2, 2,
    2, 2, 2, 2, 2, 2, 2, 2, 2, 2, 2, 2, 2, 2, 2, 2, 2, 2, 2, 2,
    2, 2, 2, 2, 2, 2, 2, 2, 2, 2, 2, 2, 2, 2, 2, 2, 2, 2, 2, 2,
    2, 2, 2, 2, 2, 2, 2, 2, 2, 2, 2, 2, 2, 2, 2, 2, 2, 2, 2, 2,
    2, 2, 2, 2, 2, 2, 2, 2, 2, 2, 2, 2, 2, 2, 2, 2, 2, 2, 2, 2,
    2, 2, 2, 2, 2, 2, 2, 2, 2, 2, 2, 2, 2, 2, 2, 2, 2, 2, 2, 2,
    2, 2, 2, 2, 2, 2, 2, 2, 2, 2, 2, 2, 2, 2, 2, 2, 2, 2, 2, 2,
    2, 2, 2, 2, 2, 2, 2, 2, 2, 2, 2, 2, 2, 2, 2, 2, 2, 2, 2, 2,
    2, 2, 2, 2, 2, 2, 2, 2, 2, 2, 2, 2, 2, 2, 2, 2, 2, 2, 2, 2,
    2, 2, 2, 2, 2, 2, 2, 2, 2, 2, 2, 2, 2, 2, 2, 2, 2, 2, 2, 2,
    2, 2, 2, 2, 2, 2, 2, 2, 2, 2, 2, 2, 2, 2, 2, 2, 2, 2, 2, 2,
    2, 2, 2, 2, 2, 2, 2, 2, 2, 2, 2, 2, 2, 2, 2, 2, 2, 2, 2, 2,
    2, 2, 2, 2, 2, 2, 2, 2, 2, 2, 2, 2, 2, 2, 2, 2, 2, 2, 2, 2,
    2, 2, 2, 2, 2, 2, 2, 2, 2, 2, 2, 2, 2, 2, 2, 2, 2, 2, 2, 2,
    2, 2, 2, 2, 2, 2, 2, 2, 2, 2, 2, 2, 2, 2, 2, 2, 2, 2, 2, 2,
    2, 2, 2, 2, 2, 2, 2, 2, 2, 2, 2, 2, 2, 2, 2, 2, 2, 2, 2, 2,
    2, 2, 2, 2, 2, 2, 2, 2, 2, 2, 2, 2, 2, 2, 2, 2, 2, 2, 2, 2,
    2, 2, 2, 2, 2, 2, 2, 2, 2, 2, 2, 2, 2, 2, 2, 2, 2, 2, 2, 2,
    2, 2, 2, 2, 2, 2, 2, 2, 2, 2, 2, 2, 2, 2, 2, 2, 2, 2, 2, 2,
    2, 2, 2, 2, 2, 2, 2, 2, 2, 2, 2, 2, 2, 2, 2, 2, 2, 2, 2, 2,
    2, 2, 2, 2, 2, 2, 2, 2, 2, 2, 2, 2, 2, 2, 2, 2, 2, 2, 2, 2,
    2, 2, 2, 2, 2, 2, 2, 2, 2, 2, 2, 2, 2, 2, 2, 2, 2, 2, 2, 2,
    2, 2, 2, 2, 2, 2, 2, 2, 2, 2, 2, 2, 2, 2, 2, 2, 2, 2, 2, 2,
    2, 2, 2, 2, 2, 2, 2, 2, 2, 2, 2, 2, 2, 2, 2, 2, 2, 2, 2, 2,
    2, 2, 2, 2, 2, 2, 2, 2, 2, 2, 2, 2, 2, 2, 2, 2, 2, 2, 2, 2,
    2, 2, 2, 2, 2, 2, 2, 2, 2, 2, 2, 2, 2, 2, 2, 2, 2, 2, 2, 2,
    2, 2, 2, 2, 2, 2, 2, 2, 2, 2, 2, 2, 2, 2, 2, 2, 2, 2, 2, 2,
    2, 2, 2, 2, 2, 2, 2, 2, 2, 2, 2, 2, 2, 2, 2, 2, 2, 2, 2, 2,
    2, 2, 2, 2, 2, 2, 2, 2, 2, 2, 2, 2, 2, 2, 2, 2, 2, 2, 2, 2,
    2, 2, 2, 2, 2, 2, 2, 2, 2, 2, 2, 2, 2, 2, 2, 2, 2, 2, 2, 2,
    2, 2, 2, 2, 2, 2, 2, 2, 2, 2, 2, 2, 2, 2, 2, 2, 2, 2, 2, 2,
    2, 2, 2, 2, 2, 2, 2, 2, 2, 2, 2, 2, 2, 2, 2, 2, 2, 2, 2, 2,
    2, 2, 2, 2, 2, 2, 2, 2, 2, 2, 2, 2, 2, 2, 2, 2, 2, 2, 2, 2,
    2, 2, 2, 2, 2, 2, 2, 2, 2, 2, 2, 2, 2, 2, 2, 2, 2, 2, 2, 2,
    2, 2, 2, 2, 2, 2, 2, 2, 2, 2, 2, 2, 2, 2, 2, 2, 2, 2, 2, 2,
    2, 2, 2, 2, 2, 2, 2, 2, 2, 2, 2, 2, 2, 2, 2, 2, 2, 2, 2, 2,
    2, 2, 2, 2, 2, 2, 2, 2, 2, 2, 2, 2, 2, 2, 2, 2, 2, 2, 2, 2,
    2, 2, 2, 2, 2, 2, 2, 2, 2, 2, 2, 2, 2, 2, 2, 2, 2, 2, 2, 2,
    2, 2, 2, 2, 2, 2, 2, 2, 2, 2, 2, 2, 2, 2, 2, 2, 2, 2, 2, 2,
    2, 2, 2, 2, 2, 2, 2, 2, 2, 2, 2, 2, 2, 2, 2, 2, 2, 2, 2, 2,
    2, 2, 2, 2, 2, 2, 2, 2, 2, 2, 2, 2, 2, 2, 2, 2, 2, 2, 2, 2,
    2, 2, 2, 2, 2, 2, 2, 2, 2, 2, 2, 2, 2, 2, 2, 2, 2, 2, 2, 2,
    2, 2, 2, 2, 2, 2, 2, 2, 2, 2, 2, 2, 2, 2, 2, 2, 2, 2, 2, 2,
    2, 2, 2, 2, 2, 2, 2, 2, 2, 2, 2, 2, 2, 2, 2, 2, 2, 2, 2, 2,
    2, 2, 2, 2, 2, 2, 2, 2, 2, 2, 2, 2, 2, 2, 2, 2, 2, 2, 2, 2,
    2, 2, 2, 2, 2, 2, 2, 2, 2, 2, 2, 2, 2, 2, 2, 2, 2, 2, 2, 2,
    2, 2, 2, 2, 2, 2, 2, 2, 2, 2, 2, 2, 2, 2, 2, 2, 2, 2, 2, 2,
    2, 2, 2, 2, 2, 2, 2, 2, 2, 2, 2, 2, 2, 2, 2, 2, 2, 2, 2, 2,
    2, 2, 2, 2, 2, 2, 2, 2, 2, 2, 2, 2, 2, 2, 2, 2, 2, 2, 2, 2,
    2, 2, 2, 2, 2, 2, 2, 2, 2, 2, 2, 2, 2, 2, 2, 2, 2, 2, 2, 2,
    2, 2, 2, 2, 2, 2, 2, 2, 2, 2, 2, 2, 2, 2, 2, 2, 2, 2, 2, 2,
    2, 2, 2, 2, 2, 2, 2, 2, 2, 2, 2, 2, 2, 2, 2, 2, 2, 2, 2, 2,
    2, 2, 2, 2, 2, 2, 2, 2, 2, 2, 2, 2, 2, 2, 2, 2, 2, 2, 2, 2,
    2, 2, 2, 2, 2, 2, 2, 2, 2, 2, 2, 2, 2, 2, 2, 2, 2, 2, 2, 2,
    2, 2, 2, 2, 2, 2, 2, 2, 2, 2, 2, 2, 2, 2, 2, 2, 2, 2, 2, 2,
    2, 2, 2, 2, 2, 2, 2, 2, 2, 2, 2, 2, 2, 2, 2, 2, 2, 2, 2, 2,
    2, 2, 2, 2, 2, 2, 2, 2, 2, 2, 2, 2, 2, 2, 2, 2, 2, 2, 2, 2,
    2, 2, 2, 2, 2, 2, 2, 2, 2, 2, 2, 2, 2, 2, 2, 2, 2, 2, 2, 2,
    2, 2, 2, 2, 2, 2, 2, 2, 2, 2, 2, 2, 2, 2, 2, 2, 2, 2, 2, 2,
    2, 2, 2, 2, 2, 2, 2, 2, 2, 2, 2, 2, 2, 2, 2, 2, 2, 2, 2, 2,
    2, 2, 2, 2, 2, 2, 2, 2, 2, 2, 2, 2, 2, 2, 2, 2, 2, 2, 2, 2,
    2, 2, 2, 2, 2, 2, 2, 2, 2, 2, 2, 2, 2, 2, 2, 2, 2, 2, 2, 2,
    2, 2, 2, 2, 2, 2, 2, 2, 2, 2, 2, 2, 2, 2, 2, 2, 2, 2, 2, 2,
    2, 2, 2, 2, 2, 2, 2, 2, 2, 2, 2, 2, 2, 2, 2, 2, 2, 2, 2, 2,
    2, 2, 2, 2, 2, 2, 2, 2, 2, 2, 2, 2, 2, 2, 2, 2, 2, 2, 2, 2,
    2, 2, 2, 2, 2, 2, 2, 2, 2, 2, 2, 2, 2, 2, 2, 2, 2, 2, 2, 2,
    2, 2, 2, 2, 2, 2, 2, 2, 2, 2, 2, 2, 2, 2, 2, 2, 2, 2, 2, 2,
    2, 2, 2, 2, 2, 2, 2, 2, 2, 2, 2, 2, 2, 2, 2, 2, 2, 2, 2, 2,
    2, 2, 2, 2, 2, 2, 2, 2, 2, 2, 2, 2, 2, 2, 2, 2, 2, 2, 2, 2,
    2, 2, 2, 2, 2, 2, 2, 2, 2, 2, 2, 2, 2, 2, 2, 2, 2, 2, 2, 2,
    2, 2, 2, 2, 2, 2, 2, 2, 2, 2, 2, 2, 2, 2, 2, 2, 2, 2, 2, 2,
    2, 2, 2, 2, 2, 2, 2, 2, 2, 2, 2, 2, 2, 2, 2, 2, 2, 2, 2, 2,
    2, 2, 2, 2, 2, 2, 2, 2, 2, 2, 2, 2, 2, 2, 2, 2, 2, 2, 2, 2,
    2, 2, 2, 2, 2, 2, 2, 2, 2, 2, 2, 2, 2, 2, 2, 2, 2, 2, 2, 2,
    2, 2, 2, 2, 2, 2, 2, 2, 2, 2, 2, 2, 2, 2, 2, 2, 2, 2, 2, 2,
    2, 2, 2, 2, 2, 2, 2, 2, 2, 2, 2, 2, 2, 2, 2, 2, 2, 2, 2, 2,
    2, 2, 2, 2, 2, 2, 2, 2, 2, 2, 2, 2, 2, 2, 2, 2, 2, 2, 2, 2,
    2, 2, 2, 2, 2, 2, 2, 2, 2, 2, 2, 2, 2, 2, 2, 2, 2, 2, 2, 2,
    2, 2, 2, 2, 2, 2, 2, 2, 2, 2, 2, 2, 2, 2, 2, 2, 2, 2, 2, 2,
    2, 2, 2, 2, 2, 2, 2, 2, 2, 2, 2, 2, 2, 2, 2, 2, 2, 2, 2, 2,
    2, 2, 2, 2, 2, 2, 2, 2, 2, 2, 2, 2, 2, 2, 2, 2, 2, 2, 2, 2,
    2, 2, 2, 2, 2, 2, 2, 2, 2, 2, 2, 2, 2, 2, 2, 2, 2, 2, 2, 2,
    2, 2, 2, 2, 2, 2, 2, 2, 2, 2, 2, 2, 2, 2, 2, 2, 2, 2, 2, 2,
    2, 2, 2, 2, 2, 2, 2, 2, 2, 2, 2, 2, 2, 2, 2, 2, 2, 2, 2, 2,
    2, 2, 2, 2, 2, 2, 2, 2, 2, 2, 2, 2, 2, 2, 2, 2, 2, 2, 2, 2,
    2, 2, 2, 2, 2, 2, 2, 2, 2, 2, 2, 2, 2, 2, 2, 2, 2, 2, 2, 2,
    2, 2, 2, 2, 2, 2, 2, 2, 2, 2, 2, 2, 2, 2, 2, 2, 2, 2, 2, 2,
    2, 2, 2, 2, 2, 2, 2, 2, 2, 2, 2, 2, 2, 2, 2, 2, 2, 2, 2, 2,
    2, 2, 2, 2, 2, 2, 2, 2, 2, 2, 2, 2, 2, 2, 2, 2, 2, 2, 2, 2,
    2, 2, 2, 2, 2, 2, 2, 2, 2, 2, 2, 2, 2, 2, 2, 2, 2, 2, 2, 2,
    2, 2, 2, 2, 2, 2, 2, 2, 2, 2, 2, 2, 2, 2, 2, 2, 2, 2, 2, 2,
    2, 2, 2, 2, 2, 2, 2, 2, 2, 2, 2, 2, 2, 2, 2, 2, 2, 2, 2, 2,
    2, 2, 2, 2, 2, 2, 2, 2, 2, 2, 2, 2, 2, 2, 2, 2, 2, 2, 2, 2,
    2, 2, 2, 2, 2, 2, 2, 2, 2, 2, 2, 2, 2, 2, 2, 2, 2, 2, 2, 2,
    2, 2, 2, 2, 2, 2, 2, 2, 2, 2, 2, 2, 2, 2, 2, 2, 2, 2, 2, 2,
    2, 2, 2, 2, 2, 2, 2, 2, 2, 2, 2, 2, 2, 2, 2, 2, 2, 2, 2, 2,
    2, 2, 2, 2, 2, 2, 2, 2, 2, 2, 2, 2, 2, 2, 2, 2, 2, 2, 2, 2,
    2, 2, 2, 2, 2, 2, 2, 2, 2, 2, 2, 2, 2, 2, 2, 2, 2, 2, 2, 2,
    2, 2, 2, 2, 2, 2, 2, 2, 2, 2, 2, 2, 2, 2, 2, 2, 2, 2, 2, 2,
    2, 2, 2, 2, 2, 2, 2, 2, 2, 2, 2, 2, 2, 2, 2, 2, 2, 2, 2, 2,
    2, 2, 2, 2, 2, 2, 2, 2, 2, 2, 2, 2, 2, 2, 2, 2, 2, 2, 2, 2,
    2, 2, 2, 2, 2, 2, 2, 2, 2, 2, 2, 2, 2, 2, 2, 2, 2, 2, 2, 2,
    2, 2, 2, 2, 2, 2, 2, 2, 2, 2, 2, 2, 2, 2, 2, 2, 2, 2, 2, 2,
    2, 2, 2, 2, 2, 2, 2, 2, 2, 2, 2, 2, 2, 2, 2, 2, 2, 2, 2, 2,
    2, 2, 2, 2, 2, 2, 2, 2, 2, 2, 2, 2, 2, 2, 2, 2, 2, 2, 2, 2,
    2, 2, 2, 2, 2, 2, 2, 2, 2, 2, 2, 2, 2, 2, 2, 2, 2, 2, 2, 2,
    2, 2, 2, 2, 2, 2, 2, 2, 2, 2, 2, 2, 2, 2, 2, 2, 2, 2, 2, 2,
    2, 2, 2, 2, 2, 2, 2, 2, 2, 2, 2, 2, 2, 2, 2, 2, 2, 2, 2, 2,
    2, 2, 2, 2, 2, 2, 2, 2, 2, 2, 2, 2, 2, 2, 2, 2, 2, 2, 2, 2,
    2, 2, 2, 2, 2, 2, 2, 2, 2, 2, 2, 2, 2, 2, 2, 2, 2, 2, 2, 2,
    2, 2, 2, 2, 2, 2, 2, 2, 2, 2, 2, 2, 2, 2, 2, 2, 2, 2, 2, 2,
    2, 2, 2, 2, 2, 2, 2, 2, 2, 2, 2, 2, 2, 2, 2, 2, 2, 2, 2, 2,
    2, 2, 2, 2, 2, 2, 2, 2, 2, 2, 2, 2, 2, 2, 2, 2, 2, 2, 2, 2,
    2, 2, 2, 2, 2, 2, 2, 2, 2, 2, 2, 2, 2, 2, 2, 2, 2, 2, 2, 2,
    2, 2, 2, 2, 2, 2, 2, 2, 2, 2, 2, 2, 2, 2, 2, 2, 2, 2, 2, 2,
    2, 2, 2, 2, 2, 2, 2, 2, 2, 2, 2, 2, 2, 2, 2, 2, 2, 2, 2, 2,
    2, 2, 2, 2, 2, 2, 2, 2, 2, 2, 2, 2, 2, 2, 2, 2, 2, 2, 2, 2,
    2, 2, 2, 2, 2, 2, 2, 2, 2, 2, 2, 2, 2, 2, 2, 2, 2, 2, 2, 2,
    2, 2, 2, 2, 2, 2, 2, 2, 2, 2, 2, 2, 2, 2, 2, 2, 2, 2, 2, 2,
    2, 2, 2, 2, 2, 2, 2, 2, 2, 2, 2, 2, 2, 2, 2, 2, 2, 2, 2, 2,
    2, 2, 2, 2, 2, 2, 2, 2, 2, 2, 2, 2, 2, 2, 2, 2, 2, 2, 2, 2,
    2, 2, 2, 2, 2, 2, 2, 2, 2, 2, 2, 2, 2, 2, 2, 2, 2, 2, 2, 2,
    2, 2, 2, 2, 2, 2, 2, 2, 2, 2, 2, 2, 2, 2, 2, 2, 2, 2, 2, 2,
    2, 2, 2, 2, 2, 2, 2, 2, 2, 2, 2, 2, 2, 2, 2, 2, 2, 2, 2, 2,
    2, 2, 2, 2, 2, 2, 2, 2, 2, 2, 2, 2, 2, 2, 2, 2, 2, 2, 2, 2,
    2, 2, 2, 2, 2, 2, 2, 2, 2, 2, 2, 2, 2, 2, 2, 2, 2, 2, 2, 2,
    2, 2, 2, 2, 2, 2, 2, 2, 2, 2, 2, 2, 2, 2, 2, 2, 2, 2, 2, 2,
    2, 2, 2, 2, 2, 2, 2, 2, 2, 2, 2, 2, 2, 2, 2, 2, 2, 2, 2, 2,
    2, 2, 2, 2, 2, 2, 2, 2, 2, 2, 2, 2, 2, 2, 2, 2, 2, 2, 2, 2,
    2, 2, 2, 2, 2, 2, 2, 2, 2, 2, 2, 2, 2, 2, 2, 2, 2, 2, 2, 2,
    2, 2, 2, 2, 2, 2, 2, 2, 2, 2, 2, 2, 2, 2, 2, 2, 2, 2, 2, 2,
    2, 2, 2, 2, 2, 2, 2, 2, 2, 2, 2, 2, 2, 2, 2, 2, 2, 2, 2, 2,
    2, 2, 2, 2, 2, 2, 2, 2, 2, 2, 2, 2, 2, 2, 2, 2, 2, 2, 2, 2,
    2, 2, 2, 2, 2, 2, 2, 2, 2, 2, 2, 2, 2, 2, 2, 2, 2, 2, 2, 2,
    2, 2, 2, 2, 2, 2, 2, 2, 2, 2, 2, 2, 2, 2, 2, 2, 2, 2, 2, 2,
    2, 2, 2, 2, 2, 2, 2, 2, 2, 2, 2, 2, 2, 2, 2, 2, 2, 2, 2, 2,
    2, 2, 2, 2, 2, 2, 2, 2, 2, 2, 2, 2, 2, 2, 2, 2, 2, 2, 2, 2,
    2, 2, 2, 2, 2, 2, 2, 2, 2, 2, 2, 2, 2, 2, 2, 2, 2, 2, 2, 2,
    2, 2, 2, 2, 2, 2, 2, 2, 2, 2, 2, 2, 2, 2, 2, 2, 2, 2, 2, 2,
    2, 2, 2, 2, 2, 2, 2, 2, 2, 2, 2, 2, 2, 2, 2, 2, 2, 2, 2, 2,
    2, 2, 2, 2, 2, 2, 2, 2, 2, 2, 2, 2, 2, 2, 2, 2, 2, 2, 2, 2,
    2, 2, 2, 2, 2, 2, 2, 2, 2, 2, 2, 2, 2, 2, 2, 2, 2, 2, 2, 2,
    2, 2, 2, 2, 2, 2, 2, 2, 2, 2, 2, 2, 2, 2, 2, 2, 2, 2, 2, 2,
    2, 2, 2, 2, 2, 2, 2, 2, 2, 2, 2, 2, 2, 2, 2, 2, 2, 2, 2, 2,
    2, 2, 2, 2, 2, 2, 2, 2, 2, 2, 2, 2, 2, 2, 2, 2, 2, 2, 2, 2,
    2, 2, 2, 2, 2, 2, 2, 2, 2, 2, 2, 2, 2, 2, 2, 2, 2, 2, 2, 2,
    2, 2, 2, 2, 2, 2, 2, 2, 2, 2, 2, 2, 2, 2, 2, 2, 2, 2, 2, 2,
    2, 2, 2, 2, 2, 2, 2, 2, 2, 2, 2, 2, 2, 2, 2, 2, 2, 2, 2, 2,
    2, 2, 2, 2, 2, 2, 2, 2, 2, 2, 2, 2, 2, 2, 2, 2, 2, 2, 2, 2,
    2, 2, 2, 2, 2, 2, 2, 2, 2, 2, 2, 2, 2, 2, 2, 2, 2, 2, 2, 2,
    2, 2, 2, 2, 2, 2, 2, 2, 2, 2, 2, 2, 2, 2, 2, 2, 2, 2, 2, 2,
    2, 2, 2, 2, 2, 2, 2, 2, 2, 2, 2, 2, 2, 2, 2, 2, 2, 2, 2, 2,
    2, 2, 2, 2, 2, 2, 2, 2, 2, 2, 2, 2, 2, 2, 2, 2, 2, 2, 2, 2,
    2, 2, 2, 2, 2, 2, 2, 2, 2, 2, 2, 2, 2, 2, 2, 2, 2, 2, 2, 2,
    2, 2, 2, 2, 2, 2, 2, 2, 2, 2, 2, 2, 2, 2, 2, 2, 2, 2, 2, 2,
    2, 2, 2, 2, 2, 2, 2, 2, 2, 2, 2, 2, 2, 2, 2, 2, 2, 2, 2, 2,
    2, 2, 2, 2, 2, 2, 2, 2, 2, 2, 2, 2, 2, 2, 2, 2, 2, 2, 2, 2,
    2, 2, 2, 2, 2, 2, 2, 2, 2, 2, 2, 2, 2, 2, 2, 2, 2, 2, 2, 2,
    2, 2, 2, 2, 2, 2, 2, 2, 2, 2, 2, 2, 2, 2, 2, 2, 2, 2, 2, 2,
    2, 2, 2, 2, 2, 2, 2, 2, 2, 2, 2, 2, 2, 2, 2, 2, 2, 2, 2, 2,
    2, 2, 2, 2, 2, 2, 2, 2, 2, 2, 2, 2, 2, 2, 2, 2, 2, 2, 2, 2,
    2, 2, 2, 2, 2, 2, 2, 2, 2, 2, 2, 2, 2, 2, 2, 2, 2, 2, 2, 2,
    2, 2, 2, 2, 2, 2, 2, 2, 2, 2, 2, 2, 2, 2, 2, 2, 2, 2, 2, 2,
    2, 2, 2, 2, 2, 2, 2, 2, 2, 2, 2, 2, 2, 2, 2, 2, 2, 2, 2, 2,
    2, 2, 2, 2, 2, 2, 2, 2, 2, 2, 2, 2, 2, 2, 2, 2, 2, 2, 2, 2,
    2, 2, 2, 2, 2, 2, 2, 2, 2, 2, 2, 2, 2, 2, 2, 2, 2, 2, 2, 2,
    2, 2, 2, 2, 2, 2, 2, 2, 2, 2, 2, 2, 2, 2, 2, 2, 2, 2, 2, 2,
    2, 2, 2, 2, 2, 2, 2, 2, 2, 2, 2, 2, 2, 2, 2, 2, 2, 2, 2, 2,
    2, 2, 2, 2, 2, 2, 2, 2, 2, 2, 2, 2, 2, 2, 2, 2, 2, 2, 2, 2,
    2, 2, 2, 2, 2, 2, 2, 2, 2, 2, 2, 2, 2, 2, 2, 2, 2, 2, 2, 2,
    2, 2, 2, 2, 2, 2, 2, 2, 2, 2, 2, 2, 2, 2, 2, 2, 2, 2, 2, 2,
    2, 2, 2, 2, 2, 2, 2, 2, 2, 2, 2, 2, 2, 2, 2, 2, 2, 2, 2, 2,
    2, 2, 2, 2, 2, 2, 2, 2, 2, 2, 2, 2, 2, 2, 2, 2, 2, 2, 2, 2,
    2, 2, 2, 2, 2, 2, 2, 2, 2, 2, 2, 2, 2, 2, 2, 2, 2, 2, 2, 2,
    2, 2, 2, 2, 2, 2, 2, 2, 2, 2, 2, 2, 2, 2, 2, 2, 2, 2, 2, 2,
    2, 2, 2, 2, 2, 2, 2, 2, 2, 2, 2, 2, 2, 2, 2, 2, 2, 2, 2, 2,
    2, 2, 2, 2, 2, 2, 2, 2, 2, 2, 2, 2, 2, 2, 2, 2, 2, 2, 2, 2,
    2, 2, 2, 2, 2, 2, 2, 2, 2, 2, 2, 2, 2, 2, 2, 2, 2, 2, 2, 2,
    2, 2, 2, 2, 2, 2, 2, 2, 2, 2, 2, 2, 2, 2, 2, 2, 2, 2, 2, 2,
    2, 2, 2, 2, 2, 2, 2, 2, 2, 2, 2, 2, 2, 2, 2, 2, 2, 2, 2, 2,
    2, 2, 2, 2, 2, 2, 2, 2, 2, 2, 2, 2, 2, 2, 2, 2, 2, 2, 2, 2,
    2, 2, 2, 2, 2, 2, 2, 2, 2, 2, 2, 2, 2, 2, 2, 2, 2, 2, 2, 2,
    2, 2, 2, 2, 2, 2, 2, 2, 2, 2, 2, 2, 2, 2, 2, 2, 2, 2, 2, 2,
    2, 2, 2, 2, 2, 2, 2, 2, 2, 2, 2, 2, 2, 2, 2, 2, 2, 2, 2, 2,
    2, 2, 2, 2, 2, 2, 2, 2, 2, 2, 2, 2, 2, 2, 2, 2, 2, 2, 2, 2,
    2, 2, 2, 2, 2, 2, 2, 2, 2, 2, 2, 2, 2, 2, 2, 2, 2, 2, 2, 2,
    2, 2, 2, 2, 2, 2, 2, 2, 2, 2, 2, 2, 2, 2, 2, 2, 2, 2, 2, 2,
    2, 2, 2, 2, 2, 2, 2, 2, 2, 2, 2, 2, 2, 2, 2, 2, 2, 2, 2, 2,
    2, 2, 2, 2, 2, 2, 2, 2, 2, 2, 2, 2, 2, 2, 2, 2, 2, 2, 2, 2,
    2, 2, 2, 2, 2, 2, 2, 2, 2, 2, 2, 2, 2, 2, 2, 2, 2, 2, 2, 2,
    2, 2, 2, 2, 2, 2, 2, 2, 2, 2, 2, 2, 2, 2, 2, 2, 2, 2, 2, 2,
    2, 2, 2, 2, 2, 2, 2, 2, 2, 2, 2, 2, 2, 2, 2, 2, 2, 2, 2, 2,
    2, 2, 2, 2, 2, 2, 2, 2, 2, 2, 2, 2, 2, 2, 2, 2, 2, 2, 2, 2,
    2, 2, 2, 2, 2, 2, 2, 2, 2, 2, 2, 2, 2, 2, 2, 2, 2, 2, 2, 2,
    2, 2, 2, 2, 2, 2, 2, 2, 2, 2, 2, 2, 2, 2, 2, 2, 2, 2, 2, 2,
    2, 2, 2, 2, 2, 2, 2, 2, 2, 2, 2, 2, 2, 2, 2, 2, 2, 2, 2, 2,
    2, 2, 2, 2, 2, 2, 2, 2, 2, 2, 2, 2, 2, 2, 2, 2, 2, 2, 2, 2,
    2, 2, 2, 2, 2, 2, 2, 2, 2, 2, 2, 2, 2, 2, 2, 2, 2, 2, 2, 2,
    2, 2, 2, 2, 2, 2, 2, 2, 2, 2, 2, 2, 2, 2, 2, 2, 2, 2, 2, 2,
    2, 2, 2, 2, 2, 2, 2, 2, 2, 2, 2, 2, 2, 2, 2, 2, 2, 2, 2, 2,
    2, 2, 2, 2, 2, 2, 2, 2, 2, 2, 2, 2, 2, 2, 2, 2, 2, 2, 2, 2,
    2, 2, 2, 2, 2, 2, 2, 2, 2, 2, 2, 2, 2, 2, 2, 2, 2, 2, 2, 2,
    2, 2, 2, 2, 2, 2, 2, 2, 2, 2, 2, 2, 2, 2, 2, 2, 2, 2, 2, 2,
    2, 2, 2, 2, 2, 2, 2, 2, 2, 2, 2, 2, 2, 2, 2, 2, 2, 2, 2, 2,
    2, 2, 2, 2, 2, 2, 2, 2, 2, 2, 2, 2, 2, 2, 2, 2, 2, 2, 2, 2,
    2, 2, 2, 2, 2, 2, 2, 2, 2, 2, 2, 2, 2, 2, 2, 2, 2, 2, 2, 2,
    2, 2, 2, 2, 2, 2, 2, 2, 2, 2, 2, 2, 2, 2, 2, 2, 2, 2, 2, 2,
    2, 2, 2, 2, 2, 2, 2, 2, 2, 2, 2, 2, 2, 2, 2, 2, 2, 2, 2, 2,
    2, 2, 2, 2, 2, 2, 2, 2, 2, 2, 2, 2, 2, 2, 2, 2, 2, 2, 2, 2,
    2, 2, 2, 2, 2, 2, 2, 2, 2, 2, 2, 2, 2, 2, 2, 2, 2, 2, 2, 2,
    2, 2, 2, 2, 2, 2, 2, 2, 2, 2, 2, 2, 2, 2, 2, 2, 2, 2, 2, 2,
    2, 2, 2, 2, 2, 2, 2, 2, 2, 2, 2, 2, 2, 2, 2, 2, 2, 2, 2, 2,
    2, 2, 2, 2, 2, 2, 2, 2, 2, 2, 2, 2, 2, 2, 2, 2, 2, 2, 2, 2,
    2, 2, 2, 2, 2, 2, 2, 2, 2, 2, 2, 2, 2, 2, 2, 2, 2, 2, 2, 2,
    2, 2, 2, 2, 2, 2, 2, 2, 2, 2, 2, 2, 2, 2, 2, 2, 2, 2, 2, 2,
    2, 2, 2, 2, 2, 2, 2, 2, 2, 2, 2, 2, 2, 2, 2, 2, 2, 2, 2, 2,
    2, 2, 2, 2, 2, 2, 2, 2, 2, 2, 2, 2, 2, 2, 2, 2, 2, 2, 2, 2,
    2, 2, 2, 2, 2, 2, 2, 2, 2, 2, 2, 2, 2, 2, 2, 2, 2, 2, 2, 2,
    2, 2, 2, 2, 2, 2, 2, 2, 2, 2, 2, 2, 2, 2, 2, 2, 2, 2, 2, 2,
    2, 2, 2, 2, 2, 2, 2, 2, 2, 2, 2, 2, 2, 2, 2, 2, 2, 2, 2, 2,
    2, 2, 2, 2, 2, 2, 2, 2, 2, 2, 2, 2, 2, 2, 2, 2, 2, 2, 2, 2,
    2, 2, 2, 2, 2, 2, 2, 2, 2, 2, 2, 2, 2, 2, 2, 2, 2, 2, 2, 2,
    2, 2, 2, 2, 2, 2, 2, 2, 2, 2, 2, 2, 2, 2, 2, 2, 2, 2, 2, 2,
    2, 2, 2, 2, 2, 2, 2, 2, 2, 2, 2, 2, 2, 2, 2, 2, 2, 2, 2, 2,
    2, 2, 2, 2, 2, 2, 2, 2, 2, 2, 2, 2, 2, 2, 2, 2, 2, 2, 2, 2,
    2, 2, 2, 2, 2, 2, 2, 2, 2, 2, 2, 2, 2, 2, 2, 2, 2, 2, 2, 2,
    2, 2, 2, 2, 2, 2, 2, 2, 2, 2, 2, 2, 2, 2, 2, 2, 2, 2, 2, 2,
    2, 2, 2, 2, 2, 2, 2, 2, 2, 2, 2, 2, 2, 2, 2, 2, 2, 2, 2, 2,
    2, 2, 2, 2, 2, 2, 2, 2, 2, 2, 2, 2, 2, 2, 2, 2, 2, 2, 2, 2,
    2, 2, 2, 2, 2, 2, 2, 2, 2, 2, 2, 2, 2, 2, 2, 2, 2, 2, 2, 2,
    2, 2, 2, 2, 2, 2, 2, 2, 2, 2, 2, 2, 2, 2, 2, 2, 2, 2, 2, 2,
    2, 2, 2, 2, 2, 2, 2, 2, 2, 2, 2, 2, 2, 2, 2, 2, 2, 2, 2, 2,
    2, 2, 2, 2, 2, 2, 2, 2, 2, 2, 2, 2, 2, 2, 2, 2, 2, 2, 2, 2,
    2, 2, 2, 2, 2, 2, 2, 2, 2, 2, 2, 2, 2, 2, 2, 2, 2, 2, 2, 2,
    2, 2, 2, 2, 2, 2, 2, 2, 2, 2, 2, 2, 2, 2, 2, 2, 2, 2, 2, 2,
    2, 2, 2, 2, 2, 2, 2, 2, 2, 2, 2, 2, 2, 2, 2, 2, 2, 2, 2, 2,
    2, 2, 2, 2, 2, 2, 2, 2, 2, 2, 2, 2, 2, 2, 2, 2, 2, 2, 2, 2,
    2, 2, 2, 2, 2, 2, 2, 2, 2, 2, 2, 2, 2, 2, 2, 2, 2, 2, 2, 2,
    2, 2, 2, 2, 2, 2, 2, 2, 2, 2, 2, 2, 2, 2, 2, 2, 2, 2, 2, 2,
    2, 2, 2, 2, 2, 2, 2, 2, 2, 2, 2, 2, 2, 2, 2, 2, 2, 2, 2, 2,
    2, 2, 2, 2, 2, 2, 2, 2, 2, 2, 2, 2, 2, 2, 2, 2, 2, 2, 2, 2,
    2, 2, 2, 2, 2, 2, 2, 2, 2, 2, 2, 2, 2, 2, 2, 2, 2, 2, 2, 2,
    2, 2, 2, 2, 2, 2, 2, 2, 2, 2, 2, 2, 2, 2, 2, 2, 2, 2, 2, 2,
    2, 2, 2, 2, 2, 2, 2, 2, 2, 2, 2, 2, 2, 2, 2, 2, 2, 2, 2, 2,
    2, 2, 2, 2, 2, 2, 2, 2, 2, 2, 2, 2, 2, 2, 2, 2, 2, 2, 2, 2,
    2, 2, 2, 2, 2, 2, 2, 2, 2, 2, 2, 2, 2, 2, 2, 2, 2, 2, 2, 2,
    2, 2, 2, 2, 2, 2, 2, 2, 2, 2, 2, 2, 2, 2, 2, 2, 2, 2, 2, 2,
    2, 2, 2, 2, 2, 2, 2, 2, 2, 2, 2, 2, 2, 2, 2, 2, 2, 2, 2, 2,
    2, 2, 2, 2, 2, 2, 2, 2, 2, 2, 2, 2, 2, 2, 2, 2, 2, 2, 2, 2,
    2, 2, 2, 2, 2, 2, 2, 2, 2, 2, 2, 2, 2, 2, 2, 2, 2, 2, 2, 2,
    2, 2, 2, 2, 2, 2, 2, 2, 2, 2, 2, 2, 2, 2, 2, 2, 2, 2, 2, 2,
    2, 2, 2, 2, 2, 2, 2, 2, 2, 2, 2, 2, 2, 2, 2, 2, 2, 2, 2, 2,
    2, 2, 2, 2, 2, 2, 2, 2, 2, 2, 2, 2, 2, 2, 2, 2, 2, 2, 2, 2,
    2, 2, 2, 2, 2, 2, 2, 2, 2, 2, 2, 2, 2, 2, 2, 2, 2, 2, 2, 2,
    2, 2, 2, 2, 2, 2, 2, 2, 2, 2, 2, 2, 2, 2, 2, 2, 2, 2, 2, 2,
    2, 2, 2, 2, 2, 2, 2, 2, 2, 2, 2, 2, 2, 2, 2, 2, 2, 2, 2, 2,
    2, 2, 2, 2, 2, 2, 2, 2, 2, 2, 2, 2, 2, 2, 2, 2, 2, 2, 2, 2,
    2, 2, 2, 2, 2, 2, 2, 2, 2, 2, 2, 2, 2, 2, 2, 2, 2, 2, 2, 2,
    2, 2, 2, 2, 2, 2, 2, 2, 2, 2, 2, 2, 2, 2, 2, 2, 2, 2, 2, 2,
    2, 2, 2, 2, 2, 2, 2, 2, 2, 2, 2, 2, 2, 2, 2, 2, 2, 2, 2, 2,
    2, 2, 2, 2, 2, 2, 2, 2, 2, 2, 2, 2, 2, 2, 2, 2, 2, 2, 2, 2,
    2, 2, 2, 2, 2, 2, 2, 2, 2, 2, 2, 2, 2, 2, 2, 2, 2, 2, 2, 2,
    2, 2, 2, 2, 2, 2, 2, 2, 2, 2, 2, 2, 2, 2, 2, 2, 2, 2, 2, 2,
    2, 2, 2, 2, 2, 2, 2, 2, 2, 2, 2, 2, 2, 2, 2, 2, 2, 2, 2, 2,
    2, 2, 2, 2, 2, 2, 2, 2, 2, 2, 2, 2, 2, 2, 2, 2, 2, 2, 2, 2,
    2, 2, 2, 2, 2, 2, 2, 2, 2, 2, 2, 2, 2, 2, 2, 2, 2, 2, 2, 2,
    2, 2, 2, 2, 2, 2, 2, 2, 2, 2, 2, 2, 2, 2, 2, 2, 2, 2, 2, 2,
    2, 2, 2, 2, 2, 2, 2, 2, 2, 2, 2, 2, 2, 2, 2, 2, 2, 2, 2, 2,
    2, 2, 2, 2, 2, 2, 2, 2, 2, 2, 2, 2, 2, 2, 2, 2, 2, 2, 2, 2,
    2, 2, 2, 2, 2, 2, 2, 2, 2, 2, 2, 2, 2, 2, 2, 2, 2, 2, 2, 2,
    2, 2, 2, 2, 2, 2, 2, 2, 2, 2, 2, 2, 2, 2, 2, 2, 2, 2, 2, 2,
    2, 2, 2, 2, 2, 2, 2, 2, 2, 2, 2, 2, 2, 2, 2, 2, 2, 2, 2, 2,
    2, 2, 2, 2, 2, 2, 2, 2, 2, 2, 2, 2, 2, 2, 2, 2, 2, 2, 2, 2,
    2, 2, 2, 2, 2, 2, 2, 2, 2, 2, 2, 2, 2, 2, 2, 2, 2, 2, 2, 2,
    2, 2, 2, 2, 2, 2, 2, 2, 2, 2, 2, 2, 2, 2, 2, 2, 2, 2, 2, 2,
    2, 2, 2, 2, 2, 2, 2, 2, 2, 2, 2, 2, 2, 2, 2, 2, 2, 2, 2, 2,
    2, 2, 2, 2, 2, 2, 2, 2, 2, 2, 2, 2, 2, 2, 2, 2, 2, 2, 2, 2,
    2, 2, 2, 2, 2, 2, 2, 2, 2, 2, 2, 2, 2, 2, 2, 2, 2, 2, 2, 2,
    2, 2, 2, 2, 2, 2, 2, 2, 2, 2, 2, 2, 2, 2, 2, 2, 2, 2, 2, 2,
    2, 2, 2, 2, 2, 2, 2, 2, 2, 2, 2, 2, 2, 2, 2, 2, 2, 2, 2, 2,
    2, 2, 2, 2, 2, 2, 2, 2, 2, 2, 2, 2, 2, 2, 2, 2, 2, 2, 2, 2,
    2, 2, 2, 2, 2, 2, 2, 2, 2, 2, 2, 2, 2, 2, 2, 2, 2, 2, 2, 2,
    2, 2, 2, 2, 2, 2, 2, 2, 2, 2, 2, 2, 2, 2, 2, 2, 2, 2, 2, 2,
    2, 2, 2, 2, 2, 2, 2, 2, 2, 2, 2, 2, 2, 2, 2, 2, 2, 2, 2, 2,
    2, 2, 2, 2, 2, 2, 2, 2, 2, 2, 2, 2, 2, 2, 2, 2, 2, 2, 2, 2,
    2, 2, 2, 2, 2, 2, 2, 2, 2, 2, 2, 2, 2, 2, 2, 2, 2, 2, 2, 2,
    2, 2, 2, 2, 2, 2, 2, 2, 2, 2, 2, 2, 2, 2, 2, 2, 2, 2, 2, 2,
    2, 2, 2, 2, 2, 2, 2, 2, 2, 2, 2, 2, 2, 2, 2, 2, 2, 2, 2, 2,
    2, 2, 2, 2, 2, 2, 2, 2, 2, 2, 2, 2, 2, 2, 2, 2, 2, 2, 2, 2,
    2, 2, 2, 2, 2, 2, 2, 2, 2, 2, 2, 2, 2, 2, 2, 2, 2, 2, 2, 2,
    2, 2, 2, 2, 2, 2, 2, 2, 2, 2, 2, 2, 2, 2, 2, 2, 2, 2, 2, 2,
    2, 2, 2, 2, 2, 2, 2, 2, 2, 2, 2, 2, 2, 2, 2, 2, 2, 2, 2, 2,
    2, 2, 2, 2, 2, 2, 2, 2, 2, 2, 2, 2, 2, 2, 2, 2, 2, 2, 2, 2,
    2, 2, 2, 2, 2, 2, 2, 2, 2, 2, 2, 2, 2, 2, 2, 2, 2, 2, 2, 2,
    2, 2, 2, 2, 2, 2, 2, 2, 2, 2, 2, 2, 2, 2, 2, 2, 2, 2, 2, 2,
    2, 2, 2, 2, 2, 2, 2, 2, 2, 2, 2, 2, 2, 2, 2, 2, 2, 2, 2, 2,
    2, 2, 2, 2, 2, 2, 2, 2, 2, 2, 2, 2, 2, 2, 2, 2, 2, 2, 2, 2,
    2, 2, 2, 2, 2, 2, 2, 2, 2, 2, 2, 2, 2, 2, 2, 2, 2, 2, 2, 2,
    2, 2, 2, 2, 2, 2, 2, 2, 2, 2, 2, 2, 2, 2, 2, 2, 2, 2, 2, 2,
    2, 2, 2, 2, 2, 2, 2, 2, 2, 2, 2, 2, 2, 2, 2, 2, 2, 2, 2, 2,
    2, 2, 2, 2, 2, 2, 2, 2, 2, 2, 2, 2, 2, 2, 2, 2, 2, 2, 2, 2,
    2, 2, 2, 2, 2, 2, 2, 2, 2, 2, 2, 2, 2, 2, 2, 2, 2, 2, 2, 2,
    2, 2, 2, 2, 2, 2, 2, 2, 2, 2, 2, 2, 2, 2, 2, 2, 2, 2, 2, 2,
    2, 2, 2, 2, 2, 2, 2, 2, 2, 2, 2, 2, 2, 2, 2, 2, 2, 2, 2, 2,
    2, 2, 2, 2, 2, 2, 2, 2, 2, 2, 2, 2, 2, 2, 2, 2, 2, 2, 2, 2,
    2, 2, 2, 2, 2, 2, 2, 2, 2, 2, 2, 2, 2, 2, 2, 2, 2, 2, 2, 2,
    2, 2, 2, 2, 2, 2, 2, 2, 2, 2, 2, 2, 2, 2, 2, 2, 2, 2, 2, 2,
    2, 2, 2, 2, 2, 2, 2, 2, 2, 2, 2, 2, 2, 2, 2, 2, 2, 2, 2, 2,
    2, 2, 2, 2, 2, 2, 2, 2, 2, 2, 2, 2, 2, 2, 2, 2, 2, 2, 2, 2,
    2, 2, 2, 2, 2, 2, 2, 2, 2, 2, 2, 2, 2, 2, 2, 2, 2, 2, 2, 2,
    2, 2, 2, 2, 2, 2, 2, 2, 2, 2, 2, 2, 2, 2, 2, 2, 2, 2, 2, 2,
    2, 2, 2, 2, 2, 2, 2, 2, 2, 2, 2, 2, 2, 2, 2, 2, 2, 2, 2, 2,
    2, 2, 2, 2, 2, 2, 2, 2, 2, 2, 2, 2, 2, 2, 2, 2, 2, 2, 2, 2,
    2, 2, 2, 2, 2, 2, 2, 2, 2, 2, 2, 2, 2, 2, 2, 2, 2, 2, 2, 2,
    2, 2, 2, 2, 2, 2, 2, 2, 2, 2, 2, 2, 2, 2, 2, 2, 2, 2, 2, 2,
    2, 2, 2, 2, 2, 2, 2, 2, 2, 2, 2, 2, 2, 2, 2, 2, 2, 2, 2, 2,
    2, 2, 2, 2, 2, 2, 2, 2, 2, 2, 2, 2, 2, 2, 2, 2, 2, 2, 2, 2,
    2, 2, 2, 2, 2, 2, 2, 2, 2, 2, 2, 2, 2, 2, 2, 2, 2, 2, 2, 2,
    2, 2, 2, 2, 2, 2, 2, 2, 2, 2, 2, 2, 2, 2, 2, 2, 2, 2, 2, 2,
    2, 2, 2, 2, 2, 2, 2, 2, 2, 2, 2, 2, 2, 2, 2, 2, 2, 2, 2, 2,
    2, 2, 2, 2, 2, 2, 2, 2, 2, 2, 2, 2, 2, 2, 2, 2, 2, 2, 2, 2,
    2, 2, 2, 2, 2, 2, 2, 2, 2, 2, 2, 2, 2, 2, 2, 2, 2, 2, 2, 2,
    2, 2, 2, 2, 2, 2, 2, 2, 2, 2, 2, 2, 2, 2, 2, 2, 2, 2, 2, 2,
    2, 2, 2, 2, 2, 2, 2, 2, 2, 2, 2, 2, 2, 2, 2, 2, 2, 2, 2, 2,
    2, 2, 2, 2, 2, 2, 2, 2, 2, 2, 2, 2, 2, 2, 2, 2, 2, 2, 2, 2,
    2, 2, 2, 2, 2, 2, 2, 2, 2, 2, 2, 2, 2, 2, 2, 2, 2, 2, 2, 2,
    2, 2, 2, 2, 2, 2, 2, 2, 2, 2, 2, 2, 2, 2, 2, 2, 2, 2, 2, 2,
    2, 2, 2, 2, 2, 2, 2, 2, 2, 2, 2, 2, 2, 2, 2, 2, 2, 2, 2, 2,
    2, 2, 2, 2, 2, 2, 2, 2, 2, 2, 2, 2, 2, 2, 2, 2, 2, 2, 2, 2,
    2, 2, 2, 2, 2, 2, 2, 2, 2, 2, 2, 2, 2, 2, 2, 2, 2, 2, 2, 2,
    2, 2, 2, 2, 2, 2, 2, 2, 2, 2, 2, 2, 2, 2, 2, 2, 2, 2, 2, 2,
    2, 2, 2, 2, 2, 2, 2, 2, 2, 2, 2, 2, 2, 2, 2, 2, 2, 2, 2, 2,
    2, 2, 2, 2, 2, 2, 2, 2, 2, 2, 2, 2, 2, 2, 2, 2, 2, 2, 2, 2,
    2, 2, 2, 2, 2, 2, 2, 2, 2, 2, 2, 2, 2, 2, 2, 2, 2, 2, 2, 2,
    2, 2, 2, 2, 2, 2, 2, 2, 2, 2, 2, 2, 2, 2, 2, 2, 2, 2, 2, 2,
    2, 2, 2, 2, 2, 2, 2, 2, 2, 2, 2, 2, 2, 2, 2, 2, 2, 2, 2, 2,
    2, 2, 2, 2, 2, 2, 2, 2, 2, 2, 2, 2, 2, 2, 2, 2, 2, 2, 2, 2,
    2, 2, 2, 2, 2, 2, 2, 2, 2, 2, 2, 2, 2, 2, 2, 2, 2, 2, 2, 2,
    2, 2, 2, 2, 2, 2, 2, 2, 2, 2, 2, 2, 2, 2, 2, 2, 2, 2, 2, 2,
    2, 2, 2, 2, 2, 2, 2, 2, 2, 2, 2, 2, 2, 2, 2, 2, 2, 2, 2, 2,
    2, 2, 2, 2, 2, 2, 2, 2, 2, 2, 2, 2, 2, 2, 2, 2, 2, 2, 2, 2,
    2, 2, 2, 2, 2, 2, 2, 2, 2, 2, 2, 2, 2, 2, 2, 2, 2, 2, 2, 2,
    2, 2, 2, 2, 2, 2, 2, 2, 2, 2, 2, 2, 2, 2, 2, 2, 2, 2, 2, 2,
    2, 2, 2, 2, 2, 2, 2, 2, 2, 2, 2, 2, 2, 2, 2, 2, 2, 2, 2, 2,
    2, 2, 2, 2, 2, 2, 2, 2, 2, 2, 2, 2, 2, 2, 2, 2, 2, 2, 2, 2,
    2, 2, 2, 2, 2, 2, 2, 2, 2, 2, 2, 2, 2, 2, 2, 2, 2, 2, 2, 2,
    2, 2, 2, 2, 2, 2, 2, 2, 2, 2, 2, 2, 2, 2, 2, 2, 2, 2, 2, 2,
    2, 2, 2, 2, 2, 2, 2, 2, 2, 2, 2, 2, 2, 2, 2, 2, 2, 2, 2, 2,
    2, 2, 2, 2, 2, 2, 2, 2, 2, 2, 2, 2, 2, 2, 2, 2, 2, 2, 2, 2,
    2, 2, 2, 2, 2, 2, 2, 2, 2, 2, 2, 2, 2, 2, 2, 2, 2, 2, 2, 2,
    2, 2, 2, 2, 2, 2, 2, 2, 2, 2, 2, 2, 2, 2, 2, 2, 2, 2, 2, 2,
    2, 2, 2, 2, 2, 2, 2, 2, 2, 2, 2, 2, 2, 2, 2, 2, 2, 2, 2, 2,
    2, 2, 2, 2, 2, 2, 2, 2, 2, 2, 2, 2, 2, 2, 2, 2, 2, 2, 2, 2,
    2, 2, 2, 2, 2, 2, 2, 2, 2, 2, 2, 2, 2, 2, 2, 2, 2, 2, 2, 2,
    2, 2, 2, 2, 2, 2, 2, 2, 2, 2, 2, 2, 2, 2, 2, 2, 2, 2, 2, 2,
    2, 2, 2, 2, 2, 2, 2, 2, 2, 2, 2, 2, 2, 2, 2, 2, 2, 2, 2, 2,
    2, 2, 2, 2, 2, 2, 2, 2, 2, 2, 2, 2, 2, 2, 2, 2, 2, 2, 2, 2,
    2, 2, 2, 2, 2, 2, 2, 2, 2, 2, 2, 2, 2, 2, 2, 2, 2, 2, 2, 2,
    2, 2, 2, 2, 2, 2, 2, 2, 2, 2, 2, 2, 2, 2, 2, 2, 2, 2, 2, 2,
    2, 2, 2, 2, 2, 2, 2, 2, 2, 2, 2, 2, 2, 2, 2, 2, 2, 2, 2, 2,
    2, 2, 2, 2, 2, 2, 2, 2, 2, 2, 2, 2, 2, 2, 2, 2, 2, 2, 2, 2,
    2, 2, 2, 2, 2, 2, 2, 2, 2, 2, 2, 2, 2, 2, 2, 2, 2, 2, 2, 2,
    2, 2, 2, 2, 2, 2, 2, 2, 2, 2, 2, 2, 2, 2, 2, 2, 2, 2, 2, 2,
    2, 2, 2, 2, 2, 2, 2, 2, 2, 2, 2, 2, 2, 2, 2, 2, 2, 2, 2, 2,
    2, 2, 2, 2, 2, 2, 2, 2, 2, 2, 2, 2, 2, 2, 2, 2, 2, 2, 2, 2,
    2, 2, 2, 2, 2, 2, 2, 2, 2, 2, 2, 2, 2, 2, 2, 2, 2, 2, 2, 2,
    2, 2, 2, 2, 2, 2, 2, 2, 2, 2, 2, 2, 2, 2, 2, 2, 2, 2, 2, 2,
    2, 2, 2, 2, 2, 2, 2, 2, 2, 2, 2, 2, 2, 2, 2, 2, 2, 2, 2, 2,
    2, 2, 2, 2, 2, 2, 2, 2, 2, 2, 2, 2, 2, 2, 2, 2, 2, 2, 2, 2,
    2, 2, 2, 2, 2, 2, 2, 2, 2, 2, 2, 2, 2, 2, 2, 2, 2, 2, 2, 2,
    2, 2, 2, 2, 2, 2, 2, 2, 2, 2, 2, 2, 2, 2, 2, 2, 2, 2, 2, 2,
    2, 2, 2, 2, 2, 2, 2, 2, 2, 2, 2, 2, 2, 2, 2, 2, 2, 2, 2, 2,
    2, 2, 2, 2, 2, 2, 2, 2, 2, 2, 2, 2, 2, 2, 2, 2, 2, 2, 2, 2,
    2, 2, 2, 2, 2, 2, 2, 2, 2, 2, 2, 2, 2, 2, 2, 2, 2, 2, 2, 2,
    2, 2, 2, 2, 2, 2, 2, 2, 2, 2, 2, 2, 2, 2, 2, 2, 2, 2, 2, 2,
    2, 2, 2, 2, 2, 2, 2, 2, 2, 2, 2, 2, 2, 2, 2, 2, 2, 2, 2, 2,
    2, 2, 2, 2, 2, 2, 2, 2, 2, 2, 2, 2, 2, 2, 2, 2, 2, 2, 2, 2,
    2, 2, 2, 2, 2, 2, 2, 2, 2, 2, 2, 2, 2, 2, 2, 2, 2, 2, 2, 2,
    2, 2, 2, 2, 2, 2, 2, 2, 2, 2, 2, 2, 2, 2, 2, 2, 2, 2, 2, 2,
    2, 2, 2, 2, 2, 2, 2, 2, 2, 2, 2, 2, 2, 2, 2, 2, 2, 2, 2, 2,
    2, 2, 2, 2, 2, 2, 2, 2, 2, 2, 2, 2, 2, 2, 2, 2, 2, 2, 2, 2,
    2, 2, 2, 2, 2, 2, 2, 2, 2, 2, 2, 2, 2, 2, 2, 2, 2, 2, 2, 2,
    2, 2, 2, 2, 2, 2, 2, 2, 2, 2, 2, 2, 2, 2, 2, 2, 2, 2, 2, 2,
    2, 2, 2, 2, 2, 2, 2, 2, 2, 2, 2, 2, 2, 2, 2, 2, 2, 2, 2, 2,
    2, 2, 2, 2, 2, 2, 2, 2, 2, 2, 2, 2, 2, 2, 2, 2, 2, 2, 2, 2,
    2, 2, 2, 2, 2, 2, 2, 2, 2, 2, 2, 2, 2, 2, 2, 2, 2, 2, 2, 2,
    2, 2, 2, 2, 2, 2, 2, 2, 2, 2, 2, 2, 2, 2, 2, 2, 2, 2, 2, 2,
    2, 2, 2, 2, 2, 2, 2, 2, 2, 2, 2, 2, 2, 2, 2, 2, 2, 2, 2, 2,
    2, 2, 2, 2, 2, 2, 2, 2, 2, 2, 2, 2, 2, 2, 2, 2, 2, 2, 2, 2
};

const u16 gb_level04_layer_b[30720] = {
    0, 0, 0, 0, 0, 0, 0, 0, 0, 0, 0, 0, 0, 0, 0, 0, 0, 0, 0, 0,
    0, 0, 0, 0, 0, 0, 0, 0, 0, 0, 0, 0, 0, 0, 0, 0, 0, 0, 0, 0,
    0, 0, 0, 0, 0, 0, 0, 0, 0, 0, 0, 0, 0, 0, 0, 0, 0, 0, 0, 0,
    0, 0, 0, 0, 0, 0, 0, 0, 0, 0, 0, 0, 0, 0, 0, 0, 0, 0, 0, 0,
    0, 0, 0, 0, 0, 0, 0, 0, 0, 0, 0, 0, 0, 0, 0, 0, 0, 0, 0, 0,
    0, 0, 0, 0, 0, 0, 0, 0, 0, 0, 0, 0, 0, 0, 0, 0, 0, 0, 0, 0,
    0, 0, 0, 0, 0, 0, 0, 0, 0, 0, 0, 0, 0, 0, 0, 0, 0, 0, 0, 0,
    0, 0, 0, 0, 0, 0, 0, 0, 0, 0, 0, 0, 0, 0, 0, 0, 0, 0, 0, 0,
    0, 0, 0, 0, 0, 0, 0, 0, 0, 0, 0, 0, 0, 0, 0, 0, 0, 0, 0, 0,
    0, 0, 0, 0, 0, 0, 0, 0, 0, 0, 0, 0, 0, 0, 0, 0, 0, 0, 0, 0,
    0, 0, 0, 0, 0, 0, 0, 0, 0, 0, 0, 0, 0, 0, 0, 0, 0, 0, 0, 0,
    0, 0, 0, 0, 0, 0, 0, 0, 0, 0, 0, 0, 0, 0, 0, 0, 0, 0, 0, 0,
    0, 0, 0, 0, 0, 0, 0, 0, 0, 0, 0, 0, 0, 0, 0, 0, 0, 0, 0, 0,
    0, 0, 0, 0, 0, 0, 0, 0, 0, 0, 0, 0, 0, 0, 0, 0, 0, 0, 0, 0,
    0, 0, 0, 0, 0, 0, 0, 0, 0, 0, 0, 0, 0, 0, 0, 0, 0, 0, 0, 0,
    0, 0, 0, 0, 0, 0, 0, 0, 0, 0, 0, 0, 0, 0, 0, 0, 0, 0, 0, 0,
    0, 0, 0, 0, 0, 0, 0, 0, 0, 0, 0, 0, 0, 0, 0, 0, 0, 0, 0, 0,
    0, 0, 0, 0, 0, 0, 0, 0, 0, 0, 0, 0, 0, 0, 0, 0, 0, 0, 0, 0,
    0, 0, 0, 0, 0, 0, 0, 0, 0, 0, 0, 0, 0, 0, 0, 0, 0, 0, 0, 0,
    0, 0, 0, 0, 0, 0, 0, 0, 0, 0, 0, 0, 0, 0, 0, 0, 0, 0, 0, 0,
    0, 0, 0, 0, 0, 0, 0, 0, 0, 0, 0, 0, 0, 0, 0, 0, 0, 0, 0, 0,
    0, 0, 0, 0, 0, 0, 0, 0, 0, 0, 0, 0, 0, 0, 0, 0, 0, 0, 0, 0,
    0, 0, 0, 0, 0, 0, 0, 0, 0, 0, 0, 0, 0, 0, 0, 0, 0, 0, 0, 0,
    0, 0, 0, 0, 0, 0, 0, 0, 0, 0, 0, 0, 0, 0, 0, 0, 0, 0, 0, 0,
    0, 0, 0, 0, 0, 0, 0, 0, 0, 0, 0, 0, 0, 0, 0, 0, 0, 0, 0, 0,
    0, 0, 0, 0, 0, 0, 0, 0, 0, 0, 0, 0, 0, 0, 0, 0, 0, 0, 0, 0,
    0, 0, 0, 0, 0, 0, 0, 0, 0, 0, 0, 0, 0, 0, 0, 0, 0, 0, 0, 0,
    0, 0, 0, 0, 0, 0, 0, 0, 0, 0, 0, 0, 0, 0, 0, 0, 0, 0, 0, 0,
    0, 0, 0, 0, 0, 0, 0, 0, 0, 0, 0, 0, 0, 0, 0, 0, 0, 0, 0, 0,
    0, 0, 0, 0, 0, 0, 0, 0, 0, 0, 0, 0, 0, 0, 0, 0, 0, 0, 0, 0,
    0, 0, 0, 0, 0, 0, 0, 0, 0, 0, 0, 0, 0, 0, 0, 0, 0, 0, 0, 0,
    0, 0, 0, 0, 0, 0, 0, 0, 0, 0, 0, 0, 0, 0, 0, 0, 0, 0, 0, 0,
    0, 0, 0, 0, 0, 0, 0, 0, 0, 0, 0, 0, 0, 0, 0, 0, 0, 0, 0, 0,
    0, 0, 0, 0, 0, 0, 0, 0, 0, 0, 0, 0, 0, 0, 0, 0, 0, 0, 0, 0,
    0, 0, 0, 0, 0, 0, 0, 0, 0, 0, 0, 0, 0, 0, 0, 0, 0, 0, 0, 0,
    0, 0, 0, 0, 0, 0, 0, 0, 0, 0, 0, 0, 0, 0, 0, 0, 0, 0, 0, 0,
    0, 0, 0, 0, 0, 0, 0, 0, 0, 0, 0, 0, 0, 0, 0, 0, 0, 0, 0, 0,
    0, 0, 0, 0, 0, 0, 0, 0, 0, 0, 0, 0, 0, 0, 0, 0, 0, 0, 0, 0,
    0, 0, 0, 0, 0, 0, 0, 0, 0, 0, 0, 0, 0, 0, 0, 0, 0, 0, 0, 0,
    0, 0, 0, 0, 0, 0, 0, 0, 0, 0, 0, 0, 0, 0, 0, 0, 0, 0, 0, 0,
    0, 0, 0, 0, 0, 0, 0, 0, 0, 0, 0, 0, 0, 0, 0, 0, 0, 0, 0, 0,
    0, 0, 0, 0, 0, 0, 0, 0, 0, 0, 0, 0, 0, 0, 0, 0, 0, 0, 0, 0,
    0, 0, 0, 0, 0, 0, 0, 0, 0, 0, 0, 0, 0, 0, 0, 0, 0, 0, 0, 0,
    0, 0, 0, 0, 0, 0, 0, 0, 0, 0, 0, 0, 0, 0, 0, 0, 0, 0, 0, 0,
    0, 0, 0, 0, 0, 0, 0, 0, 0, 0, 0, 0, 0, 0, 0, 0, 0, 0, 0, 0,
    0, 0, 0, 0, 0, 0, 0, 0, 0, 0, 0, 0, 0, 0, 0, 0, 0, 0, 0, 0,
    0, 0, 0, 0, 0, 0, 0, 0, 0, 0, 0, 0, 0, 0, 0, 0, 0, 0, 0, 0,
    0, 0, 0, 0, 0, 0, 0, 0, 0, 0, 0, 0, 0, 0, 0, 0, 0, 0, 0, 0,
    0, 0, 0, 0, 0, 0, 0, 0, 0, 0, 0, 0, 0, 0, 0, 0, 0, 0, 0, 0,
    0, 0, 0, 0, 0, 0, 0, 0, 0, 0, 0, 0, 0, 0, 0, 0, 0, 0, 0, 0,
    0, 0, 0, 0, 0, 0, 0, 0, 0, 0, 0, 0, 0, 0, 0, 0, 0, 0, 0, 0,
    0, 0, 0, 0, 0, 0, 0, 0, 0, 0, 0, 0, 0, 0, 0, 0, 0, 0, 0, 0,
    0, 0, 0, 0, 0, 0, 0, 0, 0, 0, 0, 0, 0, 0, 0, 0, 0, 0, 0, 0,
    0, 0, 0, 0, 0, 0, 0, 0, 0, 0, 0, 0, 0, 0, 0, 0, 0, 0, 0, 0,
    0, 0, 0, 0, 0, 0, 0, 0, 0, 0, 0, 0, 0, 0, 0, 0, 0, 0, 0, 0,
    0, 0, 0, 0, 0, 0, 0, 0, 0, 0, 0, 0, 0, 0, 0, 0, 0, 0, 0, 0,
    0, 0, 0, 0, 0, 0, 0, 0, 0, 0, 0, 0, 0, 0, 0, 0, 0, 0, 0, 0,
    0, 0, 0, 0, 0, 0, 0, 0, 0, 0, 0, 0, 0, 0, 0, 0, 0, 0, 0, 0,
    0, 0, 0, 0, 0, 0, 0, 0, 0, 0, 0, 0, 0, 0, 0, 0, 0, 0, 0, 0,
    0, 0, 0, 0, 0, 0, 0, 0, 0, 0, 0, 0, 0, 0, 0, 0, 0, 0, 0, 0,
    0, 0, 0, 0, 0, 0, 0, 0, 0, 0, 0, 0, 0, 0, 0, 0, 0, 0, 0, 0,
    0, 0, 0, 0, 0, 0, 0, 0, 0, 0, 0, 0, 0, 0, 0, 0, 0, 0, 0, 0,
    0, 0, 0, 0, 0, 0, 0, 0, 0, 0, 0, 0, 0, 0, 0, 0, 0, 0, 0, 0,
    0, 0, 0, 0, 0, 0, 0, 0, 0, 0, 0, 0, 0, 0, 0, 0, 0, 0, 0, 0,
    0, 0, 0, 0, 0, 0, 0, 0, 0, 0, 0, 0, 0, 0, 0, 0, 0, 0, 0, 0,
    0, 0, 0, 0, 0, 0, 0, 0, 0, 0, 0, 0, 0, 0, 0, 0, 0, 0, 0, 0,
    0, 0, 0, 0, 0, 0, 0, 0, 0, 0, 0, 0, 0, 0, 0, 0, 0, 0, 0, 0,
    0, 0, 0, 0, 0, 0, 0, 0, 0, 0, 0, 0, 0, 0, 0, 0, 0, 0, 0, 0,
    0, 0, 0, 0, 0, 0, 0, 0, 0, 0, 0, 0, 0, 0, 0, 0, 0, 0, 0, 0,
    0, 0, 0, 0, 0, 0, 0, 0, 0, 0, 0, 0, 0, 0, 0, 0, 0, 0, 0, 0,
    0, 0, 0, 0, 0, 0, 0, 0, 0, 0, 0, 0, 0, 0, 0, 0, 0, 0, 0, 0,
    0, 0, 0, 0, 0, 0, 0, 0, 0, 0, 0, 0, 0, 0, 0, 0, 0, 0, 0, 0,
    0, 0, 0, 0, 0, 0, 0, 0, 0, 0, 0, 0, 0, 0, 0, 0, 0, 0, 0, 0,
    0, 0, 0, 0, 0, 0, 0, 0, 0, 0, 0, 0, 0, 0, 0, 0, 0, 0, 0, 0,
    0, 0, 0, 0, 0, 0, 0, 0, 0, 0, 0, 0, 0, 0, 0, 0, 0, 0, 0, 0,
    0, 0, 0, 0, 0, 0, 0, 0, 0, 0, 0, 0, 0, 0, 0, 0, 0, 0, 0, 0,
    0, 0, 0, 0, 0, 0, 0, 0, 0, 0, 0, 0, 0, 0, 0, 0, 0, 0, 0, 0,
    0, 0, 0, 0, 0, 0, 0, 0, 0, 0, 0, 0, 0, 0, 0, 0, 0, 0, 0, 0,
    0, 0, 0, 0, 0, 0, 0, 0, 0, 0, 0, 0, 0, 0, 0, 0, 0, 0, 0, 0,
    0, 0, 0, 0, 0, 0, 0, 0, 0, 0, 0, 0, 0, 0, 0, 0, 0, 0, 0, 0,
    0, 0, 0, 0, 0, 0, 0, 0, 0, 0, 0, 0, 0, 0, 0, 0, 0, 0, 0, 0,
    0, 0, 0, 0, 0, 0, 0, 0, 0, 0, 0, 0, 0, 0, 0, 0, 0, 0, 0, 0,
    0, 0, 0, 0, 0, 0, 0, 0, 0, 0, 0, 0, 0, 0, 0, 0, 0, 0, 0, 0,
    0, 0, 0, 0, 0, 0, 0, 0, 0, 0, 0, 0, 0, 0, 0, 0, 0, 0, 0, 0,
    0, 0, 0, 0, 0, 0, 0, 0, 0, 0, 0, 0, 0, 0, 0, 0, 0, 0, 0, 0,
    0, 0, 0, 0, 0, 0, 0, 0, 0, 0, 0, 0, 0, 0, 0, 0, 0, 0, 0, 0,
    0, 0, 0, 0, 0, 0, 0, 0, 0, 0, 0, 0, 0, 0, 0, 0, 0, 0, 0, 0,
    0, 0, 0, 0, 0, 0, 0, 0, 0, 0, 0, 0, 0, 0, 0, 0, 0, 0, 0, 0,
    0, 0, 0, 0, 0, 0, 0, 0, 0, 0, 0, 0, 0, 0, 0, 0, 0, 0, 0, 0,
    0, 0, 0, 0, 0, 0, 0, 0, 0, 0, 0, 0, 0, 0, 0, 0, 0, 0, 0, 0,
    0, 0, 0, 0, 0, 0, 0, 0, 0, 0, 0, 0, 0, 0, 0, 0, 0, 0, 0, 0,
    0, 0, 0, 0, 0, 0, 0, 0, 0, 0, 0, 0, 0, 0, 0, 0, 0, 0, 0, 0,
    0, 0, 0, 0, 0, 0, 0, 0, 0, 0, 0, 0, 0, 0, 0, 0, 0, 0, 0, 0,
    0, 0, 0, 0, 0, 0, 0, 0, 0, 0, 0, 0, 0, 0, 0, 0, 0, 0, 0, 0,
    0, 0, 0, 0, 0, 0, 0, 0, 0, 0, 0, 0, 0, 0, 0, 0, 0, 0, 0, 0,
    0, 0, 0, 0, 0, 0, 0, 0, 0, 0, 0, 0, 0, 0, 0, 0, 0, 0, 0, 0,
    0, 0, 0, 0, 0, 0, 0, 0, 0, 0, 0, 0, 0, 0, 0, 0, 0, 0, 0, 0,
    0, 0, 0, 0, 0, 0, 0, 0, 0, 0, 0, 0, 0, 0, 0, 0, 0, 0, 0, 0,
    0, 0, 0, 0, 0, 0, 0, 0, 0, 0, 0, 0, 0, 0, 0, 0, 0, 0, 0, 0,
    0, 0, 0, 0, 0, 0, 0, 0, 0, 0, 0, 0, 0, 0, 0, 0, 0, 0, 0, 0,
    0, 0, 0, 0, 0, 0, 0, 0, 0, 0, 0, 0, 0, 0, 0, 0, 0, 0, 0, 0,
    0, 0, 0, 0, 0, 0, 0, 0, 0, 0, 0, 0, 0, 0, 0, 0, 0, 0, 0, 0,
    0, 0, 0, 0, 0, 0, 0, 0, 0, 0, 0, 0, 0, 0, 0, 0, 0, 0, 0, 0,
    0, 0, 0, 0, 0, 0, 0, 0, 0, 0, 0, 0, 0, 0, 0, 0, 0, 0, 0, 0,
    0, 0, 0, 0, 0, 0, 0, 0, 0, 0, 0, 0, 0, 0, 0, 0, 0, 0, 0, 0,
    0, 0, 0, 0, 0, 0, 0, 0, 0, 0, 0, 0, 0, 0, 0, 0, 0, 0, 0, 0,
    0, 0, 0, 0, 0, 0, 0, 0, 0, 0, 0, 0, 0, 0, 0, 0, 0, 0, 0, 0,
    0, 0, 0, 0, 0, 0, 0, 0, 0, 0, 0, 0, 0, 0, 0, 0, 0, 0, 0, 0,
    0, 0, 0, 0, 0, 0, 0, 0, 0, 0, 0, 0, 0, 0, 0, 0, 0, 0, 0, 0,
    0, 0, 0, 0, 0, 0, 0, 0, 0, 0, 0, 0, 0, 0, 0, 0, 0, 0, 0, 0,
    0, 0, 0, 0, 0, 0, 0, 0, 0, 0, 0, 0, 0, 0, 0, 0, 0, 0, 0, 0,
    0, 0, 0, 0, 0, 0, 0, 0, 0, 0, 0, 0, 0, 0, 0, 0, 0, 0, 0, 0,
    0, 0, 0, 0, 0, 0, 0, 0, 0, 0, 0, 0, 0, 0, 0, 0, 0, 0, 0, 0,
    0, 0, 0, 0, 0, 0, 0, 0, 0, 0, 0, 0, 0, 0, 0, 0, 0, 0, 0, 0,
    0, 0, 0, 0, 0, 0, 0, 0, 0, 0, 0, 0, 0, 0, 0, 0, 0, 0, 0, 0,
    0, 0, 0, 0, 0, 0, 0, 0, 0, 0, 0, 0, 0, 0, 0, 0, 0, 0, 0, 0,
    0, 0, 0, 0, 0, 0, 0, 0, 0, 0, 0, 0, 0, 0, 0, 0, 0, 0, 0, 0,
    0, 0, 0, 0, 0, 0, 0, 0, 0, 0, 0, 0, 0, 0, 0, 0, 0, 0, 0, 0,
    0, 0, 0, 0, 0, 0, 0, 0, 0, 0, 0, 0, 0, 0, 0, 0, 0, 0, 0, 0,
    0, 0, 0, 0, 0, 0, 0, 0, 0, 0, 0, 0, 0, 0, 0, 0, 0, 0, 0, 0,
    0, 0, 0, 0, 0, 0, 0, 0, 0, 0, 0, 0, 0, 0, 0, 0, 0, 0, 0, 0,
    0, 0, 0, 0, 0, 0, 0, 0, 0, 0, 0, 0, 0, 0, 0, 0, 0, 0, 0, 0,
    0, 0, 0, 0, 0, 0, 0, 0, 0, 0, 0, 0, 0, 0, 0, 0, 0, 0, 0, 0,
    0, 0, 0, 0, 0, 0, 0, 0, 0, 0, 0, 0, 0, 0, 0, 0, 0, 0, 0, 0,
    0, 0, 0, 0, 0, 0, 0, 0, 0, 0, 0, 0, 0, 0, 0, 0, 0, 0, 0, 0,
    0, 0, 0, 0, 0, 0, 0, 0, 0, 0, 0, 0, 0, 0, 0, 0, 0, 0, 0, 0,
    0, 0, 0, 0, 0, 0, 0, 0, 0, 0, 0, 0, 0, 0, 0, 0, 0, 0, 0, 0,
    0, 0, 0, 0, 0, 0, 0, 0, 0, 0, 0, 0, 0, 0, 0, 0, 0, 0, 0, 0,
    0, 0, 0, 0, 0, 0, 0, 0, 0, 0, 0, 0, 0, 0, 0, 0, 0, 0, 0, 0,
    0, 0, 0, 0, 0, 0, 0, 0, 0, 0, 0, 0, 0, 0, 0, 0, 0, 0, 0, 0,
    0, 0, 0, 0, 0, 0, 0, 0, 0, 0, 0, 0, 0, 0, 0, 0, 0, 0, 0, 0,
    0, 0, 0, 0, 0, 0, 0, 0, 0, 0, 0, 0, 0, 0, 0, 0, 0, 0, 0, 0,
    0, 0, 0, 0, 0, 0, 0, 0, 0, 0, 0, 0, 0, 0, 0, 0, 0, 0, 0, 0,
    0, 0, 0, 0, 0, 0, 0, 0, 0, 0, 0, 0, 0, 0, 0, 0, 0, 0, 0, 0,
    0, 0, 0, 0, 0, 0, 0, 0, 0, 0, 0, 0, 0, 0, 0, 0, 0, 0, 0, 0,
    0, 0, 0, 0, 0, 0, 0, 0, 0, 0, 0, 0, 0, 0, 0, 0, 0, 0, 0, 0,
    0, 0, 0, 0, 0, 0, 0, 0, 0, 0, 0, 0, 0, 0, 0, 0, 0, 0, 0, 0,
    0, 0, 0, 0, 0, 0, 0, 0, 0, 0, 0, 0, 0, 0, 0, 0, 0, 0, 0, 0,
    0, 0, 0, 0, 0, 0, 0, 0, 0, 0, 0, 0, 0, 0, 0, 0, 0, 0, 0, 0,
    0, 0, 0, 0, 0, 0, 0, 0, 0, 0, 0, 0, 0, 0, 0, 0, 0, 0, 0, 0,
    0, 0, 0, 0, 0, 0, 0, 0, 0, 0, 0, 0, 0, 0, 0, 0, 0, 0, 0, 0,
    0, 0, 0, 0, 0, 0, 0, 0, 0, 0, 0, 0, 0, 0, 0, 0, 0, 0, 0, 0,
    0, 0, 0, 0, 0, 0, 0, 0, 0, 0, 0, 0, 0, 0, 0, 0, 0, 0, 0, 0,
    0, 0, 0, 0, 0, 0, 0, 0, 0, 0, 0, 0, 0, 0, 0, 0, 0, 0, 0, 0,
    0, 0, 0, 0, 0, 0, 0, 0, 0, 0, 0, 0, 0, 0, 0, 0, 0, 0, 0, 0,
    0, 0, 0, 0, 0, 0, 0, 0, 0, 0, 0, 0, 0, 0, 0, 0, 0, 0, 0, 0,
    0, 0, 0, 0, 0, 0, 0, 0, 0, 0, 0, 0, 0, 0, 0, 0, 0, 0, 0, 0,
    0, 0, 0, 0, 0, 0, 0, 0, 0, 0, 0, 0, 0, 0, 0, 0, 0, 0, 0, 0,
    0, 0, 0, 0, 0, 0, 0, 0, 0, 0, 0, 0, 0, 0, 0, 0, 0, 0, 0, 0,
    0, 0, 0, 0, 0, 0, 0, 0, 0, 0, 0, 0, 0, 0, 0, 0, 0, 0, 0, 0,
    0, 0, 0, 0, 0, 0, 0, 0, 0, 0, 0, 0, 0, 0, 0, 0, 0, 0, 0, 0,
    0, 0, 0, 0, 0, 0, 0, 0, 0, 0, 0, 0, 0, 0, 0, 0, 0, 0, 0, 0,
    0, 0, 0, 0, 0, 0, 0, 0, 0, 0, 0, 0, 0, 0, 0, 0, 0, 0, 0, 0,
    0, 0, 0, 0, 0, 0, 0, 0, 0, 0, 0, 0, 0, 0, 0, 0, 0, 0, 0, 0,
    0, 0, 0, 0, 0, 0, 0, 0, 0, 0, 0, 0, 0, 0, 0, 0, 0, 0, 0, 0,
    0, 0, 0, 0, 0, 0, 0, 0, 0, 0, 0, 0, 0, 0, 0, 0, 0, 0, 0, 0,
    0, 0, 0, 0, 0, 0, 0, 0, 0, 0, 0, 0, 0, 0, 0, 0, 0, 0, 0, 0,
    0, 0, 0, 0, 0, 0, 0, 0, 0, 0, 0, 0, 0, 0, 0, 0, 0, 0, 0, 0,
    0, 0, 0, 0, 0, 0, 0, 0, 0, 0, 0, 0, 0, 0, 0, 0, 0, 0, 0, 0,
    0, 0, 0, 0, 0, 0, 0, 0, 0, 0, 0, 0, 0, 0, 0, 0, 0, 0, 0, 0,
    0, 0, 0, 0, 0, 0, 0, 0, 0, 0, 0, 0, 0, 0, 0, 0, 0, 0, 0, 0,
    0, 0, 0, 0, 0, 0, 0, 0, 0, 0, 0, 0, 0, 0, 0, 0, 0, 0, 0, 0,
    0, 0, 0, 0, 0, 0, 0, 0, 0, 0, 0, 0, 0, 0, 0, 0, 0, 0, 0, 0,
    0, 0, 0, 0, 0, 0, 0, 0, 0, 0, 0, 0, 0, 0, 0, 0, 0, 0, 0, 0,
    0, 0, 0, 0, 0, 0, 0, 0, 0, 0, 0, 0, 0, 0, 0, 0, 0, 0, 0, 0,
    0, 0, 0, 0, 0, 0, 0, 0, 0, 0, 0, 0, 0, 0, 0, 0, 0, 0, 0, 0,
    0, 0, 0, 0, 0, 0, 0, 0, 0, 0, 0, 0, 0, 0, 0, 0, 0, 0, 0, 0,
    0, 0, 0, 0, 0, 0, 0, 0, 0, 0, 0, 0, 0, 0, 0, 0, 0, 0, 0, 0,
    0, 0, 0, 0, 0, 0, 0, 0, 0, 0, 0, 0, 0, 0, 0, 0, 0, 0, 0, 0,
    0, 0, 0, 0, 0, 0, 0, 0, 0, 0, 0, 0, 0, 0, 0, 0, 0, 0, 0, 0,
    0, 0, 0, 0, 0, 0, 0, 0, 0, 0, 0, 0, 0, 0, 0, 0, 0, 0, 0, 0,
    0, 0, 0, 0, 0, 0, 0, 0, 0, 0, 0, 0, 0, 0, 0, 0, 0, 0, 0, 0,
    0, 0, 0, 0, 0, 0, 0, 0, 0, 0, 0, 0, 0, 0, 0, 0, 0, 0, 0, 0,
    0, 0, 0, 0, 0, 0, 0, 0, 0, 0, 0, 0, 0, 0, 0, 0, 0, 0, 0, 0,
    0, 0, 0, 0, 0, 0, 0, 0, 0, 0, 0, 0, 0, 0, 0, 0, 0, 0, 0, 0,
    0, 0, 0, 0, 0, 0, 0, 0, 0, 0, 0, 0, 0, 0, 0, 0, 0, 0, 0, 0,
    0, 0, 0, 0, 0, 0, 0, 0, 0, 0, 0, 0, 0, 0, 0, 0, 0, 0, 0, 0,
    0, 0, 0, 0, 0, 0, 0, 0, 0, 0, 0, 0, 0, 0, 0, 0, 0, 0, 0, 0,
    0, 0, 0, 0, 0, 0, 0, 0, 0, 0, 0, 0, 0, 0, 0, 0, 0, 0, 0, 0,
    0, 0, 0, 0, 0, 0, 0, 0, 0, 0, 0, 0, 0, 0, 0, 0, 0, 0, 0, 0,
    0, 0, 0, 0, 0, 0, 0, 0, 0, 0, 0, 0, 0, 0, 0, 0, 0, 0, 0, 0,
    0, 0, 0, 0, 0, 0, 0, 0, 0, 0, 0, 0, 0, 0, 0, 0, 0, 0, 0, 0,
    0, 0, 0, 0, 0, 0, 0, 0, 0, 0, 0, 0, 0, 0, 0, 0, 0, 0, 0, 0,
    0, 0, 0, 0, 0, 0, 0, 0, 0, 0, 0, 0, 0, 0, 0, 0, 0, 0, 0, 0,
    0, 0, 0, 0, 0, 0, 0, 0, 0, 0, 0, 0, 0, 0, 0, 0, 0, 0, 0, 0,
    0, 0, 0, 0, 0, 0, 0, 0, 0, 0, 0, 0, 0, 0, 0, 0, 0, 0, 0, 0,
    0, 0, 0, 0, 0, 0, 0, 0, 0, 0, 0, 0, 0, 0, 0, 0, 0, 0, 0, 0,
    0, 0, 0, 0, 0, 0, 0, 0, 0, 0, 0, 0, 0, 0, 0, 0, 0, 0, 0, 0,
    0, 0, 0, 0, 0, 0, 0, 0, 0, 0, 0, 0, 0, 0, 0, 0, 0, 0, 0, 0,
    0, 0, 0, 0, 0, 0, 0, 0, 0, 0, 0, 0, 0, 0, 0, 0, 0, 0, 0, 0,
    0, 0, 0, 0, 0, 0, 0, 0, 0, 0, 0, 0, 0, 0, 0, 0, 0, 0, 0, 0,
    0, 0, 0, 0, 0, 0, 0, 0, 0, 0, 0, 0, 0, 0, 0, 0, 0, 0, 0, 0,
    0, 0, 0, 0, 0, 0, 0, 0, 0, 0, 0, 0, 0, 0, 0, 0, 0, 0, 0, 0,
    0, 0, 0, 0, 0, 0, 0, 0, 0, 0, 0, 0, 0, 0, 0, 0, 0, 0, 0, 0,
    0, 0, 0, 0, 0, 0, 0, 0, 0, 0, 0, 0, 0, 0, 0, 0, 0, 0, 0, 0,
    0, 0, 0, 0, 0, 0, 0, 0, 0, 0, 0, 0, 0, 0, 0, 0, 0, 0, 0, 0,
    0, 0, 0, 0, 0, 0, 0, 0, 0, 0, 0, 0, 0, 0, 0, 0, 0, 0, 0, 0,
    0, 0, 0, 0, 0, 0, 0, 0, 0, 0, 0, 0, 0, 0, 0, 0, 0, 0, 0, 0,
    0, 0, 0, 0, 0, 0, 0, 0, 0, 0, 0, 0, 0, 0, 0, 0, 0, 0, 0, 0,
    0, 0, 0, 0, 0, 0, 0, 0, 0, 0, 0, 0, 0, 0, 0, 0, 0, 0, 0, 0,
    0, 0, 0, 0, 0, 0, 0, 0, 0, 0, 0, 0, 0, 0, 0, 0, 0, 0, 0, 0,
    0, 0, 0, 0, 0, 0, 0, 0, 0, 0, 0, 0, 0, 0, 0, 0, 0, 0, 0, 0,
    0, 0, 0, 0, 0, 0, 0, 0, 0, 0, 0, 0, 0, 0, 0, 0, 0, 0, 0, 0,
    0, 0, 0, 0, 0, 0, 0, 0, 0, 0, 0, 0, 0, 0, 0, 0, 0, 0, 0, 0,
    0, 0, 0, 0, 0, 0, 0, 0, 0, 0, 0, 0, 0, 0, 0, 0, 0, 0, 0, 0,
    0, 0, 0, 0, 0, 0, 0, 0, 0, 0, 0, 0, 0, 0, 0, 0, 0, 0, 0, 0,
    0, 0, 0, 0, 0, 0, 0, 0, 0, 0, 0, 0, 0, 0, 0, 0, 0, 0, 0, 0,
    0, 0, 0, 0, 0, 0, 0, 0, 0, 0, 0, 0, 0, 0, 0, 0, 0, 0, 0, 0,
    0, 0, 0, 0, 0, 0, 0, 0, 0, 0, 0, 0, 0, 0, 0, 0, 0, 0, 0, 0,
    0, 0, 0, 0, 0, 0, 0, 0, 0, 0, 0, 0, 0, 0, 0, 0, 0, 0, 0, 0,
    0, 0, 0, 0, 0, 0, 0, 0, 0, 0, 0, 0, 0, 0, 0, 0, 0, 0, 0, 0,
    0, 0, 0, 0, 0, 0, 0, 0, 0, 0, 0, 0, 0, 0, 0, 0, 0, 0, 0, 0,
    0, 0, 0, 0, 0, 0, 0, 0, 0, 0, 0, 0, 0, 0, 0, 0, 0, 0, 0, 0,
    0, 0, 0, 0, 0, 0, 0, 0, 0, 0, 0, 0, 0, 0, 0, 0, 0, 0, 0, 0,
    0, 0, 0, 0, 0, 0, 0, 0, 0, 0, 0, 0, 0, 0, 0, 0, 0, 0, 0, 0,
    0, 0, 0, 0, 0, 0, 0, 0, 0, 0, 0, 0, 0, 0, 0, 0, 0, 0, 0, 0,
    0, 0, 0, 0, 0, 0, 0, 0, 0, 0, 0, 0, 0, 0, 0, 0, 0, 0, 0, 0,
    0, 0, 0, 0, 0, 0, 0, 0, 0, 0, 0, 0, 0, 0, 0, 0, 0, 0, 0, 0,
    0, 0, 0, 0, 0, 0, 0, 0, 0, 0, 0, 0, 0, 0, 0, 0, 0, 0, 0, 0,
    0, 0, 0, 0, 0, 0, 0, 0, 0, 0, 0, 0, 0, 0, 0, 0, 0, 0, 0, 0,
    0, 0, 0, 0, 0, 0, 0, 0, 0, 0, 0, 0, 0, 0, 0, 0, 0, 0, 0, 0,
    0, 0, 0, 0, 0, 0, 0, 0, 0, 0, 0, 0, 0, 0, 0, 0, 0, 0, 0, 0,
    0, 0, 0, 0, 0, 0, 0, 0, 0, 0, 0, 0, 0, 0, 0, 0, 0, 0, 0, 0,
    0, 0, 0, 0, 0, 0, 0, 0, 0, 0, 0, 0, 0, 0, 0, 0, 0, 0, 0, 0,
    0, 0, 0, 0, 0, 0, 0, 0, 0, 0, 0, 0, 0, 0, 0, 0, 0, 0, 0, 0,
    0, 0, 0, 0, 0, 0, 0, 0, 0, 0, 0, 0, 0, 0, 0, 0, 0, 0, 0, 0,
    0, 0, 0, 0, 0, 0, 0, 0, 0, 0, 0, 0, 0, 0, 0, 0, 0, 0, 0, 0,
    0, 0, 0, 0, 0, 0, 0, 0, 0, 0, 0, 0, 0, 0, 0, 0, 0, 0, 0, 0,
    0, 0, 0, 0, 0, 0, 0, 0, 0, 0, 0, 0, 0, 0, 0, 0, 0, 0, 0, 0,
    0, 0, 0, 0, 0, 0, 0, 0, 0, 0, 0, 0, 0, 0, 0, 0, 0, 0, 0, 0,
    0, 0, 0, 0, 0, 0, 0, 0, 0, 0, 0, 0, 0, 0, 0, 0, 0, 0, 0, 0,
    0, 0, 0, 0, 0, 0, 0, 0, 0, 0, 0, 0, 0, 0, 0, 0, 0, 0, 0, 0,
    0, 0, 0, 0, 0, 0, 0, 0, 0, 0, 0, 0, 0, 0, 0, 0, 0, 0, 0, 0,
    0, 0, 0, 0, 0, 0, 0, 0, 0, 0, 0, 0, 0, 0, 0, 0, 0, 0, 0, 0,
    0, 0, 0, 0, 0, 0, 0, 0, 0, 0, 0, 0, 0, 0, 0, 0, 0, 0, 0, 0,
    0, 0, 0, 0, 0, 0, 0, 0, 0, 0, 0, 0, 0, 0, 0, 0, 0, 0, 0, 0,
    0, 0, 0, 0, 0, 0, 0, 0, 0, 0, 0, 0, 0, 0, 0, 0, 0, 0, 0, 0,
    0, 0, 0, 0, 0, 0, 0, 0, 0, 0, 0, 0, 0, 0, 0, 0, 0, 0, 0, 0,
    0, 0, 0, 0, 0, 0, 0, 0, 0, 0, 0, 0, 0, 0, 0, 0, 0, 0, 0, 0,
    0, 0, 0, 0, 0, 0, 0, 0, 0, 0, 0, 0, 0, 0, 0, 0, 0, 0, 0, 0,
    0, 0, 0, 0, 0, 0, 0, 0, 0, 0, 0, 0, 0, 0, 0, 0, 0, 0, 0, 0,
    0, 0, 0, 0, 0, 0, 0, 0, 0, 0, 0, 0, 0, 0, 0, 0, 0, 0, 0, 0,
    0, 0, 0, 0, 0, 0, 0, 0, 0, 0, 0, 0, 0, 0, 0, 0, 0, 0, 0, 0,
    0, 0, 0, 0, 0, 0, 0, 0, 0, 0, 0, 0, 0, 0, 0, 0, 0, 0, 0, 0,
    0, 0, 0, 0, 0, 0, 0, 0, 0, 0, 0, 0, 0, 0, 0, 0, 0, 0, 0, 0,
    0, 0, 0, 0, 0, 0, 0, 0, 0, 0, 0, 0, 0, 0, 0, 0, 0, 0, 0, 0,
    0, 0, 0, 0, 0, 0, 0, 0, 0, 0, 0, 0, 0, 0, 0, 0, 0, 0, 0, 0,
    0, 0, 0, 0, 0, 0, 0, 0, 0, 0, 0, 0, 0, 0, 0, 0, 0, 0, 0, 0,
    0, 0, 0, 0, 0, 0, 0, 0, 0, 0, 0, 0, 0, 0, 0, 0, 0, 0, 0, 0,
    0, 0, 0, 0, 0, 0, 0, 0, 0, 0, 0, 0, 0, 0, 0, 0, 0, 0, 0, 0,
    0, 0, 0, 0, 0, 0, 0, 0, 0, 0, 0, 0, 0, 0, 0, 0, 0, 0, 0, 0,
    0, 0, 0, 0, 0, 0, 0, 0, 0, 0, 0, 0, 0, 0, 0, 0, 0, 0, 0, 0,
    0, 0, 0, 0, 0, 0, 0, 0, 0, 0, 0, 0, 0, 0, 0, 0, 0, 0, 0, 0,
    0, 0, 0, 0, 0, 0, 0, 0, 0, 0, 0, 0, 0, 0, 0, 0, 0, 0, 0, 0,
    0, 0, 0, 0, 0, 0, 0, 0, 0, 0, 0, 0, 0, 0, 0, 0, 0, 0, 0, 0,
    0, 0, 0, 0, 0, 0, 0, 0, 0, 0, 0, 0, 0, 0, 0, 0, 0, 0, 0, 0,
    0, 0, 0, 0, 0, 0, 0, 0, 0, 0, 0, 0, 0, 0, 0, 0, 0, 0, 0, 0,
    0, 0, 0, 0, 0, 0, 0, 0, 0, 0, 0, 0, 0, 0, 0, 0, 0, 0, 0, 0,
    0, 0, 0, 0, 0, 0, 0, 0, 0, 0, 0, 0, 0, 0, 0, 0, 0, 0, 0, 0,
    0, 0, 0, 0, 0, 0, 0, 0, 0, 0, 0, 0, 0, 0, 0, 0, 0, 0, 0, 0,
    0, 0, 0, 0, 0, 0, 0, 0, 0, 0, 0, 0, 0, 0, 0, 0, 0, 0, 0, 0,
    0, 0, 0, 0, 0, 0, 0, 0, 0, 0, 0, 0, 0, 0, 0, 0, 0, 0, 0, 0,
    0, 0, 0, 0, 0, 0, 0, 0, 0, 0, 0, 0, 0, 0, 0, 0, 0, 0, 0, 0,
    0, 0, 0, 0, 0, 0, 0, 0, 0, 0, 0, 0, 0, 0, 0, 0, 0, 0, 0, 0,
    0, 0, 0, 0, 0, 0, 0, 0, 0, 0, 0, 0, 0, 0, 0, 0, 0, 0, 0, 0,
    0, 0, 0, 0, 0, 0, 0, 0, 0, 0, 0, 0, 0, 0, 0, 0, 0, 0, 0, 0,
    0, 0, 0, 0, 0, 0, 0, 0, 0, 0, 0, 0, 0, 0, 0, 0, 0, 0, 0, 0,
    0, 0, 0, 0, 0, 0, 0, 0, 0, 0, 0, 0, 0, 0, 0, 0, 0, 0, 0, 0,
    0, 0, 0, 0, 0, 0, 0, 0, 0, 0, 0, 0, 0, 0, 0, 0, 0, 0, 0, 0,
    0, 0, 0, 0, 0, 0, 0, 0, 0, 0, 0, 0, 0, 0, 0, 0, 0, 0, 0, 0,
    0, 0, 0, 0, 0, 0, 0, 0, 0, 0, 0, 0, 0, 0, 0, 0, 0, 0, 0, 0,
    0, 0, 0, 0, 0, 0, 0, 0, 0, 0, 0, 0, 0, 0, 0, 0, 0, 0, 0, 0,
    0, 0, 0, 0, 0, 0, 0, 0, 0, 0, 0, 0, 0, 0, 0, 0, 0, 0, 0, 0,
    0, 0, 0, 0, 0, 0, 0, 0, 0, 0, 0, 0, 0, 0, 0, 0, 0, 0, 0, 0,
    0, 0, 0, 0, 0, 0, 0, 0, 0, 0, 0, 0, 0, 0, 0, 0, 0, 0, 0, 0,
    0, 0, 0, 0, 0, 0, 0, 0, 0, 0, 0, 0, 0, 0, 0, 0, 0, 0, 0, 0,
    0, 0, 0, 0, 0, 0, 0, 0, 0, 0, 0, 0, 0, 0, 0, 0, 0, 0, 0, 0,
    0, 0, 0, 0, 0, 0, 0, 0, 0, 0, 0, 0, 0, 0, 0, 0, 0, 0, 0, 0,
    0, 0, 0, 0, 0, 0, 0, 0, 0, 0, 0, 0, 0, 0, 0, 0, 0, 0, 0, 0,
    0, 0, 0, 0, 0, 0, 0, 0, 0, 0, 0, 0, 0, 0, 0, 0, 0, 0, 0, 0,
    0, 0, 0, 0, 0, 0, 0, 0, 0, 0, 0, 0, 0, 0, 0, 0, 0, 0, 0, 0,
    0, 0, 0, 0, 0, 0, 0, 0, 0, 0, 0, 0, 0, 0, 0, 0, 0, 0, 0, 0,
    0, 0, 0, 0, 0, 0, 0, 0, 0, 0, 0, 0, 0, 0, 0, 0, 0, 0, 0, 0,
    0, 0, 0, 0, 0, 0, 0, 0, 0, 0, 0, 0, 0, 0, 0, 0, 0, 0, 0, 0,
    0, 0, 0, 0, 0, 0, 0, 0, 0, 0, 0, 0, 0, 0, 0, 0, 0, 0, 0, 0,
    0, 0, 0, 0, 0, 0, 0, 0, 0, 0, 0, 0, 0, 0, 0, 0, 0, 0, 0, 0,
    0, 0, 0, 0, 0, 0, 0, 0, 0, 0, 0, 0, 0, 0, 0, 0, 0, 0, 0, 0,
    0, 0, 0, 0, 0, 0, 0, 0, 0, 0, 0, 0, 0, 0, 0, 0, 0, 0, 0, 0,
    0, 0, 0, 0, 0, 0, 0, 0, 0, 0, 0, 0, 0, 0, 0, 0, 0, 0, 0, 0,
    0, 0, 0, 0, 0, 0, 0, 0, 0, 0, 0, 0, 0, 0, 0, 0, 0, 0, 0, 0,
    0, 0, 0, 0, 0, 0, 0, 0, 0, 0, 0, 0, 0, 0, 0, 0, 0, 0, 0, 0,
    0, 0, 0, 0, 0, 0, 0, 0, 0, 0, 0, 0, 0, 0, 0, 0, 0, 0, 0, 0,
    0, 0, 0, 0, 0, 0, 0, 0, 0, 0, 0, 0, 0, 0, 0, 0, 0, 0, 0, 0,
    0, 0, 0, 0, 0, 0, 0, 0, 0, 0, 0, 0, 0, 0, 0, 0, 0, 0, 0, 0,
    0, 0, 0, 0, 0, 0, 0, 0, 0, 0, 0, 0, 0, 0, 0, 0, 0, 0, 0, 0,
    0, 0, 0, 0, 0, 0, 0, 0, 0, 0, 0, 0, 0, 0, 0, 0, 0, 0, 0, 0,
    0, 0, 0, 0, 0, 0, 0, 0, 0, 0, 0, 0, 0, 0, 0, 0, 0, 0, 0, 0,
    0, 0, 0, 0, 0, 0, 0, 0, 0, 0, 0, 0, 0, 0, 0, 0, 0, 0, 0, 0,
    0, 0, 0, 0, 0, 0, 0, 0, 0, 0, 0, 0, 0, 0, 0, 0, 0, 0, 0, 0,
    0, 0, 0, 0, 0, 0, 0, 0, 0, 0, 0, 0, 0, 0, 0, 0, 0, 0, 0, 0,
    0, 0, 0, 0, 0, 0, 0, 0, 0, 0, 0, 0, 0, 0, 0, 0, 0, 0, 0, 0,
    0, 0, 0, 0, 0, 0, 0, 0, 0, 0, 0, 0, 0, 0, 0, 0, 0, 0, 0, 0,
    0, 0, 0, 0, 0, 0, 0, 0, 0, 0, 0, 0, 0, 0, 0, 0, 0, 0, 0, 0,
    0, 0, 0, 0, 0, 0, 0, 0, 0, 0, 0, 0, 0, 0, 0, 0, 0, 0, 0, 0,
    0, 0, 0, 0, 0, 0, 0, 0, 0, 0, 0, 0, 0, 0, 0, 0, 0, 0, 0, 0,
    0, 0, 0, 0, 0, 0, 0, 0, 0, 0, 0, 0, 0, 0, 0, 0, 0, 0, 0, 0,
    0, 0, 0, 0, 0, 0, 0, 0, 0, 0, 0, 0, 0, 0, 0, 0, 0, 0, 0, 0,
    0, 0, 0, 0, 0, 0, 0, 0, 0, 0, 0, 0, 0, 0, 0, 0, 0, 0, 0, 0,
    0, 0, 0, 0, 0, 0, 0, 0, 0, 0, 0, 0, 0, 0, 0, 0, 0, 0, 0, 0,
    0, 0, 0, 0, 0, 0, 0, 0, 0, 0, 0, 0, 0, 0, 0, 0, 0, 0, 0, 0,
    0, 0, 0, 0, 0, 0, 0, 0, 0, 0, 0, 0, 0, 0, 0, 0, 0, 0, 0, 0,
    0, 0, 0, 0, 0, 0, 0, 0, 0, 0, 0, 0, 0, 0, 0, 0, 0, 0, 0, 0,
    0, 0, 0, 0, 0, 0, 0, 0, 0, 0, 0, 0, 0, 0, 0, 0, 0, 0, 0, 0,
    0, 0, 0, 0, 0, 0, 0, 0, 0, 0, 0, 0, 0, 0, 0, 0, 0, 0, 0, 0,
    0, 0, 0, 0, 0, 0, 0, 0, 0, 0, 0, 0, 0, 0, 0, 0, 0, 0, 0, 0,
    0, 0, 0, 0, 0, 0, 0, 0, 0, 0, 0, 0, 0, 0, 0, 0, 0, 0, 0, 0,
    0, 0, 0, 0, 0, 0, 0, 0, 0, 0, 0, 0, 0, 0, 0, 0, 0, 0, 0, 0,
    0, 0, 0, 0, 0, 0, 0, 0, 0, 0, 0, 0, 0, 0, 0, 0, 0, 0, 0, 0,
    0, 0, 0, 0, 0, 0, 0, 0, 0, 0, 0, 0, 0, 0, 0, 0, 0, 0, 0, 0,
    0, 0, 0, 0, 0, 0, 0, 0, 0, 0, 0, 0, 0, 0, 0, 0, 0, 0, 0, 0,
    0, 0, 0, 0, 0, 0, 0, 0, 0, 0, 0, 0, 0, 0, 0, 0, 0, 0, 0, 0,
    0, 0, 0, 0, 0, 0, 0, 0, 0, 0, 0, 0, 0, 0, 0, 0, 0, 0, 0, 0,
    0, 0, 0, 0, 0, 0, 0, 0, 0, 0, 0, 0, 0, 0, 0, 0, 0, 0, 0, 0,
    0, 0, 0, 0, 0, 0, 0, 0, 0, 0, 0, 0, 0, 0, 0, 0, 0, 0, 0, 0,
    0, 0, 0, 0, 0, 0, 0, 0, 0, 0, 0, 0, 0, 0, 0, 0, 0, 0, 0, 0,
    0, 0, 0, 0, 0, 0, 0, 0, 0, 0, 0, 0, 0, 0, 0, 0, 0, 0, 0, 0,
    0, 0, 0, 0, 0, 0, 0, 0, 0, 0, 0, 0, 0, 0, 0, 0, 0, 0, 0, 0,
    0, 0, 0, 0, 0, 0, 0, 0, 0, 0, 0, 0, 0, 0, 0, 0, 0, 0, 0, 0,
    0, 0, 0, 0, 0, 0, 0, 0, 0, 0, 0, 0, 0, 0, 0, 0, 0, 0, 0, 0,
    0, 0, 0, 0, 0, 0, 0, 0, 0, 0, 0, 0, 0, 0, 0, 0, 0, 0, 0, 0,
    0, 0, 0, 0, 0, 0, 0, 0, 0, 0, 0, 0, 0, 0, 0, 0, 0, 0, 0, 0,
    0, 0, 0, 0, 0, 0, 0, 0, 0, 0, 0, 0, 0, 0, 0, 0, 0, 0, 0, 0,
    0, 0, 0, 0, 0, 0, 0, 0, 0, 0, 0, 0, 0, 0, 0, 0, 0, 0, 0, 0,
    0, 0, 0, 0, 0, 0, 0, 0, 0, 0, 0, 0, 0, 0, 0, 0, 0, 0, 0, 0,
    0, 0, 0, 0, 0, 0, 0, 0, 0, 0, 0, 0, 0, 0, 0, 0, 0, 0, 0, 0,
    0, 0, 0, 0, 0, 0, 0, 0, 0, 0, 0, 0, 0, 0, 0, 0, 0, 0, 0, 0,
    0, 0, 0, 0, 0, 0, 0, 0, 0, 0, 0, 0, 0, 0, 0, 0, 0, 0, 0, 0,
    0, 0, 0, 0, 0, 0, 0, 0, 0, 0, 0, 0, 0, 0, 0, 0, 0, 0, 0, 0,
    0, 0, 0, 0, 0, 0, 0, 0, 0, 0, 0, 0, 0, 0, 0, 0, 0, 0, 0, 0,
    0, 0, 0, 0, 0, 0, 0, 0, 0, 0, 0, 0, 0, 0, 0, 0, 0, 0, 0, 0,
    0, 0, 0, 0, 0, 0, 0, 0, 0, 0, 0, 0, 0, 0, 0, 0, 0, 0, 0, 0,
    0, 0, 0, 0, 0, 0, 0, 0, 0, 0, 0, 0, 0, 0, 0, 0, 0, 0, 0, 0,
    0, 0, 0, 0, 0, 0, 0, 0, 0, 0, 0, 0, 0, 0, 0, 0, 0, 0, 0, 0,
    0, 0, 0, 0, 0, 0, 0, 0, 0, 0, 0, 0, 0, 0, 0, 0, 0, 0, 0, 0,
    0, 0, 0, 0, 0, 0, 0, 0, 0, 0, 0, 0, 0, 0, 0, 0, 0, 0, 0, 0,
    0, 0, 0, 0, 0, 0, 0, 0, 0, 0, 0, 0, 0, 0, 0, 0, 0, 0, 0, 0,
    0, 0, 0, 0, 0, 0, 0, 0, 0, 0, 0, 0, 0, 0, 0, 0, 0, 0, 0, 0,
    0, 0, 0, 0, 0, 0, 0, 0, 0, 0, 0, 0, 0, 0, 0, 0, 0, 0, 0, 0,
    0, 0, 0, 0, 0, 0, 0, 0, 0, 0, 0, 0, 0, 0, 0, 0, 0, 0, 0, 0,
    0, 0, 0, 0, 0, 0, 0, 0, 0, 0, 0, 0, 0, 0, 0, 0, 0, 0, 0, 0,
    0, 0, 0, 0, 0, 0, 0, 0, 0, 0, 0, 0, 0, 0, 0, 0, 0, 0, 0, 0,
    0, 0, 0, 0, 0, 0, 0, 0, 0, 0, 0, 0, 0, 0, 0, 0, 0, 0, 0, 0,
    0, 0, 0, 0, 0, 0, 0, 0, 0, 0, 0, 0, 0, 0, 0, 0, 0, 0, 0, 0,
    0, 0, 0, 0, 0, 0, 0, 0, 0, 0, 0, 0, 0, 0, 0, 0, 0, 0, 0, 0,
    0, 0, 0, 0, 0, 0, 0, 0, 0, 0, 0, 0, 0, 0, 0, 0, 0, 0, 0, 0,
    0, 0, 0, 0, 0, 0, 0, 0, 0, 0, 0, 0, 0, 0, 0, 0, 0, 0, 0, 0,
    0, 0, 0, 0, 0, 0, 0, 0, 0, 0, 0, 0, 0, 0, 0, 0, 0, 0, 0, 0,
    0, 0, 0, 0, 0, 0, 0, 0, 0, 0, 0, 0, 0, 0, 0, 0, 0, 0, 0, 0,
    0, 0, 0, 0, 0, 0, 0, 0, 0, 0, 0, 0, 0, 0, 0, 0, 0, 0, 0, 0,
    0, 0, 0, 0, 0, 0, 0, 0, 0, 0, 0, 0, 0, 0, 0, 0, 0, 0, 0, 0,
    0, 0, 0, 0, 0, 0, 0, 0, 0, 0, 0, 0, 0, 0, 0, 0, 0, 0, 0, 0,
    0, 0, 0, 0, 0, 0, 0, 0, 0, 0, 0, 0, 0, 0, 0, 0, 0, 0, 0, 0,
    0, 0, 0, 0, 0, 0, 0, 0, 0, 0, 0, 0, 0, 0, 0, 0, 0, 0, 0, 0,
    0, 0, 0, 0, 0, 0, 0, 0, 0, 0, 0, 0, 0, 0, 0, 0, 0, 0, 0, 0,
    0, 0, 0, 0, 0, 0, 0, 0, 0, 0, 0, 0, 0, 0, 0, 0, 0, 0, 0, 0,
    0, 0, 0, 0, 0, 0, 0, 0, 0, 0, 0, 0, 0, 0, 0, 0, 0, 0, 0, 0,
    0, 0, 0, 0, 0, 0, 0, 0, 0, 0, 0, 0, 0, 0, 0, 0, 0, 0, 0, 0,
    0, 0, 0, 0, 0, 0, 0, 0, 0, 0, 0, 0, 0, 0, 0, 0, 0, 0, 0, 0,
    0, 0, 0, 0, 0, 0, 0, 0, 0, 0, 0, 0, 0, 0, 0, 0, 0, 0, 0, 0,
    0, 0, 0, 0, 0, 0, 0, 0, 0, 0, 0, 0, 0, 0, 0, 0, 0, 0, 0, 0,
    0, 0, 0, 0, 0, 0, 0, 0, 0, 0, 0, 0, 0, 0, 0, 0, 0, 0, 0, 0,
    0, 0, 0, 0, 0, 0, 0, 0, 0, 0, 0, 0, 0, 0, 0, 0, 0, 0, 0, 0,
    0, 0, 0, 0, 0, 0, 0, 0, 0, 0, 0, 0, 0, 0, 0, 0, 0, 0, 0, 0,
    0, 0, 0, 0, 0, 0, 0, 0, 0, 0, 0, 0, 0, 0, 0, 0, 0, 0, 0, 0,
    0, 0, 0, 0, 0, 0, 0, 0, 0, 0, 0, 0, 0, 0, 0, 0, 0, 0, 0, 0,
    0, 0, 0, 0, 0, 0, 0, 0, 0, 0, 0, 0, 0, 0, 0, 0, 0, 0, 0, 0,
    0, 0, 0, 0, 0, 0, 0, 0, 0, 0, 0, 0, 0, 0, 0, 0, 0, 0, 0, 0,
    0, 0, 0, 0, 0, 0, 0, 0, 0, 0, 0, 0, 0, 0, 0, 0, 0, 0, 0, 0,
    0, 0, 0, 0, 0, 0, 0, 0, 0, 0, 0, 0, 0, 0, 0, 0, 0, 0, 0, 0,
    0, 0, 0, 0, 0, 0, 0, 0, 0, 0, 0, 0, 0, 0, 0, 0, 0, 0, 0, 0,
    0, 0, 0, 0, 0, 0, 0, 0, 0, 0, 0, 0, 0, 0, 0, 0, 0, 0, 0, 0,
    0, 0, 0, 0, 0, 0, 0, 0, 0, 0, 0, 0, 0, 0, 0, 0, 0, 0, 0, 0,
    0, 0, 0, 0, 0, 0, 0, 0, 0, 0, 0, 0, 0, 0, 0, 0, 0, 0, 0, 0,
    0, 0, 0, 0, 0, 0, 0, 0, 0, 0, 0, 0, 0, 0, 0, 0, 0, 0, 0, 0,
    0, 0, 0, 0, 0, 0, 0, 0, 0, 0, 0, 0, 0, 0, 0, 0, 0, 0, 0, 0,
    0, 0, 0, 0, 0, 0, 0, 0, 0, 0, 0, 0, 0, 0, 0, 0, 0, 0, 0, 0,
    0, 0, 0, 0, 0, 0, 0, 0, 0, 0, 0, 0, 0, 0, 0, 0, 0, 0, 0, 0,
    0, 0, 0, 0, 0, 0, 0, 0, 0, 0, 0, 0, 0, 0, 0, 0, 0, 0, 0, 0,
    0, 0, 0, 0, 0, 0, 0, 0, 0, 0, 0, 0, 0, 0, 0, 0, 0, 0, 0, 0,
    0, 0, 0, 0, 0, 0, 0, 0, 0, 0, 0, 0, 0, 0, 0, 0, 0, 0, 0, 0,
    0, 0, 0, 0, 0, 0, 0, 0, 0, 0, 0, 0, 0, 0, 0, 0, 0, 0, 0, 0,
    0, 0, 0, 0, 0, 0, 0, 0, 0, 0, 0, 0, 0, 0, 0, 0, 0, 0, 0, 0,
    0, 0, 0, 0, 0, 0, 0, 0, 0, 0, 0, 0, 0, 0, 0, 0, 0, 0, 0, 0,
    0, 0, 0, 0, 0, 0, 0, 0, 0, 0, 0, 0, 0, 0, 0, 0, 0, 0, 0, 0,
    0, 0, 0, 0, 0, 0, 0, 0, 0, 0, 0, 0, 0, 0, 0, 0, 0, 0, 0, 0,
    0, 0, 0, 0, 0, 0, 0, 0, 0, 0, 0, 0, 0, 0, 0, 0, 0, 0, 0, 0,
    0, 0, 0, 0, 0, 0, 0, 0, 0, 0, 0, 0, 0, 0, 0, 0, 0, 0, 0, 0,
    0, 0, 0, 0, 0, 0, 0, 0, 0, 0, 0, 0, 0, 0, 0, 0, 0, 0, 0, 0,
    0, 0, 0, 0, 0, 0, 0, 0, 0, 0, 0, 0, 0, 0, 0, 0, 0, 0, 0, 0,
    0, 0, 0, 0, 0, 0, 0, 0, 0, 0, 0, 0, 0, 0, 0, 0, 0, 0, 0, 0,
    0, 0, 0, 0, 0, 0, 0, 0, 0, 0, 0, 0, 0, 0, 0, 0, 0, 0, 0, 0,
    0, 0, 0, 0, 0, 0, 0, 0, 0, 0, 0, 0, 0, 0, 0, 0, 0, 0, 0, 0,
    0, 0, 0, 0, 0, 0, 0, 0, 0, 0, 0, 0, 0, 0, 0, 0, 0, 0, 0, 0,
    0, 0, 0, 0, 0, 0, 0, 0, 0, 0, 0, 0, 0, 0, 0, 0, 0, 0, 0, 0,
    0, 0, 0, 0, 0, 0, 0, 0, 0, 0, 0, 0, 0, 0, 0, 0, 0, 0, 0, 0,
    0, 0, 0, 0, 0, 0, 0, 0, 0, 0, 0, 0, 0, 0, 0, 0, 0, 0, 0, 0,
    0, 0, 0, 0, 0, 0, 0, 0, 0, 0, 0, 0, 0, 0, 0, 0, 0, 0, 0, 0,
    0, 0, 0, 0, 0, 0, 0, 0, 0, 0, 0, 0, 0, 0, 0, 0, 0, 0, 0, 0,
    0, 0, 0, 0, 0, 0, 0, 0, 0, 0, 0, 0, 0, 0, 0, 0, 0, 0, 0, 0,
    0, 0, 0, 0, 0, 0, 0, 0, 0, 0, 0, 0, 0, 0, 0, 0, 0, 0, 0, 0,
    0, 0, 0, 0, 0, 0, 0, 0, 0, 0, 0, 0, 0, 0, 0, 0, 0, 0, 0, 0,
    0, 0, 0, 0, 0, 0, 0, 0, 0, 0, 0, 0, 0, 0, 0, 0, 0, 0, 0, 0,
    0, 0, 0, 0, 0, 0, 0, 0, 0, 0, 0, 0, 0, 0, 0, 0, 0, 0, 0, 0,
    0, 0, 0, 0, 0, 0, 0, 0, 0, 0, 0, 0, 0, 0, 0, 0, 0, 0, 0, 0,
    0, 0, 0, 0, 0, 0, 0, 0, 0, 0, 0, 0, 0, 0, 0, 0, 0, 0, 0, 0,
    0, 0, 0, 0, 0, 0, 0, 0, 0, 0, 0, 0, 0, 0, 0, 0, 0, 0, 0, 0,
    0, 0, 0, 0, 0, 0, 0, 0, 0, 0, 0, 0, 0, 0, 0, 0, 0, 0, 0, 0,
    0, 0, 0, 0, 0, 0, 0, 0, 0, 0, 0, 0, 0, 0, 0, 0, 0, 0, 0, 0,
    0, 0, 0, 0, 0, 0, 0, 0, 0, 0, 0, 0, 0, 0, 0, 0, 0, 0, 0, 0,
    0, 0, 0, 0, 0, 0, 0, 0, 0, 0, 0, 0, 0, 0, 0, 0, 0, 0, 0, 0,
    0, 0, 0, 0, 0, 0, 0, 0, 0, 0, 0, 0, 0, 0, 0, 0, 0, 0, 0, 0,
    0, 0, 0, 0, 0, 0, 0, 0, 0, 0, 0, 0, 0, 0, 0, 0, 0, 0, 0, 0,
    0, 0, 0, 0, 0, 0, 0, 0, 0, 0, 0, 0, 0, 0, 0, 0, 0, 0, 0, 0,
    0, 0, 0, 0, 0, 0, 0, 0, 0, 0, 0, 0, 0, 0, 0, 0, 0, 0, 0, 0,
    0, 0, 0, 0, 0, 0, 0, 0, 0, 0, 0, 0, 0, 0, 0, 0, 0, 0, 0, 0,
    0, 0, 0, 0, 0, 0, 0, 0, 0, 0, 0, 0, 0, 0, 0, 0, 0, 0, 0, 0,
    0, 0, 0, 0, 0, 0, 0, 0, 0, 0, 0, 0, 0, 0, 0, 0, 0, 0, 0, 0,
    0, 0, 0, 0, 0, 0, 0, 0, 0, 0, 0, 0, 0, 0, 0, 0, 0, 0, 0, 0,
    0, 0, 0, 0, 0, 0, 0, 0, 0, 0, 0, 0, 0, 0, 0, 0, 0, 0, 0, 0,
    0, 0, 0, 0, 0, 0, 0, 0, 0, 0, 0, 0, 0, 0, 0, 0, 0, 0, 0, 0,
    0, 0, 0, 0, 0, 0, 0, 0, 0, 0, 0, 0, 0, 0, 0, 0, 0, 0, 0, 0,
    0, 0, 0, 0, 0, 0, 0, 0, 0, 0, 0, 0, 0, 0, 0, 0, 0, 0, 0, 0,
    0, 0, 0, 0, 0, 0, 0, 0, 0, 0, 0, 0, 0, 0, 0, 0, 0, 0, 0, 0,
    0, 0, 0, 0, 0, 0, 0, 0, 0, 0, 0, 0, 0, 0, 0, 0, 0, 0, 0, 0,
    0, 0, 0, 0, 0, 0, 0, 0, 0, 0, 0, 0, 0, 0, 0, 0, 0, 0, 0, 0,
    0, 0, 0, 0, 0, 0, 0, 0, 0, 0, 0, 0, 0, 0, 0, 0, 0, 0, 0, 0,
    0, 0, 0, 0, 0, 0, 0, 0, 0, 0, 0, 0, 0, 0, 0, 0, 0, 0, 0, 0,
    0, 0, 0, 0, 0, 0, 0, 0, 0, 0, 0, 0, 0, 0, 0, 0, 0, 0, 0, 0,
    0, 0, 0, 0, 0, 0, 0, 0, 0, 0, 0, 0, 0, 0, 0, 0, 0, 0, 0, 0,
    0, 0, 0, 0, 0, 0, 0, 0, 0, 0, 0, 0, 0, 0, 0, 0, 0, 0, 0, 0,
    0, 0, 0, 0, 0, 0, 0, 0, 0, 0, 0, 0, 0, 0, 0, 0, 0, 0, 0, 0,
    0, 0, 0, 0, 0, 0, 0, 0, 0, 0, 0, 0, 0, 0, 0, 0, 0, 0, 0, 0,
    0, 0, 0, 0, 0, 0, 0, 0, 0, 0, 0, 0, 0, 0, 0, 0, 0, 0, 0, 0,
    0, 0, 0, 0, 0, 0, 0, 0, 0, 0, 0, 0, 0, 0, 0, 0, 0, 0, 0, 0,
    0, 0, 0, 0, 0, 0, 0, 0, 0, 0, 0, 0, 0, 0, 0, 0, 0, 0, 0, 0,
    0, 0, 0, 0, 0, 0, 0, 0, 0, 0, 0, 0, 0, 0, 0, 0, 0, 0, 0, 0,
    0, 0, 0, 0, 0, 0, 0, 0, 0, 0, 0, 0, 0, 0, 0, 0, 0, 0, 0, 0,
    0, 0, 0, 0, 0, 0, 0, 0, 0, 0, 0, 0, 0, 0, 0, 0, 0, 0, 0, 0,
    0, 0, 0, 0, 0, 0, 0, 0, 0, 0, 0, 0, 0, 0, 0, 0, 0, 0, 0, 0,
    0, 0, 0, 0, 0, 0, 0, 0, 0, 0, 0, 0, 0, 0, 0, 0, 0, 0, 0, 0,
    0, 0, 0, 0, 0, 0, 0, 0, 0, 0, 0, 0, 0, 0, 0, 0, 0, 0, 0, 0,
    0, 0, 0, 0, 0, 0, 0, 0, 0, 0, 0, 0, 0, 0, 0, 0, 0, 0, 0, 0,
    0, 0, 0, 0, 0, 0, 0, 0, 0, 0, 0, 0, 0, 0, 0, 0, 0, 0, 0, 0,
    0, 0, 0, 0, 0, 0, 0, 0, 0, 0, 0, 0, 0, 0, 0, 0, 0, 0, 0, 0,
    0, 0, 0, 0, 0, 0, 0, 0, 0, 0, 0, 0, 0, 0, 0, 0, 0, 0, 0, 0,
    0, 0, 0, 0, 0, 0, 0, 0, 0, 0, 0, 0, 0, 0, 0, 0, 0, 0, 0, 0,
    0, 0, 0, 0, 0, 0, 0, 0, 0, 0, 0, 0, 0, 0, 0, 0, 0, 0, 0, 0,
    0, 0, 0, 0, 0, 0, 0, 0, 0, 0, 0, 0, 0, 0, 0, 0, 0, 0, 0, 0,
    0, 0, 0, 0, 0, 0, 0, 0, 0, 0, 0, 0, 0, 0, 0, 0, 0, 0, 0, 0,
    0, 0, 0, 0, 0, 0, 0, 0, 0, 0, 0, 0, 0, 0, 0, 0, 0, 0, 0, 0,
    0, 0, 0, 0, 0, 0, 0, 0, 0, 0, 0, 0, 0, 0, 0, 0, 0, 0, 0, 0,
    0, 0, 0, 0, 0, 0, 0, 0, 0, 0, 0, 0, 0, 0, 0, 0, 0, 0, 0, 0,
    0, 0, 0, 0, 0, 0, 0, 0, 0, 0, 0, 0, 0, 0, 0, 0, 0, 0, 0, 0,
    0, 0, 0, 0, 0, 0, 0, 0, 0, 0, 0, 0, 0, 0, 0, 0, 0, 0, 0, 0,
    0, 0, 0, 0, 0, 0, 0, 0, 0, 0, 0, 0, 0, 0, 0, 0, 0, 0, 0, 0,
    0, 0, 0, 0, 0, 0, 0, 0, 0, 0, 0, 0, 0, 0, 0, 0, 0, 0, 0, 0,
    0, 0, 0, 0, 0, 0, 0, 0, 0, 0, 0, 0, 0, 0, 0, 0, 0, 0, 0, 0,
    0, 0, 0, 0, 0, 0, 0, 0, 0, 0, 0, 0, 0, 0, 0, 0, 0, 0, 0, 0,
    0, 0, 0, 0, 0, 0, 0, 0, 0, 0, 0, 0, 0, 0, 0, 0, 0, 0, 0, 0,
    0, 0, 0, 0, 0, 0, 0, 0, 0, 0, 0, 0, 0, 0, 0, 0, 0, 0, 0, 0,
    0, 0, 0, 0, 0, 0, 0, 0, 0, 0, 0, 0, 0, 0, 0, 0, 0, 0, 0, 0,
    0, 0, 0, 0, 0, 0, 0, 0, 0, 0, 0, 0, 0, 0, 0, 0, 0, 0, 0, 0,
    0, 0, 0, 0, 0, 0, 0, 0, 0, 0, 0, 0, 0, 0, 0, 0, 0, 0, 0, 0,
    0, 0, 0, 0, 0, 0, 0, 0, 0, 0, 0, 0, 0, 0, 0, 0, 0, 0, 0, 0,
    0, 0, 0, 0, 0, 0, 0, 0, 0, 0, 0, 0, 0, 0, 0, 0, 0, 0, 0, 0,
    0, 0, 0, 0, 0, 0, 0, 0, 0, 0, 0, 0, 0, 0, 0, 0, 0, 0, 0, 0,
    0, 0, 0, 0, 0, 0, 0, 0, 0, 0, 0, 0, 0, 0, 0, 0, 0, 0, 0, 0,
    0, 0, 0, 0, 0, 0, 0, 0, 0, 0, 0, 0, 0, 0, 0, 0, 0, 0, 0, 0,
    0, 0, 0, 0, 0, 0, 0, 0, 0, 0, 0, 0, 0, 0, 0, 0, 0, 0, 0, 0,
    0, 0, 0, 0, 0, 0, 0, 0, 0, 0, 0, 0, 0, 0, 0, 0, 0, 0, 0, 0,
    0, 0, 0, 0, 0, 0, 0, 0, 0, 0, 0, 0, 0, 0, 0, 0, 0, 0, 0, 0,
    0, 0, 0, 0, 0, 0, 0, 0, 0, 0, 0, 0, 0, 0, 0, 0, 0, 0, 0, 0,
    0, 0, 0, 0, 0, 0, 0, 0, 0, 0, 0, 0, 0, 0, 0, 0, 0, 0, 0, 0,
    0, 0, 0, 0, 0, 0, 0, 0, 0, 0, 0, 0, 0, 0, 0, 0, 0, 0, 0, 0,
    0, 0, 0, 0, 0, 0, 0, 0, 0, 0, 0, 0, 0, 0, 0, 0, 0, 0, 0, 0,
    0, 0, 0, 0, 0, 0, 0, 0, 0, 0, 0, 0, 0, 0, 0, 0, 0, 0, 0, 0,
    0, 0, 0, 0, 0, 0, 0, 0, 0, 0, 0, 0, 0, 0, 0, 0, 0, 0, 0, 0,
    0, 0, 0, 0, 0, 0, 0, 0, 0, 0, 0, 0, 0, 0, 0, 0, 0, 0, 0, 0,
    0, 0, 0, 0, 0, 0, 0, 0, 0, 0, 0, 0, 0, 0, 0, 0, 0, 0, 0, 0,
    0, 0, 0, 0, 0, 0, 0, 0, 0, 0, 0, 0, 0, 0, 0, 0, 0, 0, 0, 0,
    0, 0, 0, 0, 0, 0, 0, 0, 0, 0, 0, 0, 0, 0, 0, 0, 0, 0, 0, 0,
    0, 0, 0, 0, 0, 0, 0, 0, 0, 0, 0, 0, 0, 0, 0, 0, 0, 0, 0, 0,
    0, 0, 0, 0, 0, 0, 0, 0, 0, 0, 0, 0, 0, 0, 0, 0, 0, 0, 0, 0,
    0, 0, 0, 0, 0, 0, 0, 0, 0, 0, 0, 0, 0, 0, 0, 0, 0, 0, 0, 0,
    0, 0, 0, 0, 0, 0, 0, 0, 0, 0, 0, 0, 0, 0, 0, 0, 0, 0, 0, 0,
    0, 0, 0, 0, 0, 0, 0, 0, 0, 0, 0, 0, 0, 0, 0, 0, 0, 0, 0, 0,
    0, 0, 0, 0, 0, 0, 0, 0, 0, 0, 0, 0, 0, 0, 0, 0, 0, 0, 0, 0,
    0, 0, 0, 0, 0, 0, 0, 0, 0, 0, 0, 0, 0, 0, 0, 0, 0, 0, 0, 0,
    0, 0, 0, 0, 0, 0, 0, 0, 0, 0, 0, 0, 0, 0, 0, 0, 0, 0, 0, 0,
    0, 0, 0, 0, 0, 0, 0, 0, 0, 0, 0, 0, 0, 0, 0, 0, 0, 0, 0, 0,
    0, 0, 0, 0, 0, 0, 0, 0, 0, 0, 0, 0, 0, 0, 0, 0, 0, 0, 0, 0,
    0, 0, 0, 0, 0, 0, 0, 0, 0, 0, 0, 0, 0, 0, 0, 0, 0, 0, 0, 0,
    0, 0, 0, 0, 0, 0, 0, 0, 0, 0, 0, 0, 0, 0, 0, 0, 0, 0, 0, 0,
    0, 0, 0, 0, 0, 0, 0, 0, 0, 0, 0, 0, 0, 0, 0, 0, 0, 0, 0, 0,
    0, 0, 0, 0, 0, 0, 0, 0, 0, 0, 0, 0, 0, 0, 0, 0, 0, 0, 0, 0,
    0, 0, 0, 0, 0, 0, 0, 0, 0, 0, 0, 0, 0, 0, 0, 0, 0, 0, 0, 0,
    0, 0, 0, 0, 0, 0, 0, 0, 0, 0, 0, 0, 0, 0, 0, 0, 0, 0, 0, 0,
    0, 0, 0, 0, 0, 0, 0, 0, 0, 0, 0, 0, 0, 0, 0, 0, 0, 0, 0, 0,
    0, 0, 0, 0, 0, 0, 0, 0, 0, 0, 0, 0, 0, 0, 0, 0, 0, 0, 0, 0,
    0, 0, 0, 0, 0, 0, 0, 0, 0, 0, 0, 0, 0, 0, 0, 0, 0, 0, 0, 0,
    0, 0, 0, 0, 0, 0, 0, 0, 0, 0, 0, 0, 0, 0, 0, 0, 0, 0, 0, 0,
    0, 0, 0, 0, 0, 0, 0, 0, 0, 0, 0, 0, 0, 0, 0, 0, 0, 0, 0, 0,
    0, 0, 0, 0, 0, 0, 0, 0, 0, 0, 0, 0, 0, 0, 0, 0, 0, 0, 0, 0,
    0, 0, 0, 0, 0, 0, 0, 0, 0, 0, 0, 0, 0, 0, 0, 0, 0, 0, 0, 0,
    0, 0, 0, 0, 0, 0, 0, 0, 0, 0, 0, 0, 0, 0, 0, 0, 0, 0, 0, 0,
    0, 0, 0, 0, 0, 0, 0, 0, 0, 0, 0, 0, 0, 0, 0, 0, 0, 0, 0, 0,
    0, 0, 0, 0, 0, 0, 0, 0, 0, 0, 0, 0, 0, 0, 0, 0, 0, 0, 0, 0,
    0, 0, 0, 0, 0, 0, 0, 0, 0, 0, 0, 0, 0, 0, 0, 0, 0, 0, 0, 0,
    0, 0, 0, 0, 0, 0, 0, 0, 0, 0, 0, 0, 0, 0, 0, 0, 0, 0, 0, 0,
    0, 0, 0, 0, 0, 0, 0, 0, 0, 0, 0, 0, 0, 0, 0, 0, 0, 0, 0, 0,
    0, 0, 0, 0, 0, 0, 0, 0, 0, 0, 0, 0, 0, 0, 0, 0, 0, 0, 0, 0,
    0, 0, 0, 0, 0, 0, 0, 0, 0, 0, 0, 0, 0, 0, 0, 0, 0, 0, 0, 0,
    0, 0, 0, 0, 0, 0, 0, 0, 0, 0, 0, 0, 0, 0, 0, 0, 0, 0, 0, 0,
    0, 0, 0, 0, 0, 0, 0, 0, 0, 0, 0, 0, 0, 0, 0, 0, 0, 0, 0, 0,
    0, 0, 0, 0, 0, 0, 0, 0, 0, 0, 0, 0, 0, 0, 0, 0, 0, 0, 0, 0,
    0, 0, 0, 0, 0, 0, 0, 0, 0, 0, 0, 0, 0, 0, 0, 0, 0, 0, 0, 0,
    0, 0, 0, 0, 0, 0, 0, 0, 0, 0, 0, 0, 0, 0, 0, 0, 0, 0, 0, 0,
    0, 0, 0, 0, 0, 0, 0, 0, 0, 0, 0, 0, 0, 0, 0, 0, 0, 0, 0, 0,
    0, 0, 0, 0, 0, 0, 0, 0, 0, 0, 0, 0, 0, 0, 0, 0, 0, 0, 0, 0,
    0, 0, 0, 0, 0, 0, 0, 0, 0, 0, 0, 0, 0, 0, 0, 0, 0, 0, 0, 0,
    0, 0, 0, 0, 0, 0, 0, 0, 0, 0, 0, 0, 0, 0, 0, 0, 0, 0, 0, 0,
    0, 0, 0, 0, 0, 0, 0, 0, 0, 0, 0, 0, 0, 0, 0, 0, 0, 0, 0, 0,
    0, 0, 0, 0, 0, 0, 0, 0, 0, 0, 0, 0, 0, 0, 0, 0, 0, 0, 0, 0,
    0, 0, 0, 0, 0, 0, 0, 0, 0, 0, 0, 0, 0, 0, 0, 0, 0, 0, 0, 0,
    0, 0, 0, 0, 0, 0, 0, 0, 0, 0, 0, 0, 0, 0, 0, 0, 0, 0, 0, 0,
    0, 0, 0, 0, 0, 0, 0, 0, 0, 0, 0, 0, 0, 0, 0, 0, 0, 0, 0, 0,
    0, 0, 0, 0, 0, 0, 0, 0, 0, 0, 0, 0, 0, 0, 0, 0, 0, 0, 0, 0,
    0, 0, 0, 0, 0, 0, 0, 0, 0, 0, 0, 0, 0, 0, 0, 0, 0, 0, 0, 0,
    0, 0, 0, 0, 0, 0, 0, 0, 0, 0, 0, 0, 0, 0, 0, 0, 0, 0, 0, 0,
    0, 0, 0, 0, 0, 0, 0, 0, 0, 0, 0, 0, 0, 0, 0, 0, 0, 0, 0, 0,
    0, 0, 0, 0, 0, 0, 0, 0, 0, 0, 0, 0, 0, 0, 0, 0, 0, 0, 0, 0,
    0, 0, 0, 0, 0, 0, 0, 0, 0, 0, 0, 0, 0, 0, 0, 0, 0, 0, 0, 0,
    0, 0, 0, 0, 0, 0, 0, 0, 0, 0, 0, 0, 0, 0, 0, 0, 0, 0, 0, 0,
    0, 0, 0, 0, 0, 0, 0, 0, 0, 0, 0, 0, 0, 0, 0, 0, 0, 0, 0, 0,
    0, 0, 0, 0, 0, 0, 0, 0, 0, 0, 0, 0, 0, 0, 0, 0, 0, 0, 0, 0,
    0, 0, 0, 0, 0, 0, 0, 0, 0, 0, 0, 0, 0, 0, 0, 0, 0, 0, 0, 0,
    0, 0, 0, 0, 0, 0, 0, 0, 0, 0, 0, 0, 0, 0, 0, 0, 0, 0, 0, 0,
    0, 0, 0, 0, 0, 0, 0, 0, 0, 0, 0, 0, 0, 0, 0, 0, 0, 0, 0, 0,
    0, 0, 0, 0, 0, 0, 0, 0, 0, 0, 0, 0, 0, 0, 0, 0, 0, 0, 0, 0,
    0, 0, 0, 0, 0, 0, 0, 0, 0, 0, 0, 0, 0, 0, 0, 0, 0, 0, 0, 0,
    0, 0, 0, 0, 0, 0, 0, 0, 0, 0, 0, 0, 0, 0, 0, 0, 0, 0, 0, 0,
    0, 0, 0, 0, 0, 0, 0, 0, 0, 0, 0, 0, 0, 0, 0, 0, 0, 0, 0, 0,
    0, 0, 0, 0, 0, 0, 0, 0, 0, 0, 0, 0, 0, 0, 0, 0, 0, 0, 0, 0,
    0, 0, 0, 0, 0, 0, 0, 0, 0, 0, 0, 0, 0, 0, 0, 0, 0, 0, 0, 0,
    0, 0, 0, 0, 0, 0, 0, 0, 0, 0, 0, 0, 0, 0, 0, 0, 0, 0, 0, 0,
    0, 0, 0, 0, 0, 0, 0, 0, 0, 0, 0, 0, 0, 0, 0, 0, 0, 0, 0, 0,
    0, 0, 0, 0, 0, 0, 0, 0, 0, 0, 0, 0, 0, 0, 0, 0, 0, 0, 0, 0,
    0, 0, 0, 0, 0, 0, 0, 0, 0, 0, 0, 0, 0, 0, 0, 0, 0, 0, 0, 0,
    0, 0, 0, 0, 0, 0, 0, 0, 0, 0, 0, 0, 0, 0, 0, 0, 0, 0, 0, 0,
    0, 0, 0, 0, 0, 0, 0, 0, 0, 0, 0, 0, 0, 0, 0, 0, 0, 0, 0, 0,
    0, 0, 0, 0, 0, 0, 0, 0, 0, 0, 0, 0, 0, 0, 0, 0, 0, 0, 0, 0,
    0, 0, 0, 0, 0, 0, 0, 0, 0, 0, 0, 0, 0, 0, 0, 0, 0, 0, 0, 0,
    0, 0, 0, 0, 0, 0, 0, 0, 0, 0, 0, 0, 0, 0, 0, 0, 0, 0, 0, 0,
    0, 0, 0, 0, 0, 0, 0, 0, 0, 0, 0, 0, 0, 0, 0, 0, 0, 0, 0, 0,
    0, 0, 0, 0, 0, 0, 0, 0, 0, 0, 0, 0, 0, 0, 0, 0, 0, 0, 0, 0,
    0, 0, 0, 0, 0, 0, 0, 0, 0, 0, 0, 0, 0, 0, 0, 0, 0, 0, 0, 0,
    0, 0, 0, 0, 0, 0, 0, 0, 0, 0, 0, 0, 0, 0, 0, 0, 0, 0, 0, 0,
    0, 0, 0, 0, 0, 0, 0, 0, 0, 0, 0, 0, 0, 0, 0, 0, 0, 0, 0, 0,
    0, 0, 0, 0, 0, 0, 0, 0, 0, 0, 0, 0, 0, 0, 0, 0, 0, 0, 0, 0,
    0, 0, 0, 0, 0, 0, 0, 0, 0, 0, 0, 0, 0, 0, 0, 0, 0, 0, 0, 0,
    0, 0, 0, 0, 0, 0, 0, 0, 0, 0, 0, 0, 0, 0, 0, 0, 0, 0, 0, 0,
    0, 0, 0, 0, 0, 0, 0, 0, 0, 0, 0, 0, 0, 0, 0, 0, 0, 0, 0, 0,
    0, 0, 0, 0, 0, 0, 0, 0, 0, 0, 0, 0, 0, 0, 0, 0, 0, 0, 0, 0,
    0, 0, 0, 0, 0, 0, 0, 0, 0, 0, 0, 0, 0, 0, 0, 0, 0, 0, 0, 0,
    0, 0, 0, 0, 0, 0, 0, 0, 0, 0, 0, 0, 0, 0, 0, 0, 0, 0, 0, 0,
    0, 0, 0, 0, 0, 0, 0, 0, 0, 0, 0, 0, 0, 0, 0, 0, 0, 0, 0, 0,
    0, 0, 0, 0, 0, 0, 0, 0, 0, 0, 0, 0, 0, 0, 0, 0, 0, 0, 0, 0,
    0, 0, 0, 0, 0, 0, 0, 0, 0, 0, 0, 0, 0, 0, 0, 0, 0, 0, 0, 0,
    0, 0, 0, 0, 0, 0, 0, 0, 0, 0, 0, 0, 0, 0, 0, 0, 0, 0, 0, 0,
    0, 0, 0, 0, 0, 0, 0, 0, 0, 0, 0, 0, 0, 0, 0, 0, 0, 0, 0, 0,
    0, 0, 0, 0, 0, 0, 0, 0, 0, 0, 0, 0, 0, 0, 0, 0, 0, 0, 0, 0,
    0, 0, 0, 0, 0, 0, 0, 0, 0, 0, 0, 0, 0, 0, 0, 0, 0, 0, 0, 0,
    0, 0, 0, 0, 0, 0, 0, 0, 0, 0, 0, 0, 0, 0, 0, 0, 0, 0, 0, 0,
    0, 0, 0, 0, 0, 0, 0, 0, 0, 0, 0, 0, 0, 0, 0, 0, 0, 0, 0, 0,
    0, 0, 0, 0, 0, 0, 0, 0, 0, 0, 0, 0, 0, 0, 0, 0, 0, 0, 0, 0,
    0, 0, 0, 0, 0, 0, 0, 0, 0, 0, 0, 0, 0, 0, 0, 0, 0, 0, 0, 0,
    0, 0, 0, 0, 0, 0, 0, 0, 0, 0, 0, 0, 0, 0, 0, 0, 0, 0, 0, 0,
    0, 0, 0, 0, 0, 0, 0, 0, 0, 0, 0, 0, 0, 0, 0, 0, 0, 0, 0, 0,
    0, 0, 0, 0, 0, 0, 0, 0, 0, 0, 0, 0, 0, 0, 0, 0, 0, 0, 0, 0,
    0, 0, 0, 0, 0, 0, 0, 0, 0, 0, 0, 0, 0, 0, 0, 0, 0, 0, 0, 0,
    0, 0, 0, 0, 0, 0, 0, 0, 0, 0, 0, 0, 0, 0, 0, 0, 0, 0, 0, 0,
    0, 0, 0, 0, 0, 0, 0, 0, 0, 0, 0, 0, 0, 0, 0, 0, 0, 0, 0, 0,
    0, 0, 0, 0, 0, 0, 0, 0, 0, 0, 0, 0, 0, 0, 0, 0, 0, 0, 0, 0,
    0, 0, 0, 0, 0, 0, 0, 0, 0, 0, 0, 0, 0, 0, 0, 0, 0, 0, 0, 0,
    0, 0, 0, 0, 0, 0, 0, 0, 0, 0, 0, 0, 0, 0, 0, 0, 0, 0, 0, 0,
    0, 0, 0, 0, 0, 0, 0, 0, 0, 0, 0, 0, 0, 0, 0, 0, 0, 0, 0, 0,
    0, 0, 0, 0, 0, 0, 0, 0, 0, 0, 0, 0, 0, 0, 0, 0, 0, 0, 0, 0,
    0, 0, 0, 0, 0, 0, 0, 0, 0, 0, 0, 0, 0, 0, 0, 0, 0, 0, 0, 0,
    0, 0, 0, 0, 0, 0, 0, 0, 0, 0, 0, 0, 0, 0, 0, 0, 0, 0, 0, 0,
    0, 0, 0, 0, 0, 0, 0, 0, 0, 0, 0, 0, 0, 0, 0, 0, 0, 0, 0, 0,
    0, 0, 0, 0, 0, 0, 0, 0, 0, 0, 0, 0, 0, 0, 0, 0, 0, 0, 0, 0,
    0, 0, 0, 0, 0, 0, 0, 0, 0, 0, 0, 0, 0, 0, 0, 0, 0, 0, 0, 0,
    0, 0, 0, 0, 0, 0, 0, 0, 0, 0, 0, 0, 0, 0, 0, 0, 0, 0, 0, 0,
    0, 0, 0, 0, 0, 0, 0, 0, 0, 0, 0, 0, 0, 0, 0, 0, 0, 0, 0, 0,
    0, 0, 0, 0, 0, 0, 0, 0, 0, 0, 0, 0, 0, 0, 0, 0, 0, 0, 0, 0,
    0, 0, 0, 0, 0, 0, 0, 0, 0, 0, 0, 0, 0, 0, 0, 0, 0, 0, 0, 0,
    0, 0, 0, 0, 0, 0, 0, 0, 0, 0, 0, 0, 0, 0, 0, 0, 0, 0, 0, 0,
    0, 0, 0, 0, 0, 0, 0, 0, 0, 0, 0, 0, 0, 0, 0, 0, 0, 0, 0, 0,
    0, 0, 0, 0, 0, 0, 0, 0, 0, 0, 0, 0, 0, 0, 0, 0, 0, 0, 0, 0,
    0, 0, 0, 0, 0, 0, 0, 0, 0, 0, 0, 0, 0, 0, 0, 0, 0, 0, 0, 0,
    0, 0, 0, 0, 0, 0, 0, 0, 0, 0, 0, 0, 0, 0, 0, 0, 0, 0, 0, 0,
    0, 0, 0, 0, 0, 0, 0, 0, 0, 0, 0, 0, 0, 0, 0, 0, 0, 0, 0, 0,
    0, 0, 0, 0, 0, 0, 0, 0, 0, 0, 0, 0, 0, 0, 0, 0, 0, 0, 0, 0,
    0, 0, 0, 0, 0, 0, 0, 0, 0, 0, 0, 0, 0, 0, 0, 0, 0, 0, 0, 0,
    0, 0, 0, 0, 0, 0, 0, 0, 0, 0, 0, 0, 0, 0, 0, 0, 0, 0, 0, 0,
    0, 0, 0, 0, 0, 0, 0, 0, 0, 0, 0, 0, 0, 0, 0, 0, 0, 0, 0, 0,
    0, 0, 0, 0, 0, 0, 0, 0, 0, 0, 0, 0, 0, 0, 0, 0, 0, 0, 0, 0,
    0, 0, 0, 0, 0, 0, 0, 0, 0, 0, 0, 0, 0, 0, 0, 0, 0, 0, 0, 0,
    0, 0, 0, 0, 0, 0, 0, 0, 0, 0, 0, 0, 0, 0, 0, 0, 0, 0, 0, 0,
    0, 0, 0, 0, 0, 0, 0, 0, 0, 0, 0, 0, 0, 0, 0, 0, 0, 0, 0, 0,
    0, 0, 0, 0, 0, 0, 0, 0, 0, 0, 0, 0, 0, 0, 0, 0, 0, 0, 0, 0,
    0, 0, 0, 0, 0, 0, 0, 0, 0, 0, 0, 0, 0, 0, 0, 0, 0, 0, 0, 0,
    0, 0, 0, 0, 0, 0, 0, 0, 0, 0, 0, 0, 0, 0, 0, 0, 0, 0, 0, 0,
    0, 0, 0, 0, 0, 0, 0, 0, 0, 0, 0, 0, 0, 0, 0, 0, 0, 0, 0, 0,
    0, 0, 0, 0, 0, 0, 0, 0, 0, 0, 0, 0, 0, 0, 0, 0, 0, 0, 0, 0,
    0, 0, 0, 0, 0, 0, 0, 0, 0, 0, 0, 0, 0, 0, 0, 0, 0, 0, 0, 0,
    0, 0, 0, 0, 0, 0, 0, 0, 0, 0, 0, 0, 0, 0, 0, 0, 0, 0, 0, 0,
    0, 0, 0, 0, 0, 0, 0, 0, 0, 0, 0, 0, 0, 0, 0, 0, 0, 0, 0, 0,
    0, 0, 0, 0, 0, 0, 0, 0, 0, 0, 0, 0, 0, 0, 0, 0, 0, 0, 0, 0,
    0, 0, 0, 0, 0, 0, 0, 0, 0, 0, 0, 0, 0, 0, 0, 0, 0, 0, 0, 0,
    0, 0, 0, 0, 0, 0, 0, 0, 0, 0, 0, 0, 0, 0, 0, 0, 0, 0, 0, 0,
    0, 0, 0, 0, 0, 0, 0, 0, 0, 0, 0, 0, 0, 0, 0, 0, 0, 0, 0, 0,
    0, 0, 0, 0, 0, 0, 0, 0, 0, 0, 0, 0, 0, 0, 0, 0, 0, 0, 0, 0,
    0, 0, 0, 0, 0, 0, 0, 0, 0, 0, 0, 0, 0, 0, 0, 0, 0, 0, 0, 0,
    0, 0, 0, 0, 0, 0, 0, 0, 0, 0, 0, 0, 0, 0, 0, 0, 0, 0, 0, 0,
    0, 0, 0, 0, 0, 0, 0, 0, 0, 0, 0, 0, 0, 0, 0, 0, 0, 0, 0, 0,
    0, 0, 0, 0, 0, 0, 0, 0, 0, 0, 0, 0, 0, 0, 0, 0, 0, 0, 0, 0,
    0, 0, 0, 0, 0, 0, 0, 0, 0, 0, 0, 0, 0, 0, 0, 0, 0, 0, 0, 0,
    0, 0, 0, 0, 0, 0, 0, 0, 0, 0, 0, 0, 0, 0, 0, 0, 0, 0, 0, 0,
    0, 0, 0, 0, 0, 0, 0, 0, 0, 0, 0, 0, 0, 0, 0, 0, 0, 0, 0, 0,
    0, 0, 0, 0, 0, 0, 0, 0, 0, 0, 0, 0, 0, 0, 0, 0, 0, 0, 0, 0,
    0, 0, 0, 0, 0, 0, 0, 0, 0, 0, 0, 0, 0, 0, 0, 0, 0, 0, 0, 0,
    0, 0, 0, 0, 0, 0, 0, 0, 0, 0, 0, 0, 0, 0, 0, 0, 0, 0, 0, 0,
    0, 0, 0, 0, 0, 0, 0, 0, 0, 0, 0, 0, 0, 0, 0, 0, 0, 0, 0, 0,
    0, 0, 0, 0, 0, 0, 0, 0, 0, 0, 0, 0, 0, 0, 0, 0, 0, 0, 0, 0,
    0, 0, 0, 0, 0, 0, 0, 0, 0, 0, 0, 0, 0, 0, 0, 0, 0, 0, 0, 0,
    0, 0, 0, 0, 0, 0, 0, 0, 0, 0, 0, 0, 0, 0, 0, 0, 0, 0, 0, 0,
    0, 0, 0, 0, 0, 0, 0, 0, 0, 0, 0, 0, 0, 0, 0, 0, 0, 0, 0, 0,
    0, 0, 0, 0, 0, 0, 0, 0, 0, 0, 0, 0, 0, 0, 0, 0, 0, 0, 0, 0,
    0, 0, 0, 0, 0, 0, 0, 0, 0, 0, 0, 0, 0, 0, 0, 0, 0, 0, 0, 0,
    0, 0, 0, 0, 0, 0, 0, 0, 0, 0, 0, 0, 0, 0, 0, 0, 0, 0, 0, 0,
    0, 0, 0, 0, 0, 0, 0, 0, 0, 0, 0, 0, 0, 0, 0, 0, 0, 0, 0, 0,
    0, 0, 0, 0, 0, 0, 0, 0, 0, 0, 0, 0, 0, 0, 0, 0, 0, 0, 0, 0,
    0, 0, 0, 0, 0, 0, 0, 0, 0, 0, 0, 0, 0, 0, 0, 0, 0, 0, 0, 0,
    0, 0, 0, 0, 0, 0, 0, 0, 0, 0, 0, 0, 0, 0, 0, 0, 0, 0, 0, 0,
    0, 0, 0, 0, 0, 0, 0, 0, 0, 0, 0, 0, 0, 0, 0, 0, 0, 0, 0, 0,
    0, 0, 0, 0, 0, 0, 0, 0, 0, 0, 0, 0, 0, 0, 0, 0, 0, 0, 0, 0,
    0, 0, 0, 0, 0, 0, 0, 0, 0, 0, 0, 0, 0, 0, 0, 0, 0, 0, 0, 0,
    0, 0, 0, 0, 0, 178, 3, 3, 237, 0, 0, 0, 0, 0, 0, 0, 0, 0, 0, 0,
    0, 0, 0, 0, 0, 0, 0, 0, 0, 0, 0, 0, 0, 0, 0, 0, 0, 0, 0, 0,
    0, 0, 0, 0, 0, 0, 0, 0, 0, 0, 0, 0, 0, 0, 0, 0, 0, 0, 0, 0,
    0, 0, 0, 0, 0, 0, 0, 0, 0, 0, 0, 0, 0, 0, 0, 0, 0, 0, 0, 0,
    0, 0, 0, 0, 0, 0, 0, 0, 0, 0, 0, 0, 0, 0, 0, 0, 0, 0, 0, 0,
    0, 0, 0, 0, 0, 0, 0, 0, 0, 0, 0, 0, 0, 0, 0, 0, 0, 0, 0, 0,
    0, 0, 0, 0, 0, 0, 0, 0, 0, 0, 0, 0, 0, 0, 0, 0, 0, 0, 0, 0,
    0, 0, 0, 0, 0, 0, 0, 0, 0, 0, 0, 0, 0, 0, 0, 0, 0, 0, 0, 0,
    0, 0, 0, 0, 0, 0, 0, 0, 0, 0, 0, 0, 0, 0, 0, 0, 0, 0, 0, 0,
    0, 0, 0, 0, 0, 0, 0, 0, 0, 0, 0, 0, 0, 0, 0, 0, 0, 210, 3, 3,
    269, 0, 0, 0, 0, 0, 0, 0, 0, 0, 0, 0, 0, 0, 0, 0, 0, 0, 0, 0,
    0, 0, 0, 0, 0, 0, 0, 0, 0, 0, 0, 0, 0, 0, 0, 0, 0, 0, 0, 0,
    0, 0, 0, 0, 0, 0, 0, 0, 0, 0, 0, 0, 0, 0, 0, 0, 0, 0, 0, 0,
    0, 0, 0, 0, 0, 0, 0, 0, 0, 0, 0, 0, 0, 0, 0, 0, 0, 0, 0, 0,
    0, 0, 0, 0, 0, 0, 0, 0, 0, 0, 0, 0, 0, 0, 0, 0, 0, 0, 0, 0,
    0, 0, 0, 0, 0, 0, 0, 0, 0, 0, 0, 0, 0, 0, 0, 0, 0, 0, 0, 0,
    0, 0, 0, 0, 0, 0, 0, 0, 0, 0, 0, 0, 0, 0, 0, 0, 0, 0, 0, 0,
    0, 0, 0, 0, 0, 0, 0, 0, 0, 0, 0, 0, 0, 0, 0, 0, 0, 0, 0, 0,
    0, 0, 0, 0, 0, 0, 0, 0, 0, 0, 0, 0, 0, 0, 0, 0, 0, 0, 0, 0,
    0, 0, 0, 0, 0, 0, 0, 0, 0, 32, 32, 32, 32, 0, 0, 0, 0, 0, 0, 0,
    0, 0, 0, 0, 0, 0, 0, 0, 0, 0, 0, 0, 0, 0, 0, 0, 0, 0, 0, 0,
    0, 0, 0, 0, 0, 0, 0, 0, 0, 0, 0, 0, 0, 0, 0, 0, 0, 0, 0, 0,
    0, 0, 0, 0, 0, 0, 0, 0, 0, 0, 0, 0, 0, 0, 0, 0, 0, 0, 0, 0,
    0, 0, 0, 0, 0, 0, 0, 0, 0, 0, 0, 0, 0, 0, 0, 0, 0, 0, 0, 0,
    0, 0, 0, 0, 0, 0, 0, 0, 0, 0, 0, 0, 0, 0, 0, 0, 0, 0, 0, 0,
    0, 0, 0, 0, 0, 0, 0, 0, 0, 0, 0, 0, 0, 0, 0, 0, 0, 0, 0, 0,
    0, 0, 0, 0, 0, 0, 0, 0, 0, 0, 0, 0, 0, 0, 0, 0, 0, 0, 0, 0,
    0, 0, 0, 0, 0, 0, 0, 0, 0, 0, 0, 0, 0, 0, 0, 0, 0, 0, 0, 0,
    0, 0, 0, 0, 0, 0, 0, 0, 0, 0, 0, 0, 0, 0, 0, 0, 0, 0, 0, 0,
    0, 64, 64, 64, 64, 0, 0, 0, 0, 0, 0, 0, 0, 0, 0, 0, 0, 0, 0, 0,
    0, 0, 0, 0, 0, 0, 0, 0, 0, 0, 0, 0, 0, 0, 0, 0, 0, 0, 0, 0,
    0, 0, 0, 0, 0, 0, 0, 0, 0, 0, 0, 0, 0, 0, 0, 0, 0, 0, 0, 0,
    0, 0, 0, 0, 0, 0, 0, 0, 0, 0, 0, 0, 0, 0, 0, 0, 0, 0, 0, 0,
    0, 0, 0, 0, 0, 0, 0, 0, 0, 0, 0, 0, 0, 0, 0, 0, 0, 0, 0, 0,
    0, 0, 0, 0, 0, 0, 0, 0, 0, 0, 0, 0, 0, 0, 0, 0, 0, 0, 0, 0,
    0, 0, 0, 0, 0, 0, 0, 0, 0, 0, 0, 0, 0, 0, 0, 0, 0, 0, 0, 0,
    0, 0, 0, 0, 0, 0, 0, 0, 0, 0, 0, 0, 0, 0, 0, 0, 0, 0, 0, 0,
    0, 0, 0, 0, 0, 0, 0, 0, 0, 0, 0, 0, 0, 0, 0, 0, 0, 0, 0, 0,
    0, 0, 0, 0, 0, 0, 0, 0, 0, 0, 0, 0, 0, 64, 64, 64, 64, 0, 0, 0,
    0, 0, 0, 0, 0, 0, 0, 0, 0, 0, 0, 0, 0, 0, 0, 0, 0, 0, 0, 0,
    0, 0, 0, 0, 0, 0, 0, 0, 0, 0, 0, 0, 0, 0, 0, 0, 0, 0, 0, 0,
    0, 0, 0, 0, 0, 0, 0, 0, 0, 0, 0, 0, 0, 0, 0, 0, 0, 0, 0, 0,
    0, 0, 0, 0, 0, 0, 0, 0, 0, 0, 0, 0, 0, 0, 0, 0, 0, 0, 0, 0,
    0, 0, 0, 0, 0, 0, 0, 0, 0, 0, 0, 0, 0, 0, 0, 0, 0, 0, 0, 0,
    0, 0, 0, 0, 0, 0, 0, 0, 0, 0, 0, 0, 0, 0, 0, 0, 0, 0, 0, 0,
    0, 0, 0, 0, 0, 0, 0, 0, 0, 0, 0, 0, 0, 0, 0, 0, 0, 0, 0, 0,
    0, 0, 0, 0, 0, 0, 0, 0, 0, 0, 0, 0, 0, 0, 0, 0, 0, 0, 0, 0,
    0, 0, 0, 0, 0, 0, 0, 0, 0, 0, 0, 0, 0, 0, 0, 0, 0, 0, 0, 0,
    0, 0, 0, 0, 0, 64, 64, 64, 64, 0, 0, 0, 0, 0, 0, 0, 0, 0, 0, 0,
    0, 0, 0, 0, 0, 0, 0, 0, 0, 0, 0, 0, 0, 0, 0, 0, 0, 0, 0, 0,
    0, 0, 0, 0, 0, 0, 0, 0, 0, 0, 0, 0, 0, 0, 0, 0, 0, 0, 0, 0,
    0, 0, 0, 0, 0, 0, 0, 0, 0, 0, 0, 0, 0, 0, 0, 0, 0, 0, 0, 0,
    0, 0, 0, 0, 0, 0, 0, 0, 0, 0, 0, 0, 0, 0, 0, 0, 0, 0, 0, 0,
    0, 0, 0, 0, 0, 0, 0, 0, 0, 0, 0, 0, 0, 0, 0, 0, 0, 0, 0, 0,
    0, 0, 0, 0, 0, 0, 0, 0, 0, 0, 0, 0, 0, 0, 0, 0, 0, 0, 0, 0,
    0, 0, 0, 0, 0, 0, 0, 0, 0, 0, 0, 0, 0, 0, 0, 0, 0, 0, 0, 0,
    0, 0, 0, 0, 0, 0, 0, 0, 0, 0, 0, 0, 0, 0, 0, 0, 0, 0, 0, 0,
    0, 0, 0, 0, 0, 0, 0, 0, 0, 0, 0, 0, 0, 0, 0, 0, 0, 64, 64, 64,
    64, 0, 0, 0, 0, 0, 0, 0, 0, 0, 0, 0, 0, 0, 0, 0, 0, 0, 0, 0,
    0, 0, 0, 0, 0, 0, 0, 0, 0, 0, 0, 0, 0, 0, 0, 0, 0, 0, 0, 0,
    0, 0, 0, 0, 0, 0, 0, 0, 0, 0, 0, 0, 0, 0, 0, 0, 0, 0, 0, 0,
    0, 0, 0, 0, 0, 0, 0, 0, 0, 0, 0, 0, 0, 0, 0, 0, 0, 0, 0, 0,
    0, 0, 0, 0, 0, 0, 0, 0, 0, 0, 0, 0, 0, 0, 0, 0, 0, 0, 0, 0,
    0, 0, 0, 0, 0, 0, 0, 0, 0, 0, 0, 0, 0, 0, 0, 0, 0, 0, 0, 0,
    0, 0, 0, 0, 0, 0, 0, 0, 0, 0, 0, 0, 0, 0, 0, 0, 0, 0, 0, 0,
    0, 0, 0, 0, 0, 0, 0, 0, 0, 0, 0, 0, 0, 0, 0, 0, 0, 0, 0, 0,
    0, 0, 0, 0, 0, 0, 0, 0, 0, 0, 0, 0, 0, 0, 0, 0, 0, 0, 0, 0,
    0, 0, 0, 0, 0, 0, 0, 0, 0, 64, 64, 64, 64, 0, 0, 0, 0, 0, 0, 0,
    0, 0, 0, 0, 0, 0, 0, 0, 0, 0, 0, 0, 0, 0, 0, 0, 0, 0, 0, 0,
    0, 0, 0, 0, 0, 0, 0, 0, 0, 0, 0, 0, 0, 0, 0, 0, 0, 0, 0, 0,
    0, 0, 0, 0, 0, 0, 0, 0, 0, 0, 0, 0, 0, 0, 0, 0, 0, 0, 0, 0,
    0, 0, 0, 0, 0, 0, 0, 0, 0, 0, 0, 0, 0, 0, 0, 0, 0, 0, 0, 0,
    0, 0, 0, 0, 0, 0, 0, 0, 0, 0, 0, 0, 0, 0, 0, 0, 0, 0, 0, 0,
    0, 0, 0, 0, 0, 0, 0, 0, 0, 0, 0, 0, 0, 0, 0, 0, 0, 0, 0, 0,
    0, 0, 0, 0, 0, 0, 0, 0, 0, 0, 0, 0, 0, 0, 0, 0, 0, 0, 0, 0,
    0, 0, 0, 0, 0, 0, 0, 0, 0, 0, 0, 0, 0, 0, 0, 0, 0, 0, 0, 0,
    0, 0, 0, 0, 0, 0, 0, 0, 0, 0, 0, 0, 0, 0, 0, 0, 0, 0, 0, 0,
    272, 72, 72, 72, 72, 207, 0, 0, 0, 0, 0, 0, 0, 0, 0, 0, 0, 0, 0, 0,
    0, 0, 0, 0, 0, 0, 0, 0, 0, 0, 0, 0, 0, 0, 0, 0, 0, 0, 0, 0,
    0, 0, 0, 0, 0, 0, 0, 0, 0, 0, 0, 0, 0, 0, 0, 0, 0, 0, 0, 0,
    0, 0, 0, 0, 0, 0, 0, 0, 0, 0, 0, 0, 0, 0, 0, 0, 0, 0, 0, 0,
    0, 0, 0, 0, 0, 0, 0, 0, 0, 0, 0, 0, 0, 0, 0, 0, 0, 0, 0, 0,
    0, 0, 0, 0, 0, 0, 0, 0, 0, 0, 0, 0, 0, 0, 0, 0, 0, 0, 0, 0,
    0, 0, 0, 0, 0, 0, 0, 0, 0, 0, 0, 0, 0, 0, 0, 0, 0, 0, 0, 0,
    0, 0, 0, 0, 0, 0, 0, 0, 0, 0, 0, 0, 0, 0, 0, 0, 0, 0, 0, 0,
    0, 0, 0, 0, 0, 0, 0, 0, 0, 0, 0, 0, 0, 0, 0, 0, 0, 0, 0, 0,
    0, 0, 0, 0, 0, 0, 0, 0, 0, 0, 0, 0, 0, 0, 0, 0, 0, 0, 0, 0,
    0, 0, 0, 0, 0, 0, 0, 0, 0, 0, 0, 0, 0, 0, 0, 0, 0, 0, 0, 0,
    0, 0, 0, 0, 0, 0, 0, 0, 0, 0, 0, 0, 0, 0, 0, 0, 0, 0, 0, 0,
    0, 0, 0, 0, 0, 0, 0, 0, 0, 0, 0, 0, 0, 0, 0, 0, 0, 0, 0, 0,
    0, 0, 0, 0, 0, 0, 0, 0, 0, 0, 0, 0, 0, 0, 0, 0, 0, 0, 0, 0,
    0, 0, 0, 0, 0, 0, 0, 0, 0, 0, 0, 0, 0, 0, 0, 0, 0, 0, 0, 0,
    0, 0, 0, 0, 0, 0, 0, 0, 0, 0, 0, 0, 0, 0, 0, 0, 0, 0, 0, 0,
    0, 0, 0, 0, 0, 0, 0, 0, 0, 0, 0, 0, 0, 0, 0, 0, 0, 0, 0, 0,
    0, 0, 0, 0, 0, 0, 0, 0, 0, 0, 0, 0, 0, 0, 0, 0, 0, 0, 0, 0,
    0, 0, 0, 0, 0, 0, 0, 0, 0, 0, 0, 0, 0, 0, 0, 0, 0, 0, 0, 0,
    0, 0, 0, 0, 0, 0, 0, 0, 0, 0, 0, 0, 0, 0, 0, 0, 0, 0, 0, 0,
    0, 0, 0, 0, 0, 0, 0, 0, 0, 0, 0, 0, 0, 0, 0, 0, 0, 0, 0, 0,
    0, 0, 0, 0, 0, 0, 0, 0, 0, 0, 0, 0, 0, 0, 0, 0, 0, 0, 0, 0,
    0, 0, 0, 0, 0, 0, 0, 0, 0, 0, 0, 0, 0, 0, 0, 0, 0, 0, 0, 0,
    0, 0, 0, 0, 0, 0, 0, 0, 0, 0, 0, 0, 0, 0, 0, 0, 0, 0, 0, 0,
    0, 0, 0, 0, 0, 0, 0, 0, 0, 0, 0, 0, 0, 0, 0, 0, 0, 0, 0, 0,
    0, 0, 0, 0, 0, 0, 0, 0, 0, 0, 0, 0, 0, 0, 0, 0, 0, 0, 0, 0,
    0, 0, 0, 0, 0, 0, 0, 0, 0, 0, 0, 0, 0, 0, 0, 0, 0, 0, 0, 0,
    0, 0, 0, 0, 0, 0, 0, 0, 0, 0, 0, 0, 0, 0, 0, 0, 0, 180, 235, 0,
    0, 0, 0, 0, 0, 180, 235, 0, 0, 0, 0, 0, 0, 0, 0, 0, 0, 0, 0, 0,
    0, 0, 0, 0, 0, 0, 0, 0, 0, 0, 0, 180, 235, 0, 0, 0, 0, 0, 0, 180,
    235, 0, 0, 0, 0, 0, 0, 0, 0, 0, 0, 0, 0, 0, 0, 0, 0, 0, 0, 0,
    0, 0, 0, 0, 0, 0, 0, 0, 0, 0, 0, 0, 0, 0, 0, 0, 0, 0, 0, 0,
    0, 0, 0, 0, 0, 0, 0, 0, 0, 0, 0, 0, 0, 0, 0, 0, 0, 0, 0, 0,
    0, 0, 0, 0, 0, 0, 0, 0, 0, 0, 0, 0, 0, 0, 0, 0, 0, 0, 0, 0,
    0, 0, 0, 0, 0, 0, 0, 0, 0, 0, 0, 0, 0, 0, 0, 0, 0, 0, 0, 0,
    0, 0, 0, 0, 0, 0, 0, 0, 0, 0, 0, 0, 0, 0, 0, 0, 0, 0, 0, 0,
    0, 0, 0, 0, 0, 0, 0, 0, 0, 0, 0, 0, 0, 0, 0, 0, 0, 0, 0, 0,
    0, 34, 35, 0, 0, 0, 0, 0, 0, 0, 0, 0, 0, 0, 0, 0, 0, 0, 0, 0,
    0, 0, 0, 0, 0, 0, 0, 0, 0, 0, 0, 0, 0, 0, 0, 0, 0, 0, 0, 0,
    0, 0, 0, 0, 0, 0, 0, 0, 0, 0, 0, 0, 0, 0, 0, 0, 0, 0, 0, 34,
    35, 0, 0, 0, 0, 0, 0, 0, 0, 0, 0, 0, 0, 0, 0, 0, 0, 0, 0, 0,
    0, 0, 0, 0, 0, 0, 0, 0, 0, 0, 0, 0, 0, 0, 0, 0, 0, 0, 0, 0,
    0, 0, 0, 0, 0, 0, 0, 0, 0, 0, 0, 0, 0, 0, 0, 0, 0, 0, 0, 0,
    0, 0, 0, 0, 0, 0, 0, 0, 0, 0, 0, 0, 0, 0, 0, 0, 0, 0, 0, 0,
    0, 0, 0, 0, 0, 0, 0, 0, 0, 0, 0, 0, 0, 0, 0, 0, 0, 0, 0, 0,
    0, 0, 0, 0, 0, 0, 0, 0, 0, 0, 0, 0, 0, 0, 0, 0, 0, 0, 0, 0,
    175, 3, 3, 3, 3, 3, 3, 3, 170, 33, 33, 245, 3, 194, 195, 0, 0, 0, 0, 0,
    0, 0, 0, 0, 0, 0, 0, 0, 0, 0, 0, 0, 0, 0, 0, 0, 0, 0, 0, 0,
    0, 0, 0, 0, 0, 0, 0, 0, 0, 0, 0, 0, 0, 0, 0, 0, 0, 0, 0, 0,
    0, 0, 0, 0, 0, 0, 0, 0, 0, 0, 0, 284, 285, 3, 170, 33, 33, 245, 3, 3,
    3, 3, 3, 3, 3, 3, 240, 0, 0, 0, 0, 0, 0, 0, 0, 0, 0, 0, 0, 0,
    0, 0, 0, 0, 0, 0, 0, 0, 0, 0, 0, 0, 0, 0, 0, 0, 0, 0, 0, 0,
    0, 0, 0, 0, 0, 0, 0, 0, 0, 0, 0, 0, 0, 0, 0, 0, 0, 0, 0, 0,
    0, 0, 0, 0, 0, 0, 0, 0, 0, 0, 0, 0, 0, 0, 0, 0, 0, 0, 0, 0,
    0, 0, 0, 0, 0, 0, 0, 0, 0, 0, 0, 0, 0, 0, 0, 0, 0, 0, 0, 0,
    0, 0, 0, 0, 0, 0, 0, 0, 0, 0, 0, 0, 2, 2, 2, 2, 2, 2, 2, 2,
    202, 130, 130, 277, 2, 2, 206, 0, 0, 0, 0, 0, 0, 0, 0, 0, 0, 0, 0, 0,
    0, 0, 0, 0, 0, 0, 0, 0, 0, 0, 0, 0, 0, 0, 0, 0, 0, 0, 0, 0,
    0, 0, 0, 0, 0, 0, 0, 0, 0, 0, 0, 0, 0, 0, 0, 0, 0, 0, 0, 0,
    0, 0, 0, 273, 2, 2, 202, 130, 130, 277, 2, 2, 2, 2, 2, 2, 2, 2, 2, 0,
    0, 0, 0, 0, 0, 0, 0, 0, 0, 0, 0, 0, 0, 0, 0, 0, 0, 0, 0, 0,
    0, 0, 0, 0, 0, 0, 0, 0, 0, 0, 0, 0, 0, 0, 0, 0, 0, 0, 0, 0,
    0, 0, 0, 0, 0, 0, 0, 0, 0, 0, 0, 0, 0, 0, 0, 0, 0, 0, 0, 0,
    0, 0, 0, 0, 0, 0, 0, 0, 0, 0, 0, 0, 0, 0, 0, 0, 0, 0, 0, 0,
    0, 0, 0, 0, 0, 0, 0, 0, 0, 0, 0, 0, 0, 0, 0, 0, 0, 0, 0, 0,
    0, 0, 0, 0, 2, 2, 2, 2, 2, 2, 2, 2, 2, 2, 2, 2, 2, 2, 206, 0,
    0, 0, 0, 0, 0, 0, 0, 0, 0, 0, 0, 0, 0, 0, 0, 0, 0, 0, 0, 0,
    0, 0, 0, 0, 0, 0, 0, 0, 0, 0, 0, 0, 0, 0, 0, 0, 0, 0, 0, 0,
    0, 0, 0, 0, 0, 0, 0, 0, 0, 0, 0, 0, 0, 0, 0, 273, 2, 2, 2, 2,
    2, 2, 2, 2, 2, 2, 2, 2, 2, 2, 2, 0, 0, 0, 0, 0, 0, 0, 0, 0,
    0, 0, 0, 0, 0, 0, 0, 0, 0, 0, 0, 0, 0, 0, 0, 0, 0, 0, 0, 0,
    0, 0, 0, 0, 0, 0, 0, 0, 0, 0, 0, 0, 0, 0, 0, 0, 0, 0, 0, 0,
    0, 0, 0, 0, 0, 0, 0, 0, 0, 0, 0, 0, 0, 0, 0, 0, 0, 0, 0, 0,
    0, 0, 0, 0, 0, 0, 0, 0, 0, 0, 0, 0, 0, 0, 0, 0, 0, 0, 0, 0,
    0, 0, 0, 0, 0, 0, 0, 0, 0, 0, 0, 0, 0, 0, 0, 0, 2, 2, 2, 2,
    2, 2, 2, 2, 2, 2, 2, 2, 2, 2, 206, 0, 0, 0, 0, 0, 0, 0, 0, 0,
    0, 0, 0, 0, 0, 0, 0, 0, 0, 0, 0, 0, 0, 0, 0, 0, 0, 0, 0, 0,
    0, 0, 0, 0, 0, 0, 0, 0, 0, 0, 0, 0, 0, 0, 0, 0, 0, 0, 0, 0,
    0, 0, 0, 0, 0, 0, 0, 273, 2, 2, 2, 2, 2, 2, 2, 2, 2, 2, 2, 2,
    2, 2, 2, 0, 0, 0, 0, 0, 0, 0, 0, 0, 0, 0, 0, 0, 0, 0, 0, 0,
    0, 0, 0, 0, 0, 0, 0, 0, 0, 0, 0, 0, 0, 0, 0, 0, 0, 0, 0, 0,
    0, 0, 0, 0, 0, 0, 0, 0, 0, 0, 0, 0, 0, 0, 0, 0, 0, 0, 0, 0,
    0, 0, 0, 0, 0, 0, 0, 0, 0, 0, 0, 0, 0, 0, 0, 0, 0, 0, 0, 0,
    0, 0, 0, 0, 0, 0, 0, 0, 0, 0, 0, 0, 0, 0, 0, 0, 0, 0, 0, 0,
    0, 0, 0, 0, 0, 0, 0, 0, 2, 2, 2, 2, 2, 2, 2, 2, 2, 2, 2, 2,
    2, 2, 206, 0, 0, 0, 0, 0, 0, 0, 0, 0, 0, 0, 0, 0, 0, 0, 0, 0,
    0, 0, 0, 0, 0, 0, 0, 0, 0, 0, 0, 0, 0, 0, 0, 0, 0, 0, 0, 0,
    0, 0, 0, 0, 0, 0, 0, 0, 0, 0, 0, 0, 0, 0, 0, 0, 0, 0, 0, 273,
    2, 2, 2, 2, 2, 2, 2, 2, 2, 2, 2, 2, 2, 2, 2, 0, 0, 0, 0, 0,
    0, 0, 0, 0, 0, 0, 0, 0, 0, 0, 0, 0, 0, 0, 0, 0, 0, 0, 0, 0,
    0, 0, 0, 0, 0, 0, 0, 0, 0, 0, 0, 0, 0, 0, 0, 0, 0, 0, 0, 0,
    0, 0, 0, 0, 0, 0, 0, 0, 0, 0, 0, 0, 0, 0, 0, 0, 0, 0, 0, 0,
    0, 0, 0, 0, 0, 0, 0, 0, 0, 0, 0, 0, 0, 0, 0, 0, 0, 0, 0, 0,
    0, 0, 0, 0, 0, 0, 0, 0, 0, 0, 0, 0, 0, 0, 0, 0, 0, 0, 0, 0,
    2, 2, 2, 2, 2, 2, 2, 2, 2, 2, 2, 2, 2, 2, 206, 0, 0, 0, 0, 0,
    0, 0, 0, 0, 0, 0, 0, 0, 0, 0, 0, 0, 0, 0, 0, 0, 0, 0, 0, 0,
    0, 0, 0, 0, 0, 0, 0, 0, 0, 0, 0, 0, 0, 0, 0, 0, 0, 0, 0, 0,
    0, 0, 0, 0, 0, 0, 0, 0, 0, 0, 0, 273, 2, 2, 2, 2, 2, 2, 2, 2,
    2, 2, 2, 2, 2, 2, 2, 0, 0, 0, 0, 0, 0, 0, 0, 0, 0, 0, 0, 0,
    0, 0, 0, 0, 0, 0, 0, 0, 0, 0, 0, 0, 0, 0, 0, 0, 0, 0, 0, 0,
    0, 0, 0, 0, 0, 0, 0, 0, 0, 0, 0, 0, 0, 0, 0, 0, 0, 0, 0, 0,
    0, 0, 0, 0, 0, 0, 0, 0, 0, 0, 0, 0, 0, 0, 0, 0, 0, 0, 0, 0,
    0, 0, 0, 0, 0, 0, 0, 0, 0, 0, 0, 0, 0, 0, 0, 0, 0, 0, 0, 0,
    0, 0, 0, 0, 0, 0, 0, 0, 0, 0, 0, 0, 2, 2, 2, 2, 2, 2, 2, 2,
    2, 2, 2, 2, 2, 2, 175, 3, 3, 3, 170, 33, 33, 245, 3, 3, 3, 3, 3, 3,
    3, 3, 170, 33, 33, 245, 3, 3, 3, 3, 237, 0, 0, 0, 0, 0, 0, 0, 0, 178,
    3, 3, 3, 3, 170, 33, 33, 245, 3, 3, 3, 3, 3, 3, 3, 3, 170, 33, 33, 245,
    3, 3, 3, 240, 2, 2, 2, 2, 2, 2, 2, 2, 2, 2, 2, 2, 2, 2, 2, 0,
    0, 0, 0, 0, 0, 0, 0, 0, 0, 0, 0, 0, 0, 0, 0, 0, 0, 0, 0, 0,
    0, 0, 0, 0, 0, 0, 0, 0, 0, 0, 0, 0, 0, 0, 0, 0, 0, 0, 0, 0,
    0, 0, 0, 0, 0, 0, 0, 0, 0, 0, 0, 0, 0, 0, 0, 0, 0, 0, 0, 0,
    0, 0, 0, 0, 0, 0, 0, 0, 0, 0, 0, 0, 0, 0, 0, 0, 0, 0, 0, 0,
    0, 0, 0, 0, 0, 0, 0, 0, 0, 0, 0, 0, 0, 0, 0, 0, 0, 0, 0, 0,
    0, 0, 0, 0, 0, 0, 0, 0, 0, 0, 0, 0, 0, 0, 0, 0, 0, 0, 2, 2,
    2, 2, 202, 130, 130, 277, 2, 2, 2, 2, 2, 2, 2, 2, 202, 130, 130, 277, 2, 2,
    2, 2, 206, 0, 0, 0, 0, 0, 0, 0, 0, 273, 2, 2, 2, 2, 202, 130, 130, 277,
    2, 2, 2, 2, 2, 2, 2, 2, 202, 130, 130, 277, 2, 2, 2, 2, 0, 0, 0, 0,
    0, 0, 0, 0, 0, 0, 0, 0, 0, 0, 0, 0, 0, 0, 0, 0, 0, 0, 0, 0,
    0, 0, 0, 0, 0, 0, 0, 0, 0, 0, 0, 0, 0, 0, 0, 0, 0, 0, 0, 0,
    0, 0, 0, 0, 0, 0, 0, 0, 0, 0, 0, 0, 0, 0, 0, 0, 0, 0, 0, 0,
    0, 0, 0, 0, 0, 0, 0, 0, 0, 0, 0, 0, 0, 0, 0, 0, 0, 0, 0, 0,
    0, 0, 0, 0, 0, 0, 0, 0, 0, 0, 0, 0, 0, 0, 0, 0, 0, 0, 0, 0,
    0, 0, 0, 0, 0, 0, 0, 0, 0, 0, 0, 0, 0, 0, 0, 0, 0, 0, 0, 0,
    0, 0, 0, 0, 0, 0, 0, 0, 0, 0, 2, 2, 2, 2, 2, 2, 2, 2, 2, 2,
    2, 2, 2, 2, 2, 2, 2, 2, 2, 2, 2, 2, 2, 2, 206, 0, 0, 0, 0, 0,
    0, 0, 0, 273, 2, 2, 2, 2, 2, 2, 2, 2, 2, 2, 2, 2, 2, 2, 2, 2,
    2, 2, 2, 2, 2, 2, 2, 2, 0, 0, 0, 0, 0, 0, 0, 0, 0, 0, 0, 0,
    0, 0, 0, 0, 0, 0, 0, 0, 0, 0, 0, 0, 0, 0, 0, 0, 0, 0, 0, 0,
    0, 0, 0, 0, 0, 0, 0, 0, 0, 0, 0, 0, 0, 0, 0, 0, 0, 0, 0, 0,
    0, 0, 0, 0, 0, 0, 0, 0, 0, 0, 0, 0, 0, 0, 0, 0, 0, 0, 0, 0,
    0, 0, 0, 0, 0, 0, 0, 0, 0, 0, 0, 0, 0, 0, 0, 0, 0, 0, 0, 0,
    0, 0, 0, 0, 0, 0, 0, 0, 0, 0, 0, 0, 0, 0, 0, 0, 0, 0, 0, 0,
    0, 0, 0, 0, 0, 0, 0, 0, 0, 0, 0, 0, 0, 0, 0, 0, 0, 0, 0, 0,
    0, 0, 2, 2, 2, 2, 2, 2, 2, 2, 2, 2, 2, 2, 2, 2, 2, 2, 2, 2,
    2, 2, 2, 2, 2, 2, 206, 0, 0, 0, 0, 0, 0, 0, 0, 273, 2, 2, 2, 2,
    2, 2, 2, 2, 2, 2, 2, 2, 2, 2, 2, 2, 2, 2, 2, 2, 2, 2, 2, 2,
    0, 0, 0, 0, 0, 0, 0, 0, 0, 0, 0, 0, 0, 0, 0, 0, 0, 0, 0, 0,
    0, 0, 0, 0, 0, 0, 0, 0, 0, 0, 0, 0, 0, 0, 0, 0, 0, 0, 0, 0,
    0, 0, 0, 0, 0, 0, 0, 0, 0, 0, 0, 0, 0, 0, 0, 0, 0, 0, 0, 0,
    0, 0, 0, 0, 0, 0, 0, 0, 0, 0, 0, 0, 0, 0, 0, 0, 0, 0, 0, 0,
    0, 0, 0, 0, 0, 0, 0, 0, 0, 0, 0, 0, 0, 0, 0, 0, 0, 0, 0, 0,
    0, 0, 0, 0, 0, 0, 0, 0, 0, 0, 0, 0, 0, 0, 0, 0, 0, 0, 0, 0,
    0, 0, 0, 0, 0, 0, 0, 0, 0, 0, 0, 0, 0, 0, 2, 2, 2, 2, 2, 2,
    2, 2, 2, 2, 2, 2, 2, 2, 2, 2, 2, 2, 2, 2, 2, 2, 2, 2, 206, 0,
    0, 0, 0, 0, 0, 0, 0, 273, 2, 2, 2, 2, 2, 2, 2, 2, 2, 2, 2, 2,
    2, 2, 2, 2, 2, 2, 2, 2, 2, 2, 2, 2, 0, 0, 0, 0, 0, 0, 0, 0,
    0, 0, 0, 0, 0, 0, 0, 0, 0, 0, 0, 0, 0, 0, 0, 0, 0, 0, 0, 0,
    0, 0, 0, 0, 0, 0, 0, 0, 0, 0, 0, 0, 0, 0, 0, 0, 0, 0, 0, 0,
    0, 0, 0, 0, 0, 0, 0, 0, 0, 0, 0, 0, 0, 0, 0, 0, 0, 0, 0, 0,
    0, 0, 0, 0, 0, 0, 0, 0, 0, 0, 0, 0, 0, 0, 0, 0, 0, 0, 0, 0,
    0, 0, 0, 0, 0, 0, 0, 0, 0, 0, 0, 0, 0, 0, 0, 0, 0, 0, 0, 0,
    0, 0, 0, 0, 0, 0, 0, 0, 0, 0, 0, 0, 0, 0, 0, 0, 0, 0, 0, 0,
    0, 0, 0, 0, 0, 0, 2, 2, 2, 2, 2, 2, 2, 2, 2, 2, 2, 2, 2, 2,
    2, 2, 2, 2, 2, 2, 2, 2, 2, 2, 206, 0, 0, 0, 0, 0, 0, 0, 0, 273,
    2, 2, 2, 2, 2, 2, 2, 2, 2, 2, 2, 2, 2, 2, 2, 2, 2, 2, 2, 2,
    2, 2, 2, 2, 0, 0, 0, 0, 0, 0, 0, 0, 0, 0, 0, 0, 0, 0, 0, 0,
    0, 0, 0, 0, 0, 0, 0, 0, 0, 0, 0, 0, 0, 0, 0, 0, 0, 0, 0, 0,
    0, 0, 0, 0, 0, 0, 0, 0, 0, 0, 0, 0, 0, 0, 0, 0, 0, 0, 0, 0,
    0, 0, 0, 0, 0, 0, 0, 0, 0, 0, 0, 0, 0, 0, 0, 0, 0, 0, 0, 0,
    0, 0, 0, 0, 0, 0, 0, 0, 0, 0, 0, 0, 0, 0, 0, 0, 0, 0, 0, 0,
    0, 0, 0, 0, 0, 0, 0, 0, 0, 0, 0, 0, 0, 0, 0, 0, 0, 0, 0, 0,
    0, 0, 0, 0, 0, 0, 0, 0, 0, 0, 0, 0, 0, 0, 0, 0, 0, 0, 2, 2,
    2, 2, 2, 2, 2, 2, 2, 2, 2, 2, 2, 2, 2, 2, 2, 2, 2, 2, 2, 2,
    2, 2, 206, 0, 0, 0, 0, 0, 0, 0, 0, 273, 2, 2, 2, 2, 2, 2, 2, 2,
    2, 2, 2, 2, 2, 2, 2, 2, 2, 2, 2, 2, 2, 2, 2, 2, 0, 0, 0, 0,
    0, 0, 0, 0, 0, 0, 0, 0, 0, 0, 0, 0, 0, 0, 0, 0, 0, 0, 0, 0,
    0, 0, 0, 0, 0, 0, 0, 0, 0, 0, 0, 0, 0, 0, 0, 0, 0, 0, 0, 0,
    0, 0, 0, 0, 0, 0, 0, 0, 0, 0, 0, 0, 0, 0, 0, 0, 0, 0, 0, 0,
    0, 0, 0, 0, 0, 0, 0, 0, 0, 0, 0, 0, 0, 0, 0, 0, 0, 0, 0, 0,
    0, 0, 0, 0, 0, 0, 0, 0, 0, 0, 0, 0, 0, 0, 0, 0, 0, 0, 0, 0,
    0, 0, 0, 0, 0, 0, 0, 0, 0, 0, 0, 0, 0, 0, 0, 0, 0, 0, 0, 0,
    0, 0, 0, 0, 0, 0, 0, 0, 0, 0, 2, 2, 2, 2, 2, 2, 2, 2, 2, 2,
    2, 2, 2, 2, 2, 2, 2, 2, 2, 2, 2, 2, 2, 2, 206, 0, 0, 0, 0, 0,
    0, 0, 0, 273, 2, 2, 2, 2, 2, 2, 2, 2, 2, 2, 2, 2, 2, 2, 2, 2,
    2, 2, 2, 2, 2, 2, 2, 2, 0, 0, 0, 0, 0, 0, 0, 0, 0, 0, 0, 0,
    0, 0, 0, 0, 0, 0, 0, 0, 0, 0, 0, 0, 0, 0, 0, 0, 0, 0, 0, 0,
    0, 0, 0, 0, 0, 0, 0, 0, 0, 0, 0, 0, 0, 0, 0, 0, 0, 0, 0, 0,
    0, 0, 0, 0, 0, 0, 0, 0, 0, 0, 0, 0, 0, 0, 0, 0, 0, 0, 0, 0,
    0, 0, 0, 0, 0, 0, 0, 0, 0, 0, 0, 0, 0, 0, 0, 0, 0, 0, 0, 0,
    0, 0, 0, 0, 0, 0, 0, 0, 0, 0, 0, 0, 0, 0, 0, 0, 0, 0, 0, 0,
    0, 0, 0, 0, 0, 0, 0, 0, 0, 0, 0, 0, 0, 0, 0, 0, 0, 0, 0, 0,
    0, 0, 2, 2, 2, 2, 2, 2, 2, 2, 2, 2, 2, 2, 2, 2, 2, 2, 2, 2,
    2, 2, 2, 2, 2, 2, 175, 3, 3, 170, 33, 33, 245, 3, 3, 240, 2, 2, 2, 2,
    2, 2, 2, 2, 2, 2, 2, 2, 2, 2, 2, 2, 2, 2, 2, 2, 2, 2, 2, 2,
    0, 0, 0, 0, 0, 0, 0, 0, 0, 0, 0, 0, 0, 0, 0, 0, 0, 0, 0, 0,
    0, 0, 0, 0, 0, 0, 0, 0, 0, 0, 0, 0, 0, 0, 0, 0, 0, 0, 0, 0,
    0, 0, 0, 0, 0, 0, 0, 0, 0, 0, 0, 0, 0, 0, 0, 0, 0, 0, 0, 0,
    0, 0, 0, 0, 0, 0, 0, 0, 0, 0, 0, 0, 0, 0, 0, 0, 0, 0, 0, 0,
    0, 0, 0, 0, 0, 0, 0, 0, 0, 0, 0, 0, 0, 0, 0, 0, 0, 0, 0, 0,
    0, 0, 0, 0, 0, 0, 0, 0, 0, 0, 0, 0, 0, 0, 0, 0, 0, 0, 0, 0,
    0, 0, 0, 0, 0, 0, 0, 0, 0, 0, 0, 0, 0, 0, 0, 0, 0, 0, 0, 0,
    0, 0, 0, 0, 0, 0, 0, 0, 0, 0, 0, 0, 0, 0, 0, 0, 0, 0, 2, 2,
    2, 202, 130, 130, 277, 2, 2, 2, 0, 0, 0, 0, 0, 0, 0, 0, 0, 0, 0, 0,
    0, 0, 0, 0, 0, 0, 0, 0, 0, 0, 0, 0, 0, 0, 0, 0, 0, 0, 0, 0,
    0, 0, 0, 0, 0, 0, 0, 0, 0, 0, 0, 0, 0, 0, 0, 0, 0, 0, 0, 0,
    0, 0, 0, 0, 0, 0, 0, 0, 0, 0, 0, 0, 0, 0, 0, 0, 0, 0, 0, 0,
    0, 0, 0, 0, 0, 0, 0, 0, 0, 0, 0, 0, 0, 0, 0, 0, 0, 0, 0, 0,
    0, 0, 0, 0, 0, 0, 0, 0, 0, 0, 0, 0, 0, 0, 0, 0, 0, 0, 0, 0,
    0, 0, 0, 0, 0, 0, 0, 0, 0, 0, 0, 0, 0, 0, 0, 0, 0, 0, 0, 0,
    0, 0, 0, 0, 0, 0, 0, 0, 0, 0, 0, 0, 0, 0, 0, 0, 0, 0, 0, 0,
    0, 0, 0, 0, 0, 0, 0, 0, 0, 0, 0, 0, 0, 0, 0, 0, 0, 0, 0, 0,
    0, 0, 0, 0, 0, 0, 0, 0, 0, 0, 2, 2, 2, 2, 2, 2, 2, 2, 2, 2,
    0, 0, 0, 0, 0, 0, 0, 0, 0, 0, 0, 0, 0, 0, 0, 0, 0, 0, 0, 0,
    0, 0, 0, 0, 0, 0, 0, 0, 0, 0, 0, 0, 0, 0, 0, 0, 0, 0, 0, 0,
    0, 0, 0, 0, 0, 0, 0, 0, 0, 0, 0, 0, 0, 0, 0, 0, 0, 0, 0, 0,
    0, 0, 0, 0, 0, 0, 0, 0, 0, 0, 0, 0, 0, 0, 0, 0, 0, 0, 0, 0,
    0, 0, 0, 0, 0, 0, 0, 0, 0, 0, 0, 0, 0, 0, 0, 0, 0, 0, 0, 0,
    0, 0, 0, 0, 0, 0, 0, 0, 0, 0, 0, 0, 0, 0, 0, 0, 0, 0, 0, 0,
    0, 0, 0, 0, 0, 0, 0, 0, 0, 0, 0, 0, 0, 0, 0, 0, 0, 0, 0, 0,
    0, 0, 0, 0, 0, 0, 0, 0, 0, 0, 0, 0, 0, 0, 0, 0, 0, 0, 0, 0,
    0, 0, 0, 0, 0, 0, 0, 0, 0, 0, 0, 0, 0, 0, 0, 0, 0, 0, 0, 0,
    0, 0, 2, 2, 2, 2, 2, 2, 2, 2, 2, 2, 0, 0, 0, 0, 0, 0, 0, 0,
    0, 0, 0, 0, 0, 0, 0, 0, 0, 0, 0, 0, 0, 0, 0, 0, 0, 0, 0, 0,
    0, 0, 0, 0, 0, 0, 0, 0, 0, 0, 0, 0, 0, 0, 0, 0, 0, 0, 0, 0,
    0, 0, 0, 0, 0, 0, 0, 0, 0, 0, 0, 0, 0, 0, 0, 0, 0, 0, 0, 0,
    0, 0, 0, 0, 0, 0, 0, 0, 0, 0, 0, 0, 0, 0, 0, 0, 0, 0, 0, 0,
    0, 0, 0, 0, 0, 0, 0, 0, 0, 0, 0, 0, 0, 0, 0, 0, 0, 0, 0, 0,
    0, 0, 0, 0, 0, 0, 0, 0, 0, 0, 0, 0, 0, 0, 0, 0, 0, 0, 0, 0,
    0, 0, 0, 0, 0, 0, 0, 0, 0, 0, 0, 0, 0, 0, 0, 0, 0, 0, 0, 0,
    0, 0, 0, 0, 0, 0, 0, 0, 0, 0, 0, 0, 0, 0, 0, 0, 0, 0, 0, 0,
    0, 0, 0, 0, 0, 0, 0, 0, 0, 0, 0, 0, 0, 0, 2, 2, 2, 2, 2, 2,
    2, 2, 2, 2, 0, 0, 0, 0, 0, 0, 0, 0, 0, 0, 0, 0, 0, 0, 0, 0,
    0, 0, 0, 0, 0, 0, 0, 0, 0, 0, 0, 0, 0, 0, 0, 0, 0, 0, 0, 0,
    0, 0, 0, 0, 0, 0, 0, 0, 0, 0, 0, 0, 0, 0, 0, 0, 0, 0, 0, 0,
    0, 0, 0, 0, 0, 0, 0, 0, 0, 0, 0, 0, 0, 0, 0, 0, 0, 0, 0, 0,
    0, 0, 0, 0, 0, 0, 0, 0, 0, 0, 0, 0, 0, 0, 0, 0, 0, 0, 0, 0,
    0, 0, 0, 0, 0, 0, 0, 0, 0, 0, 0, 0, 0, 0, 0, 0, 0, 0, 0, 0,
    0, 0, 0, 0, 0, 0, 0, 0, 0, 0, 0, 0, 0, 0, 0, 0, 0, 0, 0, 0,
    0, 0, 0, 0, 0, 0, 0, 0, 0, 0, 0, 0, 0, 0, 0, 0, 0, 0, 0, 0,
    0, 0, 0, 0, 0, 0, 0, 0, 0, 0, 0, 0, 0, 0, 0, 0, 0, 0, 0, 0,
    0, 0, 0, 0, 0, 0, 2, 2, 2, 2, 2, 2, 2, 2, 2, 2, 0, 0, 0, 0,
    0, 0, 0, 0, 0, 0, 0, 0, 0, 0, 0, 0, 0, 0, 0, 0, 0, 0, 0, 0,
    0, 0, 0, 0, 0, 0, 0, 0, 0, 0, 0, 0, 0, 0, 0, 0, 0, 0, 0, 0,
    0, 0, 0, 0, 0, 0, 0, 0, 0, 0, 0, 0, 0, 0, 0, 0, 0, 0, 0, 0,
    0, 0, 0, 0, 0, 0, 0, 0, 0, 0, 0, 0, 0, 0, 0, 0, 0, 0, 0, 0,
    0, 0, 0, 0, 0, 0, 0, 0, 0, 0, 0, 0, 0, 0, 0, 0, 0, 0, 0, 0,
    0, 0, 0, 0, 0, 0, 0, 0, 0, 0, 0, 0, 0, 0, 0, 0, 0, 0, 0, 0,
    0, 0, 0, 0, 0, 0, 0, 0, 0, 0, 0, 0, 0, 0, 0, 0, 0, 0, 0, 0,
    0, 0, 0, 0, 0, 0, 0, 0, 0, 0, 0, 0, 0, 0, 0, 0, 0, 0, 0, 0,
    0, 0, 0, 0, 0, 0, 0, 0, 0, 0, 0, 0, 0, 0, 0, 0, 0, 0, 2, 2,
    2, 2, 2, 2, 2, 2, 2, 2, 0, 0, 0, 0, 0, 0, 0, 0, 0, 0, 0, 0,
    0, 0, 0, 0, 0, 0, 0, 0, 0, 0, 0, 0, 0, 0, 0, 0, 0, 0, 0, 0,
    0, 0, 0, 0, 0, 0, 0, 0, 0, 0, 0, 0, 0, 0, 0, 0, 0, 0, 0, 0,
    0, 0, 0, 0, 0, 0, 0, 0, 0, 0, 0, 0, 0, 0, 0, 0, 0, 0, 0, 0,
    0, 0, 0, 0, 0, 0, 0, 0, 0, 0, 0, 0, 0, 0, 0, 0, 0, 0, 0, 0,
    0, 0, 0, 0, 0, 0, 0, 0, 0, 0, 0, 0, 0, 0, 0, 0, 0, 0, 0, 0,
    0, 0, 0, 0, 0, 0, 0, 0, 0, 0, 0, 0, 0, 0, 0, 0, 0, 0, 0, 0,
    0, 0, 0, 0, 0, 0, 0, 0, 0, 0, 0, 0, 0, 0, 0, 0, 0, 0, 0, 0,
    0, 0, 0, 0, 0, 0, 0, 0, 0, 0, 0, 0, 0, 0, 0, 0, 0, 0, 0, 0,
    0, 0, 0, 0, 0, 0, 0, 0, 0, 0, 2, 2, 2, 2, 2, 2, 2, 2, 2, 2,
    0, 0, 0, 0, 0, 0, 0, 0, 0, 0, 0, 0, 0, 0, 0, 0, 0, 0, 0, 0,
    0, 0, 0, 0, 0, 0, 0, 0, 0, 0, 0, 0, 0, 0, 0, 0, 0, 0, 0, 0,
    0, 0, 0, 0, 0, 0, 0, 0, 0, 0, 0, 0, 0, 0, 0, 0, 0, 0, 0, 0,
    0, 0, 0, 0, 0, 0, 0, 0, 0, 0, 0, 0, 0, 0, 0, 0, 0, 0, 0, 0,
    0, 0, 0, 0, 0, 0, 0, 0, 0, 0, 0, 0, 0, 0, 0, 0, 0, 0, 0, 0,
    0, 0, 0, 0, 0, 0, 0, 0, 0, 0, 0, 0, 0, 0, 0, 0, 0, 0, 0, 0,
    0, 0, 0, 0, 0, 0, 0, 0, 0, 0, 0, 0, 0, 0, 0, 0, 0, 0, 0, 0,
    0, 0, 0, 0, 0, 0, 0, 0, 0, 0, 0, 0, 0, 0, 0, 0, 0, 0, 0, 0,
    0, 0, 0, 0, 0, 0, 0, 0, 0, 0, 0, 0, 0, 0, 0, 0, 0, 0, 0, 0,
    0, 0, 0, 0, 0, 0, 0, 0, 0, 0, 0, 0, 0, 0, 0, 0, 0, 0, 0, 0,
    0, 0, 0, 0, 0, 0, 0, 0, 0, 0, 0, 0, 0, 0, 0, 0, 0, 0, 0, 0,
    0, 0, 0, 0, 0, 0, 0, 0, 0, 0, 0, 0, 0, 0, 0, 0, 0, 0, 0, 0,
    0, 0, 0, 0, 0, 0, 0, 0, 0, 0, 0, 0, 0, 0, 0, 0, 0, 0, 0, 0,
    0, 0, 0, 0, 0, 0, 0, 0, 0, 0, 0, 0, 0, 0, 0, 0, 0, 0, 0, 0,
    0, 0, 0, 0, 0, 0, 0, 0, 0, 0, 0, 0, 0, 0, 0, 0, 0, 0, 0, 0,
    0, 0, 0, 0, 0, 0, 0, 0, 0, 0, 0, 0, 0, 0, 0, 0, 0, 0, 0, 0,
    0, 0, 0, 0, 0, 0, 0, 0, 0, 0, 0, 0, 0, 0, 0, 0, 0, 0, 0, 0,
    0, 0, 0, 0, 0, 0, 0, 0, 0, 0, 0, 0, 0, 0, 0, 0, 0, 0, 0, 0,
    0, 0, 0, 0, 0, 0, 0, 0, 0, 0, 0, 0, 0, 0, 0, 0, 0, 0, 0, 0,
    0, 0, 0, 0, 0, 0, 0, 0, 0, 0, 0, 0, 0, 0, 0, 0, 0, 0, 0, 0,
    0, 0, 0, 0, 0, 0, 0, 0, 0, 0, 0, 0, 0, 0, 0, 0, 0, 0, 0, 0,
    0, 0, 0, 0, 0, 0, 0, 0, 0, 0, 0, 0, 0, 0, 0, 0, 0, 0, 0, 0,
    0, 0, 0, 0, 0, 0, 0, 0, 0, 0, 0, 0, 0, 0, 0, 0, 0, 0, 0, 0,
    0, 0, 0, 0, 0, 0, 0, 0, 0, 0, 0, 0, 0, 0, 0, 0, 0, 0, 0, 0,
    0, 0, 0, 0, 0, 0, 0, 0, 0, 0, 0, 0, 0, 0, 0, 0, 0, 0, 0, 0,
    0, 0, 0, 0, 0, 0, 0, 0, 0, 0, 0, 0, 0, 0, 0, 0, 0, 0, 0, 0,
    0, 0, 0, 0, 0, 0, 0, 0, 0, 0, 0, 0, 0, 0, 0, 0, 0, 0, 0, 0,
    0, 0, 0, 0, 0, 0, 0, 0, 0, 0, 0, 0, 0, 0, 0, 0, 0, 0, 0, 0,
    0, 0, 0, 0, 0, 0, 0, 0, 0, 0, 0, 0, 0, 0, 0, 0, 0, 0, 0, 0,
    0, 0, 0, 0, 0, 0, 0, 0, 0, 0, 0, 0, 0, 0, 0, 0, 0, 0, 0, 0,
    0, 0, 0, 0, 0, 0, 0, 0, 0, 0, 0, 0, 0, 0, 0, 0, 0, 0, 0, 0,
    0, 0, 0, 0, 0, 0, 0, 0, 0, 0, 0, 0, 0, 0, 0, 0, 0, 0, 0, 0,
    0, 0, 0, 0, 0, 0, 0, 0, 0, 0, 0, 0, 0, 0, 0, 0, 0, 0, 0, 0,
    0, 0, 0, 0, 0, 0, 0, 0, 0, 0, 0, 0, 0, 0, 0, 0, 0, 0, 0, 0,
    0, 0, 0, 0, 0, 0, 0, 0, 0, 0, 0, 0, 0, 0, 0, 0, 0, 0, 0, 0,
    0, 0, 0, 0, 0, 0, 0, 0, 0, 0, 0, 0, 0, 0, 0, 0, 0, 0, 0, 0,
    0, 0, 0, 0, 0, 0, 0, 0, 0, 0, 0, 0, 0, 0, 0, 0, 0, 0, 0, 0,
    0, 0, 0, 0, 0, 0, 0, 0, 0, 0, 0, 0, 0, 0, 0, 0, 0, 0, 0, 0,
    0, 0, 0, 0, 0, 0, 0, 0, 0, 0, 0, 0, 0, 0, 0, 0, 0, 0, 0, 0,
    0, 0, 0, 0, 0, 0, 0, 0, 0, 0, 0, 0, 0, 0, 0, 0, 0, 0, 0, 0,
    0, 0, 0, 0, 0, 0, 0, 0, 0, 0, 0, 0, 0, 0, 0, 0, 0, 0, 0, 0,
    0, 0, 0, 0, 0, 0, 0, 0, 0, 0, 0, 0, 0, 0, 0, 0, 0, 0, 0, 0,
    0, 0, 0, 0, 0, 0, 0, 0, 0, 0, 0, 0, 0, 0, 0, 0, 0, 0, 0, 0,
    0, 0, 0, 0, 0, 0, 0, 0, 0, 0, 0, 0, 0, 0, 0, 0, 0, 0, 0, 0,
    0, 0, 0, 0, 0, 0, 0, 0, 0, 0, 0, 0, 0, 0, 0, 0, 0, 0, 0, 0,
    0, 0, 0, 0, 0, 0, 0, 0, 0, 0, 0, 0, 0, 0, 0, 0, 0, 0, 0, 0,
    0, 0, 0, 0, 0, 0, 0, 0, 0, 0, 0, 0, 0, 0, 0, 0, 0, 0, 0, 0,
    0, 0, 0, 0, 0, 0, 0, 0, 0, 0, 0, 0, 0, 0, 0, 0, 0, 0, 0, 0,
    0, 0, 0, 0, 0, 0, 0, 0, 0, 0, 0, 0, 0, 0, 0, 0, 0, 0, 0, 0,
    0, 0, 0, 0, 0, 0, 0, 0, 0, 0, 0, 0, 0, 0, 0, 0, 0, 0, 0, 0,
    0, 0, 0, 0, 0, 0, 0, 0, 0, 0, 0, 0, 0, 0, 0, 0, 0, 0, 0, 0,
    0, 0, 0, 0, 0, 0, 0, 0, 0, 0, 0, 0, 0, 0, 0, 0, 0, 0, 0, 0,
    0, 0, 0, 0, 0, 0, 0, 0, 0, 0, 0, 0, 0, 0, 0, 0, 0, 0, 0, 0,
    0, 0, 0, 0, 0, 0, 0, 0, 0, 0, 0, 0, 0, 0, 0, 0, 0, 0, 0, 0,
    0, 0, 0, 0, 0, 0, 0, 0, 0, 0, 0, 0, 0, 0, 0, 0, 0, 0, 0, 0,
    0, 0, 0, 0, 0, 0, 0, 0, 0, 0, 0, 0, 0, 0, 0, 0, 0, 0, 0, 0,
    0, 0, 0, 0, 0, 0, 0, 0, 0, 0, 0, 0, 0, 0, 0, 0, 0, 0, 0, 0,
    0, 0, 0, 0, 0, 0, 0, 0, 0, 0, 0, 0, 0, 0, 0, 0, 0, 0, 0, 0,
    0, 0, 0, 0, 0, 0, 0, 0, 0, 0, 0, 0, 0, 0, 0, 0, 0, 0, 0, 0,
    0, 0, 0, 0, 0, 0, 0, 0, 0, 0, 0, 0, 0, 0, 0, 0, 0, 0, 0, 0,
    0, 0, 0, 0, 0, 0, 0, 0, 0, 0, 0, 0, 0, 0, 0, 0, 0, 0, 0, 0,
    0, 0, 0, 0, 0, 0, 0, 0, 0, 0, 0, 0, 0, 0, 0, 0, 0, 0, 0, 0,
    0, 0, 0, 0, 0, 0, 0, 0, 0, 0, 0, 0, 0, 0, 0, 0, 0, 0, 0, 0,
    0, 0, 0, 0, 0, 0, 0, 0, 0, 0, 0, 0, 0, 0, 0, 0, 0, 0, 0, 0,
    0, 0, 0, 0, 0, 0, 0, 0, 0, 0, 0, 0, 0, 0, 0, 0, 0, 0, 0, 0,
    0, 0, 0, 0, 0, 0, 0, 0, 0, 0, 0, 0, 0, 0, 0, 0, 0, 0, 0, 0,
    0, 0, 0, 0, 0, 0, 0, 0, 0, 0, 0, 0, 0, 0, 0, 0, 0, 0, 0, 0,
    0, 0, 0, 0, 0, 0, 0, 0, 0, 0, 0, 0, 0, 0, 0, 0, 0, 0, 0, 0,
    0, 0, 0, 0, 0, 0, 0, 0, 0, 0, 0, 0, 0, 0, 0, 0, 0, 0, 0, 0,
    0, 0, 0, 0, 0, 0, 0, 0, 0, 0, 0, 0, 0, 0, 0, 0, 0, 0, 0, 0,
    0, 0, 0, 0, 0, 0, 0, 0, 0, 0, 0, 0, 0, 0, 0, 0, 0, 0, 0, 0,
    0, 0, 0, 0, 0, 0, 0, 0, 0, 0, 0, 0, 0, 0, 0, 0, 0, 0, 0, 0,
    0, 0, 0, 0, 0, 0, 0, 0, 0, 0, 0, 0, 0, 0, 0, 0, 0, 0, 0, 0,
    0, 0, 0, 0, 0, 0, 0, 0, 0, 0, 0, 0, 0, 0, 0, 0, 0, 0, 0, 0,
    0, 0, 0, 0, 0, 0, 0, 0, 0, 0, 0, 0, 0, 0, 0, 0, 0, 0, 0, 0,
    0, 0, 0, 0, 0, 0, 0, 0, 0, 0, 0, 0, 0, 0, 0, 0, 0, 0, 0, 0,
    0, 0, 0, 0, 0, 0, 0, 0, 0, 0, 0, 0, 0, 0, 0, 0, 0, 0, 0, 0,
    0, 0, 0, 0, 0, 0, 0, 0, 0, 0, 0, 0, 0, 0, 0, 0, 0, 0, 0, 0,
    0, 0, 0, 0, 0, 0, 0, 0, 0, 0, 0, 0, 0, 0, 0, 0, 0, 0, 0, 0,
    0, 0, 0, 0, 0, 0, 0, 0, 0, 0, 0, 0, 0, 0, 0, 0, 0, 0, 0, 0,
    0, 0, 0, 0, 0, 0, 0, 0, 0, 0, 0, 0, 0, 0, 0, 0, 0, 0, 0, 0,
    0, 0, 0, 0, 0, 0, 0, 0, 0, 0, 0, 0, 0, 0, 0, 0, 0, 0, 0, 0,
    0, 0, 0, 0, 0, 0, 0, 0, 0, 0, 0, 0, 0, 0, 0, 0, 0, 0, 0, 0,
    0, 0, 0, 0, 0, 0, 0, 0, 0, 0, 0, 0, 0, 0, 0, 0, 0, 0, 0, 0,
    0, 0, 0, 0, 0, 0, 0, 0, 0, 0, 0, 0, 0, 0, 0, 0, 0, 0, 0, 0,
    0, 0, 0, 0, 0, 0, 0, 0, 0, 0, 0, 0, 0, 0, 0, 0, 0, 0, 0, 0,
    0, 0, 0, 0, 0, 0, 0, 0, 0, 0, 0, 0, 0, 0, 0, 0, 0, 0, 0, 0,
    0, 0, 0, 0, 0, 0, 0, 0, 0, 0, 0, 0, 0, 0, 0, 0, 0, 0, 0, 0,
    0, 0, 0, 0, 0, 0, 0, 0, 0, 0, 0, 0, 0, 0, 0, 0, 0, 0, 0, 0,
    0, 0, 0, 0, 0, 0, 0, 0, 0, 0, 0, 0, 0, 0, 0, 0, 0, 0, 0, 0,
    0, 0, 0, 0, 0, 0, 0, 0, 0, 0, 0, 0, 0, 0, 0, 0, 0, 0, 0, 0,
    0, 0, 0, 0, 0, 0, 0, 0, 0, 0, 0, 0, 0, 0, 0, 0, 0, 0, 0, 0,
    0, 0, 0, 0, 0, 0, 0, 0, 0, 0, 0, 0, 0, 0, 0, 0, 0, 0, 0, 0,
    0, 0, 0, 0, 0, 0, 0, 0, 0, 0, 0, 0, 0, 0, 0, 0, 0, 0, 0, 0,
    0, 0, 0, 0, 0, 0, 0, 0, 0, 0, 0, 0, 0, 0, 0, 0, 0, 0, 0, 0,
    0, 0, 0, 0, 0, 0, 0, 0, 0, 0, 0, 0, 0, 0, 0, 0, 0, 0, 0, 0,
    0, 0, 0, 0, 0, 0, 0, 0, 0, 0, 0, 0, 0, 0, 0, 0, 0, 0, 0, 0,
    0, 0, 0, 0, 0, 0, 0, 0, 0, 0, 0, 0, 0, 0, 0, 0, 0, 0, 0, 0,
    0, 0, 0, 0, 0, 0, 0, 0, 0, 0, 0, 0, 0, 0, 0, 0, 0, 0, 0, 0,
    0, 0, 0, 0, 0, 0, 0, 0, 0, 0, 0, 0, 0, 0, 0, 0, 0, 0, 0, 0,
    0, 0, 0, 0, 0, 0, 0, 0, 0, 0, 0, 0, 0, 0, 0, 0, 0, 0, 0, 0,
    0, 0, 0, 0, 0, 0, 0, 0, 0, 0, 0, 0, 0, 0, 0, 0, 0, 0, 0, 0,
    0, 0, 0, 0, 0, 0, 0, 0, 0, 0, 0, 0, 0, 0, 0, 0, 0, 0, 0, 0,
    0, 0, 0, 0, 0, 0, 0, 0, 0, 0, 0, 0, 0, 0, 0, 0, 0, 0, 0, 0,
    0, 0, 0, 0, 0, 0, 0, 0, 0, 0, 0, 0, 0, 0, 0, 0, 0, 0, 0, 0,
    0, 0, 0, 0, 0, 0, 0, 0, 0, 0, 0, 0, 0, 0, 0, 0, 0, 0, 0, 0,
    0, 0, 0, 0, 0, 0, 0, 0, 0, 0, 0, 0, 0, 0, 0, 0, 0, 0, 0, 0,
    0, 0, 0, 0, 0, 0, 0, 0, 0, 0, 0, 0, 0, 0, 0, 0, 0, 0, 0, 0,
    0, 0, 0, 0, 0, 0, 0, 0, 0, 0, 0, 0, 0, 0, 0, 0, 0, 0, 0, 0,
    0, 0, 0, 0, 0, 0, 0, 0, 0, 0, 0, 0, 0, 0, 0, 0, 0, 0, 0, 0,
    0, 0, 0, 0, 0, 0, 0, 0, 0, 0, 0, 0, 0, 0, 0, 0, 0, 0, 0, 0,
    0, 0, 0, 0, 0, 0, 0, 0, 0, 0, 0, 0, 0, 0, 0, 0, 0, 0, 0, 0,
    0, 0, 0, 0, 0, 0, 0, 0, 0, 0, 0, 0, 0, 0, 0, 0, 0, 0, 0, 0,
    0, 0, 0, 0, 0, 0, 0, 0, 0, 0, 0, 0, 0, 0, 0, 0, 0, 0, 0, 0,
    0, 0, 0, 0, 0, 0, 0, 0, 0, 0, 0, 0, 0, 0, 0, 0, 0, 0, 0, 0,
    0, 0, 0, 0, 0, 0, 0, 0, 0, 0, 0, 0, 0, 0, 0, 0, 0, 0, 0, 0,
    0, 0, 0, 0, 0, 0, 0, 0, 0, 0, 0, 0, 0, 0, 0, 0, 0, 0, 0, 0,
    0, 0, 0, 0, 0, 0, 0, 0, 0, 0, 0, 0, 0, 0, 0, 0, 0, 0, 0, 0,
    0, 0, 0, 0, 0, 0, 0, 0, 0, 0, 0, 0, 0, 0, 0, 0, 0, 0, 0, 0,
    0, 0, 0, 0, 0, 0, 0, 0, 0, 0, 0, 0, 0, 0, 0, 0, 0, 0, 0, 0,
    0, 0, 0, 0, 0, 0, 0, 0, 0, 0, 0, 0, 0, 0, 0, 0, 0, 0, 0, 0,
    0, 0, 0, 0, 0, 0, 0, 0, 0, 0, 0, 0, 0, 0, 0, 0, 0, 0, 0, 0,
    0, 0, 0, 0, 0, 0, 0, 0, 0, 0, 0, 0, 0, 0, 0, 0, 0, 0, 0, 0,
    0, 0, 0, 0, 0, 0, 0, 0, 0, 0, 0, 0, 0, 0, 0, 0, 0, 0, 0, 0,
    0, 0, 0, 0, 0, 0, 0, 0, 0, 0, 0, 0, 0, 0, 0, 0, 0, 0, 0, 0,
    0, 0, 0, 0, 0, 0, 0, 0, 0, 0, 0, 0, 0, 0, 0, 0, 0, 0, 0, 0,
    0, 0, 0, 0, 0, 0, 0, 0, 0, 0, 0, 0, 0, 0, 0, 0, 0, 0, 0, 0,
    0, 0, 0, 0, 0, 0, 0, 0, 0, 0, 0, 0, 0, 0, 0, 0, 0, 0, 0, 0,
    0, 0, 0, 0, 0, 0, 0, 0, 0, 0, 0, 0, 0, 0, 0, 0, 0, 0, 0, 0,
    0, 0, 0, 0, 0, 0, 0, 0, 0, 0, 0, 0, 0, 0, 0, 0, 0, 0, 0, 0,
    0, 0, 0, 0, 0, 0, 0, 0, 0, 0, 0, 0, 0, 0, 0, 0, 0, 0, 0, 0,
    0, 0, 0, 0, 0, 0, 0, 0, 0, 0, 0, 0, 0, 0, 0, 0, 0, 0, 0, 0,
    0, 0, 0, 0, 0, 0, 0, 0, 0, 0, 0, 0, 0, 0, 0, 0, 0, 0, 0, 0,
    0, 0, 0, 0, 0, 0, 0, 0, 0, 0, 0, 0, 0, 0, 0, 0, 0, 0, 0, 0,
    0, 0, 0, 0, 0, 0, 0, 0, 0, 0, 0, 0, 0, 0, 0, 0, 0, 0, 0, 0,
    0, 0, 0, 0, 0, 0, 0, 0, 0, 0, 0, 0, 0, 0, 0, 0, 0, 0, 0, 0,
    0, 0, 0, 0, 0, 0, 0, 0, 0, 0, 0, 0, 0, 0, 0, 0, 0, 0, 0, 0,
    0, 0, 0, 0, 0, 0, 0, 0, 0, 0, 0, 0, 0, 0, 0, 0, 0, 0, 0, 0,
    0, 0, 0, 0, 0, 0, 0, 0, 0, 0, 0, 0, 0, 0, 0, 0, 0, 0, 0, 0,
    0, 0, 0, 0, 0, 0, 0, 0, 0, 0, 0, 0, 0, 0, 0, 0, 0, 0, 0, 0,
    0, 0, 0, 0, 0, 0, 0, 0, 0, 0, 0, 0, 0, 0, 0, 0, 0, 0, 0, 0,
    0, 0, 0, 0, 0, 0, 0, 0, 0, 0, 0, 0, 0, 0, 0, 0, 0, 0, 0, 0,
    0, 0, 0, 0, 0, 0, 0, 0, 0, 0, 0, 0, 0, 0, 0, 0, 0, 0, 0, 0,
    0, 0, 0, 0, 0, 0, 0, 0, 0, 0, 0, 0, 0, 0, 0, 0, 0, 0, 0, 0,
    0, 0, 0, 0, 0, 0, 0, 0, 0, 0, 0, 0, 0, 0, 0, 0, 0, 0, 0, 0,
    0, 0, 0, 0, 0, 0, 0, 0, 0, 0, 0, 0, 0, 0, 0, 0, 0, 0, 0, 0,
    0, 0, 0, 0, 0, 0, 0, 0, 0, 0, 0, 0, 0, 0, 0, 0, 0, 0, 0, 0,
    0, 0, 0, 0, 0, 0, 0, 0, 0, 0, 0, 0, 0, 0, 0, 0, 0, 0, 0, 0,
    0, 0, 0, 0, 0, 0, 0, 0, 0, 0, 0, 0, 0, 0, 0, 0, 0, 0, 0, 0,
    0, 0, 0, 0, 0, 0, 0, 0, 0, 0, 0, 0, 0, 0, 0, 0, 0, 0, 0, 0,
    0, 0, 0, 0, 0, 0, 0, 0, 0, 0, 0, 0, 0, 0, 0, 0, 0, 0, 0, 0,
    0, 0, 0, 0, 0, 0, 0, 0, 0, 0, 0, 0, 0, 0, 0, 0, 0, 0, 0, 0,
    0, 0, 0, 0, 0, 0, 0, 0, 0, 0, 0, 0, 0, 0, 0, 0, 0, 0, 0, 0,
    0, 0, 0, 0, 0, 0, 0, 0, 0, 0, 0, 0, 0, 0, 0, 0, 0, 0, 0, 0,
    0, 0, 0, 0, 0, 0, 0, 0, 0, 0, 0, 0, 0, 0, 0, 0, 0, 0, 0, 0,
    0, 0, 0, 0, 0, 0, 0, 0, 0, 0, 0, 0, 0, 0, 0, 0, 0, 0, 0, 0,
    0, 0, 0, 0, 0, 0, 0, 0, 0, 0, 0, 0, 0, 0, 0, 0, 0, 0, 0, 0,
    0, 0, 0, 0, 0, 0, 0, 0, 0, 0, 0, 0, 0, 0, 0, 0, 0, 0, 0, 0,
    0, 0, 0, 0, 0, 0, 0, 0, 0, 0, 0, 0, 0, 0, 0, 0, 0, 0, 0, 0,
    0, 0, 0, 0, 0, 0, 0, 0, 0, 0, 0, 0, 0, 0, 0, 0, 0, 0, 0, 0,
    0, 0, 0, 0, 0, 0, 0, 0, 0, 0, 0, 0, 0, 0, 0, 0, 0, 0, 0, 0,
    0, 0, 0, 0, 0, 0, 0, 0, 0, 0, 0, 0, 0, 0, 0, 0, 0, 0, 0, 0,
    0, 0, 0, 0, 0, 0, 0, 0, 0, 0, 0, 0, 0, 0, 0, 0, 0, 0, 0, 0,
    0, 0, 0, 0, 0, 0, 0, 0, 0, 0, 0, 0, 0, 0, 0, 0, 0, 0, 0, 0,
    0, 0, 0, 0, 0, 0, 0, 0, 0, 0, 0, 0, 0, 0, 0, 0, 0, 0, 0, 0,
    0, 0, 0, 0, 0, 0, 0, 0, 0, 0, 0, 0, 0, 0, 0, 0, 0, 0, 0, 0,
    0, 0, 0, 0, 0, 0, 0, 0, 0, 0, 0, 0, 0, 0, 0, 0, 0, 0, 0, 0,
    0, 0, 0, 0, 0, 0, 0, 0, 0, 0, 0, 0, 0, 0, 0, 0, 0, 0, 0, 0,
    0, 0, 0, 0, 0, 0, 0, 0, 0, 0, 0, 0, 0, 0, 0, 0, 0, 0, 0, 0,
    0, 0, 0, 0, 0, 0, 0, 0, 0, 0, 0, 0, 0, 0, 0, 0, 0, 0, 0, 0,
    0, 0, 0, 0, 0, 0, 0, 0, 0, 0, 0, 0, 0, 0, 0, 0, 0, 0, 0, 0,
    0, 0, 0, 0, 0, 0, 0, 0, 0, 0, 0, 0, 0, 0, 0, 0, 0, 0, 0, 0,
    0, 0, 0, 0, 0, 0, 0, 0, 0, 0, 0, 0, 0, 0, 0, 0, 0, 0, 0, 0,
    0, 0, 0, 0, 0, 0, 0, 0, 0, 0, 0, 0, 0, 0, 0, 0, 0, 0, 0, 0,
    0, 0, 0, 0, 0, 0, 0, 0, 0, 0, 0, 0, 0, 0, 0, 0, 0, 0, 0, 0,
    0, 0, 0, 0, 0, 0, 0, 0, 0, 0, 0, 0, 0, 0, 0, 0, 0, 0, 0, 0,
    0, 0, 0, 0, 0, 0, 0, 0, 0, 0, 0, 0, 0, 0, 0, 0, 0, 0, 0, 0,
    0, 0, 0, 0, 0, 0, 0, 0, 0, 0, 0, 0, 0, 0, 0, 0, 0, 0, 0, 0,
    0, 0, 0, 0, 0, 0, 0, 0, 0, 0, 0, 0, 0, 0, 0, 0, 0, 0, 0, 0,
    0, 0, 0, 0, 0, 0, 0, 0, 0, 0, 0, 0, 0, 0, 0, 0, 0, 0, 0, 0,
    0, 0, 0, 0, 0, 0, 0, 0, 0, 0, 0, 0, 0, 0, 0, 0, 0, 0, 0, 0,
    0, 0, 0, 0, 0, 0, 0, 0, 0, 0, 0, 0, 0, 0, 0, 0, 0, 0, 0, 0,
    0, 0, 0, 0, 0, 0, 0, 0, 0, 0, 0, 0, 0, 0, 0, 0, 0, 0, 0, 0,
    0, 0, 0, 0, 0, 0, 0, 0, 0, 0, 0, 0, 0, 0, 0, 0, 0, 0, 0, 0,
    0, 0, 0, 0, 0, 0, 0, 0, 0, 0, 0, 0, 0, 0, 0, 0, 0, 0, 0, 0,
    0, 0, 0, 0, 0, 0, 0, 0, 0, 0, 0, 0, 0, 0, 0, 0, 0, 0, 0, 0,
    0, 0, 0, 0, 0, 0, 0, 0, 0, 0, 0, 0, 0, 0, 0, 0, 0, 0, 0, 0,
    0, 0, 0, 0, 0, 0, 0, 0, 0, 0, 0, 0, 0, 0, 0, 0, 0, 0, 0, 0,
    0, 0, 0, 0, 0, 0, 0, 0, 0, 0, 0, 0, 0, 0, 0, 0, 0, 0, 0, 0,
    0, 0, 0, 0, 0, 0, 0, 0, 0, 0, 0, 0, 0, 0, 0, 0, 0, 0, 0, 0,
    0, 0, 0, 0, 0, 0, 0, 0, 0, 0, 0, 0, 0, 0, 0, 0, 0, 0, 0, 0,
    0, 0, 0, 0, 0, 0, 0, 0, 0, 0, 0, 0, 0, 0, 0, 0, 0, 0, 0, 0,
    0, 0, 0, 0, 0, 0, 0, 0, 0, 0, 0, 0, 0, 0, 0, 0, 0, 0, 0, 0,
    0, 0, 0, 0, 0, 0, 0, 0, 0, 0, 0, 0, 0, 0, 0, 0, 0, 0, 0, 0,
    0, 0, 0, 0, 0, 0, 0, 0, 0, 0, 0, 0, 0, 0, 0, 0, 0, 0, 0, 0,
    0, 0, 0, 0, 0, 0, 0, 0, 0, 0, 0, 0, 0, 0, 0, 0, 0, 0, 0, 0,
    0, 0, 0, 0, 0, 0, 0, 0, 0, 0, 0, 0, 0, 0, 0, 0, 0, 0, 0, 0,
    0, 0, 0, 0, 0, 0, 0, 0, 0, 0, 0, 0, 0, 0, 0, 0, 0, 0, 0, 0,
    0, 0, 0, 0, 0, 0, 0, 0, 0, 0, 0, 0, 0, 0, 0, 0, 0, 0, 0, 0,
    0, 0, 0, 0, 0, 0, 0, 0, 0, 0, 0, 0, 0, 0, 0, 0, 0, 0, 0, 0,
    0, 0, 0, 0, 0, 0, 0, 0, 0, 0, 0, 0, 0, 0, 0, 0, 0, 0, 0, 0,
    0, 0, 0, 0, 0, 0, 0, 0, 0, 0, 0, 0, 0, 0, 0, 0, 0, 0, 0, 0,
    0, 0, 0, 0, 0, 0, 0, 0, 0, 0, 0, 0, 0, 0, 0, 0, 0, 0, 0, 0,
    0, 0, 0, 0, 0, 0, 0, 0, 0, 0, 0, 0, 0, 0, 0, 0, 0, 0, 0, 0,
    0, 0, 0, 0, 0, 0, 0, 0, 0, 0, 0, 0, 0, 0, 0, 0, 0, 0, 0, 0,
    0, 0, 0, 0, 0, 0, 0, 0, 0, 0, 0, 0, 0, 0, 0, 0, 0, 0, 0, 0,
    0, 0, 0, 0, 0, 0, 0, 0, 0, 0, 0, 0, 0, 0, 0, 0, 0, 0, 0, 0,
    0, 0, 0, 0, 0, 0, 0, 0, 0, 0, 0, 0, 0, 0, 0, 0, 0, 0, 0, 0,
    0, 0, 0, 0, 0, 0, 0, 0, 0, 0, 0, 0, 0, 0, 0, 0, 0, 0, 0, 0,
    0, 0, 0, 0, 0, 0, 0, 0, 0, 0, 0, 0, 0, 0, 0, 0, 0, 0, 0, 0,
    0, 0, 0, 0, 0, 0, 0, 0, 0, 0, 0, 0, 0, 0, 0, 0, 0, 0, 0, 0,
    0, 0, 0, 0, 0, 0, 0, 0, 0, 0, 0, 0, 0, 0, 0, 0, 0, 0, 0, 0,
    0, 0, 0, 0, 0, 0, 0, 0, 0, 0, 0, 0, 0, 0, 0, 0, 0, 0, 0, 0,
    0, 0, 0, 0, 0, 0, 0, 0, 0, 0, 0, 0, 0, 0, 0, 0, 0, 0, 0, 0,
    0, 0, 0, 0, 0, 0, 0, 0, 0, 0, 0, 0, 0, 0, 0, 0, 0, 0, 0, 0,
    0, 0, 0, 0, 0, 0, 0, 0, 0, 0, 0, 0, 0, 0, 0, 0, 0, 0, 0, 0,
    0, 0, 0, 0, 0, 0, 0, 0, 0, 0, 0, 0, 0, 0, 0, 0, 0, 0, 0, 0,
    0, 0, 0, 0, 0, 0, 0, 0, 0, 0, 0, 0, 0, 0, 0, 0, 0, 0, 0, 0,
    0, 0, 0, 0, 0, 0, 0, 0, 0, 0, 0, 0, 0, 0, 0, 0, 0, 0, 0, 0,
    0, 0, 0, 0, 0, 0, 0, 0, 0, 0, 0, 0, 0, 0, 0, 0, 0, 0, 0, 0,
    0, 0, 0, 0, 0, 0, 0, 0, 0, 0, 0, 0, 0, 0, 0, 0, 0, 0, 0, 0,
    0, 0, 0, 0, 0, 0, 0, 0, 0, 0, 0, 0, 0, 0, 0, 0, 0, 0, 0, 0,
    0, 0, 0, 0, 0, 0, 0, 0, 0, 0, 0, 0, 0, 0, 0, 0, 0, 0, 0, 0,
    0, 0, 0, 0, 0, 0, 0, 0, 0, 0, 0, 0, 0, 0, 0, 0, 0, 0, 0, 0,
    0, 0, 0, 0, 0, 0, 0, 0, 0, 0, 0, 0, 0, 0, 0, 0, 0, 0, 0, 0,
    0, 0, 0, 0, 0, 0, 0, 0, 0, 0, 0, 0, 0, 0, 0, 0, 0, 0, 0, 0,
    0, 0, 0, 0, 0, 0, 0, 0, 0, 0, 0, 0, 0, 0, 0, 0, 0, 0, 0, 0,
    0, 0, 0, 0, 0, 0, 0, 0, 0, 0, 0, 0, 0, 0, 0, 0, 0, 0, 0, 0,
    0, 0, 0, 0, 0, 0, 0, 0, 0, 0, 0, 0, 0, 0, 0, 0, 0, 0, 0, 0,
    0, 0, 0, 0, 0, 0, 0, 0, 0, 0, 0, 0, 0, 0, 0, 0, 0, 0, 0, 0,
    0, 0, 0, 0, 0, 0, 0, 0, 0, 0, 0, 0, 0, 0, 0, 0, 0, 0, 0, 0,
    0, 0, 0, 0, 0, 0, 0, 0, 0, 0, 0, 0, 0, 0, 0, 0, 0, 0, 0, 0,
    0, 0, 0, 0, 0, 0, 0, 0, 0, 0, 0, 0, 0, 0, 0, 0, 0, 0, 0, 0,
    0, 0, 0, 0, 0, 0, 0, 0, 0, 0, 0, 0, 0, 0, 0, 0, 0, 0, 0, 0,
    0, 0, 0, 0, 0, 0, 0, 0, 0, 0, 0, 0, 0, 0, 0, 0, 0, 0, 0, 0,
    0, 0, 0, 0, 0, 0, 0, 0, 0, 0, 0, 0, 0, 0, 0, 0, 0, 0, 0, 0,
    0, 0, 0, 0, 0, 0, 0, 0, 0, 0, 0, 0, 0, 0, 0, 0, 0, 0, 0, 0,
    0, 0, 0, 0, 0, 0, 0, 0, 0, 0, 0, 0, 0, 0, 0, 0, 0, 0, 0, 0,
    0, 0, 0, 0, 0, 0, 0, 0, 0, 0, 0, 0, 0, 0, 0, 0, 0, 0, 0, 0,
    0, 0, 0, 0, 0, 0, 0, 0, 0, 0, 0, 0, 0, 0, 0, 0, 0, 0, 0, 0,
    0, 0, 0, 0, 0, 0, 0, 0, 0, 0, 0, 0, 0, 0, 0, 0, 0, 0, 0, 0,
    0, 0, 0, 0, 0, 0, 0, 0, 0, 0, 0, 0, 0, 0, 0, 0, 0, 0, 0, 0,
    0, 0, 0, 0, 0, 0, 0, 0, 0, 0, 0, 0, 0, 0, 0, 0, 0, 0, 0, 0,
    0, 0, 0, 0, 0, 0, 0, 0, 0, 0, 0, 0, 0, 0, 0, 0, 0, 0, 0, 0,
    0, 0, 0, 0, 0, 0, 0, 0, 0, 0, 0, 0, 0, 0, 0, 0, 0, 0, 0, 0,
    0, 0, 0, 0, 0, 0, 0, 0, 0, 0, 0, 0, 0, 0, 0, 0, 0, 0, 0, 0,
    0, 0, 0, 0, 0, 0, 0, 0, 0, 0, 0, 0, 0, 0, 0, 0, 0, 0, 0, 0,
    0, 0, 0, 0, 0, 0, 0, 0, 0, 0, 0, 0, 0, 0, 0, 0, 0, 0, 0, 0,
    0, 0, 0, 0, 0, 0, 0, 0, 0, 0, 0, 0, 0, 0, 0, 0, 0, 0, 0, 0,
    0, 0, 0, 0, 0, 0, 0, 0, 0, 0, 0, 0, 0, 0, 0, 0, 0, 0, 0, 0,
    0, 0, 0, 0, 0, 0, 0, 0, 0, 0, 0, 0, 0, 0, 0, 0, 0, 0, 0, 0,
    0, 0, 0, 0, 0, 0, 0, 0, 0, 0, 0, 0, 0, 0, 0, 0, 0, 0, 0, 0,
    0, 0, 0, 0, 0, 0, 0, 0, 0, 0, 0, 0, 0, 0, 0, 0, 0, 0, 0, 0,
    0, 0, 0, 0, 0, 0, 0, 0, 0, 0, 0, 0, 0, 0, 0, 0, 0, 0, 0, 0,
    0, 0, 0, 0, 0, 0, 0, 0, 0, 0, 0, 0, 0, 0, 0, 0, 0, 0, 0, 0,
    0, 0, 0, 0, 0, 0, 0, 0, 0, 0, 0, 0, 0, 0, 0, 0, 0, 0, 0, 0,
    0, 0, 0, 0, 0, 0, 0, 0, 0, 0, 0, 0, 0, 0, 0, 0, 0, 0, 0, 0,
    0, 0, 0, 0, 0, 0, 0, 0, 0, 0, 0, 0, 0, 0, 0, 0, 0, 0, 0, 0,
    0, 0, 0, 0, 0, 0, 0, 0, 0, 0, 0, 0, 0, 0, 0, 0, 0, 0, 0, 0,
    0, 0, 0, 0, 0, 0, 0, 0, 0, 0, 0, 0, 0, 0, 0, 0, 0, 0, 0, 0,
    0, 0, 0, 0, 0, 0, 0, 0, 0, 0, 0, 0, 0, 0, 0, 0, 0, 0, 0, 0,
    0, 0, 0, 0, 0, 0, 0, 0, 0, 0, 0, 0, 0, 0, 0, 0, 0, 0, 0, 0,
    0, 0, 0, 0, 0, 0, 0, 0, 0, 0, 0, 0, 0, 0, 0, 0, 0, 0, 0, 0,
    0, 0, 0, 0, 0, 0, 0, 0, 0, 0, 0, 0, 0, 0, 0, 0, 0, 0, 0, 0,
    0, 0, 0, 0, 0, 0, 0, 0, 0, 0, 0, 0, 0, 0, 0, 0, 0, 0, 0, 0,
    0, 0, 0, 0, 0, 0, 0, 0, 0, 0, 0, 0, 0, 0, 0, 0, 0, 0, 0, 0,
    0, 0, 0, 0, 0, 0, 0, 0, 0, 0, 0, 0, 0, 0, 0, 0, 0, 0, 0, 0,
    0, 0, 0, 0, 0, 0, 0, 0, 0, 0, 0, 0, 0, 0, 0, 0, 0, 0, 0, 0,
    0, 0, 0, 0, 0, 0, 0, 0, 0, 0, 0, 0, 0, 0, 0, 0, 0, 0, 0, 0,
    0, 0, 0, 0, 0, 0, 0, 0, 0, 0, 0, 0, 0, 0, 0, 0, 0, 0, 0, 0,
    0, 0, 0, 0, 0, 0, 0, 0, 0, 0, 0, 0, 0, 0, 0, 0, 0, 0, 0, 0,
    0, 0, 0, 0, 0, 0, 0, 0, 0, 0, 0, 0, 0, 0, 0, 0, 0, 0, 0, 0,
    0, 0, 0, 0, 0, 0, 0, 0, 0, 0, 0, 0, 0, 0, 0, 0, 0, 0, 0, 0,
    0, 0, 0, 0, 0, 0, 0, 0, 0, 0, 0, 0, 0, 0, 0, 0, 0, 0, 0, 0,
    0, 0, 0, 0, 0, 0, 0, 0, 0, 0, 0, 0, 0, 0, 0, 0, 0, 0, 0, 0,
    0, 0, 0, 0, 0, 0, 0, 0, 0, 0, 0, 0, 0, 0, 0, 0, 0, 0, 0, 0,
    0, 0, 0, 0, 0, 0, 0, 0, 0, 0, 0, 0, 0, 0, 0, 0, 0, 0, 0, 0,
    0, 0, 0, 0, 0, 0, 0, 0, 0, 0, 0, 0, 0, 0, 0, 0, 0, 0, 0, 0,
    0, 0, 0, 0, 0, 0, 0, 0, 0, 0, 0, 0, 0, 0, 0, 0, 0, 0, 0, 0,
    0, 0, 0, 0, 0, 0, 0, 0, 0, 0, 0, 0, 0, 0, 0, 0, 0, 0, 0, 0,
    0, 0, 0, 0, 0, 0, 0, 0, 0, 0, 0, 0, 0, 0, 0, 0, 0, 0, 0, 0,
    0, 0, 0, 0, 0, 0, 0, 0, 0, 0, 0, 0, 0, 0, 0, 0, 0, 0, 0, 0,
    0, 0, 0, 0, 0, 0, 0, 0, 0, 0, 0, 0, 0, 0, 0, 0, 0, 0, 0, 0,
    0, 0, 0, 0, 0, 0, 0, 0, 0, 0, 0, 0, 0, 0, 0, 0, 0, 0, 0, 0,
    0, 0, 0, 0, 0, 0, 0, 0, 0, 0, 0, 0, 0, 0, 0, 0, 0, 0, 0, 0,
    0, 0, 0, 0, 0, 0, 0, 0, 0, 0, 0, 0, 0, 0, 0, 0, 0, 0, 0, 0,
    0, 0, 0, 0, 0, 0, 0, 0, 0, 0, 0, 0, 0, 0, 0, 0, 0, 0, 0, 0,
    0, 0, 0, 0, 0, 0, 0, 0, 0, 0, 0, 0, 0, 0, 0, 0, 0, 0, 0, 0,
    0, 0, 0, 0, 0, 0, 0, 0, 0, 0, 0, 0, 0, 0, 0, 0, 0, 0, 0, 0,
    0, 0, 0, 0, 0, 0, 0, 0, 0, 0, 0, 0, 0, 0, 0, 0, 0, 0, 0, 0,
    0, 0, 0, 0, 0, 0, 0, 0, 0, 0, 0, 0, 0, 0, 0, 0, 0, 0, 0, 0,
    0, 0, 0, 0, 0, 0, 0, 0, 0, 0, 0, 0, 0, 0, 0, 0, 0, 0, 0, 0,
    0, 0, 0, 0, 0, 0, 0, 0, 0, 0, 0, 0, 0, 0, 0, 0, 0, 0, 0, 0,
    0, 0, 0, 0, 0, 0, 0, 0, 0, 0, 0, 0, 0, 0, 0, 0, 0, 0, 0, 0,
    0, 0, 0, 0, 0, 0, 0, 0, 0, 0, 0, 0, 0, 0, 0, 0, 0, 0, 0, 0,
    0, 0, 0, 0, 0, 0, 0, 0, 0, 0, 0, 0, 0, 0, 0, 0, 0, 0, 0, 0,
    0, 0, 0, 0, 0, 0, 0, 0, 0, 0, 0, 0, 0, 0, 0, 0, 0, 0, 0, 0,
    0, 0, 0, 0, 0, 0, 0, 0, 0, 0, 0, 0, 0, 0, 0, 0, 0, 0, 0, 0,
    0, 0, 0, 0, 0, 0, 0, 0, 0, 0, 0, 0, 0, 0, 0, 0, 0, 0, 0, 0,
    0, 0, 0, 0, 0, 0, 0, 0, 0, 0, 0, 0, 0, 0, 0, 0, 0, 0, 0, 0,
    0, 0, 0, 0, 0, 0, 0, 0, 0, 0, 0, 0, 0, 0, 0, 0, 0, 0, 0, 0,
    0, 0, 0, 0, 0, 0, 0, 0, 0, 0, 0, 0, 0, 0, 0, 0, 0, 0, 0, 0,
    0, 0, 0, 0, 0, 0, 0, 0, 0, 0, 0, 0, 0, 0, 0, 0, 0, 0, 0, 0,
    0, 0, 0, 0, 0, 0, 0, 0, 0, 0, 0, 0, 0, 0, 0, 0, 0, 0, 0, 0,
    0, 0, 0, 0, 0, 0, 0, 0, 0, 0, 0, 0, 0, 0, 0, 0, 0, 0, 0, 0,
    0, 0, 0, 0, 0, 0, 0, 0, 0, 0, 0, 0, 0, 0, 0, 0, 0, 0, 0, 0,
    0, 0, 0, 0, 0, 0, 0, 0, 0, 0, 0, 0, 0, 0, 0, 0, 0, 0, 0, 0,
    0, 0, 0, 0, 0, 0, 0, 0, 0, 0, 0, 0, 0, 0, 0, 0, 0, 0, 0, 0,
    0, 0, 0, 0, 0, 0, 0, 0, 0, 0, 0, 0, 0, 0, 0, 0, 0, 0, 0, 0,
    0, 0, 0, 0, 0, 0, 0, 0, 0, 0, 0, 0, 0, 0, 0, 0, 0, 0, 0, 0,
    0, 0, 0, 0, 0, 0, 0, 0, 0, 0, 0, 0, 0, 0, 0, 0, 0, 0, 0, 0,
    0, 0, 0, 0, 0, 0, 0, 0, 0, 0, 0, 0, 0, 0, 0, 0, 0, 0, 0, 0,
    0, 0, 0, 0, 0, 0, 0, 0, 0, 0, 0, 0, 0, 0, 0, 0, 0, 0, 0, 0,
    0, 0, 0, 0, 0, 0, 0, 0, 0, 0, 0, 0, 0, 0, 0, 0, 0, 0, 0, 0,
    0, 0, 0, 0, 0, 0, 0, 0, 0, 0, 0, 0, 0, 0, 0, 0, 0, 0, 0, 0,
    0, 0, 0, 0, 0, 0, 0, 0, 0, 0, 0, 0, 0, 0, 0, 0, 0, 0, 0, 0,
    0, 0, 0, 0, 0, 0, 0, 0, 0, 0, 0, 0, 0, 0, 0, 0, 0, 0, 0, 0,
    0, 0, 0, 0, 0, 0, 0, 0, 0, 0, 0, 0, 0, 0, 0, 0, 0, 0, 0, 0,
    0, 0, 0, 0, 0, 0, 0, 0, 0, 0, 0, 0, 0, 0, 0, 0, 0, 0, 0, 0,
    0, 0, 0, 0, 0, 0, 0, 0, 0, 0, 0, 0, 0, 0, 0, 0, 0, 0, 0, 0,
    0, 0, 0, 0, 0, 0, 0, 0, 0, 0, 0, 0, 0, 0, 0, 0, 0, 0, 0, 0,
    0, 0, 0, 0, 0, 0, 0, 0, 0, 0, 0, 0, 0, 0, 0, 0, 0, 0, 0, 0,
    0, 0, 0, 0, 0, 0, 0, 0, 0, 0, 0, 0, 0, 0, 0, 0, 0, 0, 0, 0,
    0, 0, 0, 0, 0, 0, 0, 0, 0, 0, 0, 0, 0, 0, 0, 0, 0, 0, 0, 0,
    0, 0, 0, 0, 0, 0, 0, 0, 0, 0, 0, 0, 0, 0, 0, 0, 0, 0, 0, 0,
    0, 0, 0, 0, 0, 0, 0, 0, 0, 0, 0, 0, 0, 0, 0, 0, 0, 0, 0, 0,
    0, 0, 0, 0, 0, 0, 0, 0, 0, 0, 0, 0, 0, 0, 0, 0, 0, 0, 0, 0,
    0, 0, 0, 0, 0, 0, 0, 0, 0, 0, 0, 0, 0, 0, 0, 0, 0, 0, 0, 0,
    0, 0, 0, 0, 0, 0, 0, 0, 0, 0, 0, 0, 0, 0, 0, 0, 0, 0, 0, 0,
    0, 0, 0, 0, 0, 0, 0, 0, 0, 0, 0, 0, 0, 0, 0, 0, 0, 0, 0, 0,
    0, 0, 0, 0, 0, 0, 0, 0, 0, 0, 0, 0, 0, 0, 0, 0, 0, 0, 0, 0,
    0, 0, 0, 0, 0, 0, 0, 0, 0, 0, 0, 0, 0, 0, 0, 0, 0, 0, 0, 0,
    0, 0, 0, 0, 0, 0, 0, 0, 0, 0, 0, 0, 0, 0, 0, 0, 0, 0, 0, 0,
    0, 0, 0, 0, 0, 0, 0, 0, 0, 0, 0, 0, 0, 0, 0, 0, 0, 0, 0, 0,
    0, 0, 0, 0, 0, 0, 0, 0, 0, 0, 0, 0, 0, 0, 0, 0, 0, 0, 0, 0,
    0, 0, 0, 0, 0, 0, 0, 0, 0, 0, 0, 0, 0, 0, 0, 0, 0, 0, 0, 0,
    0, 0, 0, 0, 0, 0, 0, 0, 0, 0, 0, 0, 0, 0, 0, 0, 0, 0, 0, 0,
    0, 0, 0, 0, 0, 0, 0, 0, 0, 0, 0, 0, 0, 0, 0, 0, 0, 0, 0, 0,
    0, 0, 0, 0, 0, 0, 0, 0, 0, 0, 0, 0, 0, 0, 0, 0, 0, 0, 0, 0,
    0, 0, 0, 0, 0, 0, 0, 0, 0, 0, 0, 0, 0, 0, 0, 0, 0, 0, 0, 0,
    0, 0, 0, 0, 0, 0, 0, 0, 0, 0, 0, 0, 0, 0, 0, 0, 0, 0, 0, 0,
    0, 0, 0, 0, 0, 0, 0, 0, 0, 0, 0, 0, 0, 0, 0, 0, 0, 0, 0, 0,
    0, 0, 0, 0, 0, 0, 0, 0, 0, 0, 0, 0, 0, 0, 0, 0, 0, 0, 0, 0,
    0, 0, 0, 0, 0, 0, 0, 0, 0, 0, 0, 0, 0, 0, 0, 0, 0, 0, 0, 0,
    0, 0, 0, 0, 0, 0, 0, 0, 0, 0, 0, 0, 0, 0, 0, 0, 0, 0, 0, 0,
    0, 0, 0, 0, 0, 0, 0, 0, 0, 0, 0, 0, 0, 0, 0, 0, 0, 0, 0, 0,
    0, 0, 0, 0, 0, 0, 0, 0, 0, 0, 0, 0, 0, 0, 0, 0, 0, 0, 0, 0,
    0, 0, 0, 0, 0, 0, 0, 0, 0, 0, 0, 0, 0, 0, 0, 0, 0, 0, 0, 0,
    0, 0, 0, 0, 0, 0, 0, 0, 0, 0, 0, 0, 0, 0, 0, 0, 0, 0, 0, 0,
    0, 0, 0, 0, 0, 0, 0, 0, 0, 0, 0, 0, 0, 0, 0, 0, 0, 0, 0, 0,
    0, 0, 0, 0, 0, 0, 0, 0, 0, 0, 0, 0, 0, 0, 0, 0, 0, 0, 0, 0,
    0, 0, 0, 0, 0, 0, 0, 0, 0, 0, 0, 0, 0, 0, 0, 0, 0, 0, 0, 0,
    0, 0, 0, 0, 0, 0, 0, 0, 0, 0, 0, 0, 0, 0, 0, 0, 0, 0, 0, 0,
    0, 0, 0, 0, 0, 0, 0, 0, 0, 0, 0, 0, 0, 0, 0, 0, 0, 0, 0, 0,
    0, 0, 0, 0, 0, 0, 0, 0, 0, 0, 0, 0, 0, 0, 0, 0, 0, 0, 0, 0,
    0, 0, 0, 0, 0, 0, 0, 0, 0, 0, 0, 0, 0, 0, 0, 0, 0, 0, 0, 0,
    0, 0, 0, 0, 0, 0, 0, 0, 0, 0, 0, 0, 0, 0, 0, 0, 0, 0, 0, 0,
    0, 0, 0, 0, 0, 0, 0, 0, 0, 0, 0, 0, 0, 0, 0, 0, 0, 0, 0, 0,
    0, 0, 0, 0, 0, 0, 0, 0, 0, 0, 0, 0, 0, 0, 0, 0, 0, 0, 0, 0,
    0, 0, 0, 0, 0, 0, 0, 0, 0, 0, 0, 0, 0, 0, 0, 0, 0, 0, 0, 0,
    0, 0, 0, 0, 0, 0, 0, 0, 0, 0, 0, 0, 0, 0, 0, 0, 0, 0, 0, 0,
    0, 0, 0, 0, 0, 0, 0, 0, 0, 0, 0, 0, 0, 0, 0, 0, 0, 0, 0, 0,
    0, 0, 0, 0, 0, 0, 0, 0, 0, 0, 0, 0, 0, 0, 0, 0, 0, 0, 0, 0,
    0, 0, 0, 0, 0, 0, 0, 0, 0, 0, 0, 0, 0, 0, 0, 0, 0, 0, 0, 0,
    0, 0, 0, 0, 0, 0, 0, 0, 0, 0, 0, 0, 0, 0, 0, 0, 0, 0, 0, 0,
    0, 0, 0, 0, 0, 0, 0, 0, 0, 0, 0, 0, 0, 0, 0, 0, 0, 0, 0, 0,
    0, 0, 0, 0, 0, 0, 0, 0, 0, 0, 0, 0, 0, 0, 0, 0, 0, 0, 0, 0,
    0, 0, 0, 0, 0, 0, 0, 0, 0, 0, 0, 0, 0, 0, 0, 0, 0, 0, 0, 0,
    0, 0, 0, 0, 0, 0, 0, 0, 0, 0, 0, 0, 0, 0, 0, 0, 0, 0, 0, 0,
    0, 0, 0, 0, 0, 0, 0, 0, 0, 0, 0, 0, 0, 0, 0, 0, 0, 0, 0, 0,
    0, 0, 0, 0, 0, 0, 0, 0, 0, 0, 0, 0, 0, 0, 0, 0, 0, 0, 0, 0,
    0, 0, 0, 0, 0, 0, 0, 0, 0, 0, 0, 0, 0, 0, 0, 0, 0, 0, 0, 0,
    0, 0, 0, 0, 0, 0, 0, 0, 0, 0, 0, 0, 0, 0, 0, 0, 0, 0, 0, 0,
    0, 0, 0, 0, 0, 0, 0, 0, 0, 0, 0, 0, 0, 0, 0, 0, 0, 0, 0, 0,
    0, 0, 0, 0, 0, 0, 0, 0, 0, 0, 0, 0, 0, 0, 0, 0, 0, 0, 0, 0,
    0, 0, 0, 0, 0, 0, 0, 0, 0, 0, 0, 0, 0, 0, 0, 0, 0, 0, 0, 0,
    0, 0, 0, 0, 0, 0, 0, 0, 0, 0, 0, 0, 0, 0, 0, 0, 0, 0, 0, 0,
    0, 0, 0, 0, 0, 0, 0, 0, 0, 0, 0, 0, 0, 0, 0, 0, 0, 0, 0, 0,
    0, 0, 0, 0, 0, 0, 0, 0, 0, 0, 0, 0, 0, 0, 0, 0, 0, 0, 0, 0,
    0, 0, 0, 0, 0, 0, 0, 0, 0, 0, 0, 0, 0, 0, 0, 0, 0, 0, 0, 0,
    0, 0, 0, 0, 0, 0, 0, 0, 0, 0, 0, 0, 0, 0, 0, 0, 0, 0, 0, 0,
    0, 0, 0, 0, 0, 0, 0, 0, 0, 0, 0, 0, 0, 0, 0, 0, 0, 0, 0, 0,
    0, 0, 0, 0, 0, 0, 0, 0, 0, 0, 0, 0, 0, 0, 0, 0, 0, 0, 0, 0,
    0, 0, 0, 0, 0, 0, 0, 0, 0, 0, 0, 0, 0, 0, 0, 0, 0, 0, 0, 0,
    0, 0, 0, 0, 0, 0, 0, 0, 0, 0, 0, 0, 0, 0, 0, 0, 0, 0, 0, 0,
    0, 0, 0, 0, 0, 0, 0, 0, 0, 0, 0, 0, 0, 0, 0, 0, 0, 0, 0, 0,
    0, 0, 0, 0, 0, 0, 0, 0, 0, 0, 0, 0, 0, 0, 0, 0, 0, 0, 0, 0,
    0, 0, 0, 0, 0, 0, 0, 0, 0, 0, 0, 0, 0, 0, 0, 0, 0, 0, 0, 0,
    0, 0, 0, 0, 0, 0, 0, 0, 0, 0, 0, 0, 0, 0, 0, 0, 0, 0, 0, 0,
    0, 0, 0, 0, 0, 0, 0, 0, 0, 0, 0, 0, 0, 0, 0, 0, 0, 0, 0, 0,
    0, 0, 0, 0, 0, 0, 0, 0, 0, 0, 0, 0, 0, 0, 0, 0, 0, 0, 0, 0,
    0, 0, 0, 0, 0, 0, 0, 0, 0, 0, 0, 0, 0, 0, 0, 0, 0, 0, 0, 0,
    0, 0, 0, 0, 0, 0, 0, 0, 0, 0, 0, 0, 0, 0, 0, 0, 0, 0, 0, 0,
    0, 0, 0, 0, 0, 0, 0, 0, 0, 0, 0, 0, 0, 0, 0, 0, 0, 0, 0, 0,
    0, 0, 0, 0, 0, 0, 0, 0, 0, 0, 0, 0, 0, 0, 0, 0, 0, 0, 0, 0,
    0, 0, 0, 0, 0, 0, 0, 0, 0, 0, 0, 0, 0, 0, 0, 0, 0, 0, 0, 0,
    0, 0, 0, 0, 0, 0, 0, 0, 0, 0, 0, 0, 0, 0, 0, 0, 0, 0, 0, 0,
    0, 0, 0, 0, 0, 0, 0, 0, 0, 0, 0, 0, 0, 0, 0, 0, 0, 0, 0, 0,
    0, 0, 0, 0, 0, 0, 0, 0, 0, 0, 0, 0, 0, 0, 0, 0, 0, 0, 0, 0,
    0, 0, 0, 0, 0, 0, 0, 0, 0, 0, 0, 0, 0, 0, 0, 0, 0, 0, 0, 0,
    0, 0, 0, 0, 0, 0, 0, 0, 0, 0, 0, 0, 0, 0, 0, 0, 0, 0, 0, 0,
    0, 0, 0, 0, 0, 0, 0, 0, 0, 0, 0, 0, 0, 0, 0, 0, 0, 0, 0, 0,
    0, 0, 0, 0, 0, 0, 0, 0, 0, 0, 0, 0, 0, 0, 0, 0, 0, 0, 0, 0,
    0, 0, 0, 0, 0, 0, 0, 0, 0, 0, 0, 0, 0, 0, 0, 0, 0, 0, 0, 0,
    0, 0, 0, 0, 0, 0, 0, 0, 0, 0, 0, 0, 0, 0, 0, 0, 0, 0, 0, 0,
    0, 0, 0, 0, 0, 0, 0, 0, 0, 0, 0, 0, 0, 0, 0, 0, 0, 0, 0, 0,
    0, 0, 0, 0, 0, 0, 0, 0, 0, 0, 0, 0, 0, 0, 0, 0, 0, 0, 0, 0,
    0, 0, 0, 0, 0, 0, 0, 0, 0, 0, 0, 0, 0, 0, 0, 0, 0, 0, 0, 0,
    0, 0, 0, 0, 0, 0, 0, 0, 0, 0, 0, 0, 0, 0, 0, 0, 0, 0, 0, 0,
    0, 0, 0, 0, 0, 0, 0, 0, 0, 0, 0, 0, 0, 0, 0, 0, 0, 0, 0, 0,
    0, 0, 0, 0, 0, 0, 0, 0, 0, 0, 0, 0, 0, 0, 0, 0, 0, 0, 0, 0,
    0, 0, 0, 0, 0, 0, 0, 0, 0, 0, 0, 0, 0, 0, 0, 0, 0, 0, 0, 0,
    0, 0, 0, 0, 0, 0, 0, 0, 0, 0, 0, 0, 0, 0, 0, 0, 0, 0, 0, 0,
    0, 0, 0, 0, 0, 0, 0, 0, 0, 0, 0, 0, 0, 0, 0, 0, 0, 0, 0, 0,
    0, 0, 0, 0, 0, 0, 0, 0, 0, 0, 0, 0, 0, 0, 0, 0, 0, 0, 0, 0,
    0, 0, 0, 0, 0, 0, 0, 0, 0, 0, 0, 0, 0, 0, 0, 0, 0, 0, 0, 0,
    0, 0, 0, 0, 0, 0, 0, 0, 0, 0, 0, 0, 0, 0, 0, 0, 0, 0, 0, 0,
    0, 0, 0, 0, 0, 0, 0, 0, 0, 0, 0, 0, 0, 0, 0, 0, 0, 0, 0, 0,
    0, 0, 0, 0, 0, 0, 0, 0, 0, 0, 0, 0, 0, 0, 0, 0, 0, 0, 0, 0,
    0, 0, 0, 0, 0, 0, 0, 0, 0, 0, 0, 0, 0, 0, 0, 0, 0, 0, 0, 0,
    0, 0, 0, 0, 0, 0, 0, 0, 0, 0, 0, 0, 0, 0, 0, 0, 0, 0, 0, 0,
    0, 0, 0, 0, 0, 0, 0, 0, 0, 0, 0, 0, 0, 0, 0, 0, 0, 0, 0, 0,
    0, 0, 0, 0, 0, 0, 0, 0, 0, 0, 0, 0, 0, 0, 0, 0, 0, 0, 0, 0,
    0, 0, 0, 0, 0, 0, 0, 0, 0, 0, 0, 0, 0, 0, 0, 0, 0, 0, 0, 0,
    0, 0, 0, 0, 0, 0, 0, 0, 0, 0, 0, 0, 0, 0, 0, 0, 0, 0, 0, 0,
    0, 0, 0, 0, 0, 0, 0, 0, 0, 0, 0, 0, 0, 0, 0, 0, 0, 0, 0, 0,
    0, 0, 0, 0, 0, 0, 0, 0, 0, 0, 0, 0, 0, 0, 0, 0, 0, 0, 0, 0,
    0, 0, 0, 0, 0, 0, 0, 0, 0, 0, 0, 0, 0, 0, 0, 0, 0, 0, 0, 0,
    0, 0, 0, 0, 0, 0, 0, 0, 0, 0, 0, 0, 0, 0, 0, 0, 0, 0, 0, 0,
    0, 0, 0, 0, 0, 0, 0, 0, 0, 0, 0, 0, 0, 0, 0, 0, 0, 0, 0, 0,
    0, 0, 0, 0, 0, 0, 0, 0, 0, 0, 0, 0, 0, 0, 0, 0, 0, 0, 0, 0,
    0, 0, 0, 0, 0, 0, 0, 0, 0, 0, 0, 0, 0, 0, 0, 0, 0, 0, 0, 0,
    0, 0, 0, 0, 0, 0, 0, 0, 0, 0, 0, 0, 0, 0, 0, 0, 0, 0, 0, 0,
    0, 0, 0, 0, 0, 0, 0, 0, 0, 0, 0, 0, 0, 0, 0, 0, 0, 0, 0, 0,
    0, 0, 0, 0, 0, 0, 0, 0, 0, 0, 0, 0, 0, 0, 0, 0, 0, 0, 0, 0,
    0, 0, 0, 0, 0, 0, 0, 0, 0, 0, 0, 0, 0, 0, 0, 0, 0, 0, 0, 0,
    0, 0, 0, 0, 0, 0, 0, 0, 0, 0, 0, 0, 0, 0, 0, 0, 0, 0, 0, 0,
    0, 0, 0, 0, 0, 0, 0, 0, 0, 0, 0, 0, 0, 0, 0, 0, 0, 0, 0, 0,
    0, 0, 0, 0, 0, 0, 0, 0, 0, 0, 0, 0, 0, 0, 0, 0, 0, 0, 0, 0,
    0, 0, 0, 0, 0, 0, 0, 0, 0, 0, 0, 0, 0, 0, 0, 0, 0, 0, 0, 0,
    0, 0, 0, 0, 0, 0, 0, 0, 0, 0, 0, 0, 0, 0, 0, 0, 0, 0, 0, 0,
    0, 0, 0, 0, 0, 0, 0, 0, 0, 0, 0, 0, 0, 0, 0, 0, 0, 0, 0, 0,
    0, 0, 0, 0, 0, 0, 0, 0, 0, 0, 0, 0, 0, 0, 0, 0, 0, 0, 0, 0,
    0, 0, 0, 0, 0, 0, 0, 0, 0, 0, 0, 0, 0, 0, 0, 0, 0, 0, 0, 0,
    0, 0, 0, 0, 0, 0, 0, 0, 0, 0, 0, 0, 0, 0, 0, 0, 0, 0, 0, 0,
    0, 0, 0, 0, 0, 0, 0, 0, 0, 0, 0, 0, 0, 0, 0, 0, 0, 0, 0, 0,
    0, 0, 0, 0, 0, 0, 0, 0, 0, 0, 0, 0, 0, 0, 0, 0, 0, 0, 0, 0,
    0, 0, 0, 0, 0, 0, 0, 0, 0, 0, 0, 0, 0, 0, 0, 0, 0, 0, 0, 0,
    0, 0, 0, 0, 0, 0, 0, 0, 0, 0, 0, 0, 0, 0, 0, 0, 0, 0, 0, 0,
    0, 0, 0, 0, 0, 0, 0, 0, 0, 0, 0, 0, 0, 0, 0, 0, 0, 0, 0, 0,
    0, 0, 0, 0, 0, 0, 0, 0, 0, 0, 0, 0, 0, 0, 0, 0, 0, 0, 0, 0,
    0, 0, 0, 0, 0, 0, 0, 0, 0, 0, 0, 0, 0, 0, 0, 0, 0, 0, 0, 0,
    0, 0, 0, 0, 0, 0, 0, 0, 0, 0, 0, 0, 0, 0, 0, 0, 0, 0, 0, 0,
    0, 0, 0, 0, 0, 0, 0, 0, 0, 0, 0, 0, 0, 0, 0, 0, 0, 0, 0, 0,
    0, 0, 0, 0, 0, 0, 0, 0, 0, 0, 0, 0, 0, 0, 0, 0, 0, 0, 0, 0,
    0, 0, 0, 0, 0, 0, 0, 0, 0, 0, 0, 0, 0, 0, 0, 0, 0, 0, 0, 0,
    0, 0, 0, 0, 0, 0, 0, 0, 0, 0, 0, 0, 0, 0, 0, 0, 0, 0, 0, 0,
    0, 0, 0, 0, 0, 0, 0, 0, 0, 0, 0, 0, 0, 0, 0, 0, 0, 0, 0, 0,
    0, 0, 0, 0, 0, 0, 0, 0, 0, 0, 0, 0, 0, 0, 0, 0, 0, 0, 0, 0,
    0, 0, 0, 0, 0, 0, 0, 0, 0, 0, 0, 0, 0, 0, 0, 0, 0, 0, 0, 0,
    0, 0, 0, 0, 0, 0, 0, 0, 0, 0, 0, 0, 0, 0, 0, 0, 0, 0, 0, 0,
    0, 0, 0, 0, 0, 0, 0, 0, 0, 0, 0, 0, 0, 0, 0, 0, 0, 0, 0, 0,
    0, 0, 0, 0, 0, 0, 0, 0, 0, 0, 0, 0, 0, 0, 0, 0, 0, 0, 0, 0,
    0, 0, 0, 0, 0, 0, 0, 0, 0, 0, 0, 0, 0, 0, 0, 0, 0, 0, 0, 0,
    0, 0, 0, 0, 0, 0, 0, 0, 0, 0, 0, 0, 0, 0, 0, 0, 0, 0, 0, 0,
    0, 0, 0, 0, 0, 0, 0, 0, 0, 0, 0, 0, 0, 0, 0, 0, 0, 0, 0, 0,
    0, 0, 0, 0, 0, 0, 0, 0, 0, 0, 0, 0, 0, 0, 0, 0, 0, 0, 0, 0,
    0, 0, 0, 0, 0, 0, 0, 0, 0, 0, 0, 0, 0, 0, 0, 0, 0, 0, 0, 0,
    0, 0, 0, 0, 0, 0, 0, 0, 0, 0, 0, 0, 0, 0, 0, 0, 0, 0, 0, 0,
    0, 0, 0, 0, 0, 0, 0, 0, 0, 0, 0, 0, 0, 0, 0, 0, 0, 0, 0, 0,
    0, 0, 0, 0, 0, 0, 0, 0, 0, 0, 0, 0, 0, 0, 0, 0, 0, 0, 0, 0,
    0, 0, 0, 0, 0, 0, 0, 0, 0, 0, 0, 0, 0, 0, 0, 0, 0, 0, 0, 0,
    0, 0, 0, 0, 0, 0, 0, 0, 0, 0, 0, 0, 0, 0, 0, 0, 0, 0, 0, 0,
    0, 0, 0, 0, 0, 0, 0, 0, 0, 0, 0, 0, 0, 0, 0, 0, 0, 0, 0, 0,
    0, 0, 0, 0, 0, 0, 0, 0, 0, 0, 0, 0, 0, 0, 0, 0, 0, 0, 0, 0,
    0, 0, 0, 0, 0, 0, 0, 0, 0, 0, 0, 0, 0, 0, 0, 0, 0, 0, 0, 0,
    0, 0, 0, 0, 0, 0, 0, 0, 0, 0, 0, 0, 0, 0, 0, 0, 0, 0, 0, 0,
    0, 0, 0, 0, 0, 0, 0, 0, 0, 0, 0, 0, 0, 0, 0, 0, 0, 0, 0, 0,
    0, 0, 0, 0, 0, 0, 0, 0, 0, 0, 0, 0, 0, 0, 0, 0, 0, 0, 0, 0,
    0, 0, 0, 0, 0, 0, 0, 0, 0, 0, 0, 0, 0, 0, 0, 0, 0, 0, 0, 0,
    0, 0, 0, 0, 0, 0, 0, 0, 0, 0, 0, 0, 0, 0, 0, 0, 0, 0, 0, 0,
    0, 0, 0, 0, 0, 0, 0, 0, 0, 0, 0, 0, 0, 0, 0, 0, 0, 0, 0, 0,
    0, 0, 0, 0, 0, 0, 0, 0, 0, 0, 0, 0, 0, 0, 0, 0, 0, 0, 0, 0,
    0, 0, 0, 0, 0, 0, 0, 0, 0, 0, 0, 0, 0, 0, 0, 0, 0, 0, 0, 0,
    0, 0, 0, 0, 0, 0, 0, 0, 0, 0, 0, 0, 0, 0, 0, 0, 0, 0, 0, 0,
    0, 0, 0, 0, 0, 0, 0, 0, 0, 0, 0, 0, 0, 0, 0, 0, 0, 0, 0, 0,
    0, 0, 0, 0, 0, 0, 0, 0, 0, 0, 0, 0, 0, 0, 0, 0, 0, 0, 0, 0,
    0, 0, 0, 0, 0, 0, 0, 0, 0, 0, 0, 0, 0, 0, 0, 0, 0, 0, 0, 0,
    0, 0, 0, 0, 0, 0, 0, 0, 0, 0, 0, 0, 0, 0, 0, 0, 0, 0, 0, 0,
    0, 0, 0, 0, 0, 0, 0, 0, 0, 0, 0, 0, 0, 0, 0, 0, 0, 0, 0, 0,
    0, 0, 0, 0, 0, 0, 0, 0, 0, 0, 0, 0, 0, 0, 0, 0, 0, 0, 0, 0,
    0, 0, 0, 0, 0, 0, 0, 0, 0, 0, 0, 0, 0, 0, 0, 0, 0, 0, 0, 0,
    0, 0, 0, 0, 0, 0, 0, 0, 0, 0, 0, 0, 0, 0, 0, 0, 0, 0, 0, 0,
    0, 0, 0, 0, 0, 0, 0, 0, 0, 0, 0, 0, 0, 0, 0, 0, 0, 0, 0, 0,
    0, 0, 0, 0, 0, 0, 0, 0, 0, 0, 0, 0, 0, 0, 0, 0, 0, 0, 0, 0,
    0, 0, 0, 0, 0, 0, 0, 0, 0, 0, 0, 0, 0, 0, 0, 0, 0, 0, 0, 0,
    0, 0, 0, 0, 0, 0, 0, 0, 0, 0, 0, 0, 0, 0, 0, 0, 0, 0, 0, 0,
    0, 0, 0, 0, 0, 0, 0, 0, 0, 0, 0, 0, 0, 0, 0, 0, 0, 0, 0, 0,
    0, 0, 0, 0, 0, 0, 0, 0, 0, 0, 0, 0, 0, 0, 0, 0, 0, 0, 0, 0,
    0, 0, 0, 0, 0, 0, 0, 0, 0, 0, 0, 0, 0, 0, 0, 0, 0, 0, 0, 0,
    0, 0, 0, 0, 0, 0, 0, 0, 0, 0, 0, 0, 0, 0, 0, 0, 0, 0, 0, 0,
    0, 0, 0, 0, 0, 0, 0, 0, 0, 0, 0, 0, 0, 0, 0, 0, 0, 0, 0, 0,
    0, 0, 0, 0, 0, 0, 0, 0, 0, 0, 0, 0, 0, 0, 0, 0, 0, 0, 0, 0,
    0, 0, 0, 0, 0, 0, 0, 0, 0, 0, 0, 0, 0, 0, 0, 0, 0, 0, 0, 0,
    0, 0, 0, 0, 0, 0, 0, 0, 0, 0, 0, 0, 0, 0, 0, 0, 0, 0, 0, 0,
    0, 0, 0, 0, 0, 0, 0, 0, 0, 0, 0, 0, 0, 0, 0, 0, 0, 0, 0, 0,
    0, 0, 0, 0, 0, 0, 0, 0, 0, 0, 0, 0, 0, 0, 0, 0, 0, 0, 0, 0,
    0, 0, 0, 0, 0, 0, 0, 0, 0, 0, 0, 0, 0, 0, 0, 0, 0, 0, 0, 0,
    0, 0, 0, 0, 0, 0, 0, 0, 0, 0, 0, 0, 0, 0, 0, 0, 0, 0, 0, 0,
    0, 0, 0, 0, 0, 0, 0, 0, 0, 0, 0, 0, 0, 0, 0, 0, 0, 0, 0, 0,
    0, 0, 0, 0, 0, 0, 0, 0, 0, 0, 0, 0, 0, 0, 0, 0, 0, 0, 0, 0,
    0, 0, 0, 0, 0, 0, 0, 0, 0, 0, 0, 0, 0, 0, 0, 0, 0, 0, 0, 0,
    0, 0, 0, 0, 0, 0, 0, 0, 0, 0, 0, 0, 0, 0, 0, 0, 0, 0, 0, 0,
    0, 0, 0, 0, 0, 0, 0, 0, 0, 0, 0, 0, 0, 0, 0, 0, 0, 0, 0, 0,
    0, 0, 0, 0, 0, 0, 0, 0, 0, 0, 0, 0, 0, 0, 0, 0, 0, 0, 0, 0,
    0, 0, 0, 0, 0, 0, 0, 0, 0, 0, 0, 0, 0, 0, 0, 0, 0, 0, 0, 0,
    0, 0, 0, 0, 0, 0, 0, 0, 0, 0, 0, 0, 0, 0, 0, 0, 0, 0, 0, 0,
    0, 0, 0, 0, 0, 0, 0, 0, 0, 0, 0, 0, 0, 0, 0, 0, 0, 0, 0, 0,
    0, 0, 0, 0, 0, 0, 0, 0, 0, 0, 0, 0, 0, 0, 0, 0, 0, 0, 0, 0,
    0, 0, 0, 0, 0, 0, 0, 0, 0, 0, 0, 0, 0, 0, 0, 0, 0, 0, 0, 0,
    0, 0, 0, 0, 0, 0, 0, 0, 0, 0, 0, 0, 0, 0, 0, 0, 0, 0, 0, 0,
    0, 0, 0, 0, 0, 0, 0, 0, 0, 0, 0, 0, 0, 0, 0, 0, 0, 0, 0, 0,
    0, 0, 0, 0, 0, 0, 0, 0, 0, 0, 0, 0, 0, 0, 0, 0, 0, 0, 0, 0,
    0, 0, 0, 0, 0, 0, 0, 0, 0, 0, 0, 0, 0, 0, 0, 0, 0, 0, 0, 0,
    0, 0, 0, 0, 0, 0, 0, 0, 0, 0, 0, 0, 0, 0, 0, 0, 0, 0, 0, 0,
    0, 0, 0, 0, 0, 0, 0, 0, 0, 0, 0, 0, 0, 0, 0, 0, 0, 0, 0, 0,
    0, 0, 0, 0, 0, 0, 0, 0, 0, 0, 0, 0, 0, 0, 0, 0, 0, 0, 0, 0,
    0, 0, 0, 0, 0, 0, 0, 0, 0, 0, 0, 0, 0, 0, 0, 0, 0, 0, 0, 0,
    0, 0, 0, 0, 0, 0, 0, 0, 0, 0, 0, 0, 0, 0, 0, 0, 0, 0, 0, 0,
    0, 0, 0, 0, 0, 0, 0, 0, 0, 0, 0, 0, 0, 0, 0, 0, 0, 0, 0, 0,
    0, 0, 0, 0, 0, 0, 0, 0, 0, 0, 0, 0, 0, 0, 0, 0, 0, 0, 0, 0,
    0, 0, 0, 0, 0, 0, 0, 0, 0, 0, 0, 0, 0, 0, 0, 0, 0, 0, 0, 0,
    0, 0, 0, 0, 0, 0, 0, 0, 0, 0, 0, 0, 0, 0, 0, 0, 0, 0, 0, 0,
    0, 0, 0, 0, 0, 0, 0, 0, 0, 0, 0, 0, 0, 0, 0, 0, 0, 0, 0, 0,
    0, 0, 0, 0, 0, 0, 0, 0, 0, 0, 0, 0, 0, 0, 0, 0, 0, 0, 0, 0,
    0, 0, 0, 0, 0, 0, 0, 0, 0, 0, 0, 0, 0, 0, 0, 0, 0, 0, 0, 0,
    0, 0, 0, 0, 0, 0, 0, 0, 0, 0, 0, 0, 0, 0, 0, 0, 0, 0, 0, 0,
    0, 0, 0, 0, 0, 0, 0, 0, 0, 0, 0, 0, 0, 0, 0, 0, 0, 0, 0, 0,
    0, 0, 0, 0, 0, 0, 0, 0, 0, 0, 0, 0, 0, 0, 0, 0, 0, 0, 0, 0,
    0, 0, 0, 0, 0, 0, 0, 0, 0, 0, 0, 0, 0, 0, 0, 0, 0, 0, 0, 0,
    0, 0, 0, 0, 0, 0, 0, 0, 0, 0, 0, 0, 0, 0, 0, 0, 0, 0, 0, 0,
    0, 0, 0, 0, 0, 0, 0, 0, 0, 0, 0, 0, 0, 0, 0, 0, 0, 0, 0, 0,
    0, 0, 0, 0, 0, 0, 0, 0, 0, 0, 0, 0, 0, 0, 0, 0, 0, 0, 0, 0,
    0, 0, 0, 0, 0, 0, 0, 0, 0, 0, 0, 0, 0, 0, 0, 0, 0, 0, 0, 0,
    0, 0, 0, 0, 0, 0, 0, 0, 0, 0, 0, 0, 0, 0, 0, 0, 0, 0, 0, 0,
    0, 0, 0, 0, 0, 0, 0, 0, 0, 0, 0, 0, 0, 0, 0, 0, 0, 0, 0, 0,
    0, 0, 0, 0, 0, 0, 0, 0, 0, 0, 0, 0, 0, 0, 0, 0, 0, 0, 0, 0,
    0, 0, 0, 0, 0, 0, 0, 0, 0, 0, 0, 0, 0, 0, 0, 0, 0, 0, 0, 0,
    0, 0, 0, 0, 0, 0, 0, 0, 0, 0, 0, 0, 0, 0, 0, 0, 0, 0, 0, 0,
    0, 0, 0, 0, 0, 0, 0, 0, 0, 0, 0, 0, 0, 0, 0, 0, 0, 0, 0, 0,
    0, 0, 0, 0, 0, 0, 0, 0, 0, 0, 0, 0, 0, 0, 0, 0, 0, 0, 0, 0
};

const u16 gb_level04_fixed_map[2048] = {
    406, 406, 406, 406, 406, 406, 406, 406, 406, 406, 406, 406, 406, 406, 406, 406, 406, 406, 406, 406,
    406, 406, 406, 406, 406, 406, 406, 406, 406, 406, 406, 406, 406, 406, 406, 406, 406, 406, 406, 406,
    406, 406, 406, 406, 406, 406, 406, 406, 406, 406, 406, 406, 406, 406, 406, 406, 406, 406, 406, 406,
    406, 406, 406, 406, 406, 406, 406, 406, 406, 406, 406, 406, 406, 406, 406, 406, 406, 406, 406, 406,
    406, 406, 406, 406, 406, 406, 406, 406, 406, 406, 406, 406, 407, 408, 409, 410, 406, 406, 406, 406,
    406, 406, 406, 406, 406, 406, 406, 406, 406, 406, 406, 406, 406, 406, 406, 406, 406, 406, 406, 406,
    406, 406, 406, 406, 406, 406, 406, 406, 406, 406, 406, 406, 406, 406, 406, 406, 406, 406, 406, 406,
    406, 406, 406, 406, 406, 406, 406, 406, 406, 406, 406, 406, 406, 406, 406, 408, 442, 442, 442, 474,
    602, 406, 406, 406, 406, 406, 406, 406, 406, 406, 406, 406, 406, 406, 406, 406, 406, 406, 406, 406,
    406, 406, 406, 406, 406, 406, 406, 406, 406, 406, 406, 406, 406, 406, 406, 406, 406, 406, 406, 406,
    406, 406, 406, 406, 406, 406, 406, 406, 406, 406, 406, 406, 406, 406, 406, 406, 406, 407, 408, 442,
    442, 442, 442, 442, 442, 474, 602, 406, 406, 406, 406, 406, 406, 406, 406, 406, 406, 406, 406, 406,
    406, 406, 406, 406, 406, 406, 406, 406, 406, 406, 406, 406, 406, 406, 406, 406, 406, 406, 406, 406,
    406, 406, 406, 406, 406, 406, 406, 406, 406, 406, 406, 406, 406, 406, 406, 406, 406, 406, 406, 407,
    408, 442, 442, 442, 442, 442, 442, 442, 442, 442, 442, 409, 410, 406, 406, 406, 406, 406, 406, 406,
    406, 406, 406, 406, 406, 406, 406, 406, 406, 406, 406, 406, 406, 406, 406, 406, 406, 406, 406, 406,
    406, 406, 406, 406, 406, 406, 406, 406, 406, 406, 406, 406, 406, 406, 406, 406, 406, 406, 406, 406,
    406, 407, 408, 442, 442, 442, 442, 442, 442, 442, 442, 442, 442, 442, 442, 442, 442, 474, 602, 406,
    406, 406, 406, 406, 406, 406, 406, 406, 406, 406, 406, 406, 406, 406, 407, 408, 474, 602, 406, 406,
    406, 406, 406, 406, 438, 438, 438, 438, 438, 438, 438, 438, 438, 438, 438, 438, 438, 438, 438, 438,
    438, 438, 438, 438, 440, 441, 442, 442, 442, 442, 442, 442, 442, 442, 442, 442, 442, 442, 442, 442,
    442, 442, 442, 474, 602, 438, 438, 438, 438, 438, 438, 438, 438, 438, 438, 438, 438, 440, 441, 442,
    442, 442, 474, 602, 438, 438, 438, 438, 470, 470, 470, 470, 470, 470, 470, 470, 470, 470, 470, 470,
    470, 470, 470, 470, 470, 470, 470, 471, 472, 472, 472, 472, 472, 472, 472, 472, 472, 472, 472, 472,
    472, 472, 472, 472, 472, 472, 472, 472, 472, 473, 470, 470, 470, 470, 470, 470, 470, 470, 470, 470,
    471, 472, 472, 472, 472, 472, 472, 472, 473, 470, 470, 470, 502, 502, 502, 503, 504, 600, 601, 502,
    502, 502, 502, 502, 502, 502, 502, 502, 502, 503, 504, 505, 506, 505, 505, 505, 505, 505, 505, 505,
    505, 505, 505, 505, 505, 505, 505, 505, 505, 505, 505, 505, 505, 505, 600, 601, 503, 504, 600, 601,
    502, 502, 503, 504, 505, 506, 505, 505, 505, 505, 505, 505, 505, 600, 601, 502, 534, 535, 536, 537,
    537, 537, 537, 632, 633, 534, 534, 534, 534, 534, 534, 535, 536, 537, 538, 537, 537, 537, 537, 537,
    537, 537, 537, 537, 537, 537, 537, 537, 537, 537, 537, 537, 537, 537, 537, 537, 537, 537, 537, 537,
    537, 537, 537, 537, 632, 536, 537, 537, 537, 537, 537, 537, 537, 537, 537, 537, 537, 537, 537, 632,
    567, 568, 569, 569, 569, 569, 569, 569, 569, 569, 570, 566, 566, 566, 567, 568, 569, 569, 569, 569,
    569, 569, 569, 569, 569, 569, 569, 569, 569, 569, 569, 569, 569, 569, 569, 569, 569, 569, 569, 569,
    569, 569, 569, 569, 569, 569, 569, 569, 569, 569, 569, 569, 569, 569, 569, 569, 569, 569, 569, 569,
    569, 569, 569, 569, 599, 599, 599, 599, 599, 598, 598, 599, 599, 599, 598, 599, 598, 599, 599, 599,
    599, 599, 599, 599, 599, 599, 599, 599, 599, 599, 599, 599, 599, 599, 599, 599, 599, 599, 599, 599,
    599, 599, 599, 599, 599, 599, 599, 599, 599, 599, 599, 599, 599, 599, 599, 599, 599, 599, 599, 599,
    599, 599, 599, 599, 599, 599, 599, 599, 630, 630, 630, 630, 630, 630, 630, 630, 630, 630, 630, 630,
    630, 630, 630, 630, 630, 630, 630, 630, 630, 630, 630, 630, 630, 630, 630, 630, 630, 630, 630, 630,
    630, 630, 630, 630, 630, 630, 630, 630, 630, 630, 630, 630, 630, 630, 630, 630, 630, 630, 630, 630,
    630, 630, 630, 630, 630, 630, 630, 630, 630, 630, 630, 630, 630, 630, 630, 630, 630, 630, 630, 630,
    630, 630, 630, 630, 630, 630, 630, 630, 630, 630, 630, 630, 630, 630, 630, 630, 630, 630, 630, 630,
    630, 630, 630, 630, 630, 630, 630, 630, 630, 630, 630, 630, 630, 630, 630, 630, 630, 630, 630, 630,
    630, 630, 630, 630, 630, 630, 630, 630, 630, 630, 630, 630, 630, 630, 630, 630, 630, 630, 630, 630,
    630, 630, 630, 630, 630, 630, 630, 630, 630, 630, 630, 630, 630, 630, 630, 630, 630, 630, 630, 630,
    630, 630, 630, 630, 630, 630, 630, 630, 630, 630, 630, 630, 630, 630, 630, 630, 630, 630, 630, 630,
    630, 630, 630, 630, 630, 630, 630, 630, 630, 630, 630, 630, 630, 630, 630, 630, 630, 630, 630, 630,
    630, 630, 630, 630, 630, 630, 630, 630, 630, 630, 630, 630, 630, 630, 630, 630, 630, 630, 630, 630,
    630, 630, 630, 630, 630, 630, 630, 630, 630, 630, 630, 630, 630, 630, 630, 630, 630, 630, 630, 630,
    630, 630, 630, 630, 630, 630, 630, 630, 630, 630, 630, 630, 630, 630, 630, 630, 630, 630, 630, 630,
    630, 630, 630, 630, 630, 630, 630, 630, 630, 630, 630, 630, 630, 630, 630, 630, 630, 630, 630, 630,
    630, 630, 630, 630, 630, 630, 630, 630, 630, 630, 630, 630, 630, 630, 630, 630, 630, 630, 630, 630,
    630, 630, 630, 630, 630, 630, 630, 630, 630, 630, 630, 630, 630, 630, 630, 630, 630, 630, 630, 630,
    630, 630, 630, 630, 630, 630, 630, 630, 630, 630, 630, 630, 630, 630, 630, 630, 630, 630, 630, 630,
    630, 630, 630, 630, 630, 630, 630, 630, 630, 630, 630, 630, 630, 630, 630, 630, 630, 630, 630, 630,
    630, 630, 630, 630, 630, 630, 630, 630, 630, 630, 630, 630, 630, 630, 630, 630, 630, 630, 630, 630,
    630, 630, 630, 630, 630, 630, 630, 630, 630, 630, 630, 630, 630, 630, 630, 630, 630, 630, 630, 630,
    630, 630, 630, 630, 630, 630, 630, 630, 630, 630, 630, 630, 630, 630, 630, 630, 630, 630, 630, 630,
    630, 630, 630, 630, 630, 630, 630, 630, 630, 630, 630, 630, 630, 630, 630, 630, 630, 630, 630, 630,
    630, 630, 630, 630, 630, 630, 630, 630, 630, 630, 630, 630, 630, 630, 630, 630, 630, 630, 630, 630,
    630, 630, 630, 630, 630, 630, 630, 630, 630, 630, 630, 630, 630, 630, 630, 630, 630, 630, 630, 630,
    630, 630, 630, 630, 630, 630, 630, 630, 630, 630, 630, 630, 630, 630, 630, 630, 630, 630, 630, 630,
    630, 630, 630, 630, 630, 630, 630, 630, 630, 630, 630, 630, 630, 630, 630, 630, 630, 630, 630, 630,
    630, 630, 630, 630, 630, 630, 630, 630, 630, 630, 630, 630, 630, 630, 630, 630, 630, 630, 630, 630,
    630, 630, 630, 630, 630, 630, 630, 630, 630, 630, 630, 630, 630, 630, 630, 630, 630, 630, 630, 630,
    630, 630, 630, 630, 630, 630, 630, 630, 630, 630, 630, 630, 630, 630, 630, 630, 630, 630, 630, 630,
    630, 630, 630, 630, 630, 630, 630, 630, 630, 630, 630, 630, 630, 630, 630, 630, 630, 630, 630, 630,
    630, 630, 630, 630, 630, 630, 630, 630, 630, 630, 630, 630, 630, 630, 630, 630, 630, 630, 630, 630,
    630, 630, 630, 630, 630, 630, 630, 630, 630, 630, 630, 630, 630, 630, 630, 630, 630, 630, 630, 630,
    630, 630, 630, 630, 630, 630, 630, 630, 630, 630, 630, 630, 630, 630, 630, 630, 630, 630, 630, 630,
    630, 630, 630, 630, 630, 630, 630, 630, 630, 630, 630, 630, 630, 630, 630, 630, 630, 630, 630, 630,
    630, 630, 630, 630, 630, 630, 630, 630, 630, 630, 630, 630, 630, 630, 630, 630, 630, 630, 630, 630,
    630, 630, 630, 630, 630, 630, 630, 630, 630, 630, 630, 630, 630, 630, 630, 630, 630, 630, 630, 630,
    630, 630, 630, 630, 630, 630, 630, 630, 630, 630, 630, 630, 630, 630, 630, 630, 630, 630, 630, 630,
    630, 630, 630, 630, 630, 630, 630, 630, 630, 630, 630, 630, 630, 630, 630, 630, 630, 630, 630, 630,
    630, 630, 630, 630, 630, 630, 630, 630, 630, 630, 630, 630, 630, 630, 630, 630, 630, 630, 630, 630,
    630, 630, 630, 630, 630, 630, 630, 630, 630, 630, 630, 630, 630, 630, 630, 630, 630, 630, 630, 630,
    630, 630, 630, 630, 630, 630, 630, 630, 630, 630, 630, 630, 630, 630, 630, 630, 630, 630, 630, 630,
    630, 630, 630, 630, 630, 630, 630, 630, 630, 630, 630, 630, 630, 630, 630, 630, 630, 630, 630, 630,
    630, 630, 630, 630, 630, 630, 630, 630, 630, 630, 630, 630, 630, 630, 630, 630, 630, 630, 630, 630,
    630, 630, 630, 630, 630, 630, 630, 630, 630, 630, 630, 630, 630, 630, 630, 630, 630, 630, 630, 630,
    630, 630, 630, 630, 630, 630, 630, 630, 630, 630, 630, 630, 630, 630, 630, 630, 630, 630, 630, 630,
    630, 630, 630, 630, 630, 630, 630, 630, 630, 630, 630, 630, 630, 630, 630, 630, 630, 630, 630, 630,
    630, 630, 630, 630, 630, 630, 630, 630, 630, 630, 630, 630, 630, 630, 630, 630, 630, 630, 630, 630,
    630, 630, 630, 630, 630, 630, 630, 630, 630, 630, 630, 630, 630, 630, 630, 630, 630, 630, 630, 630,
    630, 630, 630, 630, 630, 630, 630, 630, 630, 630, 630, 630, 630, 630, 630, 630, 630, 630, 630, 630,
    630, 630, 630, 630, 630, 630, 630, 630, 630, 630, 630, 630, 630, 630, 630, 630, 630, 630, 630, 630,
    630, 630, 630, 630, 630, 630, 630, 630, 630, 630, 630, 630, 630, 630, 630, 630, 630, 630, 630, 630,
    630, 630, 630, 630, 630, 630, 630, 630, 630, 630, 630, 630, 630, 630, 630, 630, 630, 630, 630, 630,
    630, 630, 630, 630, 630, 630, 630, 630, 630, 630, 630, 630, 630, 630, 630, 630, 630, 630, 630, 630,
    630, 630, 630, 630, 630, 630, 630, 630, 630, 630, 630, 630, 630, 630, 630, 630, 630, 630, 630, 630,
    630, 630, 630, 630, 630, 630, 630, 630, 630, 630, 630, 630, 630, 630, 630, 630, 630, 630, 630, 630,
    630, 630, 630, 630, 630, 630, 630, 630, 630, 630, 630, 630, 630, 630, 630, 630, 630, 630, 630, 630,
    630, 630, 630, 630, 630, 630, 630, 630, 630, 630, 630, 630, 630, 630, 630, 630, 630, 630, 630, 630,
    630, 630, 630, 630, 630, 630, 630, 630, 630, 630, 630, 630, 630, 630, 630, 630, 630, 630, 630, 630,
    630, 630, 630, 630, 630, 630, 630, 630, 630, 630, 630, 630, 630, 630, 630, 630, 630, 630, 630, 630,
    630, 630, 630, 630, 630, 630, 630, 630, 630, 630, 630, 630, 630, 630, 630, 630, 630, 630, 630, 630,
    630, 630, 630, 630, 630, 630, 630, 630, 630, 630, 630, 630, 630, 630, 630, 630, 630, 630, 630, 630,
    630, 630, 630, 630, 630, 630, 630, 630, 630, 630, 630, 630, 630, 630, 630, 630, 630, 630, 630, 630,
    630, 630, 630, 630, 630, 630, 630, 630, 630, 630, 630, 630, 630, 630, 630, 630, 630, 630, 630, 630,
    630, 630, 630, 630, 630, 630, 630, 630, 630, 630, 630, 630, 630, 630, 630, 630, 630, 630, 630, 630,
    630, 630, 630, 630, 630, 630, 630, 630
};

const u16 gb_level04_collision[30720] = {
    0, 0, 0, 0, 0, 0, 0, 0, 0, 0, 0, 0, 0, 0, 0, 0, 0, 0, 0, 0, 0, 0, 0, 0,
    0, 0, 0, 0, 0, 0, 0, 0, 0, 0, 0, 0, 0, 0, 0, 0, 0, 0, 0, 0, 0, 0, 0, 0,
    0, 0, 0, 0, 0, 0, 0, 0, 0, 0, 0, 0, 0, 0, 0, 0, 0, 0, 0, 0, 0, 0, 0, 0,
    0, 0, 0, 0, 0, 0, 0, 0, 0, 0, 0, 0, 0, 0, 0, 0, 0, 0, 0, 0, 0, 0, 0, 0,
    0, 0, 0, 0, 0, 0, 0, 0, 0, 0, 0, 0, 0, 0, 0, 0, 0, 0, 0, 0, 0, 0, 0, 0,
    0, 0, 0, 0, 0, 0, 0, 0, 0, 0, 0, 0, 0, 0, 0, 0, 0, 0, 0, 0, 0, 0, 0, 0,
    0, 0, 0, 0, 0, 0, 0, 0, 0, 0, 0, 0, 0, 0, 0, 0, 0, 0, 0, 0, 0, 0, 0, 0,
    0, 0, 0, 0, 0, 0, 0, 0, 0, 0, 0, 0, 0, 0, 0, 0, 0, 0, 0, 0, 0, 0, 0, 0,
    0, 0, 0, 0, 0, 0, 0, 0, 0, 0, 0, 0, 0, 0, 0, 0, 0, 0, 0, 0, 0, 0, 0, 0,
    0, 0, 0, 0, 0, 0, 0, 0, 0, 0, 0, 0, 0, 0, 0, 0, 0, 0, 0, 0, 0, 0, 0, 0,
    0, 0, 0, 0, 0, 0, 0, 0, 0, 0, 0, 0, 0, 0, 0, 0, 0, 0, 0, 0, 0, 0, 0, 0,
    0, 0, 0, 0, 0, 0, 0, 0, 0, 0, 0, 0, 0, 0, 0, 0, 0, 0, 0, 0, 0, 0, 0, 0,
    0, 0, 0, 0, 0, 0, 0, 0, 0, 0, 0, 0, 0, 0, 0, 0, 0, 0, 0, 0, 0, 0, 0, 0,
    0, 0, 0, 0, 0, 0, 0, 0, 0, 0, 0, 0, 0, 0, 0, 0, 0, 0, 0, 0, 0, 0, 0, 0,
    0, 0, 0, 0, 0, 0, 0, 0, 0, 0, 0, 0, 0, 0, 0, 0, 0, 0, 0, 0, 0, 0, 0, 0,
    0, 0, 0, 0, 0, 0, 0, 0, 0, 0, 0, 0, 0, 0, 0, 0, 0, 0, 0, 0, 0, 0, 0, 0,
    0, 0, 0, 0, 0, 0, 0, 0, 0, 0, 0, 0, 0, 0, 0, 0, 0, 0, 0, 0, 0, 0, 0, 0,
    0, 0, 0, 0, 0, 0, 0, 0, 0, 0, 0, 0, 0, 0, 0, 0, 0, 0, 0, 0, 0, 0, 0, 0,
    0, 0, 0, 0, 0, 0, 0, 0, 0, 0, 0, 0, 0, 0, 0, 0, 0, 0, 0, 0, 0, 0, 0, 0,
    0, 0, 0, 0, 0, 0, 0, 0, 0, 0, 0, 0, 0, 0, 0, 0, 0, 0, 0, 0, 0, 0, 0, 0,
    0, 0, 0, 0, 0, 0, 0, 0, 0, 0, 0, 0, 0, 0, 0, 0, 0, 0, 0, 0, 0, 0, 0, 0,
    0, 0, 0, 0, 0, 0, 0, 0, 0, 0, 0, 0, 0, 0, 0, 0, 0, 0, 0, 0, 0, 0, 0, 0,
    0, 0, 0, 0, 0, 0, 0, 0, 0, 0, 0, 0, 0, 0, 0, 0, 0, 0, 0, 0, 0, 0, 0, 0,
    0, 0, 0, 0, 0, 0, 0, 0, 0, 0, 0, 0, 0, 0, 0, 0, 0, 0, 0, 0, 0, 0, 0, 0,
    0, 0, 0, 0, 0, 0, 0, 0, 0, 0, 0, 0, 0, 0, 0, 0, 0, 0, 0, 0, 0, 0, 0, 0,
    0, 0, 0, 0, 0, 0, 0, 0, 0, 0, 0, 0, 0, 0, 0, 0, 0, 0, 0, 0, 0, 0, 0, 0,
    0, 0, 0, 0, 0, 0, 0, 0, 0, 0, 0, 0, 0, 0, 0, 0, 0, 0, 0, 0, 0, 0, 0, 0,
    0, 0, 0, 0, 0, 0, 0, 0, 0, 0, 0, 0, 0, 0, 0, 0, 0, 0, 0, 0, 0, 0, 0, 0,
    0, 0, 0, 0, 0, 0, 0, 0, 0, 0, 0, 0, 0, 0, 0, 0, 0, 0, 0, 0, 0, 0, 0, 0,
    0, 0, 0, 0, 0, 0, 0, 0, 0, 0, 0, 0, 0, 0, 0, 0, 0, 0, 0, 0, 0, 0, 0, 0,
    0, 0, 0, 0, 0, 0, 0, 0, 0, 0, 0, 0, 0, 0, 0, 0, 0, 0, 0, 0, 0, 0, 0, 0,
    0, 0, 0, 0, 0, 0, 0, 0, 0, 0, 0, 0, 0, 0, 0, 0, 0, 0, 0, 0, 0, 0, 0, 0,
    0, 0, 0, 0, 0, 0, 0, 0, 0, 0, 0, 0, 0, 0, 0, 0, 0, 0, 0, 0, 0, 0, 0, 0,
    0, 0, 0, 0, 0, 0, 0, 0, 0, 0, 0, 0, 0, 0, 0, 0, 0, 0, 0, 0, 0, 0, 0, 0,
    0, 0, 0, 0, 0, 0, 0, 0, 0, 0, 0, 0, 0, 0, 0, 0, 0, 0, 0, 0, 0, 0, 0, 0,
    0, 0, 0, 0, 0, 0, 0, 0, 0, 0, 0, 0, 0, 0, 0, 0, 0, 0, 0, 0, 0, 0, 0, 0,
    0, 0, 0, 0, 0, 0, 0, 0, 0, 0, 0, 0, 0, 0, 0, 0, 0, 0, 0, 0, 0, 0, 0, 0,
    0, 0, 0, 0, 0, 0, 0, 0, 0, 0, 0, 0, 0, 0, 0, 0, 0, 0, 0, 0, 0, 0, 0, 0,
    0, 0, 0, 0, 0, 0, 0, 0, 0, 0, 0, 0, 0, 0, 0, 0, 0, 0, 0, 0, 0, 0, 0, 0,
    0, 0, 0, 0, 0, 0, 0, 0, 0, 0, 0, 0, 0, 0, 0, 0, 0, 0, 0, 0, 0, 0, 0, 0,
    0, 0, 0, 0, 0, 0, 0, 0, 0, 0, 0, 0, 0, 0, 0, 0, 0, 0, 0, 0, 0, 0, 0, 0,
    0, 0, 0, 0, 0, 0, 0, 0, 0, 0, 0, 0, 0, 0, 0, 0, 0, 0, 0, 0, 0, 0, 0, 0,
    0, 0, 0, 0, 0, 0, 0, 0, 0, 0, 0, 0, 0, 0, 0, 0, 0, 0, 0, 0, 0, 0, 0, 0,
    0, 0, 0, 0, 0, 0, 0, 0, 0, 0, 0, 0, 0, 0, 0, 0, 0, 0, 0, 0, 0, 0, 0, 0,
    0, 0, 0, 0, 0, 0, 0, 0, 0, 0, 0, 0, 0, 0, 0, 0, 0, 0, 0, 0, 0, 0, 0, 0,
    0, 0, 0, 0, 0, 0, 0, 0, 0, 0, 0, 0, 0, 0, 0, 0, 0, 0, 0, 0, 0, 0, 0, 0,
    0, 0, 0, 0, 0, 0, 0, 0, 0, 0, 0, 0, 0, 0, 0, 0, 0, 0, 0, 0, 0, 0, 0, 0,
    0, 0, 0, 0, 0, 0, 0, 0, 0, 0, 0, 0, 0, 0, 0, 0, 0, 0, 0, 0, 0, 0, 0, 0,
    0, 0, 0, 0, 0, 0, 0, 0, 0, 0, 0, 0, 0, 0, 0, 0, 0, 0, 0, 0, 0, 0, 0, 0,
    0, 0, 0, 0, 0, 0, 0, 0, 0, 0, 0, 0, 0, 0, 0, 0, 0, 0, 0, 0, 0, 0, 0, 0,
    0, 0, 0, 0, 0, 0, 0, 0, 0, 0, 0, 0, 0, 0, 0, 0, 0, 0, 0, 0, 0, 0, 0, 0,
    0, 0, 0, 0, 0, 0, 0, 0, 0, 0, 0, 0, 0, 0, 0, 0, 0, 0, 0, 0, 0, 0, 0, 0,
    0, 0, 0, 0, 0, 0, 0, 0, 0, 0, 0, 0, 0, 0, 0, 0, 0, 0, 0, 0, 0, 0, 0, 0,
    0, 0, 0, 0, 0, 0, 0, 0, 0, 0, 0, 0, 0, 0, 0, 0, 0, 0, 0, 0, 0, 0, 0, 0,
    0, 0, 0, 0, 0, 0, 0, 0, 0, 0, 0, 0, 0, 0, 0, 0, 0, 0, 0, 0, 0, 0, 0, 0,
    0, 0, 0, 0, 0, 0, 0, 0, 0, 0, 0, 0, 0, 0, 0, 0, 0, 0, 0, 0, 0, 0, 0, 0,
    0, 0, 0, 0, 0, 0, 0, 0, 0, 0, 0, 0, 0, 0, 0, 0, 0, 0, 0, 0, 0, 0, 0, 0,
    0, 0, 0, 0, 0, 0, 0, 0, 0, 0, 0, 0, 0, 0, 0, 0, 0, 0, 0, 0, 0, 0, 0, 0,
    0, 0, 0, 0, 0, 0, 0, 0, 0, 0, 0, 0, 0, 0, 0, 0, 0, 0, 0, 0, 0, 0, 0, 0,
    0, 0, 0, 0, 0, 0, 0, 0, 0, 0, 0, 0, 0, 0, 0, 0, 0, 0, 0, 0, 0, 0, 0, 0,
    0, 0, 0, 0, 0, 0, 0, 0, 0, 0, 0, 0, 0, 0, 0, 0, 0, 0, 0, 0, 0, 0, 0, 0,
    0, 0, 0, 0, 0, 0, 0, 0, 0, 0, 0, 0, 0, 0, 0, 0, 0, 0, 0, 0, 0, 0, 0, 0,
    0, 0, 0, 0, 0, 0, 0, 0, 0, 0, 0, 0, 0, 0, 0, 0, 0, 0, 0, 0, 0, 0, 0, 0,
    0, 0, 0, 0, 0, 0, 0, 0, 0, 0, 0, 0, 0, 0, 0, 0, 0, 0, 0, 0, 0, 0, 0, 0,
    0, 0, 0, 0, 0, 0, 0, 0, 0, 0, 0, 0, 0, 0, 0, 0, 0, 0, 0, 0, 0, 0, 0, 0,
    0, 0, 0, 0, 0, 0, 0, 0, 0, 0, 0, 0, 0, 0, 0, 0, 0, 0, 0, 0, 0, 0, 0, 0,
    0, 0, 0, 0, 0, 0, 0, 0, 0, 0, 0, 0, 0, 0, 0, 0, 0, 0, 0, 0, 0, 0, 0, 0,
    0, 0, 0, 0, 0, 0, 0, 0, 0, 0, 0, 0, 0, 0, 0, 0, 0, 0, 0, 0, 0, 0, 0, 0,
    0, 0, 0, 0, 0, 0, 0, 0, 0, 0, 0, 0, 0, 0, 0, 0, 0, 0, 0, 0, 0, 0, 0, 0,
    0, 0, 0, 0, 0, 0, 0, 0, 0, 0, 0, 0, 0, 0, 0, 0, 0, 0, 0, 0, 0, 0, 0, 0,
    0, 0, 0, 0, 0, 0, 0, 0, 0, 0, 0, 0, 0, 0, 0, 0, 0, 0, 0, 0, 0, 0, 0, 0,
    0, 0, 0, 0, 0, 0, 0, 0, 0, 0, 0, 0, 0, 0, 0, 0, 0, 0, 0, 0, 0, 0, 0, 0,
    0, 0, 0, 0, 0, 0, 0, 0, 0, 0, 0, 0, 0, 0, 0, 0, 0, 0, 0, 0, 0, 0, 0, 0,
    0, 0, 0, 0, 0, 0, 0, 0, 0, 0, 0, 0, 0, 0, 0, 0, 0, 0, 0, 0, 0, 0, 0, 0,
    0, 0, 0, 0, 0, 0, 0, 0, 0, 0, 0, 0, 0, 0, 0, 0, 0, 0, 0, 0, 0, 0, 0, 0,
    0, 0, 0, 0, 0, 0, 0, 0, 0, 0, 0, 0, 0, 0, 0, 0, 0, 0, 0, 0, 0, 0, 0, 0,
    0, 0, 0, 0, 0, 0, 0, 0, 0, 0, 0, 0, 0, 0, 0, 0, 0, 0, 0, 0, 0, 0, 0, 0,
    0, 0, 0, 0, 0, 0, 0, 0, 0, 0, 0, 0, 0, 0, 0, 0, 0, 0, 0, 0, 0, 0, 0, 0,
    0, 0, 0, 0, 0, 0, 0, 0, 0, 0, 0, 0, 0, 0, 0, 0, 0, 0, 0, 0, 0, 0, 0, 0,
    0, 0, 0, 0, 0, 0, 0, 0, 0, 0, 0, 0, 0, 0, 0, 0, 0, 0, 0, 0, 0, 0, 0, 0,
    0, 0, 0, 0, 0, 0, 0, 0, 0, 0, 0, 0, 0, 0, 0, 0, 0, 0, 0, 0, 0, 0, 0, 0,
    0, 0, 0, 0, 0, 0, 0, 0, 0, 0, 0, 0, 0, 0, 0, 0, 0, 0, 0, 0, 0, 0, 0, 0,
    0, 0, 0, 0, 0, 0, 0, 0, 0, 0, 0, 0, 0, 0, 0, 0, 0, 0, 0, 0, 0, 0, 0, 0,
    0, 0, 0, 0, 0, 0, 0, 0, 0, 0, 0, 0, 0, 0, 0, 0, 0, 0, 0, 0, 0, 0, 0, 0,
    0, 0, 0, 0, 0, 0, 0, 0, 0, 0, 0, 0, 0, 0, 0, 0, 0, 0, 0, 0, 0, 0, 0, 0,
    0, 0, 0, 0, 0, 0, 0, 0, 0, 0, 0, 0, 0, 0, 0, 0, 0, 0, 0, 0, 0, 0, 0, 0,
    0, 0, 0, 0, 0, 0, 0, 0, 0, 0, 0, 0, 0, 0, 0, 0, 0, 0, 0, 0, 0, 0, 0, 0,
    0, 0, 0, 0, 0, 0, 0, 0, 0, 0, 0, 0, 0, 0, 0, 0, 0, 0, 0, 0, 0, 0, 0, 0,
    0, 0, 0, 0, 0, 0, 0, 0, 0, 0, 0, 0, 0, 0, 0, 0, 0, 0, 0, 0, 0, 0, 0, 0,
    0, 0, 0, 0, 0, 0, 0, 0, 0, 0, 0, 0, 0, 0, 0, 0, 0, 0, 0, 0, 0, 0, 0, 0,
    0, 0, 0, 0, 0, 0, 0, 0, 0, 0, 0, 0, 0, 0, 0, 0, 0, 0, 0, 0, 0, 0, 0, 0,
    0, 0, 0, 0, 0, 0, 0, 0, 0, 0, 0, 0, 0, 0, 0, 0, 0, 0, 0, 0, 0, 0, 0, 0,
    0, 0, 0, 0, 0, 0, 0, 0, 0, 0, 0, 0, 0, 0, 0, 0, 0, 0, 0, 0, 0, 0, 0, 0,
    0, 0, 0, 0, 0, 0, 0, 0, 0, 0, 0, 0, 0, 0, 0, 0, 0, 0, 0, 0, 0, 0, 0, 0,
    0, 0, 0, 0, 0, 0, 0, 0, 0, 0, 0, 0, 0, 0, 0, 0, 0, 0, 0, 0, 0, 0, 0, 0,
    0, 0, 0, 0, 0, 0, 0, 0, 0, 0, 0, 0, 0, 0, 0, 0, 0, 0, 0, 0, 0, 0, 0, 0,
    0, 0, 0, 0, 0, 0, 0, 0, 0, 0, 0, 0, 0, 0, 0, 0, 0, 0, 0, 0, 0, 0, 0, 0,
    0, 0, 0, 0, 0, 0, 0, 0, 0, 0, 0, 0, 0, 0, 0, 0, 0, 0, 0, 0, 0, 0, 0, 0,
    0, 0, 0, 0, 0, 0, 0, 0, 0, 0, 0, 0, 0, 0, 0, 0, 0, 0, 0, 0, 0, 0, 0, 0,
    0, 0, 0, 0, 0, 0, 0, 0, 0, 0, 0, 0, 0, 0, 0, 0, 0, 0, 0, 0, 0, 0, 0, 0,
    0, 0, 0, 0, 0, 0, 0, 0, 0, 0, 0, 0, 0, 0, 0, 0, 0, 0, 0, 0, 0, 0, 0, 0,
    0, 0, 0, 0, 0, 0, 0, 0, 0, 0, 0, 0, 0, 0, 0, 0, 0, 0, 0, 0, 0, 0, 0, 0,
    0, 0, 0, 0, 0, 0, 0, 0, 0, 0, 0, 0, 0, 0, 0, 0, 0, 0, 0, 0, 0, 0, 0, 0,
    0, 0, 0, 0, 0, 0, 0, 0, 0, 0, 0, 0, 0, 0, 0, 0, 0, 0, 0, 0, 0, 0, 0, 0,
    0, 0, 0, 0, 0, 0, 0, 0, 0, 0, 0, 0, 0, 0, 0, 0, 0, 0, 0, 0, 0, 0, 0, 0,
    0, 0, 0, 0, 0, 0, 0, 0, 0, 0, 0, 0, 0, 0, 0, 0, 0, 0, 0, 0, 0, 0, 0, 0,
    0, 0, 0, 0, 0, 0, 0, 0, 0, 0, 0, 0, 0, 0, 0, 0, 0, 0, 0, 0, 0, 0, 0, 0,
    0, 0, 0, 0, 0, 0, 0, 0, 0, 0, 0, 0, 0, 0, 0, 0, 0, 0, 0, 0, 0, 0, 0, 0,
    0, 0, 0, 0, 0, 0, 0, 0, 0, 0, 0, 0, 0, 0, 0, 0, 0, 0, 0, 0, 0, 0, 0, 0,
    0, 0, 0, 0, 0, 0, 0, 0, 0, 0, 0, 0, 0, 0, 0, 0, 0, 0, 0, 0, 0, 0, 0, 0,
    0, 0, 0, 0, 0, 0, 0, 0, 0, 0, 0, 0, 0, 0, 0, 0, 0, 0, 0, 0, 0, 0, 0, 0,
    0, 0, 0, 0, 0, 0, 0, 0, 0, 0, 0, 0, 0, 0, 0, 0, 0, 0, 0, 0, 0, 0, 0, 0,
    0, 0, 0, 0, 0, 0, 0, 0, 0, 0, 0, 0, 0, 0, 0, 0, 0, 0, 0, 0, 0, 0, 0, 0,
    0, 0, 0, 0, 0, 0, 0, 0, 0, 0, 0, 0, 0, 0, 0, 0, 0, 0, 0, 0, 0, 0, 0, 0,
    0, 0, 0, 0, 0, 0, 0, 0, 0, 0, 0, 0, 0, 0, 0, 0, 0, 0, 0, 0, 0, 0, 0, 0,
    0, 0, 0, 0, 0, 0, 0, 0, 0, 0, 0, 0, 0, 0, 0, 0, 0, 0, 0, 0, 0, 0, 0, 0,
    0, 0, 0, 0, 0, 0, 0, 0, 0, 0, 0, 0, 0, 0, 0, 0, 0, 0, 0, 0, 0, 0, 0, 0,
    0, 0, 0, 0, 0, 0, 0, 0, 0, 0, 0, 0, 0, 0, 0, 0, 0, 0, 0, 0, 0, 0, 0, 0,
    0, 0, 0, 0, 0, 0, 0, 0, 0, 0, 0, 0, 0, 0, 0, 0, 0, 0, 0, 0, 0, 0, 0, 0,
    0, 0, 0, 0, 0, 0, 0, 0, 0, 0, 0, 0, 0, 0, 0, 0, 0, 0, 0, 0, 0, 0, 0, 0,
    0, 0, 0, 0, 0, 0, 0, 0, 0, 0, 0, 0, 0, 0, 0, 0, 0, 0, 0, 0, 0, 0, 0, 0,
    0, 0, 0, 0, 0, 0, 0, 0, 0, 0, 0, 0, 0, 0, 0, 0, 0, 0, 0, 0, 0, 0, 0, 0,
    0, 0, 0, 0, 0, 0, 0, 0, 0, 0, 0, 0, 0, 0, 0, 0, 0, 0, 0, 0, 0, 0, 0, 0,
    0, 0, 0, 0, 0, 0, 0, 0, 0, 0, 0, 0, 0, 0, 0, 0, 0, 0, 0, 0, 0, 0, 0, 0,
    0, 0, 0, 0, 0, 0, 0, 0, 0, 0, 0, 0, 0, 0, 0, 0, 0, 0, 0, 0, 0, 0, 0, 0,
    0, 0, 0, 0, 0, 0, 0, 0, 0, 0, 0, 0, 0, 0, 0, 0, 0, 0, 0, 0, 0, 0, 0, 0,
    0, 0, 0, 0, 0, 0, 0, 0, 0, 0, 0, 0, 0, 0, 0, 0, 0, 0, 0, 0, 0, 0, 0, 0,
    0, 0, 0, 0, 0, 0, 0, 0, 0, 0, 0, 0, 0, 0, 0, 0, 0, 0, 0, 0, 0, 0, 0, 0,
    0, 0, 0, 0, 0, 0, 0, 0, 0, 0, 0, 0, 0, 0, 0, 0, 0, 0, 0, 0, 0, 0, 0, 0,
    0, 0, 0, 0, 0, 0, 0, 0, 0, 0, 0, 0, 0, 0, 0, 0, 0, 0, 0, 0, 0, 0, 0, 0,
    0, 0, 0, 0, 0, 0, 0, 0, 0, 0, 0, 0, 0, 0, 0, 0, 0, 0, 0, 0, 0, 0, 0, 0,
    0, 0, 0, 0, 0, 0, 0, 0, 0, 0, 0, 0, 0, 0, 0, 0, 0, 0, 0, 0, 0, 0, 0, 0,
    0, 0, 0, 0, 0, 0, 0, 0, 0, 0, 0, 0, 0, 0, 0, 0, 0, 0, 0, 0, 0, 0, 0, 0,
    0, 0, 0, 0, 0, 0, 0, 0, 0, 0, 0, 0, 0, 0, 0, 0, 0, 0, 0, 0, 0, 0, 0, 0,
    0, 0, 0, 0, 0, 0, 0, 0, 0, 0, 0, 0, 0, 0, 0, 0, 0, 0, 0, 0, 0, 0, 0, 0,
    0, 0, 0, 0, 0, 0, 0, 0, 0, 0, 0, 0, 0, 0, 0, 0, 0, 0, 0, 0, 0, 0, 0, 0,
    0, 0, 0, 0, 0, 0, 0, 0, 0, 0, 0, 0, 0, 0, 0, 0, 0, 0, 0, 0, 0, 0, 0, 0,
    0, 0, 0, 0, 0, 0, 0, 0, 0, 0, 0, 0, 0, 0, 0, 0, 0, 0, 0, 0, 0, 0, 0, 0,
    0, 0, 0, 0, 0, 0, 0, 0, 0, 0, 0, 0, 0, 0, 0, 0, 0, 0, 0, 0, 0, 0, 0, 0,
    0, 0, 0, 0, 0, 0, 0, 0, 0, 0, 0, 0, 0, 0, 0, 0, 0, 0, 0, 0, 0, 0, 0, 0,
    0, 0, 0, 0, 0, 0, 0, 0, 0, 0, 0, 0, 0, 0, 0, 0, 0, 0, 0, 0, 0, 0, 0, 0,
    0, 0, 0, 0, 0, 0, 0, 0, 0, 0, 0, 0, 0, 0, 0, 0, 0, 0, 0, 0, 0, 0, 0, 0,
    0, 0, 0, 0, 0, 0, 0, 0, 0, 0, 0, 0, 0, 0, 0, 0, 0, 0, 0, 0, 0, 0, 0, 0,
    0, 0, 0, 0, 0, 0, 0, 0, 0, 0, 0, 0, 0, 0, 0, 0, 0, 0, 0, 0, 0, 0, 0, 0,
    0, 0, 0, 0, 0, 0, 0, 0, 0, 0, 0, 0, 0, 0, 0, 0, 0, 0, 0, 0, 0, 0, 0, 0,
    0, 0, 0, 0, 0, 0, 0, 0, 0, 0, 0, 0, 0, 0, 0, 0, 0, 0, 0, 0, 0, 0, 0, 0,
    0, 0, 0, 0, 0, 0, 0, 0, 0, 0, 0, 0, 0, 0, 0, 0, 0, 0, 0, 0, 0, 0, 0, 0,
    0, 0, 0, 0, 0, 0, 0, 0, 0, 0, 0, 0, 0, 0, 0, 0, 0, 0, 0, 0, 0, 0, 0, 0,
    0, 0, 0, 0, 0, 0, 0, 0, 0, 0, 0, 0, 0, 0, 0, 0, 0, 0, 0, 0, 0, 0, 0, 0,
    0, 0, 0, 0, 0, 0, 0, 0, 0, 0, 0, 0, 0, 0, 0, 0, 0, 0, 0, 0, 0, 0, 0, 0,
    0, 0, 0, 0, 0, 0, 0, 0, 0, 0, 0, 0, 0, 0, 0, 0, 0, 0, 0, 0, 0, 0, 0, 0,
    0, 0, 0, 0, 0, 0, 0, 0, 0, 0, 0, 0, 0, 0, 0, 0, 0, 0, 0, 0, 0, 0, 0, 0,
    0, 0, 0, 0, 0, 0, 0, 0, 0, 0, 0, 0, 0, 0, 0, 0, 0, 0, 0, 0, 0, 0, 0, 0,
    0, 0, 0, 0, 0, 0, 0, 0, 0, 0, 0, 0, 0, 0, 0, 0, 0, 0, 0, 0, 0, 0, 0, 0,
    0, 0, 0, 0, 0, 0, 0, 0, 0, 0, 0, 0, 0, 0, 0, 0, 0, 0, 0, 0, 0, 0, 0, 0,
    0, 0, 0, 0, 0, 0, 0, 0, 0, 0, 0, 0, 0, 0, 0, 0, 0, 0, 0, 0, 0, 0, 0, 0,
    0, 0, 0, 0, 0, 0, 0, 0, 0, 0, 0, 0, 0, 0, 0, 0, 0, 0, 0, 0, 0, 0, 0, 0,
    0, 0, 0, 0, 0, 0, 0, 0, 0, 0, 0, 0, 0, 0, 0, 0, 0, 0, 0, 0, 0, 0, 0, 0,
    0, 0, 0, 0, 0, 0, 0, 0, 0, 0, 0, 0, 0, 0, 0, 0, 0, 0, 0, 0, 0, 0, 0, 0,
    0, 0, 0, 0, 0, 0, 0, 0, 0, 0, 0, 0, 0, 0, 0, 0, 0, 0, 0, 0, 0, 0, 0, 0,
    0, 0, 0, 0, 0, 0, 0, 0, 0, 0, 0, 0, 0, 0, 0, 0, 0, 0, 0, 0, 0, 0, 0, 0,
    0, 0, 0, 0, 0, 0, 0, 0, 0, 0, 0, 0, 0, 0, 0, 0, 0, 0, 0, 0, 0, 0, 0, 0,
    0, 0, 0, 0, 0, 0, 0, 0, 0, 0, 0, 0, 0, 0, 0, 0, 0, 0, 0, 0, 0, 0, 0, 0,
    0, 0, 0, 0, 0, 0, 0, 0, 0, 0, 0, 0, 0, 0, 0, 0, 0, 0, 0, 0, 0, 0, 0, 0,
    0, 0, 0, 0, 0, 0, 0, 0, 0, 0, 0, 0, 0, 0, 0, 0, 0, 0, 0, 0, 0, 0, 0, 0,
    0, 0, 0, 0, 0, 0, 0, 0, 0, 0, 0, 0, 0, 0, 0, 0, 0, 0, 0, 0, 0, 0, 0, 0,
    0, 0, 0, 0, 0, 0, 0, 0, 0, 0, 0, 0, 0, 0, 0, 0, 0, 0, 0, 0, 0, 0, 0, 0,
    0, 0, 0, 0, 0, 0, 0, 0, 0, 0, 0, 0, 0, 0, 0, 0, 0, 0, 0, 0, 0, 0, 0, 0,
    0, 0, 0, 0, 0, 0, 0, 0, 0, 0, 0, 0, 0, 0, 0, 0, 0, 0, 0, 0, 0, 0, 0, 0,
    0, 0, 0, 0, 0, 0, 0, 0, 0, 0, 0, 0, 0, 0, 0, 0, 0, 0, 0, 0, 0, 0, 0, 0,
    0, 0, 0, 0, 0, 0, 0, 0, 0, 0, 0, 0, 0, 0, 0, 0, 0, 0, 0, 0, 0, 0, 0, 0,
    0, 0, 0, 0, 0, 0, 0, 0, 0, 0, 0, 0, 0, 0, 0, 0, 0, 0, 0, 0, 0, 0, 0, 0,
    0, 0, 0, 0, 0, 0, 0, 0, 0, 0, 0, 0, 0, 0, 0, 0, 0, 0, 0, 0, 0, 0, 0, 0,
    0, 0, 0, 0, 0, 0, 0, 0, 0, 0, 0, 0, 0, 0, 0, 0, 0, 0, 0, 0, 0, 0, 0, 0,
    0, 0, 0, 0, 0, 0, 0, 0, 0, 0, 0, 0, 0, 0, 0, 0, 0, 0, 0, 0, 0, 0, 0, 0,
    0, 0, 0, 0, 0, 0, 0, 0, 0, 0, 0, 0, 0, 0, 0, 0, 0, 0, 0, 0, 0, 0, 0, 0,
    0, 0, 0, 0, 0, 0, 0, 0, 0, 0, 0, 0, 0, 0, 0, 0, 0, 0, 0, 0, 0, 0, 0, 0,
    0, 0, 0, 0, 0, 0, 0, 0, 0, 0, 0, 0, 0, 0, 0, 0, 0, 0, 0, 0, 0, 0, 0, 0,
    0, 0, 0, 0, 0, 0, 0, 0, 0, 0, 0, 0, 0, 0, 0, 0, 0, 0, 0, 0, 0, 0, 0, 0,
    0, 0, 0, 0, 0, 0, 0, 0, 0, 0, 0, 0, 0, 0, 0, 0, 0, 0, 0, 0, 0, 0, 0, 0,
    0, 0, 0, 0, 0, 0, 0, 0, 0, 0, 0, 0, 0, 0, 0, 0, 0, 0, 0, 0, 0, 0, 0, 0,
    0, 0, 0, 0, 0, 0, 0, 0, 0, 0, 0, 0, 0, 0, 0, 0, 0, 0, 0, 0, 0, 0, 0, 0,
    0, 0, 0, 0, 0, 0, 0, 0, 0, 0, 0, 0, 0, 0, 0, 0, 0, 0, 0, 0, 0, 0, 0, 0,
    0, 0, 0, 0, 0, 0, 0, 0, 0, 0, 0, 0, 0, 0, 0, 0, 0, 0, 0, 0, 0, 0, 0, 0,
    0, 0, 0, 0, 0, 0, 0, 0, 0, 0, 0, 0, 0, 0, 0, 0, 0, 0, 0, 0, 0, 0, 0, 0,
    0, 0, 0, 0, 0, 0, 0, 0, 0, 0, 0, 0, 0, 0, 0, 0, 0, 0, 0, 0, 0, 0, 0, 0,
    0, 0, 0, 0, 0, 0, 0, 0, 0, 0, 0, 0, 0, 0, 0, 0, 0, 0, 0, 0, 0, 0, 0, 0,
    0, 0, 0, 0, 0, 0, 0, 0, 0, 0, 0, 0, 0, 0, 0, 0, 0, 0, 0, 0, 0, 0, 0, 0,
    0, 0, 0, 0, 0, 0, 0, 0, 0, 0, 0, 0, 0, 0, 0, 0, 0, 0, 0, 0, 0, 0, 0, 0,
    0, 0, 0, 0, 0, 0, 0, 0, 0, 0, 0, 0, 0, 0, 0, 0, 0, 0, 0, 0, 0, 0, 0, 0,
    0, 0, 0, 0, 0, 0, 0, 0, 0, 0, 0, 0, 0, 0, 0, 0, 0, 0, 0, 0, 0, 0, 0, 0,
    0, 0, 0, 0, 0, 0, 0, 0, 0, 0, 0, 0, 0, 0, 0, 0, 0, 0, 0, 0, 0, 0, 0, 0,
    0, 0, 0, 0, 0, 0, 0, 0, 0, 0, 0, 0, 0, 0, 0, 0, 0, 0, 0, 0, 0, 0, 0, 0,
    0, 0, 0, 0, 0, 0, 0, 0, 0, 0, 0, 0, 0, 0, 0, 0, 0, 0, 0, 0, 0, 0, 0, 0,
    0, 0, 0, 0, 0, 0, 0, 0, 0, 0, 0, 0, 0, 0, 0, 0, 0, 0, 0, 0, 0, 0, 0, 0,
    0, 0, 0, 0, 0, 0, 0, 0, 0, 0, 0, 0, 0, 0, 0, 0, 0, 0, 0, 0, 0, 0, 0, 0,
    0, 0, 0, 0, 0, 0, 0, 0, 0, 0, 0, 0, 0, 0, 0, 0, 0, 0, 0, 0, 0, 0, 0, 0,
    0, 0, 0, 0, 0, 0, 0, 0, 0, 0, 0, 0, 0, 0, 0, 0, 0, 0, 0, 0, 0, 0, 0, 0,
    0, 0, 0, 0, 0, 0, 0, 0, 0, 0, 0, 0, 0, 0, 0, 0, 0, 0, 0, 0, 0, 0, 0, 0,
    0, 0, 0, 0, 0, 0, 0, 0, 0, 0, 0, 0, 0, 0, 0, 0, 0, 0, 0, 0, 0, 0, 0, 0,
    0, 0, 0, 0, 0, 0, 0, 0, 0, 0, 0, 0, 0, 0, 0, 0, 0, 0, 0, 0, 0, 0, 0, 0,
    0, 0, 0, 0, 0, 0, 0, 0, 0, 0, 0, 0, 0, 0, 0, 0, 0, 0, 0, 0, 0, 0, 0, 0,
    0, 0, 0, 0, 0, 0, 0, 0, 0, 0, 0, 0, 0, 0, 0, 0, 0, 0, 0, 0, 0, 0, 0, 0,
    0, 0, 0, 0, 0, 0, 0, 0, 0, 0, 0, 0, 0, 0, 0, 0, 0, 0, 0, 0, 0, 0, 0, 0,
    0, 0, 0, 0, 0, 0, 0, 0, 0, 0, 0, 0, 0, 0, 0, 0, 0, 0, 0, 0, 0, 0, 0, 0,
    0, 0, 0, 0, 0, 0, 0, 0, 0, 0, 0, 0, 0, 0, 0, 0, 0, 0, 0, 0, 0, 0, 0, 0,
    0, 0, 0, 0, 0, 0, 0, 0, 0, 0, 0, 0, 0, 0, 0, 0, 0, 0, 0, 0, 0, 0, 0, 0,
    0, 0, 0, 0, 0, 0, 0, 0, 0, 0, 0, 0, 0, 0, 0, 0, 0, 0, 0, 0, 0, 0, 0, 0,
    0, 0, 0, 0, 0, 0, 0, 0, 0, 0, 0, 0, 0, 0, 0, 0, 0, 0, 0, 0, 0, 0, 0, 0,
    0, 0, 0, 0, 0, 0, 0, 0, 0, 0, 0, 0, 0, 0, 0, 0, 0, 0, 0, 0, 0, 0, 0, 0,
    0, 0, 0, 0, 0, 0, 0, 0, 0, 0, 0, 0, 0, 0, 0, 0, 0, 0, 0, 0, 0, 0, 0, 0,
    0, 0, 0, 0, 0, 0, 0, 0, 0, 0, 0, 0, 0, 0, 0, 0, 0, 0, 0, 0, 0, 0, 0, 0,
    0, 0, 0, 0, 0, 0, 0, 0, 0, 0, 0, 0, 0, 0, 0, 0, 0, 0, 0, 0, 0, 0, 0, 0,
    0, 0, 0, 0, 0, 0, 0, 0, 0, 0, 0, 0, 0, 0, 0, 0, 0, 0, 0, 0, 0, 0, 0, 0,
    0, 0, 0, 0, 0, 0, 0, 0, 0, 0, 0, 0, 0, 0, 0, 0, 0, 0, 0, 0, 0, 0, 0, 0,
    0, 0, 0, 0, 0, 0, 0, 0, 0, 0, 0, 0, 0, 0, 0, 0, 0, 0, 0, 0, 0, 0, 0, 0,
    0, 0, 0, 0, 0, 0, 0, 0, 0, 0, 0, 0, 0, 0, 0, 0, 0, 0, 0, 0, 0, 0, 0, 0,
    0, 0, 0, 0, 0, 0, 0, 0, 0, 0, 0, 0, 0, 0, 0, 0, 0, 0, 0, 0, 0, 0, 0, 0,
    0, 0, 0, 0, 0, 0, 0, 0, 0, 0, 0, 0, 0, 0, 0, 0, 0, 0, 0, 0, 0, 0, 0, 0,
    0, 0, 0, 0, 0, 0, 0, 0, 0, 0, 0, 0, 0, 0, 0, 0, 0, 0, 0, 0, 0, 0, 0, 0,
    0, 0, 0, 0, 0, 0, 0, 0, 0, 0, 0, 0, 0, 0, 0, 0, 0, 0, 0, 0, 0, 0, 0, 0,
    0, 0, 0, 0, 0, 0, 0, 0, 0, 0, 0, 0, 0, 0, 0, 0, 0, 0, 0, 0, 0, 0, 0, 0,
    0, 0, 0, 0, 0, 0, 0, 0, 0, 0, 0, 0, 0, 0, 0, 0, 0, 0, 0, 0, 0, 0, 0, 0,
    0, 0, 0, 0, 0, 0, 0, 0, 0, 0, 0, 0, 0, 0, 0, 0, 0, 0, 0, 0, 0, 0, 0, 0,
    0, 0, 0, 0, 0, 0, 0, 0, 0, 0, 0, 0, 0, 0, 0, 0, 0, 0, 0, 0, 0, 0, 0, 0,
    0, 0, 0, 0, 0, 0, 0, 0, 0, 0, 0, 0, 0, 0, 0, 0, 0, 0, 0, 0, 0, 0, 0, 0,
    0, 0, 0, 0, 0, 0, 0, 0, 0, 0, 0, 0, 0, 0, 0, 0, 0, 0, 0, 0, 0, 0, 0, 0,
    0, 0, 0, 0, 0, 0, 0, 0, 0, 0, 0, 0, 0, 0, 0, 0, 0, 0, 0, 0, 0, 0, 0, 0,
    0, 0, 0, 0, 0, 0, 0, 0, 0, 0, 0, 0, 0, 0, 0, 0, 0, 0, 0, 0, 0, 0, 0, 0,
    0, 0, 0, 0, 0, 0, 0, 0, 0, 0, 0, 0, 0, 0, 0, 0, 0, 0, 0, 0, 0, 0, 0, 0,
    0, 0, 0, 0, 0, 0, 0, 0, 0, 0, 0, 0, 0, 0, 0, 0, 0, 0, 0, 0, 0, 0, 0, 0,
    0, 0, 0, 0, 0, 0, 0, 0, 0, 0, 0, 0, 0, 0, 0, 0, 0, 0, 0, 0, 0, 0, 0, 0,
    0, 0, 0, 0, 0, 0, 0, 0, 0, 0, 0, 0, 0, 0, 0, 0, 0, 0, 0, 0, 0, 0, 0, 0,
    0, 0, 0, 0, 0, 0, 0, 0, 0, 0, 0, 0, 0, 0, 0, 0, 0, 0, 0, 0, 0, 0, 0, 0,
    0, 0, 0, 0, 0, 0, 0, 0, 0, 0, 0, 0, 0, 0, 0, 0, 0, 0, 0, 0, 0, 0, 0, 0,
    0, 0, 0, 0, 0, 0, 0, 0, 0, 0, 0, 0, 0, 0, 0, 0, 0, 0, 0, 0, 0, 0, 0, 0,
    0, 0, 0, 0, 0, 0, 0, 0, 0, 0, 0, 0, 0, 0, 0, 0, 0, 0, 0, 0, 0, 0, 0, 0,
    0, 0, 0, 0, 0, 0, 0, 0, 0, 0, 0, 0, 0, 0, 0, 0, 0, 0, 0, 0, 0, 0, 0, 0,
    0, 0, 0, 0, 0, 0, 0, 0, 0, 0, 0, 0, 0, 0, 0, 0, 0, 0, 0, 0, 0, 0, 0, 0,
    0, 0, 0, 0, 0, 0, 0, 0, 0, 0, 0, 0, 0, 0, 0, 0, 0, 0, 0, 0, 0, 0, 0, 0,
    0, 0, 0, 0, 0, 0, 0, 0, 0, 0, 0, 0, 0, 0, 0, 0, 0, 0, 0, 0, 0, 0, 0, 0,
    0, 0, 0, 0, 0, 0, 0, 0, 0, 0, 0, 0, 0, 0, 0, 0, 0, 0, 0, 0, 0, 0, 0, 0,
    0, 0, 0, 0, 0, 0, 0, 0, 0, 0, 0, 0, 0, 0, 0, 0, 0, 0, 0, 0, 0, 0, 0, 0,
    0, 0, 0, 0, 0, 0, 0, 0, 0, 0, 0, 0, 0, 0, 0, 0, 0, 0, 0, 0, 0, 0, 0, 0,
    0, 0, 0, 0, 0, 0, 0, 0, 0, 0, 0, 0, 0, 0, 0, 0, 0, 0, 0, 0, 0, 0, 0, 0,
    0, 0, 0, 0, 0, 0, 0, 0, 0, 0, 0, 0, 0, 0, 0, 0, 0, 0, 0, 0, 0, 0, 0, 0,
    0, 0, 0, 0, 0, 0, 0, 0, 0, 0, 0, 0, 0, 0, 0, 0, 0, 0, 0, 0, 0, 0, 0, 0,
    0, 0, 0, 0, 0, 0, 0, 0, 0, 0, 0, 0, 0, 0, 0, 0, 0, 0, 0, 0, 0, 0, 0, 0,
    0, 0, 0, 0, 0, 0, 0, 0, 0, 0, 0, 0, 0, 0, 0, 0, 0, 0, 0, 0, 0, 0, 0, 0,
    0, 0, 0, 0, 0, 0, 0, 0, 0, 0, 0, 0, 0, 0, 0, 0, 0, 0, 0, 0, 0, 0, 0, 0,
    0, 0, 0, 0, 0, 0, 0, 0, 0, 0, 0, 0, 0, 0, 0, 0, 0, 0, 0, 0, 0, 0, 0, 0,
    0, 0, 0, 0, 0, 0, 0, 0, 0, 0, 0, 0, 0, 0, 0, 0, 0, 0, 0, 0, 0, 0, 0, 0,
    0, 0, 0, 0, 0, 0, 0, 0, 0, 0, 0, 0, 0, 0, 0, 0, 0, 0, 0, 0, 0, 0, 0, 0,
    0, 0, 0, 0, 0, 0, 0, 0, 0, 0, 0, 0, 0, 0, 0, 0, 0, 0, 0, 0, 0, 0, 0, 0,
    0, 0, 0, 0, 0, 0, 0, 0, 0, 0, 0, 0, 0, 0, 0, 0, 0, 0, 0, 0, 0, 0, 0, 0,
    0, 0, 0, 0, 0, 0, 0, 0, 0, 0, 0, 0, 0, 0, 0, 0, 0, 0, 0, 0, 0, 0, 0, 0,
    0, 0, 0, 0, 0, 0, 0, 0, 0, 0, 0, 0, 0, 0, 0, 0, 0, 0, 0, 0, 0, 0, 0, 0,
    0, 0, 0, 0, 0, 0, 0, 0, 0, 0, 0, 0, 0, 0, 0, 0, 0, 0, 0, 0, 0, 0, 0, 0,
    0, 0, 0, 0, 0, 0, 0, 0, 0, 0, 0, 0, 0, 0, 0, 0, 0, 0, 0, 0, 0, 0, 0, 0,
    0, 0, 0, 0, 0, 0, 0, 0, 0, 0, 0, 0, 0, 0, 0, 0, 0, 0, 0, 0, 0, 0, 0, 0,
    0, 0, 0, 0, 0, 0, 0, 0, 0, 0, 0, 0, 0, 0, 0, 0, 0, 0, 0, 0, 0, 0, 0, 0,
    0, 0, 0, 0, 0, 0, 0, 0, 0, 0, 0, 0, 0, 0, 0, 0, 0, 0, 0, 0, 0, 0, 0, 0,
    0, 0, 0, 0, 0, 0, 0, 0, 0, 0, 0, 0, 0, 0, 0, 0, 0, 0, 0, 0, 0, 0, 0, 0,
    0, 0, 0, 0, 0, 0, 0, 0, 0, 0, 0, 0, 0, 0, 0, 0, 0, 0, 0, 0, 0, 0, 0, 0,
    0, 0, 0, 0, 0, 0, 0, 0, 0, 0, 0, 0, 0, 0, 0, 0, 0, 0, 0, 0, 0, 0, 0, 0,
    0, 0, 0, 0, 0, 0, 0, 0, 0, 0, 0, 0, 0, 0, 0, 0, 0, 0, 0, 0, 0, 0, 0, 0,
    0, 0, 0, 0, 0, 0, 0, 0, 0, 0, 0, 0, 0, 0, 0, 0, 0, 0, 0, 0, 0, 0, 0, 0,
    0, 0, 0, 0, 0, 0, 0, 0, 0, 0, 0, 0, 0, 0, 0, 0, 0, 0, 0, 0, 0, 0, 0, 0,
    0, 0, 0, 0, 0, 0, 0, 0, 0, 0, 0, 0, 0, 0, 0, 0, 0, 0, 0, 0, 0, 0, 0, 0,
    0, 0, 0, 0, 0, 0, 0, 0, 0, 0, 0, 0, 0, 0, 0, 0, 0, 0, 0, 0, 0, 0, 0, 0,
    0, 0, 0, 0, 0, 0, 0, 0, 0, 0, 0, 0, 0, 0, 0, 0, 0, 0, 0, 0, 0, 0, 0, 0,
    0, 0, 0, 0, 0, 0, 0, 0, 0, 0, 0, 0, 0, 0, 0, 0, 0, 0, 0, 0, 0, 0, 0, 0,
    0, 0, 0, 0, 0, 0, 0, 0, 0, 0, 0, 0, 0, 0, 0, 0, 0, 0, 0, 0, 0, 0, 0, 0,
    0, 0, 0, 0, 0, 0, 0, 0, 0, 0, 0, 0, 0, 0, 0, 0, 0, 0, 0, 0, 0, 0, 0, 0,
    0, 0, 0, 0, 0, 0, 0, 0, 0, 0, 0, 0, 0, 0, 0, 0, 0, 0, 0, 0, 0, 0, 0, 0,
    0, 0, 0, 0, 0, 0, 0, 0, 0, 0, 0, 0, 0, 0, 0, 0, 0, 0, 0, 0, 0, 0, 0, 0,
    0, 0, 0, 0, 0, 0, 0, 0, 0, 0, 0, 0, 0, 0, 0, 0, 0, 0, 0, 0, 0, 0, 0, 0,
    0, 0, 0, 0, 0, 0, 0, 0, 0, 0, 0, 0, 0, 0, 0, 0, 0, 0, 0, 0, 0, 0, 0, 0,
    0, 0, 0, 0, 0, 0, 0, 0, 0, 0, 0, 0, 0, 0, 0, 0, 0, 0, 0, 0, 0, 0, 0, 0,
    0, 0, 0, 0, 0, 0, 0, 0, 0, 0, 0, 0, 0, 0, 0, 0, 0, 0, 0, 0, 0, 0, 0, 0,
    0, 0, 0, 0, 0, 0, 0, 0, 0, 0, 0, 0, 0, 0, 0, 0, 0, 0, 0, 0, 0, 0, 0, 0,
    0, 0, 0, 0, 0, 0, 0, 0, 0, 0, 0, 0, 0, 0, 0, 0, 0, 0, 0, 0, 0, 0, 0, 0,
    0, 0, 0, 0, 0, 0, 0, 0, 0, 0, 0, 0, 0, 0, 0, 0, 0, 0, 0, 0, 0, 0, 0, 0,
    0, 0, 0, 0, 0, 0, 0, 0, 0, 0, 0, 0, 0, 0, 0, 0, 0, 0, 0, 0, 0, 0, 0, 0,
    0, 0, 0, 0, 0, 0, 0, 0, 0, 0, 0, 0, 0, 0, 0, 0, 0, 0, 0, 0, 0, 0, 0, 0,
    0, 0, 0, 0, 0, 0, 0, 0, 0, 0, 0, 0, 0, 0, 0, 0, 0, 0, 0, 0, 0, 0, 0, 0,
    0, 0, 0, 0, 0, 0, 0, 0, 0, 0, 0, 0, 0, 0, 0, 0, 0, 0, 0, 0, 0, 0, 0, 0,
    0, 0, 0, 0, 0, 0, 0, 0, 0, 0, 0, 0, 0, 0, 0, 0, 0, 0, 0, 0, 0, 0, 0, 0,
    0, 0, 0, 0, 0, 0, 0, 0, 0, 0, 0, 0, 0, 0, 0, 0, 0, 0, 0, 0, 0, 0, 0, 0,
    0, 0, 0, 0, 0, 0, 0, 0, 0, 0, 0, 0, 0, 0, 0, 0, 0, 0, 0, 0, 0, 0, 0, 0,
    0, 0, 0, 0, 0, 0, 0, 0, 0, 0, 0, 0, 0, 0, 0, 0, 0, 0, 0, 0, 0, 0, 0, 0,
    0, 0, 0, 0, 0, 0, 0, 0, 0, 0, 0, 0, 0, 0, 0, 0, 0, 0, 0, 0, 0, 0, 0, 0,
    0, 0, 0, 0, 0, 0, 0, 0, 0, 0, 0, 0, 0, 0, 0, 0, 0, 0, 0, 0, 0, 0, 0, 0,
    0, 0, 0, 0, 0, 0, 0, 0, 0, 0, 0, 0, 0, 0, 0, 0, 0, 0, 0, 0, 0, 0, 0, 0,
    0, 0, 0, 0, 0, 0, 0, 0, 0, 0, 0, 0, 0, 0, 0, 0, 0, 0, 0, 0, 0, 0, 0, 0,
    0, 0, 0, 0, 0, 0, 0, 0, 0, 0, 0, 0, 0, 0, 0, 0, 0, 0, 0, 0, 0, 0, 0, 0,
    0, 0, 0, 0, 0, 0, 0, 0, 0, 0, 0, 0, 0, 0, 0, 0, 0, 0, 0, 0, 0, 0, 0, 0,
    0, 0, 0, 0, 0, 0, 0, 0, 0, 0, 0, 0, 0, 0, 0, 0, 0, 0, 0, 0, 0, 0, 0, 0,
    0, 0, 0, 0, 0, 0, 0, 0, 0, 0, 0, 0, 0, 0, 0, 0, 0, 0, 0, 0, 0, 0, 0, 0,
    0, 0, 0, 0, 0, 0, 0, 0, 0, 0, 0, 0, 0, 0, 0, 0, 0, 0, 0, 0, 0, 0, 0, 0,
    0, 0, 0, 0, 0, 0, 0, 0, 0, 0, 0, 0, 0, 0, 0, 0, 0, 0, 0, 0, 0, 0, 0, 0,
    0, 0, 0, 0, 0, 0, 0, 0, 0, 0, 0, 0, 0, 0, 0, 0, 0, 0, 0, 0, 0, 0, 0, 0,
    0, 0, 0, 0, 0, 0, 0, 0, 0, 0, 0, 0, 0, 0, 0, 0, 0, 0, 0, 0, 0, 0, 0, 0,
    0, 0, 0, 0, 0, 0, 0, 0, 0, 0, 0, 0, 0, 0, 0, 0, 0, 0, 0, 0, 0, 0, 0, 0,
    0, 0, 0, 0, 0, 0, 0, 0, 0, 0, 0, 0, 0, 0, 0, 0, 0, 0, 0, 0, 0, 0, 0, 0,
    0, 0, 0, 0, 0, 0, 0, 0, 0, 0, 0, 0, 0, 0, 0, 0, 0, 0, 0, 0, 0, 0, 0, 0,
    0, 0, 0, 0, 0, 0, 0, 0, 0, 0, 0, 0, 0, 0, 0, 0, 0, 0, 0, 0, 0, 0, 0, 0,
    0, 0, 0, 0, 0, 0, 0, 0, 0, 0, 0, 0, 0, 0, 0, 0, 0, 0, 0, 0, 0, 0, 0, 0,
    0, 0, 0, 0, 0, 0, 0, 0, 0, 0, 0, 0, 0, 0, 0, 0, 0, 0, 0, 0, 0, 0, 0, 0,
    0, 0, 0, 0, 0, 0, 0, 0, 0, 0, 0, 0, 0, 0, 0, 0, 0, 0, 0, 0, 0, 0, 0, 0,
    0, 0, 0, 0, 0, 0, 0, 0, 0, 0, 0, 0, 0, 0, 0, 0, 0, 0, 0, 0, 0, 0, 0, 0,
    0, 0, 0, 0, 0, 0, 0, 0, 0, 0, 0, 0, 0, 0, 0, 0, 0, 0, 0, 0, 0, 0, 0, 0,
    0, 0, 0, 0, 0, 0, 0, 0, 0, 0, 0, 0, 0, 0, 0, 0, 0, 0, 0, 0, 0, 0, 0, 0,
    0, 0, 0, 0, 0, 0, 0, 0, 0, 0, 0, 0, 0, 0, 0, 0, 0, 0, 0, 0, 0, 0, 0, 0,
    0, 0, 0, 0, 0, 0, 0, 0, 0, 0, 0, 0, 0, 0, 0, 0, 0, 0, 0, 0, 0, 0, 0, 0,
    0, 0, 0, 0, 0, 0, 0, 0, 0, 0, 0, 0, 0, 0, 0, 0, 0, 0, 0, 0, 0, 0, 0, 0,
    0, 0, 0, 0, 0, 0, 0, 0, 0, 0, 0, 0, 0, 0, 0, 0, 0, 0, 0, 0, 0, 0, 0, 0,
    0, 0, 0, 0, 0, 0, 0, 0, 0, 0, 0, 0, 0, 0, 0, 0, 0, 0, 0, 0, 0, 0, 0, 0,
    0, 0, 0, 0, 0, 0, 0, 0, 0, 0, 0, 0, 0, 0, 0, 0, 0, 0, 0, 0, 0, 0, 0, 0,
    0, 0, 0, 0, 0, 0, 0, 0, 0, 0, 0, 0, 0, 0, 0, 0, 0, 0, 0, 0, 0, 0, 0, 0,
    0, 0, 0, 0, 0, 0, 0, 0, 0, 0, 0, 0, 0, 0, 0, 0, 0, 0, 0, 0, 0, 0, 0, 0,
    0, 0, 0, 0, 0, 0, 0, 0, 0, 0, 0, 0, 0, 0, 0, 0, 0, 0, 0, 0, 0, 0, 0, 0,
    0, 0, 0, 0, 0, 0, 0, 0, 0, 0, 0, 0, 0, 0, 0, 0, 0, 0, 0, 0, 0, 0, 0, 0,
    0, 0, 0, 0, 0, 0, 0, 0, 0, 0, 0, 0, 0, 0, 0, 0, 0, 0, 0, 0, 0, 0, 0, 0,
    0, 0, 0, 0, 0, 0, 0, 0, 0, 0, 0, 0, 0, 0, 0, 0, 0, 0, 0, 0, 0, 0, 0, 0,
    0, 0, 0, 0, 0, 0, 0, 0, 0, 0, 0, 0, 0, 0, 0, 0, 0, 0, 0, 0, 0, 0, 0, 0,
    0, 0, 0, 0, 0, 0, 0, 0, 0, 0, 0, 0, 0, 0, 0, 0, 0, 0, 0, 0, 0, 0, 0, 0,
    0, 0, 0, 0, 0, 0, 0, 0, 0, 0, 0, 0, 0, 0, 0, 0, 0, 0, 0, 0, 0, 0, 0, 0,
    0, 0, 0, 0, 0, 0, 0, 0, 0, 0, 0, 0, 0, 0, 0, 0, 0, 0, 0, 0, 0, 0, 0, 0,
    0, 0, 0, 0, 0, 0, 0, 0, 0, 0, 0, 0, 0, 0, 0, 0, 0, 0, 0, 0, 0, 0, 0, 0,
    0, 0, 0, 0, 0, 0, 0, 0, 0, 0, 0, 0, 0, 0, 0, 0, 0, 0, 0, 0, 0, 0, 0, 0,
    0, 0, 0, 0, 0, 0, 0, 0, 0, 0, 0, 0, 0, 0, 0, 0, 0, 0, 0, 0, 0, 0, 0, 0,
    0, 0, 0, 0, 0, 0, 0, 0, 0, 0, 0, 0, 0, 0, 0, 0, 0, 0, 0, 0, 0, 0, 0, 0,
    0, 0, 0, 0, 0, 0, 0, 0, 0, 0, 0, 0, 0, 0, 0, 0, 0, 0, 0, 0, 0, 0, 0, 0,
    0, 0, 0, 0, 0, 0, 0, 0, 0, 0, 0, 0, 0, 0, 0, 0, 0, 0, 0, 0, 0, 0, 0, 0,
    0, 0, 0, 0, 0, 0, 0, 0, 0, 0, 0, 0, 0, 0, 0, 0, 0, 0, 0, 0, 0, 0, 0, 0,
    0, 0, 0, 0, 0, 0, 0, 0, 0, 0, 0, 0, 0, 0, 0, 0, 0, 0, 0, 0, 0, 0, 0, 0,
    0, 0, 0, 0, 0, 0, 0, 0, 0, 0, 0, 0, 0, 0, 0, 0, 0, 0, 0, 0, 0, 0, 0, 0,
    0, 0, 0, 0, 0, 0, 0, 0, 0, 0, 0, 0, 0, 0, 0, 0, 0, 0, 0, 0, 0, 0, 0, 0,
    0, 0, 0, 0, 0, 0, 0, 0, 0, 0, 0, 0, 0, 0, 0, 0, 0, 0, 0, 0, 0, 0, 0, 0,
    0, 0, 0, 0, 0, 0, 0, 0, 0, 0, 0, 0, 0, 0, 0, 0, 0, 0, 0, 0, 0, 0, 0, 0,
    0, 0, 0, 0, 0, 0, 0, 0, 0, 0, 0, 0, 0, 0, 0, 0, 0, 0, 0, 0, 0, 0, 0, 0,
    0, 0, 0, 0, 0, 0, 0, 0, 0, 0, 0, 0, 0, 0, 0, 0, 0, 0, 0, 0, 0, 0, 0, 0,
    0, 0, 0, 0, 0, 0, 0, 0, 0, 0, 0, 0, 0, 0, 0, 0, 0, 0, 0, 0, 0, 0, 0, 0,
    0, 0, 0, 0, 0, 0, 0, 0, 0, 0, 0, 0, 0, 0, 0, 0, 0, 0, 0, 0, 0, 0, 0, 0,
    0, 0, 0, 0, 0, 0, 0, 0, 0, 0, 0, 0, 0, 0, 0, 0, 0, 0, 0, 0, 0, 0, 0, 0,
    0, 0, 0, 0, 0, 0, 0, 0, 0, 0, 0, 0, 0, 0, 0, 0, 0, 0, 0, 0, 0, 0, 0, 0,
    0, 0, 0, 0, 0, 0, 0, 0, 0, 0, 0, 0, 0, 0, 0, 0, 0, 0, 0, 0, 0, 0, 0, 0,
    0, 0, 0, 0, 0, 0, 0, 0, 0, 0, 0, 0, 0, 0, 0, 0, 0, 0, 0, 0, 0, 0, 0, 0,
    0, 0, 0, 0, 0, 0, 0, 0, 0, 0, 0, 0, 0, 0, 0, 0, 0, 0, 0, 0, 0, 0, 0, 0,
    0, 0, 0, 0, 0, 0, 0, 0, 0, 0, 0, 0, 0, 0, 0, 0, 0, 0, 0, 0, 0, 0, 0, 0,
    0, 0, 0, 0, 0, 0, 0, 0, 0, 0, 0, 0, 0, 0, 0, 0, 0, 0, 0, 0, 0, 0, 0, 0,
    0, 0, 0, 0, 0, 0, 0, 0, 0, 0, 0, 0, 0, 0, 0, 0, 0, 0, 0, 0, 0, 0, 0, 0,
    0, 0, 0, 0, 0, 0, 0, 0, 0, 0, 0, 0, 0, 0, 0, 0, 0, 0, 0, 0, 0, 0, 0, 0,
    0, 0, 0, 0, 0, 0, 0, 0, 0, 0, 0, 0, 0, 0, 0, 0, 0, 0, 0, 0, 0, 0, 0, 0,
    0, 0, 0, 0, 0, 0, 0, 0, 0, 0, 0, 0, 0, 0, 0, 0, 0, 0, 0, 0, 0, 0, 0, 0,
    0, 0, 0, 0, 0, 0, 0, 0, 0, 0, 0, 0, 0, 0, 0, 0, 0, 0, 0, 0, 0, 0, 0, 0,
    0, 0, 0, 0, 0, 0, 0, 0, 0, 0, 0, 0, 0, 0, 0, 0, 0, 0, 0, 0, 0, 0, 0, 0,
    0, 0, 0, 0, 0, 0, 0, 0, 0, 0, 0, 0, 0, 0, 0, 0, 0, 0, 0, 0, 0, 0, 0, 0,
    0, 0, 0, 0, 0, 0, 0, 0, 0, 0, 0, 0, 0, 0, 0, 0, 0, 0, 0, 0, 0, 0, 0, 0,
    0, 0, 0, 0, 0, 0, 0, 0, 0, 0, 0, 0, 0, 0, 0, 0, 0, 0, 0, 0, 0, 0, 0, 0,
    0, 0, 0, 0, 0, 0, 0, 0, 0, 0, 0, 0, 0, 0, 0, 0, 0, 0, 0, 0, 0, 0, 0, 0,
    0, 0, 0, 0, 0, 0, 0, 0, 0, 0, 0, 0, 0, 0, 0, 0, 0, 0, 0, 0, 0, 0, 0, 0,
    0, 0, 0, 0, 0, 0, 0, 0, 0, 0, 0, 0, 0, 0, 0, 0, 0, 0, 0, 0, 0, 0, 0, 0,
    0, 0, 0, 0, 0, 0, 0, 0, 0, 0, 0, 0, 0, 0, 0, 0, 0, 0, 0, 0, 0, 0, 0, 0,
    0, 0, 0, 0, 0, 0, 0, 0, 0, 0, 0, 0, 0, 0, 0, 0, 0, 0, 0, 0, 0, 0, 0, 0,
    0, 0, 0, 0, 0, 0, 0, 0, 0, 0, 0, 0, 0, 0, 0, 0, 0, 0, 0, 0, 0, 0, 0, 0,
    0, 0, 0, 0, 0, 0, 0, 0, 0, 0, 0, 0, 0, 0, 0, 0, 0, 0, 0, 0, 0, 0, 0, 0,
    0, 0, 0, 0, 0, 0, 0, 0, 0, 0, 0, 0, 0, 0, 0, 0, 0, 0, 0, 0, 0, 0, 0, 0,
    0, 0, 0, 0, 0, 0, 0, 0, 0, 0, 0, 0, 0, 0, 0, 0, 0, 0, 0, 0, 0, 0, 0, 0,
    0, 0, 0, 0, 0, 0, 0, 0, 0, 0, 0, 0, 0, 0, 0, 0, 0, 0, 0, 0, 0, 0, 0, 0,
    0, 0, 0, 0, 0, 0, 0, 0, 0, 0, 0, 0, 0, 0, 0, 0, 0, 0, 0, 0, 0, 0, 0, 0,
    0, 0, 0, 0, 0, 0, 0, 0, 0, 0, 0, 0, 0, 0, 0, 0, 0, 0, 0, 0, 0, 0, 0, 0,
    0, 0, 0, 0, 0, 0, 0, 0, 0, 0, 0, 0, 0, 0, 0, 0, 0, 0, 0, 0, 0, 0, 0, 0,
    0, 0, 0, 0, 0, 0, 0, 0, 0, 0, 0, 0, 0, 0, 0, 0, 0, 0, 0, 0, 0, 0, 0, 0,
    0, 0, 0, 0, 0, 0, 0, 0, 0, 0, 0, 0, 0, 0, 0, 0, 0, 0, 0, 0, 0, 0, 0, 0,
    0, 0, 0, 0, 0, 0, 0, 0, 0, 0, 0, 0, 0, 0, 0, 0, 0, 0, 0, 0, 0, 0, 0, 0,
    0, 0, 0, 0, 0, 0, 0, 0, 0, 0, 0, 0, 0, 0, 0, 0, 0, 0, 0, 0, 0, 0, 0, 0,
    0, 0, 0, 0, 0, 0, 0, 0, 0, 0, 0, 0, 0, 0, 0, 0, 0, 0, 0, 0, 0, 0, 0, 0,
    0, 0, 0, 0, 0, 0, 0, 0, 0, 0, 0, 0, 0, 0, 0, 0, 0, 0, 0, 0, 0, 0, 0, 0,
    0, 0, 0, 0, 0, 0, 0, 0, 0, 0, 0, 0, 0, 0, 0, 0, 0, 0, 0, 0, 0, 0, 0, 0,
    0, 0, 0, 0, 0, 0, 0, 0, 0, 0, 0, 0, 0, 0, 0, 0, 0, 0, 0, 0, 0, 0, 0, 0,
    0, 0, 0, 0, 0, 0, 0, 0, 0, 0, 0, 0, 0, 0, 0, 0, 0, 0, 0, 0, 0, 0, 0, 0,
    0, 0, 0, 0, 0, 0, 0, 0, 0, 0, 0, 0, 0, 0, 0, 0, 0, 0, 0, 0, 0, 0, 0, 0,
    0, 0, 0, 0, 0, 0, 0, 0, 0, 0, 0, 0, 0, 0, 0, 0, 0, 0, 0, 0, 0, 0, 0, 0,
    0, 0, 0, 0, 0, 0, 0, 0, 0, 0, 0, 0, 0, 0, 0, 0, 0, 0, 0, 0, 0, 0, 0, 0,
    0, 0, 0, 0, 0, 0, 0, 0, 0, 0, 0, 0, 0, 0, 0, 0, 0, 0, 0, 0, 0, 0, 0, 0,
    0, 0, 0, 0, 0, 0, 0, 0, 0, 0, 0, 0, 0, 0, 0, 0, 0, 0, 0, 0, 0, 0, 0, 0,
    0, 0, 0, 0, 0, 0, 0, 0, 0, 0, 0, 0, 0, 0, 0, 0, 0, 0, 0, 0, 0, 0, 0, 0,
    0, 0, 0, 0, 0, 0, 0, 0, 0, 0, 0, 0, 0, 0, 0, 0, 0, 0, 0, 0, 0, 0, 0, 0,
    0, 0, 0, 0, 0, 0, 0, 0, 0, 0, 0, 0, 0, 0, 0, 0, 0, 0, 0, 0, 0, 0, 0, 0,
    0, 0, 0, 0, 0, 0, 0, 0, 0, 0, 0, 0, 0, 0, 0, 0, 0, 0, 0, 0, 0, 0, 0, 0,
    0, 0, 0, 0, 0, 0, 0, 0, 0, 0, 0, 0, 0, 0, 0, 0, 0, 0, 0, 0, 0, 0, 0, 0,
    0, 0, 0, 0, 0, 0, 0, 0, 0, 0, 0, 0, 0, 0, 0, 0, 0, 0, 0, 0, 0, 0, 0, 0,
    0, 0, 0, 0, 0, 0, 0, 0, 0, 0, 0, 0, 0, 0, 0, 0, 0, 0, 0, 0, 0, 0, 0, 0,
    0, 0, 0, 0, 0, 0, 0, 0, 0, 0, 0, 0, 0, 0, 0, 0, 0, 0, 0, 0, 0, 0, 0, 0,
    0, 0, 0, 0, 0, 0, 0, 0, 0, 0, 0, 0, 0, 0, 0, 0, 0, 0, 0, 0, 0, 0, 0, 0,
    0, 0, 0, 0, 0, 0, 0, 0, 0, 0, 0, 0, 0, 0, 0, 0, 0, 0, 0, 0, 0, 0, 0, 0,
    0, 0, 0, 0, 0, 0, 0, 0, 0, 0, 0, 0, 0, 0, 0, 0, 0, 0, 0, 0, 0, 0, 0, 0,
    0, 0, 0, 0, 0, 0, 0, 0, 0, 0, 0, 0, 0, 0, 0, 0, 0, 0, 0, 0, 0, 0, 0, 0,
    0, 0, 0, 0, 0, 0, 0, 0, 0, 0, 0, 0, 0, 0, 0, 0, 0, 0, 0, 0, 0, 0, 0, 0,
    0, 0, 0, 0, 0, 0, 0, 0, 0, 0, 0, 0, 0, 0, 0, 0, 0, 0, 0, 0, 0, 0, 0, 0,
    0, 0, 0, 0, 0, 0, 0, 0, 0, 0, 0, 0, 0, 0, 0, 0, 0, 0, 0, 0, 0, 0, 0, 0,
    0, 0, 0, 0, 0, 0, 0, 0, 0, 0, 0, 0, 0, 0, 0, 0, 0, 0, 0, 0, 0, 0, 0, 0,
    0, 0, 0, 0, 0, 0, 0, 0, 0, 0, 0, 0, 0, 0, 0, 0, 0, 0, 0, 0, 0, 0, 0, 0,
    0, 0, 0, 0, 0, 0, 0, 0, 0, 0, 0, 0, 0, 0, 0, 0, 0, 0, 0, 0, 0, 0, 0, 0,
    0, 0, 0, 0, 0, 0, 0, 0, 0, 0, 0, 0, 0, 0, 0, 0, 0, 0, 0, 0, 0, 0, 0, 0,
    0, 0, 0, 0, 0, 0, 0, 0, 0, 0, 0, 0, 0, 0, 0, 0, 0, 0, 0, 0, 0, 0, 0, 0,
    0, 0, 0, 0, 0, 0, 0, 0, 0, 0, 0, 0, 0, 0, 0, 0, 0, 0, 0, 0, 0, 0, 0, 0,
    0, 0, 0, 0, 0, 0, 0, 0, 0, 0, 0, 0, 0, 0, 0, 0, 0, 0, 0, 0, 0, 0, 0, 0,
    0, 0, 0, 0, 0, 0, 0, 0, 0, 0, 0, 0, 0, 0, 0, 0, 0, 0, 0, 0, 0, 0, 0, 0,
    0, 0, 0, 0, 0, 0, 0, 0, 0, 0, 0, 0, 0, 0, 0, 0, 0, 0, 0, 0, 0, 0, 0, 0,
    0, 0, 0, 0, 0, 0, 0, 0, 0, 0, 0, 0, 0, 0, 0, 0, 0, 0, 0, 0, 0, 0, 0, 0,
    0, 0, 0, 0, 0, 0, 0, 0, 0, 0, 0, 0, 0, 0, 0, 0, 0, 0, 0, 0, 0, 0, 0, 0,
    0, 0, 0, 0, 0, 0, 0, 0, 0, 0, 0, 0, 0, 0, 0, 0, 0, 0, 0, 0, 0, 0, 0, 0,
    0, 0, 0, 0, 0, 0, 0, 0, 0, 0, 0, 0, 0, 0, 0, 0, 0, 0, 0, 0, 0, 0, 0, 0,
    0, 0, 0, 0, 0, 0, 0, 0, 0, 0, 0, 0, 0, 0, 0, 0, 0, 0, 0, 0, 0, 0, 0, 0,
    0, 0, 0, 0, 0, 0, 0, 0, 0, 0, 0, 0, 0, 0, 0, 0, 0, 0, 0, 0, 0, 0, 0, 0,
    0, 0, 0, 0, 0, 0, 0, 0, 0, 0, 0, 0, 0, 0, 0, 0, 0, 0, 0, 0, 0, 0, 0, 0,
    0, 0, 0, 0, 0, 0, 0, 0, 0, 0, 0, 0, 0, 0, 0, 0, 0, 0, 0, 0, 0, 0, 0, 0,
    0, 0, 0, 0, 0, 0, 0, 0, 0, 0, 0, 0, 0, 0, 0, 0, 0, 0, 0, 0, 0, 0, 0, 0,
    0, 0, 0, 0, 0, 0, 0, 0, 0, 0, 0, 0, 0, 0, 0, 0, 0, 0, 0, 0, 0, 0, 0, 0,
    0, 0, 0, 0, 0, 0, 0, 0, 0, 0, 0, 0, 0, 0, 0, 0, 0, 0, 0, 0, 0, 0, 0, 0,
    0, 0, 0, 0, 0, 0, 0, 0, 0, 0, 0, 0, 0, 0, 0, 0, 0, 0, 0, 0, 0, 0, 0, 0,
    0, 0, 0, 0, 0, 0, 0, 0, 0, 0, 0, 0, 0, 0, 0, 0, 0, 0, 0, 0, 0, 0, 0, 0,
    0, 0, 0, 0, 0, 0, 0, 0, 0, 0, 0, 0, 0, 0, 0, 0, 0, 0, 0, 0, 0, 0, 0, 0,
    0, 0, 0, 0, 0, 0, 0, 0, 0, 0, 0, 0, 0, 0, 0, 0, 0, 0, 0, 0, 0, 0, 0, 0,
    0, 0, 0, 0, 0, 0, 0, 0, 0, 0, 0, 0, 0, 0, 0, 0, 0, 0, 0, 0, 0, 0, 0, 0,
    0, 0, 0, 0, 0, 0, 0, 0, 0, 0, 0, 0, 0, 0, 0, 0, 0, 0, 0, 0, 0, 0, 0, 0,
    0, 0, 0, 0, 0, 0, 0, 0, 0, 0, 0, 0, 0, 0, 0, 0, 0, 0, 0, 0, 0, 0, 0, 0,
    0, 0, 0, 0, 0, 0, 0, 0, 0, 0, 0, 0, 0, 0, 0, 0, 0, 0, 0, 0, 0, 0, 0, 0,
    0, 0, 0, 0, 0, 0, 0, 0, 0, 0, 0, 0, 0, 0, 0, 0, 0, 0, 0, 0, 0, 0, 0, 0,
    0, 0, 0, 0, 0, 0, 0, 0, 0, 0, 0, 0, 0, 0, 0, 0, 0, 0, 0, 0, 0, 0, 0, 0,
    0, 0, 0, 0, 0, 0, 0, 0, 0, 0, 0, 0, 0, 0, 0, 0, 0, 0, 0, 0, 0, 0, 0, 0,
    0, 0, 0, 0, 0, 0, 0, 0, 0, 0, 0, 0, 0, 0, 0, 0, 0, 0, 0, 0, 0, 0, 0, 0,
    0, 0, 0, 0, 0, 0, 0, 0, 0, 0, 0, 0, 0, 0, 0, 0, 0, 0, 0, 0, 0, 0, 0, 0,
    0, 0, 0, 0, 0, 0, 0, 0, 0, 0, 0, 0, 0, 0, 0, 0, 0, 0, 0, 0, 0, 0, 0, 0,
    0, 0, 0, 0, 0, 0, 0, 0, 0, 0, 0, 0, 0, 0, 0, 0, 0, 0, 0, 0, 0, 0, 0, 0,
    0, 0, 0, 0, 0, 0, 0, 0, 0, 0, 0, 0, 0, 0, 0, 0, 0, 0, 0, 0, 0, 0, 0, 0,
    0, 0, 0, 0, 0, 0, 0, 0, 0, 0, 0, 0, 0, 0, 0, 0, 0, 0, 0, 0, 0, 0, 0, 0,
    0, 0, 0, 0, 0, 0, 0, 0, 0, 0, 0, 0, 0, 0, 0, 0, 0, 0, 0, 0, 0, 0, 0, 0,
    0, 0, 0, 0, 0, 0, 0, 0, 0, 0, 0, 0, 0, 0, 0, 0, 0, 0, 0, 0, 0, 0, 0, 0,
    0, 0, 0, 0, 0, 0, 0, 0, 0, 0, 0, 0, 0, 0, 0, 0, 0, 0, 0, 0, 0, 0, 0, 0,
    0, 0, 0, 0, 0, 0, 0, 0, 0, 0, 0, 0, 0, 0, 0, 0, 0, 0, 0, 0, 0, 0, 0, 0,
    0, 0, 0, 0, 0, 0, 0, 0, 0, 0, 0, 0, 0, 0, 0, 0, 0, 0, 0, 0, 0, 0, 0, 0,
    0, 0, 0, 0, 0, 0, 0, 0, 0, 0, 0, 0, 0, 0, 0, 0, 0, 0, 0, 0, 0, 0, 0, 0,
    0, 0, 0, 0, 0, 0, 0, 0, 0, 0, 0, 0, 0, 0, 0, 0, 0, 0, 0, 0, 0, 0, 0, 0,
    0, 0, 0, 0, 0, 0, 0, 0, 0, 0, 0, 0, 0, 0, 0, 0, 0, 0, 0, 0, 0, 0, 0, 0,
    0, 0, 0, 0, 0, 0, 0, 0, 0, 0, 0, 0, 0, 0, 0, 0, 0, 0, 0, 0, 0, 0, 0, 0,
    0, 0, 0, 0, 0, 0, 0, 0, 0, 0, 0, 0, 0, 0, 0, 0, 0, 0, 0, 0, 0, 0, 0, 0,
    0, 0, 0, 0, 0, 0, 0, 0, 0, 0, 0, 0, 0, 0, 0, 0, 0, 0, 0, 0, 0, 0, 0, 0,
    0, 0, 0, 0, 0, 0, 0, 0, 0, 0, 0, 0, 0, 0, 0, 0, 0, 0, 0, 0, 0, 0, 0, 0,
    0, 0, 0, 0, 0, 0, 0, 0, 0, 0, 0, 0, 0, 0, 0, 0, 0, 0, 0, 0, 0, 0, 0, 0,
    0, 0, 0, 0, 0, 0, 0, 0, 0, 0, 0, 0, 0, 0, 0, 0, 0, 0, 0, 0, 0, 0, 0, 0,
    0, 0, 0, 0, 0, 0, 0, 0, 0, 0, 0, 0, 0, 0, 0, 0, 0, 0, 0, 0, 0, 0, 0, 0,
    0, 0, 0, 0, 0, 0, 0, 0, 0, 0, 0, 0, 0, 0, 0, 0, 0, 0, 0, 0, 0, 0, 0, 0,
    0, 0, 0, 0, 0, 0, 0, 0, 0, 0, 0, 0, 0, 0, 0, 0, 0, 0, 0, 0, 0, 0, 0, 0,
    0, 0, 0, 0, 0, 0, 0, 0, 0, 0, 0, 0, 0, 0, 0, 0, 0, 0, 0, 0, 0, 0, 0, 0,
    0, 0, 0, 0, 0, 0, 0, 0, 0, 0, 0, 0, 0, 0, 0, 0, 0, 0, 0, 0, 0, 0, 0, 0,
    0, 0, 0, 0, 0, 0, 0, 0, 0, 0, 0, 0, 0, 0, 0, 0, 0, 0, 0, 0, 0, 0, 0, 0,
    0, 0, 0, 0, 0, 0, 0, 0, 0, 0, 0, 0, 0, 0, 0, 0, 0, 0, 0, 0, 0, 0, 0, 0,
    0, 0, 0, 0, 0, 0, 0, 0, 0, 0, 0, 0, 0, 0, 0, 0, 0, 0, 0, 0, 0, 0, 0, 0,
    0, 0, 0, 0, 0, 0, 0, 0, 0, 0, 0, 0, 0, 0, 0, 0, 0, 0, 0, 0, 0, 0, 0, 0,
    0, 0, 0, 0, 0, 0, 0, 0, 0, 0, 0, 0, 0, 0, 0, 0, 0, 0, 0, 0, 0, 0, 0, 0,
    0, 0, 0, 0, 0, 0, 0, 0, 0, 0, 0, 0, 0, 0, 0, 0, 0, 0, 0, 0, 0, 0, 0, 0,
    0, 0, 0, 0, 0, 0, 0, 0, 0, 0, 0, 0, 0, 0, 0, 0, 0, 0, 0, 0, 0, 0, 0, 0,
    0, 0, 0, 0, 0, 0, 0, 0, 0, 0, 0, 0, 0, 0, 0, 0, 0, 0, 0, 0, 0, 0, 0, 0,
    0, 0, 0, 0, 0, 0, 0, 0, 0, 0, 0, 0, 0, 0, 0, 0, 0, 0, 0, 0, 0, 0, 0, 0,
    0, 0, 0, 0, 0, 0, 0, 0, 0, 0, 0, 0, 0, 0, 0, 0, 0, 0, 0, 0, 0, 0, 0, 0,
    0, 0, 0, 0, 0, 0, 0, 0, 0, 0, 0, 0, 0, 0, 0, 0, 0, 0, 0, 0, 0, 0, 0, 0,
    0, 0, 0, 0, 0, 0, 0, 0, 0, 0, 0, 0, 0, 0, 0, 0, 0, 0, 0, 0, 0, 0, 0, 0,
    0, 0, 0, 0, 0, 0, 0, 0, 0, 0, 0, 0, 0, 0, 0, 0, 0, 0, 0, 0, 0, 0, 0, 0,
    0, 0, 0, 0, 0, 0, 0, 0, 0, 0, 0, 0, 0, 0, 0, 0, 0, 0, 0, 0, 0, 0, 0, 0,
    0, 0, 0, 0, 0, 0, 0, 0, 0, 0, 0, 0, 0, 0, 0, 0, 0, 0, 0, 0, 0, 0, 0, 0,
    0, 0, 0, 0, 0, 0, 0, 0, 0, 0, 0, 0, 0, 0, 0, 0, 0, 0, 0, 0, 0, 0, 0, 0,
    0, 0, 0, 0, 0, 0, 0, 0, 0, 0, 0, 0, 0, 0, 0, 0, 0, 0, 0, 0, 0, 0, 0, 0,
    0, 0, 0, 0, 0, 0, 0, 0, 0, 0, 0, 0, 0, 0, 0, 0, 0, 0, 0, 0, 0, 0, 0, 0,
    0, 0, 0, 0, 0, 0, 0, 0, 0, 0, 0, 0, 0, 0, 0, 0, 0, 0, 0, 0, 0, 0, 0, 0,
    0, 0, 0, 0, 0, 0, 0, 0, 0, 0, 0, 0, 0, 0, 0, 0, 0, 0, 0, 0, 0, 0, 0, 0,
    0, 0, 0, 0, 0, 0, 0, 0, 0, 0, 0, 0, 0, 0, 0, 0, 0, 0, 0, 0, 0, 0, 0, 0,
    0, 0, 0, 0, 0, 0, 0, 0, 0, 0, 0, 0, 0, 0, 0, 0, 0, 0, 0, 0, 0, 0, 0, 0,
    0, 0, 0, 0, 0, 0, 0, 0, 0, 0, 0, 0, 0, 0, 0, 0, 0, 0, 0, 0, 0, 0, 0, 0,
    0, 0, 0, 0, 0, 0, 0, 0, 0, 0, 0, 0, 0, 0, 0, 0, 0, 0, 0, 0, 0, 0, 0, 0,
    0, 0, 0, 0, 0, 0, 0, 0, 0, 0, 0, 0, 0, 0, 0, 0, 0, 0, 0, 0, 0, 0, 0, 0,
    0, 0, 0, 0, 0, 0, 0, 0, 0, 0, 0, 0, 0, 0, 0, 0, 0, 0, 0, 0, 0, 0, 0, 0,
    0, 0, 0, 0, 0, 0, 0, 0, 0, 0, 0, 0, 0, 0, 0, 0, 0, 0, 0, 0, 0, 0, 0, 0,
    0, 0, 0, 0, 0, 0, 0, 0, 0, 0, 0, 0, 0, 0, 0, 0, 0, 0, 0, 0, 0, 0, 0, 0,
    0, 0, 0, 0, 0, 0, 0, 0, 0, 0, 0, 0, 0, 0, 0, 0, 0, 0, 0, 0, 0, 0, 0, 0,
    0, 0, 0, 0, 0, 0, 0, 0, 0, 0, 0, 0, 0, 0, 0, 0, 0, 0, 0, 0, 0, 0, 0, 0,
    0, 0, 0, 0, 0, 0, 0, 0, 0, 0, 0, 0, 0, 0, 0, 0, 0, 0, 0, 0, 0, 0, 0, 0,
    0, 0, 0, 0, 0, 0, 0, 0, 0, 0, 0, 0, 0, 0, 0, 0, 0, 0, 0, 0, 0, 0, 0, 0,
    0, 0, 0, 0, 0, 0, 0, 0, 0, 0, 0, 0, 0, 0, 0, 0, 0, 0, 0, 0, 0, 0, 0, 0,
    0, 0, 0, 0, 0, 0, 0, 0, 0, 0, 0, 0, 0, 0, 0, 0, 0, 0, 0, 0, 0, 0, 0, 0,
    0, 0, 0, 0, 0, 0, 0, 0, 0, 0, 0, 0, 0, 0, 0, 0, 0, 0, 0, 0, 0, 0, 0, 0,
    0, 0, 0, 0, 0, 0, 0, 0, 0, 0, 0, 0, 0, 0, 0, 0, 0, 0, 0, 0, 0, 0, 0, 0,
    0, 0, 0, 0, 0, 0, 0, 0, 0, 0, 0, 0, 0, 0, 0, 0, 0, 0, 0, 0, 0, 0, 0, 0,
    0, 0, 0, 0, 0, 0, 0, 0, 0, 0, 0, 0, 0, 0, 0, 0, 0, 0, 0, 0, 0, 0, 0, 0,
    0, 0, 0, 0, 0, 0, 0, 0, 0, 0, 0, 0, 0, 0, 0, 0, 0, 0, 0, 0, 0, 0, 0, 0,
    0, 0, 0, 0, 0, 0, 0, 0, 0, 0, 0, 0, 0, 0, 0, 0, 0, 0, 0, 0, 0, 0, 0, 0,
    0, 0, 0, 0, 0, 0, 0, 0, 0, 0, 14, 14, 14, 14, 14, 14, 14, 14, 0, 0, 0, 0, 0, 0,
    0, 0, 0, 0, 0, 0, 0, 0, 0, 0, 0, 0, 0, 0, 0, 0, 0, 0, 0, 0, 0, 0, 0, 0,
    0, 0, 0, 0, 0, 0, 0, 0, 0, 0, 0, 0, 14, 14, 14, 14, 14, 14, 14, 14, 0, 0, 0, 0,
    0, 0, 0, 0, 0, 0, 0, 0, 0, 0, 0, 0, 0, 0, 0, 0, 0, 0, 0, 0, 0, 0, 0, 0,
    0, 0, 0, 0, 0, 0, 0, 0, 0, 0, 0, 0, 0, 0, 0, 0, 0, 0, 0, 0, 0, 0, 0, 0,
    0, 0, 0, 0, 0, 0, 0, 0, 0, 0, 0, 0, 0, 0, 0, 0, 0, 0, 0, 0, 0, 0, 0, 0,
    0, 0, 0, 0, 0, 0, 0, 0, 0, 0, 0, 0, 0, 0, 0, 0, 0, 0, 0, 0, 0, 0, 0, 0,
    0, 0, 0, 0, 0, 0, 0, 0, 0, 0, 0, 0, 0, 0, 0, 0, 0, 0, 0, 0, 0, 0, 0, 0,
    0, 0, 0, 0, 0, 0, 0, 0, 0, 0, 14, 0, 0, 0, 0, 0, 0, 14, 0, 0, 0, 0, 0, 0,
    0, 0, 0, 0, 0, 0, 0, 0, 0, 0, 0, 0, 0, 0, 0, 0, 0, 0, 0, 0, 0, 0, 0, 0,
    0, 0, 0, 0, 0, 0, 0, 0, 0, 0, 0, 0, 14, 0, 0, 0, 0, 0, 0, 14, 0, 0, 0, 0,
    0, 0, 0, 0, 0, 0, 0, 0, 0, 0, 0, 0, 0, 0, 0, 0, 0, 0, 0, 0, 0, 0, 0, 0,
    0, 0, 0, 0, 0, 0, 0, 0, 0, 0, 0, 0, 0, 0, 0, 0, 0, 0, 0, 0, 0, 0, 0, 0,
    0, 0, 0, 0, 0, 0, 0, 0, 0, 0, 0, 0, 0, 0, 0, 0, 0, 0, 0, 0, 0, 0, 0, 0,
    0, 0, 0, 0, 0, 0, 0, 0, 0, 0, 0, 0, 0, 0, 0, 0, 0, 0, 0, 0, 0, 0, 0, 0,
    0, 0, 0, 0, 0, 0, 0, 0, 0, 0, 0, 0, 0, 0, 0, 0, 0, 0, 0, 0, 0, 0, 0, 0,
    0, 0, 0, 0, 0, 0, 0, 0, 0, 0, 14, 0, 0, 0, 0, 0, 0, 14, 0, 0, 0, 0, 0, 0,
    0, 0, 0, 0, 0, 0, 0, 0, 0, 0, 0, 0, 0, 0, 0, 0, 0, 0, 0, 0, 0, 0, 0, 0,
    0, 0, 0, 0, 0, 0, 0, 0, 0, 0, 0, 0, 14, 0, 0, 0, 0, 0, 0, 14, 0, 0, 0, 0,
    0, 0, 0, 0, 0, 0, 0, 0, 0, 0, 0, 0, 0, 0, 0, 0, 0, 0, 0, 0, 0, 0, 0, 0,
    0, 0, 0, 0, 0, 0, 0, 0, 0, 0, 0, 0, 0, 0, 0, 0, 0, 0, 0, 0, 0, 0, 0, 0,
    0, 0, 0, 0, 0, 0, 0, 0, 0, 0, 0, 0, 0, 0, 0, 0, 0, 0, 0, 0, 0, 0, 0, 0,
    0, 0, 0, 0, 0, 0, 0, 0, 0, 0, 0, 0, 0, 0, 0, 0, 0, 0, 0, 0, 0, 0, 0, 0,
    0, 0, 0, 0, 0, 0, 0, 0, 0, 0, 0, 0, 0, 0, 0, 0, 0, 0, 0, 0, 0, 0, 0, 0,
    0, 0, 0, 0, 0, 0, 0, 0, 0, 0, 14, 0, 0, 0, 0, 0, 0, 14, 0, 0, 0, 0, 0, 0,
    0, 0, 0, 0, 0, 0, 0, 0, 0, 0, 0, 0, 0, 0, 0, 0, 0, 0, 0, 0, 0, 0, 0, 0,
    0, 0, 0, 0, 0, 0, 0, 0, 0, 0, 0, 0, 14, 0, 0, 0, 0, 0, 0, 14, 0, 0, 0, 0,
    0, 0, 0, 0, 0, 0, 0, 0, 0, 0, 0, 0, 0, 0, 0, 0, 0, 0, 0, 0, 0, 0, 0, 0,
    0, 0, 0, 0, 0, 0, 0, 0, 0, 0, 0, 0, 0, 0, 0, 0, 0, 0, 0, 0, 0, 0, 0, 0,
    0, 0, 0, 0, 0, 0, 0, 0, 0, 0, 0, 0, 0, 0, 0, 0, 0, 0, 0, 0, 0, 0, 0, 0,
    0, 0, 0, 0, 0, 0, 0, 0, 0, 0, 0, 0, 0, 0, 0, 0, 0, 0, 0, 0, 0, 0, 0, 0,
    0, 0, 0, 0, 0, 0, 0, 0, 0, 0, 0, 0, 0, 0, 0, 0, 0, 0, 0, 0, 0, 0, 0, 0,
    0, 0, 0, 0, 0, 0, 0, 0, 0, 0, 14, 0, 0, 0, 0, 0, 0, 14, 0, 0, 0, 0, 0, 0,
    0, 0, 0, 0, 0, 0, 0, 0, 0, 0, 0, 0, 0, 0, 0, 0, 0, 0, 0, 0, 0, 0, 0, 0,
    0, 0, 0, 0, 0, 0, 0, 0, 0, 0, 0, 0, 14, 0, 0, 0, 0, 0, 0, 14, 0, 0, 0, 0,
    0, 0, 0, 0, 0, 0, 0, 0, 0, 0, 0, 0, 0, 0, 0, 0, 0, 0, 0, 0, 0, 0, 0, 0,
    0, 0, 0, 0, 0, 0, 0, 0, 0, 0, 0, 0, 0, 0, 0, 0, 0, 0, 0, 0, 0, 0, 0, 0,
    0, 0, 0, 0, 0, 0, 0, 0, 0, 0, 0, 0, 0, 0, 0, 0, 0, 0, 0, 0, 0, 0, 0, 0,
    0, 0, 0, 0, 0, 0, 0, 0, 0, 0, 0, 0, 0, 0, 0, 0, 0, 0, 0, 0, 0, 0, 0, 0,
    0, 0, 0, 0, 0, 0, 0, 0, 0, 0, 0, 0, 0, 0, 0, 0, 0, 0, 0, 0, 0, 0, 0, 0,
    0, 0, 0, 0, 0, 0, 0, 0, 0, 0, 14, 0, 0, 0, 0, 0, 0, 14, 0, 0, 0, 0, 0, 0,
    0, 0, 0, 0, 0, 0, 0, 0, 0, 0, 0, 0, 0, 0, 0, 0, 0, 0, 0, 0, 0, 0, 0, 0,
    0, 0, 0, 0, 0, 0, 0, 0, 0, 0, 0, 0, 14, 0, 0, 0, 0, 0, 0, 14, 0, 0, 0, 0,
    0, 0, 0, 0, 0, 0, 0, 0, 0, 0, 0, 0, 0, 0, 0, 0, 0, 0, 0, 0, 0, 0, 0, 0,
    0, 0, 0, 0, 0, 0, 0, 0, 0, 0, 0, 0, 0, 0, 0, 0, 0, 0, 0, 0, 0, 0, 0, 0,
    0, 0, 0, 0, 0, 0, 0, 0, 0, 0, 0, 0, 0, 0, 0, 0, 0, 0, 0, 0, 0, 0, 0, 0,
    0, 0, 0, 0, 0, 0, 0, 0, 0, 0, 0, 0, 0, 0, 0, 0, 0, 0, 0, 0, 0, 0, 0, 0,
    0, 0, 0, 0, 0, 0, 0, 0, 0, 0, 0, 0, 0, 0, 0, 0, 0, 0, 0, 0, 0, 0, 0, 0,
    0, 0, 0, 0, 0, 0, 0, 0, 0, 0, 14, 0, 0, 0, 0, 0, 0, 14, 0, 0, 0, 0, 0, 0,
    0, 0, 0, 0, 0, 0, 0, 0, 0, 0, 0, 0, 0, 0, 0, 0, 0, 0, 0, 0, 0, 0, 0, 0,
    0, 0, 0, 0, 0, 0, 0, 0, 0, 0, 0, 0, 14, 0, 0, 0, 0, 0, 0, 14, 0, 0, 0, 0,
    0, 0, 0, 0, 0, 0, 0, 0, 0, 0, 0, 0, 0, 0, 0, 0, 0, 0, 0, 0, 0, 0, 0, 0,
    0, 0, 0, 0, 0, 0, 0, 0, 0, 0, 0, 0, 0, 0, 0, 0, 0, 0, 0, 0, 0, 0, 0, 0,
    0, 0, 0, 0, 0, 0, 0, 0, 0, 0, 0, 0, 0, 0, 0, 0, 0, 0, 0, 0, 0, 0, 0, 0,
    0, 0, 0, 0, 0, 0, 0, 0, 0, 0, 0, 0, 0, 0, 0, 0, 0, 0, 0, 0, 0, 0, 0, 0,
    0, 0, 0, 0, 0, 0, 0, 0, 0, 0, 0, 0, 0, 0, 0, 0, 0, 0, 0, 0, 14, 14, 14, 0,
    0, 0, 0, 0, 0, 0, 0, 0, 0, 0, 14, 0, 0, 0, 0, 0, 0, 14, 0, 0, 0, 0, 0, 0,
    0, 0, 0, 0, 0, 0, 0, 0, 0, 0, 0, 0, 0, 0, 0, 0, 0, 0, 0, 0, 0, 0, 0, 0,
    0, 0, 0, 0, 0, 0, 0, 0, 0, 0, 0, 0, 14, 0, 0, 0, 0, 0, 0, 14, 0, 0, 0, 0,
    0, 0, 0, 0, 0, 0, 0, 14, 14, 14, 14, 0, 0, 0, 0, 0, 0, 0, 0, 0, 0, 0, 0, 0,
    0, 0, 0, 0, 0, 0, 0, 0, 0, 0, 0, 0, 0, 0, 0, 0, 0, 0, 0, 0, 0, 0, 0, 0,
    0, 0, 0, 0, 0, 0, 0, 0, 0, 0, 0, 0, 0, 0, 0, 0, 0, 0, 0, 0, 0, 0, 0, 0,
    0, 0, 0, 0, 0, 0, 0, 0, 0, 0, 0, 0, 0, 0, 0, 0, 0, 0, 0, 0, 0, 0, 0, 0,
    0, 0, 0, 0, 0, 0, 0, 0, 0, 0, 0, 0, 0, 0, 0, 0, 0, 0, 0, 0, 14, 0, 14, 14,
    14, 14, 14, 14, 14, 14, 14, 14, 14, 14, 14, 0, 0, 0, 0, 0, 0, 14, 0, 0, 0, 0, 0, 0,
    0, 0, 0, 0, 0, 0, 0, 0, 0, 0, 0, 0, 0, 0, 0, 0, 0, 0, 0, 0, 0, 0, 0, 0,
    0, 0, 0, 0, 0, 0, 0, 0, 0, 0, 0, 0, 14, 0, 0, 0, 0, 0, 0, 14, 14, 14, 14, 14,
    14, 14, 14, 14, 14, 14, 14, 14, 0, 0, 14, 0, 0, 0, 0, 0, 0, 0, 0, 0, 0, 0, 0, 0,
    0, 0, 0, 0, 0, 0, 0, 0, 0, 0, 0, 0, 0, 0, 0, 0, 0, 0, 0, 0, 0, 0, 0, 0,
    0, 0, 0, 0, 0, 0, 0, 0, 0, 0, 0, 0, 0, 0, 0, 0, 0, 0, 0, 0, 0, 0, 0, 0,
    0, 0, 0, 0, 0, 0, 0, 0, 0, 0, 0, 0, 0, 0, 0, 0, 0, 0, 0, 0, 0, 0, 0, 0,
    0, 0, 0, 0, 0, 0, 0, 0, 0, 0, 0, 0, 0, 0, 0, 0, 0, 0, 0, 0, 14, 0, 0, 0,
    14, 14, 14, 14, 14, 14, 14, 14, 14, 14, 14, 0, 0, 0, 0, 0, 0, 14, 0, 0, 0, 0, 0, 0,
    0, 0, 0, 0, 0, 0, 0, 0, 0, 0, 0, 0, 0, 0, 0, 0, 0, 0, 0, 0, 0, 0, 0, 0,
    0, 0, 0, 0, 0, 0, 0, 0, 0, 0, 0, 0, 14, 0, 0, 0, 0, 0, 0, 14, 14, 14, 14, 14,
    14, 14, 14, 14, 14, 14, 0, 0, 0, 0, 14, 0, 0, 0, 0, 0, 0, 0, 0, 0, 0, 0, 0, 0,
    0, 0, 0, 0, 0, 0, 0, 0, 0, 0, 0, 0, 0, 0, 0, 0, 0, 0, 0, 0, 0, 0, 0, 0,
    0, 0, 0, 0, 0, 0, 0, 0, 0, 0, 0, 0, 0, 0, 0, 0, 0, 0, 0, 0, 0, 0, 0, 0,
    0, 0, 0, 0, 0, 0, 0, 0, 0, 0, 0, 0, 0, 0, 0, 0, 0, 0, 0, 0, 0, 0, 0, 0,
    0, 0, 0, 0, 0, 0, 0, 0, 0, 0, 0, 0, 0, 0, 0, 0, 0, 0, 0, 0, 14, 0, 0, 0,
    0, 0, 14, 14, 14, 14, 14, 14, 14, 14, 14, 0, 0, 0, 0, 0, 0, 14, 0, 0, 0, 0, 0, 0,
    0, 0, 14, 14, 14, 14, 14, 14, 14, 14, 14, 14, 14, 14, 14, 14, 14, 14, 14, 14, 14, 14, 14, 14,
    14, 14, 14, 14, 0, 0, 0, 0, 0, 0, 0, 0, 14, 0, 0, 0, 0, 0, 0, 14, 14, 14, 14, 14,
    14, 14, 14, 14, 0, 0, 0, 0, 0, 0, 14, 0, 0, 0, 0, 0, 0, 0, 0, 0, 0, 0, 0, 0,
    0, 0, 0, 0, 0, 0, 0, 0, 0, 0, 0, 0, 0, 0, 0, 0, 0, 0, 0, 0, 0, 0, 0, 0,
    0, 0, 0, 0, 0, 0, 0, 0, 0, 0, 0, 0, 0, 0, 0, 0, 0, 0, 0, 0, 0, 0, 0, 0,
    0, 0, 0, 0, 0, 0, 0, 0, 0, 0, 0, 0, 0, 0, 0, 0, 0, 0, 0, 0, 0, 0, 0, 0,
    0, 0, 0, 0, 0, 0, 0, 0, 0, 0, 0, 0, 0, 0, 0, 0, 0, 0, 0, 0, 14, 0, 0, 0,
    0, 0, 0, 0, 0, 0, 0, 0, 0, 14, 14, 0, 0, 0, 0, 0, 0, 14, 0, 0, 0, 0, 0, 0,
    0, 0, 14, 0, 0, 14, 14, 14, 14, 14, 14, 0, 0, 0, 0, 0, 0, 0, 0, 14, 14, 14, 14, 14,
    14, 0, 0, 14, 0, 0, 0, 0, 0, 0, 0, 0, 14, 0, 0, 0, 0, 0, 0, 14, 14, 0, 0, 0,
    0, 0, 0, 0, 0, 0, 0, 0, 0, 0, 14, 0, 0, 0, 0, 0, 0, 0, 0, 0, 0, 0, 0, 0,
    0, 0, 0, 0, 0, 0, 0, 0, 0, 0, 0, 0, 0, 0, 0, 0, 0, 0, 0, 0, 0, 0, 0, 0,
    0, 0, 0, 0, 0, 0, 0, 0, 0, 0, 0, 0, 0, 0, 0, 0, 0, 0, 0, 0, 0, 0, 0, 0,
    0, 0, 0, 0, 0, 0, 0, 0, 0, 0, 0, 0, 0, 0, 0, 0, 0, 0, 0, 0, 0, 0, 0, 0,
    0, 0, 0, 0, 0, 0, 0, 0, 0, 0, 0, 0, 0, 0, 0, 0, 0, 0, 0, 0, 14, 14, 0, 0,
    0, 0, 0, 0, 0, 0, 0, 0, 0, 0, 0, 0, 0, 0, 0, 0, 0, 14, 0, 0, 0, 0, 0, 0,
    0, 0, 14, 0, 0, 14, 14, 14, 14, 14, 14, 0, 0, 0, 0, 0, 0, 0, 0, 14, 14, 14, 14, 14,
    14, 0, 0, 14, 0, 0, 0, 0, 0, 0, 0, 0, 14, 0, 0, 0, 0, 0, 0, 0, 0, 0, 0, 0,
    0, 0, 0, 0, 0, 0, 0, 0, 14, 14, 14, 0, 0, 0, 0, 0, 0, 0, 0, 0, 0, 0, 0, 0,
    0, 0, 0, 0, 0, 0, 0, 0, 0, 0, 0, 0, 0, 0, 0, 0, 0, 0, 0, 0, 0, 0, 0, 0,
    0, 0, 0, 0, 0, 0, 0, 0, 0, 0, 0, 0, 0, 0, 0, 0, 0, 0, 0, 0, 0, 0, 0, 0,
    0, 0, 0, 0, 0, 0, 0, 0, 0, 0, 0, 0, 0, 0, 0, 0, 0, 0, 0, 0, 0, 0, 0, 0,
    0, 0, 0, 0, 0, 0, 0, 0, 0, 0, 0, 0, 0, 0, 0, 0, 0, 0, 0, 0, 14, 14, 14, 14,
    0, 0, 0, 0, 0, 0, 0, 0, 0, 0, 0, 0, 0, 0, 0, 0, 0, 14, 0, 0, 0, 0, 0, 0,
    0, 0, 14, 0, 0, 0, 0, 0, 0, 0, 0, 0, 0, 0, 0, 0, 0, 0, 0, 0, 0, 0, 0, 0,
    0, 0, 0, 14, 0, 0, 0, 0, 0, 0, 0, 0, 14, 0, 0, 0, 0, 0, 0, 0, 0, 0, 0, 0,
    0, 0, 0, 0, 0, 0, 14, 14, 14, 14, 14, 0, 0, 0, 0, 0, 0, 0, 0, 0, 0, 0, 0, 0,
    0, 0, 0, 0, 0, 0, 0, 0, 0, 0, 0, 0, 0, 0, 0, 0, 0, 0, 0, 0, 0, 0, 0, 0,
    0, 0, 0, 0, 0, 0, 0, 0, 0, 0, 0, 0, 0, 0, 0, 0, 0, 0, 0, 0, 0, 0, 0, 0,
    0, 0, 0, 0, 0, 0, 0, 0, 0, 0, 0, 0, 0, 0, 0, 0, 0, 0, 0, 0, 0, 0, 0, 0,
    0, 0, 0, 0, 0, 0, 0, 0, 0, 0, 0, 0, 0, 0, 0, 0, 0, 0, 0, 0, 14, 14, 14, 14,
    14, 14, 0, 0, 0, 0, 0, 0, 0, 0, 0, 0, 0, 0, 0, 0, 0, 14, 0, 0, 0, 0, 0, 0,
    0, 0, 14, 0, 0, 0, 0, 0, 0, 0, 0, 0, 0, 14, 14, 14, 14, 0, 0, 0, 0, 0, 0, 0,
    0, 0, 0, 14, 0, 0, 0, 0, 0, 0, 0, 0, 14, 0, 0, 0, 0, 0, 0, 0, 0, 0, 0, 0,
    0, 0, 0, 0, 14, 14, 14, 14, 14, 14, 14, 0, 0, 0, 0, 0, 0, 0, 0, 0, 0, 0, 0, 0,
    0, 0, 0, 0, 0, 0, 0, 0, 0, 0, 0, 0, 0, 0, 0, 0, 0, 0, 0, 0, 0, 0, 0, 0,
    0, 0, 0, 0, 0, 0, 0, 0, 0, 0, 0, 0, 0, 0, 0, 0, 0, 0, 0, 0, 0, 0, 0, 0,
    0, 0, 0, 0, 0, 0, 0, 0, 0, 0, 0, 0, 0, 0, 0, 0, 0, 0, 0, 0, 0, 0, 0, 0,
    0, 0, 0, 0, 0, 0, 0, 0, 0, 0, 0, 0, 0, 0, 0, 0, 0, 0, 0, 0, 14, 14, 14, 14,
    14, 14, 0, 0, 0, 0, 0, 0, 0, 0, 0, 0, 0, 0, 0, 0, 0, 14, 0, 0, 0, 0, 0, 0,
    0, 0, 14, 0, 0, 0, 0, 0, 0, 0, 0, 0, 0, 14, 14, 14, 14, 0, 0, 0, 0, 0, 0, 0,
    0, 0, 0, 14, 0, 0, 0, 0, 0, 0, 0, 0, 14, 0, 0, 0, 0, 0, 0, 0, 0, 0, 0, 0,
    0, 0, 0, 0, 14, 14, 14, 14, 14, 14, 14, 0, 0, 0, 0, 0, 0, 0, 0, 0, 0, 0, 0, 0,
    0, 0, 0, 0, 0, 0, 0, 0, 0, 0, 0, 0, 0, 0, 0, 0, 0, 0, 0, 0, 0, 0, 0, 0,
    0, 0, 0, 0, 0, 0, 0, 0, 0, 0, 0, 0, 0, 0, 0, 0, 0, 0, 0, 0, 0, 0, 0, 0,
    0, 0, 0, 0, 0, 0, 0, 0, 0, 0, 0, 0, 0, 0, 0, 0, 0, 0, 0, 0, 0, 0, 0, 0,
    0, 0, 0, 0, 0, 0, 0, 0, 0, 0, 0, 0, 0, 0, 0, 0, 0, 0, 0, 0, 14, 14, 14, 14,
    0, 0, 0, 0, 0, 0, 0, 0, 0, 0, 0, 0, 0, 0, 0, 0, 0, 14, 14, 14, 14, 14, 14, 14,
    14, 14, 14, 0, 0, 0, 0, 0, 0, 0, 0, 0, 0, 14, 14, 14, 14, 0, 0, 0, 0, 0, 0, 0,
    0, 0, 0, 14, 14, 14, 14, 14, 14, 14, 14, 14, 14, 0, 0, 0, 0, 0, 0, 0, 0, 0, 0, 0,
    0, 0, 0, 0, 0, 0, 14, 14, 14, 14, 14, 0, 0, 0, 0, 0, 0, 0, 0, 0, 0, 0, 0, 0,
    0, 0, 0, 0, 0, 0, 0, 0, 0, 0, 0, 0, 0, 0, 0, 0, 0, 0, 0, 0, 0, 0, 0, 0,
    0, 0, 0, 0, 0, 0, 0, 0, 0, 0, 0, 0, 0, 0, 0, 0, 0, 0, 0, 0, 0, 0, 0, 0,
    0, 0, 0, 0, 0, 0, 0, 0, 0, 0, 0, 0, 0, 0, 0, 0, 0, 0, 0, 0, 0, 0, 0, 0,
    0, 0, 0, 0, 0, 0, 0, 0, 0, 0, 0, 0, 0, 0, 0, 0, 0, 0, 0, 0, 14, 14, 0, 0,
    0, 0, 0, 0, 0, 0, 0, 0, 0, 0, 0, 0, 0, 0, 0, 0, 0, 14, 14, 14, 14, 14, 14, 14,
    14, 14, 14, 0, 0, 0, 0, 0, 0, 0, 0, 0, 0, 0, 0, 0, 0, 0, 0, 0, 0, 0, 0, 0,
    0, 0, 0, 14, 14, 14, 14, 14, 14, 14, 14, 14, 14, 0, 0, 0, 0, 0, 0, 0, 0, 0, 0, 0,
    0, 0, 0, 0, 0, 0, 0, 0, 14, 14, 14, 0, 0, 0, 0, 0, 0, 0, 0, 0, 0, 0, 0, 0,
    0, 0, 0, 0, 0, 0, 0, 0, 0, 0, 0, 0, 0, 0, 0, 0, 0, 0, 0, 0, 0, 0, 0, 0,
    0, 0, 0, 0, 0, 0, 0, 0, 0, 0, 0, 0, 0, 0, 0, 0, 0, 0, 0, 0, 0, 0, 0, 0,
    0, 0, 0, 0, 0, 0, 0, 0, 0, 0, 0, 0, 0, 0, 0, 0, 0, 0, 0, 0, 0, 0, 0, 0,
    0, 0, 0, 0, 0, 0, 0, 0, 0, 0, 0, 0, 0, 0, 0, 0, 0, 0, 0, 0, 14, 0, 0, 0,
    0, 0, 0, 0, 0, 0, 0, 0, 0, 0, 0, 0, 0, 0, 0, 0, 0, 14, 14, 14, 14, 14, 14, 14,
    14, 14, 14, 0, 0, 0, 0, 0, 0, 0, 0, 0, 0, 0, 0, 0, 0, 0, 0, 0, 0, 0, 0, 0,
    0, 0, 0, 14, 14, 14, 14, 14, 14, 14, 14, 14, 14, 0, 0, 0, 0, 0, 0, 0, 0, 0, 0, 0,
    0, 0, 0, 0, 0, 0, 0, 0, 0, 0, 14, 0, 0, 0, 0, 0, 0, 0, 0, 0, 0, 0, 0, 0,
    0, 0, 0, 0, 0, 0, 0, 0, 0, 0, 0, 0, 0, 0, 0, 0, 0, 0, 0, 0, 0, 0, 0, 0,
    0, 0, 0, 0, 0, 0, 0, 0, 0, 0, 0, 0, 0, 0, 0, 0, 0, 0, 0, 0, 0, 0, 0, 0,
    0, 0, 0, 0, 0, 0, 0, 0, 0, 0, 0, 0, 0, 0, 0, 0, 0, 0, 0, 0, 0, 0, 0, 0,
    0, 0, 0, 0, 0, 0, 0, 0, 0, 0, 0, 0, 0, 0, 0, 0, 0, 0, 0, 0, 14, 0, 0, 0,
    0, 0, 0, 0, 0, 0, 0, 0, 0, 0, 0, 0, 0, 0, 0, 0, 0, 14, 14, 0, 0, 0, 0, 0,
    0, 14, 14, 0, 0, 0, 0, 0, 0, 0, 0, 0, 0, 0, 0, 0, 0, 0, 0, 0, 0, 0, 0, 0,
    0, 0, 0, 14, 14, 0, 0, 0, 0, 0, 0, 14, 14, 0, 0, 0, 0, 0, 0, 0, 0, 0, 0, 0,
    0, 0, 0, 0, 0, 0, 0, 0, 0, 0, 14, 0, 0, 0, 0, 0, 0, 0, 0, 0, 0, 0, 0, 0,
    0, 0, 0, 0, 0, 0, 0, 0, 0, 0, 0, 0, 0, 0, 0, 0, 0, 0, 0, 0, 0, 0, 0, 0,
    0, 0, 0, 0, 0, 0, 0, 0, 0, 0, 0, 0, 0, 0, 0, 0, 0, 0, 0, 0, 0, 0, 0, 0,
    0, 0, 0, 0, 0, 0, 0, 0, 0, 0, 0, 0, 0, 0, 0, 0, 0, 0, 0, 0, 0, 0, 0, 0,
    0, 0, 0, 0, 0, 0, 0, 0, 0, 0, 0, 0, 0, 0, 0, 0, 0, 0, 0, 0, 14, 0, 0, 0,
    0, 0, 0, 0, 0, 0, 0, 0, 0, 0, 0, 0, 0, 0, 0, 0, 0, 0, 0, 0, 0, 0, 0, 0,
    0, 0, 0, 0, 0, 0, 0, 0, 0, 0, 0, 0, 0, 0, 0, 0, 0, 0, 0, 0, 0, 0, 0, 0,
    0, 0, 0, 0, 0, 0, 0, 0, 0, 0, 0, 0, 0, 0, 0, 0, 0, 0, 0, 0, 0, 0, 0, 0,
    0, 0, 0, 0, 0, 0, 0, 0, 0, 0, 14, 0, 0, 0, 0, 0, 0, 0, 0, 0, 0, 0, 0, 0,
    0, 0, 0, 0, 0, 0, 0, 0, 0, 0, 0, 0, 0, 0, 0, 0, 0, 0, 0, 0, 0, 0, 0, 0,
    0, 0, 0, 0, 0, 0, 0, 0, 0, 0, 0, 0, 0, 0, 0, 0, 0, 0, 0, 0, 0, 0, 0, 0,
    0, 0, 0, 0, 0, 0, 0, 0, 0, 0, 0, 0, 0, 0, 0, 0, 0, 0, 0, 0, 0, 0, 0, 0,
    0, 0, 0, 0, 0, 0, 0, 0, 0, 0, 0, 0, 0, 0, 0, 0, 0, 0, 0, 0, 14, 0, 0, 0,
    0, 0, 0, 0, 0, 0, 0, 0, 0, 0, 0, 0, 0, 0, 0, 0, 0, 0, 0, 0, 0, 0, 0, 0,
    0, 0, 0, 0, 0, 0, 0, 0, 0, 0, 0, 0, 0, 0, 0, 0, 0, 0, 0, 0, 0, 0, 0, 0,
    0, 0, 0, 0, 0, 0, 0, 0, 0, 0, 0, 0, 0, 0, 0, 0, 0, 0, 0, 0, 0, 0, 0, 0,
    0, 0, 0, 0, 0, 0, 0, 0, 0, 0, 14, 0, 0, 0, 0, 0, 0, 0, 0, 0, 0, 0, 0, 0,
    0, 0, 0, 0, 0, 0, 0, 0, 0, 0, 0, 0, 0, 0, 0, 0, 0, 0, 0, 0, 0, 0, 0, 0,
    0, 0, 0, 0, 0, 0, 0, 0, 0, 0, 0, 0, 0, 0, 0, 0, 0, 0, 0, 0, 0, 0, 0, 0,
    0, 0, 0, 0, 0, 0, 0, 0, 0, 0, 0, 0, 0, 0, 0, 0, 0, 0, 0, 0, 0, 0, 0, 0,
    0, 0, 0, 0, 0, 0, 0, 0, 0, 0, 0, 0, 0, 0, 0, 0, 0, 0, 0, 0, 14, 0, 0, 0,
    0, 0, 14, 14, 14, 0, 0, 14, 14, 14, 14, 0, 0, 0, 0, 0, 0, 0, 0, 0, 0, 0, 0, 0,
    0, 0, 0, 0, 0, 0, 0, 0, 0, 0, 0, 0, 0, 0, 0, 0, 0, 0, 0, 0, 0, 0, 0, 0,
    0, 0, 0, 0, 0, 0, 0, 0, 0, 0, 0, 0, 0, 0, 0, 0, 0, 0, 0, 14, 14, 14, 14, 0,
    0, 14, 14, 14, 0, 0, 0, 0, 0, 0, 14, 0, 0, 0, 0, 0, 0, 0, 0, 0, 0, 0, 0, 0,
    0, 0, 0, 0, 0, 0, 0, 0, 0, 0, 0, 0, 0, 0, 0, 0, 0, 0, 0, 0, 0, 0, 0, 0,
    0, 0, 0, 0, 0, 0, 0, 0, 0, 0, 0, 0, 0, 0, 0, 0, 0, 0, 0, 0, 0, 0, 0, 0,
    0, 0, 0, 0, 0, 0, 0, 0, 0, 0, 0, 0, 0, 0, 0, 0, 0, 0, 0, 0, 0, 0, 0, 0,
    0, 0, 0, 0, 0, 0, 0, 0, 0, 0, 0, 0, 0, 0, 0, 0, 0, 0, 0, 0, 14, 0, 0, 0,
    14, 14, 14, 0, 14, 14, 14, 14, 0, 0, 14, 0, 0, 0, 0, 0, 0, 0, 0, 0, 0, 0, 0, 0,
    0, 0, 0, 0, 0, 0, 0, 0, 0, 0, 0, 0, 0, 0, 0, 0, 0, 0, 0, 0, 0, 0, 0, 0,
    0, 0, 0, 0, 0, 0, 0, 0, 0, 0, 0, 0, 0, 0, 0, 0, 0, 0, 0, 14, 0, 0, 14, 14,
    14, 14, 0, 14, 14, 14, 0, 0, 0, 0, 14, 0, 0, 0, 0, 0, 0, 0, 0, 0, 0, 0, 0, 0,
    0, 0, 0, 0, 0, 0, 0, 0, 0, 0, 0, 0, 0, 0, 0, 0, 0, 0, 0, 0, 0, 0, 0, 0,
    0, 0, 0, 0, 0, 0, 0, 0, 0, 0, 0, 0, 0, 0, 0, 0, 0, 0, 0, 0, 0, 0, 0, 0,
    0, 0, 0, 0, 0, 0, 0, 0, 0, 0, 0, 0, 0, 0, 0, 0, 0, 0, 0, 0, 0, 0, 0, 0,
    0, 0, 0, 0, 0, 0, 0, 0, 0, 0, 0, 0, 0, 0, 0, 0, 0, 0, 0, 0, 14, 0, 14, 14,
    14, 0, 0, 0, 0, 0, 0, 0, 0, 0, 14, 0, 0, 0, 0, 0, 0, 0, 0, 0, 0, 0, 0, 0,
    0, 0, 0, 0, 0, 0, 0, 0, 0, 0, 0, 0, 0, 0, 0, 0, 0, 0, 0, 0, 0, 0, 0, 0,
    0, 0, 0, 0, 0, 0, 0, 0, 0, 0, 0, 0, 0, 0, 0, 0, 0, 0, 0, 14, 0, 0, 0, 0,
    0, 0, 0, 0, 0, 14, 14, 14, 0, 0, 14, 0, 0, 0, 0, 0, 0, 0, 0, 0, 0, 0, 0, 0,
    0, 0, 0, 0, 0, 0, 0, 0, 0, 0, 0, 0, 0, 0, 0, 0, 0, 0, 0, 0, 0, 0, 0, 0,
    0, 0, 0, 0, 0, 0, 0, 0, 0, 0, 0, 0, 0, 0, 0, 0, 0, 0, 0, 0, 0, 0, 0, 0,
    0, 0, 0, 0, 0, 0, 0, 0, 0, 0, 0, 0, 0, 0, 0, 0, 0, 0, 0, 0, 0, 0, 0, 0,
    0, 0, 0, 0, 0, 0, 0, 0, 0, 0, 0, 0, 0, 0, 0, 0, 0, 0, 0, 0, 14, 14, 14, 0,
    0, 0, 0, 0, 0, 0, 0, 0, 0, 0, 14, 0, 0, 0, 0, 0, 0, 0, 0, 0, 0, 0, 0, 0,
    0, 0, 0, 0, 0, 0, 0, 0, 0, 0, 0, 0, 0, 0, 0, 0, 0, 0, 0, 0, 0, 0, 0, 0,
    0, 0, 0, 0, 0, 0, 0, 0, 0, 0, 0, 0, 0, 0, 0, 0, 0, 0, 0, 14, 0, 0, 0, 0,
    0, 0, 0, 0, 0, 0, 0, 14, 14, 14, 14, 0, 0, 0, 0, 0, 0, 0, 0, 0, 0, 0, 0, 0,
    0, 0, 0, 0, 0, 0, 0, 0, 0, 0, 0, 0, 0, 0, 0, 0, 0, 0, 0, 0, 0, 0, 0, 0,
    0, 0, 0, 0, 0, 0, 0, 0, 0, 0, 0, 0, 0, 0, 0, 0, 0, 0, 0, 0, 0, 0, 0, 0,
    0, 0, 0, 0, 0, 0, 0, 0, 0, 0, 0, 0, 0, 0, 0, 0, 0, 0, 0, 0, 0, 0, 0, 0,
    0, 0, 0, 0, 0, 0, 0, 0, 0, 0, 0, 0, 0, 0, 0, 0, 0, 0, 0, 0, 0, 0, 0, 0,
    0, 0, 0, 0, 0, 0, 0, 0, 0, 0, 14, 0, 0, 0, 0, 0, 0, 0, 0, 0, 0, 0, 0, 0,
    0, 0, 0, 0, 0, 0, 0, 0, 0, 0, 0, 0, 0, 0, 0, 0, 0, 0, 0, 0, 0, 0, 0, 0,
    0, 0, 0, 0, 0, 0, 0, 0, 0, 0, 0, 0, 0, 0, 0, 0, 0, 0, 0, 14, 0, 0, 0, 0,
    0, 0, 0, 0, 0, 0, 0, 0, 0, 0, 0, 0, 0, 0, 0, 0, 0, 0, 0, 0, 0, 0, 0, 0,
    0, 0, 0, 0, 0, 0, 0, 0, 0, 0, 0, 0, 0, 0, 0, 0, 0, 0, 0, 0, 0, 0, 0, 0,
    0, 0, 0, 0, 0, 0, 0, 0, 0, 0, 0, 0, 0, 0, 0, 0, 0, 0, 0, 0, 0, 0, 0, 0,
    0, 0, 0, 0, 0, 0, 0, 0, 0, 0, 0, 0, 0, 0, 0, 0, 0, 0, 0, 0, 0, 0, 0, 0,
    0, 0, 0, 0, 0, 0, 0, 0, 0, 0, 0, 0, 0, 0, 0, 0, 0, 0, 0, 0, 0, 0, 0, 0,
    0, 0, 0, 0, 0, 0, 0, 0, 0, 0, 14, 0, 0, 0, 0, 0, 0, 0, 0, 0, 0, 0, 0, 0,
    0, 0, 0, 0, 0, 0, 0, 0, 0, 0, 0, 0, 0, 0, 0, 0, 0, 0, 0, 0, 0, 0, 0, 0,
    0, 0, 0, 0, 0, 0, 0, 0, 0, 0, 0, 0, 0, 0, 0, 0, 0, 0, 0, 14, 0, 0, 0, 0,
    0, 0, 0, 0, 0, 0, 0, 0, 0, 0, 0, 0, 0, 0, 0, 0, 0, 0, 0, 0, 0, 0, 0, 0,
    0, 0, 0, 0, 0, 0, 0, 0, 0, 0, 0, 0, 0, 0, 0, 0, 0, 0, 0, 0, 0, 0, 0, 0,
    0, 0, 0, 0, 0, 0, 0, 0, 0, 0, 0, 0, 0, 0, 0, 0, 0, 0, 0, 0, 0, 0, 0, 0,
    0, 0, 0, 0, 0, 0, 0, 0, 0, 0, 0, 0, 0, 0, 0, 0, 0, 0, 0, 0, 0, 0, 0, 0,
    0, 0, 0, 0, 0, 0, 0, 0, 0, 0, 0, 0, 0, 0, 0, 0, 0, 0, 0, 0, 0, 0, 0, 0,
    0, 0, 0, 0, 0, 0, 0, 0, 0, 0, 14, 14, 14, 14, 14, 0, 0, 14, 14, 14, 14, 14, 14, 14,
    14, 14, 14, 0, 0, 14, 14, 14, 14, 14, 14, 0, 0, 0, 0, 0, 0, 0, 0, 14, 14, 14, 14, 14,
    14, 0, 0, 14, 14, 14, 14, 14, 14, 14, 14, 14, 14, 0, 0, 14, 14, 14, 14, 14, 0, 0, 0, 0,
    0, 0, 0, 0, 0, 0, 0, 0, 0, 0, 0, 0, 0, 0, 0, 0, 0, 0, 0, 0, 0, 0, 0, 0,
    0, 0, 0, 0, 0, 0, 0, 0, 0, 0, 0, 0, 0, 0, 0, 0, 0, 0, 0, 0, 0, 0, 0, 0,
    0, 0, 0, 0, 0, 0, 0, 0, 0, 0, 0, 0, 0, 0, 0, 0, 0, 0, 0, 0, 0, 0, 0, 0,
    0, 0, 0, 0, 0, 0, 0, 0, 0, 0, 0, 0, 0, 0, 0, 0, 0, 0, 0, 0, 0, 0, 0, 0,
    0, 0, 0, 0, 0, 0, 0, 0, 0, 0, 0, 0, 0, 0, 0, 0, 0, 0, 0, 0, 0, 0, 0, 0,
    0, 0, 0, 0, 0, 0, 0, 0, 0, 0, 0, 0, 0, 0, 14, 14, 14, 14, 0, 0, 0, 0, 0, 0,
    0, 0, 14, 14, 14, 14, 14, 14, 14, 14, 14, 0, 0, 0, 0, 0, 0, 0, 0, 14, 0, 0, 0, 0,
    14, 14, 14, 14, 0, 0, 0, 0, 0, 0, 0, 0, 14, 14, 14, 14, 0, 0, 0, 0, 0, 0, 0, 0,
    0, 0, 0, 0, 0, 0, 0, 0, 0, 0, 0, 0, 0, 0, 0, 0, 0, 0, 0, 0, 0, 0, 0, 0,
    0, 0, 0, 0, 0, 0, 0, 0, 0, 0, 0, 0, 0, 0, 0, 0, 0, 0, 0, 0, 0, 0, 0, 0,
    0, 0, 0, 0, 0, 0, 0, 0, 0, 0, 0, 0, 0, 0, 0, 0, 0, 0, 0, 0, 0, 0, 0, 0,
    0, 0, 0, 0, 0, 0, 0, 0, 0, 0, 0, 0, 0, 0, 0, 0, 0, 0, 0, 0, 0, 0, 0, 0,
    0, 0, 0, 0, 0, 0, 0, 0, 0, 0, 0, 0, 0, 0, 0, 0, 0, 0, 0, 0, 0, 0, 0, 0,
    0, 0, 0, 0, 0, 0, 0, 0, 0, 0, 0, 0, 0, 0, 0, 0, 0, 0, 0, 0, 0, 0, 0, 0,
    0, 0, 0, 0, 0, 0, 0, 0, 0, 0, 14, 0, 0, 0, 0, 0, 0, 0, 0, 14, 0, 0, 0, 0,
    0, 0, 0, 0, 0, 0, 0, 0, 0, 0, 0, 0, 0, 0, 0, 0, 0, 0, 0, 0, 0, 0, 0, 0,
    0, 0, 0, 0, 0, 0, 0, 0, 0, 0, 0, 0, 0, 0, 0, 0, 0, 0, 0, 0, 0, 0, 0, 0,
    0, 0, 0, 0, 0, 0, 0, 0, 0, 0, 0, 0, 0, 0, 0, 0, 0, 0, 0, 0, 0, 0, 0, 0,
    0, 0, 0, 0, 0, 0, 0, 0, 0, 0, 0, 0, 0, 0, 0, 0, 0, 0, 0, 0, 0, 0, 0, 0,
    0, 0, 0, 0, 0, 0, 0, 0, 0, 0, 0, 0, 0, 0, 0, 0, 0, 0, 0, 0, 0, 0, 0, 0,
    0, 0, 0, 0, 0, 0, 0, 0, 0, 0, 0, 0, 0, 0, 0, 0, 0, 0, 0, 0, 0, 0, 0, 0,
    0, 0, 0, 0, 0, 0, 0, 0, 0, 0, 0, 0, 0, 0, 0, 0, 0, 0, 0, 0, 0, 0, 0, 0,
    0, 0, 0, 0, 0, 0, 0, 0, 0, 0, 14, 0, 0, 0, 0, 0, 0, 0, 0, 14, 0, 0, 0, 0,
    0, 0, 0, 0, 0, 0, 0, 0, 0, 0, 0, 0, 0, 0, 0, 0, 0, 0, 0, 0, 0, 0, 0, 0,
    0, 0, 0, 0, 0, 0, 0, 0, 0, 0, 0, 0, 0, 0, 0, 0, 0, 0, 0, 0, 0, 0, 0, 0,
    0, 0, 0, 0, 0, 0, 0, 0, 0, 0, 0, 0, 0, 0, 0, 0, 0, 0, 0, 0, 0, 0, 0, 0,
    0, 0, 0, 0, 0, 0, 0, 0, 0, 0, 0, 0, 0, 0, 0, 0, 0, 0, 0, 0, 0, 0, 0, 0,
    0, 0, 0, 0, 0, 0, 0, 0, 0, 0, 0, 0, 0, 0, 0, 0, 0, 0, 0, 0, 0, 0, 0, 0,
    0, 0, 0, 0, 0, 0, 0, 0, 0, 0, 0, 0, 0, 0, 0, 0, 0, 0, 0, 0, 0, 0, 0, 0,
    0, 0, 0, 0, 0, 0, 0, 0, 0, 0, 0, 0, 0, 0, 0, 0, 0, 0, 0, 0, 0, 0, 0, 0,
    0, 0, 0, 0, 0, 0, 0, 0, 0, 0, 14, 0, 0, 0, 0, 0, 0, 0, 0, 14, 0, 0, 0, 0,
    0, 0, 0, 0, 0, 0, 0, 0, 0, 0, 0, 0, 0, 0, 0, 0, 0, 0, 0, 0, 0, 0, 0, 0,
    0, 0, 0, 0, 0, 0, 0, 0, 0, 0, 0, 0, 0, 0, 0, 0, 0, 0, 0, 0, 0, 0, 0, 0,
    0, 0, 0, 0, 0, 0, 0, 0, 0, 0, 0, 0, 0, 0, 0, 0, 0, 0, 0, 0, 0, 0, 0, 0,
    0, 0, 0, 0, 0, 0, 0, 0, 0, 0, 0, 0, 0, 0, 0, 0, 0, 0, 0, 0, 0, 0, 0, 0,
    0, 0, 0, 0, 0, 0, 0, 0, 0, 0, 0, 0, 0, 0, 0, 0, 0, 0, 0, 0, 0, 0, 0, 0,
    0, 0, 0, 0, 0, 0, 0, 0, 0, 0, 0, 0, 0, 0, 0, 0, 0, 0, 0, 0, 0, 0, 0, 0,
    0, 0, 0, 0, 0, 0, 0, 0, 0, 0, 0, 0, 0, 0, 0, 0, 0, 0, 0, 0, 0, 0, 0, 0,
    0, 0, 0, 0, 0, 0, 0, 0, 0, 0, 14, 0, 0, 0, 0, 0, 0, 0, 0, 14, 0, 0, 0, 0,
    0, 0, 0, 0, 0, 0, 0, 0, 0, 0, 0, 0, 0, 0, 0, 0, 0, 0, 0, 0, 0, 0, 0, 0,
    0, 0, 0, 0, 0, 0, 0, 0, 0, 0, 0, 0, 0, 0, 0, 0, 0, 0, 0, 0, 0, 0, 0, 0,
    0, 0, 0, 0, 0, 0, 0, 0, 0, 0, 0, 0, 0, 0, 0, 0, 0, 0, 0, 0, 0, 0, 0, 0,
    0, 0, 0, 0, 0, 0, 0, 0, 0, 0, 0, 0, 0, 0, 0, 0, 0, 0, 0, 0, 0, 0, 0, 0,
    0, 0, 0, 0, 0, 0, 0, 0, 0, 0, 0, 0, 0, 0, 0, 0, 0, 0, 0, 0, 0, 0, 0, 0,
    0, 0, 0, 0, 0, 0, 0, 0, 0, 0, 0, 0, 0, 0, 0, 0, 0, 0, 0, 0, 0, 0, 0, 0,
    0, 0, 0, 0, 0, 0, 0, 0, 0, 0, 0, 0, 0, 0, 0, 0, 0, 0, 0, 0, 0, 0, 0, 0,
    0, 0, 0, 0, 0, 0, 0, 0, 0, 0, 14, 0, 0, 0, 0, 0, 0, 0, 0, 14, 0, 0, 0, 0,
    0, 0, 0, 0, 0, 0, 0, 0, 0, 0, 0, 0, 0, 0, 0, 0, 0, 0, 0, 0, 0, 0, 0, 0,
    0, 0, 0, 0, 0, 0, 0, 0, 0, 0, 0, 0, 0, 0, 0, 0, 0, 0, 0, 0, 0, 0, 0, 0,
    0, 0, 0, 0, 0, 0, 0, 0, 0, 0, 0, 0, 0, 0, 0, 0, 0, 0, 0, 0, 0, 0, 0, 0,
    0, 0, 0, 0, 0, 0, 0, 0, 0, 0, 0, 0, 0, 0, 0, 0, 0, 0, 0, 0, 0, 0, 0, 0,
    0, 0, 0, 0, 0, 0, 0, 0, 0, 0, 0, 0, 0, 0, 0, 0, 0, 0, 0, 0, 0, 0, 0, 0,
    0, 0, 0, 0, 0, 0, 0, 0, 0, 0, 0, 0, 0, 0, 0, 0, 0, 0, 0, 0, 0, 0, 0, 0,
    0, 0, 0, 0, 0, 0, 0, 0, 0, 0, 0, 0, 0, 0, 0, 0, 0, 0, 0, 0, 0, 0, 0, 0,
    0, 0, 0, 0, 0, 0, 0, 0, 0, 0, 14, 0, 0, 0, 0, 0, 0, 0, 0, 14, 0, 0, 0, 0,
    0, 0, 0, 0, 0, 0, 0, 0, 0, 0, 0, 0, 0, 0, 0, 0, 0, 0, 0, 0, 0, 0, 0, 0,
    0, 0, 0, 0, 0, 0, 0, 0, 0, 0, 0, 0, 0, 0, 0, 0, 0, 0, 0, 0, 0, 0, 0, 0,
    0, 0, 0, 0, 0, 0, 0, 0, 0, 0, 0, 0, 0, 0, 0, 0, 0, 0, 0, 0, 0, 0, 0, 0,
    0, 0, 0, 0, 0, 0, 0, 0, 0, 0, 0, 0, 0, 0, 0, 0, 0, 0, 0, 0, 0, 0, 0, 0,
    0, 0, 0, 0, 0, 0, 0, 0, 0, 0, 0, 0, 0, 0, 0, 0, 0, 0, 0, 0, 0, 0, 0, 0,
    0, 0, 0, 0, 0, 0, 0, 0, 0, 0, 0, 0, 0, 0, 0, 0, 0, 0, 0, 0, 0, 0, 0, 0,
    0, 0, 0, 0, 0, 0, 0, 0, 0, 0, 0, 0, 0, 0, 0, 0, 0, 0, 0, 0, 0, 0, 0, 0,
    0, 0, 0, 0, 0, 0, 0, 0, 0, 0, 14, 14, 14, 14, 0, 0, 14, 14, 14, 14, 0, 0, 0, 0,
    0, 0, 0, 0, 0, 0, 0, 0, 0, 0, 0, 0, 0, 0, 0, 0, 0, 0, 0, 0, 0, 0, 0, 0,
    0, 0, 0, 0, 0, 0, 0, 0, 0, 0, 0, 0, 0, 0, 0, 0, 0, 0, 0, 0, 0, 0, 0, 0,
    0, 0, 0, 0, 0, 0, 0, 0, 0, 0, 0, 0, 0, 0, 0, 0, 0, 0, 0, 0, 0, 0, 0, 0,
    0, 0, 0, 0, 0, 0, 0, 0, 0, 0, 0, 0, 0, 0, 0, 0, 0, 0, 0, 0, 0, 0, 0, 0,
    0, 0, 0, 0, 0, 0, 0, 0, 0, 0, 0, 0, 0, 0, 0, 0, 0, 0, 0, 0, 0, 0, 0, 0,
    0, 0, 0, 0, 0, 0, 0, 0, 0, 0, 0, 0, 0, 0, 0, 0, 0, 0, 0, 0, 0, 0, 0, 0,
    0, 0, 0, 0, 0, 0, 0, 0, 0, 0, 0, 0, 0, 0, 0, 0, 0, 0, 0, 0, 0, 0, 0, 0,
    0, 0, 0, 0, 0, 0, 0, 0, 0, 0, 0, 0, 0, 14, 14, 14, 14, 0, 0, 0, 0, 0, 0, 0,
    0, 0, 0, 0, 0, 0, 0, 0, 0, 0, 0, 0, 0, 0, 0, 0, 0, 0, 0, 0, 0, 0, 0, 0,
    0, 0, 0, 0, 0, 0, 0, 0, 0, 0, 0, 0, 0, 0, 0, 0, 0, 0, 0, 0, 0, 0, 0, 0,
    0, 0, 0, 0, 0, 0, 0, 0, 0, 0, 0, 0, 0, 0, 0, 0, 0, 0, 0, 0, 0, 0, 0, 0,
    0, 0, 0, 0, 0, 0, 0, 0, 0, 0, 0, 0, 0, 0, 0, 0, 0, 0, 0, 0, 0, 0, 0, 0,
    0, 0, 0, 0, 0, 0, 0, 0, 0, 0, 0, 0, 0, 0, 0, 0, 0, 0, 0, 0, 0, 0, 0, 0,
    0, 0, 0, 0, 0, 0, 0, 0, 0, 0, 0, 0, 0, 0, 0, 0, 0, 0, 0, 0, 0, 0, 0, 0,
    0, 0, 0, 0, 0, 0, 0, 0, 0, 0, 0, 0, 0, 0, 0, 0, 0, 0, 0, 0, 0, 0, 0, 0,
    0, 0, 0, 0, 0, 0, 0, 0, 0, 0, 0, 0, 0, 0, 0, 0, 0, 0, 0, 0, 0, 0, 0, 0,
    0, 0, 0, 0, 0, 0, 0, 0, 0, 0, 0, 0, 0, 0, 0, 0, 0, 0, 0, 0, 0, 0, 0, 0,
    0, 0, 0, 0, 0, 0, 0, 0, 0, 0, 0, 0, 0, 0, 0, 0, 0, 0, 0, 0, 0, 0, 0, 0,
    0, 0, 0, 0, 0, 0, 0, 0, 0, 0, 0, 0, 0, 0, 0, 0, 0, 0, 0, 0, 0, 0, 0, 0,
    0, 0, 0, 0, 0, 0, 0, 0, 0, 0, 0, 0, 0, 0, 0, 0, 0, 0, 0, 0, 0, 0, 0, 0,
    0, 0, 0, 0, 0, 0, 0, 0, 0, 0, 0, 0, 0, 0, 0, 0, 0, 0, 0, 0, 0, 0, 0, 0,
    0, 0, 0, 0, 0, 0, 0, 0, 0, 0, 0, 0, 0, 0, 0, 0, 0, 0, 0, 0, 0, 0, 0, 0,
    0, 0, 0, 0, 0, 0, 0, 0, 0, 0, 0, 0, 0, 0, 0, 0, 0, 0, 0, 0, 0, 0, 0, 0,
    0, 0, 0, 0, 0, 0, 0, 0, 0, 0, 0, 0, 0, 0, 0, 0, 0, 0, 0, 0, 0, 0, 0, 0,
    0, 0, 0, 0, 0, 0, 0, 0, 0, 0, 0, 0, 0, 0, 0, 0, 0, 0, 0, 0, 0, 0, 0, 0,
    0, 0, 0, 0, 0, 0, 0, 0, 0, 0, 0, 0, 0, 0, 0, 0, 0, 0, 0, 0, 0, 0, 0, 0,
    0, 0, 0, 0, 0, 0, 0, 0, 0, 0, 0, 0, 0, 0, 0, 0, 0, 0, 0, 0, 0, 0, 0, 0,
    0, 0, 0, 0, 0, 0, 0, 0, 0, 0, 0, 0, 0, 0, 0, 0, 0, 0, 0, 0, 0, 0, 0, 0,
    0, 0, 0, 0, 0, 0, 0, 0, 0, 0, 0, 0, 0, 0, 0, 0, 0, 0, 0, 0, 0, 0, 0, 0,
    0, 0, 0, 0, 0, 0, 0, 0, 0, 0, 0, 0, 0, 0, 0, 0, 0, 0, 0, 0, 0, 0, 0, 0,
    0, 0, 0, 0, 0, 0, 0, 0, 0, 0, 0, 0, 0, 0, 0, 0, 0, 0, 0, 0, 0, 0, 0, 0,
    0, 0, 0, 0, 0, 0, 0, 0, 0, 0, 0, 0, 0, 0, 0, 0, 0, 0, 0, 0, 0, 0, 0, 0,
    0, 0, 0, 0, 0, 0, 0, 0, 0, 0, 0, 0, 0, 0, 0, 0, 0, 0, 0, 0, 0, 0, 0, 0,
    0, 0, 0, 0, 0, 0, 0, 0, 0, 0, 0, 0, 0, 0, 0, 0, 0, 0, 0, 0, 0, 0, 0, 0,
    0, 0, 0, 0, 0, 0, 0, 0, 0, 0, 0, 0, 0, 0, 0, 0, 0, 0, 0, 0, 0, 0, 0, 0,
    0, 0, 0, 0, 0, 0, 0, 0, 0, 0, 0, 0, 0, 0, 0, 0, 0, 0, 0, 0, 0, 0, 0, 0,
    0, 0, 0, 0, 0, 0, 0, 0, 0, 0, 0, 0, 0, 0, 0, 0, 0, 0, 0, 0, 0, 0, 0, 0,
    0, 0, 0, 0, 0, 0, 0, 0, 0, 0, 0, 0, 0, 0, 0, 0, 0, 0, 0, 0, 0, 0, 0, 0,
    0, 0, 0, 0, 0, 0, 0, 0, 0, 0, 0, 0, 0, 0, 0, 0, 0, 0, 0, 0, 0, 0, 0, 0,
    0, 0, 0, 0, 0, 0, 0, 0, 0, 0, 0, 0, 0, 0, 0, 0, 0, 0, 0, 0, 0, 0, 0, 0,
    0, 0, 0, 0, 0, 0, 0, 0, 0, 0, 0, 0, 0, 0, 0, 0, 0, 0, 0, 0, 0, 0, 0, 0,
    0, 0, 0, 0, 0, 0, 0, 0, 0, 0, 0, 0, 0, 0, 0, 0, 0, 0, 0, 0, 0, 0, 0, 0,
    0, 0, 0, 0, 0, 0, 0, 0, 0, 0, 0, 0, 0, 0, 0, 0, 0, 0, 0, 0, 0, 0, 0, 0,
    0, 0, 0, 0, 0, 0, 0, 0, 0, 0, 0, 0, 0, 0, 0, 0, 0, 0, 0, 0, 0, 0, 0, 0,
    0, 0, 0, 0, 0, 0, 0, 0, 0, 0, 0, 0, 0, 0, 0, 0, 0, 0, 0, 0, 0, 0, 0, 0,
    0, 0, 0, 0, 0, 0, 0, 0, 0, 0, 0, 0, 0, 0, 0, 0, 0, 0, 0, 0, 0, 0, 0, 0,
    0, 0, 0, 0, 0, 0, 0, 0, 0, 0, 0, 0, 0, 0, 0, 0, 0, 0, 0, 0, 0, 0, 0, 0,
    0, 0, 0, 0, 0, 0, 0, 0, 0, 0, 0, 0, 0, 0, 0, 0, 0, 0, 0, 0, 0, 0, 0, 0,
    0, 0, 0, 0, 0, 0, 0, 0, 0, 0, 0, 0, 0, 0, 0, 0, 0, 0, 0, 0, 0, 0, 0, 0,
    0, 0, 0, 0, 0, 0, 0, 0, 0, 0, 0, 0, 0, 0, 0, 0, 0, 0, 0, 0, 0, 0, 0, 0,
    0, 0, 0, 0, 0, 0, 0, 0, 0, 0, 0, 0, 0, 0, 0, 0, 0, 0, 0, 0, 0, 0, 0, 0,
    0, 0, 0, 0, 0, 0, 0, 0, 0, 0, 0, 0, 0, 0, 0, 0, 0, 0, 0, 0, 0, 0, 0, 0,
    0, 0, 0, 0, 0, 0, 0, 0, 0, 0, 0, 0, 0, 0, 0, 0, 0, 0, 0, 0, 0, 0, 0, 0,
    0, 0, 0, 0, 0, 0, 0, 0, 0, 0, 0, 0, 0, 0, 0, 0, 0, 0, 0, 0, 0, 0, 0, 0,
    0, 0, 0, 0, 0, 0, 0, 0, 0, 0, 0, 0, 0, 0, 0, 0, 0, 0, 0, 0, 0, 0, 0, 0,
    0, 0, 0, 0, 0, 0, 0, 0, 0, 0, 0, 0, 0, 0, 0, 0, 0, 0, 0, 0, 0, 0, 0, 0,
    0, 0, 0, 0, 0, 0, 0, 0, 0, 0, 0, 0, 0, 0, 0, 0, 0, 0, 0, 0, 0, 0, 0, 0,
    0, 0, 0, 0, 0, 0, 0, 0, 0, 0, 0, 0, 0, 0, 0, 0, 0, 0, 0, 0, 0, 0, 0, 0,
    0, 0, 0, 0, 0, 0, 0, 0, 0, 0, 0, 0, 0, 0, 0, 0, 0, 0, 0, 0, 0, 0, 0, 0,
    0, 0, 0, 0, 0, 0, 0, 0, 0, 0, 0, 0, 0, 0, 0, 0, 0, 0, 0, 0, 0, 0, 0, 0,
    0, 0, 0, 0, 0, 0, 0, 0, 0, 0, 0, 0, 0, 0, 0, 0, 0, 0, 0, 0, 0, 0, 0, 0,
    0, 0, 0, 0, 0, 0, 0, 0, 0, 0, 0, 0, 0, 0, 0, 0, 0, 0, 0, 0, 0, 0, 0, 0,
    0, 0, 0, 0, 0, 0, 0, 0, 0, 0, 0, 0, 0, 0, 0, 0, 0, 0, 0, 0, 0, 0, 0, 0,
    0, 0, 0, 0, 0, 0, 0, 0, 0, 0, 0, 0, 0, 0, 0, 0, 0, 0, 0, 0, 0, 0, 0, 0,
    0, 0, 0, 0, 0, 0, 0, 0, 0, 0, 0, 0, 0, 0, 0, 0, 0, 0, 0, 0, 0, 0, 0, 0,
    0, 0, 0, 0, 0, 0, 0, 0, 0, 0, 0, 0, 0, 0, 0, 0, 0, 0, 0, 0, 0, 0, 0, 0,
    0, 0, 0, 0, 0, 0, 0, 0, 0, 0, 0, 0, 0, 0, 0, 0, 0, 0, 0, 0, 0, 0, 0, 0,
    0, 0, 0, 0, 0, 0, 0, 0, 0, 0, 0, 0, 0, 0, 0, 0, 0, 0, 0, 0, 0, 0, 0, 0,
    0, 0, 0, 0, 0, 0, 0, 0, 0, 0, 0, 0, 0, 0, 0, 0, 0, 0, 0, 0, 0, 0, 0, 0,
    0, 0, 0, 0, 0, 0, 0, 0, 0, 0, 0, 0, 0, 0, 0, 0, 0, 0, 0, 0, 0, 0, 0, 0,
    0, 0, 0, 0, 0, 0, 0, 0, 0, 0, 0, 0, 0, 0, 0, 0, 0, 0, 0, 0, 0, 0, 0, 0,
    0, 0, 0, 0, 0, 0, 0, 0, 0, 0, 0, 0, 0, 0, 0, 0, 0, 0, 0, 0, 0, 0, 0, 0,
    0, 0, 0, 0, 0, 0, 0, 0, 0, 0, 0, 0, 0, 0, 0, 0, 0, 0, 0, 0, 0, 0, 0, 0,
    0, 0, 0, 0, 0, 0, 0, 0, 0, 0, 0, 0, 0, 0, 0, 0, 0, 0, 0, 0, 0, 0, 0, 0,
    0, 0, 0, 0, 0, 0, 0, 0, 0, 0, 0, 0, 0, 0, 0, 0, 0, 0, 0, 0, 0, 0, 0, 0,
    0, 0, 0, 0, 0, 0, 0, 0, 0, 0, 0, 0, 0, 0, 0, 0, 0, 0, 0, 0, 0, 0, 0, 0,
    0, 0, 0, 0, 0, 0, 0, 0, 0, 0, 0, 0, 0, 0, 0, 0, 0, 0, 0, 0, 0, 0, 0, 0,
    0, 0, 0, 0, 0, 0, 0, 0, 0, 0, 0, 0, 0, 0, 0, 0, 0, 0, 0, 0, 0, 0, 0, 0,
    0, 0, 0, 0, 0, 0, 0, 0, 0, 0, 0, 0, 0, 0, 0, 0, 0, 0, 0, 0, 0, 0, 0, 0,
    0, 0, 0, 0, 0, 0, 0, 0, 0, 0, 0, 0, 0, 0, 0, 0, 0, 0, 0, 0, 0, 0, 0, 0,
    0, 0, 0, 0, 0, 0, 0, 0, 0, 0, 0, 0, 0, 0, 0, 0, 0, 0, 0, 0, 0, 0, 0, 0,
    0, 0, 0, 0, 0, 0, 0, 0, 0, 0, 0, 0, 0, 0, 0, 0, 0, 0, 0, 0, 0, 0, 0, 0,
    0, 0, 0, 0, 0, 0, 0, 0, 0, 0, 0, 0, 0, 0, 0, 0, 0, 0, 0, 0, 0, 0, 0, 0,
    0, 0, 0, 0, 0, 0, 0, 0, 0, 0, 0, 0, 0, 0, 0, 0, 0, 0, 0, 0, 0, 0, 0, 0,
    0, 0, 0, 0, 0, 0, 0, 0, 0, 0, 0, 0, 0, 0, 0, 0, 0, 0, 0, 0, 0, 0, 0, 0,
    0, 0, 0, 0, 0, 0, 0, 0, 0, 0, 0, 0, 0, 0, 0, 0, 0, 0, 0, 0, 0, 0, 0, 0,
    0, 0, 0, 0, 0, 0, 0, 0, 0, 0, 0, 0, 0, 0, 0, 0, 0, 0, 0, 0, 0, 0, 0, 0,
    0, 0, 0, 0, 0, 0, 0, 0, 0, 0, 0, 0, 0, 0, 0, 0, 0, 0, 0, 0, 0, 0, 0, 0,
    0, 0, 0, 0, 0, 0, 0, 0, 0, 0, 0, 0, 0, 0, 0, 0, 0, 0, 0, 0, 0, 0, 0, 0,
    0, 0, 0, 0, 0, 0, 0, 0, 0, 0, 0, 0, 0, 0, 0, 0, 0, 0, 0, 0, 0, 0, 0, 0,
    0, 0, 0, 0, 0, 0, 0, 0, 0, 0, 0, 0, 0, 0, 0, 0, 0, 0, 0, 0, 0, 0, 0, 0,
    0, 0, 0, 0, 0, 0, 0, 0, 0, 0, 0, 0, 0, 0, 0, 0, 0, 0, 0, 0, 0, 0, 0, 0,
    0, 0, 0, 0, 0, 0, 0, 0, 0, 0, 0, 0, 0, 0, 0, 0, 0, 0, 0, 0, 0, 0, 0, 0,
    0, 0, 0, 0, 0, 0, 0, 0, 0, 0, 0, 0, 0, 0, 0, 0, 0, 0, 0, 0, 0, 0, 0, 0,
    0, 0, 0, 0, 0, 0, 0, 0, 0, 0, 0, 0, 0, 0, 0, 0, 0, 0, 0, 0, 0, 0, 0, 0,
    0, 0, 0, 0, 0, 0, 0, 0, 0, 0, 0, 0, 0, 0, 0, 0, 0, 0, 0, 0, 0, 0, 0, 0,
    0, 0, 0, 0, 0, 0, 0, 0, 0, 0, 0, 0, 0, 0, 0, 0, 0, 0, 0, 0, 0, 0, 0, 0,
    0, 0, 0, 0, 0, 0, 0, 0, 0, 0, 0, 0, 0, 0, 0, 0, 0, 0, 0, 0, 0, 0, 0, 0,
    0, 0, 0, 0, 0, 0, 0, 0, 0, 0, 0, 0, 0, 0, 0, 0, 0, 0, 0, 0, 0, 0, 0, 0,
    0, 0, 0, 0, 0, 0, 0, 0, 0, 0, 0, 0, 0, 0, 0, 0, 0, 0, 0, 0, 0, 0, 0, 0,
    0, 0, 0, 0, 0, 0, 0, 0, 0, 0, 0, 0, 0, 0, 0, 0, 0, 0, 0, 0, 0, 0, 0, 0,
    0, 0, 0, 0, 0, 0, 0, 0, 0, 0, 0, 0, 0, 0, 0, 0, 0, 0, 0, 0, 0, 0, 0, 0,
    0, 0, 0, 0, 0, 0, 0, 0, 0, 0, 0, 0, 0, 0, 0, 0, 0, 0, 0, 0, 0, 0, 0, 0,
    0, 0, 0, 0, 0, 0, 0, 0, 0, 0, 0, 0, 0, 0, 0, 0, 0, 0, 0, 0, 0, 0, 0, 0,
    0, 0, 0, 0, 0, 0, 0, 0, 0, 0, 0, 0, 0, 0, 0, 0, 0, 0, 0, 0, 0, 0, 0, 0,
    0, 0, 0, 0, 0, 0, 0, 0, 0, 0, 0, 0, 0, 0, 0, 0, 0, 0, 0, 0, 0, 0, 0, 0,
    0, 0, 0, 0, 0, 0, 0, 0, 0, 0, 0, 0, 0, 0, 0, 0, 0, 0, 0, 0, 0, 0, 0, 0,
    0, 0, 0, 0, 0, 0, 0, 0, 0, 0, 0, 0, 0, 0, 0, 0, 0, 0, 0, 0, 0, 0, 0, 0,
    0, 0, 0, 0, 0, 0, 0, 0, 0, 0, 0, 0, 0, 0, 0, 0, 0, 0, 0, 0, 0, 0, 0, 0,
    0, 0, 0, 0, 0, 0, 0, 0, 0, 0, 0, 0, 0, 0, 0, 0, 0, 0, 0, 0, 0, 0, 0, 0,
    0, 0, 0, 0, 0, 0, 0, 0, 0, 0, 0, 0, 0, 0, 0, 0, 0, 0, 0, 0, 0, 0, 0, 0,
    0, 0, 0, 0, 0, 0, 0, 0, 0, 0, 0, 0, 0, 0, 0, 0, 0, 0, 0, 0, 0, 0, 0, 0,
    0, 0, 0, 0, 0, 0, 0, 0, 0, 0, 0, 0, 0, 0, 0, 0, 0, 0, 0, 0, 0, 0, 0, 0,
    0, 0, 0, 0, 0, 0, 0, 0, 0, 0, 0, 0, 0, 0, 0, 0, 0, 0, 0, 0, 0, 0, 0, 0,
    0, 0, 0, 0, 0, 0, 0, 0, 0, 0, 0, 0, 0, 0, 0, 0, 0, 0, 0, 0, 0, 0, 0, 0,
    0, 0, 0, 0, 0, 0, 0, 0, 0, 0, 0, 0, 0, 0, 0, 0, 0, 0, 0, 0, 0, 0, 0, 0,
    0, 0, 0, 0, 0, 0, 0, 0, 0, 0, 0, 0, 0, 0, 0, 0, 0, 0, 0, 0, 0, 0, 0, 0,
    0, 0, 0, 0, 0, 0, 0, 0, 0, 0, 0, 0, 0, 0, 0, 0, 0, 0, 0, 0, 0, 0, 0, 0,
    0, 0, 0, 0, 0, 0, 0, 0, 0, 0, 0, 0, 0, 0, 0, 0, 0, 0, 0, 0, 0, 0, 0, 0,
    0, 0, 0, 0, 0, 0, 0, 0, 0, 0, 0, 0, 0, 0, 0, 0, 0, 0, 0, 0, 0, 0, 0, 0,
    0, 0, 0, 0, 0, 0, 0, 0, 0, 0, 0, 0, 0, 0, 0, 0, 0, 0, 0, 0, 0, 0, 0, 0,
    0, 0, 0, 0, 0, 0, 0, 0, 0, 0, 0, 0, 0, 0, 0, 0, 0, 0, 0, 0, 0, 0, 0, 0,
    0, 0, 0, 0, 0, 0, 0, 0, 0, 0, 0, 0, 0, 0, 0, 0, 0, 0, 0, 0, 0, 0, 0, 0,
    0, 0, 0, 0, 0, 0, 0, 0, 0, 0, 0, 0, 0, 0, 0, 0, 0, 0, 0, 0, 0, 0, 0, 0,
    0, 0, 0, 0, 0, 0, 0, 0, 0, 0, 0, 0, 0, 0, 0, 0, 0, 0, 0, 0, 0, 0, 0, 0,
    0, 0, 0, 0, 0, 0, 0, 0, 0, 0, 0, 0, 0, 0, 0, 0, 0, 0, 0, 0, 0, 0, 0, 0,
    0, 0, 0, 0, 0, 0, 0, 0, 0, 0, 0, 0, 0, 0, 0, 0, 0, 0, 0, 0, 0, 0, 0, 0,
    0, 0, 0, 0, 0, 0, 0, 0, 0, 0, 0, 0, 0, 0, 0, 0, 0, 0, 0, 0, 0, 0, 0, 0,
    0, 0, 0, 0, 0, 0, 0, 0, 0, 0, 0, 0, 0, 0, 0, 0, 0, 0, 0, 0, 0, 0, 0, 0,
    0, 0, 0, 0, 0, 0, 0, 0, 0, 0, 0, 0, 0, 0, 0, 0, 0, 0, 0, 0, 0, 0, 0, 0,
    0, 0, 0, 0, 0, 0, 0, 0, 0, 0, 0, 0, 0, 0, 0, 0, 0, 0, 0, 0, 0, 0, 0, 0,
    0, 0, 0, 0, 0, 0, 0, 0, 0, 0, 0, 0, 0, 0, 0, 0, 0, 0, 0, 0, 0, 0, 0, 0,
    0, 0, 0, 0, 0, 0, 0, 0, 0, 0, 0, 0, 0, 0, 0, 0, 0, 0, 0, 0, 0, 0, 0, 0,
    0, 0, 0, 0, 0, 0, 0, 0, 0, 0, 0, 0, 0, 0, 0, 0, 0, 0, 0, 0, 0, 0, 0, 0,
    0, 0, 0, 0, 0, 0, 0, 0, 0, 0, 0, 0, 0, 0, 0, 0, 0, 0, 0, 0, 0, 0, 0, 0,
    0, 0, 0, 0, 0, 0, 0, 0, 0, 0, 0, 0, 0, 0, 0, 0, 0, 0, 0, 0, 0, 0, 0, 0,
    0, 0, 0, 0, 0, 0, 0, 0, 0, 0, 0, 0, 0, 0, 0, 0, 0, 0, 0, 0, 0, 0, 0, 0,
    0, 0, 0, 0, 0, 0, 0, 0, 0, 0, 0, 0, 0, 0, 0, 0, 0, 0, 0, 0, 0, 0, 0, 0,
    0, 0, 0, 0, 0, 0, 0, 0, 0, 0, 0, 0, 0, 0, 0, 0, 0, 0, 0, 0, 0, 0, 0, 0,
    0, 0, 0, 0, 0, 0, 0, 0, 0, 0, 0, 0, 0, 0, 0, 0, 0, 0, 0, 0, 0, 0, 0, 0,
    0, 0, 0, 0, 0, 0, 0, 0, 0, 0, 0, 0, 0, 0, 0, 0, 0, 0, 0, 0, 0, 0, 0, 0,
    0, 0, 0, 0, 0, 0, 0, 0, 0, 0, 0, 0, 0, 0, 0, 0, 0, 0, 0, 0, 0, 0, 0, 0,
    0, 0, 0, 0, 0, 0, 0, 0, 0, 0, 0, 0, 0, 0, 0, 0, 0, 0, 0, 0, 0, 0, 0, 0,
    0, 0, 0, 0, 0, 0, 0, 0, 0, 0, 0, 0, 0, 0, 0, 0, 0, 0, 0, 0, 0, 0, 0, 0,
    0, 0, 0, 0, 0, 0, 0, 0, 0, 0, 0, 0, 0, 0, 0, 0, 0, 0, 0, 0, 0, 0, 0, 0,
    0, 0, 0, 0, 0, 0, 0, 0, 0, 0, 0, 0, 0, 0, 0, 0, 0, 0, 0, 0, 0, 0, 0, 0,
    0, 0, 0, 0, 0, 0, 0, 0, 0, 0, 0, 0, 0, 0, 0, 0, 0, 0, 0, 0, 0, 0, 0, 0,
    0, 0, 0, 0, 0, 0, 0, 0, 0, 0, 0, 0, 0, 0, 0, 0, 0, 0, 0, 0, 0, 0, 0, 0,
    0, 0, 0, 0, 0, 0, 0, 0, 0, 0, 0, 0, 0, 0, 0, 0, 0, 0, 0, 0, 0, 0, 0, 0,
    0, 0, 0, 0, 0, 0, 0, 0, 0, 0, 0, 0, 0, 0, 0, 0, 0, 0, 0, 0, 0, 0, 0, 0,
    0, 0, 0, 0, 0, 0, 0, 0, 0, 0, 0, 0, 0, 0, 0, 0, 0, 0, 0, 0, 0, 0, 0, 0,
    0, 0, 0, 0, 0, 0, 0, 0, 0, 0, 0, 0, 0, 0, 0, 0, 0, 0, 0, 0, 0, 0, 0, 0,
    0, 0, 0, 0, 0, 0, 0, 0, 0, 0, 0, 0, 0, 0, 0, 0, 0, 0, 0, 0, 0, 0, 0, 0,
    0, 0, 0, 0, 0, 0, 0, 0, 0, 0, 0, 0, 0, 0, 0, 0, 0, 0, 0, 0, 0, 0, 0, 0,
    0, 0, 0, 0, 0, 0, 0, 0, 0, 0, 0, 0, 0, 0, 0, 0, 0, 0, 0, 0, 0, 0, 0, 0,
    0, 0, 0, 0, 0, 0, 0, 0, 0, 0, 0, 0, 0, 0, 0, 0, 0, 0, 0, 0, 0, 0, 0, 0,
    0, 0, 0, 0, 0, 0, 0, 0, 0, 0, 0, 0, 0, 0, 0, 0, 0, 0, 0, 0, 0, 0, 0, 0,
    0, 0, 0, 0, 0, 0, 0, 0, 0, 0, 0, 0, 0, 0, 0, 0, 0, 0, 0, 0, 0, 0, 0, 0,
    0, 0, 0, 0, 0, 0, 0, 0, 0, 0, 0, 0, 0, 0, 0, 0, 0, 0, 0, 0, 0, 0, 0, 0,
    0, 0, 0, 0, 0, 0, 0, 0, 0, 0, 0, 0, 0, 0, 0, 0, 0, 0, 0, 0, 0, 0, 0, 0,
    0, 0, 0, 0, 0, 0, 0, 0, 0, 0, 0, 0, 0, 0, 0, 0, 0, 0, 0, 0, 0, 0, 0, 0,
    0, 0, 0, 0, 0, 0, 0, 0, 0, 0, 0, 0, 0, 0, 0, 0, 0, 0, 0, 0, 0, 0, 0, 0,
    0, 0, 0, 0, 0, 0, 0, 0, 0, 0, 0, 0, 0, 0, 0, 0, 0, 0, 0, 0, 0, 0, 0, 0,
    0, 0, 0, 0, 0, 0, 0, 0, 0, 0, 0, 0, 0, 0, 0, 0, 0, 0, 0, 0, 0, 0, 0, 0,
    0, 0, 0, 0, 0, 0, 0, 0, 0, 0, 0, 0, 0, 0, 0, 0, 0, 0, 0, 0, 0, 0, 0, 0,
    0, 0, 0, 0, 0, 0, 0, 0, 0, 0, 0, 0, 0, 0, 0, 0, 0, 0, 0, 0, 0, 0, 0, 0,
    0, 0, 0, 0, 0, 0, 0, 0, 0, 0, 0, 0, 0, 0, 0, 0, 0, 0, 0, 0, 0, 0, 0, 0,
    0, 0, 0, 0, 0, 0, 0, 0, 0, 0, 0, 0, 0, 0, 0, 0, 0, 0, 0, 0, 0, 0, 0, 0,
    0, 0, 0, 0, 0, 0, 0, 0, 0, 0, 0, 0, 0, 0, 0, 0, 0, 0, 0, 0, 0, 0, 0, 0,
    0, 0, 0, 0, 0, 0, 0, 0, 0, 0, 0, 0, 0, 0, 0, 0, 0, 0, 0, 0, 0, 0, 0, 0,
    0, 0, 0, 0, 0, 0, 0, 0, 0, 0, 0, 0, 0, 0, 0, 0, 0, 0, 0, 0, 0, 0, 0, 0,
    0, 0, 0, 0, 0, 0, 0, 0, 0, 0, 0, 0, 0, 0, 0, 0, 0, 0, 0, 0, 0, 0, 0, 0,
    0, 0, 0, 0, 0, 0, 0, 0, 0, 0, 0, 0, 0, 0, 0, 0, 0, 0, 0, 0, 0, 0, 0, 0,
    0, 0, 0, 0, 0, 0, 0, 0, 0, 0, 0, 0, 0, 0, 0, 0, 0, 0, 0, 0, 0, 0, 0, 0,
    0, 0, 0, 0, 0, 0, 0, 0, 0, 0, 0, 0, 0, 0, 0, 0, 0, 0, 0, 0, 0, 0, 0, 0,
    0, 0, 0, 0, 0, 0, 0, 0, 0, 0, 0, 0, 0, 0, 0, 0, 0, 0, 0, 0, 0, 0, 0, 0,
    0, 0, 0, 0, 0, 0, 0, 0, 0, 0, 0, 0, 0, 0, 0, 0, 0, 0, 0, 0, 0, 0, 0, 0,
    0, 0, 0, 0, 0, 0, 0, 0, 0, 0, 0, 0, 0, 0, 0, 0, 0, 0, 0, 0, 0, 0, 0, 0,
    0, 0, 0, 0, 0, 0, 0, 0, 0, 0, 0, 0, 0, 0, 0, 0, 0, 0, 0, 0, 0, 0, 0, 0,
    0, 0, 0, 0, 0, 0, 0, 0, 0, 0, 0, 0, 0, 0, 0, 0, 0, 0, 0, 0, 0, 0, 0, 0,
    0, 0, 0, 0, 0, 0, 0, 0, 0, 0, 0, 0, 0, 0, 0, 0, 0, 0, 0, 0, 0, 0, 0, 0,
    0, 0, 0, 0, 0, 0, 0, 0, 0, 0, 0, 0, 0, 0, 0, 0, 0, 0, 0, 0, 0, 0, 0, 0,
    0, 0, 0, 0, 0, 0, 0, 0, 0, 0, 0, 0, 0, 0, 0, 0, 0, 0, 0, 0, 0, 0, 0, 0,
    0, 0, 0, 0, 0, 0, 0, 0, 0, 0, 0, 0, 0, 0, 0, 0, 0, 0, 0, 0, 0, 0, 0, 0,
    0, 0, 0, 0, 0, 0, 0, 0, 0, 0, 0, 0, 0, 0, 0, 0, 0, 0, 0, 0, 0, 0, 0, 0,
    0, 0, 0, 0, 0, 0, 0, 0, 0, 0, 0, 0, 0, 0, 0, 0, 0, 0, 0, 0, 0, 0, 0, 0,
    0, 0, 0, 0, 0, 0, 0, 0, 0, 0, 0, 0, 0, 0, 0, 0, 0, 0, 0, 0, 0, 0, 0, 0,
    0, 0, 0, 0, 0, 0, 0, 0, 0, 0, 0, 0, 0, 0, 0, 0, 0, 0, 0, 0, 0, 0, 0, 0,
    0, 0, 0, 0, 0, 0, 0, 0, 0, 0, 0, 0, 0, 0, 0, 0, 0, 0, 0, 0, 0, 0, 0, 0,
    0, 0, 0, 0, 0, 0, 0, 0, 0, 0, 0, 0, 0, 0, 0, 0, 0, 0, 0, 0, 0, 0, 0, 0,
    0, 0, 0, 0, 0, 0, 0, 0, 0, 0, 0, 0, 0, 0, 0, 0, 0, 0, 0, 0, 0, 0, 0, 0,
    0, 0, 0, 0, 0, 0, 0, 0, 0, 0, 0, 0, 0, 0, 0, 0, 0, 0, 0, 0, 0, 0, 0, 0,
    0, 0, 0, 0, 0, 0, 0, 0, 0, 0, 0, 0, 0, 0, 0, 0, 0, 0, 0, 0, 0, 0, 0, 0,
    0, 0, 0, 0, 0, 0, 0, 0, 0, 0, 0, 0, 0, 0, 0, 0, 0, 0, 0, 0, 0, 0, 0, 0,
    0, 0, 0, 0, 0, 0, 0, 0, 0, 0, 0, 0, 0, 0, 0, 0, 0, 0, 0, 0, 0, 0, 0, 0,
    0, 0, 0, 0, 0, 0, 0, 0, 0, 0, 0, 0, 0, 0, 0, 0, 0, 0, 0, 0, 0, 0, 0, 0,
    0, 0, 0, 0, 0, 0, 0, 0, 0, 0, 0, 0, 0, 0, 0, 0, 0, 0, 0, 0, 0, 0, 0, 0,
    0, 0, 0, 0, 0, 0, 0, 0, 0, 0, 0, 0, 0, 0, 0, 0, 0, 0, 0, 0, 0, 0, 0, 0,
    0, 0, 0, 0, 0, 0, 0, 0, 0, 0, 0, 0, 0, 0, 0, 0, 0, 0, 0, 0, 0, 0, 0, 0,
    0, 0, 0, 0, 0, 0, 0, 0, 0, 0, 0, 0, 0, 0, 0, 0, 0, 0, 0, 0, 0, 0, 0, 0,
    0, 0, 0, 0, 0, 0, 0, 0, 0, 0, 0, 0, 0, 0, 0, 0, 0, 0, 0, 0, 0, 0, 0, 0,
    0, 0, 0, 0, 0, 0, 0, 0, 0, 0, 0, 0, 0, 0, 0, 0, 0, 0, 0, 0, 0, 0, 0, 0,
    0, 0, 0, 0, 0, 0, 0, 0, 0, 0, 0, 0, 0, 0, 0, 0, 0, 0, 0, 0, 0, 0, 0, 0,
    0, 0, 0, 0, 0, 0, 0, 0, 0, 0, 0, 0, 0, 0, 0, 0, 0, 0, 0, 0, 0, 0, 0, 0,
    0, 0, 0, 0, 0, 0, 0, 0, 0, 0, 0, 0, 0, 0, 0, 0, 0, 0, 0, 0, 0, 0, 0, 0,
    0, 0, 0, 0, 0, 0, 0, 0, 0, 0, 0, 0, 0, 0, 0, 0, 0, 0, 0, 0, 0, 0, 0, 0,
    0, 0, 0, 0, 0, 0, 0, 0, 0, 0, 0, 0, 0, 0, 0, 0, 0, 0, 0, 0, 0, 0, 0, 0,
    0, 0, 0, 0, 0, 0, 0, 0, 0, 0, 0, 0, 0, 0, 0, 0, 0, 0, 0, 0, 0, 0, 0, 0,
    0, 0, 0, 0, 0, 0, 0, 0, 0, 0, 0, 0, 0, 0, 0, 0, 0, 0, 0, 0, 0, 0, 0, 0,
    0, 0, 0, 0, 0, 0, 0, 0, 0, 0, 0, 0, 0, 0, 0, 0, 0, 0, 0, 0, 0, 0, 0, 0,
    0, 0, 0, 0, 0, 0, 0, 0, 0, 0, 0, 0, 0, 0, 0, 0, 0, 0, 0, 0, 0, 0, 0, 0,
    0, 0, 0, 0, 0, 0, 0, 0, 0, 0, 0, 0, 0, 0, 0, 0, 0, 0, 0, 0, 0, 0, 0, 0,
    0, 0, 0, 0, 0, 0, 0, 0, 0, 0, 0, 0, 0, 0, 0, 0, 0, 0, 0, 0, 0, 0, 0, 0,
    0, 0, 0, 0, 0, 0, 0, 0, 0, 0, 0, 0, 0, 0, 0, 0, 0, 0, 0, 0, 0, 0, 0, 0,
    0, 0, 0, 0, 0, 0, 0, 0, 0, 0, 0, 0, 0, 0, 0, 0, 0, 0, 0, 0, 0, 0, 0, 0,
    0, 0, 0, 0, 0, 0, 0, 0, 0, 0, 0, 0, 0, 0, 0, 0, 0, 0, 0, 0, 0, 0, 0, 0,
    0, 0, 0, 0, 0, 0, 0, 0, 0, 0, 0, 0, 0, 0, 0, 0, 0, 0, 0, 0, 0, 0, 0, 0,
    0, 0, 0, 0, 0, 0, 0, 0, 0, 0, 0, 0, 0, 0, 0, 0, 0, 0, 0, 0, 0, 0, 0, 0,
    0, 0, 0, 0, 0, 0, 0, 0, 0, 0, 0, 0, 0, 0, 0, 0, 0, 0, 0, 0, 0, 0, 0, 0,
    0, 0, 0, 0, 0, 0, 0, 0, 0, 0, 0, 0, 0, 0, 0, 0, 0, 0, 0, 0, 0, 0, 0, 0,
    0, 0, 0, 0, 0, 0, 0, 0, 0, 0, 0, 0, 0, 0, 0, 0, 0, 0, 0, 0, 0, 0, 0, 0,
    0, 0, 0, 0, 0, 0, 0, 0, 0, 0, 0, 0, 0, 0, 0, 0, 0, 0, 0, 0, 0, 0, 0, 0,
    0, 0, 0, 0, 0, 0, 0, 0, 0, 0, 0, 0, 0, 0, 0, 0, 0, 0, 0, 0, 0, 0, 0, 0,
    0, 0, 0, 0, 0, 0, 0, 0, 0, 0, 0, 0, 0, 0, 0, 0, 0, 0, 0, 0, 0, 0, 0, 0,
    0, 0, 0, 0, 0, 0, 0, 0, 0, 0, 0, 0, 0, 0, 0, 0, 0, 0, 0, 0, 0, 0, 0, 0,
    0, 0, 0, 0, 0, 0, 0, 0, 0, 0, 0, 0, 0, 0, 0, 0, 0, 0, 0, 0, 0, 0, 0, 0,
    0, 0, 0, 0, 0, 0, 0, 0, 0, 0, 0, 0, 0, 0, 0, 0, 0, 0, 0, 0, 0, 0, 0, 0,
    0, 0, 0, 0, 0, 0, 0, 0, 0, 0, 0, 0, 0, 0, 0, 0, 0, 0, 0, 0, 0, 0, 0, 0,
    0, 0, 0, 0, 0, 0, 0, 0, 0, 0, 0, 0, 0, 0, 0, 0, 0, 0, 0, 0, 0, 0, 0, 0,
    0, 0, 0, 0, 0, 0, 0, 0, 0, 0, 0, 0, 0, 0, 0, 0, 0, 0, 0, 0, 0, 0, 0, 0,
    0, 0, 0, 0, 0, 0, 0, 0, 0, 0, 0, 0, 0, 0, 0, 0, 0, 0, 0, 0, 0, 0, 0, 0,
    0, 0, 0, 0, 0, 0, 0, 0, 0, 0, 0, 0, 0, 0, 0, 0, 0, 0, 0, 0, 0, 0, 0, 0,
    0, 0, 0, 0, 0, 0, 0, 0, 0, 0, 0, 0, 0, 0, 0, 0, 0, 0, 0, 0, 0, 0, 0, 0,
    0, 0, 0, 0, 0, 0, 0, 0, 0, 0, 0, 0, 0, 0, 0, 0, 0, 0, 0, 0, 0, 0, 0, 0,
    0, 0, 0, 0, 0, 0, 0, 0, 0, 0, 0, 0, 0, 0, 0, 0, 0, 0, 0, 0, 0, 0, 0, 0,
    0, 0, 0, 0, 0, 0, 0, 0, 0, 0, 0, 0, 0, 0, 0, 0, 0, 0, 0, 0, 0, 0, 0, 0,
    0, 0, 0, 0, 0, 0, 0, 0, 0, 0, 0, 0, 0, 0, 0, 0, 0, 0, 0, 0, 0, 0, 0, 0,
    0, 0, 0, 0, 0, 0, 0, 0, 0, 0, 0, 0, 0, 0, 0, 0, 0, 0, 0, 0, 0, 0, 0, 0,
    0, 0, 0, 0, 0, 0, 0, 0, 0, 0, 0, 0, 0, 0, 0, 0, 0, 0, 0, 0, 0, 0, 0, 0,
    0, 0, 0, 0, 0, 0, 0, 0, 0, 0, 0, 0, 0, 0, 0, 0, 0, 0, 0, 0, 0, 0, 0, 0,
    0, 0, 0, 0, 0, 0, 0, 0, 0, 0, 0, 0, 0, 0, 0, 0, 0, 0, 0, 0, 0, 0, 0, 0,
    0, 0, 0, 0, 0, 0, 0, 0, 0, 0, 0, 0, 0, 0, 0, 0, 0, 0, 0, 0, 0, 0, 0, 0,
    0, 0, 0, 0, 0, 0, 0, 0, 0, 0, 0, 0, 0, 0, 0, 0, 0, 0, 0, 0, 0, 0, 0, 0,
    0, 0, 0, 0, 0, 0, 0, 0, 0, 0, 0, 0, 0, 0, 0, 0, 0, 0, 0, 0, 0, 0, 0, 0,
    0, 0, 0, 0, 0, 0, 0, 0, 0, 0, 0, 0, 0, 0, 0, 0, 0, 0, 0, 0, 0, 0, 0, 0,
    0, 0, 0, 0, 0, 0, 0, 0, 0, 0, 0, 0, 0, 0, 0, 0, 0, 0, 0, 0, 0, 0, 0, 0,
    0, 0, 0, 0, 0, 0, 0, 0, 0, 0, 0, 0, 0, 0, 0, 0, 0, 0, 0, 0, 0, 0, 0, 0,
    0, 0, 0, 0, 0, 0, 0, 0, 0, 0, 0, 0, 0, 0, 0, 0, 0, 0, 0, 0, 0, 0, 0, 0,
    0, 0, 0, 0, 0, 0, 0, 0, 0, 0, 0, 0, 0, 0, 0, 0, 0, 0, 0, 0, 0, 0, 0, 0,
    0, 0, 0, 0, 0, 0, 0, 0, 0, 0, 0, 0, 0, 0, 0, 0, 0, 0, 0, 0, 0, 0, 0, 0,
    0, 0, 0, 0, 0, 0, 0, 0, 0, 0, 0, 0, 0, 0, 0, 0, 0, 0, 0, 0, 0, 0, 0, 0,
    0, 0, 0, 0, 0, 0, 0, 0, 0, 0, 0, 0, 0, 0, 0, 0, 0, 0, 0, 0, 0, 0, 0, 0,
    0, 0, 0, 0, 0, 0, 0, 0, 0, 0, 0, 0, 0, 0, 0, 0, 0, 0, 0, 0, 0, 0, 0, 0,
    0, 0, 0, 0, 0, 0, 0, 0, 0, 0, 0, 0, 0, 0, 0, 0, 0, 0, 0, 0, 0, 0, 0, 0,
    0, 0, 0, 0, 0, 0, 0, 0, 0, 0, 0, 0, 0, 0, 0, 0, 0, 0, 0, 0, 0, 0, 0, 0,
    0, 0, 0, 0, 0, 0, 0, 0, 0, 0, 0, 0, 0, 0, 0, 0, 0, 0, 0, 0, 0, 0, 0, 0,
    0, 0, 0, 0, 0, 0, 0, 0, 0, 0, 0, 0, 0, 0, 0, 0, 0, 0, 0, 0, 0, 0, 0, 0,
    0, 0, 0, 0, 0, 0, 0, 0, 0, 0, 0, 0, 0, 0, 0, 0, 0, 0, 0, 0, 0, 0, 0, 0,
    0, 0, 0, 0, 0, 0, 0, 0, 0, 0, 0, 0, 0, 0, 0, 0, 0, 0, 0, 0, 0, 0, 0, 0,
    0, 0, 0, 0, 0, 0, 0, 0, 0, 0, 0, 0, 0, 0, 0, 0, 0, 0, 0, 0, 0, 0, 0, 0,
    0, 0, 0, 0, 0, 0, 0, 0, 0, 0, 0, 0, 0, 0, 0, 0, 0, 0, 0, 0, 0, 0, 0, 0,
    0, 0, 0, 0, 0, 0, 0, 0, 0, 0, 0, 0, 0, 0, 0, 0, 0, 0, 0, 0, 0, 0, 0, 0,
    0, 0, 0, 0, 0, 0, 0, 0, 0, 0, 0, 0, 0, 0, 0, 0, 0, 0, 0, 0, 0, 0, 0, 0,
    0, 0, 0, 0, 0, 0, 0, 0, 0, 0, 0, 0, 0, 0, 0, 0, 0, 0, 0, 0, 0, 0, 0, 0,
    0, 0, 0, 0, 0, 0, 0, 0, 0, 0, 0, 0, 0, 0, 0, 0, 0, 0, 0, 0, 0, 0, 0, 0,
    0, 0, 0, 0, 0, 0, 0, 0, 0, 0, 0, 0, 0, 0, 0, 0, 0, 0, 0, 0, 0, 0, 0, 0,
    0, 0, 0, 0, 0, 0, 0, 0, 0, 0, 0, 0, 0, 0, 0, 0, 0, 0, 0, 0, 0, 0, 0, 0,
    0, 0, 0, 0, 0, 0, 0, 0, 0, 0, 0, 0, 0, 0, 0, 0, 0, 0, 0, 0, 0, 0, 0, 0,
    0, 0, 0, 0, 0, 0, 0, 0, 0, 0, 0, 0, 0, 0, 0, 0, 0, 0, 0, 0, 0, 0, 0, 0,
    0, 0, 0, 0, 0, 0, 0, 0, 0, 0, 0, 0, 0, 0, 0, 0, 0, 0, 0, 0, 0, 0, 0, 0,
    0, 0, 0, 0, 0, 0, 0, 0, 0, 0, 0, 0, 0, 0, 0, 0, 0, 0, 0, 0, 0, 0, 0, 0,
    0, 0, 0, 0, 0, 0, 0, 0, 0, 0, 0, 0, 0, 0, 0, 0, 0, 0, 0, 0, 0, 0, 0, 0,
    0, 0, 0, 0, 0, 0, 0, 0, 0, 0, 0, 0, 0, 0, 0, 0, 0, 0, 0, 0, 0, 0, 0, 0,
    0, 0, 0, 0, 0, 0, 0, 0, 0, 0, 0, 0, 0, 0, 0, 0, 0, 0, 0, 0, 0, 0, 0, 0,
    0, 0, 0, 0, 0, 0, 0, 0, 0, 0, 0, 0, 0, 0, 0, 0, 0, 0, 0, 0, 0, 0, 0, 0,
    0, 0, 0, 0, 0, 0, 0, 0, 0, 0, 0, 0, 0, 0, 0, 0, 0, 0, 0, 0, 0, 0, 0, 0,
    0, 0, 0, 0, 0, 0, 0, 0, 0, 0, 0, 0, 0, 0, 0, 0, 0, 0, 0, 0, 0, 0, 0, 0,
    0, 0, 0, 0, 0, 0, 0, 0, 0, 0, 0, 0, 0, 0, 0, 0, 0, 0, 0, 0, 0, 0, 0, 0,
    0, 0, 0, 0, 0, 0, 0, 0, 0, 0, 0, 0, 0, 0, 0, 0, 0, 0, 0, 0, 0, 0, 0, 0,
    0, 0, 0, 0, 0, 0, 0, 0, 0, 0, 0, 0, 0, 0, 0, 0, 0, 0, 0, 0, 0, 0, 0, 0,
    0, 0, 0, 0, 0, 0, 0, 0, 0, 0, 0, 0, 0, 0, 0, 0, 0, 0, 0, 0, 0, 0, 0, 0,
    0, 0, 0, 0, 0, 0, 0, 0, 0, 0, 0, 0, 0, 0, 0, 0, 0, 0, 0, 0, 0, 0, 0, 0,
    0, 0, 0, 0, 0, 0, 0, 0, 0, 0, 0, 0, 0, 0, 0, 0, 0, 0, 0, 0, 0, 0, 0, 0,
    0, 0, 0, 0, 0, 0, 0, 0, 0, 0, 0, 0, 0, 0, 0, 0, 0, 0, 0, 0, 0, 0, 0, 0,
    0, 0, 0, 0, 0, 0, 0, 0, 0, 0, 0, 0, 0, 0, 0, 0, 0, 0, 0, 0, 0, 0, 0, 0,
    0, 0, 0, 0, 0, 0, 0, 0, 0, 0, 0, 0, 0, 0, 0, 0, 0, 0, 0, 0, 0, 0, 0, 0,
    0, 0, 0, 0, 0, 0, 0, 0, 0, 0, 0, 0, 0, 0, 0, 0, 0, 0, 0, 0, 0, 0, 0, 0,
    0, 0, 0, 0, 0, 0, 0, 0, 0, 0, 0, 0, 0, 0, 0, 0, 0, 0, 0, 0, 0, 0, 0, 0,
    0, 0, 0, 0, 0, 0, 0, 0, 0, 0, 0, 0, 0, 0, 0, 0, 0, 0, 0, 0, 0, 0, 0, 0,
    0, 0, 0, 0, 0, 0, 0, 0, 0, 0, 0, 0, 0, 0, 0, 0, 0, 0, 0, 0, 0, 0, 0, 0,
    0, 0, 0, 0, 0, 0, 0, 0, 0, 0, 0, 0, 0, 0, 0, 0, 0, 0, 0, 0, 0, 0, 0, 0,
    0, 0, 0, 0, 0, 0, 0, 0, 0, 0, 0, 0, 0, 0, 0, 0, 0, 0, 0, 0, 0, 0, 0, 0,
    0, 0, 0, 0, 0, 0, 0, 0, 0, 0, 0, 0, 0, 0, 0, 0, 0, 0, 0, 0, 0, 0, 0, 0,
    0, 0, 0, 0, 0, 0, 0, 0, 0, 0, 0, 0, 0, 0, 0, 0, 0, 0, 0, 0, 0, 0, 0, 0,
    0, 0, 0, 0, 0, 0, 0, 0, 0, 0, 0, 0, 0, 0, 0, 0, 0, 0, 0, 0, 0, 0, 0, 0,
    0, 0, 0, 0, 0, 0, 0, 0, 0, 0, 0, 0, 0, 0, 0, 0, 0, 0, 0, 0, 0, 0, 0, 0,
    0, 0, 0, 0, 0, 0, 0, 0, 0, 0, 0, 0, 0, 0, 0, 0, 0, 0, 0, 0, 0, 0, 0, 0,
    0, 0, 0, 0, 0, 0, 0, 0, 0, 0, 0, 0, 0, 0, 0, 0, 0, 0, 0, 0, 0, 0, 0, 0,
    0, 0, 0, 0, 0, 0, 0, 0, 0, 0, 0, 0, 0, 0, 0, 0, 0, 0, 0, 0, 0, 0, 0, 0,
    0, 0, 0, 0, 0, 0, 0, 0, 0, 0, 0, 0, 0, 0, 0, 0, 0, 0, 0, 0, 0, 0, 0, 0,
    0, 0, 0, 0, 0, 0, 0, 0, 0, 0, 0, 0, 0, 0, 0, 0, 0, 0, 0, 0, 0, 0, 0, 0,
    0, 0, 0, 0, 0, 0, 0, 0, 0, 0, 0, 0, 0, 0, 0, 0, 0, 0, 0, 0, 0, 0, 0, 0,
    0, 0, 0, 0, 0, 0, 0, 0, 0, 0, 0, 0, 0, 0, 0, 0, 0, 0, 0, 0, 0, 0, 0, 0,
    0, 0, 0, 0, 0, 0, 0, 0, 0, 0, 0, 0, 0, 0, 0, 0, 0, 0, 0, 0, 0, 0, 0, 0,
    0, 0, 0, 0, 0, 0, 0, 0, 0, 0, 0, 0, 0, 0, 0, 0, 0, 0, 0, 0, 0, 0, 0, 0,
    0, 0, 0, 0, 0, 0, 0, 0, 0, 0, 0, 0, 0, 0, 0, 0, 0, 0, 0, 0, 0, 0, 0, 0,
    0, 0, 0, 0, 0, 0, 0, 0, 0, 0, 0, 0, 0, 0, 0, 0, 0, 0, 0, 0, 0, 0, 0, 0,
    0, 0, 0, 0, 0, 0, 0, 0, 0, 0, 0, 0, 0, 0, 0, 0, 0, 0, 0, 0, 0, 0, 0, 0,
    0, 0, 0, 0, 0, 0, 0, 0, 0, 0, 0, 0, 0, 0, 0, 0, 0, 0, 0, 0, 0, 0, 0, 0,
    0, 0, 0, 0, 0, 0, 0, 0, 0, 0, 0, 0, 0, 0, 0, 0, 0, 0, 0, 0, 0, 0, 0, 0,
    0, 0, 0, 0, 0, 0, 0, 0, 0, 0, 0, 0, 0, 0, 0, 0, 0, 0, 0, 0, 0, 0, 0, 0,
    0, 0, 0, 0, 0, 0, 0, 0, 0, 0, 0, 0, 0, 0, 0, 0, 0, 0, 0, 0, 0, 0, 0, 0,
    0, 0, 0, 0, 0, 0, 0, 0, 0, 0, 0, 0, 0, 0, 0, 0, 0, 0, 0, 0, 0, 0, 0, 0,
    0, 0, 0, 0, 0, 0, 0, 0, 0, 0, 0, 0, 0, 0, 0, 0, 0, 0, 0, 0, 0, 0, 0, 0,
    0, 0, 0, 0, 0, 0, 0, 0, 0, 0, 0, 0, 0, 0, 0, 0, 0, 0, 0, 0, 0, 0, 0, 0,
    0, 0, 0, 0, 0, 0, 0, 0, 0, 0, 0, 0, 0, 0, 0, 0, 0, 0, 0, 0, 0, 0, 0, 0,
    0, 0, 0, 0, 0, 0, 0, 0, 0, 0, 0, 0, 0, 0, 0, 0, 0, 0, 0, 0, 0, 0, 0, 0,
    0, 0, 0, 0, 0, 0, 0, 0, 0, 0, 0, 0, 0, 0, 0, 0, 0, 0, 0, 0, 0, 0, 0, 0,
    0, 0, 0, 0, 0, 0, 0, 0, 0, 0, 0, 0, 0, 0, 0, 0, 0, 0, 0, 0, 0, 0, 0, 0,
    0, 0, 0, 0, 0, 0, 0, 0, 0, 0, 0, 0, 0, 0, 0, 0, 0, 0, 0, 0, 0, 0, 0, 0,
    0, 0, 0, 0, 0, 0, 0, 0, 0, 0, 0, 0, 0, 0, 0, 0, 0, 0, 0, 0, 0, 0, 0, 0,
    0, 0, 0, 0, 0, 0, 0, 0, 0, 0, 0, 0, 0, 0, 0, 0, 0, 0, 0, 0, 0, 0, 0, 0,
    0, 0, 0, 0, 0, 0, 0, 0, 0, 0, 0, 0, 0, 0, 0, 0, 0, 0, 0, 0, 0, 0, 0, 0,
    0, 0, 0, 0, 0, 0, 0, 0, 0, 0, 0, 0, 0, 0, 0, 0, 0, 0, 0, 0, 0, 0, 0, 0,
    0, 0, 0, 0, 0, 0, 0, 0, 0, 0, 0, 0, 0, 0, 0, 0, 0, 0, 0, 0, 0, 0, 0, 0,
    0, 0, 0, 0, 0, 0, 0, 0, 0, 0, 0, 0, 0, 0, 0, 0, 0, 0, 0, 0, 0, 0, 0, 0,
    0, 0, 0, 0, 0, 0, 0, 0, 0, 0, 0, 0, 0, 0, 0, 0, 0, 0, 0, 0, 0, 0, 0, 0,
    0, 0, 0, 0, 0, 0, 0, 0, 0, 0, 0, 0, 0, 0, 0, 0, 0, 0, 0, 0, 0, 0, 0, 0,
    0, 0, 0, 0, 0, 0, 0, 0, 0, 0, 0, 0, 0, 0, 0, 0, 0, 0, 0, 0, 0, 0, 0, 0,
    0, 0, 0, 0, 0, 0, 0, 0, 0, 0, 0, 0, 0, 0, 0, 0, 0, 0, 0, 0, 0, 0, 0, 0,
    0, 0, 0, 0, 0, 0, 0, 0, 0, 0, 0, 0, 0, 0, 0, 0, 0, 0, 0, 0, 0, 0, 0, 0,
    0, 0, 0, 0, 0, 0, 0, 0, 0, 0, 0, 0, 0, 0, 0, 0, 0, 0, 0, 0, 0, 0, 0, 0,
    0, 0, 0, 0, 0, 0, 0, 0, 0, 0, 0, 0, 0, 0, 0, 0, 0, 0, 0, 0, 0, 0, 0, 0,
    0, 0, 0, 0, 0, 0, 0, 0, 0, 0, 0, 0, 0, 0, 0, 0, 0, 0, 0, 0, 0, 0, 0, 0,
    0, 0, 0, 0, 0, 0, 0, 0, 0, 0, 0, 0, 0, 0, 0, 0, 0, 0, 0, 0, 0, 0, 0, 0,
    0, 0, 0, 0, 0, 0, 0, 0, 0, 0, 0, 0, 0, 0, 0, 0, 0, 0, 0, 0, 0, 0, 0, 0,
    0, 0, 0, 0, 0, 0, 0, 0, 0, 0, 0, 0, 0, 0, 0, 0, 0, 0, 0, 0, 0, 0, 0, 0,
    0, 0, 0, 0, 0, 0, 0, 0, 0, 0, 0, 0, 0, 0, 0, 0, 0, 0, 0, 0, 0, 0, 0, 0,
    0, 0, 0, 0, 0, 0, 0, 0, 0, 0, 0, 0, 0, 0, 0, 0, 0, 0, 0, 0, 0, 0, 0, 0,
    0, 0, 0, 0, 0, 0, 0, 0, 0, 0, 0, 0, 0, 0, 0, 0, 0, 0, 0, 0, 0, 0, 0, 0,
    0, 0, 0, 0, 0, 0, 0, 0, 0, 0, 0, 0, 0, 0, 0, 0, 0, 0, 0, 0, 0, 0, 0, 0,
    0, 0, 0, 0, 0, 0, 0, 0, 0, 0, 0, 0, 0, 0, 0, 0, 0, 0, 0, 0, 0, 0, 0, 0,
    0, 0, 0, 0, 0, 0, 0, 0, 0, 0, 0, 0, 0, 0, 0, 0, 0, 0, 0, 0, 0, 0, 0, 0,
    0, 0, 0, 0, 0, 0, 0, 0, 0, 0, 0, 0, 0, 0, 0, 0, 0, 0, 0, 0, 0, 0, 0, 0,
    0, 0, 0, 0, 0, 0, 0, 0, 0, 0, 0, 0, 0, 0, 0, 0, 0, 0, 0, 0, 0, 0, 0, 0,
    0, 0, 0, 0, 0, 0, 0, 0, 0, 0, 0, 0, 0, 0, 0, 0, 0, 0, 0, 0, 0, 0, 0, 0,
    0, 0, 0, 0, 0, 0, 0, 0, 0, 0, 0, 0, 0, 0, 0, 0, 0, 0, 0, 0, 0, 0, 0, 0,
    0, 0, 0, 0, 0, 0, 0, 0, 0, 0, 0, 0, 0, 0, 0, 0, 0, 0, 0, 0, 0, 0, 0, 0,
    0, 0, 0, 0, 0, 0, 0, 0, 0, 0, 0, 0, 0, 0, 0, 0, 0, 0, 0, 0, 0, 0, 0, 0,
    0, 0, 0, 0, 0, 0, 0, 0, 0, 0, 0, 0, 0, 0, 0, 0, 0, 0, 0, 0, 0, 0, 0, 0,
    0, 0, 0, 0, 0, 0, 0, 0, 0, 0, 0, 0, 0, 0, 0, 0, 0, 0, 0, 0, 0, 0, 0, 0,
    0, 0, 0, 0, 0, 0, 0, 0, 0, 0, 0, 0, 0, 0, 0, 0, 0, 0, 0, 0, 0, 0, 0, 0,
    0, 0, 0, 0, 0, 0, 0, 0, 0, 0, 0, 0, 0, 0, 0, 0, 0, 0, 0, 0, 0, 0, 0, 0,
    0, 0, 0, 0, 0, 0, 0, 0, 0, 0, 0, 0, 0, 0, 0, 0, 0, 0, 0, 0, 0, 0, 0, 0,
    0, 0, 0, 0, 0, 0, 0, 0, 0, 0, 0, 0, 0, 0, 0, 0, 0, 0, 0, 0, 0, 0, 0, 0,
    0, 0, 0, 0, 0, 0, 0, 0, 0, 0, 0, 0, 0, 0, 0, 0, 0, 0, 0, 0, 0, 0, 0, 0,
    0, 0, 0, 0, 0, 0, 0, 0, 0, 0, 0, 0, 0, 0, 0, 0, 0, 0, 0, 0, 0, 0, 0, 0,
    0, 0, 0, 0, 0, 0, 0, 0, 0, 0, 0, 0, 0, 0, 0, 0, 0, 0, 0, 0, 0, 0, 0, 0,
    0, 0, 0, 0, 0, 0, 0, 0, 0, 0, 0, 0, 0, 0, 0, 0, 0, 0, 0, 0, 0, 0, 0, 0,
    0, 0, 0, 0, 0, 0, 0, 0, 0, 0, 0, 0, 0, 0, 0, 0, 0, 0, 0, 0, 0, 0, 0, 0,
    0, 0, 0, 0, 0, 0, 0, 0, 0, 0, 0, 0, 0, 0, 0, 0, 0, 0, 0, 0, 0, 0, 0, 0,
    0, 0, 0, 0, 0, 0, 0, 0, 0, 0, 0, 0, 0, 0, 0, 0, 0, 0, 0, 0, 0, 0, 0, 0,
    0, 0, 0, 0, 0, 0, 0, 0, 0, 0, 0, 0, 0, 0, 0, 0, 0, 0, 0, 0, 0, 0, 0, 0,
    0, 0, 0, 0, 0, 0, 0, 0, 0, 0, 0, 0, 0, 0, 0, 0, 0, 0, 0, 0, 0, 0, 0, 0,
    0, 0, 0, 0, 0, 0, 0, 0, 0, 0, 0, 0, 0, 0, 0, 0, 0, 0, 0, 0, 0, 0, 0, 0,
    0, 0, 0, 0, 0, 0, 0, 0, 0, 0, 0, 0, 0, 0, 0, 0, 0, 0, 0, 0, 0, 0, 0, 0,
    0, 0, 0, 0, 0, 0, 0, 0, 0, 0, 0, 0, 0, 0, 0, 0, 0, 0, 0, 0, 0, 0, 0, 0,
    0, 0, 0, 0, 0, 0, 0, 0, 0, 0, 0, 0, 0, 0, 0, 0, 0, 0, 0, 0, 0, 0, 0, 0,
    0, 0, 0, 0, 0, 0, 0, 0, 0, 0, 0, 0, 0, 0, 0, 0, 0, 0, 0, 0, 0, 0, 0, 0,
    0, 0, 0, 0, 0, 0, 0, 0, 0, 0, 0, 0, 0, 0, 0, 0, 0, 0, 0, 0, 0, 0, 0, 0,
    0, 0, 0, 0, 0, 0, 0, 0, 0, 0, 0, 0, 0, 0, 0, 0, 0, 0, 0, 0, 0, 0, 0, 0,
    0, 0, 0, 0, 0, 0, 0, 0, 0, 0, 0, 0, 0, 0, 0, 0, 0, 0, 0, 0, 0, 0, 0, 0,
    0, 0, 0, 0, 0, 0, 0, 0, 0, 0, 0, 0, 0, 0, 0, 0, 0, 0, 0, 0, 0, 0, 0, 0,
    0, 0, 0, 0, 0, 0, 0, 0, 0, 0, 0, 0, 0, 0, 0, 0, 0, 0, 0, 0, 0, 0, 0, 0,
    0, 0, 0, 0, 0, 0, 0, 0, 0, 0, 0, 0, 0, 0, 0, 0, 0, 0, 0, 0, 0, 0, 0, 0,
    0, 0, 0, 0, 0, 0, 0, 0, 0, 0, 0, 0, 0, 0, 0, 0, 0, 0, 0, 0, 0, 0, 0, 0,
    0, 0, 0, 0, 0, 0, 0, 0, 0, 0, 0, 0, 0, 0, 0, 0, 0, 0, 0, 0, 0, 0, 0, 0,
    0, 0, 0, 0, 0, 0, 0, 0, 0, 0, 0, 0, 0, 0, 0, 0, 0, 0, 0, 0, 0, 0, 0, 0,
    0, 0, 0, 0, 0, 0, 0, 0, 0, 0, 0, 0, 0, 0, 0, 0, 0, 0, 0, 0, 0, 0, 0, 0,
    0, 0, 0, 0, 0, 0, 0, 0, 0, 0, 0, 0, 0, 0, 0, 0, 0, 0, 0, 0, 0, 0, 0, 0,
    0, 0, 0, 0, 0, 0, 0, 0, 0, 0, 0, 0, 0, 0, 0, 0, 0, 0, 0, 0, 0, 0, 0, 0,
    0, 0, 0, 0, 0, 0, 0, 0, 0, 0, 0, 0, 0, 0, 0, 0, 0, 0, 0, 0, 0, 0, 0, 0,
    0, 0, 0, 0, 0, 0, 0, 0, 0, 0, 0, 0, 0, 0, 0, 0, 0, 0, 0, 0, 0, 0, 0, 0,
    0, 0, 0, 0, 0, 0, 0, 0, 0, 0, 0, 0, 0, 0, 0, 0, 0, 0, 0, 0, 0, 0, 0, 0,
    0, 0, 0, 0, 0, 0, 0, 0, 0, 0, 0, 0, 0, 0, 0, 0, 0, 0, 0, 0, 0, 0, 0, 0,
    0, 0, 0, 0, 0, 0, 0, 0, 0, 0, 0, 0, 0, 0, 0, 0, 0, 0, 0, 0, 0, 0, 0, 0,
    0, 0, 0, 0, 0, 0, 0, 0, 0, 0, 0, 0, 0, 0, 0, 0, 0, 0, 0, 0, 0, 0, 0, 0,
    0, 0, 0, 0, 0, 0, 0, 0, 0, 0, 0, 0, 0, 0, 0, 0, 0, 0, 0, 0, 0, 0, 0, 0,
    0, 0, 0, 0, 0, 0, 0, 0, 0, 0, 0, 0, 0, 0, 0, 0, 0, 0, 0, 0, 0, 0, 0, 0,
    0, 0, 0, 0, 0, 0, 0, 0, 0, 0, 0, 0, 0, 0, 0, 0, 0, 0, 0, 0, 0, 0, 0, 0,
    0, 0, 0, 0, 0, 0, 0, 0, 0, 0, 0, 0, 0, 0, 0, 0, 0, 0, 0, 0, 0, 0, 0, 0,
    0, 0, 0, 0, 0, 0, 0, 0, 0, 0, 0, 0, 0, 0, 0, 0, 0, 0, 0, 0, 0, 0, 0, 0,
    0, 0, 0, 0, 0, 0, 0, 0, 0, 0, 0, 0, 0, 0, 0, 0, 0, 0, 0, 0, 0, 0, 0, 0,
    0, 0, 0, 0, 0, 0, 0, 0, 0, 0, 0, 0, 0, 0, 0, 0, 0, 0, 0, 0, 0, 0, 0, 0,
    0, 0, 0, 0, 0, 0, 0, 0, 0, 0, 0, 0, 0, 0, 0, 0, 0, 0, 0, 0, 0, 0, 0, 0,
    0, 0, 0, 0, 0, 0, 0, 0, 0, 0, 0, 0, 0, 0, 0, 0, 0, 0, 0, 0, 0, 0, 0, 0,
    0, 0, 0, 0, 0, 0, 0, 0, 0, 0, 0, 0, 0, 0, 0, 0, 0, 0, 0, 0, 0, 0, 0, 0,
    0, 0, 0, 0, 0, 0, 0, 0, 0, 0, 0, 0, 0, 0, 0, 0, 0, 0, 0, 0, 0, 0, 0, 0,
    0, 0, 0, 0, 0, 0, 0, 0, 0, 0, 0, 0, 0, 0, 0, 0, 0, 0, 0, 0, 0, 0, 0, 0,
    0, 0, 0, 0, 0, 0, 0, 0, 0, 0, 0, 0, 0, 0, 0, 0, 0, 0, 0, 0, 0, 0, 0, 0,
    0, 0, 0, 0, 0, 0, 0, 0, 0, 0, 0, 0, 0, 0, 0, 0, 0, 0, 0, 0, 0, 0, 0, 0,
    0, 0, 0, 0, 0, 0, 0, 0, 0, 0, 0, 0, 0, 0, 0, 0, 0, 0, 0, 0, 0, 0, 0, 0,
    0, 0, 0, 0, 0, 0, 0, 0, 0, 0, 0, 0, 0, 0, 0, 0, 0, 0, 0, 0, 0, 0, 0, 0,
    0, 0, 0, 0, 0, 0, 0, 0, 0, 0, 0, 0, 0, 0, 0, 0, 0, 0, 0, 0, 0, 0, 0, 0,
    0, 0, 0, 0, 0, 0, 0, 0, 0, 0, 0, 0, 0, 0, 0, 0, 0, 0, 0, 0, 0, 0, 0, 0,
    0, 0, 0, 0, 0, 0, 0, 0, 0, 0, 0, 0, 0, 0, 0, 0, 0, 0, 0, 0, 0, 0, 0, 0,
    0, 0, 0, 0, 0, 0, 0, 0, 0, 0, 0, 0, 0, 0, 0, 0, 0, 0, 0, 0, 0, 0, 0, 0,
    0, 0, 0, 0, 0, 0, 0, 0, 0, 0, 0, 0, 0, 0, 0, 0, 0, 0, 0, 0, 0, 0, 0, 0,
    0, 0, 0, 0, 0, 0, 0, 0, 0, 0, 0, 0, 0, 0, 0, 0, 0, 0, 0, 0, 0, 0, 0, 0,
    0, 0, 0, 0, 0, 0, 0, 0, 0, 0, 0, 0, 0, 0, 0, 0, 0, 0, 0, 0, 0, 0, 0, 0,
    0, 0, 0, 0, 0, 0, 0, 0, 0, 0, 0, 0, 0, 0, 0, 0, 0, 0, 0, 0, 0, 0, 0, 0,
    0, 0, 0, 0, 0, 0, 0, 0, 0, 0, 0, 0, 0, 0, 0, 0, 0, 0, 0, 0, 0, 0, 0, 0,
    0, 0, 0, 0, 0, 0, 0, 0, 0, 0, 0, 0, 0, 0, 0, 0, 0, 0, 0, 0, 0, 0, 0, 0,
    0, 0, 0, 0, 0, 0, 0, 0, 0, 0, 0, 0, 0, 0, 0, 0, 0, 0, 0, 0, 0, 0, 0, 0,
    0, 0, 0, 0, 0, 0, 0, 0, 0, 0, 0, 0, 0, 0, 0, 0, 0, 0, 0, 0, 0, 0, 0, 0,
    0, 0, 0, 0, 0, 0, 0, 0, 0, 0, 0, 0, 0, 0, 0, 0, 0, 0, 0, 0, 0, 0, 0, 0,
    0, 0, 0, 0, 0, 0, 0, 0, 0, 0, 0, 0, 0, 0, 0, 0, 0, 0, 0, 0, 0, 0, 0, 0,
    0, 0, 0, 0, 0, 0, 0, 0, 0, 0, 0, 0, 0, 0, 0, 0, 0, 0, 0, 0, 0, 0, 0, 0,
    0, 0, 0, 0, 0, 0, 0, 0, 0, 0, 0, 0, 0, 0, 0, 0, 0, 0, 0, 0, 0, 0, 0, 0,
    0, 0, 0, 0, 0, 0, 0, 0, 0, 0, 0, 0, 0, 0, 0, 0, 0, 0, 0, 0, 0, 0, 0, 0,
    0, 0, 0, 0, 0, 0, 0, 0, 0, 0, 0, 0, 0, 0, 0, 0, 0, 0, 0, 0, 0, 0, 0, 0,
    0, 0, 0, 0, 0, 0, 0, 0, 0, 0, 0, 0, 0, 0, 0, 0, 0, 0, 0, 0, 0, 0, 0, 0,
    0, 0, 0, 0, 0, 0, 0, 0, 0, 0, 0, 0, 0, 0, 0, 0, 0, 0, 0, 0, 0, 0, 0, 0,
    0, 0, 0, 0, 0, 0, 0, 0, 0, 0, 0, 0, 0, 0, 0, 0, 0, 0, 0, 0, 0, 0, 0, 0,
    0, 0, 0, 0, 0, 0, 0, 0, 0, 0, 0, 0, 0, 0, 0, 0, 0, 0, 0, 0, 0, 0, 0, 0,
    0, 0, 0, 0, 0, 0, 0, 0, 0, 0, 0, 0, 0, 0, 0, 0, 0, 0, 0, 0, 0, 0, 0, 0,
    0, 0, 0, 0, 0, 0, 0, 0, 0, 0, 0, 0, 0, 0, 0, 0, 0, 0, 0, 0, 0, 0, 0, 0,
    0, 0, 0, 0, 0, 0, 0, 0, 0, 0, 0, 0, 0, 0, 0, 0, 0, 0, 0, 0, 0, 0, 0, 0,
    0, 0, 0, 0, 0, 0, 0, 0, 0, 0, 0, 0, 0, 0, 0, 0, 0, 0, 0, 0, 0, 0, 0, 0,
    0, 0, 0, 0, 0, 0, 0, 0, 0, 0, 0, 0, 0, 0, 0, 0, 0, 0, 0, 0, 0, 0, 0, 0,
    0, 0, 0, 0, 0, 0, 0, 0, 0, 0, 0, 0, 0, 0, 0, 0, 0, 0, 0, 0, 0, 0, 0, 0,
    0, 0, 0, 0, 0, 0, 0, 0, 0, 0, 0, 0, 0, 0, 0, 0, 0, 0, 0, 0, 0, 0, 0, 0,
    0, 0, 0, 0, 0, 0, 0, 0, 0, 0, 0, 0, 0, 0, 0, 0, 0, 0, 0, 0, 0, 0, 0, 0,
    0, 0, 0, 0, 0, 0, 0, 0, 0, 0, 0, 0, 0, 0, 0, 0, 0, 0, 0, 0, 0, 0, 0, 0,
    0, 0, 0, 0, 0, 0, 0, 0, 0, 0, 0, 0, 0, 0, 0, 0, 0, 0, 0, 0, 0, 0, 0, 0,
    0, 0, 0, 0, 0, 0, 0, 0, 0, 0, 0, 0, 0, 0, 0, 0, 0, 0, 0, 0, 0, 0, 0, 0,
    0, 0, 0, 0, 0, 0, 0, 0, 0, 0, 0, 0, 0, 0, 0, 0, 0, 0, 0, 0, 0, 0, 0, 0,
    0, 0, 0, 0, 0, 0, 0, 0, 0, 0, 0, 0, 0, 0, 0, 0, 0, 0, 0, 0, 0, 0, 0, 0,
    0, 0, 0, 0, 0, 0, 0, 0, 0, 0, 0, 0, 0, 0, 0, 0, 0, 0, 0, 0, 0, 0, 0, 0,
    0, 0, 0, 0, 0, 0, 0, 0, 0, 0, 0, 0, 0, 0, 0, 0, 0, 0, 0, 0, 0, 0, 0, 0,
    0, 0, 0, 0, 0, 0, 0, 0, 0, 0, 0, 0, 0, 0, 0, 0, 0, 0, 0, 0, 0, 0, 0, 0,
    0, 0, 0, 0, 0, 0, 0, 0, 0, 0, 0, 0, 0, 0, 0, 0, 0, 0, 0, 0, 0, 0, 0, 0,
    0, 0, 0, 0, 0, 0, 0, 0, 0, 0, 0, 0, 0, 0, 0, 0, 0, 0, 0, 0, 0, 0, 0, 0,
    0, 0, 0, 0, 0, 0, 0, 0, 0, 0, 0, 0, 0, 0, 0, 0, 0, 0, 0, 0, 0, 0, 0, 0,
    0, 0, 0, 0, 0, 0, 0, 0, 0, 0, 0, 0, 0, 0, 0, 0, 0, 0, 0, 0, 0, 0, 0, 0,
    0, 0, 0, 0, 0, 0, 0, 0, 0, 0, 0, 0, 0, 0, 0, 0, 0, 0, 0, 0, 0, 0, 0, 0,
    0, 0, 0, 0, 0, 0, 0, 0, 0, 0, 0, 0, 0, 0, 0, 0, 0, 0, 0, 0, 0, 0, 0, 0,
    0, 0, 0, 0, 0, 0, 0, 0, 0, 0, 0, 0, 0, 0, 0, 0, 0, 0, 0, 0, 0, 0, 0, 0,
    0, 0, 0, 0, 0, 0, 0, 0, 0, 0, 0, 0, 0, 0, 0, 0, 0, 0, 0, 0, 0, 0, 0, 0,
    0, 0, 0, 0, 0, 0, 0, 0, 0, 0, 0, 0, 0, 0, 0, 0, 0, 0, 0, 0, 0, 0, 0, 0,
    0, 0, 0, 0, 0, 0, 0, 0, 0, 0, 0, 0, 0, 0, 0, 0, 0, 0, 0, 0, 0, 0, 0, 0,
    0, 0, 0, 0, 0, 0, 0, 0, 0, 0, 0, 0, 0, 0, 0, 0, 0, 0, 0, 0, 0, 0, 0, 0,
    0, 0, 0, 0, 0, 0, 0, 0, 0, 0, 0, 0, 0, 0, 0, 0, 0, 0, 0, 0, 0, 0, 0, 0,
    0, 0, 0, 0, 0, 0, 0, 0, 0, 0, 0, 0, 0, 0, 0, 0, 0, 0, 0, 0, 0, 0, 0, 0,
    0, 0, 0, 0, 0, 0, 0, 0, 0, 0, 0, 0, 0, 0, 0, 0, 0, 0, 0, 0, 0, 0, 0, 0,
    0, 0, 0, 0, 0, 0, 0, 0, 0, 0, 0, 0, 0, 0, 0, 0, 0, 0, 0, 0, 0, 0, 0, 0,
    0, 0, 0, 0, 0, 0, 0, 0, 0, 0, 0, 0, 0, 0, 0, 0, 0, 0, 0, 0, 0, 0, 0, 0,
    0, 0, 0, 0, 0, 0, 0, 0, 0, 0, 0, 0, 0, 0, 0, 0, 0, 0, 0, 0, 0, 0, 0, 0,
    0, 0, 0, 0, 0, 0, 0, 0, 0, 0, 0, 0, 0, 0, 0, 0, 0, 0, 0, 0, 0, 0, 0, 0,
    0, 0, 0, 0, 0, 0, 0, 0, 0, 0, 0, 0, 0, 0, 0, 0, 0, 0, 0, 0, 0, 0, 0, 0,
    0, 0, 0, 0, 0, 0, 0, 0, 0, 0, 0, 0, 0, 0, 0, 0, 0, 0, 0, 0, 0, 0, 0, 0,
    0, 0, 0, 0, 0, 0, 0, 0, 0, 0, 0, 0, 0, 0, 0, 0, 0, 0, 0, 0, 0, 0, 0, 0,
    0, 0, 0, 0, 0, 0, 0, 0, 0, 0, 0, 0, 0, 0, 0, 0, 0, 0, 0, 0, 0, 0, 0, 0,
    0, 0, 0, 0, 0, 0, 0, 0, 0, 0, 0, 0, 0, 0, 0, 0, 0, 0, 0, 0, 0, 0, 0, 0,
    0, 0, 0, 0, 0, 0, 0, 0, 0, 0, 0, 0, 0, 0, 0, 0, 0, 0, 0, 0, 0, 0, 0, 0,
    0, 0, 0, 0, 0, 0, 0, 0, 0, 0, 0, 0, 0, 0, 0, 0, 0, 0, 0, 0, 0, 0, 0, 0,
    0, 0, 0, 0, 0, 0, 0, 0, 0, 0, 0, 0, 0, 0, 0, 0, 0, 0, 0, 0, 0, 0, 0, 0,
    0, 0, 0, 0, 0, 0, 0, 0, 0, 0, 0, 0, 0, 0, 0, 0, 0, 0, 0, 0, 0, 0, 0, 0,
    0, 0, 0, 0, 0, 0, 0, 0, 0, 0, 0, 0, 0, 0, 0, 0, 0, 0, 0, 0, 0, 0, 0, 0,
    0, 0, 0, 0, 0, 0, 0, 0, 0, 0, 0, 0, 0, 0, 0, 0, 0, 0, 0, 0, 0, 0, 0, 0,
    0, 0, 0, 0, 0, 0, 0, 0, 0, 0, 0, 0, 0, 0, 0, 0, 0, 0, 0, 0, 0, 0, 0, 0,
    0, 0, 0, 0, 0, 0, 0, 0, 0, 0, 0, 0, 0, 0, 0, 0, 0, 0, 0, 0, 0, 0, 0, 0,
    0, 0, 0, 0, 0, 0, 0, 0, 0, 0, 0, 0, 0, 0, 0, 0, 0, 0, 0, 0, 0, 0, 0, 0,
    0, 0, 0, 0, 0, 0, 0, 0, 0, 0, 0, 0, 0, 0, 0, 0, 0, 0, 0, 0, 0, 0, 0, 0,
    0, 0, 0, 0, 0, 0, 0, 0, 0, 0, 0, 0, 0, 0, 0, 0, 0, 0, 0, 0, 0, 0, 0, 0,
    0, 0, 0, 0, 0, 0, 0, 0, 0, 0, 0, 0, 0, 0, 0, 0, 0, 0, 0, 0, 0, 0, 0, 0,
    0, 0, 0, 0, 0, 0, 0, 0, 0, 0, 0, 0, 0, 0, 0, 0, 0, 0, 0, 0, 0, 0, 0, 0,
    0, 0, 0, 0, 0, 0, 0, 0, 0, 0, 0, 0, 0, 0, 0, 0, 0, 0, 0, 0, 0, 0, 0, 0,
    0, 0, 0, 0, 0, 0, 0, 0, 0, 0, 0, 0, 0, 0, 0, 0, 0, 0, 0, 0, 0, 0, 0, 0,
    0, 0, 0, 0, 0, 0, 0, 0, 0, 0, 0, 0, 0, 0, 0, 0, 0, 0, 0, 0, 0, 0, 0, 0,
    0, 0, 0, 0, 0, 0, 0, 0, 0, 0, 0, 0, 0, 0, 0, 0, 0, 0, 0, 0, 0, 0, 0, 0,
    0, 0, 0, 0, 0, 0, 0, 0, 0, 0, 0, 0, 0, 0, 0, 0, 0, 0, 0, 0, 0, 0, 0, 0,
    0, 0, 0, 0, 0, 0, 0, 0, 0, 0, 0, 0, 0, 0, 0, 0, 0, 0, 0, 0, 0, 0, 0, 0,
    0, 0, 0, 0, 0, 0, 0, 0, 0, 0, 0, 0, 0, 0, 0, 0, 0, 0, 0, 0, 0, 0, 0, 0,
    0, 0, 0, 0, 0, 0, 0, 0, 0, 0, 0, 0, 0, 0, 0, 0, 0, 0, 0, 0, 0, 0, 0, 0,
    0, 0, 0, 0, 0, 0, 0, 0, 0, 0, 0, 0, 0, 0, 0, 0, 0, 0, 0, 0, 0, 0, 0, 0,
    0, 0, 0, 0, 0, 0, 0, 0, 0, 0, 0, 0, 0, 0, 0, 0, 0, 0, 0, 0, 0, 0, 0, 0,
    0, 0, 0, 0, 0, 0, 0, 0, 0, 0, 0, 0, 0, 0, 0, 0, 0, 0, 0, 0, 0, 0, 0, 0,
    0, 0, 0, 0, 0, 0, 0, 0, 0, 0, 0, 0, 0, 0, 0, 0, 0, 0, 0, 0, 0, 0, 0, 0,
    0, 0, 0, 0, 0, 0, 0, 0, 0, 0, 0, 0, 0, 0, 0, 0, 0, 0, 0, 0, 0, 0, 0, 0,
    0, 0, 0, 0, 0, 0, 0, 0, 0, 0, 0, 0, 0, 0, 0, 0, 0, 0, 0, 0, 0, 0, 0, 0
};

const GbPortal gb_level04_portals[1] = {
    { 0, 0, 0, 0, 0, 0 }
};

const GbLevelAssets gb_level04_assets = {
    .level_id = 4,
    .graphics_variant = 0,
    .world_width_tiles = 192,
    .world_height_tiles = 160,
    .fixed_width_tiles = 64,
    .fixed_height_tiles = 32,
    .spawn_x = 879,
    .spawn_y = 740,
    .bg_tile_halfwords = 27648,
    .translation_count = 634,
    .bg_palette = gb_level04_bg_palette,
    .bg_tiles = gb_level04_bg_tiles,
    .translation = gb_level04_translation,
    .layer_a = gb_level04_layer_a,
    .layer_b = gb_level04_layer_b,
    .fixed_map = gb_level04_fixed_map,
    .collision = gb_level04_collision,
    .portals = gb_level04_portals,
    .portal_count = 0,
};
