#include <graveblood/assets.h>

const u16 gb_title_bg_tiles[0xD800 / 2] = {
    0x0000, 0x0000, 0x0000, 0x0000, 0x0000, 0x0000, 0x0000, 0x0000, 0x0000, 0x0000, 0x0000, 0x0000,
    0x0000, 0x0000, 0x0000, 0x0000, 0x0000, 0x0000, 0x0000, 0x0000, 0x0000, 0x0000, 0x0000, 0x0000,
    0x0000, 0x0000, 0x0000, 0x0000, 0x0000, 0x0000, 0x0000, 0x0000, 0x0201, 0x0301, 0x0504, 0x0706,
    0x0909, 0x0909, 0x0909, 0x0909, 0x0909, 0x0909, 0x0909, 0x0909, 0x0909, 0x0909, 0x0909, 0x0909,
    0x0909, 0x0909, 0x0909, 0x0909, 0x0909, 0x0909, 0x0909, 0x0909, 0x0909, 0x0909, 0x0909, 0x0909,
    0x0909, 0x0909, 0x0909, 0x0909, 0x0606, 0x0606, 0x0606, 0x0606, 0x0606, 0x0606, 0x0606, 0x0606,
    0x0606, 0x0606, 0x0606, 0x0606, 0x0606, 0x0606, 0x0606, 0x0606, 0x0606, 0x0606, 0x0606, 0x0606,
    0x0606, 0x0606, 0x0606, 0x0606, 0x0606, 0x0606, 0x0606, 0x0606, 0x0606, 0x0606, 0x0606, 0x0606,
    0x0800, 0x0106, 0x0101, 0x0101, 0x0800, 0x0106, 0x0101, 0x0101, 0x0800, 0x0106, 0x0101, 0x0101,
    0x0800, 0x0106, 0x0101, 0x0101, 0x0800, 0x0106, 0x0101, 0x0101, 0x0800, 0x0106, 0x0101, 0x0101,
    0x0800, 0x0106, 0x0101, 0x0101, 0x0800, 0x0106, 0x0101, 0x0101, 0x0800, 0x0106, 0x0101, 0x0101,
    0x0800, 0x0106, 0x0101, 0x0101, 0x0000, 0x0608, 0x0101, 0x0101, 0x0000, 0x0608, 0x0101, 0x0101,
    0x0000, 0x0800, 0x0106, 0x0101, 0x0000, 0x0000, 0x0608, 0x0106, 0x0000, 0x0000, 0x0800, 0x0608,
    0x0000, 0x0000, 0x0000, 0x0800, 0x0101, 0x0101, 0x0101, 0x0101, 0x0801, 0x0101, 0x0101, 0x0101,
    0x0801, 0x0101, 0x0101, 0x0101, 0x0801, 0x0101, 0x0101, 0x0101, 0x0801, 0x0101, 0x0101, 0x0101,
    0x0801, 0x0101, 0x0101, 0x0101, 0x0806, 0x0606, 0x0606, 0x0606, 0x0808, 0x0808, 0x0808, 0x0808,
    0x0800, 0x0106, 0x0101, 0x0101, 0x0800, 0x0106, 0x0101, 0x0101, 0x0106, 0x0101, 0x0101, 0x0101,
    0x0608, 0x0101, 0x0101, 0x0101, 0x0800, 0x0106, 0x0101, 0x0101, 0x0800, 0x0106, 0x0101, 0x0101,
    0x0800, 0x0106, 0x0101, 0x0101, 0x0800, 0x0106, 0x0101, 0x0101, 0x0101, 0x0101, 0x0101, 0x0301,
    0x0101, 0x0101, 0x0101, 0x0303, 0x0101, 0x0101, 0x0101, 0x0303, 0x0101, 0x0101, 0x0301, 0x0303,
    0x0101, 0x0101, 0x0301, 0x0303, 0x0101, 0x0101, 0x0301, 0x0303, 0x0101, 0x0101, 0x0303, 0x0303,
    0x0101, 0x0101, 0x0303, 0x0303, 0x0101, 0x0101, 0x0101, 0x0101, 0x0101, 0x0101, 0x0101, 0x0101,
    0x0101, 0x0101, 0x0101, 0x0101, 0x0101, 0x0101, 0x0101, 0x0101, 0x0303, 0x0101, 0x0101, 0x0101,
    0x0303, 0x0303, 0x0103, 0x0101, 0x0303, 0x0303, 0x0303, 0x0103, 0x0303, 0x0303, 0x0303, 0x0303,
    0x0909, 0x0909, 0x0909, 0x0909, 0x1309, 0x0909, 0x0909, 0x0909, 0x0909, 0x0909, 0x0909, 0x0909,
    0x0909, 0x0909, 0x1313, 0x0909, 0x0909, 0x0909, 0x1313, 0x0909, 0x0909, 0x0909, 0x0909, 0x0909,
    0x0909, 0x0909, 0x0909, 0x0909, 0x0909, 0x1309, 0x0909, 0x0909, 0x0909, 0x0909, 0x0909, 0x0909,
    0x0909, 0x1409, 0x0909, 0x0909, 0x0909, 0x0909, 0x0909, 0x0909, 0x0909, 0x0909, 0x0909, 0x0909,
    0x0909, 0x0909, 0x1409, 0x0914, 0x0909, 0x0909, 0x1409, 0x0914, 0x0909, 0x0909, 0x0909, 0x0909,
    0x0909, 0x0909, 0x0909, 0x0909, 0x0A09, 0x0A0A, 0x0A0A, 0x0A0A, 0x1309, 0x0A0A, 0x0A0A, 0x0A0A,
    0x0A09, 0x0A0A, 0x0A0A, 0x0A0A, 0x0A09, 0x0A0A, 0x0A0A, 0x0A0A, 0x0A09, 0x0A0A, 0x0A0A, 0x0A0A,
    0x0A09, 0x0A0A, 0x0A0A, 0x0A0A, 0x0909, 0x0A0A, 0x0A0A, 0x0A0A, 0x1209, 0x0A0A, 0x0A0A, 0x0A0A,
    0x0800, 0x0306, 0x0303, 0x0303, 0x0800, 0x0306, 0x0303, 0x0303, 0x0800, 0x0306, 0x0303, 0x0303,
    0x0800, 0x0306, 0x0303, 0x0303, 0x0800, 0x0306, 0x0303, 0x0303, 0x0800, 0x0306, 0x0303, 0x0303,
    0x0800, 0x0306, 0x0303, 0x0303, 0x0800, 0x0306, 0x0303, 0x0303, 0x0303, 0x0303, 0x0303, 0x0303,
    0x0303, 0x0303, 0x0303, 0x0303, 0x0303, 0x0303, 0x0303, 0x0303, 0x0303, 0x0303, 0x0303, 0x0303,
    0x0303, 0x0303, 0x0303, 0x0303, 0x0303, 0x0303, 0x0303, 0x0303, 0x0303, 0x0303, 0x0303, 0x0303,
    0x0303, 0x0303, 0x0303, 0x0303, 0x0101, 0x0101, 0x0101, 0x0101, 0x0101, 0x0101, 0x0101, 0x0101,
    0x0101, 0x0101, 0x0101, 0x0101, 0x0101, 0x0101, 0x0101, 0x0101, 0x0101, 0x0101, 0x0101, 0x0101,
    0x0101, 0x0101, 0x0101, 0x0101, 0x0101, 0x0101, 0x0101, 0x0101, 0x0101, 0x0101, 0x0101, 0x0101,
    0x0800, 0x0106, 0x0101, 0x0101, 0x0800, 0x0106, 0x0101, 0x0101, 0x0800, 0x0106, 0x0104, 0x0101,
    0x0800, 0x0106, 0x0101, 0x0101, 0x0800, 0x0106, 0x0104, 0x0104, 0x0800, 0x0106, 0x0101, 0x0101,
    0x0800, 0x0106, 0x0101, 0x0101, 0x0800, 0x0106, 0x0101, 0x0101, 0x0101, 0x0101, 0x0101, 0x0101,
    0x0808, 0x0808, 0x0808, 0x0808, 0x0408, 0x0B0B, 0x0B0B, 0x0804, 0x0B08, 0x0B04, 0x040B, 0x080B,
    0x0B08, 0x0404, 0x0404, 0x080B, 0x0408, 0x0B0B, 0x0B0B, 0x0804, 0x0808, 0x0808, 0x0808, 0x0808,
    0x0101, 0x0101, 0x0101, 0x0101, 0x0404, 0x0404, 0x0404, 0x0404, 0x0404, 0x0404, 0x0404, 0x0404,
    0x0804, 0x0404, 0x0404, 0x0404, 0x0804, 0x0404, 0x0404, 0x0404, 0x0804, 0x0404, 0x0404, 0x0404,
    0x0804, 0x0408, 0x0404, 0x0404, 0x0404, 0x0404, 0x0404, 0x0404, 0x0404, 0x0404, 0x0404, 0x0404,
    0x0801, 0x0B05, 0x040B, 0x0404, 0x0801, 0x0B05, 0x040B, 0x0404, 0x0801, 0x0B05, 0x040B, 0x0404,
    0x0801, 0x0B05, 0x040B, 0x0404, 0x0801, 0x0B05, 0x040B, 0x0404, 0x0801, 0x0B05, 0x040B, 0x0404,
    0x0801, 0x0B05, 0x040B, 0x0404, 0x0801, 0x0B05, 0x040B, 0x0404, 0x0404, 0x0404, 0x0504, 0x0108,
    0x0404, 0x0404, 0x0504, 0x0108, 0x0404, 0x0404, 0x0504, 0x0108, 0x0404, 0x0404, 0x0504, 0x0108,
    0x0404, 0x0404, 0x0504, 0x0108, 0x0404, 0x0404, 0x0504, 0x0108, 0x0404, 0x0404, 0x0504, 0x0108,
    0x0404, 0x0404, 0x0504, 0x0108, 0x0801, 0x0106, 0x0101, 0x0101, 0x0801, 0x0106, 0x0101, 0x0101,
    0x0801, 0x0106, 0x0101, 0x0101, 0x0801, 0x0106, 0x0101, 0x0101, 0x0801, 0x0106, 0x0101, 0x0101,
    0x0801, 0x0106, 0x0101, 0x0101, 0x0801, 0x0106, 0x0101, 0x0101, 0x0801, 0x0106, 0x0101, 0x0101,
    0x0808, 0x0808, 0x0808, 0x0808, 0x0606, 0x0606, 0x0806, 0x0608, 0x0101, 0x0101, 0x0608, 0x0106,
    0x0101, 0x0801, 0x0106, 0x0101, 0x0101, 0x0608, 0x0101, 0x0101, 0x0101, 0x0608, 0x0101, 0x0101,
    0x0801, 0x0106, 0x0101, 0x0101, 0x0801, 0x0106, 0x0101, 0x0101, 0x090A, 0x0A0A, 0x0A0A, 0x0A09,
    0x0A0A, 0x120A, 0x0A0A, 0x0909, 0x0A09, 0x0A0A, 0x0A0A, 0x090A, 0x0909, 0x0A0A, 0x0A0A, 0x090A,
    0x0909, 0x0A09, 0x0C0A, 0x0A0C, 0x0909, 0x0A09, 0x0E0A, 0x0A0E, 0x0909, 0x0909, 0x0E0A, 0x0D0E,
    0x0909, 0x0909, 0x0A0A, 0x0D0A, 0x0C0C, 0x0D0C, 0x090C, 0x0D0D, 0x0C0D, 0x0C0D, 0x0D0C, 0x0C0D,
    0x0D0D, 0x0C0C, 0x0C0C, 0x090C, 0x0D0D, 0x0C0C, 0x0C0C, 0x0909, 0x0D0C, 0x0C0C, 0x090C, 0x0909,
    0x0D0D, 0x0C0D, 0x0909, 0x0909, 0x0C0C, 0x0C0D, 0x0909, 0x0909, 0x0C0C, 0x0C0C, 0x0913, 0x0909,
    0x0909, 0x0A0A, 0x0A09, 0x090A, 0x0A09, 0x120A, 0x0A0A, 0x0A0A, 0x0909, 0x0A0A, 0x0A0A, 0x0A0A,
    0x0A09, 0x0A0A, 0x0A0A, 0x0A0A, 0x0A09, 0x0A0A, 0x0E0A, 0x0A0E, 0x0A09, 0x0A0A, 0x0E0A, 0x0A0E,
    0x0909, 0x0A0A, 0x0A0A, 0x0A0A, 0x1209, 0x0A0A, 0x0A0A, 0x0A0A, 0x0F0E, 0x100F, 0x0F0F, 0x0F10,
    0x110F, 0x0F11, 0x1111, 0x110F, 0x0F0E, 0x1511, 0x0F0F, 0x1111, 0x150F, 0x0F0F, 0x0F11, 0x1111,
    0x110F, 0x0F15, 0x1511, 0x0F11, 0x110F, 0x1115, 0x1511, 0x150F, 0x0F0E, 0x0F0F, 0x150F, 0x1515,
    0x110F, 0x1115, 0x150F, 0x150F, 0x0F0E, 0x110F, 0x0F11, 0x0F0F, 0x110F, 0x0F11, 0x1111, 0x110F,
    0x0F0E, 0x1511, 0x0F0F, 0x1111, 0x150F, 0x0F0F, 0x0F11, 0x110F, 0x110F, 0x1115, 0x1511, 0x0F11,
    0x110F, 0x1115, 0x1511, 0x150F, 0x0F0E, 0x0F0F, 0x150F, 0x1515, 0x110F, 0x1115, 0x150F, 0x150F,
    0x0F0F, 0x110F, 0x0F11, 0x0F0F, 0x110F, 0x0F11, 0x110F, 0x0F11, 0x110F, 0x150F, 0x110F, 0x0F15,
    0x0F15, 0x110F, 0x1511, 0x0F11, 0x110F, 0x110F, 0x0F0F, 0x0F11, 0x1111, 0x1115, 0x150F, 0x100F,
    0x1111, 0x0F15, 0x110F, 0x0F11, 0x0F11, 0x110F, 0x1115, 0x1511, 0x0909, 0x0909, 0x0F0F, 0x1212,
    0x1309, 0x0909, 0x0F0F, 0x1212, 0x0909, 0x0909, 0x0F0F, 0x1212, 0x0909, 0x1609, 0x0F16, 0x1212,
    0x0909, 0x1609, 0x0F16, 0x1212, 0x0909, 0x0909, 0x0F0F, 0x1212, 0x0909, 0x0909, 0x0F0F, 0x1212,
    0x0909, 0x0914, 0x0F0F, 0x1212, 0x0A0A, 0x0A0A, 0x0A0A, 0x0A0A, 0x0A0A, 0x0E0A, 0x0A0A, 0x0A0A,
    0x0A0A, 0x0A12, 0x0A0A, 0x0A0A, 0x0A0A, 0x0A0A, 0x0A0A, 0x0A0A, 0x0A0A, 0x0A0A, 0x0E0A, 0x0A0E,
    0x0A0A, 0x0A0A, 0x0E0A, 0x0A0E, 0x0A0A, 0x0A0E, 0x0A0A, 0x0A0A, 0x0A0A, 0x0A0A, 0x0A0A, 0x0A0A,
    0x0000, 0x0000, 0x0000, 0x0800, 0x0000, 0x0000, 0x0800, 0x0608, 0x0000, 0x0000, 0x0608, 0x1706,
    0x0000, 0x0800, 0x1A06, 0x1A1A, 0x0000, 0x0608, 0x1A1A, 0x1A1A, 0x0000, 0x0608, 0x1A1A, 0x1A1A,
    0x0800, 0x1806, 0x1818, 0x1818, 0x0800, 0x1806, 0x1818, 0x1818, 0x0808, 0x0808, 0x0808, 0x0808,
    0x0806, 0x0606, 0x0606, 0x0606, 0x0817, 0x1708, 0x1717, 0x1717, 0x1A1A, 0x1A08, 0x1A1A, 0x1A1A,
    0x081A, 0x1A08, 0x1A1A, 0x1A1A, 0x1A1A, 0x1A1A, 0x1A1A, 0x1A1A, 0x1818, 0x1818, 0x1818, 0x1818,
    0x1818, 0x1818, 0x1818, 0x1818, 0x0808, 0x0808, 0x0808, 0x0808, 0x0806, 0x0606, 0x0606, 0x0606,
    0x0801, 0x0101, 0x0101, 0x0101, 0x0801, 0x0101, 0x0101, 0x0101, 0x0801, 0x0101, 0x0101, 0x0101,
    0x0801, 0x0101, 0x0101, 0x0101, 0x0101, 0x0101, 0x0101, 0x0101, 0x0101, 0x0101, 0x0101, 0x0101,
    0x0000, 0x0000, 0x0000, 0x0800, 0x0000, 0x0000, 0x0800, 0x0608, 0x0000, 0x0000, 0x0608, 0x0106,
    0x0000, 0x0800, 0x0106, 0x0101, 0x0000, 0x0608, 0x0101, 0x0101, 0x0000, 0x0608, 0x0101, 0x0101,
    0x0800, 0x0106, 0x0101, 0x010B, 0x0800, 0x0106, 0x0101, 0x0101, 0x0808, 0x0808, 0x0808, 0x0808,
    0x0606, 0x0606, 0x0606, 0x0606, 0x0101, 0x0101, 0x0101, 0x0101, 0x0101, 0x0101, 0x0101, 0x0101,
    0x0401, 0x0101, 0x0101, 0x0101, 0x0101, 0x0101, 0x0101, 0x0101, 0x0401, 0x0101, 0x0101, 0x0101,
    0x0101, 0x0101, 0x0101, 0x0101, 0x0401, 0x0404, 0x0404, 0x0404, 0x0808, 0x0808, 0x0808, 0x0808,
    0x0408, 0x0B0B, 0x0B0B, 0x0804, 0x0B08, 0x0B04, 0x040B, 0x080B, 0x0B08, 0x0404, 0x0404, 0x080B,
    0x0408, 0x0B0B, 0x0B0B, 0x0804, 0x0808, 0x0808, 0x0808, 0x0808, 0x0401, 0x0404, 0x0404, 0x0404,
    0x0108, 0x0101, 0x0101, 0x0101, 0x0805, 0x0108, 0x0101, 0x0101, 0x0504, 0x0805, 0x0101, 0x0101,
    0x0404, 0x0504, 0x0108, 0x0101, 0x0404, 0x0404, 0x0805, 0x0101, 0x0404, 0x0404, 0x0805, 0x0101,
    0x0404, 0x0404, 0x0504, 0x0108, 0x0404, 0x0404, 0x0504, 0x0108, 0x0101, 0x0101, 0x0101, 0x0801,
    0x0101, 0x0101, 0x0801, 0x0508, 0x0101, 0x0101, 0x0508, 0x0B05, 0x0101, 0x0801, 0x0105, 0x0B01,
    0x0101, 0x0508, 0x0101, 0x0401, 0x0101, 0x0508, 0x0101, 0x0404, 0x0801, 0x0B05, 0x040B, 0x0404,
    0x0801, 0x0B05, 0x040B, 0x0404, 0x0808, 0x0808, 0x0808, 0x0808, 0x0508, 0x0505, 0x0505, 0x0505,
    0x0B08, 0x0B0B, 0x0B0B, 0x0B0B, 0x0B08, 0x0B0B, 0x0B0B, 0x0B0B, 0x0408, 0x0404, 0x0404, 0x0404,
    0x0408, 0x0404, 0x0404, 0x0404, 0x0404, 0x0404, 0x0404, 0x0404, 0x0404, 0x0404, 0x0404, 0x0404,
    0x0101, 0x0101, 0x0101, 0x0801, 0x0101, 0x0101, 0x0801, 0x0608, 0x0101, 0x0101, 0x0608, 0x0106,
    0x0101, 0x0801, 0x0106, 0x0101, 0x0101, 0x0608, 0x0101, 0x0101, 0x0101, 0x0608, 0x0101, 0x0101,
    0x0801, 0x0106, 0x0101, 0x0101, 0x0801, 0x0106, 0x0101, 0x0101, 0x0808, 0x0808, 0x0808, 0x0808,
    0x0606, 0x0606, 0x0606, 0x0606, 0x0401, 0x0101, 0x0101, 0x0101, 0x0101, 0x0101, 0x0101, 0x0101,
    0x0401, 0x0101, 0x0101, 0x0101, 0x0101, 0x0101, 0x0101, 0x0101, 0x0101, 0x0101, 0x0101, 0x0101,
    0x0101, 0x0101, 0x0101, 0x0101, 0x0800, 0x0306, 0x0303, 0x0303, 0x0800, 0x0306, 0x0303, 0x0303,
    0x0000, 0x0608, 0x1818, 0x1818, 0x0000, 0x0608, 0x1818, 0x1818, 0x0000, 0x0800, 0x1806, 0x1818,
    0x0000, 0x0000, 0x0608, 0x1806, 0x0000, 0x0000, 0x0800, 0x0608, 0x0000, 0x0000, 0x0000, 0x0800,
    0x0303, 0x0303, 0x0303, 0x0303, 0x0303, 0x0303, 0x0303, 0x0303, 0x1818, 0x1818, 0x1818, 0x1818,
    0x0808, 0x0808, 0x1818, 0x1818, 0x1808, 0x0808, 0x1818, 0x1818, 0x1808, 0x0818, 0x1818, 0x1818,
    0x0606, 0x0606, 0x0606, 0x0606, 0x0808, 0x0808, 0x0808, 0x0808, 0x0000, 0x1717, 0x1717, 0x1717,
    0x0000, 0x1700, 0x1717, 0x1717, 0x0000, 0x0000, 0x1717, 0x1717, 0x0000, 0x0000, 0x0000, 0x0000,
    0x0000, 0x0000, 0x0000, 0x0000, 0x0000, 0x0000, 0x0000, 0x0000, 0x0000, 0x0000, 0x0000, 0x0000,
    0x0000, 0x0000, 0x0000, 0x0000, 0x1717, 0x1717, 0x1717, 0x1717, 0x1717, 0x1717, 0x1717, 0x1717,
    0x1717, 0x1717, 0x1717, 0x1717, 0x0000, 0x0000, 0x0000, 0x0000, 0x0000, 0x0000, 0x0000, 0x0000,
    0x0000, 0x0000, 0x0000, 0x0000, 0x0000, 0x0000, 0x0000, 0x0000, 0x0000, 0x0000, 0x0000, 0x0000,
    0x0000, 0x0000, 0x0000, 0x0000, 0x0000, 0x0000, 0x0000, 0x0000, 0x0000, 0x0000, 0x0000, 0x0800,
    0x0000, 0x0000, 0x0800, 0x0608, 0x0000, 0x0000, 0x0608, 0x0106, 0x0000, 0x0800, 0x0106, 0x0101,
    0x0000, 0x0608, 0x0101, 0x0101, 0x0000, 0x0608, 0x0101, 0x0101, 0x0000, 0x0000, 0x0000, 0x0000,
    0x0000, 0x0000, 0x0000, 0x0000, 0x0808, 0x0808, 0x0808, 0x0808, 0x0606, 0x0606, 0x0606, 0x0606,
    0x0101, 0x0101, 0x0101, 0x0101, 0x0101, 0x0101, 0x0101, 0x0101, 0x0101, 0x0101, 0x0101, 0x0101,
    0x0101, 0x0101, 0x0101, 0x0101, 0x0404, 0x0404, 0x0404, 0x0804, 0x0404, 0x0404, 0x0404, 0x0B08,
    0x0404, 0x0404, 0x0808, 0x0B04, 0x0404, 0x0404, 0x0B04, 0x0B0B, 0x0404, 0x0404, 0x0408, 0x0404,
    0x0404, 0x0404, 0x0804, 0x0404, 0x0404, 0x0404, 0x0804, 0x0804, 0x0404, 0x0404, 0x0804, 0x0408,
    0x0808, 0x0405, 0x0404, 0x0404, 0x0508, 0x0808, 0x0405, 0x0404, 0x0508, 0x0505, 0x0808, 0x0405,
    0x0508, 0x0505, 0x0505, 0x0408, 0x0508, 0x0505, 0x0808, 0x0405, 0x0508, 0x0808, 0x0405, 0x0404,
    0x0808, 0x0405, 0x0404, 0x0404, 0x0404, 0x0404, 0x0404, 0x0404, 0x0801, 0x0405, 0x0404, 0x0404,
    0x0801, 0x0405, 0x0404, 0x0404, 0x0101, 0x0508, 0x0404, 0x0404, 0x0101, 0x0508, 0x0404, 0x0404,
    0x0401, 0x0801, 0x0405, 0x0404, 0x0101, 0x0101, 0x0508, 0x0405, 0x0101, 0x0104, 0x0801, 0x0508,
    0x0101, 0x0101, 0x0101, 0x0801, 0x0404, 0x0404, 0x0404, 0x0404, 0x0404, 0x0404, 0x0404, 0x0404,
    0x0404, 0x0404, 0x0404, 0x0404, 0x0404, 0x0404, 0x0404, 0x0404, 0x0404, 0x0404, 0x0404, 0x0404,
    0x0404, 0x0404, 0x0404, 0x0404, 0x0505, 0x0505, 0x0505, 0x0505, 0x0808, 0x0808, 0x0808, 0x0808,
    0x0808, 0x0808, 0x0808, 0x0808, 0x0606, 0x0606, 0x0806, 0x0508, 0x0101, 0x0101, 0x0508, 0x0B05,
    0x0101, 0x0801, 0x0105, 0x0B01, 0x0101, 0x0508, 0x0101, 0x0401, 0x0101, 0x0508, 0x0101, 0x0404,
    0x0801, 0x0B05, 0x040B, 0x0404, 0x0801, 0x0B05, 0x040B, 0x0404, 0x0808, 0x0808, 0x0808, 0x0808,
    0x0805, 0x0608, 0x0606, 0x0606, 0x0504, 0x0805, 0x0101, 0x0101, 0x0404, 0x0504, 0x0108, 0x0101,
    0x0404, 0x0404, 0x0805, 0x0101, 0x0404, 0x0404, 0x0805, 0x0101, 0x0404, 0x0404, 0x0504, 0x0108,
    0x0404, 0x0404, 0x0504, 0x0108, 0x0909, 0x0909, 0x0A0A, 0x0C0A, 0x1309, 0x0909, 0x0A0A, 0x0C0A,
    0x0909, 0x0909, 0x0A09, 0x0D0C, 0x0909, 0x0909, 0x0E0E, 0x0D0C, 0x0909, 0x0909, 0x0E13, 0x0D0C,
    0x0909, 0x0909, 0x0A09, 0x0D0C, 0x0909, 0x0909, 0x0909, 0x0C0C, 0x0909, 0x1309, 0x0909, 0x0C09,
    0x0C0C, 0x0D0C, 0x0909, 0x0909, 0x0D0C, 0x0D0C, 0x0909, 0x0909, 0x0D0C, 0x090C, 0x0909, 0x0909,
    0x0D0D, 0x090C, 0x0909, 0x0909, 0x0C0C, 0x090C, 0x1409, 0x0914, 0x0C0D, 0x090C, 0x1409, 0x0914,
    0x0C0C, 0x090C, 0x0909, 0x0909, 0x0C0C, 0x0909, 0x0909, 0x0909, 0x0A09, 0x0A0A, 0x0A0A, 0x0A0A,
    0x1209, 0x0A0A, 0x0A0A, 0x0A0A, 0x0A09, 0x0A0A, 0x0A0A, 0x0A0A, 0x0A09, 0x0A0A, 0x0E0E, 0x0A0A,
    0x0A09, 0x0A0A, 0x0E0E, 0x0A0A, 0x0909, 0x0A09, 0x0A0A, 0x0A0A, 0x0909, 0x0909, 0x0A09, 0x0A0A,
    0x0909, 0x1309, 0x0909, 0x0A09, 0x110F, 0x1115, 0x1511, 0x0F11, 0x0F0E, 0x0F15, 0x0F11, 0x1111,
    0x1915, 0x0F15, 0x150F, 0x1111, 0x1511, 0x1111, 0x0F0F, 0x1115, 0x0F11, 0x1111, 0x110F, 0x0F0F,
    0x150F, 0x110F, 0x1115, 0x150F, 0x1111, 0x0F0F, 0x1115, 0x1511, 0x1111, 0x1115, 0x0F0F, 0x1511,
    0x110F, 0x1115, 0x1511, 0x0F11, 0x0F0E, 0x0F15, 0x0F11, 0x1111, 0x1915, 0x0F15, 0x150F, 0x0F11,
    0x1519, 0x150F, 0x190F, 0x1511, 0x0F19, 0x190F, 0x1515, 0x190F, 0x0F15, 0x190F, 0x150F, 0x1919,
    0x1515, 0x190F, 0x150F, 0x1519, 0x1519, 0x1915, 0x1919, 0x1915, 0x150F, 0x1111, 0x0F15, 0x110F,
    0x0F15, 0x0F11, 0x110F, 0x110F, 0x1915, 0x150F, 0x110F, 0x110F, 0x1115, 0x0F19, 0x0F15, 0x110F,
    0x1111, 0x0F19, 0x150F, 0x0F15, 0x0F0F, 0x0F15, 0x150F, 0x1519, 0x150F, 0x1519, 0x0F0F, 0x1519,
    0x1515, 0x1519, 0x1515, 0x1015, 0x0909, 0x0909, 0x0F0F, 0x1212, 0x1309, 0x0909, 0x0F0F, 0x1212,
    0x0909, 0x0909, 0x0F09, 0x1212, 0x0909, 0x0909, 0x1313, 0x1209, 0x0909, 0x0909, 0x1313, 0x0909,
    0x0909, 0x0909, 0x0909, 0x0909, 0x0909, 0x0909, 0x0909, 0x0909, 0x0909, 0x1309, 0x0909, 0x0909,
    0x0A0A, 0x0A0A, 0x0A0A, 0x0A0A, 0x0A0A, 0x0E0A, 0x0A0A, 0x0A0A, 0x0A0A, 0x0A12, 0x0A0A, 0x0A0A,
    0x0A0A, 0x0A0A, 0x0A0A, 0x0A0A, 0x0A09, 0x0A0A, 0x0E0A, 0x0A0E, 0x0909, 0x0A09, 0x0E0A, 0x0A0E,
    0x0909, 0x0909, 0x0A09, 0x0A0A, 0x0909, 0x0909, 0x0909, 0x0A09, 0x0000, 0x0100, 0x0000, 0x0000,
    0x0000, 0x0100, 0x001B, 0x0000, 0x0000, 0x0100, 0x001B, 0x0000, 0x0000, 0x0100, 0x001B, 0x0000,
    0x0000, 0x0100, 0x001B, 0x0000, 0x0000, 0x0000, 0x001B, 0x0000, 0x0000, 0x0100, 0x0000, 0x0000,
    0x0000, 0x0000, 0x001B, 0x0000, 0x0000, 0x0001, 0x0100, 0x0000, 0x0000, 0x1B01, 0x0100, 0x001B,
    0x0000, 0x1B01, 0x0100, 0x001B, 0x0000, 0x1B00, 0x0000, 0x001B, 0x0000, 0x0000, 0x0000, 0x0000,
    0x0000, 0x0000, 0x0000, 0x0000, 0x0000, 0x0000, 0x0000, 0x0000, 0x0000, 0x0000, 0x0000, 0x0000,
    0x0000, 0x0001, 0x0100, 0x0000, 0x0000, 0x1B01, 0x0100, 0x001B, 0x0100, 0x0101, 0x0101, 0x0001,
    0x0000, 0x1B01, 0x011B, 0x1B1B, 0x0100, 0x0101, 0x0101, 0x0001, 0x0000, 0x1B01, 0x011B, 0x1B1B,
    0x0000, 0x1B01, 0x0100, 0x001B, 0x0000, 0x1B00, 0x0000, 0x001B, 0x0000, 0x0100, 0x0001, 0x0000,
    0x0000, 0x0101, 0x0101, 0x0001, 0x0100, 0x1B00, 0x1B1B, 0x1B1B, 0x0000, 0x0101, 0x0101, 0x0000,
    0x0000, 0x1B00, 0x1B1B, 0x0001, 0x0100, 0x0101, 0x0101, 0x1B00, 0x0000, 0x011B, 0x1B01, 0x001B,
    0x0000, 0x0000, 0x1B1B, 0x0000, 0x0000, 0x0000, 0x0000, 0x0000, 0x0100, 0x0001, 0x0000, 0x0001,
    0x0100, 0x1B01, 0x0100, 0x1B00, 0x0000, 0x1B1B, 0x0001, 0x001B, 0x0000, 0x0100, 0x1B00, 0x0000,
    0x0000, 0x0001, 0x011B, 0x0001, 0x0100, 0x1B00, 0x0100, 0x1B01, 0x0000, 0x001B, 0x0000, 0x1B1B,
    0x0000, 0x0101, 0x0000, 0x0000, 0x0100, 0x1B00, 0x0001, 0x0000, 0x0000, 0x0101, 0x1B00, 0x0000,
    0x0100, 0x0100, 0x011B, 0x0001, 0x0001, 0x001B, 0x0001, 0x1B1B, 0x1B01, 0x0000, 0x1B01, 0x0000,
    0x0100, 0x0101, 0x0100, 0x0001, 0x0000, 0x1B1B, 0x001B, 0x1B1B, 0x0000, 0x0100, 0x0000, 0x0000,
    0x0000, 0x0100, 0x001B, 0x0000, 0x0000, 0x0001, 0x001B, 0x0000, 0x0000, 0x1B00, 0x0000, 0x0000,
    0x0000, 0x0000, 0x0000, 0x0000, 0x0000, 0x0000, 0x0000, 0x0000, 0x0000, 0x0000, 0x0000, 0x0000,
    0x0000, 0x0000, 0x0000, 0x0000, 0x0000, 0x0100, 0x0000, 0x0000, 0x0000, 0x0001, 0x001B, 0x0000,
    0x0100, 0x1B00, 0x0000, 0x0000, 0x0100, 0x001B, 0x0000, 0x0000, 0x0100, 0x001B, 0x0000, 0x0000,
    0x0000, 0x0001, 0x0000, 0x0000, 0x0000, 0x0100, 0x0000, 0x0000, 0x0000, 0x0000, 0x001B, 0x0000,
    0x0000, 0x0001, 0x0000, 0x0000, 0x0000, 0x0100, 0x0000, 0x0000, 0x0000, 0x0000, 0x0001, 0x0000,
    0x0000, 0x0000, 0x1B01, 0x0000, 0x0000, 0x0000, 0x1B01, 0x0000, 0x0000, 0x0100, 0x1B00, 0x0000,
    0x0000, 0x0001, 0x001B, 0x0000, 0x0000, 0x1B00, 0x0000, 0x0000, 0x0000, 0x0000, 0x0000, 0x0000,
    0x0100, 0x0000, 0x0100, 0x0000, 0x0000, 0x0101, 0x0001, 0x001B, 0x0101, 0x0101, 0x0101, 0x0001,
    0x1B00, 0x0101, 0x1B01, 0x1B1B, 0x0100, 0x1B00, 0x011B, 0x0000, 0x0000, 0x001B, 0x0000, 0x001B,
    0x0000, 0x0000, 0x0000, 0x0000, 0x0000, 0x0000, 0x0000, 0x0000, 0x0000, 0x0100, 0x0000, 0x0000,
    0x0000, 0x0100, 0x001B, 0x0000, 0x0100, 0x0101, 0x0101, 0x0000, 0x0000, 0x011B, 0x1B1B, 0x001B,
    0x0000, 0x0100, 0x001B, 0x0000, 0x0000, 0x0000, 0x001B, 0x0000, 0x0000, 0x0000, 0x0000, 0x0000,
    0x0000, 0x0000, 0x0000, 0x0000, 0x0000, 0x0000, 0x0000, 0x0000, 0x0000, 0x0000, 0x0000, 0x0000,
    0x0000, 0x0000, 0x0000, 0x0000, 0x0000, 0x0000, 0x0000, 0x0000, 0x0000, 0x0100, 0x0000, 0x0000,
    0x0000, 0x0100, 0x001B, 0x0000, 0x0000, 0x0001, 0x001B, 0x0000, 0x0000, 0x0000, 0x0000, 0x0000,
    0x0000, 0x0000, 0x0000, 0x0000, 0x0000, 0x0000, 0x0000, 0x0000, 0x0100, 0x0101, 0x0101, 0x0001,
    0x0000, 0x1B1B, 0x1B1B, 0x1B1B, 0x0000, 0x0000, 0x0000, 0x0000, 0x0000, 0x0000, 0x0000, 0x0000,
    0x0000, 0x0000, 0x0000, 0x0000, 0x0000, 0x0000, 0x0000, 0x0000, 0x0000, 0x0000, 0x0000, 0x0000,
    0x0000, 0x0000, 0x0000, 0x0000, 0x0000, 0x0000, 0x0000, 0x0000, 0x0000, 0x0000, 0x0000, 0x0000,
    0x0000, 0x0100, 0x0000, 0x0000, 0x0000, 0x0100, 0x001B, 0x0000, 0x0000, 0x0000, 0x001B, 0x0000,
    0x0001, 0x0000, 0x0000, 0x0100, 0x1B00, 0x0000, 0x0000, 0x0000, 0x0000, 0x0000, 0x0000, 0x0000,
    0x0000, 0x0000, 0x0000, 0x0000, 0x0000, 0x0000, 0x0000, 0x0000, 0x0000, 0x0000, 0x0000, 0x0000,
    0x0000, 0x0000, 0x0000, 0x0000, 0x0000, 0x0000, 0x0000, 0x0000, 0x0000, 0x0101, 0x0101, 0x0000,
    0x011B, 0x1B00, 0x1B1B, 0x0001, 0x0100, 0x001B, 0x0000, 0x1B01, 0x0100, 0x011B, 0x0001, 0x1B01,
    0x0100, 0x001B, 0x1B1B, 0x1B01, 0x0100, 0x001B, 0x0000, 0x1B01, 0x0000, 0x0101, 0x0101, 0x1B00,
    0x0000, 0x1B00, 0x1B1B, 0x001B, 0x0000, 0x0100, 0x0000, 0x0000, 0x0000, 0x0101, 0x001B, 0x0000,
    0x0100, 0x0100, 0x001B, 0x0000, 0x0000, 0x011B, 0x001B, 0x0000, 0x0000, 0x0100, 0x001B, 0x0000,
    0x0000, 0x0100, 0x001B, 0x0000, 0x0100, 0x0101, 0x0101, 0x0000, 0x0000, 0x1B1B, 0x1B1B, 0x001B,
    0x0000, 0x0101, 0x0101, 0x0000, 0x0100, 0x1B00, 0x1B1B, 0x0001, 0x0000, 0x001B, 0x0000, 0x1B01,
    0x0000, 0x0000, 0x0101, 0x1B00, 0x0000, 0x0101, 0x1B00, 0x001B, 0x0100, 0x1B00, 0x001B, 0x0001,
    0x0100, 0x0101, 0x0101, 0x1B01, 0x0000, 0x1B1B, 0x1B1B, 0x1B1B, 0x0000, 0x0101, 0x0101, 0x0000,
    0x0100, 0x1B00, 0x1B1B, 0x0001, 0x0000, 0x001B, 0x0000, 0x1B01, 0x0000, 0x0100, 0x0101, 0x1B00,
    0x0000, 0x0000, 0x1B1B, 0x0001, 0x0100, 0x0000, 0x0000, 0x1B01, 0x0000, 0x0101, 0x0101, 0x1B00,
    0x0000, 0x1B00, 0x1B1B, 0x001B, 0x0000, 0x0000, 0x0001, 0x0000, 0x0000, 0x0100, 0x1B01, 0x0000,
    0x0000, 0x0001, 0x1B01, 0x0000, 0x0100, 0x1B00, 0x1B01, 0x0000, 0x0101, 0x0101, 0x0101, 0x0001,
    0x1B00, 0x1B1B, 0x1B01, 0x1B1B, 0x0000, 0x0100, 0x0101, 0x0000, 0x0000, 0x0000, 0x1B1B, 0x001B,
    0x0100, 0x0101, 0x0101, 0x0001, 0x0100, 0x1B1B, 0x1B1B, 0x1B1B, 0x0100, 0x0101, 0x0101, 0x0000,
    0x0000, 0x1B1B, 0x1B1B, 0x0001, 0x0000, 0x0000, 0x0000, 0x1B01, 0x0100, 0x0000, 0x0000, 0x1B01,
    0x0000, 0x0101, 0x0101, 0x1B00, 0x0000, 0x1B00, 0x1B1B, 0x001B, 0x0000, 0x0100, 0x0101, 0x0000,
    0x0000, 0x0001, 0x1B1B, 0x001B, 0x0100, 0x1B00, 0x0000, 0x0000, 0x0100, 0x0101, 0x0101, 0x0000,
    0x0100, 0x1B1B, 0x1B1B, 0x0001, 0x0100, 0x001B, 0x0000, 0x1B01, 0x0000, 0x0101, 0x0101, 0x1B00,
    0x0000, 0x1B00, 0x1B1B, 0x001B, 0x0100, 0x0101, 0x0101, 0x0001, 0x0100, 0x1B1B, 0x1B1B, 0x1B01,
    0x0000, 0x001B, 0x0100, 0x1B00, 0x0000, 0x0000, 0x0001, 0x001B, 0x0000, 0x0100, 0x1B00, 0x0000,
    0x0000, 0x0100, 0x001B, 0x0000, 0x0000, 0x0100, 0x001B, 0x0000, 0x0000, 0x0000, 0x001B, 0x0000,
    0x0000, 0x0101, 0x0101, 0x0000, 0x0100, 0x1B00, 0x1B1B, 0x0001, 0x0100, 0x001B, 0x0000, 0x1B01,
    0x0000, 0x0101, 0x0101, 0x1B00, 0x0100, 0x1B00, 0x1B1B, 0x0001, 0x0100, 0x001B, 0x0000, 0x1B01,
    0x0000, 0x0101, 0x0101, 0x1B00, 0x0000, 0x1B00, 0x1B1B, 0x001B, 0x0000, 0x0101, 0x0101, 0x0000,
    0x0100, 0x1B00, 0x1B1B, 0x0001, 0x0100, 0x001B, 0x0000, 0x1B01, 0x0000, 0x0101, 0x0101, 0x1B01,
    0x0000, 0x1B00, 0x1B1B, 0x1B01, 0x0000, 0x0000, 0x0100, 0x1B00, 0x0000, 0x0101, 0x0001, 0x001B,
    0x0000, 0x1B00, 0x1B1B, 0x0000, 0x0000, 0x0000, 0x0000, 0x0000, 0x0000, 0x0100, 0x0000, 0x0000,
    0x0000, 0x0100, 0x001B, 0x0000, 0x0000, 0x0000, 0x001B, 0x0000, 0x0000, 0x0000, 0x0000, 0x0000,
    0x0000, 0x0100, 0x0000, 0x0000, 0x0000, 0x0100, 0x001B, 0x0000, 0x0000, 0x0000, 0x001B, 0x0000,
    0x0101, 0x0101, 0x0101, 0x0101, 0x0101, 0x0101, 0x0101, 0x0101, 0x0102, 0x0101, 0x0101, 0x0201,
    0x0101, 0x0101, 0x0101, 0x0101, 0x0101, 0x0101, 0x0101, 0x0101, 0x0101, 0x0101, 0x0101, 0x0101,
    0x0101, 0x0101, 0x0101, 0x0101, 0x0101, 0x0101, 0x0101, 0x0101, 0x0202, 0x0101, 0x0101, 0x0201,
    0x0101, 0x0101, 0x0101, 0x0101, 0x0101, 0x0101, 0x0101, 0x0101, 0x0101, 0x0101, 0x0101, 0x0101,
    0x0101, 0x0101, 0x0101, 0x0101, 0x0101, 0x0101, 0x0101, 0x0101, 0x0101, 0x0101, 0x0101, 0x0101,
    0x0101, 0x0101, 0x0101, 0x0101, 0x0101, 0x0101, 0x0101, 0x0101, 0x0202, 0x0101, 0x0101, 0x0201,
    0x0101, 0x0101, 0x0101, 0x0101, 0x0101, 0x0101, 0x0101, 0x0101, 0x0101, 0x0101, 0x0101, 0x0101,
    0x0101, 0x0101, 0x0101, 0x0101, 0x0101, 0x0101, 0x0101, 0x0101, 0x0101, 0x0101, 0x0101, 0x0101,
    0x0101, 0x0101, 0x0101, 0x0101, 0x0101, 0x0101, 0x0101, 0x0101, 0x0202, 0x0101, 0x0101, 0x0201,
    0x0101, 0x0101, 0x0101, 0x0101, 0x0101, 0x0101, 0x0101, 0x0101, 0x0101, 0x0101, 0x0101, 0x0101,
    0x0101, 0x0101, 0x0101, 0x0101, 0x0101, 0x0101, 0x0101, 0x0101, 0x0101, 0x0202, 0x0202, 0x0101,
    0x0201, 0x0101, 0x0101, 0x0102, 0x0101, 0x0101, 0x0101, 0x0102, 0x0101, 0x0101, 0x0201, 0x0101,
    0x0101, 0x0101, 0x0102, 0x0101, 0x0101, 0x0101, 0x0101, 0x0101, 0x0101, 0x0101, 0x0102, 0x0101,
    0x0101, 0x0101, 0x0101, 0x0101, 0x0101, 0x0202, 0x0202, 0x0101, 0x0201, 0x0101, 0x0101, 0x0102,
    0x0201, 0x0201, 0x0202, 0x0102, 0x0201, 0x0201, 0x0101, 0x0102, 0x0201, 0x0201, 0x0202, 0x0102,
    0x0201, 0x0101, 0x0101, 0x0101, 0x0101, 0x0202, 0x0202, 0x0101, 0x0101, 0x0101, 0x0101, 0x0101,
    0x0000, 0x0100, 0x0001, 0x0000, 0x0000, 0x0001, 0x011B, 0x0000, 0x0100, 0x1B00, 0x0000, 0x0001,
    0x0100, 0x001B, 0x0000, 0x1B01, 0x0100, 0x0101, 0x0101, 0x1B01, 0x0100, 0x1B1B, 0x1B1B, 0x1B01,
    0x0100, 0x001B, 0x0000, 0x1B01, 0x0000, 0x001B, 0x0000, 0x1B00, 0x0100, 0x0101, 0x0101, 0x0000,
    0x0000, 0x1B01, 0x1B1B, 0x0001, 0x0000, 0x1B01, 0x0000, 0x1B01, 0x0000, 0x0101, 0x0101, 0x1B00,
    0x0000, 0x1B01, 0x1B1B, 0x0001, 0x0000, 0x1B01, 0x0000, 0x1B01, 0x0100, 0x0101, 0x0101, 0x1B00,
    0x0000, 0x1B1B, 0x1B1B, 0x001B, 0x0000, 0x0100, 0x0101, 0x0000, 0x0000, 0x0001, 0x1B1B, 0x0001,
    0x0100, 0x1B00, 0x0000, 0x1B00, 0x0100, 0x001B, 0x0000, 0x0000, 0x0100, 0x001B, 0x0000, 0x0000,
    0x0000, 0x0001, 0x0000, 0x0001, 0x0000, 0x0100, 0x0101, 0x1B00, 0x0000, 0x0000, 0x1B1B, 0x001B,
    0x0100, 0x0101, 0x0001, 0x0000, 0x0000, 0x1B01, 0x011B, 0x0000, 0x0000, 0x1B01, 0x0000, 0x0001,
    0x0000, 0x1B01, 0x0000, 0x1B01, 0x0000, 0x1B01, 0x0000, 0x1B01, 0x0000, 0x1B01, 0x0100, 0x1B00,
    0x0100, 0x0101, 0x0001, 0x001B, 0x0000, 0x1B1B, 0x1B1B, 0x0000, 0x0100, 0x0101, 0x0101, 0x0001,
    0x0000, 0x1B01, 0x1B1B, 0x1B01, 0x0000, 0x1B01, 0x0001, 0x1B00, 0x0000, 0x0101, 0x1B01, 0x0000,
    0x0000, 0x1B01, 0x1B01, 0x0000, 0x0000, 0x1B01, 0x1B00, 0x0001, 0x0100, 0x0101, 0x0101, 0x1B01,
    0x0000, 0x1B1B, 0x1B1B, 0x1B1B, 0x0100, 0x0101, 0x0101, 0x0001, 0x0000, 0x1B01, 0x1B1B, 0x1B01,
    0x0000, 0x1B01, 0x0001, 0x1B00, 0x0000, 0x0101, 0x1B01, 0x0000, 0x0000, 0x1B01, 0x1B01, 0x0000,
    0x0000, 0x1B01, 0x1B00, 0x0000, 0x0100, 0x0101, 0x0000, 0x0000, 0x0000, 0x1B1B, 0x001B, 0x0000,
    0x0000, 0x0100, 0x0101, 0x0000, 0x0000, 0x0001, 0x1B1B, 0x0001, 0x0100, 0x1B00, 0x0000, 0x1B00,
    0x0100, 0x001B, 0x0000, 0x0000, 0x0100, 0x001B, 0x0101, 0x0001, 0x0000, 0x0001, 0x1B00, 0x1B01,
    0x0000, 0x0100, 0x0101, 0x1B01, 0x0000, 0x0000, 0x1B1B, 0x1B1B, 0x0100, 0x0000, 0x0000, 0x0001,
    0x0100, 0x001B, 0x0000, 0x1B01, 0x0100, 0x001B, 0x0000, 0x1B01, 0x0100, 0x0101, 0x0101, 0x1B01,
    0x0100, 0x1B1B, 0x1B1B, 0x1B01, 0x0100, 0x001B, 0x0000, 0x1B01, 0x0100, 0x001B, 0x0000, 0x1B01,
    0x0000, 0x001B, 0x0000, 0x1B00, 0x0000, 0x0101, 0x0001, 0x0000, 0x0000, 0x0100, 0x1B1B, 0x0000,
    0x0000, 0x0100, 0x001B, 0x0000, 0x0000, 0x0100, 0x001B, 0x0000, 0x0000, 0x0100, 0x001B, 0x0000,
    0x0000, 0x0100, 0x001B, 0x0000, 0x0000, 0x0101, 0x0001, 0x0000, 0x0000, 0x1B00, 0x1B1B, 0x0000,
    0x0000, 0x0000, 0x0101, 0x0001, 0x0000, 0x0000, 0x0100, 0x1B1B, 0x0000, 0x0000, 0x0100, 0x001B,
    0x0000, 0x0000, 0x0100, 0x001B, 0x0100, 0x0000, 0x0100, 0x001B, 0x0100, 0x001B, 0x0100, 0x001B,
    0x0000, 0x0101, 0x0001, 0x001B, 0x0000, 0x1B00, 0x1B1B, 0x0000, 0x0100, 0x0001, 0x0000, 0x0001,
    0x0000, 0x1B01, 0x0100, 0x1B00, 0x0000, 0x1B01, 0x0001, 0x001B, 0x0000, 0x0101, 0x1B00, 0x0000,
    0x0000, 0x1B01, 0x0001, 0x0000, 0x0000, 0x1B01, 0x0100, 0x0000, 0x0100, 0x1B01, 0x0000, 0x0101,
    0x0000, 0x1B1B, 0x0000, 0x1B00, 0x0100, 0x0101, 0x0000, 0x0000, 0x0000, 0x1B01, 0x001B, 0x0000,
    0x0000, 0x1B01, 0x0000, 0x0000, 0x0000, 0x1B01, 0x0000, 0x0000, 0x0000, 0x1B01, 0x0000, 0x0000,
    0x0000, 0x1B01, 0x0000, 0x0001, 0x0100, 0x0101, 0x0101, 0x1B01, 0x001B, 0x1B1B, 0x1B1B, 0x1B1B,
    0x0100, 0x0001, 0x0000, 0x0101, 0x0100, 0x011B, 0x0100, 0x0100, 0x0100, 0x001B, 0x0001, 0x011B,
    0x0100, 0x001B, 0x1B00, 0x0100, 0x0100, 0x001B, 0x0000, 0x0100, 0x0100, 0x001B, 0x0000, 0x0100,
    0x0100, 0x001B, 0x0000, 0x0100, 0x0000, 0x001B, 0x0000, 0x0000, 0x0100, 0x0001, 0x0000, 0x0001,
    0x011B, 0x011B, 0x0000, 0x1B01, 0x011B, 0x001B, 0x0001, 0x1B01, 0x011B, 0x001B, 0x0100, 0x1B01,
    0x011B, 0x001B, 0x0000, 0x1B01, 0x011B, 0x001B, 0x0000, 0x1B01, 0x011B, 0x001B, 0x0000, 0x1B01,
    0x001B, 0x001B, 0x0000, 0x1B00, 0x0000, 0x0101, 0x0101, 0x0000, 0x0100, 0x1B00, 0x1B1B, 0x0001,
    0x0100, 0x001B, 0x0000, 0x1B01, 0x0100, 0x001B, 0x0000, 0x1B01, 0x0100, 0x001B, 0x0000, 0x1B01,
    0x0100, 0x001B, 0x0000, 0x1B01, 0x0000, 0x0101, 0x0101, 0x1B00, 0x0000, 0x1B00, 0x1B1B, 0x001B,
    0x0100, 0x0101, 0x0101, 0x0000, 0x0000, 0x1B01, 0x1B1B, 0x0001, 0x0000, 0x1B01, 0x0000, 0x1B01,
    0x0000, 0x0101, 0x0101, 0x1B00, 0x0000, 0x1B01, 0x1B1B, 0x001B, 0x0000, 0x1B01, 0x0000, 0x0000,
    0x0100, 0x0101, 0x0000, 0x0000, 0x0000, 0x1B1B, 0x001B, 0x0000, 0x0000, 0x0101, 0x0101, 0x0000,
    0x0100, 0x1B00, 0x1B1B, 0x0001, 0x0100, 0x001B, 0x0000, 0x1B01, 0x0100, 0x001B, 0x0000, 0x1B01,
    0x0100, 0x001B, 0x0001, 0x1B01, 0x0000, 0x0101, 0x0101, 0x1B00, 0x0000, 0x1B00, 0x1B1B, 0x0101,
    0x0000, 0x0000, 0x0000, 0x1B00, 0x0100, 0x0101, 0x0101, 0x0000, 0x0000, 0x1B01, 0x1B1B, 0x0001,
    0x0000, 0x1B01, 0x0000, 0x1B01, 0x0000, 0x0101, 0x0101, 0x1B00, 0x0000, 0x1B01, 0x1B01, 0x001B,
    0x0000, 0x1B01, 0x0100, 0x0000, 0x0100, 0x0101, 0x0000, 0x0001, 0x001B, 0x1B1B, 0x001B, 0x1B00,
    0x0000, 0x0101, 0x0101, 0x0000, 0x0100, 0x1B00, 0x1B1B, 0x0001, 0x0100, 0x001B, 0x0000, 0x1B00,
    0x0000, 0x0101, 0x0101, 0x0000, 0x0000, 0x1B00, 0x1B1B, 0x0001, 0x0100, 0x0000, 0x0000, 0x1B01,
    0x0000, 0x0101, 0x0101, 0x1B00, 0x0000, 0x1B00, 0x1B1B, 0x001B, 0x0100, 0x0101, 0x0101, 0x0101,
    0x0100, 0x1B1B, 0x1B01, 0x011B, 0x0000, 0x001B, 0x1B01, 0x0000, 0x0000, 0x0000, 0x1B01, 0x0000,
    0x0000, 0x0000, 0x1B01, 0x0000, 0x0000, 0x0000, 0x1B01, 0x0000, 0x0000, 0x0100, 0x0101, 0x0000,
    0x0000, 0x0000, 0x1B1B, 0x001B, 0x0100, 0x0000, 0x0000, 0x0001, 0x011B, 0x001B, 0x0000, 0x1B01,
    0x011B, 0x001B, 0x0000, 0x1B01, 0x0100, 0x001B, 0x0000, 0x1B01, 0x0100, 0x001B, 0x0000, 0x1B01,
    0x0100, 0x001B, 0x0000, 0x1B01, 0x0000, 0x0101, 0x0101, 0x1B00, 0x0000, 0x1B00, 0x1B1B, 0x001B,
    0x0100, 0x0000, 0x0000, 0x0100, 0x0100, 0x001B, 0x0000, 0x0100, 0x0100, 0x001B, 0x0000, 0x0100,
    0x0100, 0x001B, 0x0000, 0x0100, 0x0000, 0x0001, 0x0000, 0x0001, 0x0000, 0x0100, 0x0100, 0x1B00,
    0x0000, 0x0000, 0x0001, 0x001B, 0x0000, 0x0000, 0x1B00, 0x0000, 0x0100, 0x0000, 0x0000, 0x0100,
    0x011B, 0x001B, 0x0000, 0x0100, 0x011B, 0x001B, 0x0000, 0x0100, 0x011B, 0x001B, 0x0001, 0x0100,
    0x011B, 0x001B, 0x1B01, 0x0100, 0x0100, 0x001B, 0x1B01, 0x0100, 0x0000, 0x0101, 0x0100, 0x0001,
    0x0000, 0x1B00, 0x001B, 0x1B1B, 0x0100, 0x0000, 0x0000, 0x0100, 0x001B, 0x0001, 0x0000, 0x0001,
    0x001B, 0x0100, 0x0100, 0x1B00, 0x001B, 0x0000, 0x0001, 0x001B, 0x001B, 0x0100, 0x0100, 0x0000,
    0x001B, 0x0001, 0x001B, 0x0001, 0x011B, 0x1B00, 0x0000, 0x0100, 0x0000, 0x001B, 0x0000, 0x0000,
    0x0100, 0x0000, 0x0000, 0x0100, 0x001B, 0x0001, 0x0000, 0x0001, 0x0000, 0x0100, 0x0100, 0x1B00,
    0x0000, 0x0000, 0x0001, 0x001B, 0x0000, 0x0000, 0x1B01, 0x0000, 0x0000, 0x0000, 0x1B01, 0x0000,
    0x0000, 0x0100, 0x0101, 0x0000, 0x001B, 0x0000, 0x1B1B, 0x001B, 0x0100, 0x0101, 0x0101, 0x0101,
    0x011B, 0x1B1B, 0x1B1B, 0x1B01, 0x0000, 0x001B, 0x0100, 0x1B00, 0x0000, 0x0000, 0x0001, 0x001B,
    0x0000, 0x0100, 0x1B00, 0x0000, 0x0000, 0x0001, 0x001B, 0x0100, 0x0100, 0x0101, 0x0101, 0x0101,
    0x0000, 0x1B1B, 0x1B1B, 0x1B1B, 0x0101, 0x0101, 0x0101, 0x0101, 0x011C, 0x0101, 0x0101, 0x0101,
    0x0101, 0x0101, 0x0101, 0x0101, 0x0202, 0x0101, 0x0101, 0x0201, 0x0101, 0x0101, 0x0101, 0x0101,
    0x0101, 0x0101, 0x0101, 0x0101, 0x011C, 0x0101, 0x0101, 0x0101, 0x011C, 0x0101, 0x0101, 0x0101,
    0x0202, 0x0102, 0x0101, 0x0201, 0x0101, 0x0101, 0x0101, 0x0101, 0x0101, 0x0101, 0x0101, 0x0101,
    0x0101, 0x0101, 0x0101, 0x0101, 0x0101, 0x0101, 0x0101, 0x0101, 0x0101, 0x0101, 0x0101, 0x0101,
    0x0101, 0x0101, 0x0101, 0x0101, 0x0101, 0x0101, 0x0101, 0x0101, 0x0101, 0x0101, 0x0101, 0x0101,
    0x0202, 0x0102, 0x0101, 0x0201, 0x0101, 0x0101, 0x0101, 0x0101, 0x0101, 0x0101, 0x0101, 0x0101,
    0x0101, 0x0101, 0x0101, 0x0101, 0x0101, 0x0101, 0x0101, 0x0101, 0x0101, 0x0101, 0x0101, 0x0101,
    0x0101, 0x0101, 0x0101, 0x0101, 0x0101, 0x0101, 0x0101, 0x0101, 0x0101, 0x0101, 0x0101, 0x0101,
    0x0202, 0x0102, 0x0101, 0x0201, 0x0101, 0x0101, 0x0101, 0x0101, 0x0101, 0x0101, 0x0101, 0x0101,
    0x0101, 0x0101, 0x0101, 0x0101, 0x0101, 0x0101, 0x0101, 0x0101, 0x0101, 0x0101, 0x0101, 0x0101,
    0x0101, 0x0101, 0x0101, 0x0101, 0x0101, 0x0101, 0x0101, 0x0101, 0x0101, 0x0101, 0x0101, 0x0101,
    0x0101, 0x0101, 0x0101, 0x0101, 0x0101, 0x0101, 0x0101, 0x0101, 0x0101, 0x0101, 0x0101, 0x0101,
    0x0101, 0x0101, 0x0101, 0x0101, 0x0201, 0x0202, 0x0202, 0x0102, 0x0101, 0x0101, 0x0101, 0x0101,
    0x0102, 0x0101, 0x0101, 0x0201, 0x0101, 0x0101, 0x0101, 0x0101, 0x0101, 0x0101, 0x0101, 0x0101,
    0x0101, 0x0101, 0x0101, 0x0101, 0x0101, 0x0101, 0x0101, 0x0101, 0x0101, 0x0101, 0x0101, 0x0101,
    0x0101, 0x0101, 0x0101, 0x0101, 0x0000, 0x0000, 0x0000, 0x0000, 0x0000, 0x0000, 0x0000, 0x0000,
    0x0000, 0x0200, 0x0202, 0x0000, 0x0000, 0x0000, 0x0000, 0x0002, 0x0000, 0x0200, 0x0202, 0x0002,
    0x0000, 0x0002, 0x0000, 0x0002, 0x0000, 0x0200, 0x0202, 0x0002, 0x0000, 0x0000, 0x0000, 0x0000,
    0x0000, 0x0000, 0x0000, 0x0000, 0x0000, 0x0002, 0x0000, 0x0000, 0x0000, 0x0002, 0x0000, 0x0000,
    0x0000, 0x0202, 0x0202, 0x0000, 0x0000, 0x0002, 0x0000, 0x0002, 0x0000, 0x0002, 0x0000, 0x0002,
    0x0000, 0x0202, 0x0202, 0x0000, 0x0000, 0x0000, 0x0000, 0x0000, 0x0000, 0x0000, 0x0000, 0x0000,
    0x0000, 0x0000, 0x0000, 0x0000, 0x0000, 0x0200, 0x0202, 0x0000, 0x0000, 0x0002, 0x0000, 0x0002,
    0x0000, 0x0002, 0x0000, 0x0000, 0x0000, 0x0002, 0x0000, 0x0002, 0x0000, 0x0200, 0x0202, 0x0000,
    0x0000, 0x0000, 0x0000, 0x0000, 0x0000, 0x0000, 0x0000, 0x0000, 0x0000, 0x0000, 0x0000, 0x0002,
    0x0000, 0x0000, 0x0000, 0x0002, 0x0000, 0x0200, 0x0202, 0x0002, 0x0000, 0x0002, 0x0000, 0x0002,
    0x0000, 0x0002, 0x0000, 0x0002, 0x0000, 0x0200, 0x0202, 0x0002, 0x0000, 0x0000, 0x0000, 0x0000,
    0x0000, 0x0000, 0x0000, 0x0000, 0x0000, 0x0000, 0x0000, 0x0000, 0x0000, 0x0200, 0x0202, 0x0000,
    0x0000, 0x0002, 0x0000, 0x0002, 0x0000, 0x0202, 0x0202, 0x0000, 0x0000, 0x0002, 0x0000, 0x0000,
    0x0000, 0x0200, 0x0202, 0x0002, 0x0000, 0x0000, 0x0000, 0x0000, 0x0000, 0x0000, 0x0000, 0x0000,
    0x0000, 0x0000, 0x0202, 0x0000, 0x0000, 0x0200, 0x0000, 0x0000, 0x0000, 0x0202, 0x0202, 0x0000,
    0x0000, 0x0200, 0x0000, 0x0000, 0x0000, 0x0200, 0x0000, 0x0000, 0x0000, 0x0200, 0x0000, 0x0000,
    0x0000, 0x0000, 0x0000, 0x0000, 0x0000, 0x0000, 0x0000, 0x0000, 0x0000, 0x0000, 0x0000, 0x0000,
    0x0000, 0x0200, 0x0202, 0x0002, 0x0000, 0x0002, 0x0000, 0x0002, 0x0000, 0x0002, 0x0000, 0x0002,
    0x0000, 0x0200, 0x0202, 0x0002, 0x0000, 0x0000, 0x0000, 0x0002, 0x0000, 0x0200, 0x0202, 0x0000,
    0x0000, 0x0000, 0x0000, 0x0000, 0x0000, 0x0002, 0x0000, 0x0000, 0x0000, 0x0002, 0x0000, 0x0000,
    0x0000, 0x0202, 0x0202, 0x0000, 0x0000, 0x0002, 0x0000, 0x0002, 0x0000, 0x0002, 0x0000, 0x0002,
    0x0000, 0x0002, 0x0000, 0x0002, 0x0000, 0x0000, 0x0000, 0x0000, 0x0000, 0x0000, 0x0000, 0x0000,
    0x0000, 0x0000, 0x0000, 0x0000, 0x0000, 0x0200, 0x0000, 0x0000, 0x0000, 0x0000, 0x0000, 0x0000,
    0x0000, 0x0200, 0x0000, 0x0000, 0x0000, 0x0200, 0x0000, 0x0000, 0x0000, 0x0200, 0x0000, 0x0000,
    0x0000, 0x0000, 0x0000, 0x0000, 0x0000, 0x0000, 0x0000, 0x0000, 0x0000, 0x0000, 0x0000, 0x0000,
    0x0000, 0x0000, 0x0000, 0x0002, 0x0000, 0x0000, 0x0000, 0x0000, 0x0000, 0x0000, 0x0000, 0x0002,
    0x0000, 0x0000, 0x0000, 0x0002, 0x0000, 0x0000, 0x0000, 0x0002, 0x0000, 0x0200, 0x0202, 0x0000,
    0x0000, 0x0000, 0x0000, 0x0000, 0x0000, 0x0002, 0x0000, 0x0000, 0x0000, 0x0002, 0x0200, 0x0000,
    0x0000, 0x0002, 0x0002, 0x0000, 0x0000, 0x0202, 0x0200, 0x0000, 0x0000, 0x0002, 0x0000, 0x0002,
    0x0000, 0x0002, 0x0000, 0x0002, 0x0000, 0x0000, 0x0000, 0x0000, 0x0000, 0x0000, 0x0000, 0x0000,
    0x0000, 0x0002, 0x0000, 0x0000, 0x0000, 0x0002, 0x0000, 0x0000, 0x0000, 0x0002, 0x0000, 0x0000,
    0x0000, 0x0002, 0x0000, 0x0000, 0x0000, 0x0002, 0x0000, 0x0000, 0x0000, 0x0200, 0x0000, 0x0000,
    0x0000, 0x0000, 0x0000, 0x0000, 0x0000, 0x0000, 0x0000, 0x0000, 0x0000, 0x0000, 0x0000, 0x0000,
    0x0000, 0x0202, 0x0200, 0x0000, 0x0000, 0x0002, 0x0002, 0x0002, 0x0000, 0x0002, 0x0002, 0x0002,
    0x0000, 0x0002, 0x0002, 0x0002, 0x0000, 0x0002, 0x0002, 0x0002, 0x0000, 0x0000, 0x0000, 0x0000,
    0x0000, 0x0000, 0x0000, 0x0000, 0x0000, 0x0000, 0x0000, 0x0000, 0x0000, 0x0202, 0x0202, 0x0000,
    0x0000, 0x0002, 0x0000, 0x0002, 0x0000, 0x0002, 0x0000, 0x0002, 0x0000, 0x0002, 0x0000, 0x0002,
    0x0000, 0x0002, 0x0000, 0x0002, 0x0000, 0x0000, 0x0000, 0x0000, 0x0000, 0x0000, 0x0000, 0x0000,
    0x0000, 0x0000, 0x0000, 0x0000, 0x0000, 0x0200, 0x0202, 0x0000, 0x0000, 0x0002, 0x0000, 0x0002,
    0x0000, 0x0002, 0x0000, 0x0002, 0x0000, 0x0002, 0x0000, 0x0002, 0x0000, 0x0200, 0x0202, 0x0000,
    0x0000, 0x0000, 0x0000, 0x0000, 0x0000, 0x0000, 0x0000, 0x0000, 0x0000, 0x0000, 0x0000, 0x0000,
    0x0000, 0x0202, 0x0202, 0x0000, 0x0000, 0x0002, 0x0000, 0x0002, 0x0000, 0x0002, 0x0000, 0x0002,
    0x0000, 0x0202, 0x0202, 0x0000, 0x0000, 0x0002, 0x0000, 0x0000, 0x0000, 0x0002, 0x0000, 0x0000,
    0x0000, 0x0000, 0x0000, 0x0000, 0x0000, 0x0000, 0x0000, 0x0000, 0x0000, 0x0200, 0x0202, 0x0002,
    0x0000, 0x0002, 0x0000, 0x0002, 0x0000, 0x0002, 0x0000, 0x0002, 0x0000, 0x0200, 0x0202, 0x0002,
    0x0000, 0x0000, 0x0000, 0x0002, 0x0000, 0x0000, 0x0000, 0x0002, 0x0000, 0x0000, 0x0000, 0x0000,
    0x0000, 0x0000, 0x0000, 0x0000, 0x0000, 0x0002, 0x0202, 0x0000, 0x0000, 0x0202, 0x0000, 0x0002,
    0x0000, 0x0002, 0x0000, 0x0000, 0x0000, 0x0002, 0x0000, 0x0000, 0x0000, 0x0002, 0x0000, 0x0000,
    0x0000, 0x0000, 0x0000, 0x0000, 0x0000, 0x0000, 0x0000, 0x0000, 0x0000, 0x0000, 0x0000, 0x0000,
    0x0000, 0x0200, 0x0202, 0x0002, 0x0000, 0x0002, 0x0000, 0x0000, 0x0000, 0x0200, 0x0202, 0x0000,
    0x0000, 0x0000, 0x0000, 0x0002, 0x0000, 0x0202, 0x0202, 0x0000, 0x0000, 0x0000, 0x0000, 0x0000,
    0x0000, 0x0000, 0x0000, 0x0000, 0x0000, 0x0200, 0x0000, 0x0000, 0x0000, 0x0200, 0x0000, 0x0000,
    0x0000, 0x0202, 0x0002, 0x0000, 0x0000, 0x0200, 0x0000, 0x0000, 0x0000, 0x0200, 0x0000, 0x0000,
    0x0000, 0x0000, 0x0202, 0x0000, 0x0000, 0x0000, 0x0000, 0x0000, 0x0000, 0x0000, 0x0000, 0x0000,
    0x0000, 0x0000, 0x0000, 0x0000, 0x0000, 0x0002, 0x0000, 0x0002, 0x0000, 0x0002, 0x0000, 0x0002,
    0x0000, 0x0002, 0x0000, 0x0002, 0x0000, 0x0002, 0x0000, 0x0002, 0x0000, 0x0200, 0x0202, 0x0000,
    0x0000, 0x0000, 0x0000, 0x0000, 0x0000, 0x0000, 0x0000, 0x0000, 0x0000, 0x0000, 0x0000, 0x0000,
    0x0000, 0x0002, 0x0000, 0x0002, 0x0000, 0x0002, 0x0000, 0x0002, 0x0000, 0x0200, 0x0200, 0x0000,
    0x0000, 0x0200, 0x0200, 0x0000, 0x0000, 0x0000, 0x0002, 0x0000, 0x0000, 0x0000, 0x0000, 0x0000,
    0x0000, 0x0000, 0x0000, 0x0000, 0x0000, 0x0000, 0x0000, 0x0000, 0x0000, 0x0002, 0x0000, 0x0002,
    0x0000, 0x0002, 0x0000, 0x0002, 0x0000, 0x0002, 0x0002, 0x0002, 0x0000, 0x0002, 0x0002, 0x0002,
    0x0000, 0x0200, 0x0200, 0x0000, 0x0000, 0x0000, 0x0000, 0x0000, 0x0000, 0x0000, 0x0000, 0x0000,
    0x0000, 0x0000, 0x0000, 0x0000, 0x0000, 0x0002, 0x0000, 0x0002, 0x0000, 0x0200, 0x0200, 0x0000,
    0x0000, 0x0000, 0x0002, 0x0000, 0x0000, 0x0200, 0x0200, 0x0000, 0x0000, 0x0002, 0x0000, 0x0002,
    0x0000, 0x0000, 0x0000, 0x0000, 0x0000, 0x0000, 0x0000, 0x0000, 0x0000, 0x0000, 0x0000, 0x0000,
    0x0000, 0x0002, 0x0000, 0x0002, 0x0000, 0x0002, 0x0000, 0x0002, 0x0000, 0x0002, 0x0000, 0x0002,
    0x0000, 0x0200, 0x0202, 0x0002, 0x0000, 0x0000, 0x0000, 0x0002, 0x0000, 0x0200, 0x0202, 0x0000,
    0x0000, 0x0000, 0x0000, 0x0000, 0x0000, 0x0000, 0x0000, 0x0000, 0x0000, 0x0200, 0x0202, 0x0202,
    0x0000, 0x0000, 0x0000, 0x0002, 0x0000, 0x0000, 0x0200, 0x0000, 0x0000, 0x0000, 0x0002, 0x0000,
    0x0000, 0x0200, 0x0202, 0x0202, 0x0000, 0x0000, 0x0000, 0x0000, 0x0101, 0x0101, 0x0101, 0x0101,
    0x0101, 0x0101, 0x0101, 0x0101, 0x0101, 0x0101, 0x0101, 0x0101, 0x0202, 0x0102, 0x0101, 0x0201,
    0x0101, 0x0101, 0x0101, 0x0101, 0x0101, 0x0101, 0x0101, 0x0101, 0x0101, 0x0101, 0x0101, 0x0101,
    0x0101, 0x0101, 0x0101, 0x0101, 0x0202, 0x0202, 0x0101, 0x0201, 0x0101, 0x0101, 0x0101, 0x0101,
    0x0101, 0x0101, 0x0101, 0x0101, 0x0101, 0x0101, 0x0101, 0x0101, 0x0101, 0x0101, 0x0101, 0x0101,
    0x0101, 0x0101, 0x0101, 0x0101, 0x0101, 0x0101, 0x0101, 0x0101, 0x0101, 0x0101, 0x0101, 0x0101,
    0x0101, 0x0101, 0x0101, 0x0101, 0x0202, 0x0202, 0x0101, 0x0201, 0x0101, 0x0101, 0x0101, 0x0101,
    0x0101, 0x0101, 0x0101, 0x0101, 0x0101, 0x0101, 0x0101, 0x0101, 0x0101, 0x0101, 0x0101, 0x0101,
    0x0101, 0x0101, 0x0101, 0x0101, 0x0101, 0x0101, 0x0101, 0x0101, 0x0101, 0x0101, 0x0101, 0x0101,
    0x0101, 0x0101, 0x0101, 0x0101, 0x0202, 0x0202, 0x0101, 0x0201, 0x0101, 0x0101, 0x0101, 0x0101,
    0x0101, 0x0101, 0x0101, 0x0101, 0x0101, 0x0101, 0x0101, 0x0101, 0x0101, 0x0101, 0x0101, 0x0101,
    0x0101, 0x0101, 0x0101, 0x0101, 0x0101, 0x0101, 0x0101, 0x0101, 0x0101, 0x0101, 0x0101, 0x0101,
    0x0101, 0x0101, 0x0101, 0x0101, 0x0202, 0x0202, 0x0101, 0x0201, 0x0101, 0x0101, 0x0101, 0x0101,
    0x0101, 0x0101, 0x0101, 0x0101, 0x0101, 0x0101, 0x0101, 0x0101, 0x0101, 0x0101, 0x0101, 0x0101,
    0x0202, 0x0202, 0x0102, 0x0201, 0x0101, 0x0101, 0x0101, 0x0101, 0x0101, 0x0101, 0x0101, 0x0101,
    0x0101, 0x0101, 0x0101, 0x0101, 0x0101, 0x0101, 0x0101, 0x0101, 0x0101, 0x0101, 0x0101, 0x0101,
    0x0101, 0x0101, 0x0101, 0x0101, 0x0101, 0x0101, 0x0101, 0x0101, 0x0101, 0x0101, 0x0101, 0x0101,
    0x0202, 0x0202, 0x0102, 0x0201, 0x0101, 0x0101, 0x0101, 0x0101, 0x0101, 0x0101, 0x0101, 0x0101,
    0x0101, 0x0101, 0x0101, 0x0101, 0x0101, 0x0101, 0x0101, 0x0101, 0x0101, 0x0101, 0x0101, 0x0101,
    0x0101, 0x0101, 0x0101, 0x0101, 0x0101, 0x0101, 0x0101, 0x0101, 0x0101, 0x0101, 0x0101, 0x0101,
    0x0202, 0x0202, 0x0102, 0x0201, 0x0101, 0x0101, 0x0101, 0x0101, 0x0101, 0x0101, 0x0101, 0x0101,
    0x0101, 0x0101, 0x0101, 0x0101, 0x0101, 0x0101, 0x0101, 0x0101, 0x0101, 0x0101, 0x0101, 0x0101,
    0x0101, 0x0101, 0x0101, 0x0101, 0x0101, 0x0101, 0x0101, 0x0101, 0x0101, 0x0101, 0x0101, 0x0101,
    0x0202, 0x0202, 0x0102, 0x0201, 0x0101, 0x0101, 0x0101, 0x0101, 0x0101, 0x0101, 0x0101, 0x0101,
    0x0101, 0x0101, 0x0101, 0x0101, 0x0101, 0x0101, 0x0101, 0x0101, 0x0202, 0x0202, 0x0202, 0x0201,
    0x0101, 0x0101, 0x0101, 0x0101, 0x0101, 0x0101, 0x0101, 0x0101, 0x0101, 0x0101, 0x0101, 0x0101,
    0x0101, 0x0101, 0x0101, 0x0101, 0x0101, 0x0101, 0x0101, 0x0101, 0x0101, 0x0101, 0x0101, 0x0101,
    0x0101, 0x0101, 0x0101, 0x0101, 0x0101, 0x0101, 0x0101, 0x0101, 0x0202, 0x0202, 0x0202, 0x0201,
    0x0101, 0x0101, 0x0101, 0x0101, 0x0101, 0x0101, 0x0101, 0x0101, 0x0101, 0x0101, 0x0101, 0x0101,
    0x0101, 0x0101, 0x0101, 0x0101, 0x0101, 0x0101, 0x0101, 0x0101, 0x0101, 0x0101, 0x0101, 0x0101,
    0x0101, 0x0101, 0x0101, 0x0101, 0x0101, 0x0101, 0x0101, 0x0101, 0x0202, 0x0202, 0x0202, 0x0201,
    0x0101, 0x0101, 0x0101, 0x0101, 0x0101, 0x0101, 0x0101, 0x0101, 0x0101, 0x0101, 0x0101, 0x0101,
    0x0101, 0x0101, 0x0101, 0x0101, 0x0101, 0x0101, 0x0101, 0x0101, 0x0101, 0x0101, 0x0101, 0x0101,
    0x0101, 0x0101, 0x0101, 0x0101, 0x0101, 0x0101, 0x0101, 0x0101, 0x0202, 0x0202, 0x0202, 0x0201,
    0x0101, 0x0101, 0x0101, 0x0101, 0x0101, 0x0101, 0x0101, 0x0101, 0x0101, 0x0101, 0x0101, 0x0101,
    0x0101, 0x0101, 0x0101, 0x0101, 0x0102, 0x0101, 0x0101, 0x0201, 0x0201, 0x0101, 0x0101, 0x0101,
    0x0101, 0x0101, 0x0101, 0x0101, 0x0101, 0x0101, 0x0101, 0x0101, 0x0101, 0x0101, 0x0101, 0x0101,
    0x0101, 0x0101, 0x0101, 0x0101, 0x0101, 0x0101, 0x0101, 0x0101, 0x0101, 0x0101, 0x0101, 0x0101,
    0x0101, 0x0101, 0x0101, 0x0101, 0x0102, 0x0101, 0x0101, 0x0201, 0x0201, 0x0101, 0x0101, 0x0101,
    0x0101, 0x0101, 0x0101, 0x0101, 0x0101, 0x0101, 0x0101, 0x0101, 0x0101, 0x0101, 0x0101, 0x0101,
    0x0101, 0x0101, 0x0101, 0x0101, 0x0101, 0x0101, 0x0101, 0x0101, 0x0101, 0x0101, 0x0101, 0x0101,
    0x0101, 0x0101, 0x0101, 0x0101, 0x0102, 0x0101, 0x0101, 0x0201, 0x0201, 0x0101, 0x0101, 0x0101,
    0x0101, 0x0101, 0x0101, 0x0101, 0x0101, 0x0101, 0x0101, 0x0101, 0x0101, 0x0101, 0x0101, 0x0101,
    0x0101, 0x0101, 0x0101, 0x0101, 0x0101, 0x0101, 0x0101, 0x0101, 0x0101, 0x0101, 0x0101, 0x0101,
    0x0101, 0x0101, 0x0101, 0x0101, 0x0102, 0x0101, 0x0101, 0x0201, 0x0201, 0x0101, 0x0101, 0x0101,
    0x0101, 0x0101, 0x0101, 0x0101, 0x0101, 0x0101, 0x0101, 0x0101, 0x0101, 0x0101, 0x0101, 0x0101,
    0x0101, 0x0101, 0x0101, 0x0101, 0x0101, 0x0101, 0x0101, 0x0101, 0x0101, 0x0101, 0x0101, 0x0101,
    0x0101, 0x0101, 0x0101, 0x0101, 0x0102, 0x0101, 0x0101, 0x0201, 0x0201, 0x0101, 0x0101, 0x0101,
    0x0101, 0x0101, 0x0101, 0x0101, 0x0101, 0x0101, 0x0101, 0x0101, 0x0101, 0x0101, 0x0101, 0x0101,
    0x0101, 0x0101, 0x0101, 0x0101, 0x0101, 0x0101, 0x0101, 0x0101, 0x0101, 0x0101, 0x0101, 0x0101,
    0x0101, 0x0101, 0x0101, 0x0101, 0x0102, 0x0101, 0x0101, 0x0201, 0x0201, 0x0101, 0x0101, 0x0101,
    0x0101, 0x0101, 0x0101, 0x0101, 0x0101, 0x0101, 0x0101, 0x0101, 0x0101, 0x0101, 0x0101, 0x0101,
    0x0101, 0x0101, 0x0101, 0x0101, 0x0101, 0x0101, 0x0101, 0x0101, 0x0101, 0x0101, 0x0101, 0x0101,
    0x0101, 0x0101, 0x0101, 0x0101, 0x0102, 0x0101, 0x0101, 0x0201, 0x0201, 0x0101, 0x0101, 0x0101,
    0x0102, 0x0101, 0x0101, 0x0201, 0x0201, 0x0102, 0x0101, 0x0101, 0x0101, 0x0101, 0x0101, 0x0101,
    0x0101, 0x0101, 0x0101, 0x0101, 0x0101, 0x0101, 0x0101, 0x0101, 0x0101, 0x0101, 0x0101, 0x0101,
    0x0101, 0x0101, 0x0101, 0x0101, 0x0101, 0x0101, 0x0101, 0x0101, 0x0101, 0x0101, 0x0101, 0x0101,
    0x0102, 0x0101, 0x0101, 0x0201, 0x0201, 0x0102, 0x0101, 0x0101, 0x0101, 0x0101, 0x0101, 0x0101,
    0x0101, 0x0101, 0x0101, 0x0101, 0x0101, 0x0101, 0x0101, 0x0101, 0x0101, 0x0101, 0x0101, 0x0101,
    0x0101, 0x0101, 0x0101, 0x0101, 0x0101, 0x0101, 0x0101, 0x0101, 0x0101, 0x0101, 0x0101, 0x0101,
    0x0102, 0x0101, 0x0101, 0x0201, 0x0201, 0x0102, 0x0101, 0x0101, 0x0101, 0x0101, 0x0101, 0x0101,
    0x0101, 0x0101, 0x0101, 0x0101, 0x0101, 0x0101, 0x0101, 0x0101, 0x0101, 0x0101, 0x0101, 0x0101,
    0x0101, 0x0101, 0x0101, 0x0101, 0x0101, 0x0101, 0x0101, 0x0101, 0x0101, 0x0101, 0x0101, 0x0101,
    0x0102, 0x0101, 0x0101, 0x0201, 0x0201, 0x0102, 0x0101, 0x0101, 0x0101, 0x0101, 0x0101, 0x0101,
    0x0101, 0x0101, 0x0101, 0x0101, 0x0101, 0x0101, 0x0101, 0x0101, 0x0101, 0x0101, 0x0101, 0x0101,
    0x0101, 0x0101, 0x0101, 0x0101, 0x0101, 0x0101, 0x0101, 0x0101, 0x0101, 0x0101, 0x0101, 0x0101,
    0x0102, 0x0101, 0x0101, 0x0201, 0x0201, 0x0102, 0x0101, 0x0101, 0x0101, 0x0101, 0x0101, 0x0101,
    0x0101, 0x0101, 0x0101, 0x0101, 0x0101, 0x0101, 0x0101, 0x0101, 0x0101, 0x0101, 0x0101, 0x0101,
    0x0101, 0x0101, 0x0101, 0x0101, 0x0101, 0x0101, 0x0101, 0x0101, 0x0101, 0x0101, 0x0101, 0x0101,
    0x0102, 0x0101, 0x0101, 0x0101, 0x0201, 0x0102, 0x0101, 0x0201, 0x0101, 0x0101, 0x0101, 0x0101,
    0x0102, 0x0101, 0x0101, 0x0201, 0x0201, 0x0202, 0x0101, 0x0101, 0x0101, 0x0101, 0x0101, 0x0101,
    0x0101, 0x0101, 0x0101, 0x0101, 0x0101, 0x0101, 0x0101, 0x0101, 0x0101, 0x0101, 0x0101, 0x0101,
    0x0101, 0x0101, 0x0101, 0x0101, 0x0101, 0x0101, 0x0101, 0x0101, 0x0101, 0x0101, 0x0101, 0x0101,
    0x0102, 0x0101, 0x0101, 0x0201, 0x0201, 0x0202, 0x0101, 0x0101, 0x0101, 0x0101, 0x0101, 0x0101,
    0x0101, 0x0101, 0x0101, 0x0101, 0x0101, 0x0101, 0x0101, 0x0101, 0x0101, 0x0101, 0x0101, 0x0101,
    0x0101, 0x0101, 0x0101, 0x0101, 0x0101, 0x0101, 0x0101, 0x0101, 0x0101, 0x0101, 0x0101, 0x0101,
    0x0102, 0x0101, 0x0101, 0x0201, 0x0201, 0x0202, 0x0101, 0x0101, 0x0101, 0x0101, 0x0101, 0x0101,
    0x0101, 0x0101, 0x0101, 0x0101, 0x0101, 0x0101, 0x0101, 0x0101, 0x0101, 0x0101, 0x0101, 0x0101,
    0x0101, 0x0101, 0x0101, 0x0101, 0x0101, 0x0101, 0x0101, 0x0101, 0x0101, 0x0101, 0x0101, 0x0101,
    0x0102, 0x0101, 0x0101, 0x0201, 0x0201, 0x0202, 0x0101, 0x0101, 0x0101, 0x0101, 0x0101, 0x0101,
    0x0101, 0x0101, 0x0101, 0x0101, 0x0101, 0x0101, 0x0101, 0x0101, 0x0101, 0x0101, 0x0101, 0x0101,
    0x0101, 0x0101, 0x0101, 0x0101, 0x0101, 0x0101, 0x0101, 0x0101, 0x0101, 0x0101, 0x0101, 0x0101,
    0x0102, 0x0101, 0x0101, 0x0201, 0x0201, 0x0202, 0x0101, 0x0101, 0x0101, 0x0101, 0x0101, 0x0101,
    0x0101, 0x0101, 0x0101, 0x0101, 0x0101, 0x0101, 0x0101, 0x0101, 0x0101, 0x0101, 0x0101, 0x0101,
    0x0101, 0x0101, 0x0101, 0x0101, 0x0101, 0x0101, 0x0101, 0x0101, 0x0101, 0x0101, 0x0101, 0x0101,
    0x0102, 0x0101, 0x0101, 0x0201, 0x0201, 0x0202, 0x0101, 0x0101, 0x0101, 0x0101, 0x0101, 0x0101,
    0x0101, 0x0101, 0x0101, 0x0101, 0x0101, 0x0101, 0x0101, 0x0101, 0x0101, 0x0101, 0x0101, 0x0101,
    0x0101, 0x0101, 0x0101, 0x0101, 0x0101, 0x0101, 0x0101, 0x0101, 0x0101, 0x0101, 0x0101, 0x0101,
    0x0102, 0x0101, 0x0101, 0x0201, 0x0201, 0x0202, 0x0101, 0x0101, 0x0102, 0x0101, 0x0101, 0x0201,
    0x0201, 0x0202, 0x0102, 0x0101, 0x0101, 0x0101, 0x0101, 0x0101, 0x0101, 0x0101, 0x0101, 0x0101,
    0x0101, 0x0101, 0x0101, 0x0101, 0x0101, 0x0101, 0x0101, 0x0101, 0x0101, 0x0101, 0x0101, 0x0101,
    0x0101, 0x0101, 0x0101, 0x0101, 0x0101, 0x0101, 0x0101, 0x0101, 0x0102, 0x0101, 0x0101, 0x0201,
    0x0201, 0x0202, 0x0102, 0x0101, 0x0101, 0x0101, 0x0101, 0x0101, 0x0101, 0x0101, 0x0101, 0x0101,
    0x0101, 0x0101, 0x0101, 0x0101, 0x0101, 0x0101, 0x0101, 0x0101, 0x0101, 0x0101, 0x0101, 0x0101,
    0x0101, 0x0101, 0x0101, 0x0101, 0x0101, 0x0101, 0x0101, 0x0101, 0x0102, 0x0101, 0x0101, 0x0201,
    0x0201, 0x0202, 0x0102, 0x0101, 0x0101, 0x0101, 0x0101, 0x0101, 0x0101, 0x0101, 0x0101, 0x0101,
    0x0101, 0x0101, 0x0101, 0x0101, 0x0101, 0x0101, 0x0101, 0x0101, 0x0101, 0x0101, 0x0101, 0x0101,
    0x0101, 0x0101, 0x0101, 0x0101, 0x0101, 0x0101, 0x0101, 0x0101, 0x0102, 0x0101, 0x0101, 0x0201,
    0x0201, 0x0202, 0x0102, 0x0101, 0x0101, 0x0101, 0x0101, 0x0101, 0x0101, 0x0101, 0x0101, 0x0101,
    0x0101, 0x0101, 0x0101, 0x0101, 0x0B1D, 0x0B1E, 0x0B1D, 0x0B1F, 0x0B0B, 0x520B, 0x5053, 0x5453,
    0x5467, 0x6968, 0x5352, 0x1F52, 0x5050, 0x5050, 0x5067, 0x0B50, 0x617C, 0x6161, 0x6161, 0x620B,
    0x864F, 0x1F0B, 0x610B, 0x250B, 0x4F43, 0x850B, 0x8B61, 0x2525, 0x416E, 0x4343, 0x8650, 0x8B0B,
    0x200B, 0x2221, 0x2423, 0x2223, 0x4350, 0x2255, 0x222C, 0x222C, 0x2121, 0x5858, 0x2158, 0x2C22,
    0x4C0B, 0x5722, 0x4C22, 0x4C22, 0x2062, 0x0B55, 0x4D61, 0x4D4D, 0x2122, 0x2022, 0x1F3B, 0x4D0B,
    0x2125, 0x8C2C, 0x2B4D, 0x4D55, 0x1D0B, 0x1F0B, 0x4A44, 0x464A, 0x2025, 0x261E, 0x270B, 0x2728,
    0x2222, 0x0B22, 0x0B0B, 0x280B, 0x254C, 0x2D22, 0x263B, 0x0B0B, 0x2222, 0x633B, 0x0B0B, 0x0B27,
    0x4C20, 0x254C, 0x6225, 0x263B, 0x2055, 0x4C20, 0x2D63, 0x3B3B, 0x0B4B, 0x604E, 0x718D, 0x6671,
    0x4947, 0x5B5C, 0x458A, 0x4427, 0x2928, 0x2828, 0x280B, 0x292A, 0x280B, 0x5628, 0x2828, 0x280B,
    0x2828, 0x2828, 0x282A, 0x0B28, 0x2856, 0x2828, 0x2856, 0x0B56, 0x280B, 0x280B, 0x2828, 0x0B28,
    0x2727, 0x2929, 0x6666, 0x2A66, 0x6687, 0x6646, 0x6629, 0x2727, 0x0B44, 0x3B3B, 0x3B0B, 0x633B,
    0x2929, 0x2929, 0x2B0B, 0x2D2C, 0x0B0B, 0x0B0B, 0x243C, 0x3937, 0x0B6A, 0x0B26, 0x0B0B, 0x3937,
    0x630B, 0x0B22, 0x3024, 0x302E, 0x2226, 0x3C3C, 0x0B23, 0x240B, 0x4427, 0x3B2B, 0x2C22, 0x2522,
    0x200B, 0x252D, 0x4C4C, 0x254C, 0x220B, 0x2522, 0x3B3B, 0x204D, 0x2E23, 0x302F, 0x3231, 0x1C33,
    0x3030, 0x2230, 0x2557, 0x2E58, 0x3730, 0x583A, 0x5858, 0x3965, 0x212E, 0x2122, 0x2172, 0x2122,
    0x2121, 0x5858, 0x2121, 0x2121, 0x2122, 0x2172, 0x1D72, 0x4C62, 0x212C, 0x2121, 0x6162, 0x860B,
    0x8C4D, 0x1F3B, 0x0B0B, 0x4150, 0x341C, 0x341C, 0x3235, 0x2E36, 0x353F, 0x3235, 0x3233, 0x2E36,
    0x3F32, 0x323F, 0x3931, 0x3739, 0x313A, 0x3030, 0x302E, 0x0B2E, 0x2E65, 0x2E2E, 0x2E2E, 0x2E2E,
    0x2C22, 0x0B22, 0x210B, 0x2324, 0x8C0B, 0x2125, 0x5858, 0x5858, 0x0B50, 0x1F0B, 0x220B, 0x2322,
    0x260B, 0x2A0B, 0x2929, 0x0B0B, 0x260B, 0x0B0B, 0x0B0B, 0x153C, 0x3737, 0x3737, 0x0B0B, 0x0B0B,
    0x0B0B, 0x3B0B, 0x0B0B, 0x0B22, 0x0B0B, 0x2D3C, 0x2B3B, 0x3B2B, 0x3B2C, 0x0B60, 0x2760, 0x0B29,
    0x2B21, 0x4560, 0x4445, 0x2B2B, 0x2324, 0x2324, 0x6363, 0x2C22, 0x3637, 0x3533, 0x1C38, 0x3234,
    0x0B3C, 0x3639, 0x1C33, 0x321C, 0x3637, 0x3532, 0x3434, 0x3535, 0x390B, 0x3336, 0x353F, 0x3535,
    0x2D20, 0x223C, 0x222D, 0x2224, 0x7A87, 0x5C87, 0x7A7A, 0x6029, 0x253B, 0x2C22, 0x642C, 0x0B23,
    0x4C22, 0x2C22, 0x2C22, 0x2422, 0x3533, 0x3932, 0x3636, 0x0B3A, 0x3636, 0x3233, 0x323F, 0x3733,
    0x3235, 0x3232, 0x3232, 0x3C36, 0x3332, 0x3F36, 0x3136, 0x3936, 0x2C24, 0x222C, 0x0B23, 0x3C0B,
    0x2C2D, 0x0B24, 0x302E, 0x3930, 0x6524, 0x3930, 0x3939, 0x3136, 0x2C22, 0x3024, 0x302E, 0x3130,
    0x2A27, 0x0F28, 0x0B28, 0x260B, 0x0F0B, 0x292A, 0x0F2A, 0x0B28, 0x280B, 0x280F, 0x0B28, 0x370A,
    0x1573, 0x3C0B, 0x3C0B, 0x322E, 0x362E, 0x3232, 0x3F32, 0x353F, 0x3232, 0x3532, 0x3535, 0x3332,
    0x3232, 0x353F, 0x323F, 0x3136, 0x3030, 0x8E30, 0x302E, 0x303A, 0x2B26, 0x0B2B, 0x3C3B, 0x2E37,
    0x2E37, 0x150B, 0x243C, 0x260B, 0x3636, 0x3232, 0x323F, 0x0B36, 0x5A74, 0x1C1C, 0x3574, 0x0B2E,
    0x1C34, 0x341C, 0x3459, 0x3C3F, 0x3535, 0x3532, 0x3232, 0x3936, 0x3231, 0x3232, 0x3232, 0x3232,
    0x0B0B, 0x302E, 0x302E, 0x3030, 0x362E, 0x3233, 0x3533, 0x1C38, 0x2A26, 0x2727, 0x0B0B, 0x393C,
    0x0B26, 0x3B0B, 0x2626, 0x323C, 0x0B28, 0x0B28, 0x630B, 0x3439, 0x2626, 0x0B0B, 0x363C, 0x3532,
    0x0B2E, 0x390B, 0x3236, 0x3236, 0x3636, 0x3136, 0x3136, 0x3232, 0x0B0B, 0x302E, 0x302E, 0x3130,
    0x3E3D, 0x2334, 0x2B23, 0x270B, 0x1C59, 0x311C, 0x2222, 0x0B3B, 0x1C34, 0x341C, 0x3233, 0x3736,
    0x5A74, 0x1C35, 0x3574, 0x3236, 0x3535, 0x3434, 0x3434, 0x3535, 0x3532, 0x3535, 0x3335, 0x3532,
    0x3232, 0x3F32, 0x3F3F, 0x3F3F, 0x3130, 0x3630, 0x3139, 0x3130, 0x233B, 0x2E39, 0x3339, 0x1C1C,
    0x2626, 0x0B3C, 0x3639, 0x1C59, 0x3C2E, 0x2222, 0x3958, 0x3132, 0x3636, 0x3336, 0x3974, 0x3922,
    0x3535, 0x3535, 0x3235, 0x3F31, 0x1C59, 0x1C59, 0x591C, 0x3232, 0x3435, 0x3434, 0x3534, 0x3535,
    0x3230, 0x3532, 0x3232, 0x3232, 0x383D, 0x1C38, 0x3F1C, 0x1C34, 0x5A38, 0x1C38, 0x341C, 0x341C,
    0x2E2E, 0x3237, 0x343F, 0x351C, 0x1C33, 0x381C, 0x1C75, 0x3535, 0x1C34, 0x341C, 0x5A7D, 0x3534,
    0x3F32, 0x0B3A, 0x302E, 0x3630, 0x3535, 0x3232, 0x8E39, 0x2224, 0x3232, 0x3136, 0x3130, 0x3130,
    0x4040, 0x4040, 0x4241, 0x4243, 0x5B40, 0x5D5C, 0x1010, 0x5E10, 0x6B0B, 0x6D6C, 0x5E10, 0x485C,
    0x6B76, 0x7877, 0x1078, 0x7910, 0x0B7E, 0x7F7F, 0x8180, 0x8382, 0x0B83, 0x7E82, 0x0B0B, 0x7E88,
    0x7F7F, 0x8888, 0x8288, 0x8F88, 0x9393, 0x9193, 0x9180, 0x8181, 0x4544, 0x4746, 0x4748, 0x4948,
    0x5D5E, 0x5B5D, 0x4040, 0x4240, 0x0B0B, 0x0B4A, 0x6E4A, 0x4A4A, 0x5E10, 0x5C5E, 0x7A48, 0x4A0B,
    0x7F7F, 0x827F, 0x0B5D, 0x5C5C, 0x4782, 0x5C5D, 0x0B0B, 0x5E83, 0x7E82, 0x4749, 0x4749, 0x475C,
    0x837F, 0x8283, 0x825D, 0x4947, 0x0B48, 0x424A, 0x0B4B, 0x3B3B, 0x4E43, 0x5F42, 0x6060, 0x604E,
    0x4A42, 0x4042, 0x6F4A, 0x6042, 0x0B71, 0x4A0B, 0x4A46, 0x4A46, 0x4848, 0x487A, 0x0B0B, 0x4646,
    0x7E5E, 0x5D7F, 0x5C5D, 0x4849, 0x5C47, 0x4747, 0x7F5D, 0x9081, 0x797F, 0x9210, 0x8494, 0x6D84,
    0x3B4C, 0x0B3B, 0x3B3B, 0x3B3B, 0x4444, 0x4B60, 0x4444, 0x2B0B, 0x4260, 0x4542, 0x6E4A, 0x4242,
    0x4A46, 0x4A0B, 0x465B, 0x4A5B, 0x460B, 0x4A0B, 0x5B4A, 0x0B48, 0x4848, 0x5D49, 0x5E5E, 0x1010,
    0x9190, 0x6D92, 0x106D, 0x7F79, 0x7910, 0x470B, 0x4749, 0x5C5C, 0x4D3B, 0x2B3B, 0x4B3B, 0x424B,
    0x6044, 0x4460, 0x6060, 0x424A, 0x4242, 0x4A60, 0x4242, 0x4043, 0x4A71, 0x4A4A, 0x5B5B, 0x5B5B,
    0x5E7A, 0x825E, 0x8479, 0x4879, 0x776B, 0x6C6B, 0x780B, 0x1089, 0x0B0B, 0x0B5E, 0x475D, 0x907F,
    0x5C47, 0x475C, 0x0B47, 0x820B, 0x4E4B, 0x430B, 0x4F0B, 0x500B, 0x4E42, 0x0B60, 0x0B43, 0x4350,
    0x4A4A, 0x4040, 0x5043, 0x5043, 0x675B, 0x7B7B, 0x4067, 0x6954, 0x5B0B, 0x7B67, 0x6754, 0x5450,
    0x5B79, 0x6767, 0x5467, 0x5467, 0x0B84, 0x5D92, 0x547B, 0x6954, 0x9082, 0x6D6D, 0x4779, 0x9695,
    0x0B4F, 0x221D, 0x3B4C, 0x3B1F, 0x6143, 0x2162, 0x2122, 0x3C3C, 0x7043, 0x2225, 0x2221, 0x2521,
    0x4F50, 0x200B, 0x2222, 0x430B, 0x4F41, 0x0B85, 0x4C20, 0x0B1F, 0x4350, 0x1F0B, 0x1F0B, 0x430B,
    0x0B43, 0x610B, 0x610B, 0x430B, 0x6795, 0x4350, 0x0B0B, 0x434F, 0x222C, 0x2E0B, 0x2C30, 0x222C,
    0x2522, 0x2C2D, 0x2022, 0x2020, 0x2D2C, 0x4C1D, 0x4D0B, 0x0B4D, 0x4271, 0x4471, 0x4444, 0x4445,
    0x4244, 0x4542, 0x6E42, 0x5C48, 0x5B67, 0x4E4A, 0x4043, 0x4A5B, 0x5B4A, 0x6E5B, 0x8A4A, 0x4A5B,
    0x5B50, 0x5B5B, 0x480B, 0x5C5C, 0x4C2C, 0x4C4C, 0x2C4C, 0x242C, 0x4D4D, 0x2055, 0x2520, 0x2525,
    0x4B4B, 0x4B4D, 0x554D, 0x202D, 0x605F, 0x4245, 0x4B5F, 0x200B, 0x467A, 0x5B46, 0x4667, 0x4342,
    0x4A8A, 0x4A6E, 0x454A, 0x454A, 0x4A6F, 0x4A6E, 0x4442, 0x6060, 0x5B5B, 0x7A0B, 0x4046, 0x4242,
    0x2423, 0x240B, 0x2C23, 0x252C, 0x3B63, 0x2B2B, 0x2555, 0x2525, 0x2D25, 0x204C, 0x2D20, 0x3B20,
    0x4E0B, 0x4A71, 0x675B, 0x4442, 0x6740, 0x5B67, 0x4567, 0x0B60, 0x4A4A, 0x4271, 0x4A4A, 0x425B,
    0x0B44, 0x3B2B, 0x5555, 0x4C20, 0x604E, 0x6044, 0x4D4B, 0x2055, 0x252C, 0x242C, 0x3039, 0x2E39,
    0x6424, 0x0B24, 0x2C23, 0x6322, 0x2B3B, 0x4D2B, 0x5520, 0x2225, 0x3B44, 0x2C3B, 0x6463, 0x2E23,
    0x203B, 0x204C, 0x4C4C, 0x2020, 0x444A, 0x4242, 0x4A4A, 0x4A4A, 0x2D4C, 0x2525, 0x5520, 0x2B2B,
    0x2020, 0x2525, 0x2525, 0x5520, 0x0B2E, 0x220B, 0x2224, 0x2222, 0x2B3B, 0x2D2B, 0x2C22, 0x2222,
    0x2222, 0x2223, 0x223C, 0x6363, 0x0B24, 0x2222, 0x2222, 0x3B0B, 0x2225, 0x2223, 0x223C, 0x3B63,
    0x674A, 0x604A, 0x4560, 0x4529, 0x600B, 0x5B4A, 0x467A, 0x5C46, 0x9720, 0x604D, 0x4542, 0x8D45,
    0x2223, 0x0B0B, 0x0B0B, 0x0B0B, 0x2663, 0x2226, 0x2222, 0x2222, 0x2626, 0x3B63, 0x3B63, 0x6322,
    0x3B0B, 0x3B0B, 0x3B0B, 0x3B0B, 0x223B, 0x2663, 0x3B3B, 0x3B3B, 0x452A, 0x0B27, 0x633B, 0x633B,
    0x7A5C, 0x7A7A, 0x665C, 0x2B27, 0x4645, 0x4646, 0x5C5C, 0x4796, 0x3030, 0x2E30, 0x3030, 0x3236,
    0x233C, 0x0B24, 0x372E, 0x3239, 0x3C63, 0x2223, 0x2C23, 0x252C, 0x4444, 0x2929, 0x4566, 0x0B44,
    0x443B, 0x270B, 0x3B2B, 0x2220, 0x633B, 0x633B, 0x4C63, 0x2C22, 0x2055, 0x4C20, 0x4C4C, 0x4C4C,
    0x465C, 0x604A, 0x554D, 0x552B, 0x3232, 0x3235, 0x3632, 0x3232, 0x3131, 0x2E39, 0x232E, 0x2365,
    0x3B20, 0x2A27, 0x2A66, 0x6671, 0x4560, 0x2A29, 0x2A29, 0x0B29, 0x2225, 0x2663, 0x0B26, 0x0B26,
    0x2222, 0x3B3B, 0x633B, 0x3B0B, 0x254C, 0x2025, 0x2520, 0x2525, 0x5520, 0x2225, 0x2263, 0x2522,
    0x3132, 0x3231, 0x3132, 0x5132, 0x223C, 0x2D63, 0x273B, 0x6666, 0x6066, 0x0B60, 0x450B, 0x6045,
    0x3B27, 0x0B63, 0x0B24, 0x2E0B, 0x6363, 0x2222, 0x0B23, 0x0B58, 0x630B, 0x2222, 0x0B22, 0x0B2C,
    0x2222, 0x2222, 0x3C3C, 0x0B3C, 0x2225, 0x2222, 0x2222, 0x3C2C, 0x1694, 0x9393, 0x9381, 0x9180,
    0x84A3, 0x1684, 0x9316, 0x8494, 0x0B84, 0x8484, 0x8484, 0x6B84, 0x6B6B, 0x789D, 0x0B84, 0x0B84,
    0x6B6B, 0x6B6B, 0x9D9D, 0x0B0B, 0x8989, 0x6B6B, 0x6B6B, 0x0B6B, 0x890B, 0x6B6B, 0x0B9D, 0x0B84,
    0x0B84, 0x6B89, 0x9D9D, 0x840B, 0x8181, 0x1079, 0x9410, 0x9210, 0x840B, 0x8489, 0x940B, 0x7F93,
    0x0B9D, 0x929D, 0x9310, 0x8181, 0x0B84, 0x1616, 0x1616, 0xA993, 0x0B0B, 0x840B, 0x8484, 0x9294,
    0x6B0B, 0x7878, 0x0B0B, 0x6C0B, 0x0B9D, 0x0B6C, 0x6B0B, 0x0B78, 0x9D0B, 0x6C0B, 0x0B0B, 0x786B,
    0x9310, 0x7F7F, 0x5D5D, 0x7E47, 0x827F, 0x827F, 0x0B7F, 0x0B7F, 0x8383, 0x817F, 0x837F, 0x8282,
    0x9191, 0x8181, 0x8491, 0x0B16, 0x9292, 0x9090, 0x6B84, 0xAAAA, 0x8484, 0x0B0B, 0x0B78, 0x9484,
    0x899D, 0x849D, 0x9294, 0x9210, 0x9D0B, 0x9D9D, 0x9484, 0x1092, 0x7E7E, 0x5D5C, 0x5D47, 0x0B7E,
    0x5D82, 0x7E82, 0x5D0B, 0x7F7F, 0x8282, 0x9388, 0x9310, 0x816D, 0xAA78, 0x7676, 0x76AA, 0x8478,
    0xAAAA, 0x6B77, 0x840B, 0x9294, 0x9292, 0x9393, 0x8494, 0x9D6C, 0x1093, 0x9210, 0x1610, 0x9494,
    0x9392, 0x1010, 0x9292, 0x9492, 0x7E7E, 0x5C7E, 0x5D48, 0x5E7E, 0x7E82, 0x7E49, 0x5D49, 0x490B,
    0x817F, 0x7981, 0x9210, 0x6D10, 0x9494, 0x9210, 0x9394, 0x9181, 0x8190, 0x8383, 0x7F7F, 0x8088,
    0x6C9D, 0x9294, 0x9093, 0x9379, 0x0B94, 0x9D9D, 0x776B, 0x849D, 0x8494, 0x9D0B, 0x6B89, 0x9D89,
    0x0B0B, 0x825D, 0x5C7E, 0x5C95, 0x820B, 0x7F7F, 0x4782, 0x5C47, 0x9492, 0x6D92, 0x7F10, 0x4949,
    0x817F, 0x8279, 0x5B5C, 0x6740, 0x7F81, 0x0B7F, 0x4749, 0x4A5C, 0x9393, 0x7990, 0x8279, 0x5C49,
    0x1694, 0x9294, 0x8110, 0x820B, 0x9484, 0x9492, 0x9092, 0x0B81, 0x6771, 0x5B46, 0x4640, 0x5D7A,
    0x5D5D, 0x827F, 0x795E, 0x6D6D, 0x5B5C, 0x7171, 0x5B40, 0x475B, 0x4050, 0x7140, 0x5C5B, 0x8182,
    0x4A71, 0x5C6E, 0x5D47, 0x8183, 0x487A, 0x0B5C, 0x9388, 0x93A9, 0x7E7E, 0x827E, 0x9381, 0x1694,
    0x7E82, 0x7E7E, 0x917F, 0x9493, 0x910B, 0x0B5E, 0x485C, 0x5C48, 0x7789, 0x8477, 0x7F92, 0x0B83,
    0x7F7E, 0x7F0B, 0x8110, 0x7F82, 0x8F7F, 0x7F88, 0x8188, 0x8382, 0x8383, 0x8181, 0x9191, 0x8081,
    0x9393, 0x93A9, 0x9393, 0x9393, 0x1694, 0x9494, 0x9294, 0xA910, 0x9492, 0x9492, 0x9494, 0x9292,
    0x4748, 0x4748, 0x5B5C, 0x4A4A, 0x0B7F, 0x7F83, 0x7E82, 0x485C, 0x5D7F, 0x820B, 0x5D7E, 0x5C5C,
    0x7F82, 0x7F88, 0x820B, 0x497E, 0x7F7F, 0x7F7F, 0x827F, 0x7E82, 0x8191, 0x7981, 0x7979, 0x9090,
    0x9293, 0x9310, 0x9193, 0x8181, 0x93A9, 0x9092, 0x9393, 0x8191, 0x4043, 0x4243, 0x0B4B, 0x4D3B,
    0x5B5C, 0x4A5B, 0x4E45, 0x4D44, 0x487A, 0x0B0B, 0x4A4A, 0x4443, 0x485C, 0x0B0B, 0x5B0B, 0x7140,
    0x5C49, 0x475C, 0x5D49, 0x475D, 0x8191, 0x827F, 0x0B82, 0x5D0B, 0x9190, 0x817F, 0x7F7F, 0x0B0B,
    0x9090, 0x7F81, 0x7F81, 0x0B7F, 0x1F4C, 0x4C4C, 0x974C, 0x4C4C, 0x3B4D, 0x3B0B, 0x973B, 0x4C0B,
    0x0B0B, 0x2B0B, 0x3B3B, 0x2020, 0x4545, 0x8D42, 0x4242, 0x8D44, 0x4848, 0x5B48, 0x8D6E, 0x4444,
    0x5C49, 0x7A5C, 0x434A, 0x0B43, 0x5C49, 0x480B, 0x670B, 0x4E40, 0x470B, 0x0B48, 0x0B7A, 0x4240,
    0x4C21, 0x4D4C, 0x0B4D, 0x0B0B, 0x4C22, 0x0B3B, 0x0B0B, 0x4243, 0x0B4D, 0x4A4E, 0x5C4A, 0x5C95,
    0x9571, 0x5B67, 0x4440, 0x444B, 0x4E43, 0x4B0B, 0x0B0B, 0x0B0B, 0x0B0B, 0x0B0B, 0x0B0B, 0x604B,
    0x0B0B, 0x0B0B, 0x434B, 0x444E, 0x0B4E, 0x0B0B, 0x4E0B, 0x4E43, 0x440B, 0x5C45, 0x5C5C, 0x465B,
    0x5C5B, 0x7A47, 0x444A, 0x4B44, 0x4A4A, 0x444A, 0x4E4E, 0x440B, 0x440B, 0x8D43, 0x404A, 0x5B4A,
    0x604B, 0x4060, 0x4A40, 0x466E, 0x8D43, 0x4A4A, 0x8A8A, 0x5B5B, 0x4A42, 0x5B40, 0x485B, 0x4846,
    0x4A60, 0x6E4A, 0x5B5B, 0x7A7A, 0x4444, 0x4B4B, 0x4D4D, 0x3B3B, 0x4B5F, 0x4444, 0x0B4E, 0x4C0B,
    0x4E44, 0x0B4B, 0x2B4B, 0x254C, 0x4A4A, 0x7140, 0x434A, 0x444E, 0x6E4A, 0x8D71, 0x4350, 0x2B0B,
    0x715B, 0x0B8D, 0x610B, 0x250B, 0x5B46, 0x424A, 0x0B0B, 0x4C4C, 0x467A, 0x4A5B, 0x614E, 0x4C0B,
    0x4C4C, 0x224C, 0x2221, 0x224C, 0x2522, 0x2C22, 0x2222, 0x4C22, 0x2321, 0x2C21, 0x222C, 0x4C4C,
    0x0B4B, 0x5520, 0x3B3B, 0x554C, 0x203B, 0x2525, 0x5520, 0x1F55, 0x2121, 0x2525, 0x2025, 0x0B0B,
    0x2225, 0x4C4C, 0x0B20, 0x0B0B, 0x254C, 0x4C25, 0x204C, 0x0B0B, 0x222C, 0x222C, 0x2221, 0x222C,
    0x4C22, 0x2263, 0x4C22, 0x4C22, 0x4D4C, 0x4D1F, 0x224C, 0x4C1D, 0x0B1F, 0x2B3B, 0x0B3B, 0x0B4D,
    0x5555, 0x440B, 0x4360, 0x4A42, 0x0B61, 0x6044, 0x404A, 0x6767, 0x0B0B, 0x430B, 0x4A42, 0x5042,
    0x0B0B, 0x0B0B, 0x4A43, 0x434A, 0x982A, 0x5B95, 0x9946, 0x9A99, 0xA444, 0x4071, 0x5067, 0x9912,
    0xA574, 0xA612, 0xA621, 0x12A5, 0xACAB, 0x1EAD, 0x3A73, 0x1273, 0x3A51, 0x12A4, 0x7451, 0xA4AC,
    0x2121, 0x121E, 0x511E, 0xB073, 0x2121, 0x1251, 0x73A4, 0x9921, 0x2173, 0x1E21, 0x3AAD, 0x991E,
    0x9A9A, 0x9A9A, 0x5C5C, 0x5C5C, 0x9A99, 0x9A9A, 0x5C5C, 0x5C5C, 0x9999, 0x9999, 0x5C5C, 0x5C5C,
    0xA799, 0x99A7, 0x5C5C, 0x5C5C, 0xA799, 0x99A7, 0x5C5C, 0x5C5C, 0xA799, 0x99A7, 0x5C5C, 0x5C5C,
    0xA7A7, 0x99A7, 0x5C5C, 0x5C5C, 0xA7A7, 0x99A7, 0x5C99, 0x5C5C, 0x5C5C, 0x0101, 0x0101, 0x0101,
    0x5C5C, 0x0101, 0x0101, 0x0101, 0x5C5C, 0x0101, 0x5C84, 0x5C5C, 0x5C5C, 0x5C5C, 0x5C5C, 0x5C5C,
    0x5C5C, 0x5C5C, 0x845C, 0x0101, 0x5C5C, 0x0184, 0x0101, 0x0101, 0x845C, 0x0101, 0x5C01, 0x5C5C,
    0x5C5C, 0x5C5C, 0x5C5C, 0x9999, 0x0101, 0x0101, 0x9A99, 0x9A9A, 0x0101, 0x0101, 0x9A99, 0x9A9A,
    0x015C, 0x0101, 0x995C, 0x9A9A, 0x015C, 0x0101, 0x5C5C, 0x9A99, 0x0101, 0x0101, 0x5C84, 0x9A99,
    0x0101, 0x0101, 0x5C01, 0x995C, 0x845C, 0x0101, 0x8401, 0x9999, 0x9999, 0x9999, 0x9B99, 0x999B,
    0x9A9B, 0x9A9A, 0x9A9A, 0x999A, 0x9A9A, 0x9A9A, 0x999A, 0x9C99, 0x9A9A, 0x999A, 0xA799, 0x6BA8,
    0x9A9A, 0xA799, 0xA7A7, 0x81A8, 0x9999, 0xA7A7, 0xA7A7, 0x71A8, 0xA799, 0xA7A7, 0xB1A7, 0xA8B1,
    0xA799, 0xA7A7, 0xB1B1, 0xA8B1, 0x995C, 0xB1A7, 0xB1B1, 0xA8B1, 0x9999, 0x9C9C, 0x9C9D, 0x9C9C,
    0x6B89, 0x9D6B, 0x6B6B, 0x9C6B, 0x9C77, 0x6B9D, 0x776B, 0x6B6B, 0x8778, 0x6C28, 0x8476, 0x9CA3,
    0xAF8F, 0xAD12, 0x6B79, 0x6BA3, 0xB271, 0xA57E, 0x7E12, 0x6B78, 0x7E73, 0x717E, 0x98B0, 0xB295,
    0x9873, 0x6767, 0xB028, 0x6728, 0x6B84, 0x9E6B, 0x9C6B, 0x9994, 0x84A3, 0x849C, 0x8484, 0x9978,
    0x1616, 0xA384, 0x7884, 0x9984, 0x849C, 0x789C, 0xA39C, 0x9973, 0x6B9D, 0x9C9C, 0x6BA3, 0x9A99,
    0x6B89, 0x6C89, 0x6B6B, 0x9A99, 0x9C78, 0x9494, 0x7394, 0x9A99, 0x7EAF, 0x5D82, 0x99AF, 0x9A9A,
    0x9A9A, 0x999A, 0x5C5C, 0x0101, 0x9A9A, 0x999A, 0x5C5C, 0x0101, 0x9A9A, 0x999A, 0x5C5C, 0x0101,
    0x9A9A, 0x9A9A, 0x5C99, 0x0101, 0x9A9A, 0x9A9A, 0x5C99, 0x0184, 0x9A9A, 0x9A9A, 0x5C99, 0x845C,
    0x9A9A, 0x9A9A, 0x5C99, 0x5C5C, 0x9A9A, 0x9A9A, 0x5C99, 0x5C5C, 0x9310, 0x9F81, 0x8080, 0x808F,
    0x8116, 0x9F80, 0x809F, 0x809F, 0x739A, 0x9F80, 0x819F, 0x8080, 0x9A9B, 0x9373, 0x9F93, 0x80AE,
    0x9B9B, 0x169A, 0x9393, 0xAE93, 0x9B9B, 0xAE9A, 0x1616, 0xAE93, 0x9B9B, 0x739B, 0x16AE, 0x9310,
    0x9B9B, 0x9B9B, 0x1616, 0x9316, 0x0101, 0x0101, 0x9A99, 0x9A9A, 0x0101, 0x5C01, 0x9A9A, 0x9A9A,
    0x0101, 0x9901, 0x9A9A, 0x9A9A, 0x0101, 0x9901, 0x9A9A, 0x9A9A, 0x0101, 0x9901, 0x9A9A, 0x9A9A,
    0x0101, 0x9901, 0x9A9A, 0x9A9A, 0x0101, 0x5C01, 0x9A99, 0x9A9A, 0x0101, 0x0101, 0x9A99, 0x9A9A,
    0x9B9A, 0x9B9B, 0x1673, 0x9416, 0x9B9A, 0x9B9B, 0x169A, 0x16A3, 0x9B9B, 0x9A9B, 0x9A9B, 0x8416,
    0x9B9B, 0x9A9A, 0x9B9A, 0x849A, 0x9B9B, 0x9A9A, 0x9B9A, 0x9A9B, 0x9A9B, 0x9B9A, 0x9B9B, 0x9B9B,
    0x9A9B, 0x9B9A, 0x9B9B, 0x9B9B, 0x9A9B, 0x9B9B, 0x9B9A, 0x9B9B, 0x9410, 0x9493, 0x9393, 0x9310,
    0x9416, 0x9416, 0x9316, 0x9394, 0x8416, 0x9494, 0x1694, 0x1694, 0x8484, 0x1684, 0x16A3, 0x1684,
    0x8484, 0x8484, 0x8494, 0x8484, 0x8473, 0xA39C, 0x8484, 0x8484, 0x739A, 0x9C6C, 0x8484, 0x9C6C,
    0x9A9A, 0x849C, 0x849C, 0x9C9C, 0x5B42, 0x5C5B, 0xA095, 0x7F5E, 0x1616, 0x1616, 0xA3A3, 0xA39C,
    0x8416, 0x9484, 0x9C84, 0x849C, 0x849C, 0x16A3, 0xA3A3, 0x9CA3, 0x6BA3, 0xA39C, 0xAE93, 0x1693,
    0xAEA3, 0x16A3, 0x1684, 0x9316, 0x1616, 0x16AE, 0x9393, 0x9493, 0xAE16, 0x9494, 0x1616, 0x9316,
    0xA199, 0xA199, 0xA2A1, 0xA1A1, 0x9999, 0xA199, 0xA1A1, 0xA1A1, 0x7399, 0xA199, 0xA1A1, 0x99A1,
    0x9473, 0x9916, 0xA1A1, 0x7399, 0x9493, 0x9493, 0xA199, 0x8499, 0x9494, 0x9316, 0x9916, 0xAE99,
    0x1610, 0x1693, 0x1693, 0x1673, 0x1616, 0x1616, 0x1616, 0x16A3, 0xA2A1, 0xA1A1, 0xA2A1, 0xA1A1,
    0xA1A1, 0xA1A1, 0xA1A1, 0xA1A1, 0xA1A1, 0xA1A1, 0xA199, 0xA1A1, 0xA199, 0xA1A1, 0xA199, 0xA1A1,
    0x9973, 0x99A1, 0x99A7, 0x99A1, 0x9916, 0xA799, 0xA7A7, 0xA799, 0x9916, 0x9999, 0x9999, 0x9999,
    0x9973, 0x9A9A, 0x9A9A, 0x9B9A, 0xA2A1, 0x99A1, 0xA2A1, 0x99A1, 0xA1A1, 0x9999, 0xA1A1, 0xA1A1,
    0x99A1, 0x9F73, 0xA199, 0x99A1, 0x7399, 0x9C9C, 0x9977, 0x99A1, 0x7799, 0x6B9E, 0xA3A3, 0x9999,
    0x1699, 0x8116, 0x9F9F, 0x9973, 0xAE99, 0xAE81, 0x93AE, 0x999F, 0x999B, 0x9373, 0x9FAE, 0x7393,
    0xA2A1, 0x99A1, 0x99A1, 0x9F9F, 0xA1A1, 0x99A1, 0x9999, 0x809F, 0xA1A1, 0x7399, 0x999C, 0x9C73,
    0xA1A1, 0x8499, 0xAEA3, 0x8199, 0x99A1, 0x8088, 0x9FB5, 0x7381, 0xB599, 0xB59F, 0x8FB5, 0x9F9F,
    0x8073, 0x80B5, 0x808F, 0x8088, 0x809F, 0xB580, 0x809F, 0x8880, 0x9494, 0x8493, 0x456C, 0xA299,
    0x8393, 0x9393, 0x8194, 0xB399, 0x88A0, 0x8088, 0x8F8F, 0xA299, 0x7E5C, 0x7E7E, 0x7E8F, 0xA299,
    0x5B8A, 0x5C5B, 0x7E95, 0xA1A2, 0x2C2C, 0x4C4C, 0x99B6, 0xA1A1, 0x351C, 0x351C, 0xA11C, 0x3299,
    0x352F, 0x3535, 0x9999, 0x3535, 0xA1A2, 0xA2A2, 0xA2A2, 0xA2A2, 0xA1A2, 0xB3A2, 0xB3A2, 0xB3A2,
    0xA1A2, 0xA2A2, 0xA2A2, 0xA2A2, 0xA1A1, 0xA2A1, 0xA2A1, 0xA2A1, 0xA1A1, 0xA1A2, 0xA1A2, 0xA1A2,
    0xA1A1, 0xA1A1, 0xA1A1, 0xA1A1, 0xA199, 0xA1A2, 0xA1A2, 0xA1A2, 0xA199, 0xA1A1, 0xA1A1, 0xA1A1,
    0x7676, 0x8977, 0x6B9D, 0x7777, 0x7676, 0x8977, 0x7789, 0x7776, 0x7676, 0x776B, 0x7789, 0x7777,
    0x7776, 0x6B89, 0x7777, 0x7777, 0x8989, 0x776B, 0x7677, 0xA177, 0x8977, 0x9E77, 0x7777, 0xA2A1,
    0x7789, 0x7789, 0xA16B, 0xB3A2, 0x8989, 0x8977, 0xA145, 0xB3B3, 0x896B, 0x7789, 0xA2A1, 0xB3B3,
    0x8977, 0x8977, 0xB3A1, 0xB3B3, 0x7789, 0x7789, 0xB399, 0xB3B3, 0x7777, 0x7777, 0xB3A1, 0xB3B3,
    0x896B, 0x7689, 0xA199, 0xA2B3, 0x8989, 0x7776, 0x9945, 0xB3B3, 0x779D, 0x6B77, 0x999D, 0xA2B3,
    0x6B84, 0x9C6B, 0x999C, 0xB3A2, 0xB3B3, 0xA2B3, 0x81A1, 0x9380, 0xB383, 0xB3B3, 0xA1A2, 0x9393,
    0x8389, 0xB3B3, 0xA2B3, 0x81A1, 0x8989, 0xB3B3, 0xB3B3, 0x9FA1, 0x8983, 0xB3B3, 0xB3B3, 0x93A1,
    0xB3B3, 0xB3B3, 0xB3B3, 0x83A1, 0xB3B3, 0xB3B3, 0xB3B3, 0x7FA1, 0xB3B3, 0xB3B3, 0xB3B3, 0x88A1,
    0xB3B3, 0xB3A2, 0xB3B3, 0x7FA1, 0xB3B3, 0xB3A1, 0xB3B3, 0x83A1, 0xB3A2, 0xB3A2, 0xB3A2, 0x81A1,
    0xB3B3, 0xA2B3, 0xB3B3, 0x9FA1, 0xA2B3, 0xA1B3, 0xA1B3, 0x93A1, 0xB3B3, 0xA1B3, 0x99A1, 0x9345,
    0xA2B3, 0xA1B3, 0x4599, 0x9F80, 0xB3A2, 0xA2A2, 0x8099, 0x8881, 0xA2A2, 0xA2A2, 0x8F99, 0x828F,
    0xB3A2, 0xB3A2, 0x8299, 0x8280, 0xA2A2, 0xA2A2, 0xB299, 0xB2A0, 0xA2A1, 0xA2A1, 0x7E99, 0x7E7E,
    0xA1A2, 0xA1A2, 0x5C99, 0x7E95, 0xA1A1, 0xA1A1, 0x99A1, 0x5B5C, 0xA1A2, 0xA1A2, 0x99A1, 0x4244,
    0xA1A1, 0xA1A1, 0x99A1, 0x7E7E, 0xB4B4, 0xB4B4, 0xB4B4, 0xB4B4, 0xB4B4, 0xB4B4, 0xB4B4, 0xB4B4,
    0xB4B4, 0xB4B4, 0xB4B4, 0xB4B4, 0xB4B4, 0xB4B4, 0xB4B4, 0xB4B4, 0xB4B4, 0xB4B4, 0xB4B4, 0xB4B4,
    0xB4B4, 0xB4B4, 0xB4B4, 0xB4B4, 0xB4B4, 0xB4B4, 0xB4B4, 0xB4B4, 0xB4B4, 0xB4B4, 0xB4B4, 0xB4B4,
    0x1D21, 0x5757, 0x5721, 0xB757, 0x571D, 0x571D, 0x1DB7, 0xB74C, 0x1D1D, 0xB757, 0xB757, 0x1D57,
    0xB74C, 0x571D, 0x1D4C, 0x574C, 0x1D57, 0x1D57, 0x1D57, 0xB757, 0x1DB7, 0xB74C, 0xB74C, 0x1D4C,
    0x8B1D, 0x4CB7, 0x4C1D, 0x4C1D, 0x1D1D, 0x1D4C, 0xB74C, 0xB797, 0x1D57, 0xB757, 0xB757, 0xB757,
    0x57B7, 0x574C, 0x1DB7, 0x1D4C, 0x1D57, 0x1D57, 0x1D1D, 0xB757, 0xB74C, 0x571D, 0x1D4C, 0x571D,
    0x1D57, 0x1D57, 0x1D21, 0x1D57, 0x1D1D, 0x1D4C, 0x571D, 0x1D4C, 0x4C1D, 0x4C1D, 0xB71D, 0xB71D,
    0xB797, 0x8B97, 0x1D8B, 0x1D4C, 0xB757, 0x1D57, 0x5721, 0x5757, 0xB74C, 0xB74C, 0x57B7, 0x574C,
    0x8B1D, 0xB71D, 0x5757, 0x5721, 0xB74C, 0x1D97, 0x1D4C, 0x5757, 0x1D1D, 0x4C1D, 0x4C1D, 0xB757,
    0x1D4C, 0xB74C, 0x4C8B, 0xB797, 0xB7B7, 0xB7B7, 0xB7B7, 0x4CB7, 0x1D4C, 0x1D4C, 0xB797, 0xB797,
    0x5721, 0x5757, 0x5721, 0x5721, 0x571D, 0x571D, 0x571D, 0x574C, 0xB757, 0x5757, 0xB7B7, 0x1D57,
    0x1D4C, 0xB74C, 0xB74D, 0x1D4C, 0xB757, 0xB71D, 0xB7B7, 0xB757, 0xB74C, 0x1D97, 0x574C, 0x571D,
    0xB7B7, 0xB7B7, 0x57B7, 0x1D2C, 0xB74C, 0xB797, 0x571D, 0x574C, 0xB757, 0xB757, 0xB757, 0xB757,
    0x571D, 0x571D, 0xB7B7, 0xB7B7, 0x1D57, 0xB757, 0xB757, 0xB71D, 0x4C4C, 0xB7B7, 0x574C, 0xB74C,
    0xB757, 0xB757, 0xB71D, 0xB757, 0x5757, 0x57B7, 0x57B7, 0x574C, 0xB757, 0xB757, 0x5757, 0x5757,
    0xB74C, 0x574C, 0x2C4C, 0x2C57, 0xB71D, 0xB71D, 0x1D1D, 0x1D57, 0x1D97, 0x1D4C, 0x1DB7, 0x1D1D,
    0xB757, 0xB757, 0xB71D, 0x1D1D, 0x574C, 0x5757, 0x1D1D, 0x1DB7, 0x5757, 0x572C, 0x1D21, 0x1D57,
    0x2C4C, 0x2C4C, 0x2C2C, 0x5757, 0x2C2C, 0x2C2C, 0x2C64, 0x2C2C, 0x2C57, 0x2C2C, 0x2C2C, 0x2C2C,
    0x8B1D, 0x8B8B, 0x8B8B, 0x7C7C, 0x8B8B, 0x8B8B, 0x8B7C, 0x7C8B, 0x8B1D, 0x7C8B, 0x7C7C, 0x7C8B,
    0x1D8B, 0x8B8B, 0x7CB8, 0x8B7C, 0x1D1D, 0x8B1D, 0x858B, 0x7C8B, 0x1D57, 0xB7B7, 0x8B8B, 0x8B85,
    0x5757, 0x1D57, 0x8B1D, 0x8B1D, 0x5757, 0x1D57, 0x1D8B, 0x8B1D, 0x7C7C, 0xB885, 0x857C, 0xB87C,
    0x857C, 0x85B8, 0x86B8, 0xB8B8, 0x858B, 0xB87C, 0xB885, 0xB87C, 0x7C7C, 0x857C, 0xB8B8, 0x85B8,
    0x7C8B, 0x7C8B, 0x857C, 0xB87C, 0x8B8B, 0x8B85, 0x8585, 0x86B8, 0x8B8B, 0x8B1D, 0x867C, 0xB87C,
    0x8B7C, 0x7C97, 0x8E85, 0x8C8E, 0xB98B, 0xB9B9, 0xB9B9, 0xB9B9, 0xB8B8, 0xB9BB, 0xB9B9, 0xB9B9,
    0xB9B8, 0xB9B9, 0xB9B9, 0xB9B8, 0xB84F, 0xB9B9, 0xB9BB, 0xB9B9, 0xB886, 0xB9B8, 0xB9B9, 0xB9B9,
    0xB8B8, 0xB9B8, 0xB9BB, 0xB9BB, 0xB885, 0xB886, 0xB9B8, 0xB9B9, 0xB8B8, 0xB84F, 0xB9B9, 0xB9BB,
    0xB97C, 0xB97C, 0xB97C, 0xB9B9, 0xB9B9, 0xB9B9, 0xB9B9, 0xB9B9, 0xB9B9, 0xB9B9, 0xB9B9, 0xB9B8,
    0xB9BB, 0xB9B9, 0xB9B9, 0xB9B9, 0xB97C, 0xB9B9, 0xB9B8, 0xB9B9, 0xB9B9, 0xB969, 0xB8B9, 0xB9B9,
    0x53B9, 0xB9B9, 0xB9B9, 0x53B9, 0xB969, 0xB969, 0xB9BB, 0xB969, 0xB9B9, 0x6953, 0xBA53, 0xBA68,
    0xB9B9, 0xB9B9, 0xB9B9, 0x5468, 0xB9B9, 0xB97C, 0xB97C, 0x697C, 0xB9B9, 0xB9B9, 0x7CB9, 0x7C7C,
    0xB9B9, 0xB9B9, 0xB97C, 0x7C7C, 0xB9B9, 0xB9B9, 0xB9B9, 0xB8B9, 0xB9B9, 0xB9B9, 0xB9B9, 0xB97C,
    0xB969, 0xB9B9, 0xB969, 0xB8B9, 0x6868, 0xBA68, 0x6868, 0x6869, 0x68BA, 0xBABA, 0x6868, 0x6868,
    0xBA68, 0x6868, 0x5468, 0x6869, 0x6868, 0x68BA, 0x5454, 0x6854, 0x687C, 0x5468, 0x5468, 0x5468,
    0x68B9, 0x6968, 0x6868, 0x6868, 0x68B9, 0x6868, 0x6868, 0x6853, 0x6850, 0x68BA, 0x68BA, 0x5368,
    0x6869, 0x5468, 0x6969, 0x6853, 0x6954, 0x6968, 0x6868, 0x6868, 0x6868, 0x6869, 0x6869, 0x6869,
    0xBA54, 0x54BA, 0x6954, 0x6868, 0x6853, 0x5469, 0x6868, 0x5468, 0x6968, 0x6868, 0x6969, 0x6854,
    0x6969, 0x6869, 0x6869, 0x6869, 0x6968, 0x6868, 0x6868, 0x6968, 0xBA68, 0x5468, 0x6969, 0x6869,
    0x6868, 0x6868, 0x6954, 0x6969, 0x6869, 0x6953, 0x6969, 0x6969, 0x6868, 0x6968, 0x6868, 0x6954,
    0x6868, 0x6869, 0x6869, 0x6868, 0x6868, 0x6868, 0x6868, 0x6968, 0x6868, 0x6869, 0x6868, 0x6968,
    0x6954, 0x6969, 0x68BA, 0x6968, 0x6953, 0xBBB9, 0x6969, 0x6869, 0xBB69, 0x6969, 0x6968, 0x6868,
    0x69BB, 0x69B9, 0x6969, 0x69BB, 0x6969, 0xBB53, 0x6954, 0x6969, 0x69B9, 0xBBBB, 0x69BB, 0x6969,
    0x6969, 0xBB69, 0x6969, 0x6950, 0x6869, 0x6969, 0x6869, 0x6869, 0x6968, 0x6969, 0x6968, 0x6869,
    0x6869, 0x6868, 0x6869, 0x6869, 0x6868, 0x68BA, 0x6968, 0x6969, 0x6868, 0x6868, 0x6969, 0x6969,
    0x6954, 0x6968, 0x6950, 0x6954, 0x69BB, 0x6969, 0x54BC, 0x5468, 0x6969, 0x6954, 0x6854, 0x68BA,
    0x6968, 0x6869, 0x5469, 0x8C68, 0x68BA, 0x6854, 0x6867, 0xBD8C, 0x6869, 0x6868, 0x6969, 0x6869,
    0x6868, 0x6954, 0x6969, 0x6969, 0x5469, 0x5468, 0x5469, 0x6969, 0x54BA, 0x68BA, 0x6867, 0x6854,
    0x5468, 0x5454, 0x6868, 0x6868, 0xBD8E, 0x548C, 0x68BA, 0x68BA, 0xBDBD, 0xBABD, 0x5468, 0x5468,
    0xBDBD, 0x8EBD, 0x54BA, 0x5454, 0x6969, 0x6853, 0xB9B9, 0xB986, 0x5368, 0x6869, 0xB969, 0xB9B9,
    0x6968, 0x53B9, 0xB9B9, 0xB9B9, 0x6854, 0xB969, 0xB9B9, 0xB968, 0x6869, 0xB969, 0xB9B9, 0x6853,
    0x68BA, 0xB9BA, 0x5369, 0x6869, 0xBA68, 0x6969, 0x5353, 0x8CB9, 0x68BA, 0xB969, 0xB969, 0xBD69,
    0xB9B9, 0xB9B9, 0xB9B9, 0xB9B9, 0xB9B9, 0xB9B9, 0xB953, 0xB9B9, 0xB9B9, 0xB9B9, 0xB9B9, 0xB9B9,
    0x5353, 0xB953, 0xB969, 0xB9B9, 0xB9B9, 0xBBB9, 0x53B9, 0xB9B9, 0x8C8C, 0xB969, 0xB969, 0xB9BB,
    0x8EBD, 0x5353, 0x6953, 0xB9B9, 0x8EBD, 0x5368, 0x5368, 0xB8BB, 0xB9B9, 0xB9B9, 0xB9B8, 0xB87C,
    0xB9B9, 0xB9B9, 0xB9B9, 0x7CB9, 0xB9B9, 0xB9B9, 0xB9B9, 0xB8B8, 0xB969, 0xB969, 0xB9BB, 0xB8B9,
    0xB9B9, 0xBBB9, 0xB9B8, 0xB8B8, 0xB9BB, 0xB8B9, 0xB8B9, 0xB8B8, 0xB9B8, 0xB8B8, 0xB8B8, 0xB8B8,
    0xB8B9, 0xB8B8, 0xB8B8, 0xB8B8, 0x7C7C, 0x857C, 0x8B8B, 0x1D8B, 0x85B8, 0x8585, 0x8585, 0x8B85,
    0x867C, 0x858B, 0x857C, 0x7C8B, 0x85B8, 0x8586, 0x85B8, 0x9785, 0x857C, 0x8585, 0x8585, 0x7C97,
    0x86B8, 0x85BE, 0x8586, 0x7C85, 0xB8B8, 0x8685, 0x8585, 0x8585, 0xB8BB, 0x854F, 0x85B8, 0x8585,
    0x8B1D, 0x8B1D, 0x8B1D, 0x8B1D, 0x8B8B, 0x9785, 0x1D8B, 0x1D97, 0x8B97, 0x978B, 0x8B1D, 0x8B1D,
    0x8B85, 0x8B85, 0x8B85, 0xB78B, 0x8B97, 0x7C97, 0x8B8B, 0x978B, 0x9785, 0x8B85, 0x8B7C, 0x8B8B,
    0x858B, 0x8B8B, 0x8B8B, 0x8B1D, 0x8585, 0x8B85, 0x8B97, 0x8B8B, 0x97B7, 0xB7B7, 0xB757, 0xB757,
    0x1D8B, 0x9797, 0x574C, 0x574C, 0x1D1D, 0xB78B, 0xB71D, 0x5757, 0x8B97, 0x8B97, 0xB797, 0x57B7,
    0x8B8B, 0xB71D, 0x8BB7, 0xB71D, 0xB78B, 0xB797, 0x1D8B, 0x1D97, 0x1D1D, 0x8B1D, 0x8B1D, 0x8B1D,
    0x8BA6, 0x8B8B, 0x8B1F, 0x1D8B, 0xB757, 0xB757, 0x1DB7, 0x8B1D, 0x571D, 0x1DB7, 0x1D1D, 0x1D4C,
    0xB757, 0xB757, 0x4C57, 0xB71D, 0x1D4C, 0xB74C, 0xB797, 0x1D8B, 0x1D57, 0xB757, 0xB71D, 0x8B1D,
    0xB7B7, 0xB71D, 0x1DB7, 0xB797, 0xB7B7, 0x1D1D, 0xB71D, 0x8B1D, 0xB78B, 0x1D8B, 0x1D97, 0x8B8B,
    0x8B8B, 0x8B8B, 0x8B1D, 0x1D1D, 0x8B8B, 0x1D8B, 0x1D8B, 0x1D8B, 0x8B1D, 0x8B1D, 0x8B1D, 0x1D1D,
    0x8B8B, 0x8B8B, 0x8B8B, 0x1D8B, 0x7C1D, 0x8B8B, 0x8B8B, 0x8B1D, 0x8B8B, 0x8B7C, 0x8B8B, 0x8B8B,
    0x8B1D, 0x7C8B, 0xBD8B, 0x8B8C, 0xB78B, 0x8B8B, 0xBD8E, 0x8B8C, 0x8B1D, 0x8B1D, 0x1D1D, 0x1D1D,
    0x1D8B, 0x8B7C, 0x1D8B, 0x1D8B, 0x8B1D, 0x8B8B, 0x8B8B, 0xB71D, 0x8B8B, 0x8B8B, 0x8B8B, 0x1D8B,
    0x8B1D, 0x8B8B, 0x8B1D, 0x1D1D, 0x1D8B, 0x8B8B, 0x1D8B, 0x1D8B, 0x8B1D, 0x8B1D, 0x8B1D, 0x1D1D,
    0x8B8B, 0x8B7C, 0x8B8B, 0x1D8B, 0x5721, 0x5721, 0x212F, 0x642F, 0x571D, 0x2C57, 0x212C, 0x6457,
    0x5757, 0x5721, 0x572C, 0x642F, 0x571D, 0x2C57, 0x2C57, 0x642C, 0x5757, 0x5757, 0x2C21, 0x2C2F,
    0x571D, 0x5757, 0x2157, 0x2157, 0x1D1D, 0x5757, 0x5721, 0x2C2F, 0x574C, 0x5757, 0x574C, 0x2C57,
    0x2C2F, 0x212F, 0x212F, 0x2164, 0x6421, 0x642C, 0x642C, 0x2F2C, 0x2164, 0x2C2F, 0x2C64, 0x2F2F,
    0x212C, 0x642C, 0x2C57, 0x2F57, 0x2C2F, 0x2C2F, 0x2C2F, 0x2F2F, 0x6457, 0x2157, 0x642C, 0x642C,
    0x2C21, 0x2C21, 0x2C64, 0x2C64, 0x2C57, 0x2C57, 0x212C, 0x2C57, 0x642F, 0x642F, 0x642F, 0x642F,
    0x642C, 0x642C, 0x6421, 0x2F21, 0x212F, 0x6464, 0x642F, 0x212F, 0x642C, 0x2F2C, 0x2F21, 0x2121,
    0x2C2F, 0x212F, 0x2F2F, 0x2C64, 0x2F57, 0x2C2C, 0x642C, 0x2C2C, 0x212F, 0x2C2F, 0x2C2F, 0x2164,
    0x2C57, 0x212C, 0x2C2C, 0x212C, 0x642F, 0x2164, 0x2F2F, 0x2F2F, 0x2F21, 0x6421, 0x2F21, 0x2F21,
    0x2164, 0x642F, 0x2164, 0x2F2F, 0x2157, 0x2F21, 0x642C, 0x2F2C, 0x2C2F, 0x2C2F, 0x212F, 0x2F2F,
    0x212C, 0x2157, 0x2F2C, 0x2F21, 0x2C2F, 0x2C2F, 0x212F, 0x642F, 0x2C57, 0x2157, 0x6457, 0x2F21,
    0x1D1D, 0x4C57, 0x1D57, 0xB71D, 0x1D4C, 0x1D4C, 0x1D4C, 0x1D4C, 0x8B1D, 0xB71D, 0xB71D, 0x971D,
    0xB797, 0x1D8B, 0x1D8B, 0x8B1F, 0x1D1D, 0xB7B7, 0x4C1D, 0x4C1D, 0xB797, 0xB797, 0xB797, 0x1D8B,
    0x4C97, 0x971D, 0x8B4C, 0x8B1D, 0x1D8B, 0x8B8B, 0x8B8B, 0x8B8B, 0x971D, 0x8B1D, 0x8B1D, 0xB71D,
    0x97B7, 0x1D97, 0x8B97, 0xB71F, 0x97B7, 0x1D1D, 0x8B4C, 0x8B1D, 0x974D, 0x8B1F, 0x8B1F, 0x1D8B,
    0x8B1D, 0x1F8B, 0x978B, 0x8B8B, 0x1D8B, 0x8B8B, 0x8B97, 0x8B7C, 0x8B1D, 0x8B1D, 0x8B8B, 0x8B8B,
    0x1D1F, 0x8B8B, 0x8BA6, 0x1D8B, 0xB71D, 0x8B1D, 0x1DB7, 0xB757, 0xB797, 0xB797, 0xB7B7, 0x1D4C,
    0x4C1D, 0xB71D, 0xB757, 0xB71D, 0x1D4C, 0xB74C, 0x1D97, 0x1D4C, 0x8B1D, 0x97B7, 0xB71D, 0xB757,
    0x1D97, 0x974C, 0xB797, 0x1D4C, 0x4C1D, 0xB71D, 0x97B7, 0xB7B7, 0x8B4C, 0xB797, 0x8B97, 0xB797,
    0xB7B7, 0xB7B7, 0x5757, 0x5757, 0x1DB7, 0x1D97, 0x57B7, 0x2C57, 0xB7B7, 0x1D1D, 0x4C1D, 0x5757,
    0x1D4C, 0xB797, 0xB74C, 0x2C4C, 0xB71D, 0x97B7, 0xB757, 0x2C57, 0x1DB7, 0xB71D, 0x57B7, 0x2C4C,
    0xB71D, 0x971D, 0x57B7, 0x2C2C, 0xB797, 0xB74C, 0x574C, 0x2C57, 0x572C, 0x572C, 0x2C2C, 0x2C21,
    0x2C57, 0x2C57, 0x2C2C, 0x2C2C, 0x2C2C, 0x2C64, 0x572C, 0x2C2C, 0x2157, 0x2C2C, 0x2C2C, 0x212C,
    0x2C64, 0x2C21, 0x2164, 0x2C64, 0x6457, 0x2C2C, 0x642C, 0x642C, 0x2C2C, 0x2C64, 0x2C64, 0x2C64,
    0x2C2C, 0x642C, 0x212C, 0x2C2C, 0x2C21, 0x2C2C, 0x2C64, 0x2121, 0x2C57, 0x212C, 0x642C, 0x2C2C,
    0x2C2C, 0x2C64, 0x2C21, 0x2C64, 0x2C2C, 0x2C2C, 0x2C57, 0x2C57, 0x2C64, 0x572F, 0x572C, 0x8E2C,
    0x2C2C, 0x2C2C, 0x2C2C, 0xBD8E, 0x2C64, 0x2C2C, 0x8E2C, 0x8CBD, 0x2C4C, 0x212C, 0x8E8E, 0x2C2C,
    0x5764, 0x4C2C, 0xB757, 0x1D57, 0x2C2C, 0x5757, 0x5757, 0x1D1D, 0x2C64, 0x8C2C, 0x8E8E, 0x8C8E,
    0x8E8C, 0xBDBD, 0xBDBD, 0xBDBD, 0xBDBD, 0xBDBD, 0xBDBD, 0xBDBD, 0x8C8E, 0x2C57, 0x2C57, 0xBD8E,
    0x2C2C, 0x2C2C, 0x5721, 0x8C57, 0x2C2C, 0x2C57, 0x2C57, 0x5757, 0x8B8B, 0x7C8B, 0xBD8E, 0xBDBD,
    0x8B1D, 0x8C85, 0xBDBD, 0xBDBD, 0x1D1D, 0x8C8B, 0xBDBD, 0xBDBD, 0x8EBD, 0x8B8B, 0xBD8E, 0xBDBD,
    0xBDBD, 0x8CBD, 0xBD1D, 0xBDBD, 0xBDBD, 0xBDBD, 0x8E7C, 0xBDBD, 0xBDBD, 0xBDBD, 0x8CBD, 0xBDBD,
    0xBD8C, 0xBDBD, 0x8EBD, 0xBD8E, 0x8C8E, 0x8685, 0xB8B8, 0xBBB8, 0xBDBD, 0x8C8E, 0xB8B8, 0xB9BB,
    0xBDBD, 0xBDBD, 0xB88C, 0xB9B8, 0xBDBD, 0x8EBD, 0xB84F, 0xBF4F, 0xBDBD, 0x4F8C, 0x4FB8, 0x4FBE,
    0x8EBD, 0xBE85, 0x86BE, 0xBE4F, 0xBDBD, 0x8585, 0x8686, 0x8685, 0x8EBD, 0x8585, 0xC0BE, 0xC085,
    0xB9B9, 0xB9B9, 0xB9B9, 0xB9B9, 0xB9BB, 0xB9BB, 0x5369, 0xB969, 0xBBB9, 0xB9B9, 0x69B9, 0x53B9,
    0xB969, 0xB9B9, 0x6968, 0x5368, 0xBBB8, 0xBBB9, 0x69B9, 0x69B9, 0xB8BE, 0xB969, 0xB9BB, 0xB9BB,
    0x4F86, 0xBBBB, 0xBBB9, 0xBBB8, 0xB8BE, 0xB84F, 0xB9BB, 0xB9B9, 0x53B9, 0xB9B9, 0xB9B9, 0xB9B9,
    0x53B9, 0xB969, 0xB9B9, 0xB953, 0xB9B9, 0x53B9, 0xB9B9, 0x69B9, 0x5369, 0xB953, 0xB969, 0x6969,
    0xB9B9, 0x69B9, 0xB9B9, 0x68B9, 0xB969, 0xB9B9, 0xB969, 0x6869, 0x69B9, 0xB9B9, 0x69B9, 0x68B9,
    0xB9BB, 0xB9BB, 0xBBBB, 0x6868, 0x68B9, 0xBA68, 0x6869, 0x6868, 0x6868, 0xBABA, 0x68BA, 0x69BA,
    0xBA68, 0xBA68, 0xBABA, 0x6868, 0xBABA, 0xBABA, 0x68BA, 0x6868, 0xBABA, 0xBA68, 0x6868, 0xBA68,
    0xBABA, 0x68BA, 0x6868, 0xBA67, 0x6868, 0x6868, 0x6969, 0x6869, 0x5368, 0x6969, 0x6968, 0x68BA,
    0x6853, 0x6868, 0x6869, 0x6969, 0x6868, 0x6868, 0x6868, 0x6954, 0x6869, 0x6868, 0x6869, 0x6868,
    0x68BA, 0x6968, 0x6868, 0x6868, 0x6868, 0x6869, 0x6868, 0xBA68, 0x68BA, 0x6854, 0x6854, 0x68BA,
    0x6868, 0x6869, 0xBA68, 0x5469, 0x5467, 0x54BA, 0xBABA, 0x54BA, 0x6853, 0x6869, 0x6853, 0x6969,
    0x6868, 0x6954, 0x5368, 0x6868, 0x6869, 0x6969, 0x6868, 0x6953, 0x68BA, 0x6868, 0x68BA, 0x6968,
    0x6868, 0x6868, 0x6853, 0x6868, 0x68BA, 0x6854, 0x6968, 0x6868, 0x6868, 0x6868, 0x6868, 0x6853,
    0x68BA, 0x68BA, 0x6868, 0x6968, 0x6969, 0x69BB, 0x69BB, 0x6869, 0x5368, 0x5369, 0x6969, 0x6868,
    0x6953, 0x69BB, 0x6969, 0x6869, 0x6950, 0x6969, 0x6968, 0x6969, 0xBBB9, 0x68B9, 0x6853, 0x69BB,
    0xB953, 0xBB53, 0x5369, 0x5369, 0x5353, 0xB97C, 0xB9B9, 0xB9B9, 0x5368, 0xB9BB, 0xB9BB, 0xB9B9,
    0x6969, 0x6868, 0x5468, 0xBD8C, 0x6969, 0x6854, 0x6867, 0xBDBA, 0x6869, 0x6868, 0x6868, 0x8E68,
    0x6868, 0x68BA, 0x6854, 0x8CBA, 0x6853, 0x6868, 0x6868, 0x5468, 0x6868, 0x6868, 0x6968, 0x6854,
    0x68B9, 0x6868, 0x6869, 0x6953, 0xB9BB, 0x6868, 0x6868, 0xB869, 0xBDBD, 0xBDBD, 0xBA8C, 0xBA68,
    0xBDBD, 0xBDBD, 0x68BD, 0x68BA, 0xBDBD, 0xBDBD, 0x8CBD, 0x6868, 0xBDBD, 0xBDBD, 0xBDBD, 0x68BA,
    0xBDBD, 0xBDBD, 0xBDBD, 0x688E, 0xBDBD, 0xBDBD, 0xBDBD, 0x8CBD, 0xBD8E, 0xBDBD, 0xBDBD, 0xBDBD,
    0xBD8E, 0xBDBD, 0xBD8C, 0xBDBD, 0x6868, 0x5353, 0x53B9, 0xBD8C, 0x6854, 0x6868, 0x5369, 0xBD68,
    0x6868, 0x6853, 0x6953, 0xBD53, 0x68BA, 0x5368, 0x6969, 0xBD68, 0x6953, 0x5353, 0x68B9, 0xBD53,
    0x6968, 0x6968, 0x5368, 0xBD8C, 0x6869, 0x6853, 0x6869, 0xBD8C, 0x6968, 0x5369, 0x5368, 0xBD8C,
    0x8EBD, 0x6953, 0x53B9, 0xB8B9, 0xBDBD, 0xB969, 0xB9B9, 0xB969, 0xBDBD, 0x53B9, 0x69B9, 0xBBB9,
    0xBDBD, 0x5369, 0x5368, 0xBB69, 0xBDBD, 0x6853, 0x6953, 0xBBB9, 0xBDBD, 0x5368, 0x5369, 0xB969,
    0xBDBD, 0x6868, 0x6953, 0x69B9, 0xBDBD, 0x5368, 0x6968, 0xB969, 0xBB7C, 0xB8B8, 0xB8B8, 0xB8B8,
    0xB8B8, 0xB8BB, 0xB8BB, 0x86B8, 0xB8B8, 0xBBB8, 0xB8B8, 0x4FB8, 0xB8BB, 0xB8B9, 0xB8BB, 0xB8BF,
    0xBBB9, 0xB8B8, 0xB8B8, 0x4FB8, 0xB9BB, 0xB8BB, 0xB8BB, 0x4FBB, 0x6953, 0xB8B8, 0xBBB8, 0xBBB8,
    0xBB69, 0xB8BB, 0x4FBB, 0x4FBB, 0xB886, 0x8686, 0x8585, 0x857C, 0x86B8, 0xBE4F, 0x8586, 0x8585,
    0x4FB8, 0x4FB8, 0x8685, 0x8585, 0xB84F, 0xBE4F, 0x85BE, 0x8586, 0x4FB8, 0xBEB8, 0xBE85, 0x8585,
    0x4FBB, 0xB8BB, 0x85BE, 0x85BE, 0x4FB8, 0xBEB8, 0x8686, 0x8685, 0xBE4F, 0x85BE, 0x86BE, 0x85BE,
    0x8597, 0x8585, 0x8B8B, 0x8B8B, 0x8585, 0x8B85, 0x8585, 0x8B85, 0x858B, 0x858B, 0x7C8B, 0x858B,
    0x85C0, 0x9785, 0x85C0, 0x7C85, 0x8585, 0x8585, 0x8585, 0x857C, 0x8585, 0x85BE, 0x9785, 0x9785,
    0x8685, 0x8585, 0x8585, 0x1F8B, 0x8585, 0x7C85, 0x8585, 0x8B85, 0x8B8B, 0x8B8B, 0x8B8B, 0x8BB7,
    0x8B97, 0x8B85, 0x8B8B, 0x1D8B, 0x1F8B, 0x8B8B, 0x8B8B, 0x8B1D, 0x8B85, 0x8B85, 0x8B85, 0x8B8B,
    0x7C8B, 0x858B, 0x8B8B, 0x8B8B, 0x7C85, 0x8B85, 0x8B8B, 0x8B85, 0x858B, 0x7C7C, 0x8B8B, 0x8B8B,
    0x8585, 0x8B85, 0x8B85, 0x8B8B, 0x8B8B, 0x1D1D, 0x1D1D, 0x971D, 0x1D8B, 0x8B8B, 0x8B8B, 0x9797,
    0x1D1D, 0xB71D, 0x8B1D, 0x8BB7, 0x8B8B, 0x1D97, 0x1D8B, 0x1D8B, 0x8B1D, 0x8BB7, 0x8B1D, 0x8B1D,
    0xB78B, 0x8B8B, 0x1D8B, 0x1D8B, 0x978B, 0x1DB7, 0x8B8B, 0x8B1D, 0x8B8B, 0x8B8B, 0x8B97, 0x8B7C,
    0x8B8B, 0x8C1D, 0xBDBD, 0x858C, 0x1D97, 0x8E8B, 0xBDBD, 0x8B8C, 0x8BB7, 0x8E1D, 0xBDBD, 0x8B8C,
    0x8B97, 0x8E8B, 0xBDBD, 0x8B8C, 0x8B1D, 0x8E1D, 0xBDBD, 0x1F8C, 0x1D8B, 0xBD8B, 0xBDBD, 0x8B8C,
    0x1D1D, 0xBD1D, 0xBDBD, 0x1D8C, 0x8B1F, 0xBD97, 0xBDBD, 0x8B8C, 0x8B8B, 0x8B8B, 0x1D1D, 0x1D1D,
    0x8B85, 0xB78B, 0x1D8B, 0xB78B, 0x8B8B, 0x8BB7, 0x8B1D, 0x1D1D, 0x1D97, 0x1D8B, 0x1D97, 0xB797,
    0x8B8B, 0x1D1D, 0x1D1D, 0x8B1D, 0x8B8B, 0x1D8B, 0x1D1D, 0xB78B, 0x8B1D, 0x8B8B, 0x8B1D, 0x8B1D,
    0x9785, 0x1D8B, 0x7C85, 0x8B8B, 0xB757, 0xB757, 0x5721, 0x5757, 0x57B7, 0x571D, 0x5757, 0x2C4C,
    0xB71D, 0x1D57, 0x1D57, 0x5757, 0xB797, 0x1DB7, 0x57B7, 0x5757, 0x1D1D, 0x1D1D, 0x1D1D, 0xB757,
    0x1D8B, 0x1DB7, 0x1D1D, 0x1D8B, 0x8BB7, 0x8B1D, 0x1D1D, 0x8B1D, 0x1D85, 0x8B8B, 0x8B8B, 0x1D8B,
    0x2C2F, 0x5764, 0x2121, 0x572F, 0x2C57, 0x2C57, 0x212C, 0x2157, 0x572C, 0x2C2C, 0x2C2C, 0x572F,
    0x571D, 0x5757, 0x5757, 0x5757, 0x5757, 0x5757, 0xB757, 0x97B7, 0x1DB7, 0xB7B7, 0x8B8B, 0x8B85,
    0x971D, 0xB71D, 0x858B, 0x978B, 0x9797, 0x8B85, 0x8585, 0x1F85, 0x212F, 0x2C2F, 0x2C2F, 0x2C21,
    0x2157, 0x2C2C, 0x212C, 0x2C57, 0x2C21, 0x5721, 0x5757, 0x5721, 0x574C, 0x57B7, 0x5797, 0x5757,
    0xB71D, 0x8B1D, 0x1D1D, 0x5721, 0x8B7C, 0x8B85, 0xB785, 0x571D, 0x868B, 0x7C7C, 0x7C8B, 0x1D1D,
    0x8585, 0x1F86, 0x7C85, 0x8B1F, 0x2C2F, 0x5721, 0x212F, 0x2C2F, 0x2C57, 0x2C57, 0x2157, 0x5757,
    0x5721, 0x5721, 0x5721, 0x572F, 0x5757, 0x5757, 0x571D, 0x5757, 0x5757, 0x1D57, 0x5757, 0x5757,
    0x5757, 0x1DB7, 0xB78B, 0x57B7, 0x971D, 0x1D1D, 0x8B1D, 0x1D1D, 0x8B8B, 0x1D8B, 0x1D8B, 0x1D8B,
    0x8B1D, 0x8B8B, 0x8B1D, 0x8B1D, 0x8B1F, 0x8B1F, 0x8B1F, 0x8B1F, 0x7C7C, 0x7C8B, 0x1F97, 0x7C8B,
    0x8585, 0x7C85, 0x7C85, 0x1F85, 0x978B, 0x7C8B, 0x1F8B, 0x1F8B, 0x8B7C, 0x8B1F, 0x8B85, 0x7C1F,
    0x7C97, 0x8B8B, 0x8597, 0x858B, 0x9785, 0x8585, 0x8570, 0x8586, 0x978B, 0x8BB7, 0x8B8B, 0x8B1D,
    0x8B7C, 0x8B8B, 0x8B7C, 0x9797, 0x8597, 0x8B8B, 0x858B, 0x8BB7, 0x8B85, 0x8B8B, 0x8B97, 0x8B8B,
    0x8B8B, 0x7C8B, 0x8B8B, 0x8B8B, 0x8B85, 0x9785, 0x8B85, 0xB797, 0x858B, 0x7C97, 0x978B, 0x8BB7,
    0x8586, 0x8B1F, 0x8BA6, 0x8B8B, 0x8B1D, 0x8B1D, 0x1D1D, 0xB71D, 0x1D97, 0x1D97, 0x1D8B, 0xB78B,
    0x1D1D, 0xB71D, 0x8B1D, 0x971D, 0x1D1F, 0x1D8B, 0x1D4C, 0x1D97, 0x1D1D, 0x8B1D, 0x8B1D, 0xB71D,
    0x1D8B, 0x8B97, 0xB797, 0x8B97, 0x8B1D, 0x8B8B, 0x978B, 0x8B1D, 0x8B97, 0x8B1F, 0x8B97, 0x8B97,
    0xB71D, 0xB757, 0x5757, 0x2C2C, 0x1D8B, 0x574C, 0x2C57, 0x2C4C, 0xB71D, 0x572C, 0x5757, 0x4C2C,
    0x1D4C, 0x574C, 0x574C, 0x5757, 0x571D, 0x5757, 0x5721, 0x572C, 0x57B7, 0x5757, 0x2C57, 0x5757,
    0xB71D, 0x571D, 0x5757, 0x572C, 0xB797, 0x574C, 0x5757, 0x5757, 0x2C2C, 0x2C2C, 0x2C64, 0x2C64,
    0x2C2C, 0x2157, 0x2C2C, 0x2C2C, 0x572C, 0x572C, 0x2C2C, 0x2C2C, 0x574C, 0x574C, 0x574C, 0x2C2C,
    0x5721, 0x572C, 0x572C, 0x2C21, 0x5757, 0x2C57, 0x2C57, 0x2C57, 0x5757, 0x5757, 0x2C21, 0x5721,
    0x574C, 0x574C, 0x574C, 0x5757, 0x2C21, 0x8C2C, 0x2C8E, 0x2C21, 0x2C2C, 0x8E2C, 0x2C2C, 0x2C2C,
    0x2C2C, 0x8E8E, 0x2C2C, 0x5721, 0x2C2C, 0x2CBD, 0x2C57, 0x5757, 0x8E2F, 0x57BD, 0x572C, 0x5757,
    0xBD2C, 0xB78E, 0x5757, 0x574C, 0xC18C, 0xB78C, 0xB757, 0xB757, 0xC18E, 0x578C, 0xB74C, 0x57B7,
    0x5764, 0x572C, 0x5757, 0xB757, 0x5757, 0x574C, 0xB74C, 0x1D4C, 0x572C, 0x5757, 0xB757, 0x1D57,
    0x2C4C, 0x5757, 0x5757, 0x1D4C, 0x5721, 0x1D57, 0x5757, 0x1D57, 0xB74C, 0x574C, 0xB74C, 0x574C,
    0xB757, 0x1D57, 0x5757, 0xB757, 0xB74C, 0xB74C, 0xB74C, 0xB74C, 0x8C1D, 0xBDBD, 0xBDBD, 0xBD8C,
    0x1DB7, 0xBD8E, 0xBDBD, 0xBD97, 0x1D1D, 0xBD8C, 0xBDBD, 0xBD8B, 0xB797, 0xBD97, 0x8EC1, 0x8C8C,
    0x8B1D, 0xBD8B, 0xBDC1, 0x858C, 0x8B8B, 0xBD97, 0x8EC1, 0x857C, 0x971D, 0xC18C, 0x7CBD, 0x8597,
    0x974C, 0xBDBD, 0x8B97, 0xBD8C, 0x8CBD, 0x7C97, 0x8597, 0x8685, 0x858E, 0x8585, 0x8586, 0x85BE,
    0x858B, 0x8597, 0x8585, 0x8685, 0x8585, 0x8585, 0x85BE, 0xBE70, 0x8685, 0x8685, 0x8585, 0xBE85,
    0x8586, 0x85C0, 0x8570, 0x8670, 0x8E8C, 0x858E, 0x8585, 0xBE8C, 0xC1C1, 0x85BD, 0x8E85, 0x70BD,
    0xBE86, 0xB886, 0xBBB8, 0x8EB9, 0x4FBE, 0xB84F, 0xBBBB, 0xBDBD, 0x4F86, 0xBBB8, 0x8EBB, 0xBDBD,
    0xBF4F, 0xBB41, 0x8C68, 0xC1BD, 0x4186, 0x41BB, 0x69BC, 0xC18E, 0x4F4F, 0xBCBC, 0xBB8C, 0xBD69,
    0x4EBE, 0x8EBF, 0x69BD, 0x8EBB, 0x4E4E, 0xC18E, 0xBCBD, 0xBB69, 0xB9B8, 0xB9B8, 0xBBB9, 0xBA68,
    0xB98E, 0x6969, 0x5368, 0x6868, 0x8EBD, 0x68BB, 0x6868, 0x6853, 0xBDC1, 0x688C, 0x6868, 0x6868,
    0xC1C1, 0x688E, 0x6868, 0x6869, 0xC1C1, 0x68BD, 0x6968, 0x8E69, 0xC1C1, 0x68BD, 0x6969, 0xC18C,
    0xC1BD, 0x68BD, 0x68BA, 0xC18E, 0x6969, 0x53B9, 0x69B9, 0x6868, 0x5369, 0x5368, 0x6969, 0x6968,
    0x6969, 0x6953, 0x6969, 0x6853, 0x6954, 0x6968, 0x5369, 0x5369, 0x8C8E, 0x69BB, 0x69B9, 0x6969,
    0x8EC1, 0x6969, 0x6969, 0xBD68, 0xBDC1, 0x6869, 0x6969, 0xC1BD, 0xC1C1, 0x698C, 0x8C54, 0xC1C1,
    0x5469, 0xBABA, 0xBA68, 0xBABA, 0x6868, 0xBABA, 0x54BA, 0x54BA, 0x6969, 0xBA69, 0xBABA, 0xBA54,
    0x6968, 0x6869, 0xBA95, 0xBA95, 0x698C, 0x6869, 0xBA68, 0xBABA, 0x69BD, 0x6968, 0x54BA, 0xBAB2,
    0x8CC1, 0x6869, 0x54BA, 0xBA54, 0x69BD, 0x6968, 0x68BA, 0xBABA, 0x5468, 0x6868, 0x6853, 0x6868,
    0x54BA, 0x68BA, 0x68BA, 0x6868, 0xBA68, 0x5468, 0xBA68, 0x6868, 0xBAB2, 0xBABA, 0x68BA, 0x68BA,
    0xBA54, 0xBA8C, 0x68BA, 0xBA68, 0x8EBA, 0x8CC1, 0x68BA, 0x69BA, 0xC18E, 0x8EC1, 0xBA54, 0x8C68,
    0xC1BD, 0x8EC1, 0xBA68, 0xC18E, 0x6953, 0xBBB9, 0xB9B9, 0xB9B9, 0xB94F, 0xB8BB, 0xB8BB, 0xB8BB,
    0xB8B9, 0x4FB8, 0xB8B8, 0xB8B8, 0xB869, 0xB8B8, 0xB8BB, 0xB8BB, 0xBB68, 0xB885, 0xB8B8, 0xBBB8,
    0xBD8C, 0xBDBD, 0x8EBD, 0x8E8E, 0xC1C1, 0xC1C1, 0xC1C1, 0xC1C1, 0xC1C1, 0xBDBD, 0xBDBD, 0xC1C1,
    0xB8B8, 0x69B8, 0xBBB9, 0xBBBB, 0xB8BB, 0xBBBB, 0xB8BF, 0xBFBB, 0xBFB8, 0xB886, 0x4FB8, 0x4FB8,
    0xBEBB, 0x4FBB, 0x4F4F, 0xBE4F, 0x4FB8, 0xBFBE, 0x41BE, 0x4EBE, 0x8C8E, 0x4FBF, 0xBE4E, 0xBE4F,
    0x8EC1, 0xBE4F, 0x4FBE, 0xBE70, 0xBE8C, 0x85BE, 0x704B, 0xBEBE, 0xBD8C, 0xBDBD, 0xBD8C, 0xBDBD,
    0xBDBF, 0xBDBD, 0xBD8C, 0x8EBD, 0xBDB8, 0xBDBD, 0xBD8C, 0xBEBD, 0xBDBF, 0xBDC1, 0xC18C, 0x4F8C,
    0xBDBE, 0x8EC1, 0x8E8C, 0xBFBE, 0xBD4F, 0x8CC1, 0x4E4E, 0x8C8C, 0xC18C, 0x8EBD, 0xC1BD, 0xC1C1,
    0xC1BD, 0xC1C1, 0xC1C1, 0xC1C1, 0x69B9, 0x6953, 0x6953, 0xBD8C, 0xBBBB, 0x6968, 0x6968, 0xBD8C,
    0x69B8, 0x6969, 0x6869, 0xBD8E, 0x4FBB, 0xBB69, 0x6969, 0xC1BD, 0x4FB8, 0xBBBF, 0x69BB, 0xBDBD,
    0x4EBF, 0xBBBF, 0x8EBC, 0x8E8E, 0x8EC1, 0x41BE, 0x8CBB, 0x8EBC, 0xC1C1, 0x4FBD, 0x41BF, 0x8E54,
    0xBDBD, 0x698C, 0xB9B9, 0x69B9, 0xBDBD, 0x698C, 0x6969, 0xBB69, 0xBDBD, 0x688C, 0x6869, 0x6968,
    0xBDC1, 0x688C, 0x68BA, 0x68BA, 0xC1C1, 0x698C, 0x69BC, 0x6869, 0xC1C1, 0x698C, 0xBCBC, 0xBC69,
    0xC1C1, 0xBC8C, 0x41BF, 0x8CBB, 0xC1C1, 0xBF8C, 0x4FBF, 0x8E8E, 0xBBB9, 0x4FBB, 0x4FB8, 0x4FB8,
    0xBB69, 0xB8BB, 0xBEBE, 0xBEBF, 0xBC69, 0x4FB8, 0x4FBE, 0x4FBE, 0xBB68, 0x4FBB, 0xBE4E, 0xBE4E,
    0xBBBC, 0x4FB8, 0xBEB8, 0x4F86, 0xBEBC, 0xBE4E, 0x8EBE, 0x8C8E, 0x4BBE, 0x8C70, 0xC1BD, 0xC1C1,
    0x4FBF, 0xC18E, 0xC1C1, 0xC1C1, 0xBE86, 0xBE86, 0x8686, 0x8586, 0x864F, 0x86BE, 0x704F, 0x85BE,
    0xBE86, 0xBE86, 0xBEBE, 0xBE85, 0x4F4F, 0xBEBF, 0xBEBF, 0x85BE, 0x4F86, 0x4F4F, 0xBEBE, 0x8685,
    0x4F4F, 0xBEBF, 0x864F, 0xC086, 0x8CBD, 0xBEBE, 0x70BE, 0xBEC0, 0xC1C1, 0xBE8E, 0x4FBF, 0x70BE,
    0x8585, 0x8585, 0x8597, 0x8585, 0x8586, 0x8586, 0x8585, 0x9785, 0x8586, 0x858B, 0x8585, 0x8585,
    0x70BE, 0x8586, 0x85B8, 0x8586, 0x8685, 0x7085, 0x7085, 0x8585, 0x86BE, 0xBEBE, 0x86BE, 0x8E8C,
    0xC070, 0xBE85, 0x8E86, 0xC1C1, 0x8C8E, 0x70BE, 0xC1BD, 0xC1C1, 0x8597, 0x858B, 0x7C8B, 0x8B8B,
    0x8585, 0x85BE, 0x8585, 0x8B85, 0x8685, 0x8585, 0x8585, 0x8585, 0x85BE, 0x8585, 0x8586, 0x8586,
    0x8685, 0x8685, 0x8585, 0x8685, 0x8C8E, 0x85BE, 0x8586, 0x85BE, 0xC1C1, 0x8CBD, 0x86BE, 0x8685,
    0xC1C1, 0xBDC1, 0xBE8C, 0x70BE, 0x8B8B, 0x7C1D, 0x8B8B, 0x8B8B, 0x8B85, 0x978B, 0x7CB8, 0x977C,
    0x8B8B, 0x85B7, 0x8585, 0x8597, 0x85BE, 0x85C0, 0x9786, 0x1F85, 0x867C, 0xBE85, 0x7C7C, 0x8597,
    0x85B8, 0x86BE, 0x85BE, 0x8E85, 0x70C0, 0x4F86, 0xBE70, 0xC18E, 0x86BE, 0xBEC2, 0xBD4F, 0xC1C1,
    0x8B8B, 0xBD1D, 0xBDBD, 0x7C8C, 0x8B97, 0xBD97, 0xBDBD, 0x978C, 0x8B8B, 0xBD8B, 0xBDBD, 0x858C,
    0x7C85, 0xBD85, 0xC1C1, 0x858C, 0x851F, 0xBD85, 0xC1C1, 0x708C, 0x858E, 0xBD70, 0xC1C1, 0x708C,
    0x8EC1, 0x8EBE, 0xC1C1, 0x4F8E, 0xC1C1, 0x8E8E, 0xC1C1, 0xBE8E, 0x978B, 0x8B8B, 0x858B, 0x1F8B,
    0x8B85, 0x8B85, 0xC085, 0x8570, 0x7085, 0x7085, 0x4F4F, 0xBEBE, 0x4FBE, 0x70BE, 0x704E, 0x4F4F,
    0x4FC0, 0x4F4F, 0xBEBE, 0xBFB8, 0x70BE, 0x4EBF, 0xBEBF, 0x4F4F, 0x4E4F, 0xBF4E, 0x4F4F, 0x4EBE,
    0xBFBF, 0xBFC3, 0xBF41, 0xBFBB, 0x8585, 0x8B85, 0x8B1D, 0x1F8B, 0x70BE, 0x7CBE, 0x9785, 0x858B,
    0xBE86, 0x70C0, 0x8585, 0x858B, 0x4F4F, 0x704E, 0xBE4E, 0x8585, 0x4FB8, 0xBEBE, 0xBFBE, 0x70BE,
    0xBE4E, 0xBE4F, 0x4FBF, 0x70BF, 0x4F70, 0xBFB8, 0xBFBF, 0xBE4F, 0x4FBF, 0xBFBB, 0xBFBB, 0x4FBB,
    0x851F, 0x8585, 0x8597, 0x8585, 0x8586, 0x8585, 0x9785, 0x8570, 0x85C0, 0x8685, 0x8585, 0x8685,
    0x85BE, 0x8586, 0x85BE, 0x8686, 0xBE70, 0x86C0, 0x8685, 0x7086, 0x70BE, 0x70BE, 0x85BE, 0x7070,
    0x7070, 0x7085, 0x701F, 0x7085, 0x4F4E, 0x704E, 0x70BE, 0x85BE, 0x858B, 0x857C, 0x858B, 0x8B8B,
    0x9785, 0x8585, 0x8585, 0x8B85, 0x8585, 0xC085, 0x8585, 0x858B, 0x85BE, 0x8585, 0x85B8, 0x86BE,
    0x70C0, 0x8585, 0x857C, 0xB886, 0x704F, 0xC0BE, 0x85C0, 0xB8BE, 0x7070, 0x86C0, 0xBE85, 0xB8B8,
    0xBEBE, 0x86BB, 0x4FBE, 0xB8BB, 0x8B1D, 0x8B8B, 0x8B1D, 0x8B1D, 0x978B, 0x8585, 0x8B85, 0x8B85,
    0x8585, 0xB885, 0x857C, 0xB87C, 0x86B8, 0x85B8, 0x86B8, 0x85B8, 0xB8B8, 0xB885, 0xB87C, 0xB885,
    0xB8B8, 0xB8BB, 0x85B8, 0x85BE, 0xBBB8, 0xB8B8, 0xB8B8, 0xB886, 0xBBBB, 0xB8BB, 0xB8BB, 0x86BB,
    0x978B, 0x858B, 0x1F97, 0x857C, 0x1D8B, 0x7C1F, 0x971F, 0x8585, 0x8B1D, 0x8B8B, 0xC08B, 0x8585,
    0x4C4C, 0xB797, 0x974C, 0x8585, 0xB71D, 0xB7B7, 0x1D57, 0x971D, 0x5797, 0x574C, 0x571D, 0xB74C,
    0x5757, 0x572C, 0x5757, 0x1D57, 0x2C57, 0x5757, 0x574C, 0x5757, 0x857C, 0x8B8B, 0x8B1D, 0x978B,
    0x9785, 0x1F85, 0x8B8B, 0x8B1F, 0x851F, 0x1F8B, 0x978B, 0x8B8B, 0x9785, 0x8B85, 0x8B1F, 0x8B7C,
    0x978B, 0x7C8B, 0x1F8B, 0x858B, 0x8B97, 0x971F, 0x9785, 0x8585, 0x1F1D, 0x1F7C, 0x7C1F, 0x8597,
    0x974D, 0x1F1F, 0x9785, 0x9797, 0x8B1D, 0x858B, 0x8B1D, 0x8597, 0x8B1F, 0x9785, 0x1F97, 0x9785,
    0x8B8B, 0x7C8B, 0x971F, 0x978B, 0x8B7C, 0x9785, 0x8B85, 0x9785, 0x8597, 0x7C97, 0x978B, 0x1F8B,
    0x8585, 0x8B85, 0x971F, 0x971F, 0x851F, 0x4D97, 0x9797, 0x978B, 0x8585, 0x97C0, 0x4DC0, 0x9797,
    0x1D97, 0x5757, 0x5721, 0x5757, 0xB785, 0x574C, 0x5757, 0x574C, 0x8B8B, 0xB71D, 0xB757, 0xB757,
    0x9785, 0x1D97, 0xB797, 0xB797, 0x4D97, 0x8B97, 0x1D1D, 0x4CB7, 0x9785, 0x9785, 0x8B97, 0x1D97,
    0x1F97, 0x978B, 0x978B, 0xB71D, 0x7CC0, 0x971F, 0x9785, 0x1D97, 0xB721, 0x5757, 0x5757, 0x5757,
    0x57B7, 0xB74C, 0x574C, 0x574C, 0xB757, 0x5757, 0xB757, 0x1D57, 0xB74C, 0x571D, 0xB74C, 0x57B7,
    0x8B1D, 0x97B7, 0x4C1D, 0x8B1D, 0xB74C, 0x1D97, 0x1D97, 0x8B97, 0x8BB7, 0x8B1D, 0x978B, 0x8B8B,
    0x9797, 0x971F, 0x9785, 0x971F, 0xC1BD, 0xB78C, 0x5757, 0x4C57, 0xC1BD, 0xB78C, 0x57B7, 0x1D4C,
    0xC1C1, 0xB78C, 0xB7B7, 0xB71D, 0xC1C1, 0xB78E, 0x1D4C, 0x1D4C, 0xC1C1, 0xB7BD, 0x1D57, 0x8B1D,
    0xC1BD, 0xB7C1, 0xB71D, 0x1D97, 0xC18E, 0x8EC1, 0x8597, 0x8B8B, 0xC18C, 0xC1C1, 0x1FC0, 0x8BC0,
    0x1D57, 0xB757, 0xB757, 0x1D57, 0x57B7, 0xB74C, 0xB7B7, 0x1D4C, 0xB7B7, 0xB757, 0x1D1D, 0xB757,
    0x1D97, 0xB7B7, 0x1D97, 0xBDB7, 0xB71D, 0xB71D, 0x8B1D, 0xC1BD, 0x4C8B, 0xB78B, 0xB71D, 0x8B97,
    0x97B7, 0x8B1D, 0x8B1D, 0x8B1D, 0x971F, 0x8B8B, 0x8B8B, 0x8B97, 0x8C1D, 0x8C8E, 0xBD8E, 0xC1C1,
    0x8C8B, 0xC18E, 0xC1C1, 0x8CBD, 0xC18E, 0xC1C1, 0x8C8E, 0x8B1D, 0xC1C1, 0x8CBD, 0x8B97, 0x1D8B,
    0x8CBD, 0x8B8B, 0x978B, 0x97B7, 0x8B8B, 0x9785, 0x8B7C, 0x8C97, 0x978B, 0x9797, 0x1F97, 0xBD97,
    0x97A6, 0x8B97, 0x8B97, 0xC18C, 0xC1C1, 0x85BD, 0xC18E, 0x4FC1, 0xC1BD, 0x8BBD, 0xC1BD, 0x8CC1,
    0xC18E, 0x8BBD, 0xC18E, 0x8CC1, 0xC1BD, 0x8BBD, 0xC18E, 0xBDC1, 0xC1BD, 0x8BBD, 0xC18E, 0xC1C1,
    0xC1C1, 0x8BBD, 0xC18E, 0xC1C1, 0xC1C1, 0x8BBD, 0xC18E, 0xBDC1, 0xC1C1, 0x1F8E, 0xC1BD, 0x8EC1,
    0x8C86, 0xC1C1, 0xBBBD, 0x68BB, 0xBD70, 0xC1C1, 0x4FC1, 0xBA69, 0x8CBD, 0xC1BD, 0x8CC1, 0x54BB,
    0xBEBD, 0xC18E, 0xBDC1, 0x8C54, 0xBE8C, 0xC18C, 0xC1C1, 0x8EBC, 0x4FBE, 0xC14E, 0xC1C1, 0x8EBD,
    0x7086, 0xBD4E, 0xC1C1, 0x54BD, 0x8670, 0x8C4F, 0x8EC1, 0xBC41, 0xC1BD, 0xBA8E, 0x6868, 0xC1BD,
    0xC1BD, 0xBA8C, 0x68BA, 0xC1C1, 0xBDC1, 0xBA68, 0x8E68, 0xBDC1, 0x8CC1, 0x68BA, 0xC1BA, 0x68BD,
    0xBA8E, 0xBA54, 0xC18C, 0x548C, 0x54BA, 0x54BA, 0xBDBD, 0x5454, 0xBA54, 0x8CBA, 0x8CC1, 0x5468,
    0xBABA, 0xBDBA, 0xBAC1, 0xBABA, 0xC1C1, 0x688E, 0x8C69, 0xC1C1, 0xC1C1, 0x68BD, 0x8C54, 0xC1C1,
    0xC1C1, 0x8CC1, 0x5469, 0xC1C1, 0xC1C1, 0x8EC1, 0x54BA, 0xC1BD, 0xC1BD, 0xBDC1, 0x5468, 0xC1BD,
    0xC18E, 0xC1C1, 0x548C, 0xC18E, 0xC18C, 0xC1C1, 0xBA8E, 0xC169, 0xBDBA, 0xC1C1, 0xBAC1, 0xBD54,
    0x69BD, 0x6869, 0x6869, 0xBABA, 0x69BD, 0x6954, 0x6968, 0x6854, 0x8CC1, 0x6969, 0x6869, 0x69BC,
    0x8EC1, 0x6854, 0x6954, 0x6954, 0xBDC1, 0x5468, 0x5468, 0xBCBC, 0xC1C1, 0x6854, 0x6954, 0xBC69,
    0xC1C1, 0x548E, 0xBC69, 0x8CBF, 0xC1C1, 0x54C1, 0xBB54, 0x8CBC, 0xC1BD, 0xBDC1, 0x8C69, 0xC1C1,
    0xC1BD, 0xC1C1, 0x8C69, 0xC1C1, 0xC1BD, 0xC1C1, 0xBC8E, 0xBD8C, 0xC1BD, 0xC1C1, 0xBBBD, 0xBFBC,
    0xC1BD, 0xC1C1, 0x8EC1, 0x4FB8, 0xC1C1, 0xC1C1, 0xC1C1, 0xBF8C, 0xC1C1, 0xC1BD, 0xBDC1, 0x8CBB,
    0xBDC1, 0xC1BB, 0x41C1, 0xC18C, 0xC1C1, 0x8CBD, 0x4EBE, 0x8C8C, 0xC1C1, 0xC1C1, 0xBE8E, 0xBE4E,
    0xC1C1, 0xC1C1, 0x8EC1, 0x4EBE, 0xC18E, 0xC1C1, 0x4EBD, 0xBE4E, 0x8E4F, 0x8EC1, 0x4B4F, 0x4E70,
    0xBD8C, 0x4E8E, 0x4E4E, 0x6F6F, 0x8CBD, 0x4E4F, 0xBA6F, 0x7B7B, 0xBF8C, 0x4E4E, 0xBAB2, 0xC18C,
    0x7070, 0x7070, 0x7070, 0x8C70, 0x7070, 0x70BE, 0x704E, 0xBDBE, 0x7070, 0xBE70, 0x4FBE, 0x8CBE,
    0x70BE, 0xBE4E, 0x4EBE, 0x704E, 0x4B4E, 0xBE70, 0xBEC0, 0x4B70, 0x8C7B, 0xBE4B, 0x704E, 0x704B,
    0xC1BD, 0x8EC1, 0x4BBE, 0x701F, 0xC1C1, 0xC1C1, 0x708E, 0x7070, 0xC1C1, 0x8EBD, 0x8E8E, 0xC1BD,
    0x8C8E, 0x704E, 0x8C8C, 0x8C42, 0xBE70, 0x8C70, 0xC1C1, 0x8CBD, 0x704B, 0xC18C, 0xC1C1, 0xC1C1,
    0x8C70, 0xBDC1, 0xC1C1, 0xC1C1, 0xBD4E, 0x4EC1, 0xC18E, 0xC1C1, 0xC18E, 0xBEBD, 0x8C70, 0x8C8E,
    0xC1C1, 0x4E8E, 0x4E4E, 0x4E4E, 0xC1C1, 0xBDC1, 0xBF4E, 0x8EC3, 0xC1BD, 0xC1C1, 0xBE8C, 0x8EBF,
    0xC14E, 0xC1C1, 0xBFBD, 0x8E4F, 0x8E8E, 0xC1C1, 0x8CC1, 0x8E4E, 0x4EBD, 0xC1C1, 0x8CC1, 0x8EBF,
    0x4EBF, 0xC1BD, 0x8CC1, 0x8EBF, 0x4E4F, 0xC1BD, 0x8CC1, 0xBD70, 0x704E, 0xC1BD, 0x4EC1, 0xBD4E,
    0xC1C1, 0x438C, 0x8CBF, 0x8CC1, 0xC1C1, 0xBF8C, 0xC1BF, 0xBCBD, 0xC1C1, 0xBF8C, 0xC18E, 0x41BD,
    0xC1C1, 0x4F8C, 0xC1BD, 0xBF8E, 0xC1C1, 0x438C, 0xC1C1, 0x418E, 0xC1C1, 0x8C8C, 0xC1C1, 0x418E,
    0xC1C1, 0x8C8C, 0xC1C1, 0x4EBD, 0xC1C1, 0x8CBF, 0xC1C1, 0xBEC1, 0x8E4E, 0x8EC1, 0x8E8C, 0xC1BD,
    0xC18C, 0x4EBD, 0xBE4E, 0x8E4E, 0xC1BD, 0x4EBD, 0xBF4F, 0xC34F, 0xC1C1, 0xBEBD, 0xBFBF, 0xBFBF,
    0xC1C1, 0x4EC1, 0xC3BF, 0x414E, 0xC1C1, 0x8EC1, 0xBF6F, 0x4143, 0xC1C1, 0xC1C1, 0xBF8C, 0x4E4E,
    0xC1BD, 0xC1C1, 0x8EC1, 0x704F, 0xC1C1, 0x8CC1, 0x4F86, 0x8E70, 0xC1C1, 0x8EC1, 0x70BF, 0xC18C,
    0xC1BD, 0xBDC1, 0x4F4F, 0xC1BD, 0xC18C, 0xC1C1, 0x4F4E, 0xC1C1, 0xBDBF, 0xC1C1, 0x8E8C, 0xC1C1,
    0x8E41, 0xC1C1, 0x8E8C, 0xC1C1, 0x8C4F, 0xC1C1, 0xBD4E, 0xC1C1, 0x8C4E, 0xC1C1, 0xBD41, 0xC1C1,
    0x86BD, 0xBD86, 0x8CBD, 0x8E8C, 0xBE8E, 0xC18E, 0x708E, 0xBE4E, 0x4F8E, 0xC1C1, 0x708C, 0x4F86,
    0x8C8C, 0xC1C1, 0x868E, 0x8670, 0x8E8C, 0xC1C1, 0xBE8E, 0x7070, 0x8E8C, 0xC1C1, 0xBEC1, 0x86BE,
    0x8C8E, 0xC1C1, 0xBDC1, 0x8686, 0x4EBD, 0xC1C1, 0xC1C1, 0x8CBD, 0xC1BD, 0xC1C1, 0xBEBD, 0x86C0,
    0xBDBE, 0xC1C1, 0x8CC1, 0x8670, 0xBE86, 0xC1BD, 0x8EC1, 0x7085, 0x704F, 0xC18E, 0xBDC1, 0xBEBE,
    0x7086, 0xC186, 0xBDC1, 0x4F86, 0x7070, 0xBD4F, 0xBDC1, 0x4F4F, 0x4FBE, 0x8E86, 0xBDC1, 0xBD4E,
    0xBE4E, 0x8E4E, 0x8EC1, 0xC143, 0x8685, 0x4FBE, 0x8E8E, 0xC1BD, 0x86BE, 0x8EBF, 0x4E8E, 0xBD4E,
    0x4EBE, 0x8E8E, 0x434B, 0x8C4E, 0x8EBF, 0x4EC1, 0x4E42, 0xC3BF, 0xC18C, 0xBF8E, 0x4E4E, 0x6FBF,
    0xC1C1, 0xBF8C, 0xBF42, 0x8EBD, 0xC1C1, 0xBF4E, 0x8EBF, 0xC1C1, 0xBDC1, 0xC342, 0xC18E, 0xC1C1,
    0xC1C1, 0xBDC1, 0xC1C1, 0x4EBD, 0xC1C1, 0xC1C1, 0xC1C1, 0xBFBD, 0xC1C1, 0xC1C1, 0xC1C1, 0xBFBD,
    0xC18C, 0xC1C1, 0xC1C1, 0xBFC1, 0xBD4E, 0xC1C1, 0xC1C1, 0x8CC1, 0x4F6F, 0xC1C1, 0xC1C1, 0x8CC1,
    0xBC8C, 0xC18C, 0xC1C1, 0x8EC1, 0x69C1, 0xBD54, 0xC1C1, 0x8EC1, 0xBFBE, 0xBFBF, 0xBFB8, 0xBBB8,
    0xBEBF, 0xBFBB, 0xB8BB, 0xBBBB, 0xBBBF, 0x4FBF, 0xBBB8, 0xBFBF, 0xBBBC, 0xBF41, 0xBFBC, 0xBFBB,
    0x414F, 0x41BF, 0xBF4F, 0x414F, 0xBFBF, 0xBBBC, 0xBFBB, 0xBFBB, 0x414F, 0xBB4F, 0xBBBF, 0xBFBF,
    0x4169, 0xBF41, 0xBFBC, 0x4FBB, 0x4FB8, 0xBFBF, 0xBBB8, 0xBFB8, 0x4FBC, 0xBBBB, 0xBFBC, 0xBFBB,
    0xBBBF, 0xBFBF, 0xBCBF, 0xBB4F, 0xBB41, 0xBF41, 0xBBBB, 0xBCBC, 0xBB4F, 0x41BB, 0xBB4F, 0x69BB,
    0xBB41, 0xBBBC, 0x4F41, 0xBC69, 0xBBBF, 0xBBBF, 0x41BB, 0xBCBB, 0xBB41, 0xBFBC, 0xBFBC, 0xBCBC,
    0xBEBE, 0xBEBE, 0x70C0, 0xBF70, 0x4EBF, 0x704E, 0x704E, 0xBBBB, 0x41BF, 0x4EBF, 0x7070, 0xBB4F,
    0x4FBC, 0x4BBF, 0x4F4B, 0xBF41, 0xBFBC, 0xBF4F, 0x4B70, 0xBC4F, 0xBF69, 0x41BC, 0x4B4E, 0xBCBF,
    0xBCBB, 0xBBBF, 0x4EBF, 0xBCBE, 0xBC69, 0x41BC, 0x41BC, 0x4341, 0xBBB8, 0xBBBB, 0x4FB8, 0xB9B8,
    0xBBBB, 0xBBBC, 0xBBBB, 0xBBBB, 0xBCBF, 0xBCBB, 0x41BC, 0xBBBF, 0x6941, 0xBB69, 0xBC69, 0xBB69,
    0xBCBB, 0x41BC, 0xBBBB, 0xBCBB, 0xBB54, 0xBCBC, 0xBBBC, 0xBF4E, 0x69BC, 0xBC41, 0x41BC, 0x4E70,
    0x6954, 0xBC54, 0x4E6F, 0x4E4E, 0xB9B8, 0xB8B8, 0xB886, 0xBEB8, 0xB8BB, 0xBBBB, 0xB8B8, 0xB8B8,
    0xBBBB, 0xBBBB, 0xBFB8, 0x4FB8, 0xBBBB, 0xBBBB, 0x4FBB, 0xBEBF, 0xBBB8, 0xBBBF, 0x4F4F, 0x4FBE,
    0xBFBC, 0xBFBF, 0x4E41, 0x704E, 0xBF4F, 0x4E4E, 0xBF4E, 0x4FBE, 0xBE4E, 0x4E4E, 0x70BF, 0xBE4E,
    0x2C2C, 0x4C2C, 0x572C, 0x5757, 0x5757, 0x574C, 0x574C, 0x574C, 0x572C, 0x5757, 0xB757, 0x5721,
    0x574C, 0x574C, 0x574C, 0x571D, 0x5757, 0xB721, 0x5721, 0x5757, 0x5757, 0x571D, 0x57B7, 0xB74C,
    0xB757, 0x5757, 0x1D57, 0xB757, 0x1D4C, 0x571D, 0xB74C, 0x1D4C, 0x8BB7, 0x858B, 0x4D97, 0xC097,
    0x1D4C, 0x1F97, 0x97C0, 0x971F, 0x4C57, 0x971D, 0x1F97, 0x9797, 0x4C4C, 0xB797, 0x1F1F, 0x1F70,
    0x8B57, 0x8B1D, 0x978B, 0xC097, 0x1D4C, 0x8B97, 0x1F1F, 0x85C0, 0x8B1D, 0x971D, 0x1F8B, 0xC097,
    0x1D4C, 0x8B97, 0x8B97, 0xC085, 0xC01F, 0xC097, 0x1F97, 0x851F, 0x9785, 0x1F85, 0x85C0, 0xC0C0,
    0x1F97, 0xC097, 0xC01F, 0xC01F, 0x4DC0, 0x4DC0, 0x1F70, 0x4DC0, 0x4D1F, 0xC04D, 0x4D97, 0xC04D,
    0xC0C0, 0xC0C0, 0x4DC0, 0xC0C0, 0x704D, 0xC0C0, 0x7097, 0xC01F, 0xC070, 0xC0BE, 0x7070, 0xC070,
    0x1F97, 0x4D97, 0x1F97, 0x1F97, 0xC070, 0x97C0, 0x1FC0, 0x85C0, 0x701F, 0x4D4D, 0x8597, 0xC097,
    0xC0C0, 0xC070, 0x85C0, 0x85C0, 0xC01F, 0xC01F, 0xC01F, 0x851F, 0xC070, 0x4D70, 0xC0C0, 0xC04B,
    0x7070, 0xC04D, 0x4B4D, 0xBEC0, 0x7070, 0x4D70, 0x4B70, 0x704B, 0xC01F, 0x8597, 0x851F, 0x9797,
    0xC085, 0x1F70, 0x1FC0, 0x1FC0, 0xC01F, 0xC0C0, 0xC01F, 0x8585, 0xC0BE, 0x85C0, 0x85C0, 0x85C0,
    0x701F, 0x7085, 0xC085, 0x701F, 0xC070, 0xC070, 0xC0BE, 0xC070, 0xC070, 0x70C0, 0x70C0, 0x70C0,
    0x704E, 0x7070, 0x70C2, 0xBE4E, 0xC18B, 0xC1C1, 0x978E, 0x851F, 0x8E85, 0xC1C1, 0x8EC1, 0xC0C0,
    0x8597, 0xC1C1, 0xC1C1, 0x8CBD, 0x8570, 0xC18C, 0xC1C1, 0xC1C1, 0x851F, 0x8E1F, 0xC1C1, 0xC1C1,
    0x1F70, 0x4DC0, 0xC18C, 0xC1C1, 0xC085, 0x4D4D, 0x70C0, 0xBD8E, 0xBE4E, 0x4D70, 0x7070, 0x8570,
    0x1F8B, 0x1F8B, 0x978B, 0x8B8B, 0x9785, 0x1F85, 0x8B1F, 0x9785, 0x851F, 0x9797, 0x851F, 0x8597,
    0x8C8E, 0x85C0, 0x8570, 0x9770, 0xC1C1, 0xBDC1, 0x8EBD, 0xBD8E, 0xC1C1, 0xC1C1, 0xC1C1, 0xC1C1,
    0xC1C1, 0xC1C1, 0xBDC1, 0x8C8E, 0x8C8C, 0x8C8C, 0x704F, 0x7070, 0x7C1D, 0x8B1F, 0x8B8B, 0xC1BD,
    0x1F1F, 0x7C85, 0xBD7C, 0x8E8E, 0x1F97, 0x8C8B, 0xBDC1, 0xBD97, 0x8C85, 0xC18E, 0x97BD, 0xC17C,
    0xC1C1, 0x8EC1, 0x858B, 0xC18B, 0x8EC1, 0x85C0, 0x8585, 0xC185, 0x851F, 0x701F, 0x8686, 0xC185,
    0xC0BE, 0x7070, 0xBE4F, 0xC170, 0xC1C1, 0x7C8E, 0xC1BD, 0x8EC1, 0xC1C1, 0x978E, 0xC1BD, 0x8EC1,
    0xC1C1, 0x858C, 0xC1BD, 0x8EC1, 0xC1C1, 0x858C, 0xC1BD, 0x8EC1, 0xC1C1, 0x708C, 0xC1BD, 0x8EC1,
    0xC1C1, 0x86BE, 0xC18E, 0xBDC1, 0xC1C1, 0x7085, 0xC18E, 0x8EC1, 0xC1C1, 0x86BE, 0xC18C, 0x70BD,
    0x851F, 0xBF86, 0xBF8C, 0xBDBC, 0x1F70, 0xBE70, 0x4F41, 0xC18E, 0x7085, 0x7085, 0x8CBF, 0xC1C1,
    0x8670, 0x4FBE, 0x4141, 0xC1BD, 0x861F, 0xBF4F, 0x4E4F, 0xC14F, 0x85C0, 0x434F, 0x4F41, 0x8C41,
    0x7086, 0xBF70, 0x4041, 0x6FBF, 0x704F, 0xBF4E, 0x4054, 0x4141, 0xBA8E, 0xC18C, 0xBA8E, 0xBD8E,
    0xBDC1, 0xC1BD, 0x8E8C, 0xC1C1, 0xC1C1, 0xC1C1, 0xC18C, 0xC1C1, 0xC1C1, 0xBDC1, 0x8EBA, 0xC1C1,
    0xC1C1, 0xBDC1, 0xBA54, 0xC18E, 0xC1C1, 0x8CC1, 0xBAB2, 0xBA95, 0xC1BD, 0xBA8C, 0x95BA, 0x95BA,
    0x8C8C, 0x7B95, 0x9595, 0x9595, 0x8E54, 0xC1C1, 0x8EC1, 0x8C54, 0x8CBD, 0xC1C1, 0xC1C1, 0x7BBA,
    0xC1C1, 0xC1C1, 0xC1C1, 0x7B8E, 0xC1C1, 0xC1C1, 0xC1C1, 0x7BBD, 0xC1C1, 0xC1C1, 0xC1C1, 0x8CC1,
    0xC1BD, 0xC1C1, 0xC1C1, 0x8CC1, 0x8C7B, 0xC1BD, 0xC1C1, 0x678C, 0x7B7B, 0x8C7B, 0x8C8E, 0x7B7B,
    0xC1C1, 0xBDC1, 0x41BC, 0xBD4F, 0xC1BD, 0xC1C1, 0x418C, 0xC1BC, 0xC18C, 0xC1C1, 0x40C1, 0xC18E,
    0xC1BA, 0xC1C1, 0x8CC1, 0x8EC1, 0x8E54, 0xC1C1, 0xC1C1, 0x40C1, 0x547B, 0xC1BD, 0xC1C1, 0x548C,
    0x7B54, 0xC18C, 0x8EC1, 0x7B54, 0x7B95, 0xBD7B, 0x7B8E, 0x7B7B, 0x8CC1, 0x8C4F, 0xBF4F, 0xC1C1,
    0xBCBD, 0x41BC, 0xBDBC, 0x8EC1, 0x548C, 0x4141, 0xC18C, 0x8CC1, 0xBC54, 0x6F40, 0xC1BD, 0xC1C1,
    0x4141, 0x40BC, 0xC1C1, 0xC1C1, 0xBC7B, 0xBC6E, 0xC1BD, 0xC1C1, 0x7B7B, 0x6F6F, 0x8C6F, 0xBD8E,
    0x6795, 0x6F54, 0x6F40, 0x7B40, 0x4E4F, 0x5470, 0x54BA, 0xBD8C, 0x704E, 0xBA4E, 0x54BA, 0x9595,
    0x4EBE, 0x7E7B, 0xBA7B, 0x40BA, 0x408E, 0xBAB2, 0x95BA, 0x4B95, 0xC1C1, 0x8EBD, 0x8C8C, 0x8C8C,
    0xC1C1, 0xC1C1, 0xC1C1, 0xC1C1, 0xC1C1, 0xC1C1, 0xC1C1, 0xC1C1, 0x8C8C, 0x8E8E, 0x8E8E, 0x8C8E,
    0xC1C1, 0xC1C1, 0x8EC1, 0x8C70, 0xBD8C, 0xC1C1, 0xC1C1, 0x8E4E, 0x4B70, 0xC18E, 0xC1C1, 0x8E8C,
    0x6E6F, 0xBD4E, 0xC1C1, 0x4B4B, 0xBD8E, 0xC1C1, 0x8CC1, 0x4E70, 0xC1C1, 0xBDC1, 0x704E, 0x4E4E,
    0xBDC1, 0x4B8C, 0xC270, 0x4E70, 0x4E8C, 0x4B4E, 0x4B4E, 0x4E42, 0xC1C1, 0x4E8E, 0x4E70, 0x4E70,
    0xC1C1, 0x8EC1, 0x4E4E, 0x704E, 0xC1C1, 0xC1C1, 0x4EBD, 0x4B70, 0xC1BD, 0xC1C1, 0xC1C1, 0x4B8C,
    0x8E70, 0xC1C1, 0xC1C1, 0xBDC1, 0x4B4E, 0xC18E, 0xC1C1, 0xC1C1, 0x4E70, 0x8C4E, 0xC1BD, 0xC1C1,
    0x4E4E, 0x4B4E, 0x8C6F, 0x708C, 0x7070, 0xC1C1, 0x4E8E, 0xBDBE, 0x8C4E, 0xC1C1, 0x7070, 0xBD43,
    0x8E70, 0x8EC1, 0x4E70, 0xBD4E, 0xC14E, 0x4EBD, 0x4E4E, 0xBD4E, 0xC18E, 0x4E70, 0x7070, 0xBD1F,
    0x8CC1, 0x704E, 0x4D4B, 0xBDC0, 0x4B8C, 0xC070, 0x704D, 0xC14D, 0x7070, 0x4D4B, 0xBE4B, 0x8E8C,
    0xC1C1, 0x8C70, 0xC1C1, 0x8CC1, 0xC1C1, 0x70BE, 0xC1C1, 0xBDC1, 0xC1C1, 0xC01F, 0xC18E, 0xC1C1,
    0xBDC1, 0x9785, 0xC1C0, 0xC1C1, 0x8EC1, 0x701F, 0x8C97, 0xC1C1, 0x8CC1, 0x1FC0, 0x85C0, 0xC18E,
    0xC08E, 0x851F, 0xC097, 0x8C97, 0x1F70, 0x1F70, 0x8585, 0x97C0, 0xC11F, 0xC1C1, 0xC1C1, 0x8CC1,
    0x8C70, 0xC1C1, 0xC1C1, 0xC2BD, 0x1F8E, 0x8E97, 0xBDC1, 0xC097, 0x8EC1, 0x978C, 0x85C0, 0xC085,
    0xC1C1, 0xC1C1, 0xBDBD, 0xC1C1, 0xC1C1, 0xC1C1, 0xC1C1, 0xBDC1, 0xC1BD, 0xC1C1, 0xBDC1, 0x858C,
    0x8CC0, 0x8C8C, 0x858C, 0x97C0, 0x8C70, 0xBDC1, 0x8EBE, 0xC1C1, 0x8E4E, 0x8CC1, 0x8C4E, 0xC1C1,
    0xBD70, 0x4EBD, 0x4F4E, 0xC1C1, 0xC18E, 0x70BE, 0x4E4E, 0xC18E, 0x8CC1, 0x4E70, 0x4E70, 0xBD4E,
    0x7070, 0x4E4E, 0x4E4E, 0x4143, 0x4B1F, 0x4E4F, 0x4E4B, 0x41BF, 0x4F70, 0x436F, 0x4E6F, 0x4143,
    0x4FC1, 0xC18C, 0xC1C1, 0xC1C1, 0x8EC1, 0x8EBF, 0xC1C1, 0xC1C1, 0xC1C1, 0x438C, 0xBD8C, 0x8CC1,
    0xC1C1, 0x8EC1, 0xBF41, 0x4F4E, 0xC1C1, 0xC1C1, 0xBDC1, 0x8E8E, 0xC1BD, 0xC1C1, 0xC1C1, 0xC1C1,
    0x8EC3, 0xC1C1, 0xC1C1, 0xBDC1, 0xBC41, 0x8C6F, 0x8E8E, 0x438C, 0x4F8E, 0x8EBE, 0x8CC1, 0xC18C,
    0x4F8E, 0xBD4E, 0x4FC1, 0xC18C, 0x4EBE, 0xC170, 0x4F8C, 0xC18C, 0x4F4E, 0x8EBD, 0x704E, 0xBD4F,
    0xC1BD, 0x4E8E, 0xBE70, 0x8C70, 0x8EC1, 0xBF43, 0x4F41, 0xBFBF, 0x418C, 0x6F41, 0x4141, 0x40BF,
    0xBF41, 0x4143, 0xBC6E, 0x4141, 0xC1C1, 0x424E, 0xC18C, 0xC1C1, 0xC1C1, 0x438E, 0x8E6F, 0xC1C1,
    0xC1C1, 0x8CC1, 0x5441, 0xC1C1, 0xC1C1, 0xC1C1, 0x548E, 0xC18C, 0xC1C1, 0xC1C1, 0xBDC1, 0xBD8C,
    0xC18E, 0xC1C1, 0xC1C1, 0xC1C1, 0x8C6F, 0xC1BD, 0xC1C1, 0xC1C1, 0x6E6E, 0x8C6E, 0xBD8E, 0xBDBD,
    0x8EC1, 0x54BC, 0xC1BD, 0xBDC1, 0xC1C1, 0x548C, 0xC18E, 0xC1C1, 0xC1C1, 0x54C1, 0xC18C, 0xBDC1,
    0xC1C1, 0x8EC1, 0xC154, 0x40BD, 0xC1C1, 0x8CC1, 0x8EBC, 0x40BC, 0xC1C1, 0x6F8C, 0xBC6E, 0xBC6F,
    0x8EC1, 0x546F, 0x6EBC, 0x4041, 0x6F8E, 0x546E, 0x546E, 0x6F6E, 0x54BC, 0x6941, 0xBCBC, 0xBBBF,
    0x5454, 0x5454, 0x6954, 0xBB69, 0x5468, 0x5469, 0x5454, 0x41BC, 0x5454, 0xBC54, 0x5454, 0xBB54,
    0x54BC, 0x5454, 0x5440, 0x5441, 0x5454, 0x547B, 0x5454, 0x5467, 0x7B54, 0x5454, 0x5454, 0x5440,
    0x9595, 0x7BBA, 0x547B, 0x5467, 0xBB4F, 0xBBBB, 0xBF4F, 0xBCBF, 0x4FBC, 0xBFBC, 0xBF41, 0xBCBC,
    0xBF41, 0x414F, 0xBCBF, 0x54BC, 0xBFBC, 0x4141, 0xBC6F, 0xBC40, 0x4141, 0xBC41, 0x41BF, 0x6FBC,
    0xBC54, 0x6F40, 0x416F, 0xBC54, 0x6E54, 0x40BC, 0x406F, 0x406F, 0x6E67, 0x406E, 0x547B, 0x436E,
    0x54BC, 0x5469, 0xBCBC, 0x43BF, 0x5454, 0x54BA, 0xBCBA, 0x4143, 0x7B54, 0xBA68, 0x7BBA, 0x41BF,
    0x5454, 0xBABA, 0xBCBA, 0x6F40, 0x54BC, 0x7B54, 0x5454, 0x6F54, 0x6F40, 0x547B, 0xBF40, 0x4E6F,
    0x4141, 0x4341, 0x4E4F, 0x4FBE, 0x4E43, 0xBF43, 0x4F43, 0x4F4E, 0xBCBF, 0x41BC, 0x4E41, 0x4E70,
    0xBC6F, 0x6F40, 0xBF6F, 0x7043, 0x40BC, 0x4241, 0x6F41, 0x4E4E, 0x6F6E, 0x436F, 0x416F, 0x4E43,
    0x41BF, 0x4243, 0x43BF, 0x4E4E, 0x704E, 0x4E4E, 0xC24E, 0x704E, 0x4E4E, 0x4EBE, 0xBE70, 0x7070,
    0xBE5F, 0x704E, 0x704E, 0x70C2, 0x4F70, 0x4E4F, 0x4F70, 0xBE70, 0xBE4E, 0x4F4E, 0xBEBF, 0xBE4E,
    0x4EBE, 0x4F70, 0x4F4E, 0xBE70, 0x434E, 0x70BF, 0xBE4E, 0x85BE, 0xBF4F, 0x4E4F, 0x70BE, 0xC0C0,
    0x4E4E, 0xBE4E, 0x704F, 0x8570, 0x4E70, 0x704F, 0x7070, 0x7085, 0x70BE, 0x704F, 0x1FBE, 0xC070,
    0x571D, 0x1D21, 0xB71D, 0x1D1D, 0x1DB7, 0x1D8B, 0x8B97, 0x8B97, 0x8B1D, 0xB78B, 0x8BB7, 0x8B1D,
    0x8B97, 0x971F, 0x971F, 0x8B97, 0x1F8B, 0x978B, 0x1F8B, 0x1F8B, 0x1F1F, 0x97C0, 0x1F1F, 0x9785,
    0x8597, 0x9797, 0xC01F, 0x978B, 0x85C0, 0x1FC0, 0x8B1F, 0x1F1F, 0x1D1D, 0xB71D, 0x8B1D, 0xC08B,
    0x8B1F, 0x1D1F, 0x1D8B, 0x851F, 0x978B, 0x8B8B, 0x8B8B, 0x1F8B, 0x97A6, 0x1D97, 0x1D97, 0x8B1F,
    0x1F8B, 0x8B8B, 0x8B1D, 0x1F8B, 0x9797, 0x97C0, 0x8B8B, 0x9785, 0xC097, 0x9797, 0x8B8B, 0x9797,
    0x97C0, 0x971F, 0x9785, 0x971F, 0x70C0, 0x7085, 0xC01F, 0x4B4B, 0x4DC0, 0x4D70, 0x7070, 0x4B4E,
    0x1F97, 0xC01F, 0x4BC0, 0x4B70, 0x851F, 0xC0C0, 0xC0C0, 0x4B4B, 0x1F8B, 0x701F, 0x1F97, 0x4B1F,
    0x1F1F, 0x1FC0, 0x1F70, 0x70C0, 0x1F97, 0x9785, 0x851F, 0xC01F, 0x1FC0, 0x1F86, 0x8585, 0xC0C0,
    0x4B70, 0x7070, 0xBEC0, 0x4E70, 0x4B4B, 0x4E4E, 0x4B4E, 0x704E, 0x4B4B, 0x4E4B, 0xBE4B, 0x4F70,
    0x4B4E, 0x4E4E, 0x705F, 0x4B4E, 0x4E70, 0x5F4B, 0x4B4B, 0x5F70, 0x4E4B, 0x4E42, 0x4B4E, 0x4B43,
    0x4EC0, 0x4E4B, 0x4E4E, 0x4E4B, 0x7070, 0x5F4E, 0x4E42, 0x4E43, 0x7070, 0x4E70, 0xBE1F, 0x4E70,
    0x704F, 0x4F4E, 0x7070, 0x704E, 0x4B70, 0x7070, 0x7070, 0x4F70, 0x4B4E, 0x704E, 0x4E4F, 0x4F4E,
    0x4EBE, 0x4E4E, 0x4EBE, 0x4E4E, 0x4E4E, 0x4E43, 0x4B43, 0x4E4E, 0x4E4E, 0x4E70, 0x4E4E, 0x4EBE,
    0x4242, 0x4E4E, 0x4E4E, 0x5F4E, 0x4B70, 0x7070, 0x70C0, 0x7086, 0x704E, 0x70BE, 0x70BE, 0xBEBE,
    0xC34F, 0x7070, 0xC286, 0xC270, 0x4F42, 0xBE4E, 0x704F, 0x704F, 0x4F4F, 0x4F70, 0x4F70, 0x4E70,
    0x4E4E, 0x704E, 0x864F, 0xBE4E, 0xBF4E, 0xC2BE, 0x4F70, 0x4F70, 0xC34E, 0x4F43, 0x4F4E, 0x704F,
    0x7086, 0xBE70, 0x7070, 0x7085, 0x86C2, 0x704F, 0x864F, 0x8670, 0x4F70, 0x7070, 0x8686, 0x4FBE,
    0x704F, 0x70BE, 0x70C2, 0x864F, 0x7086, 0x7086, 0xBE86, 0x4E70, 0x4F4E, 0x864E, 0x7070, 0x7070,
    0x414E, 0x4FBE, 0x7070, 0x4F86, 0x4E4E, 0x4F43, 0x704F, 0x70C2, 0x7086, 0xBE70, 0x4F86, 0xC170,
    0x704F, 0xBE4F, 0x864F, 0xC18C, 0x4F70, 0x4F70, 0x4F70, 0xC18C, 0x4F70, 0x704F, 0x4F4F, 0xC18C,
    0x4F70, 0x4F86, 0xBE70, 0xC18C, 0x704E, 0x4F4F, 0x864F, 0xC18C, 0x4F70, 0xC286, 0x70BE, 0xC18C,
    0x864F, 0xBEBE, 0xBE4E, 0xC14F, 0xBDC1, 0x4F86, 0x8E70, 0xBE70, 0xBDC1, 0xBE4E, 0x704F, 0xBE4F,
    0xC1C1, 0x4F70, 0x7070, 0x4F86, 0xC1C1, 0x4F8C, 0xBE4F, 0x4F4F, 0xC1C1, 0x418C, 0x4F4F, 0x434F,
    0xC1C1, 0x4F8C, 0x4E43, 0x4343, 0xC1C1, 0x4E8E, 0x41BF, 0x4041, 0xC1C1, 0xBF8C, 0x4041, 0x5454,
    0x4F70, 0x414F, 0x4141, 0x43BF, 0x4E4F, 0x4054, 0x4141, 0x6E42, 0x434F, 0x6EBC, 0x6F6F, 0x5B42,
    0x4143, 0x7B6E, 0x6E5B, 0x955B, 0x6E4F, 0x5B6E, 0x958A, 0x7E95, 0x7B40, 0x6E5B, 0x955B, 0x957E,
    0x8A54, 0x8A8A, 0x7E5B, 0x957B, 0xC56E, 0x955C, 0x957E, 0x9595, 0x7B6F, 0x7B7B, 0x5B7B, 0x957B,
    0x7B6E, 0x6E7B, 0x677B, 0x6795, 0x7E7B, 0x5B7B, 0x7B7B, 0x7B6E, 0x957E, 0x957E, 0x7B5B, 0x957E,
    0x7E7B, 0x957B, 0x5B7B, 0x957B, 0x957E, 0x957E, 0x9595, 0x955C, 0xB295, 0xB2BA, 0x9595, 0x9595,
    0xB2B2, 0xB2B2, 0x95B2, 0x9595, 0x6E54, 0x676E, 0x6740, 0x7B7B, 0x6E7B, 0x6E67, 0x6767, 0x6795,
    0x7B7B, 0x6767, 0x957B, 0x5B67, 0x955C, 0x5B95, 0x955C, 0x5B95, 0x957B, 0x955B, 0x955B, 0x955B,
    0x9595, 0x9595, 0x957E, 0x9595, 0x9595, 0x7E95, 0x5C95, 0x955B, 0x957E, 0x957E, 0x957E, 0x957E,
    0x7B67, 0x7B54, 0x6740, 0x7B54, 0x7B5B, 0x7B5B, 0x7B95, 0x5B95, 0x955B, 0x7B67, 0x5B7B, 0x957B,
    0x957E, 0x5B5C, 0x5B7E, 0x957E, 0x9595, 0x955B, 0x957B, 0x5C95, 0x5B5C, 0x955C, 0x955C, 0x955C,
    0x5C95, 0x7E95, 0x9595, 0x9595, 0x5CB2, 0x957E, 0x955C, 0x955C, 0x7B7B, 0x4054, 0x426F, 0x7E7B,
    0x7B5C, 0x405B, 0x6E6E, 0x7E7E, 0x5B67, 0x6E6E, 0x5C4A, 0x5C7E, 0x5B7E, 0x6E5B, 0x5C67, 0x5CA0,
    0x5B8A, 0x5B5B, 0x7E95, 0xB27E, 0x5B95, 0x5C5C, 0x7EB2, 0xB28F, 0x5C5B, 0x7E5B, 0x82A0, 0x7EA0,
    0x5B95, 0x7E95, 0x8081, 0x5CAF, 0x7E5C, 0x5C7E, 0x4A4E, 0x488A, 0x5C7E, 0x4882, 0x4A48, 0x8A67,
    0xA095, 0xC595, 0xC5C5, 0x4A42, 0x7E5D, 0x4A48, 0x5C5B, 0x4A4A, 0x7E7E, 0x5BC5, 0x7E5C, 0x5B6E,
    0x5CB2, 0x7E5C, 0x5B8F, 0x5B5B, 0x5C95, 0x827E, 0xC5A0, 0x5B4A, 0x7E7E, 0x887F, 0x4A5D, 0x465B,
    0xC24E, 0x5F5F, 0x4E70, 0x434E, 0x424A, 0x8A67, 0x4E42, 0x4043, 0x674A, 0x4A4A, 0x4242, 0x6E42,
    0x8A5B, 0xC242, 0x4A4A, 0x426E, 0x4A5B, 0x4A4B, 0x4A6F, 0x6E42, 0x4E67, 0x4A42, 0x4A4A, 0x6E6E,
    0x4E42, 0x4A4A, 0x5B4A, 0x5B8A, 0x6F42, 0x4A5B, 0x5B67, 0x955C, 0x4EBF, 0x434B, 0x6742, 0x4D4E,
    0x4B40, 0x6E42, 0x676E, 0x7042, 0x4EC3, 0x8A42, 0x7B6E, 0x4B4E, 0x675B, 0x8A5B, 0x6E5B, 0x4B42,
    0x677B, 0x6767, 0x6E6E, 0x4E5F, 0x675C, 0x676E, 0x425B, 0x425F, 0x6E5B, 0x5B4A, 0x4E4A, 0x6F70,
    0x4A6E, 0x7B5B, 0xC267, 0x4242, 0x701F, 0xC0C0, 0x4D4D, 0x70C0, 0x704E, 0xC070, 0xC0C0, 0x7070,
    0x4B70, 0x704D, 0x70C0, 0x70C0, 0x4B4B, 0x704B, 0x4E4E, 0x704B, 0x4B4D, 0x704D, 0x4E4D, 0x4B70,
    0x4242, 0xC04E, 0x4DC0, 0x7070, 0x6E6F, 0x704E, 0x7070, 0x7070, 0x6E6E, 0x4E4A, 0x4E42, 0x4EC2,
    0x854D, 0x7085, 0xC01F, 0x1F1F, 0x8570, 0x7070, 0xC0C0, 0xC070, 0x7070, 0x70C0, 0xC070, 0x701F,
    0x704E, 0x704B, 0xC070, 0x4D70, 0x4BC0, 0x7070, 0x7070, 0xC070, 0x704B, 0x70BE, 0x704E, 0x7070,
    0x4B70, 0x7070, 0x7070, 0x4E70, 0x4342, 0x4B42, 0x704E, 0x704E, 0x1F1F, 0x8B97, 0xC097, 0x1F85,
    0x1F70, 0x1FC0, 0x1F70, 0xC0C0, 0xC097, 0x70C0, 0x8585, 0x7097, 0x1FC0, 0x1F70, 0xC0C0, 0x7070,
    0x701F, 0x701F, 0x70C0, 0x4B70, 0xC070, 0x704E, 0x704B, 0x704E, 0x7070, 0x7070, 0x7070, 0x7070,
    0x704E, 0x7070, 0x4F4E, 0x4B4E, 0xBE1F, 0x4E70, 0x6F41, 0x41BF, 0x7070, 0x4B4E, 0x436F, 0x4343,
    0x7070, 0xBF70, 0x434E, 0x5F4E, 0x4E4E, 0x4E4E, 0x4E43, 0x4E4E, 0x4B70, 0x4E4E, 0x5F4B, 0x4E4E,
    0x704E, 0x4E4E, 0x5F43, 0x5F42, 0x4E70, 0x4E70, 0x4342, 0x5F4E, 0x4E4E, 0xC34E, 0x4E6F, 0x4E42,
    0x4141, 0xBC41, 0x414F, 0xBC41, 0xBF40, 0x4341, 0x4141, 0x416F, 0x4E4E, 0xBF4E, 0x434E, 0x5FC3,
    0x4E5F, 0xBF5F, 0x5F4E, 0xC243, 0x4E4B, 0x4E4E, 0x4E4B, 0x4E4B, 0x4E42, 0x4E5F, 0x4B4E, 0xBE5F,
    0x424E, 0x4E4E, 0x4E4E, 0x4E4E, 0x4E5F, 0x4E4E, 0x4E4E, 0x4E42, 0xC3BC, 0x6F41, 0xBC41, 0x4041,
    0x4E6F, 0xC342, 0xBC6F, 0x5440, 0xBF4E, 0x4E4E, 0x4041, 0x54BC, 0x4E4E, 0x4E43, 0x4040, 0x6F6F,
    0x43BE, 0x4EC3, 0x424E, 0x40C3, 0x434E, 0x4E42, 0x4343, 0x446F, 0x434E, 0x5F4E, 0x6F4E, 0x446F,
    0x4E5F, 0x4E4E, 0x6F42, 0x2240, 0xC44E, 0x6E43, 0x5454, 0x5454, 0x74B6, 0x7B45, 0x6F6E, 0x6F6E,
    0x73C4, 0x674A, 0x6E6E, 0x6F6F, 0x9898, 0x6E7B, 0x6E6E, 0x6F6E, 0x44C4, 0x6E8A, 0x6E42, 0x6E6F,
    0x4473, 0x6E5B, 0x426E, 0x8A6E, 0x9873, 0x4A40, 0x6E4A, 0x5B6E, 0x7373, 0x406E, 0x8A6E, 0x5B5B,
    0x6FBC, 0x40BC, 0x6754, 0x6E54, 0x6F6E, 0x547B, 0x677B, 0x677B, 0x7B40, 0x7B6E, 0x5B7B, 0x9567,
    0x7B7B, 0x7B7B, 0x955C, 0x7B95, 0x7B8A, 0x957B, 0x5B7B, 0x5B7B, 0x7B5B, 0x5B5B, 0x7B5C, 0x5B5C,
    0x5B7B, 0x5B8A, 0x5B7B, 0x5C7B, 0x8A5C, 0x8A48, 0x5B5C, 0x5B5C, 0x957B, 0x677B, 0x7B54, 0x7B54,
    0x7B7B, 0x7B5C, 0x7B7B, 0x7BBA, 0x957B, 0x957B, 0x7B7B, 0x957B, 0x9595, 0x5B95, 0x7B7E, 0x4695,
    0x9567, 0x957B, 0x957B, 0x87BA, 0x5B5C, 0x955C, 0x957E, 0x28B2, 0x5C7B, 0x5C7B, 0x7E95, 0x6A7B,
    0x5B5B, 0x5C7E, 0x7E7E, 0x735B, 0x7B54, 0x6E54, 0x6E54, 0x4242, 0x7B95, 0x6E7B, 0x6E6E, 0x4340,
    0x5C46, 0x6E7B, 0x6E42, 0x6F6F, 0x87C6, 0x6E95, 0x406E, 0x406E, 0x950F, 0x7B7B, 0x6F42, 0x4043,
    0x7B56, 0x6E7E, 0x6F6E, 0x406E, 0x7E98, 0x6E7B, 0x406F, 0x4040, 0x456A, 0x405B, 0x4040, 0x416F,
    0x4E4F, 0x434F, 0x4F4F, 0x4F70, 0x4E43, 0x4142, 0x4E43, 0x4FBF, 0x6F43, 0xBF41, 0x41C3, 0x4E4F,
    0x4140, 0x436F, 0x416F, 0x4E41, 0x4141, 0x4143, 0x42BF, 0x43BF, 0x4140, 0x4340, 0x4143, 0x4343,
    0x4043, 0x4143, 0x4EBF, 0x41BF, 0x4140, 0x4141, 0x436F, 0xBF41, 0xBE70, 0x4E4E, 0x7070, 0x4E70,
    0x4E43, 0x4EBF, 0xBE4E, 0x4E4E, 0xBFBF, 0x4E4E, 0x4E4E, 0xBF4E, 0xC36F, 0xBFBF, 0x436F, 0xBF42,
    0x41BF, 0x414F, 0x41BF, 0x41BF, 0x4141, 0x4343, 0x4E43, 0x4E43, 0x4141, 0x434E, 0x4EBF, 0x4E70,
    0x4140, 0xBF41, 0xBE43, 0x70BE, 0xBE70, 0x4EBE, 0x7070, 0x70C0, 0x4F4E, 0x70BF, 0x704B, 0x7070,
    0xBF4E, 0x7070, 0x4F70, 0x701F, 0x4F42, 0x70BE, 0x704E, 0xC070, 0xBEBE, 0x7070, 0x8586, 0xC01F,
    0x704E, 0xBE4E, 0x8570, 0xC070, 0x4EBE, 0x4EBE, 0x7070, 0x4DC0, 0x4B4E, 0x4BBF, 0x704E, 0x4D4B,
    0x851F, 0xC085, 0x1F97, 0x7097, 0xC070, 0x8570, 0x1FC0, 0xC0C0, 0x70C0, 0x7085, 0x7085, 0x701F,
    0x4B4B, 0xBE4B, 0x854E, 0x85C0, 0x7086, 0xBEBE, 0x7070, 0x851F, 0x8570, 0x7070, 0x4F4F, 0x704E,
    0x7086, 0x7085, 0xC285, 0x7070, 0xBE4E, 0xC04E, 0xC270, 0xC24F, 0x8597, 0xC097, 0x9797, 0x858B,
    0x1FC0, 0xC070, 0x97C0, 0x1F1F, 0x7085, 0x85C0, 0x701F, 0x8585, 0xC070, 0xC070, 0xC070, 0x8570,
    0x701F, 0xBE85, 0x7085, 0x7085, 0x85BE, 0xC270, 0x864F, 0x7070, 0x4F70, 0xC270, 0x4F70, 0xC286,
    0xC24E, 0x704E, 0xC2C2, 0x704E, 0x9797, 0x851F, 0xC08B, 0x701F, 0x9785, 0x1F85, 0x4DC0, 0xC0C0,
    0x861F, 0xC01F, 0x704D, 0xC01F, 0x8570, 0xC070, 0x7070, 0x1F70, 0x851F, 0x7085, 0x7070, 0x7070,
    0x7070, 0xBE4F, 0x4F4E, 0x704E, 0x4FC2, 0x4F70, 0x4E70, 0x4E70, 0xBE4E, 0x4E4E, 0xBF42, 0x4E4E,
    0x7070, 0x4E70, 0x4E4E, 0x5F4E, 0x7070, 0x4E70, 0x5F5F, 0x4E5F, 0x70C0, 0x5F70, 0x434E, 0x424E,
    0x4B70, 0x444E, 0x436F, 0x426F, 0x4E86, 0x424E, 0x4041, 0x6F43, 0x4F70, 0x4242, 0x436F, 0x6F40,
    0x4E70, 0x6FC3, 0x4042, 0x4343, 0x4E4E, 0x4143, 0x416F, 0x5F40, 0x5FBF, 0x5F4E, 0x4EC2, 0x424E,
    0x4E42, 0x4342, 0x4E43, 0x4343, 0x424E, 0x42BF, 0x43C3, 0x6FC3, 0xBF6F, 0xC342, 0xBF6F, 0x416F,
    0x4343, 0x434F, 0x41C3, 0x4143, 0x4140, 0xBF43, 0x4140, 0x4F41, 0x6F43, 0x4E43, 0x4FBF, 0xC286,
    0x436F, 0x4F41, 0x4FBF, 0x4F4E, 0x434E, 0x4E4E, 0x4E70, 0x4E4F, 0x4343, 0xBF41, 0x4E43, 0xC342,
    0x415F, 0x43BF, 0x434F, 0x414E, 0x4140, 0xBF41, 0x4E42, 0xC341, 0x4341, 0x4EBE, 0xC34E, 0xBF4E,
    0x4F4F, 0xBFBF, 0x4F43, 0x4141, 0xBFBE, 0x434F, 0x434E, 0x414E, 0x4F4E, 0x4343, 0xBF41, 0x4343,
    0x4E4F, 0x4E4F, 0x4F4F, 0x4F70, 0xBF43, 0x4E4E, 0x704E, 0x4F4E, 0x43BF, 0x4E4E, 0xBE70, 0x4E70,
    0xBF6F, 0x4F4E, 0x4E43, 0x4F4E, 0xBF4F, 0x4E4F, 0x434F, 0x43BF, 0x436F, 0x416F, 0x4141, 0x4F41,
    0x4141, 0x4041, 0x6F41, 0x43BF, 0x4140, 0x4050, 0x4140, 0x4341, 0xBE70, 0x704F, 0x4F86, 0xBD4F,
    0x4F4F, 0xBE4E, 0x4F4F, 0x8E43, 0x43BE, 0x4F4F, 0x434E, 0x8CBF, 0xBF41, 0x4343, 0x4141, 0x436F,
    0x434F, 0x414F, 0x4141, 0x4143, 0x4142, 0x4142, 0x4341, 0x4141, 0x414E, 0x4143, 0x4341, 0x4143,
    0xBF41, 0x4341, 0x416F, 0x41BC, 0xBDC1, 0x41BF, 0x5441, 0x6740, 0x8EC1, 0xBC6F, 0x546E, 0x5B7B,
    0x418E, 0x404F, 0x9540, 0x957B, 0x4341, 0x4141, 0x5B7B, 0x9548, 0x434F, 0x4041, 0x5B54, 0x5C5B,
    0x4141, 0x406E, 0x5B67, 0x5C5C, 0x414F, 0x7B40, 0x5B5B, 0x7E48, 0x4054, 0x6740, 0x485C, 0x5C5C,
    0xC5C5, 0x958A, 0x7EBA, 0x9595, 0x5B5C, 0x7E5B, 0x95B2, 0x95B2, 0x7E5C, 0x7E7B, 0x7E95, 0x95BA,
    0x7E7E, 0x957E, 0x957E, 0x957E, 0x5C95, 0x7E95, 0x7E95, 0xB295, 0x957E, 0x95B2, 0x95B2, 0xB2B2,
    0x7E95, 0x9595, 0xB295, 0xB2BA, 0x95B2, 0x95B2, 0x95B2, 0x95B2, 0xB295, 0xB295, 0x9595, 0x7E95,
    0xB2B2, 0xB2B2, 0x95B2, 0x9595, 0xB295, 0xB295, 0x7E95, 0xB295, 0x95B2, 0x95B2, 0x957E, 0xB2B2,
    0x95BA, 0xB2BA, 0xB2BA, 0xB5B2, 0x95B2, 0xB2B2, 0xB2B5, 0x8FB2, 0xB295, 0xB2BA, 0xB5B2, 0xB2B2,
    0xB2B2, 0xB5B2, 0xB2B5, 0xB2B5, 0x7E95, 0x7E95, 0x7E95, 0x7E95, 0x95B2, 0x7EB2, 0x95B2, 0x7EB2,
    0xB295, 0xB295, 0xB27E, 0xB2B2, 0xB2B5, 0xB2B5, 0xB2B5, 0xB2B5, 0xB5BA, 0xB2B5, 0x8FB2, 0xAF8F,
    0xB2B2, 0xB280, 0xB282, 0x8FB5, 0xB5B2, 0xB2B2, 0xB5B2, 0x808F, 0xB5B5, 0xB5B5, 0xB5B5, 0x809F,
    0x9595, 0x5C95, 0x955B, 0x9595, 0x95B2, 0x95B2, 0x95B2, 0x7EB2, 0xB27E, 0xB295, 0xB5B2, 0xB2B2,
    0x8F8F, 0xB2B5, 0xB5AF, 0xB2B5, 0xB5B2, 0x8F8F, 0x8FB2, 0x80B2, 0x8F82, 0xAF80, 0x8F80, 0x9380,
    0x838F, 0x8F82, 0x9383, 0x9310, 0x809F, 0x8280, 0x9493, 0x9494, 0x957B, 0x815C, 0x8181, 0x5C7E,
    0xB2B2, 0x9393, 0x8093, 0x8F80, 0x818F, 0x9381, 0x8183, 0x8180, 0x9381, 0x9393, 0x8081, 0x8181,
    0x8110, 0x9310, 0x9381, 0x8381, 0x9316, 0x7994, 0x8194, 0x88AF, 0x8494, 0x9410, 0x8293, 0x7E7E,
    0x9484, 0x9316, 0x7E80, 0x48B2, 0x8895, 0x8082, 0x4A48, 0x8A4A, 0x828F, 0xA0AF, 0x4848, 0x42C5,
    0x8F7F, 0x5C7E, 0x4848, 0x5BC5, 0xB281, 0x5C5D, 0xC55D, 0x5C48, 0x7E8F, 0x5C5C, 0x46C5, 0x6E48,
    0x5C82, 0xC55C, 0x4848, 0x4A48, 0x4848, 0x48C5, 0x48C5, 0x67C5, 0xC587, 0xC548, 0x5B48, 0x675B,
    0x5B4A, 0x6742, 0x5B4A, 0x675C, 0x4A5B, 0x5B42, 0x5B95, 0x425C, 0x5F46, 0x5B42, 0x5C95, 0x5B5B,
    0x425B, 0x5B6E, 0x5B5C, 0x5C95, 0x4242, 0x424E, 0x5B4A, 0x5C5B, 0x4267, 0x4E43, 0x5B42, 0x5C5C,
    0x406E, 0x4E4E, 0x42C2, 0x5C5B, 0x4A5B, 0x4F42, 0x4E4E, 0x426F, 0x5B4E, 0x5B5B, 0x4E4E, 0x4042,
    0x5B5B, 0x4A95, 0x4E4E, 0x4242, 0x7E5C, 0x4E6E, 0x4E4E, 0x424E, 0x5CA0, 0x4E6E, 0x5F42, 0x4242,
    0x5C95, 0x4E42, 0x4E4E, 0x424E, 0x6E7E, 0x4242, 0x4E42, 0x4242, 0x428A, 0x424E, 0x424E, 0x424E,
    0x4E43, 0x4E42, 0x5F44, 0x4E42, 0x4A42, 0x5F42, 0x434B, 0x6E42, 0x4240, 0x5F6F, 0x4A5F, 0x6E6E,
    0x4242, 0x4242, 0x6E42, 0x406F, 0x4B6E, 0x5440, 0x6E6E, 0x427B, 0x4B4E, 0x6E43, 0x426F, 0x5F4E,
    0x4E4E, 0x4E4E, 0xC24E, 0x4E5F, 0x444E, 0x4E4E, 0x4E4E, 0x4E4B, 0x5F42, 0x4E6F, 0x4E43, 0x4E42,
    0x6E4A, 0x4B4E, 0x4E70, 0x4F4B, 0x5F67, 0x4E4B, 0x7042, 0xBEC2, 0x4E4E, 0x4E4B, 0x4E4E, 0x4E70,
    0x4E4E, 0xC242, 0x4E4E, 0x4E5F, 0x5F4B, 0x4E4E, 0xC34B, 0x4E4E, 0x4E4E, 0xC25F, 0x4E4E, 0x4E42,
    0x4E4E, 0x43C2, 0x434E, 0x4E4E, 0x4E43, 0x4E42, 0x4342, 0x5F42, 0xC270, 0x4E70, 0xBE70, 0x4E4E,
    0x704E, 0x4E4E, 0x4BBF, 0x4E4E, 0x4E4E, 0x4E70, 0x4E4E, 0x5F70, 0x4E4E, 0xC24E, 0x4E4E, 0x4E4E,
    0x434E, 0x434E, 0x4E4E, 0x4E4B, 0x4243, 0x4B4E, 0x4B4E, 0x4E42, 0x4E4E, 0x7070, 0x4270, 0x4B4E,
    0x4E42, 0x4B5F, 0x4E4E, 0x4B5F, 0x4E4E, 0x42BF, 0x4E4E, 0x4E5F, 0xC35F, 0x426F, 0x5F5F, 0x5F6F,
    0x4243, 0x5F4E, 0x5F4E, 0x444E, 0xC342, 0x4E5F, 0x4B42, 0xBE4E, 0x424B, 0x5F4E, 0x704B, 0x704D,
    0x4E4E, 0x704E, 0x4D4B, 0xC04B, 0x4B70, 0x701F, 0x7070, 0xC04D, 0x704B, 0x7070, 0xC04B, 0x4D4B,
    0x4E4B, 0x4E4E, 0x434B, 0x4E4E, 0x4E4E, 0x425F, 0x5F6F, 0x4E42, 0x5F4E, 0x4E4E, 0x5F4E, 0x4E4B,
    0xC24B, 0x4B4E, 0x4E4B, 0x4E4E, 0x4B4D, 0x4E4B, 0x4E4B, 0x5F4E, 0x4D4B, 0x704B, 0x4E5F, 0x5F44,
    0xC04D, 0x704D, 0x4B70, 0x424B, 0x4D4B, 0x4DC0, 0x4D70, 0x4EC2, 0x6F4E, 0x5F4E, 0x434E, 0xC7C3,
    0x4E4E, 0x4E42, 0x4E5F, 0x7343, 0x4E4E, 0x5F4E, 0x674E, 0x73C7, 0x4E43, 0x5F42, 0x426E, 0x6A73,
    0x4E4B, 0x424B, 0xC743, 0xC8AB, 0x4B42, 0x4342, 0xCA42, 0x6AAB, 0x445F, 0x42BF, 0x44C3, 0xA53A,
    0x4E44, 0x426F, 0x4245, 0x6A44, 0xABAB, 0x7BB6, 0x8A4A, 0x67C5, 0xAB73, 0x6E98, 0x4A6E, 0x6E5B,
    0x7312, 0x6E42, 0x674A, 0x8A4A, 0x2856, 0x6E45, 0x4A6E, 0xC56E, 0x56C8, 0x4273, 0x6E6E, 0x4A4A,
    0x5656, 0x4456, 0x457B, 0x4A8A, 0x566A, 0x2A6A, 0x7B8A, 0x4A42, 0xA56A, 0x986A, 0x3B98, 0xC773,
    0x5B4A, 0x5BC5, 0x5B4A, 0x487B, 0xC58A, 0x8A8A, 0x5B48, 0x4648, 0x5B8A, 0x4845, 0x5B5B, 0x48C5,
    0x8A5B, 0x8AC5, 0xC55B, 0x8A46, 0x8A42, 0x8AC5, 0x6E4A, 0x484A, 0x6F4A, 0x4A5B, 0x4AC5, 0x5B8A,
    0x4542, 0x4242, 0x8A4A, 0x8AC5, 0x6E45, 0x4245, 0x454A, 0x4AC5, 0x5B8A, 0x5C7B, 0x5C95, 0x6A5B,
    0x5B5C, 0x5B5C, 0x7B5C, 0x6A46, 0x5C48, 0x48C5, 0x5C5B, 0x6A45, 0x5B48, 0x4648, 0x5B48, 0xA4A5,
    0x5C5B, 0x5C48, 0x458A, 0xA5C9, 0x5B48, 0x5B48, 0x3B5C, 0xA4AB, 0x8A4A, 0x4A4A, 0x227B, 0x6AC9,
    0x4A4A, 0x4A8A, 0x4267, 0x6A73, 0x4436, 0x6E7B, 0x4043, 0x4341, 0x4473, 0x4095, 0x4240, 0x416F,
    0x4573, 0x4240, 0x6F43, 0x40BF, 0x456A, 0x6F6E, 0x6F40, 0x406E, 0x4473, 0x406F, 0x4040, 0x4040,
    0x446A, 0x406E, 0x6F6E, 0x6F40, 0x4573, 0x6E6E, 0x6E6F, 0x406F, 0x2A6A, 0x416E, 0x6F6E, 0x4143,
    0x4041, 0x4143, 0x4141, 0x4343, 0x416F, 0x4140, 0x4154, 0x4140, 0x6F6F, 0x6F41, 0x4054, 0x40BC,
    0x4040, 0x4140, 0x6F40, 0x4154, 0x4141, 0x40BC, 0x4143, 0x40BC, 0xBC54, 0x4154, 0x4340, 0x5440,
    0x6F6F, 0x6F41, 0x40BF, 0x5440, 0x546E, 0x4140, 0x6F40, 0x4040, 0x4141, 0x6F41, 0xBFBF, 0x4E70,
    0x416F, 0x406E, 0xBC6E, 0x4E43, 0x40BC, 0x6FBC, 0x6E40, 0x5FBF, 0x4041, 0x6F54, 0x5467, 0x6F6E,
    0x6740, 0x6E54, 0x4054, 0x406F, 0x546E, 0x5467, 0x407B, 0x4154, 0x4040, 0x6F40, 0x6F6F, 0x406F,
    0x4040, 0x407B, 0x6F40, 0x416F, 0x70BE, 0x4E70, 0x7070, 0x7070, 0xC24E, 0x4F43, 0x704F, 0x4B4E,
    0x4E4E, 0x4EBE, 0x4E70, 0x7070, 0x4E42, 0xC25F, 0x4E4E, 0xC04E, 0x4E4E, 0x4370, 0x4E4F, 0x7070,
    0x4E43, 0xC34E, 0x4F4E, 0x4B4E, 0x4E4B, 0x4E4E, 0x4E4E, 0x4B70, 0x4343, 0x4E42, 0x4E4E, 0x704E,
    0x4F70, 0x4F4F, 0x4F70, 0xBE70, 0x70BE, 0xBE4E, 0x4B4E, 0x8670, 0x4EC0, 0xBE70, 0x4F70, 0x7070,
    0x4F70, 0x704E, 0x4F4E, 0x704F, 0xBE70, 0x7070, 0x4F70, 0x4E70, 0x4B4E, 0x4F4E, 0x4F4E, 0x4F4E,
    0x4E4F, 0x4F4E, 0x4E4E, 0x4F70, 0x4E4E, 0x4F4E, 0x4F4E, 0x4F43, 0x7070, 0x4F70, 0x7070, 0x7070,
    0x864F, 0x7070, 0x704F, 0xC24E, 0x7086, 0x7086, 0x4F86, 0x4EBE, 0xBE4E, 0x4F4E, 0x4F4F, 0x4F4E,
    0x4E70, 0x7070, 0x4E70, 0x4EC2, 0x4F4E, 0x4F4E, 0x4F43, 0x4E43, 0x4F70, 0x4F4F, 0x4E4F, 0x434F,
    0xBF4F, 0x4E4E, 0x4E43, 0x4343, 0xBFC2, 0x4E4F, 0x434E, 0x434F, 0x434F, 0x4342, 0xBF43, 0x4E43,
    0x424F, 0x4143, 0x424E, 0x4EBF, 0xBF42, 0x4143, 0xBF43, 0x4E41, 0x4E4E, 0x414F, 0x4343, 0x4343,
    0x4F4E, 0x4341, 0x4341, 0x4E42, 0x434E, 0x43BF, 0x434E, 0xBF4E, 0xC343, 0xBF41, 0x4143, 0xBF41,
    0x4E4E, 0x4E4F, 0xBF4F, 0x424E, 0xC24E, 0x4E4E, 0x4E4E, 0x4342, 0x4E4F, 0x4E4B, 0x4E70, 0x434E,
    0x4E41, 0x4E43, 0xBF43, 0x4EBF, 0x434F, 0x4343, 0x4FC2, 0x414F, 0xBF43, 0x4342, 0x4E43, 0x4043,
    0x6FC3, 0x4343, 0x6F43, 0x4043, 0x4340, 0x4343, 0x4140, 0x5440, 0x4343, 0x4F4F, 0x4F86, 0x4F4F,
    0xBF6F, 0x4F43, 0x4F43, 0xC243, 0x416F, 0x414F, 0x4F4F, 0x4F4F, 0x406E, 0x4F40, 0x4F4F, 0x4F41,
    0x6E40, 0x5454, 0x4141, 0x4343, 0x6767, 0x6E67, 0x7B67, 0x4167, 0x6767, 0x6767, 0x7B67, 0x5454,
    0x7B95, 0x7B95, 0x7B67, 0x406E, 0x4E70, 0x414F, 0x4143, 0x414F, 0x70BE, 0x4F4F, 0x4341, 0x4041,
    0x4EC2, 0x434F, 0x4141, 0x4041, 0x4F41, 0x4341, 0x4150, 0xBC54, 0x414F, 0x41BF, 0x4041, 0x4041,
    0x4141, 0x4154, 0x4040, 0x4054, 0x4041, 0x4041, 0x5440, 0x40BC, 0x4054, 0x6E54, 0x547B, 0x5467,
    0x4143, 0x4141, 0x4143, 0x4343, 0x436F, 0x406F, 0x4141, 0x4141, 0x41BC, 0x404F, 0x4141, 0x414F,
    0xBC54, 0x6F54, 0x4140, 0x4141, 0x4141, 0x5440, 0x6F41, 0x5041, 0x6F40, 0x6F40, 0xBC6E, 0x6F54,
    0x6754, 0x546F, 0x5440, 0x6E6F, 0x6E7B, 0x4040, 0x5467, 0x406E, 0x41BF, 0x4143, 0x4141, 0xBC41,
    0xBC41, 0x4154, 0x4140, 0x4141, 0x4041, 0x40BC, 0x4141, 0x6F41, 0x4054, 0x4054, 0x4150, 0x6F40,
    0x4041, 0x4040, 0x4141, 0x4040, 0x406F, 0x406E, 0x4040, 0x4040, 0x40BC, 0x6740, 0x4054, 0x6F41,
    0x677B, 0x6767, 0x407B, 0x6E6E, 0x40BC, 0x6E40, 0x5B8A, 0x7E5B, 0x546E, 0x6E6E, 0x8A5B, 0x7E5B,
    0x6E6F, 0x7B43, 0x488A, 0x5CC5, 0x4140, 0x6E40, 0xC55B, 0x5C48, 0x4143, 0x4A6F, 0xC54A, 0x48C5,
    0x4040, 0x4A67, 0xC58A, 0x5C48, 0x6E40, 0x4A4A, 0x48C5, 0x7E48, 0x4067, 0x4A5B, 0x485B, 0x7E5C,
    0x7E95, 0xB295, 0xB2BA, 0xB295, 0x7EB2, 0xB2B2, 0xB2B2, 0xB2B5, 0xB27E, 0xB295, 0xB27E, 0xB2B2,
    0x7EB2, 0x7EB2, 0xB2B2, 0xB2B2, 0x7E95, 0x7E95, 0xB295, 0xB295, 0x5C7E, 0x957E, 0x957E, 0xB2B5,
    0x7E7E, 0x7E95, 0xB295, 0xB5B2, 0x7EB2, 0x7E7E, 0xB2B2, 0xB2B5, 0xB2BA, 0xB5B2, 0xB5B5, 0x80B2,
    0xB2B2, 0xB59F, 0x8080, 0xB59F, 0x8FB2, 0xB5B2, 0xB5B5, 0x9FB5, 0xB2B5, 0xB5B2, 0xB5B5, 0xB5B5,
    0xB5BA, 0x80B5, 0x9FB5, 0x9FB5, 0xB5B5, 0x9F9F, 0x9F9F, 0x9F9F, 0xB5B2, 0x9FB2, 0x9F9F, 0x80B5,
    0xB5B5, 0xB5B5, 0x9F9F, 0x9F9F, 0x9FB5, 0x80B5, 0x9FB5, 0x81B5, 0xB59F, 0x809F, 0xB5B5, 0x809F,
    0x9FB5, 0x9FB5, 0x80B5, 0x93B5, 0x9F9F, 0xB59F, 0xB5B5, 0x939F, 0x9F80, 0x9FB5, 0x9FB5, 0x9480,
    0x809F, 0x9F9F, 0x9F9F, 0x94AE, 0x9F9F, 0x9F9F, 0xAE9F, 0x949F, 0x9F93, 0x809F, 0x9F93, 0x7993,
    0x8083, 0x9380, 0x9410, 0x8493, 0x9393, 0x8416, 0x1684, 0x849C, 0x1693, 0x1694, 0x9C93, 0x849D,
    0x6C84, 0x8194, 0x6B16, 0x7884, 0x946C, 0x9380, 0x846C, 0x8994, 0x9384, 0x9493, 0x1089, 0x9C9C,
    0x9394, 0x8481, 0x1694, 0x8489, 0x9394, 0x6C94, 0x8416, 0x8189, 0x9494, 0xB293, 0xB27E, 0x5CA0,
    0x16A3, 0xB281, 0xB282, 0x5CA0, 0x939D, 0x8F82, 0xB27E, 0x5DA0, 0x819C, 0x8881, 0x7E82, 0x7E82,
    0x8094, 0x8388, 0x82A0, 0x8282, 0x8093, 0x7F81, 0x8F83, 0xA07F, 0x8183, 0x8380, 0x8088, 0x5DA0,
    0x8193, 0x8193, 0x8181, 0x5D83, 0x4846, 0x4848, 0x4848, 0x5B46, 0x485C, 0x48A0, 0x5C5D, 0x5B5C,
    0x5C5C, 0x5D48, 0x5C48, 0x675B, 0x5CA0, 0x485D, 0x5C5C, 0x6E95, 0x5C48, 0x5C48, 0x5B5B, 0x7B7B,
    0xC55C, 0x5BC5, 0x8A5B, 0x4A5B, 0xC5C5, 0x4242, 0x6E6F, 0x4040, 0xC587, 0x4A4A, 0x6E67, 0x406E,
    0x4A6E, 0x4343, 0x4E4E, 0x4EC2, 0x426E, 0x4240, 0x4E42, 0x434E, 0x4042, 0x4242, 0x43C3, 0x434E,
    0x4A6E, 0x416E, 0x4340, 0x4242, 0x676E, 0x426F, 0x42BF, 0x6FBF, 0x406E, 0x436E, 0x4342, 0x426F,
    0x4040, 0x426F, 0x4143, 0x43C3, 0x406E, 0x6F6E, 0x4140, 0x5F43, 0x4E4E, 0x434E, 0x434E, 0x42BF,
    0x4342, 0x4E42, 0x4242, 0x4242, 0x424E, 0x424E, 0x6F43, 0x4242, 0x446F, 0x4342, 0x4240, 0x4040,
    0x4343, 0x434E, 0x434E, 0x4043, 0x4E40, 0x4E4E, 0x4E4E, 0x4143, 0x444E, 0xC270, 0x5FC2, 0x4E4E,
    0x4E43, 0x4E4E, 0x4E4E, 0x4E43, 0x434E, 0x4042, 0x4342, 0x424E, 0x4343, 0x426F, 0x4340, 0x445F,
    0x434E, 0x43BF, 0x424E, 0x434E, 0x436F, 0x4E42, 0x4142, 0x4342, 0x6F43, 0x425F, 0x6FBF, 0x6EBF,
    0x436F, 0x4242, 0x6F42, 0x6F40, 0x42C3, 0x424E, 0x6F42, 0x6F43, 0x4140, 0x4342, 0x436F, 0x4042,
    0x434F, 0x6F43, 0x42C3, 0x4242, 0x436F, 0x436F, 0x6F6F, 0x4340, 0x6FC3, 0x43BF, 0x6F42, 0x4242,
    0x4D43, 0x4E41, 0x4242, 0x4E42, 0x9A4C, 0x404B, 0x434E, 0x4E4E, 0x9A4D, 0x403B, 0x4E42, 0x4243,
    0x9A4C, 0x6F9B, 0x425F, 0x424E, 0x381E, 0x4151, 0x5F42, 0x4E6F, 0xC24E, 0xC24E, 0x4EB6, 0x4E4E,
    0x4B5F, 0x4B4E, 0x4E4B, 0x4B4E, 0x424E, 0x704B, 0x4E70, 0x4B4B, 0x4E42, 0x704B, 0x704B, 0x704B,
    0x7070, 0x70B6, 0x4B4D, 0x4B70, 0x4B5F, 0xB64B, 0x704B, 0x4B4B, 0x4E4E, 0x70B6, 0xC04D, 0x704D,
    0x4B4E, 0x704B, 0xC04B, 0x4D4B, 0x70B6, 0x704D, 0x4B4D, 0xC04D, 0x704B, 0x4B4B, 0x4D4B, 0x4DC0,
    0x4E4B, 0x4BC0, 0xC04D, 0x4D4D, 0x704B, 0x4D4B, 0x4D4B, 0x4D4B, 0x4D4D, 0x704D, 0xC04D, 0x4D4D,
    0x4D4B, 0x4D4B, 0x704B, 0x1F4B, 0xC04D, 0x4D4D, 0xC097, 0x4D1F, 0x4D4B, 0x4DC0, 0x4DC0, 0x97C0,
    0x4D4D, 0x4D97, 0x4D97, 0x4EB6, 0x974D, 0x974D, 0x4DC0, 0x4B4B, 0xC04D, 0x4D97, 0xC04D, 0x4B4D,
    0x4BC0, 0x4D4B, 0x4DC0, 0x4D4B, 0x4DB7, 0x4D97, 0xC097, 0x4B4D, 0x974D, 0x4D4D, 0x974D, 0x97C0,
    0x4D97, 0x4DB7, 0x974C, 0xC84C, 0x4DC0, 0x4C4D, 0x974D, 0x5698, 0x4E4E, 0x425F, 0x5F5F, 0xC83B,
    0x444E, 0x5F42, 0xBF5F, 0xC898, 0x4470, 0x5F4B, 0xC44B, 0xCCAD, 0x4E4B, 0x4B5F, 0xAD98, 0x5611,
    0xC04D, 0xAD3B, 0x56AD, 0x1111, 0x98B6, 0xCC6A, 0x1156, 0xADCD, 0xC8C8, 0xCDC8, 0x6A6A, 0xCBB0,
    0xADC8, 0xA4C8, 0xABCB, 0x1CC7, 0x7498, 0x7336, 0xAC73, 0xA5AC, 0xCB6A, 0xC7C7, 0xACCB, 0x9873,
    0xCBB0, 0x4E74, 0xAB22, 0xA5AB, 0xAB6A, 0x22AB, 0xB67B, 0x741E, 0xABA4, 0xABAB, 0x4E97, 0x4B4E,
    0xABAC, 0xAC73, 0x4DCB, 0x4B4B, 0xA4AB, 0xCC6A, 0x73A4, 0x7322, 0x73AC, 0x6ACC, 0x6A0F, 0xADAD,
    0xB675, 0x456E, 0x5FC3, 0x4A45, 0x74A5, 0x6F44, 0x5F45, 0x4245, 0xABA4, 0xC4AB, 0x6F5F, 0x425F,
    0x7473, 0xC9AB, 0x6EB6, 0x4242, 0xAB74, 0x3B74, 0x5F4B, 0x5F44, 0xC45F, 0x42B6, 0x4B5F, 0x4B5F,
    0x5FC4, 0x5F5F, 0x5F5F, 0x4BB6, 0x12CC, 0x4B22, 0xB645, 0x4D4B, 0x4A42, 0x4A4A, 0x7B42, 0x6AC4,
    0x426E, 0x6F42, 0x3B6E, 0xACAB, 0x4A42, 0x6E42, 0x7444, 0xCBC9, 0x4245, 0x426E, 0x7444, 0xCBA5,
    0x5F44, 0x224B, 0xA474, 0x286A, 0x4B4B, 0xC45F, 0x6A6A, 0xC856, 0x4B4D, 0x984D, 0xC86A, 0x56C8,
    0x4D4B, 0x3BC0, 0x6ACC, 0xCD6A, 0x2A6A, 0x4154, 0x5441, 0x40BC, 0x986A, 0x416E, 0x416F, 0x4354,
    0x4473, 0x4241, 0x6F43, 0x4141, 0xC4CB, 0xC36F, 0x4E6F, 0x436F, 0xAB75, 0x4BC4, 0xBF70, 0x4343,
    0xAC56, 0x73CB, 0xA698, 0x4B6F, 0x5656, 0x6A73, 0x6A12, 0xAC3B, 0x1111, 0x6AC8, 0x6A28, 0x6AC8,
    0x6F41, 0x406F, 0x6F43, 0x4040, 0x416F, 0x6E6F, 0x6F54, 0x406E, 0x40BF, 0x4041, 0x406F, 0x4254,
    0x436F, 0x4E40, 0x406F, 0x4140, 0x43BF, 0x4343, 0x42C3, 0x43BF, 0x4E3B, 0xBF6F, 0x4E40, 0x4142,
    0xCBAB, 0x4321, 0x4341, 0x424E, 0x6A6A, 0x3AAD, 0x41C2, 0x4B4E, 0x406F, 0x6E6F, 0x6E40, 0x6F6F,
    0x6F54, 0x406E, 0x406E, 0x4340, 0x5441, 0x406F, 0x6E40, 0x4241, 0x6E40, 0x4154, 0x6767, 0x4295,
    0x6F43, 0x4041, 0x7B6F, 0x4067, 0x6F54, 0x406F, 0x416E, 0x6F6E, 0x6F54, 0x5443, 0x426F, 0x42BF,
    0xC342, 0xC35F, 0x4342, 0x4E42, 0x434E, 0x43C3, 0x4B4E, 0x4BBE, 0x4E41, 0x4E42, 0xC24B, 0x704E,
    0x426F, 0x4E4E, 0x4E70, 0x704D, 0x436F, 0x4E5F, 0x4B4E, 0x4D4B, 0x4E4E, 0x4E4B, 0x704B, 0x704D,
    0x4E6F, 0x704E, 0x4E4E, 0x4D4B, 0x4E4E, 0x4D4D, 0xC270, 0x974D, 0x704E, 0xC04B, 0x4D4B, 0x974D,
    0x4E86, 0xC24F, 0xBF70, 0x4F4F, 0x4E4E, 0xBE4E, 0x4F4E, 0x4F4E, 0x43BF, 0x4E4F, 0x4E70, 0x43BE,
    0x4E6F, 0x4E4E, 0x4E4E, 0x4E4E, 0x4E4E, 0x42C2, 0x4E4F, 0x4E4F, 0x436F, 0x4142, 0x4341, 0x6F40,
    0x4041, 0x4040, 0x4041, 0x6E6F, 0x6E67, 0x4A67, 0x4A5B, 0x4A6E, 0x4E4F, 0x4E4F, 0x4EC2, 0x434E,
    0x704E, 0x4E4E, 0x4F4E, 0x4343, 0x4E4E, 0x4FBE, 0x434F, 0x4043, 0x4E43, 0x5F43, 0x4040, 0x4054,
    0xBF4F, 0x4043, 0x6740, 0x5B40, 0x4140, 0x6740, 0x677B, 0x485B, 0x7B67, 0x5B4A, 0x5B5B, 0x488A,
    0x5B48, 0xC55B, 0x4848, 0xC548, 0x434F, 0x4141, 0x4143, 0x4143, 0x4E43, 0x4243, 0x4141, 0x4341,
    0x6F41, 0x4041, 0x6F4E, 0x6F43, 0x6E67, 0x407B, 0x4040, 0x6E67, 0x5B7B, 0x5B5B, 0x6E40, 0x6E40,
    0x675B, 0x5C5C, 0x5B5C, 0x6E67, 0x4848, 0x5D48, 0x5C48, 0x5B5B, 0x4887, 0x485D, 0x5C5E, 0x48A0,
    0x434F, 0x4143, 0x4041, 0x6741, 0x6F42, 0x6F40, 0x4040, 0x7B6E, 0x4041, 0x4041, 0x4040, 0x6742,
    0x4067, 0x4040, 0x4040, 0x4A40, 0x6E40, 0x4040, 0x4042, 0x4A42, 0x4040, 0x406E, 0x4067, 0x8A6E,
    0x6E40, 0x674A, 0x5BC5, 0x5CC5, 0x8A5B, 0x4848, 0x5CA0, 0x5C87, 0x5B67, 0x955B, 0x5B6E, 0x6767,
    0x5B5C, 0x5C5C, 0x5B95, 0x5B5B, 0x5C5B, 0x485B, 0x5C5B, 0x5B46, 0x5C5C, 0x485C, 0x5CA0, 0x5B5C,
    0x5C5B, 0x5D48, 0x5C5D, 0x4848, 0x5C48, 0x8FA0, 0x8280, 0x5D82, 0x885D, 0x8082, 0x93B5, 0x9F9F,
    0x8081, 0x8181, 0x9393, 0x9316, 0x7B40, 0x9567, 0x6767, 0x6740, 0x6767, 0x5B5B, 0x7B5B, 0x6E67,
    0x5B5B, 0x5B4A, 0x5B46, 0x675B, 0x4848, 0x8A48, 0x5B5C, 0x4848, 0x4846, 0x5C46, 0x4848, 0x5C5C,
    0x5C5D, 0x5C5D, 0x485C, 0xA0A0, 0x828F, 0x8282, 0x5D5C, 0x827E, 0x9F93, 0x889F, 0xA088, 0x7E82,
    0x6E7B, 0x4040, 0x406F, 0x6E40, 0x6E7B, 0x4067, 0x4040, 0x676E, 0x5B8A, 0x6E4A, 0x6E40, 0x6740,
    0x5B5C, 0x8A5B, 0x8A5B, 0x5B5B, 0x4846, 0x485B, 0x5BC5, 0x5C5B, 0x5CA0, 0x5CA0, 0x5C5C, 0x8110,
    0xB28F, 0x837E, 0x846C, 0x6B9D, 0x8FB5, 0x6B93, 0x6B89, 0x1689, 0x6754, 0x6E54, 0x6E40, 0x4A40,
    0x6767, 0x675B, 0x5B5B, 0x4A48, 0x485B, 0x5D5B, 0xA07E, 0x485C, 0x485C, 0x5D5C, 0x8FA0, 0xA08F,
    0x5C48, 0x5C48, 0xA05C, 0x8F8F, 0x5C5D, 0x7E5C, 0xB27E, 0x8080, 0x8F81, 0x8F7E, 0xB5B2, 0x80B5,
    0x8080, 0x8080, 0x8080, 0x9F80, 0x4A42, 0x464A, 0x48C5, 0xB25C, 0xC58A, 0x4848, 0x5C5C, 0x8F8F,
    0x5CC5, 0x5C46, 0xA05C, 0xB5B2, 0x5CA0, 0x5C5C, 0xB58F, 0xB59F, 0xAFB5, 0xB5B2, 0xB5B2, 0x9FB5,
    0xB580, 0x9F9F, 0x809F, 0x9F9F, 0x80AF, 0x9FB5, 0x9F80, 0x9FB5, 0x9F93, 0x9F93, 0x9F93, 0x809F,
    0xB2B2, 0xB27E, 0xB295, 0xB5B2, 0x8FB5, 0xB2B5, 0x8FB2, 0xB59F, 0xB5B5, 0xB5B5, 0x9FB5, 0xAF8F,
    0xB59F, 0xB5B5, 0xB580, 0xB59F, 0x9FB5, 0x9F80, 0xB5B5, 0x9FB5, 0x9F9F, 0xB59F, 0x9F9F, 0x9F9F,
    0x9FB5, 0x9FB5, 0x9FB5, 0x9F80, 0x9F9F, 0x9F9F, 0x809F, 0x9F9F, 0x808F, 0x9FB5, 0x9FB5, 0x939F,
    0xB580, 0x809F, 0xB5B5, 0x9F9F, 0x9F80, 0x9FB5, 0x80B5, 0xB58F, 0x9F9F, 0x9F9F, 0x889F, 0xB588,
    0x9F80, 0x9F80, 0x8080, 0x8088, 0x8093, 0x8080, 0x809F, 0x809F, 0x9F9F, 0x8088, 0x8180, 0x9F8F,
    0x9FAE, 0x7F81, 0x8081, 0x8F83, 0x9F83, 0x939F, 0x9F80, 0x9393, 0x939F, 0x9F93, 0x93AE, 0x9416,
    0x9FB5, 0x9F80, 0x9F80, 0x8083, 0xB2AF, 0x8F8F, 0x8883, 0x8393, 0x808F, 0x808F, 0x838F, 0x8080,
    0x8080, 0x8080, 0x7F80, 0x8181, 0x9F8F, 0x9380, 0x7F7F, 0x9381, 0x8883, 0x7F81, 0x827F, 0x7F83,
    0x9393, 0x846C, 0x8410, 0x9394, 0x9493, 0x93A3, 0x9393, 0x8193, 0x9383, 0x9383, 0x9493, 0x8381,
    0x7F80, 0x8381, 0x9493, 0x7F81, 0x7F7F, 0x817F, 0x937F, 0x7F7F, 0x8181, 0x7F7F, 0x9381, 0xA093,
    0x817F, 0x5D5D, 0x81A0, 0x5D5E, 0x7F83, 0x5DA0, 0xA07F, 0x5C5D, 0x8183, 0x817F, 0x7F88, 0xA07F,
    0x8381, 0x9381, 0x8293, 0xA083, 0x817F, 0x8188, 0x7F81, 0x5E5D, 0x7F81, 0xA07F, 0x8110, 0x5C82,
    0x8288, 0x5DA0, 0x815D, 0x5D7F, 0x5D7F, 0xA07F, 0x5D5D, 0xA07F, 0x5D5D, 0xA05D, 0xA05D, 0x5D48,
    0x5DA0, 0x5CA0, 0x5D5E, 0x485E, 0x5B48, 0x6E4A, 0x4A4A, 0x4A40, 0x8AA0, 0x4A42, 0x424A, 0x4067,
    0x4648, 0x6E42, 0x674A, 0x4040, 0x5B48, 0x6E6E, 0x675B, 0x4A67, 0x6E5B, 0x6E4A, 0x406F, 0x406E,
    0x5B5D, 0x4A5B, 0x406E, 0x4A6E, 0x5C48, 0x424A, 0x4A42, 0x6740, 0x485C, 0x4A5B, 0x4A6E, 0x4067,
    0x4A6E, 0x4A6F, 0x6F42, 0x43BF, 0x4040, 0x4067, 0x6F40, 0x4E42, 0x406F, 0x4040, 0x4042, 0x5F4E,
    0x4267, 0x6F6E, 0x6F40, 0x4E42, 0x4042, 0x6E42, 0x4342, 0x4343, 0x6F6E, 0x6F40, 0xBF6F, 0x6F40,
    0x4040, 0x6F43, 0x6F43, 0x4041, 0x4A7B, 0x4240, 0x4140, 0x4141, 0x4E4E, 0x4EC2, 0x4E4B, 0x43BF,
    0x4E4E, 0x4342, 0x4E42, 0x4342, 0x4EC2, 0x43C3, 0x434E, 0x42BF, 0x4342, 0x4E42, 0x436F, 0x4240,
    0x4243, 0x43BF, 0x424E, 0x4043, 0x4340, 0x426F, 0x4242, 0x6F40, 0x426F, 0x404E, 0x6F6F, 0x6F42,
    0x6F40, 0x4240, 0x4340, 0x4240, 0x6F4E, 0x43C3, 0x5F4F, 0x6F4E, 0x4242, 0x4342, 0x4E43, 0x5F42,
    0x4242, 0x42C3, 0x43C3, 0x4D42, 0x4240, 0x4342, 0x4340, 0x356F, 0x4243, 0x4242, 0x6F42, 0x216F,
    0x436F, 0x426F, 0x424A, 0x6F7B, 0x6F43, 0x42BC, 0x4342, 0x2121, 0x6F42, 0x424A, 0x5167, 0xCA9A,
    0x9B35, 0x6F32, 0x5F4B, 0x4B4E, 0x9B9B, 0x4E1E, 0x4B5F, 0x4B44, 0xCA9A, 0x421F, 0x4E4E, 0x4E4B,
    0xCA38, 0x4E4E, 0x4E5F, 0xC25F, 0xCA38, 0x3B35, 0x4E4E, 0x4E4B, 0x9A51, 0x359A, 0x4B42, 0x4B4E,
    0x38CA, 0x3899, 0x4E4B, 0xC04D, 0x9B12, 0x519A, 0x7044, 0x4B4E, 0x4B4B, 0x4B4B, 0x4B4B, 0xC0C0,
    0x4B4B, 0x704B, 0x4B4B, 0xC04B, 0x4B70, 0x4B70, 0x4BC0, 0xC04D, 0x4E4E, 0x4B4B, 0x4D4B, 0x4DC0,
    0x70B6, 0x704B, 0xC097, 0x4D97, 0x704B, 0x4D4B, 0x1F4D, 0x97C0, 0x704D, 0x4DC0, 0x4D97, 0x97B7,
    0xC04B, 0x4D70, 0x974D, 0xB797, 0xC04D, 0xC04D, 0x4D97, 0x4DB7, 0x97C0, 0x4DC0, 0x4C4D, 0x973B,
    0x4D97, 0x4D4C, 0x9797, 0x4CB7, 0x974D, 0x974D, 0x4C97, 0x1D4C, 0x4DB7, 0x97B7, 0xB7B7, 0x4CB7,
    0x974D, 0xB797, 0xB74C, 0x574C, 0x974C, 0x4CB7, 0x4CB7, 0x4C57, 0xB74C, 0x574C, 0x2C4C, 0xB74C,
    0x97B7, 0x97B7, 0xB71D, 0x98B7, 0xB797, 0x4C97, 0x574D, 0xAD3B, 0x4C1D, 0xB7B7, 0x4CB7, 0x2C21,
    0x4C97, 0xB74C, 0x2C4C, 0x2C2C, 0xB7B7, 0x4CB7, 0x2C2C, 0x2C2C, 0xB74C, 0x4C4C, 0x2C4C, 0x742C,
    0x4C57, 0x4C2C, 0xC464, 0xB0C7, 0x574C, 0x6457, 0xCD6A, 0xC856, 0xA5B0, 0xCB74, 0xC435, 0x742C,
    0x2C22, 0xC4C4, 0x574C, 0xABC7, 0x4C2C, 0x572C, 0x3A2C, 0xABAB, 0x2C2C, 0x2C2C, 0xABC7, 0xABCB,
    0x2C2C, 0x982C, 0xA4AD, 0xA5A4, 0xC4C7, 0xC873, 0x0F11, 0xAC6A, 0xCCA4, 0x11CC, 0x5656, 0xABA5,
    0x1156, 0x1111, 0xC8C6, 0x35AC, 0xA41C, 0x6A73, 0xAD6A, 0xADCB, 0x74AB, 0xAC73, 0xABCB, 0xCBCB,
    0x74AB, 0xAB74, 0xCB74, 0xABAB, 0xAB74, 0xABCB, 0x74CB, 0xABCB, 0x361C, 0xABAB, 0xABC9, 0xCB74,
    0x6430, 0x7430, 0x74AC, 0x303A, 0x302F, 0x302F, 0x302F, 0x302F, 0x3030, 0x3030, 0x2F30, 0x2F30,
    0xC86A, 0xC7B0, 0x4D4C, 0x4D4D, 0x98A4, 0xC973, 0x4CCB, 0x4DC0, 0x74C9, 0xCB3A, 0xC7AB, 0xB7B7,
    0xABCB, 0x36C4, 0xABCB, 0xB74C, 0xCBC9, 0x2CC4, 0xC999, 0x5757, 0x30C7, 0xC42C, 0xC456, 0x6A98,
    0x2F64, 0x56C4, 0xC811, 0x56C8, 0x9821, 0x11C6, 0xC8C6, 0x11C6, 0x97B7, 0x4DB7, 0x3B22, 0xA5AB,
    0x4C4D, 0x974D, 0x22B6, 0xABAC, 0xB757, 0x284C, 0xC8C8, 0xABAC, 0x98B7, 0x5656, 0x6A56, 0xA4C8,
    0x5622, 0x5656, 0x116A, 0x5611, 0x5656, 0x5656, 0x1111, 0xC8C6, 0x5656, 0x56C8, 0x1156, 0xC856,
    0x6A56, 0xC80F, 0x280F, 0xB028, 0xC86A, 0x6A6A, 0xC86A, 0x56C8, 0x6AA5, 0x6A28, 0xC86A, 0xC856,
    0xA5AB, 0x6A12, 0x6A73, 0x6A6A, 0xABCB, 0xACCB, 0xCB73, 0x73AC, 0xA4A5, 0xACA5, 0xCBAB, 0xC474,
    0x73AD, 0x736A, 0xABA5, 0x97C4, 0xCC12, 0x6A6A, 0xA56A, 0xB751, 0x6A6A, 0xC8CC, 0x6A0F, 0xC46A,
    0xC86A, 0x6A28, 0x1F36, 0x4E4E, 0x6AC8, 0x6AC8, 0xA46A, 0x701E, 0xC86A, 0x6A6A, 0x6A6A, 0xC7A5,
    0x6A28, 0x6A0F, 0x280F, 0xA4C8, 0x73B0, 0xA4AC, 0xC86A, 0x56C8, 0xAB3A, 0x74AB, 0xA4A5, 0xADC8,
    0xA52C, 0xC7CB, 0x3A57, 0xC73A, 0x6A73, 0xA428, 0xB7C4, 0xB74C, 0x4E4B, 0x42BF, 0x424E, 0x4E43,
    0x704E, 0x4E4E, 0x4E42, 0x4B5F, 0x4B4D, 0x704D, 0x4B4B, 0x4E4B, 0x4DC7, 0x4D4B, 0x704B, 0x4D4B,
    0xC775, 0x4D97, 0x4B4D, 0x4D4D, 0x74CB, 0x4C4D, 0x9797, 0x974D, 0x2274, 0x4CB7, 0x4CB7, 0x4CB7,
    0xB74C, 0x574C, 0x4C4D, 0x574C, 0x4B4D, 0x4B4B, 0x4DB7, 0x974D, 0x704E, 0x4B4B, 0x4C4D, 0x4C4D,
    0x4B70, 0x4DB7, 0x974D, 0x4CB7, 0xC04B, 0x974B, 0x4C4D, 0x4C4C, 0x4DB7, 0x974D, 0x4CB7, 0x4CB7,
    0xB74D, 0x4C97, 0x574C, 0x2C4C, 0xB71D, 0x97B7, 0x4CB7, 0x2C2C, 0xB74C, 0xB74C, 0x574C, 0xC42C,
    0x8A4A, 0x674A, 0x4A4A, 0x48C5, 0xC5C5, 0xC548, 0x4848, 0x5D5D, 0xC5C5, 0x5C48, 0x8748, 0x5D48,
    0x48A0, 0x5D5D, 0x5D82, 0xA0A0, 0xA05D, 0xA048, 0xA082, 0x7F82, 0x7F7F, 0x7F7F, 0x827F, 0x7F7F,
    0x817F, 0x8181, 0x8181, 0x817F, 0x9316, 0x1094, 0x1016, 0x8193, 0x5C48, 0x4848, 0x4848, 0x4848,
    0x5D5D, 0x5CA0, 0x5D5D, 0x5CA0, 0xA05D, 0xA05D, 0xA05D, 0x7F5D, 0xA07F, 0x7F7F, 0x8281, 0x937F,
    0x7F7F, 0x7FA0, 0x8188, 0x9410, 0x7F81, 0x1083, 0x1094, 0x1616, 0x817F, 0x6C10, 0x9494, 0x9479,
    0x8484, 0x9484, 0x9416, 0x9494, 0x4848, 0xA048, 0x7FA0, 0xA088, 0x5DA0, 0xA0A0, 0x8181, 0x7F81,
    0x7F7F, 0x7FA0, 0x8181, 0x9388, 0x7F93, 0x7F81, 0x7F79, 0x9D94, 0x9381, 0x8110, 0x797F, 0x8978,
    0x9416, 0x9384, 0x9D16, 0x8977, 0x9494, 0x9410, 0x779D, 0x7789, 0x6C84, 0x9D6C, 0x7777, 0x7777,
    0x5D5C, 0x5D48, 0x5D5D, 0x887E, 0x8081, 0x8183, 0x8281, 0x9380, 0x1616, 0x9383, 0x9F9F, 0xAE81,
    0x6C6B, 0x8194, 0x9493, 0x846C, 0x9D9D, 0x9410, 0x7894, 0x776B, 0x6C89, 0x9D84, 0x9C9C, 0x7777,
    0x9C6B, 0x6B6B, 0x899D, 0x7677, 0x9C6B, 0x6B77, 0x7777, 0x7776, 0x9F80, 0x9480, 0xAE93, 0xAE93,
    0x9494, 0x9316, 0x1694, 0x9D6B, 0x9C6C, 0x9494, 0x7894, 0x776B, 0x7777, 0x846B, 0x9D9C, 0x7776,
    0x7789, 0x6B77, 0x776C, 0x7776, 0x7777, 0x8977, 0x7677, 0x8976, 0x8977, 0x899D, 0x7677, 0x7777,
    0x9C77, 0x7789, 0x7676, 0x8977, 0x93AE, 0x9F9F, 0x80B5, 0x9F8F, 0x9484, 0x9394, 0x819F, 0x84AE,
    0x166B, 0x946C, 0x169F, 0x8484, 0x9484, 0x9484, 0x6C16, 0x8984, 0x896C, 0x949C, 0x6C10, 0x779D,
    0x8989, 0x8489, 0x9D9C, 0x7777, 0x8989, 0x9C9D, 0x779C, 0x7777, 0x6B77, 0x6C9C, 0x7677, 0x7776,
    0x8183, 0x896B, 0x6B6B, 0xB5A3, 0x9D9C, 0x8977, 0x9C77, 0x8FAE, 0x7789, 0x7789, 0x169C, 0x80B5,
    0x7776, 0x8477, 0x80AE, 0x8080, 0x7777, 0x9F6C, 0xB58F, 0xAEB5, 0x6B76, 0x9F93, 0xAF80, 0x9380,
    0xA377, 0x9FB5, 0x9F80, 0x939F, 0x8184, 0x809F, 0x9F93, 0x93AE, 0x80B2, 0x80B5, 0x80B5, 0x9F80,
    0x8080, 0x9F9F, 0x9F9F, 0x9FAE, 0x939F, 0x939F, 0xAE9F, 0x9F80, 0x9393, 0x9F93, 0xAEAE, 0x9316,
    0x939F, 0xAE81, 0x939F, 0xAE93, 0x9F93, 0x93AE, 0x8093, 0xAEAE, 0x939F, 0xAE93, 0x939F, 0x9F9F,
    0x93AE, 0xAE16, 0xAEAE, 0x8093, 0x9F9F, 0x9F9F, 0x9F9F, 0x9F81, 0x9F9F, 0x809F, 0x9F9F, 0xAE93,
    0x9F9F, 0x9F9F, 0x9380, 0x809F, 0x81AE, 0x9F9F, 0x81AE, 0x7F93, 0x9F9F, 0x8180, 0x809F, 0x8388,
    0x8193, 0x8393, 0x7F81, 0x8883, 0x8080, 0x88A0, 0x8182, 0x8280, 0x8181, 0x8180, 0x8283, 0xA088,
    0x9F83, 0x9F80, 0x8080, 0x939F, 0x8093, 0x8093, 0x8080, 0x809F, 0x8080, 0x818F, 0x8088, 0x8182,
    0x8F83, 0x88AF, 0x9F80, 0x8183, 0x8282, 0x82A0, 0x8882, 0x8188, 0xB282, 0xB28F, 0x828F, 0x8F8F,
    0x8FA0, 0x5D7E, 0x7E7E, 0xA07E, 0xA08F, 0x5C7E, 0x5C5C, 0x5C7E, 0x8180, 0x8381, 0x8382, 0x8F7F,
    0x8193, 0x7F80, 0x8288, 0x827F, 0x8080, 0x7F88, 0xA0A0, 0x827E, 0x8283, 0x827F, 0x5D82, 0xA0A0,
    0x8888, 0x5DA0, 0x5D5D, 0x5C5C, 0x7E8F, 0x5DA0, 0x5C82, 0x4848, 0xA0A0, 0x4848, 0x4848, 0x48C5,
    0x5D5D, 0xC55C, 0xC548, 0xC5C5, 0x8F8F, 0x5D7E, 0x5D7E, 0x7FA0, 0x827F, 0x5CA0, 0x5D5D, 0x5D7F,
    0x88A0, 0x5D7E, 0xA0A0, 0x5D5D, 0x5D88, 0x5CA0, 0xA0A0, 0xC5A0, 0x4848, 0x48C5, 0x5D46, 0xC548,
    0xC548, 0x4AC5, 0x4AC5, 0xC5C5, 0x45C5, 0xC545, 0x4AC5, 0xC545, 0x4A87, 0x454A, 0x48C5, 0xC5C5,
    0xA05D, 0x5D5D, 0x5D5D, 0x5D48, 0x5D7F, 0x4848, 0x4848, 0x5C5D, 0x4848, 0xC5C5, 0xC545, 0x48C5,
    0xC5C5, 0x4AC5, 0xC548, 0x4648, 0xC545, 0xC5C5, 0x48C5, 0x4848, 0x4AC5, 0x4648, 0x8A48, 0x5B48,
    0xC54A, 0x8AC5, 0xC5C5, 0xC5C5, 0x428A, 0xC5C5, 0xC548, 0xC546, 0xA048, 0x5D48, 0x5D48, 0x5C48,
    0x485C, 0x485E, 0x485C, 0x4848, 0x48C5, 0x4848, 0x5BC5, 0xC5C5, 0x4848, 0xC546, 0x5B48, 0xC548,
    0x485B, 0x46C5, 0xC54A, 0x468A, 0xC55B, 0x4A48, 0x4A46, 0xC55B, 0xC5C5, 0xC5C5, 0x5BC5, 0xC54A,
    0xC548, 0xC5C5, 0x8A48, 0x4AC5, 0x4646, 0x678A, 0x4A40, 0x675B, 0x4648, 0xC55B, 0x4A67, 0x675B,
    0x484A, 0x4A4A, 0x5B4A, 0x6E4A, 0x46C5, 0x4A5B, 0x4A6E, 0x5B67, 0x674A, 0x678A, 0x6E8A, 0x5B8A,
    0x4A8A, 0x6767, 0x5B5B, 0x5B5B, 0x4A4A, 0x5B4A, 0x674A, 0x5B6E, 0x4A46, 0x4AC5, 0x6E67, 0x5B5B,
    0x676E, 0x6F6F, 0x4343, 0x4241, 0x406E, 0x426E, 0x4343, 0x4E40, 0x6EC5, 0x4042, 0x6F43, 0x6F42,
    0x405B, 0x4A4A, 0x6F40, 0x406E, 0x6E7B, 0x4040, 0x406F, 0x406F, 0x6748, 0x4067, 0x4040, 0x424A,
    0x5B5B, 0x4A6E, 0x4A40, 0x6F42, 0x405B, 0x4067, 0x6F6E, 0x424A, 0x4143, 0x4343, 0x6F41, 0x4041,
    0x4341, 0x4342, 0x6F40, 0x426F, 0x4041, 0x4243, 0x42C3, 0x42BF, 0x4141, 0x5F42, 0x436F, 0x5F41,
    0x4043, 0x4241, 0x4343, 0x434E, 0x4040, 0x4341, 0x4343, 0x4E4E, 0x6F42, 0x4243, 0x424E, 0x4E4E,
    0x426E, 0x4141, 0x5F40, 0x4E43, 0x4243, 0x4242, 0x2F40, 0xCA99, 0x4340, 0x4240, 0x436F, 0x7373,
    0x4242, 0x4243, 0x6FBF, 0xCA1F, 0x4342, 0x426F, 0x5F42, 0x9B4D, 0x434E, 0x424E, 0x4E4B, 0x121E,
    0x4341, 0x4E42, 0x7042, 0x1212, 0x434E, 0x4B4B, 0x4E4E, 0x7321, 0x4E4E, 0xC35F, 0x216F, 0x9B38,
    0x3851, 0x709A, 0x4B70, 0x704B, 0x9A73, 0x1D9A, 0xB64E, 0x704E, 0x38CA, 0x5199, 0x4B4E, 0x704D,
    0x9A51, 0x519A, 0x4B42, 0x704B, 0x9ACA, 0x4C99, 0x4EBF, 0x704D, 0x9A12, 0x5F51, 0x4E42, 0x4D4B,
    0x389B, 0x406F, 0x5FC3, 0x4B70, 0x3851, 0x4B51, 0x4E6F, 0x4BC2, 0x4B4D, 0x4D4D, 0x97B7, 0x571D,
    0x4D4B, 0x4DC0, 0xB74D, 0x574C, 0x704D, 0x9797, 0x97B7, 0x571D, 0x4D4B, 0x974D, 0x4C97, 0x574C,
    0x4D4D, 0x4D4C, 0x4C1D, 0x4CB7, 0x4D4B, 0x974D, 0x4C4D, 0x574C, 0x4D70, 0x4D4C, 0x974C, 0x5757,
    0x4D4B, 0x974D, 0x1D97, 0x2C4C, 0x5757, 0x5757, 0x2C2C, 0x2C57, 0x574C, 0x2C4C, 0x2C57, 0xAC73,
    0x4C57, 0x2C2C, 0x7321, 0xCCAD, 0x574C, 0xC457, 0xCCC7, 0x6ACD, 0x572C, 0xAC21, 0xCC75, 0xCCCC,
    0x2C4C, 0xC7C7, 0xACCB, 0x736A, 0x2C2C, 0x3A64, 0x3A74, 0x6464, 0x2C22, 0x322C, 0x2C75, 0x30C4,
    0xC421, 0xADC7, 0xC656, 0xC8CD, 0xAD73, 0xC80F, 0xC856, 0xC8C8, 0x6A6A, 0xCC12, 0xADCC, 0xCDCC,
    0x6A28, 0xCCCC, 0xCBCC, 0xCCAD, 0x6A6A, 0xA4A4, 0x74CB, 0xAC74, 0x3622, 0x74AC, 0x3036, 0x3230,
    0x6430, 0x6430, 0x3030, 0x2F32, 0x3021, 0x2F30, 0x3230, 0x3532, 0x11C8, 0xCD11, 0xB0AD, 0x3535,
    0x1111, 0xCB56, 0x3674, 0x736A, 0xC8C8, 0xCBCB, 0x6A35, 0x6A6A, 0xB0CC, 0x35AC, 0xAD74, 0x6A56,
    0x741C, 0xAC32, 0xA5AB, 0x73C8, 0x3532, 0x7432, 0x3632, 0x56C6, 0x3232, 0x3535, 0xC836, 0xC656,
    0x322F, 0x3532, 0xC86A, 0x5656, 0x2F35, 0x3032, 0x3232, 0x3535, 0x3232, 0x3230, 0x3532, 0x3532,
    0x3232, 0x3235, 0x3535, 0x3235, 0x322F, 0x3532, 0x3532, 0x3535, 0x351C, 0x3535, 0x3535, 0x1C35,
    0x1C36, 0x3535, 0x3535, 0x9A32, 0xA556, 0x351C, 0x1C1C, 0x9A99, 0xC6C6, 0x1C6A, 0x3835, 0x9999,
    0xC628, 0x11C6, 0x730F, 0x6AC4, 0xC656, 0xA456, 0x35AC, 0x352F, 0x3632, 0x9A1C, 0x3299, 0x3232,
    0x382F, 0x99C9, 0x32C9, 0x3532, 0x1C1C, 0x9999, 0x1C99, 0x3535, 0x1CC9, 0x99C9, 0x1C99, 0x3535,
    0x1C9A, 0x9999, 0x1C99, 0x351C, 0x1C75, 0x99C9, 0x38C9, 0x1C35, 0xCB75, 0x12A5, 0x7436, 0xABAB,
    0x7474, 0x3032, 0x1C30, 0xABCB, 0x2F35, 0x3232, 0x7432, 0xACAB, 0x3232, 0x3232, 0x352F, 0x73AB,
    0x3535, 0x3235, 0x3535, 0xA538, 0x3535, 0x3532, 0x1C35, 0x74AB, 0x351C, 0x3535, 0x3535, 0x1CAB,
    0x3535, 0x3535, 0x7373, 0xA473, 0x6AAC, 0xC86A, 0x6A6A, 0x6A12, 0xAC74, 0x6AAD, 0x6AC8, 0xAD6A,
    0x3236, 0x3035, 0x6AC4, 0x6A12, 0xC456, 0x302F, 0x3064, 0xB0AC, 0xCE56, 0x2FC4, 0x3032, 0x7435,
    0x1156, 0xC4C6, 0x302F, 0x3230, 0xC6C4, 0x1111, 0x2FC4, 0x3235, 0x1156, 0xC6C6, 0x36C6, 0x3535,
    0x2812, 0x56C8, 0x2C98, 0x2C2C, 0xC828, 0x5656, 0xC411, 0x2C2C, 0xC86A, 0x110F, 0x6A11, 0x642F,
    0x6AAD, 0x5656, 0x9811, 0x3030, 0xACAB, 0xC86A, 0x3236, 0x3032, 0x3230, 0x3230, 0x322F, 0x3230,
    0x3232, 0x3235, 0x3235, 0x9A35, 0x3264, 0x3532, 0x3532, 0x9938, 0x2C2C, 0x572C, 0x4C2C, 0x2C2C,
    0xC42C, 0x212C, 0x2C2C, 0x2C2C, 0x2164, 0x6464, 0x2C64, 0x2CC4, 0x30C4, 0x3064, 0x3064, 0x6421,
    0x3030, 0x302F, 0x3032, 0x302F, 0x1C1C, 0x3230, 0x3230, 0x3830, 0x9999, 0x329A, 0x1C35, 0x9938,
    0x9999, 0x35C9, 0x99C9, 0x9999, 0x572C, 0x4C2C, 0x2C2C, 0x2CC4, 0x2C4C, 0x2C4C, 0x2C4C, 0x642C,
    0x2C2C, 0x2CC4, 0x2C2C, 0x6464, 0xC42C, 0x64C4, 0x30C4, 0x3064, 0x6432, 0x302F, 0x302F, 0x3030,
    0x38C9, 0x2F30, 0x2F30, 0x3230, 0x9999, 0x301C, 0x2F32, 0x3232, 0x99C9, 0x3238, 0x732F, 0x73CC,
    0x9C6C, 0x8494, 0x9310, 0x9410, 0x6C6C, 0x8484, 0x1094, 0x7784, 0x6B6C, 0x6C9D, 0x6C94, 0x776B,
    0x6B89, 0x6C89, 0x9C84, 0x8977, 0x9C6B, 0x846C, 0x9C94, 0x7677, 0x6C77, 0x6C6C, 0x9D9C, 0x7676,
    0x849D, 0x8494, 0x896C, 0x7676, 0x8484, 0x6C84, 0x7789, 0x7676, 0x9C6C, 0x9C78, 0x6C10, 0x6C94,
    0x6B89, 0x7776, 0x6C9D, 0x6C84, 0x7689, 0x8977, 0x9D6C, 0x6C6C, 0x7677, 0x8977, 0x9D89, 0x9C6C,
    0x7777, 0x7777, 0x6B9D, 0x779C, 0x7776, 0x8977, 0x9C89, 0x7789, 0x7677, 0x8989, 0x899D, 0x7789,
    0x7776, 0x8977, 0x8977, 0x7776, 0x6C94, 0x779D, 0x7777, 0x8977, 0x9D9C, 0x7777, 0x7777, 0x6B77,
    0x779D, 0x7677, 0x7777, 0x899D, 0x7777, 0x7677, 0x8976, 0x8989, 0x7777, 0x7677, 0x896B, 0x776B,
    0x7776, 0x7776, 0x7777, 0x7677, 0x7677, 0x8977, 0x7789, 0x7677, 0x7676, 0x8977, 0x7777, 0x7676,
    0x896C, 0x896B, 0x7678, 0x7777, 0x899C, 0x7777, 0x7676, 0x8976, 0x779D, 0x7677, 0x7676, 0x7777,
    0x7676, 0x7676, 0x7776, 0x7777, 0x7677, 0x7676, 0x7777, 0x766B, 0x7676, 0x7676, 0x8977, 0x7676,
    0x7676, 0x7676, 0x896B, 0x7677, 0x7676, 0x7776, 0x9C89, 0x7677, 0x8989, 0x7677, 0x7776, 0x896B,
    0x7777, 0x7676, 0x7776, 0x8977, 0x766B, 0x7676, 0x7777, 0x7789, 0x7676, 0x7676, 0x7777, 0xA145,
    0x7676, 0x7777, 0xA1A1, 0xA2A1, 0x7676, 0xA176, 0xB3A2, 0xB3B3, 0x7677, 0xA2A1, 0xB3B3, 0xB3B3,
    0x4576, 0xB3A2, 0xB3B3, 0xB3B3, 0x7789, 0x9C9D, 0x7677, 0x6B77, 0x8977, 0x7789, 0x7776, 0x809C,
    0x8977, 0xA145, 0xA1A1, 0xA1A1, 0xA1A1, 0xA2A1, 0xB3B3, 0xB3B3, 0xB3B3, 0xB3B3, 0xB3B3, 0xB3B3,
    0xB3B3, 0xB3B3, 0xB3B3, 0xB3B3, 0xB3B3, 0xB3B3, 0xB3B3, 0xB3B3, 0xB3B3, 0xB3B3, 0xB3B3, 0xB3B3,
    0x9FAF, 0xAFB5, 0x8088, 0x939F, 0x8380, 0x8380, 0x8380, 0x9F93, 0x45A1, 0x8382, 0x8080, 0x9380,
    0xA1A2, 0xA1A1, 0x45A1, 0x9380, 0xB3B3, 0xB3B3, 0xA1A2, 0xA1A1, 0xB3B3, 0xB3B3, 0xB3B3, 0xA2B3,
    0xB3B3, 0xB3B3, 0xB3B3, 0xB3B3, 0xB3B3, 0xB3B3, 0xB3B3, 0xB3B3, 0x9393, 0x9393, 0x939F, 0x939F,
    0x9393, 0x9316, 0x8193, 0x8393, 0x1693, 0x9493, 0x9393, 0xAF83, 0x9393, 0x9493, 0x8116, 0x9F93,
    0x819F, 0x9493, 0x9379, 0x9393, 0x45A1, 0x9393, 0x8193, 0x9316, 0xA1A2, 0x93A1, 0x9310, 0x9310,
    0xB3B3, 0xA1A2, 0x9393, 0x9393, 0x8180, 0x8183, 0x8888, 0x82A0, 0x8181, 0x7F81, 0x8F83, 0xA082,
    0x8183, 0x8388, 0x838F, 0x7EA0, 0x7F93, 0x8181, 0x8281, 0x828F, 0x8181, 0x9F7F, 0x8080, 0x838F,
    0x8393, 0x9381, 0x7F81, 0x8281, 0x9393, 0x9F81, 0x8183, 0x8380, 0xAE16, 0x9FAE, 0x9F93, 0x819F,
    0x5DA0, 0x7E5C, 0x5C95, 0x5C5C, 0x7EB2, 0x5CA0, 0x5C5C, 0x485D, 0xA07E, 0x5C5C, 0x5C5C, 0x5C5C,
    0xA082, 0x7EA0, 0x5C5D, 0x5C7E, 0x7E7E, 0x7E7E, 0x9595, 0x5D5C, 0x7E82, 0x7E8F, 0x7E7E, 0x5C82,
    0x8282, 0x8282, 0x837E, 0x7F88, 0x8293, 0x8080, 0x8393, 0x837F, 0x5C46, 0x4848, 0x48C5, 0x4848,
    0x4648, 0x5CA0, 0x4848, 0x485C, 0x4848, 0x5C48, 0x4848, 0x4848, 0x485C, 0x4848, 0x4848, 0x48A0,
    0x5C5C, 0x4848, 0x5CC5, 0x4848, 0x5C5C, 0x5C5C, 0x485C, 0x5C5D, 0x82A0, 0x82A0, 0x5D5C, 0xA07E,
    0x8181, 0x7F81, 0x7916, 0x8193, 0x46C5, 0x48C5, 0xC5C5, 0x5BC5, 0x4648, 0x4648, 0xC548, 0xC548,
    0x4848, 0x4846, 0x4848, 0xC5C5, 0x485D, 0x5B48, 0x4848, 0xC548, 0x4848, 0x4848, 0x48C5, 0xC5C5,
    0x485D, 0x5DA0, 0x485D, 0x5D5D, 0x5D5D, 0x7F5D, 0xA0A0, 0xA05D, 0x7F79, 0x7F5E, 0x5E81, 0x7F7F,
    0x4AC5, 0x5BC5, 0x5BC5, 0xC5C5, 0x4AC5, 0x46C5, 0x4648, 0xC55B, 0x46C5, 0x5BC5, 0x46C5, 0x48C5,
    0x485C, 0x4848, 0x4848, 0xC548, 0x4848, 0x5D48, 0x5C48, 0x4848, 0x485D, 0x5D5E, 0x3BA0, 0x5DC5,
    0x5D5C, 0x7F5D, 0x383B, 0xA021, 0x7F81, 0x937F, 0x9A3B, 0x7F1E, 0xC5C5, 0x48C5, 0xC5C5, 0x4AC5,
    0xC548, 0xC548, 0x5B48, 0x4A48, 0x48C5, 0x48C5, 0x4846, 0x8A4A, 0x4848, 0x4848, 0x465C, 0x465B,
    0x4848, 0x4848, 0x46C5, 0x48C5, 0x485D, 0x5C5D, 0x485C, 0x485D, 0x5D5C, 0x5D48, 0x5E5E, 0x5E5D,
    0xA07F, 0x7F7F, 0x8179, 0x7F81, 0x5BC5, 0x4A4A, 0x4A4A, 0x5B4A, 0xC5C5, 0xC55B, 0x4A48, 0x8A67,
    0x8AC5, 0x46C5, 0x4846, 0x5BC5, 0x8A5C, 0x5B48, 0x485C, 0x5B5B, 0x8A48, 0x484A, 0x5C5B, 0x5B5B,
    0x48A0, 0x5C5C, 0x675B, 0x5C5C, 0x7FA0, 0xA05E, 0x5C48, 0x7F5C, 0x8110, 0x8193, 0x5E10, 0x2929,
    0x6E40, 0x674A, 0x4040, 0x4040, 0x675B, 0x5B5B, 0x6E5B, 0x4140, 0x5B67, 0x5B6E, 0x675B, 0x6F42,
    0x675B, 0xC567, 0x675B, 0x5F4A, 0x675B, 0x676E, 0x676E, 0x4040, 0x5B5C, 0x7B5C, 0x5B5B, 0x675C,
    0xA07F, 0x45A6, 0x5B7B, 0x5B6E, 0x2879, 0xB0B0, 0x7B12, 0x4450, 0x4042, 0x42BF, 0x424E, 0x4E4E,
    0x4042, 0x4340, 0xC344, 0x4B42, 0x4342, 0x424E, 0x6F43, 0x444E, 0x426E, 0x424E, 0x6F67, 0x5F42,
    0x4042, 0x424E, 0x4040, 0x6F42, 0x6E6E, 0x4A6E, 0x6E67, 0x7B5B, 0x456E, 0x6F42, 0x5B6E, 0x5BC5,
    0x4A67, 0x6F6E, 0x6E5B, 0x6E6E, 0x5F4E, 0x4B4E, 0x511D, 0xCA9B, 0x424E, 0x9A21, 0x73CA, 0x9B73,
    0x424E, 0x9A35, 0x1E9B, 0x9BCA, 0x5F5F, 0x4C42, 0x514C, 0x9BCA, 0x4043, 0x51B6, 0xCA9B, 0xCACA,
    0x675B, 0x9B4D, 0x5173, 0xCA51, 0x5B7B, 0x1C42, 0x51CA, 0x5151, 0x7B5B, 0x3822, 0x7373, 0x731E,
    0x389B, 0x1C99, 0x445F, 0x4E4B, 0x9A38, 0x3B38, 0x4E6E, 0x4B5F, 0x9A9A, 0x4C38, 0x5F21, 0x4B4B,
    0x9B51, 0x9938, 0x5F9B, 0x4B42, 0x73CA, 0x359B, 0x424E, 0x5F5F, 0x1273, 0x9A73, 0x6E2F, 0x426E,
    0x12CA, 0x9B12, 0x4C9A, 0x4AB6, 0x1212, 0x7312, 0x9A9A, 0x1F9B, 0xB64D, 0x4D4D, 0x4CB7, 0x574C,
    0x4D4B, 0x974D, 0x9B2F, 0x4C57, 0x4B70, 0x974D, 0x9A9A, 0x4C35, 0x4BC2, 0x214B, 0x9A9B, 0x5721,
    0x4E4E, 0xCA4D, 0x389A, 0x4C57, 0x4B42, 0x384D, 0x9B9A, 0x5797, 0x4E4E, 0x9AB7, 0x389A, 0x4C2C,
    0x4E43, 0x9A2F, 0x9B51, 0x4C57, 0x2C2C, 0x362C, 0x2C9A, 0x3030, 0x2C4C, 0x302C, 0x32C9, 0x30C4,
    0x2C2C, 0x3264, 0x3599, 0x302F, 0xC422, 0x9AC4, 0x1CC9, 0x3230, 0x2C2C, 0x3864, 0x1C99, 0x3235,
    0x2C4C, 0xC921, 0x9999, 0x3235, 0x2C2C, 0x9935, 0x7599, 0x3535, 0x643B, 0x5610, 0x0B75, 0x350B,
    0x3032, 0x3232, 0x3532, 0x3535, 0x3230, 0x3230, 0x1C32, 0x3635, 0x3232, 0x3235, 0x1C35, 0xC675,
    0x322F, 0x3535, 0x1C35, 0xC6C6, 0x3235, 0x1C35, 0x3638, 0xC6C6, 0x3532, 0x1C35, 0xC636, 0xC6C6,
    0x1C1C, 0x1C1C, 0x0B6A, 0xC6C6, 0x6A35, 0x1C6A, 0xC66A, 0xC60B, 0x351C, 0x3535, 0x6A36, 0xC66A,
    0x1C73, 0x1C35, 0xC435, 0xC656, 0xC4C6, 0x1C1C, 0x3635, 0xC66A, 0x560B, 0x361C, 0x1C56, 0x116A,
    0xC6C6, 0xC656, 0x5656, 0x6AA5, 0xC6C6, 0xC6C6, 0x56C6, 0xAC73, 0xC6C6, 0xC656, 0x56C6, 0xA536,
    0x110B, 0x56C6, 0x73C6, 0xAC73, 0xC611, 0x6AC6, 0x9A1C, 0x9999, 0xC6C6, 0xC6C6, 0x386A, 0x9938,
    0xC6C6, 0x1114, 0xAD56, 0x6AA5, 0xC6C6, 0x56C6, 0x5611, 0x5656, 0xC8AD, 0x56C8, 0x56CD, 0x11C8,
    0xA4CB, 0xC8C8, 0xCD11, 0xC856, 0xCBCB, 0x6AA5, 0xCCCC, 0xCCAD, 0xACB0, 0xCBAC, 0xACA5, 0xCBCB,
    0x9999, 0x9999, 0x1C99, 0x1C1C, 0x9999, 0x9999, 0x9A99, 0x1C1C, 0xADAD, 0xC975, 0x9999, 0x1C99,
    0xCD11, 0x6A0F, 0xC96A, 0x1C9A, 0x1156, 0xC8CD, 0xC80F, 0x38C9, 0xCD56, 0xC8C8, 0x5611, 0x99A5,
    0xC86A, 0xC8CC, 0x56C8, 0xC90F, 0x73A4, 0xCCAD, 0x1111, 0x560B, 0x1C1C, 0x351C, 0xAD73, 0xCC12,
    0x1C1C, 0x1C35, 0x6A73, 0x6A6A, 0x1C1C, 0x741C, 0xADCB, 0xCC12, 0x1C1C, 0xCB74, 0xCBCB, 0x6A6A,
    0x1C38, 0xCBAB, 0xCB74, 0xAD74, 0x99C9, 0xCBCB, 0xCBAC, 0x74AC, 0xC999, 0xCBAB, 0xACCB, 0xCBCB,
    0xC975, 0xCBAC, 0xCBCB, 0xCBCB, 0xC8C8, 0xC656, 0x56CE, 0x7435, 0x6A56, 0x5628, 0x56C6, 0xAD56,
    0xC8C8, 0xCC6A, 0xC8CC, 0x56C8, 0xCC28, 0xCC0F, 0xCC0F, 0xC8C8, 0xCC12, 0xC8CC, 0xCC6A, 0xADA4,
    0x6AA4, 0xCC0F, 0xCCC8, 0xABB0, 0xACCB, 0x6A36, 0xACA4, 0xCBAB, 0xABAC, 0x9A1C, 0x99C9, 0xC9C9,
    0x351C, 0x3535, 0x9935, 0x9999, 0xA4AD, 0x1C73, 0xC91C, 0x99C9, 0x56C8, 0x5611, 0xCB75, 0x99AB,
    0x5656, 0x11C6, 0xAD11, 0xABCB, 0xCCA4, 0x5656, 0x11CD, 0xCBAD, 0xCBCB, 0xC8AD, 0x5656, 0xAD11,
    0xCBCB, 0xCBAB, 0x56A4, 0xC856, 0xCBCB, 0xCBCB, 0xA4CB, 0x6A0F, 0x9999, 0x9A99, 0x9999, 0x9999,
    0x9999, 0x9999, 0x9999, 0x9999, 0x9999, 0x9999, 0x9999, 0x9999, 0x99C9, 0x9999, 0x9999, 0x9999,
    0xC9AB, 0x9999, 0x9999, 0x9999, 0xCBB0, 0x99AB, 0x9999, 0x9999, 0xAD12, 0xCBA4, 0x9999, 0x9999,
    0xCCCC, 0xCC0F, 0x99AD, 0x9999, 0x9999, 0x1C9A, 0xCD75, 0xCDAD, 0x9999, 0xC999, 0xCCAD, 0xCCCD,
    0x9999, 0xB099, 0xCDCC, 0xADAD, 0x9999, 0x7599, 0xCDCD, 0xADCD, 0x9999, 0x9999, 0xADAB, 0xB0B0,
    0x9999, 0xC999, 0xB0B0, 0xB0AD, 0x9999, 0xB099, 0xADB0, 0xADB0, 0x9999, 0xB0C9, 0xADAD, 0xB0AD,
    0x8494, 0x899C, 0x7677, 0x7777, 0x849C, 0x7777, 0x7776, 0x7777, 0x899D, 0x7689, 0x7677, 0x7677,
    0x779E, 0x7777, 0x7676, 0x7676, 0x776B, 0x7777, 0x7677, 0x7677, 0x7777, 0x7776, 0x7676, 0x7776,
    0x7677, 0x7677, 0x7676, 0x9E77, 0x7677, 0x7676, 0x7776, 0x6B77, 0x7777, 0x896B, 0x7789, 0x7677,
    0x7776, 0x7777, 0x7677, 0x7676, 0x7777, 0x899D, 0x7677, 0x7676, 0x8976, 0x6B89, 0x7676, 0x7776,
    0x8977, 0x779C, 0x7676, 0x8989, 0x6B77, 0x7689, 0x6B76, 0x6B89, 0x899C, 0x7689, 0x9C9D, 0x6B84,
    0x6B9C, 0x6B89, 0x8484, 0x849C, 0x7776, 0x7789, 0x7677, 0x7676, 0x7776, 0x7777, 0x7676, 0x7676,
    0x7777, 0x7677, 0x7777, 0x7677, 0x7777, 0x7776, 0x7677, 0x7676, 0x776B, 0x7777, 0x7677, 0x7676,
    0x6B9C, 0x7777, 0x7676, 0x7676, 0x779D, 0x7677, 0x7676, 0x7777, 0x7689, 0x7676, 0x7676, 0x7776,
    0xA177, 0xB3B3, 0xB3B3, 0xB383, 0xA177, 0xB3B3, 0xB3B3, 0xB3B3, 0xA189, 0xB3B3, 0xB3B3, 0xB3B3,
    0xA2A1, 0xB3A2, 0xB3B3, 0xB3B3, 0xB3A2, 0xA2B3, 0xB3A2, 0xB3B3, 0xB3B3, 0xB3B3, 0xB3A2, 0xB3B3,
    0xB3B3, 0xB3B3, 0xB3B3, 0xB3B3, 0xB3B3, 0xB3B3, 0xB3B3, 0xB3B3, 0xB3B3, 0xB3B3, 0xB3B3, 0xB3B3,
    0x8983, 0xB383, 0xB3B3, 0xB3B3, 0xB3B3, 0x89B3, 0x8983, 0x8989, 0xB3B3, 0xB3B3, 0xB3B3, 0xB3B3,
    0xB383, 0xB3B3, 0xB3B3, 0xB3B3, 0xB3B3, 0x83B3, 0xB3B3, 0xB3B3, 0xB3B3, 0xB3B3, 0xB3B3, 0xB3B3,
    0xB3B3, 0xB3B3, 0xB3B3, 0xB3B3, 0xB3B3, 0xB3B3, 0xB3B3, 0x83B3, 0xB3B3, 0xB3B3, 0xB3B3, 0x89B3,
    0x8389, 0x83B3, 0x8989, 0x8989, 0xB3B3, 0xB3B3, 0x83B3, 0x8989, 0xB3B3, 0xB3B3, 0xB3B3, 0xB3B3,
    0xB3B3, 0xB3B3, 0xB3B3, 0xB3B3, 0xB3B3, 0xB3B3, 0xB3B3, 0xB3B3, 0xB3B3, 0xB3B3, 0xB3B3, 0xB3B3,
    0x9381, 0x9F80, 0x8180, 0x9F88, 0x9F93, 0x9F93, 0x8093, 0x809F, 0x9381, 0x8181, 0x9380, 0x9383,
    0x93AE, 0x8093, 0x9380, 0x9393, 0x9381, 0x9381, 0x9383, 0x9393, 0x9393, 0x9393, 0x9393, 0x9393,
    0x817F, 0x9380, 0x1693, 0x1681, 0x7F80, 0x9381, 0x9316, 0x9394, 0x8381, 0x837F, 0x8193, 0x9388,
    0x9F93, 0x8380, 0x9393, 0x9393, 0x9381, 0x9380, 0x9410, 0x9310, 0x9393, 0x9393, 0x94A3, 0x9416,
    0x9381, 0x9381, 0x9494, 0x8494, 0x1616, 0x9416, 0x6C84, 0x899C, 0x8494, 0x9C6C, 0x6B84, 0x899D,
    0x8484, 0x9C9C, 0x9C89, 0x7777, 0x9381, 0x9381, 0x9C94, 0x6B9C, 0x9394, 0x1694, 0x7784, 0x7777,
    0x8494, 0x6C10, 0x766B, 0x7777, 0x6C84, 0x6B9D, 0x7776, 0x8976, 0x6B9D, 0x7689, 0x7677, 0x7677,
    0x8989, 0x7676, 0x7676, 0x7676, 0x7677, 0x7676, 0x7676, 0x7677, 0x7676, 0x7676, 0x7676, 0x7676,
    0x9494, 0x1610, 0x9410, 0x1693, 0x9C77, 0x6C9C, 0x846C, 0x849C, 0x9C6B, 0x9D6C, 0x9C9D, 0x6B9D,
    0x8989, 0x7677, 0x7776, 0x7777, 0x7789, 0x7676, 0x7776, 0x7777, 0x7676, 0x7676, 0x7776, 0x7777,
    0x7676, 0x7676, 0x7676, 0x7777, 0x7676, 0x7676, 0x7776, 0x9E77, 0x1010, 0xAE81, 0x383B, 0x163B,
    0x946C, 0x7F84, 0x3851, 0x9344, 0x9C9D, 0x8784, 0x389B, 0x519B, 0x6B77, 0x4877, 0x9B9B, 0x389B,
    0x7777, 0x876B, 0x7351, 0x9BCA, 0x7777, 0x9B6C, 0x7373, 0x3873, 0x7689, 0x516C, 0x7373, 0x9B9B,
    0x6C77, 0x9B51, 0x9BCA, 0x389B, 0x815E, 0x7F7F, 0x817F, 0x9381, 0x8116, 0x7F79, 0x8179, 0x1010,
    0x9487, 0x7979, 0x9481, 0x7F7F, 0x8429, 0x106C, 0x1016, 0x5D16, 0x8448, 0x846C, 0x9310, 0x2994,
    0x8444, 0x9494, 0x106C, 0x2893, 0x29CA, 0x1094, 0x9410, 0xAD87, 0x739B, 0x7984, 0x5D10, 0xAD6A,
    0x8181, 0x795E, 0x2981, 0xCCA4, 0x106C, 0x7F10, 0x2881, 0xC8CD, 0x295E, 0x2828, 0xCC28, 0xCDCC,
    0xADCC, 0xCCAD, 0xC8CD, 0xCDCD, 0xADB0, 0x56CC, 0xC8C8, 0xCDC8, 0xADAD, 0xCDC8, 0xCCCD, 0xCCCD,
    0xCDCC, 0xC8CC, 0xADCC, 0xB0B0, 0x1156, 0xC856, 0x6ACD, 0xB0A4, 0xADCC, 0xB0B0, 0x6A12, 0xB0B0,
    0x0FCD, 0xCCCC, 0xAD0F, 0xA4AD, 0x11CD, 0xCCCC, 0xC8CD, 0xADA4, 0x1111, 0xCCCD, 0xCCCD, 0xA4AD,
    0xCDCD, 0xCCCC, 0xADCC, 0xADA4, 0xCCCC, 0xC8CD, 0xCCCD, 0xCCCC, 0xC8A4, 0xCDCC, 0xCDCD, 0xCDCC,
    0xCCAD, 0xCCC8, 0xADCD, 0xCDAD, 0x5C73, 0x6E6E, 0x6E40, 0x4A4A, 0x87AD, 0x5C5E, 0x3545, 0x5C5B,
    0x29A4, 0x81A0, 0xC945, 0x5C48, 0xADAD, 0x8228, 0x3848, 0x5D5E, 0xAD12, 0x2AB0, 0x9945, 0x5D36,
    0xCCCD, 0xADAD, 0x9998, 0x5C75, 0x11CD, 0xADAD, 0x99CB, 0x451C, 0x1111, 0xADCC, 0xCBAD, 0x1CC9,
    0xB25C, 0x9A57, 0x1ECA, 0x1212, 0x214B, 0x9B21, 0x7351, 0x1212, 0x999A, 0x9B99, 0x1E51, 0x1273,
    0x9B3B, 0x9A38, 0x739B, 0x1212, 0x5C5C, 0xB6C5, 0x3899, 0x1273, 0x5C5C, 0x5145, 0x389A, 0x73CA,
    0x5BC5, 0x9A35, 0x389A, 0xCA9B, 0x5B6E, 0x9A22, 0x3838, 0x9A38, 0x1273, 0x731E, 0x9B99, 0x73CA,
    0x1E12, 0x1212, 0x38CA, 0x1D73, 0x121E, 0x121E, 0x9A73, 0x519A, 0x1212, 0x7312, 0x38CA, 0x9A9A,
    0x73AC, 0xCACA, 0x389B, 0x9A99, 0x9A38, 0x519B, 0x9BCA, 0x9B9B, 0x9A38, 0x9B9A, 0x1273, 0x1212,
    0x9A9A, 0x389A, 0x1212, 0x1212, 0x214B, 0x739A, 0xCA73, 0x2F51, 0x9A4D, 0x739B, 0xCA73, 0x9A9B,
    0x3835, 0x739B, 0xCACA, 0x9A38, 0x9B9A, 0x5151, 0x9B73, 0x9A9A, 0x129B, 0x7373, 0x38CA, 0x9A9A,
    0x1E73, 0x9B1E, 0x9A9A, 0x1C9A, 0x1273, 0x38CA, 0x389A, 0x6A74, 0xCA12, 0x9A38, 0x9B9A, 0xADA5,
    0x362F, 0x0B0B, 0x0BC6, 0xC60B, 0x9A38, 0x0B56, 0x0B0B, 0x0B0B, 0x999A, 0x0B99, 0x0B0B, 0x0B0B,
    0x999A, 0xC8AD, 0x0B0B, 0xC60B, 0xCB99, 0xCCCC, 0xC656, 0x1111, 0x6A6A, 0xC6C8, 0x11C6, 0xC856,
    0x6AAD, 0xC8AD, 0xCCC8, 0xA4AD, 0xADAD, 0xAD6A, 0x6A6A, 0xB0CC, 0xC636, 0xC656, 0xC656, 0xC6C6,
    0x56C6, 0x5656, 0xC6C6, 0x56C6, 0x560B, 0x6A73, 0x11C8, 0x1156, 0xC856, 0xC86A, 0x1111, 0x1111,
    0x1111, 0x11C8, 0x5656, 0xADAD, 0xAD56, 0xC8C8, 0xA456, 0xB0B0, 0xB0B0, 0xADB0, 0xA4B0, 0xA4B0,
    0xB0AD, 0xB0A4, 0xB0AD, 0xA4A4, 0x116A, 0xC656, 0x7329, 0x7336, 0x6A6A, 0x5656, 0x366A, 0x1273,
    0x73C8, 0xA573, 0xC732, 0x6A36, 0xA556, 0x36A5, 0x36A5, 0x12C7, 0xC7A5, 0xC736, 0x3636, 0xA536,
    0x36A5, 0x36A5, 0x36A5, 0xACC7, 0xA5A5, 0x3636, 0xC736, 0xAC74, 0xA5A4, 0xC773, 0xACA5, 0xACC7,
    0xA412, 0xACCB, 0xCBCB, 0xACCB, 0x12CC, 0xCBA5, 0xCBCB, 0xCBAC, 0x28CC, 0xA412, 0xCBCB, 0xC999,
    0xCC0F, 0xC80F, 0xA46A, 0x99CB, 0x0F12, 0xCDCC, 0xCCC8, 0xB012, 0xCCA5, 0xCDCD, 0xCC11, 0xCCCC,
    0xAC74, 0xADA4, 0xB0B0, 0xCCA4, 0xACAC, 0x74AC, 0xCBAC, 0xA5AC, 0xABCB, 0xACCB, 0x56A4, 0x5656,
    0xC9AC, 0xABC9, 0xCBAB, 0x99B0, 0xABAC, 0x9999, 0xCB99, 0xABCB, 0xCBCB, 0xC9AB, 0xABC9, 0xCBB0,
    0xB0B0, 0xACCB, 0xABC9, 0xACCB, 0x120F, 0xCBB0, 0xCBAC, 0xCBAC, 0xCCCC, 0xCBB0, 0xAC74, 0xCBCB,
    0xACA4, 0xCBAC, 0xCBAC, 0xCBAC, 0xC975, 0xCB74, 0xCBAB, 0xCBCB, 0xACC9, 0xCBAC, 0xCBCB, 0xCBCB,
    0x0FA4, 0xA412, 0xACCB, 0xA4A4, 0xC8AD, 0xCCCC, 0xCCC8, 0xC80F, 0xA4CB, 0x6AB0, 0xC8C8, 0xC6CD,
    0xCBAC, 0xA5CB, 0xCD56, 0xC6C6, 0xACCB, 0xACCB, 0x11AD, 0xC656, 0xCBB0, 0xCBAC, 0x56A5, 0x56C6,
    0x999A, 0x9999, 0x9999, 0x9999, 0x99AB, 0x99C9, 0x9999, 0x99C9, 0x99C9, 0x9999, 0x9999, 0x9999,
    0x99AD, 0x9999, 0x9999, 0x9999, 0xA456, 0xCBC9, 0xC975, 0x9999, 0xC6C6, 0xCC56, 0x6ACC, 0x99B0,
    0xC611, 0x1156, 0xCCCC, 0xADCC, 0xC856, 0xC8C8, 0xCC56, 0xCCCC, 0xC999, 0xABC9, 0xCBAB, 0xCCA4,
    0x9999, 0x9999, 0xABC9, 0xCBCB, 0x9999, 0x9999, 0xC999, 0xCBC9, 0x9999, 0x9999, 0x9999, 0x9999,
    0x9999, 0x9999, 0x9999, 0x9999, 0x7599, 0x560B, 0x99C9, 0x9999, 0xCFAD, 0x0BC6, 0x5656, 0x9999,
    0xC611, 0xC60B, 0x0BC6, 0x9975, 0xCC12, 0xCDCC, 0xAD0F, 0x9999, 0xCCAD, 0x5656, 0x1111, 0xC9AD,
    0xABAB, 0xC875, 0x56CD, 0xCB75, 0x99C9, 0x9999, 0x9975, 0x75C9, 0x9999, 0x9999, 0x9999, 0xC999,
    0x9999, 0xC9C9, 0x99AB, 0x99C9, 0x9999, 0xAD75, 0xB0B0, 0xC9C9, 0xAB99, 0xADAD, 0xADAD, 0xCBB0,
    0x9999, 0xABC9, 0xB075, 0xCB75, 0xABCB, 0xABCB, 0xC9AB, 0xB0CB, 0xB0CB, 0xB0CB, 0xB0B0, 0xADAD,
    0xB0B0, 0xB0B0, 0xADAD, 0xCCCD, 0xB075, 0xB0B0, 0xA4B0, 0xCCAD, 0xB0CB, 0xB0B0, 0xB0AD, 0xA4AD,
    0xCBC9, 0xADCB, 0xADB0, 0xB0B0, 0xABCB, 0xADAD, 0xADCC, 0xCBB0, 0x7689, 0x7777, 0x8989, 0x849D,
    0x7777, 0x8977, 0x6C89, 0x1616, 0x849D, 0x6C10, 0x9493, 0x169F, 0x8294, 0x8188, 0x9F80, 0xAE9F,
    0x7E7E, 0x8382, 0x8882, 0x807E, 0x5C5C, 0x7EA0, 0x7E5D, 0x7E82, 0x5C5B, 0x5C5C, 0x5C46, 0x5C48,
    0x5B5B, 0x6E67, 0x465B, 0x4648, 0x8494, 0x8494, 0x8494, 0x9C9C, 0x949C, 0x84A3, 0x6C84, 0x779C,
    0x8494, 0x8494, 0x9494, 0x766B, 0x9393, 0x9416, 0x7884, 0x7676, 0x8080, 0x1693, 0x7794, 0x7676,
    0x8F82, 0x8093, 0x7784, 0x7776, 0xA05C, 0x8088, 0x8994, 0x7789, 0x5C87, 0x7E5C, 0x9D93, 0x936C,
    0x766B, 0x7676, 0x7677, 0x7777, 0x7676, 0x7676, 0x7776, 0x7777, 0x7676, 0x7676, 0x7777, 0x7789,
    0x7676, 0x7676, 0x7776, 0x9E77, 0x7676, 0x7677, 0x896B, 0x896B, 0x7776, 0x7776, 0x9C89, 0x6B89,
    0x7789, 0x9C6B, 0x896B, 0x9C9D, 0x8484, 0x8484, 0x849C, 0x8484, 0xB3B3, 0xB3B3, 0xB3B3, 0xB3B3,
    0xB3B3, 0xB3B3, 0xB3B3, 0xB3B3, 0xB3A2, 0xB3B3, 0xB3A2, 0xB3B3, 0xB3B3, 0xB3B3, 0xB3B3, 0xB3B3,
    0xA2B3, 0xA2B3, 0xA2B3, 0xA2B3, 0xB3B3, 0xB3B3, 0xB3B3, 0xB3B3, 0xA2B3, 0xA2B3, 0xA2B3, 0xA2B3,
    0xB3A2, 0xB3A2, 0xB3A2, 0xB3A2, 0x838F, 0x9380, 0x93AE, 0x8493, 0x7F81, 0x9381, 0x9393, 0x1694,
    0x817F, 0x9483, 0x9493, 0x1694, 0x93AE, 0x9416, 0x9394, 0x1616, 0x9393, 0x9393, 0x1693, 0x8494,
    0x9393, 0x9394, 0x9393, 0x1616, 0x8080, 0x9383, 0x9380, 0x1693, 0x7F80, 0x8383, 0x9393, 0x9393,
    0x9494, 0x9C84, 0x776B, 0x7677, 0x849C, 0x9D9C, 0x7777, 0x7776, 0x9C16, 0x896B, 0x7677, 0x7677,
    0x9CA3, 0x7777, 0x7776, 0x7676, 0x9D84, 0x7689, 0x7777, 0x7677, 0x9D84, 0x7777, 0x7777, 0x7676,
    0x8994, 0x7777, 0x7789, 0x7777, 0x8984, 0x8977, 0x7777, 0x7676, 0x7677, 0x7676, 0x7676, 0x7676,
    0x7676, 0x7676, 0x7676, 0x7676, 0x7676, 0x7676, 0x7676, 0x7676, 0x7676, 0x7676, 0x7676, 0x7676,
    0x7676, 0x7676, 0x7676, 0x7777, 0x7676, 0x7676, 0x7676, 0x9E76, 0x7777, 0xCF77, 0x77C6, 0x6B89,
    0xCE77, 0xAD11, 0xCECD, 0x9D9C, 0x7676, 0x7676, 0x7789, 0x8989, 0x7676, 0x7776, 0x8977, 0x7776,
    0x7676, 0x7777, 0x7777, 0x9C78, 0x7776, 0x7777, 0x9D76, 0x5E6C, 0x7789, 0x899D, 0xCF6B, 0x8181,
    0x899E, 0x1084, 0x1010, 0xA07F, 0x8494, 0x7F10, 0xA05D, 0x5C48, 0x876C, 0x870F, 0x487F, 0x2248,
    0x3BA3, 0x9B38, 0xCA38, 0x389B, 0x9B98, 0x9BCA, 0x389B, 0x389B, 0xCAC7, 0x7373, 0x9BCA, 0x389A,
    0xCA73, 0x7312, 0x9B73, 0x9A38, 0x7421, 0x51CA, 0x51CA, 0x3838, 0xCA45, 0x5151, 0x5173, 0x9A9B,
    0x735C, 0x73CA, 0x7373, 0x9A9B, 0x1E73, 0x7373, 0x1E1E, 0x9A1E, 0x3B38, 0x1016, 0x29A0, 0xCCAD,
    0x2238, 0x5E93, 0x487F, 0xADCC, 0x519A, 0x5D7E, 0xA048, 0xCCC5, 0x3838, 0x3B30, 0x485E, 0x48A0,
    0x9A9A, 0x389A, 0x5CC5, 0x48C5, 0x9A38, 0x3838, 0x7E5B, 0x8AA0, 0x389A, 0x389A, 0x9821, 0x6A35,
    0x9A38, 0x3838, 0x999A, 0xCDB0, 0xCDCC, 0xCDCC, 0xCDC8, 0xAD6A, 0xADCC, 0xCDCD, 0xCD11, 0xAD56,
    0xCCAD, 0xCDC8, 0x11CD, 0xCDCD, 0x4646, 0xCD0F, 0xCD11, 0xCD56, 0x468A, 0xCD12, 0xCD0F, 0x11CD,
    0xAD28, 0xADCC, 0xADAD, 0xCDCD, 0xCCAD, 0xADAD, 0xC9CB, 0xB0C9, 0xCCCD, 0xADCD, 0xABAD, 0x99C9,
    0xADB0, 0xCCAD, 0xADAD, 0xCCB0, 0xCCAD, 0xCD11, 0xC8CD, 0xADCC, 0x11CD, 0xCDCD, 0x11CD, 0xCCCD,
    0x1111, 0xCD11, 0x1111, 0xCC11, 0xCDC8, 0xCDCD, 0x11CD, 0xCC11, 0xCD11, 0xCCCD, 0xCDCD, 0xB0CD,
    0xCDC8, 0xADAD, 0xCCAD, 0xA4AD, 0xCCAD, 0xADAD, 0xAD6A, 0xADAD, 0xCDCD, 0xADAD, 0xCCAD, 0x36AB,
    0xADCC, 0xADAD, 0xADCC, 0x9A75, 0xADCC, 0xADB0, 0xB0AD, 0x9B9A, 0xADAD, 0xA4AD, 0xCBAD, 0x12AC,
    0xADB0, 0xADAD, 0xCBB0, 0x1274, 0xA4AD, 0xA4AD, 0xB0A4, 0xB0B0, 0xA4B0, 0xB0B0, 0xB0B0, 0xB0B0,
    0xB0B0, 0xB0B0, 0xB0B0, 0xACB0, 0x217B, 0xCA9B, 0xCACA, 0x9A38, 0x9B51, 0x7373, 0x5173, 0x3873,
    0x739B, 0x1273, 0x1212, 0x3821, 0x1212, 0x1212, 0x1E12, 0x9ACA, 0x1212, 0xCB73, 0x3838, 0x9B9A,
    0x7312, 0x9A38, 0xADAB, 0x73CC, 0x38C9, 0x9A9A, 0x11B0, 0xCDCD, 0x9AAB, 0x3838, 0x11AC, 0xCDC6,
    0x9A9A, 0x9A9A, 0x12CA, 0x1212, 0x9A9A, 0x9A9A, 0x5138, 0x1212, 0x9A9A, 0x9A9A, 0x7338, 0x1212,
    0x9A9A, 0x9A9A, 0x7351, 0x1212, 0x38C9, 0x9B9A, 0x1E73, 0x1212, 0xACA5, 0xCA38, 0x1212, 0x1212,
    0xCCA4, 0x74CB, 0x7373, 0x1273, 0xCDCD, 0xA4CD, 0x38A4, 0xA49B, 0x9B73, 0x9A9A, 0x389A, 0xADA5,
    0x7312, 0x9A38, 0x749A, 0x6A6A, 0x1212, 0x9A9B, 0xA438, 0x566A, 0x1212, 0x9A73, 0x7374, 0xC8C8,
    0x7312, 0x9A9A, 0x739A, 0xAD73, 0x7412, 0x12AC, 0xA4A5, 0xA4A4, 0xCCAD, 0xCDAD, 0xCCCD, 0xA4A5,
    0xADCD, 0xCDCC, 0xCD11, 0xADCD, 0x6A6A, 0x56AD, 0xADAD, 0xADA4, 0xC6C6, 0xC656, 0x560B, 0x6A56,
    0x0B56, 0x0B0B, 0x0B0B, 0xC6C6, 0xC656, 0x0B0B, 0x0B0B, 0x110B, 0x566A, 0xC856, 0x0B56, 0xC60B,
    0x5656, 0x12C8, 0x0B56, 0xC80B, 0x6AAC, 0xAD73, 0x5673, 0xADAD, 0xADA5, 0xADAD, 0xA4AD, 0xADAD,
    0xA4B0, 0xADB0, 0xB0B0, 0xA4B0, 0xA46A, 0xA4AD, 0xB0A4, 0xC8AD, 0x6AAD, 0xA4AD, 0xADA4, 0x0B56,
    0x56CC, 0xADC6, 0xC656, 0x0B0B, 0xC6CD, 0xC6C6, 0x0B0B, 0xC60B, 0x0BC6, 0x110B, 0xC6C6, 0xC8C6,
    0x0B56, 0xAD56, 0xADA4, 0xCCA4, 0xADAD, 0x73AD, 0xAD6A, 0xB0AD, 0xA4A5, 0xA536, 0xACAC, 0xACAC,
    0x736A, 0xC76A, 0xACA5, 0xACA5, 0xC8C6, 0xAD12, 0xB0B0, 0xA5B0, 0xC8C6, 0xCCCC, 0xB0A5, 0xCBA4,
    0xADAD, 0xCCAD, 0xB0B0, 0xABCB, 0xADCC, 0xCCCC, 0xA5CC, 0xAB75, 0xCCCC, 0xCCAD, 0xA5AD, 0xACAB,
    0xA4AD, 0xADAD, 0x35AD, 0xA5CB, 0xAC74, 0xACAC, 0xAC74, 0xAC74, 0xACAC, 0xC7A5, 0xACA5, 0xACAC,
    0xA5AC, 0xA5A5, 0x73A5, 0xA5A5, 0xACCB, 0xA5A5, 0x7373, 0x7373, 0x74C9, 0x6AC4, 0x7336, 0x3636,
    0x3674, 0x736A, 0x3673, 0xC4C7, 0x98A5, 0x73C4, 0x3636, 0xCE98, 0x7328, 0x3673, 0xC473, 0xCECE,
    0xCB74, 0xACCB, 0xACCB, 0xACCB, 0xCBAC, 0xCBAC, 0xCBAC, 0xACAC, 0xACAC, 0xACAC, 0xACCB, 0xACCB,
    0x7373, 0xC76A, 0xACA5, 0xACAC, 0xC436, 0xC7C4, 0xC91C, 0xCBC9, 0x7398, 0x3673, 0x38C7, 0xC9C9,
    0x14CE, 0x0F56, 0x0F0F, 0xCBA4, 0x1414, 0x14CF, 0x0FCE, 0xCBAD, 0xCBCB, 0xACCB, 0xACCB, 0xC8AC,
    0xCBAC, 0xACB0, 0xCBAC, 0xACCB, 0xACCB, 0xACCB, 0xACCB, 0xCBCB, 0xACB0, 0xCBB0, 0xCBB0, 0xCBAC,
    0xACCB, 0xACCB, 0xCBCB, 0xACCB, 0xCBAB, 0xABB0, 0xC9C9, 0xCBCB, 0xCBAB, 0xABCB, 0xABAB, 0xCBAB,
    0xCBCB, 0xABCB, 0xAB74, 0xCBAB, 0xC8C8, 0xCCCC, 0xCC6A, 0xCCCC, 0xC8C8, 0xCC0F, 0xCC0F, 0xCC28,
    0x6ACB, 0xCCCC, 0xCCCC, 0xCC73, 0xACB0, 0xCCAD, 0xC8CD, 0xA573, 0xCBCB, 0xB0CB, 0xA4A4, 0xCBB0,
    0xCBCB, 0xCBB0, 0xCBCB, 0xCBB0, 0xCBAB, 0xACCB, 0xCBCB, 0xACCB, 0xA573, 0xA5B0, 0xCBA5, 0xCBCB,
    0x56CC, 0xA456, 0x7599, 0x9999, 0xCCCD, 0xADCC, 0x99B0, 0x9999, 0x0FC8, 0xCCCC, 0xC8CC, 0x99B0,
    0xCCCC, 0xCCCC, 0xC80F, 0xA4CD, 0xACCB, 0xA4CB, 0xCC12, 0xADC8, 0xCBAC, 0xCBB0, 0xACAC, 0xACA5,
    0xACCB, 0xACCB, 0xCBCB, 0xB0CB, 0xCBB0, 0xCBB0, 0xCBB0, 0xCBCB, 0xB099, 0xADAD, 0xADAD, 0xADB0,
    0xB099, 0xADCD, 0xADCD, 0xADAD, 0xC999, 0xADB0, 0xB0AD, 0xB0CB, 0x99C9, 0xADAB, 0xB0AD, 0xADB0,
    0xCBC9, 0xADB0, 0xCBB0, 0xADB0, 0xADAD, 0xADCC, 0xA4A4, 0xADCC, 0xCCAD, 0xADAD, 0xCCAC, 0xC8AD,
    0xADAD, 0xCBA4, 0xCCB0, 0x11CD, 0xADB0, 0xCDCD, 0xCCAD, 0xCBB0, 0x56B0, 0x11C6, 0xCD11, 0xB011,
    0xC6AD, 0xC6C6, 0x1156, 0xCD11, 0xC656, 0xC60B, 0x11C6, 0xCDC6, 0xC6C8, 0xC6C6, 0xC656, 0xAD11,
    0xC611, 0xC69E, 0xC6C6, 0xAD56, 0x0BC6, 0xC6C6, 0x11C6, 0xC8AD, 0xC60B, 0xC6CF, 0x56C6, 0xCCCD,
    0x6E40, 0x4043, 0x6E40, 0x4040, 0x4040, 0x4140, 0x4040, 0x4040, 0x4D4C, 0x4EC0, 0x4E4F, 0x404F,
    0x381C, 0x1C1C, 0x1C35, 0x3235, 0x9A9A, 0x9A9A, 0x9A9A, 0x389A, 0x9A1C, 0x381C, 0x381C, 0x381C,
    0x1C9A, 0x389A, 0x1C9A, 0x1C9A, 0x9A1C, 0x9A1C, 0x381C, 0x381C, 0x5C46, 0x5C46, 0xA05C, 0x5D5C,
    0x4067, 0x5B67, 0x5B5C, 0x4848, 0x5440, 0x5B54, 0x6740, 0x5B46, 0x2130, 0x4C4C, 0x4E70, 0x434E,
    0x389A, 0x1C9A, 0x1C38, 0x3235, 0x381C, 0x381C, 0x381C, 0x381C, 0x1C38, 0x1C38, 0x1C38, 0x1C38,
    0x381C, 0x381C, 0x1C1C, 0x1C1C, 0xA0A0, 0x937F, 0x9381, 0x1681, 0xA05C, 0x5D82, 0x827F, 0x8182,
    0x5C48, 0x5C5C, 0x5C48, 0x8F5C, 0x5C5B, 0x5C5C, 0x485C, 0x485C, 0x572F, 0x4B4C, 0x4E44, 0x6E42,
    0x381C, 0x1C1C, 0x3535, 0x2F2F, 0x1C1C, 0x1C1C, 0x351C, 0x351C, 0x1C1C, 0x1C35, 0x3535, 0x3535,
    0xA2A2, 0xA2A2, 0xA2A2, 0xA2A2, 0xB3A2, 0xB3A2, 0xB3A2, 0xB3A2, 0xA2A2, 0xA2A2, 0xA2A2, 0xA2A2,
    0xA2A1, 0xA2A1, 0xA2A1, 0xA2A1, 0xA1A2, 0xA1A2, 0xA1A2, 0xA1A2, 0xA1A1, 0xA1A1, 0xA1A1, 0xA1A1,
    0xA1A2, 0xA1A2, 0xA1A2, 0xA1A2, 0xA1A1, 0xA1A1, 0xA1A1, 0xA1A1, 0x887E, 0x8382, 0x8183, 0x9381,
    0xB2AF, 0x8888, 0x808F, 0x9493, 0x827E, 0x887E, 0x8188, 0x8493, 0x7E7E, 0x8882, 0x8181, 0x9316,
    0x7E95, 0x82B2, 0x8082, 0x9F83, 0x5B5C, 0x5C5C, 0x7E5C, 0x5D5D, 0x8A5F, 0xC548, 0x5C4A, 0x5D48,
    0x8F7E, 0x7E81, 0x8F8F, 0xA083, 0x896C, 0x6B9D, 0x7789, 0x7677, 0x786B, 0x6B9C, 0x8977, 0x7777,
    0x9494, 0x6B6C, 0x9C9D, 0x899D, 0x9416, 0x6C84, 0x6C84, 0x7884, 0x1610, 0x9494, 0x9410, 0x1410,
    0x7F83, 0x5D83, 0x8181, 0xADCE, 0x7F5C, 0x5C5D, 0x825C, 0xCD5D, 0x5DA0, 0x48A0, 0x5C5D, 0x2A7E,
    0xCD89, 0xCDCD, 0xCDAD, 0x1479, 0x0F77, 0xCDCD, 0xCDCD, 0xCD11, 0x569D, 0xCDAD, 0xCDAD, 0xCDCC,
    0xCE9C, 0xCDCD, 0xCD11, 0xCD11, 0xCE14, 0xCDAD, 0x1111, 0xCD11, 0xCCCD, 0xCDCD, 0x1111, 0xCDCD,
    0x11CD, 0x11CD, 0xCDCD, 0xCDCD, 0x11CD, 0xCD11, 0xCDCD, 0xAD11, 0xCC0F, 0x0FAD, 0x5CA0, 0xCA4A,
    0xCDCD, 0xC8CD, 0x8AA0, 0xCAB6, 0x11CD, 0x0FCD, 0x282A, 0x9B51, 0x11CD, 0xCD11, 0xADCD, 0x9BAC,
    0xCDCD, 0xCDCD, 0xC7AD, 0xCACA, 0xCDCD, 0xCDCD, 0xCA73, 0xCACA, 0xCDCD, 0xADCC, 0xCACA, 0xCA74,
    0xADCC, 0xACA4, 0xCACA, 0x9BCA, 0x749B, 0x73CA, 0x1E73, 0x3873, 0x7373, 0xCA73, 0x7373, 0xCACA,
    0x73CA, 0xCACA, 0xCA9B, 0xCA9B, 0xCA9B, 0x9BCA, 0x9B51, 0x9B9B, 0x9B9B, 0xCA9B, 0x9B9B, 0x9B38,
    0x9BCA, 0x9BCA, 0x9B74, 0x389B, 0x9B9B, 0xCA9B, 0x389B, 0x9B38, 0x9BCA, 0x389B, 0x3838, 0x3838,
    0xCA9B, 0x9B9B, 0xB0B0, 0xCDAD, 0x7373, 0xAD12, 0xCCCC, 0xCDCC, 0x73CA, 0xADAC, 0xCDCC, 0xCCAD,
    0xCACA, 0xA49B, 0xADCC, 0xADCC, 0x9B38, 0xA474, 0xCCAD, 0xADAD, 0xAC9B, 0xADAD, 0xCDCD, 0xCCCD,
    0xA474, 0xCDA4, 0xCDCD, 0xCDAD, 0xA4A5, 0xA4B0, 0xCCCD, 0xCCCD, 0xCDCD, 0xCDAD, 0xADAD, 0xB0B0,
    0xCCCD, 0xCDCD, 0xADCD, 0xADCC, 0xCDAD, 0xCDCD, 0xCCCD, 0xADAD, 0xCDCD, 0xCDCD, 0xCDCD, 0xADCD,
    0xADB0, 0xADAD, 0xCDCD, 0xCDCD, 0xB0AD, 0xCCCD, 0xCDCD, 0xCDCD, 0xADCC, 0xADAD, 0xADA4, 0xCDAD,
    0xADCD, 0xABAC, 0xB0B0, 0xCBCB, 0xADB0, 0xADAD, 0xADAD, 0xADAD, 0xA4AD, 0xAD6A, 0xADAD, 0xB0AD,
    0xADAD, 0xADB0, 0xADAD, 0xB0B0, 0xA4CD, 0xB0B0, 0xADAD, 0xADAD, 0xADAD, 0xB0B0, 0xADB0, 0xADAD,
    0xADCD, 0xB0AD, 0xADB0, 0xADCC, 0xCCAD, 0xB0B0, 0xADCB, 0xADAD, 0xB0A4, 0xABCB, 0xCBCB, 0xADAD,
    0xB0CB, 0xACB0, 0xCB74, 0x9BAB, 0xCBB0, 0x9BCB, 0x389B, 0x389B, 0xB0B0, 0x9B9B, 0x3838, 0x3838,
    0xB0CC, 0x9BCB, 0x38AB, 0x38AB, 0xCCAD, 0xABB0, 0x9BC9, 0x3838, 0xADCC, 0xCBAD, 0x38AB, 0xCBAB,
    0xADAD, 0xADB0, 0xCBAC, 0xACCB, 0xA4AD, 0xA4AD, 0xACA4, 0xCBB0, 0x38C9, 0xCDAC, 0x11CD, 0xCDCD,
    0x9BAB, 0xCDAD, 0x1111, 0xCC11, 0xAC9A, 0xCDAD, 0x11CD, 0xCDCD, 0xADCB, 0xCDCD, 0xCDCD, 0xCDCD,
    0xCCA4, 0x11CC, 0xCCCC, 0xADAD, 0xADB0, 0xCDAD, 0xCCCD, 0xCBB0, 0xCCCB, 0xADAD, 0xA4AD, 0xCBCB,
    0xADB0, 0xB0CD, 0xCBAC, 0xCBB0, 0xCDCD, 0xADCC, 0xA4AD, 0xA4AC, 0xCDCD, 0xADCD, 0xADAD, 0xCDCD,
    0xCDCD, 0xADAD, 0xCCAD, 0x11CD, 0xCD11, 0xA4AD, 0xADAD, 0xCDCD, 0xADAD, 0xB0AD, 0xB0CB, 0xCDCC,
    0xB0B0, 0xCBB0, 0xADCB, 0xCDCD, 0xCBCB, 0xCBCB, 0xCDB0, 0xCDCD, 0xB0B0, 0xADAD, 0xCDCD, 0x1111,
    0xCCAD, 0xCDAD, 0x1111, 0xCD11, 0xCDCD, 0xCDCD, 0x1111, 0xCD11, 0x1111, 0xCDCD, 0x1111, 0xCDCD,
    0xCD11, 0x1111, 0x1111, 0xCD11, 0xCDCC, 0x1111, 0x1111, 0x1111, 0xCDCD, 0x1111, 0x1111, 0xCD11,
    0xCDCD, 0xCDAD, 0xB0B0, 0xCDAD, 0xCD11, 0xADCC, 0xB0AD, 0xCDAD, 0xADAD, 0xCDAD, 0xADAD, 0xAD73,
    0xCCCD, 0xCDCD, 0xA4CD, 0xB0A4, 0xCDCC, 0xCDCD, 0xCBB0, 0xA4CB, 0xCDCD, 0xA4CD, 0xCBB0, 0xA4A5,
    0xCCCC, 0xADAD, 0xCBCB, 0xA4AC, 0xADCD, 0xCDCD, 0xCBAD, 0xB0B0, 0x11CD, 0x11CD, 0xCBAD, 0xA5CB,
    0x1111, 0xAD11, 0xB0AD, 0xACCB, 0xAD12, 0x73C7, 0x7336, 0xA536, 0x736A, 0x7373, 0xA573, 0x7373,
    0x7373, 0xA536, 0x98C7, 0xCE28, 0xAC6A, 0x3674, 0x1428, 0x9EA3, 0x3536, 0xC735, 0x1471, 0xCFCF,
    0x3573, 0x1C74, 0xCE73, 0x1414, 0xAC36, 0x3838, 0x749A, 0x5698, 0xAC73, 0x3874, 0x9A75, 0x361C,
    0xCBCB, 0xA4AC, 0xACAC, 0xACCB, 0x7373, 0xA4AD, 0xACA4, 0xC7A5, 0x1414, 0xCC6A, 0x6ACC, 0xA5A5,
    0x9E76, 0xCECF, 0xCE14, 0x736A, 0x14AE, 0x14CE, 0x0FCE, 0xCC12, 0x2914, 0x0FCE, 0xCC0F, 0x0F0F,
    0xCE0F, 0x0FCE, 0x0FCC, 0x0FCC, 0x286A, 0x280F, 0x0F0F, 0x0F0F, 0x7312, 0x7336, 0xC436, 0x1429,
    0x7373, 0x3673, 0xC436, 0xCE56, 0x7336, 0x1C35, 0x3635, 0x5698, 0x3673, 0x1CC7, 0x3574, 0xCC36,
    0x3636, 0x3536, 0x1C38, 0xA51C, 0xC40F, 0x3673, 0x1C1C, 0x1C75, 0xCE56, 0x3698, 0x1C35, 0x389A,
    0xCECE, 0x6A56, 0x1C6A, 0x9A1C, 0x1487, 0xC614, 0xC80F, 0xCBAC, 0xCECE, 0x56C6, 0x6A0F, 0xCBA4,
    0x14CE, 0x0FCE, 0x2828, 0x74A5, 0xCECE, 0x6ACE, 0xC76A, 0x1C74, 0x0F6A, 0x3536, 0x3838, 0x1C38,
    0x35A5, 0x9A75, 0x9A38, 0x9A75, 0x9A9A, 0x9A9A, 0x9A99, 0x9A99, 0x9975, 0x999A, 0x9999, 0x9999,
    0xABAB, 0xAB38, 0xAB38, 0xCCB0, 0x3874, 0xABAB, 0x74AB, 0x1273, 0xAB1C, 0xABC9, 0x741C, 0xC71C,
    0x3875, 0x74CB, 0xABC7, 0x7574, 0x73C9, 0xCE12, 0x2850, 0xA5C7, 0x12AB, 0xCECE, 0xCECE, 0x0FCE,
    0x12C9, 0xCE12, 0xCEAF, 0x0F0F, 0x9A9A, 0x28C7, 0x0FCE, 0x0F0F, 0x0F12, 0xB012, 0xACAC, 0xCB74,
    0xCECE, 0xA40F, 0x74AC, 0xCBCB, 0x0F12, 0xCC12, 0xAC12, 0xCBAB, 0x12C7, 0x12CC, 0xA4CC, 0x74CB,
    0x7336, 0x7312, 0xAC35, 0x7474, 0xCC0F, 0x1228, 0xACC7, 0xABCB, 0x0FCE, 0xCC12, 0xA412, 0xABAB,
    0x0FCE, 0xCC0F, 0xCBAD, 0xABCB, 0xCBCB, 0xCBCB, 0xCBCB, 0xCBCB, 0xCBB0, 0xCBB0, 0xCBCB, 0xCBB0,
    0xB0CB, 0xCBCB, 0xCBCB, 0xCCA4, 0xCBAC, 0xCBB0, 0xADA4, 0xCDCD, 0xCBAB, 0xA4CB, 0xCCAD, 0xC6C8,
    0xCBAB, 0xA4CB, 0xADCC, 0xC656, 0xCBAB, 0xADCB, 0xCCAD, 0x11CC, 0xCBCB, 0xA4B0, 0x6ACC, 0xC8CC,
    0xB0AB, 0xADA4, 0x11AD, 0xC611, 0xC8AD, 0xC6C6, 0x11C6, 0xC6C6, 0x11C8, 0xC656, 0xC6C6, 0xC6C6,
    0x1111, 0xC6C6, 0xC60B, 0xC6C6, 0xC611, 0x1156, 0x5656, 0xC8C8, 0xC6C6, 0xCDC6, 0xC8CD, 0xC856,
    0xC6C6, 0x56C6, 0x56CD, 0x1156, 0x5611, 0xCCC8, 0x1156, 0x1111, 0xC6C6, 0xC6C6, 0x1111, 0xC8C8,
    0xC6C6, 0x0B9E, 0x11C6, 0xC811, 0x0BC6, 0xC6C6, 0xC6C6, 0xC8CD, 0xCD56, 0xC6C6, 0x56C6, 0xCC56,
    0xAD12, 0x11C8, 0xCDC8, 0xC8C8, 0xCCCD, 0xC8CC, 0xCD56, 0x5656, 0x1111, 0xC8CC, 0x56CD, 0x11CD,
    0x11C6, 0xCC11, 0x1156, 0x1111, 0x2C21, 0x4C57, 0x4C4C, 0x4C4C, 0x8193, 0x9F9F, 0x9FAE, 0x1616,
    0x8484, 0x1694, 0x9C84, 0x9CA3, 0x7676, 0x7676, 0x7776, 0x949C, 0x7676, 0x7676, 0x6B77, 0x8484,
    0x6B77, 0x849C, 0x166B, 0x1616, 0x76A3, 0xA3A3, 0x1616, 0x9393, 0x1616, 0x16A3, 0x1678, 0x9393,
    0x4D4C, 0xB63B, 0x4A44, 0x5F42, 0x16A3, 0x1616, 0x16A3, 0xAEA3, 0x84A3, 0x1616, 0x1616, 0xA384,
    0x9316, 0x9393, 0x93AE, 0x9316, 0x9393, 0x9393, 0x9393, 0x9393, 0x9316, 0x9393, 0x1616, 0x6B89,
    0x9393, 0x9393, 0x1693, 0x8984, 0x93AE, 0x8193, 0x9316, 0x1693, 0x4EB6, 0xC544, 0x5BC5, 0x6F4A,
    0xAEAE, 0x16A3, 0x16A3, 0x16A3, 0xA316, 0x9416, 0x1694, 0x8494, 0x9316, 0x9416, 0x8484, 0x1616,
    0x1680, 0x76A3, 0x6B78, 0x6B9C, 0x7777, 0x6B77, 0x169C, 0xAE16, 0x7777, 0x6B6B, 0x78A3, 0xA39C,
    0xA39C, 0x849C, 0x849C, 0x1678, 0x8080, 0x8FB2, 0xA07E, 0x5C5C, 0x8093, 0x8F81, 0x7EB2, 0x485C,
    0x9C9C, 0x8816, 0x7E7E, 0x485B, 0xB59F, 0x8F8F, 0x5C8F, 0x485C, 0x1693, 0x8080, 0xA08F, 0x5C5C,
    0xAE16, 0xB280, 0xB28F, 0x5C7E, 0xB588, 0x8F8F, 0xA07E, 0x5C7E, 0xB580, 0x8F80, 0x7E8F, 0x5C5D,
    0x4848, 0x5B48, 0x5040, 0xAD12, 0x4A48, 0xA62A, 0xAD12, 0xADAD, 0x508A, 0xB0AC, 0xADAD, 0xADAD,
    0x4A48, 0x1250, 0xADAD, 0xADCC, 0x4848, 0x8A8A, 0x5044, 0x4344, 0x5B5C, 0xC55B, 0x6F6E, 0x426E,
    0x5C48, 0x485B, 0x5B5B, 0x5BC5, 0x485C, 0x5B5C, 0x5B5C, 0x426E, 0xADB0, 0xCCAD, 0xADA4, 0xA4AD,
    0xADAD, 0xB0AD, 0xCBAC, 0x75AC, 0xADB0, 0x7475, 0xABC9, 0xC99A, 0xC4AD, 0x38AC, 0x3875, 0x9AAB,
    0x4CB6, 0xC42C, 0xC464, 0xC422, 0x4445, 0x4444, 0x2929, 0xC587, 0x4667, 0x2929, 0x5E87, 0x8787,
    0x454A, 0x452A, 0x2A29, 0x442A, 0x74B0, 0x9B38, 0x9B9B, 0x9B38, 0x38CB, 0xC938, 0x9AC9, 0x9AC9,
    0x38C9, 0xC99A, 0xC999, 0xC999, 0x3875, 0x381C, 0x1C74, 0x1C35, 0x2C30, 0x224C, 0x3B4C, 0x224C,
    0x4246, 0x7171, 0x502A, 0xA644, 0x4445, 0x4DB6, 0xA64C, 0x8B1D, 0x4D44, 0x1F4D, 0xA6B6, 0xA6A6,
    0x38C9, 0xC99A, 0x9A99, 0x9A99, 0x99C9, 0x9AC9, 0x999A, 0x9999, 0xC999, 0xC999, 0x9999, 0x9999,
    0x3A32, 0xC41E, 0x38C7, 0x3838, 0xA61D, 0x4644, 0x2948, 0x212C, 0xA6A6, 0x1D1E, 0x3BA6, 0xC43B,
    0x1E1D, 0xA61E, 0xA61E, 0x2C4C, 0xA6A6, 0xA6A6, 0xA650, 0x2CA6, 0xABC9, 0xA474, 0xB075, 0xA4A4,
    0x9999, 0xA575, 0xACA5, 0xCBA5, 0x9999, 0x3899, 0xCB75, 0xABAB, 0x9A38, 0x9A9A, 0x3875, 0x9A38,
    0x3532, 0x1C1C, 0x389A, 0x389A, 0x2C22, 0x3222, 0x3535, 0x3235, 0x2CC4, 0x2CC4, 0x2C2C, 0xC4C4,
    0x212C, 0xC42C, 0xC422, 0xC422, 0xACB0, 0xABAB, 0xCBAB, 0xABC9, 0x9AAB, 0x9AC9, 0x9AC9, 0x9AC9,
    0x999A, 0x9A99, 0x9A99, 0x9999, 0x999A, 0x999A, 0x999A, 0x999A, 0x1C9A, 0x389A, 0x9A9A, 0x9A9A,
    0x3236, 0x3536, 0x1C35, 0x381C, 0x22C4, 0xC4C4, 0xC436, 0xC4C4, 0x221E, 0x1E1E, 0x1E98, 0xA698,
    0xABC9, 0xA5CB, 0xACCB, 0xADB0, 0xACAB, 0xA4A5, 0xA46A, 0xADAD, 0x74C9, 0xCB75, 0xA4CB, 0xA4B0,
    0x9A9A, 0xC938, 0xAC74, 0x74A5, 0x9A9A, 0x1C9A, 0x3635, 0x3036, 0x1C1C, 0x3674, 0x30C4, 0x22C4,
    0xC436, 0x22C4, 0x2A98, 0x223B, 0x2A2A, 0x8729, 0x29C6, 0x2956, 0xADAD, 0xA4AD, 0xABAB, 0xCBCB,
    0xCDCD, 0xACCC, 0xC9AB, 0xC9AB, 0xADA4, 0xC9AC, 0x38C9, 0xC99A, 0x74C7, 0x9AAB, 0x9A38, 0x999A,
    0x3236, 0x3838, 0x9A9A, 0x9A99, 0x303B, 0x1C32, 0x9A1C, 0x9A9A, 0x3030, 0x3535, 0x1C1C, 0x389A,
    0x2929, 0x9829, 0x2C29, 0x36C4, 0xABAB, 0xCBAB, 0xCBAB, 0xCBCB, 0xC938, 0xABAB, 0x74CB, 0xADA4,
    0xC999, 0xAB99, 0x7475, 0xA575, 0x99C9, 0x9A9A, 0x99C9, 0x999A, 0x9A9A, 0x9A99, 0x9999, 0x9A99,
    0x9A38, 0x999A, 0x999A, 0x9A9A, 0x1C38, 0x351C, 0x351C, 0x351C, 0x303A, 0x21C4, 0x353A, 0x381C,
    0xCCCB, 0xCDCD, 0xCDCD, 0x11CD, 0xADA4, 0xCCCD, 0xCCCC, 0xCD11, 0x75AB, 0xA575, 0xAC75, 0xACB0,
    0xC9C9, 0x38AB, 0xC975, 0x75AB, 0x9A99, 0x1C9A, 0x3635, 0xCB75, 0x381C, 0x3032, 0xC4C4, 0x35C7,
    0x3535, 0x3635, 0x3636, 0x3636, 0x1C75, 0x3535, 0x3636, 0xC4C4, 0xCD11, 0xADB0, 0xADAD, 0xADAD,
    0xADCD, 0xADAD, 0xADAD, 0xA4AD, 0xA5AB, 0x6AAD, 0xADAD, 0xB0AC, 0xABCB, 0xACAB, 0xABA5, 0xABAB,
    0x1C75, 0x9A9A, 0x9A99, 0x9A9A, 0x3236, 0x9A75, 0x9A38, 0x1C1C, 0x3632, 0x3636, 0xC436, 0xC435,
    0xC473, 0xC422, 0x986A, 0x2929, 0xADAD, 0xB0B0, 0xCDAD, 0xCBB0, 0xB0AD, 0xB0B0, 0xCCCC, 0xCBAD,
    0xB0AC, 0xABAB, 0xCBAB, 0xCBAB, 0xC975, 0xC9AB, 0xC9C9, 0xC9AB, 0x389A, 0x3838, 0x9A9A, 0x389A,
    0x1C35, 0x1C74, 0x381C, 0x381C, 0x98C4, 0x36C4, 0x3535, 0x1C1C, 0x28C6, 0x3298, 0x32C7, 0x35C7,
    0xACAC, 0x1C35, 0x9A9A, 0x9A99, 0x74CB, 0x38C7, 0x999A, 0x999A, 0xABAB, 0xC9C9, 0x9999, 0x9999,
    0xC9AB, 0x99C9, 0x99C9, 0x999A, 0x9A9A, 0x9999, 0x9999, 0x9999, 0x9A38, 0x9A1C, 0x9A9A, 0x9A1C,
    0x1C38, 0x1C38, 0x1C1C, 0x351C, 0x1C74, 0x1C74, 0x32C7, 0xC4C4, 0x359A, 0x9836, 0x2898, 0x0F28,
    0x9999, 0x389A, 0x3674, 0x6A98, 0x9999, 0x9A99, 0x9A99, 0x3638, 0x999A, 0x9999, 0x999A, 0x389A,
    0x9999, 0x9999, 0x9999, 0x9A99, 0x9A9A, 0x9A9A, 0x9A9A, 0x9A9A, 0x3575, 0x351C, 0x3535, 0x3635,
    0x2298, 0x2298, 0x9898, 0x2A2A, 0x0F28, 0x2828, 0x3536, 0x9A9A, 0x9828, 0xC773, 0x1C74, 0x9A75,
    0xC436, 0x3635, 0x1C1C, 0xC99A, 0x3532, 0x35C7, 0x9A74, 0x999A, 0x389A, 0x1C38, 0x9A9A, 0x9999,
    0x381C, 0x3875, 0x9A38, 0x9A9A, 0x3632, 0x3635, 0x3535, 0x1C1C, 0x2A29, 0x2929, 0x3029, 0x1C35,
    0x9999, 0x9999, 0x9999, 0x9999, 0x9999, 0x9999, 0x9999, 0x9999, 0x9999, 0x9999, 0x9999, 0x9999,
    0x9999, 0x9999, 0x9999, 0x9999, 0x9999, 0x9999, 0x9999, 0x9999, 0x999A, 0x999A, 0x999A, 0x9999,
    0x389A, 0x389A, 0x9A9A, 0x9A99, 0x3574, 0x1C35, 0x38AB, 0x9A38, 0x9999, 0xAC9A, 0x1273, 0xCC12,
    0x9999, 0x9AC9, 0xAC38, 0x126A, 0x9999, 0x9999, 0x9A99, 0xA51C, 0x9999, 0x9999, 0x9999, 0x999A,
    0x9999, 0x9999, 0x9999, 0x9999, 0x9999, 0x999A, 0x999A, 0x9A9A, 0x9A99, 0x9A99, 0x389A, 0x389A,
    0x9A75, 0x9A1C, 0x3574, 0x3532, 0xCC12, 0x6A12, 0xABCB, 0xABAB, 0x1228, 0xABA4, 0x38AB, 0x38AB,
    0x7474, 0xABC9, 0xAB38, 0xABC9, 0xC9C9, 0xC9C9, 0x38AB, 0xABAB, 0x9A99, 0xC999, 0xC99A, 0xC9C9,
    0x9A9A, 0x9A38, 0x9A38, 0x9AC9, 0x9A9A, 0x389A, 0x1C38, 0x1C1C, 0x35C7, 0x3232, 0x22C4, 0x2245,
    0xCBAB, 0xB0CB, 0xCC12, 0xCDCC, 0xCBCB, 0xCBB0, 0xADB0, 0x11CD, 0xCBCB, 0xCBCB, 0xA4CB, 0x566A,
    0xABCB, 0xABCB, 0x74CB, 0x73A5, 0xC99A, 0xC9C9, 0xC999, 0xABC9, 0x999A, 0x9AC9, 0x999A, 0x9A9A,
    0x3535, 0x1C9A, 0x9A9A, 0x9A9A, 0x224B, 0x3022, 0x3230, 0x1C35, 0x56C8, 0xC856, 0x11C8, 0x1111,
    0xC6C6, 0x5611, 0xCCC8, 0xCD56, 0xC656, 0xC8C8, 0x6A6A, 0x6A12, 0x736A, 0xA573, 0xA573, 0xA573,
    0x751C, 0x751C, 0xAB1C, 0xAC75, 0x9A9A, 0xC938, 0x38AB, 0x1C75, 0x9A9A, 0x9A99, 0x9A9A, 0x389A,
    0x381C, 0x381C, 0x3875, 0x381C, 0x1111, 0xC8CD, 0x11C8, 0x1111, 0xCDC8, 0x11C6, 0xCD11, 0x5656,
    0xC873, 0x5656, 0x5656, 0x6A6A, 0x6A6A, 0x6A6A, 0x7356, 0x35A5, 0xAC75, 0xA436, 0x7475, 0x1C1C,
    0x38AB, 0x3875, 0x9A75, 0x9A38, 0x9A9A, 0x9A99, 0x9A9A, 0x9A99, 0x3875, 0x3838, 0x9A75, 0x9A9A,
    0x9393, 0xAE93, 0x939F, 0xAE93, 0x93AE, 0x9316, 0x93AE, 0x93AE, 0x16AE, 0xAE93, 0xAE93, 0xAEAE,
    0xAE16, 0x9316, 0x9316, 0x9316, 0x9393, 0x9493, 0x16AE, 0xAE93, 0x93AE, 0x9316, 0x1616, 0x1616,
    0xA316, 0x1616, 0x1616, 0x1693, 0xA316, 0x16A3, 0x9394, 0x9416, 0xAE93, 0x9393, 0x1693, 0x1693,
    0x93AE, 0x9316, 0x93AE, 0x9393, 0x1693, 0xAE93, 0x1693, 0xAE93, 0xAE16, 0xAE16, 0xAE16, 0xAE16,
    0x16AE, 0xAE93, 0x9393, 0xAE93, 0x1616, 0x16A3, 0x9416, 0x9494, 0x1616, 0x8494, 0x8416, 0x9C16,
    0x1616, 0x1616, 0x9316, 0x9416, 0x1693, 0x93AE, 0xAE93, 0xAEAE, 0x9393, 0xAE16, 0x93AE, 0xAE16,
    0x16AE, 0x1693, 0x1616, 0x1693, 0x1616, 0x9316, 0x1616, 0xAE16, 0x1683, 0x1693, 0x1693, 0x1616,
    0x1616, 0x16A3, 0x9316, 0x16A3, 0x6B78, 0x9C6B, 0xA39D, 0x1694, 0x7916, 0x9D84, 0x6B6B, 0x9C89,
    0xAE93, 0x16AE, 0x1693, 0x1616, 0x9394, 0x1616, 0x9416, 0x1616, 0x1616, 0x16AE, 0x1693, 0x1616,
    0x9416, 0x1616, 0x1616, 0x1684, 0x1693, 0x1616, 0x1616, 0x1694, 0x16A3, 0x1616, 0x1684, 0x1684,
    0x1694, 0x8494, 0x1694, 0x8494, 0x6B9C, 0x6B89, 0xA36B, 0x7384, 0x1693, 0xA3AE, 0x1616, 0x9973,
    0x1616, 0x16A3, 0x7394, 0x9A99, 0x1693, 0x7394, 0x9999, 0x9A9A, 0x1616, 0x9999, 0x9A9A, 0x999A,
    0x9994, 0x9A9A, 0x9A9A, 0x5C99, 0x9A73, 0x9A9A, 0x999A, 0x015C, 0x9A99, 0x9A9A, 0x5C99, 0x0184,
    0x9A99, 0x999A, 0x5C5C, 0x0101, 0x9999, 0x9999, 0x9999, 0x9999, 0x999A, 0x015C, 0x0101, 0x0101,
    0x5C99, 0x0101, 0x0101, 0x0101, 0x015C, 0x0101, 0x0101, 0x0101, 0x0101, 0x0101, 0x0101, 0x0101,
    0x0101, 0x0101, 0x0101, 0x0101, 0x0101, 0x0101, 0x0101, 0x0101, 0x0101, 0x0101, 0x0101, 0x0101,
    0x9999, 0x9999, 0x1673, 0x1694, 0x995C, 0x9A9A, 0x9999, 0x7399, 0x5C01, 0x9A99, 0x9A9A, 0x999B,
    0x0101, 0x995C, 0x9A9A, 0x9B9B, 0x0101, 0x9901, 0x9A9A, 0x9B9B, 0x0101, 0x0101, 0x9999, 0x9B9B,
    0x0101, 0x0101, 0x9A99, 0x9A9A, 0x0101, 0x0101, 0x9A99, 0x9A9A, 0x80B5, 0x8080, 0x7EB2, 0x5C5C,
    0x8080, 0x809F, 0x8FB5, 0x7EA0, 0x9F80, 0x808F, 0x80B5, 0x8FB2, 0x939F, 0x9F9F, 0x809F, 0xB580,
    0x939F, 0x939F, 0x9F81, 0x8080, 0x9F93, 0x81AE, 0x9FAE, 0x81AE, 0x1693, 0x1693, 0x1616, 0x1616,
    0x1616, 0x9316, 0x9316, 0x93AE, 0x485B, 0xC5C5, 0x6E4A, 0x4240, 0x5C7E, 0x4848, 0xC5C5, 0x5B5B,
    0xA0B2, 0x5C48, 0x5C5B, 0x4646, 0xA080, 0x7E7E, 0x5C7E, 0x465C, 0x8082, 0xB5B2, 0x5C7E, 0x5C48,
    0x9381, 0x9316, 0x5CB2, 0x5C5C, 0x9F93, 0x8081, 0x828F, 0x5C5C, 0x9FAE, 0x9F9F, 0x809F, 0xB2AF,
    0x4542, 0x2A45, 0x4544, 0x4444, 0x424A, 0x4445, 0x4445, 0x4B44, 0x4042, 0x4242, 0x5F44, 0x4E4E,
    0x5B48, 0x405B, 0x4067, 0x4140, 0x5BC5, 0x5C48, 0x4067, 0x4A42, 0x485C, 0x5C5C, 0x7B5C, 0x6E5B,
    0x5C5C, 0x5C5C, 0x5C5C, 0x67C5, 0x7E8F, 0x7EB2, 0x485C, 0x4848, 0xB64D, 0xB64D, 0x3B1F, 0xA697,
    0x4DB6, 0x3BB6, 0x1D22, 0x4CA6, 0x444E, 0x4B4B, 0x6742, 0x6740, 0x436F, 0x4E43, 0x4A6E, 0x4342,
    0x4042, 0x4241, 0xC24E, 0xC2B6, 0x4067, 0x414A, 0x404A, 0x4E42, 0x676E, 0x4040, 0x6E40, 0x4240,
    0x675B, 0x6767, 0x4A67, 0x4067, 0x351C, 0x3535, 0x3635, 0x3533, 0x745A, 0x2E39, 0x3636, 0x3636,
    0x3736, 0x3737, 0xC4C4, 0x3637, 0x3939, 0x3AC4, 0xC4C4, 0xC4C4, 0x3235, 0x3036, 0x3739, 0xC4C4,
    0x3930, 0x3136, 0x3636, 0xC437, 0xD022, 0xC4C4, 0xC4C4, 0x3231, 0x3736, 0xB6D1, 0x872A, 0x4848,
    0x3232, 0x3532, 0x3838, 0x389A, 0x3236, 0x353A, 0x75AC, 0x35AC, 0x3A36, 0x3636, 0xC43A, 0xC436,
    0xC41E, 0xC422, 0x221E, 0x223B, 0xC421, 0x3A21, 0x36CA, 0x3232, 0x3636, 0x3236, 0x3532, 0x3536,
    0x3632, 0x3232, 0x3235, 0xCA35, 0x223B, 0x3022, 0x3536, 0x35C7, 0x79A3, 0xA32A, 0x1616, 0x94AE,
    0x7776, 0x2829, 0x6B77, 0x6B89, 0x7883, 0x2816, 0xA312, 0x9C84, 0x80AD, 0x1616, 0x126A, 0x8416,
    0x28A5, 0x9FB5, 0xA446, 0x9C71, 0xA52A, 0xAECE, 0x12A3, 0x6C12, 0x12B2, 0xCEA4, 0x8781, 0x2AB0,
    0xA650, 0x12A5, 0xBA67, 0xA412, 0x9494, 0x1694, 0x1610, 0x1694, 0x849C, 0x6CA3, 0x9C9C, 0xA39C,
    0x779C, 0x6B6B, 0x776B, 0x7777, 0x6B9C, 0x9484, 0x7884, 0x9C6B, 0x77A3, 0x776B, 0x8778, 0x776B,
    0x7676, 0xCF76, 0x12CF, 0x76CE, 0x8788, 0x7171, 0x2A12, 0x87B0, 0x12AF, 0x9573, 0x712A, 0x7373,
    0x28AE, 0xA387, 0x8416, 0x8416, 0x299C, 0xA329, 0x849C, 0x84A3, 0x1477, 0x7728, 0xA39C, 0x9C84,
    0x879C, 0x1612, 0xA39C, 0x849C, 0x8777, 0x94A4, 0x6B6B, 0x6B9D, 0x2976, 0x79A4, 0x7776, 0x8977,
    0x2A9F, 0x71B0, 0x8416, 0x9D6C, 0x2AB2, 0x50A4, 0xB2B5, 0x9382, 0x0101, 0x0101, 0x0101, 0x0101,
    0x0101, 0x0101, 0x0101, 0x0101, 0x0101, 0x0101, 0x0101, 0x0101, 0x0101, 0x0101, 0x0101, 0x0101,
    0x0101, 0x0101, 0x0101, 0x0101, 0x0101, 0x0101, 0x0101, 0x0101, 0x0184, 0x0101, 0x0101, 0x0101,
    0x845C, 0x0101, 0x0101, 0x0101, 0x9393, 0x8181, 0x9F80, 0x8080, 0x9316, 0x9393, 0x81AE, 0x9393,
    0x9494, 0x9493, 0xAE93, 0xAE93, 0x16A3, 0x9416, 0x9416, 0xAE16, 0x8416, 0x1616, 0x1693, 0x1616,
    0x8478, 0x8484, 0x1616, 0x94A3, 0x9C84, 0x8484, 0x8484, 0x8484, 0x9C9C, 0x849C, 0x849C, 0x849C,
    0x9F82, 0x888F, 0x5C5C, 0x4848, 0x819F, 0x1616, 0x8881, 0x5C5D, 0x9393, 0x1694, 0x80AE, 0x817F,
    0xAEA3, 0x8416, 0x16A3, 0x1616, 0x16AE, 0x1616, 0x1610, 0xAE93, 0x9484, 0x1616, 0x1616, 0x9416,
    0x8484, 0x6C94, 0x8494, 0x1694, 0x849C, 0x8484, 0x84A3, 0x84A3, 0x674A, 0x5B6E, 0x6E67, 0x4A4A,
    0x4A48, 0x5B5B, 0x4A48, 0x405B, 0x7F81, 0x107F, 0x107F, 0x9410, 0x7816, 0xA39C, 0x789C, 0x786B,
    0x939F, 0x8080, 0x828F, 0xA0A0, 0x1616, 0x8116, 0x7F9F, 0x8883, 0xA316, 0x1616, 0x9394, 0x8181,
    0xA3A3, 0x84A3, 0x94A3, 0x9484, 0x3131, 0x3B3C, 0x8728, 0x5E5E, 0x4529, 0x4646, 0x44D2, 0xB6B6,
    0xB644, 0x3B1F, 0x634C, 0x2121, 0x39C4, 0xD330, 0x3936, 0x3A3A, 0x2E65, 0x3930, 0x3039, 0x3030,
    0x212C, 0x2322, 0x2C2C, 0xD0D0, 0xC421, 0x2C30, 0xD0C4, 0x2C2C, 0x2322, 0xC424, 0x3AC4, 0xC4C4,
    0x2945, 0x4445, 0xC44C, 0xC421, 0x2222, 0x2298, 0x223B, 0x223B, 0x3A21, 0x3232, 0x3032, 0x3632,
    0x30C4, 0x363A, 0x363A, 0x3030, 0x2130, 0x3A36, 0x3036, 0x2C30, 0x4C3B, 0x4CA6, 0x4C3B, 0x3B4D,
    0x224C, 0x2221, 0x2221, 0x2221, 0x30C4, 0xC42C, 0x2C22, 0x4C22, 0xA621, 0xA573, 0x5073, 0xA412,
    0x1D73, 0x731E, 0x1EA4, 0x1212, 0x1E21, 0x7321, 0xA5A5, 0x1221, 0x121E, 0x2173, 0xA473, 0xA673,
    0x1E51, 0x2173, 0x7351, 0x12A5, 0x3A21, 0x2112, 0x2121, 0xA473, 0xC451, 0x7373, 0x2151, 0xA551,
    0x732F, 0x7312, 0x5121, 0x512F, 0x1E1E, 0x73B0, 0x1273, 0xA51E, 0xC7A4, 0xC7A4, 0x1273, 0xA573,
    0xC412, 0x1E3A, 0x1273, 0x7321, 0x1E2A, 0x731D, 0x1212, 0x211E, 0x1EA6, 0x2121, 0x1273, 0x731E,
    0xA612, 0x211E, 0x121E, 0xA612, 0x121E, 0x2121, 0x1221, 0xA612, 0xA61E, 0x511E, 0xA61E, 0x1D2A,
    0x50A6, 0x12B0, 0xB295, 0xB271, 0x73A4, 0xA5A5, 0x50A6, 0x442A, 0xA4A5, 0xA5A5, 0xA674, 0x741E,
    0xA573, 0xA573, 0x1273, 0x9B1E, 0x7373, 0x73A5, 0xA621, 0x2121, 0x3A1E, 0x1212, 0x2173, 0x211E,
    0x1E51, 0x12A6, 0x2112, 0x2151, 0x981E, 0x211E, 0x1E12, 0x2121, 0x9CA3, 0x6B9C, 0x9C84, 0xA378,
    0x6B6B, 0x6B6B, 0x7977, 0x9C14, 0x6B6B, 0x6B6B, 0x146B, 0x7612, 0x6B77, 0x6B9C, 0x6C77, 0x6C6A,
    0x849C, 0x1694, 0x9C16, 0x5E12, 0xA377, 0xB293, 0x80AF, 0x2898, 0x8482, 0x8394, 0x8F83, 0x1212,
    0x67B2, 0x5E5D, 0x8179, 0xA52A, 0x9CA3, 0x9CA3, 0x8484, 0x9C84, 0xA36B, 0x9C77, 0x9C9C, 0x9C6B,
    0x6B9C, 0x6B6B, 0x9C9C, 0x6B9C, 0x6B77, 0x6B77, 0x6B76, 0x6B77, 0x84A3, 0x6B9C, 0x6B9C, 0x776B,
    0x84A3, 0xA36B, 0x9C9C, 0x6B89, 0x167E, 0x8110, 0x9487, 0x6C94, 0x7E7E, 0x7E82, 0x8728, 0x8116,
    0x9C84, 0xA384, 0x8484, 0x8494, 0x9C9C, 0x9C9C, 0x9C9C, 0x849C, 0x6B9C, 0x6B9D, 0x9C9D, 0x9C9D,
    0x6B77, 0x6B89, 0x9C89, 0x6B89, 0x6B6B, 0x896B, 0x896B, 0x6B6B, 0x6B9E, 0x6B6B, 0x6B89, 0x8977,
    0x8494, 0x8493, 0x899C, 0x846C, 0x82AF, 0x8880, 0x9483, 0x9393, 0x222C, 0xD423, 0x212F, 0x2121,
    0x5722, 0x4C3B, 0x2122, 0xC4C4, 0x3B4C, 0xC255, 0xD5B6, 0x2121, 0x42C2, 0x4071, 0x436E, 0xC2C2,
    0x6E42, 0x7B67, 0x6767, 0x43D6, 0x6767, 0x9595, 0x5B95, 0x5B5B, 0x4640, 0x5B4A, 0xD24A, 0x5B5B,
    0x71D7, 0x5B4A, 0xD24A, 0x5B5B, 0x2130, 0xC421, 0x2221, 0x1F2C, 0x21C4, 0xC42C, 0x4C22, 0x1F3B,
    0x2221, 0x2221, 0x222C, 0xB64C, 0x4CA6, 0x973B, 0x3BB6, 0x43C2, 0xC2B6, 0x44B6, 0x4244, 0x6742,
    0x4240, 0x404A, 0x7167, 0x6767, 0x5B8A, 0x5C46, 0x465B, 0x4A4A, 0x5C5D, 0x5C5C, 0x485C, 0x485C,
    0x7335, 0x7373, 0x5151, 0x3A51, 0x7351, 0x7312, 0x5151, 0x512F, 0x3A51, 0xC473, 0x51CA, 0x5135,
    0xCAC7, 0x5173, 0x5151, 0x5151, 0xCA9B, 0x519B, 0xCAC7, 0x5135, 0x9BCA, 0xCACA, 0xCA73, 0x3273,
    0x3A9B, 0x35CA, 0xCA35, 0xC7C7, 0x511C, 0x9BC4, 0xCACA, 0xC73A, 0x2151, 0x2F51, 0x1E51, 0x1E1E,
    0x5121, 0x512F, 0x5151, 0x1E21, 0x5151, 0x5151, 0x5151, 0x1E51, 0x5151, 0x5151, 0x513A, 0x733A,
    0x519B, 0x51CA, 0x5135, 0x7351, 0x51CA, 0xCAC7, 0x3551, 0xC773, 0xC7CA, 0xCAC7, 0x5135, 0x73C7,
    0xCA51, 0xCAC7, 0xCACA, 0x3A3A, 0x981E, 0x2121, 0x123A, 0x213A, 0x2112, 0x5121, 0x1221, 0x5112,
    0x211E, 0x2151, 0x1E51, 0x7312, 0x5121, 0x513A, 0x512F, 0x1E12, 0x513A, 0x5151, 0x5132, 0x123A,
    0xC773, 0x5151, 0x5151, 0x7351, 0x73C7, 0x51CA, 0x5151, 0xC79B, 0xC7C7, 0x513A, 0xCA73, 0xCACA,
    0xD851, 0xD951, 0x3AA4, 0x991E, 0x51D8, 0x1ED8, 0xDCD9, 0x99DD, 0xD851, 0x1E51, 0x1EDB, 0xA81E,
    0x51D8, 0xDB3A, 0xDBD9, 0xA7A8, 0x513A, 0x1E51, 0xDBDB, 0xA7A8, 0x51DB, 0xDB36, 0xA8D9, 0xA7B1,
    0x51DC, 0xDC35, 0xA8DC, 0xA7B1, 0x51DB, 0xC751, 0xB1A8, 0xA7B1, 0xA7A7, 0x99A7, 0x9999, 0x9999,
    0x99A7, 0x99A7, 0x9A99, 0x9A9A, 0xA7A7, 0x9999, 0x9A99, 0x9A9A, 0xA7A7, 0xA7A7, 0x9999, 0x9999,
    0xA7A7, 0xA7A7, 0x9A99, 0x9A9A, 0xA7A7, 0xA7A7, 0x9A99, 0x9A9A, 0xA7A7, 0x99A7, 0x9A9A, 0x9A9A,
    0xA7A7, 0x99A7, 0x9A9A, 0x9A9A, 0x9999, 0x9999, 0x9999, 0x9A9A, 0x9A9A, 0x9A9A, 0x9A9A, 0x9A9A,
    0x9A9A, 0x9A9A, 0x9A9A, 0x9A9A, 0x9999, 0x9999, 0x9999, 0x9999, 0x9A9A, 0x9A9A, 0x9A9A, 0x9A9A,
    0x9A9A, 0x9A9A, 0x9A9A, 0x9A9A, 0x9A9A, 0x9A9A, 0x9A9A, 0x9A9A, 0x9A9A, 0x9A9A, 0x9A9A, 0x9A9A,
    0x9A9A, 0x9B9A, 0x9B9B, 0x999B, 0x9A9A, 0x9B9B, 0x9B9B, 0x999B, 0x9A9A, 0x999A, 0x9999, 0x9999,
    0x9999, 0x9B99, 0x9B9B, 0x999B, 0x9A9A, 0x9B9A, 0x9B9B, 0x9A9B, 0x9A9A, 0x9A9A, 0x9B9B, 0x9B9B,
    0x9A9A, 0x9A9A, 0x9B9A, 0x9B9B, 0x9A9A, 0x9A9A, 0x9B9A, 0x9B9B, 0x995C, 0xA7A7, 0xB1B1, 0xA8B1,
    0x995C, 0xA7A7, 0xB1B1, 0xB199, 0x3899, 0xA799, 0x9999, 0xB1A7, 0x9B9B, 0xA799, 0xA7A7, 0xB1B1,
    0xA599, 0xA799, 0xA7A7, 0xB1B1, 0x9B99, 0xA799, 0xB1A7, 0xB1B1, 0x999A, 0xA799, 0xB1A7, 0xB1B1,
    0x999B, 0x999B, 0xB1A7, 0xB1B1, 0xB0A5, 0xC21E, 0xDBDA, 0x98AC, 0xA5A8, 0xCADB, 0xDCC7, 0xA5A5,
    0xA8B1, 0xCAB0, 0xA574, 0xA5AC, 0xA8B1, 0xA5A5, 0xDBD9, 0xACA5, 0xB1B1, 0xA5A8, 0xD9C7, 0xA5A5,
    0xB1B1, 0x51A8, 0x1E3A, 0x511E, 0xB1B1, 0xA8B1, 0xDB51, 0x3ADB, 0xB1B1, 0xA8B1, 0xDC51, 0x3AD9,
    0xA61D, 0x6750, 0x6750, 0xB012, 0x3AA5, 0xA61E, 0xA61E, 0xAC28, 0xC7A5, 0xC774, 0x73CA, 0xA5C7,
    0xACA5, 0x7373, 0xACA5, 0xACAB, 0xA5CA, 0x7312, 0xA5AC, 0xC7CA, 0x1E51, 0xA512, 0xC7C7, 0x5173,
    0x1251, 0xA51E, 0x51AC, 0x73CA, 0x9873, 0xC773, 0x51A4, 0x1E2F, 0x7E50, 0x5C46, 0x2812, 0x8080,
    0x5028, 0x502A, 0xA412, 0x5CCE, 0xA573, 0x1273, 0xA51E, 0x5012, 0xA5A5, 0x1212, 0xA5C7, 0xC7A5,
    0x1EAC, 0x73A6, 0xA5AB, 0xC7B0, 0xA61E, 0x2112, 0xA573, 0xC7A4, 0x12A6, 0x5121, 0xC751, 0x5151,
    0xA62A, 0x513A, 0x5151, 0x5151, 0x8183, 0x7983, 0x1679, 0x949C, 0x87AF, 0x5EAF, 0x8383, 0x9483,
    0x7312, 0x50A6, 0x50C2, 0x40A6, 0x73A6, 0x1EA4, 0x12A6, 0xA61E, 0xCB9B, 0x73B0, 0x7373, 0x3AC7,
    0xCA51, 0x73A5, 0x7312, 0xABC7, 0xC751, 0x12A5, 0x3A1E, 0xCA35, 0x5151, 0x1273, 0x5112, 0xCA51,
    0x7981, 0x1679, 0x5E8F, 0x8282, 0x8283, 0x5D5E, 0x7371, 0x5C95, 0x4040, 0x6750, 0x983B, 0x5B67,
    0xA650, 0x5050, 0x4412, 0x4067, 0x1E51, 0xA68B, 0xA6A5, 0xC27C, 0x9BAB, 0xACC7, 0x1DA5, 0x1EA6,
    0xCACA, 0xA59B, 0x36C7, 0xCA74, 0xCA51, 0xA551, 0x5173, 0xCA51, 0x9379, 0x1683, 0x9410, 0x8494,
    0x717E, 0x8798, 0x8180, 0x9416, 0x5C46, 0x73A6, 0xB246, 0x8282, 0x6767, 0x1295, 0x7112, 0x5C7E,
    0x5041, 0x6750, 0x7373, 0x9571, 0xA61E, 0x50A6, 0xAC12, 0x5012, 0xCA74, 0xA574, 0x73A5, 0x73AC,
    0x74CA, 0xACA5, 0xACB0, 0xB0C7, 0x9C9D, 0x9D6C, 0x28A3, 0x9C29, 0x6C6C, 0x9D9C, 0x289C, 0x9C2A,
    0x937F, 0x6C10, 0x2884, 0xA312, 0x82AF, 0x8083, 0x9893, 0x8012, 0x7E95, 0x5C7E, 0x127E, 0x7E73,
    0xA695, 0x712A, 0x1E95, 0x71A5, 0x73A6, 0x1EAC, 0x73A6, 0x50AC, 0xACA5, 0xC7B0, 0xAC73, 0x73B0,
    0x9C78, 0x9D6C, 0x28A3, 0x6B29, 0x9D9C, 0x6B6B, 0x2877, 0x6B14, 0xA394, 0xA394, 0x6AA3, 0x6B29,
    0x9F93, 0x8393, 0x7383, 0x84CE, 0x7E7E, 0x7E7E, 0xA471, 0x802A, 0x955C, 0x957E, 0xB071, 0x500F,
    0x7140, 0x6750, 0xB0A6, 0xB0A4, 0x1EC2, 0x1EC2, 0xB012, 0xACA5, 0x9C78, 0x9C9D, 0x849D, 0x899D,
    0x6B89, 0x6B77, 0x8977, 0x9D89, 0x776B, 0x289C, 0x775E, 0x7789, 0x796B, 0x2898, 0x896B, 0x9C9C,
    0xA471, 0x1612, 0x16A3, 0xA384, 0x73B0, 0x80AF, 0xB280, 0x5EA3, 0xA6AC, 0xA6C2, 0xA61D, 0xA573,
    0x2173, 0x3A3A, 0xA573, 0xC7B0, 0x899D, 0x776B, 0x7777, 0x946B, 0x6C89, 0x6B6B, 0x7777, 0x8776,
    0x896B, 0x9C9D, 0x6B9D, 0xA494, 0x6B77, 0x949C, 0xA384, 0xB02A, 0x2979, 0x1610, 0xAF16, 0x73A4,
    0x2A12, 0x8280, 0x2A9F, 0x28B0, 0x3BC7, 0xA6A6, 0x73A6, 0x50AC, 0xABCA, 0x74CA, 0xB0C7, 0x73B0,
    0x14A4, 0x8416, 0x9C94, 0x846C, 0x6B12, 0x8977, 0x9489, 0x949C, 0x6B2A, 0x6B9D, 0x286B, 0x9C87,
    0x8414, 0x1094, 0x29A3, 0x9398, 0xAF7E, 0xAF8F, 0x828F, 0x8773, 0x7EB5, 0xB2B2, 0x957E, 0x126A,
    0x6754, 0xA61F, 0x4050, 0xB073, 0xC71E, 0xAB1E, 0xC7C7, 0xB0CB, 0xA36C, 0x8787, 0x9416, 0x9416,
    0x8494, 0x7314, 0xAE79, 0x792A, 0x1694, 0x12AE, 0xAE98, 0x8712, 0x9316, 0x2AAE, 0x95A4, 0x1228,
    0x8FB5, 0x717E, 0x2ACB, 0x1298, 0x95B2, 0x7167, 0x73A4, 0xA512, 0x5012, 0xC21D, 0xB073, 0xB0A5,
    0x73B0, 0x74C7, 0xACC7, 0xACA5, 0x9379, 0x9493, 0x9479, 0x9310, 0x9316, 0x9393, 0x8193, 0x8193,
    0x939F, 0x8093, 0x8F82, 0x838F, 0x5D8F, 0x5C83, 0x5C7E, 0x7E7E, 0x5B46, 0x5B67, 0x9546, 0x5B46,
    0x5067, 0x6767, 0x7167, 0x6795, 0xC2A6, 0xC24C, 0x5050, 0xA6A6, 0xC773, 0x74C4, 0x1E1E, 0xACC7,
    0x7910, 0x8182, 0x7F7F, 0x8382, 0x8716, 0x8128, 0x7F79, 0x8081, 0x2A81, 0x9F98, 0x7F7F, 0x837F,
    0x128F, 0x802A, 0x5D82, 0x5D82, 0xA471, 0x5C2A, 0x5C46, 0x5C46, 0xA528, 0x4646, 0x675B, 0x6767,
    0x73A5, 0x1E22, 0xA6A6, 0x1EA6, 0xC7A5, 0x74C7, 0xC773, 0xABAC, 0x8288, 0x5D5D, 0x5C5C, 0x4046,
    0x8281, 0x827F, 0x5C82, 0x4A5C, 0x827F, 0x825D, 0x875D, 0x5B5C, 0x5D5D, 0x5C5D, 0x465D, 0x5C5D,
    0x7E46, 0x4646, 0x4646, 0x9546, 0x6767, 0x7146, 0x6767, 0x5067, 0xC2A6, 0x4422, 0x50A6, 0x73A6,
    0xC73A, 0x3A74, 0xC73A, 0xACA5, 0xC24B, 0x454E, 0x484A, 0x5C46, 0x4350, 0x4A50, 0x5D5C, 0x825E,
    0x4042, 0x7150, 0x5D5C, 0x5D7E, 0x4095, 0x6767, 0x5C5D, 0x5C5D, 0x6767, 0x4667, 0x4671, 0x5C46,
    0x6771, 0x9595, 0x4067, 0x9567, 0x5073, 0x50A6, 0x50C2, 0x5050, 0x221E, 0x22C7, 0xA6A6, 0x73A6,
    0x5C48, 0x2898, 0x8282, 0x5D7E, 0x5D82, 0x7112, 0x5D81, 0x5D5D, 0x87A0, 0x5CA5, 0x5D82, 0x837E,
    0x988F, 0x8712, 0x5C5D, 0xA05D, 0xA467, 0x951E, 0x5B67, 0x715B, 0xB02A, 0x442A, 0x4067, 0xA52A,
    0xA573, 0x731E, 0x12A6, 0x73CB, 0x73A5, 0x7373, 0xAC73, 0xA5A5, 0x827E, 0x5C5C, 0x424A, 0xA6B6,
    0x825D, 0x5D7F, 0x4A5C, 0x4E71, 0x8F5D, 0x5D7E, 0x5C5D, 0x4340, 0x4487, 0x7E5D, 0x955C, 0x4267,
    0x12A4, 0x5B5B, 0x4646, 0x5040, 0x9512, 0x4067, 0x7167, 0x4240, 0x4498, 0x50C2, 0x5050, 0xC2C2,
    0xCA73, 0x22C4, 0xA6A6, 0x21C4, 0x4C1D, 0xA697, 0x43B6, 0x4244, 0x4CB6, 0xC2B6, 0x4243, 0x6771,
    0xC24B, 0x504B, 0x5B40, 0x5C5B, 0xC243, 0x7150, 0x9595, 0x5D5C, 0xC2C2, 0x6744, 0x9567, 0x5D5B,
    0xC243, 0x4050, 0x6746, 0x5C5B, 0xC2A6, 0x9550, 0x6767, 0x6767, 0x731E, 0xC298, 0x4350, 0x5042,
    0x4243, 0x5044, 0x4A42, 0x5B4A, 0x6795, 0x5B5B, 0x485C, 0x5C5C, 0x5C7E, 0x5C5C, 0x5D5C, 0x5D48,
    0x5D5E, 0x5D7F, 0x5D5D, 0x5C5D, 0x5D5C, 0x465C, 0x5CA0, 0x5C46, 0x7E5C, 0x732A, 0x465B, 0x6746,
    0x7B40, 0xA53B, 0x7B42, 0x4243, 0x4067, 0xCB1E, 0x4450, 0x4044, 0x4846, 0x125C, 0xA012, 0x5D7E,
    0x5D5D, 0xA487, 0xA046, 0x5D5D, 0x885D, 0x12A6, 0x5D7E, 0xA0A0, 0x5C5D, 0x9873, 0x8180, 0x46AF,
    0x2A5C, 0x46B0, 0x5D8F, 0x2A73, 0x735B, 0x5C73, 0xA587, 0x7E98, 0xA542, 0x4A3B, 0xA5A5, 0x5B71,
    0xA528, 0x7350, 0xA6AC, 0x4240, 0x825C, 0x5C7E, 0x7E5C, 0x825D, 0x8282, 0x5D83, 0x5C5D, 0x485C,
    0x8182, 0x5E82, 0x8282, 0x5D7E, 0x837F, 0x825E, 0x8282, 0x5D5D, 0x83A0, 0x8283, 0x5D5C, 0x5C5C,
    0x5C5C, 0x5C5D, 0x5C5C, 0x4A48, 0x5B4A, 0x674A, 0x7142, 0x3B4A, 0x4250, 0x4371, 0x4350, 0x7340,
    0xCA38, 0xCA3A, 0xCA9B, 0xCACA, 0x9B9B, 0x511E, 0x9B9B, 0x9BC7, 0x9B38, 0x3651, 0x9B38, 0x7435,
    0x389B, 0x9B1C, 0x389B, 0x7474, 0x3838, 0x3838, 0x3838, 0xCA38, 0x3874, 0x3838, 0x3838, 0x749B,
    0x3838, 0x3838, 0x3838, 0x74C9, 0x3838, 0x9A38, 0x3838, 0x3838, 0x9B9B, 0xCA9B, 0xCA51, 0x3ACA,
    0x749B, 0x9BCA, 0x3A3A, 0xC7C7, 0x3A9B, 0x9BC7, 0x1E35, 0xCA51, 0xC71C, 0xCA3A, 0x3ACA, 0x323A,
    0x3238, 0xC730, 0xCA9B, 0x5130, 0x9B9B, 0x513A, 0x9BCA, 0x9B1C, 0x389B, 0x9B9B, 0xCA9B, 0x3838,
    0x3874, 0x3838, 0x38AB, 0x3838, 0xCACA, 0xC7C7, 0x51C7, 0xCA9B, 0x9BC7, 0xC7C7, 0xCAC7, 0x9B35,
    0x35CA, 0xC79B, 0xCACA, 0x9B9B, 0x1CC7, 0x9B9B, 0x9B1C, 0x9B35, 0x9B38, 0x9B38, 0x9B9B, 0x9B9B,
    0x389B, 0x389B, 0x9B9B, 0x9B9B, 0x3838, 0x3838, 0x9B38, 0x9B38, 0x3838, 0x3838, 0x389B, 0x389B,
    0xC7CA, 0x5135, 0xB1A8, 0xA7A7, 0xC7C7, 0x513A, 0xB1A8, 0xA7A7, 0x3ACA, 0xC7C7, 0xB1A8, 0xA7A7,
    0xC7CA, 0xA8C7, 0xB1B1, 0xA7A7, 0x369B, 0xA835, 0xA7B1, 0xA7A7, 0x9B9B, 0xA8CA, 0xA7B1, 0xA7A7,
    0x9B38, 0xA838, 0xA7B1, 0xA7A7, 0x389B, 0xB1A8, 0xA7B1, 0xA7A7, 0xA7A7, 0x9A99, 0x9A9A, 0x9A9A,
    0xA7A7, 0x9A99, 0x9A9A, 0x9A9A, 0x99A7, 0x9A9A, 0x9A9A, 0x9A9A, 0x99A7, 0x9A9A, 0x9A9A, 0x9A9A,
    0x99A7, 0x9A9A, 0x9A9A, 0x9A9A, 0x9A99, 0x9A9A, 0x9A9A, 0x9A9A, 0x9A99, 0x9A9A, 0x9A9A, 0x9A9A,
    0x9A9A, 0x9A9A, 0x9A9A, 0x9A9A, 0x9A9A, 0x9A9A, 0x9A9A, 0x9A9A, 0x9A9A, 0x9A9A, 0x9A9A, 0x9A9A,
    0x9A9A, 0x9A9A, 0x9A9A, 0x9A9A, 0x9A9A, 0x9A9A, 0x9A9A, 0x9A9A, 0x9A9A, 0x9A9A, 0x9A9A, 0x9A9A,
    0x9A9A, 0x9A9A, 0x9A9A, 0x9A9A, 0x9A9A, 0x9A9A, 0x9A9A, 0x9A9A, 0x9A9A, 0x9A9A, 0x9A9A, 0x9A9A,
    0x9A9A, 0x9A9A, 0x9A9A, 0x9B9B, 0x9A9A, 0x9A9A, 0x9A9A, 0x9B9B, 0x9A9A, 0x9A9A, 0x9A9A, 0x9B9B,
    0x9A9A, 0x9A9A, 0x9A9A, 0x9B9B, 0x9A9A, 0x9A9A, 0x9A9A, 0x9B9B, 0x9A9A, 0x9A9A, 0x9A9A, 0x9B9A,
    0x9A9A, 0x9A9A, 0x9A9A, 0x9B9A, 0x9A9A, 0x9A9A, 0x9A9A, 0x9B9A, 0x999B, 0x999B, 0xA7A7, 0xB1B1,
    0x9A9B, 0x9B99, 0xA799, 0xB1B1, 0x9B9B, 0xCA99, 0xA799, 0xB1A7, 0x9B9B, 0xC799, 0xA799, 0xB1A7,
    0x9B9B, 0xDB9A, 0x999B, 0xA7A7, 0x9B9B, 0x999B, 0x99C7, 0xA7A7, 0x9B9B, 0x999B, 0x35C7, 0xA799,
    0x9B9B, 0x999B, 0x743A, 0xA799, 0xB1B1, 0xA8B1, 0x5135, 0xDCDB, 0xB1B1, 0xA8B1, 0xCA51, 0x51C7,
    0xB1B1, 0xA8B1, 0xC7CA, 0xCA35, 0xB1B1, 0xA8B1, 0xCADB, 0xCA51, 0xB1B1, 0xA8B1, 0xCAC7, 0xCACA,
    0xB1B1, 0xA8B1, 0x9BC7, 0xCAC7, 0xB1B1, 0xB1B1, 0x9BA8, 0xAC74, 0xB1A7, 0xB1B1, 0x9BA8, 0xCB74,
    0x7351, 0x3A35, 0xC712, 0x1251, 0xCA51, 0xA673, 0xAC12, 0x3A51, 0x51CA, 0xA61E, 0xB0C7, 0xCACA,
    0x3A51, 0x2198, 0xACC7, 0x9BC7, 0x1E9B, 0x511E, 0xAC74, 0xCA74, 0x51CA, 0xCA73, 0xACCA, 0x9BAC,
    0xCA9B, 0x9B9B, 0xAC9B, 0x9B74, 0x9B74, 0x9B9B, 0x749B, 0x9BAC, 0x511E, 0x51CA, 0x5135, 0x51CA,
    0xCA51, 0xCA51, 0xCACA, 0xCA51, 0x3ACA, 0x5173, 0xCACA, 0xCACA, 0x1273, 0xCA98, 0xCA51, 0xCACA,
    0x1E73, 0xCAC7, 0xCACA, 0xCACA, 0xC7C7, 0x9BCA, 0x9BCA, 0xACC7, 0x749B, 0x9B9B, 0x9B9B, 0xAC9B,
    0x9B9B, 0x9BAB, 0x9BCA, 0xCB74, 0x5135, 0x281E, 0xCA1E, 0xCACA, 0x51CA, 0x1228, 0xCA73, 0xCA51,
    0xCACA, 0x733A, 0x51CA, 0xCACA, 0xCACA, 0x35CA, 0xCACA, 0xCACA, 0xCA9B, 0xCA74, 0xCA9B, 0xCA9B,
    0x74CA, 0x74A5, 0x74AC, 0x9BCA, 0x749B, 0xACAC, 0xCACB, 0x9B9B, 0x74CA, 0x74AC, 0x74AC, 0x9BCA,
    0x5135, 0xA5CA, 0x51CA, 0x51CA, 0xCA51, 0xA573, 0xCA51, 0xCA51, 0xCACA, 0xC7AC, 0xCA9B, 0xAC9B,
    0xCACA, 0xCAA5, 0xCA51, 0xB0CA, 0xCA9B, 0xACB0, 0xCA9B, 0x73AC, 0xACCA, 0xCAA4, 0xCACA, 0x7312,
    0xAC9B, 0xCAAC, 0x73CA, 0x7373, 0xACCA, 0x9BAC, 0x7373, 0xCA73, 0xA5CA, 0xCAAC, 0xB074, 0xAC74,
    0xA5A5, 0xCAC7, 0xACC7, 0xCAA5, 0x12B0, 0xCACA, 0xA5CA, 0xACAC, 0x73AD, 0xCACA, 0xACCA, 0xACA5,
    0xC773, 0xCA9B, 0xCA9B, 0xACAC, 0x9B73, 0xCACA, 0x9BCA, 0xACC7, 0x74CA, 0x749B, 0xCA9B, 0xAC9B,
    0x9BCA, 0x9B74, 0x9B74, 0x74CA, 0xCBAC, 0xB0AC, 0xAC74, 0xC7AC, 0xACAC, 0xCAC7, 0xCACA, 0xACA5,
    0xC7CA, 0xCA74, 0xCA74, 0xAC74, 0xC412, 0x74CA, 0x9BCA, 0x9BCA, 0x98AC, 0x9BCA, 0x9B9B, 0x749B,
    0x1EA5, 0x9B1E, 0x9B74, 0x9BCA, 0x12AC, 0xC71E, 0x749B, 0xACC7, 0x1EC7, 0xC498, 0x74CA, 0xC773,
    0xCA74, 0xA53A, 0xA4B0, 0xA5A5, 0x3874, 0xACAC, 0x73B0, 0xAB73, 0xAB9B, 0xACCB, 0x12B0, 0x9BCA,
    0x74CA, 0x74A5, 0x7373, 0x9BCA, 0xAC9B, 0xCAAC, 0x7373, 0x749B, 0xB0AC, 0xC7AC, 0xC712, 0x9BCA,
    0xACAC, 0x739B, 0xCA73, 0x749B, 0xACA5, 0xA5CA, 0x7473, 0x9B74, 0xABCA, 0xAC9B, 0xACAC, 0xAB74,
    0xABAB, 0xACAC, 0x74A5, 0xABAB, 0xAC74, 0xACAC, 0xCA74, 0xAC9B, 0xACAC, 0x74C7, 0x74CA, 0xB0CA,
    0x749B, 0x749B, 0x9B9B, 0xA574, 0x9B74, 0xACAC, 0xCAC7, 0xACC7, 0x749B, 0xAC74, 0x7374, 0x7474,
    0x9BCA, 0x74CA, 0x7373, 0x9BCA, 0x7474, 0xABC9, 0xB0CB, 0xABCB, 0xABA5, 0xABC9, 0xB0A5, 0xC9CB,
    0x74AC, 0xAC9B, 0xC7B0, 0x749B, 0xCAC7, 0xA5C7, 0xACA4, 0x9B74, 0xCA74, 0xA4A5, 0x74AC, 0x749B,
    0xACCA, 0xB0A4, 0x9BAC, 0x74CA, 0xA574, 0xCAB0, 0x749B, 0x73C7, 0x74CA, 0x9BAC, 0xACCA, 0x1273,
    0xABC9, 0x7474, 0xC9AB, 0xACC9, 0xC9C9, 0xABC9, 0xCBA5, 0xABC9, 0xCA9B, 0x749B, 0xA5A4, 0x74CB,
    0x74CA, 0x74CA, 0x7312, 0xACA5, 0xCA9B, 0x749B, 0x1EC7, 0xAC74, 0xACAC, 0x74CA, 0x7373, 0x9B73,
    0xACAC, 0xAC74, 0x73AC, 0xCA73, 0xAC73, 0xACA5, 0xCACA, 0xC712, 0xACAC, 0xC9C9, 0xACC9, 0xA5AC,
    0xACB0, 0xC9AC, 0xACC9, 0xACA5, 0xA5AC, 0x74AC, 0xAC9B, 0xB0AC, 0xB0C7, 0xACA5, 0x74CA, 0xACC7,
    0x7474, 0xCA74, 0x9B9B, 0x749B, 0x9BCA, 0x9BCA, 0xC7C7, 0x9BCA, 0x749B, 0x9B9B, 0x73AC, 0x9B9B,
    0x9B74, 0x9B74, 0x73C7, 0x9BCA, 0xC974, 0xAB9B, 0xABC9, 0xAC9B, 0xC9CB, 0xC9C9, 0xC9C9, 0xACAC,
    0xABCB, 0xC9C9, 0xABC9, 0xB0AC, 0x74C7, 0x9B74, 0xAC74, 0xACA5, 0x7474, 0x749B, 0xAC74, 0xACAC,
    0x9B74, 0x74CA, 0xACB0, 0x74CA, 0x749B, 0xAC9B, 0xACAC, 0x9B9B, 0x9B74, 0xAC74, 0x74A5, 0x9B74,
    0xABAC, 0xC9C9, 0xABC9, 0xCBCB, 0xC9AC, 0xC9C9, 0xACAB, 0xC9CB, 0xC9AB, 0xCBC9, 0xCBAC, 0xC9C9,
    0xAB74, 0xA4AC, 0xABAC, 0x9BAB, 0x749B, 0x73C7, 0x9B9B, 0x9B9B, 0x9B74, 0xCA73, 0x9B74, 0xC7C7,
    0x749B, 0x9B74, 0xC79B, 0x1E73, 0x9B74, 0x9B74, 0x73C7, 0xAC12, 0xC9C9, 0xC9C9, 0xCBC9, 0xACCB,
    0xC9C9, 0xC9C9, 0xACC9, 0xABA5, 0xC9C9, 0xC9C9, 0xACAB, 0xC974, 0x9BCA, 0xABAB, 0xACB0, 0x9BAB,
    0x749B, 0x749B, 0x9B74, 0xAC74, 0x9B73, 0x74CA, 0x74AC, 0xACA5, 0x7474, 0x749B, 0xA5AC, 0x7474,
    0x9B74, 0x9B74, 0xACC7, 0x9BAC, 0xABAB, 0x74C9, 0x7438, 0xAC38, 0xC9C9, 0xC9C9, 0xC9C9, 0xCBC9,
    0xC9C9, 0xC9C9, 0xABC9, 0xACC9, 0xACCB, 0xABAB, 0xACAC, 0xAC74, 0x74AC, 0xAC9B, 0x74AC, 0x749B,
    0x9B74, 0x9BAB, 0x9B74, 0xA5CA, 0x9B9B, 0x9B9B, 0xC79B, 0x73C7, 0x9BCA, 0x9B9B, 0x7373, 0x7473,
    0xC7AC, 0xA5B0, 0xACCB, 0xACAC, 0xCBAC, 0xACB0, 0xACAC, 0xC9AC, 0xB0AC, 0xACAC, 0xACCB, 0xC9C9,
    0xB0A5, 0xAC73, 0xABAC, 0x9BAB, 0x73C7, 0xACCA, 0x9B74, 0x9B9B, 0x7473, 0x7474, 0x9B74, 0x9BAB,
    0x9B74, 0x9B9B, 0x9B9B, 0x9B38, 0x9B74, 0x9BCA, 0x9BCA, 0x9B74, 0xC751, 0x3ACA, 0xAB74, 0x749B,
    0xC9C9, 0xC9AB, 0xC9AB, 0xABAB, 0xC9C9, 0xC999, 0xC9C9, 0xCB99, 0x9BAB, 0xABAB, 0xC9CB, 0xACAB,
    0x9B9B, 0xAC9B, 0x7474, 0xAC74, 0x7474, 0xACAC, 0x7474, 0xC7C7, 0xAC74, 0x7474, 0xAC9B, 0xACC7,
    0xCB74, 0x9BAC, 0xA5CB, 0xAB73, 0xAC74, 0x733A, 0x7451, 0xC7CA, 0x74AC, 0xC9AB, 0xC9C9, 0xC938,
    0xC9CB, 0xC999, 0xC999, 0xC999, 0xC9CB, 0xC9C9, 0xC938, 0xC9C9, 0x9B9B, 0x9B9B, 0x9B38, 0xC738,
    0x389B, 0x9BAB, 0x389B, 0xC7C7, 0x749B, 0x9B9B, 0xCA9B, 0x74C7, 0xCBCB, 0x3874, 0xC7CA, 0x38C7,
    0x2121, 0xCB51, 0xC73A, 0xC2C7, 0x74AB, 0xCBAB, 0xABC7, 0x51AC, 0xC999, 0xCB99, 0xC9AB, 0xC9C9,
    0xC938, 0xABC9, 0xC9AB, 0xC9C9, 0x9B9B, 0xABC9, 0x9B9B, 0x9B38, 0x7474, 0x38AB, 0x389B, 0xAB74,
    0x749B, 0x9BC9, 0x9B38, 0xABAB, 0x7474, 0x389B, 0x9BAB, 0x9BCB, 0xACC7, 0xCBC7, 0xC2C7, 0x43A6,
    0xCBAC, 0xCBCB, 0x21C7, 0x211E, 0xCB74, 0x74AB, 0xABC9, 0xAB35, 0xCBAC, 0xC9AB, 0xC9C9, 0xC9C9,
    0xCBAB, 0x9B9B, 0x38C9, 0x7438, 0x9B74, 0x38AB, 0x389B, 0x74CB, 0x9B38, 0x38C9, 0xCB9B, 0xAB75,
    0x9BAB, 0x9B9B, 0xCBCB, 0x3874, 0x43A6, 0x43C2, 0xC2C2, 0x734F, 0x1D3A, 0x741E, 0x1F1E, 0xACC2,
    0xC7C9, 0xAB74, 0x219B, 0xAC3A, 0xABAB, 0xC9C9, 0x38C9, 0xABAB, 0x9B74, 0x38C9, 0xC9C9, 0x74C9,
    0x38AB, 0x38AB, 0x3838, 0x9B9B, 0x9B38, 0x3838, 0x3838, 0x3838, 0x389B, 0x389B, 0xABAB, 0x389B,
    0xA61D, 0xA61E, 0xA61D, 0xB61F, 0xA6A6, 0x52A6, 0x5053, 0x5453, 0x5467, 0x6968, 0x5352, 0x1F52,
    0x5050, 0x5050, 0x5067, 0xC250, 0x617C, 0x6161, 0x6161, 0x62A6, 0x864F, 0x1FC2, 0x61C2, 0x25A6,
    0x4F43, 0x85C2, 0x8B61, 0x2525, 0x416E, 0x4343, 0x8650, 0x8BA6, 0x20B6, 0x2221, 0x2423, 0x2223,
    0x4350, 0x2255, 0x222C, 0x222C, 0x2121, 0x5858, 0x2158, 0x2C22, 0x4CC2, 0x5722, 0x4C22, 0x4C22,
    0x2062, 0xA655, 0x4D61, 0x4D4D, 0x2122, 0x2022, 0x1F3B, 0x4DB6, 0x2125, 0x8C2C, 0x2B4D, 0x4D55,
    0x1DA6, 0x1FA6, 0x4A44, 0x464A, 0x2025, 0x261E, 0x27A6, 0x2728, 0x2222, 0xA622, 0xB6A6, 0x2898,
    0x254C, 0x2D22, 0x263B, 0x9898, 0x2222, 0x633B, 0xA698, 0x9827, 0x4C20, 0x254C, 0x6225, 0x263B,
    0x2055, 0x4C20, 0x2D63, 0x3B3B, 0xB64B, 0x604E, 0x718D, 0x6671, 0x4947, 0x5B5C, 0x458A, 0x4427,
    0x2928, 0x2828, 0x2898, 0x292A, 0x2898, 0x5628, 0x2828, 0x2898, 0x2828, 0x2828, 0x282A, 0x9828,
    0x2856, 0x2828, 0x2856, 0x9856, 0x2898, 0x2898, 0x2828, 0x9828, 0x2727, 0x2929, 0x6666, 0x2A66,
    0x6687, 0x6646, 0x6629, 0x2727, 0xA644, 0x3B3B, 0x3BA6, 0x633B, 0x2929, 0x2929, 0x2BC5, 0x2D2C,
    0x9898, 0x9898, 0x243C, 0x3937, 0x986A, 0xC426, 0xC4C4, 0x3937, 0x6398, 0xC422, 0x3024, 0x302E,
    0x2226, 0x3C3C, 0xC423, 0x24C4, 0x4427, 0x3B2B, 0x2C22, 0x2522, 0x20B6, 0x252D, 0x4C4C, 0x254C,
    0x22A6, 0x2522, 0x3B3B, 0x204D, 0x2E23, 0x302F, 0x3231, 0x1C33, 0x3030, 0x2230, 0x2557, 0x2E58,
    0x3730, 0x583A, 0x5858, 0x3965, 0x212E, 0x2122, 0x2172, 0x2122, 0x2121, 0x5858, 0x2121, 0x2121,
    0x2122, 0x2172, 0x1D72, 0x4C62, 0x212C, 0x2121, 0x6162, 0x86C2, 0x8C4D, 0x1F3B, 0xC2C2, 0x4150,
    0x341C, 0x341C, 0x3235, 0x2E36, 0x353F, 0x3235, 0x3233, 0x2E36, 0x3F32, 0x323F, 0x3931, 0x3739,
    0x313A, 0x3030, 0x302E, 0xC42E, 0x2E65, 0x2E2E, 0x2E2E, 0x2E2E, 0x2C22, 0xC422, 0x21C4, 0x2324,
    0x8CC2, 0x2125, 0x5858, 0x5858, 0xC250, 0x1FC2, 0x22A6, 0x2322, 0x26C4, 0x2A98, 0x2929, 0x9898,
    0x26C4, 0x9898, 0x9898, 0x153C, 0x3737, 0x3737, 0xC4C4, 0xC4C4, 0xC4C4, 0x3B98, 0xC498, 0xC422,
    0xC4C4, 0x2D3C, 0x2B3B, 0x3B2B, 0x3B2C, 0x9860, 0x2760, 0xC529, 0x2B21, 0x4560, 0x4445, 0x2B2B,
    0x2324, 0x2324, 0x6363, 0x2C22, 0x3637, 0x3533, 0x1C38, 0x3234, 0xC43C, 0x3639, 0x1C33, 0x321C,
    0x3637, 0x3532, 0x3434, 0x3535, 0x39C4, 0x3336, 0x353F, 0x3535, 0x2D20, 0x223C, 0x222D, 0x2224,
    0x7A87, 0x5C87, 0x7A7A, 0x6029, 0x253B, 0x2C22, 0x642C, 0xC423, 0x4C22, 0x2C22, 0x2C22, 0x2422,
    0x3533, 0x3932, 0x3636, 0x983A, 0x3636, 0x3233, 0x323F, 0x3733, 0x3235, 0x3232, 0x3232, 0x3C36,
    0x3332, 0x3F36, 0x3136, 0x3936, 0x2C24, 0x222C, 0xC423, 0x3CC4, 0x2C2D, 0xC424, 0x302E, 0x3930,
    0x6524, 0x3930, 0x3939, 0x3136, 0x2C22, 0x3024, 0x302E, 0x3130, 0x2A27, 0x0F28, 0x9828, 0x2698,
    0x0F98, 0x292A, 0x0F2A, 0x9828, 0x2898, 0x280F, 0x9828, 0x370A, 0x1573, 0x3C98, 0x3C98, 0x322E,
    0x362E, 0x3232, 0x3F32, 0x353F, 0x3232, 0x3532, 0x3535, 0x3332, 0x3232, 0x353F, 0x323F, 0x3136,
    0x3030, 0x8E30, 0x302E, 0x303A, 0x2B26, 0x982B, 0x3C3B, 0x2E37, 0x2E37, 0x15C4, 0x243C, 0x26C4,
    0x3636, 0x3232, 0x323F, 0xC436, 0x5A74, 0x1C1C, 0x3574, 0x982E, 0x1C34, 0x341C, 0x3459, 0x3C3F,
    0x3535, 0x3532, 0x3232, 0x3936, 0x3231, 0x3232, 0x3232, 0x3232, 0xC4C4, 0x302E, 0x302E, 0x3030,
    0x362E, 0x3233, 0x3533, 0x1C38, 0x2A26, 0x2727, 0x9898, 0x393C, 0x9826, 0x3B98, 0x2626, 0x323C,
    0x9828, 0x9828, 0x6398, 0x3439, 0x2626, 0x9898, 0x363C, 0x3532, 0xC42E, 0x39C4, 0x3236, 0x3236,
    0x3636, 0x3136, 0x3136, 0x3232, 0xC4C4, 0x302E, 0x302E, 0x3130, 0x3E3D, 0x2334, 0x2B23, 0x2798,
    0x1C59, 0x311C, 0x2222, 0x983B, 0x1C34, 0x341C, 0x3233, 0x3736, 0x5A74, 0x1C35, 0x3574, 0x3236,
    0x3535, 0x3434, 0x3434, 0x3535, 0x3532, 0x3535, 0x3335, 0x3532, 0x3232, 0x3F32, 0x3F3F, 0x3F3F,
    0x3130, 0x3630, 0x3139, 0x3130, 0x233B, 0x2E39, 0x3339, 0x1C1C, 0x2626, 0xC43C, 0x3639, 0x1C59,
    0x3C2E, 0x2222, 0x3958, 0x3132, 0x3636, 0x3336, 0x3974, 0x3922, 0x3535, 0x3535, 0x3235, 0x3F31,
    0x1C59, 0x1C59, 0x591C, 0x3232, 0x3435, 0x3434, 0x3534, 0x3535, 0x3230, 0x3532, 0x3232, 0x3232,
    0x383D, 0x1C38, 0x3F1C, 0x1C34, 0x5A38, 0x1C38, 0x341C, 0x341C, 0x2E2E, 0x3237, 0x343F, 0x351C,
    0x1C33, 0x381C, 0x1C75, 0x3535, 0x1C34, 0x341C, 0x5A7D, 0x3534, 0x3F32, 0xC43A, 0x302E, 0x3630,
    0x3535, 0x3232, 0x8E39, 0x2224, 0x3232, 0x3136, 0x3130, 0x3130, 0x4040, 0x4040, 0x4241, 0x4243,
    0x5B40, 0x5D5C, 0x1010, 0x5E10, 0x6B9C, 0x6D6C, 0x5E10, 0x485C, 0x6B76, 0x7877, 0x1078, 0x7910,
    0xA07E, 0x7F7F, 0x8180, 0x8382, 0xA083, 0x7E82, 0xA0A0, 0x7E88, 0x7F7F, 0x8888, 0x8288, 0x8F88,
    0x9393, 0x9193, 0x9180, 0x8181, 0x4544, 0x4746, 0x4748, 0x4948, 0x5D5E, 0x5B5D, 0x4040, 0x4240,
    0xC5C5, 0xC54A, 0x6E4A, 0x4A4A, 0x5E10, 0x5C5E, 0x7A48, 0x4AC5, 0x7F7F, 0x827F, 0xA05D, 0x5C5C,
    0x4782, 0x5C5D, 0xA0A0, 0x5E83, 0x7E82, 0x4749, 0x4749, 0x475C, 0x837F, 0x8283, 0x825D, 0x4947,
    0xC548, 0x424A, 0xB64B, 0x3B3B, 0x4E43, 0x5F42, 0x6060, 0x604E, 0x4A42, 0x4042, 0x6F4A, 0x6042,
    0xC571, 0x4AC5, 0x4A46, 0x4A46, 0x4848, 0x487A, 0xC5C5, 0x4646, 0x7E5E, 0x5D7F, 0x5C5D, 0x4849,
    0x5C47, 0x4747, 0x7F5D, 0x9081, 0x797F, 0x9210, 0x8494, 0x6D84, 0x3B4C, 0xB63B, 0x3B3B, 0x3B3B,
    0x4444, 0x4B60, 0x4444, 0x2BB6, 0x4260, 0x4542, 0x6E4A, 0x4242, 0x4A46, 0x4AC5, 0x465B, 0x4A5B,
    0x46C5, 0x4AC5, 0x5B4A, 0xC548, 0x4848, 0x5D49, 0x5E5E, 0x1010, 0x9190, 0x6D92, 0x106D, 0x7F79,
    0x7910, 0x47A0, 0x4749, 0x5C5C, 0x4D3B, 0x2B3B, 0x4B3B, 0x424B, 0x6044, 0x4460, 0x6060, 0x424A,
    0x4242, 0x4A60, 0x4242, 0x4043, 0x4A71, 0x4A4A, 0x5B5B, 0x5B5B, 0x5E7A, 0x825E, 0x8479, 0x4879,
    0x776B, 0x6C6B, 0x789C, 0x1089, 0xA0A0, 0xA05E, 0x475D, 0x907F, 0x5C47, 0x475C, 0xA047, 0x82A0,
    0x4E4B, 0x43C2, 0x4FC2, 0x50C2, 0x4E42, 0xC260, 0xC243, 0x4350, 0x4A4A, 0x4040, 0x5043, 0x5043,
    0x675B, 0x7B7B, 0x4067, 0x6954, 0x5BC5, 0x7B67, 0x6754, 0x5450, 0x5B79, 0x6767, 0x5467, 0x5467,
    0x9C84, 0x5D92, 0x547B, 0x6954, 0x9082, 0x6D6D, 0x4779, 0x9695, 0xC24F, 0x221D, 0x3B4C, 0x3B1F,
    0x6143, 0x2162, 0x2122, 0x3C3C, 0x7043, 0x2225, 0x2221, 0x2521, 0x4F50, 0x20B6, 0x2222, 0x43B6,
    0x4F41, 0xA685, 0x4C20, 0xC21F, 0x4350, 0x1FC2, 0x1FA6, 0x43C2, 0xC243, 0x61C2, 0x61A6, 0x43C2,
    0x6795, 0x4350, 0xC2C2, 0x434F, 0x222C, 0x2EC4, 0x2C30, 0x222C, 0x2522, 0x2C2D, 0x2022, 0x2020,
    0x2D2C, 0x4C1D, 0x4DB7, 0xB64D, 0x4271, 0x4471, 0x4444, 0x4445, 0x4244, 0x4542, 0x6E42, 0x5C48,
    0x5B67, 0x4E4A, 0x4043, 0x4A5B, 0x5B4A, 0x6E5B, 0x8A4A, 0x4A5B, 0x5B50, 0x5B5B, 0x48C5, 0x5C5C,
    0x4C2C, 0x4C4C, 0x2C4C, 0x242C, 0x4D4D, 0x2055, 0x2520, 0x2525, 0x4B4B, 0x4B4D, 0x554D, 0x202D,
    0x605F, 0x4245, 0x4B5F, 0x20B6, 0x467A, 0x5B46, 0x4667, 0x4342, 0x4A8A, 0x4A6E, 0x454A, 0x454A,
    0x4A6F, 0x4A6E, 0x4442, 0x6060, 0x5B5B, 0x7AC5, 0x4046, 0x4242, 0x2423, 0x24C4, 0x2C23, 0x252C,
    0x3B63, 0x2B2B, 0x2555, 0x2525, 0x2D25, 0x204C, 0x2D20, 0x3B20, 0x4EB6, 0x4A71, 0x675B, 0x4442,
    0x6740, 0x5B67, 0x4567, 0xB660, 0x4A4A, 0x4271, 0x4A4A, 0x425B, 0xB644, 0x3B2B, 0x5555, 0x4C20,
    0x604E, 0x6044, 0x4D4B, 0x2055, 0x252C, 0x242C, 0x3039, 0x2E39, 0x6424, 0xC424, 0x2C23, 0x6322,
    0x2B3B, 0x4D2B, 0x5520, 0x2225, 0x3B44, 0x2C3B, 0x6463, 0x2E23, 0x203B, 0x204C, 0x4C4C, 0x2020,
    0x444A, 0x4242, 0x4A4A, 0x4A4A, 0x2D4C, 0x2525, 0x5520, 0x2B2B, 0x2020, 0x2525, 0x2525, 0x5520,
    0xC42E, 0x22C4, 0x2224, 0x2222, 0x2B3B, 0x2D2B, 0x2C22, 0x2222, 0x2222, 0x2223, 0x223C, 0x6363,
    0xC424, 0x2222, 0x2222, 0x3B98, 0x2225, 0x2223, 0x223C, 0x3B63, 0x674A, 0x604A, 0x4560, 0x4529,
    0x60B6, 0x5B4A, 0x467A, 0x5C46, 0x9720, 0x604D, 0x4542, 0x8D45, 0x2223, 0xC4C4, 0xC4C4, 0xC4C4,
    0x2663, 0x2226, 0x2222, 0x2222, 0x2626, 0x3B63, 0x3B63, 0x6322, 0x3B98, 0x3B98, 0x3B98, 0x3B98,
    0x223B, 0x2663, 0x3B3B, 0x3B3B, 0x452A, 0x9827, 0x633B, 0x633B, 0x7A5C, 0x7A7A, 0x665C, 0x2B27,
    0x4645, 0x4646, 0x5C5C, 0x4796, 0x3030, 0x2E30, 0x3030, 0x3236, 0x233C, 0xC424, 0x372E, 0x3239,
    0x3C63, 0x2223, 0x2C23, 0x252C, 0x4444, 0x2929, 0x4566, 0xB644, 0x443B, 0x2798, 0x3B2B, 0x2220,
    0x633B, 0x633B, 0x4C63, 0x2C22, 0x2055, 0x4C20, 0x4C4C, 0x4C4C, 0x465C, 0x604A, 0x554D, 0x552B,
    0x3232, 0x3235, 0x3632, 0x3232, 0x3131, 0x2E39, 0x232E, 0x2365, 0x3B20, 0x2A27, 0x2A66, 0x6671,
    0x4560, 0x2A29, 0x2A29, 0x9829, 0x2225, 0x2663, 0x9826, 0x9826, 0x2222, 0x3B3B, 0x633B, 0x3B98,
    0x254C, 0x2025, 0x2520, 0x2525, 0x5520, 0x2225, 0x2263, 0x2522, 0x3132, 0x3231, 0x3132, 0x5132,
    0x223C, 0x2D63, 0x273B, 0x6666, 0x6066, 0xC560, 0x45C5, 0x6045, 0x3B27, 0xC463, 0xC424, 0x2EC4,
    0x6363, 0x2222, 0xC423, 0xC458, 0x6398, 0x2222, 0xC422, 0xC42C, 0x2222, 0x2222, 0x3C3C, 0xC43C,
    0x2225, 0x2222, 0x2222, 0x3C2C, 0x1694, 0x9393, 0x9381, 0x9180, 0x84A3, 0x1684, 0x9316, 0x8494,
    0x9C84, 0x8484, 0x8484, 0x6B84, 0x6B6B, 0x789D, 0x9C84, 0x9C84, 0x6B6B, 0x6B6B, 0x9D9D, 0x9C9C,
    0x8989, 0x6B6B, 0x6B6B, 0x9C6B, 0x899C, 0x6B6B, 0x9C9D, 0x9C84, 0x9C84, 0x6B89, 0x9D9D, 0x849C,
    0x8181, 0x1079, 0x9410, 0x9210, 0x849C, 0x8489, 0x949C, 0x7F93, 0x9C9D, 0x929D, 0x9310, 0x8181,
    0x9C84, 0x1616, 0x1616, 0xA993, 0x9C9C, 0x849C, 0x8484, 0x9294, 0x6B9C, 0x7878, 0x9C9C, 0x6C9C,
    0x9C9D, 0x9C6C, 0x6B9C, 0x9C78, 0x9D9C, 0x6C9C, 0x9C9C, 0x786B, 0x9310, 0x7F7F, 0x5D5D, 0x7E47,
    0x827F, 0x827F, 0xA07F, 0xA07F, 0x8383, 0x817F, 0x837F, 0x8282, 0x9191, 0x8181, 0x8491, 0x9C16,
    0x9292, 0x9090, 0x6B84, 0xAAAA, 0x8484, 0x9C9C, 0x9C78, 0x9484, 0x899D, 0x849D, 0x9294, 0x9210,
    0x9D9C, 0x9D9D, 0x9484, 0x1092, 0x7E7E, 0x5D5C, 0x5D47, 0xA07E, 0x5D82, 0x7E82, 0x5DA0, 0x7F7F,
    0x8282, 0x9388, 0x9310, 0x816D, 0xAA78, 0x7676, 0x76AA, 0x8478, 0xAAAA, 0x6B77, 0x849C, 0x9294,
    0x9292, 0x9393, 0x8494, 0x9D6C, 0x1093, 0x9210, 0x1610, 0x9494, 0x9392, 0x1010, 0x9292, 0x9492,
    0x7E7E, 0x5C7E, 0x5D48, 0x5E7E, 0x7E82, 0x7E49, 0x5D49, 0x49A0, 0x817F, 0x7981, 0x9210, 0x6D10,
    0x9494, 0x9210, 0x9394, 0x9181, 0x8190, 0x8383, 0x7F7F, 0x8088, 0x6C9D, 0x9294, 0x9093, 0x9379,
    0x9C94, 0x9D9D, 0x776B, 0x849D, 0x8494, 0x9D9C, 0x6B89, 0x9D89, 0xA0A0, 0x825D, 0x5C7E, 0x5C95,
    0x82A0, 0x7F7F, 0x4782, 0x5C47, 0x9492, 0x6D92, 0x7F10, 0x4949, 0x817F, 0x8279, 0x5B5C, 0x6740,
    0x7F81, 0xA07F, 0x4749, 0x4A5C, 0x9393, 0x7990, 0x8279, 0x5C49, 0x1694, 0x9294, 0x8110, 0x82A0,
    0x9484, 0x9492, 0x9092, 0xA081, 0x6771, 0x5B46, 0x4640, 0x5D7A, 0x5D5D, 0x827F, 0x795E, 0x6D6D,
    0x5B5C, 0x7171, 0x5B40, 0x475B, 0x4050, 0x7140, 0x5C5B, 0x8182, 0x4A71, 0x5C6E, 0x5D47, 0x8183,
    0x487A, 0xA05C, 0x9388, 0x93A9, 0x7E7E, 0x827E, 0x9381, 0x1694, 0x7E82, 0x7E7E, 0x917F, 0x9493,
    0x91A0, 0xA05E, 0x485C, 0x5C48, 0x7789, 0x8477, 0x7F92, 0xA083, 0x7F7E, 0x7FA0, 0x8110, 0x7F82,
    0x8F7F, 0x7F88, 0x8188, 0x8382, 0x8383, 0x8181, 0x9191, 0x8081, 0x9393, 0x93A9, 0x9393, 0x9393,
    0x1694, 0x9494, 0x9294, 0xA910, 0x9492, 0x9492, 0x9494, 0x9292, 0x4748, 0x4748, 0x5B5C, 0x4A4A,
    0xA07F, 0x7F83, 0x7E82, 0x485C, 0x5D7F, 0x82A0, 0x5D7E, 0x5C5C, 0x7F82, 0x7F88, 0x82A0, 0x497E,
    0x7F7F, 0x7F7F, 0x827F, 0x7E82, 0x8191, 0x7981, 0x7979, 0x9090, 0x9293, 0x9310, 0x9193, 0x8181,
    0x93A9, 0x9092, 0x9393, 0x8191, 0x4043, 0x4243, 0xB64B, 0x4D3B, 0x5B5C, 0x4A5B, 0x4E45, 0x4D44,
    0x487A, 0xC5C5, 0x4A4A, 0x4443, 0x485C, 0xC5C5, 0x5BC5, 0x7140, 0x5C49, 0x475C, 0x5D49, 0x475D,
    0x8191, 0x827F, 0xA082, 0x5DA0, 0x9190, 0x817F, 0x7F7F, 0xA0A0, 0x9090, 0x7F81, 0x7F81, 0xA07F,
    0x1F4C, 0x4C4C, 0x974C, 0x4C4C, 0x3B4D, 0x3BB6, 0x973B, 0x4CA6, 0xC2B6, 0x2BB6, 0x3B3B, 0x2020,
    0x4545, 0x8D42, 0x4242, 0x8D44, 0x4848, 0x5B48, 0x8D6E, 0x4444, 0x5C49, 0x7A5C, 0x434A, 0xC243,
    0x5C49, 0x48C5, 0x67C5, 0x4E40, 0x47A0, 0xC548, 0xC57A, 0x4240, 0x4C21, 0x4D4C, 0xB64D, 0xB6B6,
    0x4C22, 0xB63B, 0xC2C2, 0x4243, 0xB64D, 0x4A4E, 0x5C4A, 0x5C95, 0x9571, 0x5B67, 0x4440, 0x444B,
    0x4E43, 0x4BC2, 0xB6B6, 0xB6C2, 0xB6B6, 0xC2C2, 0xB6B6, 0x604B, 0xB6B6, 0xC2B6, 0x434B, 0x444E,
    0xB64E, 0xB6B6, 0x4EC2, 0x4E43, 0x44B6, 0x5C45, 0x5C5C, 0x465B, 0x5C5B, 0x7A47, 0x444A, 0x4B44,
    0x4A4A, 0x444A, 0x4E4E, 0x44C2, 0x44C2, 0x8D43, 0x404A, 0x5B4A, 0x604B, 0x4060, 0x4A40, 0x466E,
    0x8D43, 0x4A4A, 0x8A8A, 0x5B5B, 0x4A42, 0x5B40, 0x485B, 0x4846, 0x4A60, 0x6E4A, 0x5B5B, 0x7A7A,
    0x4444, 0x4B4B, 0x4D4D, 0x3B3B, 0x4B5F, 0x4444, 0xB64E, 0x4CA6, 0x4E44, 0xC24B, 0x2B4B, 0x254C,
    0x4A4A, 0x7140, 0x434A, 0x444E, 0x6E4A, 0x8D71, 0x4350, 0x2BC2, 0x715B, 0xC28D, 0x61C2, 0x25A6,
    0x5B46, 0x424A, 0xA6C2, 0x4C4C, 0x467A, 0x4A5B, 0x614E, 0x4CA6, 0x4C4C, 0x224C, 0x2221, 0x224C,
    0x2522, 0x2C22, 0x2222, 0x4C22, 0x2321, 0x2C21, 0x222C, 0x4C4C, 0xB64B, 0x5520, 0x3B3B, 0x554C,
    0x203B, 0x2525, 0x5520, 0x1F55, 0x2121, 0x2525, 0x2025, 0xB6A6, 0x2225, 0x4C4C, 0xA620, 0xC2A6,
    0x254C, 0x4C25, 0x204C, 0xA6A6, 0x222C, 0x222C, 0x2221, 0x222C, 0x4C22, 0x2263, 0x4C22, 0x4C22,
    0x4D4C, 0x4D1F, 0x224C, 0x4C1D, 0xA61F, 0x2B3B, 0xB63B, 0xC24D, 0x5555, 0x44C2, 0x4360, 0x4A42,
    0xB661, 0x6044, 0x404A, 0x6767, 0xC2C2, 0x43C2, 0x4A42, 0x5042, 0xC2C2, 0xC2C2, 0x4A43, 0x434A,
    0xA61D, 0xA61E, 0xA61D, 0xB61F, 0xA6A6, 0x52A6, 0x5053, 0x5453, 0x6767, 0x6968, 0x5350, 0x1F52,
    0x5050, 0x5050, 0x5067, 0xC250, 0x617C, 0x6161, 0x6161, 0x62A6, 0x864F, 0x1FC2, 0x7CC2, 0x4CA6,
    0x4F4E, 0x6186, 0xA661, 0x254C, 0x416F, 0x4343, 0x61C2, 0x1FA6, 0x20B6, 0x2221, 0x2423, 0x2223,
    0x4350, 0x2255, 0x222C, 0x222C, 0x5822, 0x5858, 0x2158, 0x2C22, 0x20C2, 0x5722, 0x2522, 0x4C2D,
    0x2062, 0x6155, 0x4DA6, 0x4D4D, 0x2122, 0x4C22, 0x1F3B, 0x4DB6, 0x2125, 0xB721, 0x5597, 0xB62B,
    0x1DA6, 0x4DA6, 0x4A60, 0x5C4A, 0x2025, 0x981E, 0x27A6, 0x2728, 0x2222, 0xA663, 0xB6A6, 0x2898,
    0x254C, 0x6363, 0x3B3B, 0x9898, 0x2222, 0x633B, 0xA698, 0x9827, 0x4C55, 0x254C, 0x6225, 0x2662,
    0x4C4D, 0x4C3B, 0x6322, 0x3B3B, 0xB64B, 0x604B, 0x7160, 0x6671, 0x475D, 0x5B5C, 0x665B, 0x4427,
    0x2928, 0x2828, 0x2898, 0x2929, 0x2898, 0x5628, 0x2828, 0x2898, 0x2828, 0x2828, 0x2829, 0x982A,
    0x2856, 0x2828, 0x2856, 0x2856, 0x9898, 0x2898, 0x2898, 0x9828, 0x4427, 0x2929, 0x2987, 0x2A66,
    0x7A66, 0x6671, 0x6629, 0x2766, 0xA6B6, 0x2B3B, 0x3BA6, 0x2D3B, 0x2929, 0x2929, 0x2B45, 0x2D2C,
    0x9898, 0x9898, 0x243C, 0x3037, 0x986A, 0xC426, 0xC4C4, 0x392E, 0x6398, 0x2322, 0x3024, 0x2E2E,
    0x2226, 0x223C, 0xC422, 0x23C4, 0x4427, 0x3B44, 0x2C63, 0x2522, 0x55B6, 0x2525, 0x4C4C, 0x254C,
    0x22A6, 0x2025, 0x2B3B, 0x2055, 0x2E3C, 0x302F, 0x3139, 0x1C3F, 0x2E2E, 0x2230, 0x2257, 0x303A,
    0x3030, 0x3A3A, 0x3A58, 0x3921, 0x582E, 0x2122, 0x2172, 0x2122, 0x2124, 0x5858, 0x2121, 0x2121,
    0x2122, 0x2172, 0x1D72, 0x251E, 0x2122, 0x2121, 0x6162, 0xC261, 0x2055, 0x6120, 0xC2C2, 0x4350,
    0x341C, 0x341C, 0x3235, 0x2E36, 0x353F, 0x3235, 0x3233, 0x2E36, 0x3332, 0x3F32, 0x3136, 0x3739,
    0x313A, 0x3039, 0x2E2E, 0xC42E, 0x2E65, 0x2E2E, 0x2E2E, 0x2E2E, 0x2422, 0xC422, 0x21C4, 0xC42C,
    0x5570, 0x2125, 0x5858, 0x5858, 0xC243, 0x6161, 0x22A6, 0x233C, 0x26C4, 0x2A98, 0x2929, 0x9898,
    0x26C4, 0x9898, 0x9898, 0x733C, 0x372E, 0x392E, 0xC4C4, 0xC4C4, 0xC4C4, 0x3B26, 0x3C98, 0x3C22,
    0xC4C4, 0x2D3C, 0x2B3B, 0x3B2B, 0x2224, 0x9860, 0x4460, 0x4529, 0x3B21, 0x4560, 0x4445, 0x2B2B,
    0x2324, 0x3C24, 0x6363, 0x2C22, 0x3637, 0x353F, 0x1C38, 0x3234, 0xC4C4, 0x3639, 0x1C33, 0x321C,
    0x362E, 0x3532, 0x1C34, 0x3535, 0x39C4, 0x3339, 0x3535, 0x3535, 0x2520, 0x3C63, 0x2424, 0x2222,
    0x4887, 0x4866, 0x485D, 0x4529, 0x253B, 0x2222, 0x242C, 0xC465, 0x2525, 0x2C22, 0x2C22, 0x2C22,
    0x3533, 0x3932, 0x3639, 0x983A, 0x3636, 0x3233, 0x3233, 0x373F, 0x3F35, 0x3F32, 0x3232, 0x2E36,
    0x3332, 0x3336, 0x3136, 0x3936, 0x2C22, 0x222C, 0xC43C, 0x3C2E, 0x2C3B, 0xC42C, 0x30C4, 0x3030,
    0x6523, 0x3930, 0x3939, 0x3131, 0x2C22, 0x2E65, 0x302E, 0x3930, 0x2A27, 0x0F28, 0x9828, 0x9898,
    0x0F98, 0x292A, 0x0F2A, 0x9828, 0x2898, 0x280F, 0x9828, 0x2E26, 0x1573, 0x3C98, 0x3C98, 0x312E,
    0x36C4, 0x3232, 0x3236, 0x353F, 0x3231, 0x3332, 0x3535, 0x3532, 0x3232, 0x353F, 0x323F, 0x3131,
    0x3030, 0x6530, 0x372E, 0x2E37, 0x2B3B, 0x983B, 0x3C3B, 0x2E39, 0x2E37, 0x732E, 0x24C4, 0x0A23,
    0x3636, 0x3532, 0x3335, 0xC439, 0x5A74, 0x1C1C, 0x5974, 0x2637, 0x1C34, 0x341C, 0x3434, 0x3C3F,
    0x3535, 0x3532, 0x3232, 0x3736, 0x3132, 0x3231, 0x3232, 0x3132, 0xC4C4, 0x2E2E, 0x302E, 0x3030,
    0x3639, 0x363F, 0x3236, 0x1C38, 0x2726, 0x272A, 0x9898, 0x363C, 0x9826, 0xA698, 0x2698, 0x320A,
    0x9828, 0x9828, 0x3C26, 0x3439, 0x2698, 0x9898, 0x363C, 0x3532, 0xC423, 0x39C4, 0x3136, 0x3236,
    0x3636, 0x3636, 0x3136, 0x3232, 0xC42E, 0x2E2E, 0x2E2E, 0x3939, 0x3E3D, 0x2334, 0x2B23, 0x2798,
    0x1C59, 0x391C, 0x223C, 0x982D, 0x1C34, 0x1C1C, 0x3335, 0x3736, 0x5A74, 0x1C34, 0x5974, 0x3132,
    0x3535, 0x3434, 0x3434, 0x3535, 0x3532, 0x3535, 0x3535, 0x3336, 0x3232, 0x3F32, 0x323F, 0x3F3F,
    0x3139, 0x3939, 0x3939, 0x3139, 0x233B, 0x2E39, 0x3339, 0x1C1C, 0x983B, 0xC43C, 0x3639, 0x1C59,
    0x23C4, 0x2222, 0x3A3C, 0x3136, 0x3636, 0x3F36, 0x3974, 0x3722, 0x3535, 0x3535, 0x3235, 0x3F31,
    0x1C35, 0x1C35, 0x1C1C, 0x3232, 0x3435, 0x3434, 0x3534, 0x3535, 0x3239, 0x333F, 0x3232, 0x3232,
    0x383D, 0x1C38, 0x3F1C, 0x1C34, 0x5A38, 0x1C38, 0x341C, 0x5934, 0x2E2E, 0x3658, 0x3432, 0x591C,
    0x1C35, 0x381C, 0x5A75, 0x3534, 0x1C34, 0x341C, 0x1C7D, 0x3534, 0x3532, 0x2E3A, 0x39C4, 0x3639,
    0x3535, 0x323F, 0x8E39, 0x2264, 0x3132, 0x3936, 0x3939, 0x3130, 0x4040, 0x4040, 0x4341, 0x8D43,
    0x6740, 0x5D5C, 0x1010, 0x5E10, 0x9D78, 0x6D6C, 0x5D79, 0x485C, 0x6B77, 0x786B, 0x1084, 0x7910,
    0x7E7E, 0x7F7F, 0x8180, 0x8882, 0xA083, 0x7E82, 0xA0A0, 0x7E88, 0x817F, 0x8888, 0x8882, 0x828F,
    0x9393, 0x8093, 0x9181, 0x8381, 0x4560, 0x4746, 0x4948, 0x4948, 0x5D5E, 0x5B5E, 0x4067, 0x4240,
    0xC5C5, 0xC5C5, 0x6E4A, 0x4A4A, 0x5E79, 0x485D, 0x467A, 0x4AC5, 0x7F7F, 0x827F, 0xA05D, 0x475C,
    0x4782, 0x5C5D, 0xA0A0, 0x5E83, 0xA07E, 0x4947, 0x5C7E, 0x4747, 0x837F, 0x5D82, 0x7EA0, 0xA049,
    0xC548, 0x424A, 0xB64B, 0x3B2B, 0x4E43, 0x5F42, 0x4445, 0x4B45, 0x4A4A, 0x4042, 0x6F4A, 0x604A,
    0xC54A, 0x4A4A, 0x4A46, 0x4A46, 0x4848, 0x4846, 0xC5C5, 0x467A, 0x7E5E, 0x5D7F, 0x485D, 0x485D,
    0x5C5C, 0x5D47, 0x815D, 0x1090, 0x7979, 0x9210, 0x8484, 0x6D84, 0x3B4C, 0x2B3B, 0x3B3B, 0x3B3B,
    0x4444, 0x4B44, 0x4444, 0x3B44, 0x4260, 0x4542, 0x4A4A, 0x4242, 0x4A46, 0x4AC5, 0x465B, 0x4A4A,
    0x46C5, 0x4AC5, 0x5B4A, 0x4AC5, 0x5C48, 0x495D, 0x5E5E, 0x1010, 0x9291, 0x8410, 0x1010, 0x7F7F,
    0x7F10, 0x49A0, 0x4747, 0x4747, 0x4D3B, 0xB63B, 0x4B2B, 0x424B, 0x4444, 0x604E, 0x4445, 0x4245,
    0x6042, 0x4A60, 0x4242, 0x4A43, 0x4A71, 0x5B4A, 0x5B5C, 0x5B5B, 0x5E46, 0x7979, 0x8410, 0xC55D,
    0x7777, 0x6C77, 0x7884, 0x1089, 0x5EA0, 0x4947, 0x5D47, 0x8493, 0x5C5C, 0x5C5C, 0xA049, 0xA0A0,
    0x704B, 0x43C2, 0x4FC2, 0x50C2, 0x4E42, 0xC244, 0xC243, 0x4150, 0x4A4A, 0x4040, 0x4350, 0x5043,
    0x675B, 0x677B, 0x4067, 0x6954, 0x5BC5, 0x7B67, 0x6754, 0x5450, 0x5B5E, 0x6767, 0x5467, 0x5467,
    0x949C, 0x5C5E, 0x5454, 0x5069, 0x907F, 0x6D6D, 0xDE79, 0x9695, 0xC24F, 0x221D, 0x3B4C, 0x3B1F,
    0xC250, 0x21A6, 0x2122, 0x2322, 0x4D43, 0x2125, 0x2121, 0x2521, 0x7043, 0x2555, 0x3B22, 0x8D60,
    0x4F41, 0xA61F, 0x4C4C, 0xC21F, 0x4350, 0x1FC2, 0x1FA6, 0x43C2, 0x43C2, 0xA61F, 0xC21F, 0x4AC2,
    0x5067, 0x4343, 0x86C2, 0x504F, 0x222C, 0xC4C4, 0x2C30, 0x222C, 0x2C22, 0x2C20, 0x4C22, 0x203B,
    0x252C, 0x4C1D, 0x4D8C, 0x4B4D, 0x4A8D, 0x448D, 0x6044, 0x6060, 0x4244, 0x4542, 0x5B43, 0x5C48,
    0x5B67, 0x4E4A, 0x4043, 0x4A5B, 0x5B67, 0x4A8A, 0x5B8A, 0x6E4A, 0x5B40, 0xC55B, 0x48C5, 0x5C5C,
    0x4C2C, 0x4C4C, 0x2C25, 0x242C, 0x4D4D, 0x4C55, 0x4C3B, 0x2522, 0x4D4B, 0x4D4B, 0x554D, 0x2020,
    0x604E, 0x424A, 0x4B4E, 0x5555, 0x4646, 0x5B46, 0x466E, 0x5042, 0x4A8A, 0x4A6E, 0x454A, 0x454A,
    0x6742, 0x424A, 0x4444, 0x444B, 0xC55B, 0xC57A, 0x4A4A, 0x4E42, 0x24C4, 0x24C4, 0x2CC4, 0x4C2C,
    0x3B63, 0x3B2B, 0x2555, 0x4C22, 0x2525, 0x4C4C, 0x2025, 0x3B20, 0x4260, 0x4A71, 0x4A5B, 0x4460,
    0x6767, 0x5B67, 0x4567, 0xB660, 0x4A4A, 0x4271, 0x4A4A, 0x424A, 0xB6B6, 0x3B3B, 0x3B8C, 0x4C4C,
    0x6042, 0x6044, 0x4DB6, 0x2055, 0x252C, 0x2424, 0x3039, 0x3039, 0x642C, 0xC424, 0x242E, 0x6322,
    0x2B2B, 0x2B2B, 0x5520, 0x2225, 0x3B2B, 0x2C2D, 0x6522, 0x652E, 0x4C3B, 0x3B4C, 0x254C, 0x6320,
    0x444A, 0x4242, 0x4A4A, 0x4A4A, 0x224C, 0x2025, 0xB655, 0xB63B, 0x2020, 0x2525, 0x2525, 0x2055,
    0x2330, 0x223C, 0x222C, 0x2222, 0x3B3B, 0x3B2B, 0x2C22, 0x2222, 0x3C22, 0x3C3C, 0x223C, 0x2222,
    0x3C24, 0x2222, 0x2622, 0x2626, 0x2D2C, 0x6322, 0x6323, 0x3B63, 0x6E4A, 0x454A, 0x4545, 0x6029,
    0x45B6, 0x5C4A, 0x5B46, 0x5C7A, 0x9755, 0x604D, 0x454E, 0x4A4A, 0x22C4, 0xC4C4, 0x2323, 0x2EC4,
    0x6322, 0x6398, 0x6322, 0x2222, 0x2626, 0x2D2D, 0x3B3B, 0x2263, 0x2626, 0x2626, 0x3B26, 0x2B26,
    0x6363, 0x9863, 0x3B3B, 0x3B3B, 0x4527, 0x982A, 0x3B2B, 0x633B, 0x8746, 0x5C7A, 0x2746, 0x552B,
    0x46C5, 0x4646, 0x5C5C, 0x5C96, 0x3030, 0xC430, 0x3030, 0x3236, 0xC422, 0xC424, 0x302E, 0x323A,
    0x3C22, 0x3C3C, 0x2C23, 0x222C, 0x2744, 0x6629, 0x604A, 0x60B6, 0x443B, 0x4498, 0x3B3B, 0x634C,
    0x633B, 0x223B, 0x4C22, 0x2C22, 0x3B4C, 0x4C4C, 0x4C4C, 0x4C4C, 0xC55C, 0x6045, 0x554D, 0x2055,
};

const u16 gb_title_bg_palette[GB_TITLE_BG_PALETTE_COUNT] = {
    0x7C1F, 0x7B9B, 0x0000, 0x3004, 0x16FF, 0x1DBF, 0x7E50, 0x6D8A, 0x1865, 0x372D,
    0x3188, 0x277E, 0x3529, 0x296D, 0x41A9, 0x328A, 0x5AF2, 0x1EEE, 0x3225, 0x4B92,
    0x472E, 0x29C7, 0x5F32, 0x6405, 0x4802, 0x2527, 0x5805, 0x2046, 0x20C4, 0x4585,
    0x35C5, 0x49C6, 0x41A7, 0x3965, 0x3986, 0x3566, 0x3966, 0x3D86, 0x35C8, 0x4249,
    0x3649, 0x426C, 0x424A, 0x41E8, 0x3D66, 0x3DA7, 0x3146, 0x3925, 0x3126, 0x2D05,
    0x2905, 0x24E5, 0x24C4, 0x24E4, 0x2925, 0x2D46, 0x18A2, 0x2D26, 0x2D64, 0x3DC7,
    0x3587, 0x1462, 0x1482, 0x28E5, 0x5649, 0x5628, 0x5229, 0x5228, 0x4608, 0x4E2A,
    0x526B, 0x568D, 0x566C, 0x56AD, 0x524A, 0x4DE8, 0x4186, 0x49C7, 0x5208, 0x5207,
    0x5247, 0x2D23, 0x5625, 0x5E45, 0x5E68, 0x45C7, 0x22AE, 0x4166, 0x3565, 0x20E4,
    0x1CC4, 0x566B, 0x568C, 0x56AE, 0x56CF, 0x5209, 0x4A09, 0x49E6, 0x39A5, 0x39A7,
    0x3926, 0x3546, 0x4A4B, 0x566A, 0x6267, 0x5E47, 0x2229, 0x5B57, 0x5735, 0x5B13,
    0x564A, 0x5629, 0x4DE7, 0x526A, 0x35A5, 0x29A5, 0x1903, 0x0CE6, 0x639B, 0x5F79,
    0x5B36, 0x56F1, 0x526C, 0x5A6A, 0x4DC5, 0x20E3, 0x5AAD, 0x5ACF, 0x5EEF, 0x5EF0,
    0x5ACE, 0x5AEF, 0x5B34, 0x4DC6, 0x51E6, 0x4AAD, 0x5ECF, 0x5757, 0x564B, 0x49A5,
    0x45A6, 0x4E49, 0x3506, 0x5ECE, 0x5AF1, 0x5F10, 0x5B12, 0x5F11, 0x5B33, 0x5A8B,
    0x5A8C, 0x49A6, 0x35E8, 0x0440, 0x1061, 0x1CE2, 0x5B55, 0x5736, 0x5797, 0x630F,
    0x5AAE, 0x40A2, 0x6185, 0x5F55, 0x19A6, 0x1D85, 0x41E6, 0x321A, 0x248A, 0x5F12,
    0x637A, 0x10E3, 0x1964, 0x1A07, 0x6331, 0x5AEE, 0x1185, 0x573E, 0x5ECD, 0x7E49,
    0x30A5, 0x62EE, 0x45E7, 0x4586, 0x55E6, 0x5E25, 0x6289, 0x5A27, 0x5A28, 0x2885,
    0x51E7, 0x5608, 0x4DC7, 0x1404, 0x4E07, 0x5609, 0x3166, 0x524B, 0x2713, 0x2544,
    0x228B, 0x08A1, 0x2503, 0x1143, 0x1E68, 0x1ACB, 0x3ECC, 0x4F53, 0x39A6, 0x3DA6,
    0x4E6B, 0x2D24, 0x3946, 0x41C7, 0x5249, 0x5248, 0x3945, 0x2A06, 0x41E5, 0x25A6,
    0x2D84, 0x3644, 0x56AC,
};

const u16 gb_title_obj_tiles[GB_TITLE_OBJ_TILE_HALFWORDS] = {
    0x0000, 0x0000, 0x0000, 0x0000, 0x0000, 0x0000, 0x0000, 0x0000, 0x0000, 0x0000, 0x0000, 0x0000,
    0x0000, 0x0000, 0x0000, 0x0000, 0x0000, 0x0000, 0x0000, 0x0000, 0x0000, 0x0000, 0x0000, 0x0000,
    0x0000, 0x0000, 0x0000, 0x0000, 0x0000, 0x0000, 0x0000, 0x0000, 0x0000, 0x0000, 0x0000, 0x0000,
    0x0000, 0x0000, 0x0000, 0x0000, 0x0000, 0x0000, 0x0000, 0x0000, 0x0000, 0x0000, 0x0000, 0x0000,
    0x0000, 0x0000, 0x0000, 0x0000, 0x0000, 0x0000, 0x0000, 0x0000, 0x0000, 0x0000, 0x0000, 0x0101,
    0x0000, 0x0000, 0x0100, 0x0908, 0x0000, 0x0000, 0x0000, 0x0000, 0x0000, 0x0000, 0x0000, 0x0100,
    0x0000, 0x0000, 0x0100, 0x0801, 0x0000, 0x0100, 0x0801, 0x0909, 0x0100, 0x0801, 0x0909, 0x0909,
    0x0801, 0x0909, 0x0909, 0x0909, 0x0908, 0x0909, 0x0909, 0x0909, 0x0909, 0x0909, 0x0909, 0x0909,
    0x0100, 0x0101, 0x0101, 0x0101, 0x0801, 0x0909, 0x0909, 0x0909, 0x0909, 0x0909, 0x0909, 0x0909,
    0x0909, 0x0909, 0x0909, 0x0909, 0x0909, 0x0909, 0x0909, 0x0909, 0x0909, 0x0909, 0x0909, 0x0909,
    0x0909, 0x0909, 0x0909, 0x0909, 0x0909, 0x0909, 0x0909, 0x0909, 0x0001, 0x0000, 0x0000, 0x0000,
    0x0108, 0x0101, 0x0101, 0x0001, 0x0909, 0x0909, 0x0909, 0x0108, 0x0909, 0x0909, 0x0909, 0x0909,
    0x0909, 0x0909, 0x0909, 0x0909, 0x0909, 0x0909, 0x0909, 0x0909, 0x0909, 0x0909, 0x0909, 0x0909,
    0x0909, 0x0909, 0x0909, 0x0909, 0x0000, 0x0000, 0x0000, 0x0000, 0x0000, 0x0000, 0x0000, 0x0000,
    0x0001, 0x0000, 0x0000, 0x0000, 0x0108, 0x0001, 0x0000, 0x0000, 0x0909, 0x0108, 0x0000, 0x0000,
    0x0909, 0x0809, 0x0001, 0x0000, 0x0909, 0x0909, 0x0108, 0x0000, 0x0909, 0x0909, 0x0109, 0x0000,
    0x0000, 0x0000, 0x0000, 0x0000, 0x0000, 0x0000, 0x0000, 0x0000, 0x0000, 0x0000, 0x0000, 0x0000,
    0x0000, 0x0000, 0x0000, 0x0000, 0x0000, 0x0000, 0x0000, 0x0000, 0x0000, 0x0000, 0x0000, 0x0000,
    0x0000, 0x0000, 0x0000, 0x0000, 0x0000, 0x0000, 0x0000, 0x0000, 0x0000, 0x0000, 0x0000, 0x0000,
    0x0000, 0x0000, 0x0000, 0x0000, 0x0000, 0x0000, 0x0000, 0x0000, 0x0000, 0x0000, 0x0000, 0x0000,
    0x0000, 0x0000, 0x0000, 0x0000, 0x0000, 0x0000, 0x0000, 0x0000, 0x0000, 0x0000, 0x0000, 0x0000,
    0x0000, 0x0000, 0x0000, 0x0000, 0x0000, 0x0000, 0x0000, 0x0000, 0x0000, 0x0000, 0x0000, 0x0000,
    0x0000, 0x0000, 0x0000, 0x0000, 0x0000, 0x0000, 0x0000, 0x0203, 0x0000, 0x0300, 0x0302, 0x0404,
    0x0300, 0x0403, 0x0404, 0x0404, 0x0403, 0x0404, 0x0404, 0x0404, 0x0402, 0x0404, 0x0404, 0x0404,
    0x0000, 0x0200, 0x0403, 0x0404, 0x0200, 0x0302, 0x0204, 0x0606, 0x0302, 0x0204, 0x0403, 0x0606,
    0x0403, 0x0404, 0x0404, 0x0202, 0x0404, 0x0404, 0x0204, 0x0404, 0x0404, 0x0404, 0x0404, 0x0404,
    0x0404, 0x0404, 0x0404, 0x0202, 0x0404, 0x0404, 0x0404, 0x0404, 0x0404, 0x0404, 0x0203, 0x0505,
    0x0202, 0x0402, 0x0304, 0x0502, 0x0404, 0x0203, 0x0403, 0x0203, 0x0202, 0x0404, 0x0203, 0x0303,
    0x0404, 0x0202, 0x0304, 0x0202, 0x0404, 0x0404, 0x0302, 0x0502, 0x0302, 0x0403, 0x0203, 0x0502,
    0x0204, 0x0202, 0x0502, 0x0505, 0x0402, 0x0404, 0x0404, 0x0304, 0x0205, 0x0404, 0x0404, 0x0404,
    0x0105, 0x0402, 0x0404, 0x0404, 0x0502, 0x0201, 0x0403, 0x0404, 0x0505, 0x0101, 0x0202, 0x0403,
    0x0505, 0x0101, 0x0101, 0x0202, 0x0505, 0x0101, 0x0101, 0x0101, 0x0501, 0x0101, 0x0101, 0x0101,
    0x0606, 0x0606, 0x0403, 0x0404, 0x0404, 0x0404, 0x0404, 0x0404, 0x0404, 0x0404, 0x0404, 0x0404,
    0x0404, 0x0404, 0x0404, 0x0304, 0x0404, 0x0404, 0x0304, 0x0202, 0x0403, 0x0304, 0x0202, 0x0303,
    0x0202, 0x0202, 0x0303, 0x0303, 0x0707, 0x0606, 0x0302, 0x0203, 0x0404, 0x0404, 0x0502, 0x0505,
    0x0404, 0x0204, 0x0505, 0x0508, 0x0304, 0x0202, 0x0505, 0x0505, 0x0202, 0x0203, 0x0505, 0x0105,
    0x0303, 0x0203, 0x0105, 0x0501, 0x0303, 0x0203, 0x0701, 0x0501, 0x0203, 0x0606, 0x0707, 0x0107,
    0x0606, 0x0606, 0x0707, 0x0707, 0x0505, 0x0505, 0x0505, 0x0105, 0x0508, 0x0508, 0x0508, 0x0101,
    0x0505, 0x0505, 0x0105, 0x0107, 0x0505, 0x0505, 0x0701, 0x0107, 0x0505, 0x0101, 0x0707, 0x0700,
    0x0101, 0x0707, 0x0007, 0x0700, 0x0707, 0x0707, 0x0000, 0x0000, 0x0007, 0x0000, 0x0000, 0x0000,
    0x0505, 0x0701, 0x0007, 0x0000, 0x0508, 0x0701, 0x0007, 0x0000, 0x0105, 0x0707, 0x0000, 0x0000,
    0x0105, 0x0007, 0x0000, 0x0000, 0x0701, 0x0007, 0x0000, 0x0000, 0x0707, 0x0000, 0x0000, 0x0000,
    0x0007, 0x0000, 0x0000, 0x0000, 0x0000, 0x0000, 0x0000, 0x0000, 0x0000, 0x0000, 0x0000, 0x0000,
    0x0000, 0x0000, 0x0000, 0x0000, 0x0000, 0x0000, 0x0000, 0x0000, 0x0000, 0x0000, 0x0000, 0x0000,
    0x0000, 0x0000, 0x0000, 0x0000, 0x0000, 0x0000, 0x0000, 0x0100, 0x0000, 0x0000, 0x0000, 0x0801,
    0x0000, 0x0000, 0x0100, 0x0908, 0x0000, 0x0000, 0x0801, 0x0909, 0x0000, 0x0100, 0x0908, 0x0909,
    0x0000, 0x0801, 0x0909, 0x0A09, 0x0100, 0x0908, 0x0909, 0x0A0A, 0x0801, 0x0909, 0x090A, 0x0A0A,
    0x0908, 0x0A09, 0x0A0A, 0x0A0A, 0x0909, 0x0A09, 0x090A, 0x0909, 0x0909, 0x0A09, 0x0909, 0x0909,
    0x0909, 0x0909, 0x0909, 0x0909, 0x0A09, 0x0909, 0x0909, 0x0909, 0x090A, 0x0909, 0x0909, 0x0909,
    0x090A, 0x0909, 0x0909, 0x0909, 0x0909, 0x0909, 0x090A, 0x0909, 0x0909, 0x0A0A, 0x0909, 0x0909,
    0x0909, 0x0A0A, 0x0909, 0x0909, 0x0909, 0x0909, 0x0909, 0x0909, 0x0909, 0x0909, 0x0909, 0x0909,
    0x0909, 0x0909, 0x0909, 0x0909, 0x0909, 0x0909, 0x0909, 0x0909, 0x0909, 0x0909, 0x0909, 0x0909,
    0x0909, 0x0909, 0x0909, 0x0909, 0x0909, 0x0909, 0x0909, 0x0909, 0x0A0A, 0x0909, 0x0909, 0x0909,
    0x0A0A, 0x0A09, 0x0909, 0x0909, 0x0909, 0x0909, 0x0909, 0x0909, 0x0909, 0x0909, 0x0909, 0x0909,
    0x0909, 0x0909, 0x0909, 0x0909, 0x0909, 0x0909, 0x0909, 0x0909, 0x0909, 0x0909, 0x0909, 0x0909,
    0x0909, 0x0909, 0x0909, 0x0909, 0x0909, 0x0909, 0x0909, 0x0909, 0x0909, 0x090A, 0x0909, 0x0909,
    0x0909, 0x0909, 0x0109, 0x0000, 0x0909, 0x0909, 0x0809, 0x0001, 0x0909, 0x0909, 0x0909, 0x0001,
    0x0909, 0x0909, 0x0909, 0x0108, 0x0909, 0x0909, 0x0909, 0x0909, 0x0909, 0x0909, 0x0909, 0x090A,
    0x0909, 0x0809, 0x0A09, 0x0A0A, 0x0909, 0x0908, 0x0A09, 0x0A0A, 0x0000, 0x0000, 0x0000, 0x0000,
    0x0000, 0x0000, 0x0000, 0x0000, 0x0000, 0x0000, 0x0000, 0x0000, 0x0001, 0x0000, 0x0000, 0x0000,
    0x0108, 0x0000, 0x0000, 0x0000, 0x0809, 0x0001, 0x0000, 0x0000, 0x0909, 0x0108, 0x0000, 0x0000,
    0x090A, 0x0809, 0x0001, 0x0000, 0x0000, 0x0000, 0x0000, 0x0000, 0x0000, 0x0000, 0x0000, 0x0000,
    0x0000, 0x0000, 0x0000, 0x0000, 0x0000, 0x0000, 0x0000, 0x0000, 0x0000, 0x0000, 0x0000, 0x0000,
    0x0000, 0x0000, 0x0000, 0x0000, 0x0000, 0x0000, 0x0000, 0x0000, 0x0000, 0x0000, 0x0000, 0x0000,
    0x0402, 0x0404, 0x0404, 0x0404, 0x0402, 0x0404, 0x0404, 0x0404, 0x0403, 0x0404, 0x0402, 0x0404,
    0x0300, 0x0404, 0x0304, 0x0202, 0x0200, 0x0404, 0x0304, 0x0203, 0x0200, 0x0404, 0x0404, 0x0303,
    0x0200, 0x0404, 0x0404, 0x0304, 0x0300, 0x0404, 0x0404, 0x0304, 0x0404, 0x0404, 0x0404, 0x0304,
    0x0404, 0x0404, 0x0304, 0x0402, 0x0404, 0x0203, 0x0202, 0x0202, 0x0302, 0x0707, 0x0707, 0x0707,
    0x0707, 0x0707, 0x0707, 0x0707, 0x0707, 0x0000, 0x0000, 0x0000, 0x0703, 0x0000, 0x0000, 0x0600,
    0x0702, 0x0000, 0x0000, 0x0600, 0x0204, 0x0505, 0x0501, 0x0505, 0x0204, 0x0505, 0x0501, 0x0505,
    0x0502, 0x0105, 0x010B, 0x0505, 0x0501, 0x0105, 0x010B, 0x0505, 0x0107, 0x0105, 0x0B0B, 0x0501,
    0x0106, 0x0105, 0x0B0B, 0x010B, 0x010B, 0x0105, 0x0C0C, 0x0C0C, 0x0C0C, 0x0B01, 0x0C0C, 0x0C0C,
    0x0101, 0x0101, 0x0101, 0x0101, 0x0701, 0x0101, 0x0707, 0x0201, 0x0601, 0x0606, 0x0206, 0x0302,
    0x0B01, 0x0B06, 0x0306, 0x0303, 0x0B01, 0x0B06, 0x0606, 0x0302, 0x0C0B, 0x0B0B, 0x0306, 0x0603,
    0x0C0C, 0x0B0B, 0x0306, 0x0404, 0x0C0C, 0x060B, 0x060B, 0x0403, 0x0207, 0x0606, 0x0606, 0x0606,
    0x0302, 0x0202, 0x0606, 0x0606, 0x0303, 0x0302, 0x0303, 0x0403, 0x0303, 0x0403, 0x0404, 0x0404,
    0x0404, 0x0404, 0x0404, 0x0404, 0x0202, 0x0403, 0x0404, 0x0404, 0x0404, 0x0203, 0x0404, 0x0404,
    0x0404, 0x0404, 0x0404, 0x0404, 0x0606, 0x0302, 0x0702, 0x0000, 0x0402, 0x0404, 0x0203, 0x0007,
    0x0404, 0x0404, 0x0304, 0x0606, 0x0404, 0x0404, 0x0404, 0x0304, 0x0404, 0x0404, 0x0404, 0x0203,
    0x0404, 0x0204, 0x0302, 0x0404, 0x0204, 0x0403, 0x0404, 0x0304, 0x0404, 0x0404, 0x0404, 0x0603,
    0x0000, 0x0000, 0x0000, 0x0000, 0x0000, 0x0000, 0x0000, 0x0000, 0x0606, 0x0007, 0x0000, 0x0000,
    0x0C06, 0x0606, 0x0606, 0x0606, 0x0C06, 0x0C06, 0x0C0C, 0x0C0C, 0x0C06, 0x0C06, 0x0C0C, 0x0C0C,
    0x0C06, 0x0C06, 0x0C0C, 0x0C0C, 0x060C, 0x0C0C, 0x0C0C, 0x0C0C, 0x0000, 0x0000, 0x0000, 0x0000,
    0x0000, 0x0000, 0x0000, 0x0000, 0x0000, 0x0000, 0x0000, 0x0000, 0x0606, 0x0007, 0x0000, 0x0000,
    0x0C0C, 0x060C, 0x0706, 0x0000, 0x0C0C, 0x0C0C, 0x060C, 0x0706, 0x0B0C, 0x0C0C, 0x0C0C, 0x060C,
    0x060C, 0x0C0C, 0x0C0C, 0x0C0C, 0x0000, 0x0000, 0x0801, 0x0909, 0x0000, 0x0000, 0x0901, 0x0909,
    0x0000, 0x0100, 0x0908, 0x0909, 0x0000, 0x0100, 0x0909, 0x0909, 0x0000, 0x0801, 0x0909, 0x0909,
    0x0000, 0x0901, 0x0909, 0x0909, 0x0000, 0x0901, 0x0909, 0x0909, 0x0000, 0x0901, 0x0909, 0x0909,
    0x0909, 0x0909, 0x0909, 0x0909, 0x0909, 0x0909, 0x0909, 0x0909, 0x0909, 0x0909, 0x0909, 0x0909,
    0x0909, 0x0909, 0x0909, 0x0909, 0x0909, 0x0909, 0x0909, 0x0909, 0x0909, 0x0909, 0x0909, 0x0909,
    0x0909, 0x0909, 0x0909, 0x0809, 0x0909, 0x0909, 0x0909, 0x0608, 0x0909, 0x0909, 0x0809, 0x0909,
    0x0909, 0x0909, 0x0908, 0x0909, 0x0909, 0x0809, 0x0909, 0x0909, 0x0909, 0x0908, 0x0909, 0x0909,
    0x0809, 0x0901, 0x0909, 0x0909, 0x0108, 0x0901, 0x0909, 0x0809, 0x0101, 0x0901, 0x0909, 0x0509,
    0x0606, 0x0606, 0x0909, 0x0308, 0x0909, 0x0909, 0x0909, 0x0909, 0x0909, 0x0909, 0x0909, 0x0809,
    0x0909, 0x0909, 0x0909, 0x0908, 0x0909, 0x0809, 0x0101, 0x0909, 0x0108, 0x0301, 0x0803, 0x0909,
    0x0305, 0x0404, 0x0902, 0x0509, 0x0403, 0x0404, 0x0801, 0x0401, 0x0404, 0x0404, 0x0103, 0x0404,
    0x0909, 0x0909, 0x0909, 0x0909, 0x0909, 0x0909, 0x0909, 0x0508, 0x0909, 0x0809, 0x0305, 0x0404,
    0x0809, 0x0405, 0x0404, 0x0404, 0x0405, 0x0404, 0x0404, 0x0804, 0x0404, 0x0404, 0x0404, 0x0904,
    0x0404, 0x0404, 0x0404, 0x0304, 0x0404, 0x0404, 0x0404, 0x0404, 0x0801, 0x0809, 0x0909, 0x0909,
    0x0908, 0x0908, 0x0909, 0x0909, 0x0809, 0x0809, 0x0909, 0x0909, 0x0908, 0x0908, 0x0909, 0x0909,
    0x0809, 0x0809, 0x0909, 0x0909, 0x0908, 0x0908, 0x0909, 0x0909, 0x0809, 0x0809, 0x0909, 0x0909,
    0x0905, 0x0908, 0x0909, 0x0909, 0x090A, 0x0909, 0x0001, 0x0000, 0x0909, 0x0909, 0x0108, 0x0000,
    0x0909, 0x0909, 0x0109, 0x0000, 0x0909, 0x0909, 0x0809, 0x0001, 0x0909, 0x0909, 0x0909, 0x0001,
    0x0909, 0x0909, 0x0909, 0x0001, 0x0909, 0x0909, 0x0909, 0x0001, 0x0909, 0x0909, 0x0909, 0x0001,
    0x0000, 0x0000, 0x0000, 0x0000, 0x0000, 0x0000, 0x0000, 0x0000, 0x0000, 0x0000, 0x0000, 0x0000,
    0x0000, 0x0000, 0x0000, 0x0000, 0x0000, 0x0000, 0x0000, 0x0000, 0x0000, 0x0000, 0x0000, 0x0000,
    0x0007, 0x0000, 0x0000, 0x0000, 0x0706, 0x0000, 0x0000, 0x0000, 0x0000, 0x0403, 0x0404, 0x0404,
    0x0000, 0x0402, 0x0404, 0x0404, 0x0000, 0x0402, 0x0404, 0x0404, 0x0000, 0x0402, 0x0404, 0x0404,
    0x0000, 0x0403, 0x0404, 0x0404, 0x0000, 0x0300, 0x0404, 0x0404, 0x0000, 0x0200, 0x0404, 0x0404,
    0x0000, 0x0200, 0x0404, 0x0404, 0x0702, 0x0000, 0x0000, 0x0C06, 0x0702, 0x0000, 0x0600, 0x0C0B,
    0x0203, 0x0007, 0x0C06, 0x0C0C, 0x0204, 0x0007, 0x0C06, 0x0C0C, 0x0204, 0x0607, 0x0C0B, 0x0C0C,
    0x0304, 0x0607, 0x0C0C, 0x0C0C, 0x0404, 0x0B03, 0x0C0C, 0x0C0C, 0x0404, 0x0C02, 0x0C0C, 0x0C0C,
    0x0C0C, 0x0C0C, 0x0C0C, 0x0C0C, 0x060C, 0x0C0C, 0x0C0C, 0x0C0C, 0x0B0C, 0x0C0C, 0x0C0C, 0x0C0C,
    0x060C, 0x0C0C, 0x0C0C, 0x0B0C, 0x060C, 0x0C0C, 0x0C0C, 0x0D0B, 0x060C, 0x0C0C, 0x0B0C, 0x0D0D,
    0x0B0C, 0x0B0C, 0x0D06, 0x0D0D, 0x0B0C, 0x060B, 0x0D07, 0x0D0D, 0x0C0C, 0x0706, 0x0B06, 0x0306,
    0x0B0C, 0x0D07, 0x0B07, 0x060B, 0x0D0B, 0x0D0D, 0x070D, 0x0C0B, 0x0D0D, 0x0D0D, 0x0D0D, 0x0B07,
    0x0D0D, 0x0D0D, 0x0D0D, 0x0D0D, 0x0D0D, 0x0D0D, 0x0D0D, 0x0D0D, 0x0D0D, 0x0D0D, 0x0D0D, 0x0D0D,
    0x0D0D, 0x0D0D, 0x0D0D, 0x0D0D, 0x0404, 0x0404, 0x0404, 0x0404, 0x0306, 0x0404, 0x0404, 0x0404,
    0x0B0C, 0x0606, 0x0403, 0x0404, 0x0C06, 0x0C0C, 0x060B, 0x0606, 0x0B07, 0x0B06, 0x0C0C, 0x0C0C,
    0x0D0D, 0x070D, 0x060B, 0x0606, 0x0D0D, 0x0D0D, 0x0D0D, 0x0D0D, 0x0D0D, 0x0D0D, 0x0D0D, 0x0D0D,
    0x0404, 0x0404, 0x0304, 0x0C06, 0x0404, 0x0304, 0x0606, 0x060C, 0x0603, 0x0B06, 0x0C0C, 0x070B,
    0x0C0B, 0x0C0C, 0x0B06, 0x0D07, 0x0B0C, 0x0B06, 0x0D07, 0x0D0D, 0x070B, 0x0D0D, 0x0D0D, 0x0D0D,
    0x0D0D, 0x0D0D, 0x0D0D, 0x0D0D, 0x0D0D, 0x0D0D, 0x0D0D, 0x0D0D, 0x0C06, 0x0C0C, 0x0C0C, 0x0C0C,
    0x0C0C, 0x0C0C, 0x0C0C, 0x0C0C, 0x0C0B, 0x0C0C, 0x0C0C, 0x0C0C, 0x0607, 0x0C0C, 0x0C0C, 0x0C0C,
    0x0D0D, 0x0C0B, 0x0C0C, 0x0B0C, 0x0D0D, 0x0B0D, 0x0C0C, 0x060C, 0x0D0D, 0x0D0D, 0x0C0B, 0x0B0C,
    0x0D0D, 0x0D0D, 0x0607, 0x0C0B, 0x0B0C, 0x0C0C, 0x0C0C, 0x0C0C, 0x0C0B, 0x0C0C, 0x0C0C, 0x0C0C,
    0x0C06, 0x0C0C, 0x0C0C, 0x0C0C, 0x0C0B, 0x0C0C, 0x0C0C, 0x0B0C, 0x0C0C, 0x0C0C, 0x0C0C, 0x0B06,
    0x0C0C, 0x0B0C, 0x0B0C, 0x0B0B, 0x0C0C, 0x0C0C, 0x0C0C, 0x0C0C, 0x0C0C, 0x0C0C, 0x0C0C, 0x0C0C,
    0x0000, 0x0901, 0x0909, 0x0909, 0x0000, 0x0901, 0x0909, 0x0909, 0x0000, 0x0901, 0x0909, 0x0909,
    0x0000, 0x0901, 0x0909, 0x0909, 0x0000, 0x0901, 0x0909, 0x0909, 0x0000, 0x0901, 0x0909, 0x0909,
    0x0000, 0x0801, 0x0809, 0x0809, 0x0000, 0x0501, 0x0909, 0x0909, 0x0909, 0x0909, 0x0608, 0x0606,
    0x0909, 0x0809, 0x0306, 0x0303, 0x0909, 0x0609, 0x0303, 0x0403, 0x0909, 0x0809, 0x0301, 0x0303,
    0x0909, 0x0909, 0x0301, 0x0403, 0x0909, 0x0909, 0x0606, 0x0606, 0x0809, 0x0809, 0x0606, 0x0706,
    0x0909, 0x0909, 0x0606, 0x0A07, 0x0606, 0x0606, 0x0906, 0x0405, 0x0606, 0x0606, 0x0806, 0x0403,
    0x0303, 0x0608, 0x0806, 0x0404, 0x0303, 0x0803, 0x0808, 0x0404, 0x0404, 0x0304, 0x0808, 0x0404,
    0x0606, 0x0303, 0x0404, 0x0404, 0x0E07, 0x0606, 0x0403, 0x0404, 0x0F0A, 0x0E0F, 0x0306, 0x0404,
    0x0404, 0x0404, 0x0404, 0x0404, 0x0404, 0x0603, 0x0606, 0x0606, 0x0304, 0x0606, 0x0606, 0x0606,
    0x0604, 0x0606, 0x0606, 0x0403, 0x0404, 0x0404, 0x0404, 0x0404, 0x0404, 0x0404, 0x0404, 0x0303,
    0x0404, 0x0404, 0x0304, 0x0404, 0x0404, 0x0404, 0x0404, 0x0204, 0x0404, 0x0404, 0x0404, 0x0404,
    0x0606, 0x0606, 0x0306, 0x0404, 0x0606, 0x0606, 0x0606, 0x0406, 0x0404, 0x0404, 0x0304, 0x0602,
    0x0404, 0x0404, 0x0404, 0x0404, 0x0303, 0x0303, 0x0403, 0x0404, 0x0604, 0x0606, 0x0306, 0x0404,
    0x0E06, 0x0E0E, 0x0E0E, 0x0606, 0x0504, 0x0809, 0x0909, 0x0909, 0x0404, 0x0905, 0x0909, 0x0909,
    0x0404, 0x0803, 0x0909, 0x0909, 0x0404, 0x0504, 0x0909, 0x0909, 0x0406, 0x0504, 0x0809, 0x0809,
    0x0404, 0x0504, 0x0909, 0x0909, 0x0404, 0x0104, 0x0908, 0x0908, 0x0406, 0x0804, 0x0909, 0x0909,
    0x0909, 0x0909, 0x0909, 0x0001, 0x0909, 0x0909, 0x0909, 0x0001, 0x0909, 0x0909, 0x0909, 0x0001,
    0x0909, 0x0909, 0x0809, 0x0001, 0x0809, 0x0809, 0x0509, 0x0001, 0x0909, 0x0909, 0x0109, 0x0000,
    0x0908, 0x0908, 0x0108, 0x0000, 0x0909, 0x0909, 0x0105, 0x0000, 0x0706, 0x0000, 0x0000, 0x0000,
    0x0706, 0x0000, 0x0000, 0x0000, 0x060C, 0x0007, 0x0000, 0x0000, 0x060C, 0x0007, 0x0000, 0x0000,
    0x0C0B, 0x0706, 0x0000, 0x0000, 0x0C0B, 0x0706, 0x0000, 0x0000, 0x0C0C, 0x060C, 0x0007, 0x0000,
    0x0C0C, 0x0C0C, 0x0706, 0x0000, 0x0000, 0x0200, 0x0404, 0x0404, 0x0000, 0x0200, 0x0404, 0x0404,
    0x0000, 0x0200, 0x0404, 0x0404, 0x0000, 0x0200, 0x0404, 0x0404, 0x0000, 0x0200, 0x0404, 0x0404,
    0x0000, 0x0200, 0x0404, 0x0404, 0x0000, 0x0000, 0x0000, 0x0000, 0x0000, 0x0000, 0x0000, 0x0000,
    0x0404, 0x0C02, 0x0C0C, 0x0C0C, 0x0404, 0x0B03, 0x0C0C, 0x0C0C, 0x0404, 0x0203, 0x0C0C, 0x0C0C,
    0x0404, 0x0204, 0x0C0C, 0x0C0C, 0x0404, 0x0204, 0x0C0C, 0x0C0C, 0x0404, 0x0204, 0x0C0C, 0x0C0C,
    0x0000, 0x0000, 0x0000, 0x0000, 0x0000, 0x0000, 0x0000, 0x0000, 0x0B0C, 0x070B, 0x0D0D, 0x0D0D,
    0x0B0B, 0x070B, 0x0D07, 0x0D0D, 0x0B0B, 0x0706, 0x070D, 0x0D0D, 0x0B0B, 0x0706, 0x0D07, 0x0D0D,
    0x0B0B, 0x0706, 0x070D, 0x0D0D, 0x0B0B, 0x0706, 0x0D07, 0x0D0D, 0x0000, 0x0000, 0x0000, 0x0000,
    0x0000, 0x0000, 0x0000, 0x0000, 0x0D0D, 0x0D0D, 0x0D0D, 0x0D0D, 0x0D0D, 0x0D0D, 0x0D0D, 0x0D0D,
    0x0D0D, 0x0D0D, 0x0D0D, 0x0D0D, 0x0D0D, 0x0D0D, 0x0D0D, 0x0D0D, 0x0D0D, 0x0D0D, 0x0D0D, 0x0D0D,
    0x0D0D, 0x0D0D, 0x0D0D, 0x0D0D, 0x0000, 0x0000, 0x0000, 0x0000, 0x0000, 0x0000, 0x0000, 0x0000,
    0x0D0D, 0x0D0D, 0x0D0D, 0x0D0D, 0x0D0D, 0x0D0D, 0x0D0D, 0x0D0D, 0x0D0D, 0x0D0D, 0x0D0D, 0x0D0D,
    0x0D0D, 0x0D0D, 0x0D0D, 0x0D0D, 0x0D0D, 0x0D0D, 0x0D0D, 0x0D0D, 0x0D0D, 0x0D0D, 0x0D0D, 0x0D0D,
    0x0000, 0x0000, 0x0000, 0x0000, 0x0000, 0x0000, 0x0000, 0x0000, 0x0D0D, 0x0D0D, 0x0D0D, 0x0D0D,
    0x0D0D, 0x0D0D, 0x0D0D, 0x0D0D, 0x0D0D, 0x0D0D, 0x0D0D, 0x0D0D, 0x0D0D, 0x0D0D, 0x0D0D, 0x0D0D,
    0x0D0D, 0x0D0D, 0x0D0D, 0x0D0D, 0x0D0D, 0x0D0D, 0x0D0D, 0x0D0D, 0x0000, 0x0000, 0x0000, 0x0000,
    0x0000, 0x0000, 0x0000, 0x0000, 0x0D0D, 0x0D0D, 0x070D, 0x0C06, 0x0D0D, 0x0D0D, 0x0707, 0x0C06,
    0x0D0D, 0x0D0D, 0x070D, 0x0C06, 0x0D0D, 0x0D0D, 0x0707, 0x0C06, 0x0D0D, 0x0D0D, 0x070D, 0x0C06,
    0x0D0D, 0x0D0D, 0x070D, 0x0C06, 0x0000, 0x0000, 0x0000, 0x0000, 0x0000, 0x0000, 0x0000, 0x0000,
    0x0C0C, 0x0C0C, 0x0C0C, 0x0C0C, 0x0C0C, 0x0C0C, 0x0C0C, 0x0C0C, 0x0C0C, 0x0C0C, 0x0C0C, 0x0C0C,
    0x0C0C, 0x0C0C, 0x060C, 0x0606, 0x0C0C, 0x060C, 0x0306, 0x0303, 0x0C0C, 0x0306, 0x0303, 0x0404,
    0x0000, 0x0000, 0x0000, 0x0000, 0x0000, 0x0000, 0x0000, 0x0000, 0x0000, 0x0100, 0x0908, 0x0908,
    0x0000, 0x0100, 0x0805, 0x0909, 0x0000, 0x0000, 0x0501, 0x0908, 0x0000, 0x0000, 0x0100, 0x0809,
    0x0000, 0x0000, 0x0100, 0x0808, 0x0000, 0x0000, 0x0100, 0x0805, 0x0000, 0x0000, 0x0000, 0x0801,
    0x0000, 0x0000, 0x0000, 0x0901, 0x0908, 0x0908, 0x0601, 0x0A0A, 0x0909, 0x0909, 0x0601, 0x0A0A,
    0x0908, 0x0908, 0x0301, 0x0706, 0x0809, 0x0809, 0x0301, 0x0303, 0x0808, 0x0808, 0x0308, 0x0404,
    0x0809, 0x0809, 0x0109, 0x0404, 0x0808, 0x0808, 0x0808, 0x0403, 0x0908, 0x0908, 0x0908, 0x0301,
    0x0A0A, 0x0E0A, 0x060E, 0x0404, 0x0E0A, 0x0E0F, 0x060E, 0x0403, 0x0A0A, 0x070E, 0x0207, 0x0403,
    0x0A0A, 0x0E0A, 0x0402, 0x0404, 0x0403, 0x0404, 0x0404, 0x0404, 0x0404, 0x0404, 0x0404, 0x0404,
    0x0404, 0x0404, 0x0404, 0x0304, 0x0404, 0x0404, 0x0404, 0x0603, 0x0404, 0x0404, 0x0304, 0x0706,
    0x0404, 0x0404, 0x0603, 0x0A07, 0x0404, 0x0404, 0x0703, 0x0A0A, 0x0404, 0x0404, 0x0204, 0x0A0A,
    0x0404, 0x0404, 0x0404, 0x0A04, 0x0404, 0x0404, 0x0404, 0x0404, 0x0403, 0x0404, 0x0404, 0x0404,
    0x0306, 0x0304, 0x0404, 0x0404, 0x0A0E, 0x0E0A, 0x0E0E, 0x060F, 0x0F0E, 0x0E0E, 0x0E0E, 0x060F,
    0x0F07, 0x0E13, 0x0E0E, 0x060F, 0x0E0A, 0x0713, 0x0A07, 0x0306, 0x070A, 0x0E0E, 0x060E, 0x0403,
    0x0304, 0x0303, 0x0403, 0x0404, 0x0404, 0x0404, 0x0404, 0x0404, 0x0404, 0x0404, 0x0404, 0x0404,
    0x0406, 0x0903, 0x0908, 0x0908, 0x0406, 0x0801, 0x0809, 0x0809, 0x0403, 0x0901, 0x0208, 0x0202,
    0x0404, 0x0801, 0x0401, 0x0304, 0x0404, 0x0104, 0x0203, 0x0202, 0x0404, 0x0304, 0x0302, 0x0303,
    0x0404, 0x0204, 0x0303, 0x0303, 0x0404, 0x0404, 0x0303, 0x0403, 0x0908, 0x0908, 0x0001, 0x0000,
    0x0809, 0x0809, 0x0001, 0x0000, 0x0908, 0x0908, 0x0001, 0x0000, 0x0802, 0x0808, 0x0001, 0x0000,
    0x0203, 0x0908, 0x0001, 0x0000, 0x0204, 0x0808, 0x0001, 0x0000, 0x0204, 0x0809, 0x0109, 0x0000,
    0x0503, 0x0808, 0x0108, 0x0000, 0x0C0C, 0x0C0C, 0x0706, 0x0000, 0x0C0C, 0x0C0C, 0x060C, 0x0007,
    0x0606, 0x0606, 0x0606, 0x0706, 0x0303, 0x0303, 0x0603, 0x0706, 0x0303, 0x0303, 0x0603, 0x0706,
    0x0404, 0x0404, 0x0204, 0x0000, 0x0000, 0x0000, 0x0000, 0x0000, 0x0000, 0x0000, 0x0000, 0x0000,
    0x0000, 0x0000, 0x0000, 0x0000, 0x0000, 0x0000, 0x0000, 0x0000, 0x0000, 0x0000, 0x0000, 0x0014,
    0x0000, 0x0000, 0x0011, 0x1414, 0x0000, 0x0000, 0x1100, 0x1400, 0x1100, 0x0000, 0x1114, 0x1211,
    0x0000, 0x0011, 0x1414, 0x1211, 0x0000, 0x1111, 0x1411, 0x1114, 0x0000, 0x0000, 0x0000, 0x0000,
    0x0000, 0x1100, 0x0000, 0x0000, 0x0000, 0x0011, 0x0000, 0x0000, 0x1100, 0x0011, 0x0000, 0x0000,
    0x1114, 0x0011, 0x0014, 0x0000, 0x1112, 0x1411, 0x0014, 0x0011, 0x1112, 0x1414, 0x1111, 0x0000,
    0x1112, 0x1414, 0x1111, 0x0014, 0x0010, 0x0010, 0x0010, 0x0010, 0x1000, 0x1000, 0x1000, 0x1000,
    0x0010, 0x0010, 0x0010, 0x0010, 0x1000, 0x1000, 0x1000, 0x1000, 0x0010, 0x0010, 0x0010, 0x0010,
    0x1000, 0x1000, 0x1000, 0x1000, 0x0010, 0x0010, 0x0010, 0x0010, 0x1000, 0x1000, 0x1000, 0x1000,
    0x0010, 0x0010, 0x0010, 0x0010, 0x1000, 0x1000, 0x1000, 0x1000, 0x0010, 0x0010, 0x0010, 0x0010,
    0x1000, 0x1000, 0x1000, 0x1000, 0x0010, 0x0010, 0x0010, 0x0010, 0x1000, 0x1000, 0x1000, 0x1000,
    0x0010, 0x0010, 0x0010, 0x0010, 0x1000, 0x1000, 0x1000, 0x1000, 0x0000, 0x0000, 0x0000, 0x0000,
    0x0000, 0x1200, 0x0000, 0x0000, 0x0000, 0x1212, 0x0012, 0x0000, 0x1200, 0x1412, 0x1212, 0x0000,
    0x1200, 0x1414, 0x1214, 0x0000, 0x1400, 0x1414, 0x0014, 0x0000, 0x0000, 0x1414, 0x0000, 0x0000,
    0x0000, 0x0000, 0x0000, 0x0000, 0x0000, 0x0000, 0x0000, 0x0000, 0x0000, 0x0000, 0x0000, 0x0000,
    0x0000, 0x1212, 0x0012, 0x0000, 0x1200, 0x1412, 0x1414, 0x0000, 0x1200, 0x1412, 0x1414, 0x0000,
    0x0000, 0x1414, 0x0014, 0x0000, 0x0000, 0x0000, 0x0000, 0x0000, 0x0000, 0x0000, 0x0000, 0x0000,
    0x0000, 0x0707, 0x0707, 0x0707, 0x0700, 0x0A0A, 0x0A0A, 0x0A0A, 0x0A07, 0x0A0A, 0x0A0A, 0x0A0A,
    0x0A07, 0x0A0A, 0x0A0A, 0x0A0A, 0x0A07, 0x0A0A, 0x0A0A, 0x0A0A, 0x0A07, 0x0F0F, 0x0A0A, 0x0F0F,
    0x0A07, 0x060F, 0x0A0A, 0x060F, 0x0A07, 0x0A0A, 0x0A0A, 0x0A0A, 0x0707, 0x0707, 0x0007, 0x0000,
    0x0A0A, 0x0A0A, 0x070A, 0x0000, 0x0A0A, 0x0A0A, 0x0A0A, 0x0013, 0x0A0A, 0x0A0A, 0x0A0A, 0x0213,
    0x0A0A, 0x0A0A, 0x0A0A, 0x0213, 0x0A0A, 0x0F0F, 0x0A0A, 0x0213, 0x0A0A, 0x060F, 0x0A0A, 0x0213,
    0x0A0A, 0x0A0A, 0x0A0A, 0x0213, 0x0000, 0x0000, 0x0000, 0x0801, 0x0000, 0x0000, 0x0000, 0x0801,
    0x0000, 0x0000, 0x0000, 0x0801, 0x0000, 0x0000, 0x0000, 0x0801, 0x0000, 0x0000, 0x0000, 0x0801,
    0x0000, 0x0000, 0x0000, 0x0501, 0x0000, 0x0000, 0x0000, 0x0801, 0x0000, 0x0000, 0x0202, 0x0202,
    0x0808, 0x0808, 0x0801, 0x0108, 0x0808, 0x0808, 0x0101, 0x0808, 0x0808, 0x0808, 0x0301, 0x0801,
    0x0805, 0x0805, 0x0301, 0x0103, 0x0808, 0x0808, 0x0208, 0x0403, 0x0508, 0x0508, 0x0208, 0x0403,
    0x0805, 0x0805, 0x0505, 0x0402, 0x0202, 0x0202, 0x0502, 0x0205, 0x0403, 0x0404, 0x0404, 0x0603,
    0x0401, 0x0404, 0x0404, 0x0304, 0x0401, 0x0404, 0x0404, 0x0404, 0x0403, 0x0404, 0x0404, 0x0404,
    0x0404, 0x0404, 0x0604, 0x0606, 0x0404, 0x0404, 0x0404, 0x0603, 0x0404, 0x0404, 0x0404, 0x0603,
    0x0404, 0x0404, 0x0404, 0x0604, 0x0606, 0x0406, 0x0404, 0x0404, 0x0606, 0x0404, 0x0404, 0x0404,
    0x0404, 0x0404, 0x0404, 0x0404, 0x0404, 0x0404, 0x0404, 0x0404, 0x0606, 0x0606, 0x0306, 0x0403,
    0x0A02, 0x0A0A, 0x020A, 0x0406, 0x0606, 0x0606, 0x0606, 0x0403, 0x0606, 0x0606, 0x0606, 0x0404,
    0x0404, 0x0404, 0x0404, 0x0404, 0x0404, 0x0404, 0x0404, 0x0404, 0x0404, 0x0404, 0x0404, 0x0404,
    0x0404, 0x0404, 0x0404, 0x0304, 0x0404, 0x0404, 0x0404, 0x0204, 0x0404, 0x0404, 0x0404, 0x0203,
    0x0404, 0x0404, 0x0404, 0x0502, 0x0404, 0x0404, 0x0204, 0x0805, 0x0404, 0x0404, 0x0302, 0x0404,
    0x0203, 0x0603, 0x0406, 0x0204, 0x0502, 0x0602, 0x0306, 0x0502, 0x0802, 0x0602, 0x0206, 0x0805,
    0x0805, 0x0805, 0x0805, 0x0805, 0x0808, 0x0808, 0x0808, 0x0808, 0x0508, 0x0508, 0x0508, 0x0508,
    0x0805, 0x0805, 0x0805, 0x0105, 0x0802, 0x0808, 0x0508, 0x0001, 0x0805, 0x0808, 0x0808, 0x0001,
    0x0808, 0x0808, 0x0805, 0x0105, 0x0808, 0x0808, 0x0101, 0x0701, 0x0805, 0x0805, 0x0701, 0x0707,
    0x0808, 0x0808, 0x0701, 0x0007, 0x0508, 0x0508, 0x0001, 0x0000, 0x0805, 0x0105, 0x0007, 0x0000,
    0x0000, 0x0000, 0x0000, 0x0000, 0x0000, 0x0000, 0x0000, 0x0000, 0x0007, 0x0000, 0x0000, 0x0000,
    0x0007, 0x0000, 0x0000, 0x0000, 0x0000, 0x0000, 0x0000, 0x0000, 0x0000, 0x0000, 0x0000, 0x0000,
    0x0000, 0x0000, 0x0000, 0x0000, 0x0000, 0x0000, 0x0000, 0x0000, 0x1200, 0x1114, 0x1411, 0x1114,
    0x1100, 0x1414, 0x1111, 0x1414, 0x0000, 0x1211, 0x1112, 0x1212, 0x0000, 0x1211, 0x1112, 0x1212,
    0x0000, 0x1100, 0x1111, 0x1212, 0x0000, 0x0000, 0x1100, 0x1212, 0x0000, 0x0000, 0x0000, 0x1111,
    0x0000, 0x0000, 0x0000, 0x0000, 0x1411, 0x1114, 0x1411, 0x0014, 0x1211, 0x1112, 0x1414, 0x0012,
    0x1211, 0x1112, 0x1212, 0x0000, 0x1211, 0x1112, 0x1212, 0x0000, 0x1211, 0x1112, 0x1111, 0x0000,
    0x1111, 0x0011, 0x0000, 0x0000, 0x0000, 0x0000, 0x0000, 0x0000, 0x0000, 0x0000, 0x0000, 0x0000,
    0x0010, 0x0010, 0x0010, 0x0010, 0x1000, 0x1000, 0x1000, 0x1000, 0x0010, 0x0010, 0x0010, 0x0010,
    0x1000, 0x1000, 0x1000, 0x1000, 0x0010, 0x0010, 0x0010, 0x0010, 0x1000, 0x1000, 0x1000, 0x1000,
    0x0010, 0x0010, 0x0010, 0x0010, 0x1000, 0x1000, 0x1000, 0x1000, 0x0010, 0x0010, 0x0010, 0x0010,
    0x1000, 0x1000, 0x1000, 0x1000, 0x0010, 0x0010, 0x0010, 0x0010, 0x1000, 0x1000, 0x1000, 0x1000,
    0x0010, 0x0010, 0x0010, 0x0010, 0x1000, 0x1000, 0x1000, 0x1000, 0x0010, 0x0010, 0x0010, 0x0010,
    0x1000, 0x1000, 0x1000, 0x1000, 0x0000, 0x0000, 0x0000, 0x0000, 0x0000, 0x0000, 0x0000, 0x0000,
    0x0000, 0x0000, 0x0000, 0x0000, 0x0000, 0x1412, 0x0000, 0x0000, 0x1200, 0x1212, 0x1414, 0x0000,
    0x1200, 0x1212, 0x0012, 0x0000, 0x0000, 0x0000, 0x0000, 0x0000, 0x0000, 0x0000, 0x0000, 0x0000,
    0x0000, 0x0000, 0x0000, 0x0000, 0x0000, 0x0000, 0x0000, 0x0000, 0x0000, 0x1200, 0x0000, 0x0000,
    0x1200, 0x1212, 0x0012, 0x0000, 0x1200, 0x1212, 0x1212, 0x0000, 0x1400, 0x1214, 0x0012, 0x0000,
    0x1400, 0x1414, 0x0000, 0x0000, 0x0000, 0x0000, 0x0000, 0x0000, 0x0A07, 0x0A0A, 0x0A0A, 0x0A0A,
    0x0A07, 0x0A0A, 0x0A0A, 0x0A0A, 0x0700, 0x0A0A, 0x0A0A, 0x0A0A, 0x0000, 0x0707, 0x0707, 0x0707,
    0x0000, 0x0200, 0x0202, 0x0202, 0x0000, 0x0000, 0x0000, 0x0000, 0x0000, 0x0000, 0x0000, 0x0000,
    0x0000, 0x0000, 0x0000, 0x0000, 0x0A0A, 0x0A0A, 0x0A0A, 0x0213, 0x0A0A, 0x0A0A, 0x0A0A, 0x0213,
    0x0A0A, 0x0A0A, 0x130A, 0x0202, 0x0707, 0x0A0A, 0x0213, 0x0002, 0x0202, 0x0A07, 0x0213, 0x0000,
    0x0000, 0x1300, 0x0213, 0x0000, 0x0000, 0x0000, 0x0202, 0x0000, 0x0000, 0x0000, 0x0000, 0x0000,
    0x0909, 0x0909, 0x0909, 0x0909, 0x0909, 0x0909, 0x0909, 0x0909, 0x0909, 0x0909, 0x0909, 0x0909,
    0x0909, 0x0909, 0x0909, 0x0909, 0x0909, 0x0909, 0x0909, 0x0909, 0x0909, 0x0909, 0x0909, 0x0909,
    0x0909, 0x0909, 0x0909, 0x0909, 0x0909, 0x0909, 0x0909, 0x0909, 0x0909, 0x0909, 0x0909, 0x0909,
    0x0909, 0x0909, 0x0909, 0x0909, 0x0909, 0x0909, 0x0909, 0x0909, 0x0909, 0x0909, 0x0909, 0x0909,
    0x0909, 0x0909, 0x0909, 0x0909, 0x0909, 0x0909, 0x0909, 0x0909, 0x0909, 0x0909, 0x0909, 0x0909,
    0x0909, 0x0909, 0x0909, 0x0909, 0x0909, 0x0909, 0x0909, 0x0909, 0x0909, 0x0909, 0x0909, 0x0909,
    0x0909, 0x0909, 0x0909, 0x0909, 0x0909, 0x0909, 0x0909, 0x0909, 0x0909, 0x0909, 0x0909, 0x0909,
    0x0909, 0x0909, 0x0909, 0x0909, 0x0909, 0x0909, 0x0909, 0x0909, 0x0909, 0x0909, 0x0909, 0x0909,
    0x0909, 0x0909, 0x0909, 0x0909, 0x0909, 0x0909, 0x0909, 0x0909, 0x0909, 0x0909, 0x0909, 0x0909,
    0x0909, 0x0909, 0x0909, 0x0909, 0x0909, 0x0909, 0x0909, 0x0909, 0x0909, 0x0909, 0x0909, 0x0909,
    0x0909, 0x0909, 0x0909, 0x0909, 0x0909, 0x0909, 0x0909, 0x0909, 0x0909, 0x0909, 0x0909, 0x0909,
    0x0909, 0x0909, 0x0909, 0x0909, 0x0909, 0x0909, 0x0909, 0x0909, 0x0909, 0x0909, 0x0909, 0x0909,
    0x0909, 0x0909, 0x0909, 0x0909, 0x0909, 0x0909, 0x0909, 0x0909, 0x0909, 0x0909, 0x0909, 0x0909,
    0x0909, 0x0909, 0x0909, 0x0909, 0x0909, 0x0909, 0x0909, 0x0909, 0x0909, 0x0909, 0x0909, 0x0909,
    0x0909, 0x0909, 0x0909, 0x0909, 0x0909, 0x0909, 0x0909, 0x0909, 0x0909, 0x0909, 0x0909, 0x0909,
    0x0909, 0x0909, 0x0909, 0x0909, 0x0909, 0x0909, 0x0909, 0x0909, 0x0909, 0x0909, 0x0909, 0x0909,
    0x0909, 0x0909, 0x0909, 0x0909, 0x0909, 0x0909, 0x0909, 0x0909, 0x0909, 0x0909, 0x0909, 0x0909,
    0x0909, 0x0909, 0x0909, 0x0909, 0x0909, 0x0909, 0x0909, 0x0909, 0x0909, 0x0909, 0x0909, 0x0909,
    0x0909, 0x0909, 0x0909, 0x0909, 0x0909, 0x0909, 0x0909, 0x0909, 0x0909, 0x0909, 0x0909, 0x0909,
    0x0909, 0x0909, 0x0909, 0x0909, 0x0909, 0x0909, 0x0909, 0x0909, 0x0909, 0x0909, 0x0909, 0x0909,
    0x0909, 0x0909, 0x0909, 0x0909, 0x0909, 0x0909, 0x0909, 0x0909, 0x0909, 0x0909, 0x0909, 0x0909,
    0x0909, 0x0909, 0x0909, 0x0909, 0x0909, 0x0909, 0x0909, 0x0909, 0x0909, 0x0909, 0x0909, 0x0909,
    0x0909, 0x0909, 0x0909, 0x0909, 0x0909, 0x0909, 0x0909, 0x0909, 0x0909, 0x0909, 0x0909, 0x0909,
    0x0909, 0x0909, 0x0909, 0x0909, 0x0909, 0x0909, 0x0909, 0x0909, 0x0909, 0x0909, 0x0909, 0x0909,
    0x0909, 0x0909, 0x0909, 0x0909, 0x0909, 0x0909, 0x0909, 0x0909, 0x0909, 0x0909, 0x0909, 0x0909,
    0x0909, 0x0909, 0x0909, 0x0909, 0x0909, 0x0909, 0x0909, 0x0909, 0x0909, 0x0909, 0x0909, 0x0909,
    0x0909, 0x0909, 0x0909, 0x0909, 0x0909, 0x0909, 0x0909, 0x0909, 0x0909, 0x0909, 0x0909, 0x0909,
    0x0909, 0x0909, 0x0909, 0x0909, 0x0909, 0x0909, 0x0909, 0x0909, 0x0909, 0x0909, 0x0909, 0x0909,
    0x0909, 0x0909, 0x0909, 0x0909, 0x0909, 0x0909, 0x0909, 0x0909, 0x0909, 0x0909, 0x0909, 0x0909,
    0x0909, 0x0909, 0x0909, 0x0909, 0x0909, 0x0909, 0x0909, 0x0909, 0x0909, 0x0909, 0x0909, 0x0909,
    0x0909, 0x0909, 0x0909, 0x0909, 0x0909, 0x0909, 0x0909, 0x0909, 0x0909, 0x0909, 0x0909, 0x0909,
    0x0909, 0x0909, 0x0909, 0x0909, 0x0909, 0x0909, 0x0909, 0x0909, 0x0909, 0x0909, 0x0909, 0x0909,
    0x0909, 0x0909, 0x0909, 0x0909, 0x0909, 0x0909, 0x0909, 0x0909, 0x0909, 0x0909, 0x0909, 0x0909,
    0x0909, 0x0909, 0x0909, 0x0909, 0x0909, 0x0909, 0x0909, 0x0909, 0x0909, 0x0909, 0x0909, 0x0909,
    0x0909, 0x0909, 0x0909, 0x0909, 0x0909, 0x0909, 0x0909, 0x0909, 0x0909, 0x0909, 0x0909, 0x0909,
    0x0909, 0x0909, 0x0909, 0x0909, 0x0909, 0x0909, 0x0909, 0x0909, 0x0909, 0x0909, 0x0909, 0x0909,
    0x0909, 0x0909, 0x0909, 0x0909, 0x0909, 0x0909, 0x0909, 0x0909, 0x0909, 0x0909, 0x0909, 0x0909,
    0x0909, 0x0909, 0x0909, 0x0909, 0x0000, 0x0000, 0x0000, 0x0000, 0x0000, 0x0000, 0x0000, 0x0000,
    0x0600, 0x0606, 0x0606, 0x0006, 0x0206, 0x1515, 0x1515, 0x0602, 0x1506, 0x0615, 0x1506, 0x0615,
    0x1506, 0x0615, 0x1506, 0x0615, 0x1506, 0x0615, 0x0606, 0x0606, 0x1506, 0x0615, 0x0606, 0x0606,
    0x0000, 0x0000, 0x0000, 0x0000, 0x0000, 0x0000, 0x0000, 0x0000, 0x0000, 0x0000, 0x0000, 0x0000,
    0x0000, 0x0000, 0x0000, 0x0000, 0x0000, 0x0000, 0x0000, 0x0000, 0x0000, 0x0000, 0x0000, 0x0000,
    0x0606, 0x0606, 0x0606, 0x0000, 0x1502, 0x1515, 0x0215, 0x0006, 0x0909, 0x0909, 0x0909, 0x0909,
    0x0909, 0x0909, 0x0909, 0x0909, 0x0909, 0x0909, 0x0909, 0x0909, 0x0909, 0x0909, 0x0909, 0x0909,
    0x0909, 0x0909, 0x0909, 0x0909, 0x0909, 0x0909, 0x0909, 0x0909, 0x0909, 0x0909, 0x0909, 0x0909,
    0x0909, 0x0909, 0x0909, 0x0909, 0x0909, 0x0909, 0x0909, 0x0909, 0x0909, 0x0909, 0x0909, 0x0909,
    0x0909, 0x0909, 0x0909, 0x0909, 0x0909, 0x0909, 0x0909, 0x0909, 0x0909, 0x0909, 0x0909, 0x0909,
    0x0909, 0x0909, 0x0909, 0x0909, 0x0909, 0x0909, 0x0909, 0x0909, 0x0909, 0x0909, 0x0909, 0x0909,
    0x0909, 0x0909, 0x0909, 0x0909, 0x0909, 0x0909, 0x0909, 0x0909, 0x0909, 0x0909, 0x0909, 0x0909,
    0x0909, 0x0909, 0x0909, 0x0909, 0x0909, 0x0909, 0x0909, 0x0909, 0x0909, 0x0909, 0x0909, 0x0909,
    0x0909, 0x0909, 0x0909, 0x0909, 0x0909, 0x0909, 0x0909, 0x0909, 0x0909, 0x0909, 0x0909, 0x0909,
    0x0909, 0x0909, 0x0909, 0x0909, 0x0909, 0x0909, 0x0909, 0x0909, 0x0909, 0x0909, 0x0909, 0x0909,
    0x0909, 0x0909, 0x0909, 0x0909, 0x0909, 0x0909, 0x0909, 0x0909, 0x0909, 0x0909, 0x0909, 0x0909,
    0x0909, 0x0909, 0x0909, 0x0909, 0x0909, 0x0909, 0x0909, 0x0909, 0x0909, 0x0909, 0x0909, 0x0909,
    0x0909, 0x0909, 0x0909, 0x0909, 0x0909, 0x0909, 0x0909, 0x0909, 0x0909, 0x0909, 0x0909, 0x0909,
    0x0909, 0x0909, 0x0909, 0x0909, 0x0909, 0x0909, 0x0909, 0x0909, 0x0909, 0x0909, 0x0909, 0x0909,
    0x0909, 0x0909, 0x0909, 0x0909, 0x0909, 0x0909, 0x0909, 0x0909, 0x0909, 0x0909, 0x0909, 0x0909,
    0x0909, 0x0909, 0x0909, 0x0909, 0x0909, 0x0909, 0x0909, 0x0909, 0x0909, 0x0909, 0x0909, 0x0909,
    0x0909, 0x0909, 0x0909, 0x0909, 0x0909, 0x0909, 0x0909, 0x0909, 0x0909, 0x0909, 0x0909, 0x0909,
    0x0909, 0x0909, 0x0909, 0x0909, 0x0909, 0x0909, 0x0909, 0x0909, 0x0909, 0x0909, 0x0909, 0x0909,
    0x0909, 0x0909, 0x0909, 0x0909, 0x0909, 0x0909, 0x0909, 0x0909, 0x0909, 0x0909, 0x0909, 0x0909,
    0x0909, 0x0909, 0x0909, 0x0909, 0x0909, 0x0909, 0x0909, 0x0909, 0x0909, 0x0909, 0x0909, 0x0909,
    0x0909, 0x0909, 0x0909, 0x0909, 0x0909, 0x0909, 0x0909, 0x0909, 0x0909, 0x0909, 0x0909, 0x0909,
    0x0909, 0x0909, 0x0909, 0x0909, 0x0909, 0x0909, 0x0909, 0x0909, 0x0909, 0x0909, 0x0909, 0x0909,
    0x0909, 0x0909, 0x0909, 0x0909, 0x0909, 0x0909, 0x0909, 0x0909, 0x0909, 0x0909, 0x0909, 0x0909,
    0x0909, 0x0909, 0x0909, 0x0909, 0x0909, 0x0909, 0x0909, 0x0909, 0x0909, 0x0909, 0x0909, 0x0909,
    0x0909, 0x0909, 0x0909, 0x0909, 0x0909, 0x0909, 0x0909, 0x0909, 0x0909, 0x0909, 0x0909, 0x0909,
    0x0909, 0x0909, 0x0909, 0x0909, 0x0909, 0x0909, 0x0909, 0x0909, 0x0909, 0x0909, 0x0909, 0x0909,
    0x0909, 0x0909, 0x0909, 0x0909, 0x0909, 0x0909, 0x0909, 0x0909, 0x0909, 0x0909, 0x0909, 0x0909,
    0x0909, 0x0909, 0x0909, 0x0909, 0x0909, 0x0909, 0x0909, 0x0909, 0x0909, 0x0909, 0x0909, 0x0909,
    0x0909, 0x0909, 0x0909, 0x0909, 0x0909, 0x0909, 0x0909, 0x0909, 0x0909, 0x0909, 0x0909, 0x0909,
    0x0909, 0x0909, 0x0909, 0x0909, 0x0909, 0x0909, 0x0909, 0x0909, 0x0909, 0x0909, 0x0909, 0x0909,
    0x0909, 0x0909, 0x0909, 0x0909, 0x0909, 0x0909, 0x0909, 0x0909, 0x0909, 0x0909, 0x0909, 0x0909,
    0x0909, 0x0909, 0x0909, 0x0909, 0x0909, 0x0909, 0x0909, 0x0909, 0x0909, 0x0909, 0x0909, 0x0909,
    0x0909, 0x0909, 0x0909, 0x0909, 0x0909, 0x0909, 0x0909, 0x0909, 0x0909, 0x0909, 0x0909, 0x0909,
    0x0909, 0x0909, 0x0909, 0x0909, 0x0909, 0x0909, 0x0909, 0x0909, 0x0909, 0x0909, 0x0909, 0x0909,
    0x0909, 0x0909, 0x0909, 0x0909, 0x0909, 0x0909, 0x0909, 0x0909, 0x0909, 0x0909, 0x0909, 0x0909,
    0x0909, 0x0909, 0x0909, 0x0909, 0x0909, 0x0909, 0x0909, 0x0909, 0x0909, 0x0909, 0x0909, 0x0909,
    0x0909, 0x0909, 0x0909, 0x0909, 0x0909, 0x0909, 0x0909, 0x0909, 0x0909, 0x0909, 0x0909, 0x0909,
    0x0909, 0x0909, 0x0909, 0x0909, 0x0909, 0x0909, 0x0909, 0x0909, 0x0909, 0x0909, 0x0909, 0x0909,
    0x1506, 0x0615, 0x1515, 0x0615, 0x1602, 0x0216, 0x1602, 0x0216, 0x1506, 0x0615, 0x1506, 0x0615,
    0x1506, 0x0615, 0x1506, 0x0615, 0x0206, 0x1515, 0x1515, 0x0602, 0x0600, 0x0606, 0x0606, 0x0606,
    0x0000, 0x0202, 0x0202, 0x0202, 0x0000, 0x0000, 0x0000, 0x0000, 0x1515, 0x0606, 0x1515, 0x0206,
    0x1616, 0x0202, 0x1616, 0x0202, 0x1515, 0x0606, 0x1515, 0x0206, 0x1515, 0x0606, 0x1515, 0x0206,
    0x1515, 0x0606, 0x1515, 0x0206, 0x1502, 0x1515, 0x0215, 0x0206, 0x0606, 0x0606, 0x0606, 0x0202,
    0x0200, 0x0202, 0x0202, 0x0002, 0x0909, 0x0909, 0x0909, 0x0909, 0x0909, 0x0909, 0x0909, 0x0909,
    0x0909, 0x0909, 0x0909, 0x0909, 0x0909, 0x0909, 0x0909, 0x0909, 0x0909, 0x0909, 0x0909, 0x0909,
    0x0909, 0x0909, 0x0909, 0x0909, 0x0909, 0x0909, 0x0909, 0x0909, 0x0909, 0x0909, 0x0909, 0x0909,
    0x0909, 0x0909, 0x0909, 0x0909, 0x0909, 0x0909, 0x0909, 0x0909, 0x0909, 0x0909, 0x0909, 0x0909,
    0x0909, 0x0909, 0x0909, 0x0909, 0x0909, 0x0909, 0x0909, 0x0909, 0x0909, 0x0909, 0x0909, 0x0909,
    0x0909, 0x0909, 0x0909, 0x0909, 0x0909, 0x0909, 0x0909, 0x0909, 0x0909, 0x0909, 0x0909, 0x0909,
    0x0909, 0x0909, 0x0909, 0x0909, 0x0909, 0x0909, 0x0909, 0x0909, 0x0909, 0x0909, 0x0909, 0x0909,
    0x0909, 0x0909, 0x0909, 0x0909, 0x0909, 0x0909, 0x0909, 0x0909, 0x0909, 0x0909, 0x0909, 0x0909,
    0x0909, 0x0909, 0x0909, 0x0909, 0x0909, 0x0909, 0x0909, 0x0909, 0x0909, 0x0909, 0x0909, 0x0909,
    0x0909, 0x0909, 0x0909, 0x0909, 0x0909, 0x0909, 0x0909, 0x0909, 0x0909, 0x0909, 0x0909, 0x0909,
    0x0909, 0x0909, 0x0909, 0x0909, 0x0909, 0x0909, 0x0909, 0x0909, 0x0909, 0x0909, 0x0909, 0x0909,
    0x0909, 0x0909, 0x0909, 0x0909, 0x0909, 0x0909, 0x0909, 0x0909, 0x0909, 0x0909, 0x0909, 0x0909,
    0x0909, 0x0909, 0x0909, 0x0909, 0x0909, 0x0909, 0x0909, 0x0909, 0x0909, 0x0909, 0x0909, 0x0909,
    0x0909, 0x0909, 0x0909, 0x0909, 0x0909, 0x0909, 0x0909, 0x0909, 0x0909, 0x0909, 0x0909, 0x0909,
    0x0909, 0x0909, 0x0909, 0x0909, 0x0909, 0x0909, 0x0909, 0x0909, 0x0909, 0x0909, 0x0909, 0x0909,
    0x0909, 0x0909, 0x0909, 0x0909, 0x0909, 0x0909, 0x0909, 0x0909, 0x0909, 0x0909, 0x0909, 0x0909,
    0x0909, 0x0909, 0x0909, 0x0909, 0x0909, 0x0909, 0x0909, 0x0909, 0x0909, 0x0909, 0x0909, 0x0909,
    0x0909, 0x0909, 0x0909, 0x0909, 0x0909, 0x0909, 0x0909, 0x0909, 0x0909, 0x0909, 0x0909, 0x0909,
    0x0909, 0x0909, 0x0909, 0x0909, 0x0909, 0x0909, 0x0909, 0x0909, 0x0909, 0x0909, 0x0909, 0x0909,
    0x0909, 0x0909, 0x0909, 0x0909, 0x0909, 0x0909, 0x0909, 0x0909, 0x0909, 0x0909, 0x0909, 0x0909,
    0x0909, 0x0909, 0x0909, 0x0909, 0x0909, 0x0909, 0x0909, 0x0909, 0x0909, 0x0909, 0x0909, 0x0909,
    0x0909, 0x0909, 0x0909, 0x0909, 0x0909, 0x0909, 0x0909, 0x0909, 0x0909, 0x0909, 0x0909, 0x0909,
    0x0909, 0x0909, 0x0909, 0x0909, 0x0909, 0x0909, 0x0909, 0x0909, 0x0909, 0x0909, 0x0909, 0x0909,
    0x0909, 0x0909, 0x0909, 0x0909, 0x0909, 0x0909, 0x0909, 0x0909, 0x0909, 0x0909, 0x0909, 0x0909,
    0x0909, 0x0909, 0x0909, 0x0909, 0x0909, 0x0909, 0x0909, 0x0909, 0x0909, 0x0909, 0x0909, 0x0909,
    0x0909, 0x0909, 0x0909, 0x0909, 0x0909, 0x0909, 0x0909, 0x0909, 0x0909, 0x0909, 0x0909, 0x0909,
    0x0909, 0x0909, 0x0909, 0x0909, 0x0909, 0x0909, 0x0909, 0x0909, 0x0909, 0x0909, 0x0909, 0x0909,
    0x0909, 0x0909, 0x0909, 0x0909, 0x0909, 0x0909, 0x0909, 0x0909, 0x0909, 0x0909, 0x0909, 0x0909,
    0x0909, 0x0909, 0x0909, 0x0909, 0x0909, 0x0909, 0x0909, 0x0909, 0x0909, 0x0909, 0x0909, 0x0909,
    0x0909, 0x0909, 0x0909, 0x0909, 0x0909, 0x0909, 0x0909, 0x0909, 0x0909, 0x0909, 0x0909, 0x0909,
    0x0909, 0x0909, 0x0909, 0x0909, 0x0909, 0x0909, 0x0909, 0x0909, 0x0909, 0x0909, 0x0909, 0x0909,
    0x0909, 0x0909, 0x0909, 0x0909, 0x0909, 0x0909, 0x0909, 0x0909, 0x0909, 0x0909, 0x0909, 0x0909,
    0x0909, 0x0909, 0x0909, 0x0909, 0x0909, 0x0909, 0x0909, 0x0909, 0x0909, 0x0909, 0x0909, 0x0909,
    0x0909, 0x0909, 0x0909, 0x0909, 0x0909, 0x0909, 0x0909, 0x0909, 0x0909, 0x0909, 0x0909, 0x0909,
    0x0909, 0x0909, 0x0909, 0x0909, 0x0909, 0x0909, 0x0909, 0x0909, 0x0909, 0x0909, 0x0909, 0x0909,
    0x0909, 0x0909, 0x0909, 0x0909, 0x0909, 0x0909, 0x0909, 0x0909, 0x0909, 0x0909, 0x0909, 0x0909,
    0x0909, 0x0909, 0x0909, 0x0909, 0x0909, 0x0909, 0x0909, 0x0909, 0x0909, 0x0909, 0x0909, 0x0909,
    0x0909, 0x0909, 0x0909, 0x0909, 0x0909, 0x0909, 0x0909, 0x0909, 0x0909, 0x0909, 0x0909, 0x0909,
    0x0909, 0x0909, 0x0909, 0x0909, 0x0909, 0x0909, 0x0909, 0x0909, 0x0909, 0x0909, 0x0909, 0x0909,
    0x0909, 0x0909, 0x0909, 0x0909, 0x0909, 0x0909, 0x0909, 0x0909, 0x0909, 0x0909, 0x0909, 0x0909,
    0x0909, 0x0909, 0x0909, 0x0909, 0x0909, 0x0909, 0x0909, 0x0909, 0x0909, 0x0909, 0x0909, 0x0909,
    0x0909, 0x0909, 0x0909, 0x0909, 0x0909, 0x0909, 0x0909, 0x0909, 0x0909, 0x0909, 0x0909, 0x0909,
    0x0909, 0x0909, 0x0909, 0x0909, 0x0909, 0x0909, 0x0909, 0x0909, 0x0909, 0x0909, 0x0909, 0x0909,
    0x0909, 0x0909, 0x0909, 0x0909, 0x0909, 0x0909, 0x0909, 0x0909, 0x0909, 0x0909, 0x0909, 0x0909,
    0x0909, 0x0909, 0x0909, 0x0909, 0x0909, 0x0909, 0x0909, 0x0909, 0x0909, 0x0909, 0x0909, 0x0909,
    0x0909, 0x0909, 0x0909, 0x0909, 0x0909, 0x0909, 0x0909, 0x0909, 0x0909, 0x0909, 0x0909, 0x0909,
    0x0909, 0x0909, 0x0909, 0x0909, 0x0909, 0x0909, 0x0909, 0x0909, 0x0909, 0x0909, 0x0909, 0x0909,
    0x0909, 0x0909, 0x0909, 0x0909, 0x0909, 0x0909, 0x0909, 0x0909, 0x0909, 0x0909, 0x0909, 0x0909,
    0x0909, 0x0909, 0x0909, 0x0909, 0x0909, 0x0909, 0x0909, 0x0909, 0x0909, 0x0909, 0x0909, 0x0909,
    0x0909, 0x0909, 0x0909, 0x0909, 0x0909, 0x0909, 0x0909, 0x0909, 0x0909, 0x0909, 0x0909, 0x0909,
    0x0909, 0x0909, 0x0909, 0x0909, 0x0909, 0x0909, 0x0909, 0x0909, 0x0909, 0x0909, 0x0909, 0x0909,
    0x0909, 0x0909, 0x0909, 0x0909, 0x0909, 0x0909, 0x0909, 0x0909, 0x0909, 0x0909, 0x0909, 0x0909,
    0x0909, 0x0909, 0x0909, 0x0909, 0x0909, 0x0909, 0x0909, 0x0909, 0x0909, 0x0909, 0x0909, 0x0909,
    0x0909, 0x0909, 0x0909, 0x0909, 0x0909, 0x0909, 0x0909, 0x0909, 0x0909, 0x0909, 0x0909, 0x0909,
    0x0909, 0x0909, 0x0909, 0x0909, 0x0909, 0x0909, 0x0909, 0x0909, 0x0909, 0x0909, 0x0909, 0x0909,
    0x0909, 0x0909, 0x0909, 0x0909, 0x0909, 0x0909, 0x0909, 0x0909, 0x0909, 0x0909, 0x0909, 0x0909,
    0x0909, 0x0909, 0x0909, 0x0909, 0x0909, 0x0909, 0x0909, 0x0909, 0x0909, 0x0909, 0x0909, 0x0909,
    0x0909, 0x0909, 0x0909, 0x0909, 0x0909, 0x0909, 0x0909, 0x0909, 0x0909, 0x0909, 0x0909, 0x0909,
    0x0909, 0x0909, 0x0909, 0x0909, 0x0909, 0x0909, 0x0909, 0x0909, 0x0909, 0x0909, 0x0909, 0x0909,
    0x0909, 0x0909, 0x0909, 0x0909, 0x0909, 0x0909, 0x0909, 0x0909, 0x0909, 0x0909, 0x0909, 0x0909,
    0x0909, 0x0909, 0x0909, 0x0909, 0x0909, 0x0909, 0x0909, 0x0909, 0x0909, 0x0909, 0x0909, 0x0909,
    0x0909, 0x0909, 0x0909, 0x0909, 0x0909, 0x0909, 0x0909, 0x0909, 0x0909, 0x0909, 0x0909, 0x0909,
    0x0909, 0x0909, 0x0909, 0x0909, 0x0909, 0x0909, 0x0909, 0x0909, 0x0909, 0x0909, 0x0909, 0x0909,
    0x0909, 0x0909, 0x0909, 0x0909, 0x0909, 0x0909, 0x0909, 0x0909, 0x0909, 0x0909, 0x0909, 0x0909,
    0x0909, 0x0909, 0x0909, 0x0909, 0x0909, 0x0909, 0x0909, 0x0909, 0x0909, 0x0909, 0x0909, 0x0909,
    0x0909, 0x0909, 0x0909, 0x0909, 0x0909, 0x0909, 0x0909, 0x0909, 0x0909, 0x0909, 0x0909, 0x0909,
    0x0909, 0x0909, 0x0909, 0x0909, 0x0909, 0x0909, 0x0909, 0x0909, 0x0909, 0x0909, 0x0909, 0x0909,
    0x0909, 0x0909, 0x0909, 0x0909, 0x0909, 0x0909, 0x0909, 0x0909, 0x0909, 0x0909, 0x0909, 0x0909,
    0x0909, 0x0909, 0x0909, 0x0909, 0x0909, 0x0909, 0x0909, 0x0909, 0x0909, 0x0909, 0x0909, 0x0909,
    0x0909, 0x0909, 0x0909, 0x0909, 0x0909, 0x0909, 0x0909, 0x0909, 0x0909, 0x0909, 0x0909, 0x0909,
    0x0909, 0x0909, 0x0909, 0x0909, 0x0909, 0x0909, 0x0909, 0x0909, 0x0909, 0x0909, 0x0909, 0x0909,
    0x0909, 0x0909, 0x0909, 0x0909, 0x0909, 0x0909, 0x0909, 0x0909, 0x0909, 0x0909, 0x0909, 0x0909,
    0x0909, 0x0909, 0x0909, 0x0909, 0x0909, 0x0909, 0x0909, 0x0909, 0x0909, 0x0909, 0x0909, 0x0909,
    0x0909, 0x0909, 0x0909, 0x0909, 0x0909, 0x0909, 0x0909, 0x0909, 0x0909, 0x0909, 0x0909, 0x0909,
    0x0909, 0x0909, 0x0909, 0x0909, 0x0909, 0x0909, 0x0909, 0x0909, 0x0909, 0x0909, 0x0909, 0x0909,
    0x0909, 0x0909, 0x0909, 0x0909, 0x0909, 0x0909, 0x0909, 0x0909, 0x0909, 0x0909, 0x0909, 0x0909,
    0x0909, 0x0909, 0x0909, 0x0909, 0x0909, 0x0909, 0x0909, 0x0909, 0x0909, 0x0909, 0x0909, 0x0909,
    0x0909, 0x0909, 0x0909, 0x0909, 0x0909, 0x0909, 0x0909, 0x0909, 0x0909, 0x0909, 0x0909, 0x0909,
    0x0909, 0x0909, 0x0909, 0x0909, 0x0909, 0x0909, 0x0909, 0x0909, 0x0909, 0x0909, 0x0909, 0x0909,
    0x0909, 0x0909, 0x0909, 0x0909, 0x0909, 0x0909, 0x0909, 0x0909, 0x0909, 0x0909, 0x0909, 0x0909,
    0x0909, 0x0909, 0x0909, 0x0909, 0x0909, 0x0909, 0x0909, 0x0909, 0x0909, 0x0909, 0x0909, 0x0909,
    0x0909, 0x0909, 0x0909, 0x0909, 0x0909, 0x0909, 0x0909, 0x0909, 0x0909, 0x0909, 0x0909, 0x0909,
    0x0909, 0x0909, 0x0909, 0x0909, 0x0909, 0x0909, 0x0909, 0x0909, 0x0909, 0x0909, 0x0909, 0x0909,
    0x0909, 0x0909, 0x0909, 0x0909, 0x0909, 0x0909, 0x0909, 0x0909, 0x0909, 0x0909, 0x0909, 0x0909,
    0x0909, 0x0909, 0x0909, 0x0909, 0x0909, 0x0909, 0x0909, 0x0909, 0x0909, 0x0909, 0x0909, 0x0909,
    0x0909, 0x0909, 0x0909, 0x0909, 0x0909, 0x0909, 0x0909, 0x0909, 0x1111, 0x1111, 0x1111, 0x1111,
    0x1111, 0x1111, 0x1111, 0x1111, 0x1111, 0x1111, 0x1111, 0x1111, 0x1111, 0x1111, 0x1111, 0x1111,
    0x1111, 0x1111, 0x1111, 0x1111, 0x1111, 0x1111, 0x1111, 0x1111, 0x1111, 0x1111, 0x1111, 0x1111,
    0x1111, 0x1111, 0x1111, 0x1111, 0x1111, 0x1111, 0x1111, 0x1111, 0x1111, 0x1111, 0x1111, 0x1111,
    0x1111, 0x1111, 0x1111, 0x1111, 0x1111, 0x1111, 0x1111, 0x1111, 0x1111, 0x1111, 0x1111, 0x1111,
    0x1111, 0x1111, 0x1111, 0x1111, 0x1111, 0x1111, 0x1111, 0x1111, 0x1111, 0x1111, 0x1111, 0x1111,
    0x1111, 0x1111, 0x1111, 0x1111, 0x1111, 0x1111, 0x1111, 0x1111, 0x1111, 0x1111, 0x1111, 0x1111,
    0x1111, 0x1111, 0x1111, 0x1111, 0x1111, 0x1111, 0x1111, 0x1111, 0x1111, 0x1111, 0x1111, 0x1111,
    0x1111, 0x1111, 0x1111, 0x1111, 0x1111, 0x1111, 0x1111, 0x1111, 0x1111, 0x1111, 0x1111, 0x1111,
    0x1111, 0x1111, 0x1111, 0x1111, 0x1111, 0x1111, 0x1111, 0x1111, 0x1111, 0x1111, 0x1111, 0x1111,
    0x1111, 0x1111, 0x1111, 0x1111, 0x1111, 0x1111, 0x1111, 0x1111, 0x1111, 0x1111, 0x1111, 0x1111,
    0x1111, 0x1111, 0x1111, 0x1111, 0x1111, 0x1111, 0x1111, 0x1111, 0x1111, 0x1111, 0x1111, 0x1111,
    0x1111, 0x1111, 0x1111, 0x1111, 0x1111, 0x1111, 0x1111, 0x1111, 0x1111, 0x1111, 0x1111, 0x1111,
    0x1111, 0x1111, 0x1111, 0x1111, 0x1111, 0x1111, 0x1111, 0x1111, 0x1111, 0x1111, 0x1111, 0x1111,
    0x1111, 0x1111, 0x1111, 0x1111, 0x1111, 0x1111, 0x1111, 0x1111, 0x1111, 0x1111, 0x1111, 0x1111,
    0x1111, 0x1111, 0x1111, 0x1111, 0x1111, 0x1111, 0x1111, 0x1111, 0x1111, 0x1111, 0x1111, 0x1111,
    0x1111, 0x1111, 0x1111, 0x1111, 0x1111, 0x1111, 0x1111, 0x1111, 0x1111, 0x1111, 0x1111, 0x1111,
    0x1111, 0x1111, 0x1111, 0x1111, 0x1111, 0x1111, 0x1111, 0x1111, 0x1111, 0x1111, 0x1111, 0x1111,
    0x1111, 0x1111, 0x1111, 0x1111, 0x1111, 0x1111, 0x1111, 0x1111, 0x1111, 0x1111, 0x1111, 0x1111,
    0x1111, 0x1111, 0x1111, 0x1111, 0x1111, 0x1111, 0x1111, 0x1111, 0x1111, 0x1111, 0x1111, 0x1111,
    0x1111, 0x1111, 0x1111, 0x1111, 0x1111, 0x1111, 0x1111, 0x1111, 0x1111, 0x1111, 0x1111, 0x1111,
    0x1111, 0x1111, 0x1111, 0x1111, 0x1111, 0x1111, 0x1111, 0x1111, 0x1111, 0x1111, 0x1111, 0x1111,
    0x1111, 0x1111, 0x1111, 0x1111, 0x1111, 0x1111, 0x1111, 0x1111, 0x1111, 0x1111, 0x1111, 0x1111,
    0x1111, 0x1111, 0x1111, 0x1111, 0x1111, 0x1111, 0x1111, 0x1111, 0x1111, 0x1111, 0x1111, 0x1111,
    0x1111, 0x1111, 0x1111, 0x1111, 0x1111, 0x1111, 0x1111, 0x1111, 0x1111, 0x1111, 0x1111, 0x1111,
    0x1111, 0x1111, 0x1111, 0x1111, 0x1111, 0x1111, 0x1111, 0x1111, 0x1111, 0x1111, 0x1111, 0x1111,
    0x1111, 0x1111, 0x1111, 0x1111, 0x1111, 0x1111, 0x1111, 0x1111, 0x1111, 0x1111, 0x1111, 0x1111,
    0x1111, 0x1111, 0x1111, 0x1111, 0x1111, 0x1111, 0x1111, 0x1111, 0x1111, 0x1111, 0x1111, 0x1111,
    0x1111, 0x1111, 0x1111, 0x1111, 0x1111, 0x1111, 0x1111, 0x1111, 0x1111, 0x1111, 0x1111, 0x1111,
    0x1111, 0x1111, 0x1111, 0x1111, 0x1111, 0x1111, 0x1111, 0x1111, 0x1111, 0x1111, 0x1111, 0x1111,
    0x1111, 0x1111, 0x1111, 0x1111, 0x1111, 0x1111, 0x1111, 0x1111, 0x1111, 0x1111, 0x1111, 0x1111,
    0x1111, 0x1111, 0x1111, 0x1111, 0x1111, 0x1111, 0x1111, 0x1111, 0x1111, 0x1111, 0x1111, 0x1111,
    0x1111, 0x1111, 0x1111, 0x1111, 0x1111, 0x1111, 0x1111, 0x1111, 0x1111, 0x1111, 0x1111, 0x1111,
    0x1111, 0x1111, 0x1111, 0x1111, 0x1111, 0x1111, 0x1111, 0x1111, 0x1111, 0x1111, 0x1111, 0x1111,
    0x1111, 0x1111, 0x1111, 0x1111, 0x1111, 0x1111, 0x1111, 0x1111, 0x1111, 0x1111, 0x1111, 0x1111,
    0x1111, 0x1111, 0x1111, 0x1111, 0x1111, 0x1111, 0x1111, 0x1111, 0x1111, 0x1111, 0x1111, 0x1111,
    0x1111, 0x1111, 0x1111, 0x1111, 0x1111, 0x1111, 0x1111, 0x1111, 0x1111, 0x1111, 0x1111, 0x1111,
    0x1111, 0x1111, 0x1111, 0x1111, 0x1111, 0x1111, 0x1111, 0x1111, 0x1111, 0x1111, 0x1111, 0x1111,
    0x1111, 0x1111, 0x1111, 0x1111, 0x1111, 0x1111, 0x1111, 0x1111, 0x1111, 0x1111, 0x1111, 0x1111,
    0x1111, 0x1111, 0x1111, 0x1111, 0x1111, 0x1111, 0x1111, 0x1111, 0x1111, 0x1111, 0x1111, 0x1111,
    0x1111, 0x1111, 0x1111, 0x1111, 0x1111, 0x1111, 0x1111, 0x1111, 0x1111, 0x1111, 0x1111, 0x1111,
    0x1111, 0x1111, 0x1111, 0x1111, 0x1111, 0x1111, 0x1111, 0x1111, 0x1111, 0x1111, 0x1111, 0x1111,
    0x1111, 0x1111, 0x1111, 0x1111, 0x1111, 0x1111, 0x1111, 0x1111, 0x1111, 0x1111, 0x1111, 0x1111,
    0x1111, 0x1111, 0x1111, 0x1111, 0x1111, 0x1111, 0x1111, 0x1111, 0x1111, 0x1111, 0x1111, 0x1111,
    0x1111, 0x1111, 0x1111, 0x1111, 0x1111, 0x1111, 0x1111, 0x1111, 0x1111, 0x1111, 0x1111, 0x1111,
    0x1111, 0x1111, 0x1111, 0x1111, 0x1111, 0x1111, 0x1111, 0x1111, 0x1111, 0x1111, 0x1111, 0x1111,
    0x1111, 0x1111, 0x1111, 0x1111, 0x1111, 0x1111, 0x1111, 0x1111, 0x1111, 0x1111, 0x1111, 0x1111,
    0x1111, 0x1111, 0x1111, 0x1111, 0x1111, 0x1111, 0x1111, 0x1111, 0x1111, 0x1111, 0x1111, 0x1111,
    0x1111, 0x1111, 0x1111, 0x1111, 0x1111, 0x1111, 0x1111, 0x1111, 0x1111, 0x1111, 0x1111, 0x1111,
    0x1111, 0x1111, 0x1111, 0x1111, 0x1111, 0x1111, 0x1111, 0x1111, 0x1111, 0x1111, 0x1111, 0x1111,
    0x1111, 0x1111, 0x1111, 0x1111, 0x1111, 0x1111, 0x1111, 0x1111, 0x1111, 0x1111, 0x1111, 0x1111,
    0x1111, 0x1111, 0x1111, 0x1111, 0x1111, 0x1111, 0x1111, 0x1111, 0x1111, 0x1111, 0x1111, 0x1111,
    0x1111, 0x1111, 0x1111, 0x1111, 0x1111, 0x1111, 0x1111, 0x1111, 0x1111, 0x1111, 0x1111, 0x1111,
    0x1111, 0x1111, 0x1111, 0x1111, 0x1111, 0x1111, 0x1111, 0x1111, 0x1111, 0x1111, 0x1111, 0x1111,
    0x1111, 0x1111, 0x1111, 0x1111, 0x1111, 0x1111, 0x1111, 0x1111, 0x1111, 0x1111, 0x1111, 0x1111,
    0x1111, 0x1111, 0x1111, 0x1111, 0x1111, 0x1111, 0x1111, 0x1111, 0x1111, 0x1111, 0x1111, 0x1111,
    0x1111, 0x1111, 0x1111, 0x1111, 0x1111, 0x1111, 0x1111, 0x1111, 0x1111, 0x1111, 0x1111, 0x1111,
    0x1111, 0x1111, 0x1111, 0x1111, 0x1111, 0x1111, 0x1111, 0x1111, 0x1111, 0x1111, 0x1111, 0x1111,
    0x1111, 0x1111, 0x1111, 0x1111, 0x1111, 0x1111, 0x1111, 0x1111, 0x1111, 0x1111, 0x1111, 0x1111,
    0x1111, 0x1111, 0x1111, 0x1111, 0x1111, 0x1111, 0x1111, 0x1111, 0x1111, 0x1111, 0x1111, 0x1111,
    0x1111, 0x1111, 0x1111, 0x1111, 0x1111, 0x1111, 0x1111, 0x1111, 0x1111, 0x1111, 0x1111, 0x1111,
    0x1111, 0x1111, 0x1111, 0x1111, 0x1111, 0x1111, 0x1111, 0x1111, 0x1111, 0x1111, 0x1111, 0x1111,
    0x1111, 0x1111, 0x1111, 0x1111, 0x1111, 0x1111, 0x1111, 0x1111, 0x1111, 0x1111, 0x1111, 0x1111,
    0x1111, 0x1111, 0x1111, 0x1111, 0x1111, 0x1111, 0x1111, 0x1111, 0x1111, 0x1111, 0x1111, 0x1111,
    0x1111, 0x1111, 0x1111, 0x1111, 0x1111, 0x1111, 0x1111, 0x1111, 0x1111, 0x1111, 0x1111, 0x1111,
    0x1111, 0x1111, 0x1111, 0x1111, 0x1111, 0x1111, 0x1111, 0x1111, 0x1111, 0x1111, 0x1111, 0x1111,
    0x1111, 0x1111, 0x1111, 0x1111, 0x1111, 0x1111, 0x1111, 0x1111, 0x1111, 0x1111, 0x1111, 0x1111,
    0x1111, 0x1111, 0x1111, 0x1111, 0x1111, 0x1111, 0x1111, 0x1111, 0x1111, 0x1111, 0x1111, 0x1111,
    0x1111, 0x1111, 0x1111, 0x1111, 0x1111, 0x1111, 0x1111, 0x1111, 0x1111, 0x1111, 0x1111, 0x1111,
    0x1111, 0x1111, 0x1111, 0x1111, 0x1111, 0x1111, 0x1111, 0x1111, 0x1111, 0x1111, 0x1111, 0x1111,
    0x1111, 0x1111, 0x1111, 0x1111, 0x1111, 0x1111, 0x1111, 0x1111, 0x1111, 0x1111, 0x1111, 0x1111,
    0x1111, 0x1111, 0x1111, 0x1111, 0x1111, 0x1111, 0x1111, 0x1111, 0x1111, 0x1111, 0x1111, 0x1111,
    0x1111, 0x1111, 0x1111, 0x1111, 0x1111, 0x1111, 0x1111, 0x1111, 0x1111, 0x1111, 0x1111, 0x1111,
    0x1111, 0x1111, 0x1111, 0x1111, 0x1111, 0x1111, 0x1111, 0x1111, 0x1111, 0x1111, 0x1111, 0x1111,
    0x1111, 0x1111, 0x1111, 0x1111, 0x1111, 0x1111, 0x1111, 0x1111, 0x1111, 0x1111, 0x1111, 0x1111,
    0x1111, 0x1111, 0x1111, 0x1111, 0x1111, 0x1111, 0x1111, 0x1111, 0x1111, 0x1111, 0x1111, 0x1111,
    0x1111, 0x1111, 0x1111, 0x1111, 0x1111, 0x1111, 0x1111, 0x1111, 0x1111, 0x1111, 0x1111, 0x1111,
    0x1111, 0x1111, 0x1111, 0x1111, 0x1111, 0x1111, 0x1111, 0x1111, 0x1111, 0x1111, 0x1111, 0x1111,
    0x1111, 0x1111, 0x1111, 0x1111, 0x1111, 0x1111, 0x1111, 0x1111, 0x1111, 0x1111, 0x1111, 0x1111,
    0x1111, 0x1111, 0x1111, 0x1111, 0x1111, 0x1111, 0x1111, 0x1111, 0x1111, 0x1111, 0x1111, 0x1111,
    0x1111, 0x1111, 0x1111, 0x1111, 0x1111, 0x1111, 0x1111, 0x1111, 0x1111, 0x1111, 0x1111, 0x1111,
    0x1111, 0x1111, 0x1111, 0x1111, 0x1111, 0x1111, 0x1111, 0x1111, 0x1111, 0x1111, 0x1111, 0x1111,
    0x1111, 0x1111, 0x1111, 0x1111, 0x1111, 0x1111, 0x1111, 0x1111, 0x1111, 0x1111, 0x1111, 0x1111,
    0x1111, 0x1111, 0x1111, 0x1111, 0x1111, 0x1111, 0x1111, 0x1111, 0x1111, 0x1111, 0x1111, 0x1111,
    0x1111, 0x1111, 0x1111, 0x1111, 0x1111, 0x1111, 0x1111, 0x1111, 0x1111, 0x1111, 0x1111, 0x1111,
    0x1111, 0x1111, 0x1111, 0x1111, 0x1111, 0x1111, 0x1111, 0x1111, 0x1111, 0x1111, 0x1111, 0x1111,
    0x1111, 0x1111, 0x1111, 0x1111, 0x1111, 0x1111, 0x1111, 0x1111, 0x1111, 0x1111, 0x1111, 0x1111,
    0x1111, 0x1111, 0x1111, 0x1111, 0x1111, 0x1111, 0x1111, 0x1111, 0x1111, 0x1111, 0x1111, 0x1111,
    0x1111, 0x1111, 0x1111, 0x1111, 0x1111, 0x1111, 0x1111, 0x1111, 0x1111, 0x1111, 0x1111, 0x1111,
    0x1111, 0x1111, 0x1111, 0x1111, 0x1111, 0x1111, 0x1111, 0x1111, 0x1111, 0x1111, 0x1111, 0x1111,
    0x1111, 0x1111, 0x1111, 0x1111, 0x1111, 0x1111, 0x1111, 0x1111, 0x1111, 0x1111, 0x1111, 0x1111,
    0x1111, 0x1111, 0x1111, 0x1111, 0x1111, 0x1111, 0x1111, 0x1111, 0x1111, 0x1111, 0x1111, 0x1111,
    0x1111, 0x1111, 0x1111, 0x1111, 0x1111, 0x1111, 0x1111, 0x1111, 0x1111, 0x1111, 0x1111, 0x1111,
    0x1111, 0x1111, 0x1111, 0x1111, 0x1111, 0x1111, 0x1111, 0x1111, 0x1111, 0x1111, 0x1111, 0x1111,
    0x1111, 0x1111, 0x1111, 0x1111, 0x1111, 0x1111, 0x1111, 0x1111, 0x1111, 0x1111, 0x1111, 0x1111,
    0x1111, 0x1111, 0x1111, 0x1111, 0x1111, 0x1111, 0x1111, 0x1111, 0x1111, 0x1111, 0x1111, 0x1111,
    0x1111, 0x1111, 0x1111, 0x1111, 0x1111, 0x1111, 0x1111, 0x1111, 0x1111, 0x1111, 0x1111, 0x1111,
    0x1111, 0x1111, 0x1111, 0x1111, 0x1111, 0x1111, 0x1111, 0x1111, 0x1111, 0x1111, 0x1111, 0x1111,
    0x1111, 0x1111, 0x1111, 0x1111, 0x1111, 0x1111, 0x1111, 0x1111, 0x1111, 0x1111, 0x1111, 0x1111,
    0x1111, 0x1111, 0x1111, 0x1111, 0x1111, 0x1111, 0x1111, 0x1111, 0x1111, 0x1111, 0x1111, 0x1111,
    0x1111, 0x1111, 0x1111, 0x1111, 0x1111, 0x1111, 0x1111, 0x1111, 0x1111, 0x1111, 0x1111, 0x1111,
    0x1111, 0x1111, 0x1111, 0x1111, 0x1111, 0x1111, 0x1111, 0x1111, 0x1111, 0x1111, 0x1111, 0x1111,
    0x1111, 0x1111, 0x1111, 0x1111, 0x1111, 0x1111, 0x1111, 0x1111, 0x1111, 0x1111, 0x1111, 0x1111,
    0x1111, 0x1111, 0x1111, 0x1111, 0x1111, 0x1111, 0x1111, 0x1111, 0x1111, 0x1111, 0x1111, 0x1111,
    0x1111, 0x1111, 0x1111, 0x1111, 0x1111, 0x1111, 0x1111, 0x1111, 0x1111, 0x1111, 0x1111, 0x1111,
    0x1111, 0x1111, 0x1111, 0x1111, 0x1111, 0x1111, 0x1111, 0x1111, 0x1111, 0x1111, 0x1111, 0x1111,
    0x1111, 0x1111, 0x1111, 0x1111, 0x1111, 0x1111, 0x1111, 0x1111, 0x1111, 0x1111, 0x1111, 0x1111,
    0x1111, 0x1111, 0x1111, 0x1111, 0x1111, 0x1111, 0x1111, 0x1111, 0x1111, 0x1111, 0x1111, 0x1111,
    0x1111, 0x1111, 0x1111, 0x1111, 0x1111, 0x1111, 0x1111, 0x1111, 0x1111, 0x1111, 0x1111, 0x1111,
    0x1111, 0x1111, 0x1111, 0x1111, 0x1111, 0x1111, 0x1111, 0x1111, 0x1111, 0x1111, 0x1111, 0x1111,
    0x1111, 0x1111, 0x1111, 0x1111, 0x1111, 0x1111, 0x1111, 0x1111, 0x1111, 0x1111, 0x1111, 0x1111,
    0x1111, 0x1111, 0x1111, 0x1111, 0x1111, 0x1111, 0x1111, 0x1111, 0x1111, 0x1111, 0x1111, 0x1111,
    0x1111, 0x1111, 0x1111, 0x1111, 0x1111, 0x1111, 0x1111, 0x1111, 0x1111, 0x1111, 0x1111, 0x1111,
    0x1111, 0x1111, 0x1111, 0x1111, 0x1111, 0x1111, 0x1111, 0x1111, 0x1111, 0x1111, 0x1111, 0x1111,
    0x1111, 0x1111, 0x1111, 0x1111, 0x1111, 0x1111, 0x1111, 0x1111, 0x1111, 0x1111, 0x1111, 0x1111,
    0x1111, 0x1111, 0x1111, 0x1111, 0x1111, 0x1111, 0x1111, 0x1111, 0x1111, 0x1111, 0x1111, 0x1111,
    0x1111, 0x1111, 0x1111, 0x1111, 0x1111, 0x1111, 0x1111, 0x1111, 0x1111, 0x1111, 0x1111, 0x1111,
    0x1111, 0x1111, 0x1111, 0x1111, 0x1111, 0x1111, 0x1111, 0x1111, 0x1111, 0x1111, 0x1111, 0x1111,
    0x1111, 0x1111, 0x1111, 0x1111, 0x1111, 0x1111, 0x1111, 0x1111, 0x1111, 0x1111, 0x1111, 0x1111,
    0x1111, 0x1111, 0x1111, 0x1111, 0x1111, 0x1111, 0x1111, 0x1111, 0x1111, 0x1111, 0x1111, 0x1111,
    0x1111, 0x1111, 0x1111, 0x1111, 0x1111, 0x1111, 0x1111, 0x1111, 0x1111, 0x1111, 0x1111, 0x1111,
    0x1111, 0x1111, 0x1111, 0x1111, 0x1111, 0x1111, 0x1111, 0x1111, 0x1111, 0x1111, 0x1111, 0x1111,
    0x1111, 0x1111, 0x1111, 0x1111, 0x1111, 0x1111, 0x1111, 0x1111, 0x1111, 0x1111, 0x1111, 0x1111,
    0x1111, 0x1111, 0x1111, 0x1111, 0x1111, 0x1111, 0x1111, 0x1111, 0x1111, 0x1111, 0x1111, 0x1111,
    0x1111, 0x1111, 0x1111, 0x1111, 0x1111, 0x1111, 0x1111, 0x1111, 0x1111, 0x1111, 0x1111, 0x1111,
    0x1111, 0x1111, 0x1111, 0x1111, 0x1111, 0x1111, 0x1111, 0x1111, 0x1111, 0x1111, 0x1111, 0x1111,
    0x1111, 0x1111, 0x1111, 0x1111, 0x1111, 0x1111, 0x1111, 0x1111, 0x1111, 0x1111, 0x1111, 0x1111,
    0x1111, 0x1111, 0x1111, 0x1111, 0x1111, 0x1111, 0x1111, 0x1111, 0x1111, 0x1111, 0x1111, 0x1111,
    0x1111, 0x1111, 0x1111, 0x1111, 0x1111, 0x1111, 0x1111, 0x1111, 0x1111, 0x1111, 0x1111, 0x1111,
    0x1111, 0x1111, 0x1111, 0x1111, 0x1111, 0x1111, 0x1111, 0x1111, 0x1111, 0x1111, 0x1111, 0x1111,
    0x1111, 0x1111, 0x1111, 0x1111, 0x1111, 0x1111, 0x1111, 0x1111, 0x1111, 0x1111, 0x1111, 0x1111,
    0x1111, 0x1111, 0x1111, 0x1111, 0x1111, 0x1111, 0x1111, 0x1111, 0x1111, 0x1111, 0x1111, 0x1111,
    0x1111, 0x1111, 0x1111, 0x1111, 0x1111, 0x1111, 0x1111, 0x1111, 0x1111, 0x1111, 0x1111, 0x1111,
    0x1111, 0x1111, 0x1111, 0x1111, 0x1111, 0x1111, 0x1111, 0x1111, 0x1111, 0x1111, 0x1111, 0x1111,
    0x1111, 0x1111, 0x1111, 0x1111, 0x1111, 0x1111, 0x1111, 0x1111, 0x1111, 0x1111, 0x1111, 0x1111,
    0x1111, 0x1111, 0x1111, 0x1111, 0x1111, 0x1111, 0x1111, 0x1111, 0x1111, 0x1111, 0x1111, 0x1111,
    0x1111, 0x1111, 0x1111, 0x1111, 0x1111, 0x1111, 0x1111, 0x1111, 0x1111, 0x1111, 0x1111, 0x1111,
    0x1111, 0x1111, 0x1111, 0x1111, 0x1111, 0x1111, 0x1111, 0x1111, 0x1111, 0x1111, 0x1111, 0x1111,
    0x1111, 0x1111, 0x1111, 0x1111, 0x1111, 0x1111, 0x1111, 0x1111, 0x1111, 0x1111, 0x1111, 0x1111,
    0x1111, 0x1111, 0x1111, 0x1111, 0x1111, 0x1111, 0x1111, 0x1111, 0x1111, 0x1111, 0x1111, 0x1111,
    0x1111, 0x1111, 0x1111, 0x1111, 0x1111, 0x1111, 0x1111, 0x1111, 0x1111, 0x1111, 0x1111, 0x1111,
    0x1111, 0x1111, 0x1111, 0x1111, 0x1111, 0x1111, 0x1111, 0x1111, 0x1111, 0x1111, 0x1111, 0x1111,
    0x1111, 0x1111, 0x1111, 0x1111, 0x1111, 0x1111, 0x1111, 0x1111, 0x1111, 0x1111, 0x1111, 0x1111,
    0x1111, 0x1111, 0x1111, 0x1111, 0x1111, 0x1111, 0x1111, 0x1111, 0x1111, 0x1111, 0x1111, 0x1111,
    0x1111, 0x1111, 0x1111, 0x1111, 0x1111, 0x1111, 0x1111, 0x1111, 0x1111, 0x1111, 0x1111, 0x1111,
    0x1111, 0x1111, 0x1111, 0x1111, 0x1111, 0x1111, 0x1111, 0x1111, 0x1111, 0x1111, 0x1111, 0x1111,
    0x1111, 0x1111, 0x1111, 0x1111, 0x1111, 0x1111, 0x1111, 0x1111, 0x1111, 0x1111, 0x1111, 0x1111,
    0x1111, 0x1111, 0x1111, 0x1111, 0x1111, 0x1111, 0x1111, 0x1111, 0x1111, 0x1111, 0x1111, 0x1111,
    0x1111, 0x1111, 0x1111, 0x1111, 0x1111, 0x1111, 0x1111, 0x1111, 0x1111, 0x1111, 0x1111, 0x1111,
    0x1111, 0x1111, 0x1111, 0x1111, 0x1111, 0x1111, 0x1111, 0x1111, 0x1111, 0x1111, 0x1111, 0x1111,
    0x1111, 0x1111, 0x1111, 0x1111, 0x1111, 0x1111, 0x1111, 0x1111, 0x1111, 0x1111, 0x1111, 0x1111,
    0x1111, 0x1111, 0x1111, 0x1111, 0x1111, 0x1111, 0x1111, 0x1111, 0x1111, 0x1111, 0x1111, 0x1111,
    0x1111, 0x1111, 0x1111, 0x1111, 0x1111, 0x1111, 0x1111, 0x1111, 0x1111, 0x1111, 0x1111, 0x1111,
    0x1111, 0x1111, 0x1111, 0x1111, 0x1111, 0x1111, 0x1111, 0x1111, 0x1111, 0x1111, 0x1111, 0x1111,
    0x1111, 0x1111, 0x1111, 0x1111, 0x1111, 0x1111, 0x1111, 0x1111, 0x1111, 0x1111, 0x1111, 0x1111,
    0x1111, 0x1111, 0x1111, 0x1111, 0x1111, 0x1111, 0x1111, 0x1111, 0x1111, 0x1111, 0x1111, 0x1111,
    0x1111, 0x1111, 0x1111, 0x1111, 0x1111, 0x1111, 0x1111, 0x1111, 0x1111, 0x1111, 0x1111, 0x1111,
    0x1111, 0x1111, 0x1111, 0x1111, 0x1111, 0x1111, 0x1111, 0x1111, 0x1111, 0x1111, 0x1111, 0x1111,
    0x1111, 0x1111, 0x1111, 0x1111, 0x1111, 0x1111, 0x1111, 0x1111, 0x1111, 0x1111, 0x1111, 0x1111,
    0x1111, 0x1111, 0x1111, 0x1111, 0x1111, 0x1111, 0x1111, 0x1111, 0x1111, 0x1111, 0x1111, 0x1111,
    0x1111, 0x1111, 0x1111, 0x1111, 0x1111, 0x1111, 0x1111, 0x1111, 0x1111, 0x1111, 0x1111, 0x1111,
    0x1111, 0x1111, 0x1111, 0x1111, 0x1111, 0x1111, 0x1111, 0x1111, 0x1111, 0x1111, 0x1111, 0x1111,
    0x1111, 0x1111, 0x1111, 0x1111, 0x1111, 0x1111, 0x1111, 0x1111, 0x1111, 0x1111, 0x1111, 0x1111,
    0x1111, 0x1111, 0x1111, 0x1111, 0x1111, 0x1111, 0x1111, 0x1111, 0x1111, 0x1111, 0x1111, 0x1111,
    0x1111, 0x1111, 0x1111, 0x1111, 0x1111, 0x1111, 0x1111, 0x1111, 0x1111, 0x1111, 0x1111, 0x1111,
    0x1111, 0x1111, 0x1111, 0x1111, 0x1111, 0x1111, 0x1111, 0x1111, 0x1111, 0x1111, 0x1111, 0x1111,
    0x1111, 0x1111, 0x1111, 0x1111, 0x1111, 0x1111, 0x1111, 0x1111, 0x1111, 0x1111, 0x1111, 0x1111,
    0x1111, 0x1111, 0x1111, 0x1111, 0x1111, 0x1111, 0x1111, 0x1111, 0x1111, 0x1111, 0x1111, 0x1111,
    0x1111, 0x1111, 0x1111, 0x1111, 0x1111, 0x1111, 0x1111, 0x1111, 0x1111, 0x1111, 0x1111, 0x1111,
    0x1111, 0x1111, 0x1111, 0x1111, 0x1111, 0x1111, 0x1111, 0x1111, 0x1111, 0x1111, 0x1111, 0x1111,
    0x1111, 0x1111, 0x1111, 0x1111, 0x1111, 0x1111, 0x1111, 0x1111, 0x1111, 0x1111, 0x1111, 0x1111,
    0x1111, 0x1111, 0x1111, 0x1111, 0x1111, 0x1111, 0x1111, 0x1111, 0x1111, 0x1111, 0x1111, 0x1111,
    0x1111, 0x1111, 0x1111, 0x1111, 0x1111, 0x1111, 0x1111, 0x1111, 0x1111, 0x1111, 0x1111, 0x1111,
    0x1111, 0x1111, 0x1111, 0x1111, 0x1111, 0x1111, 0x1111, 0x1111, 0x1111, 0x1111, 0x1111, 0x1111,
    0x1111, 0x1111, 0x1111, 0x1111, 0x1111, 0x1111, 0x1111, 0x1111, 0x1111, 0x1111, 0x1111, 0x1111,
    0x1111, 0x1111, 0x1111, 0x1111, 0x1111, 0x1111, 0x1111, 0x1111, 0x1111, 0x1111, 0x1111, 0x1111,
    0x1111, 0x1111, 0x1111, 0x1111, 0x1111, 0x1111, 0x1111, 0x1111, 0x1111, 0x1111, 0x1111, 0x1111,
    0x1111, 0x1111, 0x1111, 0x1111, 0x1111, 0x1111, 0x1111, 0x1111, 0x1111, 0x1111, 0x1111, 0x1111,
    0x1111, 0x1111, 0x1111, 0x1111, 0x1111, 0x1111, 0x1111, 0x1111, 0x1111, 0x1111, 0x1111, 0x1111,
    0x1111, 0x1111, 0x1111, 0x1111, 0x1111, 0x1111, 0x1111, 0x1111, 0x1111, 0x1111, 0x1111, 0x1111,
    0x1111, 0x1111, 0x1111, 0x1111, 0x1111, 0x1111, 0x1111, 0x1111, 0x1111, 0x1111, 0x1111, 0x1111,
    0x1111, 0x1111, 0x1111, 0x1111, 0x1111, 0x1111, 0x1111, 0x1111, 0x1111, 0x1111, 0x1111, 0x1111,
    0x1111, 0x1111, 0x1111, 0x1111, 0x1111, 0x1111, 0x1111, 0x1111, 0x1111, 0x1111, 0x1111, 0x1111,
    0x1111, 0x1111, 0x1111, 0x1111, 0x1111, 0x1111, 0x1111, 0x1111, 0x1111, 0x1111, 0x1111, 0x1111,
    0x1111, 0x1111, 0x1111, 0x1111, 0x1111, 0x1111, 0x1111, 0x1111, 0x1111, 0x1111, 0x1111, 0x1111,
    0x1111, 0x1111, 0x1111, 0x1111, 0x1111, 0x1111, 0x1111, 0x1111, 0x1111, 0x1111, 0x1111, 0x1111,
    0x1111, 0x1111, 0x1111, 0x1111, 0x1111, 0x1111, 0x1111, 0x1111, 0x1111, 0x1111, 0x1111, 0x1111,
    0x1111, 0x1111, 0x1111, 0x1111, 0x1111, 0x1111, 0x1111, 0x1111, 0x1111, 0x1111, 0x1111, 0x1111,
    0x1111, 0x1111, 0x1111, 0x1111, 0x1111, 0x1111, 0x1111, 0x1111, 0x1111, 0x1111, 0x1111, 0x1111,
    0x1111, 0x1111, 0x1111, 0x1111, 0x1111, 0x1111, 0x1111, 0x1111, 0x1111, 0x1111, 0x1111, 0x1111,
    0x1111, 0x1111, 0x1111, 0x1111, 0x1111, 0x1111, 0x1111, 0x1111, 0x1111, 0x1111, 0x1111, 0x1111,
    0x1111, 0x1111, 0x1111, 0x1111, 0x1111, 0x1111, 0x1111, 0x1111, 0x1111, 0x1111, 0x1111, 0x1111,
    0x1111, 0x1111, 0x1111, 0x1111, 0x1111, 0x1111, 0x1111, 0x1111, 0x1111, 0x1111, 0x1111, 0x1111,
    0x1111, 0x1111, 0x1111, 0x1111, 0x1111, 0x1111, 0x1111, 0x1111, 0x1111, 0x1111, 0x1111, 0x1111,
    0x1111, 0x1111, 0x1111, 0x1111, 0x1111, 0x1111, 0x1111, 0x1111, 0x1111, 0x1111, 0x1111, 0x1111,
    0x1111, 0x1111, 0x1111, 0x1111, 0x1111, 0x1111, 0x1111, 0x1111, 0x1111, 0x1111, 0x1111, 0x1111,
    0x1111, 0x1111, 0x1111, 0x1111, 0x1111, 0x1111, 0x1111, 0x1111, 0x1111, 0x1111, 0x1111, 0x1111,
    0x1111, 0x1111, 0x1111, 0x1111, 0x1111, 0x1111, 0x1111, 0x1111, 0x1111, 0x1111, 0x1111, 0x1111,
    0x1111, 0x1111, 0x1111, 0x1111, 0x1111, 0x1111, 0x1111, 0x1111, 0x1111, 0x1111, 0x1111, 0x1111,
    0x1111, 0x1111, 0x1111, 0x1111, 0x1111, 0x1111, 0x1111, 0x1111, 0x1111, 0x1111, 0x1111, 0x1111,
    0x1111, 0x1111, 0x1111, 0x1111, 0x1111, 0x1111, 0x1111, 0x1111, 0x1111, 0x1111, 0x1111, 0x1111,
    0x1111, 0x1111, 0x1111, 0x1111, 0x1111, 0x1111, 0x1111, 0x1111, 0x1111, 0x1111, 0x1111, 0x1111,
    0x1111, 0x1111, 0x1111, 0x1111, 0x1111, 0x1111, 0x1111, 0x1111, 0x1111, 0x1111, 0x1111, 0x1111,
    0x1111, 0x1111, 0x1111, 0x1111, 0x1111, 0x1111, 0x1111, 0x1111, 0x1111, 0x1111, 0x1111, 0x1111,
    0x1111, 0x1111, 0x1111, 0x1111, 0x1111, 0x1111, 0x1111, 0x1111, 0x1111, 0x1111, 0x1111, 0x1111,
    0x1111, 0x1111, 0x1111, 0x1111, 0x1111, 0x1111, 0x1111, 0x1111, 0x1111, 0x1111, 0x1111, 0x1111,
    0x1111, 0x1111, 0x1111, 0x1111, 0x1111, 0x1111, 0x1111, 0x1111, 0x1111, 0x1111, 0x1111, 0x1111,
    0x1111, 0x1111, 0x1111, 0x1111, 0x1111, 0x1111, 0x1111, 0x1111, 0x1111, 0x1111, 0x1111, 0x1111,
    0x1111, 0x1111, 0x1111, 0x1111, 0x1111, 0x1111, 0x1111, 0x1111, 0x1111, 0x1111, 0x1111, 0x1111,
    0x1111, 0x1111, 0x1111, 0x1111, 0x1111, 0x1111, 0x1111, 0x1111, 0x1111, 0x1111, 0x1111, 0x1111,
    0x1111, 0x1111, 0x1111, 0x1111, 0x1111, 0x1111, 0x1111, 0x1111, 0x1111, 0x1111, 0x1111, 0x1111,
    0x1111, 0x1111, 0x1111, 0x1111, 0x1111, 0x1111, 0x1111, 0x1111, 0x1111, 0x1111, 0x1111, 0x1111,
    0x1111, 0x1111, 0x1111, 0x1111, 0x1111, 0x1111, 0x1111, 0x1111, 0x1111, 0x1111, 0x1111, 0x1111,
    0x1111, 0x1111, 0x1111, 0x1111, 0x1111, 0x1111, 0x1111, 0x1111, 0x1111, 0x1111, 0x1111, 0x1111,
    0x1111, 0x1111, 0x1111, 0x1111, 0x1111, 0x1111, 0x1111, 0x1111, 0x1111, 0x1111, 0x1111, 0x1111,
    0x1111, 0x1111, 0x1111, 0x1111, 0x1111, 0x1111, 0x1111, 0x1111, 0x1111, 0x1111, 0x1111, 0x1111,
    0x1111, 0x1111, 0x1111, 0x1111, 0x1111, 0x1111, 0x1111, 0x1111, 0x1111, 0x1111, 0x1111, 0x1111,
    0x1111, 0x1111, 0x1111, 0x1111, 0x1111, 0x1111, 0x1111, 0x1111, 0x1111, 0x1111, 0x1111, 0x1111,
    0x1111, 0x1111, 0x1111, 0x1111, 0x1111, 0x1111, 0x1111, 0x1111, 0x1111, 0x1111, 0x1111, 0x1111,
    0x1111, 0x1111, 0x1111, 0x1111, 0x1111, 0x1111, 0x1111, 0x1111, 0x1111, 0x1111, 0x1111, 0x1111,
    0x1111, 0x1111, 0x1111, 0x1111, 0x1111, 0x1111, 0x1111, 0x1111, 0x1111, 0x1111, 0x1111, 0x1111,
    0x1111, 0x1111, 0x1111, 0x1111, 0x1111, 0x1111, 0x1111, 0x1111, 0x1111, 0x1111, 0x1111, 0x1111,
    0x1111, 0x1111, 0x1111, 0x1111, 0x1111, 0x1111, 0x1111, 0x1111, 0x1111, 0x1111, 0x1111, 0x1111,
    0x1111, 0x1111, 0x1111, 0x1111, 0x1111, 0x1111, 0x1111, 0x1111, 0x1111, 0x1111, 0x1111, 0x1111,
    0x1111, 0x1111, 0x1111, 0x1111, 0x1111, 0x1111, 0x1111, 0x1111, 0x1111, 0x1111, 0x1111, 0x1111,
    0x1111, 0x1111, 0x1111, 0x1111, 0x1111, 0x1111, 0x1111, 0x1111, 0x1111, 0x1111, 0x1111, 0x1111,
    0x1111, 0x1111, 0x1111, 0x1111, 0x1111, 0x1111, 0x1111, 0x1111, 0x1111, 0x1111, 0x1111, 0x1111,
    0x1111, 0x1111, 0x1111, 0x1111, 0x1111, 0x1111, 0x1111, 0x1111, 0x1111, 0x1111, 0x1111, 0x1111,
    0x1111, 0x1111, 0x1111, 0x1111, 0x1111, 0x1111, 0x1111, 0x1111, 0x1111, 0x1111, 0x1111, 0x1111,
    0x1111, 0x1111, 0x1111, 0x1111, 0x1111, 0x1111, 0x1111, 0x1111, 0x1111, 0x1111, 0x1111, 0x1111,
    0x1111, 0x1111, 0x1111, 0x1111, 0x1111, 0x1111, 0x1111, 0x1111, 0x1111, 0x1111, 0x1111, 0x1111,
    0x1111, 0x1111, 0x1111, 0x1111, 0x1111, 0x1111, 0x1111, 0x1111, 0x1111, 0x1111, 0x1111, 0x1111,
    0x1111, 0x1111, 0x1111, 0x1111, 0x1111, 0x1111, 0x1111, 0x1111, 0x1111, 0x1111, 0x1111, 0x1111,
    0x1111, 0x1111, 0x1111, 0x1111, 0x1111, 0x1111, 0x1111, 0x1111, 0x1111, 0x1111, 0x1111, 0x1111,
    0x1111, 0x1111, 0x1111, 0x1111, 0x1111, 0x1111, 0x1111, 0x1111, 0x1111, 0x1111, 0x1111, 0x1111,
    0x1111, 0x1111, 0x1111, 0x1111, 0x1111, 0x1111, 0x1111, 0x1111, 0x1111, 0x1111, 0x1111, 0x1111,
    0x1111, 0x1111, 0x1111, 0x1111, 0x1111, 0x1111, 0x1111, 0x1111, 0x1111, 0x1111, 0x1111, 0x1111,
    0x1111, 0x1111, 0x1111, 0x1111, 0x1111, 0x1111, 0x1111, 0x1111, 0x1111, 0x1111, 0x1111, 0x1111,
    0x1111, 0x1111, 0x1111, 0x1111, 0x1111, 0x1111, 0x1111, 0x1111, 0x1111, 0x1111, 0x1111, 0x1111,
    0x1111, 0x1111, 0x1111, 0x1111, 0x1111, 0x1111, 0x1111, 0x1111, 0x1111, 0x1111, 0x1111, 0x1111,
    0x1111, 0x1111, 0x1111, 0x1111, 0x1111, 0x1111, 0x1111, 0x1111, 0x1111, 0x1111, 0x1111, 0x1111,
    0x1111, 0x1111, 0x1111, 0x1111, 0x1111, 0x1111, 0x1111, 0x1111, 0x1111, 0x1111, 0x1111, 0x1111,
    0x1111, 0x1111, 0x1111, 0x1111, 0x1111, 0x1111, 0x1111, 0x1111, 0x1111, 0x1111, 0x1111, 0x1111,
    0x1111, 0x1111, 0x1111, 0x1111, 0x1111, 0x1111, 0x1111, 0x1111, 0x1111, 0x1111, 0x1111, 0x1111,
    0x1111, 0x1111, 0x1111, 0x1111, 0x1111, 0x1111, 0x1111, 0x1111, 0x1111, 0x1111, 0x1111, 0x1111,
    0x1111, 0x1111, 0x1111, 0x1111, 0x1111, 0x1111, 0x1111, 0x1111, 0x1111, 0x1111, 0x1111, 0x1111,
    0x1111, 0x1111, 0x1111, 0x1111, 0x1111, 0x1111, 0x1111, 0x1111, 0x1111, 0x1111, 0x1111, 0x1111,
    0x1111, 0x1111, 0x1111, 0x1111, 0x1111, 0x1111, 0x1111, 0x1111, 0x1111, 0x1111, 0x1111, 0x1111,
    0x1111, 0x1111, 0x1111, 0x1111, 0x1111, 0x1111, 0x1111, 0x1111, 0x1111, 0x1111, 0x1111, 0x1111,
    0x1111, 0x1111, 0x1111, 0x1111, 0x1111, 0x1111, 0x1111, 0x1111, 0x1111, 0x1111, 0x1111, 0x1111,
    0x1111, 0x1111, 0x1111, 0x1111, 0x1111, 0x1111, 0x1111, 0x1111, 0x1111, 0x1111, 0x1111, 0x1111,
    0x1111, 0x1111, 0x1111, 0x1111, 0x1111, 0x1111, 0x1111, 0x1111, 0x1111, 0x1111, 0x1111, 0x1111,
    0x1111, 0x1111, 0x1111, 0x1111, 0x1111, 0x1111, 0x1111, 0x1111, 0x1111, 0x1111, 0x1111, 0x1111,
    0x1111, 0x1111, 0x1111, 0x1111, 0x1111, 0x1111, 0x1111, 0x1111, 0x1111, 0x1111, 0x1111, 0x1111,
    0x1111, 0x1111, 0x1111, 0x1111, 0x1111, 0x1111, 0x1111, 0x1111, 0x1111, 0x1111, 0x1111, 0x1111,
    0x1111, 0x1111, 0x1111, 0x1111, 0x1111, 0x1111, 0x1111, 0x1111, 0x1111, 0x1111, 0x1111, 0x1111,
    0x1111, 0x1111, 0x1111, 0x1111, 0x1111, 0x1111, 0x1111, 0x1111, 0x1111, 0x1111, 0x1111, 0x1111,
    0x1111, 0x1111, 0x1111, 0x1111, 0x1111, 0x1111, 0x1111, 0x1111, 0x1111, 0x1111, 0x1111, 0x1111,
    0x1111, 0x1111, 0x1111, 0x1111, 0x1111, 0x1111, 0x1111, 0x1111, 0x1111, 0x1111, 0x1111, 0x1111,
    0x1111, 0x1111, 0x1111, 0x1111, 0x1111, 0x1111, 0x1111, 0x1111, 0x1111, 0x1111, 0x1111, 0x1111,
    0x1111, 0x1111, 0x1111, 0x1111, 0x1111, 0x1111, 0x1111, 0x1111, 0x1111, 0x1111, 0x1111, 0x1111,
    0x1111, 0x1111, 0x1111, 0x1111, 0x1111, 0x1111, 0x1111, 0x1111, 0x1111, 0x1111, 0x1111, 0x1111,
    0x1111, 0x1111, 0x1111, 0x1111, 0x1111, 0x1111, 0x1111, 0x1111, 0x1111, 0x1111, 0x1111, 0x1111,
    0x1111, 0x1111, 0x1111, 0x1111, 0x1111, 0x1111, 0x1111, 0x1111, 0x1111, 0x1111, 0x1111, 0x1111,
    0x1111, 0x1111, 0x1111, 0x1111, 0x1111, 0x1111, 0x1111, 0x1111, 0x1111, 0x1111, 0x1111, 0x1111,
    0x1111, 0x1111, 0x1111, 0x1111, 0x1111, 0x1111, 0x1111, 0x1111, 0x1111, 0x1111, 0x1111, 0x1111,
    0x1111, 0x1111, 0x1111, 0x1111, 0x1111, 0x1111, 0x1111, 0x1111, 0x1111, 0x1111, 0x1111, 0x1111,
    0x1111, 0x1111, 0x1111, 0x1111, 0x1111, 0x1111, 0x1111, 0x1111, 0x1111, 0x1111, 0x1111, 0x1111,
    0x1111, 0x1111, 0x1111, 0x1111, 0x1111, 0x1111, 0x1111, 0x1111, 0x1111, 0x1111, 0x1111, 0x1111,
    0x1111, 0x1111, 0x1111, 0x1111, 0x1111, 0x1111, 0x1111, 0x1111, 0x1111, 0x1111, 0x1111, 0x1111,
    0x1111, 0x1111, 0x1111, 0x1111, 0x1111, 0x1111, 0x1111, 0x1111, 0x1111, 0x1111, 0x1111, 0x1111,
    0x1111, 0x1111, 0x1111, 0x1111, 0x1111, 0x1111, 0x1111, 0x1111, 0x1111, 0x1111, 0x1111, 0x1111,
    0x1111, 0x1111, 0x1111, 0x1111, 0x1111, 0x1111, 0x1111, 0x1111, 0x1111, 0x1111, 0x1111, 0x1111,
    0x1111, 0x1111, 0x1111, 0x1111, 0x1111, 0x1111, 0x1111, 0x1111, 0x1111, 0x1111, 0x1111, 0x1111,
    0x1111, 0x1111, 0x1111, 0x1111, 0x1111, 0x1111, 0x1111, 0x1111, 0x1111, 0x1111, 0x1111, 0x1111,
    0x1111, 0x1111, 0x1111, 0x1111, 0x1111, 0x1111, 0x1111, 0x1111, 0x1111, 0x1111, 0x1111, 0x1111,
    0x1111, 0x1111, 0x1111, 0x1111, 0x1111, 0x1111, 0x1111, 0x1111, 0x1111, 0x1111, 0x1111, 0x1111,
    0x1111, 0x1111, 0x1111, 0x1111, 0x1111, 0x1111, 0x1111, 0x1111, 0x1111, 0x1111, 0x1111, 0x1111,
    0x1111, 0x1111, 0x1111, 0x1111, 0x1111, 0x1111, 0x1111, 0x1111, 0x1111, 0x1111, 0x1111, 0x1111,
    0x1111, 0x1111, 0x1111, 0x1111, 0x1111, 0x1111, 0x1111, 0x1111, 0x1111, 0x1111, 0x1111, 0x1111,
    0x1111, 0x1111, 0x1111, 0x1111, 0x1111, 0x1111, 0x1111, 0x1111, 0x1111, 0x1111, 0x1111, 0x1111,
    0x1111, 0x1111, 0x1111, 0x1111, 0x1111, 0x1111, 0x1111, 0x1111, 0x1111, 0x1111, 0x1111, 0x1111,
    0x1111, 0x1111, 0x1111, 0x1111, 0x1111, 0x1111, 0x1111, 0x1111, 0x1111, 0x1111, 0x1111, 0x1111,
    0x1111, 0x1111, 0x1111, 0x1111, 0x1111, 0x1111, 0x1111, 0x1111, 0x1111, 0x1111, 0x1111, 0x1111,
    0x1111, 0x1111, 0x1111, 0x1111, 0x1111, 0x1111, 0x1111, 0x1111, 0x1111, 0x1111, 0x1111, 0x1111,
    0x1111, 0x1111, 0x1111, 0x1111, 0x1111, 0x1111, 0x1111, 0x1111, 0x1111, 0x1111, 0x1111, 0x1111,
    0x1111, 0x1111, 0x1111, 0x1111, 0x1111, 0x1111, 0x1111, 0x1111, 0x1111, 0x1111, 0x1111, 0x1111,
    0x1111, 0x1111, 0x1111, 0x1111, 0x1111, 0x1111, 0x1111, 0x1111, 0x1111, 0x1111, 0x1111, 0x1111,
    0x1111, 0x1111, 0x1111, 0x1111, 0x1111, 0x1111, 0x1111, 0x1111, 0x1111, 0x1111, 0x1111, 0x1111,
    0x1111, 0x1111, 0x1111, 0x1111, 0x1111, 0x1111, 0x1111, 0x1111, 0x1111, 0x1111, 0x1111, 0x1111,
    0x1111, 0x1111, 0x1111, 0x1111, 0x1111, 0x1111, 0x1111, 0x1111, 0x1111, 0x1111, 0x1111, 0x1111,
    0x1111, 0x1111, 0x1111, 0x1111, 0x1111, 0x1111, 0x1111, 0x1111, 0x1111, 0x1111, 0x1111, 0x1111,
    0x1111, 0x1111, 0x1111, 0x1111, 0x1111, 0x1111, 0x1111, 0x1111, 0x1111, 0x1111, 0x1111, 0x1111,
    0x1111, 0x1111, 0x1111, 0x1111, 0x1111, 0x1111, 0x1111, 0x1111, 0x1111, 0x1111, 0x1111, 0x1111,
    0x1111, 0x1111, 0x1111, 0x1111, 0x1111, 0x1111, 0x1111, 0x1111, 0x1111, 0x1111, 0x1111, 0x1111,
    0x1111, 0x1111, 0x1111, 0x1111, 0x1111, 0x1111, 0x1111, 0x1111, 0x1111, 0x1111, 0x1111, 0x1111,
    0x1111, 0x1111, 0x1111, 0x1111, 0x1111, 0x1111, 0x1111, 0x1111, 0x1111, 0x1111, 0x1111, 0x1111,
    0x1111, 0x1111, 0x1111, 0x1111, 0x1111, 0x1111, 0x1111, 0x1111, 0x1111, 0x1111, 0x1111, 0x1111,
    0x1111, 0x1111, 0x1111, 0x1111, 0x1111, 0x1111, 0x1111, 0x1111, 0x1111, 0x1111, 0x1111, 0x1111,
    0x1111, 0x1111, 0x1111, 0x1111, 0x1111, 0x1111, 0x1111, 0x1111, 0x1111, 0x1111, 0x1111, 0x1111,
    0x1111, 0x1111, 0x1111, 0x1111, 0x1111, 0x1111, 0x1111, 0x1111, 0x1111, 0x1111, 0x1111, 0x1111,
    0x1111, 0x1111, 0x1111, 0x1111, 0x1111, 0x1111, 0x1111, 0x1111, 0x1111, 0x1111, 0x1111, 0x1111,
    0x1111, 0x1111, 0x1111, 0x1111, 0x1111, 0x1111, 0x1111, 0x1111, 0x1111, 0x1111, 0x1111, 0x1111,
    0x1111, 0x1111, 0x1111, 0x1111, 0x1111, 0x1111, 0x1111, 0x1111, 0x1111, 0x1111, 0x1111, 0x1111,
    0x1111, 0x1111, 0x1111, 0x1111, 0x1111, 0x1111, 0x1111, 0x1111, 0x1111, 0x1111, 0x1111, 0x1111,
    0x1111, 0x1111, 0x1111, 0x1111, 0x1111, 0x1111, 0x1111, 0x1111, 0x1111, 0x1111, 0x1111, 0x1111,
    0x1111, 0x1111, 0x1111, 0x1111, 0x1111, 0x1111, 0x1111, 0x1111, 0x1111, 0x1111, 0x1111, 0x1111,
    0x1111, 0x1111, 0x1111, 0x1111, 0x1111, 0x1111, 0x1111, 0x1111, 0x1111, 0x1111, 0x1111, 0x1111,
    0x1111, 0x1111, 0x1111, 0x1111, 0x1111, 0x1111, 0x1111, 0x1111, 0x1111, 0x1111, 0x1111, 0x1111,
    0x1111, 0x1111, 0x1111, 0x1111, 0x1111, 0x1111, 0x1111, 0x1111, 0x1111, 0x1111, 0x1111, 0x1111,
    0x1111, 0x1111, 0x1111, 0x1111, 0x1111, 0x1111, 0x1111, 0x1111, 0x1111, 0x1111, 0x1111, 0x1111,
    0x1111, 0x1111, 0x1111, 0x1111, 0x1111, 0x1111, 0x1111, 0x1111, 0x1111, 0x1111, 0x1111, 0x1111,
    0x1111, 0x1111, 0x1111, 0x1111, 0x1111, 0x1111, 0x1111, 0x1111, 0x1111, 0x1111, 0x1111, 0x1111,
    0x1111, 0x1111, 0x1111, 0x1111, 0x1111, 0x1111, 0x1111, 0x1111, 0x1111, 0x1111, 0x1111, 0x1111,
    0x1111, 0x1111, 0x1111, 0x1111, 0x1111, 0x1111, 0x1111, 0x1111, 0x1111, 0x1111, 0x1111, 0x1111,
    0x1111, 0x1111, 0x1111, 0x1111, 0x1111, 0x1111, 0x1111, 0x1111, 0x1111, 0x1111, 0x1111, 0x1111,
    0x1111, 0x1111, 0x1111, 0x1111, 0x1111, 0x1111, 0x1111, 0x1111, 0x1111, 0x1111, 0x1111, 0x1111,
    0x1111, 0x1111, 0x1111, 0x1111, 0x1111, 0x1111, 0x1111, 0x1111, 0x1111, 0x1111, 0x1111, 0x1111,
    0x1111, 0x1111, 0x1111, 0x1111, 0x1111, 0x1111, 0x1111, 0x1111, 0x1111, 0x1111, 0x1111, 0x1111,
    0x1111, 0x1111, 0x1111, 0x1111, 0x1111, 0x1111, 0x1111, 0x1111, 0x1111, 0x1111, 0x1111, 0x1111,
    0x1111, 0x1111, 0x1111, 0x1111, 0x1111, 0x1111, 0x1111, 0x1111, 0x1111, 0x1111, 0x1111, 0x1111,
    0x1111, 0x1111, 0x1111, 0x1111, 0x1111, 0x1111, 0x1111, 0x1111, 0x1111, 0x1111, 0x1111, 0x1111,
    0x1111, 0x1111, 0x1111, 0x1111, 0x1111, 0x1111, 0x1111, 0x1111, 0x1111, 0x1111, 0x1111, 0x1111,
    0x1111, 0x1111, 0x1111, 0x1111, 0x1111, 0x1111, 0x1111, 0x1111, 0x1111, 0x1111, 0x1111, 0x1111,
    0x1111, 0x1111, 0x1111, 0x1111, 0x1111, 0x1111, 0x1111, 0x1111, 0x1111, 0x1111, 0x1111, 0x1111,
    0x1111, 0x1111, 0x1111, 0x1111, 0x1111, 0x1111, 0x1111, 0x1111, 0x1111, 0x1111, 0x1111, 0x1111,
    0x1111, 0x1111, 0x1111, 0x1111, 0x1111, 0x1111, 0x1111, 0x1111, 0x1111, 0x1111, 0x1111, 0x1111,
    0x1111, 0x1111, 0x1111, 0x1111, 0x1111, 0x1111, 0x1111, 0x1111, 0x1111, 0x1111, 0x1111, 0x1111,
    0x1111, 0x1111, 0x1111, 0x1111, 0x1111, 0x1111, 0x1111, 0x1111, 0x1111, 0x1111, 0x1111, 0x1111,
    0x1111, 0x1111, 0x1111, 0x1111, 0x1111, 0x1111, 0x1111, 0x1111, 0x1111, 0x1111, 0x1111, 0x1111,
    0x1111, 0x1111, 0x1111, 0x1111, 0x1111, 0x1111, 0x1111, 0x1111, 0x1111, 0x1111, 0x1111, 0x1111,
    0x1111, 0x1111, 0x1111, 0x1111, 0x1111, 0x1111, 0x1111, 0x1111, 0x1111, 0x1111, 0x1111, 0x1111,
    0x1111, 0x1111, 0x1111, 0x1111, 0x1111, 0x1111, 0x1111, 0x1111, 0x1111, 0x1111, 0x1111, 0x1111,
    0x1111, 0x1111, 0x1111, 0x1111, 0x1111, 0x1111, 0x1111, 0x1111, 0x1111, 0x1111, 0x1111, 0x1111,
    0x1111, 0x1111, 0x1111, 0x1111, 0x1111, 0x1111, 0x1111, 0x1111, 0x1111, 0x1111, 0x1111, 0x1111,
    0x1111, 0x1111, 0x1111, 0x1111, 0x1111, 0x1111, 0x1111, 0x1111, 0x1111, 0x1111, 0x1111, 0x1111,
    0x1111, 0x1111, 0x1111, 0x1111, 0x1111, 0x1111, 0x1111, 0x1111, 0x1111, 0x1111, 0x1111, 0x1111,
    0x1111, 0x1111, 0x1111, 0x1111, 0x1111, 0x1111, 0x1111, 0x1111, 0x1111, 0x1111, 0x1111, 0x1111,
    0x1111, 0x1111, 0x1111, 0x1111, 0x1111, 0x1111, 0x1111, 0x1111, 0x1111, 0x1111, 0x1111, 0x1111,
    0x1111, 0x1111, 0x1111, 0x1111, 0x1111, 0x1111, 0x1111, 0x1111, 0x1111, 0x1111, 0x1111, 0x1111,
    0x1111, 0x1111, 0x1111, 0x1111, 0x1111, 0x1111, 0x1111, 0x1111, 0x1111, 0x1111, 0x1111, 0x1111,
    0x1111, 0x1111, 0x1111, 0x1111, 0x1111, 0x1111, 0x1111, 0x1111, 0x1111, 0x1111, 0x1111, 0x1111,
    0x1111, 0x1111, 0x1111, 0x1111, 0x1111, 0x1111, 0x1111, 0x1111, 0x1111, 0x1111, 0x1111, 0x1111,
    0x1111, 0x1111, 0x1111, 0x1111, 0x1111, 0x1111, 0x1111, 0x1111, 0x1111, 0x1111, 0x1111, 0x1111,
    0x1111, 0x1111, 0x1111, 0x1111, 0x1111, 0x1111, 0x1111, 0x1111, 0x1111, 0x1111, 0x1111, 0x1111,
    0x1111, 0x1111, 0x1111, 0x1111, 0x1111, 0x1111, 0x1111, 0x1111, 0x1111, 0x1111, 0x1111, 0x1111,
    0x1111, 0x1111, 0x1111, 0x1111, 0x1111, 0x1111, 0x1111, 0x1111, 0x1111, 0x1111, 0x1111, 0x1111,
    0x1111, 0x1111, 0x1111, 0x1111, 0x1111, 0x1111, 0x1111, 0x1111, 0x1111, 0x1111, 0x1111, 0x1111,
    0x1111, 0x1111, 0x1111, 0x1111, 0x1111, 0x1111, 0x1111, 0x1111, 0x1111, 0x1111, 0x1111, 0x1111,
    0x1111, 0x1111, 0x1111, 0x1111, 0x1111, 0x1111, 0x1111, 0x1111, 0x1111, 0x1111, 0x1111, 0x1111,
    0x1111, 0x1111, 0x1111, 0x1111, 0x1111, 0x1111, 0x1111, 0x1111, 0x1111, 0x1111, 0x1111, 0x1111,
    0x1111, 0x1111, 0x1111, 0x1111, 0x1111, 0x1111, 0x1111, 0x1111, 0x1111, 0x1111, 0x1111, 0x1111,
    0x1111, 0x1111, 0x1111, 0x1111, 0x1111, 0x1111, 0x1111, 0x1111, 0x1111, 0x1111, 0x1111, 0x1111,
    0x1111, 0x1111, 0x1111, 0x1111, 0x1111, 0x1111, 0x1111, 0x1111, 0x1111, 0x1111, 0x1111, 0x1111,
    0x1111, 0x1111, 0x1111, 0x1111, 0x1111, 0x1111, 0x1111, 0x1111, 0x1111, 0x1111, 0x1111, 0x1111,
    0x1111, 0x1111, 0x1111, 0x1111, 0x1111, 0x1111, 0x1111, 0x1111, 0x1111, 0x1111, 0x1111, 0x1111,
    0x1111, 0x1111, 0x1111, 0x1111, 0x1111, 0x1111, 0x1111, 0x1111, 0x1111, 0x1111, 0x1111, 0x1111,
    0x1111, 0x1111, 0x1111, 0x1111, 0x1111, 0x1111, 0x1111, 0x1111, 0x1111, 0x1111, 0x1111, 0x1111,
    0x1111, 0x1111, 0x1111, 0x1111, 0x1111, 0x1111, 0x1111, 0x1111, 0x1111, 0x1111, 0x1111, 0x1111,
    0x1111, 0x1111, 0x1111, 0x1111, 0x1111, 0x1111, 0x1111, 0x1111, 0x1111, 0x1111, 0x1111, 0x1111,
    0x1111, 0x1111, 0x1111, 0x1111, 0x1111, 0x1111, 0x1111, 0x1111, 0x1111, 0x1111, 0x1111, 0x1111,
    0x1111, 0x1111, 0x1111, 0x1111, 0x1111, 0x1111, 0x1111, 0x1111, 0x1111, 0x1111, 0x1111, 0x1111,
    0x1111, 0x1111, 0x1111, 0x1111, 0x1111, 0x1111, 0x1111, 0x1111, 0x1111, 0x1111, 0x1111, 0x1111,
    0x1111, 0x1111, 0x1111, 0x1111, 0x1111, 0x1111, 0x1111, 0x1111, 0x1111, 0x1111, 0x1111, 0x1111,
    0x1111, 0x1111, 0x1111, 0x1111, 0x1111, 0x1111, 0x1111, 0x1111, 0x1111, 0x1111, 0x1111, 0x1111,
    0x1111, 0x1111, 0x1111, 0x1111, 0x1111, 0x1111, 0x1111, 0x1111, 0x1111, 0x1111, 0x1111, 0x1111,
    0x1111, 0x1111, 0x1111, 0x1111, 0x1111, 0x1111, 0x1111, 0x1111, 0x1111, 0x1111, 0x1111, 0x1111,
    0x1111, 0x1111, 0x1111, 0x1111, 0x1111, 0x1111, 0x1111, 0x1111, 0x1111, 0x1111, 0x1111, 0x1111,
    0x1111, 0x1111, 0x1111, 0x1111, 0x1111, 0x1111, 0x1111, 0x1111, 0x1111, 0x1111, 0x1111, 0x1111,
    0x1111, 0x1111, 0x1111, 0x1111, 0x1111, 0x1111, 0x1111, 0x1111, 0x1111, 0x1111, 0x1111, 0x1111,
    0x1111, 0x1111, 0x1111, 0x1111, 0x1111, 0x1111, 0x1111, 0x1111, 0x1111, 0x1111, 0x1111, 0x1111,
    0x1111, 0x1111, 0x1111, 0x1111, 0x1111, 0x1111, 0x1111, 0x1111, 0x1111, 0x1111, 0x1111, 0x1111,
    0x1111, 0x1111, 0x1111, 0x1111, 0x1111, 0x1111, 0x1111, 0x1111, 0x1111, 0x1111, 0x1111, 0x1111,
    0x1111, 0x1111, 0x1111, 0x1111, 0x1111, 0x1111, 0x1111, 0x1111, 0x1111, 0x1111, 0x1111, 0x1111,
    0x1111, 0x1111, 0x1111, 0x1111, 0x1111, 0x1111, 0x1111, 0x1111, 0x1111, 0x1111, 0x1111, 0x1111,
    0x1111, 0x1111, 0x1111, 0x1111, 0x1111, 0x1111, 0x1111, 0x1111, 0x1111, 0x1111, 0x1111, 0x1111,
    0x1111, 0x1111, 0x1111, 0x1111, 0x1111, 0x1111, 0x1111, 0x1111, 0x1111, 0x1111, 0x1111, 0x1111,
    0x1111, 0x1111, 0x1111, 0x1111, 0x1111, 0x1111, 0x1111, 0x1111, 0x1111, 0x1111, 0x1111, 0x1111,
    0x1111, 0x1111, 0x1111, 0x1111, 0x1111, 0x1111, 0x1111, 0x1111, 0x1111, 0x1111, 0x1111, 0x1111,
    0x1111, 0x1111, 0x1111, 0x1111, 0x1111, 0x1111, 0x1111, 0x1111, 0x1111, 0x1111, 0x1111, 0x1111,
    0x1111, 0x1111, 0x1111, 0x1111, 0x1111, 0x1111, 0x1111, 0x1111, 0x1111, 0x1111, 0x1111, 0x1111,
    0x1111, 0x1111, 0x1111, 0x1111, 0x1111, 0x1111, 0x1111, 0x1111, 0x1111, 0x1111, 0x1111, 0x1111,
    0x1111, 0x1111, 0x1111, 0x1111, 0x1111, 0x1111, 0x1111, 0x1111, 0x1111, 0x1111, 0x1111, 0x1111,
    0x1111, 0x1111, 0x1111, 0x1111, 0x1111, 0x1111, 0x1111, 0x1111, 0x1111, 0x1111, 0x1111, 0x1111,
    0x1111, 0x1111, 0x1111, 0x1111, 0x1111, 0x1111, 0x1111, 0x1111, 0x1111, 0x1111, 0x1111, 0x1111,
    0x1111, 0x1111, 0x1111, 0x1111, 0x1111, 0x1111, 0x1111, 0x1111, 0x1111, 0x1111, 0x1111, 0x1111,
    0x1111, 0x1111, 0x1111, 0x1111, 0x1111, 0x1111, 0x1111, 0x1111, 0x1111, 0x1111, 0x1111, 0x1111,
    0x1111, 0x1111, 0x1111, 0x1111, 0x1111, 0x1111, 0x1111, 0x1111, 0x1111, 0x1111, 0x1111, 0x1111,
    0x1111, 0x1111, 0x1111, 0x1111, 0x1111, 0x1111, 0x1111, 0x1111, 0x1111, 0x1111, 0x1111, 0x1111,
    0x1111, 0x1111, 0x1111, 0x1111, 0x1111, 0x1111, 0x1111, 0x1111, 0x1111, 0x1111, 0x1111, 0x1111,
    0x1111, 0x1111, 0x1111, 0x1111, 0x1111, 0x1111, 0x1111, 0x1111, 0x1111, 0x1111, 0x1111, 0x1111,
    0x1111, 0x1111, 0x1111, 0x1111, 0x1111, 0x1111, 0x1111, 0x1111, 0x1111, 0x1111, 0x1111, 0x1111,
    0x1111, 0x1111, 0x1111, 0x1111, 0x1111, 0x1111, 0x1111, 0x1111, 0x1111, 0x1111, 0x1111, 0x1111,
    0x1111, 0x1111, 0x1111, 0x1111, 0x1111, 0x1111, 0x1111, 0x1111, 0x1111, 0x1111, 0x1111, 0x1111,
    0x1111, 0x1111, 0x1111, 0x1111, 0x1111, 0x1111, 0x1111, 0x1111, 0x1111, 0x1111, 0x1111, 0x1111,
    0x1111, 0x1111, 0x1111, 0x1111, 0x1111, 0x1111, 0x1111, 0x1111, 0x1111, 0x1111, 0x1111, 0x1111,
    0x1111, 0x1111, 0x1111, 0x1111, 0x1111, 0x1111, 0x1111, 0x1111, 0x1111, 0x1111, 0x1111, 0x1111,
    0x1111, 0x1111, 0x1111, 0x1111, 0x1111, 0x1111, 0x1111, 0x1111, 0x1111, 0x1111, 0x1111, 0x1111,
    0x1111, 0x1111, 0x1111, 0x1111, 0x1111, 0x1111, 0x1111, 0x1111, 0x1111, 0x1111, 0x1111, 0x1111,
    0x1111, 0x1111, 0x1111, 0x1111, 0x1111, 0x1111, 0x1111, 0x1111, 0x1111, 0x1111, 0x1111, 0x1111,
    0x1111, 0x1111, 0x1111, 0x1111, 0x1111, 0x1111, 0x1111, 0x1111, 0x1111, 0x1111, 0x1111, 0x1111,
    0x1111, 0x1111, 0x1111, 0x1111, 0x1111, 0x1111, 0x1111, 0x1111, 0x1111, 0x1111, 0x1111, 0x1111,
    0x1111, 0x1111, 0x1111, 0x1111, 0x1111, 0x1111, 0x1111, 0x1111, 0x1111, 0x1111, 0x1111, 0x1111,
    0x1111, 0x1111, 0x1111, 0x1111, 0x1111, 0x1111, 0x1111, 0x1111, 0x1111, 0x1111, 0x1111, 0x1111,
    0x1111, 0x1111, 0x1111, 0x1111, 0x1111, 0x1111, 0x1111, 0x1111, 0x1111, 0x1111, 0x1111, 0x1111,
    0x1111, 0x1111, 0x1111, 0x1111, 0x1111, 0x1111, 0x1111, 0x1111, 0x1111, 0x1111, 0x1111, 0x1111,
    0x1111, 0x1111, 0x1111, 0x1111, 0x1111, 0x1111, 0x1111, 0x1111, 0x1111, 0x1111, 0x1111, 0x1111,
    0x1111, 0x1111, 0x1111, 0x1111, 0x1111, 0x1111, 0x1111, 0x1111, 0x1111, 0x1111, 0x1111, 0x1111,
    0x1111, 0x1111, 0x1111, 0x1111, 0x1111, 0x1111, 0x1111, 0x1111, 0x1111, 0x1111, 0x1111, 0x1111,
    0x1111, 0x1111, 0x1111, 0x1111, 0x1111, 0x1111, 0x1111, 0x1111, 0x1111, 0x1111, 0x1111, 0x1111,
    0x1111, 0x1111, 0x1111, 0x1111, 0x1111, 0x1111, 0x1111, 0x1111, 0x1111, 0x1111, 0x1111, 0x1111,
    0x1111, 0x1111, 0x1111, 0x1111, 0x1111, 0x1111, 0x1111, 0x1111, 0x1111, 0x1111, 0x1111, 0x1111,
    0x1111, 0x1111, 0x1111, 0x1111, 0x1111, 0x1111, 0x1111, 0x1111, 0x1111, 0x1111, 0x1111, 0x1111,
    0x1111, 0x1111, 0x1111, 0x1111, 0x1111, 0x1111, 0x1111, 0x1111, 0x1111, 0x1111, 0x1111, 0x1111,
    0x1111, 0x1111, 0x1111, 0x1111, 0x1111, 0x1111, 0x1111, 0x1111, 0x1111, 0x1111, 0x1111, 0x1111,
    0x1111, 0x1111, 0x1111, 0x1111, 0x1111, 0x1111, 0x1111, 0x1111, 0x1111, 0x1111, 0x1111, 0x1111,
    0x1111, 0x1111, 0x1111, 0x1111, 0x1111, 0x1111, 0x1111, 0x1111, 0x1111, 0x1111, 0x1111, 0x1111,
    0x1111, 0x1111, 0x1111, 0x1111, 0x1111, 0x1111, 0x1111, 0x1111, 0x1111, 0x1111, 0x1111, 0x1111,
    0x1111, 0x1111, 0x1111, 0x1111, 0x1111, 0x1111, 0x1111, 0x1111, 0x1111, 0x1111, 0x1111, 0x1111,
    0x1111, 0x1111, 0x1111, 0x1111, 0x1111, 0x1111, 0x1111, 0x1111, 0x1111, 0x1111, 0x1111, 0x1111,
    0x1111, 0x1111, 0x1111, 0x1111, 0x1111, 0x1111, 0x1111, 0x1111, 0x1111, 0x1111, 0x1111, 0x1111,
    0x1111, 0x1111, 0x1111, 0x1111, 0x1111, 0x1111, 0x1111, 0x1111, 0x1111, 0x1111, 0x1111, 0x1111,
    0x1111, 0x1111, 0x1111, 0x1111, 0x1111, 0x1111, 0x1111, 0x1111, 0x1111, 0x1111, 0x1111, 0x1111,
    0x1111, 0x1111, 0x1111, 0x1111, 0x1111, 0x1111, 0x1111, 0x1111, 0x1111, 0x1111, 0x1111, 0x1111,
    0x1111, 0x1111, 0x1111, 0x1111, 0x1111, 0x1111, 0x1111, 0x1111, 0x1111, 0x1111, 0x1111, 0x1111,
    0x1111, 0x1111, 0x1111, 0x1111, 0x1111, 0x1111, 0x1111, 0x1111, 0x1111, 0x1111, 0x1111, 0x1111,
    0x1111, 0x1111, 0x1111, 0x1111, 0x1111, 0x1111, 0x1111, 0x1111, 0x1111, 0x1111, 0x1111, 0x1111,
    0x1111, 0x1111, 0x1111, 0x1111, 0x1111, 0x1111, 0x1111, 0x1111, 0x1111, 0x1111, 0x1111, 0x1111,
    0x1111, 0x1111, 0x1111, 0x1111, 0x1111, 0x1111, 0x1111, 0x1111, 0x1111, 0x1111, 0x1111, 0x1111,
    0x1111, 0x1111, 0x1111, 0x1111, 0x1111, 0x1111, 0x1111, 0x1111, 0x1111, 0x1111, 0x1111, 0x1111,
    0x0000, 0x0000, 0x0000, 0x0000, 0x0000, 0x0000, 0x0000, 0x0000, 0x0000, 0x0000, 0x0000, 0x0000,
    0x0000, 0x0D00, 0x0D0D, 0x0D0D, 0x0000, 0x0000, 0x0000, 0x0D00, 0x0000, 0x0000, 0x0000, 0x0D00,
    0x0000, 0x0000, 0x0000, 0x0000, 0x0000, 0x0000, 0x0000, 0x0000, 0x0000, 0x0000, 0x0000, 0x0000,
    0x0000, 0x0000, 0x0000, 0x0000, 0x0000, 0x0000, 0x0000, 0x0000, 0x0D0D, 0x000D, 0x0000, 0x0000,
    0x000D, 0x0000, 0x0000, 0x0000, 0x000D, 0x0000, 0x0000, 0x0000, 0x000D, 0x0000, 0x0000, 0x0000,
    0x0D0D, 0x0000, 0x0000, 0x0000, 0x1111, 0x1111, 0x1111, 0x1111, 0x1111, 0x1111, 0x1111, 0x1111,
    0x1111, 0x1111, 0x1111, 0x1111, 0x1111, 0x1111, 0x1111, 0x1111, 0x1111, 0x1111, 0x1111, 0x1111,
    0x1111, 0x1111, 0x1111, 0x1111, 0x1111, 0x1111, 0x1111, 0x1111, 0x1111, 0x1111, 0x1111, 0x1111,
    0x1111, 0x1111, 0x1111, 0x1111, 0x1111, 0x1111, 0x1111, 0x1111, 0x1111, 0x1111, 0x1111, 0x1111,
    0x1111, 0x1111, 0x1111, 0x1111, 0x1111, 0x1111, 0x1111, 0x1111, 0x1111, 0x1111, 0x1111, 0x1111,
    0x1111, 0x1111, 0x1111, 0x1111, 0x1111, 0x1111, 0x1111, 0x1111, 0x1111, 0x1111, 0x1111, 0x1111,
    0x1111, 0x1111, 0x1111, 0x1111, 0x1111, 0x1111, 0x1111, 0x1111, 0x1111, 0x1111, 0x1111, 0x1111,
    0x1111, 0x1111, 0x1111, 0x1111, 0x1111, 0x1111, 0x1111, 0x1111, 0x1111, 0x1111, 0x1111, 0x1111,
    0x1111, 0x1111, 0x1111, 0x1111, 0x1111, 0x1111, 0x1111, 0x1111, 0x1111, 0x1111, 0x1111, 0x1111,
    0x1111, 0x1111, 0x1111, 0x1111, 0x1111, 0x1111, 0x1111, 0x1111, 0x1111, 0x1111, 0x1111, 0x1111,
    0x1111, 0x1111, 0x1111, 0x1111, 0x1111, 0x1111, 0x1111, 0x1111, 0x1111, 0x1111, 0x1111, 0x1111,
    0x1111, 0x1111, 0x1111, 0x1111, 0x1111, 0x1111, 0x1111, 0x1111, 0x1111, 0x1111, 0x1111, 0x1111,
    0x1111, 0x1111, 0x1111, 0x1111, 0x1111, 0x1111, 0x1111, 0x1111, 0x1111, 0x1111, 0x1111, 0x1111,
    0x1111, 0x1111, 0x1111, 0x1111, 0x1111, 0x1111, 0x1111, 0x1111, 0x1111, 0x1111, 0x1111, 0x1111,
    0x1111, 0x1111, 0x1111, 0x1111, 0x1111, 0x1111, 0x1111, 0x1111, 0x1111, 0x1111, 0x1111, 0x1111,
    0x1111, 0x1111, 0x1111, 0x1111, 0x1111, 0x1111, 0x1111, 0x1111, 0x1111, 0x1111, 0x1111, 0x1111,
    0x1111, 0x1111, 0x1111, 0x1111, 0x0000, 0x0000, 0x0000, 0x0000, 0x0000, 0x0000, 0x0000, 0x0000,
    0x0000, 0x0000, 0x0000, 0x0000, 0x0000, 0x0000, 0x0000, 0x0000, 0x0000, 0x0000, 0x0000, 0x0000,
    0x0000, 0x0000, 0x0000, 0x0000, 0x0000, 0x0000, 0x0000, 0x0000, 0x0000, 0x0000, 0x0000, 0x0000,
    0x0000, 0x0000, 0x0000, 0x0000, 0x0000, 0x0000, 0x0000, 0x0000, 0x0000, 0x0000, 0x0000, 0x0000,
    0x0000, 0x0000, 0x0000, 0x0000, 0x0000, 0x0000, 0x0000, 0x0000, 0x0000, 0x0000, 0x0000, 0x0000,
    0x0000, 0x0000, 0x0000, 0x0000, 0x0000, 0x0000, 0x0000, 0x0000, 0x1111, 0x1111, 0x1111, 0x1111,
    0x1111, 0x1111, 0x1111, 0x1111, 0x1111, 0x1111, 0x1111, 0x1111, 0x1111, 0x1111, 0x1111, 0x1111,
    0x1111, 0x1111, 0x1111, 0x1111, 0x1111, 0x1111, 0x1111, 0x1111, 0x1111, 0x1111, 0x1111, 0x1111,
    0x1111, 0x1111, 0x1111, 0x1111, 0x1111, 0x1111, 0x1111, 0x1111, 0x1111, 0x1111, 0x1111, 0x1111,
    0x1111, 0x1111, 0x1111, 0x1111, 0x1111, 0x1111, 0x1111, 0x1111, 0x1111, 0x1111, 0x1111, 0x1111,
    0x1111, 0x1111, 0x1111, 0x1111, 0x1111, 0x1111, 0x1111, 0x1111, 0x1111, 0x1111, 0x1111, 0x1111,
    0x1111, 0x1111, 0x1111, 0x1111, 0x1111, 0x1111, 0x1111, 0x1111, 0x1111, 0x1111, 0x1111, 0x1111,
    0x1111, 0x1111, 0x1111, 0x1111, 0x1111, 0x1111, 0x1111, 0x1111, 0x1111, 0x1111, 0x1111, 0x1111,
    0x1111, 0x1111, 0x1111, 0x1111, 0x1111, 0x1111, 0x1111, 0x1111, 0x1111, 0x1111, 0x1111, 0x1111,
    0x1111, 0x1111, 0x1111, 0x1111, 0x1111, 0x1111, 0x1111, 0x1111, 0x1111, 0x1111, 0x1111, 0x1111,
    0x1111, 0x1111, 0x1111, 0x1111, 0x1111, 0x1111, 0x1111, 0x1111, 0x1111, 0x1111, 0x1111, 0x1111,
    0x1111, 0x1111, 0x1111, 0x1111, 0x1111, 0x1111, 0x1111, 0x1111, 0x1111, 0x1111, 0x1111, 0x1111,
    0x1111, 0x1111, 0x1111, 0x1111, 0x1111, 0x1111, 0x1111, 0x1111, 0x1111, 0x1111, 0x1111, 0x1111,
    0x1111, 0x1111, 0x1111, 0x1111, 0x1111, 0x1111, 0x1111, 0x1111, 0x1111, 0x1111, 0x1111, 0x1111,
    0x1111, 0x1111, 0x1111, 0x1111, 0x1111, 0x1111, 0x1111, 0x1111, 0x1111, 0x1111, 0x1111, 0x1111,
    0x1111, 0x1111, 0x1111, 0x1111, 0x1111, 0x1111, 0x1111, 0x1111, 0x1111, 0x1111, 0x1111, 0x1111,
    0x1111, 0x1111, 0x1111, 0x1111, 0x1111, 0x1111, 0x1111, 0x1111, 0x0000, 0x0000, 0x0000, 0x0000,
    0x0000, 0x0000, 0x0000, 0x0000, 0x0000, 0x000D, 0x0000, 0x0000, 0x0000, 0x080D, 0x0D08, 0x0D0D,
    0x0000, 0x0D08, 0x0D09, 0x0909, 0x0800, 0x0D09, 0x0D09, 0x0909, 0x0908, 0x0D09, 0x0D09, 0x0909,
    0x0908, 0x0909, 0x0D0D, 0x0909, 0x0D00, 0x0D0D, 0x0D0D, 0x000D, 0x0000, 0x0000, 0x0D00, 0x0000,
    0x0000, 0x0000, 0x170D, 0x0000, 0x0D0D, 0x0000, 0x170D, 0x0000, 0x0909, 0x0D0D, 0x0017, 0x0000,
    0x0909, 0x0D09, 0x000D, 0x0000, 0x0909, 0x170D, 0x080D, 0x0000, 0x0D1C, 0x1709, 0x080D, 0x0000,
    0x1111, 0x1111, 0x1111, 0x1111, 0x1111, 0x1111, 0x1111, 0x1111, 0x1111, 0x1111, 0x1111, 0x1111,
    0x1111, 0x1111, 0x1111, 0x1111, 0x1111, 0x1111, 0x1111, 0x1111, 0x1111, 0x1111, 0x1111, 0x1111,
    0x1111, 0x1111, 0x1111, 0x1111, 0x1111, 0x1111, 0x1111, 0x1111, 0x1111, 0x1111, 0x1111, 0x1111,
    0x1111, 0x1111, 0x1111, 0x1111, 0x1111, 0x1111, 0x1111, 0x1111, 0x1111, 0x1111, 0x1111, 0x1111,
    0x1111, 0x1111, 0x1111, 0x1111, 0x1111, 0x1111, 0x1111, 0x1111, 0x1111, 0x1111, 0x1111, 0x1111,
    0x1111, 0x1111, 0x1111, 0x1111, 0x1111, 0x1111, 0x1111, 0x1111, 0x1111, 0x1111, 0x1111, 0x1111,
    0x1111, 0x1111, 0x1111, 0x1111, 0x1111, 0x1111, 0x1111, 0x1111, 0x1111, 0x1111, 0x1111, 0x1111,
    0x1111, 0x1111, 0x1111, 0x1111, 0x1111, 0x1111, 0x1111, 0x1111, 0x1111, 0x1111, 0x1111, 0x1111,
    0x1111, 0x1111, 0x1111, 0x1111, 0x1111, 0x1111, 0x1111, 0x1111, 0x1111, 0x1111, 0x1111, 0x1111,
    0x1111, 0x1111, 0x1111, 0x1111, 0x1111, 0x1111, 0x1111, 0x1111, 0x1111, 0x1111, 0x1111, 0x1111,
    0x1111, 0x1111, 0x1111, 0x1111, 0x1111, 0x1111, 0x1111, 0x1111, 0x1111, 0x1111, 0x1111, 0x1111,
    0x1111, 0x1111, 0x1111, 0x1111, 0x1111, 0x1111, 0x1111, 0x1111, 0x1111, 0x1111, 0x1111, 0x1111,
    0x1111, 0x1111, 0x1111, 0x1111, 0x1111, 0x1111, 0x1111, 0x1111, 0x1111, 0x1111, 0x1111, 0x1111,
    0x1111, 0x1111, 0x1111, 0x1111, 0x1111, 0x1111, 0x1111, 0x1111, 0x1111, 0x1111, 0x1111, 0x1111,
    0x1111, 0x1111, 0x1111, 0x1111, 0x1111, 0x1111, 0x1111, 0x1111, 0x1111, 0x1111, 0x1111, 0x1111,
    0x1111, 0x1111, 0x1111, 0x1111, 0x1111, 0x1111, 0x1111, 0x1111, 0x1111, 0x1111, 0x1111, 0x1111,
    0x0000, 0x0000, 0x0000, 0x0000, 0x0000, 0x0000, 0x0000, 0x0000, 0x0000, 0x0000, 0x1918, 0x1A19,
    0x0000, 0x1800, 0x1919, 0x001A, 0x0000, 0x1918, 0x1919, 0x1A19, 0x0000, 0x1919, 0x1919, 0x1919,
    0x1800, 0x1919, 0x1919, 0x1919, 0x1900, 0x1919, 0x1919, 0x1919, 0x0000, 0x0000, 0x0000, 0x0000,
    0x0000, 0x0000, 0x0000, 0x0000, 0x0000, 0x1B1A, 0x0018, 0x0000, 0x0000, 0x1A00, 0x1819, 0x0000,
    0x0000, 0x191A, 0x1919, 0x0018, 0x1919, 0x1919, 0x1919, 0x0019, 0x1919, 0x1919, 0x1919, 0x1819,
    0x1919, 0x1919, 0x1919, 0x1919, 0x1111, 0x1111, 0x1111, 0x1111, 0x1111, 0x1111, 0x1111, 0x1111,
    0x1111, 0x1111, 0x1111, 0x1111, 0x1111, 0x1111, 0x1111, 0x1111, 0x1111, 0x1111, 0x1111, 0x1111,
    0x1111, 0x1111, 0x1111, 0x1111, 0x1111, 0x1111, 0x1111, 0x1111, 0x1111, 0x1111, 0x1111, 0x1111,
    0x1111, 0x1111, 0x1111, 0x1111, 0x1111, 0x1111, 0x1111, 0x1111, 0x1111, 0x1111, 0x1111, 0x1111,
    0x1111, 0x1111, 0x1111, 0x1111, 0x1111, 0x1111, 0x1111, 0x1111, 0x1111, 0x1111, 0x1111, 0x1111,
    0x1111, 0x1111, 0x1111, 0x1111, 0x1111, 0x1111, 0x1111, 0x1111, 0x1111, 0x1111, 0x1111, 0x1111,
    0x1111, 0x1111, 0x1111, 0x1111, 0x1111, 0x1111, 0x1111, 0x1111, 0x1111, 0x1111, 0x1111, 0x1111,
    0x1111, 0x1111, 0x1111, 0x1111, 0x1111, 0x1111, 0x1111, 0x1111, 0x1111, 0x1111, 0x1111, 0x1111,
    0x1111, 0x1111, 0x1111, 0x1111, 0x1111, 0x1111, 0x1111, 0x1111, 0x1111, 0x1111, 0x1111, 0x1111,
    0x1111, 0x1111, 0x1111, 0x1111, 0x1111, 0x1111, 0x1111, 0x1111, 0x1111, 0x1111, 0x1111, 0x1111,
    0x1111, 0x1111, 0x1111, 0x1111, 0x1111, 0x1111, 0x1111, 0x1111, 0x1111, 0x1111, 0x1111, 0x1111,
    0x1111, 0x1111, 0x1111, 0x1111, 0x1111, 0x1111, 0x1111, 0x1111, 0x1111, 0x1111, 0x1111, 0x1111,
    0x1111, 0x1111, 0x1111, 0x1111, 0x1111, 0x1111, 0x1111, 0x1111, 0x1111, 0x1111, 0x1111, 0x1111,
    0x1111, 0x1111, 0x1111, 0x1111, 0x1111, 0x1111, 0x1111, 0x1111, 0x0000, 0x0000, 0x0000, 0x0000,
    0x0000, 0x0000, 0x0000, 0x0000, 0x0000, 0x0000, 0x0000, 0x0000, 0x0000, 0x0000, 0x0D00, 0x0D0D,
    0x0D0D, 0x0D0D, 0x0D0D, 0x0000, 0x0000, 0x0000, 0x0D0D, 0x0000, 0x0000, 0x0000, 0x0D0D, 0x0000,
    0x0000, 0x0000, 0x0D00, 0x0000, 0x0908, 0x0909, 0x0D09, 0x0D0D, 0x0908, 0x0909, 0x090D, 0x0D09,
    0x0808, 0x0D0D, 0x0D0D, 0x0D0D, 0x0D0D, 0x090D, 0x090D, 0x0909, 0x0808, 0x0808, 0x080D, 0x0909,
    0x0508, 0x0808, 0x080D, 0x0909, 0x0005, 0x0805, 0x080D, 0x1709, 0x0000, 0x0800, 0x0D0D, 0x0D0D,
    0x170D, 0x1717, 0x080D, 0x0000, 0x0D0D, 0x0D0D, 0x080D, 0x0000, 0x020D, 0x0302, 0x0D0D, 0x0D0D,
    0x0A0D, 0x1D06, 0x000D, 0x0000, 0x0A0D, 0x1D06, 0x000D, 0x0000, 0x1D0D, 0x1D1D, 0x000D, 0x0000,
    0x1D0D, 0x061D, 0x000D, 0x0000, 0x0D0D, 0x1D0D, 0x0002, 0x0000, 0x0000, 0x0000, 0x0000, 0x0000,
    0x0000, 0x0000, 0x0000, 0x0000, 0x0D0D, 0x0D0D, 0x000D, 0x0000, 0x0000, 0x0000, 0x000D, 0x0000,
    0x0000, 0x0000, 0x000D, 0x0000, 0x0000, 0x0D00, 0x0000, 0x0000, 0x0000, 0x0D00, 0x0000, 0x0000,
    0x0000, 0x0D00, 0x0000, 0x0000, 0x1111, 0x1111, 0x1111, 0x1111, 0x1111, 0x1111, 0x1111, 0x1111,
    0x1111, 0x1111, 0x1111, 0x1111, 0x1111, 0x1111, 0x1111, 0x1111, 0x1111, 0x1111, 0x1111, 0x1111,
    0x1111, 0x1111, 0x1111, 0x1111, 0x1111, 0x1111, 0x1111, 0x1111, 0x1111, 0x1111, 0x1111, 0x1111,
    0x1111, 0x1111, 0x1111, 0x1111, 0x1111, 0x1111, 0x1111, 0x1111, 0x1111, 0x1111, 0x1111, 0x1111,
    0x1111, 0x1111, 0x1111, 0x1111, 0x1111, 0x1111, 0x1111, 0x1111, 0x1111, 0x1111, 0x1111, 0x1111,
    0x1111, 0x1111, 0x1111, 0x1111, 0x1111, 0x1111, 0x1111, 0x1111, 0x1111, 0x1111, 0x1111, 0x1111,
    0x1111, 0x1111, 0x1111, 0x1111, 0x1111, 0x1111, 0x1111, 0x1111, 0x1111, 0x1111, 0x1111, 0x1111,
    0x1111, 0x1111, 0x1111, 0x1111, 0x1111, 0x1111, 0x1111, 0x1111, 0x1111, 0x1111, 0x1111, 0x1111,
    0x1111, 0x1111, 0x1111, 0x1111, 0x1111, 0x1111, 0x1111, 0x1111, 0x1111, 0x1111, 0x1111, 0x1111,
    0x1111, 0x1111, 0x1111, 0x1111, 0x1111, 0x1111, 0x1111, 0x1111, 0x1111, 0x1111, 0x1111, 0x1111,
    0x1111, 0x1111, 0x1111, 0x1111, 0x1111, 0x1111, 0x1111, 0x1111, 0x1111, 0x1111, 0x1111, 0x1111,
    0x0000, 0x0000, 0x0000, 0x0000, 0x0000, 0x0000, 0x0000, 0x0000, 0x0000, 0x0000, 0x1800, 0x181A,
    0x0000, 0x0000, 0x1A18, 0x0000, 0x0000, 0x0000, 0x1A1A, 0x0000, 0x0000, 0x1800, 0x1A1A, 0x0000,
    0x0000, 0x1A00, 0x1A1A, 0x1A1A, 0x0000, 0x1A00, 0x1A1A, 0x191A, 0x1900, 0x1919, 0x1919, 0x1919,
    0x1900, 0x1919, 0x1919, 0x1919, 0x1900, 0x1919, 0x1919, 0x1919, 0x1800, 0x1919, 0x1E1E, 0x1919,
    0x0000, 0x1919, 0x1E19, 0x191E, 0x1918, 0x1919, 0x1919, 0x1919, 0x1919, 0x1919, 0x1919, 0x1919,
    0x1919, 0x1919, 0x1919, 0x1919, 0x1919, 0x1919, 0x1919, 0x1919, 0x1919, 0x1919, 0x1919, 0x1919,
    0x1919, 0x1919, 0x1919, 0x1919, 0x1919, 0x1E1E, 0x191E, 0x1819, 0x1E19, 0x1E1E, 0x1919, 0x0019,
    0x1919, 0x1919, 0x1919, 0x1819, 0x1919, 0x1919, 0x1919, 0x1919, 0x1919, 0x1919, 0x1919, 0x1919,
    0x0000, 0x0000, 0x0000, 0x0000, 0x0000, 0x0000, 0x0000, 0x0000, 0x0000, 0x0000, 0x0000, 0x0000,
    0x0000, 0x0000, 0x0000, 0x0000, 0x0000, 0x0000, 0x0000, 0x0000, 0x0000, 0x0000, 0x0000, 0x0000,
    0x0019, 0x0000, 0x0000, 0x0000, 0x1919, 0x0000, 0x0000, 0x0000, 0x0000, 0x0000, 0x0000, 0x0000,
    0x0000, 0x0000, 0x0000, 0x0000, 0x0000, 0x0000, 0x0000, 0x0000, 0x0000, 0x0000, 0x0000, 0x0000,
    0x0000, 0x0000, 0x0000, 0x0000, 0x0000, 0x0000, 0x0000, 0x0000, 0x0000, 0x0000, 0x0000, 0x0000,
    0x0000, 0x0000, 0x0000, 0x0000, 0x0000, 0x0000, 0x0000, 0x0000, 0x0000, 0x0000, 0x0000, 0x0000,
    0x0000, 0x0000, 0x0000, 0x0000, 0x0000, 0x0000, 0x0000, 0x0000, 0x0000, 0x0000, 0x0000, 0x0000,
    0x0000, 0x0000, 0x0000, 0x0000, 0x0000, 0x0000, 0x0000, 0x0000, 0x0000, 0x0000, 0x0000, 0x0000,
    0x0000, 0x0000, 0x0000, 0x0000, 0x0000, 0x0000, 0x0000, 0x0000, 0x0000, 0x0000, 0x0000, 0x0000,
    0x0000, 0x0000, 0x0000, 0x0000, 0x0000, 0x0000, 0x0000, 0x0000, 0x0000, 0x0000, 0x0000, 0x0000,
    0x0000, 0x0000, 0x0000, 0x0000, 0x0000, 0x0000, 0x0000, 0x0000, 0x0000, 0x0000, 0x0000, 0x0000,
    0x0000, 0x0000, 0x0000, 0x0000, 0x0000, 0x0000, 0x0000, 0x0000, 0x0000, 0x0000, 0x0000, 0x0000,
    0x0000, 0x0000, 0x0000, 0x0000, 0x0000, 0x0000, 0x0000, 0x0000, 0x0000, 0x0000, 0x0000, 0x0000,
    0x0000, 0x0000, 0x0000, 0x0000, 0x0000, 0x0000, 0x0D00, 0x0000, 0x0000, 0x0000, 0x0D00, 0x000D,
    0x0000, 0x0000, 0x0D00, 0x000D, 0x0000, 0x0D0D, 0x0D0D, 0x0D0D, 0x0000, 0x000D, 0x0000, 0x0000,
    0x0000, 0x000D, 0x0000, 0x0000, 0x0000, 0x000D, 0x0000, 0x2222, 0x0000, 0x000D, 0x0000, 0x0620,
    0x0000, 0x0500, 0x0D0D, 0x0D0D, 0x0000, 0x1700, 0x030D, 0x0208, 0x0000, 0x0D1F, 0x0C0D, 0x0006,
    0x0D0D, 0x0D0D, 0x0D0D, 0x0D0D, 0x211F, 0x0D0D, 0x0C0C, 0x0306, 0x2121, 0x170D, 0x001F, 0x0200,
    0x0606, 0x170D, 0x0606, 0x0000, 0x0606, 0x170D, 0x0606, 0x0606, 0x020D, 0x0202, 0x0000, 0x0000,
    0x080D, 0x0000, 0x0000, 0x0000, 0x0D00, 0x0000, 0x0000, 0x0000, 0x0D0D, 0x0D0D, 0x0D0D, 0x0D0D,
    0x0202, 0x0D02, 0x0020, 0x2222, 0x2323, 0x0D03, 0x000D, 0x2422, 0x0202, 0x0223, 0x000D, 0x2200,
    0x0000, 0x0002, 0x0D0D, 0x2200, 0x0000, 0x0D0D, 0x0000, 0x0000, 0x0000, 0x000D, 0x0000, 0x0000,
    0x0000, 0x0D0D, 0x0D0D, 0x0000, 0x0D0D, 0x000D, 0x0000, 0x0000, 0x2222, 0x0022, 0x0000, 0x0000,
    0x2422, 0x0D22, 0x0000, 0x0000, 0x2224, 0x0D22, 0x0000, 0x0000, 0x2422, 0x0D22, 0x0000, 0x0000,
    0x1111, 0x1111, 0x1111, 0x1111, 0x1111, 0x1111, 0x1111, 0x1111, 0x1111, 0x1111, 0x1111, 0x1111,
    0x1111, 0x1111, 0x1111, 0x1111, 0x1111, 0x1111, 0x1111, 0x1111, 0x1111, 0x1111, 0x1111, 0x1111,
    0x1111, 0x1111, 0x1111, 0x1111, 0x1111, 0x1111, 0x1111, 0x1111, 0x1111, 0x1111, 0x1111, 0x1111,
    0x1111, 0x1111, 0x1111, 0x1111, 0x1111, 0x1111, 0x1111, 0x1111, 0x1111, 0x1111, 0x1111, 0x1111,
    0x1111, 0x1111, 0x1111, 0x1111, 0x1111, 0x1111, 0x1111, 0x1111, 0x1111, 0x1111, 0x1111, 0x1111,
    0x1111, 0x1111, 0x1111, 0x1111, 0x1111, 0x1111, 0x1111, 0x1111, 0x1111, 0x1111, 0x1111, 0x1111,
    0x1111, 0x1111, 0x1111, 0x1111, 0x1111, 0x1111, 0x1111, 0x1111, 0x1111, 0x1111, 0x1111, 0x1111,
    0x1111, 0x1111, 0x1111, 0x1111, 0x1111, 0x1111, 0x1111, 0x1111, 0x1111, 0x1111, 0x1111, 0x1111,
    0x1111, 0x1111, 0x1111, 0x1111, 0x1111, 0x1111, 0x1111, 0x1111, 0x1111, 0x1111, 0x1111, 0x1111,
    0x1111, 0x1111, 0x1111, 0x1111, 0x1111, 0x1111, 0x1111, 0x1111, 0x1111, 0x1111, 0x1111, 0x1111,
    0x1111, 0x1111, 0x1111, 0x1111, 0x1111, 0x1111, 0x1111, 0x1111, 0x0000, 0x1A00, 0x1A1A, 0x1919,
    0x0000, 0x0000, 0x1919, 0x1919, 0x0000, 0x191A, 0x1919, 0x1919, 0x1900, 0x1919, 0x1919, 0x1A19,
    0x1900, 0x1919, 0x1A19, 0x1A1A, 0x1918, 0x1919, 0x1A1A, 0x1A1A, 0x191A, 0x1919, 0x1A00, 0x1A1A,
    0x1A1A, 0x1919, 0x1800, 0x1A1A, 0x1919, 0x1919, 0x1919, 0x1919, 0x1919, 0x1919, 0x1919, 0x1919,
    0x1919, 0x1919, 0x1919, 0x1919, 0x191A, 0x1919, 0x1919, 0x1919, 0x1A1A, 0x1919, 0x1919, 0x1919,
    0x1A1A, 0x1919, 0x1919, 0x1919, 0x1A1A, 0x191A, 0x1919, 0x1919, 0x1A1A, 0x191A, 0x1919, 0x1919,
    0x1919, 0x1919, 0x1919, 0x1919, 0x1919, 0x1919, 0x1919, 0x1919, 0x1919, 0x1919, 0x1919, 0x1919,
    0x1919, 0x1919, 0x1919, 0x1919, 0x1919, 0x1919, 0x1919, 0x0019, 0x1919, 0x1919, 0x1919, 0x181A,
    0x1919, 0x1919, 0x1919, 0x1A1A, 0x1919, 0x1919, 0x1919, 0x1A18, 0x1919, 0x0000, 0x0000, 0x0000,
    0x1919, 0x0019, 0x0000, 0x0000, 0x1919, 0x1919, 0x0000, 0x0000, 0x1918, 0x1919, 0x0019, 0x0000,
    0x1800, 0x1919, 0x1919, 0x0000, 0x0000, 0x1918, 0x1919, 0x0000, 0x0018, 0x1800, 0x1919, 0x0019,
    0x181A, 0x1900, 0x1919, 0x0019, 0x0000, 0x0000, 0x0000, 0x0000, 0x0000, 0x0000, 0x0000, 0x0000,
    0x0000, 0x0000, 0x0000, 0x0000, 0x0000, 0x0000, 0x0000, 0x0000, 0x0000, 0x0000, 0x0000, 0x0000,
    0x0000, 0x0000, 0x0000, 0x0000, 0x0000, 0x0000, 0x0000, 0x2222, 0x0000, 0x0000, 0x0000, 0x2220,
    0x0000, 0x0000, 0x0000, 0x0000, 0x0000, 0x0000, 0x0000, 0x0000, 0x0000, 0x0000, 0x0000, 0x0000,
    0x0000, 0x0000, 0x0000, 0x0000, 0x0000, 0x0000, 0x0000, 0x0000, 0x0000, 0x0000, 0x0000, 0x0000,
    0x2022, 0x0000, 0x0000, 0x0000, 0x2020, 0x0020, 0x0000, 0x0000, 0x0000, 0x0000, 0x0000, 0x0000,
    0x0000, 0x0000, 0x0000, 0x0000, 0x0000, 0x0000, 0x0000, 0x0000, 0x0000, 0x2020, 0x0000, 0x0000,
    0x2000, 0x2022, 0x0020, 0x2222, 0x0000, 0x1720, 0x0000, 0x2422, 0x0000, 0x0000, 0x0025, 0x2200,
    0x0000, 0x0000, 0x2617, 0x2200, 0x0000, 0x0000, 0x0000, 0x0000, 0x0000, 0x0000, 0x0000, 0x0000,
    0x0000, 0x0000, 0x0000, 0x0000, 0x0000, 0x0000, 0x0000, 0x0000, 0x2222, 0x0022, 0x0000, 0x0000,
    0x2422, 0x0022, 0x0000, 0x0000, 0x2224, 0x0022, 0x0000, 0x0000, 0x2422, 0x0022, 0x0000, 0x0000,
    0x000D, 0x000D, 0x0000, 0x0600, 0x000D, 0x000D, 0x0000, 0x0000, 0x0D0D, 0x170D, 0x1717, 0x1717,
    0x0D29, 0x170D, 0x2626, 0x2626, 0x0029, 0x0D0D, 0x200D, 0x2020, 0x1300, 0x0D0D, 0x0D0D, 0x0D0D,
    0x2013, 0x260D, 0x000D, 0x0021, 0x2A20, 0x210D, 0x0D26, 0x000D, 0x0D0D, 0x0D0D, 0x1F21, 0x0306,
    0x0606, 0x1F06, 0x0606, 0x0306, 0x0606, 0x0621, 0x0006, 0x1F00, 0x0613, 0x0606, 0x0003, 0x1F1F,
    0x2620, 0x0306, 0x2323, 0x1F1F, 0x0D0D, 0x0D0D, 0x0D0D, 0x0D0D, 0x1700, 0x2626, 0x1F21, 0x2525,
    0x2617, 0x262A, 0x211F, 0x171F, 0x0003, 0x0000, 0x0D17, 0x0D0D, 0x0003, 0x0000, 0x1725, 0x0D0C,
    0x001F, 0x2500, 0x1717, 0x0026, 0x0000, 0x1725, 0x1726, 0x1326, 0x2500, 0x2617, 0x2617, 0x2017,
    0x170D, 0x1726, 0x2613, 0x0D0D, 0x260D, 0x1700, 0x0D13, 0x0017, 0x000D, 0x1325, 0x2A0D, 0x1726,
    0x220D, 0x0D22, 0x0000, 0x0000, 0x000D, 0x0D00, 0x0000, 0x0000, 0x130D, 0x0D13, 0x0000, 0x0000,
    0x000D, 0x0D00, 0x0000, 0x0000, 0x200D, 0x0D20, 0x002A, 0x0000, 0x212A, 0x0D2A, 0x2A2B, 0x0000,
    0x2100, 0x0D00, 0x2B0D, 0x002A, 0x2100, 0x2100, 0x000D, 0x2A2B, 0x0000, 0x0000, 0x0000, 0x0000,
    0x0000, 0x0000, 0x0000, 0x0000, 0x0F0F, 0x0F0F, 0x0F0F, 0x0F0F, 0x280F, 0x2727, 0x2727, 0x2727,
    0x280F, 0x2728, 0x2828, 0x2828, 0x280F, 0x280F, 0x2727, 0x2727, 0x280F, 0x2728, 0x2828, 0x2828,
    0x280F, 0x280F, 0x2727, 0x2727, 0x0000, 0x0000, 0x0000, 0x0000, 0x0F00, 0x2727, 0x2727, 0x0027,
    0x270F, 0x2828, 0x2828, 0x0027, 0x2827, 0x2727, 0x2727, 0x0027, 0x2728, 0x2828, 0x2728, 0x0027,
    0x2827, 0x2727, 0x2727, 0x0027, 0x2728, 0x2828, 0x2828, 0x0027, 0x2827, 0x2727, 0x2727, 0x0027,
    0x1111, 0x1111, 0x1111, 0x1111, 0x1111, 0x1111, 0x1111, 0x1111, 0x1111, 0x1111, 0x1111, 0x1111,
    0x1111, 0x1111, 0x1111, 0x1111, 0x1111, 0x1111, 0x1111, 0x1111, 0x1111, 0x1111, 0x1111, 0x1111,
    0x1111, 0x1111, 0x1111, 0x1111, 0x1111, 0x1111, 0x1111, 0x1111, 0x1111, 0x1111, 0x1111, 0x1111,
    0x1111, 0x1111, 0x1111, 0x1111, 0x1111, 0x1111, 0x1111, 0x1111, 0x1111, 0x1111, 0x1111, 0x1111,
    0x1111, 0x1111, 0x1111, 0x1111, 0x1111, 0x1111, 0x1111, 0x1111, 0x1111, 0x1111, 0x1111, 0x1111,
    0x1111, 0x1111, 0x1111, 0x1111, 0x1A1A, 0x1919, 0x0000, 0x1A1A, 0x1A1A, 0x1919, 0x0000, 0x1A18,
    0x1A1A, 0x1919, 0x0000, 0x1800, 0x1A1A, 0x1919, 0x0000, 0x0000, 0x0018, 0x1919, 0x0000, 0x0000,
    0x1900, 0x1919, 0x1919, 0x0018, 0x1900, 0x1919, 0x1919, 0x1819, 0x1900, 0x1919, 0x1819, 0x1B18,
    0x1A1A, 0x191A, 0x1919, 0x1919, 0x1A1A, 0x191A, 0x1919, 0x1919, 0x1A1A, 0x191A, 0x1919, 0x1919,
    0x1A18, 0x191A, 0x1919, 0x1919, 0x1A00, 0x191A, 0x1919, 0x1919, 0x1800, 0x191A, 0x1919, 0x1919,
    0x0000, 0x1900, 0x191A, 0x191A, 0x0000, 0x1A18, 0x1A19, 0x1A19, 0x1919, 0x1919, 0x1919, 0x1A00,
    0x1919, 0x1919, 0x1919, 0x1A00, 0x1919, 0x1919, 0x0019, 0x1A00, 0x1919, 0x1919, 0x0019, 0x1A00,
    0x1919, 0x1919, 0x0019, 0x1A00, 0x1919, 0x1919, 0x0019, 0x1800, 0x191A, 0x191A, 0x001A, 0x1800,
    0x1A19, 0x1A19, 0x0019, 0x1900, 0x1A1A, 0x1900, 0x1919, 0x0000, 0x1A1A, 0x1900, 0x1919, 0x0000,
    0x181A, 0x1900, 0x0019, 0x0000, 0x001A, 0x1900, 0x0019, 0x0000, 0x001A, 0x1900, 0x0019, 0x0000,
    0x1918, 0x1919, 0x1819, 0x0000, 0x1919, 0x1919, 0x1919, 0x0000, 0x1818, 0x1919, 0x1919, 0x0000,
    0x0000, 0x0000, 0x0000, 0x2000, 0x0000, 0x0000, 0x0000, 0x0000, 0x2529, 0x1717, 0x1717, 0x1717,
    0x2629, 0x1726, 0x2626, 0x2626, 0x0029, 0x1726, 0x2020, 0x2020, 0x1300, 0x2620, 0x2A17, 0x2A21,
    0x2013, 0x262A, 0x0017, 0x0021, 0x2A20, 0x2100, 0x1726, 0x0021, 0x2021, 0x0000, 0x0000, 0x0000,
    0x2100, 0x0000, 0x0000, 0x0000, 0x1726, 0x0000, 0x0000, 0x0000, 0x2613, 0x0017, 0x0000, 0x0000,
    0x2620, 0x0017, 0x0000, 0x0000, 0x202A, 0x1726, 0x0000, 0x0000, 0x1700, 0x2626, 0x2517, 0x2525,
    0x2617, 0x262A, 0x1717, 0x1717, 0x0000, 0x0000, 0x2617, 0x0C00, 0x0000, 0x0000, 0x1725, 0x0C0C,
    0x0000, 0x2500, 0x1717, 0x0026, 0x0000, 0x1725, 0x1726, 0x1326, 0x2500, 0x2617, 0x2617, 0x2017,
    0x1725, 0x1726, 0x2613, 0x2A17, 0x2617, 0x1700, 0x2613, 0x0017, 0x0026, 0x1325, 0x2A20, 0x1726,
    0x220C, 0x0022, 0x0000, 0x0000, 0x000C, 0x0000, 0x0000, 0x0000, 0x1313, 0x0013, 0x0000, 0x0000,
    0x0000, 0x0000, 0x0000, 0x0000, 0x2020, 0x2A20, 0x002A, 0x0000, 0x212A, 0x2B2A, 0x2A2B, 0x0000,
    0x2100, 0x0000, 0x2B21, 0x002A, 0x2100, 0x2100, 0x0000, 0x2A2B, 0x242A, 0x000D, 0x1726, 0x0D1F,
    0x242A, 0x210D, 0x1F21, 0x1F0C, 0x242A, 0x0D0D, 0x2100, 0x171F, 0x242A, 0x0D00, 0x0D0D, 0x0D0D,
    0x2B2A, 0x2100, 0x0000, 0x0021, 0x2A00, 0x002B, 0x0000, 0x0021, 0x0000, 0x2B2A, 0x2424, 0x2424,
    0x0000, 0x2A00, 0x2A2A, 0x2A2A, 0x0D0D, 0x0D0D, 0x210D, 0x261F, 0x1717, 0x1717, 0x210D, 0x261F,
    0x0017, 0x172B, 0x0D26, 0x0D0D, 0x0D0D, 0x0D0D, 0x0D0D, 0x0A0A, 0x2626, 0x1726, 0x0C17, 0x0D0D,
    0x2A00, 0x2620, 0x2626, 0x2626, 0x202B, 0x0000, 0x0000, 0x0000, 0x002A, 0x0000, 0x0000, 0x0000,
    0x0D0D, 0x0D0D, 0x2B0D, 0x2600, 0x170D, 0x1326, 0x242A, 0x2121, 0x260D, 0x0000, 0x242A, 0x0000,
    0x000D, 0x0000, 0x242A, 0x0000, 0x0D0D, 0x0D0D, 0x0D0D, 0x0D0D, 0x0D00, 0x000D, 0x2A00, 0x002B,
    0x0000, 0x000D, 0x0000, 0x2B2A, 0x0000, 0x000D, 0x0000, 0x2A00, 0x1F17, 0x0021, 0x000D, 0x2A24,
    0x0C26, 0x211F, 0x210D, 0x2A24, 0x1F21, 0x2121, 0x000D, 0x2A24, 0x0021, 0x0D21, 0x000D, 0x2A24,
    0x0D0D, 0x0D0D, 0x0000, 0x2A2B, 0x0000, 0x0021, 0x2B00, 0x002A, 0x2424, 0x2424, 0x2A2B, 0x0000,
    0x2A2A, 0x2A2A, 0x002A, 0x0000, 0x280F, 0x2728, 0x2828, 0x2828, 0x2800, 0x280F, 0x2727, 0x2727,
    0x0F00, 0x2828, 0x2828, 0x2828, 0x0F00, 0x0F28, 0x2728, 0x2727, 0x0F00, 0x2828, 0x2828, 0x2828,
    0x0F00, 0x0F28, 0x2728, 0x2727, 0x0F00, 0x2828, 0x2727, 0x2727, 0x0000, 0x0000, 0x0000, 0x0000,
    0x2728, 0x2828, 0x2828, 0x0F28, 0x2827, 0x2727, 0x2727, 0x2727, 0x2728, 0x2828, 0x2828, 0x2728,
    0x2827, 0x2727, 0x2727, 0x2727, 0x2728, 0x2727, 0x2727, 0x2727, 0x2727, 0x0000, 0x0000, 0x0000,
    0x0027, 0x0000, 0x0000, 0x0000, 0x0000, 0x0000, 0x0000, 0x0000, 0x1111, 0x1111, 0x1111, 0x1111,
    0x1111, 0x1111, 0x1111, 0x1111, 0x1111, 0x1111, 0x1111, 0x1111, 0x1111, 0x1111, 0x1111, 0x1111,
    0x1111, 0x1111, 0x1111, 0x1111, 0x1111, 0x1111, 0x1111, 0x1111, 0x1111, 0x1111, 0x1111, 0x1111,
    0x1111, 0x1111, 0x1111, 0x1111, 0x1111, 0x1111, 0x1111, 0x1111, 0x1111, 0x1111, 0x1111, 0x1111,
    0x1111, 0x1111, 0x1111, 0x1111, 0x1111, 0x1111, 0x1111, 0x1111, 0x1111, 0x1111, 0x1111, 0x1111,
    0x1111, 0x1111, 0x1111, 0x1111, 0x1111, 0x1111, 0x1111, 0x1111, 0x1111, 0x1111, 0x1111, 0x1111,
    0x1900, 0x1919, 0x1819, 0x0000, 0x0000, 0x0000, 0x1B18, 0x0000, 0x0000, 0x0000, 0x0000, 0x0000,
    0x0000, 0x0000, 0x0000, 0x0000, 0x0000, 0x0000, 0x0000, 0x0000, 0x0000, 0x0000, 0x0000, 0x0000,
    0x0000, 0x0000, 0x0000, 0x0000, 0x0000, 0x0000, 0x0000, 0x0000, 0x0000, 0x1800, 0x191A, 0x191A,
    0x0000, 0x1A00, 0x1A19, 0x1A19, 0x0000, 0x1800, 0x181A, 0x191A, 0x0000, 0x0000, 0x1A18, 0x1A18,
    0x0000, 0x0000, 0x1800, 0x181A, 0x0000, 0x0000, 0x1A18, 0x1A18, 0x0000, 0x0000, 0x1800, 0x1800,
    0x0000, 0x0000, 0x0000, 0x0000, 0x1A1A, 0x191A, 0x0018, 0x0000, 0x1A19, 0x1819, 0x0000, 0x0000,
    0x191A, 0x0018, 0x0000, 0x0000, 0x1A18, 0x0018, 0x0000, 0x0000, 0x181A, 0x0000, 0x0000, 0x0000,
    0x0018, 0x0018, 0x0000, 0x0000, 0x0000, 0x0000, 0x0000, 0x0000, 0x0000, 0x0000, 0x0000, 0x0000,
    0x1800, 0x1919, 0x1819, 0x0000, 0x1B00, 0x0018, 0x0000, 0x0000, 0x0000, 0x0000, 0x0000, 0x0000,
    0x0000, 0x0000, 0x0000, 0x0000, 0x0000, 0x0000, 0x0000, 0x0000, 0x0000, 0x0000, 0x0000, 0x0000,
    0x0000, 0x0000, 0x0000, 0x0000, 0x0000, 0x0000, 0x0000, 0x0000, 0x242A, 0x0000, 0x1726, 0x171F,
    0x242A, 0x2121, 0x1F21, 0x1F0C, 0x242A, 0x0000, 0x2100, 0x171F, 0x242A, 0x0000, 0x0021, 0x2621,
    0x2B2A, 0x2100, 0x0000, 0x0021, 0x2A00, 0x002B, 0x0000, 0x0021, 0x0000, 0x2B2A, 0x2424, 0x2424,
    0x0000, 0x2A00, 0x2A2A, 0x2A2A, 0x2525, 0x2525, 0x2525, 0x2626, 0x1717, 0x1717, 0x1717, 0x2617,
    0x0017, 0x172B, 0x2117, 0x171F, 0x1717, 0x1717, 0x1717, 0x1721, 0x2626, 0x1726, 0x1717, 0x1717,
    0x2A00, 0x2620, 0x2626, 0x2626, 0x202B, 0x0000, 0x0000, 0x0000, 0x002A, 0x0000, 0x0000, 0x0000,
    0x2500, 0x1317, 0x2B2A, 0x2600, 0x1725, 0x1326, 0x242A, 0x2121, 0x2613, 0x0000, 0x242A, 0x0000,
    0x0026, 0x0000, 0x242A, 0x0000, 0x0026, 0x0000, 0x2B2A, 0x2100, 0x0000, 0x0000, 0x2A00, 0x002B,
    0x0000, 0x0000, 0x0000, 0x2B2A, 0x0000, 0x0000, 0x0000, 0x2A00, 0x1F17, 0x0021, 0x0000, 0x2A24,
    0x0C26, 0x211F, 0x2121, 0x2A24, 0x1F21, 0x2121, 0x0000, 0x2A24, 0x0021, 0x0021, 0x0021, 0x2A24,
    0x0000, 0x0021, 0x0000, 0x2A2B, 0x0000, 0x0021, 0x2B00, 0x002A, 0x2424, 0x2424, 0x2A2B, 0x0000,
    0x2A2A, 0x2A2A, 0x002A, 0x0000, 0x0000, 0x0000, 0x0000, 0x0000, 0x0000, 0x0000, 0x0000, 0x0000,
    0x0000, 0x0000, 0x0000, 0x0000, 0x0000, 0x0000, 0x0000, 0x0000, 0x0000, 0x0000, 0x0000, 0x0000,
    0x0000, 0x0000, 0x0000, 0x0000, 0x0000, 0x0000, 0x0000, 0x0000, 0x0000, 0x0000, 0x0000, 0x0000,
    0x0000, 0x0000, 0x0000, 0x0000, 0x0000, 0x0000, 0x0000, 0x0000, 0x0000, 0x0000, 0x0000, 0x0000,
    0x0000, 0x0000, 0x0000, 0x0000, 0x0000, 0x0000, 0x0000, 0x0000, 0x0000, 0x0000, 0x0000, 0x0000,
    0x0000, 0x0000, 0x0000, 0x0000, 0x0000, 0x0000, 0x0000, 0x0000, 0x0000, 0x0000, 0x0000, 0x0000,
    0x0000, 0x0000, 0x0000, 0x0000, 0x0000, 0x0000, 0x0000, 0x0000, 0x0000, 0x0000, 0x0000, 0x0000,
    0x0000, 0x0000, 0x0000, 0x0000, 0x0000, 0x0000, 0x0000, 0x0000, 0x0000, 0x0000, 0x0000, 0x0000,
    0x0000, 0x0000, 0x0000, 0x0000, 0x0000, 0x0000, 0x0000, 0x0000, 0x0000, 0x0000, 0x0000, 0x0000,
    0x0000, 0x0000, 0x0000, 0x0000, 0x0000, 0x0000, 0x0000, 0x0000, 0x0000, 0x0000, 0x0000, 0x0000,
    0x0000, 0x0000, 0x0000, 0x0000, 0x0000, 0x0000, 0x0000, 0x0000, 0x0000, 0x0000, 0x0000, 0x0000,
    0x0000, 0x0000, 0x0000, 0x0000, 0x0000, 0x0000, 0x0000, 0x0000, 0x0000, 0x0000, 0x0000, 0x0000,
    0x0000, 0x0000, 0x0000, 0x0000, 0x0000, 0x0000, 0x0000, 0x0000, 0x0000, 0x0000, 0x0000, 0x0000,
    0x0000, 0x0000, 0x0000, 0x0000, 0x0000, 0x0000, 0x0000, 0x0000, 0x0000, 0x0000, 0x0000, 0x0000,
    0x0000, 0x0000, 0x0000, 0x0000, 0x0000, 0x0000, 0x0000, 0x0000, 0x0000, 0x0000, 0x0000, 0x0000,
    0x0000, 0x0000, 0x0000, 0x0000, 0x0000, 0x0000, 0x0000, 0x0000, 0x0000, 0x0000, 0x0000, 0x0000,
    0x0000, 0x0000, 0x0000, 0x0000, 0x0000, 0x0000, 0x0000, 0x0000, 0x0000, 0x0000, 0x0000, 0x0000,
    0x0000, 0x0000, 0x0000, 0x0000, 0x0000, 0x0000, 0x0000, 0x0000, 0x0000, 0x0000, 0x0000, 0x0000,
    0x0000, 0x0000, 0x0000, 0x0000, 0x0000, 0x0000, 0x0000, 0x0000, 0x0000, 0x0000, 0x0000, 0x0000,
    0x0000, 0x0000, 0x0000, 0x0000, 0x0000, 0x0000, 0x0000, 0x0000, 0x0000, 0x0000, 0x0000, 0x0000,
    0x0000, 0x0000, 0x0000, 0x0000, 0x0000, 0x0000, 0x0000, 0x0000, 0x0000, 0x0000, 0x0000, 0x0000,
    0x0000, 0x0000, 0x0000, 0x0000, 0x0000, 0x0000, 0x0000, 0x0000, 0x0000, 0x0000, 0x0000, 0x0000,
    0x0000, 0x0000, 0x0000, 0x0000, 0x0000, 0x0000, 0x0000, 0x0000, 0x0000, 0x0000, 0x0000, 0x0000,
    0x0000, 0x0000, 0x0000, 0x0000, 0x0000, 0x0000, 0x0000, 0x0000, 0x0000, 0x0000, 0x0000, 0x0000,
    0x0000, 0x0000, 0x0000, 0x0000, 0x0000, 0x0000, 0x0000, 0x0000, 0x0000, 0x0000, 0x0000, 0x0000,
    0x0000, 0x0000, 0x0000, 0x0000, 0x0000, 0x0000, 0x0000, 0x0000, 0x0000, 0x0000, 0x0000, 0x0000,
    0x0000, 0x0000, 0x0000, 0x0000, 0x0000, 0x0000, 0x0000, 0x0000, 0x0000, 0x0000, 0x0000, 0x0000,
    0x0000, 0x0000, 0x0000, 0x0000, 0x0000, 0x0000, 0x0000, 0x0000, 0x0000, 0x0000, 0x0000, 0x0000,
    0x0000, 0x0000, 0x0000, 0x0000, 0x0000, 0x0000, 0x0000, 0x0000, 0x0000, 0x0000, 0x0000, 0x0000,
    0x0000, 0x0000, 0x0000, 0x0000, 0x0000, 0x0000, 0x0000, 0x0000, 0x0000, 0x0000, 0x0000, 0x0000,
    0x0000, 0x0000, 0x0000, 0x0000, 0x0000, 0x0000, 0x0000, 0x0000, 0x0000, 0x0000, 0x0000, 0x0000,
    0x0000, 0x0000, 0x0000, 0x0000, 0x0000, 0x0000, 0x0000, 0x0000, 0x0000, 0x0000, 0x0000, 0x0000,
    0x0000, 0x0000, 0x0000, 0x0000, 0x0000, 0x0000, 0x0000, 0x0000, 0x0000, 0x0000, 0x0000, 0x0000,
    0x0000, 0x0000, 0x0000, 0x0000, 0x0000, 0x0000, 0x0000, 0x0000, 0x0000, 0x0000, 0x0000, 0x0000,
    0x0000, 0x0000, 0x0000, 0x0000, 0x0000, 0x0000, 0x0000, 0x0000, 0x0000, 0x0000, 0x0000, 0x0000,
    0x0000, 0x0000, 0x0000, 0x0000, 0x0000, 0x0000, 0x0000, 0x0000, 0x0000, 0x0000, 0x0000, 0x0000,
    0x0000, 0x0000, 0x0000, 0x0000, 0x0000, 0x0000, 0x0000, 0x0000, 0x0000, 0x0000, 0x0000, 0x0000,
    0x0000, 0x0000, 0x0000, 0x0000, 0x0000, 0x0000, 0x0000, 0x0000, 0x0000, 0x0000, 0x0000, 0x0000,
    0x0000, 0x0000, 0x0000, 0x0000, 0x0000, 0x0000, 0x0000, 0x0000, 0x0000, 0x0000, 0x0000, 0x0000,
    0x0000, 0x0000, 0x0000, 0x0000, 0x0000, 0x0000, 0x0000, 0x0000, 0x0000, 0x0000, 0x0000, 0x0000,
    0x0000, 0x0000, 0x0000, 0x0000, 0x0000, 0x0000, 0x0000, 0x0000, 0x0000, 0x0000, 0x0000, 0x0000,
    0x0000, 0x0000, 0x0000, 0x0000, 0x0000, 0x0000, 0x0000, 0x0000, 0x0000, 0x0000, 0x0000, 0x0000,
    0x0000, 0x0000, 0x0000, 0x0000, 0x0000, 0x0000, 0x0000, 0x0000, 0x0000, 0x0000, 0x0000, 0x0000,
    0x0000, 0x0000, 0x0000, 0x0000, 0x0000, 0x0000, 0x0000, 0x0000, 0x0000, 0x0000, 0x0000, 0x0000,
    0x0000, 0x0000, 0x0000, 0x0000, 0x0000, 0x0000, 0x0000, 0x0000, 0x0000, 0x0000, 0x0000, 0x0000,
    0x0000, 0x0000, 0x0000, 0x0000, 0x0000, 0x0000, 0x0000, 0x0000, 0x0000, 0x0000, 0x0000, 0x0000,
    0x0000, 0x0000, 0x0000, 0x0000, 0x0000, 0x0000, 0x0000, 0x0000, 0x0000, 0x0000, 0x0000, 0x0000,
    0x0000, 0x0000, 0x0000, 0x0000, 0x0000, 0x0000, 0x0000, 0x0000, 0x0000, 0x0000, 0x0000, 0x0000,
    0x0000, 0x0000, 0x0000, 0x0000, 0x0000, 0x0000, 0x0000, 0x0000, 0x0000, 0x0000, 0x0000, 0x0000,
    0x0000, 0x0000, 0x0000, 0x0000, 0x0000, 0x0000, 0x0000, 0x0000, 0x0000, 0x0000, 0x0000, 0x0000,
    0x0000, 0x0000, 0x0000, 0x0000, 0x0000, 0x0000, 0x0000, 0x0000, 0x0000, 0x0000, 0x0000, 0x0000,
    0x0000, 0x0000, 0x0000, 0x0000, 0x0000, 0x0000, 0x0000, 0x0000, 0x0000, 0x0000, 0x0000, 0x0000,
    0x0000, 0x0000, 0x0000, 0x0000, 0x0000, 0x0000, 0x0000, 0x0000, 0x0000, 0x0000, 0x0000, 0x0000,
    0x0000, 0x0000, 0x0000, 0x0000, 0x0000, 0x0000, 0x0000, 0x0000, 0x0000, 0x0000, 0x0000, 0x0000,
    0x0000, 0x0000, 0x0000, 0x0000, 0x0000, 0x0000, 0x0000, 0x0000, 0x0000, 0x0000, 0x0000, 0x0000,
    0x0000, 0x0000, 0x0000, 0x0000, 0x0000, 0x0000, 0x0000, 0x0000, 0x0000, 0x0000, 0x0000, 0x0000,
    0x0000, 0x0000, 0x0000, 0x0000, 0x0000, 0x0000, 0x0000, 0x0000, 0x0000, 0x0000, 0x0000, 0x0000,
    0x0000, 0x0000, 0x0000, 0x0000, 0x0000, 0x0000, 0x0000, 0x0000, 0x0000, 0x0000, 0x0000, 0x0000,
    0x0000, 0x0000, 0x0000, 0x0000, 0x0000, 0x0000, 0x0000, 0x0000, 0x0000, 0x0000, 0x0000, 0x0000,
    0x0000, 0x0000, 0x0000, 0x0000, 0x0000, 0x0000, 0x0000, 0x0000, 0x0000, 0x0000, 0x0000, 0x0000,
    0x0000, 0x0000, 0x0000, 0x0000, 0x0000, 0x0000, 0x0000, 0x0000, 0x0000, 0x0000, 0x0000, 0x0000,
    0x0000, 0x0000, 0x0000, 0x0000, 0x0000, 0x0000, 0x0000, 0x0000, 0x0000, 0x0000, 0x0000, 0x0000,
    0x0000, 0x0000, 0x0000, 0x0000, 0x0000, 0x0000, 0x0000, 0x0000, 0x0000, 0x0000, 0x0000, 0x0000,
    0x0000, 0x0000, 0x0000, 0x0000, 0x0000, 0x0000, 0x0000, 0x0000, 0x0000, 0x0000, 0x0000, 0x0000,
    0x0000, 0x0000, 0x0000, 0x0000, 0x0000, 0x0000, 0x0000, 0x0000, 0x0000, 0x0000, 0x0000, 0x0000,
    0x0000, 0x0000, 0x0000, 0x0000, 0x0000, 0x0000, 0x0000, 0x0000, 0x0000, 0x0000, 0x0000, 0x0000,
    0x0000, 0x0000, 0x0000, 0x0000, 0x0000, 0x0000, 0x0000, 0x0000, 0x0000, 0x0000, 0x0000, 0x0000,
    0x0000, 0x0000, 0x0000, 0x0000, 0x0000, 0x0000, 0x0000, 0x0000, 0x0000, 0x0000, 0x0000, 0x0000,
    0x0000, 0x0000, 0x0000, 0x0000, 0x0000, 0x0000, 0x0000, 0x0000, 0x0000, 0x0000, 0x0000, 0x0000,
    0x0000, 0x0000, 0x0000, 0x0000, 0x0000, 0x0000, 0x0000, 0x0000, 0x0000, 0x0000, 0x0000, 0x0000,
    0x0000, 0x0000, 0x0000, 0x0000, 0x0000, 0x0000, 0x0000, 0x0000, 0x0000, 0x0000, 0x0000, 0x0000,
    0x0000, 0x0000, 0x0000, 0x0000, 0x0000, 0x0000, 0x0000, 0x0000, 0x0000, 0x0000, 0x0000, 0x0000,
    0x0000, 0x0000, 0x0000, 0x0000, 0x0000, 0x0000, 0x0000, 0x0000, 0x0000, 0x0000, 0x0000, 0x0000,
    0x0000, 0x0000, 0x0000, 0x0000, 0x0000, 0x0000, 0x0000, 0x0000, 0x0000, 0x0000, 0x0000, 0x0000,
    0x0000, 0x0000, 0x0000, 0x0000, 0x0000, 0x0000, 0x0000, 0x0000, 0x0000, 0x0000, 0x0000, 0x0000,
    0x0000, 0x0000, 0x0000, 0x0000, 0x0000, 0x0000, 0x0000, 0x0000, 0x0000, 0x0000, 0x0000, 0x0000,
    0x0000, 0x0000, 0x0000, 0x0000, 0x0000, 0x0000, 0x0000, 0x0000, 0x0000, 0x0000, 0x0000, 0x0000,
    0x0000, 0x0000, 0x0000, 0x0000, 0x0000, 0x0000, 0x0000, 0x0000, 0x0000, 0x0000, 0x0000, 0x0000,
    0x0000, 0x0000, 0x0000, 0x0000, 0x0000, 0x0000, 0x0000, 0x0000, 0x0000, 0x0000, 0x0000, 0x0000,
    0x0000, 0x0000, 0x0000, 0x0000, 0x0000, 0x0000, 0x0000, 0x0000, 0x0000, 0x0000, 0x0000, 0x0000,
    0x0000, 0x0000, 0x0000, 0x0000, 0x0000, 0x0000, 0x0000, 0x0000, 0x0000, 0x0000, 0x0000, 0x0000,
    0x0000, 0x0000, 0x0000, 0x0000, 0x0000, 0x0000, 0x0000, 0x0000, 0x0000, 0x0000, 0x0000, 0x0000,
    0x0000, 0x0000, 0x0000, 0x0000, 0x0000, 0x0000, 0x0000, 0x0000, 0x0000, 0x0000, 0x0000, 0x0000,
    0x0000, 0x0000, 0x0000, 0x0000, 0x0000, 0x0000, 0x0000, 0x0000, 0x0000, 0x0000, 0x0000, 0x0000,
    0x0000, 0x0000, 0x0000, 0x0000, 0x0000, 0x0000, 0x0000, 0x0000, 0x0000, 0x0000, 0x0000, 0x0000,
    0x0000, 0x0000, 0x0000, 0x0000, 0x0000, 0x0000, 0x0000, 0x0000, 0x0000, 0x0000, 0x0000, 0x0000,
    0x0000, 0x0000, 0x0000, 0x0000, 0x0000, 0x0000, 0x0000, 0x0000, 0x0000, 0x0000, 0x0000, 0x0000,
    0x0000, 0x0000, 0x0000, 0x0000, 0x0000, 0x0000, 0x0000, 0x0000, 0x0000, 0x0000, 0x0000, 0x0000,
    0x0000, 0x0000, 0x0000, 0x0000, 0x0000, 0x0000, 0x0000, 0x0000, 0x0000, 0x0000, 0x0000, 0x0000,
    0x0000, 0x0000, 0x0000, 0x0000, 0x0000, 0x0000, 0x0000, 0x0000, 0x0000, 0x0000, 0x0000, 0x0000,
    0x0000, 0x0000, 0x0000, 0x0000, 0x0000, 0x0000, 0x0000, 0x0000, 0x0000, 0x0000, 0x0000, 0x0000,
    0x0000, 0x0000, 0x0000, 0x0000, 0x0000, 0x0000, 0x0000, 0x0000, 0x0000, 0x0000, 0x0000, 0x0000,
    0x0000, 0x0000, 0x0000, 0x0000, 0x0000, 0x0000, 0x0000, 0x0000, 0x0000, 0x0000, 0x0000, 0x0000,
    0x0000, 0x0000, 0x0000, 0x0000, 0x0000, 0x0000, 0x0000, 0x0000, 0x0000, 0x0000, 0x0000, 0x0000,
    0x0000, 0x0000, 0x0000, 0x0000, 0x0000, 0x0000, 0x0000, 0x0000, 0x0000, 0x0000, 0x0000, 0x0000,
    0x0000, 0x0000, 0x0000, 0x0000, 0x0000, 0x0000, 0x0000, 0x0000, 0x0000, 0x0000, 0x0000, 0x0000,
    0x0000, 0x0000, 0x0000, 0x0000, 0x0000, 0x0000, 0x0000, 0x0000, 0x0000, 0x0000, 0x0000, 0x0000,
    0x0000, 0x0000, 0x0000, 0x0000, 0x0000, 0x0000, 0x0000, 0x0000, 0x0000, 0x0000, 0x0000, 0x0000,
    0x0000, 0x0000, 0x0000, 0x0000, 0x0000, 0x0000, 0x0000, 0x0000, 0x0000, 0x0000, 0x0000, 0x0000,
    0x0000, 0x0000, 0x0000, 0x0000, 0x0000, 0x0000, 0x0000, 0x0000, 0x0000, 0x0000, 0x0000, 0x0000,
    0x0000, 0x0000, 0x0000, 0x0000, 0x0000, 0x0000, 0x0000, 0x0000, 0x0000, 0x0000, 0x0000, 0x0000,
    0x0000, 0x0000, 0x0000, 0x0000, 0x0000, 0x0000, 0x0000, 0x0000, 0x0000, 0x0000, 0x0000, 0x0000,
    0x0000, 0x0000, 0x0000, 0x0000, 0x0000, 0x0000, 0x0000, 0x0000, 0x0000, 0x0000, 0x0000, 0x0000,
    0x0000, 0x0000, 0x0000, 0x0000, 0x0000, 0x0000, 0x0000, 0x0000, 0x0000, 0x0000, 0x0000, 0x0000,
    0x0000, 0x0000, 0x0000, 0x0000, 0x0000, 0x0000, 0x0000, 0x0000, 0x0000, 0x0000, 0x0000, 0x0000,
    0x0000, 0x0000, 0x0000, 0x0000, 0x0000, 0x0000, 0x0000, 0x0000, 0x0000, 0x0000, 0x0000, 0x0000,
    0x0000, 0x0000, 0x0000, 0x0000, 0x0000, 0x0000, 0x0000, 0x0000, 0x0000, 0x0000, 0x0000, 0x0000,
    0x0000, 0x0000, 0x0000, 0x0000, 0x0000, 0x0000, 0x0000, 0x0000, 0x0000, 0x0000, 0x0000, 0x0000,
    0x0000, 0x0000, 0x0000, 0x0000, 0x0000, 0x0000, 0x0000, 0x0000, 0x0000, 0x0000, 0x0000, 0x0000,
    0x0000, 0x0000, 0x0000, 0x0000, 0x0000, 0x0000, 0x0000, 0x0000, 0x0000, 0x0000, 0x0000, 0x0000,
    0x0000, 0x0000, 0x0000, 0x0000, 0x0000, 0x0000, 0x0000, 0x0000, 0x0000, 0x0000, 0x0000, 0x0000,
    0x0000, 0x0000, 0x0000, 0x0000, 0x0000, 0x0000, 0x0000, 0x0000, 0x0000, 0x0000, 0x0000, 0x0000,
    0x0000, 0x0000, 0x0000, 0x0000, 0x0000, 0x0000, 0x0000, 0x0000, 0x0000, 0x0000, 0x0000, 0x0000,
    0x0000, 0x0000, 0x0000, 0x0000, 0x0000, 0x0000, 0x0000, 0x0000, 0x0000, 0x0000, 0x0000, 0x0000,
    0x0000, 0x0000, 0x0000, 0x0000, 0x0000, 0x0000, 0x0000, 0x0000, 0x0000, 0x0000, 0x0000, 0x0000,
    0x0000, 0x0000, 0x0000, 0x0000, 0x0000, 0x0000, 0x0000, 0x0000, 0x0000, 0x0000, 0x0000, 0x0000,
    0x0000, 0x0000, 0x0000, 0x0000, 0x0000, 0x0000, 0x0000, 0x0000, 0x0000, 0x0000, 0x0000, 0x0000,
    0x0000, 0x0000, 0x0000, 0x0000, 0x0000, 0x0000, 0x0000, 0x0000, 0x0000, 0x0000, 0x0000, 0x0000,
    0x0000, 0x0000, 0x0000, 0x0000, 0x0000, 0x0000, 0x0000, 0x0000, 0x0000, 0x0000, 0x0000, 0x0000,
    0x0000, 0x0000, 0x0000, 0x0000, 0x0000, 0x0000, 0x0000, 0x0000, 0x0000, 0x0000, 0x0000, 0x0000,
    0x0000, 0x0000, 0x0000, 0x0000, 0x0000, 0x0000, 0x0000, 0x0000, 0x0000, 0x0000, 0x0000, 0x0000,
    0x0000, 0x0000, 0x0000, 0x0000, 0x0000, 0x0000, 0x0000, 0x0000, 0x0000, 0x0000, 0x0000, 0x0000,
    0x0000, 0x0000, 0x0000, 0x0000, 0x0000, 0x0000, 0x0000, 0x0000, 0x0000, 0x0000, 0x0000, 0x0000,
    0x0000, 0x0000, 0x0000, 0x0000, 0x0000, 0x0000, 0x0000, 0x0000, 0x0000, 0x0000, 0x0000, 0x0000,
    0x0000, 0x0000, 0x0000, 0x0000, 0x0000, 0x0000, 0x0000, 0x0000, 0x0000, 0x0000, 0x0000, 0x0000,
    0x0000, 0x0000, 0x0000, 0x0000, 0x0000, 0x0000, 0x0000, 0x0000, 0x0000, 0x0000, 0x0000, 0x0000,
    0x0000, 0x0000, 0x0000, 0x0000, 0x0000, 0x0000, 0x0000, 0x0000, 0x0000, 0x0000, 0x0000, 0x0000,
    0x0000, 0x0000, 0x0000, 0x0000, 0x0000, 0x0000, 0x0000, 0x0000, 0x0000, 0x0000, 0x0000, 0x0000,
    0x0000, 0x0000, 0x0000, 0x0000, 0x0000, 0x0000, 0x0000, 0x0000, 0x0000, 0x0000, 0x0000, 0x0000,
    0x0000, 0x0000, 0x0000, 0x0000, 0x0000, 0x0000, 0x0000, 0x0000, 0x0000, 0x0000, 0x0000, 0x0000,
    0x0000, 0x0000, 0x0000, 0x0000, 0x0000, 0x0000, 0x0000, 0x0000, 0x0000, 0x0000, 0x0000, 0x0000,
    0x0000, 0x0000, 0x0000, 0x0000, 0x0000, 0x0000, 0x0000, 0x0000, 0x0000, 0x0000, 0x0000, 0x0000,
    0x0000, 0x0000, 0x0000, 0x0000, 0x0000, 0x0000, 0x0000, 0x0000, 0x0000, 0x0000, 0x0000, 0x0000,
    0x0000, 0x0000, 0x0000, 0x0000, 0x0000, 0x0000, 0x0000, 0x0000, 0x0000, 0x0000, 0x0000, 0x0000,
    0x0000, 0x0000, 0x0000, 0x0000, 0x0000, 0x0000, 0x0000, 0x0000, 0x0000, 0x0000, 0x0000, 0x0000,
    0x0000, 0x0000, 0x0000, 0x0000, 0x0000, 0x0000, 0x0000, 0x0000, 0x0000, 0x0000, 0x0000, 0x0000,
    0x0000, 0x0000, 0x0000, 0x0000, 0x0000, 0x0000, 0x0000, 0x0000, 0x0000, 0x0000, 0x0000, 0x0000,
    0x0000, 0x0000, 0x0000, 0x0000, 0x0000, 0x0000, 0x0000, 0x0000, 0x0000, 0x0000, 0x0000, 0x0000,
    0x0000, 0x0000, 0x0000, 0x0000, 0x0000, 0x0000, 0x0000, 0x0000, 0x0000, 0x0000, 0x0000, 0x0000,
    0x0000, 0x0000, 0x0000, 0x0000, 0x0000, 0x0000, 0x0000, 0x0000, 0x0000, 0x0000, 0x0000, 0x0000,
    0x0000, 0x0000, 0x0000, 0x0000, 0x0000, 0x0000, 0x0000, 0x0000, 0x0000, 0x0000, 0x0000, 0x0000,
    0x0000, 0x0000, 0x0000, 0x0000, 0x0000, 0x0000, 0x0000, 0x0000, 0x0000, 0x0000, 0x0000, 0x0000,
    0x0000, 0x0000, 0x0000, 0x0000, 0x0000, 0x0000, 0x0000, 0x0000, 0x0000, 0x0000, 0x0000, 0x0000,
    0x0000, 0x0000, 0x0000, 0x0000, 0x0000, 0x0000, 0x0000, 0x0000, 0x0000, 0x0000, 0x0000, 0x0000,
    0x0000, 0x0000, 0x0000, 0x0000, 0x0000, 0x0000, 0x0000, 0x0000, 0x0000, 0x0000, 0x0000, 0x0000,
    0x0000, 0x0000, 0x0000, 0x0000, 0x0000, 0x0000, 0x0000, 0x0000, 0x0000, 0x0000, 0x0000, 0x0000,
    0x0000, 0x0000, 0x0000, 0x0000, 0x0000, 0x0000, 0x0000, 0x0000, 0x0000, 0x0000, 0x0000, 0x0000,
    0x0000, 0x0000, 0x0000, 0x0000, 0x0000, 0x0000, 0x0000, 0x0000, 0x0000, 0x0000, 0x0000, 0x0000,
    0x0000, 0x0000, 0x0000, 0x0000, 0x0000, 0x0000, 0x0000, 0x0000, 0x0000, 0x0000, 0x0000, 0x0000,
    0x0000, 0x0000, 0x0000, 0x0000, 0x0000, 0x0000, 0x0000, 0x0000, 0x0000, 0x0000, 0x0000, 0x0000,
    0x0000, 0x0000, 0x0000, 0x0000, 0x0000, 0x0000, 0x0000, 0x0000, 0x0000, 0x0000, 0x0000, 0x0000,
    0x0000, 0x0000, 0x0000, 0x0000, 0x0000, 0x0000, 0x0000, 0x0000, 0x0000, 0x0000, 0x0000, 0x0000,
    0x0000, 0x0000, 0x0000, 0x0000, 0x0000, 0x0000, 0x0000, 0x0000, 0x0000, 0x0000, 0x0000, 0x0000,
    0x0000, 0x0000, 0x0000, 0x0000, 0x0000, 0x0000, 0x0000, 0x0000, 0x0000, 0x0000, 0x0000, 0x0000,
    0x0000, 0x0000, 0x0000, 0x0000, 0x0000, 0x0000, 0x0000, 0x0000, 0x0000, 0x0000, 0x0000, 0x0000,
    0x0000, 0x0000, 0x0000, 0x0000, 0x0000, 0x0000, 0x0000, 0x0000, 0x0000, 0x0000, 0x0000, 0x0000,
    0x0000, 0x0000, 0x0000, 0x0000, 0x0000, 0x0000, 0x0000, 0x0000, 0x0000, 0x0000, 0x0000, 0x0000,
    0x0000, 0x0000, 0x0000, 0x0000, 0x0000, 0x0000, 0x0000, 0x0000, 0x0000, 0x0000, 0x0000, 0x0000,
    0x0000, 0x0000, 0x0000, 0x0000, 0x0000, 0x0000, 0x0000, 0x0000, 0x0000, 0x0000, 0x0000, 0x0000,
    0x0000, 0x0000, 0x0000, 0x0000, 0x0000, 0x0000, 0x0000, 0x0000, 0x0000, 0x0000, 0x0000, 0x0000,
    0x0000, 0x0000, 0x0000, 0x0000, 0x0000, 0x0000, 0x0000, 0x0000, 0x0000, 0x0000, 0x0000, 0x0000,
    0x0000, 0x0000, 0x0000, 0x0000, 0x0000, 0x0000, 0x0000, 0x0000, 0x0000, 0x0000, 0x0000, 0x0000,
    0x0000, 0x0000, 0x0000, 0x0000, 0x0000, 0x0000, 0x0000, 0x0000, 0x0000, 0x0000, 0x0000, 0x0000,
    0x0000, 0x0000, 0x0000, 0x0000, 0x0000, 0x0000, 0x0000, 0x0000, 0x0000, 0x0000, 0x0000, 0x0000,
    0x0000, 0x0000, 0x0000, 0x0000, 0x0000, 0x0000, 0x0000, 0x0000, 0x0000, 0x0000, 0x0000, 0x0000,
    0x0000, 0x0000, 0x0000, 0x0000, 0x0000, 0x0000, 0x0000, 0x0000, 0x0000, 0x0000, 0x0000, 0x0000,
    0x0000, 0x0000, 0x0000, 0x0000, 0x0000, 0x0000, 0x0000, 0x0000, 0x0000, 0x0000, 0x0000, 0x0000,
    0x0000, 0x0000, 0x0000, 0x0000, 0x0000, 0x0000, 0x0000, 0x0000, 0x0000, 0x0000, 0x0000, 0x0000,
    0x0000, 0x0000, 0x0000, 0x0000, 0x0000, 0x0000, 0x0000, 0x0000, 0x0000, 0x0000, 0x0000, 0x0000,
    0x0000, 0x0000, 0x0000, 0x0000, 0x0000, 0x0000, 0x0000, 0x0000, 0x0000, 0x0000, 0x0000, 0x0000,
    0x0000, 0x0000, 0x0000, 0x0000, 0x0000, 0x0000, 0x0000, 0x0000, 0x0000, 0x0000, 0x0000, 0x0000,
    0x0000, 0x0000, 0x0000, 0x0000, 0x0000, 0x0000, 0x0000, 0x0000, 0x0000, 0x0000, 0x0000, 0x0000,
    0x0000, 0x0000, 0x0000, 0x0000, 0x0000, 0x0000, 0x0000, 0x0000, 0x0000, 0x2D28, 0x2D2D, 0x2D2D,
    0x0000, 0x282D, 0x0A0A, 0x0A0A, 0x0000, 0x272D, 0x0A28, 0x0A0A, 0x0000, 0x0000, 0x0000, 0x0000,
    0x0000, 0x0000, 0x0000, 0x0000, 0x0000, 0x0000, 0x0000, 0x0000, 0x0000, 0x0000, 0x0000, 0x0000,
    0x0000, 0x0000, 0x0000, 0x0000, 0x2D2D, 0x2D2D, 0x282D, 0x0000, 0x0A0A, 0x0A0A, 0x2D28, 0x0000,
    0x0A0A, 0x280A, 0x2D27, 0x0000, 0x0000, 0x0000, 0x0000, 0x0000, 0x0000, 0x0000, 0x0000, 0x0000,
    0x0000, 0x0000, 0x0000, 0x0000, 0x0000, 0x0000, 0x0000, 0x0000, 0x0000, 0x0000, 0x0000, 0x0000,
    0x0000, 0x0000, 0x0000, 0x0000, 0x0000, 0x1000, 0x1010, 0x0000, 0x0000, 0x1000, 0x1010, 0x0000,
    0x0000, 0x0000, 0x0000, 0x0000, 0x0000, 0x0000, 0x0000, 0x0000, 0x0000, 0x0000, 0x0000, 0x0000,
    0x0000, 0x0000, 0x0000, 0x0000, 0x0000, 0x0000, 0x0000, 0x0000, 0x0000, 0x0000, 0x0000, 0x0000,
    0x0000, 0x0000, 0x0000, 0x0000, 0x3000, 0x3030, 0x0000, 0x0000, 0x0000, 0x0000, 0x0000, 0x0000,
    0x0000, 0x0000, 0x0000, 0x0000, 0x0000, 0x0000, 0x0000, 0x0000, 0x0000, 0x0000, 0x0000, 0x0000,
    0x0000, 0x0000, 0x0000, 0x2700, 0x0000, 0x0000, 0x0000, 0x2D00, 0x0000, 0x0000, 0x0000, 0x2D27,
    0x0000, 0x0000, 0x0000, 0x282D, 0x0000, 0x0000, 0x0000, 0x0000, 0x0000, 0x0000, 0x0000, 0x0000,
    0x0000, 0x0000, 0x0000, 0x0000, 0x0000, 0x0000, 0x0000, 0x0000, 0x2D2D, 0x0027, 0x0000, 0x0000,
    0x2828, 0x272D, 0x0000, 0x0000, 0x2E10, 0x2D28, 0x0000, 0x0000, 0x2E2E, 0x2D28, 0x0000, 0x0000,
    0x0000, 0x0000, 0x0000, 0x0000, 0x0000, 0x0000, 0x0000, 0x0000, 0x0000, 0x0000, 0x0000, 0x0000,
    0x0000, 0x0000, 0x0000, 0x0000, 0x0000, 0x0000, 0x2C00, 0x2E2E, 0x0000, 0x0000, 0x2E00, 0x2C2C,
    0x0000, 0x0000, 0x2E2F, 0x2E2E, 0x0000, 0x0000, 0x2E2E, 0x1010, 0x0000, 0x0000, 0x0000, 0x0000,
    0x0000, 0x0000, 0x0000, 0x0000, 0x0000, 0x0000, 0x0000, 0x0000, 0x0000, 0x0000, 0x0000, 0x0000,
    0x002C, 0x0000, 0x0000, 0x0000, 0x002E, 0x0000, 0x0000, 0x0000, 0x2E2E, 0x2C2E, 0x0000, 0x0000,
    0x1010, 0x2E10, 0x002C, 0x0000, 0x0000, 0x0707, 0x0707, 0x0707, 0x0700, 0x0A0A, 0x0A0A, 0x0A0A,
    0x0A07, 0x0A0A, 0x0A0A, 0x0A0A, 0x0A07, 0x0A0A, 0x0A0A, 0x0A0A, 0x0A07, 0x0A0A, 0x0A0A, 0x0A0A,
    0x0A07, 0x0F0F, 0x0A0A, 0x0F0F, 0x0A07, 0x060F, 0x0A0A, 0x060F, 0x0A07, 0x0A0A, 0x0A0A, 0x0A0A,
    0x0707, 0x0707, 0x0007, 0x0000, 0x0A0A, 0x0A0A, 0x070A, 0x0000, 0x0A0A, 0x0A0A, 0x0A0A, 0x0013,
    0x0A0A, 0x0A0A, 0x0A0A, 0x0213, 0x0A0A, 0x0A0A, 0x0A0A, 0x0213, 0x0A0A, 0x0F0F, 0x0A0A, 0x0213,
    0x0A0A, 0x060F, 0x0A0A, 0x0213, 0x0A0A, 0x0A0A, 0x0A0A, 0x0213, 0x0000, 0x0000, 0x0000, 0x0000,
    0x0000, 0x0000, 0x0000, 0x0000, 0x0600, 0x0606, 0x0606, 0x0006, 0x0206, 0x1515, 0x1515, 0x0602,
    0x1506, 0x0615, 0x1506, 0x0615, 0x1506, 0x0615, 0x1506, 0x0615, 0x1506, 0x0615, 0x0606, 0x0606,
    0x1506, 0x0615, 0x0606, 0x0606, 0x0000, 0x0000, 0x0000, 0x0000, 0x0000, 0x0000, 0x0000, 0x0000,
    0x0000, 0x0000, 0x0000, 0x0000, 0x0000, 0x0000, 0x0000, 0x0000, 0x0000, 0x0000, 0x0000, 0x0000,
    0x0000, 0x0000, 0x0000, 0x0000, 0x0606, 0x0606, 0x0606, 0x0000, 0x1502, 0x1515, 0x0215, 0x0006,
    0x0000, 0x0000, 0x0000, 0x0000, 0x0000, 0x0000, 0x0000, 0x0000, 0x0000, 0x0000, 0x0000, 0x0000,
    0x0000, 0x0000, 0x0000, 0x0000, 0x0000, 0x0000, 0x0000, 0x0000, 0x0000, 0x0000, 0x0000, 0x0000,
    0x0000, 0x0000, 0x0000, 0x0000, 0x0000, 0x0000, 0x0000, 0x0000, 0x0000, 0x0000, 0x0000, 0x2C00,
    0x0000, 0x0000, 0x0000, 0x002C, 0x0000, 0x0000, 0x2C00, 0x2C00, 0x0000, 0x0000, 0x002C, 0x002C,
    0x0000, 0x2C00, 0x2C00, 0x2C00, 0x0000, 0x002C, 0x002C, 0x002C, 0x2C00, 0x2C00, 0x2C00, 0x2C00,
    0x002C, 0x002C, 0x002C, 0x002C, 0x2C00, 0x2C00, 0x2C00, 0x2C00, 0x002C, 0x002C, 0x002C, 0x002C,
    0x2C00, 0x2C00, 0x2C00, 0x2C00, 0x002C, 0x002C, 0x002C, 0x002C, 0x2C00, 0x2C00, 0x2C00, 0x2C00,
    0x002C, 0x002C, 0x002C, 0x002C, 0x2C00, 0x2C00, 0x2C00, 0x2C00, 0x002C, 0x002C, 0x002C, 0x002C,
    0x2C00, 0x2C00, 0x2C00, 0x2C00, 0x002C, 0x002C, 0x002C, 0x002C, 0x2C00, 0x2C00, 0x2C00, 0x2C00,
    0x002C, 0x002C, 0x002C, 0x002C, 0x2C00, 0x2C00, 0x2C00, 0x2C00, 0x002C, 0x002C, 0x002C, 0x002C,
    0x2C00, 0x2C00, 0x2C00, 0x2C00, 0x002C, 0x002C, 0x002C, 0x002C, 0x0000, 0x272D, 0x2827, 0x0A0A,
    0x0000, 0x272D, 0x270A, 0x2728, 0x0000, 0x272D, 0x280A, 0x2827, 0x0000, 0x272D, 0x2728, 0x2727,
    0x0000, 0x282D, 0x0A27, 0x0A0A, 0x0000, 0x2D28, 0x2D2D, 0x2D2D, 0x0000, 0x0000, 0x0000, 0x0000,
    0x0000, 0x0000, 0x0000, 0x0000, 0x0A0A, 0x2728, 0x2D27, 0x0000, 0x2827, 0x0A27, 0x2D27, 0x0000,
    0x2728, 0x0A28, 0x2D27, 0x0000, 0x2727, 0x2827, 0x2D27, 0x0000, 0x0A0A, 0x270A, 0x2D28, 0x0000,
    0x2D2D, 0x2D2D, 0x282D, 0x0000, 0x0000, 0x0000, 0x0000, 0x0000, 0x0000, 0x0000, 0x0000, 0x0000,
    0x0000, 0x1000, 0x1010, 0x0000, 0x0000, 0x2C00, 0x2C2C, 0x2F2F, 0x0000, 0x1000, 0x1010, 0x2F2F,
    0x0000, 0x2C32, 0x2C2C, 0x2E2E, 0x0000, 0x2C2D, 0x2C2C, 0x2E2E, 0x0000, 0x2D28, 0x2D2D, 0x2D2D,
    0x0000, 0x0000, 0x0000, 0x0000, 0x0000, 0x0000, 0x0000, 0x0000, 0x3000, 0x3030, 0x0000, 0x0000,
    0x312F, 0x3131, 0x0000, 0x0000, 0x302F, 0x3030, 0x0000, 0x0000, 0x312E, 0x3131, 0x0032, 0x0000,
    0x312E, 0x3131, 0x002D, 0x0000, 0x2D2D, 0x2D2D, 0x0028, 0x0000, 0x0000, 0x0000, 0x0000, 0x0000,
    0x0000, 0x0000, 0x0000, 0x0000, 0x0000, 0x0000, 0x2700, 0x272D, 0x0000, 0x0000, 0x2D27, 0x2827,
    0x0000, 0x2700, 0x272D, 0x2728, 0x0000, 0x2D00, 0x2727, 0x2827, 0x0000, 0x2D00, 0x2728, 0x2727,
    0x0000, 0x2700, 0x282D, 0x2D28, 0x0000, 0x0000, 0x2D27, 0x272D, 0x0000, 0x0000, 0x0000, 0x0000,
    0x2E2E, 0x272D, 0x0000, 0x0000, 0x2727, 0x282D, 0x0000, 0x0000, 0x2D28, 0x2728, 0x0000, 0x0000,
    0x2D27, 0x0027, 0x0000, 0x0000, 0x272D, 0x0000, 0x0000, 0x0000, 0x0027, 0x0000, 0x0000, 0x0000,
    0x0000, 0x0000, 0x0000, 0x0000, 0x0000, 0x0000, 0x0000, 0x0000, 0x0000, 0x2D00, 0x2E2E, 0x1010,
    0x0000, 0x2D27, 0x2F2E, 0x102E, 0x0000, 0x272D, 0x2E2E, 0x2E2F, 0x0000, 0x0028, 0x2E2E, 0x102E,
    0x0000, 0x0028, 0x2E2C, 0x102E, 0x0000, 0x2828, 0x2D2D, 0x2E2E, 0x0000, 0x2827, 0x2D28, 0x2E2E,
    0x0000, 0x0000, 0x0000, 0x0000, 0x1010, 0x1010, 0x002E, 0x0000, 0x2C10, 0x1010, 0x2C2E, 0x0000,
    0x2E2E, 0x2E2E, 0x2E10, 0x0000, 0x1010, 0x1010, 0x2E10, 0x0000, 0x1010, 0x1010, 0x2E10, 0x0000,
    0x1010, 0x1010, 0x2E10, 0x0000, 0x2E2E, 0x2E2E, 0x2C2E, 0x0000, 0x0000, 0x0000, 0x0000, 0x0000,
    0x0A07, 0x0A0A, 0x0A0A, 0x0A0A, 0x0A07, 0x0A0A, 0x0A0A, 0x0A0A, 0x0700, 0x0A0A, 0x0A0A, 0x0A0A,
    0x0000, 0x0707, 0x0707, 0x0707, 0x0000, 0x0200, 0x0202, 0x0202, 0x0000, 0x0000, 0x0000, 0x0000,
    0x0000, 0x0000, 0x0000, 0x0000, 0x0000, 0x0000, 0x0000, 0x0000, 0x0A0A, 0x0A0A, 0x0A0A, 0x0213,
    0x0A0A, 0x0A0A, 0x0A0A, 0x0213, 0x0A0A, 0x0A0A, 0x130A, 0x0202, 0x0707, 0x0A0A, 0x0213, 0x0002,
    0x0202, 0x0A07, 0x0213, 0x0000, 0x0000, 0x1300, 0x0213, 0x0000, 0x0000, 0x0000, 0x0202, 0x0000,
    0x0000, 0x0000, 0x0000, 0x0000, 0x1506, 0x0615, 0x1515, 0x0615, 0x1602, 0x0216, 0x1602, 0x0216,
    0x1506, 0x0615, 0x1506, 0x0615, 0x1506, 0x0615, 0x1506, 0x0615, 0x0206, 0x1515, 0x1515, 0x0602,
    0x0600, 0x0606, 0x0606, 0x0606, 0x0000, 0x0202, 0x0202, 0x0202, 0x0000, 0x0000, 0x0000, 0x0000,
    0x1515, 0x0606, 0x1515, 0x0206, 0x1616, 0x0202, 0x1616, 0x0202, 0x1515, 0x0606, 0x1515, 0x0206,
    0x1515, 0x0606, 0x1515, 0x0206, 0x1515, 0x0606, 0x1515, 0x0206, 0x1502, 0x1515, 0x0215, 0x0206,
    0x0606, 0x0606, 0x0606, 0x0202, 0x0200, 0x0202, 0x0202, 0x0002, 0x0000, 0x0000, 0x0000, 0x2C00,
    0x0000, 0x0000, 0x0000, 0x002C, 0x0000, 0x0000, 0x2C00, 0x2C00, 0x0000, 0x0000, 0x002C, 0x002C,
    0x0000, 0x2C00, 0x2C00, 0x2C00, 0x0000, 0x002C, 0x002C, 0x002C, 0x2C00, 0x2C00, 0x2C00, 0x2C00,
    0x002C, 0x002C, 0x002C, 0x002C, 0x2C00, 0x2C00, 0x2C00, 0x2C00, 0x002C, 0x002C, 0x002C, 0x002C,
    0x2C00, 0x2C00, 0x2C00, 0x2C00, 0x002C, 0x002C, 0x002C, 0x002C, 0x2C00, 0x2C00, 0x2C00, 0x2C00,
    0x002C, 0x002C, 0x002C, 0x002C, 0x2C00, 0x2C00, 0x2C00, 0x2C00, 0x002C, 0x002C, 0x002C, 0x002C,
    0x2C00, 0x2C00, 0x2C00, 0x2C00, 0x002C, 0x002C, 0x002C, 0x002C, 0x2C00, 0x2C00, 0x2C00, 0x2C00,
    0x002C, 0x002C, 0x002C, 0x002C, 0x2C00, 0x2C00, 0x2C00, 0x2C00, 0x002C, 0x002C, 0x002C, 0x002C,
    0x2C00, 0x2C00, 0x2C00, 0x2C00, 0x002C, 0x002C, 0x002C, 0x002C, 0x2C00, 0x2C00, 0x2C00, 0x2C00,
    0x002C, 0x002C, 0x002C, 0x002C, 0x2C00, 0x2C00, 0x2C00, 0x2C00, 0x002C, 0x002C, 0x002C, 0x002C,
    0x2C00, 0x2C00, 0x2C00, 0x2C00, 0x002C, 0x002C, 0x002C, 0x002C, 0x2C00, 0x2C00, 0x2C00, 0x2C00,
    0x002C, 0x002C, 0x002C, 0x002C,
};

const u16 gb_title_obj_palette[GB_TITLE_OBJ_PALETTE_COUNT] = {
    0x7C1F, 0x09EC, 0x102C, 0x321A, 0x573E, 0x0E6F, 0x0000, 0x7E49, 0x1756, 0x27FB,
    0x7FFF, 0x0842, 0x14A5, 0x7BBC, 0x1C00, 0x40A2, 0x16FF, 0x1123, 0x228D, 0x6185,
    0x1F10, 0x32FF, 0x7BDE, 0x4A85, 0x2A09, 0x1444, 0x2547, 0x1C87, 0x7F9A, 0x4F3F,
    0x45D0, 0x318C, 0x25F5, 0x62F7, 0x42DA, 0x431F, 0x537E, 0x738C, 0x3582, 0x7F7B,
    0x7E50, 0x1098, 0x3E7B, 0x4AFD, 0x27BF, 0x5805, 0x1DDF, 0x14BF, 0x2B25, 0x1F8C,
    0x1865, 0x160B, 0x75D6, 0x2881, 0x0C63, 0x28DE, 0x3D9F, 0x10A2, 0x0DA6, 0x5B7D,
    0x4CAC, 0x2A9F, 0x19B9, 0x2B1F, 0x10E9, 0x194C, 0x479F, 0x123F, 0x12FF, 0x1B5F,
    0x4E4C, 0x08AF, 0x0807, 0x327E, 0x1908, 0x41F9, 0x293A, 0x527E, 0x5F1E, 0x35E4,
    0x08AE, 0x195E, 0x1997, 0x42FD, 0x7FDE, 0x102B, 0x1097, 0x31F8, 0x2A7E, 0x7E29,
    0x6184,
};

const u16 gb_title_obj_high_palette[GB_TITLE_OBJ_HIGH_PALETTE_COUNT] = {
    0x7C1F, 0x1C00, 0x102C, 0x321A, 0x573E, 0x40A2, 0x0000, 0x7E49, 0x6185, 0x7FFF,
    0x0842, 0x14A5, 0x7BBC, 0x248A, 0x2881, 0x7F9A, 0x037F, 0x19B9, 0x327E, 0x479F,
    0x0807, 0x4E4C, 0x00F6, 0x0000, 0x0000, 0x0000, 0x002A, 0x002B, 0x002B, 0x002B,
    0x002B, 0x002B,
};

const u16 gb_title_underlay_tile = 0x0002;

const u16 gb_title_map[GB_TITLE_MAP_CELLS] = {
    0x0105, 0x0106, 0x0107, 0x0108, 0x0109, 0x010A, 0x010B, 0x010C, 0x010D, 0x010E,
    0x010F, 0x0110, 0x0111, 0x0112, 0x0113, 0x0114, 0x0115, 0x0116, 0x0117, 0x0118,
    0x0119, 0x011A, 0x011B, 0x011C, 0x011D, 0x011E, 0x011F, 0x0120, 0x0121, 0x0122,
    0x0123, 0x0124, 0x0125, 0x0126, 0x0127, 0x0128, 0x0129, 0x012A, 0x012B, 0x012C,
    0x012D, 0x012E, 0x012F, 0x0130, 0x0131, 0x0132, 0x0133, 0x0134, 0x0135, 0x0136,
    0x0137, 0x0138, 0x0139, 0x013A, 0x013B, 0x013C, 0x013D, 0x013E, 0x013F, 0x0140,
    0x0141, 0x0142, 0x0143, 0x0144, 0x0145, 0x0146, 0x0147, 0x0148, 0x0149, 0x014A,
    0x014B, 0x014C, 0x014D, 0x014E, 0x014F, 0x0150, 0x0151, 0x0152, 0x0153, 0x0154,
    0x0155, 0x0156, 0x0157, 0x0158, 0x0159, 0x015A, 0x015B, 0x015C, 0x015D, 0x015E,
    0x015F, 0x0160, 0x0161, 0x0162, 0x0163, 0x0164, 0x0165, 0x0166, 0x0167, 0x0168,
    0x0169, 0x016A, 0x016B, 0x016C, 0x016D, 0x016E, 0x016F, 0x0170, 0x0171, 0x0172,
    0x0173, 0x0174, 0x0175, 0x0176, 0x0177, 0x0178, 0x0179, 0x017A, 0x017B, 0x017C,
    0x017D, 0x017E, 0x017F, 0x0180, 0x0181, 0x0182, 0x0183, 0x0184, 0x0185, 0x0186,
    0x0187, 0x0188, 0x0189, 0x018A, 0x018B, 0x018C, 0x018D, 0x018E, 0x018F, 0x0190,
    0x0191, 0x0192, 0x0193, 0x0194, 0x0195, 0x0196, 0x0197, 0x0198, 0x0199, 0x019A,
    0x019B, 0x019C, 0x019D, 0x019E, 0x019F, 0x01A0, 0x01A1, 0x01A2, 0x01A3, 0x01A4,
    0x01A5, 0x01A6, 0x01A7, 0x01A8, 0x01A9, 0x01AA, 0x01AB, 0x01AC, 0x01AD, 0x01AE,
    0x01AF, 0x01B0, 0x01B1, 0x01B2, 0x01B3, 0x01B4, 0x01B5, 0x01B6, 0x01B7, 0x01B8,
    0x01B9, 0x01BA, 0x01BB, 0x01BC, 0x01BD, 0x01BE, 0x01BF, 0x01C0, 0x01C1, 0x01C2,
    0x01C3, 0x01C4, 0x01C5, 0x01C6, 0x01C7, 0x01C8, 0x01C9, 0x01CA, 0x01CB, 0x01CC,
    0x01CD, 0x01CE, 0x01CF, 0x01D0, 0x01D1, 0x01D2, 0x01D3, 0x01D4, 0x01D5, 0x01D6,
    0x01D7, 0x01D8, 0x01D9, 0x01DA, 0x01DB, 0x01DC, 0x01DD, 0x01DE, 0x01DF, 0x01E0,
    0x01E1, 0x01E2, 0x01E3, 0x01E4, 0x01E5, 0x01E6, 0x01E7, 0x01E8, 0x01E9, 0x01EA,
    0x01EB, 0x01EC, 0x01ED, 0x01EE, 0x01EF, 0x01F0, 0x01F1, 0x01F2, 0x01F3, 0x01F4,
    0x01F5, 0x01F6, 0x01F7, 0x01F8, 0x01F9, 0x01FA, 0x01FB, 0x01FC, 0x01FD, 0x01FE,
    0x01FF, 0x0200, 0x0201, 0x0202, 0x0203, 0x0204, 0x0205, 0x0206, 0x0207, 0x0208,
    0x0209, 0x020A, 0x020B, 0x020C, 0x020D, 0x020E, 0x020F, 0x0210, 0x0211, 0x0212,
    0x0213, 0x0214, 0x0215, 0x0216, 0x0217, 0x0218, 0x0219, 0x021A, 0x021B, 0x021C,
    0x021D, 0x021E, 0x021F, 0x0220, 0x0221, 0x0222, 0x0223, 0x0224, 0x0225, 0x0226,
    0x0227, 0x0228, 0x0229, 0x022A, 0x022B, 0x022C, 0x022D, 0x022E, 0x022F, 0x0230,
    0x0231, 0x0232, 0x0233, 0x0234, 0x0235, 0x0236, 0x0237, 0x0238, 0x0239, 0x023A,
    0x023B, 0x023C, 0x023D, 0x023E, 0x023F, 0x0240, 0x0241, 0x0242, 0x0243, 0x0244,
    0x0245, 0x0246, 0x0247, 0x0248, 0x0249, 0x024A, 0x024B, 0x024C, 0x024D, 0x024E,
    0x024F, 0x0250, 0x0251, 0x00FF, 0x0252, 0x0253, 0x0254, 0x0101, 0x0255, 0x0256,
    0x0257, 0x0258, 0x0259, 0x025A, 0x025B, 0x025C, 0x025D, 0x025E, 0x025F, 0x0260,
    0x0261, 0x0262, 0x0263, 0x0264, 0x0265, 0x0266, 0x0267, 0x0268, 0x0269, 0x026A,
    0x026B, 0x026C, 0x026D, 0x0100, 0x026E, 0x026E, 0x026E, 0x0102, 0x026F, 0x0270,
    0x0271, 0x0272, 0x0273, 0x0274, 0x0275, 0x0276, 0x0277, 0x0278, 0x0279, 0x027A,
    0x027B, 0x027C, 0x027D, 0x027E, 0x027F, 0x0280, 0x0281, 0x0282, 0x0283, 0x0284,
    0x0285, 0x0286, 0x0287, 0x00FD, 0x00FE, 0x0288, 0x0288, 0x0103, 0x0289, 0x028A,
    0x028B, 0x028C, 0x028D, 0x028E, 0x028F, 0x0290, 0x0291, 0x0292, 0x0293, 0x0294,
    0x0295, 0x0296, 0x0297, 0x0298, 0x0299, 0x029A, 0x029B, 0x029C, 0x029D, 0x029E,
    0x029F, 0x02A0, 0x02A1, 0x00F8, 0x00F9, 0x00FA, 0x00FB, 0x00FC, 0x02A2, 0x02A3,
    0x02A4, 0x02A5, 0x02A6, 0x02A7, 0x02A8, 0x02A9, 0x02AA, 0x02AB, 0x02AC, 0x02AD,
    0x02AE, 0x02AF, 0x02B0, 0x02B1, 0x02B2, 0x02B3, 0x02B4, 0x02B5, 0x02B6, 0x02B7,
    0x02B8, 0x02B9, 0x02BA, 0x02BB, 0x02BC, 0x02BD, 0x02BE, 0x00F4, 0x02BF, 0x02C0,
    0x02C1, 0x02C2, 0x00BC, 0x00BD, 0x00BE, 0x00BF, 0x00C0, 0x00C1, 0x00C2, 0x00C3,
    0x00C4, 0x00C5, 0x00C6, 0x00C7, 0x00C8, 0x00C9, 0x00CA, 0x00CB, 0x02C3, 0x02C4,
    0x02C5, 0x02C6, 0x02C7, 0x00F2, 0x00F3, 0x02C8, 0x00F5, 0x00F6, 0x00F7, 0x02C9,
    0x02CA, 0x02CB, 0x00CC, 0x00CD, 0x00CE, 0x00CF, 0x00D0, 0x00D1, 0x00D2, 0x00D3,
    0x00D4, 0x00D5, 0x00D6, 0x00D7, 0x00D8, 0x00D9, 0x00DA, 0x00DB, 0x02CC, 0x02CD,
    0x02CE, 0x02CF, 0x02D0, 0x00EC, 0x00ED, 0x00EE, 0x00EF, 0x00F0, 0x00F1, 0x02D1,
    0x02D2, 0x02D3, 0x00DC, 0x00DD, 0x00DE, 0x00DF, 0x00E0, 0x00E1, 0x00E2, 0x00E3,
    0x00E4, 0x00E5, 0x00E6, 0x00E7, 0x00E8, 0x00E9, 0x00EA, 0x00EB, 0x02D4, 0x02D5,
    0x02D6, 0x02D7, 0x02D8, 0x02D9, 0x02DA, 0x02DB, 0x02DC, 0x02DD, 0x02DE, 0x02DF,
    0x02E0, 0x02E1, 0x02E2, 0x02E3, 0x02E4, 0x02E5, 0x02E6, 0x02E7, 0x02E8, 0x02E9,
    0x02EA, 0x02EB, 0x02EC, 0x02ED, 0x02EE, 0x02EF, 0x02F0, 0x02F1, 0x02F2, 0x02F3,
    0x02F4, 0x02F5, 0x02F6, 0x02F7, 0x02F8, 0x02F9, 0x02FA, 0x02FB, 0x02FC, 0x02FD,
    0x02FE, 0x02FF, 0x0300, 0x0301, 0x0302, 0x0303, 0x0304, 0x0305, 0x0306, 0x0307,
    0x0308, 0x0309, 0x030A, 0x030B, 0x030C, 0x030D, 0x030E, 0x030F, 0x0310, 0x0311,
};

const u16 gb_title_anim_a[GB_TITLE_ANIMATION_STATES][GB_TITLE_ANIM_A_HALFWORDS] = {
    {
    0xA61D, 0xA61E, 0xA61D, 0xB61F, 0xA6A6, 0x52A6, 0x5053, 0x5453, 0x5467, 0x6968, 0x5352, 0x1F52,
    0x5050, 0x5050, 0x5067, 0xC250, 0x617C, 0x6161, 0x6161, 0x62A6, 0x864F, 0x1FC2, 0x61C2, 0x25A6,
    0x4F43, 0x85C2, 0x8B61, 0x2525, 0x416E, 0x4343, 0x8650, 0x8BA6, 0x20B6, 0x2221, 0x2423, 0x2223,
    0x4350, 0x2255, 0x222C, 0x222C, 0x2121, 0x5858, 0x2158, 0x2C22, 0x4CC2, 0x5722, 0x4C22, 0x4C22,
    0x2062, 0xA655, 0x4D61, 0x4D4D, 0x2122, 0x2022, 0x1F3B, 0x4DB6, 0x2125, 0x8C2C, 0x2B4D, 0x4D55,
    0x1DA6, 0x1FA6, 0x4A44, 0x464A, 0x2025, 0x261E, 0x27A6, 0x2728, 0x2222, 0xA622, 0xB6A6, 0x2898,
    0x254C, 0x2D22, 0x263B, 0x9898, 0x2222, 0x633B, 0xA698, 0x9827, 0x4C20, 0x254C, 0x6225, 0x263B,
    0x2055, 0x4C20, 0x2D63, 0x3B3B, 0xB64B, 0x604E, 0x718D, 0x6671, 0x4947, 0x5B5C, 0x458A, 0x4427,
    0x2928, 0x2828, 0x2898, 0x292A, 0x2898, 0x5628, 0x2828, 0x2898, 0x2828, 0x2828, 0x282A, 0x9828,
    0x2856, 0x2828, 0x2856, 0x9856, 0x2898, 0x2898, 0x2828, 0x9828, 0x2727, 0x2929, 0x6666, 0x2A66,
    0x6687, 0x6646, 0x6629, 0x2727, 0xA644, 0x3B3B, 0x3BA6, 0x633B, 0x2929, 0x2929, 0x2BC5, 0x2D2C,
    0x9898, 0x9898, 0x243C, 0x3937, 0x986A, 0xC426, 0xC4C4, 0x3937, 0x6398, 0xC422, 0x3024, 0x302E,
    0x2226, 0x3C3C, 0xC423, 0x24C4, 0x4427, 0x3B2B, 0x2C22, 0x2522, 0x20B6, 0x252D, 0x4C4C, 0x254C,
    0x22A6, 0x2522, 0x3B3B, 0x204D, 0x2E23, 0x302F, 0x3231, 0x1C33, 0x3030, 0x2230, 0x2557, 0x2E58,
    0x3730, 0x583A, 0x5858, 0x3965, 0x212E, 0x2122, 0x2172, 0x2122, 0x2121, 0x5858, 0x2121, 0x2121,
    0x2122, 0x2172, 0x1D72, 0x4C62, 0x212C, 0x2121, 0x6162, 0x86C2, 0x8C4D, 0x1F3B, 0xC2C2, 0x4150,
    0x341C, 0x341C, 0x3235, 0x2E36, 0x353F, 0x3235, 0x3233, 0x2E36, 0x3F32, 0x323F, 0x3931, 0x3739,
    0x313A, 0x3030, 0x302E, 0xC42E, 0x2E65, 0x2E2E, 0x2E2E, 0x2E2E, 0x2C22, 0xC422, 0x21C4, 0x2324,
    0x8CC2, 0x2125, 0x5858, 0x5858, 0xC250, 0x1FC2, 0x22A6, 0x2322, 0x26C4, 0x2A98, 0x2929, 0x9898,
    0x26C4, 0x9898, 0x9898, 0x153C, 0x3737, 0x3737, 0xC4C4, 0xC4C4, 0xC4C4, 0x3B98, 0xC498, 0xC422,
    0xC4C4, 0x2D3C, 0x2B3B, 0x3B2B, 0x3B2C, 0x9860, 0x2760, 0xC529, 0x2B21, 0x4560, 0x4445, 0x2B2B,
    0x2324, 0x2324, 0x6363, 0x2C22, 0x3637, 0x3533, 0x1C38, 0x3234, 0xC43C, 0x3639, 0x1C33, 0x321C,
    0x3637, 0x3532, 0x3434, 0x3535, 0x39C4, 0x3336, 0x353F, 0x3535, 0x2D20, 0x223C, 0x222D, 0x2224,
    0x7A87, 0x5C87, 0x7A7A, 0x6029, 0x253B, 0x2C22, 0x642C, 0xC423, 0x4C22, 0x2C22, 0x2C22, 0x2422,
    0x3533, 0x3932, 0x3636, 0x983A, 0x3636, 0x3233, 0x323F, 0x3733, 0x3235, 0x3232, 0x3232, 0x3C36,
    0x3332, 0x3F36, 0x3136, 0x3936, 0x2C24, 0x222C, 0xC423, 0x3CC4, 0x2C2D, 0xC424, 0x302E, 0x3930,
    0x6524, 0x3930, 0x3939, 0x3136, 0x2C22, 0x3024, 0x302E, 0x3130, 0x2A27, 0x0F28, 0x9828, 0x2698,
    0x0F98, 0x292A, 0x0F2A, 0x9828, 0x2898, 0x280F, 0x9828, 0x370A, 0x1573, 0x3C98, 0x3C98, 0x322E,
    0x362E, 0x3232, 0x3F32, 0x353F, 0x3232, 0x3532, 0x3535, 0x3332, 0x3232, 0x353F, 0x323F, 0x3136,
    0x3030, 0x8E30, 0x302E, 0x303A, 0x2B26, 0x982B, 0x3C3B, 0x2E37, 0x2E37, 0x15C4, 0x243C, 0x26C4,
    0x3636, 0x3232, 0x323F, 0xC436, 0x5A74, 0x1C1C, 0x3574, 0x982E, 0x1C34, 0x341C, 0x3459, 0x3C3F,
    0x3535, 0x3532, 0x3232, 0x3936, 0x3231, 0x3232, 0x3232, 0x3232, 0xC4C4, 0x302E, 0x302E, 0x3030,
    0x362E, 0x3233, 0x3533, 0x1C38, 0x2A26, 0x2727, 0x9898, 0x393C, 0x9826, 0x3B98, 0x2626, 0x323C,
    0x9828, 0x9828, 0x6398, 0x3439, 0x2626, 0x9898, 0x363C, 0x3532, 0xC42E, 0x39C4, 0x3236, 0x3236,
    0x3636, 0x3136, 0x3136, 0x3232, 0xC4C4, 0x302E, 0x302E, 0x3130, 0x3E3D, 0x2334, 0x2B23, 0x2798,
    0x1C59, 0x311C, 0x2222, 0x983B, 0x1C34, 0x341C, 0x3233, 0x3736, 0x5A74, 0x1C35, 0x3574, 0x3236,
    0x3535, 0x3434, 0x3434, 0x3535, 0x3532, 0x3535, 0x3335, 0x3532, 0x3232, 0x3F32, 0x3F3F, 0x3F3F,
    0x3130, 0x3630, 0x3139, 0x3130, 0x233B, 0x2E39, 0x3339, 0x1C1C, 0x2626, 0xC43C, 0x3639, 0x1C59,
    0x3C2E, 0x2222, 0x3958, 0x3132, 0x3636, 0x3336, 0x3974, 0x3922, 0x3535, 0x3535, 0x3235, 0x3F31,
    0x1C59, 0x1C59, 0x591C, 0x3232, 0x3435, 0x3434, 0x3534, 0x3535, 0x3230, 0x3532, 0x3232, 0x3232,
    0x383D, 0x1C38, 0x3F1C, 0x1C34, 0x5A38, 0x1C38, 0x341C, 0x341C, 0x2E2E, 0x3237, 0x343F, 0x351C,
    0x1C33, 0x381C, 0x1C75, 0x3535, 0x1C34, 0x341C, 0x5A7D, 0x3534, 0x3F32, 0xC43A, 0x302E, 0x3630,
    0x3535, 0x3232, 0x8E39, 0x2224, 0x3232, 0x3136, 0x3130, 0x3130, 0x4040, 0x4040, 0x4241, 0x4243,
    0x5B40, 0x5D5C, 0x1010, 0x5E10, 0x6B9C, 0x6D6C, 0x5E10, 0x485C, 0x6B76, 0x7877, 0x1078, 0x7910,
    0xA07E, 0x7F7F, 0x8180, 0x8382, 0xA083, 0x7E82, 0xA0A0, 0x7E88, 0x7F7F, 0x8888, 0x8288, 0x8F88,
    0x9393, 0x9193, 0x9180, 0x8181, 0x4544, 0x4746, 0x4748, 0x4948, 0x5D5E, 0x5B5D, 0x4040, 0x4240,
    0xC5C5, 0xC54A, 0x6E4A, 0x4A4A, 0x5E10, 0x5C5E, 0x7A48, 0x4AC5, 0x7F7F, 0x827F, 0xA05D, 0x5C5C,
    0x4782, 0x5C5D, 0xA0A0, 0x5E83, 0x7E82, 0x4749, 0x4749, 0x475C, 0x837F, 0x8283, 0x825D, 0x4947,
    0xC548, 0x424A, 0xB64B, 0x3B3B, 0x4E43, 0x5F42, 0x6060, 0x604E, 0x4A42, 0x4042, 0x6F4A, 0x6042,
    0xC571, 0x4AC5, 0x4A46, 0x4A46, 0x4848, 0x487A, 0xC5C5, 0x4646, 0x7E5E, 0x5D7F, 0x5C5D, 0x4849,
    0x5C47, 0x4747, 0x7F5D, 0x9081, 0x797F, 0x9210, 0x8494, 0x6D84, 0x3B4C, 0xB63B, 0x3B3B, 0x3B3B,
    0x4444, 0x4B60, 0x4444, 0x2BB6, 0x4260, 0x4542, 0x6E4A, 0x4242, 0x4A46, 0x4AC5, 0x465B, 0x4A5B,
    0x46C5, 0x4AC5, 0x5B4A, 0xC548, 0x4848, 0x5D49, 0x5E5E, 0x1010, 0x9190, 0x6D92, 0x106D, 0x7F79,
    0x7910, 0x47A0, 0x4749, 0x5C5C, 0x4D3B, 0x2B3B, 0x4B3B, 0x424B, 0x6044, 0x4460, 0x6060, 0x424A,
    0x4242, 0x4A60, 0x4242, 0x4043, 0x4A71, 0x4A4A, 0x5B5B, 0x5B5B, 0x5E7A, 0x825E, 0x8479, 0x4879,
    0x776B, 0x6C6B, 0x789C, 0x1089, 0xA0A0, 0xA05E, 0x475D, 0x907F, 0x5C47, 0x475C, 0xA047, 0x82A0,
    0x4E4B, 0x43C2, 0x4FC2, 0x50C2, 0x4E42, 0xC260, 0xC243, 0x4350, 0x4A4A, 0x4040, 0x5043, 0x5043,
    0x675B, 0x7B7B, 0x4067, 0x6954, 0x5BC5, 0x7B67, 0x6754, 0x5450, 0x5B79, 0x6767, 0x5467, 0x5467,
    0x9C84, 0x5D92, 0x547B, 0x6954, 0x9082, 0x6D6D, 0x4779, 0x9695, 0xC24F, 0x221D, 0x3B4C, 0x3B1F,
    0x6143, 0x2162, 0x2122, 0x3C3C, 0x7043, 0x2225, 0x2221, 0x2521, 0x4F50, 0x20B6, 0x2222, 0x43B6,
    0x4F41, 0xA685, 0x4C20, 0xC21F, 0x4350, 0x1FC2, 0x1FA6, 0x43C2, 0xC243, 0x61C2, 0x61A6, 0x43C2,
    0x6795, 0x4350, 0xC2C2, 0x434F, 0x222C, 0x2EC4, 0x2C30, 0x222C, 0x2522, 0x2C2D, 0x2022, 0x2020,
    0x2D2C, 0x4C1D, 0x4DB7, 0xB64D, 0x4271, 0x4471, 0x4444, 0x4445, 0x4244, 0x4542, 0x6E42, 0x5C48,
    0x5B67, 0x4E4A, 0x4043, 0x4A5B, 0x5B4A, 0x6E5B, 0x8A4A, 0x4A5B, 0x5B50, 0x5B5B, 0x48C5, 0x5C5C,
    0x4C2C, 0x4C4C, 0x2C4C, 0x242C, 0x4D4D, 0x2055, 0x2520, 0x2525, 0x4B4B, 0x4B4D, 0x554D, 0x202D,
    0x605F, 0x4245, 0x4B5F, 0x20B6, 0x467A, 0x5B46, 0x4667, 0x4342, 0x4A8A, 0x4A6E, 0x454A, 0x454A,
    0x4A6F, 0x4A6E, 0x4442, 0x6060, 0x5B5B, 0x7AC5, 0x4046, 0x4242, 0x2423, 0x24C4, 0x2C23, 0x252C,
    0x3B63, 0x2B2B, 0x2555, 0x2525, 0x2D25, 0x204C, 0x2D20, 0x3B20, 0x4EB6, 0x4A71, 0x675B, 0x4442,
    0x6740, 0x5B67, 0x4567, 0xB660, 0x4A4A, 0x4271, 0x4A4A, 0x425B, 0xB644, 0x3B2B, 0x5555, 0x4C20,
    0x604E, 0x6044, 0x4D4B, 0x2055, 0x252C, 0x242C, 0x3039, 0x2E39, 0x6424, 0xC424, 0x2C23, 0x6322,
    0x2B3B, 0x4D2B, 0x5520, 0x2225, 0x3B44, 0x2C3B, 0x6463, 0x2E23, 0x203B, 0x204C, 0x4C4C, 0x2020,
    0x444A, 0x4242, 0x4A4A, 0x4A4A, 0x2D4C, 0x2525, 0x5520, 0x2B2B, 0x2020, 0x2525, 0x2525, 0x5520,
    0xC42E, 0x22C4, 0x2224, 0x2222, 0x2B3B, 0x2D2B, 0x2C22, 0x2222, 0x2222, 0x2223, 0x223C, 0x6363,
    0xC424, 0x2222, 0x2222, 0x3B98, 0x2225, 0x2223, 0x223C, 0x3B63, 0x674A, 0x604A, 0x4560, 0x4529,
    0x60B6, 0x5B4A, 0x467A, 0x5C46, 0x9720, 0x604D, 0x4542, 0x8D45, 0x2223, 0xC4C4, 0xC4C4, 0xC4C4,
    0x2663, 0x2226, 0x2222, 0x2222, 0x2626, 0x3B63, 0x3B63, 0x6322, 0x3B98, 0x3B98, 0x3B98, 0x3B98,
    0x223B, 0x2663, 0x3B3B, 0x3B3B, 0x452A, 0x9827, 0x633B, 0x633B, 0x7A5C, 0x7A7A, 0x665C, 0x2B27,
    0x4645, 0x4646, 0x5C5C, 0x4796, 0x3030, 0x2E30, 0x3030, 0x3236, 0x233C, 0xC424, 0x372E, 0x3239,
    0x3C63, 0x2223, 0x2C23, 0x252C, 0x4444, 0x2929, 0x4566, 0xB644, 0x443B, 0x2798, 0x3B2B, 0x2220,
    0x633B, 0x633B, 0x4C63, 0x2C22, 0x2055, 0x4C20, 0x4C4C, 0x4C4C, 0x465C, 0x604A, 0x554D, 0x552B,
    0x3232, 0x3235, 0x3632, 0x3232, 0x3131, 0x2E39, 0x232E, 0x2365, 0x3B20, 0x2A27, 0x2A66, 0x6671,
    0x4560, 0x2A29, 0x2A29, 0x9829, 0x2225, 0x2663, 0x9826, 0x9826, 0x2222, 0x3B3B, 0x633B, 0x3B98,
    0x254C, 0x2025, 0x2520, 0x2525, 0x5520, 0x2225, 0x2263, 0x2522, 0x3132, 0x3231, 0x3132, 0x5132,
    0x223C, 0x2D63, 0x273B, 0x6666, 0x6066, 0xC560, 0x45C5, 0x6045, 0x3B27, 0xC463, 0xC424, 0x2EC4,
    0x6363, 0x2222, 0xC423, 0xC458, 0x6398, 0x2222, 0xC422, 0xC42C, 0x2222, 0x2222, 0x3C3C, 0xC43C,
    0x2225, 0x2222, 0x2222, 0x3C2C, 0x1694, 0x9393, 0x9381, 0x9180, 0x84A3, 0x1684, 0x9316, 0x8494,
    0x9C84, 0x8484, 0x8484, 0x6B84, 0x6B6B, 0x789D, 0x9C84, 0x9C84, 0x6B6B, 0x6B6B, 0x9D9D, 0x9C9C,
    0x8989, 0x6B6B, 0x6B6B, 0x9C6B, 0x899C, 0x6B6B, 0x9C9D, 0x9C84, 0x9C84, 0x6B89, 0x9D9D, 0x849C,
    0x8181, 0x1079, 0x9410, 0x9210, 0x849C, 0x8489, 0x949C, 0x7F93, 0x9C9D, 0x929D, 0x9310, 0x8181,
    0x9C84, 0x1616, 0x1616, 0xA993, 0x9C9C, 0x849C, 0x8484, 0x9294, 0x6B9C, 0x7878, 0x9C9C, 0x6C9C,
    0x9C9D, 0x9C6C, 0x6B9C, 0x9C78, 0x9D9C, 0x6C9C, 0x9C9C, 0x786B, 0x9310, 0x7F7F, 0x5D5D, 0x7E47,
    0x827F, 0x827F, 0xA07F, 0xA07F, 0x8383, 0x817F, 0x837F, 0x8282, 0x9191, 0x8181, 0x8491, 0x9C16,
    0x9292, 0x9090, 0x6B84, 0xAAAA, 0x8484, 0x9C9C, 0x9C78, 0x9484, 0x899D, 0x849D, 0x9294, 0x9210,
    0x9D9C, 0x9D9D, 0x9484, 0x1092, 0x7E7E, 0x5D5C, 0x5D47, 0xA07E, 0x5D82, 0x7E82, 0x5DA0, 0x7F7F,
    0x8282, 0x9388, 0x9310, 0x816D, 0xAA78, 0x7676, 0x76AA, 0x8478, 0xAAAA, 0x6B77, 0x849C, 0x9294,
    0x9292, 0x9393, 0x8494, 0x9D6C, 0x1093, 0x9210, 0x1610, 0x9494, 0x9392, 0x1010, 0x9292, 0x9492,
    0x7E7E, 0x5C7E, 0x5D48, 0x5E7E, 0x7E82, 0x7E49, 0x5D49, 0x49A0, 0x817F, 0x7981, 0x9210, 0x6D10,
    0x9494, 0x9210, 0x9394, 0x9181, 0x8190, 0x8383, 0x7F7F, 0x8088, 0x6C9D, 0x9294, 0x9093, 0x9379,
    0x9C94, 0x9D9D, 0x776B, 0x849D, 0x8494, 0x9D9C, 0x6B89, 0x9D89, 0xA0A0, 0x825D, 0x5C7E, 0x5C95,
    0x82A0, 0x7F7F, 0x4782, 0x5C47, 0x9492, 0x6D92, 0x7F10, 0x4949, 0x817F, 0x8279, 0x5B5C, 0x6740,
    0x7F81, 0xA07F, 0x4749, 0x4A5C, 0x9393, 0x7990, 0x8279, 0x5C49, 0x1694, 0x9294, 0x8110, 0x82A0,
    0x9484, 0x9492, 0x9092, 0xA081, 0x6771, 0x5B46, 0x4640, 0x5D7A, 0x5D5D, 0x827F, 0x795E, 0x6D6D,
    0x5B5C, 0x7171, 0x5B40, 0x475B, 0x4050, 0x7140, 0x5C5B, 0x8182, 0x4A71, 0x5C6E, 0x5D47, 0x8183,
    0x487A, 0xA05C, 0x9388, 0x93A9, 0x7E7E, 0x827E, 0x9381, 0x1694, 0x7E82, 0x7E7E, 0x917F, 0x9493,
    0x91A0, 0xA05E, 0x485C, 0x5C48, 0x7789, 0x8477, 0x7F92, 0xA083, 0x7F7E, 0x7FA0, 0x8110, 0x7F82,
    0x8F7F, 0x7F88, 0x8188, 0x8382, 0x8383, 0x8181, 0x9191, 0x8081, 0x9393, 0x93A9, 0x9393, 0x9393,
    0x1694, 0x9494, 0x9294, 0xA910, 0x9492, 0x9492, 0x9494, 0x9292, 0x4748, 0x4748, 0x5B5C, 0x4A4A,
    0xA07F, 0x7F83, 0x7E82, 0x485C, 0x5D7F, 0x82A0, 0x5D7E, 0x5C5C, 0x7F82, 0x7F88, 0x82A0, 0x497E,
    0x7F7F, 0x7F7F, 0x827F, 0x7E82, 0x8191, 0x7981, 0x7979, 0x9090, 0x9293, 0x9310, 0x9193, 0x8181,
    0x93A9, 0x9092, 0x9393, 0x8191, 0x4043, 0x4243, 0xB64B, 0x4D3B, 0x5B5C, 0x4A5B, 0x4E45, 0x4D44,
    0x487A, 0xC5C5, 0x4A4A, 0x4443, 0x485C, 0xC5C5, 0x5BC5, 0x7140, 0x5C49, 0x475C, 0x5D49, 0x475D,
    0x8191, 0x827F, 0xA082, 0x5DA0, 0x9190, 0x817F, 0x7F7F, 0xA0A0, 0x9090, 0x7F81, 0x7F81, 0xA07F,
    0x1F4C, 0x4C4C, 0x974C, 0x4C4C, 0x3B4D, 0x3BB6, 0x973B, 0x4CA6, 0xC2B6, 0x2BB6, 0x3B3B, 0x2020,
    0x4545, 0x8D42, 0x4242, 0x8D44, 0x4848, 0x5B48, 0x8D6E, 0x4444, 0x5C49, 0x7A5C, 0x434A, 0xC243,
    0x5C49, 0x48C5, 0x67C5, 0x4E40, 0x47A0, 0xC548, 0xC57A, 0x4240, 0x4C21, 0x4D4C, 0xB64D, 0xB6B6,
    0x4C22, 0xB63B, 0xC2C2, 0x4243, 0xB64D, 0x4A4E, 0x5C4A, 0x5C95, 0x9571, 0x5B67, 0x4440, 0x444B,
    0x4E43, 0x4BC2, 0xB6B6, 0xB6C2, 0xB6B6, 0xC2C2, 0xB6B6, 0x604B, 0xB6B6, 0xC2B6, 0x434B, 0x444E,
    0xB64E, 0xB6B6, 0x4EC2, 0x4E43, 0x44B6, 0x5C45, 0x5C5C, 0x465B, 0x5C5B, 0x7A47, 0x444A, 0x4B44,
    0x4A4A, 0x444A, 0x4E4E, 0x44C2, 0x44C2, 0x8D43, 0x404A, 0x5B4A, 0x604B, 0x4060, 0x4A40, 0x466E,
    0x8D43, 0x4A4A, 0x8A8A, 0x5B5B, 0x4A42, 0x5B40, 0x485B, 0x4846, 0x4A60, 0x6E4A, 0x5B5B, 0x7A7A,
    0x4444, 0x4B4B, 0x4D4D, 0x3B3B, 0x4B5F, 0x4444, 0xB64E, 0x4CA6, 0x4E44, 0xC24B, 0x2B4B, 0x254C,
    0x4A4A, 0x7140, 0x434A, 0x444E, 0x6E4A, 0x8D71, 0x4350, 0x2BC2, 0x715B, 0xC28D, 0x61C2, 0x25A6,
    0x5B46, 0x424A, 0xA6C2, 0x4C4C, 0x467A, 0x4A5B, 0x614E, 0x4CA6, 0x4C4C, 0x224C, 0x2221, 0x224C,
    0x2522, 0x2C22, 0x2222, 0x4C22, 0x2321, 0x2C21, 0x222C, 0x4C4C, 0xB64B, 0x5520, 0x3B3B, 0x554C,
    0x203B, 0x2525, 0x5520, 0x1F55, 0x2121, 0x2525, 0x2025, 0xB6A6, 0x2225, 0x4C4C, 0xA620, 0xC2A6,
    0x254C, 0x4C25, 0x204C, 0xA6A6, 0x222C, 0x222C, 0x2221, 0x222C, 0x4C22, 0x2263, 0x4C22, 0x4C22,
    0x4D4C, 0x4D1F, 0x224C, 0x4C1D, 0xA61F, 0x2B3B, 0xB63B, 0xC24D, 0x5555, 0x44C2, 0x4360, 0x4A42,
    0xB661, 0x6044, 0x404A, 0x6767, 0xC2C2, 0x43C2, 0x4A42, 0x5042, 0xC2C2, 0xC2C2, 0x4A43, 0x434A,
    },
    {
    0xA61D, 0xA61E, 0xA61D, 0xB61F, 0xA6A6, 0x52A6, 0x5053, 0x5453, 0x6767, 0x6968, 0x5350, 0x1F52,
    0x5050, 0x5050, 0x5067, 0xC250, 0x617C, 0x6161, 0x6161, 0x62A6, 0x864F, 0x1FC2, 0x7CC2, 0x4CA6,
    0x4F4E, 0x6186, 0xA661, 0x254C, 0x416F, 0x4343, 0x61C2, 0x1FA6, 0x20B6, 0x2221, 0x2423, 0x2223,
    0x4350, 0x2255, 0x222C, 0x222C, 0x5822, 0x5858, 0x2158, 0x2C22, 0x20C2, 0x5722, 0x2522, 0x4C2D,
    0x2062, 0x6155, 0x4DA6, 0x4D4D, 0x2122, 0x4C22, 0x1F3B, 0x4DB6, 0x2125, 0xB721, 0x5597, 0xB62B,
    0x1DA6, 0x4DA6, 0x4A60, 0x5C4A, 0x2025, 0x981E, 0x27A6, 0x2728, 0x2222, 0xA663, 0xB6A6, 0x2898,
    0x254C, 0x6363, 0x3B3B, 0x9898, 0x2222, 0x633B, 0xA698, 0x9827, 0x4C55, 0x254C, 0x6225, 0x2662,
    0x4C4D, 0x4C3B, 0x6322, 0x3B3B, 0xB64B, 0x604B, 0x7160, 0x6671, 0x475D, 0x5B5C, 0x665B, 0x4427,
    0x2928, 0x2828, 0x2898, 0x2929, 0x2898, 0x5628, 0x2828, 0x2898, 0x2828, 0x2828, 0x2829, 0x982A,
    0x2856, 0x2828, 0x2856, 0x2856, 0x9898, 0x2898, 0x2898, 0x9828, 0x4427, 0x2929, 0x2987, 0x2A66,
    0x7A66, 0x6671, 0x6629, 0x2766, 0xA6B6, 0x2B3B, 0x3BA6, 0x2D3B, 0x2929, 0x2929, 0x2B45, 0x2D2C,
    0x9898, 0x9898, 0x243C, 0x3037, 0x986A, 0xC426, 0xC4C4, 0x392E, 0x6398, 0x2322, 0x3024, 0x2E2E,
    0x2226, 0x223C, 0xC422, 0x23C4, 0x4427, 0x3B44, 0x2C63, 0x2522, 0x55B6, 0x2525, 0x4C4C, 0x254C,
    0x22A6, 0x2025, 0x2B3B, 0x2055, 0x2E3C, 0x302F, 0x3139, 0x1C3F, 0x2E2E, 0x2230, 0x2257, 0x303A,
    0x3030, 0x3A3A, 0x3A58, 0x3921, 0x582E, 0x2122, 0x2172, 0x2122, 0x2124, 0x5858, 0x2121, 0x2121,
    0x2122, 0x2172, 0x1D72, 0x251E, 0x2122, 0x2121, 0x6162, 0xC261, 0x2055, 0x6120, 0xC2C2, 0x4350,
    0x341C, 0x341C, 0x3235, 0x2E36, 0x353F, 0x3235, 0x3233, 0x2E36, 0x3332, 0x3F32, 0x3136, 0x3739,
    0x313A, 0x3039, 0x2E2E, 0xC42E, 0x2E65, 0x2E2E, 0x2E2E, 0x2E2E, 0x2422, 0xC422, 0x21C4, 0xC42C,
    0x5570, 0x2125, 0x5858, 0x5858, 0xC243, 0x6161, 0x22A6, 0x233C, 0x26C4, 0x2A98, 0x2929, 0x9898,
    0x26C4, 0x9898, 0x9898, 0x733C, 0x372E, 0x392E, 0xC4C4, 0xC4C4, 0xC4C4, 0x3B26, 0x3C98, 0x3C22,
    0xC4C4, 0x2D3C, 0x2B3B, 0x3B2B, 0x2224, 0x9860, 0x4460, 0x4529, 0x3B21, 0x4560, 0x4445, 0x2B2B,
    0x2324, 0x3C24, 0x6363, 0x2C22, 0x3637, 0x353F, 0x1C38, 0x3234, 0xC4C4, 0x3639, 0x1C33, 0x321C,
    0x362E, 0x3532, 0x1C34, 0x3535, 0x39C4, 0x3339, 0x3535, 0x3535, 0x2520, 0x3C63, 0x2424, 0x2222,
    0x4887, 0x4866, 0x485D, 0x4529, 0x253B, 0x2222, 0x242C, 0xC465, 0x2525, 0x2C22, 0x2C22, 0x2C22,
    0x3533, 0x3932, 0x3639, 0x983A, 0x3636, 0x3233, 0x3233, 0x373F, 0x3F35, 0x3F32, 0x3232, 0x2E36,
    0x3332, 0x3336, 0x3136, 0x3936, 0x2C22, 0x222C, 0xC43C, 0x3C2E, 0x2C3B, 0xC42C, 0x30C4, 0x3030,
    0x6523, 0x3930, 0x3939, 0x3131, 0x2C22, 0x2E65, 0x302E, 0x3930, 0x2A27, 0x0F28, 0x9828, 0x9898,
    0x0F98, 0x292A, 0x0F2A, 0x9828, 0x2898, 0x280F, 0x9828, 0x2E26, 0x1573, 0x3C98, 0x3C98, 0x312E,
    0x36C4, 0x3232, 0x3236, 0x353F, 0x3231, 0x3332, 0x3535, 0x3532, 0x3232, 0x353F, 0x323F, 0x3131,
    0x3030, 0x6530, 0x372E, 0x2E37, 0x2B3B, 0x983B, 0x3C3B, 0x2E39, 0x2E37, 0x732E, 0x24C4, 0x0A23,
    0x3636, 0x3532, 0x3335, 0xC439, 0x5A74, 0x1C1C, 0x5974, 0x2637, 0x1C34, 0x341C, 0x3434, 0x3C3F,
    0x3535, 0x3532, 0x3232, 0x3736, 0x3132, 0x3231, 0x3232, 0x3132, 0xC4C4, 0x2E2E, 0x302E, 0x3030,
    0x3639, 0x363F, 0x3236, 0x1C38, 0x2726, 0x272A, 0x9898, 0x363C, 0x9826, 0xA698, 0x2698, 0x320A,
    0x9828, 0x9828, 0x3C26, 0x3439, 0x2698, 0x9898, 0x363C, 0x3532, 0xC423, 0x39C4, 0x3136, 0x3236,
    0x3636, 0x3636, 0x3136, 0x3232, 0xC42E, 0x2E2E, 0x2E2E, 0x3939, 0x3E3D, 0x2334, 0x2B23, 0x2798,
    0x1C59, 0x391C, 0x223C, 0x982D, 0x1C34, 0x1C1C, 0x3335, 0x3736, 0x5A74, 0x1C34, 0x5974, 0x3132,
    0x3535, 0x3434, 0x3434, 0x3535, 0x3532, 0x3535, 0x3535, 0x3336, 0x3232, 0x3F32, 0x323F, 0x3F3F,
    0x3139, 0x3939, 0x3939, 0x3139, 0x233B, 0x2E39, 0x3339, 0x1C1C, 0x983B, 0xC43C, 0x3639, 0x1C59,
    0x23C4, 0x2222, 0x3A3C, 0x3136, 0x3636, 0x3F36, 0x3974, 0x3722, 0x3535, 0x3535, 0x3235, 0x3F31,
    0x1C35, 0x1C35, 0x1C1C, 0x3232, 0x3435, 0x3434, 0x3534, 0x3535, 0x3239, 0x333F, 0x3232, 0x3232,
    0x383D, 0x1C38, 0x3F1C, 0x1C34, 0x5A38, 0x1C38, 0x341C, 0x5934, 0x2E2E, 0x3658, 0x3432, 0x591C,
    0x1C35, 0x381C, 0x5A75, 0x3534, 0x1C34, 0x341C, 0x1C7D, 0x3534, 0x3532, 0x2E3A, 0x39C4, 0x3639,
    0x3535, 0x323F, 0x8E39, 0x2264, 0x3132, 0x3936, 0x3939, 0x3130, 0x4040, 0x4040, 0x4341, 0x8D43,
    0x6740, 0x5D5C, 0x1010, 0x5E10, 0x9D78, 0x6D6C, 0x5D79, 0x485C, 0x6B77, 0x786B, 0x1084, 0x7910,
    0x7E7E, 0x7F7F, 0x8180, 0x8882, 0xA083, 0x7E82, 0xA0A0, 0x7E88, 0x817F, 0x8888, 0x8882, 0x828F,
    0x9393, 0x8093, 0x9181, 0x8381, 0x4560, 0x4746, 0x4948, 0x4948, 0x5D5E, 0x5B5E, 0x4067, 0x4240,
    0xC5C5, 0xC5C5, 0x6E4A, 0x4A4A, 0x5E79, 0x485D, 0x467A, 0x4AC5, 0x7F7F, 0x827F, 0xA05D, 0x475C,
    0x4782, 0x5C5D, 0xA0A0, 0x5E83, 0xA07E, 0x4947, 0x5C7E, 0x4747, 0x837F, 0x5D82, 0x7EA0, 0xA049,
    0xC548, 0x424A, 0xB64B, 0x3B2B, 0x4E43, 0x5F42, 0x4445, 0x4B45, 0x4A4A, 0x4042, 0x6F4A, 0x604A,
    0xC54A, 0x4A4A, 0x4A46, 0x4A46, 0x4848, 0x4846, 0xC5C5, 0x467A, 0x7E5E, 0x5D7F, 0x485D, 0x485D,
    0x5C5C, 0x5D47, 0x815D, 0x1090, 0x7979, 0x9210, 0x8484, 0x6D84, 0x3B4C, 0x2B3B, 0x3B3B, 0x3B3B,
    0x4444, 0x4B44, 0x4444, 0x3B44, 0x4260, 0x4542, 0x4A4A, 0x4242, 0x4A46, 0x4AC5, 0x465B, 0x4A4A,
    0x46C5, 0x4AC5, 0x5B4A, 0x4AC5, 0x5C48, 0x495D, 0x5E5E, 0x1010, 0x9291, 0x8410, 0x1010, 0x7F7F,
    0x7F10, 0x49A0, 0x4747, 0x4747, 0x4D3B, 0xB63B, 0x4B2B, 0x424B, 0x4444, 0x604E, 0x4445, 0x4245,
    0x6042, 0x4A60, 0x4242, 0x4A43, 0x4A71, 0x5B4A, 0x5B5C, 0x5B5B, 0x5E46, 0x7979, 0x8410, 0xC55D,
    0x7777, 0x6C77, 0x7884, 0x1089, 0x5EA0, 0x4947, 0x5D47, 0x8493, 0x5C5C, 0x5C5C, 0xA049, 0xA0A0,
    0x704B, 0x43C2, 0x4FC2, 0x50C2, 0x4E42, 0xC244, 0xC243, 0x4150, 0x4A4A, 0x4040, 0x4350, 0x5043,
    0x675B, 0x677B, 0x4067, 0x6954, 0x5BC5, 0x7B67, 0x6754, 0x5450, 0x5B5E, 0x6767, 0x5467, 0x5467,
    0x949C, 0x5C5E, 0x5454, 0x5069, 0x907F, 0x6D6D, 0xDE79, 0x9695, 0xC24F, 0x221D, 0x3B4C, 0x3B1F,
    0xC250, 0x21A6, 0x2122, 0x2322, 0x4D43, 0x2125, 0x2121, 0x2521, 0x7043, 0x2555, 0x3B22, 0x8D60,
    0x4F41, 0xA61F, 0x4C4C, 0xC21F, 0x4350, 0x1FC2, 0x1FA6, 0x43C2, 0x43C2, 0xA61F, 0xC21F, 0x4AC2,
    0x5067, 0x4343, 0x86C2, 0x504F, 0x222C, 0xC4C4, 0x2C30, 0x222C, 0x2C22, 0x2C20, 0x4C22, 0x203B,
    0x252C, 0x4C1D, 0x4D8C, 0x4B4D, 0x4A8D, 0x448D, 0x6044, 0x6060, 0x4244, 0x4542, 0x5B43, 0x5C48,
    0x5B67, 0x4E4A, 0x4043, 0x4A5B, 0x5B67, 0x4A8A, 0x5B8A, 0x6E4A, 0x5B40, 0xC55B, 0x48C5, 0x5C5C,
    0x4C2C, 0x4C4C, 0x2C25, 0x242C, 0x4D4D, 0x4C55, 0x4C3B, 0x2522, 0x4D4B, 0x4D4B, 0x554D, 0x2020,
    0x604E, 0x424A, 0x4B4E, 0x5555, 0x4646, 0x5B46, 0x466E, 0x5042, 0x4A8A, 0x4A6E, 0x454A, 0x454A,
    0x6742, 0x424A, 0x4444, 0x444B, 0xC55B, 0xC57A, 0x4A4A, 0x4E42, 0x24C4, 0x24C4, 0x2CC4, 0x4C2C,
    0x3B63, 0x3B2B, 0x2555, 0x4C22, 0x2525, 0x4C4C, 0x2025, 0x3B20, 0x4260, 0x4A71, 0x4A5B, 0x4460,
    0x6767, 0x5B67, 0x4567, 0xB660, 0x4A4A, 0x4271, 0x4A4A, 0x424A, 0xB6B6, 0x3B3B, 0x3B8C, 0x4C4C,
    0x6042, 0x6044, 0x4DB6, 0x2055, 0x252C, 0x2424, 0x3039, 0x3039, 0x642C, 0xC424, 0x242E, 0x6322,
    0x2B2B, 0x2B2B, 0x5520, 0x2225, 0x3B2B, 0x2C2D, 0x6522, 0x652E, 0x4C3B, 0x3B4C, 0x254C, 0x6320,
    0x444A, 0x4242, 0x4A4A, 0x4A4A, 0x224C, 0x2025, 0xB655, 0xB63B, 0x2020, 0x2525, 0x2525, 0x2055,
    0x2330, 0x223C, 0x222C, 0x2222, 0x3B3B, 0x3B2B, 0x2C22, 0x2222, 0x3C22, 0x3C3C, 0x223C, 0x2222,
    0x3C24, 0x2222, 0x2622, 0x2626, 0x2D2C, 0x6322, 0x6323, 0x3B63, 0x6E4A, 0x454A, 0x4545, 0x6029,
    0x45B6, 0x5C4A, 0x5B46, 0x5C7A, 0x9755, 0x604D, 0x454E, 0x4A4A, 0x22C4, 0xC4C4, 0x2323, 0x2EC4,
    0x6322, 0x6398, 0x6322, 0x2222, 0x2626, 0x2D2D, 0x3B3B, 0x2263, 0x2626, 0x2626, 0x3B26, 0x2B26,
    0x6363, 0x9863, 0x3B3B, 0x3B3B, 0x4527, 0x982A, 0x3B2B, 0x633B, 0x8746, 0x5C7A, 0x2746, 0x552B,
    0x46C5, 0x4646, 0x5C5C, 0x5C96, 0x3030, 0xC430, 0x3030, 0x3236, 0xC422, 0xC424, 0x302E, 0x323A,
    0x3C22, 0x3C3C, 0x2C23, 0x222C, 0x2744, 0x6629, 0x604A, 0x60B6, 0x443B, 0x4498, 0x3B3B, 0x634C,
    0x633B, 0x223B, 0x4C22, 0x2C22, 0x3B4C, 0x4C4C, 0x4C4C, 0x4C4C, 0xC55C, 0x6045, 0x554D, 0x2055,
    0x3232, 0x3235, 0x3632, 0x3232, 0x3232, 0x3031, 0x23C4, 0xC424, 0x3B2D, 0x662B, 0x6666, 0x6671,
    0x6645, 0x2A29, 0x2A29, 0x982A, 0x224C, 0x9863, 0x9863, 0x9863, 0x2222, 0x3B3B, 0x223B, 0x3B98,
    0x2225, 0x3B4C, 0x224C, 0x224C, 0x2055, 0x2225, 0x2222, 0x2522, 0x3131, 0x3232, 0x3232, 0x5131,
    0x3C63, 0x2222, 0x3B3B, 0x4527, 0x6066, 0xC560, 0x45C5, 0x6045, 0x2D27, 0x233C, 0x3C24, 0x2E23,
    0x2263, 0x2222, 0xC4C4, 0xC458, 0x6398, 0x2222, 0xC422, 0xC42C, 0x2222, 0x2222, 0x22C4, 0xC4C4,
    0x2225, 0x2222, 0x2222, 0x3C22, 0x9294, 0x93A9, 0x9191, 0x8191, 0x84A3, 0x1684, 0x9316, 0x8492,
    0x9C84, 0x8484, 0x8484, 0x9C84, 0x6B89, 0x9D6B, 0x9C9D, 0x849C, 0x6B6B, 0x6B6B, 0x9D6B, 0x9C78,
    0x8977, 0x6B77, 0x6B77, 0x9C9D, 0x6B9D, 0x9D6B, 0x849D, 0x9C84, 0x6B89, 0x9D6B, 0x849C, 0x9D9C,
    0x8191, 0x7981, 0x1010, 0x1092, 0x849C, 0x849D, 0x949C, 0x7F93, 0x9C9D, 0x6D9D, 0x9092, 0x8191,
    0x849C, 0x849C, 0x1616, 0x9316, 0x9C6C, 0x8478, 0x8494, 0x9294, 0x6B9C, 0x786B, 0x9C9C, 0x6C9C,
    0x849C, 0x9C9C, 0x789C, 0x9C9C, 0x6C9C, 0x9C9C, 0x786B, 0x9D9C, 0x9092, 0x7F81, 0x5D7F, 0x4749,
    0x827F, 0x827F, 0xA07F, 0xA07F, 0x8383, 0x817F, 0x837F, 0x8283, 0x93A9, 0x9191, 0x8181, 0x8484,
    0x9210, 0x9390, 0x9C92, 0xAA77, 0x8484, 0x9C9C, 0x786B, 0x9484, 0x9D9D, 0x846C, 0x9292, 0x9392,
    0x9D89, 0x9484, 0x1016, 0x9394, 0x7E7E, 0x4747, 0x4747, 0x7E49, 0x5D82, 0x7E82, 0x5DA0, 0x7F82,
    0x8282, 0x8188, 0x9090, 0x9090, 0x7884, 0xAAAA, 0x7676, 0x6BAA, 0xAA77, 0x7777, 0x8478, 0x9284,
    0x1092, 0x9393, 0x9494, 0x9D84, 0x1090, 0x9292, 0x9292, 0x9494, 0x1010, 0x1094, 0x9416, 0x9494,
    0x7EA0, 0x477E, 0x5C5C, 0xA049, 0x7E82, 0x7E49, 0x5D5D, 0x47A0, 0x817F, 0x7981, 0x9210, 0x6D10,
    0x9484, 0x1092, 0x9290, 0x9193, 0x9110, 0x837F, 0x7F88, 0x807F, 0x9D78, 0x9484, 0x9394, 0x8179,
    0x9C84, 0x6B9D, 0x896B, 0x849C, 0x9DA3, 0x6B89, 0x9D77, 0x949C, 0xA05E, 0x5DA0, 0x4782, 0x9696,
    0x82A0, 0x7F7F, 0x4782, 0x5C47, 0x906D, 0x6D92, 0x796D, 0x5D5D, 0x8193, 0x7981, 0x4782, 0x405B,
    0x8180, 0x7F7F, 0x7E5D, 0x465C, 0x9393, 0x8190, 0x7F79, 0x5CA0, 0x9292, 0x9294, 0x7F90, 0x7EA0,
    0x9416, 0x1094, 0xA093, 0x7E82, 0x715C, 0x4671, 0x4A6E, 0x5C7A, 0x5D49, 0x82A0, 0x795E, 0x6D6D,
    0x5C47, 0x7146, 0x6740, 0x5C5B, 0x5067, 0x4040, 0x5B71, 0xA05C, 0x714A, 0x5B4A, 0x5D47, 0x817F,
    0xC548, 0x495C, 0x9188, 0x93A9, 0x7E7E, 0x7F7E, 0x9391, 0x9292, 0x7E7E, 0x8182, 0x9493, 0x9416,
    0x7F5D, 0x5E7F, 0x5C49, 0x5C48, 0x779D, 0x9C77, 0x7F94, 0xA083, 0x8247, 0x7F7F, 0x9010, 0x827F,
    0x7F83, 0x888F, 0x887F, 0x7F81, 0x8381, 0x817F, 0x9181, 0x8181, 0x9393, 0x93A9, 0x93A9, 0x9393,
    0x9292, 0x9494, 0x9292, 0x9392, 0x9416, 0x9494, 0x1016, 0x9316, 0x5C5C, 0x5C5C, 0x5B5C, 0x4A5B,
    0xA07F, 0x7F7F, 0x7E82, 0x485C, 0xA07F, 0x82A0, 0x497E, 0x5C47, 0x8283, 0x887F, 0xA07F, 0x7E82,
    0x7F80, 0x817F, 0x7F7F, 0x8F82, 0x8191, 0x8181, 0x7979, 0x9093, 0x9293, 0x9390, 0x9193, 0x9081,
    0x1094, 0x9393, 0x8193, 0x1081, 0x434A, 0x4342, 0x4B4E, 0x2B2B, 0x5B5C, 0x4A5B, 0x4E45, 0x4D60,
    0x7A5C, 0xC5C5, 0x4A4A, 0x434A, 0x5C49, 0xC548, 0xC5C5, 0x6E5B, 0x477E, 0x5C48, 0x5D47, 0x475D,
    0x9191, 0x8283, 0x5D7F, 0x5D82, 0x8190, 0x7F7F, 0xA07F, 0x5DA0, 0x7F93, 0x7F81, 0xA07F, 0x5DA0,
    0x2055, 0x4C55, 0x204C, 0x4C8C, 0x3B4D, 0x3B2B, 0x8C3B, 0x20A6, 0xB6B6, 0xB6B6, 0x3B2B, 0x4C20,
    0x4571, 0x4245, 0x8D8D, 0x6042, 0x4848, 0x4848, 0x4A5B, 0x4444, 0x5C49, 0x485C, 0x4071, 0xC243,
    0x5C47, 0xC57A, 0x406E, 0x4B42, 0xC547, 0xC548, 0x4067, 0xB65F, 0x212C, 0x204C, 0x4D4D, 0xB6B6,
    0x4C22, 0xB63B, 0xC2C2, 0x4E43, 0x4DB7, 0x424E, 0x5C46, 0x5B95, 0x718D, 0x6767, 0x425B, 0x4E60,
    0x4360, 0xC24B, 0xB6B6, 0xC2B6, 0xB6C2, 0xC270, 0xB6C2, 0x4BC2, 0xB6B6, 0x4BC2, 0x4E4E, 0x6060,
    0xB6B6, 0x4BC2, 0x4E43, 0x4244, 0xB6B6, 0xC560, 0x5C5C, 0x5B5C, 0x5C4A, 0x7A49, 0x604A, 0x4B44,
    0x4A5B, 0x604A, 0x5F4E, 0x44C2, 0x4B60, 0x4344, 0x4A8D, 0x4A40, 0x4EB6, 0x4A60, 0x6E40, 0x5B4A,
    0x4360, 0x4A71, 0x8A5B, 0x5B5B, 0x404A, 0x5B6E, 0x7A48, 0x7A7A, 0x404A, 0x5B5B, 0x4648, 0x4648,
    0x604A, 0x4B60, 0x4D4B, 0x3B55, 0x4B4E, 0x4444, 0xB64E, 0x20A6, 0x4344, 0xC24E, 0x4B4B, 0x4C55,
    0x4A4A, 0x404A, 0x4A71, 0x4E42, 0x4A46, 0x7167, 0x4343, 0xC2C2, 0x675B, 0xC28D, 0x61C2, 0x25A6,
    0x4A46, 0x434A, 0xA661, 0x4C4C, 0x4A5B, 0xC242, 0x4CA6, 0x4C4C, 0x4C20, 0x254C, 0x2122, 0x2525,
    0x2522, 0x2C22, 0x2222, 0x2522, 0x5821, 0x2458, 0x222C, 0x4C25, 0x4B60, 0x20B6, 0x2B55, 0x203B,
    0x3B3B, 0x224C, 0x204C, 0xB697, 0x2122, 0x2522, 0x2022, 0xB6A6, 0x2525, 0x4C4C, 0xA6A6, 0xC261,
    0x4C22, 0x4C4C, 0xA6A6, 0xC2C2, 0x2C22, 0x2C22, 0x2122, 0x2C22, 0x4C22, 0x2222, 0x2522, 0x2522,
    0x554C, 0x4D1F, 0x2520, 0x4C4C, 0x1F55, 0x3BA6, 0x3B2B, 0x4D2B, 0x3B1F, 0xC21F, 0x4244, 0x4A4E,
    0x61C2, 0x6044, 0x404A, 0x6767, 0xC2C2, 0x4243, 0x4A4A, 0x5043, 0xC2C2, 0x4243, 0x424A, 0x4050,
    },
    {
    0xA61D, 0xA61E, 0xA61D, 0xB68B, 0xA6A6, 0x52A6, 0x5053, 0x5453, 0x6767, 0x69BA, 0x5350, 0x7CB9,
    0x5050, 0x5050, 0x5067, 0xC250, 0x617C, 0x6161, 0x6161, 0x62A6, 0x864F, 0x61C2, 0x8561, 0x2061,
    0x434E, 0xC286, 0xA67C, 0x251D, 0x416F, 0x4343, 0x61C2, 0xA6A6, 0x20B6, 0x2221, 0x2423, 0x2223,
    0x4350, 0x2220, 0x222C, 0x222C, 0x212D, 0x21C4, 0x21C4, 0x2C22, 0x20C2, 0x5722, 0x2522, 0x4C22,
    0x2062, 0xA655, 0x55A6, 0x4D4D, 0x2125, 0x2522, 0x5520, 0x4D4D, 0x224C, 0x4C21, 0x5597, 0x4D3B,
    0xA6A6, 0xB6A6, 0x4260, 0x5C4A, 0x2025, 0x981E, 0x27A6, 0x2728, 0x2222, 0xA622, 0xB6A6, 0x2898,
    0x4C4C, 0x6322, 0x3B3B, 0x9898, 0x2222, 0x633B, 0xA626, 0x9827, 0x4C55, 0x254C, 0x6225, 0x2662,
    0x554D, 0x2020, 0x6325, 0x3B2D, 0x4BB6, 0x4EB6, 0x8D44, 0x4671, 0x475D, 0x5B5C, 0x6646, 0x4427,
    0x2928, 0x2828, 0x2898, 0x2929, 0x2898, 0x5628, 0x2828, 0x2898, 0x2828, 0x9828, 0x2829, 0x9829,
    0x2856, 0x2828, 0x2856, 0x2856, 0x9898, 0x2828, 0x9898, 0x9828, 0x2727, 0x2966, 0x6666, 0x6666,
    0x8729, 0x6671, 0x2929, 0x2745, 0xA6B6, 0x3B3B, 0x3BA6, 0x622D, 0x2929, 0x2929, 0x2BC5, 0x2D2C,
    0x9898, 0x9898, 0x2C3C, 0x3037, 0x986A, 0xC498, 0xC4C4, 0x392E, 0x6398, 0x2322, 0x3024, 0x2E2E,
    0x6326, 0x3C3C, 0xC43C, 0x24C4, 0x2727, 0x2B44, 0x2263, 0x2522, 0x2B44, 0x634C, 0x4C4C, 0x254C,
    0x63A6, 0x2025, 0x553B, 0x5555, 0x2E23, 0x302F, 0x3231, 0x1C33, 0x3030, 0x2230, 0x2257, 0x393A,
    0x3030, 0x3A3A, 0x3A21, 0x3058, 0x582E, 0x2122, 0x2172, 0x2122, 0x2124, 0x5858, 0x2121, 0x2121,
    0x2125, 0x7272, 0x6272, 0x6262, 0x222C, 0x2121, 0xA621, 0xC21F, 0x554D, 0x6155, 0xC2C2, 0x4343,
    0x341C, 0x5934, 0x3235, 0x2E36, 0x353F, 0x3235, 0x3233, 0x2E36, 0x3536, 0x3F32, 0x3136, 0x3930,
    0x313A, 0x3039, 0x2E2E, 0xC42E, 0x2E65, 0x2E2E, 0x2E2E, 0x2E2E, 0x2225, 0x3C22, 0x58C4, 0x2324,
    0x5586, 0x221D, 0xC421, 0xC458, 0xC243, 0xA661, 0x2262, 0x233C, 0x26C4, 0x2A98, 0x2929, 0x9898,
    0x26C4, 0x9898, 0x9898, 0x733C, 0x392E, 0x39C4, 0xC4C4, 0xC4C4, 0xC4C4, 0x3B26, 0x3C98, 0x3C22,
    0xC4C4, 0x2D3C, 0x2B3B, 0x3B2B, 0x2224, 0x272B, 0x6027, 0x662A, 0x2D21, 0x4560, 0x6045, 0x2B3B,
    0x2324, 0x3C24, 0x2222, 0x2222, 0x362E, 0x3533, 0x1C38, 0x3234, 0xC4C4, 0x3639, 0x1C33, 0x321C,
    0x362E, 0x3536, 0x1C59, 0x3535, 0x39C4, 0x3336, 0x3535, 0x3535, 0x2220, 0x3C3C, 0x2424, 0x2222,
    0x7A7A, 0x7A7A, 0x5C47, 0x6666, 0x3B3B, 0x222C, 0x2C2C, 0xC464, 0x2525, 0x2222, 0x2C22, 0x2222,
    0x353F, 0x3932, 0x3639, 0x983A, 0x3636, 0x3233, 0x3233, 0x3733, 0x3335, 0x3336, 0x3332, 0x3736,
    0x3F32, 0x3332, 0x3236, 0x3636, 0x2C22, 0x222C, 0xC43C, 0x3CC4, 0x252B, 0x232C, 0x2EC4, 0x3030,
    0x2423, 0x3030, 0x3031, 0x3632, 0x2C22, 0x2E65, 0x302E, 0x3939, 0x2A27, 0x0F28, 0x9828, 0x9898,
    0x0F98, 0x292A, 0x0F2A, 0x9828, 0x2898, 0x280F, 0x9828, 0x2E98, 0x7373, 0x3C98, 0x3C26, 0x31C4,
    0x31C4, 0x3632, 0x3F32, 0x353F, 0x3239, 0x3F32, 0x3535, 0x3F3F, 0x3232, 0x3532, 0x3235, 0x3632,
    0x3030, 0x3030, 0x372E, 0x2E37, 0x2B26, 0x982B, 0x3C3B, 0x2E39, 0x2E37, 0x73C4, 0x24C4, 0x2623,
    0x3636, 0x3536, 0x3F35, 0x3739, 0x5A74, 0x1C1C, 0x5974, 0x2637, 0x1C34, 0x341C, 0x3434, 0x3C32,
    0x3533, 0x3F3F, 0x323F, 0x3931, 0x3131, 0x3232, 0x3232, 0x3232, 0xC42E, 0x2E2E, 0x302E, 0x2E30,
    0x3639, 0x3233, 0x3332, 0x1C1C, 0x293B, 0x2727, 0x9898, 0x393C, 0x9863, 0xA698, 0x3B98, 0x3626,
    0x9828, 0x9828, 0x6398, 0x5939, 0x2626, 0x9898, 0x363C, 0x3532, 0xC42E, 0x37C4, 0x3136, 0x3136,
    0x3631, 0x3636, 0x3631, 0x3232, 0xC4C4, 0x2E2E, 0x302E, 0x3939, 0x3E3E, 0x2334, 0x2B23, 0x2798,
    0x1C59, 0x311C, 0x2222, 0x983B, 0x1C59, 0x341C, 0x3232, 0x3936, 0x5A74, 0x1C59, 0x3574, 0x3232,
    0x3535, 0x3434, 0x3459, 0x3535, 0x3F32, 0x3535, 0x3535, 0x3232, 0x3232, 0x3232, 0x3235, 0x3235,
    0x3939, 0x3939, 0x3131, 0x3939, 0x233B, 0x2E37, 0x3339, 0x1C1C, 0x263B, 0xC43C, 0x3639, 0x1C59,
    0xC42E, 0x2222, 0x3A22, 0x3236, 0x3636, 0x3336, 0x3974, 0x373C, 0x3535, 0x3535, 0x3235, 0x3231,
    0x3435, 0x3434, 0x1C1C, 0x3235, 0x3535, 0x5934, 0x351C, 0x3535, 0x3239, 0x3F3F, 0x3232, 0x3232,
    0x383D, 0x1C38, 0x331C, 0x1C34, 0x1C38, 0x1C38, 0x591C, 0x591C, 0x2E30, 0x3658, 0x5932, 0x341C,
    0x1C3F, 0x381C, 0x5A75, 0x3559, 0x1C34, 0x341C, 0x5A7D, 0x3534, 0x3F32, 0x2E32, 0x2EC4, 0x3930,
    0x3535, 0x3233, 0x3031, 0x2C64, 0x3132, 0x3936, 0x3939, 0x3139, 0x4040, 0x4040, 0x4343, 0x4243,
    0x6740, 0x475C, 0x1010, 0x7910, 0x6B84, 0x6D6C, 0x5E10, 0x4848, 0x6B77, 0x786B, 0x106D, 0x1010,
    0x827E, 0x817F, 0x8381, 0x7F7F, 0xA083, 0x7E82, 0xA0A0, 0x7E88, 0x817F, 0x8888, 0x8882, 0x828F,
    0x9393, 0x8091, 0x8191, 0x7F81, 0xC545, 0x477A, 0x475C, 0x495C, 0x5D5E, 0x5B5E, 0x4067, 0x4240,
    0xC548, 0xC54A, 0x674A, 0x4A4A, 0x5E79, 0x4847, 0xC57A, 0x714A, 0x7F7F, 0x827F, 0x4749, 0x5C5C,
    0x4782, 0x475D, 0xA0A0, 0x5E83, 0xA07E, 0x4947, 0x477E, 0x5C47, 0x8381, 0x5D82, 0x4782, 0x7F5D,
    0xC57A, 0x424A, 0xB64B, 0x3B3B, 0x4E43, 0x5F42, 0x4445, 0x4B45, 0x4A42, 0x4042, 0x6E4A, 0x4542,
    0xC5C5, 0x4A4A, 0x4A4A, 0x4A4A, 0x5C48, 0x7A7A, 0xC5C5, 0x4646, 0x7E5E, 0x5D7F, 0x485D, 0x5C49,
    0x4747, 0x5D47, 0x815D, 0x1081, 0x1079, 0x9492, 0x8484, 0x106D, 0x3B20, 0x2B2B, 0x3B3B, 0x3B3B,
    0x4444, 0x4B44, 0x4444, 0x3B44, 0x4260, 0x4542, 0x6E4A, 0x4242, 0xC54A, 0x6E4A, 0x4646, 0x714A,
    0x46C5, 0x4AC5, 0x5B4A, 0x4AC5, 0x4848, 0x5D5D, 0x5E5E, 0x1010, 0x9291, 0x6D10, 0x1010, 0x7F7F,
    0xA079, 0x4749, 0x4847, 0x5C5C, 0x553B, 0x2B3B, 0x4B2B, 0x424E, 0x4444, 0x444E, 0x4445, 0x4245,
    0x4242, 0x4A60, 0x4242, 0x4043, 0x4A4A, 0x6E4A, 0x5B5B, 0x5B5B, 0x5E5C, 0x7979, 0x1010, 0x7A47,
    0x776B, 0x9D77, 0x789C, 0x929D, 0x5EA0, 0x5D49, 0xA049, 0x8491, 0x5C5C, 0x475C, 0xA0A0, 0xA082,
    0x4E4B, 0x43C2, 0x4FC2, 0x50C2, 0x4E45, 0xC244, 0xC243, 0x4150, 0x4A4A, 0x4040, 0x5043, 0x504F,
    0x7B5B, 0x677B, 0x4040, 0x5069, 0x5B46, 0x7B67, 0x4054, 0xBC50, 0x4779, 0x675B, 0x5467, 0x5467,
    0x849C, 0x965E, 0x5454, 0x5069, 0x1081, 0x796D, 0x6749, 0x6796, 0x614F, 0x221D, 0x3B20, 0x2D55,
    0xC250, 0x21A6, 0x2122, 0xC422, 0x7041, 0x2225, 0x2221, 0x2221, 0xC243, 0x2555, 0x2B22, 0x8D60,
    0x8643, 0xA661, 0x204C, 0xC261, 0x4350, 0x1FC2, 0x1FA6, 0x43C2, 0x43C2, 0xA61F, 0xC21F, 0x4AC2,
    0x5067, 0xC243, 0x86C2, 0x5043, 0x222C, 0x2EC4, 0x2C65, 0x222C, 0x2C22, 0x2C3B, 0x4C22, 0x203B,
    0x222C, 0x4C1D, 0x4DB7, 0xB64D, 0x8D8D, 0x4460, 0x6044, 0x6060, 0x4260, 0x4242, 0x5B40, 0x5C5C,
    0x5B67, 0x4E4A, 0x4043, 0x4A5B, 0x5B67, 0x4A8A, 0x5B8A, 0x6E4A, 0x5B67, 0xC55B, 0x4848, 0x5B5C,
    0x4C2C, 0x4C4C, 0x2C25, 0x242C, 0x4D4D, 0x4C4D, 0x4C3B, 0x4C22, 0x4B4B, 0x4B4D, 0x554D, 0x204C,
    0x6060, 0x5F42, 0xB64B, 0x2B55, 0x4646, 0x5B46, 0x4A71, 0x5043, 0x4A8A, 0x4A6E, 0x454A, 0x454A,
    0x6E4A, 0x424A, 0x4444, 0x444B, 0xC55B, 0xC57A, 0x4240, 0x4342, 0x2423, 0x2423, 0x2C23, 0x252C,
    0x3B22, 0x3BB6, 0x4C4D, 0x4C22, 0x2D25, 0x4C4C, 0x2220, 0x3B4C, 0x8D42, 0x6E4A, 0x4A5B, 0x4460,
    0x6767, 0x5B67, 0x604A, 0x2BB6, 0x4A4A, 0x4271, 0x4A4A, 0x425B, 0xB6B6, 0x203B, 0x3B97, 0x4C4C,
    0x4442, 0x4B60, 0x55B6, 0x2020, 0x252C, 0x6524, 0x3039, 0x3039, 0x642C, 0xC42C, 0x2CC4, 0x6322,
    0x2B3B, 0x4D3B, 0x553B, 0x2225, 0x3B2B, 0x2525, 0x6524, 0x652E, 0x4C20, 0x2D20, 0x204C, 0x2225,
    0x444A, 0x4242, 0x4A4A, 0x4A4A, 0x224C, 0x2025, 0x2B20, 0xB63B, 0x2520, 0x2522, 0x2022, 0x2055,
    0x2365, 0x2223, 0x222C, 0x3C22, 0x3B3B, 0x3B44, 0x2C22, 0x2222, 0x2222, 0x2223, 0x2223, 0x2222,
    0x3C24, 0x2222, 0x2622, 0x2626, 0x6320, 0x3C3C, 0x223C, 0x3B63, 0x6E4A, 0x454A, 0x4545, 0x4529,
    0x45B6, 0x5C5B, 0x5B46, 0x5C46, 0x558C, 0x4E60, 0x4545, 0xC571, 0x2223, 0xC4C4, 0xC4C4, 0xC4C4,
    0x6322, 0x2298, 0x6322, 0x2222, 0x9863, 0x3B63, 0x3B63, 0x6363, 0x2626, 0x2626, 0x2626, 0x2B26,
    0x2263, 0x9826, 0x3B3B, 0x3B3B, 0x4527, 0x9827, 0x633B, 0x2D3B, 0x8746, 0x5C46, 0x2746, 0x4D2B,
    0x4646, 0x7A46, 0x5C5C, 0x5C47, 0x3030, 0x2E2E, 0x3930, 0x3236, 0xC422, 0xC424, 0x302E, 0x323A,
    0x2263, 0x2223, 0x24C4, 0x222C, 0x2A44, 0x6629, 0x4460, 0x60B6, 0x272B, 0x4498, 0x202B, 0x2525,
    0x633B, 0x2D3B, 0x4C63, 0x2C22, 0x3B20, 0x4C4C, 0x4C25, 0x4C4C, 0x4A7A, 0x5560, 0x2055, 0x2055,
    0x3232, 0x323F, 0x3631, 0x3232, 0x3931, 0x2E39, 0xC42E, 0x2E24, 0x2B20, 0x2A2B, 0x2966, 0x6671,
    0x2745, 0x2A2A, 0x292A, 0x2727, 0x6325, 0x2626, 0x2626, 0x2626, 0x2222, 0x3B3B, 0x633B, 0x3B98,
    0x224C, 0x3B2D, 0x224C, 0x6325, 0x2555, 0x2222, 0x2222, 0x2522, 0x3232, 0x3231, 0x3132, 0x5131,
    0x2322, 0x2263, 0x3B3B, 0x4529, 0x8D29, 0xC544, 0x45C5, 0x4545, 0x2D27, 0x243C, 0xC423, 0x2E2E,
    0x2263, 0x3C22, 0x58C4, 0x6558, 0x6398, 0x2222, 0xC422, 0xC424, 0x2263, 0x2222, 0x2223, 0xC4C4,
    0x2222, 0x2222, 0x2C22, 0x2322, 0x9294, 0x9393, 0x9191, 0x8180, 0x84A3, 0x9484, 0x9316, 0x8492,
    0x9C84, 0x8484, 0x8484, 0x7884, 0x6B89, 0x9D6B, 0x9C9D, 0x9C84, 0x6B6B, 0x6B6B, 0x9D6B, 0x789D,
    0x8977, 0x6B77, 0x6B77, 0x9C89, 0x8984, 0x6B6B, 0x9C9D, 0x9C84, 0x8984, 0x6B6B, 0x9C9D, 0x9C84,
    0x8193, 0x1079, 0x9210, 0x9210, 0x849C, 0x9C9D, 0x8484, 0x8193, 0x9C9D, 0x6D9D, 0x9310, 0x8181,
    0x8484, 0x8484, 0x1616, 0x9316, 0x6C9C, 0x789C, 0x8484, 0x9484, 0x6B9C, 0x786B, 0x9C9C, 0x6C9C,
    0x9C9D, 0x9C6C, 0x6B9C, 0x9C78, 0x9C9D, 0x9C6C, 0x6B9C, 0x9C78, 0x9310, 0x7F81, 0x5DA0, 0x4749,
    0x827F, 0x8282, 0xA082, 0xA0A0, 0x8383, 0x817F, 0x837F, 0x8282, 0x9393, 0x9191, 0x8181, 0x8490,
    0x9292, 0x9092, 0x6D90, 0xAA6B, 0x8484, 0xA39C, 0x786B, 0x9484, 0x899D, 0x849D, 0x1694, 0x9210,
    0x899D, 0x849D, 0x1694, 0x9410, 0x7E7E, 0x4947, 0x4947, 0xA07E, 0x5DA0, 0x82A0, 0x5DA0, 0x7FA0,
    0x8282, 0x9388, 0x9310, 0x8110, 0x7884, 0x7677, 0x7676, 0x7776, 0xAAAA, 0x77AA, 0x786B, 0x9484,
    0x1094, 0x9393, 0x9492, 0x9D84, 0x1093, 0x9210, 0x9210, 0x9494, 0x1093, 0x9410, 0x1610, 0x9494,
    0x7E7E, 0x477E, 0x475C, 0x5D7E, 0x7E82, 0x4949, 0x5D49, 0xA0A0, 0x817F, 0x7981, 0x9210, 0x6D10,
    0x9484, 0x9292, 0x9292, 0x9193, 0x9092, 0x7F81, 0x8883, 0x7F7F, 0x9D78, 0x9484, 0x9392, 0x9079,
    0x9C94, 0x9D9D, 0x776B, 0x9C9D, 0x9C94, 0x899D, 0x776B, 0x9C9D, 0xA0A0, 0x825D, 0x47A0, 0x9696,
    0x82A0, 0x7F7F, 0x4982, 0x5C5C, 0x9294, 0x6D92, 0x7F10, 0x5D5D, 0x8191, 0x797F, 0x495E, 0x6E5C,
    0x8080, 0x7F81, 0x49A0, 0x5C47, 0x9393, 0x9192, 0x7F79, 0x4782, 0x1694, 0x9494, 0x9310, 0x8282,
    0x1694, 0x9494, 0x9310, 0x82A0, 0x7146, 0x5C46, 0x4A6E, 0x4746, 0x5D47, 0x82A0, 0x795E, 0x6C92,
    0x5B47, 0x7171, 0x6740, 0x5C5B, 0x5040, 0x4050, 0x7171, 0x495C, 0x4A46, 0x8A71, 0x475C, 0x7F5D,
    0xC548, 0x475C, 0x8188, 0x93A9, 0x7E7E, 0x827E, 0x9181, 0x1692, 0x7E7E, 0x827E, 0x9381, 0x1694,
    0x7FA0, 0xA05E, 0x5C49, 0x5C48, 0x899D, 0x7877, 0x9094, 0x827F, 0x7F7E, 0x7F7F, 0x8110, 0x7F82,
    0x7F7F, 0x8F7F, 0x7F7F, 0x7F88, 0x8381, 0x7F83, 0x9181, 0x8191, 0x9393, 0x93A9, 0x93A9, 0x9393,
    0x1694, 0x9494, 0x1694, 0x9210, 0x1694, 0x9494, 0x1694, 0x1610, 0x5C5C, 0x5C5C, 0x5B5B, 0x4A4A,
    0xA0A0, 0x7F82, 0x7E82, 0x5C47, 0x5D7F, 0x82A0, 0x497E, 0x5C47, 0x8282, 0x7F82, 0xA07F, 0x7E5D,
    0x8880, 0x7F7F, 0x7F81, 0x8282, 0x8193, 0x8181, 0x7979, 0x1093, 0x9293, 0x9310, 0x9393, 0x8181,
    0x9493, 0x9310, 0x9393, 0x8181, 0x4042, 0x4243, 0xB64E, 0x553B, 0x5C5C, 0x4A5B, 0x4245, 0xB660,
    0x487A, 0xC5C5, 0x4A4A, 0x4443, 0x4749, 0xC548, 0xC5C5, 0x6EC5, 0x498F, 0x5C47, 0x4747, 0x5D5D,
    0x9393, 0x8281, 0x5D7F, 0x5D82, 0x9310, 0x817F, 0x7F7F, 0xA0A0, 0x9310, 0x817F, 0x7F7F, 0xA0A0,
    0x9720, 0x4C20, 0x8C4C, 0x4C20, 0x554D, 0x2B2B, 0x553B, 0x20A6, 0xC2B6, 0xB6B6, 0x3B3B, 0x4C4C,
    0x8D8D, 0x4245, 0x8D8D, 0x6042, 0x4847, 0x4848, 0x5B48, 0x448D, 0x47A0, 0x485C, 0x4046, 0xC243,
    0x475D, 0x48C5, 0x6EC5, 0x5F40, 0x475D, 0x48C5, 0x67C5, 0x5F40, 0x2521, 0x554C, 0xB64D, 0xB6B6,
    0x2D25, 0x2B20, 0xC2C2, 0x4EC2, 0xB64D, 0x4A4E, 0x5C46, 0x5C95, 0x7160, 0x7B7B, 0x6E5B, 0x6042,
    0x6044, 0x4B4E, 0xB6C2, 0xB6B6, 0xB6C2, 0xC270, 0xB6C2, 0x4BC2, 0xB6B6, 0xC2B6, 0x434B, 0x604E,
    0xB6B6, 0xC2B6, 0x434B, 0x444E, 0x44B6, 0x5C45, 0x5C5C, 0x4A5B, 0x5C4A, 0x5C47, 0x604A, 0x4B44,
    0x4A8A, 0x604A, 0x5F4E, 0x44C2, 0x4B60, 0x604B, 0x8D8D, 0x4042, 0x4BC2, 0x6060, 0x404A, 0x6E6E,
    0x4344, 0x4A8D, 0x8A5B, 0x5B5B, 0x4A42, 0x5B40, 0x485B, 0x4846, 0x4A42, 0x5B40, 0x485B, 0x4846,
    0x4460, 0x4B60, 0x4D4D, 0x3B2B, 0x4E4E, 0x4460, 0x4B60, 0xA6A6, 0x4344, 0xC24B, 0xB64B, 0x4C20,
    0x6E4A, 0x4A4A, 0x8D8D, 0x4E42, 0x465B, 0x714A, 0x438D, 0xC243, 0x675B, 0x4371, 0x61C2, 0x20A6,
    0x5B46, 0x424A, 0xA6C2, 0x4C20, 0x5B46, 0x424A, 0xA6C2, 0x4C4C, 0x4C2D, 0x224C, 0x2221, 0x2225,
    0x2225, 0x2225, 0x2222, 0x2522, 0x3C21, 0x2C21, 0x222C, 0x4C25, 0xB64B, 0x55B6, 0x5520, 0x203B,
    0x3BB6, 0x252D, 0x2025, 0x5555, 0x2122, 0x2522, 0x2522, 0xB6A6, 0x224C, 0x4C25, 0xA64C, 0xC2A6,
    0x224C, 0x4C4C, 0xA64C, 0xC2A6, 0x222C, 0x222C, 0x2221, 0x222C, 0x2525, 0x2225, 0x2522, 0x2525,
    0x554C, 0x4D1F, 0x6320, 0x4C1D, 0x4D55, 0xA661, 0x2B2B, 0x4D2B, 0x554D, 0x6155, 0x604B, 0x4242,
    0x1FC2, 0x4444, 0x4045, 0x6767, 0xC2C2, 0x43C2, 0x4A42, 0x5042, 0xC2C2, 0x43C2, 0x4A42, 0x5042,
    },
    {
    0xA61D, 0xA61E, 0xA61D, 0xB68B, 0xA6A6, 0x5261, 0x5052, 0x6769, 0x6767, 0x6968, 0x5350, 0x8B52,
    0x5050, 0x5050, 0x5067, 0xC250, 0x617C, 0x611F, 0xA661, 0x621D, 0x864F, 0x61C2, 0x7C61, 0x2061,
    0x434E, 0xC286, 0xA67C, 0x221D, 0x416F, 0x4343, 0x8643, 0x1DA6, 0x20B6, 0x2221, 0x2423, 0x2223,
    0x4B43, 0x2225, 0x222C, 0x222C, 0x2122, 0x5858, 0x2158, 0x2C22, 0x20C2, 0x5722, 0x2522, 0x2522,
    0x2D25, 0xA655, 0x4D61, 0x4D4D, 0x2125, 0x2522, 0x5520, 0x4D4D, 0x224C, 0x4C21, 0x4D97, 0x4D3B,
    0x97A6, 0x1FA6, 0x4244, 0x7A4A, 0x3B4C, 0x981E, 0x27A6, 0x2728, 0x2222, 0xA663, 0x27A6, 0x2898,
    0x254C, 0x6322, 0x3B3B, 0x9898, 0x2222, 0x633B, 0xA698, 0x9827, 0x4C20, 0x224C, 0x6225, 0x983B,
    0x204D, 0x2020, 0x2225, 0x3B3B, 0x4BB6, 0x5FB6, 0x7144, 0x4A71, 0x475D, 0x5B5C, 0xC55B, 0x4427,
    0x2928, 0x2828, 0x2898, 0x2929, 0x2898, 0x5628, 0x2828, 0x2898, 0x2828, 0x2828, 0x282A, 0x982A,
    0x2856, 0x2828, 0x2856, 0x2856, 0x2898, 0x2898, 0x2828, 0x9898, 0x2727, 0x292A, 0x6666, 0x6666,
    0x8729, 0x4671, 0x2929, 0x2745, 0xA644, 0x3B3B, 0x3BA6, 0x633B, 0x2929, 0x2929, 0x2BC5, 0x3B2C,
    0x9898, 0x2698, 0x2423, 0x2E37, 0x986A, 0xC426, 0xC4C4, 0x3937, 0x6398, 0x2322, 0x3024, 0x2E2E,
    0x2226, 0x2223, 0xC423, 0x24C4, 0x272A, 0x2B44, 0x2C63, 0x2522, 0xB644, 0x224C, 0x4C4C, 0x4C4C,
    0x22A6, 0x4C22, 0x3B3B, 0x4C55, 0x3023, 0x302F, 0x3139, 0x1C3F, 0x3030, 0x222E, 0x3C57, 0x393A,
    0x3730, 0x583A, 0x5858, 0x3765, 0x582E, 0x2122, 0x2172, 0x2122, 0x2121, 0x583A, 0x2121, 0x2121,
    0x2125, 0x2172, 0x6272, 0x6262, 0x222C, 0x2121, 0xA621, 0xC21F, 0x8C4D, 0x1F3B, 0xC2C2, 0x4350,
    0x591C, 0x591C, 0x3635, 0x2E36, 0x3535, 0x3233, 0x3633, 0xC439, 0x3332, 0x3F32, 0x3932, 0x3739,
    0x313A, 0x3039, 0x2E2E, 0xC42E, 0x2E2E, 0x2E2E, 0x2E2E, 0x2E2E, 0x2C25, 0x2322, 0x58C4, 0x2324,
    0x5586, 0x221D, 0xC421, 0xC421, 0xC250, 0x1F61, 0x22A6, 0x2322, 0x26C4, 0x2998, 0x2929, 0x9898,
    0x983C, 0x9898, 0x9898, 0x733C, 0x3737, 0x3737, 0xC4C4, 0xC4C4, 0xC4C4, 0x3B26, 0x3C98, 0x2322,
    0xC4C4, 0x3B22, 0x2B3B, 0x3B3B, 0x2224, 0x2744, 0x6027, 0x662A, 0x2221, 0x4544, 0x4545, 0xB62B,
    0x2324, 0x2324, 0x6322, 0x2C22, 0x3637, 0x3533, 0x1C38, 0x3659, 0x2EC4, 0x3236, 0x1C59, 0x3634,
    0x3637, 0x3532, 0x3434, 0x3535, 0x39C4, 0x3F36, 0x3533, 0x3535, 0x2220, 0x2223, 0x222C, 0x222C,
    0x7A7A, 0x7A7A, 0x5C47, 0x6666, 0x3B3B, 0x222C, 0x2C2C, 0xC464, 0x2522, 0x2C22, 0x2C22, 0x2C22,
    0x3533, 0x3036, 0x3639, 0x983A, 0x3236, 0x3633, 0x3233, 0x3C32, 0x3F35, 0x3232, 0x3F32, 0x3C36,
    0x3532, 0x3332, 0x3232, 0x3636, 0x252C, 0x2224, 0xC423, 0x22C4, 0x252B, 0x232C, 0x2EC4, 0x3030,
    0x2CC4, 0x3030, 0x3031, 0x3632, 0x2C22, 0x3024, 0x302E, 0x3139, 0x2A27, 0x0F28, 0x9828, 0x9898,
    0x0F28, 0x292A, 0x0F2A, 0x2628, 0x2898, 0x280F, 0x9828, 0x3726, 0x7373, 0x3C15, 0x3C26, 0x312E,
    0x3137, 0x323F, 0x3232, 0x3533, 0x3239, 0x3332, 0x3535, 0x3F32, 0x3232, 0x3331, 0x3235, 0x3631,
    0x3030, 0x6430, 0x302E, 0x2E3A, 0x443B, 0x983B, 0x233B, 0xC439, 0xC439, 0x733C, 0x2423, 0x983C,
    0x3636, 0x3332, 0x323F, 0x2E36, 0x5A74, 0x1C1C, 0x3574, 0x2637, 0x1C34, 0x341C, 0x591C, 0x0A32,
    0x3535, 0x333F, 0x323F, 0x3636, 0x3232, 0x3232, 0x3232, 0x3232, 0x2E2E, 0x302E, 0x302E, 0x2E30,
    0x3937, 0x3932, 0x3532, 0x1C38, 0x292B, 0x2727, 0x2698, 0x322E, 0x9826, 0x3B98, 0x3B98, 0x320A,
    0x9828, 0x9828, 0x6398, 0x5937, 0x983B, 0x2698, 0x36C4, 0x353F, 0xC437, 0x392E, 0x3136, 0x3136,
    0x3632, 0x3939, 0x3631, 0x3232, 0xC4C4, 0x2E2E, 0x302E, 0x3139, 0x3E3D, 0x3C34, 0x2B23, 0x2798,
    0x1C1C, 0x2E34, 0x6322, 0x983B, 0x1C34, 0x351C, 0x3233, 0x3739, 0x5A74, 0x1C34, 0x3574, 0x3132,
    0x3535, 0x341C, 0x341C, 0x3535, 0x3332, 0x3535, 0x3535, 0x3F32, 0x3232, 0x3232, 0x3235, 0x3233,
    0x3139, 0x3639, 0x3139, 0x3139, 0x232D, 0x2E39, 0x3531, 0x1C1C, 0x263B, 0xC423, 0x3239, 0x1C1C,
    0x232E, 0x223C, 0x3A58, 0x3236, 0x3636, 0x3332, 0x3974, 0x3722, 0x3535, 0x3535, 0x3235, 0x3231,
    0x3435, 0x3434, 0x1C1C, 0x3235, 0x3533, 0x3534, 0x351C, 0x3535, 0x3239, 0x3332, 0x3232, 0x3232,
    0x1C3D, 0x1C38, 0x3F1C, 0x1C34, 0x1C38, 0x1C38, 0x591C, 0x591C, 0x3731, 0x3237, 0x593F, 0x351C,
    0x3432, 0x381C, 0x5A75, 0x3559, 0x1C34, 0x341C, 0x5A7D, 0x3535, 0x353F, 0x3732, 0x2EC4, 0x3930,
    0x3535, 0x3235, 0x3032, 0x2464, 0x3232, 0x3136, 0x3139, 0x3139, 0x4040, 0x4040, 0x4343, 0x434F,
    0x6740, 0x495C, 0x1079, 0x7910, 0x6B84, 0x6D6C, 0x5E10, 0x4848, 0x6BAA, 0x7877, 0x1084, 0x7910,
    0x827E, 0x817F, 0x8381, 0x837F, 0xA07F, 0x7E82, 0xA0A0, 0x7E88, 0x817F, 0x8888, 0x8882, 0x828F,
    0x9393, 0x8091, 0x8191, 0x7F81, 0xC560, 0x477A, 0x475C, 0x495C, 0x5D5E, 0x5B5E, 0x4067, 0x4240,
    0x7A48, 0xC54A, 0x674A, 0x4A4A, 0x5E10, 0x485E, 0x4648, 0x4AC5, 0x7F7F, 0xA082, 0x475D, 0x5C48,
    0x47A0, 0x4749, 0xA0A0, 0x5E7F, 0xA07E, 0x5D47, 0x477E, 0x4747, 0x8381, 0x5D82, 0x7E82, 0xA05D,
    0xC548, 0x424A, 0x2B4B, 0x3B3B, 0x4E43, 0x5F42, 0x4445, 0x4B60, 0x4A42, 0x4042, 0x6E4A, 0x4542,
    0xC571, 0x4AC5, 0x4A46, 0x4A46, 0x5C48, 0x7A7A, 0xC5C5, 0x4646, 0x7E5E, 0x5D7F, 0x5C47, 0x4847,
    0x475C, 0x5D47, 0x815D, 0x1081, 0x1079, 0x9492, 0x8484, 0x1084, 0x3B20, 0x2B3B, 0x3B3B, 0x3B3B,
    0x4444, 0x4B44, 0x4444, 0x3B44, 0x4244, 0x4542, 0x674A, 0x4242, 0x4A46, 0x4AC5, 0x465B, 0x4A5B,
    0x46C5, 0x4AC5, 0x5B46, 0x46C5, 0x5C48, 0x5D5D, 0x795E, 0x6D10, 0x9281, 0x8410, 0x1010, 0x7F7F,
    0xA010, 0x4749, 0x5C47, 0x5C5C, 0x553B, 0x2B3B, 0x4B2B, 0x4E4B, 0x4444, 0x445F, 0x4445, 0x4245,
    0x4242, 0x4A44, 0x4242, 0x4043, 0x4A71, 0x4A4A, 0x5B5B, 0x5B5B, 0x7947, 0x7979, 0x1092, 0xC55C,
    0x7777, 0x9D77, 0x789C, 0x796C, 0x5EA0, 0x5D47, 0x5D47, 0x8491, 0x485C, 0x475C, 0xA0A0, 0x7F7F,
    0x4E4B, 0x43C2, 0x4FC2, 0x50C2, 0x4E45, 0xC244, 0xC243, 0x4150, 0x4A4A, 0x4040, 0x5043, 0x504F,
    0x675B, 0x7B7B, 0x4067, 0x6954, 0x5BC5, 0x7B7B, 0x4054, 0xBC40, 0x5B5D, 0x6767, 0x5467, 0x5467,
    0x9C78, 0x475E, 0x547B, 0x5069, 0x9290, 0x1084, 0x675D, 0x9596, 0x614F, 0x2D1D, 0x3B20, 0x2D1F,
    0xC250, 0x21A6, 0x2122, 0x2322, 0x4F41, 0x224C, 0x2221, 0x6321, 0xBE50, 0x2555, 0x2D22, 0x4344,
    0x7043, 0xA661, 0x204C, 0x4B61, 0x4350, 0x1FC2, 0x1FA6, 0x43C2, 0x43C2, 0xA61F, 0xC21F, 0x4AC2,
    0x5067, 0xC243, 0x86C2, 0x5043, 0x222C, 0x2EC4, 0x2C65, 0x222C, 0x2C22, 0x2C3B, 0x4C22, 0x4C20,
    0x632C, 0x4C1D, 0x4D1D, 0xB64D, 0x428D, 0x448D, 0x4444, 0x4460, 0x4260, 0x4242, 0x5B40, 0x5C48,
    0x5B67, 0x4E4A, 0x4043, 0x4A5B, 0x5B67, 0x4A8A, 0x5B8A, 0x6E4A, 0x5B5B, 0xC55B, 0x4848, 0x5B5C,
    0x4C2C, 0x4C4C, 0x2C25, 0x242C, 0x4D4D, 0x204D, 0x4C3B, 0x4C22, 0x4B4B, 0x4B4D, 0x4D4D, 0x3B4C,
    0x444E, 0x4245, 0x4B5F, 0x20B6, 0x4646, 0x5B46, 0x4A46, 0x4043, 0x4A8A, 0x4A6E, 0x454A, 0x454A,
    0x6742, 0x424A, 0x4444, 0x444B, 0xC55B, 0xC548, 0x426E, 0x4342, 0x2423, 0x2423, 0x2C23, 0x252C,
    0x3B63, 0x3B2B, 0x4C55, 0x2522, 0x2257, 0x4C4C, 0x224C, 0x3B4C, 0x4244, 0x4A8D, 0x6E5B, 0x4442,
    0x6767, 0x5B5B, 0x604A, 0x2BB6, 0x4A4A, 0x4271, 0x4A4A, 0x425B, 0xB6B6, 0x3B3B, 0x3B97, 0x4C4C,
    0x4442, 0x4B44, 0x1FB6, 0x4C3B, 0x252C, 0x652C, 0x3039, 0x3037, 0x642C, 0x232C, 0x2CC4, 0x6322,
    0xB63B, 0x4B3B, 0x4D3B, 0x2225, 0x3B44, 0x2C20, 0x6422, 0x30C4, 0x4C20, 0x2020, 0x4C4C, 0x2220,
    0x444A, 0x4242, 0x4A4A, 0x4A4A, 0x224C, 0x4C2C, 0xB64C, 0xB63B, 0x253B, 0x2522, 0x2022, 0x2055,
    0xC42E, 0x2223, 0x2224, 0x2222, 0x3B3B, 0x3B44, 0x2C22, 0x2222, 0x6363, 0x63C4, 0x22C4, 0x6322,
    0x2324, 0x2222, 0x6322, 0x3B98, 0x3C2C, 0x3C3C, 0x633C, 0x3B2D, 0x4A4A, 0x454A, 0x6060, 0x4529,
    0x45B6, 0x5C67, 0x5B46, 0x5C46, 0x4D4D, 0x4E44, 0x4A45, 0x4571, 0x2223, 0x23C4, 0xC4C4, 0x2EC4,
    0x6322, 0x6398, 0x2222, 0x2222, 0x9863, 0x3B63, 0x3B63, 0x2222, 0x3B98, 0x3B98, 0x3B98, 0x3B98,
    0x6363, 0x2626, 0x3B3B, 0x3B3B, 0x452A, 0x9827, 0x633B, 0x633B, 0x8746, 0x5C46, 0x2A46, 0x4D3B,
    0x4646, 0x5C46, 0x5C5C, 0x5C47, 0x3030, 0x2E2E, 0x3930, 0x3236, 0xC422, 0xC424, 0x302E, 0x323A,
    0x2222, 0x22C4, 0x2CC4, 0x2224, 0x4444, 0x2929, 0x604A, 0xB6B6, 0x272B, 0x2727, 0x203B, 0x252D,
    0x633B, 0x633B, 0x4C63, 0x2C22, 0x3B4C, 0x4C4C, 0x4C4C, 0x4C4C, 0x4A5C, 0x4D60, 0x3B55, 0x2055,
    0x3232, 0x313F, 0x3631, 0x3232, 0x3931, 0x2337, 0x233C, 0x2E24, 0x2B20, 0x2A2B, 0x2971, 0x4571,
    0x6045, 0x272A, 0x2A29, 0x2729, 0x6325, 0x2626, 0x2626, 0x2626, 0x6322, 0x3B3B, 0x633B, 0x3B98,
    0x224C, 0x3B25, 0x224C, 0x634C, 0x2555, 0x2222, 0x2222, 0x2522, 0x3232, 0x3232, 0x3932, 0x5137,
    0x2E23, 0x2222, 0x2B3B, 0x4529, 0x8D27, 0xC544, 0x45C5, 0x6060, 0x3B27, 0x2363, 0xC424, 0x2E2E,
    0x6363, 0x3C22, 0x58C4, 0x6558, 0x2226, 0x2222, 0x2322, 0x2324, 0x2263, 0x2222, 0x22C4, 0xC4C4,
    0x2222, 0x2222, 0x2C22, 0x2322, 0xA992, 0x9193, 0x9181, 0x8180, 0x84A3, 0x1684, 0x93A9, 0x8492,
    0x9C84, 0x8484, 0x8484, 0x6B84, 0x6B89, 0x9D6B, 0x846B, 0x849C, 0x6B6B, 0x6B6B, 0x9D6B, 0x9C78,
    0x8977, 0x6B77, 0x6B6B, 0x9C89, 0x9D84, 0x6B6B, 0x9C9D, 0x9C84, 0x9D84, 0x6B6B, 0x9C9D, 0x9C84,
    0x9091, 0x1079, 0x9210, 0x9210, 0x849C, 0x8489, 0x949C, 0x7F93, 0x9C9D, 0x949D, 0x9310, 0x8181,
    0x849C, 0x169C, 0x1616, 0x9316, 0x9C6C, 0x9C78, 0x8484, 0x9494, 0x9C9C, 0x786B, 0x9C9C, 0x6C9C,
    0x9C9D, 0x9C6C, 0x6B9C, 0x9C78, 0x9C9D, 0x9C6C, 0x6B9C, 0x9C78, 0x8110, 0x7F7F, 0x495D, 0x7E49,
    0x827F, 0x827F, 0xA07F, 0xA07F, 0x8383, 0x817F, 0x837F, 0x8282, 0x9116, 0x8193, 0x8181, 0xA984,
    0x9210, 0x9392, 0x8490, 0xAA6B, 0x8484, 0x9C9C, 0x789C, 0x849C, 0x899D, 0x849D, 0x1694, 0x9292,
    0x899D, 0x849D, 0x1694, 0x9292, 0x477E, 0x4947, 0x4947, 0xA07E, 0x5D82, 0x7E82, 0x5DA0, 0x7F7F,
    0x8282, 0x9388, 0x936D, 0x8110, 0x7878, 0x7676, 0x76AA, 0x7876, 0xAA77, 0x7777, 0x8478, 0x9494,
    0x9294, 0x9390, 0x9490, 0x6C84, 0x1093, 0x9210, 0x9210, 0x9494, 0x1093, 0x9210, 0x9210, 0x9494,
    0x7E7E, 0x5C47, 0x495C, 0x5E49, 0x7E82, 0x7E5D, 0x5D5D, 0x47A0, 0x817F, 0x7981, 0x9210, 0x6D10,
    0x9484, 0x1094, 0x9416, 0x9093, 0x9310, 0x8383, 0x7F88, 0x807F, 0x9D9D, 0x946C, 0x9392, 0x8179,
    0x8494, 0x899D, 0x776B, 0x849D, 0x8494, 0x899D, 0x776B, 0x9C9D, 0xA0A0, 0x825D, 0x967E, 0x5C96,
    0x82A0, 0x7F7F, 0x477F, 0x4747, 0x9494, 0x6D94, 0x7F10, 0x495D, 0x7F93, 0x5E81, 0x5C82, 0x405B,
    0x8180, 0x7F7F, 0x49A0, 0x5C47, 0x9391, 0x9392, 0x7979, 0x4982, 0x1694, 0x9494, 0x9310, 0x8282,
    0x1684, 0x9494, 0x9310, 0x827F, 0x6771, 0x6E46, 0x4640, 0x5D7A, 0x4749, 0x8282, 0x795E, 0x6D6D,
    0x5C47, 0x7146, 0x6771, 0x5C5B, 0x5067, 0x4040, 0x5B71, 0x825C, 0x714A, 0x5B4A, 0x475C, 0x8382,
    0xC55C, 0x5C5C, 0x88A0, 0x9393, 0x477E, 0x827E, 0x9183, 0x1692, 0x7E7E, 0x827E, 0x9183, 0x1692,
    0x817F, 0xA05E, 0x4847, 0x5C48, 0x779D, 0x8477, 0x7F94, 0xA07F, 0x827E, 0x7FA0, 0x8110, 0x7F82,
    0x7F81, 0x888F, 0x887F, 0x8281, 0x8381, 0x817F, 0x9181, 0x8181, 0x9393, 0x93A9, 0x93A9, 0x9393,
    0x1694, 0x9494, 0x1694, 0x9290, 0x1694, 0x9494, 0x1694, 0x9292, 0x5C48, 0x5C48, 0x5B5B, 0x4A4A,
    0xA07F, 0x7F83, 0x7E82, 0x485C, 0x5D7F, 0x82A0, 0x497E, 0x5C47, 0x8283, 0x887F, 0x5D7F, 0x7E82,
    0x7F80, 0x817F, 0x7F7F, 0x8F82, 0x8193, 0x8181, 0x7979, 0x9093, 0x9293, 0x9310, 0x9393, 0x8181,
    0x9293, 0x9310, 0x9393, 0x8181, 0x4043, 0x4E43, 0x2B4B, 0x553B, 0x5B5C, 0x4A5B, 0x4E45, 0x4D44,
    0x487A, 0xC5C5, 0x4A4A, 0x4443, 0x485D, 0xC548, 0xC5C5, 0x405B, 0x497E, 0x5C5C, 0x495C, 0x5D5D,
    0x9393, 0x7F81, 0xA082, 0x5D82, 0x9310, 0x817F, 0x7F7F, 0xA0A0, 0x9310, 0x817F, 0x7F7F, 0xA0A0,
    0x1F20, 0x4C4C, 0x8C4C, 0x254C, 0x3B4D, 0x3BB6, 0x8C3B, 0x4CA6, 0xC2B6, 0xB6B6, 0x3B3B, 0x4C20,
    0x4571, 0x4245, 0x4271, 0x4442, 0x485C, 0x4848, 0x675B, 0x4460, 0x47A0, 0x5C5C, 0x4A7A, 0xC243,
    0x475D, 0x48C5, 0x6EC5, 0x5F40, 0x475D, 0x48C5, 0x6EC5, 0x5F40, 0x4C21, 0x4D20, 0xB64D, 0xB6B6,
    0x4C22, 0xB63B, 0xC2C2, 0x4243, 0x4D8C, 0x4A4E, 0x5C4A, 0x5C95, 0x678D, 0x6795, 0x425B, 0x4B44,
    0x4344, 0xC24E, 0xB64B, 0xC2B6, 0xB6C2, 0xC270, 0xB6C2, 0x4BC2, 0xB6B6, 0xC2B6, 0x434B, 0x444E,
    0xB64B, 0xC2B6, 0x4E4B, 0x604E, 0x60B6, 0x5CC5, 0x5C5C, 0x4A5B, 0x5C5B, 0x4647, 0x444A, 0x4B44,
    0x4A8A, 0x6042, 0x5F4E, 0x44C2, 0xC244, 0x4344, 0x4271, 0x4A40, 0x4BB6, 0x4A60, 0x6740, 0x5B4A,
    0x4360, 0x4A8D, 0x8A5B, 0x5B5B, 0x4A42, 0x5B40, 0x485B, 0x4846, 0x4A42, 0x6E40, 0x485B, 0x487A,
    0x6044, 0x4B4B, 0x554D, 0x203B, 0x4B5F, 0x4444, 0xB64E, 0x4CA6, 0x4344, 0xC24B, 0xB64B, 0x4C20,
    0x4A5B, 0x404A, 0x4A71, 0x4E43, 0x4A46, 0x716E, 0x508D, 0xC2C2, 0x675B, 0x4371, 0x61C2, 0x2061,
    0x5B46, 0x424A, 0xA6C2, 0x4C20, 0x5B7A, 0x424A, 0xA6C2, 0x4C20, 0x4C4C, 0x2225, 0x2221, 0x2225,
    0x2522, 0x2C22, 0x2222, 0x2522, 0x3C21, 0x2C21, 0x222C, 0x4C4C, 0x4B44, 0x4CB6, 0x3B4D, 0x4C3B,
    0x3B2B, 0x252D, 0x2025, 0x5555, 0x2125, 0x2522, 0x2525, 0xB6A6, 0x224C, 0x4C25, 0xA64C, 0xC2A6,
    0x224C, 0x4C25, 0xA64C, 0xC2A6, 0x222C, 0x222C, 0x2221, 0x222C, 0x2522, 0x2222, 0x2522, 0x4C22,
    0x5525, 0x4D1F, 0x634C, 0x4C1D, 0x1F55, 0x3BA6, 0x2BB6, 0x4DB6, 0x551F, 0x6155, 0x4244, 0x4A43,
    0x61B6, 0x44B6, 0x4A60, 0x6740, 0xC2C2, 0x43C2, 0x4A42, 0x5042, 0xC2C2, 0x43C2, 0x4A42, 0x5042,
    },
};

const u16 gb_title_anim_b[GB_TITLE_ANIMATION_STATES][GB_TITLE_ANIM_B_HALFWORDS] = {
    {
    0x982A, 0x5B95, 0x9946, 0x9A99, 0xA444, 0x4071, 0x5067, 0x9912, 0xA574, 0xA612, 0xA621, 0x12A5,
    0xACAB, 0x1EAD, 0x3A73, 0x1273, 0x3A51, 0x12A4, 0x7451, 0xA4AC, 0x2121, 0x121E, 0x511E, 0xB073,
    0x2121, 0x1251, 0x73A4, 0x9921, 0x2173, 0x1E21, 0x3AAD, 0x991E, 0x9A9A, 0x9A9A, 0x5C5C, 0x5C5C,
    0x9A99, 0x9A9A, 0x5C5C, 0x5C5C, 0x9999, 0x9999, 0x5C5C, 0x5C5C, 0xA799, 0x99A7, 0x5C5C, 0x5C5C,
    0xA799, 0x99A7, 0x5C5C, 0x5C5C, 0xA799, 0x99A7, 0x5C5C, 0x5C5C, 0xA7A7, 0x99A7, 0x5C5C, 0x5C5C,
    0xA7A7, 0x99A7, 0x5C99, 0x5C5C, 0x5C5C, 0x0101, 0x0101, 0x0101, 0x5C5C, 0x0101, 0x0101, 0x0101,
    0x5C5C, 0x0101, 0x5C84, 0x5C5C, 0x5C5C, 0x5C5C, 0x5C5C, 0x5C5C, 0x5C5C, 0x5C5C, 0x845C, 0x0101,
    0x5C5C, 0x0184, 0x0101, 0x0101, 0x845C, 0x0101, 0x5C01, 0x5C5C, 0x5C5C, 0x5C5C, 0x5C5C, 0x9999,
    0x0101, 0x0101, 0x9A99, 0x9A9A, 0x0101, 0x0101, 0x9A99, 0x9A9A, 0x015C, 0x0101, 0x995C, 0x9A9A,
    0x015C, 0x0101, 0x5C5C, 0x9A99, 0x0101, 0x0101, 0x5C84, 0x9A99, 0x0101, 0x0101, 0x5C01, 0x995C,
    0x845C, 0x0101, 0x8401, 0x9999, 0x9999, 0x9999, 0x9B99, 0x999B, 0x9A9B, 0x9A9A, 0x9A9A, 0x999A,
    0x9A9A, 0x9A9A, 0x999A, 0x9C99, 0x9A9A, 0x999A, 0xA799, 0x6BA8, 0x9A9A, 0xA799, 0xA7A7, 0x81A8,
    0x9999, 0xA7A7, 0xA7A7, 0x71A8, 0xA799, 0xA7A7, 0xB1A7, 0xA8B1, 0xA799, 0xA7A7, 0xB1B1, 0xA8B1,
    0x995C, 0xB1A7, 0xB1B1, 0xA8B1, 0x9999, 0x9C9C, 0x9C9D, 0x9C9C, 0x6B89, 0x9D6B, 0x6B6B, 0x9C6B,
    0x9C77, 0x6B9D, 0x776B, 0x6B6B, 0x8778, 0x6C28, 0x8476, 0x9CA3, 0xAF8F, 0xAD12, 0x6B79, 0x6BA3,
    0xB271, 0xA57E, 0x7E12, 0x6B78, 0x7E73, 0x717E, 0x98B0, 0xB295, 0x9873, 0x6767, 0xB028, 0x6728,
    0x6B84, 0x9E6B, 0x9C6B, 0x9994, 0x84A3, 0x849C, 0x8484, 0x9978, 0x1616, 0xA384, 0x7884, 0x9984,
    0x849C, 0x789C, 0xA39C, 0x9973, 0x6B9D, 0x9C9C, 0x6BA3, 0x9A99, 0x6B89, 0x6C89, 0x6B6B, 0x9A99,
    0x9C78, 0x9494, 0x7394, 0x9A99, 0x7EAF, 0x5D82, 0x99AF, 0x9A9A, 0x9A9A, 0x999A, 0x5C5C, 0x0101,
    0x9A9A, 0x999A, 0x5C5C, 0x0101, 0x9A9A, 0x999A, 0x5C5C, 0x0101, 0x9A9A, 0x9A9A, 0x5C99, 0x0101,
    0x9A9A, 0x9A9A, 0x5C99, 0x0184, 0x9A9A, 0x9A9A, 0x5C99, 0x845C, 0x9A9A, 0x9A9A, 0x5C99, 0x5C5C,
    0x9A9A, 0x9A9A, 0x5C99, 0x5C5C, 0x9310, 0x9F81, 0x8080, 0x808F, 0x8116, 0x9F80, 0x809F, 0x809F,
    0x739A, 0x9F80, 0x819F, 0x8080, 0x9A9B, 0x9373, 0x9F93, 0x80AE, 0x9B9B, 0x169A, 0x9393, 0xAE93,
    0x9B9B, 0xAE9A, 0x1616, 0xAE93, 0x9B9B, 0x739B, 0x16AE, 0x9310, 0x9B9B, 0x9B9B, 0x1616, 0x9316,
    0x0101, 0x0101, 0x9A99, 0x9A9A, 0x0101, 0x5C01, 0x9A9A, 0x9A9A, 0x0101, 0x9901, 0x9A9A, 0x9A9A,
    0x0101, 0x9901, 0x9A9A, 0x9A9A, 0x0101, 0x9901, 0x9A9A, 0x9A9A, 0x0101, 0x9901, 0x9A9A, 0x9A9A,
    0x0101, 0x5C01, 0x9A99, 0x9A9A, 0x0101, 0x0101, 0x9A99, 0x9A9A, 0x9B9A, 0x9B9B, 0x1673, 0x9416,
    0x9B9A, 0x9B9B, 0x169A, 0x16A3, 0x9B9B, 0x9A9B, 0x9A9B, 0x8416, 0x9B9B, 0x9A9A, 0x9B9A, 0x849A,
    0x9B9B, 0x9A9A, 0x9B9A, 0x9A9B, 0x9A9B, 0x9B9A, 0x9B9B, 0x9B9B, 0x9A9B, 0x9B9A, 0x9B9B, 0x9B9B,
    0x9A9B, 0x9B9B, 0x9B9A, 0x9B9B, 0x9410, 0x9493, 0x9393, 0x9310, 0x9416, 0x9416, 0x9316, 0x9394,
    0x8416, 0x9494, 0x1694, 0x1694, 0x8484, 0x1684, 0x16A3, 0x1684, 0x8484, 0x8484, 0x8494, 0x8484,
    0x8473, 0xA39C, 0x8484, 0x8484, 0x739A, 0x9C6C, 0x8484, 0x9C6C, 0x9A9A, 0x849C, 0x849C, 0x9C9C,
    0x5B42, 0x5C5B, 0xA095, 0x7F5E, 0x1616, 0x1616, 0xA3A3, 0xA39C, 0x8416, 0x9484, 0x9C84, 0x849C,
    0x849C, 0x16A3, 0xA3A3, 0x9CA3, 0x6BA3, 0xA39C, 0xAE93, 0x1693, 0xAEA3, 0x16A3, 0x1684, 0x9316,
    0x1616, 0x16AE, 0x9393, 0x9493, 0xAE16, 0x9494, 0x1616, 0x9316, 0xA199, 0xA199, 0xA2A1, 0xA1A1,
    0x9999, 0xA199, 0xA1A1, 0xA1A1, 0x7399, 0xA199, 0xA1A1, 0x99A1, 0x9473, 0x9916, 0xA1A1, 0x7399,
    0x9493, 0x9493, 0xA199, 0x8499, 0x9494, 0x9316, 0x9916, 0xAE99, 0x1610, 0x1693, 0x1693, 0x1673,
    0x1616, 0x1616, 0x1616, 0x16A3, 0xA2A1, 0xA1A1, 0xA2A1, 0xA1A1, 0xA1A1, 0xA1A1, 0xA1A1, 0xA1A1,
    0xA1A1, 0xA1A1, 0xA199, 0xA1A1, 0xA199, 0xA1A1, 0xA199, 0xA1A1, 0x9973, 0x99A1, 0x99A7, 0x99A1,
    0x9916, 0xA799, 0xA7A7, 0xA799, 0x9916, 0x9999, 0x9999, 0x9999, 0x9973, 0x9A9A, 0x9A9A, 0x9B9A,
    0xA2A1, 0x99A1, 0xA2A1, 0x99A1, 0xA1A1, 0x9999, 0xA1A1, 0xA1A1, 0x99A1, 0x9F73, 0xA199, 0x99A1,
    0x7399, 0x9C9C, 0x9977, 0x99A1, 0x7799, 0x6B9E, 0xA3A3, 0x9999, 0x1699, 0x8116, 0x9F9F, 0x9973,
    0xAE99, 0xAE81, 0x93AE, 0x999F, 0x999B, 0x9373, 0x9FAE, 0x7393, 0xA2A1, 0x99A1, 0x99A1, 0x9F9F,
    0xA1A1, 0x99A1, 0x9999, 0x809F, 0xA1A1, 0x7399, 0x999C, 0x9C73, 0xA1A1, 0x8499, 0xAEA3, 0x8199,
    0x99A1, 0x8088, 0x9FB5, 0x7381, 0xB599, 0xB59F, 0x8FB5, 0x9F9F, 0x8073, 0x80B5, 0x808F, 0x8088,
    0x809F, 0xB580, 0x809F, 0x8880, 0x9494, 0x8493, 0x456C, 0xA299, 0x8393, 0x9393, 0x8194, 0xB399,
    0x88A0, 0x8088, 0x8F8F, 0xA299, 0x7E5C, 0x7E7E, 0x7E8F, 0xA299, 0x5B8A, 0x5C5B, 0x7E95, 0xA1A2,
    0x2C2C, 0x4C4C, 0x99B6, 0xA1A1, 0x351C, 0x351C, 0xA11C, 0x3299, 0x352F, 0x3535, 0x9999, 0x3535,
    0xA1A2, 0xA2A2, 0xA2A2, 0xA2A2, 0xA1A2, 0xB3A2, 0xB3A2, 0xB3A2, 0xA1A2, 0xA2A2, 0xA2A2, 0xA2A2,
    0xA1A1, 0xA2A1, 0xA2A1, 0xA2A1, 0xA1A1, 0xA1A2, 0xA1A2, 0xA1A2, 0xA1A1, 0xA1A1, 0xA1A1, 0xA1A1,
    0xA199, 0xA1A2, 0xA1A2, 0xA1A2, 0xA199, 0xA1A1, 0xA1A1, 0xA1A1, 0x7676, 0x8977, 0x6B9D, 0x7777,
    0x7676, 0x8977, 0x7789, 0x7776, 0x7676, 0x776B, 0x7789, 0x7777, 0x7776, 0x6B89, 0x7777, 0x7777,
    0x8989, 0x776B, 0x7677, 0xA177, 0x8977, 0x9E77, 0x7777, 0xA2A1, 0x7789, 0x7789, 0xA16B, 0xB3A2,
    0x8989, 0x8977, 0xA145, 0xB3B3, 0x896B, 0x7789, 0xA2A1, 0xB3B3, 0x8977, 0x8977, 0xB3A1, 0xB3B3,
    0x7789, 0x7789, 0xB399, 0xB3B3, 0x7777, 0x7777, 0xB3A1, 0xB3B3, 0x896B, 0x7689, 0xA199, 0xA2B3,
    0x8989, 0x7776, 0x9945, 0xB3B3, 0x779D, 0x6B77, 0x999D, 0xA2B3, 0x6B84, 0x9C6B, 0x999C, 0xB3A2,
    0xB3B3, 0xA2B3, 0x81A1, 0x9380, 0xB383, 0xB3B3, 0xA1A2, 0x9393, 0x8389, 0xB3B3, 0xA2B3, 0x81A1,
    0x8989, 0xB3B3, 0xB3B3, 0x9FA1, 0x8983, 0xB3B3, 0xB3B3, 0x93A1, 0xB3B3, 0xB3B3, 0xB3B3, 0x83A1,
    0xB3B3, 0xB3B3, 0xB3B3, 0x7FA1, 0xB3B3, 0xB3B3, 0xB3B3, 0x88A1, 0xB3B3, 0xB3A2, 0xB3B3, 0x7FA1,
    0xB3B3, 0xB3A1, 0xB3B3, 0x83A1, 0xB3A2, 0xB3A2, 0xB3A2, 0x81A1, 0xB3B3, 0xA2B3, 0xB3B3, 0x9FA1,
    0xA2B3, 0xA1B3, 0xA1B3, 0x93A1, 0xB3B3, 0xA1B3, 0x99A1, 0x9345, 0xA2B3, 0xA1B3, 0x4599, 0x9F80,
    0xB3A2, 0xA2A2, 0x8099, 0x8881, 0xA2A2, 0xA2A2, 0x8F99, 0x828F, 0xB3A2, 0xB3A2, 0x8299, 0x8280,
    0xA2A2, 0xA2A2, 0xB299, 0xB2A0, 0xA2A1, 0xA2A1, 0x7E99, 0x7E7E, 0xA1A2, 0xA1A2, 0x5C99, 0x7E95,
    0xA1A1, 0xA1A1, 0x99A1, 0x5B5C, 0xA1A2, 0xA1A2, 0x99A1, 0x4244, 0xA1A1, 0xA1A1, 0x99A1, 0x7E7E,
    },
    {
    0x982A, 0x5B95, 0x9946, 0x9A99, 0xA444, 0x4071, 0x5067, 0x9912, 0xA574, 0xA612, 0xA621, 0x12A5,
    0xACAB, 0x1EAD, 0x3A73, 0x1273, 0x3A51, 0x12A4, 0x7451, 0xA4AC, 0x2121, 0x121E, 0x511E, 0xB073,
    0x2121, 0x1251, 0x73A4, 0x9921, 0x2173, 0x1E21, 0x3AAD, 0x991E, 0x9A9A, 0x9A9A, 0x5C5C, 0x5C5C,
    0x9A99, 0x9A9A, 0x5C5C, 0x5C5C, 0x9999, 0x9999, 0x5C5C, 0x5C5C, 0xA799, 0x99A7, 0x5C5C, 0x5C5C,
    0xA799, 0x99A7, 0x5C5C, 0x5C5C, 0xA799, 0x99A7, 0x5C5C, 0x5C5C, 0xA7A7, 0x99A7, 0x5C5C, 0x5C5C,
    0xA7A7, 0x99A7, 0x5C99, 0x5C5C, 0x5C5C, 0x0101, 0x0101, 0x0101, 0x5C5C, 0x0101, 0x0101, 0x0101,
    0x5C5C, 0x0101, 0x5C84, 0x5C5C, 0x5C5C, 0x845C, 0x0101, 0x0101, 0x015C, 0x0101, 0x0101, 0x5C84,
    0x0184, 0x5C84, 0x5C5C, 0x5C5C, 0x5C5C, 0x5C5C, 0x5C5C, 0x5C5C, 0x5C5C, 0x5C5C, 0x5C5C, 0x9999,
    0x0101, 0x9901, 0x9A9A, 0x9A9A, 0x0101, 0x0101, 0x9A9A, 0x9A9A, 0x0184, 0x0101, 0x9A99, 0x9A9A,
    0x0101, 0x0101, 0x9A5C, 0x9A9A, 0x015C, 0x0101, 0x9901, 0x9A99, 0x015C, 0x0101, 0x5C01, 0x9999,
    0x845C, 0x0101, 0x8401, 0x9999, 0x9999, 0x9999, 0x9B99, 0x999B, 0x9B9A, 0x9B9B, 0x9A9A, 0x999A,
    0x9A9A, 0x9A9A, 0x999A, 0x9C99, 0x9A9A, 0x999A, 0xA799, 0x6BA8, 0x9A9A, 0xA799, 0xA7A7, 0x81A8,
    0x9999, 0xA7A7, 0xA7A7, 0x71A8, 0xA799, 0xA7A7, 0xB1A7, 0xA8B1, 0xA799, 0xA7A7, 0xB1B1, 0xA8B1,
    0x995C, 0xB1A7, 0xB1B1, 0xA8B1, 0x9C99, 0x9C9C, 0x9C9D, 0x9C9C, 0x6B89, 0x9D6B, 0x6B6B, 0x9C6B,
    0x9C77, 0x6B9D, 0x776B, 0x6B6B, 0x8778, 0x6C28, 0x8476, 0x9CA3, 0xAF8F, 0xAD12, 0x6B79, 0x6BA3,
    0xB271, 0xA57E, 0x7E12, 0x6B78, 0x7E73, 0x717E, 0x98B0, 0xB295, 0x9873, 0x6767, 0xB028, 0x6728,
    0x6B84, 0x9E6B, 0x9C6B, 0x9994, 0x84A3, 0x849C, 0x8484, 0x9973, 0x1616, 0xA384, 0x7884, 0x9A99,
    0x849C, 0x789C, 0xA39C, 0x9A99, 0x6B9D, 0x9C9C, 0x73A3, 0x9A99, 0x6B89, 0x6C89, 0x996B, 0x9A9A,
    0x9C78, 0x9494, 0x9994, 0x9A9A, 0x7EAF, 0x5D82, 0x99AF, 0x9A9A, 0x9A9A, 0x999A, 0x5C5C, 0x0101,
    0x9A9A, 0x999A, 0x5C5C, 0x0101, 0x9A9A, 0x999A, 0x5C5C, 0x0101, 0x9A9A, 0x9A9A, 0x5C99, 0x0101,
    0x9A9A, 0x9A9A, 0x5C99, 0x0184, 0x9A9A, 0x9A9A, 0x5C99, 0x845C, 0x9A9A, 0x9A9A, 0x5C99, 0x5C5C,
    0x9A9A, 0x9A9A, 0x5C99, 0x5C5C, 0x9310, 0x9F81, 0x8080, 0x808F, 0x8116, 0x9F80, 0x809F, 0x809F,
    0x939A, 0x9F80, 0x819F, 0x8080, 0x9A9B, 0x9316, 0x9F93, 0x80AE, 0x9B9B, 0x1673, 0x9393, 0xAE93,
    0x9B9B, 0xAE9A, 0x1616, 0xAE93, 0x9B9B, 0x739B, 0x16AE, 0x9310, 0x9B9B, 0x9B9B, 0x1616, 0x9316,
    0x0101, 0x0101, 0x9A99, 0x9A9A, 0x0101, 0x5C01, 0x9A9A, 0x9A9A, 0x0101, 0x9901, 0x9A9A, 0x9A9A,
    0x0101, 0x9901, 0x9A9A, 0x9A9A, 0x0101, 0x9901, 0x9A9A, 0x9A9A, 0x0101, 0x9901, 0x9A9A, 0x9A9A,
    0x0101, 0x9901, 0x9A9A, 0x9A9A, 0x0101, 0x9901, 0x9A9A, 0x9A9A, 0x9B9A, 0x9B9B, 0x1673, 0x9416,
    0x9B9A, 0x9B9B, 0x739A, 0x16A3, 0x9B9B, 0x9B9A, 0x9A9B, 0x8416, 0x9B9B, 0x9A9A, 0x9A9B, 0x8473,
    0x9A9B, 0x9A9A, 0x9B9B, 0x739A, 0x9A9B, 0x9B9A, 0x9B9B, 0x9A9B, 0x9A9A, 0x9B9A, 0x9B9B, 0x9A9B,
    0x9A9A, 0x9B9B, 0x9B9A, 0x9B9B, 0x9410, 0x9493, 0x9393, 0x9310, 0x9416, 0x9416, 0x9316, 0x9394,
    0x8416, 0x9494, 0x1694, 0x1694, 0x8484, 0x1684, 0x16A3, 0x1684, 0x8484, 0x8484, 0x8494, 0x8484,
    0x849C, 0xA39C, 0x8484, 0x8484, 0x9C73, 0x9C6C, 0x8484, 0x9C6C, 0x9C9A, 0x849C, 0x849C, 0x9C9C,
    0x5B42, 0x5C5B, 0xA095, 0x995E, 0x1616, 0x1616, 0xA3A3, 0x999C, 0x8416, 0x9484, 0x9C84, 0x999C,
    0x849C, 0x16A3, 0xA3A3, 0x73A3, 0x6BA3, 0xA39C, 0xAE93, 0x1693, 0xAEA3, 0x16A3, 0x1684, 0x9316,
    0x1616, 0x16AE, 0x9393, 0x9493, 0xAE16, 0x9494, 0x1616, 0x9316, 0x99A1, 0xA199, 0xA2A1, 0xA1A1,
    0x7399, 0xA199, 0xA1A1, 0xA1A1, 0x8494, 0xA199, 0xA1A1, 0x99A1, 0x94A3, 0xA173, 0xA1A1, 0x7399,
    0x9493, 0x9993, 0x99A1, 0x8416, 0x9494, 0x9316, 0x9999, 0xAE16, 0x1610, 0x1693, 0x1693, 0x1616,
    0x1616, 0x1616, 0x1616, 0x16A3, 0xA2A1, 0xA1A1, 0xA2A1, 0xA1A1, 0xA1A1, 0xA1A1, 0xA1A1, 0xA1A1,
    0xA1A1, 0x99A1, 0xA1A1, 0xA1A1, 0xA1A1, 0x99A1, 0xA1A1, 0x99A1, 0xA199, 0xA799, 0xA199, 0xA799,
    0x9973, 0xA7A7, 0x99A7, 0xA7A7, 0x9916, 0x9999, 0x9999, 0x9999, 0x9973, 0x9A9A, 0x9A9A, 0x9B9A,
    0xA2A1, 0x99A1, 0xA2A1, 0x99A1, 0xA1A1, 0x9999, 0xA1A1, 0xA1A1, 0x99A1, 0x9F73, 0xA199, 0x99A1,
    0x7399, 0x9C9C, 0xA199, 0xA199, 0x7799, 0x6B9E, 0x99A3, 0xA199, 0x1699, 0x8116, 0x739F, 0x9999,
    0xAE99, 0xAE81, 0x93AE, 0x7399, 0x999B, 0x9373, 0x9FAE, 0x9F73, 0xA2A1, 0xA1A1, 0x99A1, 0x9F9F,
    0xA1A1, 0x99A1, 0x99A1, 0x809F, 0xA1A1, 0x7399, 0x9999, 0x9CA3, 0x99A1, 0x8478, 0x99A3, 0x8193,
    0x8099, 0x8088, 0x73B5, 0x9F81, 0xB580, 0xB59F, 0x8FB5, 0x9F9F, 0x8080, 0x80B5, 0x808F, 0x8088,
    0x809F, 0xB580, 0x809F, 0x8880, 0x9494, 0x8493, 0x456C, 0xA299, 0x8393, 0x9393, 0x8194, 0xB399,
    0x88A0, 0x8088, 0x8F8F, 0xA299, 0x7E5C, 0x7E7E, 0x458F, 0xA2A1, 0x5B8A, 0x5C5B, 0x9995, 0xA1A2,
    0x2C2C, 0x4C4C, 0x99B6, 0xA1A1, 0x351C, 0x351C, 0xA199, 0x3235, 0x352F, 0x3535, 0x3599, 0x9935,
    0xA1A2, 0xA2A2, 0xA2A2, 0xA2A2, 0xA1A2, 0xB3A2, 0xB3A2, 0xB3A2, 0xA1A2, 0xA2A2, 0xA2A2, 0xA2A2,
    0xA1A1, 0xA2A1, 0xA2A1, 0xA2A1, 0xA1A1, 0xA1A2, 0xA1A2, 0xA1A2, 0xA1A1, 0xA1A1, 0xA1A1, 0xA1A1,
    0xA1A1, 0xA1A2, 0xA1A2, 0xA1A2, 0xA1A1, 0xA1A1, 0xA1A1, 0xA1A1, 0x7676, 0x8977, 0x6B9D, 0x7777,
    0x7676, 0x8977, 0x7789, 0x7776, 0x7676, 0x776B, 0x7789, 0x7777, 0x7776, 0x6B89, 0x7777, 0x7777,
    0x8989, 0x776B, 0x7677, 0xA177, 0x8977, 0x9E77, 0x7777, 0xA2A1, 0x7789, 0x7789, 0xA16B, 0xB3A2,
    0x8989, 0x8977, 0xA145, 0xB3B3, 0x896B, 0x7789, 0xA2A1, 0xB3B3, 0x8977, 0x8977, 0xB3A1, 0xB3B3,
    0x7789, 0x7789, 0xB399, 0xB3B3, 0x7777, 0x7777, 0xB399, 0xB3B3, 0x896B, 0x7689, 0xA145, 0xA2B3,
    0x8989, 0x7776, 0x9977, 0xB3B3, 0x779D, 0x6B77, 0x999D, 0xA2B3, 0x6B84, 0x9C6B, 0x999C, 0xB3A2,
    0xB3B3, 0xA2B3, 0x81A1, 0x9380, 0xB383, 0xB3B3, 0x45A2, 0x9393, 0x8389, 0xB3B3, 0xA2B3, 0x8193,
    0x8989, 0xB3B3, 0xB3B3, 0x9F45, 0x8983, 0xB3B3, 0xB3B3, 0x93A1, 0xB3B3, 0xB3B3, 0xB3B3, 0x83A1,
    0xB3B3, 0xB3B3, 0xB3B3, 0x7FA1, 0xB3B3, 0xB3B3, 0xB3B3, 0x88A1, 0xB3B3, 0xB3A2, 0xB3B3, 0x7FA1,
    0xB3B3, 0xB3A1, 0xB3B3, 0x83A1, 0xB3A2, 0xB3A1, 0xB3B3, 0x81A1, 0xB3B3, 0xB3A2, 0xB3B3, 0x9FA1,
    0xA2B3, 0xA2B3, 0xA2B3, 0x93A1, 0xB3B3, 0xA1B3, 0x99A1, 0x93A1, 0xA2B3, 0xA1B3, 0x4599, 0x9F80,
    0xB3A2, 0xA2A2, 0x8099, 0x8881, 0xA2A2, 0xA2A2, 0x8F99, 0x828F, 0xB3A2, 0xB3A2, 0x8299, 0x8280,
    0xA2A2, 0xA2A2, 0xB299, 0xB2A0, 0xA2A1, 0xA2A1, 0x7E99, 0x7E7E, 0xA1A2, 0xA1A2, 0x5C99, 0x7E95,
    0xA1A1, 0xA1A1, 0x5B99, 0x5B5C, 0xA1A2, 0xA1A2, 0x99A1, 0x4244, 0xA1A1, 0xA1A1, 0x99A1, 0x7E7E,
    },
    {
    0x982A, 0x5B95, 0x4646, 0x9950, 0xA444, 0x4071, 0x5067, 0x1212, 0xA574, 0xA612, 0xA621, 0x12A5,
    0xACAB, 0x1EAD, 0x3A73, 0x1273, 0x3A51, 0x12A4, 0x7451, 0xA4AC, 0x2121, 0x121E, 0x511E, 0xB073,
    0x2121, 0x1251, 0x73A4, 0x9921, 0x2173, 0x1E21, 0x3AAD, 0x991E, 0xA7A7, 0x99A7, 0x5C5C, 0x5C5C,
    0xA799, 0x9AA7, 0x5C5C, 0x5C5C, 0xA799, 0x99A7, 0x5C5C, 0x5C5C, 0xA799, 0x99A7, 0x5C5C, 0x5C5C,
    0xA799, 0x99A7, 0x5C5C, 0x5C5C, 0xA799, 0x99A7, 0x5C5C, 0x5C5C, 0xA7A7, 0x99A7, 0x5C5C, 0x5C5C,
    0xA7A7, 0x99A7, 0x5C99, 0x5C5C, 0x5C5C, 0x0101, 0x0101, 0x0101, 0x5C5C, 0x0101, 0x0101, 0x0101,
    0x5C5C, 0x8401, 0x5C84, 0x5C5C, 0x5C5C, 0x015C, 0x0101, 0x5C5C, 0x845C, 0x5C5C, 0x5C5C, 0x5C5C,
    0x5C5C, 0x5C5C, 0x845C, 0x8484, 0x5C5C, 0x845C, 0x8484, 0x8484, 0x5C5C, 0x5C5C, 0x5C5C, 0x9999,
    0x0101, 0x5C01, 0x9A99, 0x9A9A, 0x0101, 0x8401, 0x9A99, 0x9A9A, 0x0184, 0x0101, 0x9A99, 0x9999,
    0x015C, 0x0101, 0x9999, 0x9999, 0x015C, 0x0101, 0x8401, 0x995C, 0x0184, 0x0101, 0x5C01, 0x995C,
    0x845C, 0x0101, 0x5C5C, 0x995C, 0x9999, 0x9999, 0x9B99, 0x999B, 0x9A9A, 0x9A9A, 0x9999, 0x6B99,
    0x9999, 0x9999, 0xA7A7, 0x9CA8, 0xA799, 0xA7A7, 0xA7A7, 0x6BA8, 0xA7A7, 0xA7A7, 0xA7A7, 0x81A8,
    0xA7A7, 0xA7A7, 0xA7A7, 0x71A8, 0xA799, 0xA7A7, 0xB1A7, 0xA8B1, 0xA799, 0xA7A7, 0xB1B1, 0xA8B1,
    0x995C, 0xB1A7, 0xB1B1, 0xA8B1, 0x9C9D, 0x9C9C, 0x9C9D, 0x9C9C, 0x6B89, 0x9D6B, 0x6B6B, 0x9C6B,
    0x9C77, 0x6B9D, 0x776B, 0x6B6B, 0x8778, 0x6C28, 0x8476, 0x9CA3, 0xAF8F, 0xAD12, 0x6B79, 0x6BA3,
    0xB271, 0xA57E, 0x7E12, 0x6B78, 0x7E73, 0x717E, 0x98B0, 0xB295, 0x9873, 0x6767, 0xB028, 0x6728,
    0x6B84, 0x9E6B, 0x9C6B, 0x9994, 0x84A3, 0x849C, 0x8484, 0x9973, 0x1616, 0xA384, 0x7384, 0x9A99,
    0x849C, 0x789C, 0x999C, 0x9A9A, 0x6B9D, 0x9C9C, 0x99A3, 0x9A9A, 0x6B89, 0x6C89, 0x996B, 0x9A9A,
    0x9C78, 0x9494, 0x9A73, 0x9A9A, 0x7EAF, 0x5D82, 0x9999, 0x9999, 0x9A9A, 0x999A, 0x5C5C, 0x0101,
    0x9A9A, 0x999A, 0x5C5C, 0x0101, 0x9A9A, 0x999A, 0x5C5C, 0x0101, 0x9A9A, 0x9A9A, 0x5C99, 0x0101,
    0x9A9A, 0x9A9A, 0x5C99, 0x0184, 0x9A9A, 0x9A9A, 0x5C99, 0x845C, 0x9A9A, 0x9A9A, 0x5C99, 0x5C5C,
    0x9999, 0x9A9A, 0x5C99, 0x5C5C, 0x9310, 0x9F81, 0x8080, 0x808F, 0x8116, 0x9F80, 0x809F, 0x809F,
    0x939A, 0x9F80, 0x819F, 0x8080, 0x9A9B, 0x9316, 0x9F93, 0x80AE, 0x9B9B, 0x1673, 0x9393, 0xAE93,
    0x9B9B, 0xAE9A, 0x1616, 0xAE93, 0x9B9B, 0x739B, 0x16AE, 0x9310, 0x9B9B, 0x9B9B, 0x1616, 0x9316,
    0x0101, 0x9901, 0x9A9A, 0x9A9A, 0x0101, 0x9901, 0x9A9A, 0x9A9A, 0x0101, 0x9901, 0x9A9A, 0x9A9A,
    0x0101, 0x9901, 0x9A9A, 0x9A9A, 0x0101, 0x9901, 0x9A9A, 0x9A9A, 0x0101, 0x9901, 0x9A9A, 0x9A9A,
    0x0101, 0x9901, 0x9A9A, 0x9A9A, 0x0101, 0x5C01, 0x9A9A, 0x9A9A, 0x9B9A, 0x9B9B, 0x1673, 0x9416,
    0x9B9A, 0x9B9B, 0x739A, 0x16A3, 0x9B9B, 0x9B9B, 0x9A9B, 0x8416, 0x9B9B, 0x9A9A, 0x9A9B, 0x84A3,
    0x9A9A, 0x9A9A, 0x9B9B, 0x849A, 0x9A9A, 0x9B9B, 0x9B9B, 0x9C9B, 0x9B9A, 0x9B9B, 0x9B9B, 0x9C9B,
    0x9B9B, 0x9B9B, 0x9B9A, 0x9C9B, 0x9410, 0x9493, 0x9393, 0x9310, 0x9416, 0x9416, 0x9316, 0x9394,
    0x8416, 0x9494, 0x1694, 0x1694, 0x8484, 0x1684, 0x16A3, 0x1684, 0x8484, 0x8484, 0x8494, 0x8484,
    0x849C, 0xA39C, 0x8484, 0x8484, 0x9C9C, 0x9C6C, 0x8484, 0x9C6C, 0x9C6B, 0x849C, 0x849C, 0x9C9C,
    0x5B42, 0x5C5B, 0xA095, 0x9999, 0x1616, 0x1616, 0xA3A3, 0xA399, 0x8416, 0x9484, 0x9C84, 0x8473,
    0x849C, 0x16A3, 0xA3A3, 0x9CA3, 0x6BA3, 0xA39C, 0xAE93, 0x1693, 0xAEA3, 0x16A3, 0x1684, 0x9316,
    0x1616, 0x16AE, 0x9393, 0x9493, 0xAE16, 0x9494, 0x1616, 0x9316, 0x995D, 0xA1A1, 0xA2A1, 0xA1A1,
    0x99A3, 0xA1A1, 0xA1A1, 0x99A1, 0x8494, 0xA199, 0x99A1, 0x9999, 0x94A3, 0xA173, 0x7399, 0x9977,
    0x9493, 0x9993, 0x1673, 0x8416, 0x9494, 0x9316, 0x9316, 0xAE16, 0x1610, 0x1693, 0x1693, 0x1616,
    0x1616, 0x1616, 0x1616, 0x16A3, 0xA2A1, 0xA1A1, 0xA2A1, 0xA1A1, 0xA1A1, 0x99A1, 0xA1A1, 0xA1A1,
    0xA1A1, 0x99A1, 0xA1A1, 0xA199, 0x99A1, 0x9999, 0x99A1, 0x99A7, 0x9973, 0xA7A7, 0xA799, 0xA7A7,
    0x9916, 0xA7A7, 0xA7A7, 0xA7A7, 0x9916, 0x9999, 0x9999, 0x9999, 0x9973, 0x9A9A, 0x9A9A, 0x9B9A,
    0xA1A1, 0xA1A1, 0xA199, 0xA1A1, 0x99A1, 0xA199, 0xA199, 0xA1A1, 0x7399, 0x9973, 0xA199, 0x99A1,
    0x8499, 0x739C, 0xA199, 0x7799, 0x7799, 0x6B9E, 0x9999, 0x93AE, 0x1699, 0x8116, 0x7399, 0x809F,
    0xAE99, 0xAE81, 0x93AE, 0x9F9F, 0x999B, 0x9373, 0x9FAE, 0x9F93, 0x99A1, 0xA1A1, 0x8180, 0x9F9F,
    0x1699, 0x9999, 0x9F16, 0x809F, 0x7777, 0x9973, 0x9C9C, 0x9CA3, 0x6B77, 0x7378, 0xAEA3, 0x8193,
    0x8080, 0x8088, 0x9FB5, 0x9F81, 0xB580, 0xB59F, 0x8FB5, 0x9F9F, 0x8080, 0x80B5, 0x808F, 0x8088,
    0x809F, 0xB580, 0x809F, 0x8880, 0x9494, 0x8493, 0x996C, 0xA2A2, 0x8393, 0x9393, 0x9994, 0xB3A2,
    0x88A0, 0x8088, 0xA299, 0xA2A2, 0x7E5C, 0x7E7E, 0xA299, 0xA2A1, 0x5B8A, 0x995B, 0xA1A1, 0xA199,
    0x2C2C, 0x994C, 0x99A1, 0xA199, 0x351C, 0x991C, 0x35A1, 0xA199, 0x352F, 0x9935, 0x3551, 0xA199,
    0xA1A2, 0xA2A2, 0xA2A2, 0xA2A2, 0xA1A2, 0xB3A2, 0xB3A2, 0xB3A2, 0xA1A2, 0xA2A2, 0xA2A2, 0xA2A2,
    0xA2A1, 0xA2A1, 0xA2A1, 0xA2A1, 0xA1A1, 0xA1A2, 0xA1A2, 0xA1A2, 0xA1A1, 0xA1A1, 0xA1A1, 0xA1A1,
    0xA1A1, 0xA1A2, 0xA1A2, 0xA1A2, 0xA199, 0xA1A1, 0xA1A1, 0xA1A1, 0x7676, 0x8977, 0x6B9D, 0x7777,
    0x7676, 0x8977, 0x7789, 0x7776, 0x7676, 0x776B, 0x7789, 0x7777, 0x7776, 0x6B89, 0x7777, 0x7777,
    0x8989, 0x776B, 0x7677, 0xA145, 0x8977, 0x9E77, 0x4577, 0xB3A1, 0x7789, 0x7789, 0xA145, 0xB3B3,
    0x8989, 0x8977, 0xA2A1, 0xB3B3, 0x896B, 0x7789, 0xB399, 0xB3B3, 0x8977, 0x8977, 0xB399, 0xB3B3,
    0x7789, 0x7789, 0xB399, 0xB3B3, 0x7777, 0x7777, 0xA145, 0xB3B3, 0x896B, 0x7689, 0x9977, 0xA2B3,
    0x8989, 0x7776, 0x9977, 0xB3B3, 0x779D, 0x6B77, 0x999D, 0xA2B3, 0x6B84, 0x9C6B, 0x999C, 0xB3A2,
    0xB3B3, 0xA2B3, 0x8145, 0x9380, 0xB383, 0xB3B3, 0x45A2, 0x9393, 0x8389, 0xB3B3, 0xA2B3, 0x8193,
    0x8989, 0xB3B3, 0xB3B3, 0x9F45, 0x8983, 0xB3B3, 0xB3B3, 0x93A2, 0xB3B3, 0xB3B3, 0xB3B3, 0x83A1,
    0xB3B3, 0xB3B3, 0xB3B3, 0x7FA1, 0xB3B3, 0xB3B3, 0xB3B3, 0x88A1, 0xB3B3, 0xB3B3, 0xB3B3, 0x7FA1,
    0xB3B3, 0xB3A2, 0xB3B3, 0x83A1, 0xB3A2, 0xB3A2, 0xB3B3, 0x81A1, 0xB3B3, 0xB3A2, 0xB3B3, 0x9FA1,
    0xA2B3, 0xB3B3, 0xA2B3, 0x93A1, 0xB3B3, 0xA1B3, 0x99B3, 0x9345, 0xA2B3, 0xA1B3, 0x4599, 0x9F80,
    0xB3A2, 0xA2A2, 0x8099, 0x8881, 0xA2A2, 0xA2A2, 0x8F99, 0x828F, 0xB3A2, 0xB3A2, 0x8299, 0x8280,
    0xA2A2, 0xA2A2, 0xB299, 0xB2A0, 0xA2A1, 0xA2A1, 0x7E99, 0x7E7E, 0xA1A2, 0xA1A2, 0x5C99, 0x7E95,
    0xA1A1, 0xA1A1, 0x5B99, 0x5B5C, 0xA1A2, 0xA1A2, 0x5F99, 0x4244, 0xA1A1, 0xA1A1, 0x7E99, 0x7E7E,
    },
    {
    0x982A, 0x5B95, 0x9999, 0x9A9A, 0xA444, 0x4071, 0x5067, 0x9999, 0xA574, 0xA612, 0xA621, 0x12A5,
    0xACAB, 0x1EAD, 0x3A73, 0x1273, 0x3A51, 0x12A4, 0x7451, 0xA4AC, 0x2121, 0x121E, 0x511E, 0xB073,
    0x2121, 0x1251, 0x73A4, 0x9921, 0x2173, 0x1E21, 0x3AAD, 0x991E, 0xA79A, 0x99A7, 0x5C5C, 0x5C5C,
    0xA799, 0x9AA7, 0x5C5C, 0x5C5C, 0xA799, 0x99A7, 0x5C5C, 0x5C5C, 0xA799, 0x99A7, 0x5C5C, 0x5C5C,
    0xA799, 0x99A7, 0x5C5C, 0x5C5C, 0xA799, 0x99A7, 0x5C5C, 0x5C5C, 0xA7A7, 0x99A7, 0x5C5C, 0x5C5C,
    0xA7A7, 0x99A7, 0x5C99, 0x5C5C, 0x5C5C, 0x0101, 0x0101, 0x0101, 0x5C5C, 0x0101, 0x0101, 0x0101,
    0x5C5C, 0x8401, 0x5C5C, 0x5C5C, 0x5C5C, 0x5C5C, 0x5C5C, 0x5C5C, 0x5C5C, 0x5C5C, 0x5C5C, 0x5C5C,
    0x5C5C, 0x5C5C, 0x015C, 0x0101, 0x5C5C, 0x8484, 0x0101, 0x8401, 0x5C5C, 0x5C5C, 0x5C5C, 0x9999,
    0x0101, 0x9901, 0x9A9A, 0x9A9A, 0x0101, 0x8401, 0x9A99, 0x9A9A, 0x0184, 0x0101, 0x9A99, 0x999A,
    0x015C, 0x0101, 0x9999, 0x9999, 0x015C, 0x0101, 0x8401, 0x995C, 0x0101, 0x0101, 0x5C01, 0x995C,
    0x8484, 0x0101, 0x5C5C, 0x995C, 0x9999, 0x9999, 0x9B99, 0x999B, 0x9A9A, 0x9A9A, 0x9999, 0x6B99,
    0x9A9A, 0x9999, 0xA799, 0x9CA8, 0x9999, 0xA799, 0xA7A7, 0x6BA8, 0xA7A7, 0xA7A7, 0xA7A7, 0x81A8,
    0xA7A7, 0xA7A7, 0xA7A7, 0x71A8, 0xA799, 0xA7A7, 0xB1A7, 0xA8B1, 0xA799, 0xA7A7, 0xB1B1, 0xA8B1,
    0x995C, 0xB1A7, 0xB1B1, 0xA8B1, 0x9C9D, 0x9C9C, 0x9C9D, 0x9C9C, 0x6B89, 0x9D6B, 0x6B6B, 0x9C6B,
    0x9C77, 0x6B9D, 0x776B, 0x6B6B, 0x8778, 0x6C28, 0x8476, 0x9CA3, 0xAF8F, 0xAD12, 0x6B79, 0x6BA3,
    0xB271, 0xA57E, 0x7E12, 0x6B78, 0x7E73, 0x717E, 0x98B0, 0xB295, 0x9873, 0x6767, 0xB028, 0x6728,
    0x6B84, 0x9E6B, 0x9C6B, 0x9994, 0x84A3, 0x849C, 0x8484, 0x9973, 0x1616, 0xA384, 0x7884, 0x9A99,
    0x849C, 0x789C, 0x739C, 0x9A9A, 0x6B9D, 0x9C9C, 0x99A3, 0x9A9A, 0x6B89, 0x6C89, 0x996B, 0x9A9A,
    0x9C78, 0x9494, 0x9A73, 0x9A9A, 0x7EAF, 0x5D82, 0x9A9A, 0x9A9A, 0x9A9A, 0x999A, 0x5C5C, 0x0101,
    0x9A9A, 0x999A, 0x5C5C, 0x0101, 0x9A9A, 0x999A, 0x5C5C, 0x0101, 0x9A9A, 0x9A9A, 0x5C99, 0x0101,
    0x9A9A, 0x9A9A, 0x5C99, 0x0184, 0x9A9A, 0x9A9A, 0x5C99, 0x845C, 0x9A9A, 0x9999, 0x5C99, 0x5C5C,
    0x999A, 0x99A7, 0x5C99, 0x5C5C, 0x9310, 0x9F81, 0x8080, 0x808F, 0x8116, 0x9F80, 0x809F, 0x809F,
    0x739A, 0x9F80, 0x819F, 0x8080, 0x9A9B, 0x9373, 0x9F93, 0x80AE, 0x9B9B, 0x169A, 0x9393, 0xAE93,
    0x9B9B, 0xAE9B, 0x1616, 0xAE93, 0x9B9B, 0x9A9B, 0x16AE, 0x9310, 0x9B9B, 0x9B9B, 0x1616, 0x9316,
    0x0101, 0x8401, 0x9A9A, 0x9A9A, 0x0101, 0x9901, 0x9A9A, 0x9A9A, 0x0101, 0x9901, 0x9A9A, 0x9A9A,
    0x0101, 0x9901, 0x9A9A, 0x9A9A, 0x0101, 0x9901, 0x9A9A, 0x9A9A, 0x0101, 0x9901, 0x9A9A, 0x9A9A,
    0x0101, 0x9901, 0x9A9A, 0x9A9A, 0x0101, 0x9901, 0x9A9A, 0x9A9A, 0x9B9A, 0x9B9B, 0x1673, 0x9416,
    0x9B9A, 0x9B9B, 0x739A, 0x16A3, 0x9B9B, 0x9B9B, 0x9A9B, 0x8416, 0x9B9B, 0x9A9A, 0x9A9B, 0x84A3,
    0x9A9A, 0x9A9A, 0x9B9B, 0x849A, 0x9A9A, 0x9B9B, 0x9B9B, 0x9C9B, 0x9B9A, 0x9B9B, 0x9B9B, 0x9C9B,
    0x9B9B, 0x9B9B, 0x9B9A, 0x999B, 0x9410, 0x9493, 0x9393, 0x9310, 0x9416, 0x9416, 0x9316, 0x9394,
    0x8416, 0x9494, 0x1694, 0x1694, 0x8484, 0x1684, 0x16A3, 0x1684, 0x8484, 0x8484, 0x8494, 0x8484,
    0x849C, 0xA39C, 0x8484, 0x8484, 0x9C9C, 0x9C6C, 0x8484, 0x9C6C, 0x9C6B, 0x849C, 0x849C, 0x9C9C,
    0x5B42, 0x5C5B, 0xA095, 0x995E, 0x1616, 0x1616, 0xA3A3, 0x999C, 0x8416, 0x9484, 0x9C84, 0x739C,
    0x849C, 0x16A3, 0xA3A3, 0x9CA3, 0x6BA3, 0xA39C, 0xAE93, 0x1693, 0xAEA3, 0x16A3, 0x1684, 0x9316,
    0x1616, 0x16AE, 0x9393, 0x9493, 0xAE16, 0x9494, 0x1616, 0x9316, 0x99A1, 0xA1A1, 0xA2A1, 0xA1A1,
    0x8473, 0xA199, 0xA1A1, 0xA1A1, 0x8494, 0xA199, 0xA1A1, 0x9999, 0x94A3, 0x9973, 0x99A1, 0x7377,
    0x9493, 0x7393, 0x1699, 0x8416, 0x9494, 0x9316, 0x9316, 0xAE16, 0x1610, 0x1693, 0x1693, 0x1616,
    0x1616, 0x1616, 0x1616, 0x16A3, 0xA2A1, 0xA1A1, 0xA2A1, 0xA1A1, 0xA1A1, 0x99A1, 0xA1A1, 0xA1A1,
    0xA1A1, 0x99A1, 0xA1A1, 0xA1A1, 0xA199, 0xA799, 0xA199, 0x9999, 0x9973, 0xA7A7, 0x99A7, 0xA7A7,
    0x9916, 0xA7A7, 0xA7A7, 0xA7A7, 0x9916, 0x9999, 0x9999, 0x9999, 0x9973, 0x9A9A, 0x9A9A, 0x9B9A,
    0xA2A1, 0x99A1, 0xA2A1, 0xA199, 0xA1A1, 0x9999, 0x99A1, 0xA1A1, 0x9999, 0x9F73, 0x9999, 0xA1A1,
    0x7399, 0x9C9C, 0x9977, 0x99A1, 0x7799, 0x6B9E, 0x73A3, 0x9399, 0x1699, 0x8116, 0x9F9F, 0x809F,
    0xAE99, 0xAE81, 0x93AE, 0x9F9F, 0x999B, 0x9373, 0x9FAE, 0x9F93, 0xA2A1, 0xA199, 0x99A1, 0x9F9F,
    0x99A1, 0xA199, 0x9F99, 0x809F, 0x7799, 0x9977, 0x9C73, 0x9CA3, 0x6B77, 0x8478, 0xAEA3, 0x8193,
    0x8080, 0x8088, 0x9FB5, 0x9F81, 0xB580, 0xB59F, 0x8FB5, 0x9F9F, 0x8080, 0x80B5, 0x808F, 0x8088,
    0x809F, 0xB580, 0x809F, 0x8880, 0x9494, 0x8493, 0x456C, 0xA299, 0x8393, 0x9393, 0x8194, 0xB399,
    0x88A0, 0x8088, 0x998F, 0xA299, 0x7E5C, 0x7E7E, 0x998F, 0xA2A1, 0x5B8A, 0x5C5B, 0x9995, 0xA1A1,
    0x2C2C, 0x4C4C, 0xA199, 0xA1A1, 0x351C, 0x351C, 0xA199, 0x9935, 0x352F, 0x3535, 0x9951, 0x9935,
    0xA1A2, 0xA2A2, 0xA2A2, 0xA2A2, 0xA1A2, 0xB3A2, 0xB3A2, 0xB3A2, 0xA1A2, 0xA2A2, 0xA2A2, 0xA2A2,
    0xA1A1, 0xA2A1, 0xA2A1, 0xA2A1, 0xA1A1, 0xA1A2, 0xA1A2, 0xA1A2, 0xA1A1, 0xA1A1, 0xA1A1, 0xA1A1,
    0xA1A1, 0xA1A2, 0xA1A2, 0xA1A2, 0xA1A1, 0xA1A1, 0xA1A1, 0xA1A1, 0x7676, 0x8977, 0x6B9D, 0x7777,
    0x7676, 0x8977, 0x7789, 0x7776, 0x7676, 0x776B, 0x7789, 0x7777, 0x7776, 0x6B89, 0x7777, 0x7777,
    0x8989, 0x776B, 0x7677, 0xA177, 0x8977, 0x9E77, 0x7777, 0xA2A1, 0x7789, 0x7789, 0xA16B, 0xB3A2,
    0x8989, 0x8977, 0xA145, 0xB3B3, 0x896B, 0x7789, 0xA2A1, 0xB3B3, 0x8977, 0x8977, 0xB3A1, 0xB3B3,
    0x7789, 0x7789, 0xB399, 0xB3B3, 0x7777, 0x7777, 0xA299, 0xB3B3, 0x896B, 0x7689, 0x9945, 0xA2B3,
    0x8989, 0x7776, 0x9977, 0xB3B3, 0x779D, 0x6B77, 0x999D, 0xA2B3, 0x6B84, 0x9C6B, 0x999C, 0xB3A2,
    0xB3B3, 0xA2B3, 0x81A1, 0x9380, 0xB383, 0xB3B3, 0x45A2, 0x9393, 0x8389, 0xB3B3, 0xA2B3, 0x8145,
    0x8989, 0xB3B3, 0xB3B3, 0x9FA1, 0x8983, 0xB3B3, 0xB3B3, 0x93A1, 0xB3B3, 0xB3B3, 0xB3B3, 0x83A1,
    0xB3B3, 0xB3B3, 0xB3B3, 0x7FA1, 0xB3B3, 0xB3B3, 0xB3B3, 0x88A1, 0xB3B3, 0xB3B3, 0xB3B3, 0x7FA1,
    0xB3B3, 0xB3A2, 0xB3B3, 0x83A1, 0xB3A2, 0xB3A1, 0xB3B3, 0x81A1, 0xB3B3, 0xB3A1, 0xB3B3, 0x9FA1,
    0xA2B3, 0xB3A1, 0xA1B3, 0x93A1, 0xB3B3, 0xA1B3, 0x99B3, 0x9345, 0xA2B3, 0xA1B3, 0x4599, 0x9F80,
    0xB3A2, 0xA2A2, 0x8099, 0x8881, 0xA2A2, 0xA2A2, 0x8F99, 0x828F, 0xB3A2, 0xB3A2, 0x8299, 0x8280,
    0xA2A2, 0xA2A2, 0xB299, 0xB2A0, 0xA2A1, 0xA2A1, 0x99A1, 0x7E7E, 0xA1A2, 0xA1A2, 0x99A1, 0x7E95,
    0xA1A1, 0xA1A1, 0x99A1, 0x5B5C, 0xA1A2, 0xA1A2, 0x99A1, 0x4244, 0xA1A1, 0xA199, 0x99A1, 0x7E7E,
    },
};

const u16 gb_title_prompt_tiles[GB_TITLE_PROMPT_LENGTH] = {
    0x006C, 0x006E, 0x0061, 0x006F, 0x006F, 0x0000, 0x006F, 0x0070, 0x005D, 0x006E, 0x0070, 0x004A, 0x004A, 0x004A,
};

const u16 gb_title_blank_tiles[GB_TITLE_PROMPT_LENGTH] = {
    0x0000, 0x0000, 0x0000, 0x0000, 0x0000, 0x0000, 0x0000, 0x0000, 0x0000, 0x0000, 0x0000, 0x0000, 0x0000, 0x0000,
};
